/*--------------------------------*- C++ -*----------------------------------*\
| =========                 |                                                 |
| \\      /  F ield         | OpenFOAM: The Open Source CFD Toolbox           |
|  \\    /   O peration     | Version:  2406                                  |
|   \\  /    A nd           | Website:  www.openfoam.com                      |
|    \\/     M anipulation  |                                                 |
\*---------------------------------------------------------------------------*/
FoamFile
{
    version     2.0;
    format      ascii;
    arch        "LSB;label=32;scalar=64";
    class       volVectorField;
    location    "320";
    object      U;
}
// * * * * * * * * * * * * * * * * * * * * * * * * * * * * * * * * * * * * * //

dimensions      [0 1 -1 0 0 0 0];

internalField   nonuniform List<vector> 
5432
(
(0.0003503067 3.422458e-08 2.213111e-07)
(0.0003500559 3.258475e-08 2.073126e-07)
(0.0003498175 3.105156e-08 1.943885e-07)
(0.0003495906 2.961316e-08 1.824491e-07)
(0.0003493746 2.824884e-08 1.714003e-07)
(0.0003491687 2.696671e-08 1.611763e-07)
(0.0003489725 2.569887e-08 1.516826e-07)
(0.0008718253 6.619709e-07 4.015957e-07)
(0.0008711303 6.282248e-07 3.750458e-07)
(0.0008704702 5.967352e-07 3.505815e-07)
(0.0008698426 5.673021e-07 3.280218e-07)
(0.0008692455 5.397236e-07 3.071864e-07)
(0.000868677 5.138629e-07 2.879357e-07)
(0.0008681354 4.894457e-07 2.700761e-07)
(0.001257635 1.830948e-06 4.915684e-07)
(0.001256553 1.736789e-06 4.580172e-07)
(0.001255526 1.648936e-06 4.271245e-07)
(0.00125455 1.566843e-06 3.986611e-07)
(0.001253622 1.489993e-06 3.724001e-07)
(0.001252738 1.417968e-06 3.481665e-07)
(0.001251896 1.350214e-06 3.256955e-07)
(0.001541812 3.420212e-06 5.397835e-07)
(0.001540435 3.244289e-06 5.024567e-07)
(0.001539127 3.080058e-06 4.680565e-07)
(0.001537883 2.926526e-06 4.363383e-07)
(0.001536699 2.78278e-06 4.070572e-07)
(0.001535571 2.648027e-06 3.800272e-07)
(0.001534497 2.521411e-06 3.549369e-07)
(0.001749644 5.297067e-06 5.52513e-07)
(0.001748114 5.026943e-06 5.146151e-07)
(0.001746657 4.774439e-06 4.795986e-07)
(0.001745269 4.538107e-06 4.472355e-07)
(0.001743947 4.316628e-06 4.172939e-07)
(0.001742685 4.108816e-06 3.89601e-07)
(0.001741482 3.913535e-06 3.638395e-07)
(0.001899641 7.24757e-06 5.261048e-07)
(0.001898142 6.884524e-06 4.910395e-07)
(0.00189671 6.544466e-06 4.58506e-07)
(0.001895342 6.225583e-06 4.283197e-07)
(0.001894034 5.926232e-06 4.002888e-07)
(0.001892783 5.644896e-06 3.74273e-07)
(0.001891587 5.380239e-06 3.499933e-07)
(0.002005569 9.02807e-06 4.627653e-07)
(0.002004298 8.587735e-06 4.334109e-07)
(0.002003078 8.174189e-06 4.060208e-07)
(0.002001905 7.785426e-06 3.804672e-07)
(0.002000779 7.419629e-06 3.566166e-07)
(0.001999698 7.075083e-06 3.343706e-07)
(0.001998658 6.750367e-06 3.135278e-07)
(0.002078922 1.092221e-05 3.965952e-07)
(0.002078024 1.04014e-05 3.732116e-07)
(0.002077152 9.911171e-06 3.512259e-07)
(0.002076307 9.449358e-06 3.305589e-07)
(0.002075487 9.01395e-06 3.111398e-07)
(0.002074693 8.603126e-06 2.928946e-07)
(0.002073923 8.215138e-06 2.757634e-07)
(0.002073178 7.848599e-06 2.596455e-07)
(0.002125816 1.172729e-05 2.878567e-07)
(0.002125459 1.11908e-05 2.727226e-07)
(0.002125099 1.06841e-05 2.583425e-07)
(0.002124739 1.020519e-05 2.446898e-07)
(0.002124379 9.752237e-06 2.317361e-07)
(0.002124021 9.323561e-06 2.194593e-07)
(0.002123666 8.917528e-06 2.078256e-07)
(0.002123315 8.53288e-06 1.968401e-07)
(0.002154526 1.1823e-05 1.83999e-07)
(0.002154748 1.130588e-05 1.760423e-07)
(0.002154941 1.081582e-05 1.683534e-07)
(0.002155109 1.035112e-05 1.609352e-07)
(0.002155255 9.910201e-06 1.537869e-07)
(0.002155379 9.491627e-06 1.469216e-07)
(0.002155486 9.093971e-06 1.403208e-07)
(0.002155575 8.71616e-06 1.3408e-07)
(0.002170683 1.12152e-05 9.598684e-08)
(0.002171453 1.074655e-05 9.349235e-08)
(0.002172174 1.030102e-05 9.09559e-08)
(0.002172851 9.87726e-06 8.839298e-08)
(0.002173486 9.473972e-06 8.581582e-08)
(0.002174081 9.089988e-06 8.325685e-08)
(0.002174641 8.724142e-06 8.07019e-08)
(0.002175166 8.375557e-06 7.831535e-08)
(0.002178706 9.982521e-06 2.863073e-08)
(0.002179946 9.583151e-06 2.980758e-08)
(0.002181123 9.202453e-06 3.078222e-08)
(0.002182242 8.839371e-06 3.157179e-08)
(0.002183305 8.492912e-06 3.219101e-08)
(0.002184316 8.162164e-06 3.268033e-08)
(0.002185279 7.846223e-06 3.30225e-08)
(0.002186194 7.544398e-06 3.342742e-08)
(0.002180221 8.577273e-06 -2.198471e-08)
(0.002181902 8.244911e-06 -1.836214e-08)
(0.002183509 7.927556e-06 -1.500941e-08)
(0.002185046 7.624375e-06 -1.191711e-08)
(0.002186516 7.334588e-06 -9.071029e-09)
(0.002187922 7.057462e-06 -6.46008e-09)
(0.002189268 6.792322e-06 -4.043082e-09)
(0.002190557 6.5385e-06 -1.843347e-09)
(0.002191791 6.295478e-06 3.750917e-10)
(0.002180655 6.373302e-06 -5.301412e-08)
(0.002182602 6.13402e-06 -4.826677e-08)
(0.002184471 5.90518e-06 -4.378812e-08)
(0.002186265 5.686207e-06 -3.957296e-08)
(0.002187989 5.476566e-06 -3.561236e-08)
(0.002189645 5.275754e-06 -3.189997e-08)
(0.002191237 5.083307e-06 -2.839704e-08)
(0.002192767 4.898768e-06 -2.513304e-08)
(0.002194237 4.721774e-06 -2.18597e-08)
(0.002180219 3.917712e-06 -7.045648e-08)
(0.002182332 3.773836e-06 -6.523511e-08)
(0.002184366 3.636099e-06 -6.026073e-08)
(0.002186324 3.504164e-06 -5.553325e-08)
(0.002188209 3.377719e-06 -5.104927e-08)
(0.002190025 3.256469e-06 -4.68063e-08)
(0.002191775 3.14014e-06 -4.276838e-08)
(0.00219346 3.028467e-06 -3.896928e-08)
(0.002195085 2.921233e-06 -3.515626e-08)
(0.0021798 1.321007e-06 -7.814272e-08)
(0.002181992 1.273039e-06 -7.27668e-08)
(0.002184104 1.227096e-06 -6.762206e-08)
(0.002186141 1.183065e-06 -6.271021e-08)
(0.002188104 1.140848e-06 -5.802895e-08)
(0.002189997 1.100347e-06 -5.358049e-08)
(0.002191823 1.061469e-06 -4.933279e-08)
(0.002193585 1.024124e-06 -4.532156e-08)
(0.002195284 9.882434e-07 -4.129154e-08)
(0.0003604817 4.149078e-08 2.0421e-07)
(0.0003602216 3.940245e-08 1.912525e-07)
(0.0003599743 3.74548e-08 1.792854e-07)
(0.0003597389 3.563269e-08 1.682321e-07)
(0.0003595148 3.391257e-08 1.58e-07)
(0.0003593012 3.230007e-08 1.485342e-07)
(0.0003590977 3.072201e-08 1.397426e-07)
(0.0009011146 7.401555e-07 3.725913e-07)
(0.0009003903 7.016419e-07 3.479112e-07)
(0.0008997023 6.657435e-07 3.251649e-07)
(0.0008990481 6.322294e-07 3.041892e-07)
(0.0008984257 6.008694e-07 2.848121e-07)
(0.000897833 5.715015e-07 2.669082e-07)
(0.0008972685 5.438202e-07 2.502954e-07)
(0.001303222 2.025523e-06 4.571998e-07)
(0.001302092 1.919513e-06 4.259288e-07)
(0.001301018 1.820696e-06 3.971327e-07)
(0.001299997 1.72845e-06 3.706015e-07)
(0.001299027 1.642191e-06 3.461202e-07)
(0.001298102 1.561439e-06 3.235283e-07)
(0.001297222 1.485574e-06 3.02581e-07)
(0.001600445 3.765286e-06 5.035396e-07)
(0.001599002 3.568445e-06 4.686283e-07)
(0.001597632 3.384841e-06 4.364545e-07)
(0.001596328 3.213354e-06 4.06792e-07)
(0.001595087 3.052954e-06 3.794087e-07)
(0.001593905 2.902743e-06 3.541312e-07)
(0.001592779 2.761761e-06 3.306741e-07)
(0.001818268 5.814468e-06 5.165491e-07)
(0.001816664 5.513353e-06 4.80996e-07)
(0.001815136 5.232098e-06 4.4815e-07)
(0.001813681 4.969077e-06 4.177985e-07)
(0.001812293 4.722806e-06 3.89721e-07)
(0.00181097 4.49195e-06 3.637552e-07)
(0.001809707 4.275234e-06 3.396112e-07)
(0.001975634 7.939935e-06 4.92946e-07)
(0.001974064 7.536261e-06 4.599491e-07)
(0.001972563 7.158417e-06 4.293411e-07)
(0.00197113 6.804376e-06 4.009489e-07)
(0.001969759 6.472297e-06 3.745893e-07)
(0.001968448 6.160477e-06 3.501293e-07)
(0.001967193 5.867419e-06 3.273152e-07)
(0.002088156 1.039633e-05 4.641962e-07)
(0.002086777 9.875203e-06 4.344848e-07)
(0.002085452 9.386556e-06 4.067769e-07)
(0.002084179 8.927943e-06 3.809308e-07)
(0.002082955 8.497128e-06 3.568263e-07)
(0.00208178 8.092078e-06 3.343348e-07)
(0.00208065 7.710876e-06 3.133625e-07)
(0.002079564 7.35193e-06 2.937266e-07)
(0.002163664 1.19392e-05 3.733286e-07)
(0.00216274 1.136189e-05 3.511612e-07)
(0.002161843 1.081879e-05 3.303317e-07)
(0.002160972 1.030748e-05 3.107611e-07)
(0.002160126 9.825744e-06 2.923816e-07)
(0.002159306 9.371541e-06 2.751206e-07)
(0.00215851 8.942923e-06 2.589201e-07)
(0.00215774 8.538337e-06 2.436897e-07)
(0.002212729 1.280242e-05 2.716673e-07)
(0.002212384 1.220862e-05 2.572377e-07)
(0.002212035 1.164808e-05 2.435402e-07)
(0.002211683 1.111862e-05 2.305477e-07)
(0.00221133 1.061818e-05 2.182298e-07)
(0.002210977 1.014489e-05 2.065647e-07)
(0.002210625 9.696947e-06 1.955172e-07)
(0.002210275 9.272932e-06 1.850949e-07)
(0.002242668 1.289099e-05 1.742926e-07)
(0.002242943 1.231938e-05 1.666137e-07)
(0.002243185 1.177795e-05 1.592095e-07)
(0.002243398 1.126485e-05 1.520803e-07)
(0.002243584 1.077832e-05 1.452223e-07)
(0.002243747 1.031676e-05 1.386459e-07)
(0.002243888 9.878583e-06 1.323313e-07)
(0.002244009 9.462601e-06 1.263667e-07)
(0.002259423 1.22144e-05 9.159137e-08)
(0.002260282 1.169695e-05 8.906108e-08)
(0.002261088 1.120527e-05 8.651372e-08)
(0.002261843 1.073788e-05 8.396139e-08)
(0.002262552 1.029335e-05 8.141267e-08)
(0.002263216 9.870387e-06 7.889532e-08)
(0.002263841 9.467693e-06 7.639496e-08)
(0.002264427 9.084293e-06 7.405999e-08)
(0.002267656 1.086099e-05 2.818751e-08)
(0.002269015 1.042042e-05 2.912402e-08)
(0.002270306 1.000067e-05 2.989284e-08)
(0.002271532 9.600564e-06 3.0507e-08)
(0.002272697 9.219015e-06 3.097784e-08)
(0.002273805 8.855015e-06 3.133962e-08)
(0.002274858 8.507561e-06 3.157647e-08)
(0.00227586 8.175885e-06 3.187554e-08)
(0.002269024 9.329483e-06 -1.933783e-08)
(0.002270855 8.96293e-06 -1.6117e-08)
(0.002272605 8.613078e-06 -1.312194e-08)
(0.002274277 8.279019e-06 -1.034887e-08)
(0.002275876 7.959901e-06 -7.788537e-09)
(0.002277406 7.654917e-06 -5.432417e-09)
(0.002278869 7.363323e-06 -3.246221e-09)
(0.00228027 7.084379e-06 -1.250677e-09)
(0.00228161 6.817509e-06 7.631764e-10)
(0.002269362 6.927647e-06 -4.863585e-08)
(0.002271474 6.663872e-06 -4.434782e-08)
(0.002273501 6.411716e-06 -4.028511e-08)
(0.002275447 6.170556e-06 -3.644753e-08)
(0.002277315 5.939808e-06 -3.283034e-08)
(0.00227911 5.718918e-06 -2.94293e-08)
(0.002280833 5.507375e-06 -2.621314e-08)
(0.002282489 5.304674e-06 -2.320764e-08)
(0.00228408 5.110412e-06 -2.019435e-08)
(0.002268828 4.256561e-06 -6.512342e-08)
(0.002271116 4.098002e-06 -6.038541e-08)
(0.002273318 3.946275e-06 -5.585102e-08)
(0.002275436 3.801015e-06 -5.152598e-08)
(0.002277475 3.661881e-06 -4.741079e-08)
(0.002279439 3.528549e-06 -4.350503e-08)
(0.00228133 3.400718e-06 -3.978023e-08)
(0.002283151 3.278093e-06 -3.626565e-08)
(0.002284905 3.160436e-06 -3.273987e-08)
(0.002268351 1.434935e-06 -7.239473e-08)
(0.002270723 1.382079e-06 -6.75086e-08)
(0.002273007 1.331477e-06 -6.281157e-08)
(0.002275208 1.283007e-06 -5.831062e-08)
(0.00227733 1.236559e-06 -5.40067e-08)
(0.002279375 1.192028e-06 -4.990457e-08)
(0.002281347 1.149312e-06 -4.59799e-08)
(0.002283249 1.108311e-06 -4.226334e-08)
(0.002285082 1.068949e-06 -3.853121e-08)
(0.002268351 -1.434841e-06 -7.239748e-08)
(0.002270723 -1.381986e-06 -6.751144e-08)
(0.002273007 -1.331384e-06 -6.281356e-08)
(0.002275208 -1.282916e-06 -5.83119e-08)
(0.002268828 -4.25646e-06 -6.513132e-08)
(0.002271116 -4.097893e-06 -6.039363e-08)
(0.002273318 -3.946159e-06 -5.585852e-08)
(0.002275436 -3.800888e-06 -5.153145e-08)
(0.0003687627 4.801174e-08 1.784904e-07)
(0.0003684949 4.551724e-08 1.671401e-07)
(0.0003682403 4.319428e-08 1.566558e-07)
(0.000367998 4.102472e-08 1.469698e-07)
(0.0003677673 3.89826e-08 1.380029e-07)
(0.0003675473 3.707095e-08 1.297044e-07)
(0.0003673378 3.521227e-08 1.219986e-07)
(0.0009250249 8.094979e-07 3.271899e-07)
(0.0009242764 7.667167e-07 3.054904e-07)
(0.0009235653 7.268731e-07 2.854881e-07)
(0.0009228892 6.897084e-07 2.670388e-07)
(0.0009222459 6.549669e-07 2.49993e-07)
(0.0009216333 6.224642e-07 2.342364e-07)
(0.0009210497 5.918673e-07 2.196153e-07)
(0.001340561 2.197787e-06 4.020779e-07)
(0.001339389 2.08119e-06 3.745213e-07)
(0.001338277 1.97258e-06 3.491454e-07)
(0.001337219 1.871271e-06 3.257636e-07)
(0.001336213 1.776615e-06 3.041883e-07)
(0.001335255 1.688078e-06 2.842726e-07)
(0.001334343 1.604982e-06 2.658093e-07)
(0.001648603 4.070676e-06 4.441795e-07)
(0.001647105 3.855156e-06 4.132892e-07)
(0.001645682 3.654258e-06 3.848253e-07)
(0.001644329 3.466748e-06 3.585852e-07)
(0.00164304 3.291493e-06 3.34365e-07)
(0.001641813 3.127498e-06 3.120046e-07)
(0.001640644 2.973713e-06 2.912622e-07)
(0.001874751 6.272213e-06 4.568329e-07)
(0.001873085 5.943437e-06 4.252505e-07)
(0.001871497 5.636525e-06 3.960815e-07)
(0.001869985 5.349693e-06 3.691339e-07)
(0.001868544 5.081314e-06 3.442129e-07)
(0.001867168 4.829915e-06 3.211667e-07)
(0.001865856 4.594102e-06 2.9975e-07)
(0.00203827 8.55231e-06 4.372415e-07)
(0.002036641 8.112384e-06 4.078048e-07)
(0.002035084 7.700831e-06 3.805108e-07)
(0.002033596 7.315433e-06 3.552016e-07)
(0.002032173 6.954174e-06 3.317144e-07)
(0.002030811 6.615185e-06 3.099233e-07)
(0.002029508 6.296826e-06 2.896138e-07)
(0.002155195 1.119148e-05 4.131393e-07)
(0.00215377 1.062416e-05 3.865003e-07)
(0.002152401 1.009242e-05 3.616725e-07)
(0.002151085 9.593625e-06 3.385261e-07)
(0.002149819 9.12532e-06 3.169503e-07)
(0.002148603 8.685287e-06 2.968293e-07)
(0.002147433 8.271426e-06 2.78073e-07)
(0.002146309 7.881996e-06 2.605273e-07)
(0.002233601 1.283825e-05 3.333432e-07)
(0.002232659 1.221058e-05 3.133571e-07)
(0.002231742 1.162035e-05 2.945936e-07)
(0.002230851 1.106494e-05 2.769785e-07)
(0.002229985 1.054192e-05 2.604475e-07)
(0.002229145 1.004908e-05 2.449338e-07)
(0.002228329 9.584284e-06 2.303806e-07)
(0.002227538 9.145832e-06 2.167122e-07)
(0.002284465 1.375213e-05 2.434822e-07)
(0.002284135 1.31073e-05 2.303652e-07)
(0.002283798 1.249883e-05 2.179323e-07)
(0.002283456 1.192434e-05 2.061545e-07)
(0.002283111 1.138162e-05 1.950016e-07)
(0.002282764 1.086863e-05 1.844511e-07)
(0.002282416 1.038339e-05 1.744689e-07)
(0.00228207 9.924357e-06 1.650612e-07)
(0.002315414 1.383358e-05 1.570461e-07)
(0.002315737 1.321349e-05 1.499475e-07)
(0.002316024 1.262637e-05 1.431247e-07)
(0.002316278 1.20702e-05 1.365732e-07)
(0.002316502 1.15431e-05 1.302866e-07)
(0.0023167 1.10433e-05 1.242704e-07)
(0.002316872 1.05691e-05 1.185059e-07)
(0.002317023 1.011919e-05 1.130666e-07)
(0.002332646 1.309549e-05 8.339152e-08)
(0.002333586 1.253466e-05 8.089808e-08)
(0.002334467 1.200196e-05 7.841965e-08)
(0.002335293 1.149579e-05 7.596194e-08)
(0.002336068 1.101461e-05 7.352978e-08)
(0.002336795 1.0557e-05 7.114352e-08)
(0.002337477 1.012157e-05 6.879076e-08)
(0.002338118 9.707247e-06 6.659453e-08)
(0.002341036 1.163495e-05 2.677434e-08)
(0.002342502 1.11578e-05 2.739047e-08)
(0.002343894 1.070335e-05 2.788695e-08)
(0.002345215 1.027037e-05 2.826996e-08)
(0.00234647 9.857654e-06 2.854682e-08)
(0.002347662 9.464126e-06 2.874325e-08)
(0.002348796 9.088695e-06 2.884656e-08)
(0.002349874 8.730524e-06 2.901116e-08)
(0.002342259 9.991932e-06 -1.551098e-08)
(0.002344223 9.595043e-06 -1.287964e-08)
(0.002346098 9.216352e-06 -1.041081e-08)
(0.00234789 8.854887e-06 -8.111037e-09)
(0.002349603 8.509736e-06 -5.977365e-09)
(0.002351241 8.180028e-06 -4.004331e-09)
(0.002352807 7.864957e-06 -2.16653e-09)
(0.002354306 7.563725e-06 -4.803307e-10)
(0.00235574 7.275703e-06 1.225759e-09)
(0.002342504 7.415536e-06 -4.178917e-08)
(0.002344763 7.130043e-06 -3.819357e-08)
(0.002346929 6.857208e-06 -3.476131e-08)
(0.002349007 6.596366e-06 -3.150161e-08)
(0.002351002 6.346893e-06 -2.841471e-08)
(0.002352918 6.108193e-06 -2.549881e-08)
(0.002354757 5.879712e-06 -2.273159e-08)
(0.002356524 5.660905e-06 -2.013361e-08)
(0.002358221 5.451334e-06 -1.752636e-08)
(0.002341882 4.554659e-06 -5.660037e-08)
(0.002344323 4.383085e-06 -5.259667e-08)
(0.002346672 4.218954e-06 -4.873776e-08)
(0.002348931 4.061877e-06 -4.503687e-08)
(0.002351105 3.911491e-06 -4.149891e-08)
(0.002353198 3.767446e-06 -3.812589e-08)
(0.002355212 3.629415e-06 -3.489826e-08)
(0.002357152 3.497083e-06 -3.183917e-08)
(0.002359019 3.370188e-06 -2.876833e-08)
(0.002341353 1.53514e-06 -6.313724e-08)
(0.002343881 1.477952e-06 -5.8998e-08)
(0.002346317 1.42322e-06 -5.499207e-08)
(0.002348662 1.370813e-06 -5.113294e-08)
(0.002350922 1.320615e-06 -4.742377e-08)
(0.0023531 1.272511e-06 -4.38713e-08)
(0.0023552 1.226392e-06 -4.046179e-08)
(0.002357224 1.18215e-06 -3.721922e-08)
(0.002359174 1.139703e-06 -3.39613e-08)
(0.002341353 -1.535046e-06 -6.313584e-08)
(0.002343881 -1.477859e-06 -5.899595e-08)
(0.002346317 -1.423126e-06 -5.498934e-08)
(0.002348662 -1.370721e-06 -5.112823e-08)
(0.002341882 -4.554559e-06 -5.660088e-08)
(0.002344323 -4.382977e-06 -5.259579e-08)
(0.002346672 -4.218838e-06 -4.873704e-08)
(0.002348931 -4.061751e-06 -4.503448e-08)
(0.0003752277 5.355519e-08 1.451368e-07)
(0.000374954 5.07137e-08 1.359005e-07)
(0.0003746936 4.806994e-08 1.273663e-07)
(0.0003744459 4.560353e-08 1.19478e-07)
(0.0003742099 4.328622e-08 1.121738e-07)
(0.000373985 4.111882e-08 1.054093e-07)
(0.0003737707 3.902009e-08 9.912917e-08)
(0.0009437347 8.675704e-07 2.671635e-07)
(0.0009429672 8.211915e-07 2.49443e-07)
(0.0009422379 7.780223e-07 2.331041e-07)
(0.0009415445 7.377811e-07 2.180278e-07)
(0.0009408847 7.001908e-07 2.040943e-07)
(0.0009402563 6.650476e-07 1.912046e-07)
(0.0009396577 6.319963e-07 1.792406e-07)
(0.001369854 2.341808e-06 3.283006e-07)
(0.00136865 2.216299e-06 3.057559e-07)
(0.001367507 2.09945e-06 2.849951e-07)
(0.00136642 1.990516e-06 2.658634e-07)
(0.001365386 1.888798e-06 2.482091e-07)
(0.001364401 1.793716e-06 2.319047e-07)
(0.001363463 1.704543e-06 2.167908e-07)
(0.00168647 4.325972e-06 3.639371e-07)
(0.001684929 4.094733e-06 3.385262e-07)
(0.001683464 3.879284e-06 3.151176e-07)
(0.001682071 3.678296e-06 2.935412e-07)
(0.001680745 3.490548e-06 2.736303e-07)
(0.001679482 3.314966e-06 2.552442e-07)
(0.001678278 3.150421e-06 2.381956e-07)
(0.001919241 6.65479e-06 3.755918e-07)
(0.001917525 6.30274e-06 3.494613e-07)
(0.00191589 5.974244e-06 3.253401e-07)
(0.001914333 5.667386e-06 3.030647e-07)
(0.001912848 5.380416e-06 2.824746e-07)
(0.001911431 5.111749e-06 2.63434e-07)
(0.00191008 4.859889e-06 2.457527e-07)
(0.002087665 9.064077e-06 3.610624e-07)
(0.002085989 8.59365e-06 3.365478e-07)
(0.002084388 8.15374e-06 3.138339e-07)
(0.002082856 7.74197e-06 2.927844e-07)
(0.002081391 7.356176e-06 2.732636e-07)
(0.002079989 6.994349e-06 2.55157e-07)
(0.002078648 6.654729e-06 2.382982e-07)
(0.002208099 1.185611e-05 3.429592e-07)
(0.002206639 1.124992e-05 3.205985e-07)
(0.002205235 1.068194e-05 2.997788e-07)
(0.002203885 1.014935e-05 2.803878e-07)
(0.002202587 9.649517e-06 2.623273e-07)
(0.002201338 9.180074e-06 2.454996e-07)
(0.002200137 8.738766e-06 2.298205e-07)
(0.002198982 8.323722e-06 2.151707e-07)
(0.002288811 1.358942e-05 2.78137e-07)
(0.002287856 1.291941e-05 2.61215e-07)
(0.002286925 1.228956e-05 2.453505e-07)
(0.002286019 1.169707e-05 2.304766e-07)
(0.002285139 1.113936e-05 2.165342e-07)
(0.002284283 1.061404e-05 2.034649e-07)
(0.002283451 1.011884e-05 1.912147e-07)
(0.002282645 9.651944e-06 1.797245e-07)
(0.0023411 1.454521e-05 2.043676e-07)
(0.002340784 1.385749e-05 1.931213e-07)
(0.002340459 1.320874e-05 1.824861e-07)
(0.002340126 1.259643e-05 1.724318e-07)
(0.002339789 1.201819e-05 1.629287e-07)
(0.002339449 1.147185e-05 1.539538e-07)
(0.002339107 1.095528e-05 1.454751e-07)
(0.002338764 1.046685e-05 1.374957e-07)
(0.002372839 1.46202e-05 1.329217e-07)
(0.002373205 1.395941e-05 1.266831e-07)
(0.002373531 1.333392e-05 1.207149e-07)
(0.00237382 1.27416e-05 1.150071e-07)
(0.002374077 1.218042e-05 1.095505e-07)
(0.002374305 1.164853e-05 1.043443e-07)
(0.002374505 1.114409e-05 9.937216e-08)
(0.002374681 1.066571e-05 9.468754e-08)
(0.002390439 1.383029e-05 7.171206e-08)
(0.002391448 1.323306e-05 6.932588e-08)
(0.002392392 1.266595e-05 6.699183e-08)
(0.002393278 1.212723e-05 6.470805e-08)
(0.002394108 1.161529e-05 6.247506e-08)
(0.002394887 1.112862e-05 6.030384e-08)
(0.002395619 1.066573e-05 5.818525e-08)
(0.002396306 1.022547e-05 5.620923e-08)
(0.002398941 1.227997e-05 2.445955e-08)
(0.002400496 1.177215e-05 2.46866e-08)
(0.002401972 1.128862e-05 2.485285e-08)
(0.002403372 1.082805e-05 2.495645e-08)
(0.002404703 1.038921e-05 2.500023e-08)
(0.002405967 9.970921e-06 2.499906e-08)
(0.002407168 9.572035e-06 2.494517e-08)
(0.00240831 9.191656e-06 2.495092e-08)
(0.002402106 1.012154e-05 -8.757381e-09)
(0.002404087 9.71868e-06 -6.96674e-09)
(0.002405979 9.334248e-06 -5.277973e-09)
(0.002407786 8.967276e-06 -3.696518e-09)
(0.002409514 8.616846e-06 -2.220666e-09)
(0.002411167 8.282101e-06 -8.36271e-10)
(0.002412747 7.962192e-06 4.469455e-10)
(0.002414259 7.656448e-06 1.752871e-09)
(0.002400196 7.821814e-06 -3.272258e-08)
(0.002402575 7.518132e-06 -3.002646e-08)
(0.002404857 7.227977e-06 -2.741765e-08)
(0.002407046 6.950648e-06 -2.491495e-08)
(0.002409146 6.685487e-06 -2.252549e-08)
(0.002411163 6.431865e-06 -2.025006e-08)
(0.002413098 6.189195e-06 -1.807749e-08)
(0.002414957 5.956899e-06 -1.60204e-08)
(0.002416742 5.734506e-06 -1.395079e-08)
(0.002399497 4.802806e-06 -4.520258e-08)
(0.002402066 4.620337e-06 -4.215748e-08)
(0.002404536 4.44582e-06 -3.918499e-08)
(0.002406912 4.278847e-06 -3.630634e-08)
(0.002409198 4.119037e-06 -3.353232e-08)
(0.002411398 3.966018e-06 -3.086707e-08)
(0.002413515 3.819446e-06 -2.830215e-08)
(0.002415553 3.678984e-06 -2.585175e-08)
(0.002417515 3.544355e-06 -2.338736e-08)
(0.002398924 1.61854e-06 -5.071549e-08)
(0.002401583 1.557726e-06 -4.755174e-08)
(0.002404143 1.499536e-06 -4.445481e-08)
(0.002406609 1.443833e-06 -4.144391e-08)
(0.002408984 1.390493e-06 -3.852577e-08)
(0.002411272 1.339397e-06 -3.57055e-08)
(0.002413477 1.290428e-06 -3.298358e-08)
(0.002415602 1.243474e-06 -3.037562e-08)
(0.00241765 1.198444e-06 -2.775118e-08)
(0.0003799344 5.793545e-08 1.054965e-07)
(0.0003796563 5.481984e-08 9.879392e-08)
(0.0003793918 5.19225e-08 9.25958e-08)
(0.00037914 4.922138e-08 8.686142e-08)
(0.0003789002 4.668642e-08 8.154842e-08)
(0.0003786717 4.431635e-08 7.662105e-08)
(0.0003784539 4.202713e-08 7.204759e-08)
(0.0009573794 9.123242e-07 1.950545e-07)
(0.0009565978 8.631616e-07 1.821426e-07)
(0.0009558553 8.174193e-07 1.702303e-07)
(0.0009551492 7.74798e-07 1.592298e-07)
(0.0009544772 7.350041e-07 1.490563e-07)
(0.0009538373 6.978185e-07 1.396304e-07)
(0.0009532276 6.628697e-07 1.308754e-07)
(0.00139126 2.452525e-06 2.390061e-07)
(0.001390033 2.320137e-06 2.225576e-07)
(0.001388866 2.196927e-06 2.074102e-07)
(0.001387758 2.082107e-06 1.934479e-07)
(0.001386703 1.974939e-06 1.805617e-07)
(0.001385699 1.874807e-06 1.68649e-07)
(0.001384742 1.780948e-06 1.576066e-07)
(0.001714191 4.522256e-06 2.662548e-07)
(0.001712618 4.278878e-06 2.475469e-07)
(0.001711123 4.052193e-06 2.303225e-07)
(0.0017097 3.840799e-06 2.144505e-07)
(0.001708346 3.643408e-06 1.998094e-07)
(0.001707056 3.458885e-06 1.862832e-07)
(0.001705827 3.286041e-06 1.737492e-07)
(0.001951855 6.948862e-06 2.763237e-07)
(0.001950102 6.578837e-06 2.568917e-07)
(0.001948433 6.233675e-06 2.389719e-07)
(0.001946842 5.911357e-06 2.224357e-07)
(0.001945326 5.610038e-06 2.071636e-07)
(0.001943878 5.328048e-06 1.930411e-07)
(0.001942497 5.06381e-06 1.799427e-07)
(0.00212391 9.457462e-06 2.676973e-07)
(0.002122199 8.963475e-06 2.492535e-07)
(0.002120564 8.501666e-06 2.321882e-07)
(0.002119001 8.069533e-06 2.163906e-07)
(0.002117505 7.664796e-06 2.017584e-07)
(0.002116074 7.285343e-06 1.881921e-07)
(0.002114704 6.929319e-06 1.755814e-07)
(0.00224694 1.236711e-05 2.566934e-07)
(0.002245455 1.173089e-05 2.396301e-07)
(0.002244026 1.113492e-05 2.237732e-07)
(0.002242651 1.057623e-05 2.090301e-07)
(0.002241329 1.005205e-05 1.95319e-07)
(0.002240057 9.559903e-06 1.825639e-07)
(0.002238833 9.097409e-06 1.706894e-07)
(0.002237656 8.662601e-06 1.596159e-07)
(0.002329356 1.416686e-05 2.101053e-07)
(0.002328392 1.346415e-05 1.969961e-07)
(0.002327452 1.28037e-05 1.847374e-07)
(0.002326536 1.218258e-05 1.732709e-07)
(0.002325645 1.159807e-05 1.625443e-07)
(0.002324779 1.104768e-05 1.525099e-07)
(0.002323937 1.052902e-05 1.43118e-07)
(0.002323119 1.004017e-05 1.343276e-07)
(0.002382694 1.515468e-05 1.560252e-07)
(0.00238239 1.443386e-05 1.471258e-07)
(0.002382075 1.375401e-05 1.387428e-07)
(0.002381751 1.31125e-05 1.30845e-07)
(0.002381421 1.250684e-05 1.234041e-07)
(0.002381087 1.193475e-05 1.163968e-07)
(0.002380749 1.139401e-05 1.097942e-07)
(0.002380411 1.088289e-05 1.035945e-07)
(0.00241501 1.522448e-05 1.029731e-07)
(0.002415409 1.453228e-05 9.78362e-08)
(0.002415766 1.387718e-05 9.295788e-08)
(0.002416084 1.325695e-05 8.832244e-08)
(0.002416366 1.266948e-05 8.391743e-08)
(0.002416618 1.211282e-05 7.973549e-08)
(0.00241684 1.158506e-05 7.576307e-08)
(0.002417036 1.108471e-05 7.202907e-08)
(0.002432873 1.439451e-05 5.706656e-08)
(0.002433934 1.37692e-05 5.485299e-08)
(0.002434929 1.317554e-05 5.273164e-08)
(0.00243586 1.261172e-05 5.069296e-08)
(0.002436734 1.207605e-05 4.873253e-08)
(0.002437554 1.156697e-05 4.685055e-08)
(0.002438324 1.10829e-05 4.504226e-08)
(0.002439046 1.062264e-05 4.33576e-08)
(0.002441449 1.277502e-05 2.134877e-08)
(0.002443073 1.224355e-05 2.113473e-08)
(0.002444614 1.173759e-05 2.092643e-08)
(0.002446076 1.125576e-05 2.071408e-08)
(0.002447465 1.079677e-05 2.049546e-08)
(0.002448784 1.035939e-05 2.027275e-08)
(0.002450037 9.942428e-06 2.004481e-08)
(0.002451228 9.544931e-06 1.987342e-08)
(0.002444592 1.052544e-05 -3.927338e-09)
(0.002446653 1.010396e-05 -2.936029e-09)
(0.002448622 9.701826e-06 -1.970193e-09)
(0.002450503 9.318038e-06 -1.042867e-09)
(0.0024523 8.951637e-06 -1.568092e-10)
(0.002454019 8.60173e-06 6.88833e-10)
(0.002455662 8.267429e-06 1.493198e-09)
(0.002457234 7.94803e-06 2.323112e-09)
(0.002445004 7.81575e-06 -2.019914e-08)
(0.002447374 7.512251e-06 -1.857218e-08)
(0.002449648 7.222221e-06 -1.697332e-08)
(0.002451829 6.944974e-06 -1.541806e-08)
(0.002453923 6.679856e-06 -1.391043e-08)
(0.002455932 6.426254e-06 -1.245222e-08)
(0.002457861 6.183565e-06 -1.104544e-08)
(0.002459713 5.951298e-06 -9.622516e-09)
(0.002444439 4.802235e-06 -2.952149e-08)
(0.002447003 4.619719e-06 -2.760864e-08)
(0.002449469 4.445124e-06 -2.571477e-08)
(0.002451841 4.278053e-06 -2.385804e-08)
(0.002454122 4.118123e-06 -2.204449e-08)
(0.002456318 3.964972e-06 -2.027869e-08)
(0.002458431 3.818249e-06 -1.856313e-08)
(0.002460465 3.677664e-06 -1.683109e-08)
(0.002451601 1.444027e-06 -2.769853e-08)
(0.002453973 1.390625e-06 -2.576249e-08)
(0.002456259 1.339461e-06 -2.387105e-08)
(0.002458461 1.290418e-06 -2.203005e-08)
(0.002460584 1.243399e-06 -2.017157e-08)
(0.0003829229 6.102481e-08 6.121547e-08)
(0.0003826419 5.771774e-08 5.73569e-08)
(0.0003823748 5.464305e-08 5.378041e-08)
(0.0003821205 5.177757e-08 5.046323e-08)
(0.0003818783 4.909008e-08 4.738441e-08)
(0.0003816474 4.657731e-08 4.451828e-08)
(0.0003814274 4.415342e-08 4.185985e-08)
(0.0009660547 9.421838e-07 1.140526e-07)
(0.0009652642 8.911631e-07 1.065621e-07)
(0.0009645132 8.437028e-07 9.964039e-08)
(0.000963799 7.994921e-07 9.323507e-08)
(0.0009631194 7.58227e-07 8.730021e-08)
(0.000962472 7.19677e-07 8.177875e-08)
(0.0009618553 6.834617e-07 7.664079e-08)
(0.001404893 2.525999e-06 1.382059e-07)
(0.00140365 2.389038e-06 1.2866e-07)
(0.001402469 2.2616e-06 1.198687e-07)
(0.001401347 2.142868e-06 1.117594e-07)
(0.001400279 2.032079e-06 1.042716e-07)
(0.001399262 1.928592e-06 9.733084e-08)
(0.001398293 1.831622e-06 9.089787e-08)
(0.001731871 4.652555e-06 1.55595e-07)
(0.001730278 4.401103e-06 1.445043e-07)
(0.001728763 4.166946e-06 1.343071e-07)
(0.001727321 3.948634e-06 1.24917e-07)
(0.001725949 3.744832e-06 1.162633e-07)
(0.001724642 3.554365e-06 1.082581e-07)
(0.001723397 3.376008e-06 1.008523e-07)
(0.001972679 7.143967e-06 1.636032e-07)
(0.001970903 6.761987e-06 1.518046e-07)
(0.001969212 6.405741e-06 1.409514e-07)
(0.0019676 6.073144e-06 1.309542e-07)
(0.001966063 5.762287e-06 1.217405e-07)
(0.001964596 5.471442e-06 1.132195e-07)
(0.001963196 5.198981e-06 1.0534e-07)
(0.002147071 9.718494e-06 1.614668e-07)
(0.002145339 9.208828e-06 1.499596e-07)
(0.002143682 8.732446e-06 1.393473e-07)
(0.002142098 8.286765e-06 1.29549e-07)
(0.002140583 7.869431e-06 1.204997e-07)
(0.002139133 7.478258e-06 1.121169e-07)
(0.002137744 7.111331e-06 1.043549e-07)
(0.002271772 1.27063e-05 1.583422e-07)
(0.002270271 1.205009e-05 1.473485e-07)
(0.002268826 1.143548e-05 1.37177e-07)
(0.002267436 1.085941e-05 1.277572e-07)
(0.002266098 1.031903e-05 1.190265e-07)
(0.002264812 9.81177e-06 1.109334e-07)
(0.002263573 9.335183e-06 1.034126e-07)
(0.002262382 8.88723e-06 9.642992e-08)
(0.002355284 1.455021e-05 1.324029e-07)
(0.002354314 1.382572e-05 1.236775e-07)
(0.002353369 1.314488e-05 1.155632e-07)
(0.002352448 1.250469e-05 1.08011e-07)
(0.002351551 1.190235e-05 1.009776e-07)
(0.002350678 1.133527e-05 9.442697e-08)
(0.002349829 1.0801e-05 8.831455e-08)
(0.002349005 1.029754e-05 8.262005e-08)
(0.002409293 1.555931e-05 1.006937e-07)
(0.002408998 1.481643e-05 9.450831e-08)
(0.00240869 1.411587e-05 8.872708e-08)
(0.002408372 1.345491e-05 8.331879e-08)
(0.002408048 1.283099e-05 7.825622e-08)
(0.002407718 1.224176e-05 7.351692e-08)
(0.002407385 1.168493e-05 6.907524e-08)
(0.002407049 1.115871e-05 6.492377e-08)
(0.002441976 1.562564e-05 6.85826e-08)
(0.002442398 1.491251e-05 6.473833e-08)
(0.002442775 1.423769e-05 6.113482e-08)
(0.002443112 1.359887e-05 5.775081e-08)
(0.002443413 1.299389e-05 5.457054e-08)
(0.002443681 1.242074e-05 5.157946e-08)
(0.002443918 1.187745e-05 4.876777e-08)
(0.002444128 1.136248e-05 4.613573e-08)
(0.002460004 1.4769e-05 4.012491e-08)
(0.002461101 1.4125e-05 3.814201e-08)
(0.002462128 1.351365e-05 3.629262e-08)
(0.002463091 1.293312e-05 3.455939e-08)
(0.002463994 1.238165e-05 3.293272e-08)
(0.002464841 1.185764e-05 3.140096e-08)
(0.002465637 1.135947e-05 2.996528e-08)
(0.002466383 1.088591e-05 2.86289e-08)
(0.002468623 1.310353e-05 1.757551e-08)
(0.002470293 1.255632e-05 1.688973e-08)
(0.002471878 1.203543e-05 1.628102e-08)
(0.002473381 1.153945e-05 1.573153e-08)
(0.002474808 1.106704e-05 1.523395e-08)
(0.002476164 1.061695e-05 1.477638e-08)
(0.002477452 1.018795e-05 1.436654e-08)
(0.002478676 9.779067e-06 1.400699e-08)
(0.002471748 1.079341e-05 1.375517e-09)
(0.002473863 1.035953e-05 1.484251e-09)
(0.002475883 9.945615e-06 1.649962e-09)
(0.002477812 9.550634e-06 1.852286e-09)
(0.002479656 9.173603e-06 2.083971e-09)
(0.002481418 8.813604e-06 2.330913e-09)
(0.002483103 8.469727e-06 2.603864e-09)
(0.002484715 8.141244e-06 2.90292e-09)
(0.00247212 8.01316e-06 -9.179938e-09)
(0.002474549 7.700784e-06 -8.644568e-09)
(0.002476879 7.402301e-06 -8.053841e-09)
(0.002479114 7.11701e-06 -7.430368e-09)
(0.002481259 6.844242e-06 -6.781518e-09)
(0.002483317 6.583366e-06 -6.123779e-09)
(0.002485293 6.333763e-06 -5.445357e-09)
(0.00248719 6.094927e-06 -4.749338e-09)
(0.002471518 4.92287e-06 -1.528641e-08)
(0.002474144 4.735032e-06 -1.455493e-08)
(0.002476669 4.555365e-06 -1.376229e-08)
(0.002479098 4.383463e-06 -1.29328e-08)
(0.002481434 4.218934e-06 -1.207467e-08)
(0.002483681 4.061406e-06 -1.120695e-08)
(0.002485845 3.910519e-06 -1.031708e-08)
(0.002487926 3.765973e-06 -9.410587e-09)
(0.002478841 1.479511e-06 -1.545187e-08)
(0.002481269 1.424576e-06 -1.450916e-08)
(0.002483608 1.371952e-06 -1.35532e-08)
(0.002485862 1.321518e-06 -1.257525e-08)
(0.002488034 1.273178e-06 -1.158107e-08)
(0.0003842177 6.276912e-08 1.414306e-08)
(0.0003839356 5.935811e-08 1.331378e-08)
(0.0003836673 5.618672e-08 1.252974e-08)
(0.0003834119 5.323126e-08 1.17875e-08)
(0.0003831687 5.046005e-08 1.108856e-08)
(0.0003829368 4.786788e-08 1.041776e-08)
(0.0003827158 4.53678e-08 9.800702e-09)
(0.0009698203 9.561252e-07 2.787944e-08)
(0.0009690261 9.042444e-07 2.616822e-08)
(0.0009682714 8.559882e-07 2.456665e-08)
(0.0009675537 8.110406e-07 2.306025e-08)
(0.0009668707 7.690932e-07 2.164431e-08)
(0.0009662201 7.299091e-07 2.028481e-08)
(0.0009656003 6.931065e-07 1.900275e-08)
(0.001410823 2.559594e-06 3.059983e-08)
(0.001409573 2.420553e-06 2.843497e-08)
(0.001408386 2.29119e-06 2.64404e-08)
(0.001407258 2.170678e-06 2.459025e-08)
(0.001406184 2.058242e-06 2.287555e-08)
(0.001405162 1.953228e-06 2.125025e-08)
(0.001404188 1.854845e-06 1.974777e-08)
(0.001739577 4.7122e-06 3.72256e-08)
(0.001737975 4.457066e-06 3.429809e-08)
(0.001736451 4.219501e-06 3.163191e-08)
(0.001735002 3.998035e-06 2.918838e-08)
(0.001733622 3.791312e-06 2.695126e-08)
(0.001732308 3.598137e-06 2.486065e-08)
(0.001731055 3.41727e-06 2.295192e-08)
(0.001981769 7.23308e-06 4.285695e-08)
(0.001979984 6.845648e-06 3.925488e-08)
(0.001978283 6.484349e-06 3.598904e-08)
(0.001976661 6.147066e-06 3.301232e-08)
(0.001975115 5.831865e-06 3.030281e-08)
(0.00197364 5.536989e-06 2.779263e-08)
(0.001972232 5.260787e-06 2.551655e-08)
(0.002157191 9.837778e-06 4.751111e-08)
(0.00215545 9.320943e-06 4.346737e-08)
(0.002153785 8.837902e-06 3.979728e-08)
(0.002152192 8.386035e-06 3.645214e-08)
(0.002150668 7.96295e-06 3.340761e-08)
(0.002149209 7.566433e-06 3.059719e-08)
(0.002147813 7.194536e-06 2.805008e-08)
(0.00228263 1.286144e-05 5.267133e-08)
(0.002281122 1.219607e-05 4.822376e-08)
(0.002279671 1.157292e-05 4.418295e-08)
(0.002278274 1.098888e-05 4.050204e-08)
(0.00227693 1.044109e-05 3.713913e-08)
(0.002275637 9.926922e-06 3.406991e-08)
(0.002274393 9.443894e-06 3.123809e-08)
(0.002273196 8.989938e-06 2.866264e-08)
(0.002366624 1.472576e-05 4.878966e-08)
(0.002365653 1.399126e-05 4.48065e-08)
(0.002364706 1.330107e-05 4.117348e-08)
(0.002363782 1.265213e-05 3.78523e-08)
(0.002362883 1.20416e-05 3.480921e-08)
(0.002362008 1.146688e-05 3.202157e-08)
(0.002361157 1.092545e-05 2.944938e-08)
(0.00236033 1.041531e-05 2.709695e-08)
(0.002420928 1.574479e-05 4.10403e-08)
(0.002420637 1.499177e-05 3.780533e-08)
(0.002420333 1.428168e-05 3.485008e-08)
(0.002420019 1.361178e-05 3.214377e-08)
(0.002419698 1.297947e-05 2.966074e-08)
(0.00241937 1.238237e-05 2.737979e-08)
(0.002419039 1.181816e-05 2.527883e-08)
(0.002418705 1.128502e-05 2.334463e-08)
(0.00245377 1.580967e-05 3.139561e-08)
(0.002454203 1.508691e-05 2.897402e-08)
(0.002454591 1.440301e-05 2.677006e-08)
(0.002454937 1.375564e-05 2.475709e-08)
(0.002455246 1.314261e-05 2.291617e-08)
(0.002455522 1.256188e-05 2.122538e-08)
(0.002455766 1.201146e-05 1.967999e-08)
(0.002455982 1.148978e-05 1.824724e-08)
(0.002471868 1.494089e-05 2.168358e-08)
(0.002472981 1.428828e-05 1.998034e-08)
(0.002474025 1.366879e-05 1.845097e-08)
(0.002475002 1.308056e-05 1.707027e-08)
(0.002475919 1.252183e-05 1.582371e-08)
(0.002476779 1.199095e-05 1.468704e-08)
(0.002477586 1.14863e-05 1.366976e-08)
(0.002478344 1.100662e-05 1.272059e-08)
(0.002480504 1.325436e-05 1.329818e-08)
(0.002482196 1.26999e-05 1.213491e-08)
(0.0024838 1.217213e-05 1.112129e-08)
(0.002485323 1.166963e-05 1.023137e-08)
(0.002486768 1.119105e-05 9.45324e-09)
(0.002488141 1.073512e-05 8.759815e-09)
(0.002489445 1.030059e-05 8.170961e-09)
(0.002490684 9.886465e-06 7.619751e-09)
(0.002483619 1.091645e-05 6.871206e-09)
(0.002485759 1.047687e-05 6.059134e-09)
(0.002487802 1.005753e-05 5.388425e-09)
(0.002489754 9.657394e-06 4.831583e-09)
(0.002491619 9.27547e-06 4.377374e-09)
(0.002493402 8.910829e-06 3.995493e-09)
(0.002495106 8.562547e-06 3.712294e-09)
(0.002496736 8.229888e-06 3.449251e-09)
(0.002483971 8.10381e-06 2.4772e-09)
(0.002486428 7.787345e-06 1.865671e-09)
(0.002488784 7.484971e-06 1.394745e-09)
(0.002491044 7.195978e-06 1.035395e-09)
(0.002493212 6.919689e-06 7.773134e-10)
(0.002495293 6.655467e-06 5.879374e-10)
(0.002497291 6.402685e-06 4.973521e-10)
(0.002499208 6.16083e-06 4.190003e-10)
(0.002483353 4.978264e-06 -1.597786e-10)
(0.002486007 4.787976e-06 -6.729492e-10)
(0.00248856 4.605974e-06 -1.042972e-09)
(0.002491014 4.431848e-06 -1.299695e-09)
(0.002493375 4.265203e-06 -1.453175e-09)
(0.002495647 4.105662e-06 -1.538404e-09)
(0.002497833 3.95286e-06 -1.522992e-09)
(0.002499936 3.806494e-06 -1.497918e-09)
(0.002490749 1.495801e-06 -2.391531e-09)
(0.002493203 1.440159e-06 -2.502094e-09)
(0.002495567 1.386863e-06 -2.540576e-09)
(0.002497845 1.33579e-06 -2.478065e-09)
(0.002500039 1.286842e-06 -2.407595e-09)
(0.0003838292 6.323881e-08 -3.386445e-08)
(0.0003835474 5.980831e-08 -3.16062e-08)
(0.0003832795 5.6618e-08 -2.954378e-08)
(0.0003830244 5.364426e-08 -2.766086e-08)
(0.0003827815 5.085562e-08 -2.593332e-08)
(0.0003825499 4.824502e-08 -2.436652e-08)
(0.0003823292 4.572381e-08 -2.289767e-08)
(0.0009687014 9.53745e-07 -5.943393e-08)
(0.0009679084 9.020313e-07 -5.528501e-08)
(0.0009671548 8.539278e-07 -5.149173e-08)
(0.0009664382 8.091201e-07 -4.803e-08)
(0.0009657562 7.673021e-07 -4.486274e-08)
(0.0009651066 7.282346e-07 -4.200243e-08)
(0.0009644877 6.915434e-07 -3.937202e-08)
(0.001409082 2.552116e-06 -7.865874e-08)
(0.001407834 2.413568e-06 -7.332497e-08)
(0.001406649 2.284662e-06 -6.841452e-08)
(0.001405523 2.164572e-06 -6.390545e-08)
(0.001404451 2.052527e-06 -5.975431e-08)
(0.00140343 1.947873e-06 -5.598134e-08)
(0.001402458 1.849833e-06 -5.246966e-08)
(0.001737338 4.699076e-06 -8.303926e-08)
(0.001735738 4.444798e-06 -7.766452e-08)
(0.001734218 4.208027e-06 -7.2672e-08)
(0.001732771 3.987296e-06 -6.805123e-08)
(0.001731393 3.781257e-06 -6.376259e-08)
(0.001730081 3.588716e-06 -5.984159e-08)
(0.001728831 3.408443e-06 -5.615425e-08)
(0.00197915 7.213004e-06 -7.989335e-08)
(0.001977367 6.82684e-06 -7.514926e-08)
(0.001975669 6.466721e-06 -7.069046e-08)
(0.001974051 6.130537e-06 -6.652016e-08)
(0.001972507 5.81636e-06 -6.260821e-08)
(0.001971034 5.522437e-06 -5.900363e-08)
(0.001969629 5.247127e-06 -5.557024e-08)
(0.002154291 9.811017e-06 -6.844729e-08)
(0.002152553 9.295814e-06 -6.487896e-08)
(0.002150891 8.814296e-06 -6.147014e-08)
(0.002149301 8.363852e-06 -5.823605e-08)
(0.00214778 7.942096e-06 -5.515881e-08)
(0.002146324 7.546823e-06 -5.229297e-08)
(0.00214493 7.17609e-06 -4.951968e-08)
(0.002279528 1.282692e-05 -5.500075e-08)
(0.002278023 1.216358e-05 -5.275656e-08)
(0.002276575 1.154233e-05 -5.053225e-08)
(0.002275181 1.096008e-05 -4.835005e-08)
(0.002273839 1.041396e-05 -4.623045e-08)
(0.002272549 9.90135e-06 -4.416921e-08)
(0.002271306 9.419793e-06 -4.221674e-08)
(0.002270111 8.967213e-06 -4.02892e-08)
(0.00236339 1.46872e-05 -3.65318e-08)
(0.002362421 1.395487e-05 -3.565324e-08)
(0.002361476 1.326672e-05 -3.469421e-08)
(0.002360554 1.26197e-05 -3.368167e-08)
(0.002359656 1.201097e-05 -3.263934e-08)
(0.002358782 1.143794e-05 -3.157549e-08)
(0.002357932 1.089811e-05 -3.052732e-08)
(0.002357107 1.038947e-05 -2.945913e-08)
(0.002417612 1.570453e-05 -1.995033e-08)
(0.002417321 1.495367e-05 -2.014556e-08)
(0.002417018 1.424563e-05 -2.019194e-08)
(0.002416704 1.357765e-05 -2.011926e-08)
(0.002416383 1.294716e-05 -1.995125e-08)
(0.002416056 1.235177e-05 -1.970729e-08)
(0.002415725 1.178918e-05 -1.940608e-08)
(0.002415391 1.125756e-05 -1.906558e-08)
(0.002450408 1.577014e-05 -6.743505e-09)
(0.002450839 1.504941e-05 -7.681717e-09)
(0.002451225 1.436743e-05 -8.429854e-09)
(0.002451571 1.372188e-05 -9.019608e-09)
(0.002451879 1.311056e-05 -9.472718e-09)
(0.002452153 1.253146e-05 -9.818422e-09)
(0.002452397 1.198258e-05 -1.005468e-08)
(0.002452612 1.146235e-05 -1.025197e-08)
(0.002468482 1.490425e-05 2.638553e-09)
(0.002469593 1.425344e-05 1.252378e-09)
(0.002470634 1.363566e-05 7.737214e-11)
(0.002471609 1.304905e-05 -9.193301e-10)
(0.002472524 1.249186e-05 -1.756743e-09)
(0.002473381 1.196244e-05 -2.472092e-09)
(0.002474187 1.145918e-05 -3.044165e-09)
(0.002474943 1.098081e-05 -3.588456e-09)
(0.00247711 1.322238e-05 8.700418e-09)
(0.002478798 1.266943e-05 7.079945e-09)
(0.002480399 1.21431e-05 5.679352e-09)
(0.002481918 1.164197e-05 4.464979e-09)
(0.00248336 1.116468e-05 3.420778e-09)
(0.002484729 1.070999e-05 2.503703e-09)
(0.002486031 1.027663e-05 1.750421e-09)
(0.002487267 9.863627e-06 1.011005e-09)
(0.002480224 1.089044e-05 1.225315e-08)
(0.00248236 1.045205e-05 1.053101e-08)
(0.002484399 1.003384e-05 9.032221e-09)
(0.002486346 9.634787e-06 7.722345e-09)
(0.002488207 9.253892e-06 6.587028e-09)
(0.002489986 8.890228e-06 5.578929e-09)
(0.002491687 8.542881e-06 4.745665e-09)
(0.002493313 8.211111e-06 3.914057e-09)
(0.00248058 8.084682e-06 1.41594e-08)
(0.002483032 7.769071e-06 1.24054e-08)
(0.002485383 7.467509e-06 1.087511e-08)
(0.002487637 7.179292e-06 9.533219e-09)
(0.002489801 6.903742e-06 8.367273e-09)
(0.002491877 6.640225e-06 7.327657e-09)
(0.002493871 6.388117e-06 6.468987e-09)
(0.002495784 6.146903e-06 5.60372e-09)
(0.002479965 4.966586e-06 1.507368e-08)
(0.002482614 4.776811e-06 1.331703e-08)
(0.002485161 4.595295e-06 1.178347e-08)
(0.00248761 4.421634e-06 1.043792e-08)
(0.002489966 4.255434e-06 9.269025e-09)
(0.002492233 4.096318e-06 8.224764e-09)
(0.002494414 3.943922e-06 7.363812e-09)
(0.002496513 3.797943e-06 6.491575e-09)
(0.002487347 1.492366e-06 1.080742e-08)
(0.002489795 1.436872e-06 9.638446e-09)
(0.002492154 1.383717e-06 8.597926e-09)
(0.002494427 1.33278e-06 7.741679e-09)
(0.002496616 1.283961e-06 6.870942e-09)
(0.0003817533 6.269797e-08 -8.096429e-08)
(0.0003814735 5.931686e-08 -7.568271e-08)
(0.0003812074 5.617088e-08 -7.083279e-08)
(0.0003809541 5.323709e-08 -6.637849e-08)
(0.0003807129 5.048491e-08 -6.227481e-08)
(0.0003804829 4.790545e-08 -5.851598e-08)
(0.0003802637 4.540563e-08 -5.500049e-08)
(0.0009626893 9.353255e-07 -1.445328e-07)
(0.0009619026 8.847864e-07 -1.346795e-07)
(0.000961155 8.377664e-07 -1.256343e-07)
(0.000960444 7.93959e-07 -1.173352e-07)
(0.0009597673 7.530667e-07 -1.097056e-07)
(0.0009591228 7.148522e-07 -1.02735e-07)
(0.0009585087 6.78958e-07 -9.629033e-08)
(0.001399659 2.503878e-06 -1.847036e-07)
(0.001398423 2.368376e-06 -1.720944e-07)
(0.001397248 2.242284e-06 -1.604846e-07)
(0.001396131 2.124797e-06 -1.498051e-07)
(0.001395068 2.015164e-06 -1.399632e-07)
(0.001394056 1.912741e-06 -1.309518e-07)
(0.001393092 1.816784e-06 -1.225722e-07)
(0.001725146 4.613743e-06 -1.997159e-07)
(0.00172356 4.36482e-06 -1.862849e-07)
(0.001722053 4.133006e-06 -1.738614e-07)
(0.00172062 3.916866e-06 -1.623863e-07)
(0.001719255 3.715084e-06 -1.517673e-07)
(0.001717954 3.526489e-06 -1.420136e-07)
(0.001716715 3.349888e-06 -1.328944e-07)
(0.001964813 7.08454e-06 -1.989226e-07)
(0.001963047 6.706311e-06 -1.860769e-07)
(0.001961365 6.353555e-06 -1.741212e-07)
(0.001959762 6.024205e-06 -1.630151e-07)
(0.001958232 5.716374e-06 -1.526793e-07)
(0.001956773 5.428349e-06 -1.431419e-07)
(0.001955381 5.158524e-06 -1.341672e-07)
(0.002138365 9.639255e-06 -1.809587e-07)
(0.002136643 9.134414e-06 -1.69991e-07)
(0.002134996 8.662536e-06 -1.597029e-07)
(0.00213342 8.221063e-06 -1.500762e-07)
(0.002131913 7.80766e-06 -1.41053e-07)
(0.00213047 7.420168e-06 -1.32674e-07)
(0.002129089 7.056681e-06 -1.24732e-07)
(0.002262465 1.260407e-05 -1.595955e-07)
(0.002260972 1.195387e-05 -1.508309e-07)
(0.002259535 1.134489e-05 -1.425042e-07)
(0.002258152 1.077408e-05 -1.346135e-07)
(0.002256822 1.023864e-05 -1.271574e-07)
(0.002255542 9.736009e-06 -1.201047e-07)
(0.00225431 9.263772e-06 -1.134983e-07)
(0.002253125 8.81989e-06 -1.071896e-07)
(0.002345581 1.443601e-05 -1.19547e-07)
(0.002344617 1.371793e-05 -1.13916e-07)
(0.002343676 1.304313e-05 -1.084707e-07)
(0.002342759 1.240861e-05 -1.032267e-07)
(0.002341866 1.181159e-05 -9.819716e-08)
(0.002340998 1.124953e-05 -9.337662e-08)
(0.002340153 1.071998e-05 -8.879871e-08)
(0.002339333 1.022096e-05 -8.439483e-08)
(0.002399343 1.544006e-05 -7.9426e-08)
(0.002399048 1.470358e-05 -7.663329e-08)
(0.002398741 1.400906e-05 -7.382334e-08)
(0.002398424 1.335378e-05 -7.102444e-08)
(0.002398101 1.273523e-05 -6.825807e-08)
(0.002397772 1.215107e-05 -6.554131e-08)
(0.002397439 1.159903e-05 -6.288987e-08)
(0.002397104 1.107732e-05 -6.032311e-08)
(0.002431885 1.550851e-05 -4.40737e-08)
(0.002432303 1.480139e-05 -4.353446e-08)
(0.002432677 1.413225e-05 -4.283625e-08)
(0.002433011 1.34988e-05 -4.201512e-08)
(0.002433308 1.289891e-05 -4.109554e-08)
(0.002433573 1.233057e-05 -4.011265e-08)
(0.002433808 1.179184e-05 -3.905922e-08)
(0.002434015 1.128118e-05 -3.803847e-08)
(0.002449843 1.466042e-05 -1.615547e-08)
(0.002450932 1.402176e-05 -1.719856e-08)
(0.002451952 1.341546e-05 -1.799835e-08)
(0.002452908 1.283972e-05 -1.859453e-08)
(0.002453804 1.229281e-05 -1.901079e-08)
(0.002454645 1.177311e-05 -1.929527e-08)
(0.002455435 1.127905e-05 -1.941766e-08)
(0.002456176 1.080937e-05 -1.95513e-08)
(0.002458437 1.300875e-05 3.956611e-09)
(0.002460096 1.246601e-05 1.923415e-09)
(0.00246167 1.194937e-05 1.746221e-10)
(0.002463163 1.145743e-05 -1.329755e-09)
(0.00246458 1.098887e-05 -2.610708e-09)
(0.002465927 1.054244e-05 -3.724968e-09)
(0.002467206 1.011693e-05 -4.622579e-09)
(0.002468422 9.711347e-06 -5.529072e-09)
(0.002461561 1.071632e-05 1.723081e-08)
(0.002463662 1.028597e-05 1.465397e-08)
(0.002465668 9.875402e-06 1.237675e-08)
(0.002467585 9.483613e-06 1.035827e-08)
(0.002469417 9.109624e-06 8.580495e-09)
(0.002471167 8.752521e-06 6.981933e-09)
(0.002472841 8.411409e-06 5.627469e-09)
(0.002474442 8.085556e-06 4.257223e-09)
(0.002461941 7.956461e-06 2.528316e-08)
(0.002464355 7.646608e-06 2.244708e-08)
(0.00246667 7.350531e-06 1.991174e-08)
(0.00246889 7.067535e-06 1.763642e-08)
(0.002471021 6.796955e-06 1.560588e-08)
(0.002473066 6.538166e-06 1.37565e-08)
(0.002475029 6.290558e-06 1.216305e-08)
(0.002476914 6.053622e-06 1.054538e-08)
(0.002461349 4.888251e-06 2.966729e-08)
(0.002463959 4.701928e-06 2.672885e-08)
(0.002466467 4.523704e-06 2.408764e-08)
(0.00246888 4.353178e-06 2.170403e-08)
(0.002471201 4.189964e-06 1.956483e-08)
(0.002473434 4.033694e-06 1.760404e-08)
(0.002475584 3.884008e-06 1.590198e-08)
(0.002477652 3.740609e-06 1.416892e-08)
(0.002468628 1.469328e-06 2.350103e-08)
(0.002471041 1.414829e-06 2.131949e-08)
(0.002473365 1.362623e-06 1.932018e-08)
(0.002475604 1.31259e-06 1.758094e-08)
(0.002477762 1.264632e-06 1.580609e-08)
(0.0003487957 2.464041e-08 1.434163e-07)
(0.0003486359 2.376354e-08 1.361748e-07)
(0.0003484824 2.284612e-08 1.293704e-07)
(0.000348335 2.197041e-08 1.229735e-07)
(0.0003481934 2.114089e-08 1.169661e-07)
(0.0003480573 2.034992e-08 1.113163e-07)
(0.0003479265 1.959772e-08 1.060097e-07)
(0.0003478008 1.888025e-08 1.010167e-07)
(0.0003476798 1.819588e-08 9.632575e-08)
(0.0003475635 1.754116e-08 9.191043e-08)
(0.0003474515 1.691577e-08 8.776908e-08)
(0.0008676476 4.679499e-07 2.54526e-07)
(0.0008672076 4.490217e-07 2.409962e-07)
(0.0008667853 4.309018e-07 2.283159e-07)
(0.00086638 4.136249e-07 2.164229e-07)
(0.0008659909 3.971829e-07 2.05278e-07)
(0.0008656172 3.815233e-07 1.948228e-07)
(0.0008652581 3.66604e-07 1.850201e-07)
(0.0008649131 3.523804e-07 1.758204e-07)
(0.0008645814 3.388098e-07 1.671936e-07)
(0.0008642626 3.258513e-07 1.590975e-07)
(0.0008639559 3.134671e-07 1.515231e-07)
(0.001251138 1.290177e-06 3.061804e-07)
(0.001250455 1.237022e-06 2.892635e-07)
(0.001249799 1.186496e-06 2.73412e-07)
(0.00124917 1.13845e-06 2.585533e-07)
(0.001248566 1.092768e-06 2.446473e-07)
(0.001247987 1.049293e-06 2.316219e-07)
(0.00124743 1.00789e-06 2.194259e-07)
(0.001246895 9.684325e-07 2.079991e-07)
(0.001246381 9.307979e-07 1.97299e-07)
(0.001245886 8.948722e-07 1.872743e-07)
(0.001245411 8.605497e-07 1.779101e-07)
(0.001533529 2.408879e-06 3.331587e-07)
(0.001532656 2.308978e-06 3.143292e-07)
(0.001531818 2.214204e-06 2.966802e-07)
(0.001531015 2.124186e-06 2.801284e-07)
(0.001530243 2.038637e-06 2.64642e-07)
(0.001529502 1.957258e-06 2.501437e-07)
(0.00152879 1.879782e-06 2.365751e-07)
(0.001528106 1.805961e-06 2.238709e-07)
(0.001527448 1.735564e-06 2.119815e-07)
(0.001526816 1.668375e-06 2.008497e-07)
(0.001526208 1.604196e-06 1.904552e-07)
(0.001740396 3.739646e-06 3.414518e-07)
(0.001739416 3.584946e-06 3.220993e-07)
(0.001738474 3.438206e-06 3.039374e-07)
(0.00173757 3.298832e-06 2.868777e-07)
(0.001736701 3.166347e-06 2.708998e-07)
(0.001735866 3.040299e-06 2.559295e-07)
(0.001735063 2.920274e-06 2.419085e-07)
(0.00173429 2.805889e-06 2.287733e-07)
(0.001733547 2.696792e-06 2.164732e-07)
(0.001732833 2.592652e-06 2.049506e-07)
(0.001732145 2.493163e-06 1.941812e-07)
(0.001890504 5.144116e-06 3.288223e-07)
(0.001889526 4.933616e-06 3.104749e-07)
(0.001888583 4.73379e-06 2.932209e-07)
(0.001887677 4.543857e-06 2.769761e-07)
(0.001886804 4.363164e-06 2.61729e-07)
(0.001885964 4.19112e-06 2.474159e-07)
(0.001885155 4.027183e-06 2.339847e-07)
(0.001884376 3.870846e-06 2.2138e-07)
(0.001883625 3.721645e-06 2.09556e-07)
(0.001882902 3.579141e-06 1.98461e-07)
(0.001882204 3.44293e-06 1.880703e-07)
(0.001997715 6.460029e-06 2.952492e-07)
(0.001996858 6.200625e-06 2.79315e-07)
(0.001996031 5.954017e-06 2.642886e-07)
(0.001995232 5.719302e-06 2.500994e-07)
(0.001994462 5.495703e-06 2.367393e-07)
(0.001993717 5.282536e-06 2.241598e-07)
(0.001992998 5.07917e-06 2.123199e-07)
(0.001992304 4.885012e-06 2.011763e-07)
(0.001991634 4.699517e-06 1.906926e-07)
(0.001990986 4.52217e-06 1.808277e-07)
(0.001990361 4.352495e-06 1.715598e-07)
(0.002072497 7.520063e-06 2.453815e-07)
(0.002071874 7.225829e-06 2.328134e-07)
(0.00207127 6.94557e-06 2.209217e-07)
(0.002070683 6.678341e-06 2.09656e-07)
(0.002070113 6.423319e-06 1.990034e-07)
(0.002069561 6.179785e-06 1.889321e-07)
(0.002069024 5.947075e-06 1.794132e-07)
(0.002068504 5.724559e-06 1.704176e-07)
(0.002067999 5.511662e-06 1.619193e-07)
(0.002067509 5.307833e-06 1.538906e-07)
(0.002067034 5.112566e-06 1.463142e-07)
(0.002122987 8.187208e-06 1.869693e-07)
(0.002122682 7.876854e-06 1.781027e-07)
(0.002122381 7.580574e-06 1.696831e-07)
(0.002122084 7.297467e-06 1.616823e-07)
(0.002121793 7.026735e-06 1.540748e-07)
(0.002121506 6.767687e-06 1.468439e-07)
(0.002121224 6.51968e-06 1.399705e-07)
(0.002120947 6.282105e-06 1.334389e-07)
(0.002120676 6.054401e-06 1.272317e-07)
(0.002120409 5.836031e-06 1.21335e-07)
(0.002120149 5.626498e-06 1.157341e-07)
(0.002155645 8.375725e-06 1.283018e-07)
(0.0021557 8.069309e-06 1.229009e-07)
(0.002155746 7.776085e-06 1.177566e-07)
(0.002155782 7.495257e-06 1.128591e-07)
(0.00215581 7.226108e-06 1.081675e-07)
(0.002155831 6.968026e-06 1.036738e-07)
(0.002155846 6.720432e-06 9.936753e-08)
(0.002155854 6.482781e-06 9.524085e-08)
(0.002155856 6.254563e-06 9.128449e-08)
(0.002155854 6.035295e-06 8.749307e-08)
(0.002155848 5.824522e-06 8.385634e-08)
(0.002175633 8.060653e-06 7.588876e-08)
(0.002176049 7.776539e-06 7.334379e-08)
(0.002176443 7.504008e-06 7.091959e-08)
(0.002176816 7.242399e-06 6.862017e-08)
(0.00217717 6.991115e-06 6.638859e-08)
(0.002177506 6.749644e-06 6.422077e-08)
(0.002177824 6.517501e-06 6.211174e-08)
(0.002178126 6.294228e-06 6.005699e-08)
(0.002178413 6.079394e-06 5.805287e-08)
(0.002178685 5.872592e-06 5.6099e-08)
(0.002178944 5.673433e-06 5.418752e-08)
(0.002187018 7.271103e-06 3.345093e-08)
(0.00218776 7.024e-06 3.301004e-08)
(0.002188472 6.786445e-06 3.260687e-08)
(0.002189153 6.55792e-06 3.225502e-08)
(0.002189806 6.337958e-06 3.188332e-08)
(0.002190432 6.126157e-06 3.148826e-08)
(0.002191033 5.922134e-06 3.106715e-08)
(0.002191609 5.725528e-06 3.061621e-08)
(0.002192162 5.535996e-06 3.013426e-08)
(0.002192693 5.353216e-06 2.962275e-08)
(0.002193202 5.176876e-06 2.907503e-08)
(0.002192909 6.074996e-06 2.008476e-09)
(0.00219392 5.875283e-06 2.963827e-09)
(0.002194895 5.682919e-06 3.914552e-09)
(0.002195834 5.497521e-06 4.880301e-09)
(0.002196738 5.318747e-06 5.779252e-09)
(0.002197609 5.146299e-06 6.606502e-09)
(0.002198449 4.979894e-06 7.359784e-09)
(0.002199258 4.819264e-06 8.034097e-09)
(0.002200038 4.664155e-06 8.629026e-09)
(0.002200791 4.514326e-06 9.146155e-09)
(0.002201516 4.369545e-06 9.57817e-09)
(0.002195573 4.560953e-06 -1.927697e-08)
(0.002196787 4.415077e-06 -1.74879e-08)
(0.00219796 4.274355e-06 -1.572008e-08)
(0.002199094 4.138529e-06 -1.395024e-08)
(0.002200189 4.007365e-06 -1.226728e-08)
(0.002201247 3.880663e-06 -1.067802e-08)
(0.00220227 3.758229e-06 -9.185276e-09)
(0.002203259 3.639882e-06 -7.795663e-09)
(0.002204215 3.525447e-06 -6.509903e-09)
(0.002205139 3.414762e-06 -5.327377e-09)
(0.002206033 3.307666e-06 -4.256068e-09)
(0.002196564 2.823697e-06 -3.207999e-08)
(0.002197911 2.735142e-06 -2.985111e-08)
(0.002199215 2.649626e-06 -2.764727e-08)
(0.002200477 2.567001e-06 -2.544327e-08)
(0.002201699 2.487133e-06 -2.333194e-08)
(0.002202882 2.409905e-06 -2.132181e-08)
(0.002204027 2.335205e-06 -1.941629e-08)
(0.002205137 2.26293e-06 -1.76235e-08)
(0.002206211 2.192977e-06 -1.594455e-08)
(0.002207251 2.125253e-06 -1.437965e-08)
(0.002208259 2.059666e-06 -1.293731e-08)
(0.002196834 9.555905e-07 -3.801412e-08)
(0.002198246 9.259306e-07 -3.560328e-08)
(0.002199615 8.972734e-07 -3.321736e-08)
(0.00220094 8.695713e-07 -3.082986e-08)
(0.002202225 8.427794e-07 -2.853582e-08)
(0.00220347 8.168609e-07 -2.634413e-08)
(0.002204677 7.917785e-07 -2.42593e-08)
(0.002205846 7.674986e-07 -2.228943e-08)
(0.00220698 7.439884e-07 -2.043668e-08)
(0.002208078 7.212175e-07 -1.870069e-08)
(0.002209143 6.991581e-07 -1.708963e-08)
(0.0003589142 2.939452e-08 1.320881e-07)
(0.0003587484 2.828718e-08 1.253769e-07)
(0.0003585892 2.714828e-08 1.190771e-07)
(0.0003584362 2.606437e-08 1.131504e-07)
(0.0003582893 2.503987e-08 1.07589e-07)
(0.0003581481 2.40663e-08 1.023538e-07)
(0.0003580123 2.314231e-08 9.744202e-08)
(0.0003578818 2.226369e-08 9.281514e-08)
(0.0003577562 2.142756e-08 8.847379e-08)
(0.0003576355 2.063053e-08 8.438088e-08)
(0.0003575193 1.987168e-08 8.054819e-08)
(0.0003574074 1.914275e-08 7.692807e-08)
(0.0003572998 1.844544e-08 7.35057e-08)
(0.0003571961 1.778489e-08 7.027717e-08)
(0.0003570963 1.716023e-08 6.723505e-08)
(0.0003570002 1.65588e-08 6.43202e-08)
(0.0008967599 5.194654e-07 2.358221e-07)
(0.0008963013 4.980369e-07 2.232191e-07)
(0.000895861 4.775629e-07 2.114167e-07)
(0.0008954384 4.580702e-07 2.003433e-07)
(0.0008950327 4.395453e-07 1.899691e-07)
(0.000894643 4.219268e-07 1.802308e-07)
(0.0008942686 4.05164e-07 1.711033e-07)
(0.0008939088 3.892045e-07 1.625302e-07)
(0.000893563 3.739981e-07 1.544938e-07)
(0.0008932304 3.594975e-07 1.469424e-07)
(0.0008929107 3.456597e-07 1.398795e-07)
(0.0008926031 3.324339e-07 1.33237e-07)
(0.0008923072 3.197887e-07 1.269745e-07)
(0.0008920225 3.077037e-07 1.210826e-07)
(0.0008917486 2.961519e-07 1.155592e-07)
(0.0008914849 2.850856e-07 1.103011e-07)
(0.001296429 1.41841e-06 2.843745e-07)
(0.001295714 1.359001e-06 2.685775e-07)
(0.001295029 1.302603e-06 2.537864e-07)
(0.001294371 1.249038e-06 2.399189e-07)
(0.001293739 1.198166e-06 2.269415e-07)
(0.001293133 1.14981e-06 2.147793e-07)
(0.00129255 1.103814e-06 2.033924e-07)
(0.00129199 1.060028e-06 1.927152e-07)
(0.001291453 1.018314e-06 1.827174e-07)
(0.001290936 9.785412e-07 1.733393e-07)
(0.001290438 9.405866e-07 1.645766e-07)
(0.00128996 9.043291e-07 1.563553e-07)
(0.001289501 8.696724e-07 1.486213e-07)
(0.001289058 8.365306e-07 1.413558e-07)
(0.001288633 8.04816e-07 1.345642e-07)
(0.001288223 7.744372e-07 1.281423e-07)
(0.001591764 2.63658e-06 3.102952e-07)
(0.001590849 2.525558e-06 2.926563e-07)
(0.001589971 2.420349e-06 2.761374e-07)
(0.001589128 2.320524e-06 2.60645e-07)
(0.001588319 2.225755e-06 2.461506e-07)
(0.001587542 2.135703e-06 2.325751e-07)
(0.001586796 2.05006e-06 2.1987e-07)
(0.001586078 1.968545e-06 2.079656e-07)
(0.001585389 1.890895e-06 1.968236e-07)
(0.001584726 1.816862e-06 1.863794e-07)
(0.001584088 1.74622e-06 1.766217e-07)
(0.001583475 1.678749e-06 1.674762e-07)
(0.001582885 1.614267e-06 1.588821e-07)
(0.001582317 1.552598e-06 1.508116e-07)
(0.001581771 1.49357e-06 1.432706e-07)
(0.001581245 1.437021e-06 1.36169e-07)
(0.001808567 4.082442e-06 3.186099e-07)
(0.001807539 3.911088e-06 3.004347e-07)
(0.001806551 3.748712e-06 2.833942e-07)
(0.001805602 3.594637e-06 2.673901e-07)
(0.00180469 3.448323e-06 2.524023e-07)
(0.001803813 3.309255e-06 2.383553e-07)
(0.00180297 3.176965e-06 2.251991e-07)
(0.001802159 3.051018e-06 2.128664e-07)
(0.001801379 2.931014e-06 2.013163e-07)
(0.001800629 2.816577e-06 1.904854e-07)
(0.001799906 2.707358e-06 1.803563e-07)
(0.001799211 2.603029e-06 1.708587e-07)
(0.001798542 2.50331e-06 1.61934e-07)
(0.001797897 2.407925e-06 1.535486e-07)
(0.001797277 2.316607e-06 1.457042e-07)
(0.001796679 2.229107e-06 1.38328e-07)
(0.001966058 5.606194e-06 3.074047e-07)
(0.001965032 5.373535e-06 2.90129e-07)
(0.001964043 5.152877e-06 2.738996e-07)
(0.001963092 4.943336e-06 2.586236e-07)
(0.001962177 4.744174e-06 2.44288e-07)
(0.001961295 4.554724e-06 2.308278e-07)
(0.001960446 4.37437e-06 2.181976e-07)
(0.001959628 4.202541e-06 2.063384e-07)
(0.00195884 4.03871e-06 1.952128e-07)
(0.001958081 3.882382e-06 1.847639e-07)
(0.001957349 3.733096e-06 1.749731e-07)
(0.001956643 3.590421e-06 1.657793e-07)
(0.001955963 3.453984e-06 1.571307e-07)
(0.001955307 3.323417e-06 1.48993e-07)
(0.001954675 3.198364e-06 1.413625e-07)
(0.001954065 3.078491e-06 1.341837e-07)
(0.002078577 7.031265e-06 2.764932e-07)
(0.002077682 6.745026e-06 2.614527e-07)
(0.002076817 6.473142e-06 2.472839e-07)
(0.002075981 6.214597e-06 2.339095e-07)
(0.002075175 5.968515e-06 2.213194e-07)
(0.002074396 5.734123e-06 2.094635e-07)
(0.002073643 5.510708e-06 1.983059e-07)
(0.002072916 5.297601e-06 1.878002e-07)
(0.002072214 5.094186e-06 1.779161e-07)
(0.002071536 4.899883e-06 1.686088e-07)
(0.00207088 4.714151e-06 1.598614e-07)
(0.002070247 4.536479e-06 1.516253e-07)
(0.002069635 4.366429e-06 1.43861e-07)
(0.002069044 4.203562e-06 1.365382e-07)
(0.002068472 4.047454e-06 1.2965e-07)
(0.00206792 3.897706e-06 1.231562e-07)
(0.002157034 8.176002e-06 2.30204e-07)
(0.002156389 7.851784e-06 2.183103e-07)
(0.002155762 7.543218e-06 2.070674e-07)
(0.002155153 7.249247e-06 1.964212e-07)
(0.002154562 6.968942e-06 1.863572e-07)
(0.002153988 6.701492e-06 1.768421e-07)
(0.00215343 6.446148e-06 1.678503e-07)
(0.002152889 6.202201e-06 1.593505e-07)
(0.002152364 5.969e-06 1.513205e-07)
(0.002151854 5.745927e-06 1.437306e-07)
(0.002151359 5.532406e-06 1.365669e-07)
(0.002150879 5.327888e-06 1.297966e-07)
(0.002150413 5.131904e-06 1.233918e-07)
(0.002149962 4.943981e-06 1.173311e-07)
(0.002149523 4.763659e-06 1.116055e-07)
(0.002149099 4.590507e-06 1.061886e-07)
(0.002209947 8.89219e-06 1.757298e-07)
(0.002209642 8.550639e-06 1.673153e-07)
(0.002209339 8.224837e-06 1.593296e-07)
(0.002209041 7.913773e-06 1.517461e-07)
(0.002208746 7.616549e-06 1.445369e-07)
(0.002208456 7.332386e-06 1.376864e-07)
(0.002208171 7.06056e-06 1.311748e-07)
(0.00220789 6.800385e-06 1.249879e-07)
(0.002207614 6.551225e-06 1.191074e-07)
(0.002207343 6.31248e-06 1.135218e-07)
(0.002207077 6.083584e-06 1.08216e-07)
(0.002206817 5.863999e-06 1.03174e-07)
(0.002206562 5.653253e-06 9.837971e-08)
(0.002206312 5.450882e-06 9.382207e-08)
(0.002206067 5.256433e-06 8.949174e-08)
(0.002205828 5.069472e-06 8.537351e-08)
(0.002244107 9.088066e-06 1.208532e-07)
(0.002244186 8.751236e-06 1.157076e-07)
(0.002244253 8.429157e-06 1.108062e-07)
(0.00224431 8.120938e-06 1.06143e-07)
(0.002244358 7.825773e-06 1.016777e-07)
(0.002244396 7.54297e-06 9.740285e-08)
(0.002244427 7.271878e-06 9.330723e-08)
(0.00224445 7.011883e-06 8.938435e-08)
(0.002244467 6.762409e-06 8.5624e-08)
(0.002244478 6.522913e-06 8.202196e-08)
(0.002244483 6.292879e-06 7.856654e-08)
(0.002244484 6.071816e-06 7.525564e-08)
(0.00224448 5.859294e-06 7.20878e-08)
(0.002244472 5.654886e-06 6.905676e-08)
(0.00224446 5.458174e-06 6.614999e-08)
(0.002244445 5.268757e-06 6.336202e-08)
(0.002264948 8.738206e-06 7.170924e-08)
(0.002265412 8.426211e-06 6.926555e-08)
(0.002265851 8.127165e-06 6.693322e-08)
(0.002266268 7.840326e-06 6.472207e-08)
(0.002266662 7.565023e-06 6.257845e-08)
(0.002267036 7.300679e-06 6.049855e-08)
(0.002267391 7.046747e-06 5.847682e-08)
(0.002267728 6.80271e-06 5.651011e-08)
(0.002268048 6.568084e-06 5.459387e-08)
(0.002268351 6.342407e-06 5.272887e-08)
(0.00226864 6.125241e-06 5.090859e-08)
(0.002268914 5.916165e-06 4.913192e-08)
(0.002269174 5.714815e-06 4.741036e-08)
(0.002269422 5.520824e-06 4.574328e-08)
(0.002269657 5.333833e-06 4.411818e-08)
(0.002269881 5.153492e-06 4.253561e-08)
(0.002276761 7.875792e-06 3.184213e-08)
(0.002277572 7.604677e-06 3.13943e-08)
(0.00227835 7.344236e-06 3.097593e-08)
(0.002279094 7.093888e-06 3.06074e-08)
(0.002279808 6.853109e-06 3.022372e-08)
(0.002280491 6.621442e-06 2.982096e-08)
(0.002281147 6.398457e-06 2.939673e-08)
(0.002281776 6.183747e-06 2.894811e-08)
(0.002282379 5.976924e-06 2.84739e-08)
(0.002282958 5.777623e-06 2.797548e-08)
(0.002283513 5.585493e-06 2.744729e-08)
(0.002284046 5.400198e-06 2.68948e-08)
(0.002284558 5.221446e-06 2.633747e-08)
(0.00228505 5.048942e-06 2.577609e-08)
(0.002285522 4.882398e-06 2.519457e-08)
(0.002285976 4.721529e-06 2.45983e-08)
(0.002282823 6.575579e-06 2.255944e-09)
(0.002283921 6.356614e-06 3.13625e-09)
(0.002284979 6.145867e-06 4.003462e-09)
(0.002285997 5.942908e-06 4.884797e-09)
(0.002286977 5.747353e-06 5.706631e-09)
(0.002287921 5.558863e-06 6.46333e-09)
(0.002288831 5.377121e-06 7.153542e-09)
(0.002289708 5.201822e-06 7.773004e-09)
(0.002290553 5.03268e-06 8.321693e-09)
(0.002291367 4.869422e-06 8.801187e-09)
(0.002292152 4.711785e-06 9.207635e-09)
(0.00229291 4.559517e-06 9.543549e-09)
(0.00229364 4.412402e-06 9.834981e-09)
(0.002294344 4.27022e-06 1.008477e-08)
(0.002295023 4.13275e-06 1.027585e-08)
(0.002295678 3.999779e-06 1.04158e-08)
(0.002285526 4.934038e-06 -1.779946e-08)
(0.002286839 4.774183e-06 -1.612405e-08)
(0.002288107 4.620096e-06 -1.447884e-08)
(0.002289331 4.471483e-06 -1.283286e-08)
(0.002290515 4.328085e-06 -1.126522e-08)
(0.002291658 4.189672e-06 -9.783912e-09)
(0.002292762 4.056026e-06 -8.390073e-09)
(0.002293829 3.926941e-06 -7.089931e-09)
(0.002294861 3.802221e-06 -5.883074e-09)
(0.002295858 3.681679e-06 -4.769645e-09)
(0.002296822 3.565137e-06 -3.754321e-09)
(0.002297754 3.452421e-06 -2.832297e-09)
(0.002298655 3.343382e-06 -1.974587e-09)
(0.002299526 3.237872e-06 -1.179215e-09)
(0.002300368 3.135738e-06 -4.662605e-10)
(0.002301182 3.036834e-06 1.732188e-10)
(0.002286502 3.053505e-06 -2.987476e-08)
(0.002287955 2.956496e-06 -2.777866e-08)
(0.002289362 2.862891e-06 -2.571704e-08)
(0.002290723 2.77252e-06 -2.365702e-08)
(0.002292041 2.685233e-06 -2.168067e-08)
(0.002293316 2.600897e-06 -1.979793e-08)
(0.002294551 2.519387e-06 -1.801013e-08)
(0.002295746 2.440582e-06 -1.632516e-08)
(0.002296903 2.36437e-06 -1.474261e-08)
(0.002298024 2.290643e-06 -1.326354e-08)
(0.002299108 2.219297e-06 -1.189194e-08)
(0.002300159 2.150232e-06 -1.062541e-08)
(0.002301176 2.083363e-06 -9.433502e-09)
(0.002302161 2.018605e-06 -8.314071e-09)
(0.002303115 1.95587e-06 -7.287151e-09)
(0.002304038 1.895077e-06 -6.343961e-09)
(0.002286754 1.033156e-06 -3.547408e-08)
(0.002288276 1.00067e-06 -3.320347e-08)
(0.002289751 9.693068e-07 -3.096753e-08)
(0.00229118 9.390126e-07 -2.873198e-08)
(0.002292564 9.097368e-07 -2.658085e-08)
(0.002293905 8.814377e-07 -2.452439e-08)
(0.002295204 8.540727e-07 -2.256497e-08)
(0.002296463 8.276043e-07 -2.071035e-08)
(0.002297683 8.019947e-07 -1.896123e-08)
(0.002298865 7.772102e-07 -1.731807e-08)
(0.002300011 7.532197e-07 -1.578553e-08)
(0.002301121 7.299855e-07 -1.435944e-08)
(0.002302196 7.074785e-07 -1.301283e-08)
(0.002303239 6.856781e-07 -1.174347e-08)
(0.002304249 6.645629e-07 -1.057072e-08)
(0.002305228 6.441072e-07 -9.486178e-09)
(0.0003671488 3.364081e-08 1.152863e-07)
(0.0003669781 3.232468e-08 1.093981e-07)
(0.0003668141 3.098588e-08 1.038716e-07)
(0.0003666565 2.971413e-08 9.867153e-08)
(0.0003665052 2.851378e-08 9.379044e-08)
(0.0003663597 2.737573e-08 8.919563e-08)
(0.0003662199 2.629702e-08 8.488333e-08)
(0.0003660854 2.527341e-08 8.082129e-08)
(0.0003659561 2.43007e-08 7.700831e-08)
(0.0003658317 2.33756e-08 7.341282e-08)
(0.0003657119 2.249644e-08 7.004093e-08)
(0.0003655967 2.16548e-08 6.686214e-08)
(0.0003654858 2.085044e-08 6.38629e-08)
(0.000365379 2.008858e-08 6.103229e-08)
(0.0003652761 1.936953e-08 5.836453e-08)
(0.000365177 1.867564e-08 5.580022e-08)
(0.0009205239 5.64959e-07 2.068643e-07)
(0.0009200498 5.412983e-07 1.957539e-07)
(0.0009195946 5.18725e-07 1.853525e-07)
(0.0009191577 4.972576e-07 1.755921e-07)
(0.0009187382 4.768776e-07 1.664444e-07)
(0.0009183353 4.575157e-07 1.578555e-07)
(0.0009179482 4.391135e-07 1.498012e-07)
(0.0009175761 4.216115e-07 1.422336e-07)
(0.0009172185 4.049527e-07 1.351352e-07)
(0.0009168745 3.890838e-07 1.284605e-07)
(0.0009165438 3.739575e-07 1.222046e-07)
(0.0009162257 3.595158e-07 1.16328e-07)
(0.0009159196 3.457212e-07 1.108004e-07)
(0.0009156251 3.325489e-07 1.055981e-07)
(0.0009153417 3.199709e-07 1.007182e-07)
(0.0009150689 3.079283e-07 9.604986e-08)
(0.001333521 1.531467e-06 2.497463e-07)
(0.00133278 1.466488e-06 2.357973e-07)
(0.001332069 1.404863e-06 2.227414e-07)
(0.001331387 1.346388e-06 2.104986e-07)
(0.001330732 1.290904e-06 1.990367e-07)
(0.001330104 1.238212e-06 1.882915e-07)
(0.0013295 1.188137e-06 1.782254e-07)
(0.001328919 1.140513e-06 1.687822e-07)
(0.001328362 1.095184e-06 1.599331e-07)
(0.001327826 1.052004e-06 1.51625e-07)
(0.00132731 1.010837e-06 1.438434e-07)
(0.001326814 9.715469e-07 1.365477e-07)
(0.001326337 9.340256e-07 1.29699e-07)
(0.001325879 8.981743e-07 1.232634e-07)
(0.001325437 8.638977e-07 1.172437e-07)
(0.001325012 8.310908e-07 1.115193e-07)
(0.00163959 2.837264e-06 2.732246e-07)
(0.00163864 2.716341e-06 2.57597e-07)
(0.001637728 2.601846e-06 2.429696e-07)
(0.001636853 2.4933e-06 2.292505e-07)
(0.001636012 2.390338e-06 2.164107e-07)
(0.001635205 2.292582e-06 2.043819e-07)
(0.00163443 2.199694e-06 1.931181e-07)
(0.001633685 2.111356e-06 1.82559e-07)
(0.001632969 2.027279e-06 1.726682e-07)
(0.00163228 1.947188e-06 1.633884e-07)
(0.001631617 1.870831e-06 1.546971e-07)
(0.00163098 1.797962e-06 1.465528e-07)
(0.001630367 1.728382e-06 1.389141e-07)
(0.001629777 1.661891e-06 1.31739e-07)
(0.001629209 1.598301e-06 1.250303e-07)
(0.001628663 1.537431e-06 1.186761e-07)
(0.001864671 4.384473e-06 2.811045e-07)
(0.001863602 4.198296e-06 2.649521e-07)
(0.001862575 4.022009e-06 2.498189e-07)
(0.001861588 3.854865e-06 2.35608e-07)
(0.00186064 3.696262e-06 2.222963e-07)
(0.001859729 3.545634e-06 2.098185e-07)
(0.001858852 3.402461e-06 1.981268e-07)
(0.001858009 3.266262e-06 1.871623e-07)
(0.001857198 3.136594e-06 1.768865e-07)
(0.001856418 3.013042e-06 1.672424e-07)
(0.001855667 2.895221e-06 1.582028e-07)
(0.001854943 2.782763e-06 1.497269e-07)
(0.001854247 2.675362e-06 1.417739e-07)
(0.001853577 2.572709e-06 1.342997e-07)
(0.001852931 2.474511e-06 1.27303e-07)
(0.001852309 2.380494e-06 1.206888e-07)
(0.002028329 6.013249e-06 2.718755e-07)
(0.002027262 5.760869e-06 2.564692e-07)
(0.002026236 5.521679e-06 2.420079e-07)
(0.002025247 5.294706e-06 2.284e-07)
(0.002024296 5.079134e-06 2.156284e-07)
(0.002023379 4.874228e-06 2.036363e-07)
(0.002022497 4.679308e-06 1.923803e-07)
(0.002021646 4.493742e-06 1.818079e-07)
(0.002020827 4.316948e-06 1.718837e-07)
(0.002020037 4.148382e-06 1.625567e-07)
(0.002019276 3.987536e-06 1.538e-07)
(0.002018542 3.833926e-06 1.45576e-07)
(0.002017835 3.687148e-06 1.378488e-07)
(0.002017152 3.54679e-06 1.305769e-07)
(0.002016495 3.412462e-06 1.237539e-07)
(0.00201586 3.283797e-06 1.173048e-07)
(0.002145287 7.534334e-06 2.451189e-07)
(0.002144359 7.224217e-06 2.316589e-07)
(0.002143462 6.929854e-06 2.189899e-07)
(0.002142596 6.650128e-06 2.070363e-07)
(0.00214176 6.384073e-06 1.957838e-07)
(0.002140952 6.130838e-06 1.851884e-07)
(0.002140172 5.889635e-06 1.752151e-07)
(0.002139417 5.659728e-06 1.658225e-07)
(0.002138689 5.440437e-06 1.569818e-07)
(0.002137985 5.231124e-06 1.486525e-07)
(0.002137304 5.031194e-06 1.408122e-07)
(0.002136647 4.840077e-06 1.334291e-07)
(0.002136011 4.657295e-06 1.264742e-07)
(0.002135397 4.482359e-06 1.19914e-07)
(0.002134804 4.314807e-06 1.137392e-07)
(0.00213423 4.154199e-06 1.078952e-07)
(0.002226813 8.753423e-06 2.046059e-07)
(0.00222615 8.402536e-06 1.939215e-07)
(0.002225505 8.068807e-06 1.838301e-07)
(0.002224878 7.751075e-06 1.742793e-07)
(0.002224269 7.448317e-06 1.652523e-07)
(0.002223678 7.159642e-06 1.56719e-07)
(0.002223103 6.884222e-06 1.486548e-07)
(0.002222545 6.62128e-06 1.410309e-07)
(0.002222003 6.370095e-06 1.338266e-07)
(0.002221476 6.12999e-06 1.270146e-07)
(0.002220966 5.900331e-06 1.205784e-07)
(0.00222047 5.680507e-06 1.144946e-07)
(0.002219989 5.470006e-06 1.087416e-07)
(0.002219522 5.268301e-06 1.032973e-07)
(0.002219069 5.074893e-06 9.815096e-08)
(0.00221863 4.889304e-06 9.32681e-08)
(0.002281744 9.512429e-06 1.566114e-07)
(0.002281439 9.143149e-06 1.49019e-07)
(0.002281138 8.791116e-06 1.418184e-07)
(0.002280839 8.455225e-06 1.349847e-07)
(0.002280543 8.134488e-06 1.284909e-07)
(0.002280251 7.828047e-06 1.223218e-07)
(0.002279964 7.535104e-06 1.16459e-07)
(0.00227968 7.254905e-06 1.108887e-07)
(0.002279402 6.986751e-06 1.055946e-07)
(0.002279128 6.72998e-06 1.00565e-07)
(0.002278858 6.483973e-06 9.578617e-08)
(0.002278594 6.248127e-06 9.124679e-08)
(0.002278335 6.021932e-06 8.692581e-08)
(0.002278081 5.80487e-06 8.281896e-08)
(0.002277832 5.596448e-06 7.891508e-08)
(0.002277589 5.396187e-06 7.519653e-08)
(0.002317146 9.714355e-06 1.08051e-07)
(0.002317248 9.35051e-06 1.033792e-07)
(0.002317336 9.002812e-06 9.892989e-08)
(0.002317412 8.670284e-06 9.470028e-08)
(0.002317477 8.352042e-06 9.065349e-08)
(0.002317532 8.047323e-06 8.678132e-08)
(0.002317578 7.755412e-06 8.30735e-08)
(0.002317615 7.475633e-06 7.952376e-08)
(0.002317645 7.20735e-06 7.61225e-08)
(0.002317668 6.949969e-06 7.286568e-08)
(0.002317685 6.702922e-06 6.974406e-08)
(0.002317696 6.465661e-06 6.675078e-08)
(0.002317702 6.23772e-06 6.388813e-08)
(0.002317703 6.018622e-06 6.114896e-08)
(0.0023177 5.807912e-06 5.852061e-08)
(0.002317693 5.605148e-06 5.600126e-08)
(0.002338688 9.333471e-06 6.440975e-08)
(0.002339194 8.99673e-06 6.216242e-08)
(0.002339674 8.674158e-06 6.001459e-08)
(0.002340129 8.364944e-06 5.798054e-08)
(0.00234056 8.068351e-06 5.601292e-08)
(0.002340969 7.783743e-06 5.410654e-08)
(0.002341356 7.510519e-06 5.225632e-08)
(0.002341724 7.24811e-06 5.045978e-08)
(0.002342073 6.995981e-06 4.871209e-08)
(0.002342405 6.753626e-06 4.701455e-08)
(0.00234272 6.520563e-06 4.536394e-08)
(0.002343019 6.296324e-06 4.375635e-08)
(0.002343303 6.080511e-06 4.219069e-08)
(0.002343574 5.872715e-06 4.067648e-08)
(0.002343831 5.672546e-06 3.920031e-08)
(0.002344076 5.479618e-06 3.777103e-08)
(0.002350844 8.406653e-06 2.890753e-08)
(0.002351717 8.114241e-06 2.845797e-08)
(0.002352552 7.833509e-06 2.803112e-08)
(0.002353353 7.563822e-06 2.765318e-08)
(0.002354119 7.304602e-06 2.726755e-08)
(0.002354854 7.055348e-06 2.686895e-08)
(0.002355558 6.815587e-06 2.645511e-08)
(0.002356233 6.584867e-06 2.602449e-08)
(0.002356881 6.362763e-06 2.557484e-08)
(0.002357502 6.148874e-06 2.510882e-08)
(0.002358098 5.942813e-06 2.462511e-08)
(0.00235867 5.744205e-06 2.411951e-08)
(0.002359219 5.552733e-06 2.36073e-08)
(0.002359746 5.368067e-06 2.309247e-08)
(0.002360253 5.189891e-06 2.255968e-08)
(0.002360739 5.017894e-06 2.202712e-08)
(0.002357038 7.014753e-06 2.497232e-09)
(0.002358212 6.778723e-06 3.248413e-09)
(0.002359342 6.551687e-06 3.981754e-09)
(0.00236043 6.333175e-06 4.731225e-09)
(0.002361477 6.122764e-06 5.433184e-09)
(0.002362485 5.920082e-06 6.080837e-09)
(0.002363457 5.724777e-06 6.672799e-09)
(0.002364392 5.536515e-06 7.206839e-09)
(0.002365294 5.354979e-06 7.681601e-09)
(0.002366163 5.179869e-06 8.100519e-09)
(0.002367001 5.010896e-06 8.464589e-09)
(0.002367808 4.847778e-06 8.769348e-09)
(0.002368587 4.69028e-06 9.024214e-09)
(0.002369337 4.538153e-06 9.243712e-09)
(0.002370061 4.39116e-06 9.411243e-09)
(0.002370759 4.249064e-06 9.550096e-09)
(0.002359762 5.261176e-06 -1.543942e-08)
(0.002361161 5.088936e-06 -1.396671e-08)
(0.002362513 4.923011e-06 -1.252869e-08)
(0.002363818 4.76308e-06 -1.108696e-08)
(0.002365078 4.608856e-06 -9.709704e-09)
(0.002366295 4.460087e-06 -8.405769e-09)
(0.002367471 4.316531e-06 -7.176422e-09)
(0.002368607 4.177962e-06 -6.025228e-09)
(0.002369705 4.044162e-06 -4.953402e-09)
(0.002370765 3.914926e-06 -3.958608e-09)
(0.002371791 3.790058e-06 -3.040065e-09)
(0.002372782 3.669363e-06 -2.204162e-09)
(0.00237374 3.552679e-06 -1.432022e-09)
(0.002374666 3.439837e-06 -7.150149e-10)
(0.002375561 3.330674e-06 -7.16023e-11)
(0.002376427 3.225026e-06 5.253112e-10)
(0.00236072 3.254931e-06 -2.625486e-08)
(0.002362266 3.150437e-06 -2.439892e-08)
(0.002363763 3.049669e-06 -2.258228e-08)
(0.002365211 2.952444e-06 -2.076429e-08)
(0.002366612 2.858594e-06 -1.901554e-08)
(0.002367968 2.767975e-06 -1.734662e-08)
(0.00236928 2.680447e-06 -1.575899e-08)
(0.00237055 2.595878e-06 -1.425751e-08)
(0.00237178 2.514142e-06 -1.284347e-08)
(0.00237297 2.435122e-06 -1.151513e-08)
(0.002374122 2.358702e-06 -1.027084e-08)
(0.002375238 2.28477e-06 -9.117727e-09)
(0.002376318 2.213234e-06 -8.041231e-09)
(0.002377363 2.143997e-06 -7.028391e-09)
(0.002378376 2.076963e-06 -6.097819e-09)
(0.002379356 2.012041e-06 -5.222112e-09)
(0.002360952 1.101128e-06 -3.127304e-08)
(0.002362571 1.06614e-06 -2.92576e-08)
(0.00236414 1.032382e-06 -2.728175e-08)
(0.002365658 9.997941e-07 -2.530368e-08)
(0.002367129 9.683217e-07 -2.339533e-08)
(0.002368554 9.379185e-07 -2.156787e-08)
(0.002369934 9.085372e-07 -1.982337e-08)
(0.002371271 8.801367e-07 -1.816686e-08)
(0.002372566 8.526748e-07 -1.66003e-08)
(0.002373821 8.261147e-07 -1.512176e-08)
(0.002375037 8.004221e-07 -1.373054e-08)
(0.002376215 7.755565e-07 -1.243247e-08)
(0.002377356 7.514836e-07 -1.121342e-08)
(0.002378462 7.281786e-07 -1.006233e-08)
(0.002379534 7.056195e-07 -8.997081e-09)
(0.002380572 6.837755e-07 -7.992065e-09)
(0.0003735774 3.723921e-08 9.365588e-08)
(0.0003734028 3.5744e-08 8.884937e-08)
(0.000373235 3.423474e-08 8.433797e-08)
(0.0003730739 3.280269e-08 8.009021e-08)
(0.000372919 3.145253e-08 7.61008e-08)
(0.0003727702 3.017428e-08 7.234436e-08)
(0.0003726271 2.896394e-08 6.881695e-08)
(0.0003724896 2.781681e-08 6.549341e-08)
(0.0003723572 2.672794e-08 6.237176e-08)
(0.0003722299 2.569368e-08 5.942692e-08)
(0.0003721073 2.471157e-08 5.666063e-08)
(0.0003719894 2.377413e-08 5.4055e-08)
(0.0003718758 2.287983e-08 5.1603e-08)
(0.0003717665 2.20326e-08 4.928828e-08)
(0.0003716612 2.123396e-08 4.71054e-08)
(0.0003715598 2.046063e-08 4.499555e-08)
(0.0009391184 6.029381e-07 1.687923e-07)
(0.0009386319 5.773985e-07 1.596799e-07)
(0.0009381649 5.5306e-07 1.511512e-07)
(0.0009377167 5.299331e-07 1.431436e-07)
(0.0009372863 5.079948e-07 1.356338e-07)
(0.0009368729 4.871696e-07 1.285788e-07)
(0.0009364757 4.673921e-07 1.219578e-07)
(0.0009360938 4.485969e-07 1.157325e-07)
(0.0009357268 4.307215e-07 1.098876e-07)
(0.0009353738 4.137068e-07 1.043863e-07)
(0.0009350343 3.975011e-07 9.921759e-08)
(0.0009347077 3.820451e-07 9.436258e-08)
(0.0009343935 3.672934e-07 8.980738e-08)
(0.0009340912 3.532163e-07 8.551969e-08)
(0.0009338001 3.39785e-07 8.149426e-08)
(0.00093352 3.269283e-07 7.761139e-08)
(0.001362618 1.625693e-06 2.036265e-07)
(0.001361857 1.556036e-06 1.921822e-07)
(0.001361126 1.490025e-06 1.814733e-07)
(0.001360425 1.427431e-06 1.714253e-07)
(0.001359752 1.368079e-06 1.620113e-07)
(0.001359105 1.311754e-06 1.531805e-07)
(0.001358484 1.258264e-06 1.449003e-07)
(0.001357888 1.207428e-06 1.37126e-07)
(0.001357314 1.159076e-06 1.298324e-07)
(0.001356763 1.113048e-06 1.22977e-07)
(0.001356233 1.069199e-06 1.165379e-07)
(0.001355723 1.027383e-06 1.104971e-07)
(0.001355232 9.874775e-07 1.048385e-07)
(0.00135476 9.493731e-07 9.952066e-08)
(0.001354306 9.129678e-07 9.454333e-08)
(0.001353869 8.781436e-07 8.976297e-08)
(0.001677193 3.004508e-06 2.233551e-07)
(0.001676215 2.87527e-06 2.104825e-07)
(0.001675276 2.752981e-06 1.984398e-07)
(0.001674375 2.637121e-06 1.871404e-07)
(0.00167351 2.527289e-06 1.765585e-07)
(0.001672679 2.423079e-06 1.666401e-07)
(0.00167188 2.324121e-06 1.573447e-07)
(0.001671113 2.230075e-06 1.486234e-07)
(0.001670375 2.140623e-06 1.404448e-07)
(0.001669665 2.055469e-06 1.327624e-07)
(0.001668983 1.97434e-06 1.255469e-07)
(0.001668327 1.896977e-06 1.18778e-07)
(0.001667695 1.823151e-06 1.124396e-07)
(0.001667087 1.752648e-06 1.064848e-07)
(0.001666502 1.685265e-06 1.009137e-07)
(0.001665939 1.620805e-06 9.558403e-08)
(0.001908859 4.636118e-06 2.303463e-07)
(0.001907758 4.437496e-06 2.169854e-07)
(0.001906699 4.249535e-06 2.044772e-07)
(0.001905683 4.071427e-06 1.927295e-07)
(0.001904706 3.902522e-06 1.817203e-07)
(0.001903766 3.742207e-06 1.713974e-07)
(0.001902863 3.58992e-06 1.617187e-07)
(0.001901994 3.445142e-06 1.526354e-07)
(0.001901158 3.307392e-06 1.441141e-07)
(0.001900354 3.176223e-06 1.361082e-07)
(0.001899579 3.051219e-06 1.285851e-07)
(0.001898834 2.931991e-06 1.215223e-07)
(0.001898116 2.81819e-06 1.149027e-07)
(0.001897425 2.709488e-06 1.086798e-07)
(0.001896759 2.605569e-06 1.028514e-07)
(0.001896117 2.506137e-06 9.728994e-08)
(0.002077433 6.352376e-06 2.235642e-07)
(0.002076335 6.083437e-06 2.107543e-07)
(0.002075277 5.828693e-06 1.987416e-07)
(0.002074259 5.587096e-06 1.874389e-07)
(0.002073279 5.357766e-06 1.76828e-07)
(0.002072335 5.139907e-06 1.668635e-07)
(0.002071425 4.932786e-06 1.575064e-07)
(0.002070549 4.735723e-06 1.487128e-07)
(0.002069704 4.548086e-06 1.404516e-07)
(0.00206889 4.369291e-06 1.326807e-07)
(0.002068106 4.198789e-06 1.25369e-07)
(0.002067349 4.036069e-06 1.184939e-07)
(0.00206662 3.880672e-06 1.120394e-07)
(0.002065916 3.73216e-06 1.059631e-07)
(0.002065238 3.590114e-06 1.002586e-07)
(0.002064583 3.454141e-06 9.482333e-08)
(0.002197933 7.953385e-06 2.023001e-07)
(0.002196979 7.623221e-06 1.910472e-07)
(0.002196057 7.309992e-06 1.804668e-07)
(0.002195167 7.012497e-06 1.70487e-07)
(0.002194307 6.729695e-06 1.610919e-07)
(0.002193476 6.460669e-06 1.522459e-07)
(0.002192674 6.204568e-06 1.439172e-07)
(0.002191898 5.960599e-06 1.360706e-07)
(0.002191148 5.728027e-06 1.286805e-07)
(0.002190423 5.506166e-06 1.217135e-07)
(0.002189723 5.294376e-06 1.15144e-07)
(0.002189046 5.092053e-06 1.089512e-07)
(0.002188392 4.898657e-06 1.031208e-07)
(0.002187759 4.713668e-06 9.761924e-08)
(0.002187148 4.53659e-06 9.243774e-08)
(0.002186557 4.366951e-06 8.750099e-08)
(0.002281905 9.234282e-06 1.695476e-07)
(0.002281228 8.86101e-06 1.605615e-07)
(0.00228057 8.506165e-06 1.520825e-07)
(0.002279929 8.168503e-06 1.440623e-07)
(0.002279307 7.846922e-06 1.364831e-07)
(0.002278701 7.540462e-06 1.2932e-07)
(0.002278113 7.24823e-06 1.225503e-07)
(0.002277542 6.969389e-06 1.161494e-07)
(0.002276987 6.703161e-06 1.100984e-07)
(0.002276448 6.448819e-06 1.043745e-07)
(0.002275925 6.205679e-06 9.895964e-08)
(0.002275416 5.973097e-06 9.383742e-08)
(0.002274923 5.750492e-06 8.899519e-08)
(0.002274444 5.537305e-06 8.441103e-08)
(0.00227398 5.333003e-06 8.007465e-08)
(0.002273529 5.137071e-06 7.594048e-08)
(0.002338441 1.002874e-05 1.30336e-07)
(0.002338138 9.636196e-06 1.23905e-07)
(0.002337838 9.262161e-06 1.17811e-07)
(0.002337539 8.905453e-06 1.12032e-07)
(0.002337244 8.565009e-06 1.065438e-07)
(0.002336952 8.239905e-06 1.013319e-07)
(0.002336663 7.929283e-06 9.638024e-08)
(0.002336378 7.63233e-06 9.167605e-08)
(0.002336098 7.348291e-06 8.720524e-08)
(0.002335822 7.076455e-06 8.29571e-08)
(0.00233555 6.816155e-06 7.891897e-08)
(0.002335284 6.566756e-06 7.508112e-08)
(0.002335022 6.327682e-06 7.14294e-08)
(0.002334765 6.098383e-06 6.795669e-08)
(0.002334513 5.878328e-06 6.465278e-08)
(0.002334267 5.667006e-06 6.149764e-08)
(0.002374827 1.023545e-05 9.038353e-08)
(0.002374947 9.848948e-06 8.638638e-08)
(0.002375053 9.479769e-06 8.258072e-08)
(0.002375146 9.126869e-06 7.896754e-08)
(0.002375227 8.789294e-06 7.551532e-08)
(0.002375296 8.466225e-06 7.221463e-08)
(0.002375355 8.156891e-06 6.90567e-08)
(0.002375405 7.860562e-06 6.603553e-08)
(0.002375446 7.576556e-06 6.314264e-08)
(0.00237548 7.304232e-06 6.037376e-08)
(0.002375507 7.042979e-06 5.772204e-08)
(0.002375527 6.79222e-06 5.518098e-08)
(0.002375541 6.551428e-06 5.274882e-08)
(0.00237555 6.320096e-06 5.042151e-08)
(0.002375554 6.097737e-06 4.818599e-08)
(0.002375554 5.883875e-06 4.604683e-08)
(0.002396916 9.82848e-06 5.427391e-08)
(0.002397459 9.470996e-06 5.231085e-08)
(0.002397974 9.12871e-06 5.043217e-08)
(0.002398461 8.800754e-06 4.865715e-08)
(0.002398923 8.486335e-06 4.69464e-08)
(0.002399361 8.184767e-06 4.52924e-08)
(0.002399776 7.895405e-06 4.369103e-08)
(0.00240017 7.617635e-06 4.214006e-08)
(0.002400544 7.350881e-06 4.063489e-08)
(0.002400899 7.094597e-06 3.917613e-08)
(0.002401236 6.848267e-06 3.776323e-08)
(0.002401556 6.611396e-06 3.639066e-08)
(0.002401861 6.383534e-06 3.505321e-08)
(0.002402151 6.164245e-06 3.375915e-08)
(0.002402426 5.953112e-06 3.249565e-08)
(0.002402688 5.749721e-06 3.128507e-08)
(0.002409337 8.847859e-06 2.476639e-08)
(0.002410261 8.537606e-06 2.432056e-08)
(0.002411146 8.23988e-06 2.389131e-08)
(0.002411993 7.954001e-06 2.351098e-08)
(0.002412804 7.679348e-06 2.313315e-08)
(0.002413581 7.415383e-06 2.27498e-08)
(0.002414326 7.161594e-06 2.235932e-08)
(0.002415039 6.917495e-06 2.196086e-08)
(0.002415724 6.682629e-06 2.155178e-08)
(0.00241638 6.456562e-06 2.113423e-08)
(0.00241701 6.23888e-06 2.07104e-08)
(0.002417615 6.029187e-06 2.027462e-08)
(0.002418195 5.827122e-06 1.982985e-08)
(0.002418752 5.632334e-06 1.938404e-08)
(0.002419287 5.444486e-06 1.892161e-08)
(0.002419801 5.263242e-06 1.848054e-08)
(0.002415627 7.379568e-06 2.731055e-09)
(0.002416864 7.129248e-06 3.304264e-09)
(0.002418055 6.888577e-06 3.857617e-09)
(0.002419201 6.65705e-06 4.432006e-09)
(0.002420304 6.434212e-06 4.975709e-09)
(0.002421366 6.219663e-06 5.47914e-09)
(0.002422388 6.013024e-06 5.941496e-09)
(0.002423373 5.813934e-06 6.361769e-09)
(0.002424322 5.622051e-06 6.737972e-09)
(0.002425236 5.437052e-06 7.073214e-09)
(0.002426118 5.258627e-06 7.372391e-09)
(0.002426967 5.086478e-06 7.628551e-09)
(0.002427785 4.920336e-06 7.839887e-09)
(0.002428575 4.759938e-06 8.021593e-09)
(0.002429336 4.605028e-06 8.157779e-09)
(0.00243007 4.455352e-06 8.296135e-09)
(0.002418363 5.532807e-06 -1.227961e-08)
(0.002419834 5.350202e-06 -1.109067e-08)
(0.002421254 5.174371e-06 -9.937201e-09)
(0.002422625 5.004972e-06 -8.773332e-09)
(0.002423949 4.841696e-06 -7.654249e-09)
(0.002425228 4.684271e-06 -6.591441e-09)
(0.002426463 4.532436e-06 -5.585575e-09)
(0.002427656 4.385948e-06 -4.638441e-09)
(0.002428809 4.244571e-06 -3.752025e-09)
(0.002429922 4.108084e-06 -2.923927e-09)
(0.002430999 3.976276e-06 -2.14885e-09)
(0.002432039 3.848942e-06 -1.435171e-09)
(0.002433044 3.725896e-06 -7.801167e-10)
(0.002434016 3.606959e-06 -1.707869e-10)
(0.002434955 3.491954e-06 3.747039e-10)
(0.002435863 3.380706e-06 9.111283e-10)
(0.002419301 3.42213e-06 -2.135181e-08)
(0.002420924 3.311371e-06 -1.983401e-08)
(0.002422496 3.204612e-06 -1.835629e-08)
(0.002424016 3.101654e-06 -1.687025e-08)
(0.002425486 3.002319e-06 -1.543284e-08)
(0.002426908 2.90645e-06 -1.405718e-08)
(0.002428285 2.813896e-06 -1.274401e-08)
(0.002429617 2.724515e-06 -1.149612e-08)
(0.002430907 2.638171e-06 -1.031553e-08)
(0.002432155 2.554737e-06 -9.200299e-09)
(0.002433363 2.474089e-06 -8.14413e-09)
(0.002434532 2.39611e-06 -7.156564e-09)
(0.002435664 2.320691e-06 -6.237821e-09)
(0.00243676 2.24773e-06 -5.372415e-09)
(0.002437821 2.177125e-06 -4.578183e-09)
(0.002438848 2.108776e-06 -3.798842e-09)
(0.002419516 1.157541e-06 -2.556556e-08)
(0.002421215 1.120459e-06 -2.391014e-08)
(0.002422861 1.084698e-06 -2.229529e-08)
(0.002424454 1.050192e-06 -2.067141e-08)
(0.002425996 1.016884e-06 -1.909643e-08)
(0.00242749 9.847229e-07 -1.758405e-08)
(0.002428937 9.536582e-07 -1.613548e-08)
(0.002430339 9.236449e-07 -1.475362e-08)
(0.002431696 8.946381e-07 -1.344105e-08)
(0.002433012 8.665974e-07 -1.219567e-08)
(0.002434286 8.394854e-07 -1.101239e-08)
(0.00243552 8.132619e-07 -9.899302e-09)
(0.002436716 7.878874e-07 -8.856992e-09)
(0.002437874 7.633326e-07 -7.871283e-09)
(0.002438997 7.395758e-07 -6.959026e-09)
(0.002440084 7.16579e-07 -6.069568e-09)
(0.0003782575 4.007879e-08 6.80596e-08)
(0.00037808 3.844076e-08 6.454876e-08)
(0.0003779094 3.679679e-08 6.125247e-08)
(0.0003777456 3.523792e-08 5.814348e-08)
(0.0003775882 3.376942e-08 5.522057e-08)
(0.0003774369 3.238046e-08 5.246586e-08)
(0.0003772915 3.106624e-08 4.987677e-08)
(0.0003771516 2.982157e-08 4.743516e-08)
(0.000377017 2.864104e-08 4.513984e-08)
(0.0003768875 2.752051e-08 4.297221e-08)
(0.0003767629 2.645689e-08 4.093289e-08)
(0.0003766429 2.544364e-08 3.901261e-08)
(0.0003765274 2.447887e-08 3.72088e-08)
(0.0003764162 2.356478e-08 3.550641e-08)
(0.0003763091 2.270393e-08 3.389886e-08)
(0.0003762059 2.186648e-08 3.233324e-08)
(0.0009526783 6.321485e-07 1.232111e-07)
(0.0009521828 6.051555e-07 1.165158e-07)
(0.0009517071 5.794537e-07 1.102516e-07)
(0.0009512506 5.550453e-07 1.043619e-07)
(0.0009508121 5.319044e-07 9.883135e-08)
(0.0009503909 5.099505e-07 9.362938e-08)
(0.0009499862 4.89113e-07 8.874039e-08)
(0.0009495972 4.693218e-07 8.413692e-08)
(0.0009492231 4.505097e-07 7.980788e-08)
(0.0009488634 4.326138e-07 7.572633e-08)
(0.0009485174 4.155778e-07 7.188181e-08)
(0.0009481846 3.993421e-07 6.826686e-08)
(0.0009478643 3.838573e-07 6.487892e-08)
(0.000947556 3.690885e-07 6.169053e-08)
(0.0009472593 3.550057e-07 5.869298e-08)
(0.0009469737 3.415231e-07 5.576377e-08)
(0.00138388 1.697985e-06 1.47972e-07)
(0.001383104 1.624721e-06 1.395805e-07)
(0.001382358 1.555332e-06 1.317302e-07)
(0.001381643 1.489566e-06 1.243531e-07)
(0.001380956 1.427236e-06 1.174317e-07)
(0.001380296 1.368116e-06 1.109307e-07)
(0.001379663 1.312e-06 1.048253e-07)
(0.001379054 1.258695e-06 9.908296e-08)
(0.001378469 1.208022e-06 9.368573e-08)
(0.001377906 1.15981e-06 8.860242e-08)
(0.001377365 1.113903e-06 8.381364e-08)
(0.001376844 1.070153e-06 7.93122e-08)
(0.001376343 1.028424e-06 7.509669e-08)
(0.001375862 9.885991e-07 7.113486e-08)
(0.001375398 9.505706e-07 6.74234e-08)
(0.001374952 9.142055e-07 6.380122e-08)
(0.001704719 3.132828e-06 1.628235e-07)
(0.00170372 2.99718e-06 1.533291e-07)
(0.001702761 2.868886e-06 1.444531e-07)
(0.001701841 2.747391e-06 1.361153e-07)
(0.001700957 2.63227e-06 1.282974e-07)
(0.001700108 2.523094e-06 1.209619e-07)
(0.001699293 2.419469e-06 1.140772e-07)
(0.001698509 2.321035e-06 1.076069e-07)
(0.001697755 2.227455e-06 1.015279e-07)
(0.00169703 2.138416e-06 9.580585e-08)
(0.001696333 2.053629e-06 9.041516e-08)
(0.001695662 1.972821e-06 8.534575e-08)
(0.001695017 1.895747e-06 8.05966e-08)
(0.001694396 1.822178e-06 7.613262e-08)
(0.001693798 1.7519e-06 7.195347e-08)
(0.001693222 1.684701e-06 6.788938e-08)
(0.00194125 4.829133e-06 1.685181e-07)
(0.001940125 4.620917e-06 1.585947e-07)
(0.001939043 4.42396e-06 1.49316e-07)
(0.001938004 4.237408e-06 1.405951e-07)
(0.001937006 4.060572e-06 1.324151e-07)
(0.001936046 3.892804e-06 1.247399e-07)
(0.001935123 3.733509e-06 1.175354e-07)
(0.001934235 3.582138e-06 1.107648e-07)
(0.00193338 3.438181e-06 1.044027e-07)
(0.001932558 3.301167e-06 9.841448e-08)
(0.001931766 3.170655e-06 9.277176e-08)
(0.001931004 3.046238e-06 8.746113e-08)
(0.00193027 2.92754e-06 8.247947e-08)
(0.001929563 2.814214e-06 7.779266e-08)
(0.001928882 2.705925e-06 7.340012e-08)
(0.001928226 2.602361e-06 6.914473e-08)
(0.002113464 6.612486e-06 1.645532e-07)
(0.002112342 6.330778e-06 1.549523e-07)
(0.002111261 6.064046e-06 1.459627e-07)
(0.002110221 5.811183e-06 1.37502e-07)
(0.002109219 5.571258e-06 1.295549e-07)
(0.002108255 5.343431e-06 1.220897e-07)
(0.002107325 5.126925e-06 1.15074e-07)
(0.00210643 4.921022e-06 1.084739e-07)
(0.002105566 4.725057e-06 1.022653e-07)
(0.002104734 4.538408e-06 9.641631e-08)
(0.002103932 4.360499e-06 9.090015e-08)
(0.002103159 4.190794e-06 8.570154e-08)
(0.002102413 4.028799e-06 8.081628e-08)
(0.002101693 3.874051e-06 7.621297e-08)
(0.002101 3.726108e-06 7.188841e-08)
(0.00210033 3.584554e-06 6.771344e-08)
(0.002236586 8.274772e-06 1.498854e-07)
(0.002235613 7.929149e-06 1.413692e-07)
(0.002234673 7.601377e-06 1.333752e-07)
(0.002233765 7.29019e-06 1.258363e-07)
(0.002232888 6.99449e-06 1.187379e-07)
(0.00223204 6.713307e-06 1.120543e-07)
(0.002231221 6.445744e-06 1.057591e-07)
(0.002230429 6.190962e-06 9.982412e-08)
(0.002229664 5.948185e-06 9.422918e-08)
(0.002228924 5.716689e-06 8.894848e-08)
(0.002228209 5.495798e-06 8.396005e-08)
(0.002227517 5.28488e-06 7.924876e-08)
(0.002226849 5.083354e-06 7.480896e-08)
(0.002226203 4.890673e-06 7.061572e-08)
(0.002225578 4.706312e-06 6.666319e-08)
(0.002224975 4.529774e-06 6.285684e-08)
(0.002322369 9.603031e-06 1.26546e-07)
(0.002321682 9.212496e-06 1.196719e-07)
(0.002321014 8.841373e-06 1.131961e-07)
(0.002320364 8.488353e-06 1.070746e-07)
(0.002319731 8.152274e-06 1.012912e-07)
(0.002319116 7.832121e-06 9.582698e-08)
(0.002318519 7.526952e-06 9.06626e-08)
(0.002317938 7.235883e-06 8.577799e-08)
(0.002317373 6.958095e-06 8.115798e-08)
(0.002316825 6.692817e-06 7.678449e-08)
(0.002316292 6.43933e-06 7.264191e-08)
(0.002315775 6.196959e-06 6.871758e-08)
(0.002315273 5.965081e-06 6.500498e-08)
(0.002314785 5.743107e-06 6.148716e-08)
(0.002314312 5.530471e-06 5.815618e-08)
(0.002313853 5.326634e-06 5.495557e-08)
(0.00238009 1.04246e-05 9.804321e-08)
(0.00237979 1.001411e-05 9.306183e-08)
(0.002379491 9.623114e-06 8.834714e-08)
(0.002379193 9.250366e-06 8.38819e-08)
(0.002378898 8.894743e-06 7.964543e-08)
(0.002378606 8.555272e-06 7.562481e-08)
(0.002378317 8.231046e-06 7.180679e-08)
(0.002378032 7.921207e-06 6.818032e-08)
(0.002377751 7.624959e-06 6.47339e-08)
(0.002377474 7.341552e-06 6.145841e-08)
(0.002377201 7.070281e-06 5.834337e-08)
(0.002376933 6.810483e-06 5.538039e-08)
(0.002376669 6.561541e-06 5.256051e-08)
(0.00237641 6.322873e-06 4.987688e-08)
(0.002376157 6.093919e-06 4.73201e-08)
(0.002375908 5.87414e-06 4.486882e-08)
(0.002417199 1.063485e-05 6.861938e-08)
(0.002417335 1.023088e-05 6.546837e-08)
(0.002417455 9.845151e-06 6.246911e-08)
(0.002417561 9.476555e-06 5.962838e-08)
(0.002417654 9.124094e-06 5.692054e-08)
(0.002417735 8.786899e-06 5.433514e-08)
(0.002417804 8.46416e-06 5.186496e-08)
(0.002417864 8.155106e-06 4.950474e-08)
(0.002417915 7.859017e-06 4.724703e-08)
(0.002417957 7.575216e-06 4.508782e-08)
(0.002417991 7.30306e-06 4.302172e-08)
(0.002418019 7.041945e-06 4.104324e-08)
(0.00241804 6.791306e-06 3.914937e-08)
(0.002418055 6.550607e-06 3.73367e-08)
(0.002418065 6.319335e-06 3.559243e-08)
(0.002418071 6.096988e-06 3.392756e-08)
(0.002439689 1.020775e-05 4.174457e-08)
(0.00244026 9.834284e-06 4.014193e-08)
(0.002440801 9.47681e-06 3.860469e-08)
(0.002441314 9.134419e-06 3.715933e-08)
(0.002441799 8.806276e-06 3.57749e-08)
(0.00244226 8.491658e-06 3.444109e-08)
(0.002442696 8.189883e-06 3.315475e-08)
(0.002443111 7.900304e-06 3.19141e-08)
(0.002443504 7.622313e-06 3.071458e-08)
(0.002443877 7.355334e-06 2.955609e-08)
(0.002444232 7.098822e-06 2.843859e-08)
(0.002444569 6.852261e-06 2.73571e-08)
(0.002444889 6.615167e-06 2.630571e-08)
(0.002445193 6.387082e-06 2.528909e-08)
(0.002445483 6.167561e-06 2.429341e-08)
(0.002445758 5.95617e-06 2.335532e-08)
(0.0024523 9.18578e-06 1.960127e-08)
(0.002453263 8.861783e-06 1.916564e-08)
(0.002454185 8.550968e-06 1.87396e-08)
(0.002455068 8.252623e-06 1.836404e-08)
(0.002455914 7.966095e-06 1.800326e-08)
(0.002456723 7.690812e-06 1.764558e-08)
(0.002457499 7.426236e-06 1.729015e-08)
(0.002458243 7.171856e-06 1.693674e-08)
(0.002458956 6.927187e-06 1.658221e-08)
(0.00245964 6.691772e-06 1.622788e-08)
(0.002460296 6.465174e-06 1.587629e-08)
(0.002460925 6.246979e-06 1.552283e-08)
(0.002461529 6.036799e-06 1.516519e-08)
(0.002462109 5.834266e-06 1.480881e-08)
(0.002462666 5.63902e-06 1.443702e-08)
(0.002463201 5.450707e-06 1.410768e-08)
(0.002458656 7.658879e-06 2.949503e-09)
(0.002459941 7.397556e-06 3.305278e-09)
(0.002461178 7.146386e-06 3.63985e-09)
(0.002462369 6.904843e-06 4.003736e-09)
(0.002463514 6.672445e-06 4.357663e-09)
(0.002464617 6.448769e-06 4.688062e-09)
(0.002465679 6.233417e-06 4.994906e-09)
(0.002466702 6.026008e-06 5.278236e-09)
(0.002467687 5.82618e-06 5.535365e-09)
(0.002468636 5.633592e-06 5.768548e-09)
(0.00246955 5.447917e-06 5.982701e-09)
(0.002470432 5.268845e-06 6.172096e-09)
(0.002471281 5.096084e-06 6.330803e-09)
(0.0024721 4.929357e-06 6.468823e-09)
(0.00247289 4.768393e-06 6.568578e-09)
(0.002473651 4.612924e-06 6.702718e-09)
(0.002461395 5.740711e-06 -8.455917e-09)
(0.002462921 5.550125e-06 -7.61749e-09)
(0.002464394 5.366671e-06 -6.813987e-09)
(0.002465817 5.189987e-06 -5.989218e-09)
(0.002467189 5.019749e-06 -5.184797e-09)
(0.002468515 4.855668e-06 -4.416214e-09)
(0.002469795 4.697472e-06 -3.683211e-09)
(0.002471032 4.544901e-06 -2.986057e-09)
(0.002472226 4.397707e-06 -2.327481e-09)
(0.00247338 4.255658e-06 -1.705657e-09)
(0.002474496 4.118528e-06 -1.115104e-09)
(0.002475573 3.986105e-06 -5.624038e-10)
(0.002476615 3.858189e-06 -5.149504e-11)
(0.002477621 3.734588e-06 4.264913e-10)
(0.002478594 3.615118e-06 8.519102e-10)
(0.002479534 3.499591e-06 1.307537e-09)
(0.002462316 3.550074e-06 -1.537795e-08)
(0.002463999 3.434493e-06 -1.427939e-08)
(0.002465627 3.323124e-06 -1.322015e-08)
(0.002467202 3.215756e-06 -1.214118e-08)
(0.002468725 3.112203e-06 -1.108519e-08)
(0.002470199 3.012298e-06 -1.00692e-08)
(0.002471624 2.915883e-06 -9.092916e-09)
(0.002473004 2.822806e-06 -8.157286e-09)
(0.002474339 2.732926e-06 -7.264992e-09)
(0.002475631 2.646106e-06 -6.414586e-09)
(0.002476882 2.562217e-06 -5.599707e-09)
(0.002478092 2.481135e-06 -4.828066e-09)
(0.002479264 2.402745e-06 -4.105341e-09)
(0.002480398 2.326935e-06 -3.42138e-09)
(0.002481496 2.253601e-06 -2.795804e-09)
(0.002482559 2.182632e-06 -2.142776e-09)
(0.002462518 1.200705e-06 -1.859936e-08)
(0.002464277 1.162011e-06 -1.739102e-08)
(0.002465982 1.124708e-06 -1.622262e-08)
(0.002467632 1.088728e-06 -1.503396e-08)
(0.002469229 1.054009e-06 -1.386818e-08)
(0.002470776 1.020496e-06 -1.274311e-08)
(0.002472274 9.881383e-07 -1.165852e-08)
(0.002473725 9.568869e-07 -1.061565e-08)
(0.00247513 9.266944e-07 -9.617343e-09)
(0.002476491 8.975183e-07 -8.662311e-09)
(0.00247781 8.693178e-07 -7.745094e-09)
(0.002479087 8.420527e-07 -6.872646e-09)
(0.002480324 8.156817e-07 -6.050337e-09)
(0.002481523 7.90172e-07 -5.269143e-09)
(0.002482684 7.655011e-07 -4.547006e-09)
(0.002483809 7.416202e-07 -3.807382e-09)
(0.000381229 4.208449e-08 3.954029e-08)
(0.0003810496 4.03444e-08 3.748369e-08)
(0.0003808773 3.860589e-08 3.555089e-08)
(0.0003807118 3.695784e-08 3.37187e-08)
(0.0003805528 3.540634e-08 3.199185e-08)
(0.0003803999 3.393979e-08 3.035988e-08)
(0.0003802529 3.255276e-08 2.882294e-08)
(0.0003801115 3.123965e-08 2.736962e-08)
(0.0003799755 2.999477e-08 2.600086e-08)
(0.0003798446 2.881362e-08 2.470444e-08)
(0.0003797186 2.769259e-08 2.348206e-08)
(0.0003795973 2.6626e-08 2.232958e-08)
(0.0003794805 2.561205e-08 2.124922e-08)
(0.000379368 2.465136e-08 2.022986e-08)
(0.0003792597 2.374729e-08 1.926284e-08)
(0.0003791553 2.286339e-08 1.831287e-08)
(0.0009612996 6.516285e-07 7.211462e-08)
(0.0009607983 6.236636e-07 6.814575e-08)
(0.0009603171 5.970522e-07 6.443653e-08)
(0.0009598551 5.71789e-07 6.093481e-08)
(0.0009594115 5.478465e-07 5.763629e-08)
(0.0009589853 5.25141e-07 5.452358e-08)
(0.0009585757 5.035982e-07 5.158825e-08)
(0.000958182 4.831447e-07 4.88138e-08)
(0.0009578034 4.637104e-07 4.619543e-08)
(0.0009574394 4.452294e-07 4.371633e-08)
(0.0009570891 4.276428e-07 4.137079e-08)
(0.0009567521 4.108906e-07 3.915813e-08)
(0.0009564278 3.94922e-07 3.708423e-08)
(0.0009561157 3.79698e-07 3.513127e-08)
(0.0009558152 3.651875e-07 3.328485e-08)
(0.000955526 3.512888e-07 3.144194e-08)
(0.001397421 1.745928e-06 8.526209e-08)
(0.001396634 1.670271e-06 8.033116e-08)
(0.001395879 1.59864e-06 7.572134e-08)
(0.001395154 1.530771e-06 7.136976e-08)
(0.001394459 1.466467e-06 6.727239e-08)
(0.001393791 1.405495e-06 6.341089e-08)
(0.001393149 1.347641e-06 5.977026e-08)
(0.001392532 1.292704e-06 5.633133e-08)
(0.001391939 1.240497e-06 5.308512e-08)
(0.001391369 1.190843e-06 5.001274e-08)
(0.001390821 1.143581e-06 4.71023e-08)
(0.001390294 1.098556e-06 4.435336e-08)
(0.001389786 1.05563e-06 4.177428e-08)
(0.001389298 1.014678e-06 3.93469e-08)
(0.001388828 9.755881e-07 3.70612e-08)
(0.001388375 9.382106e-07 3.476542e-08)
(0.001722274 3.217947e-06 9.437683e-08)
(0.001721262 3.078042e-06 8.872602e-08)
(0.00172029 2.945763e-06 8.345316e-08)
(0.001719357 2.82053e-06 7.848191e-08)
(0.001718462 2.701902e-06 7.380641e-08)
(0.001717601 2.589435e-06 6.940764e-08)
(0.001716775 2.482721e-06 6.526462e-08)
(0.00171598 2.381384e-06 6.135497e-08)
(0.001715216 2.285076e-06 5.766592e-08)
(0.001714481 2.193472e-06 5.417645e-08)
(0.001713774 2.106272e-06 5.087001e-08)
(0.001713094 2.023196e-06 4.774355e-08)
(0.00171244 1.943987e-06 4.480544e-08)
(0.00171181 1.868407e-06 4.203683e-08)
(0.001711203 1.796233e-06 3.943294e-08)
(0.00171062 1.727236e-06 3.682268e-08)
(0.001961932 4.957063e-06 9.845301e-08)
(0.001960791 4.742477e-06 9.245117e-08)
(0.001959695 4.539552e-06 8.685635e-08)
(0.001958641 4.3474e-06 8.158472e-08)
(0.001957629 4.165307e-06 7.6629e-08)
(0.001956656 3.992603e-06 7.197117e-08)
(0.00195572 3.828669e-06 6.758734e-08)
(0.001954819 3.672937e-06 6.345349e-08)
(0.001953952 3.52488e-06 5.955478e-08)
(0.001953118 3.384007e-06 5.586935e-08)
(0.001952315 3.249864e-06 5.237834e-08)
(0.001951542 3.12203e-06 4.907519e-08)
(0.001950797 3.000114e-06 4.596547e-08)
(0.00195008 2.883754e-06 4.303102e-08)
(0.001949389 2.772603e-06 4.026923e-08)
(0.001948724 2.666327e-06 3.751583e-08)
(0.002136488 6.784875e-06 9.755965e-08)
(0.00213535 6.494688e-06 9.162816e-08)
(0.002134255 6.219998e-06 8.609506e-08)
(0.002133201 5.95966e-06 8.088054e-08)
(0.002132186 5.712708e-06 7.597587e-08)
(0.002131208 5.478274e-06 7.136482e-08)
(0.002130265 5.255554e-06 6.702387e-08)
(0.002129357 5.043803e-06 6.29297e-08)
(0.002128482 4.84233e-06 5.906732e-08)
(0.002127638 4.650495e-06 5.541598e-08)
(0.002126825 4.467701e-06 5.195738e-08)
(0.00212604 4.293392e-06 4.868262e-08)
(0.002125284 4.127056e-06 4.559459e-08)
(0.002124554 3.968213e-06 4.267575e-08)
(0.00212385 3.816401e-06 3.992344e-08)
(0.002123171 3.671183e-06 3.719844e-08)
(0.002261299 8.487773e-06 9.029386e-08)
(0.002260315 8.131878e-06 8.491357e-08)
(0.002259363 7.794446e-06 7.988301e-08)
(0.002258444 7.47417e-06 7.51378e-08)
(0.002257555 7.169912e-06 7.06677e-08)
(0.002256696 6.880669e-06 6.645866e-08)
(0.002255866 6.60551e-06 6.249057e-08)
(0.002255064 6.343568e-06 5.87434e-08)
(0.002254289 6.094041e-06 5.520388e-08)
(0.002253539 5.856177e-06 5.185461e-08)
(0.002252814 5.629278e-06 4.868021e-08)
(0.002252114 5.412692e-06 4.567083e-08)
(0.002251436 5.205813e-06 4.282632e-08)
(0.002250781 5.008075e-06 4.013222e-08)
(0.002250148 4.81893e-06 3.758402e-08)
(0.002249536 4.637858e-06 3.507822e-08)
(0.002348248 9.847443e-06 7.75871e-08)
(0.002347555 9.445433e-06 7.31387e-08)
(0.002346881 9.063492e-06 6.896282e-08)
(0.002346224 8.700271e-06 6.501923e-08)
(0.002345586 8.354566e-06 6.129541e-08)
(0.002344965 8.025329e-06 5.777924e-08)
(0.002344361 7.711583e-06 5.445574e-08)
(0.002343774 7.412414e-06 5.131001e-08)
(0.002343204 7.126973e-06 4.833144e-08)
(0.002342649 6.854463e-06 4.550728e-08)
(0.002342111 6.594141e-06 4.282631e-08)
(0.002341588 6.34531e-06 4.027976e-08)
(0.00234108 6.10732e-06 3.786497e-08)
(0.002340587 5.879563e-06 3.55713e-08)
(0.002340108 5.661448e-06 3.33929e-08)
(0.002339643 5.452411e-06 3.1266e-08)
(0.002406731 1.068698e-05 6.122409e-08)
(0.002406432 1.026457e-05 5.791202e-08)
(0.002406134 9.862296e-06 5.47848e-08)
(0.002405838 9.478889e-06 5.183072e-08)
(0.002405544 9.113187e-06 4.903355e-08)
(0.002405252 8.76418e-06 4.638261e-08)
(0.002404963 8.430931e-06 4.386765e-08)
(0.002404678 8.112552e-06 4.148003e-08)
(0.002404396 7.808219e-06 3.92111e-08)
(0.002404119 7.517155e-06 3.705391e-08)
(0.002403845 7.238633e-06 3.500069e-08)
(0.002403576 6.971967e-06 3.304525e-08)
(0.002403312 6.716517e-06 3.118207e-08)
(0.002403052 6.471679e-06 2.940594e-08)
(0.002402797 6.23687e-06 2.770901e-08)
(0.002402547 6.011524e-06 2.606643e-08)
(0.002444303 1.089958e-05 4.376178e-08)
(0.002444449 1.0484e-05 4.158918e-08)
(0.002444579 1.008726e-05 3.952117e-08)
(0.002444694 9.708233e-06 3.757288e-08)
(0.002444795 9.345883e-06 3.572464e-08)
(0.002444884 8.999312e-06 3.396485e-08)
(0.002444961 8.667679e-06 3.228812e-08)
(0.002445027 8.350188e-06 3.069025e-08)
(0.002445084 8.046095e-06 2.91649e-08)
(0.002445132 7.754697e-06 2.770853e-08)
(0.002445171 7.475332e-06 2.631695e-08)
(0.002445204 7.207375e-06 2.498633e-08)
(0.00244523 6.950239e-06 2.3713e-08)
(0.002445249 6.703369e-06 2.249378e-08)
(0.002445264 6.46623e-06 2.131829e-08)
(0.002445273 6.238293e-06 2.019661e-08)
(0.002467047 1.045911e-05 2.739691e-08)
(0.002467637 1.007502e-05 2.621527e-08)
(0.002468196 9.707443e-06 2.507553e-08)
(0.002468725 9.355458e-06 2.401538e-08)
(0.002469227 9.0182e-06 2.301179e-08)
(0.002469703 8.694918e-06 2.205102e-08)
(0.002470154 8.384907e-06 2.113124e-08)
(0.002470581 8.087498e-06 2.02512e-08)
(0.002470988 7.802062e-06 1.940629e-08)
(0.002471373 7.528003e-06 1.859574e-08)
(0.002471739 7.264758e-06 1.781916e-08)
(0.002472087 7.011794e-06 1.707308e-08)
(0.002472418 6.768607e-06 1.635155e-08)
(0.002472732 6.534723e-06 1.565581e-08)
(0.002473031 6.30968e-06 1.497378e-08)
(0.002473316 6.093017e-06 1.43451e-08)
(0.002479777 9.409703e-06 1.364596e-08)
(0.002480766 9.076565e-06 1.322848e-08)
(0.002481714 8.75705e-06 1.28108e-08)
(0.002482621 8.450421e-06 1.244749e-08)
(0.002483489 8.156003e-06 1.211268e-08)
(0.00248432 7.873207e-06 1.178996e-08)
(0.002485117 7.601476e-06 1.147971e-08)
(0.00248588 7.340278e-06 1.118226e-08)
(0.002486612 7.089115e-06 1.089389e-08)
(0.002487314 6.847511e-06 1.061488e-08)
(0.002487988 6.615016e-06 1.034687e-08)
(0.002488634 6.391203e-06 1.008706e-08)
(0.002489254 6.175668e-06 9.830412e-09)
(0.002489849 5.968029e-06 9.578686e-09)
(0.00249042 5.767911e-06 9.317835e-09)
(0.002490969 5.574939e-06 9.111009e-09)
(0.002486172 7.843931e-06 3.137017e-09)
(0.00248749 7.575292e-06 3.248506e-09)
(0.002488758 7.317144e-06 3.335448e-09)
(0.002489978 7.068945e-06 3.463885e-09)
(0.002491152 6.830198e-06 3.605921e-09)
(0.002492282 6.600465e-06 3.742687e-09)
(0.00249337 6.379333e-06 3.875518e-09)
(0.002494418 6.166408e-06 4.005298e-09)
(0.002495427 5.961317e-06 4.128642e-09)
(0.002496399 5.763705e-06 4.246635e-09)
(0.002497335 5.573236e-06 4.362711e-09)
(0.002498238 5.389588e-06 4.473322e-09)
(0.002499108 5.212459e-06 4.570936e-09)
(0.002499947 5.04156e-06 4.659746e-09)
(0.002500755 4.876609e-06 4.724584e-09)
(0.002501535 4.717321e-06 4.846148e-09)
(0.002488912 5.87843e-06 -4.150858e-09)
(0.002490475 5.68254e-06 -3.710566e-09)
(0.002491983 5.494018e-06 -3.306361e-09)
(0.002493439 5.312495e-06 -2.865372e-09)
(0.002494844 5.137634e-06 -2.41681e-09)
(0.002496201 4.969137e-06 -1.981635e-09)
(0.002497511 4.806721e-06 -1.557961e-09)
(0.002498776 4.650118e-06 -1.144803e-09)
(0.002499999 4.499071e-06 -7.455704e-10)
(0.00250118 4.35334e-06 -3.594326e-10)
(0.002502321 4.212691e-06 1.759484e-11)
(0.002503423 4.076906e-06 3.81632e-10)
(0.002504488 3.945775e-06 7.256369e-10)
(0.002505518 3.819101e-06 1.053066e-09)
(0.002506513 3.69669e-06 1.347337e-09)
(0.002507475 3.578342e-06 1.700841e-09)
(0.002489821 3.634815e-06 -8.615377e-09)
(0.002491543 3.51603e-06 -7.994638e-09)
(0.002493209 3.401597e-06 -7.414169e-09)
(0.00249482 3.2913e-06 -6.797609e-09)
(0.002496378 3.184947e-06 -6.174645e-09)
(0.002497885 3.082364e-06 -5.56779e-09)
(0.002499343 2.983387e-06 -4.974889e-09)
(0.002500754 2.887862e-06 -4.395341e-09)
(0.00250212 2.795639e-06 -3.832415e-09)
(0.002503441 2.706579e-06 -3.285567e-09)
(0.00250472 2.620546e-06 -2.750149e-09)
(0.002505957 2.537415e-06 -2.230874e-09)
(0.002507156 2.457063e-06 -1.735659e-09)
(0.002508315 2.379377e-06 -1.260638e-09)
(0.002509438 2.304246e-06 -8.224798e-10)
(0.002510525 2.23155e-06 -3.245924e-10)
(0.002490012 1.229292e-06 -1.070268e-08)
(0.002491813 1.189528e-06 -1.000457e-08)
(0.002493556 1.1512e-06 -9.347557e-09)
(0.002495244 1.114241e-06 -8.654006e-09)
(0.002496877 1.078584e-06 -7.953604e-09)
(0.002498459 1.044175e-06 -7.269772e-09)
(0.002499991 1.01096e-06 -6.600135e-09)
(0.002501474 9.788879e-07 -5.944428e-09)
(0.002502911 9.479103e-07 -5.305802e-09)
(0.002504302 9.179828e-07 -4.684102e-09)
(0.00250565 8.890625e-07 -4.075187e-09)
(0.002506956 8.611092e-07 -3.483449e-09)
(0.002508221 8.340807e-07 -2.916381e-09)
(0.002509446 8.079421e-07 -2.370913e-09)
(0.002510633 7.826711e-07 -1.861777e-09)
(0.002511783 7.582035e-07 -1.303047e-09)
(0.0003825165 4.32266e-08 9.262544e-09)
(0.0003823363 4.142692e-08 8.756066e-09)
(0.0003821632 3.963615e-08 8.276344e-09)
(0.0003819969 3.793854e-08 7.80408e-09)
(0.0003818372 3.634116e-08 7.351393e-09)
(0.0003816836 3.483186e-08 6.915295e-09)
(0.0003815359 3.340461e-08 6.499376e-09)
(0.0003813938 3.205359e-08 6.098836e-09)
(0.0003812571 3.0773e-08 5.717521e-09)
(0.0003811256 2.955808e-08 5.349618e-09)
(0.0003809989 2.840494e-08 4.998377e-09)
(0.000380877 2.730871e-08 4.663544e-09)
(0.0003807596 2.626764e-08 4.352364e-09)
(0.0003806465 2.528126e-08 4.058109e-09)
(0.0003805376 2.435307e-08 3.771081e-09)
(0.0003804326 2.344239e-08 3.479766e-09)
(0.0009650417 6.607539e-07 1.781816e-08)
(0.0009645379 6.323345e-07 1.675537e-08)
(0.0009640542 6.053016e-07 1.577283e-08)
(0.0009635898 5.796419e-07 1.481798e-08)
(0.0009631439 5.553281e-07 1.390033e-08)
(0.0009627154 5.322757e-07 1.301629e-08)
(0.0009623037 5.104077e-07 1.216548e-08)
(0.0009619079 4.896496e-07 1.134266e-08)
(0.0009615272 4.699297e-07 1.055042e-08)
(0.0009611611 4.51181e-07 9.782468e-09)
(0.0009608089 4.333427e-07 9.039023e-09)
(0.0009604699 4.163559e-07 8.324677e-09)
(0.0009601437 4.001693e-07 7.652833e-09)
(0.0009598297 3.847418e-07 7.014847e-09)
(0.0009595274 3.700403e-07 6.389519e-09)
(0.0009592364 3.559538e-07 5.721738e-09)
(0.001403311 1.767913e-06 1.838807e-08)
(0.00140252 1.691167e-06 1.715876e-08)
(0.00140176 1.618521e-06 1.601869e-08)
(0.001401032 1.549697e-06 1.490406e-08)
(0.001400332 1.484499e-06 1.382858e-08)
(0.001399661 1.42269e-06 1.279203e-08)
(0.001399015 1.364051e-06 1.179014e-08)
(0.001398395 1.308379e-06 1.081755e-08)
(0.001397799 1.255483e-06 9.875697e-09)
(0.001397225 1.205183e-06 8.958517e-09)
(0.001396673 1.157316e-06 8.063129e-09)
(0.001396143 1.111726e-06 7.19535e-09)
(0.001395632 1.068272e-06 6.371392e-09)
(0.001395141 1.026826e-06 5.585314e-09)
(0.001394667 9.872735e-07 4.816547e-09)
(0.001394212 9.494567e-07 3.965262e-09)
(0.001729926 3.257003e-06 2.124493e-08)
(0.001728908 3.115161e-06 1.971395e-08)
(0.00172793 2.981072e-06 1.830776e-08)
(0.001726992 2.854143e-06 1.694578e-08)
(0.001726091 2.733926e-06 1.563946e-08)
(0.001725226 2.61997e-06 1.439001e-08)
(0.001724394 2.51186e-06 1.318795e-08)
(0.001723594 2.409216e-06 1.202551e-08)
(0.001722826 2.311682e-06 1.090191e-08)
(0.001722086 2.218929e-06 9.809956e-09)
(0.001721375 2.130652e-06 8.743889e-09)
(0.00172069 2.046568e-06 7.707679e-09)
(0.001720032 1.966415e-06 6.717377e-09)
(0.001719398 1.889952e-06 5.768041e-09)
(0.001718787 1.816948e-06 4.84348e-09)
(0.001718199 1.747172e-06 3.820388e-09)
(0.00197096 5.015578e-06 2.349923e-08)
(0.001969812 4.7981e-06 2.170727e-08)
(0.00196871 4.592467e-06 2.007247e-08)
(0.00196765 4.397779e-06 1.850441e-08)
(0.001966631 4.213307e-06 1.701071e-08)
(0.001965652 4.038372e-06 1.559341e-08)
(0.00196471 3.872347e-06 1.423937e-08)
(0.001963804 3.714654e-06 1.293835e-08)
(0.001962932 3.564756e-06 1.168738e-08)
(0.001962092 3.422158e-06 1.047806e-08)
(0.001961284 3.286397e-06 9.302555e-09)
(0.001960506 3.157046e-06 8.161669e-09)
(0.001959757 3.033707e-06 7.068438e-09)
(0.001959035 2.916014e-06 6.018091e-09)
(0.001958339 2.803608e-06 4.998651e-09)
(0.001957669 2.69616e-06 3.885037e-09)
(0.002146549 6.8637e-06 2.580472e-08)
(0.002145406 6.569657e-06 2.381904e-08)
(0.002144304 6.29135e-06 2.200777e-08)
(0.002143243 6.027619e-06 2.028427e-08)
(0.002142222 5.777484e-06 1.865128e-08)
(0.002141238 5.540062e-06 1.711015e-08)
(0.00214029 5.314535e-06 1.564631e-08)
(0.002139376 5.100149e-06 1.424807e-08)
(0.002138496 4.896201e-06 1.291082e-08)
(0.002137647 4.702042e-06 1.162551e-08)
(0.002136828 4.517065e-06 1.038365e-08)
(0.002136038 4.340708e-06 9.183378e-09)
(0.002135277 4.172449e-06 8.033748e-09)
(0.002134542 4.0118e-06 6.92928e-09)
(0.002133834 3.858287e-06 5.860424e-09)
(0.00213315 3.711477e-06 4.717745e-09)
(0.002272107 8.585177e-06 2.639689e-08)
(0.002271117 8.224602e-06 2.43945e-08)
(0.002270161 7.882771e-06 2.255983e-08)
(0.002269236 7.558362e-06 2.082393e-08)
(0.002268343 7.250219e-06 1.91846e-08)
(0.002267479 6.957322e-06 1.764103e-08)
(0.002266645 6.678726e-06 1.617981e-08)
(0.002265838 6.413553e-06 1.478959e-08)
(0.002265058 6.160984e-06 1.346505e-08)
(0.002264304 5.92026e-06 1.219773e-08)
(0.002263575 5.690671e-06 1.097984e-08)
(0.00226287 5.471556e-06 9.807475e-09)
(0.002262188 5.262299e-06 8.685435e-09)
(0.002261529 5.062323e-06 7.608261e-09)
(0.002260892 4.871068e-06 6.567725e-09)
(0.002260276 4.688016e-06 5.479986e-09)
(0.002359571 9.959288e-06 2.502969e-08)
(0.002358875 9.552039e-06 2.319937e-08)
(0.002358198 9.165161e-06 2.150782e-08)
(0.002357539 8.797291e-06 1.99147e-08)
(0.002356898 8.447207e-06 1.841312e-08)
(0.002356274 8.113843e-06 1.699892e-08)
(0.002355668 7.796207e-06 1.566174e-08)
(0.002355078 7.493372e-06 1.439228e-08)
(0.002354505 7.204475e-06 1.318515e-08)
(0.002353948 6.928708e-06 1.203343e-08)
(0.002353407 6.665317e-06 1.093093e-08)
(0.002352882 6.413594e-06 9.873388e-09)
(0.002352371 6.17288e-06 8.861377e-09)
(0.002351875 5.942555e-06 7.890175e-09)
(0.002351394 5.722014e-06 6.952533e-09)
(0.002350927 5.510696e-06 5.995487e-09)
(0.002418389 1.080714e-05 2.164879e-08)
(0.002418091 1.037927e-05 2.014331e-08)
(0.002417794 9.971843e-06 1.873388e-08)
(0.002417498 9.583571e-06 1.741466e-08)
(0.002417204 9.213274e-06 1.617416e-08)
(0.002416913 8.859926e-06 1.500436e-08)
(0.002416625 8.522576e-06 1.389824e-08)
(0.002416339 8.200324e-06 1.285006e-08)
(0.002416058 7.892332e-06 1.185417e-08)
(0.00241578 7.597812e-06 1.090627e-08)
(0.002415506 7.316026e-06 1.000157e-08)
(0.002415237 7.046279e-06 9.136426e-09)
(0.002414972 6.787919e-06 8.308282e-09)
(0.002414712 6.540333e-06 7.513865e-09)
(0.002414457 6.302923e-06 6.746393e-09)
(0.002414206 6.075125e-06 5.983616e-09)
(0.002456163 1.10209e-05 1.700059e-08)
(0.002456315 1.06e-05 1.589169e-08)
(0.00245645 1.019822e-05 1.483382e-08)
(0.002456569 9.814422e-06 1.385489e-08)
(0.002456674 9.447557e-06 1.293995e-08)
(0.002456766 9.096711e-06 1.207593e-08)
(0.002456847 8.761029e-06 1.125975e-08)
(0.002456916 8.439707e-06 1.048855e-08)
(0.002456976 8.131985e-06 9.757101e-09)
(0.002457027 7.837151e-06 9.062509e-09)
(0.002457069 7.554534e-06 8.401886e-09)
(0.002457104 7.2835e-06 7.773077e-09)
(0.002457132 7.023452e-06 7.172267e-09)
(0.002457154 6.773827e-06 6.596764e-09)
(0.00245717 6.534074e-06 6.039624e-09)
(0.002457181 6.303669e-06 5.507213e-09)
(0.002479018 1.057437e-05 1.191148e-08)
(0.002479617 1.018539e-05 1.119314e-08)
(0.002480184 9.813194e-06 1.048682e-08)
(0.002480722 9.456819e-06 9.849441e-09)
(0.002481231 9.115394e-06 9.263431e-09)
(0.002481714 8.788157e-06 8.710645e-09)
(0.002482171 8.474393e-06 8.191308e-09)
(0.002482605 8.173423e-06 7.704806e-09)
(0.002483018 7.884608e-06 7.246434e-09)
(0.002483409 7.607343e-06 6.814706e-09)
(0.002483781 7.341056e-06 6.409062e-09)
(0.002484134 7.085207e-06 6.027285e-09)
(0.002484469 6.839286e-06 5.663532e-09)
(0.002484788 6.602809e-06 5.316676e-09)
(0.002485092 6.3753e-06 4.980003e-09)
(0.002485381 6.156304e-06 4.684178e-09)
(0.002491799 9.51241e-06 7.175203e-09)
(0.0024928 9.175081e-06 6.786334e-09)
(0.00249376 8.851576e-06 6.380783e-09)
(0.002494677 8.541153e-06 6.037606e-09)
(0.002495556 8.243128e-06 5.737396e-09)
(0.002496398 7.956901e-06 5.457568e-09)
(0.002497204 7.681906e-06 5.20071e-09)
(0.002497977 7.417605e-06 4.967736e-09)
(0.002498718 7.163491e-06 4.754209e-09)
(0.002499428 6.919082e-06 4.559209e-09)
(0.002500109 6.683921e-06 4.383579e-09)
(0.002500763 6.457575e-06 4.225897e-09)
(0.002501391 6.239634e-06 4.079278e-09)
(0.002501993 6.029707e-06 3.942759e-09)
(0.002502571 5.827412e-06 3.809586e-09)
(0.002503126 5.632375e-06 3.730316e-09)
(0.00249821 7.928828e-06 3.27239e-09)
(0.002499543 7.656831e-06 3.128715e-09)
(0.002500825 7.395484e-06 2.950058e-09)
(0.002502059 7.144236e-06 2.83068e-09)
(0.002503246 6.902584e-06 2.750143e-09)
(0.002504388 6.670084e-06 2.682446e-09)
(0.002505488 6.446315e-06 2.631468e-09)
(0.002506547 6.230879e-06 2.598941e-09)
(0.002507568 6.023396e-06 2.580655e-09)
(0.00250855 5.823506e-06 2.576236e-09)
(0.002509497 5.630867e-06 2.587895e-09)
(0.00251041 5.445156e-06 2.613667e-09)
(0.002511289 5.266062e-06 2.644963e-09)
(0.002512137 5.093293e-06 2.681768e-09)
(0.002512954 4.926559e-06 2.717558e-09)
(0.002513743 4.765577e-06 2.817757e-09)
(0.002500949 5.941618e-06 4.164414e-10)
(0.002502528 5.743294e-06 4.348736e-10)
(0.002504052 5.552449e-06 4.085902e-10)
(0.002505524 5.368709e-06 4.409668e-10)
(0.002506944 5.191733e-06 5.109792e-10)
(0.002508315 5.021217e-06 5.901562e-10)
(0.002509639 4.856876e-06 6.833374e-10)
(0.002510918 4.698437e-06 7.927157e-10)
(0.002512153 4.545639e-06 9.140752e-10)
(0.002513346 4.398237e-06 1.046885e-09)
(0.002514499 4.255996e-06 1.193929e-09)
(0.002515613 4.118693e-06 1.353351e-09)
(0.00251669 3.986117e-06 1.516037e-09)
(0.00251773 3.858065e-06 1.681454e-09)
(0.002518735 3.734338e-06 1.842976e-09)
(0.002519707 3.614738e-06 2.076071e-09)
(0.002501851 3.673698e-06 -1.401053e-09)
(0.002503591 3.553442e-06 -1.288748e-09)
(0.002505274 3.437604e-06 -1.225383e-09)
(0.002506902 3.325965e-06 -1.102893e-09)
(0.002508476 3.218331e-06 -9.423071e-10)
(0.002509999 3.114524e-06 -7.737551e-10)
(0.002511472 3.01438e-06 -5.918469e-10)
(0.002512898 2.917739e-06 -3.944755e-10)
(0.002514277 2.824452e-06 -1.856089e-10)
(0.002515612 2.734375e-06 3.398524e-11)
(0.002516903 2.647372e-06 2.677152e-10)
(0.002518154 2.563316e-06 5.132191e-10)
(0.002519364 2.482082e-06 7.60831e-10)
(0.002520535 2.403554e-06 1.010046e-09)
(0.002521669 2.327619e-06 1.254511e-09)
(0.002522767 2.254154e-06 1.573576e-09)
(0.002502038 1.242409e-06 -2.266624e-09)
(0.002503857 1.202154e-06 -2.112258e-09)
(0.002505618 1.163357e-06 -2.008063e-09)
(0.002507323 1.125949e-06 -1.844244e-09)
(0.002508973 1.089863e-06 -1.641521e-09)
(0.002510571 1.055045e-06 -1.43101e-09)
(0.002512118 1.021439e-06 -1.206868e-09)
(0.002513617 9.889932e-07 -9.672584e-10)
(0.002515068 9.57659e-07 -7.158796e-10)
(0.002516473 9.273907e-07 -4.539301e-10)
(0.002517835 8.981447e-07 -1.780864e-10)
(0.002519154 8.698801e-07 1.090295e-10)
(0.002520431 8.425558e-07 3.983883e-10)
(0.002521669 8.161357e-07 6.888469e-10)
(0.002522867 7.905973e-07 9.756533e-10)
(0.002524029 7.658645e-07 1.328147e-09)
(0.0003821301 4.355282e-08 -2.160668e-08)
(0.0003819502 4.173291e-08 -2.052966e-08)
(0.0003817772 3.993063e-08 -1.95268e-08)
(0.0003816111 3.822154e-08 -1.86122e-08)
(0.0003814515 3.6614e-08 -1.776502e-08)
(0.0003812981 3.50954e-08 -1.6981e-08)
(0.0003811505 3.365917e-08 -1.625272e-08)
(0.0003810086 3.229948e-08 -1.557867e-08)
(0.000380872 3.101054e-08 -1.495149e-08)
(0.0003807406 2.978754e-08 -1.437103e-08)
(0.000380614 2.862648e-08 -1.383119e-08)
(0.0003804922 2.752305e-08 -1.332821e-08)
(0.0003803748 2.647568e-08 -1.28533e-08)
(0.0003802617 2.548314e-08 -1.240742e-08)
(0.0003801528 2.454847e-08 -1.200045e-08)
(0.0009639299 6.59279e-07 -3.716882e-08)
(0.0009634268 6.30936e-07 -3.528674e-08)
(0.0009629437 6.039835e-07 -3.350051e-08)
(0.0009624799 5.78398e-07 -3.187108e-08)
(0.0009620345 5.54155e-07 -3.037257e-08)
(0.0009616065 5.311711e-07 -2.899446e-08)
(0.0009611953 5.093684e-07 -2.772884e-08)
(0.0009607999 4.886727e-07 -2.656996e-08)
(0.0009604196 4.690126e-07 -2.550706e-08)
(0.0009600538 4.503213e-07 -2.45363e-08)
(0.0009597019 4.325382e-07 -2.365039e-08)
(0.0009593632 4.156055e-07 -2.283855e-08)
(0.0009590371 3.99473e-07 -2.208447e-08)
(0.0009587233 3.840986e-07 -2.138778e-08)
(0.0009584211 3.69448e-07 -2.077365e-08)
(0.001401581 1.763202e-06 -4.948157e-08)
(0.001400792 1.686718e-06 -4.695182e-08)
(0.001400033 1.614321e-06 -4.456127e-08)
(0.001399306 1.545729e-06 -4.238569e-08)
(0.001398607 1.480751e-06 -4.038911e-08)
(0.001397937 1.41915e-06 -3.855271e-08)
(0.001397292 1.36071e-06 -3.68702e-08)
(0.001396672 1.305227e-06 -3.53333e-08)
(0.001396077 1.252513e-06 -3.392929e-08)
(0.001395504 1.202388e-06 -3.265172e-08)
(0.001394953 1.15469e-06 -3.14934e-08)
(0.001394422 1.109264e-06 -3.044113e-08)
(0.001393912 1.06597e-06 -2.947491e-08)
(0.001393421 1.024681e-06 -2.858999e-08)
(0.001392948 9.852818e-07 -2.781618e-08)
(0.001727703 3.248699e-06 -5.300913e-08)
(0.001726687 3.107316e-06 -5.035378e-08)
(0.001725711 2.973663e-06 -4.782144e-08)
(0.001724774 2.847146e-06 -4.551199e-08)
(0.001723874 2.727317e-06 -4.339115e-08)
(0.00172301 2.613731e-06 -4.143576e-08)
(0.00172218 2.505973e-06 -3.964422e-08)
(0.001721381 2.403665e-06 -3.800978e-08)
(0.001720613 2.306454e-06 -3.652033e-08)
(0.001719875 2.214011e-06 -3.516939e-08)
(0.001719164 2.126033e-06 -3.39511e-08)
(0.001718481 2.042239e-06 -3.285303e-08)
(0.001717823 1.962368e-06 -3.185489e-08)
(0.001717189 1.88618e-06 -3.095009e-08)
(0.001716579 1.813446e-06 -3.016609e-08)
(0.001968359 5.002708e-06 -5.26297e-08)
(0.001967214 4.785928e-06 -5.014158e-08)
(0.001966112 4.580957e-06 -4.773934e-08)
(0.001965054 4.386893e-06 -4.553735e-08)
(0.001964038 4.203014e-06 -4.350737e-08)
(0.00196306 4.028642e-06 -4.162505e-08)
(0.001962119 3.863154e-06 -3.989335e-08)
(0.001961214 3.705974e-06 -3.830888e-08)
(0.001960343 3.556567e-06 -3.686177e-08)
(0.001959505 3.414441e-06 -3.554708e-08)
(0.001958698 3.279135e-06 -3.436093e-08)
(0.001957921 3.150225e-06 -3.329361e-08)
(0.001957172 3.027315e-06 -3.232759e-08)
(0.001956451 2.910038e-06 -3.145621e-08)
(0.001955756 2.798039e-06 -3.07022e-08)
(0.002143668 6.846289e-06 -4.712731e-08)
(0.002142526 6.553166e-06 -4.509692e-08)
(0.002141426 6.275729e-06 -4.310948e-08)
(0.002140368 6.012823e-06 -4.127519e-08)
(0.002139348 5.763471e-06 -3.957474e-08)
(0.002138365 5.526795e-06 -3.798684e-08)
(0.002137419 5.30198e-06 -3.651765e-08)
(0.002136507 5.088273e-06 -3.516737e-08)
(0.002135627 4.884978e-06 -3.392936e-08)
(0.002134779 4.691445e-06 -3.280097e-08)
(0.002133962 4.507073e-06 -3.178036e-08)
(0.002133173 4.331302e-06 -3.086129e-08)
(0.002132413 4.16361e-06 -3.003017e-08)
(0.002131679 4.003513e-06 -2.928245e-08)
(0.002130971 3.850538e-06 -2.863566e-08)
(0.002269024 8.563682e-06 -3.860378e-08)
(0.002268036 8.204205e-06 -3.716297e-08)
(0.002267081 7.86341e-06 -3.57317e-08)
(0.002266158 7.539988e-06 -3.439655e-08)
(0.002265266 7.232784e-06 -3.314788e-08)
(0.002264404 6.940783e-06 -3.197129e-08)
(0.002263571 6.663044e-06 -3.087392e-08)
(0.002262765 6.39869e-06 -2.985849e-08)
(0.002261986 6.146909e-06 -2.89217e-08)
(0.002261233 5.906941e-06 -2.806302e-08)
(0.002260505 5.678083e-06 -2.728229e-08)
(0.002259801 5.459675e-06 -2.657674e-08)
(0.00225912 5.251104e-06 -2.593757e-08)
(0.002258462 5.051795e-06 -2.536238e-08)
(0.002257826 4.861188e-06 -2.486431e-08)
(0.002356349 9.934792e-06 -2.84922e-08)
(0.002355654 9.528747e-06 -2.764811e-08)
(0.002354978 9.143006e-06 -2.679752e-08)
(0.00235432 8.776223e-06 -2.59878e-08)
(0.00235368 8.427176e-06 -2.521828e-08)
(0.002353057 8.094802e-06 -2.448398e-08)
(0.002352452 7.778114e-06 -2.379087e-08)
(0.002351863 7.476189e-06 -2.314252e-08)
(0.002351291 7.188166e-06 -2.253868e-08)
(0.002350734 6.913242e-06 -2.198035e-08)
(0.002350194 6.650664e-06 -2.146846e-08)
(0.002349669 6.39973e-06 -2.100281e-08)
(0.002349159 6.159782e-06 -2.057922e-08)
(0.002348664 5.930201e-06 -2.019745e-08)
(0.002348183 5.710385e-06 -1.986607e-08)
(0.002415075 1.078105e-05 -1.87044e-08)
(0.002414778 1.035441e-05 -1.835827e-08)
(0.002414481 9.948149e-06 -1.800751e-08)
(0.002414185 9.560992e-06 -1.765154e-08)
(0.002413892 9.191762e-06 -1.729727e-08)
(0.002413601 8.839436e-06 -1.694998e-08)
(0.002413312 8.503066e-06 -1.661327e-08)
(0.002413027 8.181756e-06 -1.628975e-08)
(0.002412746 7.874671e-06 -1.598193e-08)
(0.002412468 7.581026e-06 -1.569128e-08)
(0.002412195 7.300086e-06 -1.541964e-08)
(0.002411926 7.03116e-06 -1.51679e-08)
(0.002411661 6.773598e-06 -1.493588e-08)
(0.002411401 6.526789e-06 -1.472457e-08)
(0.002411146 6.290136e-06 -1.453899e-08)
(0.002452793 1.099478e-05 -1.033365e-08)
(0.002452943 1.057506e-05 -1.034548e-08)
(0.002453078 1.017441e-05 -1.036659e-08)
(0.002453196 9.791687e-06 -1.034844e-08)
(0.002453301 9.425855e-06 -1.030326e-08)
(0.002453393 9.075998e-06 -1.02467e-08)
(0.002453473 8.741268e-06 -1.01789e-08)
(0.002453542 8.420861e-06 -1.010105e-08)
(0.002453601 8.114023e-06 -1.001734e-08)
(0.002453651 7.820044e-06 -9.929839e-09)
(0.002453693 7.538254e-06 -9.840259e-09)
(0.002453728 7.268024e-06 -9.749999e-09)
(0.002453756 7.008759e-06 -9.661012e-09)
(0.002453777 6.759897e-06 -9.575705e-09)
(0.002453793 6.520888e-06 -9.495723e-09)
(0.002475615 1.054974e-05 -3.950591e-09)
(0.002476212 1.016184e-05 -4.182588e-09)
(0.002476778 9.790654e-06 -4.442925e-09)
(0.002477314 9.435257e-06 -4.641205e-09)
(0.002477822 9.094774e-06 -4.793102e-09)
(0.002478303 8.768441e-06 -4.92326e-09)
(0.00247876 8.455548e-06 -5.028452e-09)
(0.002479193 8.155419e-06 -5.108204e-09)
(0.002479604 7.867416e-06 -5.167508e-09)
(0.002479994 7.590937e-06 -5.208444e-09)
(0.002480365 7.325413e-06 -5.231889e-09)
(0.002480717 7.070307e-06 -5.239803e-09)
(0.002481052 6.82511e-06 -5.236314e-09)
(0.002481371 6.589339e-06 -5.22409e-09)
(0.002481673 6.36252e-06 -5.20203e-09)
(0.002488379 9.490584e-06 4.964486e-10)
(0.002489379 9.154169e-06 1.510223e-10)
(0.002490335 8.831536e-06 -2.409232e-10)
(0.002491251 8.521952e-06 -5.567937e-10)
(0.002492128 8.224736e-06 -8.14183e-10)
(0.002492968 7.939286e-06 -1.044776e-09)
(0.002493772 7.665042e-06 -1.242525e-09)
(0.002494543 7.401468e-06 -1.405412e-09)
(0.002495282 7.148057e-06 -1.538825e-09)
(0.002495991 6.904329e-06 -1.644866e-09)
(0.002496671 6.66983e-06 -1.723652e-09)
(0.002497323 6.44413e-06 -1.777139e-09)
(0.002497949 6.226818e-06 -1.810594e-09)
(0.00249855 6.017507e-06 -1.827404e-09)
(0.002499127 5.815814e-06 -1.823798e-09)
(0.002494784 7.910855e-06 3.332137e-09)
(0.002496113 7.639588e-06 2.942113e-09)
(0.002497393 7.378938e-06 2.491375e-09)
(0.002498624 7.128361e-06 2.12466e-09)
(0.002499808 6.887357e-06 1.823579e-09)
(0.002500948 6.655482e-06 1.551506e-09)
(0.002502046 6.432317e-06 1.316371e-09)
(0.002503103 6.217465e-06 1.121386e-09)
(0.002504121 6.010548e-06 9.612e-10)
(0.002505102 5.811209e-06 8.339771e-10)
(0.002506047 5.619106e-06 7.404888e-10)
(0.002506957 5.433916e-06 6.784851e-10)
(0.002507835 5.255333e-06 6.414255e-10)
(0.002508681 5.083064e-06 6.260585e-10)
(0.002509497 4.91682e-06 6.381423e-10)
(0.002497521 5.928275e-06 5.001305e-09)
(0.002499097 5.730477e-06 4.602865e-09)
(0.002500618 5.540138e-06 4.134574e-09)
(0.002502086 5.356885e-06 3.754477e-09)
(0.002503503 5.18038e-06 3.44399e-09)
(0.002504871 5.010319e-06 3.163299e-09)
(0.002506193 4.846418e-06 2.921761e-09)
(0.002507469 4.688405e-06 2.72338e-09)
(0.002508701 4.536021e-06 2.562812e-09)
(0.002509892 4.389021e-06 2.438165e-09)
(0.002511043 4.247172e-06 2.35079e-09)
(0.002512154 4.110252e-06 2.29844e-09)
(0.002513229 3.97805e-06 2.274229e-09)
(0.002514267 3.850365e-06 2.27428e-09)
(0.002515271 3.726997e-06 2.305877e-09)
(0.002498423 3.665498e-06 5.888626e-09)
(0.00250016 3.545561e-06 5.495287e-09)
(0.002501839 3.430028e-06 5.027168e-09)
(0.002503464 3.318685e-06 4.64921e-09)
(0.002505035 3.211336e-06 4.343097e-09)
(0.002506554 3.107805e-06 4.067093e-09)
(0.002508024 3.007927e-06 3.831407e-09)
(0.002509447 2.911545e-06 3.640309e-09)
(0.002510823 2.818509e-06 3.488752e-09)
(0.002512156 2.728676e-06 3.374716e-09)
(0.002513445 2.641912e-06 3.300127e-09)
(0.002514693 2.558089e-06 3.262404e-09)
(0.002515901 2.477083e-06 3.2545e-09)
(0.00251707 2.398778e-06 3.272407e-09)
(0.002518202 2.323062e-06 3.324175e-09)
(0.002498611 1.239645e-06 6.271824e-09)
(0.002500426 1.199496e-06 5.884211e-09)
(0.002502184 1.160802e-06 5.419925e-09)
(0.002503885 1.123492e-06 5.046452e-09)
(0.002505532 1.087503e-06 4.746059e-09)
(0.002507126 1.052777e-06 4.475841e-09)
(0.002508671 1.01926e-06 4.246743e-09)
(0.002510166 9.869015e-07 4.062801e-09)
(0.002511614 9.556517e-07 3.919429e-09)
(0.002513017 9.254655e-07 3.81415e-09)
(0.002514376 8.96299e-07 3.749089e-09)
(0.002515692 8.68112e-07 3.721111e-09)
(0.002516967 8.40864e-07 3.723777e-09)
(0.002518202 8.145194e-07 3.752841e-09)
(0.002519399 7.89055e-07 3.816562e-09)
(0.000380066 4.323146e-08 -5.189967e-08)
(0.0003798873 4.141991e-08 -4.926697e-08)
(0.0003797155 3.963958e-08 -4.681256e-08)
(0.0003795505 3.795015e-08 -4.453905e-08)
(0.000379392 3.636146e-08 -4.241772e-08)
(0.0003792396 3.486072e-08 -4.043748e-08)
(0.000379093 3.344077e-08 -3.858688e-08)
(0.000378952 3.209598e-08 -3.685865e-08)
(0.0003788163 3.082073e-08 -3.524162e-08)
(0.0003786857 2.961024e-08 -3.372984e-08)
(0.00037856 2.846053e-08 -3.231419e-08)
(0.0003784389 2.73679e-08 -3.098805e-08)
(0.0003783222 2.633065e-08 -2.973996e-08)
(0.0003782099 2.534698e-08 -2.856645e-08)
(0.0003781016 2.441899e-08 -2.747441e-08)
(0.0009579553 6.473764e-07 -9.076024e-08)
(0.0009574561 6.19629e-07 -8.600496e-08)
(0.0009569768 5.932501e-07 -8.152277e-08)
(0.0009565166 5.682008e-07 -7.737527e-08)
(0.0009560746 5.444624e-07 -7.35224e-08)
(0.0009556499 5.219548e-07 -6.993953e-08)
(0.0009552418 5.006006e-07 -6.661029e-08)
(0.0009548493 4.803274e-07 -6.351864e-08)
(0.0009544719 4.610659e-07 -6.064554e-08)
(0.0009541088 4.427512e-07 -5.797733e-08)
(0.0009537594 4.25324e-07 -5.549943e-08)
(0.0009534232 4.087288e-07 -5.31959e-08)
(0.0009530994 3.929173e-07 -5.104688e-08)
(0.0009527877 3.778474e-07 -4.904496e-08)
(0.0009524876 3.634833e-07 -4.721416e-08)
(0.001392223 1.731983e-06 -1.153402e-07)
(0.00139144 1.657095e-06 -1.091582e-07)
(0.001390688 1.586202e-06 -1.033427e-07)
(0.001389967 1.519018e-06 -9.7973e-08)
(0.001389274 1.455361e-06 -9.299417e-08)
(0.001388609 1.395006e-06 -8.83682e-08)
(0.00138797 1.337739e-06 -8.407794e-08)
(0.001387355 1.283363e-06 -8.01025e-08)
(0.001386764 1.231693e-06 -7.641791e-08)
(0.001386196 1.182557e-06 -7.300565e-08)
(0.001385649 1.135793e-06 -6.984848e-08)
(0.001385123 1.091254e-06 -6.69262e-08)
(0.001384617 1.048802e-06 -6.421475e-08)
(0.001384129 1.008315e-06 -6.170124e-08)
(0.00138366 9.696777e-07 -5.941972e-08)
(0.001715598 3.193372e-06 -1.250128e-07)
(0.00171459 3.054821e-06 -1.182902e-07)
(0.001713623 2.923833e-06 -1.119384e-07)
(0.001712695 2.799815e-06 -1.060659e-07)
(0.001711803 2.682336e-06 -1.006196e-07)
(0.001710946 2.570962e-06 -9.555404e-08)
(0.001710123 2.46529e-06 -9.085597e-08)
(0.001709332 2.364948e-06 -8.650524e-08)
(0.001708571 2.269594e-06 -8.247694e-08)
(0.001707839 2.178907e-06 -7.875139e-08)
(0.001707134 2.092591e-06 -7.531124e-08)
(0.001706456 2.010374e-06 -7.213579e-08)
(0.001705804 1.932001e-06 -6.920011e-08)
(0.001705175 1.857237e-06 -6.648885e-08)
(0.00170457 1.78586e-06 -6.403685e-08)
(0.001954123 4.918942e-06 -1.263878e-07)
(0.001952988 4.706421e-06 -1.197426e-07)
(0.001951897 4.505452e-06 -1.134267e-07)
(0.001950849 4.31515e-06 -1.075669e-07)
(0.001949841 4.134809e-06 -1.021191e-07)
(0.001948872 3.963772e-06 -9.703628e-08)
(0.00194794 3.801427e-06 -9.231021e-08)
(0.001947043 3.647214e-06 -8.7925e-08)
(0.00194618 3.500611e-06 -8.385813e-08)
(0.00194535 3.361136e-06 -8.009172e-08)
(0.00194455 3.228342e-06 -7.661037e-08)
(0.001943779 3.101814e-06 -7.339568e-08)
(0.001943037 2.981167e-06 -7.042497e-08)
(0.001942322 2.866043e-06 -6.768283e-08)
(0.001941633 2.756096e-06 -6.520003e-08)
(0.002127839 6.73329e-06 -1.178079e-07)
(0.002126707 6.445826e-06 -1.118732e-07)
(0.002125618 6.173707e-06 -1.062002e-07)
(0.002124569 5.915809e-06 -1.009116e-07)
(0.002123558 5.671178e-06 -9.597565e-08)
(0.002122585 5.438952e-06 -9.135087e-08)
(0.002121647 5.218338e-06 -8.703397e-08)
(0.002120743 5.008602e-06 -8.301461e-08)
(0.002119871 4.809061e-06 -7.927505e-08)
(0.002119031 4.619083e-06 -7.58013e-08)
(0.002118221 4.43808e-06 -7.258141e-08)
(0.002117439 4.265506e-06 -6.960093e-08)
(0.002116685 4.100854e-06 -6.684142e-08)
(0.002115958 3.943648e-06 -6.42903e-08)
(0.002115256 3.793429e-06 -6.197154e-08)
(0.002252047 8.424074e-06 -1.016366e-07)
(0.002251068 8.071429e-06 -9.684345e-08)
(0.002250121 7.737063e-06 -9.22394e-08)
(0.002249206 7.419707e-06 -8.791912e-08)
(0.002248321 7.118232e-06 -8.386415e-08)
(0.002247467 6.831642e-06 -8.00447e-08)
(0.00224664 6.559018e-06 -7.646074e-08)
(0.002245842 6.299505e-06 -7.310705e-08)
(0.00224507 6.052308e-06 -6.997182e-08)
(0.002244323 5.816687e-06 -6.704579e-08)
(0.002243601 5.591953e-06 -6.432101e-08)
(0.002242903 5.377464e-06 -6.178788e-08)
(0.002242229 5.17262e-06 -5.943342e-08)
(0.002241576 4.97686e-06 -5.724874e-08)
(0.002240945 4.78964e-06 -5.525098e-08)
(0.002338579 9.774841e-06 -8.044988e-08)
(0.00233789 9.376395e-06 -7.699614e-08)
(0.002337218 8.99782e-06 -7.367084e-08)
(0.002336564 8.637814e-06 -7.052163e-08)
(0.002335929 8.295181e-06 -6.754148e-08)
(0.00233531 7.968877e-06 -6.471621e-08)
(0.002334709 7.657939e-06 -6.204687e-08)
(0.002334124 7.361465e-06 -5.953167e-08)
(0.002333556 7.078614e-06 -5.716476e-08)
(0.002333004 6.8086e-06 -5.49414e-08)
(0.002332468 6.55069e-06 -5.285742e-08)
(0.002331946 6.304197e-06 -5.090756e-08)
(0.00233144 6.068478e-06 -4.908453e-08)
(0.002330949 5.842928e-06 -4.73836e-08)
(0.002330471 5.626963e-06 -4.581431e-08)
(0.002396787 1.060965e-05 -5.79347e-08)
(0.002396489 1.019087e-05 -5.577572e-08)
(0.002396192 9.79205e-06 -5.370603e-08)
(0.002395896 9.411945e-06 -5.171529e-08)
(0.002395603 9.049404e-06 -4.980499e-08)
(0.002395312 8.703423e-06 -4.797754e-08)
(0.002395024 8.373076e-06 -4.623331e-08)
(0.002394739 8.057488e-06 -4.457172e-08)
(0.002394458 7.755842e-06 -4.299215e-08)
(0.002394181 7.467372e-06 -4.149329e-08)
(0.002393908 7.191359e-06 -4.007405e-08)
(0.00239364 6.927128e-06 -3.873246e-08)
(0.002393376 6.674045e-06 -3.746582e-08)
(0.002393117 6.431512e-06 -3.627278e-08)
(0.002392862 6.198948e-06 -3.515652e-08)
(0.002434188 1.082216e-05 -3.696306e-08)
(0.002434332 1.041008e-05 -3.589434e-08)
(0.002434461 1.001666e-05 -3.489711e-08)
(0.002434574 9.640818e-06 -3.390234e-08)
(0.002434674 9.281525e-06 -3.291662e-08)
(0.002434761 8.937885e-06 -3.195812e-08)
(0.002434836 8.60907e-06 -3.102484e-08)
(0.002434901 8.294294e-06 -3.0116e-08)
(0.002434957 7.99282e-06 -2.923459e-08)
(0.002435004 7.703954e-06 -2.838198e-08)
(0.002435042 7.427043e-06 -2.755895e-08)
(0.002435074 7.16147e-06 -2.676539e-08)
(0.002435099 6.906654e-06 -2.600201e-08)
(0.002435118 6.662048e-06 -2.527031e-08)
(0.002435131 6.427116e-06 -2.456701e-08)
(0.002456834 1.038609e-05 -1.945854e-08)
(0.00245742 1.000516e-05 -1.920407e-08)
(0.002457975 9.6406e-06 -1.901927e-08)
(0.0024585 9.291513e-06 -1.87836e-08)
(0.002458998 8.957043e-06 -1.850611e-08)
(0.00245947 8.636439e-06 -1.821799e-08)
(0.002459917 8.329009e-06 -1.79143e-08)
(0.002460342 8.034091e-06 -1.759299e-08)
(0.002460745 7.751062e-06 -1.725915e-08)
(0.002461127 7.479334e-06 -1.691555e-08)
(0.002461491 7.218351e-06 -1.656348e-08)
(0.002461836 6.967589e-06 -1.620428e-08)
(0.002462164 6.72655e-06 -1.584097e-08)
(0.002462477 6.494762e-06 -1.547665e-08)
(0.002462773 6.271765e-06 -1.510284e-08)
(0.002469515 9.344977e-06 -6.095778e-09)
(0.002470498 9.014546e-06 -6.386604e-09)
(0.002471438 8.697612e-06 -6.753802e-09)
(0.002472339 8.393468e-06 -7.03709e-09)
(0.002473201 8.101446e-06 -7.246189e-09)
(0.002474027 7.820956e-06 -7.421978e-09)
(0.002474818 7.551449e-06 -7.556627e-09)
(0.002475577 7.292403e-06 -7.64645e-09)
(0.002476304 7.043322e-06 -7.697489e-09)
(0.002477001 6.803738e-06 -7.713245e-09)
(0.00247767 6.573207e-06 -7.695025e-09)
(0.002478312 6.351308e-06 -7.644494e-09)
(0.002478928 6.137642e-06 -7.56625e-09)
(0.002479519 5.931829e-06 -7.464606e-09)
(0.002480087 5.733497e-06 -7.326014e-09)
(0.00247589 7.790628e-06 3.293162e-09)
(0.002477199 7.524146e-06 2.674181e-09)
(0.002478459 7.268063e-06 1.969744e-09)
(0.002479671 7.021853e-06 1.367225e-09)
(0.002480837 6.785025e-06 8.571431e-10)
(0.002481959 6.557143e-06 3.921195e-10)
(0.00248304 6.3378e-06 -1.761839e-11)
(0.002484081 6.126608e-06 -3.666807e-10)
(0.002485084 5.923196e-06 -6.613051e-10)
(0.00248605 5.727215e-06 -9.051254e-10)
(0.002486981 5.538334e-06 -1.098912e-09)
(0.002487878 5.356236e-06 -1.244695e-09)
(0.002488743 5.180621e-06 -1.347935e-09)
(0.002489576 5.011205e-06 -1.41329e-09)
(0.00249038 4.847705e-06 -1.423503e-09)
(0.002478625 5.83885e-06 9.368382e-09)
(0.002480177 5.644521e-06 8.573727e-09)
(0.002481676 5.457497e-06 7.685731e-09)
(0.002483122 5.277418e-06 6.908101e-09)
(0.002484518 5.103952e-06 6.232167e-09)
(0.002485867 4.936801e-06 5.6067e-09)
(0.002487169 4.775689e-06 5.043388e-09)
(0.002488426 4.620349e-06 4.548673e-09)
(0.002489641 4.470529e-06 4.116472e-09)
(0.002490815 4.32599e-06 3.743195e-09)
(0.002491949 4.186503e-06 3.428553e-09)
(0.002493045 4.051852e-06 3.170756e-09)
(0.002494104 3.921833e-06 2.963934e-09)
(0.002495127 3.796247e-06 2.802904e-09)
(0.002496117 3.674901e-06 2.707888e-09)
(0.002479534 3.610492e-06 1.289222e-08)
(0.002481245 3.49265e-06 1.201529e-08)
(0.002482901 3.379122e-06 1.103981e-08)
(0.002484502 3.269699e-06 1.017792e-08)
(0.00248605 3.16419e-06 9.421775e-09)
(0.002487548 3.062424e-06 8.71795e-09)
(0.002488997 2.964238e-06 8.079186e-09)
(0.002490399 2.869479e-06 7.512521e-09)
(0.002491756 2.778002e-06 7.012257e-09)
(0.00249307 2.689666e-06 6.574735e-09)
(0.002494341 2.60434e-06 6.200249e-09)
(0.002495571 2.5219e-06 5.886943e-09)
(0.002496763 2.442225e-06 5.628827e-09)
(0.002497916 2.365201e-06 5.420696e-09)
(0.002499032 2.290718e-06 5.284081e-09)
(0.002479728 1.221094e-06 1.449293e-08)
(0.002481517 1.181645e-06 1.358582e-08)
(0.002483249 1.143621e-06 1.257775e-08)
(0.002484926 1.106953e-06 1.168405e-08)
(0.00248655 1.07158e-06 1.089768e-08)
(0.002488122 1.037444e-06 1.016405e-08)
(0.002489644 1.004494e-06 9.496679e-09)
(0.002491118 9.726798e-07 8.902604e-09)
(0.002492546 9.419526e-07 8.376568e-09)
(0.00249393 9.122682e-07 7.914639e-09)
(0.00249527 8.83584e-07 7.517622e-09)
(0.002496568 8.558604e-07 7.182966e-09)
(0.002497825 8.290586e-07 6.904784e-09)
(0.002499043 8.031437e-07 6.678185e-09)
(0.002500224 7.780908e-07 6.523459e-09)
(0.0003749593 6.029992e-08 -1.599689e-07)
(0.0003746859 5.71016e-08 -1.496134e-07)
(0.0003744259 5.412168e-08 -1.400854e-07)
(0.0003741783 5.133922e-08 -1.31315e-07)
(0.0003739426 4.872668e-08 -1.23227e-07)
(0.0003737178 4.627141e-08 -1.157855e-07)
(0.0003735037 4.386975e-08 -1.088615e-07)
(0.000943018 8.748875e-07 -2.911511e-07)
(0.0009422516 8.281638e-07 -2.715067e-07)
(0.0009415234 7.846654e-07 -2.534445e-07)
(0.0009408309 7.44111e-07 -2.368369e-07)
(0.0009401718 7.0623e-07 -2.215469e-07)
(0.000939544 6.70795e-07 -2.075036e-07)
(0.0009389459 6.374936e-07 -1.945168e-07)
(0.001368837 2.347326e-06 -3.651773e-07)
(0.001367635 2.221641e-06 -3.401948e-07)
(0.001366493 2.104625e-06 -3.171895e-07)
(0.001365408 1.995532e-06 -2.96012e-07)
(0.001364375 1.893673e-06 -2.764949e-07)
(0.001363392 1.798448e-06 -2.585573e-07)
(0.001362455 1.709199e-06 -2.419311e-07)
(0.00168527 4.336374e-06 -3.985651e-07)
(0.001683732 4.104753e-06 -3.714056e-07)
(0.00168227 3.888955e-06 -3.463183e-07)
(0.001680879 3.687649e-06 -3.231603e-07)
(0.001679555 3.499618e-06 -3.017611e-07)
(0.001678293 3.323772e-06 -2.82051e-07)
(0.001677091 3.159023e-06 -2.637229e-07)
(0.001917933 6.667516e-06 -4.017868e-07)
(0.001916221 6.314932e-06 -3.751199e-07)
(0.00191459 5.985963e-06 -3.503754e-07)
(0.001913035 5.678688e-06 -3.274367e-07)
(0.001911552 5.391355e-06 -3.061531e-07)
(0.001910138 5.122371e-06 -2.864789e-07)
(0.001908788 4.870253e-06 -2.681072e-07)
(0.002086292 9.081476e-06 -3.730045e-07)
(0.00208462 8.61017e-06 -3.493821e-07)
(0.002083022 8.169484e-06 -3.273313e-07)
(0.002081493 7.757032e-06 -3.067738e-07)
(0.002080031 7.370638e-06 -2.875955e-07)
(0.002078632 7.008299e-06 -2.697771e-07)
(0.002077292 6.668233e-06 -2.530534e-07)
(0.002206675 1.188006e-05 -3.384723e-07)
(0.002205221 1.127247e-05 -3.185173e-07)
(0.002203822 1.070323e-05 -2.997213e-07)
(0.002202476 1.016951e-05 -2.820417e-07)
(0.002201182 9.668679e-06 -2.654365e-07)
(0.002199936 9.198348e-06 -2.498364e-07)
(0.002198738 8.756278e-06 -2.352435e-07)
(0.002197586 8.340546e-06 -2.214709e-07)
(0.002287354 1.361914e-05 -2.61876e-07)
(0.002286404 1.294735e-05 -2.480514e-07)
(0.002285479 1.231588e-05 -2.348762e-07)
(0.002284579 1.172193e-05 -2.223465e-07)
(0.002283702 1.116291e-05 -2.10455e-07)
(0.00228285 1.063641e-05 -1.991768e-07)
(0.002282022 1.014019e-05 -1.88524e-07)
(0.002281219 9.672345e-06 -1.784111e-07)
(0.002339614 1.45792e-05 -1.817252e-07)
(0.002339305 1.388948e-05 -1.737437e-07)
(0.002338986 1.32389e-05 -1.659792e-07)
(0.002338659 1.262491e-05 -1.584568e-07)
(0.002338327 1.204515e-05 -1.511932e-07)
(0.002337991 1.149743e-05 -1.442008e-07)
(0.002337653 1.097965e-05 -1.3749e-07)
(0.002337314 1.049008e-05 -1.310825e-07)
(0.002371327 1.465619e-05 -1.086075e-07)
(0.0023717 1.399336e-05 -1.0546e-07)
(0.002372033 1.336598e-05 -1.022163e-07)
(0.002372329 1.277192e-05 -9.891799e-08)
(0.002372592 1.220915e-05 -9.559519e-08)
(0.002372824 1.16758e-05 -9.22876e-08)
(0.00237303 1.117007e-05 -8.899395e-08)
(0.00237321 1.069047e-05 -8.583439e-08)
(0.002388905 1.386552e-05 -4.898667e-08)
(0.002389922 1.326638e-05 -4.93663e-08)
(0.002390874 1.269749e-05 -4.945683e-08)
(0.002391766 1.215714e-05 -4.930721e-08)
(0.002392603 1.164368e-05 -4.895156e-08)
(0.002393387 1.115561e-05 -4.84469e-08)
(0.002394124 1.069146e-05 -4.77754e-08)
(0.002394816 1.025002e-05 -4.713641e-08)
(0.002397389 1.231188e-05 -4.788554e-09)
(0.002398952 1.180242e-05 -7.456576e-09)
(0.002400436 1.131735e-05 -9.738523e-09)
(0.002401844 1.085536e-05 -1.168327e-08)
(0.002403181 1.041519e-05 -1.332358e-08)
(0.002404451 9.995667e-06 -1.47261e-08)
(0.002405658 9.595663e-06 -1.585625e-08)
(0.002406805 9.214233e-06 -1.696999e-08)
(0.002400541 1.014808e-05 2.519632e-08)
(0.00240253 9.743922e-06 2.122021e-08)
(0.00240443 9.35827e-06 1.766548e-08)
(0.002406245 8.990155e-06 1.44838e-08)
(0.002407979 8.638659e-06 1.164631e-08)
(0.002409638 8.302921e-06 9.082754e-09)
(0.002411224 7.982104e-06 6.842318e-09)
(0.002412741 7.675507e-06 4.633376e-09)
(0.002401001 7.537901e-06 4.383909e-08)
(0.002403291 7.246815e-06 3.92089e-08)
(0.002405488 6.968611e-06 3.500278e-08)
(0.002407595 6.702627e-06 3.11746e-08)
(0.002409618 6.448236e-06 2.769935e-08)
(0.00241156 6.204847e-06 2.450611e-08)
(0.002413425 5.97189e-06 2.165466e-08)
(0.002415215 5.748878e-06 1.883359e-08)
(0.002400486 4.632489e-06 5.421689e-08)
(0.002402965 4.457419e-06 4.931013e-08)
(0.002405349 4.289921e-06 4.481904e-08)
(0.002407642 4.129612e-06 4.06997e-08)
(0.002409848 3.976129e-06 3.693106e-08)
(0.002411971 3.829126e-06 3.344079e-08)
(0.002414015 3.688267e-06 3.029478e-08)
(0.002415983 3.553266e-06 2.717284e-08)
(0.002407424 1.394077e-06 4.496206e-08)
(0.002409719 1.342823e-06 4.107852e-08)
(0.00241193 1.293707e-06 3.747632e-08)
(0.002414061 1.246619e-06 3.421876e-08)
(0.002416115 1.201464e-06 3.098047e-08)
(0.0003532796 4.349318e-08 -2.317711e-07)
(0.0003530262 4.137562e-08 -2.168897e-07)
(0.0003527852 3.939188e-08 -2.031855e-07)
(0.0003525558 3.752841e-08 -1.905574e-07)
(0.0003523374 3.57661e-08 -1.789073e-07)
(0.0003521292 3.409493e-08 -1.681617e-07)
(0.0003519308 3.241895e-08 -1.582234e-07)
(0.0008804869 6.934249e-07 -4.276055e-07)
(0.0008797839 6.579676e-07 -3.990267e-07)
(0.000879116 6.248797e-07 -3.727315e-07)
(0.0008784809 5.939518e-07 -3.485294e-07)
(0.0008778765 5.649835e-07 -3.262329e-07)
(0.0008773008 5.378023e-07 -3.056922e-07)
(0.0008767522 5.121716e-07 -2.867086e-07)
(0.001271255 1.895956e-06 -5.269694e-07)
(0.00127016 1.798181e-06 -4.910004e-07)
(0.00126912 1.706975e-06 -4.578792e-07)
(0.001268132 1.621767e-06 -4.273792e-07)
(0.001267191 1.542035e-06 -3.992726e-07)
(0.001266296 1.467318e-06 -3.733803e-07)
(0.001265443 1.39712e-06 -3.494443e-07)
(0.001559458 3.536965e-06 -5.752428e-07)
(0.001558064 3.354471e-06 -5.359328e-07)
(0.001556739 3.184162e-06 -4.996475e-07)
(0.001555479 3.025002e-06 -4.661613e-07)
(0.001554279 2.876048e-06 -4.352412e-07)
(0.001553135 2.736458e-06 -4.067077e-07)
(0.001552046 2.605392e-06 -3.80271e-07)
(0.001770399 5.469506e-06 -5.813321e-07)
(0.00176885 5.189558e-06 -5.42413e-07)
(0.001767375 4.927973e-06 -5.063483e-07)
(0.001765969 4.683242e-06 -4.729435e-07)
(0.001764628 4.453993e-06 -4.41991e-07)
(0.001763349 4.238987e-06 -4.133361e-07)
(0.001762129 4.037062e-06 -3.866956e-07)
(0.001922698 7.480098e-06 -5.434412e-07)
(0.001921182 7.103804e-06 -5.085143e-07)
(0.001919733 6.751484e-06 -4.75977e-07)
(0.001918347 6.421251e-06 -4.456868e-07)
(0.001917023 6.111387e-06 -4.174841e-07)
(0.001915755 5.820324e-06 -3.91255e-07)
(0.001914543 5.546652e-06 -3.667607e-07)
(0.002031591 9.802249e-06 -4.982839e-07)
(0.002030256 9.315528e-06 -4.681901e-07)
(0.002028974 8.859031e-06 -4.399361e-07)
(0.002027742 8.430486e-06 -4.134351e-07)
(0.002026558 8.027805e-06 -3.886002e-07)
(0.00202542 7.649085e-06 -3.653302e-07)
(0.002024326 7.292565e-06 -3.435574e-07)
(0.002023275 6.956714e-06 -3.231178e-07)
(0.002104703 1.127189e-05 -3.902292e-07)
(0.002103804 1.073166e-05 -3.688483e-07)
(0.002102931 1.022334e-05 -3.485723e-07)
(0.002102083 9.744668e-06 -3.293725e-07)
(0.00210126 9.293566e-06 -3.112159e-07)
(0.002100462 8.868122e-06 -2.940593e-07)
(0.002099688 8.466552e-06 -2.778752e-07)
(0.002098938 8.087337e-06 -2.6259e-07)
(0.002152265 1.210143e-05 -2.751678e-07)
(0.00215192 1.154491e-05 -2.622623e-07)
(0.002151571 1.101947e-05 -2.498251e-07)
(0.00215122 1.052304e-05 -2.378707e-07)
(0.002150868 1.005371e-05 -2.264068e-07)
(0.002150517 9.609726e-06 -2.154371e-07)
(0.002150167 9.189421e-06 -2.04962e-07)
(0.00214982 8.791404e-06 -1.949986e-07)
(0.002181345 1.219836e-05 -1.687462e-07)
(0.002181592 1.166199e-05 -1.629667e-07)
(0.002181809 1.115383e-05 -1.571867e-07)
(0.002181999 1.067215e-05 -1.514459e-07)
(0.002182163 1.02153e-05 -1.457765e-07)
(0.002182306 9.781772e-06 -1.402144e-07)
(0.002182428 9.370127e-06 -1.347741e-07)
(0.002182532 8.979167e-06 -1.295507e-07)
(0.002197672 1.156895e-05 -8.086228e-08)
(0.00219848 1.108293e-05 -8.036012e-08)
(0.002199237 1.062104e-05 -7.956446e-08)
(0.002199946 1.018185e-05 -7.852577e-08)
(0.002200611 9.764042e-06 -7.728672e-08)
(0.002201235 9.366381e-06 -7.590133e-08)
(0.002201821 8.987696e-06 -7.438683e-08)
(0.002202371 8.627006e-06 -7.289722e-08)
(0.002205745 1.029507e-05 -1.499155e-08)
(0.002207033 9.881004e-06 -1.795732e-08)
(0.002208255 9.486405e-06 -2.04798e-08)
(0.002209416 9.110184e-06 -2.261083e-08)
(0.002210519 8.751316e-06 -2.43942e-08)
(0.002211568 8.408847e-06 -2.589148e-08)
(0.002212565 8.081867e-06 -2.711569e-08)
(0.002213514 7.769608e-06 -2.825962e-08)
(0.00220893 8.501143e-06 3.017824e-08)
(0.002210592 8.17219e-06 2.519472e-08)
(0.002212181 7.858013e-06 2.070949e-08)
(0.0022137 7.557806e-06 1.667444e-08)
(0.002215153 7.270813e-06 1.304911e-08)
(0.002216543 6.996333e-06 9.770397e-09)
(0.002217874 6.73369e-06 6.831928e-09)
(0.002219148 6.482314e-06 4.018683e-09)
(0.002209596 6.323411e-06 5.852867e-08)
(0.002211525 6.086259e-06 5.251935e-08)
(0.002213376 5.859391e-06 4.701341e-08)
(0.002215154 5.642256e-06 4.196717e-08)
(0.002216861 5.434336e-06 3.734447e-08)
(0.002218502 5.235146e-06 3.308375e-08)
(0.002220078 5.044227e-06 2.918524e-08)
(0.002221593 4.861182e-06 2.54234e-08)
(0.002209293 3.8898e-06 7.444427e-08)
(0.00221139 3.747085e-06 6.799098e-08)
(0.002213407 3.610413e-06 6.202875e-08)
(0.00221535 3.479464e-06 5.651735e-08)
(0.00221722 3.353938e-06 5.142506e-08)
(0.002219021 3.233552e-06 4.669126e-08)
(0.002220757 3.118034e-06 4.232099e-08)
(0.002222428 3.007149e-06 3.808477e-08)
(0.002215229 1.175148e-06 6.305416e-08)
(0.002217178 1.133217e-06 5.778289e-08)
(0.002219057 1.092981e-06 5.286775e-08)
(0.00222087 1.054352e-06 4.831339e-08)
(0.002222618 1.017252e-06 4.388954e-08)
(0.0003183159 2.174386e-08 -2.399674e-07)
(0.0003180939 2.095382e-08 -2.247964e-07)
(0.0003178827 2.019671e-08 -2.108166e-07)
(0.0003176818 1.946794e-08 -1.979236e-07)
(0.0003174905 1.875873e-08 -1.860201e-07)
(0.0003173081 1.806637e-08 -1.750255e-07)
(0.0003171343 1.732267e-08 -1.648597e-07)
(0.0007806506 4.648993e-07 -4.368314e-07)
(0.0007800453 4.431746e-07 -4.079517e-07)
(0.0007794701 4.227903e-07 -3.81372e-07)
(0.0007789232 4.036255e-07 -3.568954e-07)
(0.0007784027 3.855638e-07 -3.343326e-07)
(0.000777907 3.685061e-07 -3.135182e-07)
(0.0007774347 3.523071e-07 -2.942578e-07)
(0.001116981 1.325924e-06 -5.301305e-07)
(0.001116049 1.262341e-06 -4.941576e-07)
(0.001115164 1.202783e-06 -4.61037e-07)
(0.001114322 1.146895e-06 -4.305344e-07)
(0.001113521 1.094355e-06 -4.024208e-07)
(0.001112758 1.044881e-06 -3.764991e-07)
(0.001112031 9.981649e-07 -3.525223e-07)
(0.00136215 2.523792e-06 -5.750468e-07)
(0.001360971 2.401757e-06 -5.358488e-07)
(0.00135985 2.287467e-06 -4.996836e-07)
(0.001358785 2.180258e-06 -4.663158e-07)
(0.00135777 2.079524e-06 -4.355095e-07)
(0.001356804 1.984732e-06 -4.07064e-07)
(0.001355883 1.895342e-06 -3.80699e-07)
(0.001540388 3.949104e-06 -5.797107e-07)
(0.001539082 3.758753e-06 -5.40885e-07)
(0.001537837 3.580335e-06 -5.049337e-07)
(0.001536652 3.412856e-06 -4.716505e-07)
(0.001535522 3.255421e-06 -4.408234e-07)
(0.001534444 3.107223e-06 -4.122741e-07)
(0.001533416 2.967504e-06 -3.857256e-07)
(0.001668665 5.444582e-06 -5.423786e-07)
(0.001667381 5.185776e-06 -5.074152e-07)
(0.001666155 4.942776e-06 -4.748772e-07)
(0.001664984 4.714322e-06 -4.446089e-07)
(0.001663864 4.499273e-06 -4.16445e-07)
(0.001662794 4.296597e-06 -3.902487e-07)
(0.00166177 4.105359e-06 -3.657826e-07)
(0.001760373 7.16019e-06 -4.988012e-07)
(0.001759225 6.82331e-06 -4.684631e-07)
(0.001758124 6.506597e-06 -4.400231e-07)
(0.001757068 6.208502e-06 -4.133825e-07)
(0.001756054 5.927616e-06 -3.884433e-07)
(0.00175508 5.662661e-06 -3.650976e-07)
(0.001754146 5.412465e-06 -3.432579e-07)
(0.001753249 5.176001e-06 -3.227563e-07)
(0.001822099 8.279819e-06 -3.922965e-07)
(0.001821294 7.903189e-06 -3.705466e-07)
(0.001820515 7.54801e-06 -3.499647e-07)
(0.001819761 7.21273e-06 -3.305111e-07)
(0.001819031 6.895927e-06 -3.121436e-07)
(0.001818326 6.59631e-06 -2.948119e-07)
(0.001817644 6.312679e-06 -2.784744e-07)
(0.001816985 6.044009e-06 -2.630476e-07)
(0.001862486 8.934069e-06 -2.782908e-07)
(0.001862118 8.543732e-06 -2.649534e-07)
(0.001861753 8.174397e-06 -2.521464e-07)
(0.001861392 7.824637e-06 -2.398745e-07)
(0.001861036 7.493136e-06 -2.281384e-07)
(0.001860684 7.178694e-06 -2.169344e-07)
(0.001860338 6.88019e-06 -2.062563e-07)
(0.001859998 6.596676e-06 -1.961053e-07)
(0.001887427 9.047075e-06 -1.723365e-07)
(0.001887529 8.668962e-06 -1.661152e-07)
(0.001887614 8.309995e-06 -1.599513e-07)
(0.001887682 7.968948e-06 -1.538758e-07)
(0.001887736 7.644687e-06 -1.479158e-07)
(0.001887777 7.336175e-06 -1.421002e-07)
(0.001887806 7.042435e-06 -1.364439e-07)
(0.001887825 6.762648e-06 -1.310209e-07)
(0.001901667 8.615641e-06 -8.443251e-08)
(0.001902217 8.271632e-06 -8.351138e-08)
(0.001902733 7.944016e-06 -8.234966e-08)
(0.001903217 7.631797e-06 -8.09899e-08)
(0.00190367 7.33405e-06 -7.947151e-08)
(0.001904096 7.049928e-06 -7.784151e-08)
(0.001904495 6.77863e-06 -7.612383e-08)
(0.001904871 6.519487e-06 -7.444737e-08)
(0.001908926 7.694351e-06 -1.827068e-08)
(0.001909863 7.40034e-06 -2.085131e-08)
(0.001910753 7.11957e-06 -2.303768e-08)
(0.001911599 6.851264e-06 -2.487381e-08)
(0.001912404 6.594705e-06 -2.64017e-08)
(0.001913171 6.349234e-06 -2.767596e-08)
(0.001913901 6.114227e-06 -2.872115e-08)
(0.001914597 5.889159e-06 -2.970207e-08)
(0.001911993 6.372305e-06 2.727343e-08)
(0.001913233 6.138198e-06 2.264489e-08)
(0.00191442 5.914133e-06 1.846799e-08)
(0.001915556 5.699535e-06 1.470213e-08)
(0.001916645 5.493873e-06 1.130774e-08)
(0.001917688 5.296659e-06 8.228937e-09)
(0.001918688 5.107431e-06 5.444634e-09)
(0.001919646 4.925797e-06 2.76972e-09)
(0.001912843 4.750592e-06 5.59529e-08)
(0.001914301 4.581561e-06 5.027745e-08)
(0.001915702 4.419513e-06 4.505986e-08)
(0.001917049 4.264051e-06 4.026387e-08)
(0.001918345 4.114809e-06 3.585368e-08)
(0.001919591 3.971451e-06 3.177499e-08)
(0.001920791 3.833661e-06 2.801141e-08)
(0.001921945 3.701166e-06 2.43684e-08)
(0.001912777 2.926735e-06 7.20976e-08)
(0.001914372 2.824924e-06 6.596628e-08)
(0.00191591 2.72721e-06 6.028075e-08)
(0.001917392 2.633364e-06 5.500805e-08)
(0.001918821 2.543174e-06 5.011639e-08)
(0.001920199 2.456442e-06 4.55531e-08)
(0.001921528 2.37298e-06 4.130564e-08)
(0.00192281 2.292629e-06 3.717586e-08)
(0.001917379 8.900453e-07 6.164218e-08)
(0.001918872 8.59904e-07 5.656743e-08)
(0.001920314 8.309023e-07 5.181705e-08)
(0.001921707 8.02979e-07 4.737933e-08)
(0.001923052 7.760807e-07 4.30559e-08)
(0.0002672589 8.508056e-10 -1.868267e-07)
(0.0002670802 1.245929e-09 -1.752918e-07)
(0.0002669103 1.587369e-09 -1.646533e-07)
(0.0002667486 1.878469e-09 -1.548316e-07)
(0.0002665946 2.119694e-09 -1.457527e-07)
(0.0002664478 2.315779e-09 -1.373555e-07)
(0.0002663079 2.427853e-09 -1.295832e-07)
(0.0006378338 2.40609e-07 -3.314438e-07)
(0.0006373595 2.315867e-07 -3.098456e-07)
(0.0006369088 2.229817e-07 -2.899615e-07)
(0.0006364801 2.147542e-07 -2.716415e-07)
(0.0006360721 2.068645e-07 -2.547417e-07)
(0.0006356835 1.992812e-07 -2.391344e-07)
(0.0006353132 1.91942e-07 -2.246694e-07)
(0.0009000017 7.581885e-07 -3.949365e-07)
(0.0008992822 7.268271e-07 -3.683618e-07)
(0.0008985986 6.971568e-07 -3.43897e-07)
(0.0008979487 6.690263e-07 -3.213644e-07)
(0.0008973302 6.422981e-07 -3.005905e-07)
(0.0008967413 6.168571e-07 -2.814245e-07)
(0.0008961803 5.925681e-07 -2.636767e-07)
(0.001088165 1.506201e-06 -4.244197e-07)
(0.001087264 1.441734e-06 -3.95633e-07)
(0.001086407 1.380889e-06 -3.690836e-07)
(0.001085592 1.323351e-06 -3.445923e-07)
(0.001084816 1.268836e-06 -3.219799e-07)
(0.001084077 1.217099e-06 -3.01092e-07)
(0.001083372 1.167884e-06 -2.817093e-07)
(0.001223843 2.413947e-06 -4.261142e-07)
(0.001222847 2.309496e-06 -3.976546e-07)
(0.001221898 2.210949e-06 -3.713169e-07)
(0.001220995 2.117811e-06 -3.469424e-07)
(0.001220134 2.029638e-06 -3.243689e-07)
(0.001219313 1.946038e-06 -3.034582e-07)
(0.00121853 1.866633e-06 -2.839886e-07)
(0.00132113 3.380198e-06 -3.983146e-07)
(0.001320147 3.234673e-06 -3.726692e-07)
(0.001319209 3.097242e-06 -3.488197e-07)
(0.001318313 2.967254e-06 -3.266447e-07)
(0.001317458 2.844127e-06 -3.060163e-07)
(0.00131664 2.727337e-06 -2.868268e-07)
(0.001315858 2.61641e-06 -2.688814e-07)
(0.001389785 4.284884e-06 -3.442306e-07)
(0.001388929 4.103666e-06 -3.233277e-07)
(0.001388109 3.932197e-06 -3.037632e-07)
(0.001387322 3.769733e-06 -2.854601e-07)
(0.001386568 3.615607e-06 -2.683332e-07)
(0.001385845 3.469211e-06 -2.523123e-07)
(0.001385152 3.330014e-06 -2.372541e-07)
(0.001436963 5.009275e-06 -2.726672e-07)
(0.001436332 4.803318e-06 -2.574882e-07)
(0.001435723 4.607935e-06 -2.431567e-07)
(0.001435136 4.422363e-06 -2.296377e-07)
(0.00143457 4.245919e-06 -2.168891e-07)
(0.001434024 4.077972e-06 -2.048768e-07)
(0.001433498 3.917984e-06 -1.935227e-07)
(0.001468175 5.458574e-06 -1.953767e-07)
(0.001467835 5.242133e-06 -1.858764e-07)
(0.001467503 5.036189e-06 -1.76788e-07)
(0.001467178 4.840029e-06 -1.681091e-07)
(0.001466861 4.653012e-06 -1.598336e-07)
(0.001466553 4.474544e-06 -1.519554e-07)
(0.001466252 4.304123e-06 -1.444642e-07)
(0.001487798 5.577387e-06 -1.22911e-07)
(0.001487776 5.365246e-06 -1.182734e-07)
(0.001487748 5.162759e-06 -1.137186e-07)
(0.001487714 4.969308e-06 -1.092651e-07)
(0.001487675 4.784335e-06 -1.049319e-07)
(0.001487633 4.607321e-06 -1.00731e-07)
(0.001487586 4.437831e-06 -9.671114e-08)
(0.001499327 5.354221e-06 -6.226168e-08)
(0.001499612 5.159336e-06 -6.129147e-08)
(0.001499879 4.972752e-06 -6.019265e-08)
(0.00150013 4.793964e-06 -5.899371e-08)
(0.001500366 4.622515e-06 -5.772825e-08)
(0.001500587 4.457979e-06 -5.641684e-08)
(0.001500795 4.3e-06 -5.515398e-08)
(0.001505495 4.815034e-06 -1.621118e-08)
(0.001506049 4.647197e-06 -1.769744e-08)
(0.001506577 4.486066e-06 -1.894257e-08)
(0.001507081 4.331247e-06 -1.997771e-08)
(0.001507561 4.182384e-06 -2.084297e-08)
(0.00150802 4.039146e-06 -2.156089e-08)
(0.001508457 3.901256e-06 -2.225673e-08)
(0.001508366 4.010613e-06 1.577067e-08)
(0.001509134 3.876213e-06 1.282468e-08)
(0.001509872 3.746885e-06 1.016469e-08)
(0.001510581 3.622336e-06 7.760809e-09)
(0.001511261 3.502303e-06 5.571434e-09)
(0.001511914 3.386543e-06 3.575655e-09)
(0.001512542 3.274847e-06 1.630177e-09)
(0.001509414 3.003066e-06 3.608735e-08)
(0.001510339 2.90565e-06 3.237989e-08)
(0.00151123 2.811745e-06 2.896611e-08)
(0.00151209 2.721148e-06 2.581847e-08)
(0.001512918 2.63368e-06 2.289622e-08)
(0.001513717 2.549173e-06 2.018139e-08)
(0.001514487 2.467483e-06 1.752184e-08)
(0.001509626 1.855606e-06 4.761753e-08)
(0.001510651 1.79679e-06 4.356941e-08)
(0.001511642 1.740027e-06 3.980803e-08)
(0.001512599 1.6852e-06 3.630873e-08)
(0.001513523 1.632203e-06 3.303206e-08)
(0.001514417 1.580936e-06 2.996269e-08)
(0.00151528 1.531315e-06 2.694459e-08)
(0.001511707 5.887231e-07 4.468538e-08)
(0.001512711 5.703879e-07 4.105278e-08)
(0.001513683 5.526547e-07 3.7639e-08)
(0.001514623 5.354907e-07 3.44302e-08)
(0.001515533 5.188677e-07 3.126972e-08)
(0.0001944034 -1.289159e-08 -9.842757e-08)
(0.000194281 -1.18579e-08 -9.257972e-08)
(0.0001941646 -1.091823e-08 -8.717785e-08)
(0.0001940538 -1.006484e-08 -8.218159e-08)
(0.0001939482 -9.292539e-09 -7.75522e-08)
(0.0001938475 -8.592288e-09 -7.325667e-08)
(0.0001937516 -7.980651e-09 -6.925286e-08)
(0.000442478 6.850812e-08 -1.664446e-07)
(0.0004421666 6.808074e-08 -1.558218e-07)
(0.0004418706 6.74987e-08 -1.46037e-07)
(0.000441589 6.677464e-08 -1.370148e-07)
(0.000441321 6.591735e-08 -1.286807e-07)
(0.0004410656 6.493889e-08 -1.209663e-07)
(0.0004408222 6.383358e-08 -1.137679e-07)
(0.0006112222 2.998901e-07 -1.929839e-07)
(0.0006107593 2.918435e-07 -1.801454e-07)
(0.0006103194 2.839188e-07 -1.683271e-07)
(0.0006099011 2.761045e-07 -1.574403e-07)
(0.0006095029 2.683904e-07 -1.47396e-07)
(0.0006091236 2.607739e-07 -1.381157e-07)
(0.0006087622 2.532394e-07 -1.294727e-07)
(0.0007301665 6.624575e-07 -2.045629e-07)
(0.0007295929 6.410958e-07 -1.907845e-07)
(0.0007290476 6.204659e-07 -1.780812e-07)
(0.0007285288 6.00504e-07 -1.663636e-07)
(0.0007280349 5.811555e-07 -1.555396e-07)
(0.0007275642 5.623776e-07 -1.455288e-07)
(0.0007271157 5.44119e-07 -1.361842e-07)
(0.0008152211 1.119194e-06 -2.041787e-07)
(0.0008145896 1.080479e-06 -1.906089e-07)
(0.0008139884 1.043332e-06 -1.780564e-07)
(0.0008134159 1.007622e-06 -1.66442e-07)
(0.0008128701 9.732365e-07 -1.556811e-07)
(0.0008123497 9.400808e-07 -1.457017e-07)
(0.0008118532 9.080603e-07 -1.363516e-07)
(0.0008760022 1.617388e-06 -1.904086e-07)
(0.0008753762 1.559933e-06 -1.781997e-07)
(0.000874779 1.504921e-06 -1.668515e-07)
(0.0008742091 1.452158e-06 -1.563027e-07)
(0.0008736649 1.401476e-06 -1.464853e-07)
(0.0008731449 1.352728e-06 -1.373426e-07)
(0.0008726482 1.30578e-06 -1.287358e-07)
(0.0009188856 2.095156e-06 -1.643373e-07)
(0.0009183313 2.020613e-06 -1.543972e-07)
(0.0009178008 1.949231e-06 -1.450986e-07)
(0.000917293 1.880772e-06 -1.364018e-07)
(0.0009168067 1.81503e-06 -1.282602e-07)
(0.0009163407 1.751819e-06 -1.206363e-07)
(0.0009158945 1.690981e-06 -1.134207e-07)
(0.0009484271 2.49005e-06 -1.299849e-07)
(0.000948002 2.402838e-06 -1.227782e-07)
(0.0009475933 2.319199e-06 -1.15978e-07)
(0.0009472003 2.238881e-06 -1.095651e-07)
(0.0009468224 2.161665e-06 -1.035152e-07)
(0.0009464588 2.087349e-06 -9.780943e-08)
(0.0009461093 2.015768e-06 -9.237817e-08)
(0.0009680765 2.749896e-06 -9.294617e-08)
(0.0009678201 2.656258e-06 -8.844725e-08)
(0.0009675716 2.566247e-06 -8.41465e-08)
(0.0009673308 2.479624e-06 -8.004115e-08)
(0.0009670976 2.39618e-06 -7.612578e-08)
(0.0009668717 2.315722e-06 -7.23964e-08)
(0.0009666532 2.238092e-06 -6.882666e-08)
(0.0009805422 2.841274e-06 -5.828488e-08)
(0.0009804712 2.748012e-06 -5.609867e-08)
(0.0009803999 2.658114e-06 -5.395398e-08)
(0.0009803288 2.571372e-06 -5.185848e-08)
(0.0009802579 2.487604e-06 -4.982047e-08)
(0.0009801874 2.40664e-06 -4.784598e-08)
(0.0009801176 2.328345e-06 -4.594837e-08)
(0.0009879713 2.753172e-06 -2.935545e-08)
(0.0009880806 2.666479e-06 -2.8906e-08)
(0.0009881831 2.58267e-06 -2.839807e-08)
(0.0009882792 2.501577e-06 -2.784453e-08)
(0.0009883694 2.423051e-06 -2.72622e-08)
(0.0009884541 2.346956e-06 -2.666235e-08)
(0.0009885337 2.273181e-06 -2.609037e-08)
(0.0009920412 2.494996e-06 -7.472046e-09)
(0.0009923093 2.419709e-06 -8.178e-09)
(0.0009925659 2.346725e-06 -8.773042e-09)
(0.0009928114 2.275915e-06 -9.271555e-09)
(0.0009930464 2.207164e-06 -9.694652e-09)
(0.0009932715 2.140368e-06 -1.005538e-08)
(0.000993487 2.075444e-06 -1.042198e-08)
(0.0009940183 2.090849e-06 7.652213e-09)
(0.0009944144 2.030225e-06 6.266948e-09)
(0.0009947959 1.971314e-06 5.012717e-09)
(0.0009951633 1.91402e-06 3.87557e-09)
(0.0009955173 1.85826e-06 2.832879e-09)
(0.0009958583 1.803959e-06 1.871835e-09)
(0.0009961868 1.751056e-06 9.097562e-10)
(0.0009948133 1.572688e-06 1.720482e-08)
(0.0009953032 1.528597e-06 1.547112e-08)
(0.0009957768 1.48567e-06 1.387106e-08)
(0.0009962347 1.443841e-06 1.239165e-08)
(0.0009966774 1.403054e-06 1.101021e-08)
(0.0009971055 1.363258e-06 9.715021e-09)
(0.0009975193 1.324412e-06 8.415475e-09)
(0.0009950387 9.746908e-07 2.259328e-08)
(0.000995589 9.480206e-07 2.07078e-08)
(0.0009961223 9.220203e-07 1.895178e-08)
(0.0009966391 8.966534e-07 1.731352e-08)
(0.0009971398 8.718862e-07 1.577101e-08)
(0.0009976251 8.476881e-07 1.43136e-08)
(0.0009980952 8.240346e-07 1.284658e-08)
(0.000996207 3.124091e-07 2.122905e-08)
(0.0009967526 3.039178e-07 1.953158e-08)
(0.0009972818 2.956225e-07 1.792713e-08)
(0.0009977952 2.87513e-07 1.640666e-08)
(0.0009982931 2.79581e-07 1.487401e-08)
(8.700788e-05 -1.38354e-08 -1.693261e-08)
(8.695796e-05 -1.299744e-08 -1.59996e-08)
(8.691045e-05 -1.222595e-08 -1.513519e-08)
(8.686518e-05 -1.151517e-08 -1.433253e-08)
(8.682202e-05 -1.08602e-08 -1.358564e-08)
(8.678086e-05 -1.025429e-08 -1.288946e-08)
(8.674163e-05 -9.702311e-09 -1.221859e-08)
(0.0001787563 -1.59023e-08 -2.211601e-08)
(0.0001786398 -1.373096e-08 -2.075975e-08)
(0.0001785291 -1.179184e-08 -1.950928e-08)
(0.0001784236 -1.006425e-08 -1.835436e-08)
(0.0001783232 -8.53023e-09 -1.728408e-08)
(0.0001782275 -7.171449e-09 -1.629021e-08)
(0.0001781363 -5.974706e-09 -1.532214e-08)
(0.0002376999 2.45316e-08 -2.339998e-08)
(0.0002375322 2.67575e-08 -2.187401e-08)
(0.0002373728 2.862461e-08 -2.046981e-08)
(0.0002372211 3.016545e-08 -1.917605e-08)
(0.0002370766 3.140967e-08 -1.797986e-08)
(0.000236939 3.238742e-08 -1.687429e-08)
(0.0002368079 3.31227e-08 -1.579941e-08)
(0.0002785168 1.068068e-07 -2.396419e-08)
(0.000278312 1.074693e-07 -2.236845e-08)
(0.0002781172 1.077334e-07 -2.089825e-08)
(0.0002779318 1.076352e-07 -1.954242e-08)
(0.0002777552 1.072089e-07 -1.828713e-08)
(0.000277587 1.064886e-07 -1.712662e-08)
(0.0002774267 1.055029e-07 -1.599138e-08)
(0.0003075226 2.205181e-07 -2.365088e-08)
(0.0003072979 2.182661e-07 -2.209291e-08)
(0.000307084 2.15661e-07 -2.06528e-08)
(0.0003068803 2.127353e-07 -1.932064e-08)
(0.0003066862 2.095214e-07 -1.808326e-08)
(0.000306501 2.060511e-07 -1.693691e-08)
(0.0003063245 2.023518e-07 -1.58074e-08)
(0.000328208 3.512166e-07 -2.191898e-08)
(0.0003279841 3.452501e-07 -2.052739e-08)
(0.0003277706 3.390312e-07 -1.92345e-08)
(0.0003275669 3.325849e-07 -1.803269e-08)
(0.0003273724 3.259375e-07 -1.691085e-08)
(0.0003271867 3.191145e-07 -1.586756e-08)
(0.0003270095 3.121381e-07 -1.483088e-08)
(0.0003428058 4.825158e-07 -1.878679e-08)
(0.000342604 4.727004e-07 -1.766517e-08)
(0.000342411 4.627509e-07 -1.661615e-08)
(0.0003422265 4.526842e-07 -1.563467e-08)
(0.00034205 4.425198e-07 -1.471266e-08)
(0.000341881 4.322758e-07 -1.385088e-08)
(0.0003417195 4.219688e-07 -1.298664e-08)
(0.0003528832 5.972613e-07 -1.469809e-08)
(0.000352722 5.841487e-07 -1.389869e-08)
(0.0003525674 5.710015e-07 -1.314407e-08)
(0.0003524192 5.578307e-07 -1.243175e-08)
(0.000352277 5.446506e-07 -1.175715e-08)
(0.0003521405 5.314732e-07 -1.112252e-08)
(0.0003520096 5.183112e-07 -1.047978e-08)
(0.0003596138 6.800014e-07 -1.03395e-08)
(0.0003595063 6.646891e-07 -9.854574e-09)
(0.0003594028 6.49401e-07 -9.390366e-09)
(0.0003593031 6.341451e-07 -8.946339e-09)
(0.000359207 6.189329e-07 -8.521175e-09)
(0.0003591145 6.037732e-07 -8.117754e-09)
(0.0003590255 5.886763e-07 -7.705266e-09)
(0.0003639124 7.195031e-07 -6.316933e-09)
(0.0003638643 7.033755e-07 -6.095498e-09)
(0.0003638176 6.87287e-07 -5.877106e-09)
(0.0003637723 6.712446e-07 -5.662543e-09)
(0.0003637284 6.552592e-07 -5.453147e-09)
(0.0003636859 6.393385e-07 -5.251679e-09)
(0.0003636447 6.234922e-07 -5.044432e-09)
(0.000366501 7.104065e-07 -3.020596e-09)
(0.0003665111 6.94843e-07 -2.991611e-09)
(0.0003665204 6.793018e-07 -2.95497e-09)
(0.0003665291 6.637902e-07 -2.912032e-09)
(0.0003665372 6.483189e-07 -2.866077e-09)
(0.0003665448 6.328959e-07 -2.819262e-09)
(0.0003665519 6.175308e-07 -2.77269e-09)
(0.000367943 6.533207e-07 -5.814358e-10)
(0.0003680045 6.394716e-07 -6.757689e-10)
(0.0003680638 6.256158e-07 -7.572454e-10)
(0.000368121 6.117605e-07 -8.274242e-10)
(0.0003681761 5.979159e-07 -8.908465e-10)
(0.0003682293 5.840902e-07 -9.488916e-10)
(0.0003682805 5.702929e-07 -1.014058e-09)
(0.0003686641 5.536547e-07 1.060179e-09)
(0.0003687673 5.423351e-07 8.973276e-10)
(0.0003688673 5.309847e-07 7.488461e-10)
(0.0003689643 5.1961e-07 6.13276e-10)
(0.0003690582 5.082199e-07 4.85374e-10)
(0.0003691492 4.968219e-07 3.644667e-10)
(0.0003692373 4.854245e-07 2.301987e-10)
(0.0003689715 4.198213e-07 2.066469e-09)
(0.0003691054 4.115195e-07 1.871513e-09)
(0.0003692357 4.03178e-07 1.690644e-09)
(0.0003693622 3.948017e-07 1.522495e-09)
(0.0003694852 3.863973e-07 1.361485e-09)
(0.0003696048 3.779706e-07 1.207527e-09)
(0.0003697208 3.695284e-07 1.03543e-09)
(0.0003690727 2.615543e-07 2.616617e-09)
(0.0003692265 2.565115e-07 2.409576e-09)
(0.0003693764 2.514368e-07 2.215802e-09)
(0.0003695223 2.463341e-07 2.034006e-09)
(0.0003696644 2.412067e-07 1.858794e-09)
(0.0003698028 2.360578e-07 1.690089e-09)
(0.0003699373 2.308917e-07 1.500147e-09)
(0.0003694167 8.540364e-08 2.446835e-09)
(0.0003695722 8.369226e-08 2.260413e-09)
(0.0003697237 8.197166e-08 2.079801e-09)
(0.0003698713 8.024282e-08 1.9059e-09)
(0.000370015 7.850701e-08 1.709295e-09)
(0.0003733104 4.173173e-08 -1.027866e-07)
(0.0003731357 3.997341e-08 -9.755289e-08)
(0.0003729679 3.827891e-08 -9.266702e-08)
(0.0003728066 3.666796e-08 -8.810909e-08)
(0.0003726517 3.515277e-08 -8.384528e-08)
(0.0003725027 3.372119e-08 -7.985384e-08)
(0.0003723594 3.236501e-08 -7.611579e-08)
(0.0003722216 3.107921e-08 -7.261468e-08)
(0.0003720889 2.985863e-08 -6.933245e-08)
(0.0003719612 2.869877e-08 -6.625446e-08)
(0.0003718382 2.759606e-08 -6.336642e-08)
(0.0003717198 2.654728e-08 -6.06543e-08)
(0.0003716057 2.555041e-08 -5.81041e-08)
(0.0003714957 2.460305e-08 -5.570444e-08)
(0.0003713897 2.370448e-08 -5.345161e-08)
(0.0009384068 6.081525e-07 -1.832632e-07)
(0.0009379205 5.823559e-07 -1.735441e-07)
(0.0009374535 5.578423e-07 -1.644383e-07)
(0.0009370052 5.345401e-07 -1.559556e-07)
(0.0009365746 5.124432e-07 -1.480475e-07)
(0.0009361608 4.914821e-07 -1.406677e-07)
(0.000935763 4.715827e-07 -1.337821e-07)
(0.0009353806 4.526788e-07 -1.273579e-07)
(0.0009350127 4.347078e-07 -1.213615e-07)
(0.0009346588 4.176103e-07 -1.157634e-07)
(0.0009343181 4.013322e-07 -1.105364e-07)
(0.0009339902 3.858237e-07 -1.056533e-07)
(0.0009336744 3.710407e-07 -1.010881e-07)
(0.0009333704 3.569433e-07 -9.682127e-08)
(0.0009330774 3.434937e-07 -9.28574e-08)
(0.00136161 1.630293e-06 -2.275104e-07)
(0.001360849 1.56055e-06 -2.150936e-07)
(0.001360119 1.494498e-06 -2.034708e-07)
(0.001359417 1.431849e-06 -1.926569e-07)
(0.001358744 1.372449e-06 -1.825923e-07)
(0.001358097 1.3161e-06 -1.732127e-07)
(0.001357476 1.262604e-06 -1.644758e-07)
(0.001356878 1.21178e-06 -1.563402e-07)
(0.001356303 1.163459e-06 -1.487629e-07)
(0.001355751 1.117484e-06 -1.417058e-07)
(0.001355219 1.073708e-06 -1.351342e-07)
(0.001354707 1.031995e-06 -1.290138e-07)
(0.001354214 9.922214e-07 -1.233122e-07)
(0.00135374 9.54273e-07 -1.180039e-07)
(0.001353283 9.180427e-07 -1.131032e-07)
(0.001676007 3.012934e-06 -2.478073e-07)
(0.001675029 2.88353e-06 -2.341235e-07)
(0.00167409 2.761135e-06 -2.212904e-07)
(0.001673189 2.64518e-06 -2.09336e-07)
(0.001672324 2.535275e-06 -1.982086e-07)
(0.001671493 2.431027e-06 -1.878358e-07)
(0.001670694 2.332062e-06 -1.78175e-07)
(0.001669925 2.238041e-06 -1.691833e-07)
(0.001669187 2.148647e-06 -1.60815e-07)
(0.001668476 2.063588e-06 -1.530286e-07)
(0.001667792 1.982592e-06 -1.457869e-07)
(0.001667133 1.905407e-06 -1.39053e-07)
(0.001666499 1.831802e-06 -1.327921e-07)
(0.001665889 1.761561e-06 -1.269754e-07)
(0.001665301 1.694482e-06 -1.216209e-07)
(0.001907568 4.646281e-06 -2.521142e-07)
(0.001906468 4.4475e-06 -2.383458e-07)
(0.00190541 4.25943e-06 -2.253899e-07)
(0.001904393 4.081249e-06 -2.132859e-07)
(0.001903416 3.912306e-06 -2.019966e-07)
(0.001902477 3.751996e-06 -1.914517e-07)
(0.001901573 3.599758e-06 -1.816131e-07)
(0.001900704 3.455072e-06 -1.724428e-07)
(0.001899867 3.31746e-06 -1.63898e-07)
(0.001899061 3.186479e-06 -1.559396e-07)
(0.001898285 3.061716e-06 -1.48532e-07)
(0.001897538 2.94279e-06 -1.416402e-07)
(0.001896818 2.829347e-06 -1.352306e-07)
(0.001896124 2.721057e-06 -1.292747e-07)
(0.001895455 2.617609e-06 -1.237889e-07)
(0.002076079 6.365543e-06 -2.384248e-07)
(0.002074982 6.096349e-06 -2.257867e-07)
(0.002073925 5.841394e-06 -2.1385e-07)
(0.002072908 5.59965e-06 -2.026556e-07)
(0.002071928 5.37023e-06 -1.921804e-07)
(0.002070984 5.15234e-06 -1.82365e-07)
(0.002070074 4.945246e-06 -1.731791e-07)
(0.002069198 4.748269e-06 -1.645932e-07)
(0.002068352 4.560782e-06 -1.565722e-07)
(0.002067538 4.3822e-06 -1.490833e-07)
(0.002066752 4.211982e-06 -1.420965e-07)
(0.002065994 4.049625e-06 -1.355822e-07)
(0.002065263 3.89466e-06 -1.295118e-07)
(0.002064557 3.74665e-06 -1.238603e-07)
(0.002063876 3.605182e-06 -1.186404e-07)
(0.002196538 7.969681e-06 -2.093328e-07)
(0.002195586 7.639116e-06 -1.987745e-07)
(0.002194666 7.325526e-06 -1.887627e-07)
(0.002193776 7.027761e-06 -1.793292e-07)
(0.002192917 6.744771e-06 -1.704613e-07)
(0.002192087 6.475627e-06 -1.621162e-07)
(0.002191284 6.219484e-06 -1.542734e-07)
(0.002190508 5.975551e-06 -1.469128e-07)
(0.002189758 5.743091e-06 -1.400091e-07)
(0.002189033 5.521424e-06 -1.335387e-07)
(0.002188332 5.309911e-06 -1.274795e-07)
(0.002187655 5.10796e-06 -1.218095e-07)
(0.002186999 4.915017e-06 -1.165071e-07)
(0.002186366 4.730566e-06 -1.115538e-07)
(0.002185753 4.554114e-06 -1.069572e-07)
(0.002280481 9.253939e-06 -1.693878e-07)
(0.002279806 8.880091e-06 -1.6144e-07)
(0.002279149 8.524708e-06 -1.538759e-07)
(0.00227851 8.18662e-06 -1.467081e-07)
(0.002277889 7.864713e-06 -1.399282e-07)
(0.002277285 7.55801e-06 -1.335128e-07)
(0.002276698 7.265624e-06 -1.274499e-07)
(0.002276127 6.986721e-06 -1.21728e-07)
(0.002275572 6.720521e-06 -1.163321e-07)
(0.002275034 6.466298e-06 -1.112479e-07)
(0.00227451 6.223374e-06 -1.064614e-07)
(0.002274002 5.991115e-06 -1.019591e-07)
(0.002273508 5.768926e-06 -9.772705e-08)
(0.002273029 5.556249e-06 -9.375355e-08)
(0.002272564 5.352556e-06 -9.004175e-08)
(0.002336994 1.005106e-05 -1.25233e-07)
(0.002336694 9.657794e-06 -1.199521e-07)
(0.002336395 9.283076e-06 -1.149131e-07)
(0.002336099 8.925808e-06 -1.101031e-07)
(0.002335805 8.584912e-06 -1.055116e-07)
(0.002335514 8.259449e-06 -1.011335e-07)
(0.002335227 7.948561e-06 -9.696386e-08)
(0.002334944 7.651442e-06 -9.299667e-08)
(0.002334664 7.367334e-06 -8.922581e-08)
(0.002334389 7.095528e-06 -8.564496e-08)
(0.002334119 6.835359e-06 -8.22476e-08)
(0.002333853 6.586204e-06 -7.902686e-08)
(0.002333591 6.347475e-06 -7.597582e-08)
(0.002333335 6.118621e-06 -7.308925e-08)
(0.002333084 5.899115e-06 -7.036548e-08)
(0.002373359 1.025922e-05 -8.278273e-08)
(0.002373483 9.871915e-06 -7.985887e-08)
(0.002373592 9.501976e-06 -7.707179e-08)
(0.002373687 9.148433e-06 -7.438115e-08)
(0.00237377 8.810325e-06 -7.176969e-08)
(0.002373841 8.486814e-06 -6.924789e-08)
(0.002373903 8.177133e-06 -6.681467e-08)
(0.002373954 7.880556e-06 -6.446706e-08)
(0.002373998 7.5964e-06 -6.220511e-08)
(0.002374033 7.324022e-06 -6.002855e-08)
(0.002374061 7.062818e-06 -5.793602e-08)
(0.002374083 6.812219e-06 -5.592576e-08)
(0.002374098 6.571688e-06 -5.399605e-08)
(0.002374109 6.340717e-06 -5.21466e-08)
(0.002374114 6.118821e-06 -5.037118e-08)
(0.002395431 9.852049e-06 -4.626936e-08)
(0.002395977 9.493764e-06 -4.519184e-08)
(0.002396495 9.150719e-06 -4.418465e-08)
(0.002396986 8.822109e-06 -4.318217e-08)
(0.00239745 8.507136e-06 -4.215853e-08)
(0.002397891 8.2051e-06 -4.113564e-08)
(0.002398309 7.915357e-06 -4.011398e-08)
(0.002398705 7.637298e-06 -3.909123e-08)
(0.002399082 7.370344e-06 -3.807089e-08)
(0.002399439 7.113953e-06 -3.705629e-08)
(0.002399779 6.86761e-06 -3.604901e-08)
(0.002400101 6.63083e-06 -3.505054e-08)
(0.002400408 6.403153e-06 -3.406253e-08)
(0.0024007 6.184143e-06 -3.308818e-08)
(0.002400977 5.973382e-06 -3.211646e-08)
(0.002407837 8.869558e-06 -1.763268e-08)
(0.002408764 8.558575e-06 -1.785367e-08)
(0.002409653 8.260161e-06 -1.810987e-08)
(0.002410503 7.973681e-06 -1.831551e-08)
(0.002411318 7.698513e-06 -1.843645e-08)
(0.002412098 7.434104e-06 -1.850208e-08)
(0.002412846 7.179949e-06 -1.851283e-08)
(0.002413563 6.935562e-06 -1.846545e-08)
(0.002414251 6.700487e-06 -1.836489e-08)
(0.00241491 6.47429e-06 -1.821625e-08)
(0.002415543 6.256561e-06 -1.802233e-08)
(0.00241615 6.046911e-06 -1.778625e-08)
(0.002416733 5.84497e-06 -1.751156e-08)
(0.002417293 5.65039e-06 -1.720338e-08)
(0.002417831 5.462831e-06 -1.684625e-08)
(0.002414114 7.397908e-06 3.006002e-09)
(0.002415356 7.146986e-06 1.960987e-09)
(0.00241655 6.905748e-06 8.952196e-10)
(0.0024177 6.673722e-06 -9.158366e-11)
(0.002418807 6.450451e-06 -9.587998e-10)
(0.002419873 6.235528e-06 -1.740264e-09)
(0.002420899 6.028575e-06 -2.435274e-09)
(0.002421887 5.829235e-06 -3.038889e-09)
(0.002422839 5.637165e-06 -3.556174e-09)
(0.002423757 5.452042e-06 -3.992728e-09)
(0.002424642 5.27356e-06 -4.351534e-09)
(0.002425494 5.101427e-06 -4.636277e-09)
(0.002426316 4.935368e-06 -4.851306e-09)
(0.002427109 4.775117e-06 -5.002627e-09)
(0.002427874 4.620421e-06 -5.070761e-09)
(0.002416841 5.546653e-06 1.666121e-08)
(0.002418316 5.363604e-06 1.514665e-08)
(0.002419741 5.187359e-06 1.361451e-08)
(0.002421117 5.017592e-06 1.21731e-08)
(0.002422445 4.853994e-06 1.086781e-08)
(0.002423727 4.69629e-06 9.66268e-09)
(0.002424966 4.544221e-06 8.559173e-09)
(0.002426163 4.397543e-06 7.563411e-09)
(0.002427319 4.256023e-06 6.670855e-09)
(0.002428436 4.119439e-06 5.876088e-09)
(0.002429516 3.987581e-06 5.176606e-09)
(0.00243056 3.86025e-06 4.568799e-09)
(0.002431569 3.737257e-06 4.048162e-09)
(0.002432544 3.618419e-06 3.608312e-09)
(0.002433488 3.503562e-06 3.271788e-09)
(0.002417773 3.430722e-06 2.472902e-08)
(0.002419402 3.319694e-06 2.297804e-08)
(0.002420977 3.212683e-06 2.12084e-08)
(0.002422501 3.109501e-06 1.953288e-08)
(0.002423976 3.009971e-06 1.799967e-08)
(0.002425402 2.913931e-06 1.657182e-08)
(0.002426783 2.821234e-06 1.525162e-08)
(0.002428119 2.731736e-06 1.404615e-08)
(0.002429412 2.645304e-06 1.295145e-08)
(0.002430664 2.561809e-06 1.196236e-08)
(0.002431876 2.481129e-06 1.1077e-08)
(0.002433049 2.40315e-06 1.029176e-08)
(0.002434185 2.32776e-06 9.602115e-09)
(0.002435285 2.254855e-06 9.001816e-09)
(0.002436351 2.184335e-06 8.514882e-09)
(0.002417986 1.160456e-06 2.843006e-08)
(0.00241969 1.123283e-06 2.658521e-08)
(0.00242134 1.087438e-06 2.472031e-08)
(0.002422937 1.052858e-06 2.294982e-08)
(0.002424484 1.019485e-06 2.132339e-08)
(0.002425982 9.872674e-07 1.980362e-08)
(0.002427433 9.561556e-07 1.839341e-08)
(0.002428838 9.261039e-07 1.710018e-08)
(0.0024302 8.970681e-07 1.592047e-08)
(0.002431519 8.69007e-07 1.484931e-08)
(0.002432797 8.418809e-07 1.388515e-08)
(0.002434036 8.156533e-07 1.302354e-08)
(0.002435235 7.902886e-07 1.226031e-08)
(0.002436398 7.657543e-07 1.158956e-08)
(0.002437525 7.420208e-07 1.103319e-08)
(0.0003517517 3.089062e-08 -1.496006e-07)
(0.0003515899 2.966683e-08 -1.420631e-07)
(0.0003514344 2.849509e-08 -1.349922e-07)
(0.000351285 2.737524e-08 -1.283636e-07)
(0.0003511415 2.631911e-08 -1.221512e-07)
(0.0003510035 2.531777e-08 -1.163273e-07)
(0.0003508707 2.436472e-08 -1.108659e-07)
(0.000350743 2.345677e-08 -1.057423e-07)
(0.0003506201 2.259092e-08 -1.009329e-07)
(0.0003505017 2.17644e-08 -9.641549e-08)
(0.0003503878 2.097508e-08 -9.217005e-08)
(0.000350278 2.02214e-08 -8.817643e-08)
(0.0003501721 1.950215e-08 -8.441658e-08)
(0.0003500702 1.881611e-08 -8.087309e-08)
(0.0003499718 1.816212e-08 -7.752784e-08)
(0.0008762578 4.895246e-07 -2.70224e-07)
(0.0008758119 4.695879e-07 -2.559257e-07)
(0.0008753837 4.505998e-07 -2.425696e-07)
(0.0008749726 4.324953e-07 -2.300816e-07)
(0.0008745776 4.152818e-07 -2.184136e-07)
(0.0008741981 3.989126e-07 -2.075081e-07)
(0.0008738333 3.833326e-07 -1.973129e-07)
(0.0008734824 3.684946e-07 -1.877794e-07)
(0.0008731449 3.543542e-07 -1.788616e-07)
(0.0008728202 3.40869e-07 -1.705159e-07)
(0.0008725076 3.280003e-07 -1.627028e-07)
(0.0008722066 3.157131e-07 -1.553839e-07)
(0.0008719167 3.039757e-07 -1.485246e-07)
(0.0008716375 2.927595e-07 -1.420946e-07)
(0.0008713684 2.820357e-07 -1.360671e-07)
(0.001264674 1.33494e-06 -3.286971e-07)
(0.001263981 1.279867e-06 -3.107413e-07)
(0.001263315 1.227588e-06 -2.939699e-07)
(0.001262677 1.177878e-06 -2.782949e-07)
(0.001262063 1.130637e-06 -2.6367e-07)
(0.001261474 1.085722e-06 -2.500235e-07)
(0.001260908 1.042986e-06 -2.372886e-07)
(0.001260364 1.002295e-06 -2.254039e-07)
(0.00125984 9.63526e-07 -2.14311e-07)
(0.001259337 9.265622e-07 -2.039544e-07)
(0.001258852 8.912952e-07 -1.942836e-07)
(0.001258386 8.576252e-07 -1.852502e-07)
(0.001257936 8.254606e-07 -1.768108e-07)
(0.001257504 7.947165e-07 -1.68928e-07)
(0.001257087 7.653132e-07 -1.615763e-07)
(0.001551064 2.488942e-06 -3.573367e-07)
(0.001550178 2.385589e-06 -3.375148e-07)
(0.001549328 2.287636e-06 -3.189859e-07)
(0.001548511 2.194642e-06 -3.016482e-07)
(0.001547727 2.106315e-06 -2.85468e-07)
(0.001546974 2.022364e-06 -2.703721e-07)
(0.00154625 1.942506e-06 -2.562889e-07)
(0.001545554 1.866483e-06 -2.431531e-07)
(0.001544884 1.79406e-06 -2.309017e-07)
(0.001544239 1.725015e-06 -2.194743e-07)
(0.001543619 1.659144e-06 -2.088157e-07)
(0.001543022 1.596259e-06 -1.988729e-07)
(0.001542448 1.536184e-06 -1.895985e-07)
(0.001541894 1.478757e-06 -1.809514e-07)
(0.00154136 1.423827e-06 -1.729077e-07)
(0.001761027 3.857351e-06 -3.635311e-07)
(0.001760032 3.697548e-06 -3.434926e-07)
(0.001759076 3.546071e-06 -3.247202e-07)
(0.001758157 3.402284e-06 -3.071093e-07)
(0.001757275 3.26569e-06 -2.906426e-07)
(0.001756426 3.13583e-06 -2.752555e-07)
(0.001755609 3.012274e-06 -2.608808e-07)
(0.001754823 2.894627e-06 -2.474579e-07)
(0.001754067 2.782524e-06 -2.34927e-07)
(0.001753338 2.675627e-06 -2.232301e-07)
(0.001752637 2.573623e-06 -2.123137e-07)
(0.001751962 2.476222e-06 -2.021264e-07)
(0.001751311 2.383155e-06 -1.926214e-07)
(0.001750683 2.29417e-06 -1.837583e-07)
(0.001750079 2.209033e-06 -1.755142e-07)
(0.001913445 5.302644e-06 -3.453716e-07)
(0.001912452 5.085242e-06 -3.268083e-07)
(0.001911496 4.878971e-06 -3.093644e-07)
(0.001910576 4.68304e-06 -2.929454e-07)
(0.00190969 4.496767e-06 -2.775467e-07)
(0.001908836 4.319537e-06 -2.631176e-07)
(0.001908014 4.150788e-06 -2.496023e-07)
(0.001907222 3.989999e-06 -2.369507e-07)
(0.001906458 3.836686e-06 -2.251128e-07)
(0.001905721 3.690403e-06 -2.140391e-07)
(0.001905011 3.550734e-06 -2.036835e-07)
(0.001904326 3.417292e-06 -1.940015e-07)
(0.001903665 3.289718e-06 -1.84952e-07)
(0.001903027 3.167679e-06 -1.764993e-07)
(0.001902412 3.050859e-06 -1.686233e-07)
(0.002022319 6.656628e-06 -3.05155e-07)
(0.002021452 6.388687e-06 -2.894651e-07)
(0.002020614 6.134072e-06 -2.746613e-07)
(0.002019804 5.891902e-06 -2.606734e-07)
(0.002019023 5.66136e-06 -2.475014e-07)
(0.002018268 5.441728e-06 -2.351103e-07)
(0.002017538 5.23235e-06 -2.2346e-07)
(0.002016833 5.032618e-06 -2.12514e-07)
(0.002016152 4.841962e-06 -2.022355e-07)
(0.002015494 4.659857e-06 -1.925876e-07)
(0.002014857 4.485811e-06 -1.835352e-07)
(0.002014242 4.319368e-06 -1.750443e-07)
(0.002013647 4.160102e-06 -1.670832e-07)
(0.002013072 4.007612e-06 -1.596241e-07)
(0.002012516 3.861524e-06 -1.526512e-07)
(0.002098251 7.747678e-06 -2.490225e-07)
(0.002097624 7.443686e-06 -2.370354e-07)
(0.002097014 7.154238e-06 -2.256678e-07)
(0.002096421 6.878439e-06 -2.148812e-07)
(0.002095846 6.615418e-06 -2.046715e-07)
(0.002095287 6.364416e-06 -1.950171e-07)
(0.002094745 6.124743e-06 -1.85894e-07)
(0.002094218 5.895754e-06 -1.772793e-07)
(0.002093707 5.676846e-06 -1.691501e-07)
(0.002093211 5.467457e-06 -1.614825e-07)
(0.002092729 5.267061e-06 -1.542541e-07)
(0.002092261 5.075169e-06 -1.474423e-07)
(0.002091808 4.891321e-06 -1.410261e-07)
(0.002091367 4.715086e-06 -1.34987e-07)
(0.00209094 4.546056e-06 -1.293144e-07)
(0.002149495 8.433965e-06 -1.860015e-07)
(0.002149193 8.11326e-06 -1.778787e-07)
(0.002148894 7.807202e-06 -1.701246e-07)
(0.002148599 7.514949e-06 -1.627344e-07)
(0.002148308 7.23566e-06 -1.556915e-07)
(0.002148022 6.968599e-06 -1.489837e-07)
(0.00214774 6.7131e-06 -1.426005e-07)
(0.002147463 6.468539e-06 -1.365304e-07)
(0.002147192 6.234328e-06 -1.307618e-07)
(0.002146925 6.009916e-06 -1.252828e-07)
(0.002146663 5.794789e-06 -1.200818e-07)
(0.002146407 5.588463e-06 -1.15147e-07)
(0.002146155 5.390484e-06 -1.104671e-07)
(0.002145909 5.200425e-06 -1.060323e-07)
(0.002145669 5.01788e-06 -1.018367e-07)
(0.002182616 8.627121e-06 -1.246505e-07)
(0.002182682 8.310459e-06 -1.200056e-07)
(0.002182737 8.007529e-06 -1.15527e-07)
(0.002182783 7.717594e-06 -1.112406e-07)
(0.00218282 7.439902e-06 -1.071126e-07)
(0.002182849 7.173794e-06 -1.031353e-07)
(0.002182871 6.918676e-06 -9.93078e-08)
(0.002182886 6.673987e-06 -9.5626e-08)
(0.002182895 6.439194e-06 -9.208641e-08)
(0.002182898 6.213799e-06 -8.868583e-08)
(0.002182897 5.997336e-06 -8.542111e-08)
(0.002182891 5.789361e-06 -8.228851e-08)
(0.002182882 5.589459e-06 -7.928437e-08)
(0.002182869 5.397238e-06 -7.640597e-08)
(0.002182852 5.212324e-06 -7.365082e-08)
(0.00220286 8.301378e-06 -7.124658e-08)
(0.002203295 8.00777e-06 -6.937332e-08)
(0.002203707 7.726226e-06 -6.752431e-08)
(0.002204098 7.456134e-06 -6.574981e-08)
(0.002204468 7.196868e-06 -6.399845e-08)
(0.002204819 6.947878e-06 -6.226288e-08)
(0.002205152 6.708668e-06 -6.054763e-08)
(0.002205468 6.478764e-06 -5.885254e-08)
(0.002205768 6.257719e-06 -5.717851e-08)
(0.002206053 6.04511e-06 -5.552769e-08)
(0.002206323 5.840542e-06 -5.390209e-08)
(0.002206581 5.643636e-06 -5.230331e-08)
(0.002206825 5.45404e-06 -5.07327e-08)
(0.002207058 5.271414e-06 -4.919228e-08)
(0.00220728 5.095439e-06 -4.768129e-08)
(0.002214368 7.487041e-06 -2.891902e-08)
(0.002215136 7.231706e-06 -2.902771e-08)
(0.002215873 6.986322e-06 -2.907408e-08)
(0.002216578 6.750406e-06 -2.912583e-08)
(0.002217255 6.523473e-06 -2.911613e-08)
(0.002217903 6.305089e-06 -2.903584e-08)
(0.002218525 6.094863e-06 -2.889168e-08)
(0.002219121 5.892421e-06 -2.868452e-08)
(0.002219693 5.69741e-06 -2.841692e-08)
(0.002220243 5.509493e-06 -2.809348e-08)
(0.00222077 5.328355e-06 -2.771882e-08)
(0.002221277 5.153695e-06 -2.729736e-08)
(0.002221763 4.98523e-06 -2.683329e-08)
(0.002222231 4.822688e-06 -2.633123e-08)
(0.002222681 4.66581e-06 -2.579087e-08)
(0.002220302 6.254389e-06 1.881012e-09)
(0.002221346 6.048052e-06 4.939879e-10)
(0.002222351 5.849379e-06 -7.85821e-10)
(0.00222332 5.658011e-06 -2.037311e-09)
(0.002224252 5.473593e-06 -3.182099e-09)
(0.002225151 5.295805e-06 -4.208354e-09)
(0.002226017 5.124358e-06 -5.123009e-09)
(0.002226852 4.958974e-06 -5.926462e-09)
(0.002227657 4.799392e-06 -6.621109e-09)
(0.002228433 4.645361e-06 -7.212163e-09)
(0.002229181 4.496646e-06 -7.704916e-09)
(0.002229903 4.353024e-06 -8.104851e-09)
(0.002230599 4.214281e-06 -8.417251e-09)
(0.002231272 4.080215e-06 -8.647788e-09)
(0.00223192 3.950631e-06 -8.795574e-09)
(0.00222297 4.694959e-06 2.243577e-08)
(0.00222422 4.544265e-06 2.030616e-08)
(0.002225429 4.398953e-06 1.83027e-08)
(0.002226596 4.258773e-06 1.633991e-08)
(0.002227723 4.123487e-06 1.450356e-08)
(0.002228813 3.992879e-06 1.280791e-08)
(0.002229866 3.866751e-06 1.12469e-08)
(0.002230885 3.744915e-06 9.821352e-09)
(0.002231869 3.627192e-06 8.529714e-09)
(0.002232821 3.513413e-06 7.367073e-09)
(0.002233741 3.403416e-06 6.328296e-09)
(0.002234632 3.297048e-06 5.407784e-09)
(0.002235493 3.194165e-06 4.59999e-09)
(0.002236325 3.094627e-06 3.899026e-09)
(0.002237131 2.998301e-06 3.306643e-09)
(0.002223951 2.90635e-06 3.466598e-08)
(0.002225336 2.81488e-06 3.215485e-08)
(0.002226678 2.726586e-06 2.977559e-08)
(0.002227977 2.641323e-06 2.743928e-08)
(0.002229234 2.558954e-06 2.523582e-08)
(0.002230451 2.479354e-06 2.31812e-08)
(0.002231629 2.402409e-06 2.127028e-08)
(0.00223277 2.32801e-06 1.95049e-08)
(0.002233876 2.256055e-06 1.788441e-08)
(0.002234946 2.186445e-06 1.640446e-08)
(0.002235983 2.119087e-06 1.506035e-08)
(0.002236988 2.053893e-06 1.384658e-08)
(0.002237961 1.990779e-06 1.275775e-08)
(0.002238903 1.929666e-06 1.178814e-08)
(0.002239816 1.870475e-06 1.094006e-08)
(0.002224213 9.835085e-07 4.029811e-08)
(0.002225665 9.528739e-07 3.76324e-08)
(0.002227072 9.23288e-07 3.509934e-08)
(0.002228435 8.947032e-07 3.260859e-08)
(0.002229757 8.670748e-07 3.025188e-08)
(0.002231037 8.403623e-07 2.804606e-08)
(0.002232278 8.145284e-07 2.598658e-08)
(0.00223348 7.895378e-07 2.407583e-08)
(0.002234646 7.653569e-07 2.231378e-08)
(0.002235776 7.419538e-07 2.069635e-08)
(0.002236871 7.192989e-07 1.921894e-08)
(0.002237933 6.973634e-07 1.78761e-08)
(0.002238963 6.761209e-07 1.666235e-08)
(0.002239961 6.555466e-07 1.557212e-08)
(0.002240928 6.35615e-07 1.46069e-08)
(0.0003169775 1.66323e-08 -1.560588e-07)
(0.0003168358 1.610892e-08 -1.483378e-07)
(0.0003166996 1.559361e-08 -1.410767e-07)
(0.0003165688 1.509005e-08 -1.342548e-07)
(0.0003164431 1.460968e-08 -1.278511e-07)
(0.0003163222 1.414827e-08 -1.218406e-07)
(0.0003162059 1.370264e-08 -1.16196e-07)
(0.000316094 1.327211e-08 -1.10894e-07)
(0.0003159863 1.285596e-08 -1.059094e-07)
(0.0003158826 1.245358e-08 -1.012216e-07)
(0.0003157827 1.206489e-08 -9.680846e-08)
(0.0003156864 1.168956e-08 -9.265034e-08)
(0.0003155937 1.132775e-08 -8.872926e-08)
(0.0003155043 1.097968e-08 -8.50273e-08)
(0.000315418 1.06452e-08 -8.152447e-08)
(0.0007770089 3.379462e-07 -2.775151e-07)
(0.000776625 3.252593e-07 -2.629974e-07)
(0.0007762562 3.130932e-07 -2.494333e-07)
(0.0007759021 3.014178e-07 -2.367295e-07)
(0.0007755619 2.902536e-07 -2.248445e-07)
(0.000775235 2.795792e-07 -2.137254e-07)
(0.0007749207 2.693655e-07 -2.033179e-07)
(0.0007746184 2.595885e-07 -1.935742e-07)
(0.0007743276 2.502253e-07 -1.844472e-07)
(0.0007740477 2.412538e-07 -1.758945e-07)
(0.0007737783 2.32654e-07 -1.678749e-07)
(0.0007735189 2.244073e-07 -1.6035e-07)
(0.000773269 2.164972e-07 -1.532855e-07)
(0.0007730282 2.089089e-07 -1.466502e-07)
(0.0007727961 2.016271e-07 -1.404097e-07)
(0.001111376 9.566348e-07 -3.317527e-07)
(0.001110786 9.197055e-07 -3.137882e-07)
(0.001110219 8.844779e-07 -2.969949e-07)
(0.001109675 8.508212e-07 -2.812666e-07)
(0.001109152 8.186897e-07 -2.665734e-07)
(0.00110865 7.880054e-07 -2.528528e-07)
(0.001108168 7.586835e-07 -2.400358e-07)
(0.001107704 7.306481e-07 -2.280623e-07)
(0.001107258 7.038284e-07 -2.168732e-07)
(0.001106829 6.781572e-07 -2.064146e-07)
(0.001106415 6.535718e-07 -1.966345e-07)
(0.001106018 6.300145e-07 -1.874847e-07)
(0.001105635 6.074316e-07 -1.789224e-07)
(0.001105265 5.85774e-07 -1.709094e-07)
(0.00110491 5.649954e-07 -1.634096e-07)
(0.001355052 1.815626e-06 -3.578544e-07)
(0.001354303 1.744604e-06 -3.381341e-07)
(0.001353584 1.677021e-06 -3.196875e-07)
(0.001352894 1.612603e-06 -3.023888e-07)
(0.001352231 1.551177e-06 -2.862259e-07)
(0.001351594 1.492567e-06 -2.711382e-07)
(0.001350982 1.436602e-06 -2.570514e-07)
(0.001350393 1.383126e-06 -2.439006e-07)
(0.001349826 1.331995e-06 -2.316229e-07)
(0.001349281 1.283076e-06 -2.201588e-07)
(0.001348757 1.236245e-06 -2.094518e-07)
(0.001348252 1.191388e-06 -1.994492e-07)
(0.001347765 1.148397e-06 -1.901037e-07)
(0.001347296 1.107174e-06 -1.813743e-07)
(0.001346845 1.067626e-06 -1.732247e-07)
(0.001532488 2.842715e-06 -3.62676e-07)
(0.00153165 2.731344e-06 -3.427751e-07)
(0.001530845 2.625394e-06 -3.241246e-07)
(0.001530071 2.524461e-06 -3.065892e-07)
(0.001529327 2.428236e-06 -2.901747e-07)
(0.001528612 2.336432e-06 -2.748316e-07)
(0.001527924 2.24878e-06 -2.604894e-07)
(0.001527262 2.165032e-06 -2.470872e-07)
(0.001526625 2.084961e-06 -2.345654e-07)
(0.001526012 2.008357e-06 -2.228667e-07)
(0.001525421 1.935024e-06 -2.119359e-07)
(0.001524852 1.86478e-06 -2.017215e-07)
(0.001524303 1.797456e-06 -1.921769e-07)
(0.001523775 1.732897e-06 -1.832611e-07)
(0.001523265 1.670955e-06 -1.749409e-07)
(0.001660844 3.934278e-06 -3.444559e-07)
(0.001660006 3.781322e-06 -3.259912e-07)
(0.0016592 3.635712e-06 -3.086376e-07)
(0.001658424 3.496945e-06 -2.922691e-07)
(0.001657676 3.364583e-06 -2.769024e-07)
(0.001656957 3.238235e-06 -2.625011e-07)
(0.001656264 3.117543e-06 -2.490064e-07)
(0.001655596 3.002175e-06 -2.36367e-07)
(0.001654952 2.891824e-06 -2.245328e-07)
(0.001654332 2.786205e-06 -2.134546e-07)
(0.001653734 2.685055e-06 -2.030844e-07)
(0.001653157 2.588127e-06 -1.933773e-07)
(0.0016526 2.495193e-06 -1.84292e-07)
(0.001652063 2.40604e-06 -1.757923e-07)
(0.001651545 2.320469e-06 -1.67849e-07)
(0.001752434 4.964048e-06 -3.047745e-07)
(0.001751695 4.774175e-06 -2.891104e-07)
(0.001750982 4.593178e-06 -2.743325e-07)
(0.001750293 4.420495e-06 -2.603439e-07)
(0.001749629 4.255597e-06 -2.471611e-07)
(0.001748987 4.098019e-06 -2.347602e-07)
(0.001748368 3.947341e-06 -2.230978e-07)
(0.00174777 3.803169e-06 -2.121364e-07)
(0.001747192 3.665139e-06 -2.018385e-07)
(0.001746633 3.532911e-06 -1.92167e-07)
(0.001746094 3.40617e-06 -1.830851e-07)
(0.001745573 3.284622e-06 -1.74558e-07)
(0.001745069 3.167993e-06 -1.665535e-07)
(0.001744582 3.056025e-06 -1.590428e-07)
(0.001744111 2.948479e-06 -1.520039e-07)
(0.001816383 5.802636e-06 -2.493844e-07)
(0.001815834 5.585928e-06 -2.37347e-07)
(0.001815301 5.378971e-06 -2.259354e-07)
(0.001814784 5.181195e-06 -2.15095e-07)
(0.001814284 4.992029e-06 -2.048309e-07)
(0.001813798 4.81098e-06 -1.951271e-07)
(0.001813327 4.637603e-06 -1.859571e-07)
(0.00181287 4.471479e-06 -1.772969e-07)
(0.001812428 4.312217e-06 -1.691223e-07)
(0.001811998 4.159453e-06 -1.614092e-07)
(0.001811582 4.012848e-06 -1.541332e-07)
(0.001811179 3.872084e-06 -1.472713e-07)
(0.001810787 3.736862e-06 -1.408014e-07)
(0.001810408 3.606904e-06 -1.347042e-07)
(0.00181004 3.481948e-06 -1.28965e-07)
(0.001859683 6.341325e-06 -1.86962e-07)
(0.001859392 6.111519e-06 -1.787314e-07)
(0.001859106 5.891579e-06 -1.708788e-07)
(0.001858825 5.680967e-06 -1.633973e-07)
(0.001858551 5.47913e-06 -1.562717e-07)
(0.001858281 5.285589e-06 -1.494888e-07)
(0.001858018 5.099913e-06 -1.430359e-07)
(0.00185776 4.921697e-06 -1.369009e-07)
(0.001857508 4.750556e-06 -1.310706e-07)
(0.001857262 4.586135e-06 -1.255325e-07)
(0.001857021 4.428099e-06 -1.202737e-07)
(0.001856786 4.276134e-06 -1.152816e-07)
(0.001856557 4.129944e-06 -1.105441e-07)
(0.001856333 3.989253e-06 -1.060504e-07)
(0.001856114 3.853796e-06 -1.017935e-07)
(0.001887834 6.509995e-06 -1.259539e-07)
(0.001887836 6.282061e-06 -1.211678e-07)
(0.001887833 6.063402e-06 -1.16558e-07)
(0.001887824 5.853548e-06 -1.12163e-07)
(0.00188781 5.652005e-06 -1.079428e-07)
(0.001887793 5.458343e-06 -1.038817e-07)
(0.001887771 5.272179e-06 -9.997744e-08)
(0.001887746 5.093147e-06 -9.622578e-08)
(0.001887719 4.920903e-06 -9.262119e-08)
(0.001887688 4.755122e-06 -8.915974e-08)
(0.001887656 4.5955e-06 -8.583727e-08)
(0.001887621 4.441752e-06 -8.264965e-08)
(0.001887585 4.293607e-06 -7.959252e-08)
(0.001887547 4.150809e-06 -7.666228e-08)
(0.001887508 4.013118e-06 -7.385711e-08)
(0.001905204 6.284878e-06 -7.263231e-08)
(0.001905501 6.072721e-06 -7.060547e-08)
(0.001905783 5.868722e-06 -6.86121e-08)
(0.001906049 5.672489e-06 -6.672859e-08)
(0.001906302 5.483615e-06 -6.489061e-08)
(0.001906542 5.301742e-06 -6.307682e-08)
(0.00190677 5.126549e-06 -6.129102e-08)
(0.001906986 4.95773e-06 -5.953319e-08)
(0.001907191 4.794997e-06 -5.780202e-08)
(0.001907386 4.638075e-06 -5.609876e-08)
(0.001907572 4.486709e-06 -5.442493e-08)
(0.001907748 4.340654e-06 -5.278191e-08)
(0.001907916 4.199681e-06 -5.117068e-08)
(0.001908075 4.063572e-06 -4.959214e-08)
(0.001908227 3.932119e-06 -4.804863e-08)
(0.001915224 5.684921e-06 -3.021157e-08)
(0.001915789 5.499831e-06 -3.01678e-08)
(0.001916331 5.321465e-06 -3.006953e-08)
(0.001916851 5.14952e-06 -3.002156e-08)
(0.001917349 4.983678e-06 -2.993916e-08)
(0.001917828 4.82366e-06 -2.979425e-08)
(0.001918288 4.669215e-06 -2.959315e-08)
(0.00191873 4.520102e-06 -2.933728e-08)
(0.001919154 4.376095e-06 -2.902675e-08)
(0.001919561 4.236978e-06 -2.866518e-08)
(0.001919953 4.102548e-06 -2.825706e-08)
(0.00192033 3.972611e-06 -2.780684e-08)
(0.001920692 3.846985e-06 -2.731837e-08)
(0.001921041 3.725496e-06 -2.679545e-08)
(0.001921376 3.607977e-06 -2.624207e-08)
(0.001920515 4.760644e-06 7.642575e-10)
(0.001921302 4.610698e-06 -4.774814e-10)
(0.001922061 4.465924e-06 -1.618489e-09)
(0.001922794 4.326095e-06 -2.782702e-09)
(0.0019235 4.190982e-06 -3.870575e-09)
(0.001924181 4.060381e-06 -4.847792e-09)
(0.001924838 3.934106e-06 -5.721028e-09)
(0.001925472 3.811982e-06 -6.491388e-09)
(0.001926083 3.693841e-06 -7.158765e-09)
(0.001926674 3.579525e-06 -7.72725e-09)
(0.001927244 3.468883e-06 -8.202368e-09)
(0.001927795 3.361772e-06 -8.589764e-09)
(0.001928326 3.258058e-06 -8.894542e-09)
(0.001928839 3.15761e-06 -9.121506e-09)
(0.001929335 3.060306e-06 -9.27544e-09)
(0.001922995 3.580506e-06 2.149791e-08)
(0.00192395 3.470798e-06 1.950568e-08)
(0.001924873 3.364713e-06 1.763404e-08)
(0.001925767 3.262096e-06 1.574731e-08)
(0.001926631 3.162793e-06 1.395441e-08)
(0.001927467 3.066668e-06 1.229446e-08)
(0.001928276 2.973595e-06 1.076151e-08)
(0.001929059 2.883455e-06 9.355507e-09)
(0.001929816 2.796137e-06 8.077493e-09)
(0.001930549 2.711532e-06 6.923804e-09)
(0.001931258 2.629539e-06 5.888895e-09)
(0.001931945 2.550062e-06 4.966911e-09)
(0.00193261 2.473008e-06 4.152482e-09)
(0.001933253 2.39829e-06 3.440493e-09)
(0.001933877 2.325824e-06 2.826367e-09)
(0.00192398 2.219376e-06 3.386403e-08)
(0.001925045 2.152706e-06 3.148429e-08)
(0.001926077 2.088171e-06 2.923136e-08)
(0.001927078 2.025679e-06 2.696322e-08)
(0.001928047 1.965144e-06 2.47939e-08)
(0.001928987 1.906487e-06 2.27656e-08)
(0.001929898 1.849636e-06 2.087327e-08)
(0.00193078 1.794523e-06 1.911784e-08)
(0.001931636 1.741084e-06 1.750127e-08)
(0.001932465 1.689257e-06 1.602051e-08)
(0.00193327 1.638983e-06 1.467036e-08)
(0.001934049 1.590208e-06 1.344511e-08)
(0.001934805 1.54288e-06 1.233946e-08)
(0.001935537 1.496947e-06 1.134846e-08)
(0.001936248 1.452361e-06 1.04678e-08)
(0.00192428 7.515457e-07 3.956639e-08)
(0.001925399 7.292052e-07 3.702885e-08)
(0.001926486 7.075688e-07 3.461914e-08)
(0.001927539 6.866068e-07 3.219252e-08)
(0.001928561 6.662908e-07 2.986518e-08)
(0.001929552 6.465954e-07 2.768085e-08)
(0.001930514 6.274973e-07 2.563499e-08)
(0.001931447 6.089745e-07 2.372917e-08)
(0.001932352 5.91006e-07 2.196579e-08)
(0.00193323 5.735722e-07 2.034226e-08)
(0.001934081 5.566541e-07 1.885348e-08)
(0.001934908 5.402342e-07 1.749375e-08)
(0.001935709 5.24296e-07 1.625783e-08)
(0.001936487 5.088242e-07 1.51408e-08)
(0.001937242 4.938007e-07 1.413809e-08)
(0.0002661817 2.511512e-09 -1.228707e-07)
(0.0002660676 2.634053e-09 -1.169658e-07)
(0.0002659579 2.7244e-09 -1.113926e-07)
(0.0002658525 2.791572e-09 -1.06142e-07)
(0.0002657512 2.846149e-09 -1.012044e-07)
(0.0002656538 2.888482e-09 -9.656121e-08)
(0.0002655601 2.91848e-09 -9.219392e-08)
(0.0002654699 2.937824e-09 -8.808371e-08)
(0.0002653831 2.947427e-09 -8.421366e-08)
(0.0002652995 2.949085e-09 -8.05671e-08)
(0.0002652189 2.943442e-09 -7.712718e-08)
(0.0002651413 2.931818e-09 -7.387951e-08)
(0.0002650665 2.915372e-09 -7.081046e-08)
(0.0002649943 2.895312e-09 -6.790705e-08)
(0.0002649247 2.873156e-09 -6.515415e-08)
(0.0006349795 1.853799e-07 -2.121184e-07)
(0.0006346783 1.795406e-07 -2.0124e-07)
(0.0006343891 1.738456e-07 -1.910472e-07)
(0.0006341113 1.682925e-07 -1.814798e-07)
(0.0006338443 1.629089e-07 -1.725182e-07)
(0.0006335878 1.576956e-07 -1.641249e-07)
(0.000633341 1.526471e-07 -1.562601e-07)
(0.0006331037 1.4776e-07 -1.488879e-07)
(0.0006328754 1.4303e-07 -1.41974e-07)
(0.0006326556 1.38453e-07 -1.354867e-07)
(0.000632444 1.340243e-07 -1.293941e-07)
(0.0006322402 1.297403e-07 -1.236683e-07)
(0.0006320438 1.255973e-07 -1.182838e-07)
(0.0006318546 1.215928e-07 -1.132171e-07)
(0.0006316721 1.177238e-07 -1.084415e-07)
(0.0008956746 5.708043e-07 -2.483676e-07)
(0.0008952185 5.512997e-07 -2.35143e-07)
(0.0008947806 5.325089e-07 -2.227299e-07)
(0.0008943602 5.143799e-07 -2.110714e-07)
(0.0008939564 4.96913e-07 -2.001688e-07)
(0.0008935683 4.800866e-07 -1.899808e-07)
(0.0008931953 4.638728e-07 -1.804567e-07)
(0.0008928366 4.48247e-07 -1.715517e-07)
(0.0008924915 4.331855e-07 -1.63223e-07)
(0.0008921595 4.18665e-07 -1.554305e-07)
(0.0008918398 4.046633e-07 -1.481346e-07)
(0.000891532 3.911596e-07 -1.413002e-07)
(0.0008912355 3.781343e-07 -1.348955e-07)
(0.0008909499 3.655699e-07 -1.288924e-07)
(0.0008906746 3.534503e-07 -1.232618e-07)
(0.001082737 1.123669e-06 -2.650068e-07)
(0.001082164 1.08399e-06 -2.506236e-07)
(0.001081614 1.045943e-06 -2.371059e-07)
(0.001081086 1.009402e-06 -2.243873e-07)
(0.001080579 9.743027e-07 -2.124927e-07)
(0.001080091 9.405737e-07 -2.013849e-07)
(0.001079622 9.081442e-07 -1.910089e-07)
(0.001079171 8.769506e-07 -1.813167e-07)
(0.001078738 8.469342e-07 -1.722622e-07)
(0.00107832 8.180397e-07 -1.638017e-07)
(0.001077918 7.902151e-07 -1.558918e-07)
(0.001077531 7.634121e-07 -1.484944e-07)
(0.001077159 7.375853e-07 -1.415744e-07)
(0.001076799 7.126929e-07 -1.351016e-07)
(0.001076453 6.886966e-07 -1.290467e-07)
(0.001217823 1.795231e-06 -2.671919e-07)
(0.001217185 1.731073e-06 -2.527401e-07)
(0.001216572 1.669635e-06 -2.39128e-07)
(0.001215982 1.610727e-06 -2.262817e-07)
(0.001215416 1.55421e-06 -2.142452e-07)
(0.001214871 1.499955e-06 -2.029916e-07)
(0.001214347 1.447839e-06 -1.924689e-07)
(0.001213843 1.397751e-06 -1.826318e-07)
(0.001213358 1.349589e-06 -1.734369e-07)
(0.00121289 1.303257e-06 -1.648414e-07)
(0.00121244 1.258666e-06 -1.568035e-07)
(0.001212007 1.215733e-06 -1.492853e-07)
(0.001211589 1.174381e-06 -1.422525e-07)
(0.001211186 1.134539e-06 -1.356748e-07)
(0.001210797 1.09614e-06 -1.295254e-07)
(0.001315151 2.516549e-06 -2.533466e-07)
(0.001314512 2.426701e-06 -2.399522e-07)
(0.001313897 2.340657e-06 -2.272989e-07)
(0.001313305 2.25818e-06 -2.15316e-07)
(0.001312736 2.179062e-06 -2.040558e-07)
(0.001312187 2.103117e-06 -1.935016e-07)
(0.001311659 2.030173e-06 -1.836097e-07)
(0.00131115 1.960072e-06 -1.743422e-07)
(0.001310659 1.892669e-06 -1.656623e-07)
(0.001310187 1.827828e-06 -1.575333e-07)
(0.001309731 1.765423e-06 -1.499186e-07)
(0.001309291 1.705337e-06 -1.427848e-07)
(0.001308867 1.64746e-06 -1.361014e-07)
(0.001308458 1.59169e-06 -1.298416e-07)
(0.001308063 1.537932e-06 -1.23982e-07)
(0.001384523 3.204511e-06 -2.241416e-07)
(0.001383953 3.091409e-06 -2.127693e-07)
(0.001383403 2.982999e-06 -2.019867e-07)
(0.001382872 2.879015e-06 -1.917396e-07)
(0.001382361 2.779198e-06 -1.82074e-07)
(0.001381867 2.683321e-06 -1.72981e-07)
(0.001381391 2.591176e-06 -1.644286e-07)
(0.001380931 2.502573e-06 -1.563887e-07)
(0.001380487 2.417332e-06 -1.488337e-07)
(0.001380058 2.335285e-06 -1.417358e-07)
(0.001379644 2.25628e-06 -1.350666e-07)
(0.001379244 2.18017e-06 -1.288003e-07)
(0.001378858 2.106821e-06 -1.229127e-07)
(0.001378484 2.036107e-06 -1.173823e-07)
(0.001378123 1.967911e-06 -1.121919e-07)
(0.001433019 3.773453e-06 -1.835379e-07)
(0.001432582 3.642952e-06 -1.747766e-07)
(0.00143216 3.517675e-06 -1.66434e-07)
(0.00143175 3.397352e-06 -1.584818e-07)
(0.001431354 3.281703e-06 -1.509469e-07)
(0.001430971 3.170481e-06 -1.438232e-07)
(0.0014306 3.063466e-06 -1.370911e-07)
(0.00143024 2.960449e-06 -1.307326e-07)
(0.001429892 2.861235e-06 -1.247295e-07)
(0.001429555 2.765643e-06 -1.190638e-07)
(0.001429229 2.673503e-06 -1.137164e-07)
(0.001428913 2.584657e-06 -1.0867e-07)
(0.001428607 2.498956e-06 -1.03908e-07)
(0.00142831 2.41626e-06 -9.941572e-08)
(0.001428023 2.336441e-06 -9.518179e-08)
(0.001465975 4.149815e-06 -1.377585e-07)
(0.001465721 4.010186e-06 -1.317375e-07)
(0.001465473 3.875884e-06 -1.25976e-07)
(0.001465231 3.746662e-06 -1.204762e-07)
(0.001464995 3.622244e-06 -1.152369e-07)
(0.001464766 3.502391e-06 -1.102499e-07)
(0.001464542 3.386888e-06 -1.055058e-07)
(0.001464324 3.275533e-06 -1.009952e-07)
(0.001464111 3.168133e-06 -9.67081e-08)
(0.001463904 3.064509e-06 -9.263482e-08)
(0.001463703 2.964494e-06 -8.876521e-08)
(0.001463507 2.86793e-06 -8.508982e-08)
(0.001463316 2.774668e-06 -8.159929e-08)
(0.00146313 2.684569e-06 -7.828504e-08)
(0.001462949 2.597502e-06 -7.514221e-08)
(0.00148754 4.283989e-06 -9.296755e-08)
(0.001487494 4.144464e-06 -8.942587e-08)
(0.001487446 4.009968e-06 -8.601793e-08)
(0.001487397 3.880289e-06 -8.277554e-08)
(0.001487348 3.75518e-06 -7.96656e-08)
(0.001487297 3.634431e-06 -7.667374e-08)
(0.001487245 3.517849e-06 -7.379804e-08)
(0.001487193 3.405253e-06 -7.103492e-08)
(0.00148714 3.296471e-06 -6.837988e-08)
(0.001487087 3.191341e-06 -6.582966e-08)
(0.001487034 3.08971e-06 -6.3381e-08)
(0.001486981 2.991435e-06 -6.103067e-08)
(0.001486928 2.896381e-06 -5.877512e-08)
(0.001486876 2.804419e-06 -5.661109e-08)
(0.001486823 2.71543e-06 -5.453811e-08)
(0.00150098 4.156252e-06 -5.37761e-08)
(0.001501144 4.025587e-06 -5.221985e-08)
(0.0015013 3.899347e-06 -5.071157e-08)
(0.001501448 3.77736e-06 -4.930858e-08)
(0.001501589 3.659425e-06 -4.794765e-08)
(0.001501722 3.545368e-06 -4.660607e-08)
(0.001501848 3.435031e-06 -4.52862e-08)
(0.001501968 3.328264e-06 -4.398759e-08)
(0.001502082 3.224925e-06 -4.270868e-08)
(0.001502191 3.124877e-06 -4.145015e-08)
(0.001502294 3.027994e-06 -4.021327e-08)
(0.001502392 2.934155e-06 -3.899905e-08)
(0.001502485 2.843246e-06 -3.780789e-08)
(0.001502574 2.755158e-06 -3.66399e-08)
(0.001502658 2.66979e-06 -3.549824e-08)
(0.001508853 3.775496e-06 -2.257064e-08)
(0.001509209 3.66094e-06 -2.243978e-08)
(0.001509553 3.550024e-06 -2.230707e-08)
(0.001509882 3.442616e-06 -2.224951e-08)
(0.001510199 3.338563e-06 -2.217912e-08)
(0.001510504 3.237732e-06 -2.206472e-08)
(0.001510797 3.140002e-06 -2.191035e-08)
(0.001511079 3.045258e-06 -2.171657e-08)
(0.001511351 2.953388e-06 -2.148272e-08)
(0.001511612 2.864288e-06 -2.121134e-08)
(0.001511863 2.77786e-06 -2.09062e-08)
(0.001512105 2.694009e-06 -2.057063e-08)
(0.001512338 2.612646e-06 -2.020728e-08)
(0.001512563 2.533685e-06 -1.981838e-08)
(0.001512779 2.457047e-06 -1.940872e-08)
(0.001513112 3.172772e-06 2.279244e-10)
(0.001513629 3.079619e-06 -5.633886e-10)
(0.001514129 2.989254e-06 -1.329198e-09)
(0.001514612 2.901579e-06 -2.160234e-09)
(0.001515079 2.816486e-06 -2.950662e-09)
(0.001515529 2.733881e-06 -3.6621e-09)
(0.001515965 2.653677e-06 -4.298623e-09)
(0.001516386 2.57579e-06 -4.860534e-09)
(0.001516793 2.500142e-06 -5.346846e-09)
(0.001517186 2.426658e-06 -5.760534e-09)
(0.001517566 2.355265e-06 -6.106378e-09)
(0.001517933 2.285895e-06 -6.388657e-09)
(0.001518288 2.218485e-06 -6.610996e-09)
(0.001518632 2.152972e-06 -6.776395e-09)
(0.001518964 2.089297e-06 -6.890561e-09)
(0.001515188 2.39271e-06 1.549115e-08)
(0.001515827 2.324373e-06 1.416309e-08)
(0.001516447 2.257978e-06 1.286864e-08)
(0.001517047 2.19346e-06 1.150833e-08)
(0.001517628 2.130749e-06 1.019932e-08)
(0.001518192 2.069781e-06 8.985284e-09)
(0.001518737 2.010501e-06 7.862876e-09)
(0.001519266 1.952853e-06 6.832581e-09)
(0.001519778 1.896786e-06 5.896216e-09)
(0.001520275 1.84225e-06 5.051054e-09)
(0.001520756 1.789197e-06 4.292168e-09)
(0.001521222 1.737584e-06 3.615101e-09)
(0.001521674 1.687366e-06 3.015961e-09)
(0.001522112 1.638504e-06 2.491564e-09)
(0.001522536 1.590957e-06 2.036125e-09)
(0.001516069 1.485845e-06 2.459406e-08)
(0.001516789 1.444247e-06 2.298998e-08)
(0.001517487 1.403788e-06 2.142048e-08)
(0.001518166 1.364429e-06 1.978118e-08)
(0.001518824 1.326132e-06 1.819544e-08)
(0.001519463 1.288862e-06 1.671031e-08)
(0.001520082 1.252587e-06 1.532316e-08)
(0.001520684 1.217276e-06 1.40353e-08)
(0.001521268 1.1829e-06 1.284922e-08)
(0.001521835 1.149431e-06 1.176272e-08)
(0.001522384 1.116843e-06 1.077097e-08)
(0.001522918 1.085111e-06 9.869653e-09)
(0.001523436 1.05421e-06 9.054935e-09)
(0.001523939 1.024119e-06 8.323703e-09)
(0.001524426 9.948124e-07 7.670404e-09)
(0.001516364 5.03627e-07 2.879083e-08)
(0.001517124 4.896774e-07 2.707478e-08)
(0.001517862 4.761025e-07 2.539254e-08)
(0.001518579 4.6289e-07 2.363745e-08)
(0.001519275 4.500275e-07 2.193565e-08)
(0.001519952 4.375035e-07 2.033562e-08)
(0.001520609 4.25308e-07 1.88354e-08)
(0.001521247 4.134313e-07 1.743652e-08)
(0.001521867 4.01864e-07 1.614211e-08)
(0.001522469 3.905972e-07 1.494996e-08)
(0.001523054 3.796227e-07 1.385558e-08)
(0.001523621 3.689324e-07 1.285466e-08)
(0.001524173 3.585193e-07 1.194331e-08)
(0.001524708 3.483763e-07 1.111836e-08)
(0.001525228 3.384928e-07 1.037437e-08)
(0.000193665 -7.437846e-09 -6.577077e-08)
(0.0001935866 -6.938189e-09 -6.272483e-08)
(0.0001935113 -6.487786e-09 -5.985167e-08)
(0.000193439 -6.077214e-09 -5.714014e-08)
(0.0001933693 -5.696885e-09 -5.458531e-08)
(0.0001933024 -5.344594e-09 -5.217703e-08)
(0.0001932379 -5.017854e-09 -4.990654e-08)
(0.0001931759 -4.714951e-09 -4.776388e-08)
(0.0001931161 -4.433076e-09 -4.574189e-08)
(0.0001930586 -4.170826e-09 -4.383054e-08)
(0.0001930031 -3.926152e-09 -4.202287e-08)
(0.0001929497 -3.697783e-09 -4.031091e-08)
(0.0001928981 -3.484158e-09 -3.868876e-08)
(0.0001928484 -3.283309e-09 -3.715011e-08)
(0.0001928004 -3.093587e-09 -3.568694e-08)
(0.0004406027 6.279344e-08 -1.074868e-07)
(0.0004404046 6.18281e-08 -1.020886e-07)
(0.0004402142 6.077917e-08 -9.703321e-08)
(0.0004400313 5.965747e-08 -9.228457e-08)
(0.0004398556 5.849148e-08 -8.783535e-08)
(0.0004396865 5.729398e-08 -8.366423e-08)
(0.000439524 5.607407e-08 -7.975135e-08)
(0.0004393676 5.483898e-08 -7.60779e-08)
(0.0004392171 5.359587e-08 -7.26285e-08)
(0.0004390722 5.234953e-08 -6.938569e-08)
(0.0004389326 5.110521e-08 -6.633482e-08)
(0.0004387981 4.98669e-08 -6.346194e-08)
(0.0004386685 4.863852e-08 -6.075553e-08)
(0.0004385436 4.742453e-08 -5.82035e-08)
(0.0004384231 4.62288e-08 -5.579319e-08)
(0.0006084365 2.463271e-07 -1.220155e-07)
(0.0006081425 2.399957e-07 -1.156283e-07)
(0.0006078602 2.337178e-07 -1.096139e-07)
(0.000607589 2.274901e-07 -1.039558e-07)
(0.0006073285 2.213396e-07 -9.866736e-08)
(0.0006070781 2.152803e-07 -9.372489e-08)
(0.0006068374 2.093205e-07 -8.910234e-08)
(0.0006066058 2.034673e-07 -8.477662e-08)
(0.000606383 1.977263e-07 -8.072811e-08)
(0.0006061685 1.921014e-07 -7.693547e-08)
(0.000605962 1.865957e-07 -7.338023e-08)
(0.0006057631 1.812113e-07 -7.004538e-08)
(0.0006055714 1.759504e-07 -6.691606e-08)
(0.0006053867 1.708156e-07 -6.397869e-08)
(0.0006052086 1.658094e-07 -6.121839e-08)
(0.0007267113 5.274149e-07 -1.281527e-07)
(0.0007263464 5.121706e-07 -1.213052e-07)
(0.0007259958 4.972927e-07 -1.148339e-07)
(0.0007256591 4.827552e-07 -1.087292e-07)
(0.0007253356 4.685634e-07 -1.03026e-07)
(0.0007250247 4.547171e-07 -9.770297e-08)
(0.0007247257 4.412131e-07 -9.273049e-08)
(0.0007244381 4.280484e-07 -8.808378e-08)
(0.0007241613 4.1522e-07 -8.374143e-08)
(0.000723895 4.027237e-07 -7.968034e-08)
(0.0007236385 3.905551e-07 -7.588031e-08)
(0.0007233914 3.787094e-07 -7.232268e-08)
(0.0007231534 3.67182e-07 -6.899147e-08)
(0.000722924 3.559693e-07 -6.587142e-08)
(0.0007227028 3.450681e-07 -6.294888e-08)
(0.0008114052 8.788264e-07 -1.283206e-07)
(0.0008110006 8.521808e-07 -1.214899e-07)
(0.0008106118 8.263145e-07 -1.150099e-07)
(0.0008102381 8.011852e-07 -1.088723e-07)
(0.0008098788 7.767705e-07 -1.031288e-07)
(0.0008095334 7.53049e-07 -9.776374e-08)
(0.000809201 7.299999e-07 -9.274822e-08)
(0.0008088812 7.076044e-07 -8.805865e-08)
(0.0008085733 6.858447e-07 -8.36746e-08)
(0.0008082769 6.647038e-07 -7.957368e-08)
(0.0008079913 6.441654e-07 -7.573605e-08)
(0.0008077161 6.242136e-07 -7.214353e-08)
(0.0008074509 6.048337e-07 -6.877981e-08)
(0.0008071952 5.860122e-07 -6.563056e-08)
(0.0008069486 5.677374e-07 -6.268221e-08)
(0.0008721991 1.262949e-06 -1.213247e-07)
(0.0008717931 1.223919e-06 -1.150146e-07)
(0.0008714024 1.186109e-06 -1.090061e-07)
(0.0008710265 1.149466e-06 -1.032921e-07)
(0.0008706647 1.113942e-06 -9.792953e-08)
(0.0008703164 1.079491e-06 -9.290877e-08)
(0.000869981 1.046074e-06 -8.820473e-08)
(0.000869658 1.013655e-06 -8.379733e-08)
(0.0008693467 9.821978e-07 -7.966922e-08)
(0.0008690467 9.516723e-07 -7.580095e-08)
(0.0008687575 9.220479e-07 -7.21752e-08)
(0.0008684785 8.932965e-07 -6.877576e-08)
(0.0008682095 8.653918e-07 -6.55884e-08)
(0.0008679499 8.383095e-07 -6.259954e-08)
(0.0008676994 8.120277e-07 -5.979892e-08)
(0.0009154901 1.635465e-06 -1.071709e-07)
(0.0009151237 1.584851e-06 -1.018204e-07)
(0.0009147705 1.535837e-06 -9.670823e-08)
(0.00091443 1.488369e-06 -9.182935e-08)
(0.0009141017 1.442376e-06 -8.723319e-08)
(0.0009137851 1.397795e-06 -8.291427e-08)
(0.0009134798 1.354573e-06 -7.885364e-08)
(0.0009131852 1.312658e-06 -7.503617e-08)
(0.000912901 1.272002e-06 -7.144887e-08)
(0.0009126266 1.232559e-06 -6.807679e-08)
(0.0009123617 1.19429e-06 -6.490655e-08)
(0.000912106 1.157154e-06 -6.192559e-08)
(0.0009118589 1.121116e-06 -5.912224e-08)
(0.0009116203 1.086143e-06 -5.648629e-08)
(0.0009113897 1.052202e-06 -5.400934e-08)
(0.0009457914 1.950382e-06 -8.762096e-08)
(0.0009455025 1.890702e-06 -8.349689e-08)
(0.0009452232 1.832871e-06 -7.95471e-08)
(0.0009449533 1.776839e-06 -7.576989e-08)
(0.0009446923 1.722524e-06 -7.219534e-08)
(0.00094444 1.669855e-06 -6.881926e-08)
(0.0009441961 1.618769e-06 -6.562971e-08)
(0.0009439601 1.569208e-06 -6.261677e-08)
(0.000943732 1.521116e-06 -5.977201e-08)
(0.0009435112 1.47444e-06 -5.708548e-08)
(0.0009432977 1.429134e-06 -5.454841e-08)
(0.0009430911 1.385151e-06 -5.215218e-08)
(0.0009428911 1.342451e-06 -4.988902e-08)
(0.0009426976 1.300992e-06 -4.77511e-08)
(0.0009425102 1.26074e-06 -4.573445e-08)
(0.0009664532 2.167067e-06 -6.563075e-08)
(0.0009662705 2.102139e-06 -6.278571e-08)
(0.0009660931 2.039137e-06 -6.006145e-08)
(0.0009659208 1.97802e-06 -5.746052e-08)
(0.0009657534 1.918707e-06 -5.498584e-08)
(0.000965591 1.861128e-06 -5.263142e-08)
(0.0009654332 1.805222e-06 -5.039181e-08)
(0.0009652801 1.75093e-06 -4.826165e-08)
(0.0009651314 1.698195e-06 -4.623637e-08)
(0.000964987 1.646967e-06 -4.431057e-08)
(0.0009648468 1.597195e-06 -4.247972e-08)
(0.0009647107 1.548835e-06 -4.073921e-08)
(0.0009645785 1.501843e-06 -3.908424e-08)
(0.0009644501 1.45618e-06 -3.751073e-08)
(0.0009643255 1.411809e-06 -3.601683e-08)
(0.0009800522 2.256568e-06 -4.41591e-08)
(0.0009799914 2.190833e-06 -4.246411e-08)
(0.0009799314 2.126931e-06 -4.08532e-08)
(0.0009798722 2.064834e-06 -3.933329e-08)
(0.0009798138 2.004472e-06 -3.787741e-08)
(0.0009797564 1.945785e-06 -3.647541e-08)
(0.0009796998 1.888718e-06 -3.512696e-08)
(0.0009796441 1.833219e-06 -3.382999e-08)
(0.0009795894 1.779239e-06 -3.258253e-08)
(0.0009795356 1.726732e-06 -3.138274e-08)
(0.0009794828 1.675653e-06 -3.022953e-08)
(0.000979431 1.625962e-06 -2.912122e-08)
(0.0009793801 1.577619e-06 -2.805607e-08)
(0.0009793303 1.53059e-06 -2.703181e-08)
(0.0009792814 1.484839e-06 -2.605004e-08)
(0.0009886044 2.2054e-06 -2.542055e-08)
(0.0009886673 2.143203e-06 -2.463968e-08)
(0.0009887271 2.082617e-06 -2.392297e-08)
(0.0009887838 2.023625e-06 -2.328142e-08)
(0.0009888377 1.966173e-06 -2.266017e-08)
(0.0009888887 1.910215e-06 -2.204381e-08)
(0.0009889371 1.855708e-06 -2.143532e-08)
(0.0009889831 1.80261e-06 -2.083461e-08)
(0.0009890267 1.750884e-06 -2.024108e-08)
(0.0009890681 1.70049e-06 -1.96552e-08)
(0.0009891075 1.651395e-06 -1.907811e-08)
(0.0009891448 1.603566e-06 -1.851038e-08)
(0.0009891802 1.55697e-06 -1.795176e-08)
(0.0009892139 1.511579e-06 -1.740222e-08)
(0.0009892459 1.467364e-06 -1.686443e-08)
(0.0009936822 2.015666e-06 -1.05488e-08)
(0.0009938589 1.960705e-06 -1.041819e-08)
(0.0009940294 1.907059e-06 -1.034464e-08)
(0.0009941938 1.854716e-06 -1.03427e-08)
(0.0009943522 1.803642e-06 -1.033482e-08)
(0.0009945048 1.753802e-06 -1.030025e-08)
(0.000994652 1.705168e-06 -1.02438e-08)
(0.0009947939 1.65771e-06 -1.01662e-08)
(0.0009949308 1.6114e-06 -1.006722e-08)
(0.0009950627 1.566211e-06 -9.948616e-09)
(0.00099519 1.522119e-06 -9.812788e-09)
(0.0009953128 1.479098e-06 -9.661423e-09)
(0.0009954312 1.437126e-06 -9.495481e-09)
(0.0009955455 1.396183e-06 -9.315543e-09)
(0.0009956558 1.356246e-06 -9.125841e-09)
(0.000996486 1.70225e-06 2.738968e-10)
(0.0009967583 1.657299e-06 -1.134421e-11)
(0.0009970222 1.613339e-06 -3.540672e-10)
(0.0009972778 1.570367e-06 -7.718186e-10)
(0.0009975252 1.528359e-06 -1.170651e-09)
(0.0009977648 1.487295e-06 -1.525325e-09)
(0.0009979967 1.447157e-06 -1.841335e-09)
(0.0009982213 1.407926e-06 -2.119543e-09)
(0.0009984388 1.369583e-06 -2.359511e-09)
(0.0009986493 1.332112e-06 -2.563469e-09)
(0.0009988532 1.295497e-06 -2.73432e-09)
(0.0009990507 1.25972e-06 -2.874326e-09)
(0.0009992419 1.224769e-06 -2.984707e-09)
(0.0009994271 1.190627e-06 -3.066686e-09)
(0.0009996064 1.157281e-06 -3.124721e-09)
(0.0009978973 1.288516e-06 7.488254e-09)
(0.0009982424 1.255409e-06 6.964431e-09)
(0.0009985778 1.22298e-06 6.379703e-09)
(0.0009989035 1.19123e-06 5.714197e-09)
(0.0009992196 1.160145e-06 5.072294e-09)
(0.0009995264 1.129714e-06 4.482556e-09)
(0.0009998243 1.099926e-06 3.939422e-09)
(0.001000113 1.070771e-06 3.442254e-09)
(0.001000394 1.042239e-06 2.991919e-09)
(0.001000666 1.01432e-06 2.586126e-09)
(0.00100093 9.870042e-07 2.221882e-09)
(0.001001187 9.602823e-07 1.896832e-09)
(0.001001436 9.341456e-07 1.609618e-09)
(0.001001677 9.085855e-07 1.359027e-09)
(0.001001912 8.835936e-07 1.140388e-09)
(0.0009985255 8.02153e-07 1.17727e-08)
(0.0009989191 7.819505e-07 1.112826e-08)
(0.0009993022 7.621402e-07 1.041946e-08)
(0.0009996748 7.427221e-07 9.624783e-09)
(0.001000037 7.236904e-07 8.854425e-09)
(0.001000389 7.050394e-07 8.139023e-09)
(0.001000732 6.867641e-07 7.473207e-09)
(0.001001064 6.688597e-07 6.856564e-09)
(0.001001388 6.51321e-07 6.29038e-09)
(0.001001702 6.341431e-07 5.772402e-09)
(0.001002008 6.173215e-07 5.299839e-09)
(0.001002305 6.008514e-07 4.870313e-09)
(0.001002593 5.847286e-07 4.482524e-09)
(0.001002874 5.689487e-07 4.135297e-09)
(0.001003146 5.535062e-07 3.824078e-09)
(0.0009987493 2.72239e-07 1.374196e-08)
(0.000999167 2.654573e-07 1.304941e-08)
(0.0009995738 2.588036e-07 1.229044e-08)
(0.0009999698 2.522781e-07 1.144274e-08)
(0.001000355 2.458792e-07 1.061895e-08)
(0.00100073 2.396052e-07 9.850758e-09)
(0.001001095 2.334547e-07 9.132873e-09)
(0.00100145 2.274265e-07 8.465086e-09)
(0.001001795 2.215188e-07 7.848789e-09)
(0.00100213 2.157304e-07 7.281938e-09)
(0.001002457 2.100598e-07 6.761896e-09)
(0.001002774 2.04506e-07 6.286081e-09)
(0.001003083 1.990679e-07 5.853271e-09)
(0.001003383 1.937439e-07 5.46217e-09)
(0.001003675 1.885283e-07 5.108611e-09)
(8.670617e-05 -9.202745e-09 -1.161074e-08)
(8.667403e-05 -8.758036e-09 -1.109999e-08)
(8.664312e-05 -8.345958e-09 -1.062612e-08)
(8.66134e-05 -7.962133e-09 -1.017906e-08)
(8.658479e-05 -7.601692e-09 -9.75579e-09)
(8.655726e-05 -7.262081e-09 -9.355735e-09)
(8.653076e-05 -6.941761e-09 -8.976016e-09)
(8.650523e-05 -6.639061e-09 -8.616639e-09)
(8.648063e-05 -6.352619e-09 -8.275149e-09)
(8.645693e-05 -6.081123e-09 -7.951124e-09)
(8.643407e-05 -5.823522e-09 -7.642509e-09)
(8.641203e-05 -5.57895e-09 -7.348539e-09)
(8.639076e-05 -5.346396e-09 -7.068653e-09)
(8.637023e-05 -5.1244e-09 -6.801847e-09)
(8.635041e-05 -4.91236e-09 -6.546519e-09)
(0.000178054 -4.925196e-09 -1.444008e-08)
(0.0001779796 -4.020449e-09 -1.372879e-08)
(0.0001779081 -3.226225e-09 -1.307372e-08)
(0.0001778393 -2.529056e-09 -1.246068e-08)
(0.0001777732 -1.911965e-09 -1.18869e-08)
(0.0001777096 -1.364013e-09 -1.134871e-08)
(0.0001776485 -8.774977e-10 -1.084243e-08)
(0.0001775896 -4.452424e-10 -1.036633e-08)
(0.0001775329 -6.147557e-11 -9.917997e-09)
(0.0001774783 2.79171e-10 -9.495356e-09)
(0.0001774257 5.813282e-10 -9.096117e-09)
(0.0001773749 8.490675e-10 -8.718765e-09)
(0.000177326 1.086398e-09 -8.362352e-09)
(0.0001772789 1.297458e-09 -8.025e-09)
(0.0001772334 1.486002e-09 -7.705211e-09)
(0.0002366897 3.367208e-08 -1.485e-08)
(0.0002365828 3.406696e-08 -1.408819e-08)
(0.0002364801 3.430647e-08 -1.336867e-08)
(0.0002363814 3.440462e-08 -1.269389e-08)
(0.0002362866 3.438605e-08 -1.206662e-08)
(0.0002361955 3.426861e-08 -1.148105e-08)
(0.0002361078 3.406599e-08 -1.093264e-08)
(0.0002360234 3.379025e-08 -1.041912e-08)
(0.0002359422 3.345177e-08 -9.93791e-09)
(0.0002358641 3.30596e-08 -9.48634e-09)
(0.0002357888 3.262167e-08 -9.061899e-09)
(0.0002357162 3.21451e-08 -8.662792e-09)
(0.0002356463 3.163661e-08 -8.287579e-09)
(0.0002355789 3.110291e-08 -7.934575e-09)
(0.0002355138 3.05503e-08 -7.601727e-09)
(0.0002772821 1.043945e-07 -1.500332e-08)
(0.0002771514 1.032145e-07 -1.421912e-08)
(0.0002770259 1.01882e-07 -1.346499e-08)
(0.0002769053 1.004112e-07 -1.275531e-08)
(0.0002767894 9.882679e-08 -1.20987e-08)
(0.000276678 9.714847e-08 -1.148769e-08)
(0.0002765708 9.539247e-08 -1.091666e-08)
(0.0002764678 9.357323e-08 -1.038318e-08)
(0.0002763685 9.170359e-08 -9.88448e-09)
(0.000276273 8.979477e-08 -9.41763e-09)
(0.000276181 8.785668e-08 -8.979958e-09)
(0.0002760923 8.589825e-08 -8.569465e-09)
(0.0002760069 8.392783e-08 -8.184694e-09)
(0.0002759245 8.195354e-08 -7.823394e-09)
(0.0002758451 7.998337e-08 -7.484384e-09)
(0.0003061652 1.986846e-07 -1.483175e-08)
(0.0003060212 1.951115e-07 -1.406435e-08)
(0.0003058827 1.914261e-07 -1.331588e-08)
(0.0003057496 1.876438e-07 -1.260725e-08)
(0.0003056217 1.837848e-07 -1.195203e-08)
(0.0003054987 1.798676e-07 -1.134242e-08)
(0.0003053804 1.759082e-07 -1.077237e-08)
(0.0003052665 1.71921e-07 -1.023961e-08)
(0.0003051569 1.679191e-07 -9.741546e-09)
(0.0003050512 1.639143e-07 -9.275305e-09)
(0.0003049495 1.599171e-07 -8.838289e-09)
(0.0003048515 1.559367e-07 -8.428579e-09)
(0.0003047569 1.519819e-07 -8.044466e-09)
(0.0003046658 1.480614e-07 -7.684218e-09)
(0.0003045779 1.441836e-07 -7.346026e-09)
(0.0003268493 3.054077e-07 -1.393563e-08)
(0.0003267043 2.989874e-07 -1.323455e-08)
(0.0003265648 2.925185e-07 -1.254469e-08)
(0.0003264306 2.860191e-07 -1.18878e-08)
(0.0003263016 2.79503e-07 -1.127938e-08)
(0.0003261773 2.72985e-07 -1.071234e-08)
(0.0003260577 2.664788e-07 -1.018093e-08)
(0.0003259425 2.599972e-07 -9.683278e-09)
(0.0003258315 2.535519e-07 -9.217155e-09)
(0.0003257245 2.471538e-07 -8.780077e-09)
(0.0003256214 2.408125e-07 -8.369745e-09)
(0.000325522 2.345368e-07 -7.984422e-09)
(0.0003254261 2.28335e-07 -7.622773e-09)
(0.0003253335 2.222153e-07 -7.282737e-09)
(0.0003252442 2.161857e-07 -6.963614e-09)
(0.0003415732 4.121402e-07 -1.223439e-08)
(0.0003414406 4.028482e-07 -1.164431e-08)
(0.0003413128 3.935766e-07 -1.106279e-08)
(0.0003411898 3.843467e-07 -1.050664e-08)
(0.0003410712 3.751666e-07 -9.989334e-09)
(0.000340957 3.660463e-07 -9.505403e-09)
(0.0003408469 3.569973e-07 -9.050198e-09)
(0.0003407406 3.480297e-07 -8.622353e-09)
(0.0003406382 3.391535e-07 -8.220198e-09)
(0.0003405394 3.303776e-07 -7.841835e-09)
(0.000340444 3.217105e-07 -7.485486e-09)
(0.0003403519 3.131598e-07 -7.149859e-09)
(0.000340263 3.04733e-07 -6.833693e-09)
(0.0003401772 2.964372e-07 -6.535809e-09)
(0.0003400942 2.882798e-07 -6.25502e-09)
(0.0003518908 5.058322e-07 -9.9082e-09)
(0.0003517829 4.940853e-07 -9.45446e-09)
(0.0003516787 4.824158e-07 -9.012373e-09)
(0.0003515781 4.708483e-07 -8.589134e-09)
(0.0003514811 4.593865e-07 -8.192549e-09)
(0.0003513874 4.480373e-07 -7.819241e-09)
(0.000351297 4.368099e-07 -7.466249e-09)
(0.0003512096 4.257124e-07 -7.132712e-09)
(0.0003511251 4.147528e-07 -6.817528e-09)
(0.0003510435 4.039388e-07 -6.519493e-09)
(0.0003509647 3.932773e-07 -6.237432e-09)
(0.0003508884 3.827752e-07 -5.970447e-09)
(0.0003508147 3.724387e-07 -5.717879e-09)
(0.0003507434 3.622743e-07 -5.478456e-09)
(0.0003506745 3.522883e-07 -5.252213e-09)
(0.0003589444 5.74402e-07 -7.319878e-09)
(0.0003588705 5.609906e-07 -7.003487e-09)
(0.000358799 5.476894e-07 -6.706865e-09)
(0.0003587299 5.345253e-07 -6.424856e-09)
(0.000358663 5.215005e-07 -6.157066e-09)
(0.0003585982 5.086204e-07 -5.902282e-09)
(0.0003585355 4.958929e-07 -5.659516e-09)
(0.0003584748 4.833251e-07 -5.428295e-09)
(0.000358416 4.709239e-07 -5.20798e-09)
(0.000358359 4.58696e-07 -4.998024e-09)
(0.0003583039 4.466479e-07 -4.797832e-09)
(0.0003582504 4.347853e-07 -4.60698e-09)
(0.0003581987 4.231144e-07 -4.424949e-09)
(0.0003581485 4.116409e-07 -4.251373e-09)
(0.0003580999 4.003706e-07 -4.085926e-09)
(0.0003636068 6.085231e-07 -4.823942e-09)
(0.0003635722 5.944648e-07 -4.626506e-09)
(0.0003635386 5.80522e-07 -4.460056e-09)
(0.000363506 5.667227e-07 -4.306573e-09)
(0.0003634743 5.530697e-07 -4.156534e-09)
(0.0003634435 5.395684e-07 -4.010623e-09)
(0.0003634135 5.262264e-07 -3.869745e-09)
(0.0003633843 5.13051e-07 -3.733675e-09)
(0.000363356 5.000486e-07 -3.602088e-09)
(0.0003633284 4.872259e-07 -3.474972e-09)
(0.0003633016 4.745889e-07 -3.352215e-09)
(0.0003632755 4.621437e-07 -3.233667e-09)
(0.0003632501 4.498959e-07 -3.119271e-09)
(0.0003632255 4.378515e-07 -3.008588e-09)
(0.0003632015 4.260158e-07 -2.902273e-09)
(0.000366558 6.030128e-07 -2.680766e-09)
(0.0003665635 5.893717e-07 -2.573759e-09)
(0.0003665687 5.758293e-07 -2.509673e-09)
(0.0003665737 5.624127e-07 -2.459023e-09)
(0.0003665784 5.491266e-07 -2.403685e-09)
(0.0003665828 5.359774e-07 -2.345784e-09)
(0.0003665869 5.229731e-07 -2.287846e-09)
(0.0003665907 5.101212e-07 -2.229732e-09)
(0.0003665944 4.974286e-07 -2.171278e-09)
(0.0003665977 4.84902e-07 -2.112837e-09)
(0.0003666009 4.725478e-07 -2.054645e-09)
(0.0003666038 4.60372e-07 -1.996795e-09)
(0.0003666066 4.483805e-07 -1.939243e-09)
(0.0003666091 4.365793e-07 -1.882148e-09)
(0.0003666115 4.249739e-07 -1.825908e-09)
(0.0003683271 5.572443e-07 -1.011402e-09)
(0.0003683695 5.449717e-07 -9.653124e-10)
(0.0003684108 5.327693e-07 -9.727896e-10)
(0.0003684509 5.206615e-07 -9.954169e-10)
(0.0003684896 5.086548e-07 -1.007994e-09)
(0.0003685271 4.967566e-07 -1.013605e-09)
(0.0003685634 4.849751e-07 -1.01598e-09)
(0.0003685986 4.733182e-07 -1.014972e-09)
(0.0003686326 4.617929e-07 -1.01046e-09)
(0.0003686655 4.50406e-07 -1.003022e-09)
(0.0003686974 4.391641e-07 -9.931127e-10)
(0.0003687282 4.280731e-07 -9.808902e-10)
(0.0003687581 4.171391e-07 -9.665025e-10)
(0.0003687869 4.063679e-07 -9.50038e-10)
(0.0003688149 3.95765e-07 -9.323995e-10)
(0.0003693178 4.746325e-07 1.77502e-10)
(0.0003693915 4.644701e-07 1.872481e-10)
(0.0003694634 4.543485e-07 1.352148e-10)
(0.0003695332 4.442881e-07 6.592162e-11)
(0.0003696011 4.342961e-07 9.735857e-12)
(0.000369667 4.243801e-07 -3.695942e-11)
(0.000369731 4.14548e-07 -7.871775e-11)
(0.0003697932 4.048071e-07 -1.153236e-10)
(0.0003698536 3.951642e-07 -1.466359e-10)
(0.0003699123 3.856258e-07 -1.733367e-10)
(0.0003699693 3.761979e-07 -1.959904e-10)
(0.0003700246 3.668863e-07 -2.147959e-10)
(0.0003700782 3.576964e-07 -2.2986e-10)
(0.0003701304 3.486337e-07 -2.414868e-10)
(0.0003701809 3.397031e-07 -2.505028e-10)
(0.0003698272 3.61525e-07 9.52178e-10)
(0.0003699248 3.539799e-07 9.428515e-10)
(0.0003700201 3.464533e-07 8.662324e-10)
(0.0003701129 3.389602e-07 7.704684e-10)
(0.0003702033 3.315073e-07 6.892842e-10)
(0.0003702913 3.241011e-07 6.188122e-10)
(0.000370377 3.167482e-07 5.540035e-10)
(0.0003704604 3.094548e-07 4.951567e-10)
(0.0003705415 3.022265e-07 4.424404e-10)
(0.0003706204 2.950685e-07 3.951504e-10)
(0.0003706972 2.87986e-07 3.526767e-10)
(0.0003707719 2.809837e-07 3.148459e-10)
(0.0003708445 2.74066e-07 2.815165e-10)
(0.0003709152 2.672371e-07 2.524106e-10)
(0.0003709838 2.605009e-07 2.266292e-10)
(0.0003700609 2.259894e-07 1.402115e-09)
(0.0003701744 2.213638e-07 1.384213e-09)
(0.0003702854 2.167441e-07 1.295783e-09)
(0.0003703937 2.121393e-07 1.186912e-09)
(0.0003704993 2.075543e-07 1.093142e-09)
(0.0003706023 2.029934e-07 1.010597e-09)
(0.0003707026 1.98461e-07 9.338995e-10)
(0.0003708004 1.939611e-07 8.634471e-10)
(0.0003708956 1.894975e-07 7.994014e-10)
(0.0003709884 1.850737e-07 7.411106e-10)
(0.0003710788 1.80693e-07 6.879917e-10)
(0.0003711668 1.763586e-07 6.397612e-10)
(0.0003712525 1.720733e-07 5.964058e-10)
(0.0003713359 1.678398e-07 5.576345e-10)
(0.0003714171 1.636597e-07 5.225201e-10)
(0.0003701471 7.685898e-08 1.605757e-09)
(0.0003702686 7.530337e-08 1.584773e-09)
(0.0003703874 7.374884e-08 1.491938e-09)
(0.0003705034 7.219848e-08 1.377911e-09)
(0.0003706166 7.065398e-08 1.279176e-09)
(0.0003707271 6.911689e-08 1.191767e-09)
(0.0003708348 6.758881e-08 1.110222e-09)
(0.0003709398 6.607108e-08 1.034978e-09)
(0.0003710422 6.456499e-08 9.661351e-10)
(0.000371142 6.307169e-08 9.033146e-10)
(0.0003712393 6.159251e-08 8.455183e-10)
(0.000371334 6.012861e-08 7.928953e-10)
(0.0003714263 5.868094e-08 7.451201e-10)
(0.0003715163 5.72498e-08 7.020331e-10)
(0.0003716038 5.583344e-08 6.626685e-10)
)
;

boundaryField
{
    inlet
    {
        type            fixedValue;
        value           nonuniform List<vector> 0();
    }
    outlet
    {
        type            zeroGradient;
    }
    chip_bases
    {
        type            noSlip;
    }
    walls
    {
        type            noSlip;
    }
    procBoundary5to0
    {
        type            processor;
        value           nonuniform List<vector> 
240
(
(0.0003569077 1.595419e-08 6.150579e-08)
(0.0008912312 2.744097e-07 1.05201e-07)
(0.001287829 7.452612e-07 1.219149e-07)
(0.001580739 1.382781e-06 1.293011e-07)
(0.001796103 2.145206e-06 1.312179e-07)
(0.001953477 2.963521e-06 1.272852e-07)
(0.002067387 3.753991e-06 1.169305e-07)
(0.002148687 4.424164e-06 1.010074e-07)
(0.002205594 4.889638e-06 8.144534e-08)
(0.002244428 5.086295e-06 6.071885e-08)
(0.002270095 4.979506e-06 4.10597e-08)
(0.002286412 4.566091e-06 2.408313e-08)
(0.00229631 3.871121e-06 1.062259e-08)
(0.00230197 2.941029e-06 8.730518e-10)
(0.002304932 1.836142e-06 -5.342747e-09)
(0.002306176 6.242737e-07 -8.361061e-09)
(0.0003650816 1.797716e-08 5.332821e-08)
(0.0009148064 2.963113e-07 9.152283e-08)
(0.001324604 7.996018e-07 1.059621e-07)
(0.001628137 1.479091e-06 1.125188e-07)
(0.00185171 2.290416e-06 1.142987e-07)
(0.002015248 3.160492e-06 1.110933e-07)
(0.002133676 4.000178e-06 1.02282e-07)
(0.002218203 4.711145e-06 8.859115e-08)
(0.002277351 5.203694e-06 7.164846e-08)
(0.002317682 5.40996e-06 5.36156e-08)
(0.002344308 5.293608e-06 3.644548e-08)
(0.002361207 4.851809e-06 2.157776e-08)
(0.002371433 4.11166e-06 9.761935e-09)
(0.002377263 3.122749e-06 1.190293e-09)
(0.002380305 1.949139e-06 -4.280487e-09)
(0.002381578 6.625997e-07 -6.938313e-09)
(0.0003714621 1.968261e-08 4.297064e-08)
(0.0009332505 3.145289e-07 7.385568e-08)
(0.001353448 8.447369e-07 8.51254e-08)
(0.001665397 1.559067e-06 9.04144e-08)
(0.0018955 2.410937e-06 9.190822e-08)
(0.002063952 3.32392e-06 8.957774e-08)
(0.002185986 4.204376e-06 8.27518e-08)
(0.002273091 4.9491e-06 7.197587e-08)
(0.002334025 5.464001e-06 5.848784e-08)
(0.00237555 5.67812e-06 4.402489e-08)
(0.002402937 5.55373e-06 3.017088e-08)
(0.002420294 5.088321e-06 1.812028e-08)
(0.002430778 4.310694e-06 8.509268e-09)
(0.00243674 3.273062e-06 1.518801e-09)
(0.002439842 2.042583e-06 -2.950189e-09)
(0.002441137 6.942865e-07 -5.125722e-09)
(0.0003761065 2.102583e-08 3.08408e-08)
(0.0009466988 3.28526e-07 5.294362e-08)
(0.001374522 8.7934e-07 6.029102e-08)
(0.001692668 1.620377e-06 6.394047e-08)
(0.001927594 2.503264e-06 6.501338e-08)
(0.002099685 3.449067e-06 6.366915e-08)
(0.002224391 4.360679e-06 5.918294e-08)
(0.002313407 5.13118e-06 5.187929e-08)
(0.002375664 5.663115e-06 4.252987e-08)
(0.002418072 5.88317e-06 3.235934e-08)
(0.00244602 5.752562e-06 2.250314e-08)
(0.002463714 5.269044e-06 1.385618e-08)
(0.002474385 4.462731e-06 6.91323e-09)
(0.002480443 3.387853e-06 1.838637e-09)
(0.002483588 2.11393e-06 -1.415442e-09)
(0.002484899 7.184701e-07 -3.005801e-09)
(0.0003790547 2.19787e-08 1.741757e-08)
(0.0009552475 3.378996e-07 2.968789e-08)
(0.00138794 9.023973e-07 3.255374e-08)
(0.001710058 1.661233e-06 3.428798e-08)
(0.001948083 2.564698e-06 3.4836e-08)
(0.002122516 3.532268e-06 3.454904e-08)
(0.002248944 4.464512e-06 3.265215e-08)
(0.002339192 5.25207e-06 2.921924e-08)
(0.002402302 5.795255e-06 2.450316e-08)
(0.002445277 6.019197e-06 1.915023e-08)
(0.002473586 5.884421e-06 1.379042e-08)
(0.002491496 5.388859e-06 8.977065e-09)
(0.002502287 4.563502e-06 5.043143e-09)
(0.002508405 3.463922e-06 2.131075e-09)
(0.002511576 2.161201e-06 2.498138e-10)
(0.002512896 7.344832e-07 -6.774726e-10)
(0.0003803314 2.253357e-08 3.226235e-09)
(0.0003800479 2.363016e-08 -1.160977e-08)
(0.0009589561 3.423908e-07 5.117538e-09)
(0.0009581301 3.554072e-07 -2.023415e-08)
(0.001393774 9.13235e-07 3.164991e-09)
(0.001392493 9.476113e-07 -2.717843e-08)
(0.001717634 1.680445e-06 2.828914e-09)
(0.001715992 1.743932e-06 -2.955312e-08)
(0.001957023 2.59344e-06 2.790443e-09)
(0.001955087 2.690989e-06 -3.012677e-08)
(0.002132491 3.57108e-06 3.590744e-09)
(0.002130288 3.704255e-06 -2.815036e-08)
(0.002259681 4.512824e-06 4.413201e-09)
(0.00225721 4.678773e-06 -2.449419e-08)
(0.002350473 5.308222e-06 5.066961e-09)
(0.002347716 5.499776e-06 -1.96219e-08)
(0.002413961 5.856556e-06 5.258443e-09)
(0.002410896 6.06308e-06 -1.439971e-08)
(0.002457187 6.082251e-06 5.019119e-09)
(0.002453804 6.291211e-06 -9.426226e-09)
(0.002485655 5.945508e-06 4.439911e-09)
(0.002481961 6.1442e-06 -5.160892e-09)
(0.00250366 5.444342e-06 3.707875e-09)
(0.002499682 5.621367e-06 -1.778832e-09)
(0.002514503 4.610152e-06 2.980787e-09)
(0.002510284 4.756316e-06 7.080537e-10)
(0.002520647 3.499128e-06 2.375366e-09)
(0.002516241 3.607748e-06 2.405621e-09)
(0.00252383 2.183075e-06 1.95997e-09)
(0.002519297 2.24981e-06 3.449409e-09)
(0.002525154 7.418831e-07 1.74186e-09)
(0.002520558 7.643884e-07 3.94773e-09)
(0.0003800479 2.363016e-08 -1.160977e-08)
(0.0009581301 3.554072e-07 -2.023415e-08)
(0.001392493 9.476113e-07 -2.717843e-08)
(0.001715992 1.743932e-06 -2.955312e-08)
(0.001955087 2.690989e-06 -3.012677e-08)
(0.002130288 3.704255e-06 -2.815036e-08)
(0.00225721 4.678773e-06 -2.449419e-08)
(0.002347716 5.499776e-06 -1.96219e-08)
(0.002410896 6.06308e-06 -1.439971e-08)
(0.002453804 6.291211e-06 -9.426226e-09)
(0.002481961 6.1442e-06 -5.160892e-09)
(0.002499682 5.621367e-06 -1.778832e-09)
(0.002510284 4.756316e-06 7.080537e-10)
(0.002516241 3.607748e-06 2.405621e-09)
(0.002519297 2.24981e-06 3.449409e-09)
(0.002520558 7.643884e-07 3.94773e-09)
(0.0003779972 2.35095e-08 -2.641641e-08)
(0.0009521985 3.497202e-07 -4.548658e-08)
(0.001383208 9.327387e-07 -5.731577e-08)
(0.001703988 1.717648e-06 -6.181145e-08)
(0.001940969 2.651012e-06 -6.29626e-08)
(0.002114579 3.649787e-06 -5.988598e-08)
(0.002240335 4.610469e-06 -5.344991e-08)
(0.002330008 5.420047e-06 -4.439215e-08)
(0.002392613 5.975818e-06 -3.413435e-08)
(0.00243514 6.201357e-06 -2.390993e-08)
(0.002463056 6.057122e-06 -1.473573e-08)
(0.002480633 5.54229e-06 -7.164982e-09)
(0.002491156 4.68985e-06 -1.390783e-09)
(0.002497074 3.557605e-06 2.668245e-09)
(0.002500113 2.218659e-06 5.20987e-09)
(0.002501367 7.538219e-07 6.428738e-09)
(0.0003712875 2.283431e-08 -5.128481e-08)
(0.0009327952 3.306204e-07 -8.908861e-08)
(0.001352843 8.834093e-07 -1.084962e-07)
(0.001664735 1.630372e-06 -1.166263e-07)
(0.001894811 2.518724e-06 -1.186912e-07)
(0.002063219 3.469885e-06 -1.137928e-07)
(0.00218516 4.38522e-06 -1.026813e-07)
(0.002272112 5.157362e-06 -8.657575e-08)
(0.002332837 5.688474e-06 -6.780628e-08)
(0.002374115 5.905551e-06 -4.868492e-08)
(0.002401241 5.770482e-06 -3.11725e-08)
(0.002418347 5.281977e-06 -1.647177e-08)
(0.002428611 4.47104e-06 -5.091476e-09)
(0.0024344 3.392518e-06 3.00058e-09)
(0.002437382 2.116096e-06 8.103218e-09)
(0.002438617 7.190357e-07 1.055486e-08)
(0.000349877 1.752942e-08 -7.433624e-08)
(0.0008711091 2.717601e-07 -1.303598e-07)
(0.001256685 7.371658e-07 -1.54666e-07)
(0.001540846 1.371252e-06 -1.653833e-07)
(0.001749496 2.127533e-06 -1.678183e-07)
(0.001901818 2.938976e-06 -1.612692e-07)
(0.002011979 3.7215e-06 -1.461272e-07)
(0.002090525 4.383863e-06 -1.23987e-07)
(0.002145433 4.842479e-06 -9.787371e-08)
(0.002182833 5.034372e-06 -7.102342e-08)
(0.00220749 4.925816e-06 -4.62125e-08)
(0.002223113 4.514356e-06 -2.522987e-08)
(0.002232546 3.825347e-06 -8.881246e-09)
(0.002237911 2.905061e-06 2.801008e-09)
(0.002240701 1.81313e-06 1.019202e-08)
(0.002241867 6.162882e-07 1.374765e-08)
(0.0003153349 1.031935e-08 -7.818793e-08)
(0.0007725724 1.946288e-07 -1.345022e-07)
(0.001104567 5.45047e-07 -1.563514e-07)
(0.001346409 1.029669e-06 -1.655858e-07)
(0.001522774 1.611499e-06 -1.671543e-07)
(0.001651045 2.238301e-06 -1.604131e-07)
(0.001743656 2.845137e-06 -1.454014e-07)
(0.001809684 3.361754e-06 -1.235632e-07)
(0.001855901 3.723336e-06 -9.776482e-08)
(0.001887468 3.88031e-06 -7.117953e-08)
(0.001908371 3.805131e-06 -4.654967e-08)
(0.001921698 3.494275e-06 -2.56729e-08)
(0.001929814 2.966028e-06 -9.373515e-09)
(0.00193448 2.255529e-06 2.291687e-09)
(0.001936937 1.409072e-06 9.679415e-09)
(0.001937974 4.791987e-07 1.32344e-08)
(0.0002648576 2.84618e-09 -6.253142e-08)
(0.0006314962 1.139819e-07 -1.039173e-07)
(0.0008904091 3.417564e-07 -1.179557e-07)
(0.001076119 6.655602e-07 -1.233625e-07)
(0.001210423 1.059124e-06 -1.237612e-07)
(0.001307682 1.486104e-06 -1.184886e-07)
(0.001377775 1.902127e-06 -1.073169e-07)
(0.001427744 2.259379e-06 -9.119299e-08)
(0.001462773 2.513348e-06 -7.216655e-08)
(0.001486771 2.629302e-06 -5.256046e-08)
(0.001502738 2.587045e-06 -3.43925e-08)
(0.001512987 2.382656e-06 -1.899203e-08)
(0.001519285 2.027405e-06 -6.969206e-09)
(0.001522947 1.544688e-06 1.632958e-09)
(0.0015249 9.662663e-07 7.078638e-09)
(0.001525733 3.28851e-07 9.697829e-09)
(0.0001927541 -2.915935e-09 -3.429137e-08)
(0.0004383068 4.50511e-08 -5.350609e-08)
(0.0006050369 1.609312e-07 -5.861396e-08)
(0.0007224895 3.344749e-07 -6.0201e-08)
(0.0008067107 5.499993e-07 -5.991591e-08)
(0.0008674576 7.865287e-07 -5.717046e-08)
(0.0009111669 1.01927e-06 -5.168231e-08)
(0.0009423288 1.221664e-06 -4.38342e-08)
(0.0009642045 1.368696e-06 -3.46043e-08)
(0.0009792335 1.440337e-06 -2.511565e-08)
(0.0009892763 1.424302e-06 -1.634741e-08)
(0.0009957622 1.317297e-06 -8.93689e-09)
(0.0009997801 1.12472e-06 -3.170893e-09)
(0.001002139 8.591612e-07 9.411622e-10)
(0.001003411 5.383933e-07 3.536761e-09)
(0.001003958 1.834113e-07 4.782738e-09)
(8.633126e-05 -4.709941e-09 -6.302444e-09)
(0.0001771895 1.653288e-09 -7.400813e-09)
(0.0002354511 2.998277e-08 -7.287334e-09)
(0.0002757685 7.802353e-08 -7.164968e-09)
(0.0003044931 1.403562e-07 -7.028803e-09)
(0.000325158 2.102544e-07 -6.663787e-09)
(0.0003400141 2.802685e-07 -5.991709e-09)
(0.0003506077 3.424878e-07 -5.039171e-09)
(0.0003580528 3.893098e-07 -3.930375e-09)
(0.0003631781 4.143947e-07 -2.801745e-09)
(0.0003666137 4.135698e-07 -1.772997e-09)
(0.0003688419 3.853357e-07 -9.158341e-10)
(0.0003702301 3.309093e-07 -2.594312e-10)
(0.0003710506 2.538609e-07 2.016431e-10)
(0.0003714961 1.59534e-07 4.888703e-10)
(0.0003716891 5.442861e-08 6.255156e-10)
)
;
    }
    procBoundary5to4
    {
        type            processor;
        value           nonuniform List<vector> 
406
(
(0.0003381348 2.648021e-08 2.292194e-07)
(0.0003378951 2.531216e-08 2.147809e-07)
(0.0003376672 2.421522e-08 2.014533e-07)
(0.0003374503 2.318059e-08 1.891392e-07)
(0.0003372438 2.219112e-08 1.777453e-07)
(0.000337047 2.125685e-08 1.671988e-07)
(0.0003368595 2.031632e-08 1.574059e-07)
(0.0008369287 5.776423e-07 4.132943e-07)
(0.0008362683 5.489771e-07 3.860407e-07)
(0.0008356409 5.221879e-07 3.609321e-07)
(0.0008350445 4.971073e-07 3.377783e-07)
(0.0008344771 4.735645e-07 3.163974e-07)
(0.0008339367 4.514487e-07 2.966419e-07)
(0.0008334221 4.3052e-07 2.783139e-07)
(0.001203542 1.620592e-06 5.04234e-07)
(0.001202519 1.539097e-06 4.698969e-07)
(0.001201546 1.462966e-06 4.382828e-07)
(0.001200622 1.39173e-06 4.091551e-07)
(0.001199743 1.324948e-06 3.822836e-07)
(0.001198907 1.262268e-06 3.574865e-07)
(0.00119811 1.203206e-06 3.344887e-07)
(0.001472477 3.046842e-06 5.519997e-07)
(0.001471177 2.893296e-06 5.13921e-07)
(0.001469942 2.749796e-06 4.788274e-07)
(0.001468767 2.615485e-06 4.46469e-07)
(0.001467649 2.489575e-06 4.165974e-07)
(0.001466584 2.371388e-06 3.890212e-07)
(0.00146557 2.260178e-06 3.634152e-07)
(0.001668697 4.736905e-06 5.638786e-07)
(0.001667253 4.499954e-06 5.253147e-07)
(0.001665879 4.278237e-06 4.896795e-07)
(0.00166457 4.070495e-06 4.567419e-07)
(0.001663322 3.875586e-06 4.262668e-07)
(0.001662132 3.692483e-06 3.980782e-07)
(0.001660997 3.5202e-06 3.718422e-07)
(0.001810154 6.497605e-06 5.359663e-07)
(0.001808738 6.178077e-06 5.003694e-07)
(0.001807385 5.878503e-06 4.673376e-07)
(0.001806093 5.597302e-06 4.366846e-07)
(0.001804858 5.333045e-06 4.082167e-07)
(0.001803678 5.084411e-06 3.817917e-07)
(0.001802549 4.850241e-06 3.571145e-07)
(0.00191004 8.109875e-06 4.707094e-07)
(0.001908834 7.721328e-06 4.409775e-07)
(0.001907675 7.356103e-06 4.132299e-07)
(0.001906563 7.012443e-06 3.873374e-07)
(0.001905495 6.688762e-06 3.631656e-07)
(0.00190447 6.383563e-06 3.406156e-07)
(0.001903485 6.095611e-06 3.194727e-07)
(0.001978421 9.359487e-06 3.790124e-07)
(0.001977582 8.925999e-06 3.568049e-07)
(0.001976768 8.517298e-06 3.35923e-07)
(0.001975981 8.131624e-06 3.162954e-07)
(0.001975219 7.767381e-06 2.978487e-07)
(0.001974481 7.42304e-06 2.805233e-07)
(0.001973768 7.097393e-06 2.6421e-07)
(0.002023644 1.056058e-05 2.916784e-07)
(0.002023276 1.008564e-05 2.764644e-07)
(0.002022908 9.636756e-06 2.619981e-07)
(0.002022542 9.21216e-06 2.482544e-07)
(0.002022179 8.810234e-06 2.352075e-07)
(0.00202182 8.429505e-06 2.228352e-07)
(0.002021464 8.068539e-06 2.111062e-07)
(0.002021114 7.726238e-06 2.000212e-07)
(0.002050899 1.066276e-05 1.859328e-07)
(0.002051066 1.020423e-05 1.780081e-07)
(0.002051209 9.769396e-06 1.703377e-07)
(0.002051331 9.356751e-06 1.62926e-07)
(0.002051435 8.964901e-06 1.557749e-07)
(0.002051521 8.592578e-06 1.488989e-07)
(0.002051591 8.23853e-06 1.422815e-07)
(0.002051648 7.901821e-06 1.360204e-07)
(0.002066332 1.012846e-05 9.646353e-08)
(0.002067006 9.712347e-06 9.407795e-08)
(0.002067638 9.316502e-06 9.163224e-08)
(0.002068231 8.939707e-06 8.914343e-08)
(0.002068787 8.580825e-06 8.662658e-08)
(0.002069308 8.238824e-06 8.411703e-08)
(0.002069799 7.912677e-06 8.160139e-08)
(0.002070259 7.601617e-06 7.92524e-08)
(0.002074081 9.02607e-06 2.808065e-08)
(0.002075192 8.671092e-06 2.941327e-08)
(0.002076246 8.332481e-06 3.052288e-08)
(0.002077249 8.009297e-06 3.142833e-08)
(0.002078203 7.700656e-06 3.214712e-08)
(0.00207911 7.405756e-06 3.272371e-08)
(0.002079974 7.123796e-06 3.314057e-08)
(0.002080796 6.854175e-06 3.362098e-08)
(0.002077249 7.462417e-06 -1.957241e-08)
(0.002078701 7.180112e-06 -1.603909e-08)
(0.00208009 6.910231e-06 -1.278867e-08)
(0.002081419 6.652078e-06 -9.804503e-09)
(0.002082692 6.404999e-06 -7.072828e-09)
(0.00208391 6.1684e-06 -4.547706e-09)
(0.002085077 5.94169e-06 -2.253677e-09)
(0.002086196 5.724413e-06 6.207619e-11)
(0.002078024 5.556157e-06 -4.986544e-08)
(0.00207972 5.352478e-06 -4.519553e-08)
(0.00208135 5.157447e-06 -4.081197e-08)
(0.002082916 4.970586e-06 -3.670325e-08)
(0.002084421 4.791443e-06 -3.286051e-08)
(0.002085868 4.619609e-06 -2.923968e-08)
(0.00208726 4.454682e-06 -2.587213e-08)
(0.002088598 4.296342e-06 -2.249045e-08)
(0.002075924 3.548132e-06 -7.247826e-08)
(0.002077845 3.420112e-06 -6.70364e-08)
(0.002079695 3.297478e-06 -6.186808e-08)
(0.002081477 3.179929e-06 -5.696972e-08)
(0.002083194 3.067183e-06 -5.23346e-08)
(0.002084849 2.958977e-06 -4.795799e-08)
(0.002086443 2.855071e-06 -4.379849e-08)
(0.00208798 2.755227e-06 -3.989235e-08)
(0.002089462 2.659257e-06 -3.596636e-08)
(0.002075566 1.196713e-06 -8.024968e-08)
(0.002077561 1.154024e-06 -7.465311e-08)
(0.002079485 1.113113e-06 -6.931434e-08)
(0.00208134 1.073876e-06 -6.423179e-08)
(0.00208313 1.036226e-06 -5.93996e-08)
(0.002084857 1.000076e-06 -5.481693e-08)
(0.002086523 9.653441e-07 -5.044653e-08)
(0.002088131 9.319496e-07 -4.63269e-08)
(0.002089683 8.998324e-07 -4.218227e-08)
(0.0021798 -1.320911e-06 -7.814733e-08)
(0.002181992 -1.272945e-06 -7.277184e-08)
(0.002184104 -1.227003e-06 -6.762647e-08)
(0.002186141 -1.182975e-06 -6.271536e-08)
(0.0021798 -1.320911e-06 -7.814733e-08)
(0.002181992 -1.272945e-06 -7.277184e-08)
(0.002184104 -1.227003e-06 -6.762647e-08)
(0.002186141 -1.182975e-06 -6.271536e-08)
(0.002180219 -3.917611e-06 -7.046695e-08)
(0.002182332 -3.773728e-06 -6.524708e-08)
(0.002184366 -3.635985e-06 -6.027237e-08)
(0.002186324 -3.50404e-06 -5.554441e-08)
(0.0003366905 1.954102e-08 1.488798e-07)
(0.0003365378 1.890721e-08 1.414147e-07)
(0.0003363911 1.822385e-08 1.343931e-07)
(0.0003362503 1.756858e-08 1.27794e-07)
(0.0003361149 1.694529e-08 1.215928e-07)
(0.0003359849 1.634812e-08 1.157636e-07)
(0.0003358599 1.577789e-08 1.102838e-07)
(0.0003357397 1.523172e-08 1.051308e-07)
(0.0003356241 1.470841e-08 1.002847e-07)
(0.000335513 1.42054e-08 9.572637e-08)
(0.000335406 1.37221e-08 9.144295e-08)
(0.0008329586 4.120805e-07 2.623659e-07)
(0.0008325405 3.958271e-07 2.484993e-07)
(0.0008321392 3.802283e-07 2.354922e-07)
(0.0008317542 3.653265e-07 2.232939e-07)
(0.0008313844 3.511188e-07 2.1186e-07)
(0.0008310293 3.375626e-07 2.011378e-07)
(0.0008306882 3.246244e-07 1.910819e-07)
(0.0008303604 3.122683e-07 1.816491e-07)
(0.0008300453 3.004591e-07 1.728005e-07)
(0.0008297424 2.891632e-07 1.64501e-07)
(0.000829451 2.783479e-07 1.567282e-07)
(0.001197392 1.150809e-06 3.145345e-07)
(0.001196745 1.104362e-06 2.972523e-07)
(0.001196125 1.060141e-06 2.810435e-07)
(0.001195529 1.018027e-06 2.658495e-07)
(0.001194958 9.779248e-07 2.516282e-07)
(0.001194409 9.397033e-07 2.383122e-07)
(0.001193882 9.032507e-07 2.258433e-07)
(0.001193375 8.684593e-07 2.141668e-07)
(0.001192889 8.352278e-07 2.032319e-07)
(0.001192421 8.034597e-07 1.929932e-07)
(0.001191971 7.730661e-07 1.834232e-07)
(0.001464656 2.161218e-06 3.412129e-07)
(0.001463831 2.073257e-06 3.220385e-07)
(0.001463041 1.989698e-06 3.040474e-07)
(0.001462282 1.910226e-06 2.871717e-07)
(0.001461553 1.834599e-06 2.713809e-07)
(0.001460853 1.762563e-06 2.56602e-07)
(0.001460181 1.69389e-06 2.427708e-07)
(0.001459535 1.628371e-06 2.298273e-07)
(0.001458915 1.565808e-06 2.177143e-07)
(0.001458318 1.506019e-06 2.063799e-07)
(0.001457744 1.448836e-06 1.957924e-07)
(0.001659973 3.366607e-06 3.490681e-07)
(0.001659049 3.229796e-06 3.294066e-07)
(0.001658161 3.099865e-06 3.109333e-07)
(0.001657309 2.976306e-06 2.935755e-07)
(0.001656489 2.858711e-06 2.773164e-07)
(0.001655702 2.746692e-06 2.620858e-07)
(0.001654945 2.639894e-06 2.478209e-07)
(0.001654217 2.53799e-06 2.344632e-07)
(0.001653516 2.440678e-06 2.219554e-07)
(0.001652843 2.347674e-06 2.102446e-07)
(0.001652194 2.258719e-06 1.992971e-07)
(0.001801527 4.641076e-06 3.356212e-07)
(0.001800604 4.454389e-06 3.170199e-07)
(0.001799715 4.276967e-06 2.995059e-07)
(0.00179886 4.108134e-06 2.83009e-07)
(0.001798037 3.947331e-06 2.675228e-07)
(0.001797245 3.794048e-06 2.529869e-07)
(0.001796482 3.647819e-06 2.393464e-07)
(0.001795747 3.508209e-06 2.2655e-07)
(0.001795039 3.374816e-06 2.145468e-07)
(0.001794357 3.247266e-06 2.03289e-07)
(0.0017937 3.125211e-06 1.927443e-07)
(0.001902591 5.837861e-06 3.009504e-07)
(0.001901781 5.60731e-06 2.848257e-07)
(0.001900998 5.387896e-06 2.696014e-07)
(0.001900242 5.178835e-06 2.552177e-07)
(0.001899513 4.979459e-06 2.416718e-07)
(0.001898809 4.789177e-06 2.289179e-07)
(0.001898129 4.607446e-06 2.169131e-07)
(0.001897473 4.433752e-06 2.056177e-07)
(0.001896839 4.267626e-06 1.949916e-07)
(0.001896227 4.108624e-06 1.849964e-07)
(0.001895636 3.956338e-06 1.756049e-07)
(0.001973116 6.805201e-06 2.49785e-07)
(0.001972521 6.543229e-06 2.3709e-07)
(0.001971943 6.293442e-06 2.250654e-07)
(0.001971383 6.055021e-06 2.136673e-07)
(0.001970839 5.827254e-06 2.028871e-07)
(0.001970312 5.609519e-06 1.926948e-07)
(0.001969801 5.401245e-06 1.830609e-07)
(0.001969305 5.201886e-06 1.739581e-07)
(0.001968824 5.010945e-06 1.653589e-07)
(0.001968358 4.827946e-06 1.572368e-07)
(0.001967906 4.652455e-06 1.49571e-07)
(0.002020788 7.41831e-06 1.900644e-07)
(0.002020486 7.141548e-06 1.811254e-07)
(0.002020189 6.877076e-06 1.726312e-07)
(0.002019896 6.624108e-06 1.645545e-07)
(0.002019609 6.381955e-06 1.568734e-07)
(0.002019328 6.150019e-06 1.49571e-07)
(0.002019052 5.927746e-06 1.426296e-07)
(0.002018781 5.714608e-06 1.360327e-07)
(0.002018516 5.510118e-06 1.297639e-07)
(0.002018257 5.313815e-06 1.238081e-07)
(0.002018003 5.12527e-06 1.181508e-07)
(0.00205169 7.59812e-06 1.302158e-07)
(0.002051721 7.324483e-06 1.247842e-07)
(0.002051744 7.062375e-06 1.196112e-07)
(0.002051759 6.811102e-06 1.14684e-07)
(0.002051768 6.570043e-06 1.099628e-07)
(0.002051771 6.33867e-06 1.054389e-07)
(0.002051769 6.116483e-06 1.011034e-07)
(0.002051762 5.90301e-06 9.694677e-08)
(0.00205175 5.697809e-06 9.296151e-08)
(0.002051735 5.500465e-06 8.914129e-08)
(0.002051716 5.310585e-06 8.547745e-08)
(0.002070669 7.320337e-06 7.684166e-08)
(0.002071033 7.066301e-06 7.429349e-08)
(0.002071378 6.822389e-06 7.187238e-08)
(0.002071706 6.588028e-06 6.957626e-08)
(0.002072016 6.3627e-06 6.734666e-08)
(0.00207231 6.145963e-06 6.517892e-08)
(0.002072589 5.937399e-06 6.30687e-08)
(0.002072854 5.736613e-06 6.10102e-08)
(0.002073106 5.54323e-06 5.9001e-08)
(0.002073345 5.356901e-06 5.703983e-08)
(0.002073572 5.17729e-06 5.512032e-08)
(0.002081536 6.609801e-06 3.3687e-08)
(0.002082203 6.388624e-06 3.325877e-08)
(0.002082843 6.175792e-06 3.28782e-08)
(0.002083456 5.970856e-06 3.255074e-08)
(0.002084044 5.77341e-06 3.220133e-08)
(0.002084608 5.583109e-06 3.182599e-08)
(0.002085149 5.399623e-06 3.142205e-08)
(0.002085668 5.22264e-06 3.098439e-08)
(0.002086166 5.051864e-06 3.051287e-08)
(0.002086645 4.887017e-06 3.000894e-08)
(0.002087104 4.727833e-06 2.94674e-08)
(0.002087209 5.527097e-06 1.752453e-09)
(0.002088126 5.348188e-06 2.727798e-09)
(0.00208901 5.175697e-06 3.711188e-09)
(0.002089862 5.009295e-06 4.712913e-09)
(0.002090683 4.848685e-06 5.64535e-09)
(0.002091475 4.693612e-06 6.503355e-09)
(0.002092238 4.54383e-06 7.284054e-09)
(0.002092973 4.399111e-06 7.981282e-09)
(0.002093683 4.259235e-06 8.595197e-09)
(0.002094367 4.123996e-06 9.127447e-09)
(0.002095027 3.993193e-06 9.571767e-09)
(0.002089815 4.152329e-06 -1.984392e-08)
(0.00209092 4.021566e-06 -1.803235e-08)
(0.002091989 3.895304e-06 -1.622755e-08)
(0.002093022 3.773316e-06 -1.441628e-08)
(0.002094021 3.655404e-06 -1.269451e-08)
(0.002094987 3.541394e-06 -1.106912e-08)
(0.00209592 3.431121e-06 -9.544002e-09)
(0.002096823 3.324427e-06 -8.126848e-09)
(0.002097695 3.221164e-06 -6.81807e-09)
(0.00209854 3.121192e-06 -5.616353e-09)
(0.002099356 3.024375e-06 -4.528758e-09)
(0.002090812 2.57188e-06 -3.282384e-08)
(0.002092042 2.492468e-06 -3.057225e-08)
(0.002093233 2.415707e-06 -2.833027e-08)
(0.002094386 2.341469e-06 -2.608293e-08)
(0.002095503 2.269639e-06 -2.393097e-08)
(0.002096584 2.200118e-06 -2.188275e-08)
(0.002097632 2.132808e-06 -1.994316e-08)
(0.002098647 2.067621e-06 -1.812117e-08)
(0.00209963 2.00447e-06 -1.641793e-08)
(0.002100582 1.943274e-06 -1.483283e-08)
(0.002101504 1.883955e-06 -1.337394e-08)
(0.002091099 8.705751e-07 -3.883776e-08)
(0.002092389 8.439725e-07 -3.640459e-08)
(0.00209364 8.182442e-07 -3.398031e-08)
(0.002094853 7.933494e-07 -3.154919e-08)
(0.002096028 7.692492e-07 -2.921397e-08)
(0.002097168 7.459126e-07 -2.698397e-08)
(0.002098272 7.233068e-07 -2.486454e-08)
(0.002099343 7.014041e-07 -2.286547e-08)
(0.002100381 6.801752e-07 -2.09881e-08)
(0.002101388 6.595949e-07 -1.923223e-08)
(0.002102364 6.396372e-07 -1.760457e-08)
(0.0003473438 1.631307e-08 8.385604e-08)
(0.0003473438 1.631307e-08 8.385604e-08)
(0.00034724 1.573642e-08 8.015484e-08)
(0.0003471402 1.518967e-08 7.666283e-08)
(0.0003470441 1.467113e-08 7.337171e-08)
(0.0003469515 1.417236e-08 7.022498e-08)
(0.000863661 3.016164e-07 1.443984e-07)
(0.000863661 3.016164e-07 1.443984e-07)
(0.0008633773 2.902739e-07 1.376739e-07)
(0.0008631044 2.794217e-07 1.313482e-07)
(0.0008628417 2.690346e-07 1.254189e-07)
(0.0008625889 2.590749e-07 1.197904e-07)
(0.001244954 8.27727e-07 1.691258e-07)
(0.001244954 8.27727e-07 1.691258e-07)
(0.001244515 7.96319e-07 1.608512e-07)
(0.001244092 7.662522e-07 1.530805e-07)
(0.001243685 7.374479e-07 1.458192e-07)
(0.001243294 7.098289e-07 1.389736e-07)
(0.001525623 1.542839e-06 1.807168e-07)
(0.001525623 1.542839e-06 1.807168e-07)
(0.00152506 1.484137e-06 1.715527e-07)
(0.001524519 1.42794e-06 1.629508e-07)
(0.001523998 1.374092e-06 1.549179e-07)
(0.001523496 1.322455e-06 1.473748e-07)
(0.001731483 2.398041e-06 1.840888e-07)
(0.001731483 2.398041e-06 1.840888e-07)
(0.001730845 2.30703e-06 1.74593e-07)
(0.001730231 2.219889e-06 1.656754e-07)
(0.00172964 2.136381e-06 1.573388e-07)
(0.001729071 2.056288e-06 1.495201e-07)
(0.001881532 3.312636e-06 1.783194e-07)
(0.001881532 3.312636e-06 1.783194e-07)
(0.001880885 3.187919e-06 1.691351e-07)
(0.00188026 3.068456e-06 1.604974e-07)
(0.001879658 2.953928e-06 1.524041e-07)
(0.001879077 2.844045e-06 1.44807e-07)
(0.001989756 4.190046e-06 1.628393e-07)
(0.001989756 4.190046e-06 1.628393e-07)
(0.001989172 4.034424e-06 1.546094e-07)
(0.001988608 3.885241e-06 1.468511e-07)
(0.001988063 3.742119e-06 1.395583e-07)
(0.001987537 3.604708e-06 1.32696e-07)
(0.002066573 4.925381e-06 1.391581e-07)
(0.002066573 4.925381e-06 1.391581e-07)
(0.002066126 4.74585e-06 1.323826e-07)
(0.002065693 4.573554e-06 1.25974e-07)
(0.002065273 4.408082e-06 1.199231e-07)
(0.002064865 4.249055e-06 1.142064e-07)
(0.002119893 5.42533e-06 1.10414e-07)
(0.002119893 5.42533e-06 1.10414e-07)
(0.002119644 5.232097e-06 1.053538e-07)
(0.002119399 5.04639e-06 1.005459e-07)
(0.002119161 4.867801e-06 9.597915e-08)
(0.002118927 4.695952e-06 9.163924e-08)
(0.002155837 5.621815e-06 8.037193e-08)
(0.002155837 5.621815e-06 8.037193e-08)
(0.002155823 5.426781e-06 7.703603e-08)
(0.002155805 5.239043e-06 7.384472e-08)
(0.002155785 5.058226e-06 7.078476e-08)
(0.002155762 4.883978e-06 6.784915e-08)
(0.00217919 5.481552e-06 5.23235e-08)
(0.00217919 5.481552e-06 5.23235e-08)
(0.002179423 5.296614e-06 5.051791e-08)
(0.002179646 5.118297e-06 4.877022e-08)
(0.002179857 4.946278e-06 4.706462e-08)
(0.002180058 4.78025e-06 4.539899e-08)
(0.002193692 5.006685e-06 2.850141e-08)
(0.002193692 5.006685e-06 2.850141e-08)
(0.002194161 4.842376e-06 2.792258e-08)
(0.002194613 4.683691e-06 2.733848e-08)
(0.002195046 4.530368e-06 2.673067e-08)
(0.002195463 4.38216e-06 2.609992e-08)
(0.002202216 4.229595e-06 9.937253e-09)
(0.002202216 4.229595e-06 9.937253e-09)
(0.00220289 4.094277e-06 1.025151e-08)
(0.002203541 3.963399e-06 1.052131e-08)
(0.002204169 3.836761e-06 1.072525e-08)
(0.002204775 3.714179e-06 1.086557e-08)
(0.002206897 3.204013e-06 -3.282649e-09)
(0.002206897 3.204013e-06 -3.282649e-09)
(0.002207733 3.103665e-06 -2.375518e-09)
(0.002208541 3.006492e-06 -1.535346e-09)
(0.002209322 2.912358e-06 -7.859039e-10)
(0.002210078 2.821135e-06 -1.246355e-10)
(0.002209235 1.99613e-06 -1.160454e-08)
(0.002209235 1.99613e-06 -1.160454e-08)
(0.00221018 1.934568e-06 -1.034788e-08)
(0.002211095 1.874907e-06 -9.168574e-09)
(0.002211982 1.817066e-06 -8.091366e-09)
(0.00221284 1.760975e-06 -7.113516e-09)
(0.002210175 6.777769e-07 -1.55907e-08)
(0.002210175 6.777769e-07 -1.55907e-08)
(0.002211175 6.570518e-07 -1.417379e-08)
(0.002212145 6.369648e-07 -1.283917e-08)
(0.002213084 6.174956e-07 -1.161074e-08)
(0.002213995 5.986217e-07 -1.048599e-08)
)
;
    }
    procBoundary5to6
    {
        type            processor;
        value           nonuniform List<vector> 
70
(
(0.002188104 -1.140754e-06 -5.803547e-08)
(0.002189997 -1.100243e-06 -5.3588e-08)
(0.002191823 -1.061354e-06 -4.934222e-08)
(0.002193585 -1.024002e-06 -4.533301e-08)
(0.002195284 -9.881117e-07 -4.13044e-08)
(0.00227733 -1.236464e-06 -5.401062e-08)
(0.002279375 -1.191924e-06 -4.991265e-08)
(0.002281347 -1.149197e-06 -4.599023e-08)
(0.002283248 -1.108189e-06 -4.22747e-08)
(0.002285082 -1.068818e-06 -3.854307e-08)
(0.00227733 -1.236464e-06 -5.401062e-08)
(0.002269362 -6.927539e-06 -4.864185e-08)
(0.002271474 -6.663752e-06 -4.435571e-08)
(0.002273501 -6.411586e-06 -4.029326e-08)
(0.002277475 -3.661743e-06 -4.741406e-08)
(0.002275447 -6.170414e-06 -3.645661e-08)
(0.002350922 -1.320519e-06 -4.74231e-08)
(0.0023531 -1.272407e-06 -4.387809e-08)
(0.002355199 -1.226278e-06 -4.047169e-08)
(0.002357223 -1.182029e-06 -3.722864e-08)
(0.002359174 -1.139573e-06 -3.397036e-08)
(0.002350922 -1.320519e-06 -4.74231e-08)
(0.002342505 -7.41543e-06 -4.179134e-08)
(0.002344763 -7.129922e-06 -3.819578e-08)
(0.002346929 -6.857075e-06 -3.476472e-08)
(0.002351105 -3.911353e-06 -4.149657e-08)
(0.002349007 -6.596221e-06 -3.150608e-08)
(0.002196834 -9.554508e-07 -3.802813e-08)
(0.002198246 -9.257811e-07 -3.561815e-08)
(0.002199614 -8.971147e-07 -3.323327e-08)
(0.00220094 -8.694011e-07 -3.084681e-08)
(0.002202225 -8.425983e-07 -2.855406e-08)
(0.00220347 -8.166665e-07 -2.636354e-08)
(0.002204677 -7.915705e-07 -2.428e-08)
(0.002205846 -7.672744e-07 -2.231081e-08)
(0.002206979 -7.437462e-07 -2.045769e-08)
(0.002208078 -7.209538e-07 -1.871776e-08)
(0.002209143 -6.988661e-07 -1.709016e-08)
(0.002286753 -1.033017e-06 -3.548668e-08)
(0.002288276 -1.000521e-06 -3.321616e-08)
(0.002289751 -9.691486e-07 -3.098103e-08)
(0.00229118 -9.388428e-07 -2.874593e-08)
(0.002292564 -9.095561e-07 -2.65961e-08)
(0.002293905 -8.812433e-07 -2.454006e-08)
(0.002295204 -8.538647e-07 -2.258221e-08)
(0.002296463 -8.273795e-07 -2.072731e-08)
(0.002297682 -8.017514e-07 -1.897876e-08)
(0.002298864 -7.769434e-07 -1.733205e-08)
(0.00230001 -7.529194e-07 -1.578812e-08)
(0.00230112 -7.296523e-07 -1.433982e-08)
(0.002302196 -7.071129e-07 -1.298273e-08)
(0.002303238 -6.852654e-07 -1.170861e-08)
(0.002304248 -6.640758e-07 -1.052436e-08)
(0.002305227 -6.435187e-07 -9.426927e-09)
(0.002360952 -1.10099e-06 -3.128171e-08)
(0.002362571 -1.065992e-06 -2.926611e-08)
(0.002364139 -1.032224e-06 -2.72901e-08)
(0.002365658 -9.996248e-07 -2.53123e-08)
(0.002367129 -9.681415e-07 -2.340419e-08)
(0.002368553 -9.377242e-07 -2.157707e-08)
(0.002369933 -9.083293e-07 -1.98329e-08)
(0.00237127 -8.799114e-07 -1.817629e-08)
(0.002372566 -8.524307e-07 -1.660932e-08)
(0.00237382 -8.258459e-07 -1.512954e-08)
(0.002375036 -8.00117e-07 -1.373536e-08)
(0.002376214 -7.752123e-07 -1.242353e-08)
(0.002377356 -7.51102e-07 -1.119004e-08)
(0.002378461 -7.277477e-07 -1.00287e-08)
(0.002379533 -7.051107e-07 -8.942433e-09)
(0.002380571 -6.831641e-07 -7.926851e-09)
)
;
    }
    procBoundary5to7
    {
        type            processor;
        value           nonuniform List<vector> 
301
(
(0.002398924 -1.618447e-06 -5.071115e-08)
(0.002401583 -1.557633e-06 -4.754565e-08)
(0.002404143 -1.499442e-06 -4.444771e-08)
(0.002406609 -1.44374e-06 -4.143318e-08)
(0.002399497 -4.802709e-06 -4.519571e-08)
(0.002402066 -4.620232e-06 -4.214541e-08)
(0.002404536 -4.445707e-06 -3.917403e-08)
(0.002406912 -4.278725e-06 -3.629511e-08)
(0.002398924 -1.618447e-06 -5.071115e-08)
(0.002441165 1.682485e-06 -3.567434e-08)
(0.002401583 -1.557633e-06 -4.754565e-08)
(0.002443925 1.618881e-06 -3.367144e-08)
(0.002404143 -1.499442e-06 -4.444771e-08)
(0.002446581 1.558028e-06 -3.166073e-08)
(0.002406609 -1.44374e-06 -4.143318e-08)
(0.002449138 1.499786e-06 -2.966612e-08)
(0.002408984 -1.390398e-06 -3.851827e-08)
(0.002411272 -1.339295e-06 -3.570735e-08)
(0.002413477 -1.290317e-06 -3.299007e-08)
(0.002415602 -1.243355e-06 -3.038125e-08)
(0.00241765 -1.198316e-06 -2.775564e-08)
(0.002443925 1.618881e-06 -3.367144e-08)
(0.002446581 1.558028e-06 -3.166073e-08)
(0.002449138 1.499786e-06 -2.966612e-08)
(0.002449138 1.499786e-06 -2.966612e-08)
(0.002451601 -1.443931e-06 -2.768372e-08)
(0.002453973 -1.390525e-06 -2.575668e-08)
(0.002456259 -1.339353e-06 -2.387118e-08)
(0.002458461 -1.290302e-06 -2.203011e-08)
(0.002460584 -1.243274e-06 -2.017032e-08)
(0.002470982 1.659436e-06 -1.801329e-08)
(0.002473702 1.596812e-06 -1.721359e-08)
(0.00247632 1.536881e-06 -1.635418e-08)
(0.00247632 1.536881e-06 -1.635418e-08)
(0.002478841 -1.479414e-06 -1.543243e-08)
(0.002481269 -1.424476e-06 -1.449635e-08)
(0.002483608 -1.371845e-06 -1.354674e-08)
(0.002485862 -1.321405e-06 -1.25696e-08)
(0.002488034 -1.273055e-06 -1.15748e-08)
(0.002482807 1.678059e-06 -1.354381e-09)
(0.002485555 1.61462e-06 -1.830678e-09)
(0.002488202 1.553911e-06 -2.168198e-09)
(0.002488202 1.553911e-06 -2.168198e-09)
(0.002490749 -1.4957e-06 -2.370817e-09)
(0.002493203 -1.440058e-06 -2.484781e-09)
(0.002495567 -1.386757e-06 -2.528797e-09)
(0.002497845 -1.335678e-06 -2.467671e-09)
(0.002500039 -1.28672e-06 -2.39719e-09)
(0.002479421 1.674136e-06 1.544566e-08)
(0.002482164 1.610868e-06 1.36938e-08)
(0.002484804 1.550322e-06 1.215878e-08)
(0.002484804 1.550322e-06 1.215878e-08)
(0.002487347 -1.492262e-06 1.082611e-08)
(0.002489795 -1.436769e-06 9.657027e-09)
(0.002492154 -1.38361e-06 8.612256e-09)
(0.002494427 -1.332667e-06 7.754322e-09)
(0.002496616 -1.283839e-06 6.883168e-09)
(0.002460819 1.647806e-06 3.157036e-08)
(0.002463521 1.585688e-06 2.860477e-08)
(0.002466123 1.526238e-06 2.592841e-08)
(0.002466123 1.526238e-06 2.592841e-08)
(0.002468628 -1.46922e-06 2.351675e-08)
(0.002471041 -1.414722e-06 2.133804e-08)
(0.002473365 -1.362513e-06 1.933577e-08)
(0.002475604 -1.312475e-06 1.75947e-08)
(0.002477762 -1.264509e-06 1.581917e-08)
(0.002419516 -1.157405e-06 -2.556864e-08)
(0.002421215 -1.120313e-06 -2.391267e-08)
(0.00242286 -1.084542e-06 -2.2297e-08)
(0.002424453 -1.050025e-06 -2.067281e-08)
(0.002425996 -1.016706e-06 -1.90972e-08)
(0.00242749 -9.84531e-07 -1.758453e-08)
(0.002428937 -9.534523e-07 -1.613531e-08)
(0.002430338 -9.234217e-07 -1.475279e-08)
(0.002431696 -8.943956e-07 -1.343916e-08)
(0.002433011 -8.663302e-07 -1.219274e-08)
(0.002434285 -8.391823e-07 -1.101172e-08)
(0.002435519 -8.129154e-07 -9.894075e-09)
(0.002436715 -7.874975e-07 -8.837967e-09)
(0.002437873 -7.628899e-07 -7.838295e-09)
(0.002438996 -7.390487e-07 -6.899847e-09)
(0.002440083 -7.159502e-07 -6.01194e-09)
(0.002462517 -1.200571e-06 -1.859642e-08)
(0.002464277 -1.161868e-06 -1.738699e-08)
(0.002465982 -1.124556e-06 -1.621738e-08)
(0.002467632 -1.088564e-06 -1.502767e-08)
(0.002469229 -1.053833e-06 -1.386072e-08)
(0.002470776 -1.020307e-06 -1.273444e-08)
(0.002472274 -9.879352e-07 -1.164861e-08)
(0.002473724 -9.566664e-07 -1.060408e-08)
(0.00247513 -9.264547e-07 -9.604413e-09)
(0.002476491 -8.972537e-07 -8.647571e-09)
(0.002477809 -8.690189e-07 -7.733579e-09)
(0.002479086 -8.417099e-07 -6.859504e-09)
(0.002480323 -8.152918e-07 -6.026885e-09)
(0.002481522 -7.89725e-07 -5.230602e-09)
(0.002482683 -7.649624e-07 -4.479011e-09)
(0.002483808 -7.40986e-07 -3.76187e-09)
(0.002490012 -1.229161e-06 -1.069465e-08)
(0.002491812 -1.189387e-06 -9.995442e-09)
(0.002493556 -1.151051e-06 -9.336731e-09)
(0.002495243 -1.114079e-06 -8.64197e-09)
(0.002496877 -1.078411e-06 -7.93971e-09)
(0.002498459 -1.043989e-06 -7.254456e-09)
(0.002499991 -1.010759e-06 -6.582723e-09)
(0.002501474 -9.786701e-07 -5.925197e-09)
(0.002502911 -9.476733e-07 -5.284373e-09)
(0.002504302 -9.177211e-07 -4.660951e-09)
(0.00250565 -8.88768e-07 -4.053607e-09)
(0.002506955 -8.607709e-07 -3.462397e-09)
(0.00250822 -8.336929e-07 -2.887793e-09)
(0.002509445 -8.074937e-07 -2.329004e-09)
(0.002510632 -7.821228e-07 -1.791159e-09)
(0.002511782 -7.575721e-07 -1.265588e-09)
(0.002502038 -1.242279e-06 -2.254731e-09)
(0.002503856 -1.202014e-06 -2.099346e-09)
(0.002505618 -1.163208e-06 -1.993363e-09)
(0.002507323 -1.125788e-06 -1.828246e-09)
(0.002508973 -1.089692e-06 -1.623428e-09)
(0.002510571 -1.05486e-06 -1.411337e-09)
(0.002512118 -1.021239e-06 -1.184765e-09)
(0.002513616 -9.887759e-07 -9.432058e-10)
(0.002515068 -9.574221e-07 -6.893204e-10)
(0.002516473 -9.271292e-07 -4.255893e-10)
(0.002517834 -8.978513e-07 -1.505039e-10)
(0.002519153 -8.695446e-07 1.342689e-10)
(0.002520431 -8.421698e-07 4.277393e-10)
(0.002521668 -8.156865e-07 7.282991e-10)
(0.002522867 -7.900424e-07 1.033609e-09)
(0.002524028 -7.652398e-07 1.356243e-09)
(0.002498611 -1.239516e-06 6.285128e-09)
(0.002500426 -1.199357e-06 5.89829e-09)
(0.002502183 -1.160653e-06 5.435576e-09)
(0.002503885 -1.123332e-06 5.06329e-09)
(0.002505532 -1.087331e-06 4.764877e-09)
(0.002507126 -1.052591e-06 4.496161e-09)
(0.00250867 -1.01906e-06 4.2694e-09)
(0.002510166 -9.866835e-07 4.087248e-09)
(0.002511614 -9.554139e-07 3.946208e-09)
(0.002513017 -9.252032e-07 3.84237e-09)
(0.002514375 -8.960059e-07 3.777138e-09)
(0.002515692 -8.677782e-07 3.74717e-09)
(0.002516966 -8.404803e-07 3.751173e-09)
(0.002518202 -8.140717e-07 3.785652e-09)
(0.002519398 -7.885008e-07 3.851216e-09)
(0.002479728 -1.220962e-06 1.450663e-08)
(0.002481517 -1.181504e-06 1.360004e-08)
(0.002483249 -1.143471e-06 1.259324e-08)
(0.002484926 -1.106792e-06 1.170059e-08)
(0.00248655 -1.071407e-06 1.091595e-08)
(0.002488122 -1.037258e-06 1.018369e-08)
(0.002489644 -1.004293e-06 9.518389e-09)
(0.002491118 -9.724608e-07 8.925879e-09)
(0.002492546 -9.417138e-07 8.401831e-09)
(0.00249393 -9.120053e-07 7.941331e-09)
(0.002495269 -8.832912e-07 7.544594e-09)
(0.002496567 -8.555291e-07 7.207552e-09)
(0.002497825 -8.286791e-07 6.928446e-09)
(0.002499043 -8.02702e-07 6.702575e-09)
(0.002500224 -7.7755e-07 6.532481e-09)
(0.002400001 1.561829e-06 5.876836e-08)
(0.002402569 1.503458e-06 5.377631e-08)
(0.002405042 1.447583e-06 4.918861e-08)
(0.002405042 1.447583e-06 4.918861e-08)
(0.002407424 -1.393961e-06 4.497149e-08)
(0.002409719 -1.342706e-06 4.109413e-08)
(0.00241193 -1.293589e-06 3.749116e-08)
(0.002414061 -1.246497e-06 3.423235e-08)
(0.002416115 -1.201336e-06 3.099335e-08)
(0.002208934 1.312065e-06 8.145824e-08)
(0.00221111 1.26447e-06 7.485807e-08)
(0.002213207 1.218866e-06 6.873574e-08)
(0.002213207 1.218866e-06 6.873574e-08)
(0.002215229 -1.175029e-06 6.305973e-08)
(0.002217178 -1.133097e-06 5.779191e-08)
(0.002219058 -1.09286e-06 5.287722e-08)
(0.00222087 -1.054227e-06 4.832337e-08)
(0.002222618 -1.01712e-06 4.389961e-08)
(0.001912567 9.879746e-07 7.922345e-08)
(0.001914228 9.540089e-07 7.293961e-08)
(0.001915831 9.213907e-07 6.70893e-08)
(0.001915831 9.213907e-07 6.70893e-08)
(0.001917379 -8.899302e-07 6.164519e-08)
(0.001918872 -8.597873e-07 5.657255e-08)
(0.001920314 -8.307839e-07 5.182328e-08)
(0.001921707 -8.028565e-07 4.738651e-08)
(0.001923052 -7.759517e-07 4.306329e-08)
(0.001509595 6.273391e-07 5.273867e-08)
(0.001510668 6.076946e-07 4.857288e-08)
(0.001510668 6.076946e-07 4.857288e-08)
(0.001511707 -5.886174e-07 4.468677e-08)
(0.001512711 -5.702815e-07 4.105568e-08)
(0.001513683 -5.525464e-07 3.764314e-08)
(0.001514623 -5.353783e-07 3.443512e-08)
(0.001515533 -5.187488e-07 3.127462e-08)
(0.000995065 3.300221e-07 2.497508e-08)
(0.0009956446 3.21107e-07 2.303953e-08)
(0.0009956446 3.21107e-07 2.303953e-08)
(0.000996207 -3.123253e-07 2.122959e-08)
(0.0009967526 -3.038338e-07 1.953316e-08)
(0.0009972818 -2.955368e-07 1.792959e-08)
(0.0009977952 -2.874234e-07 1.640943e-08)
(0.0009982931 -2.794859e-07 1.487651e-08)
(0.0003690938 8.879338e-08 2.854246e-09)
(0.0003692573 8.710466e-08 2.644494e-09)
(0.0003692573 8.710466e-08 2.644494e-09)
(0.0003694167 -8.536334e-08 2.447082e-09)
(0.0003695722 -8.365186e-08 2.260721e-09)
(0.0003697237 -8.193016e-08 2.080459e-09)
(0.0003698713 -8.019928e-08 1.906427e-09)
(0.000370015 -7.846082e-08 1.709798e-09)
(0.002417986 -1.16032e-06 2.844307e-08)
(0.00241969 -1.123139e-06 2.659847e-08)
(0.00242134 -1.087285e-06 2.473431e-08)
(0.002422937 -1.052694e-06 2.296462e-08)
(0.002424484 -1.01931e-06 2.133939e-08)
(0.002425982 -9.870782e-07 1.982075e-08)
(0.002427433 -9.559515e-07 1.841201e-08)
(0.002428838 -9.258826e-07 1.712004e-08)
(0.0024302 -8.968274e-07 1.594178e-08)
(0.002431519 -8.68743e-07 1.487173e-08)
(0.002432797 -8.415893e-07 1.390726e-08)
(0.002434035 -8.153271e-07 1.304392e-08)
(0.002435235 -7.899198e-07 1.227739e-08)
(0.002436398 -7.653311e-07 1.160238e-08)
(0.002437525 -7.415249e-07 1.102004e-08)
(0.002224213 -9.833702e-07 4.030835e-08)
(0.002225665 -9.527276e-07 3.764285e-08)
(0.002227072 -9.231325e-07 3.51102e-08)
(0.002228435 -8.945371e-07 3.261995e-08)
(0.002229757 -8.668967e-07 3.026393e-08)
(0.002231037 -8.401706e-07 2.805885e-08)
(0.002232278 -8.143214e-07 2.600024e-08)
(0.00223348 -7.893135e-07 2.409031e-08)
(0.002234646 -7.651128e-07 2.232901e-08)
(0.002235776 -7.416871e-07 2.071185e-08)
(0.002236871 -7.190053e-07 1.9234e-08)
(0.002237933 -6.970384e-07 1.788927e-08)
(0.002238963 -6.757579e-07 1.667211e-08)
(0.002239961 -6.55136e-07 1.557646e-08)
(0.002240928 -6.351485e-07 1.459906e-08)
(0.00192428 -7.514097e-07 3.957386e-08)
(0.001925399 -7.290612e-07 3.703642e-08)
(0.001926486 -7.074154e-07 3.462692e-08)
(0.001927539 -6.864426e-07 3.220056e-08)
(0.001928561 -6.661145e-07 2.987364e-08)
(0.001929552 -6.464052e-07 2.768972e-08)
(0.001930514 -6.272916e-07 2.564441e-08)
(0.001931447 -6.087513e-07 2.373897e-08)
(0.001932352 -5.907631e-07 2.197598e-08)
(0.00193323 -5.733067e-07 2.035228e-08)
(0.001934081 -5.563633e-07 1.886265e-08)
(0.001934908 -5.399141e-07 1.750112e-08)
(0.001935709 -5.239416e-07 1.626198e-08)
(0.001936487 -5.084282e-07 1.513966e-08)
(0.001937242 -4.933611e-07 1.412972e-08)
(0.001516364 -5.035012e-07 2.879563e-08)
(0.001517124 -4.895438e-07 2.707959e-08)
(0.001517862 -4.759598e-07 2.539737e-08)
(0.001518579 -4.62737e-07 2.364244e-08)
(0.001519275 -4.498626e-07 2.19408e-08)
(0.001519952 -4.373255e-07 2.034106e-08)
(0.001520609 -4.251152e-07 1.884101e-08)
(0.001521247 -4.132219e-07 1.744238e-08)
(0.001521867 -4.016359e-07 1.614785e-08)
(0.001522469 -3.903486e-07 1.495536e-08)
(0.001523054 -3.793511e-07 1.386022e-08)
(0.001523621 -3.686352e-07 1.285774e-08)
(0.001524173 -3.581927e-07 1.194372e-08)
(0.001524708 -3.480157e-07 1.111437e-08)
(0.001525228 -3.381014e-07 1.036625e-08)
(0.0009987494 -2.721381e-07 1.374431e-08)
(0.000999167 -2.653499e-07 1.305168e-08)
(0.0009995738 -2.586888e-07 1.229272e-08)
(0.0009999698 -2.521549e-07 1.144504e-08)
(0.001000355 -2.457465e-07 1.062133e-08)
(0.00100073 -2.394618e-07 9.853205e-09)
(0.001001095 -2.332995e-07 9.135376e-09)
(0.00100145 -2.27258e-07 8.467539e-09)
(0.001001795 -2.213359e-07 7.851e-09)
(0.00100213 -2.155316e-07 7.283908e-09)
(0.001002457 -2.09844e-07 6.763178e-09)
(0.001002774 -2.042713e-07 6.286517e-09)
(0.001003083 -1.988121e-07 5.851925e-09)
(0.001003383 -1.934659e-07 5.458033e-09)
(0.001003675 -1.882367e-07 5.102979e-09)
(0.0003701471 -7.681018e-08 1.606121e-09)
(0.0003702686 -7.525162e-08 1.585162e-09)
(0.0003703874 -7.369373e-08 1.492269e-09)
(0.0003705034 -7.213959e-08 1.378255e-09)
(0.0003706167 -7.059084e-08 1.279513e-09)
(0.0003707271 -6.904902e-08 1.192086e-09)
(0.0003708348 -6.751563e-08 1.110561e-09)
(0.0003709398 -6.599215e-08 1.035186e-09)
(0.0003710422 -6.447994e-08 9.663947e-10)
(0.000371142 -6.298037e-08 9.032955e-10)
(0.0003712393 -6.149446e-08 8.455862e-10)
(0.000371334 -6.002325e-08 7.926509e-10)
(0.0003714263 -5.856792e-08 7.445416e-10)
(0.0003715163 -5.713036e-08 7.010293e-10)
(0.0003716038 -5.571512e-08 6.619994e-10)
)
;
    }
    procBoundary5to8
    {
        type            processor;
        value           nonuniform List<vector> 
217
(
(0.0003690445 5.06908e-08 1.908021e-07)
(0.0009258134 8.554896e-07 3.507656e-07)
(0.001341795 2.32313e-06 4.320373e-07)
(0.001650179 4.302179e-06 4.777328e-07)
(0.001876502 6.624819e-06 4.910496e-07)
(0.002039976 9.023044e-06 4.690017e-07)
(0.002039976 9.023044e-06 4.690017e-07)
(0.002156676 1.179728e-05 4.417064e-07)
(0.002234568 1.350619e-05 3.546194e-07)
(0.002284786 1.443588e-05 2.573156e-07)
(0.00231505 1.448878e-05 1.644298e-07)
(0.002331642 1.368619e-05 8.590012e-08)
(0.002339491 1.213612e-05 2.603878e-08)
(0.002339491 1.213612e-05 2.603878e-08)
(0.002340203 1.040805e-05 -1.830163e-08)
(0.002400032 1.054384e-05 -1.06373e-08)
(0.00234015 7.714397e-06 -4.553239e-08)
(0.0003755159 5.661009e-08 1.551511e-07)
(0.0009445433 9.174575e-07 2.864103e-07)
(0.001371123 2.476793e-06 3.528114e-07)
(0.001688092 4.574465e-06 3.915468e-07)
(0.001921044 7.032504e-06 4.039181e-07)
(0.002089419 9.567626e-06 3.87533e-07)
(0.002089419 9.567626e-06 3.87533e-07)
(0.002209616 1.250359e-05 3.669669e-07)
(0.002289791 1.43026e-05 2.961804e-07)
(0.002341405 1.52746e-05 2.162585e-07)
(0.00237243 1.531858e-05 1.39445e-07)
(0.002389363 1.445946e-05 7.415708e-08)
(0.002397301 1.281347e-05 2.417871e-08)
(0.002400032 1.054384e-05 -1.06373e-08)
(0.002400032 1.054384e-05 -1.06373e-08)
(0.002397714 8.139759e-06 -3.549263e-08)
(0.002442531 8.133438e-06 -2.183159e-08)
(0.002441772 4.993093e-06 -3.142769e-08)
(0.0003802271 6.128693e-08 1.127577e-07)
(0.0009582027 9.652252e-07 2.090724e-07)
(0.001392554 2.594956e-06 2.568925e-07)
(0.001715847 4.783872e-06 2.865972e-07)
(0.001953696 7.345968e-06 2.974146e-07)
(0.002125699 9.986361e-06 2.876445e-07)
(0.002125699 9.986361e-06 2.876445e-07)
(0.002248484 1.304679e-05 2.750535e-07)
(0.002330344 1.491498e-05 2.241231e-07)
(0.002382985 1.591931e-05 1.654753e-07)
(0.002414565 1.595616e-05 1.08388e-07)
(0.00243174 1.505334e-05 5.938582e-08)
(0.002439736 1.333344e-05 2.158234e-08)
(0.002442433 1.096732e-05 -4.925458e-09)
(0.002442531 8.133438e-06 -2.183159e-08)
(0.002441772 4.993093e-06 -3.142769e-08)
(0.0003832185 6.458313e-08 6.538797e-08)
(0.0009668873 9.970961e-07 1.221778e-07)
(0.001406202 2.673378e-06 1.485942e-07)
(0.001733549 4.922898e-06 1.676813e-07)
(0.001974544 7.553972e-06 1.764502e-07)
(0.002148883 1.026427e-05 1.739605e-07)
(0.002148883 1.026427e-05 1.739605e-07)
(0.002273332 1.340742e-05 1.702295e-07)
(0.002356276 1.532161e-05 1.417895e-07)
(0.002409574 1.634742e-05 1.073178e-07)
(0.002441506 1.637951e-05 7.269169e-08)
(0.002458833 1.544759e-05 4.226088e-08)
(0.002466862 1.367854e-05 1.835781e-08)
(0.002469532 1.124832e-05 1.346402e-09)
(0.002469586 8.340167e-06 -9.633431e-09)
(0.002468787 5.119307e-06 -1.592732e-08)
(0.0003845146 6.643936e-08 1.502642e-08)
(0.000970657 1.011968e-06 2.972406e-08)
(0.001412139 2.709225e-06 3.297157e-08)
(0.001741264 4.986525e-06 4.046394e-08)
(0.001983645 7.648972e-06 4.685122e-08)
(0.002159013 1.039127e-05 5.19841e-08)
(0.002159013 1.039127e-05 5.19841e-08)
(0.002284196 1.357239e-05 5.757493e-08)
(0.002367617 1.550785e-05 5.316392e-08)
(0.002421204 1.65437e-05 4.458882e-08)
(0.002453288 1.657375e-05 3.406309e-08)
(0.002470679 1.562858e-05 2.358598e-08)
(0.002478719 1.383701e-05 1.463574e-08)
(0.002481377 1.137737e-05 7.849952e-09)
(0.002481408 8.435107e-06 3.257811e-09)
(0.002480591 5.177268e-06 5.272425e-10)
(0.0003841256 6.692931e-08 -3.633295e-08)
(0.0009695368 1.009406e-06 -6.395757e-08)
(0.001410396 2.701211e-06 -8.443168e-08)
(0.001739022 4.972477e-06 -8.880066e-08)
(0.001981022 7.62753e-06 -8.491507e-08)
(0.00215611 1.036276e-05 -7.215688e-08)
(0.00215611 1.036276e-05 -7.215688e-08)
(0.002281092 1.35357e-05 -5.723931e-08)
(0.002364382 1.546698e-05 -3.729933e-08)
(0.002417888 1.650114e-05 -1.957371e-08)
(0.002449926 1.653207e-05 -5.583161e-09)
(0.002467296 1.559003e-05 4.266561e-09)
(0.002475329 1.380344e-05 1.057024e-08)
(0.002477987 1.135011e-05 1.422739e-08)
(0.002478023 8.415086e-06 1.616656e-08)
(0.002477209 5.165054e-06 1.708408e-08)
(0.0003820477 6.633396e-08 -8.671438e-08)
(0.0009635181 9.897137e-07 -1.552554e-07)
(0.001400962 2.649678e-06 -1.983796e-07)
(0.001726814 4.881358e-06 -2.14212e-07)
(0.001966668 7.49051e-06 -2.126987e-07)
(0.002140168 1.017985e-05 -1.926253e-07)
(0.002140168 1.017985e-05 -1.926253e-07)
(0.002264016 1.329877e-05 -1.687971e-07)
(0.002346568 1.520056e-05 -1.253447e-07)
(0.002399623 1.622137e-05 -8.217118e-08)
(0.002431418 1.625602e-05 -4.441913e-08)
(0.00244868 1.533339e-05 -1.483397e-08)
(0.002456687 1.357905e-05 6.307147e-09)
(0.002459359 1.116754e-05 2.01383e-08)
(0.002459423 8.280823e-06 2.845008e-08)
(0.002458635 5.0831e-06 3.293279e-08)
(0.0003752471 6.373612e-08 -1.712266e-07)
(0.0009438252 9.251431e-07 -3.125137e-07)
(0.001370103 2.482501e-06 -3.922978e-07)
(0.001686889 4.585289e-06 -4.279525e-07)
(0.001919732 7.045828e-06 -4.305057e-07)
(0.002088041 9.586004e-06 -3.982882e-07)
(0.002088041 9.586004e-06 -3.982882e-07)
(0.002208187 1.252908e-05 -3.596347e-07)
(0.002288326 1.433426e-05 -2.763562e-07)
(0.002339911 1.531077e-05 -1.899021e-07)
(0.002370909 1.535676e-05 -1.116224e-07)
(0.002387819 1.449672e-05 -4.827765e-08)
(0.00239574 1.284713e-05 -1.69698e-09)
(0.002398457 1.057176e-05 2.962797e-08)
(0.002398612 7.842566e-06 4.892359e-08)
(0.002397908 4.81554e-06 5.956692e-08)
(0.0003535464 4.575748e-08 -2.479389e-07)
(0.0008812273 7.314821e-07 -4.586751e-07)
(0.001272408 2.000934e-06 -5.660345e-07)
(0.001560926 3.73279e-06 -6.178253e-07)
(0.001772027 5.769483e-06 -6.233196e-07)
(0.001924286 7.882433e-06 -5.809149e-07)
(0.001924286 7.882433e-06 -5.809149e-07)
(0.00203298 1.032167e-05 -5.303136e-07)
(0.002105627 1.184647e-05 -4.127471e-07)
(0.002152604 1.269123e-05 -2.885294e-07)
(0.002181064 1.276484e-05 -1.744878e-07)
(0.002196809 1.208058e-05 -8.102473e-08)
(0.002204388 1.072977e-05 -1.153691e-08)
(0.002207191 8.845729e-06 3.570017e-08)
(0.002207586 6.571438e-06 6.507568e-08)
(0.002207114 4.038907e-06 8.141855e-08)
(0.0003185497 2.257064e-08 -2.56442e-07)
(0.0007812883 4.880994e-07 -4.68225e-07)
(0.001117964 1.39393e-06 -5.692122e-07)
(0.001363391 2.654318e-06 -6.175353e-07)
(0.001541762 4.152491e-06 -6.216359e-07)
(0.00167001 5.720585e-06 -5.799363e-07)
(0.00167001 5.720585e-06 -5.799363e-07)
(0.001761569 7.518941e-06 -5.311463e-07)
(0.001390679 4.476681e-06 -3.665528e-07)
(0.00182293 8.679599e-06 -4.152584e-07)
(0.001437618 5.22665e-06 -2.887301e-07)
(0.001862856 9.346964e-06 -2.921566e-07)
(0.001468523 5.686297e-06 -2.052922e-07)
(0.001887304 9.445664e-06 -1.785866e-07)
(0.001487813 5.799862e-06 -1.276148e-07)
(0.001901078 8.977122e-06 -8.507467e-08)
(0.001499022 5.557963e-06 -6.307785e-08)
(0.00190794 8.002441e-06 -1.525737e-08)
(0.001504913 4.99001e-06 -1.445698e-08)
(0.001910697 6.617081e-06 3.238705e-08)
(0.001507564 4.150407e-06 1.902696e-08)
(0.001911326 4.927039e-06 6.211397e-08)
(0.001508454 3.104216e-06 4.010966e-08)
(0.001911122 3.0329e-06 7.869816e-08)
(0.001508565 1.916603e-06 5.197142e-08)
(0.000267447 3.972443e-10 -1.993449e-07)
(0.0006383335 2.500939e-07 -3.549191e-07)
(0.0009007597 7.914149e-07 -4.238155e-07)
(0.001089114 1.57465e-06 -4.556388e-07)
(0.00122489 2.524864e-06 -4.568669e-07)
(0.00132216 3.534547e-06 -4.25886e-07)
(0.001390679 4.476681e-06 -3.665528e-07)
(0.001437618 5.22665e-06 -2.887301e-07)
(0.001468523 5.686297e-06 -2.052922e-07)
(0.001487813 5.799862e-06 -1.276148e-07)
(0.001499022 5.557963e-06 -6.307785e-08)
(0.001504913 4.99001e-06 -1.445698e-08)
(0.001507564 4.150407e-06 1.902696e-08)
(0.001508454 3.104216e-06 4.010966e-08)
(0.001508565 1.916603e-06 5.197142e-08)
(0.0001945322 -1.402788e-08 -1.04766e-07)
(0.0004428059 6.876836e-08 -1.779872e-07)
(0.0006117097 3.080762e-07 -2.069391e-07)
(0.0007307703 6.846296e-07 -2.195131e-07)
(0.000815885 1.159632e-06 -2.188509e-07)
(0.0008766587 1.677512e-06 -2.03543e-07)
(0.000919465 2.173132e-06 -1.749596e-07)
(0.0009488693 2.581123e-06 -1.376172e-07)
(0.0009683409 2.847435e-06 -9.764628e-08)
(0.0009806127 2.938138e-06 -6.050577e-08)
(0.0009878546 2.842944e-06 -2.97353e-08)
(0.0009917607 2.572738e-06 -6.643405e-09)
(0.0009936068 2.153299e-06 9.179238e-09)
(0.0009943065 1.618021e-06 1.908151e-08)
(0.0009944708 1.002074e-06 2.461679e-08)
(8.706036e-05 -1.474652e-08 -1.794087e-08)
(0.0001788788 -1.832872e-08 -2.358903e-08)
(0.0002378765 2.19123e-08 -2.505983e-08)
(0.0002787324 1.057089e-07 -2.569773e-08)
(0.0003077588 2.223852e-07 -2.533734e-08)
(0.0003284431 3.569082e-07 -2.341771e-08)
(0.0003430172 4.921838e-07 -1.998616e-08)
(0.0003530513 6.10333e-07 -1.554495e-08)
(0.0003597254 6.953348e-07 -1.084558e-08)
(0.000363962 7.356671e-07 -6.540779e-09)
(0.0003664903 7.259889e-07 -3.040586e-09)
(0.0003678792 6.67159e-07 -4.72929e-10)
(0.0003685576 5.649396e-07 1.238706e-09)
(0.0003688338 4.280798e-07 2.276793e-09)
(0.0003689149 2.665618e-07 2.837987e-09)
)
;
    }
    procBoundary5to9
    {
        type            processor;
        value           nonuniform List<vector> 
36
(
(0.001979288 9.819682e-06 4.026205e-07)
(0.002075731 7.757898e-06 -2.340054e-08)
(0.002076258 5.769001e-06 -5.482902e-08)
(0.0003505707 3.597739e-08 2.364968e-07)
(0.0008725575 6.981815e-07 4.304439e-07)
(0.001258774 1.932016e-06 5.280394e-07)
(0.001543261 3.608926e-06 5.803108e-07)
(0.001751251 5.586416e-06 5.935443e-07)
(0.001901211 7.635599e-06 5.639047e-07)
(0.002006892 9.497391e-06 4.942278e-07)
(0.002006892 9.497391e-06 4.942278e-07)
(0.002006892 9.497391e-06 4.942278e-07)
(0.002079848 1.147595e-05 4.214464e-07)
(0.002126171 1.22957e-05 3.037719e-07)
(0.002154274 1.236899e-05 1.922236e-07)
(0.002169861 1.170844e-05 9.842836e-08)
(0.0021774 1.040169e-05 2.72404e-08)
(0.0021774 1.040169e-05 2.72404e-08)
(0.002178461 8.925534e-06 -2.587402e-08)
(0.002178626 6.623643e-06 -5.801979e-08)
(0.0003607555 4.372961e-08 2.182683e-07)
(0.0009018777 7.815271e-07 3.9941e-07)
(0.001304414 2.139411e-06 4.911979e-07)
(0.001601964 3.976604e-06 5.414543e-07)
(0.001819954 6.137238e-06 5.550551e-07)
(0.001977277 8.371668e-06 5.285311e-07)
(0.001977277 8.371668e-06 5.285311e-07)
(0.002089591 1.095256e-05 4.96035e-07)
(0.002164613 1.255333e-05 3.969036e-07)
(0.002213067 1.343184e-05 2.868597e-07)
(0.002242358 1.349478e-05 1.822514e-07)
(0.002258505 1.275924e-05 9.409918e-08)
(0.002266223 1.132359e-05 2.707762e-08)
(0.002266223 1.132359e-05 2.707762e-08)
(0.002267107 9.713704e-06 -2.27789e-08)
(0.00226716 7.203708e-06 -5.313464e-08)
)
;
    }
    procBoundary5to10
    {
        type            processor;
        value           nonuniform List<vector> 2((0.002178024 4.068095e-06 -7.591407e-08) (0.002177525 1.371121e-06 -8.373443e-08));
    }
    procBoundary5to11
    {
        type            processor;
        value           nonuniform List<vector> 10((0.00226645 4.422347e-06 -7.005212e-08) (0.002265889 1.490175e-06 -7.74517e-08) (0.002265889 -1.490078e-06 -7.745252e-08) (0.00226645 -4.422252e-06 -7.005485e-08) (0.002339343 4.734094e-06 -6.073311e-08) (0.002338727 1.594922e-06 -6.738816e-08) (0.002338727 -1.594825e-06 -6.738715e-08) (0.002339343 -4.734e-06 -6.073301e-08) (0.002396824 4.993664e-06 -4.830447e-08) (0.002396161 1.682121e-06 -5.392171e-08));
    }
}


// ************************************************************************* //
