/*--------------------------------*- C++ -*----------------------------------*\
| =========                 |                                                 |
| \\      /  F ield         | OpenFOAM: The Open Source CFD Toolbox           |
|  \\    /   O peration     | Version:  2406                                  |
|   \\  /    A nd           | Website:  www.openfoam.com                      |
|    \\/     M anipulation  |                                                 |
\*---------------------------------------------------------------------------*/
FoamFile
{
    version     2.0;
    format      ascii;
    arch        "LSB;label=32;scalar=64";
    class       surfaceScalarField;
    location    "320";
    object      phi;
}
// * * * * * * * * * * * * * * * * * * * * * * * * * * * * * * * * * * * * * //

dimensions      [0 3 -1 0 0 0 0];

oriented        oriented;

internalField   nonuniform List<scalar> 
15208
(
7.732962e-10
1.407198e-17
-7.299447e-14
7.737052e-10
1.437852e-17
-7.018998e-14
7.741059e-10
1.518239e-17
-6.738578e-14
7.744987e-10
1.628334e-17
-6.445774e-14
1.766627e-17
-6.212928e-14
7.748843e-10
7.706498e-10
-3.946718e-13
-8.203342e-14
7.711156e-10
-3.837074e-13
-8.208727e-14
7.715709e-10
-3.740454e-13
-8.130917e-14
7.720163e-10
-3.654746e-13
-7.987195e-14
7.724521e-10
-3.578117e-13
-7.792589e-14
7.728786e-10
-3.508987e-13
-7.559112e-14
7.732962e-10
-3.445996e-13
-7.299302e-14
7.737052e-10
-3.387981e-13
-7.019045e-14
7.74106e-10
-3.333949e-13
-6.738659e-14
7.744987e-10
-3.283089e-13
-6.445834e-14
-3.234743e-13
-6.212967e-14
7.748844e-10
7.675261e-10
-1.043897e-12
-3.682885e-14
7.680597e-10
-9.868077e-13
-5.08383e-14
7.685796e-10
-9.372971e-13
-6.141841e-14
7.690862e-10
-8.943614e-13
-6.91886e-14
7.6958e-10
-8.571059e-13
-7.465548e-14
7.700615e-10
-8.247357e-13
-7.823276e-14
7.705311e-10
-7.965483e-13
-8.026616e-14
7.709894e-10
-7.719249e-13
-8.104521e-14
7.714368e-10
-7.50322e-13
-8.081393e-14
7.718738e-10
-7.312644e-13
-7.977753e-14
7.723008e-10
-7.143387e-13
-7.81087e-14
7.727181e-10
-6.991862e-13
-7.595622e-14
7.731261e-10
-6.854975e-13
-7.343965e-14
7.735252e-10
-6.730067e-13
-7.068234e-14
7.739157e-10
-6.614871e-13
-6.774255e-14
7.742978e-10
-6.507457e-13
-6.482127e-14
7.746719e-10
-6.406254e-13
-6.179552e-14
-6.309968e-13
-5.938858e-14
7.750389e-10
7.684305e-10
-1.508591e-12
-3.779535e-14
7.6892e-10
-1.425533e-12
-5.080606e-14
7.693967e-10
-1.353505e-12
-6.046413e-14
7.698607e-10
-1.291032e-12
-6.738896e-14
7.703125e-10
-1.236805e-12
-7.208561e-14
7.707524e-10
-1.189661e-12
-7.496559e-14
7.711808e-10
-1.148575e-12
-7.637154e-14
7.715981e-10
-1.112645e-12
-7.659023e-14
7.720047e-10
-1.081082e-12
-7.586192e-14
7.72401e-10
-1.053198e-12
-7.4389e-14
7.727874e-10
-1.028391e-12
-7.234064e-14
7.731643e-10
-1.006145e-12
-6.986248e-14
7.735318e-10
-9.860112e-13
-6.707033e-14
7.738905e-10
-9.67606e-13
-6.408469e-14
7.742406e-10
-9.506033e-13
-6.096027e-14
7.745825e-10
-9.347241e-13
-5.789423e-14
7.749163e-10
-9.197467e-13
-5.476132e-14
-9.054805e-13
-5.228038e-14
7.752431e-10
7.696559e-10
-1.900598e-12
-3.119072e-14
7.700678e-10
-1.794592e-12
-4.28289e-14
7.704683e-10
-1.702684e-12
-5.126005e-14
7.708573e-10
-1.62297e-12
-5.709863e-14
7.712351e-10
-1.553761e-12
-6.084375e-14
7.716019e-10
-1.493563e-12
-6.289938e-14
7.71958e-10
-1.441065e-12
-6.360088e-14
7.723037e-10
-1.395113e-12
-6.322701e-14
7.726393e-10
-1.354701e-12
-6.201081e-14
7.729652e-10
-1.318951e-12
-6.014651e-14
7.732817e-10
-1.287103e-12
-5.77965e-14
7.735892e-10
-1.258498e-12
-5.509848e-14
7.738879e-10
-1.23257e-12
-5.216218e-14
7.741782e-10
-1.208832e-12
-4.909967e-14
7.744604e-10
-1.186873e-12
-4.596153e-14
7.74735e-10
-1.166339e-12
-4.293292e-14
7.750021e-10
-1.146956e-12
-3.989115e-14
-1.128477e-12
-3.752634e-14
7.752626e-10
7.70955e-10
-2.190473e-12
-5.145129e-15
7.712414e-10
-2.065517e-12
-1.548515e-14
7.715189e-10
-1.957258e-12
-2.284692e-14
7.717871e-10
-1.863414e-12
-2.783156e-14
7.720463e-10
-1.781966e-12
-3.092241e-14
7.722963e-10
-1.711139e-12
-3.250773e-14
7.725376e-10
-1.649374e-12
-3.29068e-14
7.727701e-10
-1.595308e-12
-3.238332e-14
7.729943e-10
-1.547752e-12
-3.115538e-14
7.732105e-10
-1.505672e-12
-2.940349e-14
7.734188e-10
-1.468171e-12
-2.727642e-14
7.736197e-10
-1.434478e-12
-2.489933e-14
7.738134e-10
-1.403926e-12
-2.236992e-14
7.740003e-10
-1.375945e-12
-1.978764e-14
7.741807e-10
-1.350053e-12
-1.71949e-14
7.743549e-10
-1.325833e-12
-1.475617e-14
7.745233e-10
-1.302977e-12
-1.235657e-14
-1.281176e-12
-1.06159e-14
7.746866e-10
7.718381e-10
-2.348055e-12
5.846392e-14
7.719335e-10
-2.209232e-12
4.828907e-14
7.720246e-10
-2.089177e-12
4.080378e-14
7.72111e-10
-1.985288e-12
3.543572e-14
7.721926e-10
-1.89528e-12
3.172899e-14
7.722693e-10
-1.817145e-12
2.93229e-14
7.723411e-10
-1.749129e-12
2.792405e-14
7.724082e-10
-1.689698e-12
2.729313e-14
7.724708e-10
-1.63752e-12
2.723441e-14
7.725289e-10
-1.591438e-12
2.758882e-14
7.72583e-10
-1.550449e-12
2.82268e-14
7.726332e-10
-1.51369e-12
2.904195e-14
7.726797e-10
-1.48042e-12
2.995216e-14
7.727229e-10
-1.45e-12
3.087694e-14
7.727629e-10
-1.421896e-12
3.178199e-14
7.728002e-10
-1.395637e-12
3.253811e-14
7.728349e-10
-1.370894e-12
3.323678e-14
-1.347306e-12
3.339905e-14
7.728676e-10
7.714314e-10
-2.347005e-12
1.812681e-13
7.712546e-10
-2.200717e-12
1.683151e-13
7.710823e-10
-2.074688e-12
1.578153e-13
7.709138e-10
-1.966067e-12
1.492348e-13
7.707487e-10
-1.872359e-12
1.421551e-13
7.705867e-10
-1.791379e-12
1.362497e-13
7.704276e-10
-1.721225e-12
1.312577e-13
7.702711e-10
-1.660239e-12
1.269685e-13
7.701174e-10
-1.606981e-12
1.232137e-13
7.699663e-10
-1.560203e-12
1.198575e-13
7.698179e-10
-1.518826e-12
1.167923e-13
7.696722e-10
-1.481922e-12
1.139314e-13
7.695292e-10
-1.448694e-12
1.112093e-13
7.693891e-10
-1.418458e-12
1.085656e-13
7.692519e-10
-1.390641e-12
1.059714e-13
7.691177e-10
-1.364737e-12
1.033449e-13
7.689864e-10
-1.340403e-12
1.007312e-13
-1.317236e-12
9.787996e-14
7.688585e-10
7.683214e-10
-2.173442e-12
3.823602e-13
7.67787e-10
-2.027605e-12
3.613321e-13
7.672724e-10
-1.902856e-12
3.427884e-13
7.667762e-10
-1.796163e-12
3.262291e-13
7.662975e-10
-1.70488e-12
3.112657e-13
7.658352e-10
-1.626706e-12
2.975999e-13
7.653886e-10
-1.559636e-12
2.849952e-13
7.649571e-10
-1.501933e-12
2.732637e-13
7.645399e-10
-1.452089e-12
2.622556e-13
7.641366e-10
-1.4088e-12
2.518523e-13
7.637468e-10
-1.370944e-12
2.419596e-13
7.633699e-10
-1.337555e-12
2.325033e-13
7.630056e-10
-1.307809e-12
2.234256e-13
7.626535e-10
-1.280998e-12
2.146801e-13
7.623131e-10
-1.256534e-12
2.062322e-13
7.619842e-10
-1.233893e-12
1.98052e-13
7.616665e-10
-1.212732e-12
1.901111e-13
-1.192629e-12
1.824674e-13
7.613594e-10
7.604278e-10
-1.8333e-12
6.635134e-13
7.594702e-10
-1.697378e-12
6.273314e-13
7.585557e-10
-1.582531e-12
5.94195e-13
7.576816e-10
-1.485625e-12
5.636015e-13
7.568455e-10
-1.403939e-12
5.351613e-13
7.560453e-10
-1.335114e-12
5.085724e-13
7.552792e-10
-1.277109e-12
4.835964e-13
7.545454e-10
-1.228157e-12
4.600418e-13
7.538422e-10
-1.186734e-12
4.377549e-13
7.531684e-10
-1.151528e-12
4.166111e-13
7.525223e-10
-1.121416e-12
3.965093e-13
7.519028e-10
-1.095435e-12
3.773674e-13
7.513087e-10
-1.072768e-12
3.591162e-13
7.507387e-10
-1.052721e-12
3.417061e-13
7.501918e-10
-1.034717e-12
3.250771e-13
7.496669e-10
-1.018249e-12
3.092444e-13
7.491631e-10
-1.002986e-12
2.940744e-13
-9.885257e-13
2.799814e-13
7.48679e-10
7.44952e-10
-1.361789e-12
1.000711e-12
7.435582e-10
-1.24603e-12
9.423676e-13
7.422376e-10
-1.150202e-12
8.883107e-13
7.409852e-10
-1.071185e-12
8.379787e-13
7.397966e-10
-1.006291e-12
7.909263e-13
7.386679e-10
-9.532023e-13
7.46802e-13
7.375954e-10
-9.099249e-13
7.053215e-13
7.365757e-10
-8.747461e-13
6.662513e-13
7.356058e-10
-8.461996e-13
6.293967e-13
7.346827e-10
-8.230341e-13
5.945943e-13
7.338038e-10
-8.04186e-13
5.617035e-13
7.329665e-10
-7.887545e-13
5.306053e-13
7.321685e-10
-7.759823e-13
5.011908e-13
7.314076e-10
-7.652315e-13
4.733807e-13
7.306818e-10
-7.559804e-13
4.470655e-13
7.299891e-10
-7.47778e-13
4.222817e-13
7.293277e-10
-7.403254e-13
3.987707e-13
-7.332873e-13
3.772787e-13
7.286951e-10
7.184114e-10
-8.184328e-13
1.331758e-12
7.1665e-10
-7.325134e-13
1.247958e-12
7.149935e-10
-6.63918e-13
1.170193e-12
7.134342e-10
-6.097376e-13
1.097793e-12
7.119652e-10
-5.674813e-13
1.030212e-12
7.1058e-10
-5.350203e-13
9.670089e-13
7.092728e-10
-5.105409e-13
9.078155e-13
7.080383e-10
-4.925026e-13
8.523205e-13
7.068714e-10
-4.796021e-13
8.00256e-13
7.057677e-10
-4.70742e-13
7.513877e-13
7.04723e-10
-4.650022e-13
7.055074e-13
7.037335e-10
-4.616153e-13
6.624309e-13
7.027954e-10
-4.599461e-13
6.219853e-13
7.019056e-10
-4.594707e-13
5.84036e-13
7.01061e-10
-4.59766e-13
5.484068e-13
7.002586e-10
-4.604823e-13
5.151213e-13
6.994959e-10
-4.613744e-13
4.838031e-13
-4.622202e-13
4.554191e-13
6.987694e-10
6.787687e-10
-3.602496e-13
1.704501e-12
6.766553e-10
-2.938896e-13
1.588784e-12
6.746845e-10
-2.43587e-13
1.481922e-12
6.728442e-10
-2.064898e-13
1.382885e-12
6.711237e-10
-1.801618e-13
1.290903e-12
6.695134e-10
-1.625325e-13
1.20533e-12
6.680046e-10
-1.518523e-13
1.125626e-12
6.665894e-10
-1.46651e-13
1.051329e-12
6.652606e-10
-1.456997e-13
9.820368e-13
6.640116e-10
-1.479767e-13
9.173927e-13
6.628364e-10
-1.526372e-13
8.570771e-13
6.617296e-10
-1.589876e-13
8.007984e-13
6.606861e-10
-1.664621e-13
7.482936e-13
6.597015e-10
-1.746035e-13
6.993124e-13
6.587714e-10
-1.830464e-13
6.536518e-13
6.578921e-10
-1.915024e-13
6.110618e-13
6.570598e-10
-1.997523e-13
5.715233e-13
6.562715e-10
-2.076217e-13
5.345693e-13
-2.150264e-13
5.012202e-13
6.555231e-10
6.167296e-10
9.389828e-14
1.827752e-12
6.146188e-10
1.193463e-13
1.697579e-12
6.12663e-10
1.34736e-13
1.577438e-12
6.108482e-10
1.420765e-13
1.466293e-12
6.091616e-10
1.430767e-13
1.363341e-12
6.07592e-10
1.391754e-13
1.267887e-12
6.061292e-10
1.315683e-13
1.179332e-12
6.047642e-10
1.212393e-13
1.097148e-12
6.034886e-10
1.089918e-13
1.020864e-12
6.022951e-10
9.547664e-14
9.500504e-13
6.01177e-10
8.121656e-14
8.843176e-13
6.00128e-10
6.662734e-14
8.233055e-13
5.991429e-10
5.203543e-14
7.666842e-13
5.982164e-10
3.769369e-14
7.14142e-13
5.973442e-10
2.379133e-14
6.654154e-13
5.96522e-10
1.047141e-14
6.202034e-13
5.95746e-10
-2.181464e-15
5.784278e-13
5.950128e-10
-1.407151e-14
5.395948e-13
-2.523397e-14
5.045906e-13
5.943185e-10
5.271045e-10
3.028292e-13
1.79446e-12
5.252619e-10
2.997391e-13
1.662173e-12
5.235641e-10
2.923729e-13
1.540173e-12
5.219969e-10
2.817738e-13
1.427546e-12
5.205476e-10
2.688252e-13
1.323528e-12
5.192051e-10
2.542591e-13
1.227429e-12
5.179593e-10
2.386676e-13
1.138629e-12
5.168015e-10
2.225219e-13
1.056568e-12
5.157236e-10
2.061924e-13
9.807329e-13
5.147184e-10
1.899657e-13
9.106501e-13
5.137797e-10
1.740605e-13
8.458854e-13
5.129016e-10
1.586399e-13
7.860359e-13
5.120791e-10
1.438215e-13
7.307328e-13
5.113075e-10
1.296871e-13
6.796276e-13
5.105826e-10
1.162858e-13
6.324221e-13
5.099006e-10
1.036489e-13
5.8879e-13
5.092581e-10
9.176704e-14
5.485989e-13
5.086519e-10
8.067687e-14
5.113789e-13
7.026909e-14
4.777559e-13
5.080787e-10
3.977741e-10
2.419605e-13
1.518633e-12
3.9644e-10
2.301188e-13
1.403751e-12
3.952164e-10
2.178671e-13
1.298074e-12
3.940919e-10
2.054656e-13
1.200859e-12
3.930561e-10
1.931287e-13
1.111425e-12
3.921002e-10
1.810226e-13
1.029142e-12
3.912162e-10
1.692708e-13
9.534297e-13
3.90397e-10
1.579606e-13
8.837542e-13
3.896364e-10
1.471511e-13
8.196247e-13
3.889289e-10
1.368784e-13
7.605909e-13
3.882696e-10
1.271616e-13
7.062388e-13
3.87654e-10
1.180063e-13
6.561882e-13
3.870783e-10
1.094074e-13
6.100913e-13
3.86539e-10
1.013528e-13
5.676251e-13
3.86033e-10
9.382134e-14
5.285089e-13
3.855574e-10
8.679331e-14
4.924511e-13
3.851096e-10
8.022558e-14
4.593013e-13
3.846875e-10
7.41259e-14
4.286824e-13
6.838482e-14
4.009263e-13
3.842885e-10
1.998462e-10
9.012432e-13
1.992462e-10
8.301123e-13
1.986988e-10
7.653081e-13
1.98198e-10
7.06271e-13
1.977386e-10
6.524693e-13
1.973163e-10
6.034094e-13
1.969269e-10
5.58644e-13
1.965671e-10
5.17768e-13
1.962338e-10
4.804159e-13
1.959244e-10
4.462578e-13
1.956366e-10
4.149966e-13
1.953682e-10
3.863638e-13
1.951175e-10
3.60119e-13
1.948828e-10
3.360413e-13
1.946627e-10
3.139424e-13
1.944559e-10
2.936278e-13
1.942611e-10
2.749891e-13
1.940775e-10
2.577854e-13
2.421372e-13
1.939037e-10
2.227106e-09
3.622799e-17
-2.581156e-13
2.228476e-09
3.739936e-17
-2.486052e-13
2.229813e-09
3.943738e-17
-2.38872e-13
2.231119e-09
4.208318e-17
-2.288138e-13
4.535014e-17
-2.202093e-13
2.232396e-09
2.218115e-09
-1.440097e-12
-2.844952e-13
2.219713e-09
-1.394212e-12
-2.861798e-13
2.221269e-09
-1.3527e-12
-2.846443e-13
2.222785e-09
-1.314946e-12
-2.805471e-13
2.224262e-09
-1.280412e-12
-2.744517e-13
2.225701e-09
-1.248627e-12
-2.668261e-13
2.227106e-09
-1.219184e-12
-2.581114e-13
2.228476e-09
-1.191728e-12
-2.486062e-13
2.229813e-09
-1.165954e-12
-2.388739e-13
2.231119e-09
-1.141605e-12
-2.288155e-13
-1.11847e-12
-2.202099e-13
2.232396e-09
2.207008e-09
-3.846546e-12
-9.932076e-14
2.208904e-09
-3.645379e-12
-1.54502e-13
2.210743e-09
-3.466923e-12
-1.966109e-13
2.212528e-09
-3.30842e-12
-2.279902e-13
2.214259e-09
-3.167393e-12
-2.505627e-13
2.215941e-09
-3.041622e-12
-2.659028e-13
2.217574e-09
-2.92913e-12
-2.753215e-13
2.219161e-09
-2.828159e-12
-2.799173e-13
2.220704e-09
-2.737154e-12
-2.806133e-13
2.222204e-09
-2.654742e-12
-2.78188e-13
2.223664e-09
-2.579717e-12
-2.732961e-13
2.225085e-09
-2.511025e-12
-2.664978e-13
2.226469e-09
-2.447742e-12
-2.582562e-13
2.227817e-09
-2.38907e-12
-2.490083e-13
2.229131e-09
-2.334316e-12
-2.39047e-13
2.230412e-09
-2.282882e-12
-2.289316e-13
2.231662e-09
-2.234271e-12
-2.185581e-13
-2.188068e-12
-2.097072e-13
2.232882e-09
2.209781e-09
-5.604124e-12
-9.995506e-14
2.211545e-09
-5.308784e-12
-1.516463e-13
2.213255e-09
-5.046651e-12
-1.905401e-13
2.214911e-09
-4.813669e-12
-2.189787e-13
2.216517e-09
-4.606199e-12
-2.388798e-13
2.218073e-09
-4.420988e-12
-2.518095e-13
2.219582e-09
-4.255145e-12
-2.590689e-13
2.221045e-09
-4.106104e-12
-2.617452e-13
2.222464e-09
-3.971597e-12
-2.607497e-13
2.223842e-09
-3.849628e-12
-2.568488e-13
2.225179e-09
-3.738445e-12
-2.506855e-13
2.226477e-09
-3.636514e-12
-2.428071e-13
2.227739e-09
-3.542498e-12
-2.336648e-13
2.228964e-09
-3.455237e-12
-2.236831e-13
2.230156e-09
-3.373729e-12
-2.131435e-13
2.231315e-09
-3.297108e-12
-2.025911e-13
2.232442e-09
-3.224661e-12
-1.919136e-13
-3.155778e-12
-1.828772e-13
2.233541e-09
2.213554e-09
-7.147519e-12
-7.158182e-14
2.215086e-09
-6.765457e-12
-1.185668e-13
2.216568e-09
-6.426161e-12
-1.532668e-13
2.218e-09
-6.124368e-12
-1.780089e-13
2.219383e-09
-5.855374e-12
-1.946895e-13
2.220719e-09
-5.614983e-12
-2.048494e-13
2.222009e-09
-5.399476e-12
-2.09763e-13
2.223256e-09
-5.205559e-12
-2.104902e-13
2.22446e-09
-5.030326e-12
-2.079153e-13
2.225625e-09
-4.871225e-12
-2.02777e-13
2.22675e-09
-4.726015e-12
-1.956922e-13
2.227838e-09
-4.592739e-12
-1.871818e-13
2.228891e-09
-4.469694e-12
-1.776724e-13
2.22991e-09
-4.355397e-12
-1.675621e-13
2.230896e-09
-4.248574e-12
-1.571115e-13
2.231851e-09
-4.148116e-12
-1.468337e-13
2.232776e-09
-4.053128e-12
-1.366081e-13
-3.962816e-12
-1.281362e-13
2.233673e-09
2.217598e-09
-8.382244e-12
2.843877e-14
2.218755e-09
-7.923433e-12
-1.429091e-14
2.219867e-09
-7.515843e-12
-4.553201e-14
2.220935e-09
-7.153128e-12
-6.756458e-14
2.221961e-09
-6.829634e-12
-8.22322e-14
2.222945e-09
-6.54034e-12
-9.102064e-14
2.223888e-09
-6.280798e-12
-9.514872e-14
2.224793e-09
-6.047083e-12
-9.562307e-14
2.225661e-09
-5.835739e-12
-9.327606e-14
2.226493e-09
-5.643729e-12
-8.879713e-14
2.227291e-09
-5.468395e-12
-8.275583e-14
2.228056e-09
-5.307413e-12
-7.562787e-14
2.22879e-09
-5.158763e-12
-6.779746e-14
2.229496e-09
-5.020683e-12
-5.961928e-14
2.230173e-09
-4.891665e-12
-5.131989e-14
2.230824e-09
-4.770384e-12
-4.335493e-14
2.23145e-09
-4.655796e-12
-3.559985e-14
-4.546928e-12
-2.959548e-14
2.232053e-09
2.220458e-09
-9.201783e-12
2.637186e-13
2.221041e-09
-8.679551e-12
2.210166e-13
2.221593e-09
-8.215806e-12
1.888182e-13
2.222114e-09
-7.803256e-12
1.649382e-13
2.222604e-09
-7.435427e-12
1.476277e-13
2.223064e-09
-7.106588e-12
1.354948e-13
2.223495e-09
-6.811674e-12
1.274098e-13
2.223899e-09
-6.546226e-12
1.2245e-13
2.224277e-09
-6.306318e-12
1.19862e-13
2.22463e-09
-6.088508e-12
1.190299e-13
2.224961e-09
-5.889784e-12
1.194522e-13
2.225269e-09
-5.707511e-12
1.207174e-13
2.225557e-09
-5.539399e-12
1.224989e-13
2.225826e-09
-5.383449e-12
1.245024e-13
2.226078e-09
-5.237951e-12
1.265434e-13
2.226313e-09
-5.101391e-12
1.282562e-13
2.226533e-09
-4.972604e-12
1.297478e-13
-4.850446e-12
1.297913e-13
2.22674e-09
2.219529e-09
-9.498209e-12
7.095149e-13
2.219293e-09
-8.930969e-12
6.562783e-13
2.21905e-09
-8.428185e-12
6.12761e-13
2.218801e-09
-7.981748e-12
5.769075e-13
2.218545e-09
-7.584487e-12
5.470948e-13
2.218283e-09
-7.230072e-12
5.220484e-13
2.218015e-09
-6.912926e-12
5.007481e-13
2.217741e-09
-6.62814e-12
4.823719e-13
2.217463e-09
-6.371402e-12
4.662577e-13
2.217182e-09
-6.138933e-12
4.518725e-13
2.216897e-09
-5.927426e-12
4.387896e-13
2.216611e-09
-5.733992e-12
4.266662e-13
2.216324e-09
-5.556117e-12
4.152349e-13
2.216036e-09
-5.391608e-12
4.042651e-13
2.215749e-09
-5.238588e-12
3.936088e-13
2.215464e-09
-5.095386e-12
3.830141e-13
2.21518e-09
-4.960743e-12
3.725313e-13
-4.833364e-12
3.614333e-13
2.214899e-09
2.210584e-09
-9.185868e-12
1.42908e-12
2.209267e-09
-8.59938e-12
1.346769e-12
2.207989e-09
-8.081652e-12
1.274329e-12
2.206747e-09
-7.623891e-12
1.209816e-12
2.205541e-09
-7.218352e-12
1.151709e-12
2.204368e-09
-6.858221e-12
1.098828e-12
2.203227e-09
-6.537507e-12
1.050238e-12
2.202118e-09
-6.250951e-12
1.005191e-12
2.20104e-09
-5.99394e-12
9.630928e-13
2.199991e-09
-5.762438e-12
9.234667e-13
2.198973e-09
-5.552918e-12
8.859345e-13
2.197984e-09
-5.362303e-12
8.501949e-13
2.197023e-09
-5.187922e-12
8.160114e-13
2.19609e-09
-5.027445e-12
7.831926e-13
2.195185e-09
-4.878882e-12
7.515942e-13
2.194307e-09
-4.740461e-12
7.210794e-13
2.193456e-09
-4.610857e-12
6.915772e-13
-4.488685e-12
6.630299e-13
2.19263e-09
2.187382e-09
-8.233958e-12
2.42648e-12
2.184782e-09
-7.662907e-12
2.29061e-12
2.18229e-09
-7.162394e-12
2.166568e-12
2.179901e-09
-6.723127e-12
2.052403e-12
2.177608e-09
-6.33696e-12
1.946593e-12
2.175407e-09
-5.996756e-12
1.847951e-12
2.173294e-09
-5.696265e-12
1.755536e-12
2.171264e-09
-5.430019e-12
1.668591e-12
2.169315e-09
-5.193239e-12
1.586508e-12
2.167442e-09
-4.981761e-12
1.508792e-12
2.165643e-09
-4.791961e-12
1.435043e-12
2.163913e-09
-4.620687e-12
1.364931e-12
2.162252e-09
-4.465217e-12
1.298187e-12
2.160654e-09
-4.323185e-12
1.234595e-12
2.159119e-09
-4.192581e-12
1.173955e-12
2.157643e-09
-4.071622e-12
1.116203e-12
2.156225e-09
-3.958978e-12
1.061072e-12
-3.853271e-12
1.009253e-12
2.15486e-09
2.141515e-09
-6.704945e-12
3.611088e-12
2.137588e-09
-6.191492e-12
3.398045e-12
2.13386e-09
-5.746428e-12
3.201049e-12
2.130317e-09
-5.36032e-12
3.01796e-12
2.126949e-09
-5.024947e-12
2.847084e-12
2.123745e-09
-4.733145e-12
2.687075e-12
2.120696e-09
-4.47868e-12
2.536844e-12
2.117792e-09
-4.256128e-12
2.3955e-12
2.115027e-09
-4.060786e-12
2.262298e-12
2.112392e-09
-3.888578e-12
2.136617e-12
2.10988e-09
-3.735986e-12
2.017925e-12
2.107484e-09
-3.599973e-12
1.905768e-12
2.105198e-09
-3.477935e-12
1.799745e-12
2.103016e-09
-3.36763e-12
1.699532e-12
2.100933e-09
-3.267164e-12
1.604787e-12
2.098943e-09
-3.174886e-12
1.515443e-12
2.097042e-09
-3.089539e-12
1.430962e-12
-3.009905e-12
1.352712e-12
2.095223e-09
2.062517e-09
-4.773818e-12
4.77113e-12
2.057465e-09
-4.361308e-12
4.469953e-12
2.052707e-09
-4.009666e-12
4.190696e-12
2.048224e-09
-3.709954e-12
3.930888e-12
2.043995e-09
-3.454434e-12
3.68853e-12
2.040003e-09
-3.236414e-12
3.461987e-12
2.036233e-09
-3.050118e-12
3.249906e-12
2.032668e-09
-2.890572e-12
3.05114e-12
2.029297e-09
-2.753504e-12
2.864706e-12
2.026105e-09
-2.635251e-12
2.689747e-12
2.023082e-09
-2.532687e-12
2.525505e-12
2.020216e-09
-2.443144e-12
2.371307e-12
2.017498e-09
-2.364362e-12
2.226538e-12
2.014918e-09
-2.294421e-12
2.090679e-12
2.012468e-09
-2.231717e-12
1.963178e-12
2.010139e-09
-2.174884e-12
1.843872e-12
2.007924e-09
-2.122856e-12
1.731929e-12
-2.074707e-12
1.629137e-12
2.005815e-09
1.944038e-09
-3.073529e-12
6.070409e-12
1.937931e-09
-2.737514e-12
5.659167e-12
1.93223e-09
-2.457844e-12
5.279329e-12
1.926902e-09
-2.22577e-12
4.927316e-12
1.921916e-09
-2.03373e-12
4.600367e-12
1.917246e-09
-1.875222e-12
4.296185e-12
1.912867e-09
-1.744674e-12
4.012837e-12
1.908757e-09
-1.63733e-12
3.748672e-12
1.904896e-09
-1.54915e-12
3.502256e-12
1.901264e-09
-1.47671e-12
3.272318e-12
1.897845e-09
-1.417117e-12
3.05772e-12
1.894624e-09
-1.367941e-12
2.85743e-12
1.891586e-09
-1.327139e-12
2.670513e-12
1.888717e-09
-1.293012e-12
2.496098e-12
1.886007e-09
-1.264143e-12
2.333429e-12
1.883444e-09
-1.239367e-12
2.181718e-12
1.881018e-09
-1.217732e-12
2.040628e-12
1.878719e-09
-1.198455e-12
1.909075e-12
-1.181e-12
1.788892e-12
1.876538e-09
1.758739e-09
-1.138428e-12
6.497201e-12
1.752623e-09
-9.615075e-13
6.036831e-12
1.746952e-09
-8.211743e-13
5.611661e-12
1.741686e-09
-7.112173e-13
5.218149e-12
1.736788e-09
-6.262795e-13
4.853479e-12
1.732228e-09
-5.61784e-13
4.515225e-12
1.727975e-09
-5.138578e-13
4.20128e-12
1.724004e-09
-4.792484e-13
3.909791e-12
1.720292e-09
-4.552392e-13
3.639099e-12
1.716817e-09
-4.395718e-13
3.387703e-12
1.713561e-09
-4.303781e-13
3.15423e-12
1.710505e-09
-4.261197e-13
2.937421e-12
1.707634e-09
-4.255373e-13
2.736115e-12
1.704933e-09
-4.276062e-13
2.549231e-12
1.70239e-09
-4.315035e-13
2.375814e-12
1.699993e-09
-4.365647e-13
2.214891e-12
1.69773e-09
-4.42298e-13
2.06594e-12
1.695591e-09
-4.482394e-13
1.927744e-12
-4.54231e-13
1.801803e-12
1.693567e-09
1.491039e-09
1.021768e-13
6.333078e-12
1.485718e-09
1.515098e-13
5.869403e-12
1.480812e-09
1.839534e-13
5.441394e-12
1.47628e-09
2.027916e-13
5.045947e-12
1.472086e-09
2.108541e-13
4.680438e-12
1.468198e-09
2.105331e-13
4.3425e-12
1.464589e-09
2.038141e-13
4.03e-12
1.461233e-09
1.923258e-13
3.741003e-12
1.458108e-09
1.773933e-13
3.473735e-12
1.455192e-09
1.600857e-13
3.226568e-12
1.452468e-09
1.4126e-13
2.997999e-12
1.44992e-09
1.215966e-13
2.786639e-12
1.447532e-09
1.016292e-13
2.591206e-12
1.445292e-09
8.177192e-14
2.410507e-12
1.443187e-09
6.23328e-14
2.243478e-12
1.441207e-09
4.354971e-14
2.089062e-12
1.439341e-09
2.554832e-14
1.946595e-12
1.437581e-09
8.522188e-15
1.814858e-12
-7.645383e-15
1.694772e-12
1.435917e-09
1.105518e-09
4.280386e-13
5.342333e-12
1.101717e-09
4.154546e-13
4.941542e-12
1.098226e-09
3.996942e-13
4.57239e-12
1.095016e-09
3.816697e-13
4.232381e-12
1.092057e-09
3.621563e-13
3.919225e-12
1.089324e-09
3.417854e-13
3.630791e-12
1.086795e-09
3.210575e-13
3.365111e-12
1.08445e-09
3.003601e-13
3.12037e-12
1.082273e-09
2.79988e-13
2.894896e-12
1.080246e-09
2.601599e-13
2.68715e-12
1.078357e-09
2.410341e-13
2.495716e-12
1.076593e-09
2.227204e-13
2.319292e-12
1.074942e-09
2.05289e-13
2.156681e-12
1.073396e-09
1.887805e-13
2.006777e-12
1.071945e-09
1.732047e-13
1.868594e-12
1.070581e-09
1.585631e-13
1.741171e-12
1.069298e-09
1.448018e-13
1.623849e-12
1.068087e-09
1.319613e-13
1.515595e-12
1.198495e-13
1.416753e-12
1.066944e-09
5.22659e-10
3.111099e-12
5.210348e-10
2.869816e-12
5.195506e-10
2.649196e-12
5.18191e-10
2.447509e-12
5.169425e-10
2.263102e-12
5.157933e-10
2.09443e-12
5.147329e-10
1.94008e-12
5.137523e-10
1.798763e-12
5.128434e-10
1.669309e-12
5.119991e-10
1.550655e-12
5.112133e-10
1.441838e-12
5.104804e-10
1.341983e-12
5.097955e-10
1.250299e-12
5.091543e-10
1.166063e-12
5.085528e-10
1.088638e-12
5.079876e-10
1.017407e-12
5.074555e-10
9.519296e-13
5.069537e-10
8.915484e-13
8.362793e-13
5.064794e-10
3.588215e-09
5.423902e-17
-5.223236e-13
3.590689e-09
5.624079e-17
-5.038294e-13
3.593099e-09
5.925825e-17
-4.845849e-13
3.595446e-09
6.301113e-17
-4.646564e-13
6.766989e-17
-4.469159e-13
3.597735e-09
3.571828e-09
-2.739121e-12
-5.65146e-13
3.574759e-09
-2.645741e-12
-5.713473e-13
3.577605e-09
-2.560216e-12
-5.705252e-13
3.580371e-09
-2.481555e-12
-5.640931e-13
3.583058e-09
-2.408878e-12
-5.532553e-13
3.585672e-09
-2.341414e-12
-5.390236e-13
3.588215e-09
-2.278487e-12
-5.223169e-13
3.590689e-09
-2.219504e-12
-5.038299e-13
3.593099e-09
-2.163948e-12
-4.845878e-13
3.595446e-09
-2.111377e-12
-4.646584e-13
-2.061425e-12
-4.469166e-13
3.597735e-09
3.551019e-09
-7.349183e-12
-1.445008e-13
3.55457e-09
-6.976053e-12
-2.664299e-13
3.558006e-09
-6.640512e-12
-3.60208e-13
3.561331e-09
-6.338325e-12
-4.30852e-13
3.56455e-09
-6.065658e-12
-4.824832e-13
3.567668e-09
-5.819052e-12
-5.184818e-13
3.570688e-09
-5.5954e-12
-5.416596e-13
3.573616e-09
-5.391924e-12
-5.543709e-13
3.576454e-09
-5.206144e-12
-5.585948e-13
3.579207e-09
-5.035857e-12
-5.559988e-13
3.58188e-09
-4.879112e-12
-5.479886e-13
3.584474e-09
-4.734187e-12
-5.357604e-13
3.586994e-09
-4.599565e-12
-5.203167e-13
3.589443e-09
-4.473918e-12
-5.02567e-13
3.591824e-09
-4.356084e-12
-4.831952e-13
3.594139e-09
-4.245051e-12
-4.632169e-13
3.596392e-09
-4.139958e-12
-4.426906e-13
-4.040084e-12
-4.24492e-13
3.598586e-09
3.555724e-09
-1.075608e-11
-1.419709e-13
3.559058e-09
-1.020527e-11
-2.568903e-13
3.562281e-09
-9.709621e-12
-3.442166e-13
3.565395e-09
-9.262896e-12
-4.089673e-13
3.568406e-09
-8.859452e-12
-4.552538e-13
3.571315e-09
-8.494207e-12
-4.864401e-13
3.574129e-09
-8.162611e-12
-5.053181e-13
3.57685e-09
-7.860597e-12
-5.142196e-13
3.579483e-09
-7.584542e-12
-5.150995e-13
3.582031e-09
-7.331235e-12
-5.096006e-13
3.584498e-09
-7.097831e-12
-4.99104e-13
3.586888e-09
-6.881822e-12
-4.847797e-13
3.589203e-09
-6.681003e-12
-4.676057e-13
3.591447e-09
-6.493439e-12
-4.48465e-13
3.593624e-09
-6.317442e-12
-4.280186e-13
3.595735e-09
-6.151537e-12
-4.072536e-13
3.597784e-09
-5.994484e-12
-3.862102e-13
-5.845219e-12
-3.67738e-13
3.599774e-09
3.562162e-09
-1.381131e-11
-7.762661e-14
3.565114e-09
-1.309305e-11
-1.83207e-13
3.56796e-09
-1.244625e-11
-2.622267e-13
3.570701e-09
-1.186279e-11
-3.196744e-13
3.573342e-09
-1.133533e-11
-3.596205e-13
3.575886e-09
-1.085732e-11
-3.853791e-13
3.578336e-09
-1.042287e-11
-3.996885e-13
3.580696e-09
-1.002674e-11
-4.048259e-13
3.582971e-09
-9.664285e-12
-4.026911e-13
3.585163e-09
-9.331363e-12
-3.948713e-13
3.587277e-09
-9.02433e-12
-3.826938e-13
3.589315e-09
-8.739968e-12
-3.672758e-13
3.591281e-09
-8.475448e-12
-3.495431e-13
3.593179e-09
-8.228289e-12
-3.303279e-13
3.595011e-09
-7.996327e-12
-3.102435e-13
3.59678e-09
-7.777665e-12
-2.902212e-13
3.59849e-09
-7.570726e-12
-2.702703e-13
-7.374118e-12
-2.531441e-13
3.600144e-09
3.569144e-09
-1.634868e-11
1.357522e-13
3.571476e-09
-1.547687e-11
3.836473e-14
3.573709e-09
-1.469139e-11
-3.405383e-14
3.575848e-09
-1.398238e-11
-8.640073e-14
3.577894e-09
-1.3341e-11
-1.226431e-13
3.579851e-09
-1.275934e-11
-1.45986e-13
3.581722e-09
-1.223033e-11
-1.590575e-13
3.583511e-09
-1.174769e-11
-1.640279e-13
3.585222e-09
-1.130584e-11
-1.626928e-13
3.586859e-09
-1.089984e-11
-1.565399e-13
3.588424e-09
-1.052532e-11
-1.468011e-13
3.589921e-09
-1.017844e-11
-1.345015e-13
3.591354e-09
-9.855814e-12
-1.204812e-13
3.592726e-09
-9.554467e-12
-1.054852e-13
3.59404e-09
-9.271812e-12
-9.00542e-14
3.5953e-09
-9.005559e-12
-7.501607e-14
3.596508e-09
-8.753838e-12
-6.034875e-14
-8.514935e-12
-4.856149e-14
3.597668e-09
3.574289e-09
-1.816892e-11
6.265685e-13
3.575667e-09
-1.716321e-11
5.28551e-13
3.576969e-09
-1.625722e-11
4.535527e-13
3.578194e-09
-1.543957e-11
3.968598e-13
3.579346e-09
-1.470003e-11
3.546915e-13
3.580427e-09
-1.40295e-11
3.240274e-13
3.581442e-09
-1.341986e-11
3.024161e-13
3.582393e-09
-1.286389e-11
2.878551e-13
3.583283e-09
-1.23552e-11
2.787061e-13
3.584117e-09
-1.188814e-11
2.736288e-13
3.584897e-09
-1.145769e-11
2.715289e-13
3.585627e-09
-1.105945e-11
2.715096e-13
3.586311e-09
-1.068954e-11
2.72849e-13
3.58695e-09
-1.034454e-11
2.749195e-13
3.587549e-09
-1.002147e-11
2.772756e-13
3.58811e-09
-9.717682e-12
2.792418e-13
3.588637e-09
-9.431048e-12
2.808552e-13
-9.159532e-12
2.800712e-13
3.589131e-09
3.573298e-09
-1.905313e-11
1.545584e-12
3.573309e-09
-1.794313e-11
1.425397e-12
3.573282e-09
-1.694469e-11
1.326698e-12
3.57322e-09
-1.604499e-11
1.245026e-12
3.573122e-09
-1.523257e-11
1.176848e-12
3.572993e-09
-1.449723e-11
1.119375e-12
3.572833e-09
-1.382992e-11
1.070373e-12
3.572646e-09
-1.322259e-11
1.028038e-12
3.572435e-09
-1.266812e-11
9.90915e-13
3.572201e-09
-1.216021e-11
9.578298e-13
3.571947e-09
-1.169329e-11
9.278385e-13
3.571677e-09
-1.126243e-11
9.001817e-13
3.571392e-09
-1.086332e-11
8.742589e-13
3.571094e-09
-1.049213e-11
8.495654e-13
3.570786e-09
-1.014555e-11
8.257433e-13
3.570469e-09
-9.820614e-12
8.023022e-13
3.570147e-09
-9.514944e-12
7.792436e-13
-9.226219e-12
7.55254e-13
3.569819e-09
3.559163e-09
-1.880141e-11
3.015944e-12
3.557363e-09
-1.763261e-11
2.836331e-12
3.555599e-09
-1.658488e-11
2.678538e-12
3.553869e-09
-1.564408e-11
2.538321e-12
3.552174e-09
-1.479764e-11
2.412354e-12
3.550511e-09
-1.40344e-11
2.298032e-12
3.548883e-09
-1.334448e-11
2.193292e-12
3.547288e-09
-1.27191e-11
2.096482e-12
3.545727e-09
-1.215051e-11
2.006279e-12
3.544201e-09
-1.163186e-11
1.921624e-12
3.542709e-09
-1.115711e-11
1.841673e-12
3.541252e-09
-1.072092e-11
1.76575e-12
3.53983e-09
-1.031861e-11
1.693321e-12
3.538443e-09
-9.946041e-12
1.623953e-12
3.537091e-09
-9.599632e-12
1.557317e-12
3.535775e-09
-9.276165e-12
1.493093e-12
3.534494e-09
-8.97309e-12
1.431147e-12
-8.687874e-12
1.371131e-12
3.533247e-09
3.5215e-09
-1.729858e-11
5.042334e-12
3.51754e-09
-1.613694e-11
4.754507e-12
3.513731e-09
-1.510171e-11
4.492368e-12
3.510065e-09
-1.417767e-11
4.25168e-12
3.506537e-09
-1.335135e-11
4.029119e-12
3.503139e-09
-1.261086e-11
3.822081e-12
3.499867e-09
-1.194568e-11
3.628495e-12
3.496717e-09
-1.134654e-11
3.446699e-12
3.493682e-09
-1.080525e-11
3.275348e-12
3.490761e-09
-1.031461e-11
3.113355e-12
3.487947e-09
-9.868288e-12
2.959832e-12
3.485238e-09
-9.46072e-12
2.814055e-12
3.482629e-09
-9.087031e-12
2.675427e-12
3.480117e-09
-8.742944e-12
2.543464e-12
3.477698e-09
-8.424751e-12
2.417744e-12
3.475369e-09
-8.129149e-12
2.298033e-12
3.473127e-09
-7.853513e-12
2.183923e-12
-7.595268e-12
2.076126e-12
3.470968e-09
3.446288e-09
-1.459667e-11
7.434847e-12
3.440083e-09
-1.352704e-11
6.992495e-12
3.434181e-09
-1.258199e-11
6.584067e-12
3.428562e-09
-1.17458e-11
6.20499e-12
3.42321e-09
-1.100465e-11
5.851639e-12
3.418112e-09
-1.034638e-11
5.521119e-12
3.413252e-09
-9.760348e-12
5.211091e-12
3.408619e-09
-9.237184e-12
4.919633e-12
3.404199e-09
-8.768693e-12
4.645155e-12
3.399983e-09
-8.347704e-12
4.386321e-12
3.395958e-09
-7.967953e-12
4.141998e-12
3.392116e-09
-7.623975e-12
3.911218e-12
3.388447e-09
-7.311013e-12
3.693137e-12
3.384941e-09
-7.024927e-12
3.487047e-12
3.381591e-09
-6.762146e-12
3.292273e-12
3.378388e-09
-6.519531e-12
3.108506e-12
3.375326e-09
-6.294558e-12
2.934929e-12
-6.084861e-12
2.77317e-12
3.372395e-09
3.316067e-09
-1.097968e-11
9.771216e-12
3.307949e-09
-1.009296e-11
9.15324e-12
3.300296e-09
-9.318782e-12
8.580565e-12
3.293075e-09
-8.642041e-12
8.048041e-12
3.286257e-09
-8.049558e-12
7.551501e-12
3.279815e-09
-7.529836e-12
7.087526e-12
3.273724e-09
-7.072862e-12
6.653283e-12
3.267962e-09
-6.669927e-12
6.246382e-12
3.262506e-09
-6.313472e-12
5.864773e-12
3.257339e-09
-5.996946e-12
5.506676e-12
3.25244e-09
-5.714684e-12
5.170522e-12
3.247795e-09
-5.461791e-12
4.85492e-12
3.243386e-09
-5.234053e-12
4.558607e-12
3.239199e-09
-5.027841e-12
4.280492e-12
3.23522e-09
-4.840054e-12
4.019501e-12
3.231438e-09
-4.668014e-12
3.775086e-12
3.227838e-09
-4.509534e-12
3.545938e-12
-4.362717e-12
3.334208e-12
3.224411e-09
3.120012e-09
-7.719786e-12
1.238048e-11
3.110131e-09
-6.983452e-12
1.154361e-11
3.100899e-09
-6.351274e-12
1.077042e-11
3.092262e-09
-5.808457e-12
1.005381e-11
3.084174e-09
-5.342118e-12
9.388173e-12
3.076593e-09
-4.941076e-12
8.768822e-12
3.06948e-09
-4.595662e-12
8.191813e-12
3.062799e-09
-4.29754e-12
7.653781e-12
3.056519e-09
-4.039543e-12
7.151795e-12
3.05061e-09
-3.815523e-12
6.68327e-12
3.045046e-09
-3.620222e-12
6.245893e-12
3.0398e-09
-3.449148e-12
5.837574e-12
3.034851e-09
-3.298476e-12
5.456409e-12
3.030177e-09
-3.164953e-12
5.100645e-12
3.02576e-09
-3.045825e-12
4.768727e-12
3.021581e-09
-2.938761e-12
4.459125e-12
3.017624e-09
-2.841814e-12
4.170932e-12
3.013875e-09
-2.753333e-12
3.902372e-12
-2.672089e-12
3.655572e-12
3.010318e-09
2.813429e-09
-3.739729e-12
1.322176e-11
2.803509e-09
-3.315937e-12
1.22892e-11
2.794303e-09
-2.961138e-12
1.142734e-11
2.785749e-09
-2.664759e-12
1.062927e-11
2.777788e-09
-2.417602e-12
9.889365e-12
2.770371e-09
-2.211731e-12
9.202766e-12
2.763452e-09
-2.04035e-12
8.565243e-12
2.756989e-09
-1.897679e-12
7.973071e-12
2.750944e-09
-1.778821e-12
7.422915e-12
2.745284e-09
-1.67964e-12
6.911755e-12
2.739978e-09
-1.596656e-12
6.436837e-12
2.734998e-09
-1.526949e-12
5.995628e-12
2.730318e-09
-1.468074e-12
5.585798e-12
2.725915e-09
-1.417992e-12
5.205181e-12
2.721768e-09
-1.375016e-12
4.85183e-12
2.717858e-09
-1.33774e-12
4.523853e-12
2.714167e-09
-1.305056e-12
4.219988e-12
2.710679e-09
-1.27595e-12
3.93817e-12
-1.249881e-12
3.679983e-12
2.707379e-09
2.370812e-09
-8.86755e-13
1.282358e-11
2.362204e-09
-7.287917e-13
1.189029e-11
2.35426e-09
-6.040413e-13
1.102799e-11
2.346917e-09
-5.068461e-13
1.023068e-11
2.340119e-09
-4.322827e-13
9.493197e-12
2.333815e-09
-3.76136e-13
8.810885e-12
2.32796e-09
-3.348519e-13
8.179521e-12
2.322514e-09
-3.054625e-13
7.595271e-12
2.31744e-09
-2.855047e-13
7.054618e-12
2.312705e-09
-2.729449e-13
6.554328e-12
2.308281e-09
-2.661117e-13
6.091416e-12
2.304141e-09
-2.636372e-13
5.663122e-12
2.300262e-09
-2.644094e-13
5.266892e-12
2.296622e-09
-2.675279e-13
4.900358e-12
2.293201e-09
-2.722797e-13
4.561376e-12
2.289983e-09
-2.78086e-13
4.247888e-12
2.28695e-09
-2.845521e-13
3.958396e-12
2.28409e-09
-2.912286e-13
3.690777e-12
-2.981088e-13
3.44576e-12
2.281387e-09
1.735813e-09
3.186431e-13
1.077889e-11
1.729722e-09
3.270424e-13
9.976107e-12
1.724127e-09
3.278912e-13
9.235784e-12
1.718977e-09
3.228399e-13
8.55314e-12
1.714227e-09
3.133103e-13
7.923758e-12
1.709837e-09
3.004877e-13
7.343494e-12
1.705774e-09
2.8534e-13
6.808507e-12
1.702005e-09
2.686449e-13
6.31525e-12
1.698503e-09
2.510206e-13
5.860447e-12
1.695243e-09
2.329525e-13
5.441077e-12
1.692203e-09
2.148181e-13
5.054353e-12
1.689364e-09
1.969062e-13
4.697706e-12
1.686708e-09
1.794327e-13
4.368772e-12
1.68422e-09
1.625562e-13
4.065365e-12
1.681884e-09
1.463788e-13
3.785516e-12
1.679689e-09
1.309785e-13
3.527352e-12
1.677622e-09
1.16348e-13
3.289442e-12
1.675674e-09
1.025924e-13
3.069942e-12
8.950778e-14
2.868828e-12
1.673834e-09
7.89827e-10
6.188571e-12
7.873091e-10
5.714826e-12
7.850056e-10
5.280516e-12
7.828935e-10
4.882483e-12
7.809522e-10
4.517693e-12
7.791638e-10
4.183294e-12
7.775126e-10
3.876661e-12
7.759846e-10
3.595386e-12
7.745677e-10
3.337269e-12
7.73251e-10
3.100303e-12
7.72025e-10
2.882659e-12
7.708812e-10
2.682673e-12
7.698121e-10
2.498826e-12
7.68811e-10
2.329734e-12
7.678718e-10
2.174157e-12
7.669893e-10
2.030925e-12
7.661585e-10
1.899118e-12
7.65375e-10
1.777579e-12
1.666012e-12
7.646348e-10
4.856842e-09
6.900619e-17
-8.335238e-13
4.860561e-09
7.180904e-17
-8.052928e-13
4.864175e-09
7.560712e-17
-7.754517e-13
4.867688e-09
8.027527e-17
-7.443236e-13
8.599277e-17
-7.158777e-13
4.871106e-09
4.832042e-09
-4.282428e-12
-8.838575e-13
4.836499e-09
-4.129889e-12
-8.984698e-13
4.840819e-09
-3.988998e-12
-9.010337e-13
4.845007e-09
-3.858421e-12
-8.939358e-13
4.84907e-09
-3.736967e-12
-8.792054e-13
4.853013e-09
-3.623581e-12
-8.585559e-13
4.856842e-09
-3.51733e-12
-8.335153e-13
4.860561e-09
-3.417389e-12
-8.052926e-13
4.864175e-09
-3.323031e-12
-7.754552e-13
4.867688e-09
-3.233627e-12
-7.443258e-13
-3.14865e-12
-7.158785e-13
4.871106e-09
4.799871e-09
-1.151291e-11
-1.370008e-13
4.805358e-09
-1.094392e-11
-3.484793e-13
4.810659e-09
-1.042674e-11
-5.12287e-13
4.815779e-09
-9.955967e-12
-6.368674e-13
4.820727e-09
-9.526663e-12
-7.291625e-13
4.825509e-09
-9.134349e-12
-7.948757e-13
4.830133e-09
-8.774966e-12
-8.387497e-13
4.834605e-09
-8.444857e-12
-8.647557e-13
4.838934e-09
-8.140734e-12
-8.762308e-13
4.843125e-09
-7.859653e-12
-8.75988e-13
4.847184e-09
-7.598986e-12
-8.664001e-13
4.851117e-09
-7.356395e-12
-8.494825e-13
4.85493e-09
-7.129803e-12
-8.269338e-13
4.858627e-09
-6.917376e-12
-8.002663e-13
4.862215e-09
-6.717493e-12
-7.706726e-13
4.865697e-09
-6.528728e-12
-7.397034e-13
4.869078e-09
-6.349851e-12
-7.076671e-13
-6.179818e-12
-6.785365e-13
4.872363e-09
4.806566e-09
-1.690712e-11
-1.282705e-13
4.811758e-09
-1.606357e-11
-3.2861e-13
4.816765e-09
-1.529631e-11
-4.821696e-13
4.821595e-09
-1.459737e-11
-5.973947e-13
4.826254e-09
-1.395947e-11
-6.812139e-13
4.830748e-09
-1.337601e-11
-7.393056e-13
4.835085e-09
-1.284104e-11
-7.763815e-13
4.839272e-09
-1.234919e-11
-7.963774e-13
4.843314e-09
-1.189565e-11
-8.025925e-13
4.847219e-09
-1.147611e-11
-7.977998e-13
4.850992e-09
-1.108674e-11
-7.843322e-13
4.854639e-09
-1.072412e-11
-7.641638e-13
4.858166e-09
-1.038522e-11
-7.389522e-13
4.861578e-09
-1.006736e-11
-7.101687e-13
4.864879e-09
-9.76818e-12
-6.78966e-13
4.868076e-09
-9.485591e-12
-6.468534e-13
4.871171e-09
-9.217808e-12
-6.141042e-13
-8.96329e-12
-5.846591e-13
4.874172e-09
4.815785e-09
-2.181735e-11
-1.691507e-14
4.820451e-09
-2.071053e-11
-2.025428e-13
4.824939e-09
-1.970307e-11
-3.430299e-13
4.829253e-09
-1.878455e-11
-4.4678e-13
4.8334e-09
-1.794552e-11
-5.206588e-13
4.837387e-09
-1.717741e-11
-5.702682e-13
4.841219e-09
-1.647249e-11
-6.00236e-13
4.844903e-09
-1.582383e-11
-6.144117e-13
4.848446e-09
-1.522521e-11
-6.160069e-13
4.851853e-09
-1.467108e-11
-6.077067e-13
4.855132e-09
-1.415649e-11
-5.917578e-13
4.858288e-09
-1.367704e-11
-5.700489e-13
4.861326e-09
-1.322883e-11
-5.44155e-13
4.864252e-09
-1.28084e-11
-5.154645e-13
4.867072e-09
-1.24127e-11
-4.85054e-13
4.869789e-09
-1.203903e-11
-4.543463e-13
4.87241e-09
-1.16851e-11
-4.235593e-13
-1.134889e-11
-3.96506e-13
4.874939e-09
4.825919e-09
-2.59993e-11
3.375896e-13
4.829727e-09
-2.464488e-11
1.645886e-13
4.833367e-09
-2.341144e-11
3.42129e-14
4.836844e-09
-2.228629e-11
-6.180146e-14
4.840164e-09
-2.125795e-11
-1.301615e-13
4.843333e-09
-2.031604e-11
-1.762993e-13
4.846357e-09
-1.945122e-11
-2.046705e-13
4.849243e-09
-1.865512e-11
-2.189556e-13
4.851998e-09
-1.792026e-11
-2.222019e-13
4.854627e-09
-1.723994e-11
-2.169359e-13
4.857137e-09
-1.66082e-11
-2.052518e-13
4.859534e-09
-1.601974e-11
-1.888926e-13
4.861824e-09
-1.546984e-11
-1.692942e-13
4.864012e-09
-1.495434e-11
-1.477086e-13
4.866104e-09
-1.446956e-11
-1.250905e-13
4.868105e-09
-1.401221e-11
-1.027111e-13
4.87002e-09
-1.357953e-11
-8.071954e-14
-1.316901e-11
-6.261391e-14
4.871854e-09
4.833707e-09
-2.914509e-11
1.140277e-12
4.836192e-09
-2.756688e-11
9.655301e-13
4.838534e-09
-2.612999e-11
8.303426e-13
4.840737e-09
-2.481958e-11
7.267323e-13
4.842808e-09
-2.362227e-11
6.482821e-13
4.844752e-09
-2.2526e-11
5.89847e-13
4.846576e-09
-2.151996e-11
5.472488e-13
4.848286e-09
-2.059445e-11
5.170707e-13
4.849889e-09
-1.974078e-11
4.965143e-13
4.85139e-09
-1.895123e-11
4.832871e-13
4.852797e-09
-1.821888e-11
4.755134e-13
4.854115e-09
-1.753758e-11
4.716551e-13
4.855349e-09
-1.690188e-11
4.704656e-13
4.856506e-09
-1.630692e-11
4.708786e-13
4.85759e-09
-1.574841e-11
4.72097e-13
4.858606e-09
-1.522252e-11
4.730704e-13
4.85956e-09
-1.472605e-11
4.737072e-13
-1.425597e-11
4.711046e-13
4.860456e-09
4.833224e-09
-3.089613e-11
2.630343e-12
4.833797e-09
-2.91339e-11
2.419308e-12
4.83428e-09
-2.753191e-11
2.245437e-12
4.834678e-09
-2.607325e-11
2.10114e-12
4.834995e-09
-2.474272e-11
1.980385e-12
4.835236e-09
-2.352666e-11
1.87839e-12
4.835408e-09
-2.241282e-11
1.791318e-12
4.835516e-09
-2.139026e-11
1.716067e-12
4.835565e-09
-2.044916e-11
1.650128e-12
4.835561e-09
-1.958079e-11
1.591472e-12
4.835509e-09
-1.877734e-11
1.538463e-12
4.835414e-09
-1.803187e-11
1.489784e-12
4.83528e-09
-1.733819e-11
1.444383e-12
4.835112e-09
-1.669081e-11
1.401387e-12
4.834914e-09
-1.608487e-11
1.360149e-12
4.83469e-09
-1.5516e-11
1.319878e-12
4.834443e-09
-1.498058e-11
1.280479e-12
-1.44751e-11
1.239975e-12
4.834177e-09
4.814734e-09
-3.089732e-11
4.999369e-12
4.812761e-09
-2.901769e-11
4.692898e-12
4.810798e-09
-2.731462e-11
4.424107e-12
4.808847e-09
-2.576917e-11
4.185752e-12
4.806909e-09
-2.436438e-11
3.972129e-12
4.804986e-09
-2.308502e-11
3.778752e-12
4.803082e-09
-2.191752e-11
3.602053e-12
4.801199e-09
-2.084973e-11
3.439172e-12
4.799339e-09
-1.98708e-11
3.287816e-12
4.797505e-09
-1.897107e-11
3.146143e-12
4.795698e-09
-1.814193e-11
3.01268e-12
4.793922e-09
-1.737572e-11
2.886244e-12
4.792177e-09
-1.666562e-11
2.765897e-12
4.790464e-09
-1.600558e-11
2.650876e-12
4.788787e-09
-1.539027e-11
2.540596e-12
4.787144e-09
-1.481486e-11
2.434491e-12
4.785538e-09
-1.427539e-11
2.332322e-12
-1.376798e-11
2.233322e-12
4.783968e-09
4.763747e-09
-2.890282e-11
8.250042e-12
4.758722e-09
-2.700848e-11
7.771199e-12
4.753865e-09
-2.530131e-11
7.336029e-12
4.74917e-09
-2.376055e-11
6.937326e-12
4.744633e-09
-2.236769e-11
6.569415e-12
4.740249e-09
-2.11062e-11
6.227828e-12
4.736012e-09
-1.996139e-11
5.909003e-12
4.731919e-09
-1.892017e-11
5.610076e-12
4.727966e-09
-1.797089e-11
5.328734e-12
4.724148e-09
-1.710323e-11
5.0631e-12
4.720463e-09
-1.6308e-11
4.811644e-12
4.716905e-09
-1.557706e-11
4.573116e-12
4.713471e-09
-1.490321e-11
4.346486e-12
4.710158e-09
-1.428006e-11
4.130915e-12
4.706962e-09
-1.370199e-11
3.92569e-12
4.703879e-09
-1.316398e-11
3.730323e-12
4.700905e-09
-1.266186e-11
3.544234e-12
-1.219162e-11
3.367955e-12
4.698037e-09
4.660642e-09
-2.491874e-11
1.207152e-11
4.652425e-09
-2.314714e-11
1.134813e-11
4.644589e-09
-2.156259e-11
1.068108e-11
4.637114e-09
-2.014325e-11
1.006272e-11
4.629981e-09
-1.88698e-11
9.486954e-12
4.623172e-09
-1.772509e-11
8.948913e-12
4.616671e-09
-1.669397e-11
8.444644e-12
4.610462e-09
-1.576302e-11
7.970912e-12
4.604532e-09
-1.49204e-11
7.525035e-12
4.598866e-09
-1.415563e-11
7.104773e-12
4.593451e-09
-1.34595e-11
6.708227e-12
4.588275e-09
-1.282387e-11
6.333778e-12
4.583327e-09
-1.224159e-11
5.980022e-12
4.578595e-09
-1.170638e-11
5.64577e-12
4.574068e-09
-1.121273e-11
5.329929e-12
4.569736e-09
-1.075576e-11
5.031852e-12
4.56559e-09
-1.033142e-11
4.75039e-12
-9.935933e-12
4.487165e-12
4.561621e-09
4.480985e-09
-1.933081e-11
1.579253e-11
4.470033e-09
-1.783349e-11
1.479242e-11
4.459692e-09
-1.650722e-11
1.386605e-11
4.449922e-09
-1.533074e-11
1.300499e-11
4.440687e-09
-1.428536e-11
1.220239e-11
4.431951e-09
-1.335466e-11
1.145264e-11
4.423684e-09
-1.252421e-11
1.075108e-11
4.415855e-09
-1.178137e-11
1.009377e-11
4.408437e-09
-1.111503e-11
9.47737e-12
4.401404e-09
-1.051552e-11
8.898954e-12
4.394734e-09
-9.974369e-12
8.355969e-12
4.388403e-09
-9.484176e-12
7.846148e-12
4.382391e-09
-9.038503e-12
7.367451e-12
4.376679e-09
-8.631737e-12
6.918088e-12
4.371248e-09
-8.259012e-12
6.496359e-12
4.366082e-09
-7.916074e-12
6.101202e-12
4.361165e-09
-7.59935e-12
5.730759e-12
-7.30572e-12
5.387217e-12
4.356482e-09
4.209375e-09
-1.420418e-11
1.993872e-11
4.195941e-09
-1.294699e-11
1.859418e-11
4.183374e-09
-1.184815e-11
1.735151e-11
4.171608e-09
-1.088679e-11
1.619961e-11
4.160581e-09
-1.00446e-11
1.512948e-11
4.150236e-09
-9.305581e-12
1.413363e-11
4.140523e-09
-8.655779e-12
1.320571e-11
4.131396e-09
-8.083063e-12
1.234029e-11
4.12281e-09
-7.5769e-12
1.153268e-11
4.114728e-09
-7.12817e-12
1.077871e-11
4.107113e-09
-6.728983e-12
1.007469e-11
4.099931e-09
-6.372526e-12
9.417253e-12
4.093153e-09
-6.05292e-12
8.80337e-12
4.08675e-09
-5.765104e-12
8.230239e-12
4.080696e-09
-5.504727e-12
7.695352e-12
4.074968e-09
-5.268048e-12
7.196311e-12
4.069543e-09
-5.05188e-12
6.731474e-12
4.064402e-09
-4.853481e-12
6.298285e-12
-4.670715e-12
5.898798e-12
4.059523e-09
3.784615e-09
-7.639849e-12
2.124197e-11
3.771087e-09
-6.881201e-12
1.975062e-11
3.758524e-09
-6.228993e-12
1.837128e-11
3.746842e-09
-5.6682e-12
1.709335e-11
3.735964e-09
-5.185661e-12
1.590797e-11
3.725824e-09
-4.769929e-12
1.48075e-11
3.716359e-09
-4.411111e-12
1.378523e-11
3.707514e-09
-4.100703e-12
1.283528e-11
3.69924e-09
-3.831417e-12
1.195234e-11
3.691488e-09
-3.597025e-12
1.113163e-11
3.68422e-09
-3.392217e-12
1.036879e-11
3.677396e-09
-3.212469e-12
9.659799e-12
3.670981e-09
-3.05394e-12
9.000966e-12
3.664946e-09
-2.913368e-12
8.38886e-12
3.659261e-09
-2.787998e-12
7.820369e-12
3.653899e-09
-2.675495e-12
7.29253e-12
3.648838e-09
-2.573943e-12
6.803158e-12
3.644055e-09
-2.481615e-12
6.349231e-12
-2.39743e-12
5.932054e-12
3.63953e-09
3.172094e-09
-2.627972e-12
2.051426e-11
3.160382e-09
-2.30926e-12
1.902999e-11
3.149567e-09
-2.043277e-12
1.765725e-11
3.139565e-09
-1.821899e-12
1.638696e-11
3.130299e-09
-1.638009e-12
1.521112e-11
3.121703e-09
-1.485453e-12
1.41225e-11
3.113716e-09
-1.358982e-12
1.311452e-11
3.106283e-09
-1.254151e-12
1.218116e-11
3.099357e-09
-1.167214e-12
1.131694e-11
3.092892e-09
-1.095028e-12
1.051678e-11
3.08685e-09
-1.034962e-12
9.776e-12
3.081196e-09
-9.848186e-13
9.090256e-12
3.075896e-09
-9.427696e-13
8.455535e-12
3.070922e-09
-9.072959e-13
7.868111e-12
3.066248e-09
-8.771522e-13
7.324588e-12
3.06185e-09
-8.51299e-13
6.821753e-12
3.057706e-09
-8.289571e-13
6.357096e-12
3.053797e-09
-8.093245e-13
5.92747e-12
-7.921816e-13
5.533102e-12
3.050105e-09
2.297711e-09
-7.358673e-14
1.717467e-11
2.289498e-09
-2.420342e-14
1.59046e-11
2.281946e-09
1.193329e-14
1.473186e-11
2.274991e-09
3.726791e-14
1.364928e-11
2.268573e-09
5.392207e-14
1.265015e-11
2.262639e-09
6.36928e-14
1.17281e-11
2.257143e-09
6.807671e-14
1.087724e-11
2.252044e-09
6.830517e-14
1.009207e-11
2.247304e-09
6.538365e-14
9.367532e-12
2.242891e-09
6.012818e-14
8.698943e-12
2.238775e-09
5.31971e-14
8.081969e-12
2.234931e-09
4.511851e-14
7.51261e-12
2.231333e-09
3.631109e-14
6.987171e-12
2.227962e-09
2.710579e-14
6.502243e-12
2.224798e-09
1.774915e-14
6.054722e-12
2.221824e-09
8.442703e-15
5.641699e-12
2.219024e-09
-7.268891e-16
5.260813e-12
2.216385e-09
-9.555972e-15
4.909322e-12
-1.822467e-14
4.586606e-12
2.213893e-09
1.015276e-09
9.736438e-12
1.011967e-09
8.999571e-12
1.008937e-09
8.322528e-12
1.006156e-09
7.700711e-12
1.003598e-09
7.12968e-12
1.00124e-09
6.605253e-12
9.990611e-10
6.123539e-12
9.970438e-10
5.680954e-12
9.951723e-10
5.274205e-12
9.934324e-10
4.900277e-12
9.918119e-10
4.556409e-12
9.902996e-10
4.240079e-12
9.888858e-10
3.948976e-12
9.875616e-10
3.680991e-12
9.863193e-10
3.434216e-12
9.851518e-10
3.20687e-12
9.840527e-10
2.997489e-12
9.830164e-10
2.804369e-12
2.62679e-12
9.820373e-10
6.033356e-09
8.090003e-17
-1.160856e-12
6.03845e-09
8.444582e-17
-1.123525e-12
6.043392e-09
8.889998e-17
-1.083389e-12
6.048188e-09
9.435934e-17
-1.041086e-12
1.009197e-16
-1.00165e-12
6.052845e-09
5.999195e-09
-6.052351e-12
-1.203413e-12
6.005358e-09
-5.830403e-12
-1.230923e-12
6.011322e-09
-5.624068e-12
-1.240399e-12
6.017095e-09
-5.431717e-12
-1.235356e-12
6.022686e-09
-5.251887e-12
-1.21878e-12
6.028104e-09
-5.08327e-12
-1.1932e-12
6.033356e-09
-4.924696e-12
-1.160846e-12
6.03845e-09
-4.775126e-12
-1.123524e-12
6.043392e-09
-4.633634e-12
-1.083392e-12
6.048188e-09
-4.499407e-12
-1.041089e-12
-4.371757e-12
-1.00165e-12
6.052845e-09
5.954123e-09
-1.627286e-11
-5.102896e-14
5.961807e-09
-1.548975e-11
-3.70616e-13
5.96922e-09
-1.477149e-11
-6.198149e-13
5.97637e-09
-1.411187e-11
-8.110023e-13
5.98327e-09
-1.350514e-11
-9.543677e-13
5.989929e-09
-1.294606e-11
-1.058298e-12
5.996358e-09
-1.242982e-11
-1.129767e-12
6.002567e-09
-1.195206e-11
-1.174619e-12
6.008567e-09
-1.150884e-11
-1.197763e-12
6.014367e-09
-1.109657e-11
-1.203341e-12
6.019976e-09
-1.071207e-11
-1.194846e-12
6.025402e-09
-1.035243e-11
-1.175245e-12
6.030654e-09
-1.001509e-11
-1.147046e-12
6.035739e-09
-9.69775e-12
-1.112457e-12
6.040665e-09
-9.398355e-12
-1.07326e-12
6.045439e-09
-9.115087e-12
-1.031592e-12
6.050066e-09
-8.846353e-12
-9.880678e-13
-8.590787e-12
-9.477243e-13
6.054554e-09
5.962851e-09
-2.396156e-11
-3.367125e-14
5.970167e-09
-2.279637e-11
-3.377597e-13
5.977213e-09
-2.172701e-11
-5.726996e-13
5.983999e-09
-2.074427e-11
-7.508725e-13
5.990535e-09
-1.983968e-11
-8.824522e-13
5.996831e-09
-1.900548e-11
-9.757922e-13
6.002897e-09
-1.823462e-11
-1.037826e-12
6.008744e-09
-1.752069e-11
-1.074348e-12
6.01438e-09
-1.685788e-11
-1.090217e-12
6.019816e-09
-1.624097e-11
-1.089517e-12
6.025061e-09
-1.566526e-11
-1.075688e-12
6.030123e-09
-1.512653e-11
-1.051638e-12
6.035009e-09
-1.462101e-11
-1.019816e-12
6.039729e-09
-1.414533e-11
-9.823746e-13
6.044289e-09
-1.369649e-11
-9.410378e-13
6.048697e-09
-1.327182e-11
-8.978868e-13
6.052959e-09
-1.2869e-11
-8.534848e-13
-1.2486e-11
-8.128306e-13
6.057082e-09
5.97495e-09
-3.104123e-11
1.313346e-13
5.981608e-09
-2.950448e-11
-1.524119e-13
5.988e-09
-2.80932e-11
-3.692827e-13
5.994136e-09
-2.679533e-11
-5.316071e-13
6.000025e-09
-2.55998e-11
-6.494757e-13
6.005677e-09
-2.44965e-11
-7.311395e-13
6.011102e-09
-2.347627e-11
-7.834181e-13
6.016309e-09
-2.253076e-11
-8.119874e-13
6.021309e-09
-2.165248e-11
-8.215851e-13
6.026112e-09
-2.083464e-11
-8.161744e-13
6.030725e-09
-2.007117e-11
-7.990743e-13
6.035158e-09
-1.93566e-11
-7.730742e-13
6.039419e-09
-1.868604e-11
-7.405077e-13
6.043517e-09
-1.805513e-11
-7.034105e-13
6.047459e-09
-1.745997e-11
-6.633998e-13
6.051252e-09
-1.689711e-11
-6.224389e-13
6.054904e-09
-1.636351e-11
-5.810092e-13
-1.585651e-11
-5.439561e-13
6.058422e-09
5.988436e-09
-3.718416e-11
6.41629e-13
5.994012e-09
-3.529098e-11
3.750705e-13
5.999333e-09
-3.355174e-11
1.719092e-13
6.004407e-09
-3.195169e-11
2.000231e-14
6.009245e-09
-3.047729e-11
-9.052791e-14
6.013856e-09
-2.911624e-11
-1.677024e-13
6.018251e-09
-2.785739e-11
-2.181063e-13
6.022439e-09
-2.669061e-11
-2.471829e-13
6.02643e-09
-2.56068e-11
-2.594433e-13
6.030235e-09
-2.459774e-11
-2.586306e-13
6.033863e-09
-2.365605e-11
-2.478517e-13
6.037322e-09
-2.277509e-11
-2.296929e-13
6.040622e-09
-2.194893e-11
-2.062929e-13
6.043771e-09
-2.117226e-11
-1.794977e-13
6.046777e-09
-2.044032e-11
-1.507513e-13
6.049648e-09
-1.974887e-11
-1.218161e-13
6.052391e-09
-1.909424e-11
-9.30634e-14
-1.847307e-11
-6.896724e-14
6.055014e-09
5.99924e-09
-4.195936e-11
1.783729e-12
6.003136e-09
-3.973535e-11
1.514041e-12
6.006804e-09
-3.769304e-11
1.303521e-12
6.010254e-09
-3.581501e-11
1.140404e-12
6.013495e-09
-3.408537e-11
1.015205e-12
6.016538e-09
-3.24897e-11
9.202949e-13
6.019394e-09
-3.101491e-11
8.494687e-13
6.022072e-09
-2.964919e-11
7.976455e-13
6.024582e-09
-2.838187e-11
7.606589e-13
6.026936e-09
-2.720334e-11
7.350902e-13
6.029143e-09
-2.610496e-11
7.181366e-13
6.031211e-09
-2.507895e-11
7.074982e-13
6.033149e-09
-2.411836e-11
7.013017e-13
6.034967e-09
-2.321692e-11
6.979588e-13
6.036671e-09
-2.236906e-11
6.962503e-13
6.038271e-09
-2.156972e-11
6.947035e-13
6.039772e-09
-2.08146e-11
6.930505e-13
-2.009962e-11
6.875193e-13
6.041182e-09
5.999888e-09
-4.48416e-11
3.890143e-12
6.001338e-09
-4.233508e-11
3.569033e-12
6.002624e-09
-4.003729e-11
3.303779e-12
6.003755e-09
-3.792807e-11
3.083155e-12
6.004741e-09
-3.598915e-11
2.8982e-12
6.005591e-09
-3.420392e-11
2.741783e-12
6.006317e-09
-3.25574e-11
2.608168e-12
6.006927e-09
-3.103603e-11
2.49271e-12
6.007431e-09
-2.96276e-11
2.391643e-12
6.007839e-09
-2.832108e-11
2.301919e-12
6.008158e-09
-2.710659e-11
2.22107e-12
6.008397e-09
-2.59752e-11
2.147104e-12
6.008563e-09
-2.491892e-11
2.078427e-12
6.008665e-09
-2.393056e-11
2.013715e-12
6.008707e-09
-2.30037e-11
1.951969e-12
6.008698e-09
-2.21325e-11
1.892049e-12
6.008642e-09
-2.131204e-11
1.833718e-12
-2.05375e-11
1.774289e-12
6.008546e-09
5.977997e-09
-4.52813e-11
7.223294e-12
5.976167e-09
-4.258076e-11
6.768665e-12
5.974297e-09
-4.011353e-11
6.370547e-12
5.972393e-09
-3.785663e-11
6.018201e-12
5.970462e-09
-3.578927e-11
5.703122e-12
5.968511e-09
-3.389265e-11
5.418593e-12
5.966546e-09
-3.214983e-11
5.159258e-12
5.964574e-09
-3.054553e-11
4.920813e-12
5.962601e-09
-2.906599e-11
4.6998e-12
5.960631e-09
-2.769884e-11
4.493435e-12
5.958671e-09
-2.643296e-11
4.299486e-12
5.956724e-09
-2.525835e-11
4.116157e-12
5.954795e-09
-2.416606e-11
3.942018e-12
5.952888e-09
-2.314805e-11
3.775903e-12
5.951005e-09
-2.219713e-11
3.616912e-12
5.949149e-09
-2.130678e-11
3.464178e-12
5.947324e-09
-2.04715e-11
3.31732e-12
-1.96859e-11
3.175051e-12
5.94553e-09
5.915035e-09
-4.285733e-11
1.178121e-11
5.909245e-09
-4.010663e-11
1.108687e-11
5.903617e-09
-3.76068e-11
1.045711e-11
5.898149e-09
-3.533212e-11
9.881272e-12
5.892837e-09
-3.325947e-11
9.350945e-12
5.887681e-09
-3.136804e-11
8.859462e-12
5.882678e-09
-2.963916e-11
8.401499e-12
5.877826e-09
-2.805605e-11
7.972771e-12
5.873122e-09
-2.660369e-11
7.569812e-12
5.868566e-09
-2.526861e-11
7.18981e-12
5.864153e-09
-2.403875e-11
6.830473e-12
5.859881e-09
-2.290332e-11
6.489926e-12
5.855747e-09
-2.185268e-11
6.166629e-12
5.851749e-09
-2.087821e-11
5.859316e-12
5.847883e-09
-1.997225e-11
5.566928e-12
5.844146e-09
-1.912786e-11
5.288669e-12
5.840534e-09
-1.833918e-11
5.023742e-12
-1.760056e-11
4.772342e-12
5.837044e-09
5.785817e-09
-3.749475e-11
1.712114e-11
5.775863e-09
-3.489279e-11
1.608842e-11
5.766344e-09
-3.254473e-11
1.513727e-11
5.757241e-09
-3.042303e-11
1.425655e-11
5.748535e-09
-2.850309e-11
1.343735e-11
5.740206e-09
-2.676295e-11
1.26725e-11
5.732238e-09
-2.518303e-11
1.195622e-11
5.724615e-09
-2.374587e-11
1.128374e-11
5.717321e-09
-2.24359e-11
1.065114e-11
5.710342e-09
-2.123929e-11
1.005515e-11
5.703662e-09
-2.014373e-11
9.492974e-12
5.697268e-09
-1.913828e-11
8.962271e-12
5.691148e-09
-1.821323e-11
8.461001e-12
5.685288e-09
-1.735994e-11
7.987428e-12
5.679676e-09
-1.657079e-11
7.539989e-12
5.674302e-09
-1.583897e-11
7.11763e-12
5.669153e-09
-1.515866e-11
6.718831e-12
-1.452447e-11
6.344993e-12
5.664219e-09
5.558999e-09
-2.967315e-11
2.230552e-11
5.545451e-09
-2.744412e-11
2.089154e-11
5.53264e-09
-2.544981e-11
1.95823e-11
5.520519e-09
-2.3663e-11
1.83658e-11
5.509046e-09
-2.20596e-11
1.723226e-11
5.49818e-09
-2.061824e-11
1.617361e-11
5.487885e-09
-1.932006e-11
1.518316e-11
5.478126e-09
-1.814837e-11
1.425529e-11
5.468871e-09
-1.708843e-11
1.338519e-11
5.460089e-09
-1.612724e-11
1.256871e-11
5.451752e-09
-1.525335e-11
1.180221e-11
5.443834e-09
-1.445668e-11
1.108247e-11
5.43631e-09
-1.372834e-11
1.040659e-11
5.429157e-09
-1.306053e-11
9.772037e-12
5.422352e-09
-1.24464e-11
9.176423e-12
5.415876e-09
-1.18799e-11
8.6181e-12
5.40971e-09
-1.135586e-11
8.094612e-12
-1.08697e-11
7.607929e-12
5.403834e-09
5.214551e-09
-2.238798e-11
2.806948e-11
5.197794e-09
-2.050327e-11
2.618144e-11
5.182102e-09
-1.883598e-11
2.443577e-11
5.167394e-09
-1.735926e-11
2.281726e-11
5.153596e-09
-1.604946e-11
2.131339e-11
5.140642e-09
-1.488571e-11
1.991366e-11
5.12847e-09
-1.384972e-11
1.860915e-11
5.117024e-09
-1.292545e-11
1.739227e-11
5.106251e-09
-1.209887e-11
1.625639e-11
5.096103e-09
-1.135771e-11
1.519569e-11
5.086537e-09
-1.069127e-11
1.420498e-11
5.077511e-09
-1.009022e-11
1.327959e-11
5.068989e-09
-9.546429e-12
1.241524e-11
5.060936e-09
-9.052815e-12
1.160805e-11
5.053319e-09
-8.603224e-12
1.08545e-11
5.04611e-09
-8.192304e-12
1.015125e-11
5.039281e-09
-7.815428e-12
9.495849e-12
5.032807e-09
-7.468564e-12
8.884912e-12
-7.148484e-12
8.320156e-12
5.026665e-09
4.675784e-09
-1.2738e-11
2.982782e-11
4.658854e-09
-1.15665e-11
2.77434e-11
4.643119e-09
-1.054286e-11
2.581398e-11
4.628475e-09
-9.64758e-12
2.402534e-11
4.614831e-09
-8.863533e-12
2.236539e-11
4.602105e-09
-8.175697e-12
2.082361e-11
4.590221e-09
-7.57099e-12
1.939074e-11
4.57911e-09
-7.038069e-12
1.805863e-11
4.568711e-09
-6.567118e-12
1.681995e-11
4.558967e-09
-6.149667e-12
1.566808e-11
4.549825e-09
-5.778412e-12
1.459698e-11
4.541241e-09
-5.447065e-12
1.360108e-11
4.53317e-09
-5.150215e-12
1.267527e-11
4.525575e-09
-4.883212e-12
1.181479e-11
4.518419e-09
-4.64207e-12
1.101532e-11
4.51167e-09
-4.423359e-12
1.027276e-11
4.505298e-09
-4.224204e-12
9.583915e-12
4.499276e-09
-4.042015e-12
8.944763e-12
-3.875043e-12
8.356084e-12
4.493578e-09
3.900032e-09
-5.060755e-12
2.869115e-11
3.885403e-09
-4.53519e-12
2.662738e-11
3.871885e-09
-4.084392e-12
2.47167e-11
3.859375e-09
-3.697738e-12
2.294712e-11
3.847781e-09
-3.365876e-12
2.130788e-11
3.837019e-09
-3.080659e-12
1.978918e-11
3.827015e-09
-2.835068e-12
1.838205e-11
3.817703e-09
-2.623094e-12
1.70783e-11
3.809022e-09
-2.439613e-12
1.587041e-11
3.800918e-09
-2.280268e-12
1.475142e-11
3.793342e-09
-2.141361e-12
1.371491e-11
3.78625e-09
-2.019755e-12
1.275494e-11
3.779602e-09
-1.912797e-12
1.186596e-11
3.773363e-09
-1.818244e-12
1.104286e-11
3.767499e-09
-1.734212e-12
1.028093e-11
3.76198e-09
-1.659102e-12
9.575773e-12
3.756781e-09
-1.591654e-12
8.923782e-12
3.751876e-09
-1.530626e-12
8.320747e-12
-1.475515e-12
7.766207e-12
3.747244e-09
2.798877e-09
-7.21297e-13
2.391775e-11
2.788699e-09
-6.135789e-13
2.216139e-11
2.779335e-09
-5.258223e-13
2.053754e-11
2.770704e-09
-4.54762e-13
1.903685e-11
2.762736e-09
-3.975502e-13
1.765041e-11
2.755365e-09
-3.517458e-13
1.636973e-11
2.748536e-09
-3.152878e-13
1.518686e-11
2.742197e-09
-2.864516e-13
1.409443e-11
2.736303e-09
-2.638017e-13
1.308558e-11
2.730814e-09
-2.461474e-13
1.215395e-11
2.725693e-09
-2.325043e-13
1.129367e-11
2.720909e-09
-2.220606e-13
1.049929e-11
2.716432e-09
-2.141506e-13
9.765753e-12
2.712235e-09
-2.082285e-13
9.088413e-12
2.708297e-09
-2.03862e-13
8.463003e-12
2.704595e-09
-2.006868e-13
7.885546e-12
2.701109e-09
-1.984846e-13
7.352716e-12
2.697824e-09
-1.969219e-13
6.860833e-12
-1.961309e-13
6.408565e-12
2.694723e-09
1.208309e-09
1.340444e-11
1.204295e-09
1.240056e-11
1.200615e-09
1.14763e-11
1.197235e-09
1.062582e-11
1.194124e-09
9.843427e-12
1.191254e-09
9.123705e-12
1.1886e-09
8.461587e-12
1.186143e-09
7.852384e-12
1.183861e-09
7.291771e-12
1.18174e-09
6.775767e-12
1.179763e-09
6.300715e-12
1.177918e-09
5.863261e-12
1.176192e-09
5.460323e-12
1.174576e-09
5.089076e-12
1.173059e-09
4.746951e-12
1.171634e-09
4.43156e-12
1.170292e-09
4.140885e-12
1.169027e-09
3.87268e-12
3.625769e-12
1.167832e-09
7.118289e-09
9.026845e-17
-1.475241e-12
7.124872e-09
9.44577e-17
-1.430648e-12
7.13125e-09
9.951591e-17
-1.381752e-12
7.137433e-09
1.056123e-16
-1.329543e-12
1.129178e-16
-1.280038e-12
7.143428e-09
7.07393e-09
-8.021937e-12
-1.490455e-12
7.081957e-09
-7.722201e-12
-1.535449e-12
7.089715e-09
-7.442056e-12
-1.555794e-12
7.097215e-09
-7.179641e-12
-1.556217e-12
7.10447e-09
-6.933269e-12
-1.540731e-12
7.111491e-09
-6.70142e-12
-1.512741e-12
7.118289e-09
-6.482724e-12
-1.475232e-12
7.124872e-09
-6.275952e-12
-1.430647e-12
7.13125e-09
-6.079997e-12
-1.381755e-12
7.137433e-09
-5.893878e-12
-1.329544e-12
-5.716754e-12
-1.280037e-12
7.143428e-09
7.014599e-09
-2.153826e-11
1.28159e-13
7.024709e-09
-2.052952e-11
-3.122816e-13
7.034451e-09
-1.959699e-11
-6.579114e-13
7.043839e-09
-1.8734e-11
-9.252566e-13
7.052886e-09
-1.793436e-11
-1.127951e-12
7.061609e-09
-1.719229e-11
-1.277238e-12
7.070021e-09
-1.650252e-11
-1.382476e-12
7.078136e-09
-1.586017e-11
-1.451508e-12
7.085968e-09
-1.526081e-11
-1.49093e-12
7.093529e-09
-1.470038e-11
-1.506306e-12
7.100832e-09
-1.417523e-11
-1.502335e-12
7.107889e-09
-1.368203e-11
-1.483006e-12
7.11471e-09
-1.321777e-11
-1.451695e-12
7.121306e-09
-1.277976e-11
-1.41136e-12
7.127686e-09
-1.236557e-11
-1.364413e-12
7.133861e-09
-1.197302e-11
-1.313596e-12
7.139839e-09
-1.160019e-11
-1.259867e-12
-1.12454e-11
-1.209249e-12
7.14563e-09
7.02538e-09
-3.178498e-11
1.555078e-13
7.035057e-09
-3.027935e-11
-2.651833e-13
7.044367e-09
-2.888671e-11
-5.926379e-13
7.053322e-09
-2.759718e-11
-8.433922e-13
7.061938e-09
-2.640154e-11
-1.031062e-12
7.070228e-09
-2.52913e-11
-1.166854e-12
7.078206e-09
-2.425866e-11
-1.260073e-12
7.085887e-09
-2.329645e-11
-1.318505e-12
7.093283e-09
-2.239813e-11
-1.348679e-12
7.100407e-09
-2.155777e-11
-1.35609e-12
7.107271e-09
-2.076998e-11
-1.345367e-12
7.113888e-09
-2.002988e-11
-1.320424e-12
7.120268e-09
-1.933307e-11
-1.284565e-12
7.126422e-09
-1.867558e-11
-1.240672e-12
7.13236e-09
-1.805385e-11
-1.191085e-12
7.138092e-09
-1.746467e-11
-1.138475e-12
7.143628e-09
-1.690521e-11
-1.083734e-12
-1.637299e-11
-1.032841e-12
7.148975e-09
7.040424e-09
-4.130736e-11
3.758501e-13
7.049324e-09
-3.931272e-11
-1.903272e-14
7.057858e-09
-3.74668e-11
-3.235602e-13
7.06604e-09
-3.575658e-11
-5.542074e-13
7.073883e-09
-3.417002e-11
-7.24492e-13
7.081402e-09
-3.269599e-11
-8.454931e-13
7.088611e-09
-3.13243e-11
-9.263778e-13
7.095523e-09
-3.004562e-11
-9.747821e-13
7.102152e-09
-2.885145e-11
-9.970849e-13
7.108511e-09
-2.773406e-11
-9.986267e-13
7.114612e-09
-2.668644e-11
-9.838835e-13
7.120468e-09
-2.570224e-11
-9.566193e-13
7.12609e-09
-2.477575e-11
-9.19988e-13
7.131489e-09
-2.390179e-11
-8.767255e-13
7.136677e-09
-2.30757e-11
-8.290328e-13
7.141663e-09
-2.229331e-11
-7.794347e-13
7.146456e-09
-2.155091e-11
-7.287123e-13
-2.084519e-11
-6.826767e-13
7.151067e-09
7.05743e-09
-4.969058e-11
1.043123e-12
7.065042e-09
-4.721904e-11
6.698181e-13
7.072296e-09
-4.493137e-11
3.824659e-13
7.079206e-09
-4.281155e-11
1.648181e-13
7.085786e-09
-4.084475e-11
3.61884e-15
7.092052e-09
-3.901736e-11
-1.119275e-13
7.098017e-09
-3.731689e-11
-1.906959e-13
7.103696e-09
-3.573195e-11
-2.400315e-13
7.109104e-09
-3.425214e-11
-2.660268e-13
7.114253e-09
-3.286802e-11
-2.737442e-13
7.119157e-09
-3.157104e-11
-2.673904e-13
7.123829e-09
-3.035342e-11
-2.504697e-13
7.128281e-09
-2.920815e-11
-2.258877e-13
7.132524e-09
-2.812889e-11
-1.961378e-13
7.136571e-09
-2.710992e-11
-1.631986e-13
7.140431e-09
-2.614605e-11
-1.293457e-13
7.144115e-09
-2.523276e-11
-9.521098e-14
-2.436583e-11
-6.619085e-14
7.147633e-09
7.071598e-09
-5.636816e-11
2.523697e-12
7.077191e-09
-5.344443e-11
2.145845e-12
7.082455e-09
-5.073998e-11
1.848594e-12
7.087403e-09
-4.823571e-11
1.616164e-12
7.092052e-09
-4.591404e-11
1.435784e-12
7.096417e-09
-4.375882e-11
1.297145e-12
7.100513e-09
-4.175529e-11
1.191848e-12
7.104355e-09
-3.988996e-11
1.113006e-12
7.10796e-09
-3.815056e-11
1.05496e-12
7.111339e-09
-3.652591e-11
1.01306e-12
7.114509e-09
-3.500588e-11
9.83488e-13
7.117481e-09
-3.358126e-11
9.631039e-13
7.120269e-09
-3.224373e-11
9.493433e-13
7.122883e-09
-3.098573e-11
9.400413e-13
7.125337e-09
-2.980045e-11
9.335106e-13
7.127639e-09
-2.868167e-11
9.278292e-13
7.129801e-09
-2.762401e-11
9.225158e-13
-2.662228e-11
9.129545e-13
7.131832e-09
7.074e-09
-6.062399e-11
5.240963e-12
7.07663e-09
-5.730289e-11
4.796941e-12
7.079002e-09
-5.42369e-11
4.429309e-12
7.08113e-09
-5.140362e-11
4.122958e-12
7.083031e-09
-4.878249e-11
3.865771e-12
7.08472e-09
-4.635465e-11
3.648065e-12
7.086214e-09
-4.41029e-11
3.462033e-12
7.087527e-09
-4.201156e-11
3.301338e-12
7.088674e-09
-4.006634e-11
3.160834e-12
7.089668e-09
-3.825425e-11
3.036342e-12
7.090522e-09
-3.656349e-11
2.924476e-12
7.091248e-09
-3.498335e-11
2.822491e-12
7.091859e-09
-3.350413e-11
2.728182e-12
7.092364e-09
-3.2117e-11
2.639727e-12
7.092774e-09
-3.081404e-11
2.555725e-12
7.093098e-09
-2.958795e-11
2.474654e-12
7.093344e-09
-2.843244e-11
2.396102e-12
-2.734137e-11
2.316656e-12
7.093521e-09
7.049715e-09
-6.167772e-11
9.525188e-12
7.04834e-09
-5.806944e-11
8.910803e-12
7.04685e-09
-5.475035e-11
8.373527e-12
7.04526e-09
-5.169438e-11
7.898872e-12
7.043583e-09
-4.887766e-11
7.475306e-12
7.041832e-09
-4.627843e-11
7.09368e-12
7.040018e-09
-4.387688e-11
6.746674e-12
7.038154e-09
-4.165498e-11
6.428396e-12
7.03625e-09
-3.959635e-11
6.134097e-12
7.034315e-09
-3.768612e-11
5.859952e-12
7.032359e-09
-3.591083e-11
5.602879e-12
7.03039e-09
-3.425826e-11
5.360399e-12
7.028415e-09
-3.271735e-11
5.130529e-12
7.02644e-09
-3.127809e-11
4.911651e-12
7.024472e-09
-2.993145e-11
4.702505e-12
7.022515e-09
-2.866917e-11
4.501889e-12
7.020575e-09
-2.748412e-11
4.309245e-12
-2.636931e-11
4.122701e-12
7.018655e-09
6.976256e-09
-5.889061e-11
1.536749e-11
6.970008e-09
-5.518346e-11
1.444861e-11
6.963889e-09
-5.179158e-11
1.361671e-11
6.957904e-09
-4.86851e-11
1.285749e-11
6.952055e-09
-4.583689e-11
1.215955e-11
6.946344e-09
-4.322236e-11
1.151386e-11
6.940775e-09
-4.081923e-11
1.091319e-11
6.935348e-09
-3.860735e-11
1.035168e-11
6.930066e-09
-3.656847e-11
9.82461e-12
6.924927e-09
-3.468614e-11
9.32815e-12
6.919933e-09
-3.29455e-11
8.85917e-12
6.915083e-09
-3.133311e-11
8.415109e-12
6.910375e-09
-2.98369e-11
7.993868e-12
6.905809e-09
-2.844595e-11
7.593713e-12
6.901381e-09
-2.71505e-11
7.213206e-12
6.897091e-09
-2.594161e-11
6.851201e-12
6.892936e-09
-2.481161e-11
6.50666e-12
-2.375306e-11
6.179324e-12
6.888913e-09
6.822955e-09
-5.20726e-11
2.219247e-11
6.811549e-09
-4.853433e-11
2.084553e-11
6.800607e-09
-4.531901e-11
1.960637e-11
6.790113e-09
-4.239397e-11
1.846019e-11
6.780048e-09
-3.972982e-11
1.739511e-11
6.770397e-09
-3.73001e-11
1.640157e-11
6.761143e-09
-3.508105e-11
1.54718e-11
6.752271e-09
-3.305129e-11
1.459944e-11
6.743766e-09
-3.119167e-11
1.377923e-11
6.735613e-09
-2.948498e-11
1.300679e-11
6.727798e-09
-2.791583e-11
1.227843e-11
6.720307e-09
-2.647039e-11
1.159102e-11
6.713125e-09
-2.513632e-11
1.094186e-11
6.706241e-09
-2.390255e-11
1.032864e-11
6.69964e-09
-2.275921e-11
9.749304e-12
6.693311e-09
-2.169739e-11
9.202363e-12
6.687242e-09
-2.070939e-11
8.685908e-12
-1.9788e-11
8.200953e-12
6.681421e-09
6.551663e-09
-4.178814e-11
2.879918e-11
6.535775e-09
-3.87261e-11
2.69719e-11
6.520723e-09
-3.596563e-11
2.528055e-11
6.506459e-09
-3.347395e-11
2.370954e-11
6.492937e-09
-3.122179e-11
2.224606e-11
6.480114e-09
-2.918308e-11
2.087958e-11
6.46795e-09
-2.733458e-11
1.960133e-11
6.456405e-09
-2.565561e-11
1.840394e-11
6.445445e-09
-2.412777e-11
1.728115e-11
6.435036e-09
-2.273471e-11
1.622753e-11
6.425146e-09
-2.146192e-11
1.523835e-11
6.415745e-09
-2.02965e-11
1.430944e-11
6.406806e-09
-1.9227e-11
1.343705e-11
6.398301e-09
-1.824329e-11
1.261788e-11
6.390205e-09
-1.733637e-11
1.184886e-11
6.382497e-09
-1.649825e-11
1.112773e-11
6.375152e-09
-1.572197e-11
1.045143e-11
-1.500136e-11
9.821527e-12
6.368152e-09
6.137726e-09
-3.207901e-11
3.61275e-11
6.117893e-09
-2.947783e-11
3.370356e-11
6.099298e-09
-2.715624e-11
3.146151e-11
6.081849e-09
-2.508172e-11
2.938229e-11
6.065464e-09
-2.32254e-11
2.744995e-11
6.050066e-09
-2.156174e-11
2.565108e-11
6.035586e-09
-2.006814e-11
2.397426e-11
6.021959e-09
-1.872468e-11
2.240971e-11
6.009125e-09
-1.751379e-11
2.094897e-11
5.997028e-09
-1.642e-11
1.958456e-11
5.985618e-09
-1.54297e-11
1.830985e-11
5.974848e-09
-1.453092e-11
1.711885e-11
5.964674e-09
-1.371315e-11
1.600612e-11
5.955055e-09
-1.296716e-11
1.496668e-11
5.945955e-09
-1.228484e-11
1.399602e-11
5.937339e-09
-1.165906e-11
1.308991e-11
5.929175e-09
-1.108362e-11
1.224508e-11
5.921434e-09
-1.055303e-11
1.14573e-11
-1.006283e-11
1.072777e-11
5.914088e-09
5.490099e-09
-1.889706e-11
3.828899e-11
5.469986e-09
-1.724738e-11
3.562554e-11
5.451276e-09
-1.578964e-11
3.315814e-11
5.43385e-09
-1.450003e-11
3.086936e-11
5.417603e-09
-1.335752e-11
2.874411e-11
5.40244e-09
-1.234355e-11
2.676917e-11
5.388271e-09
-1.144187e-11
2.493291e-11
5.375018e-09
-1.063826e-11
2.3225e-11
5.362609e-09
-9.920325e-12
2.16362e-11
5.350976e-09
-9.277272e-12
2.015812e-11
5.34006e-09
-8.699714e-12
1.878312e-11
5.329805e-09
-8.179487e-12
1.750415e-11
5.320162e-09
-7.709499e-12
1.631474e-11
5.311085e-09
-7.283591e-12
1.520886e-11
5.30253e-09
-6.896423e-12
1.418101e-11
5.294462e-09
-6.543347e-12
1.3226e-11
5.286843e-09
-6.220408e-12
1.233964e-11
5.279641e-09
-5.924033e-12
1.151692e-11
-5.6517e-12
1.075795e-11
5.272828e-09
4.559217e-09
-8.103709e-12
3.668802e-11
4.541865e-09
-7.332668e-12
3.406418e-11
4.52582e-09
-6.660191e-12
3.163242e-11
4.510962e-09
-6.073192e-12
2.937827e-11
4.497184e-09
-5.560108e-12
2.728857e-11
4.484389e-09
-5.110804e-12
2.535119e-11
4.472491e-09
-4.716476e-12
2.355498e-11
4.461411e-09
-4.369518e-12
2.188973e-11
4.451078e-09
-4.063381e-12
2.034603e-11
4.44143e-09
-3.792436e-12
1.891518e-11
4.432408e-09
-3.551849e-12
1.758912e-11
4.42396e-09
-3.337474e-12
1.636037e-11
4.41604e-09
-3.145754e-12
1.522199e-11
4.408606e-09
-2.973643e-12
1.416751e-11
4.401618e-09
-2.818544e-12
1.3191e-11
4.395041e-09
-2.678218e-12
1.228689e-11
4.388845e-09
-2.550849e-12
1.145054e-11
4.383e-09
-2.434683e-12
1.06767e-11
-2.328878e-12
9.964137e-12
4.377479e-09
3.245679e-09
-1.59187e-12
3.044861e-11
3.233691e-09
-1.411431e-12
2.82279e-11
3.222654e-09
-1.258382e-12
2.617212e-11
3.212477e-09
-1.128636e-12
2.427014e-11
3.203074e-09
-1.018618e-12
2.251119e-11
3.194374e-09
-9.252387e-13
2.088492e-11
3.186308e-09
-8.458593e-13
1.938158e-11
3.178819e-09
-7.782447e-13
1.799208e-11
3.171854e-09
-7.20507e-13
1.670794e-11
3.165365e-09
-6.710551e-13
1.552129e-11
3.159311e-09
-6.2855e-13
1.44248e-11
3.153653e-09
-5.918658e-13
1.34117e-11
3.148357e-09
-5.600593e-13
1.247569e-11
3.143393e-09
-5.323386e-13
1.161094e-11
3.138734e-09
-5.080548e-13
1.081211e-11
3.134354e-09
-4.866509e-13
1.007421e-11
3.13023e-09
-4.677481e-13
9.392984e-12
3.126343e-09
-4.508562e-13
8.76387e-12
-4.360399e-13
8.184793e-12
3.122674e-09
1.375266e-09
1.688723e-11
1.37062e-09
1.563482e-11
1.366358e-09
1.447957e-11
1.362441e-09
1.341471e-11
1.358832e-09
1.243352e-11
1.355501e-09
1.152959e-11
1.35242e-09
1.069685e-11
1.349564e-09
9.929677e-12
1.346913e-09
9.222851e-12
1.344446e-09
8.571554e-12
1.342147e-09
7.971341e-12
1.34e-09
7.418121e-12
1.337992e-09
6.908121e-12
1.336111e-09
6.437877e-12
1.334346e-09
6.004219e-12
1.332686e-09
5.604208e-12
1.331124e-09
5.235305e-12
1.329651e-09
4.894777e-12
4.580999e-12
1.32826e-09
8.112328e-09
9.741188e-17
-1.750109e-12
8.120495e-09
1.021591e-16
-1.70106e-12
8.128399e-09
1.077396e-16
-1.645968e-12
8.136051e-09
1.143833e-16
-1.586196e-12
1.223081e-16
-1.528617e-12
8.143463e-09
8.057094e-09
-1.015474e-11
-1.716467e-12
8.067112e-09
-9.771086e-12
-1.7831e-12
8.076786e-09
-9.410851e-12
-1.81824e-12
8.08613e-09
-9.072013e-12
-1.827825e-12
8.095159e-09
-8.752724e-12
-1.816898e-12
8.103887e-09
-8.451303e-12
-1.789744e-12
8.112328e-09
-8.166224e-12
-1.750103e-12
8.120495e-09
-7.896099e-12
-1.701058e-12
8.128399e-09
-7.639674e-12
-1.645969e-12
8.136051e-09
-7.39582e-12
-1.586196e-12
-7.163556e-12
-1.528616e-12
8.143464e-09
7.982394e-09
-2.719443e-11
4.035392e-13
7.995115e-09
-2.595588e-11
-1.632203e-13
8.007363e-09
-2.480276e-11
-6.10734e-13
8.019155e-09
-2.372835e-11
-9.595777e-13
8.030511e-09
-2.27263e-11
-1.22677e-12
8.041449e-09
-2.179065e-11
-1.426377e-12
8.051989e-09
-2.091587e-11
-1.570121e-12
8.062147e-09
-2.009683e-11
-1.667835e-12
8.071942e-09
-1.932879e-11
-1.727795e-12
8.081389e-09
-1.860739e-11
-1.756988e-12
8.090505e-09
-1.792865e-11
-1.761319e-12
8.099304e-09
-1.728892e-11
-1.745802e-12
8.1078e-09
-1.668488e-11
-1.714688e-12
8.116008e-09
-1.611352e-11
-1.671683e-12
8.123939e-09
-1.557209e-11
-1.619834e-12
8.131607e-09
-1.505813e-11
-1.56247e-12
8.139021e-09
-1.45694e-11
-1.500911e-12
-1.410395e-11
-1.44204e-12
8.146194e-09
7.995215e-09
-4.020691e-11
4.41005e-13
8.007449e-09
-3.835307e-11
-1.021604e-13
8.019208e-09
-3.662633e-11
-5.279511e-13
8.03051e-09
-3.501665e-11
-8.569576e-13
8.041373e-09
-3.351463e-11
-1.106181e-12
8.051817e-09
-3.211145e-11
-1.289646e-12
8.061859e-09
-3.079892e-11
-1.419017e-12
8.071517e-09
-2.956948e-11
-1.504058e-12
8.080809e-09
-2.841612e-11
-1.55297e-12
8.08975e-09
-2.733246e-11
-1.572657e-12
8.098358e-09
-2.631261e-11
-1.568941e-12
8.106647e-09
-2.53512e-11
-1.54675e-12
8.114631e-09
-2.444337e-11
-1.510245e-12
8.122324e-09
-2.358465e-11
-1.463044e-12
8.12974e-09
-2.277102e-11
-1.408107e-12
8.136891e-09
-2.199882e-11
-1.348677e-12
8.143789e-09
-2.126477e-11
-1.285997e-12
-2.056596e-11
-1.226902e-12
8.150445e-09
8.013228e-09
-5.239195e-11
7.134145e-13
8.024581e-09
-4.99262e-11
2.009918e-13
8.035457e-09
-4.762858e-11
-1.974748e-13
8.045874e-09
-4.54859e-11
-5.025089e-13
8.055852e-09
-4.348575e-11
-7.310032e-13
8.065408e-09
-4.161656e-11
-8.968385e-13
8.074562e-09
-3.986762e-11
-1.011517e-12
8.083332e-09
-3.822901e-11
-1.084632e-12
8.091734e-09
-3.66916e-11
-1.124206e-12
8.099787e-09
-3.524703e-11
-1.136961e-12
8.107507e-09
-3.388761e-11
-1.12854e-12
8.114909e-09
-3.260635e-11
-1.103688e-12
8.122009e-09
-3.139684e-11
-1.066392e-12
8.128821e-09
-3.025328e-11
-1.020091e-12
8.135359e-09
-2.917036e-11
-9.675812e-13
8.141636e-09
-2.814327e-11
-9.119338e-13
8.147664e-09
-2.716772e-11
-8.542525e-13
-2.623978e-11
-8.011981e-13
8.153457e-09
8.033868e-09
-6.324575e-11
1.525945e-12
8.043747e-09
-6.017466e-11
1.039065e-12
8.053153e-09
-5.731308e-11
6.609195e-13
8.062105e-09
-5.464461e-11
3.712431e-13
8.070624e-09
-5.215392e-11
1.534444e-13
8.078728e-09
-4.982674e-11
-6.030267e-15
8.086438e-09
-4.764985e-11
-1.183434e-13
8.093773e-09
-4.561106e-11
-1.927475e-13
8.100751e-09
-4.369912e-11
-2.369277e-13
8.107391e-09
-4.190374e-11
-2.572779e-13
8.113711e-09
-4.021547e-11
-2.591194e-13
8.119727e-09
-3.862565e-11
-2.468895e-13
8.125455e-09
-3.712641e-11
-2.242758e-13
8.13091e-09
-3.571053e-11
-1.944307e-13
8.136108e-09
-3.437145e-11
-1.5988e-13
8.141062e-09
-3.310315e-11
-1.234057e-13
8.145785e-09
-3.190032e-11
-8.592495e-14
-3.075794e-11
-5.365741e-14
8.150291e-09
8.051689e-09
-7.205686e-11
3.317307e-12
8.059237e-09
-6.840138e-11
2.824641e-12
8.066337e-09
-6.499838e-11
2.434362e-12
8.07301e-09
-6.182812e-11
2.126742e-12
8.079278e-09
-5.887219e-11
1.88575e-12
8.085163e-09
-5.611347e-11
1.6984e-12
8.090687e-09
-5.353614e-11
1.554086e-12
8.095871e-09
-5.112562e-11
1.444095e-12
8.100734e-09
-4.886846e-11
1.361256e-12
8.105296e-09
-4.675231e-11
1.299665e-12
8.109575e-09
-4.476587e-11
1.254463e-12
8.11359e-09
-4.289876e-11
1.22165e-12
8.117356e-09
-4.114148e-11
1.197947e-12
8.120891e-09
-3.948536e-11
1.180596e-12
8.124208e-09
-3.792249e-11
1.167421e-12
8.127322e-09
-3.644556e-11
1.156052e-12
8.130246e-09
-3.504815e-11
1.145766e-12
-3.372402e-11
1.131174e-12
8.132994e-09
8.056425e-09
-7.789784e-11
6.592757e-12
8.060516e-09
-7.371673e-11
6.0208e-12
8.064234e-09
-6.983319e-11
5.546197e-12
8.067603e-09
-6.622363e-11
5.150002e-12
8.070646e-09
-6.286612e-11
4.816948e-12
8.073386e-09
-5.974034e-11
4.534784e-12
8.075846e-09
-5.682756e-11
4.293602e-12
8.078046e-09
-5.411048e-11
4.085345e-12
8.080009e-09
-5.157322e-11
3.903449e-12
8.081751e-09
-4.920117e-11
3.742577e-12
8.083292e-09
-4.698095e-11
3.59839e-12
8.084649e-09
-4.490029e-11
3.467365e-12
8.085837e-09
-4.294796e-11
3.346659e-12
8.086871e-09
-4.111367e-11
3.233925e-12
8.087765e-09
-3.938807e-11
3.127339e-12
8.088532e-09
-3.776246e-11
3.024991e-12
8.089183e-09
-3.622926e-11
2.926261e-12
-3.478095e-11
2.827042e-12
8.089729e-09
8.030741e-09
-7.972558e-11
1.174262e-11
8.030117e-09
-7.514973e-11
1.09676e-11
8.029283e-09
-7.0916e-11
1.029062e-11
8.028261e-09
-6.699625e-11
9.693494e-12
8.027073e-09
-6.336447e-11
9.161644e-12
8.025739e-09
-5.999666e-11
8.683462e-12
8.024279e-09
-5.687075e-11
8.24963e-12
8.022711e-09
-5.39665e-11
7.852629e-12
8.021051e-09
-5.126529e-11
7.486385e-12
8.019314e-09
-4.875013e-11
7.145993e-12
8.017514e-09
-4.640542e-11
6.827496e-12
8.015663e-09
-4.421692e-11
6.5277e-12
8.013773e-09
-4.217163e-11
6.244043e-12
8.011854e-09
-4.025766e-11
5.974432e-12
8.009916e-09
-3.846419e-11
5.717227e-12
8.007966e-09
-3.678124e-11
5.470874e-12
8.006011e-09
-3.520007e-11
5.234618e-12
-3.371204e-11
5.005978e-12
8.004059e-09
7.94832e-09
-7.664542e-11
1.874945e-11
7.941916e-09
-7.190951e-11
1.761269e-11
7.935583e-09
-6.755167e-11
1.658526e-11
7.929334e-09
-6.353884e-11
1.564923e-11
7.923179e-09
-5.98407e-11
1.479026e-11
7.917129e-09
-5.642951e-11
1.399692e-11
7.911191e-09
-5.327991e-11
1.326002e-11
7.905373e-09
-5.036877e-11
1.257216e-11
7.89968e-09
-4.767499e-11
1.192733e-11
7.894117e-09
-4.517933e-11
1.132064e-11
7.888687e-09
-4.286432e-11
1.07481e-11
7.883393e-09
-4.071404e-11
1.020648e-11
7.878236e-09
-3.871402e-11
9.693075e-12
7.873217e-09
-3.685113e-11
9.205694e-12
7.868337e-09
-3.511345e-11
8.742501e-12
7.863595e-09
-3.349008e-11
8.301989e-12
7.85899e-09
-3.197145e-11
7.88287e-12
-3.054826e-11
7.484355e-12
7.854522e-09
7.773138e-09
-6.832003e-11
2.691405e-11
7.76057e-09
-6.376625e-11
2.527057e-11
7.748468e-09
-5.960436e-11
2.376018e-11
7.736823e-09
-5.579735e-11
2.236456e-11
7.72562e-09
-5.231164e-11
2.10689e-11
7.714847e-09
-4.911679e-11
1.986129e-11
7.704492e-09
-4.618521e-11
1.8732e-11
7.694542e-09
-4.349196e-11
1.767309e-11
7.684983e-09
-4.101447e-11
1.667799e-11
7.675801e-09
-3.873235e-11
1.574124e-11
7.666984e-09
-3.662717e-11
1.485825e-11
7.658518e-09
-3.468231e-11
1.402511e-11
7.650391e-09
-3.28828e-11
1.323848e-11
7.642588e-09
-3.121509e-11
1.249551e-11
7.635097e-09
-2.966702e-11
1.179366e-11
7.627906e-09
-2.822755e-11
1.113098e-11
7.621002e-09
-2.688699e-11
1.050521e-11
-2.563622e-11
9.916859e-12
7.614374e-09
7.460397e-09
-5.538861e-11
3.479389e-11
7.442435e-09
-5.141609e-11
3.258406e-11
7.425385e-09
-4.781304e-11
3.05393e-11
7.409198e-09
-4.454165e-11
2.864059e-11
7.393828e-09
-4.156797e-11
2.687233e-11
7.379231e-09
-3.88615e-11
2.522162e-11
7.365364e-09
-3.639492e-11
2.367773e-11
7.352188e-09
-3.414373e-11
2.223164e-11
7.339665e-09
-3.208598e-11
2.08757e-11
7.327759e-09
-3.020203e-11
1.960328e-11
7.316436e-09
-2.847432e-11
1.840865e-11
7.305663e-09
-2.688712e-11
1.728672e-11
7.295411e-09
-2.542641e-11
1.623296e-11
7.28565e-09
-2.407961e-11
1.524335e-11
7.276353e-09
-2.283553e-11
1.431421e-11
7.267495e-09
-2.168412e-11
1.344266e-11
7.259051e-09
-2.061656e-11
1.26251e-11
-1.962491e-11
1.186256e-11
7.250998e-09
6.980871e-09
-4.30292e-11
4.351338e-11
6.958229e-09
-3.964375e-11
4.06007e-11
6.93697e-09
-3.660124e-11
3.790558e-11
6.916997e-09
-3.386388e-11
3.540558e-11
6.898222e-09
-3.139798e-11
3.308171e-11
6.880561e-09
-2.917356e-11
3.091793e-11
6.863937e-09
-2.716395e-11
2.890055e-11
6.848279e-09
-2.534546e-11
2.701786e-11
6.833522e-09
-2.369708e-11
2.525969e-11
6.819604e-09
-2.220016e-11
2.361707e-11
6.806468e-09
-2.08382e-11
2.208207e-11
6.794061e-09
-1.959657e-11
2.06475e-11
6.782336e-09
-1.846232e-11
1.930688e-11
6.771246e-09
-1.742399e-11
1.805424e-11
6.760749e-09
-1.647144e-11
1.688418e-11
6.750808e-09
-1.559569e-11
1.579166e-11
6.741385e-09
-1.478883e-11
1.47726e-11
6.732447e-09
-1.404382e-11
1.382207e-11
-1.335485e-11
1.294061e-11
6.723964e-09
6.230407e-09
-2.594297e-11
4.599091e-11
6.207348e-09
-2.376475e-11
4.280566e-11
6.185876e-09
-2.182386e-11
3.98525e-11
6.165862e-09
-2.009239e-11
3.711141e-11
6.147189e-09
-1.85456e-11
3.456479e-11
6.129749e-09
-1.716158e-11
3.219715e-11
6.113444e-09
-1.592098e-11
2.999477e-11
6.098185e-09
-1.480678e-11
2.794545e-11
6.08389e-09
-1.380403e-11
2.603826e-11
6.070484e-09
-1.289962e-11
2.426328e-11
6.0579e-09
-1.208205e-11
2.261145e-11
6.046074e-09
-1.134125e-11
2.107443e-11
6.034951e-09
-1.066837e-11
1.964452e-11
6.024477e-09
-1.005568e-11
1.83146e-11
6.014605e-09
-9.496415e-12
1.707809e-11
6.005291e-09
-8.984627e-12
1.592885e-11
5.996495e-09
-8.515193e-12
1.486176e-11
5.988181e-09
-8.083472e-12
1.387093e-11
-7.686088e-12
1.295573e-11
5.980314e-09
5.153694e-09
-1.165599e-11
4.390108e-11
5.133824e-09
-1.060953e-11
4.077863e-11
5.115438e-09
-9.68638e-12
3.788174e-11
5.0984e-09
-8.871091e-12
3.519413e-11
5.082593e-09
-8.14998e-12
3.270071e-11
5.067906e-09
-7.510992e-12
3.038747e-11
5.054242e-09
-6.943579e-12
2.824147e-11
5.041513e-09
-6.438562e-12
2.625079e-11
5.029638e-09
-5.987968e-12
2.440441e-11
5.018547e-09
-5.58488e-12
2.269214e-11
5.008172e-09
-5.223306e-12
2.110451e-11
4.998457e-09
-4.898052e-12
1.963273e-11
4.989346e-09
-4.604619e-12
1.82686e-11
4.980793e-09
-4.339108e-12
1.700452e-11
4.972752e-09
-4.098156e-12
1.583347e-11
4.965184e-09
-3.878835e-12
1.474886e-11
4.958053e-09
-3.678718e-12
1.374509e-11
4.951326e-09
-3.495484e-12
1.281601e-11
-3.327907e-12
1.195961e-11
4.944972e-09
3.643353e-09
-2.647365e-12
3.627154e-11
3.629711e-09
-2.383069e-12
3.364332e-11
3.617143e-09
-2.153998e-12
3.120729e-11
3.605546e-09
-1.955269e-12
2.895109e-11
3.594828e-09
-1.782605e-12
2.686254e-11
3.584904e-09
-1.632283e-12
2.492985e-11
3.575701e-09
-1.5011e-12
2.314182e-11
3.567153e-09
-1.386312e-12
2.148796e-11
3.5592e-09
-1.285575e-12
1.995845e-11
3.551789e-09
-1.196888e-12
1.854414e-11
3.544873e-09
-1.118546e-12
1.723652e-11
3.538408e-09
-1.049092e-12
1.602767e-11
3.532356e-09
-9.872878e-13
1.491024e-11
3.526683e-09
-9.32076e-13
1.38774e-11
3.521356e-09
-8.825706e-13
1.292285e-11
3.516349e-09
-8.380012e-13
1.204076e-11
3.511635e-09
-7.978079e-13
1.122604e-11
3.507191e-09
-7.613231e-13
1.047337e-11
-7.285287e-13
9.779957e-12
3.502997e-09
1.520555e-09
1.992531e-11
1.515346e-09
1.846096e-11
1.510564e-09
1.710787e-11
1.506165e-09
1.585868e-11
1.50211e-09
1.470597e-11
1.498364e-09
1.364258e-11
1.494898e-09
1.266172e-11
1.491685e-09
1.175703e-11
1.488699e-09
1.092261e-11
1.485921e-09
1.015298e-11
1.483331e-09
9.443063e-12
1.480912e-09
8.788181e-12
1.478649e-09
8.183998e-12
1.476528e-09
7.626526e-12
1.474537e-09
7.1121e-12
1.472666e-09
6.63732e-12
1.470905e-09
6.199208e-12
1.469243e-09
5.794621e-12
5.421539e-12
1.467674e-09
9.016318e-09
1.026336e-16
-1.962239e-12
9.026134e-09
1.078964e-16
-1.91223e-12
9.035626e-09
1.138931e-16
-1.854296e-12
9.044807e-09
1.210362e-16
-1.790168e-12
1.294273e-16
-1.727401e-12
9.053692e-09
8.949728e-09
-1.240535e-11
-1.858679e-12
8.961829e-09
-1.193417e-11
-1.950168e-12
8.973504e-09
-1.148992e-11
-2.003537e-12
8.984773e-09
-1.107052e-11
-2.02585e-12
8.995653e-09
-1.067402e-11
-2.023111e-12
9.006163e-09
-1.029864e-11
-2.000424e-12
9.016318e-09
-9.942738e-12
-1.962236e-12
9.026134e-09
-9.604824e-12
-1.912228e-12
9.035626e-09
-9.283525e-12
-1.854297e-12
9.044807e-09
-8.977594e-12
-1.790167e-12
-8.685935e-12
-1.727398e-12
9.053692e-09
8.858858e-09
-3.310664e-11
7.665745e-13
8.874323e-09
-3.164146e-11
7.645082e-14
8.889201e-09
-3.026847e-11
-4.71791e-13
8.903518e-09
-2.898125e-11
-9.023531e-13
8.917296e-09
-2.777364e-11
-1.23531e-12
8.930559e-09
-2.663981e-11
-1.487298e-12
8.94333e-09
-2.557423e-11
-1.672203e-12
8.95563e-09
-2.457174e-11
-1.801688e-12
8.967481e-09
-2.36275e-11
-1.885578e-12
8.978903e-09
-2.273704e-11
-1.932178e-12
8.989916e-09
-2.189621e-11
-1.948515e-12
9.000538e-09
-2.110116e-11
-1.940559e-12
9.010787e-09
-2.034838e-11
-1.913376e-12
9.020678e-09
-1.963464e-11
-1.871371e-12
9.030229e-09
-1.895696e-11
-1.81819e-12
9.039453e-09
-1.831264e-11
-1.757689e-12
9.048365e-09
-1.769922e-11
-1.691553e-12
-1.711451e-11
-1.627345e-12
9.056979e-09
8.873675e-09
-4.902635e-11
8.13082e-13
8.888609e-09
-4.682767e-11
1.497372e-13
8.902953e-09
-4.47666e-11
-3.738359e-13
8.91673e-09
-4.283355e-11
-7.818577e-13
8.929964e-09
-4.101936e-11
-1.094389e-12
8.942678e-09
-3.931536e-11
-1.328021e-12
8.954895e-09
-3.771339e-11
-1.496578e-12
8.966636e-09
-3.620579e-11
-1.611648e-12
8.977924e-09
-3.478542e-11
-1.682976e-12
8.988779e-09
-3.344569e-11
-1.718772e-12
8.99922e-09
-3.218045e-11
-1.725971e-12
9.009267e-09
-3.098406e-11
-1.710445e-12
9.018937e-09
-2.985131e-11
-1.67716e-12
9.028247e-09
-2.877743e-11
-1.630421e-12
9.037214e-09
-2.775803e-11
-1.573773e-12
9.045853e-09
-2.678909e-11
-1.510981e-12
9.054178e-09
-2.586699e-11
-1.443632e-12
-2.498842e-11
-1.379252e-12
9.062204e-09
8.894627e-09
-6.40298e-11
1.129765e-12
8.908594e-09
-6.10947e-11
5.012526e-13
8.921964e-09
-5.834263e-11
8.661698e-15
8.934761e-09
-5.576092e-11
-3.721594e-13
8.947009e-09
-5.333745e-11
-6.611556e-13
8.958733e-09
-5.106079e-11
-8.747658e-13
8.969954e-09
-4.892019e-11
-1.026636e-12
8.980698e-09
-4.690562e-11
-1.128166e-12
8.990985e-09
-4.50077e-11
-1.1889e-12
9.000837e-09
-4.321775e-11
-1.216849e-12
9.010274e-09
-4.152775e-11
-1.218743e-12
9.019317e-09
-3.993024e-11
-1.200252e-12
9.027984e-09
-3.841842e-11
-1.166141e-12
9.036293e-09
-3.698596e-11
-1.120517e-12
9.044261e-09
-3.56271e-11
-1.066734e-12
9.051905e-09
-3.433651e-11
-1.008365e-12
9.05924e-09
-3.31094e-11
-9.468417e-13
-3.194131e-11
-8.895071e-13
9.066281e-09
8.918947e-09
-7.752438e-11
2.064275e-12
8.931278e-09
-7.385149e-11
1.464619e-12
8.94301e-09
-7.040851e-11
9.950053e-13
8.954168e-09
-6.717955e-11
6.315608e-13
8.964779e-09
-6.414954e-11
3.546675e-13
8.974868e-09
-6.130426e-11
1.482461e-13
8.984461e-09
-5.863037e-11
-9.757693e-16
8.993582e-09
-5.61154e-11
-1.04018e-13
9.002255e-09
-5.374773e-11
-1.700508e-13
9.010503e-09
-5.15166e-11
-2.067149e-13
9.018349e-09
-4.941201e-11
-2.203798e-13
9.025813e-09
-4.742473e-11
-2.163647e-13
9.032915e-09
-4.554623e-11
-1.990987e-13
9.039676e-09
-4.376865e-11
-1.723603e-13
9.046113e-09
-4.208475e-11
-1.391987e-13
9.052244e-09
-4.048784e-11
-1.028635e-13
9.058085e-09
-3.89719e-11
-6.456575e-14
-3.753119e-11
-3.12007e-14
9.063652e-09
8.94063e-09
-8.864754e-11
4.114975e-12
8.950345e-09
-8.425114e-11
3.50864e-12
8.959481e-09
-8.013483e-11
3.025193e-12
8.968066e-09
-7.627922e-11
2.641349e-12
8.97613e-09
-7.266597e-11
2.338103e-12
8.983702e-09
-6.92778e-11
2.100002e-12
8.99081e-09
-6.609852e-11
1.914392e-12
8.997481e-09
-6.311301e-11
1.770856e-12
9.003741e-09
-6.030719e-11
1.6608e-12
9.009615e-09
-5.766798e-11
1.577136e-12
9.015126e-09
-5.518327e-11
1.514018e-12
9.020298e-09
-5.28418e-11
1.466623e-12
9.025152e-09
-5.063321e-11
1.430988e-12
9.029708e-09
-4.854788e-11
1.403781e-12
9.033986e-09
-4.657698e-11
1.382356e-12
9.038002e-09
-4.471228e-11
1.363918e-12
9.041775e-09
-4.294643e-11
1.34749e-12
-4.127219e-11
1.327031e-12
9.04532e-09
8.948194e-09
-9.624498e-11
7.854204e-12
8.95399e-09
-9.11849e-11
7.158099e-12
8.959282e-09
-8.645936e-11
6.579164e-12
8.964102e-09
-8.204468e-11
6.094974e-12
8.968484e-09
-7.791853e-11
5.68737e-12
8.97246e-09
-7.405999e-11
5.341719e-12
8.976058e-09
-7.044948e-11
5.046147e-12
8.979308e-09
-6.706874e-11
4.790973e-12
8.982237e-09
-6.390081e-11
4.568295e-12
8.98487e-09
-6.092993e-11
4.371667e-12
8.987231e-09
-5.81415e-11
4.195836e-12
8.989342e-09
-5.552198e-11
4.036526e-12
8.991224e-09
-5.30589e-11
3.890277e-12
8.992896e-09
-5.074069e-11
3.754228e-12
8.994377e-09
-4.855671e-11
3.62614e-12
8.995683e-09
-4.649704e-11
3.503724e-12
8.99683e-09
-4.455286e-11
3.386144e-12
-4.271535e-11
3.268672e-12
8.997831e-09
8.922039e-09
-9.898473e-11
1.372036e-11
8.922437e-09
-9.341075e-11
1.279502e-11
8.922508e-09
-8.822697e-11
1.198745e-11
8.922285e-09
-8.340433e-11
1.127605e-11
8.9218e-09
-7.891562e-11
1.064346e-11
8.921083e-09
-7.473545e-11
1.007577e-11
8.920162e-09
-7.084024e-11
9.561786e-12
8.919061e-09
-6.720807e-11
9.092445e-12
8.917805e-09
-6.381866e-11
8.660413e-12
8.916415e-09
-6.065324e-11
8.259751e-12
8.91491e-09
-5.769447e-11
7.885656e-12
8.913307e-09
-5.492634e-11
7.534243e-12
8.911624e-09
-5.233414e-11
7.202385e-12
8.909875e-09
-4.990425e-11
6.887525e-12
8.908072e-09
-4.762422e-11
6.587647e-12
8.906227e-09
-4.548242e-11
6.300851e-12
8.904352e-09
-4.346859e-11
6.026174e-12
-4.157243e-11
5.760558e-12
8.902454e-09
8.832182e-09
-9.568357e-11
2.168644e-11
8.825907e-09
-8.987722e-11
2.035378e-11
8.819622e-09
-8.450802e-11
1.915108e-11
8.813351e-09
-7.954078e-11
1.805714e-11
8.807114e-09
-7.49429e-11
1.705488e-11
8.800929e-09
-7.068424e-11
1.613066e-11
8.794812e-09
-6.673704e-11
1.527348e-11
8.788777e-09
-6.307568e-11
1.447445e-11
8.782836e-09
-5.967664e-11
1.372635e-11
8.776999e-09
-5.651829e-11
1.302331e-11
8.771272e-09
-5.358079e-11
1.236053e-11
8.765664e-09
-5.084594e-11
1.173409e-11
8.76018e-09
-4.829709e-11
1.114078e-11
8.754822e-09
-4.591896e-11
1.057792e-11
8.749595e-09
-4.369762e-11
1.004331e-11
8.744499e-09
-4.16202e-11
9.535086e-12
8.739537e-09
-3.96753e-11
9.05173e-12
-3.785171e-11
8.591896e-12
8.734709e-09
8.637412e-09
-8.582822e-11
3.094704e-11
8.62397e-09
-8.020971e-11
2.904561e-11
8.610971e-09
-7.504966e-11
2.729988e-11
8.598415e-09
-7.030765e-11
2.568836e-11
8.586294e-09
-6.594667e-11
2.419362e-11
8.574602e-09
-6.193293e-11
2.280159e-11
8.563332e-09
-5.823558e-11
2.150077e-11
8.552474e-09
-5.482647e-11
2.028178e-11
8.542018e-09
-5.167999e-11
1.913686e-11
8.531955e-09
-4.87728e-11
1.805953e-11
8.522271e-09
-4.608368e-11
1.704439e-11
8.512957e-09
-4.359334e-11
1.608685e-11
8.504e-09
-4.128425e-11
1.518297e-11
8.495387e-09
-3.914049e-11
1.43294e-11
8.487108e-09
-3.714764e-11
1.352317e-11
8.479149e-09
-3.529251e-11
1.276192e-11
8.471499e-09
-3.356342e-11
1.204305e-11
-3.194927e-11
1.136652e-11
8.464147e-09
8.286511e-09
-7.012159e-11
3.985693e-11
8.266751e-09
-6.518803e-11
3.732236e-11
8.247953e-09
-6.069075e-11
3.497784e-11
8.230073e-09
-5.658764e-11
3.280145e-11
8.213064e-09
-5.284061e-11
3.077513e-11
8.196884e-09
-4.941525e-11
2.888391e-11
8.181491e-09
-4.628052e-11
2.711537e-11
8.166846e-09
-4.34084e-11
2.545906e-11
8.152909e-09
-4.077363e-11
2.39061e-11
8.139644e-09
-3.835346e-11
2.244885e-11
8.127016e-09
-3.612738e-11
2.108066e-11
8.11499e-09
-3.407694e-11
1.979569e-11
8.103536e-09
-3.218553e-11
1.858874e-11
8.092622e-09
-3.043822e-11
1.745516e-11
8.082219e-09
-2.882157e-11
1.639072e-11
8.072301e-09
-2.732345e-11
1.539204e-11
8.06284e-09
-2.593312e-11
1.445504e-11
-2.464083e-11
1.358016e-11
8.053814e-09
7.745775e-09
-5.493779e-11
4.969219e-11
7.720605e-09
-5.072401e-11
4.63724e-11
7.696939e-09
-4.691571e-11
4.32996e-11
7.674676e-09
-4.347043e-11
4.04486e-11
7.653722e-09
-4.035017e-11
3.779794e-11
7.633991e-09
-3.752092e-11
3.532942e-11
7.615401e-09
-3.495223e-11
3.302752e-11
7.597876e-09
-3.261693e-11
3.08789e-11
7.581346e-09
-3.049073e-11
2.887199e-11
7.565745e-09
-2.855197e-11
2.699662e-11
7.551011e-09
-2.678133e-11
2.524374e-11
7.537088e-09
-2.516159e-11
2.360521e-11
7.523921e-09
-2.367739e-11
2.207364e-11
7.511463e-09
-2.231505e-11
2.06423e-11
7.499666e-09
-2.106238e-11
1.930503e-11
7.488489e-09
-1.99085e-11
1.805609e-11
7.477891e-09
-1.884375e-11
1.689076e-11
7.467836e-09
-1.785951e-11
1.580349e-11
-1.694853e-11
1.479416e-11
7.45829e-09
6.899258e-09
-3.366737e-11
5.237363e-11
6.873507e-09
-3.092701e-11
4.876058e-11
6.849504e-09
-2.84692e-11
4.54083e-11
6.827113e-09
-2.626234e-11
4.229488e-11
6.806205e-09
-2.427828e-11
3.940085e-11
6.786664e-09
-2.249198e-11
3.670897e-11
6.768384e-09
-2.088121e-11
3.420393e-11
6.751267e-09
-1.94263e-11
3.187209e-11
6.735223e-09
-1.810985e-11
2.970116e-11
6.720171e-09
-1.691649e-11
2.768001e-11
6.706035e-09
-1.583266e-11
2.579845e-11
6.692747e-09
-1.484638e-11
2.404711e-11
6.680244e-09
-1.394709e-11
2.241733e-11
6.668468e-09
-1.312546e-11
2.090105e-11
6.657366e-09
-1.237324e-11
1.949088e-11
6.646889e-09
-1.168317e-11
1.817987e-11
6.636994e-09
-1.104892e-11
1.696214e-11
6.627639e-09
-1.046471e-11
1.583108e-11
-9.926269e-12
1.478533e-11
6.618787e-09
5.686996e-09
-1.559936e-11
4.980581e-11
5.664824e-09
-1.425711e-11
4.628123e-11
5.644291e-09
-1.306302e-11
4.300801e-11
5.625254e-09
-1.199947e-11
3.996877e-11
5.60758e-09
-1.105082e-11
3.71471e-11
5.591151e-09
-1.020321e-11
3.452768e-11
5.575859e-09
-9.444435e-12
3.209625e-11
5.561608e-09
-8.763825e-12
2.983961e-11
5.548309e-09
-8.152028e-12
2.774553e-11
5.535883e-09
-7.60087e-12
2.580267e-11
5.524258e-09
-7.103214e-12
2.400047e-11
5.513368e-09
-6.65282e-12
2.232911e-11
5.503154e-09
-6.244235e-12
2.077943e-11
5.493563e-09
-5.872694e-12
1.934291e-11
5.484546e-09
-5.534045e-12
1.801167e-11
5.476058e-09
-5.22464e-12
1.67783e-11
5.468059e-09
-4.941411e-12
1.563644e-11
5.460512e-09
-4.681437e-12
1.45792e-11
-4.443077e-12
1.360384e-11
5.453385e-09
3.996191e-09
-3.845078e-12
4.096615e-11
3.981051e-09
-3.489242e-12
3.801551e-11
3.967094e-09
-3.17657e-12
3.527746e-11
3.954208e-09
-2.90144e-12
3.273898e-11
3.942292e-09
-2.658918e-12
3.038703e-11
3.931254e-09
-2.444688e-12
2.820884e-11
3.921014e-09
-2.255007e-12
2.619222e-11
3.911499e-09
-2.086645e-12
2.432566e-11
3.902644e-09
-1.936816e-12
2.259837e-11
3.89439e-09
-1.803117e-12
2.100026e-11
3.886685e-09
-1.683476e-12
1.952192e-11
3.879482e-09
-1.576105e-12
1.815456e-11
3.872737e-09
-1.479464e-12
1.689003e-11
3.866413e-09
-1.392222e-12
1.572072e-11
3.860476e-09
-1.313246e-12
1.463963e-11
3.854893e-09
-1.241539e-12
1.364023e-11
3.849637e-09
-1.17635e-12
1.271679e-11
3.844683e-09
-1.116819e-12
1.186338e-11
-1.062833e-12
1.107662e-11
3.840006e-09
1.647315e-09
2.230726e-11
1.641605e-09
2.068148e-11
1.63636e-09
1.917685e-11
1.631531e-09
1.778576e-11
1.627078e-09
1.650043e-11
1.622962e-09
1.531325e-11
1.619152e-09
1.421698e-11
1.615618e-09
1.32048e-11
1.612333e-09
1.227033e-11
1.609275e-09
1.140765e-11
1.606424e-09
1.061126e-11
1.60376e-09
9.876048e-12
1.601267e-09
9.197288e-12
1.598931e-09
8.570613e-12
1.596738e-09
7.991992e-12
1.594676e-09
7.457689e-12
1.592734e-09
6.964392e-12
1.590903e-09
6.508656e-12
6.088144e-12
1.589174e-09
9.831236e-09
1.062025e-16
-2.092616e-12
9.842734e-09
1.119195e-16
-2.045547e-12
9.853845e-09
1.182677e-16
-1.988645e-12
9.864584e-09
1.258367e-16
-1.923981e-12
1.345819e-16
-1.859573e-12
9.874969e-09
9.753048e-09
-1.472065e-11
-1.90078e-12
9.767278e-09
-1.416095e-11
-2.018962e-12
9.780999e-09
-1.363129e-11
-2.093093e-12
9.794234e-09
-1.312958e-11
-2.131186e-12
9.807005e-09
-1.265384e-11
-2.14006e-12
9.819332e-09
-1.220227e-11
-2.125523e-12
9.831236e-09
-1.177316e-11
-2.092617e-12
9.842734e-09
-1.136496e-11
-2.045546e-12
9.853845e-09
-1.097621e-11
-1.988643e-12
9.864584e-09
-1.060559e-11
-1.923978e-12
-1.025192e-11
-1.859569e-12
9.874969e-09
9.645568e-09
-3.912553e-11
1.19855e-12
9.663847e-09
-3.744368e-11
3.970434e-13
9.681424e-09
-3.585817e-11
-2.43562e-13
9.698329e-09
-3.436322e-11
-7.50356e-13
9.714589e-09
-3.295318e-11
-1.145884e-12
9.730234e-09
-3.162259e-11
-1.448881e-12
9.745291e-09
-3.036621e-11
-1.675017e-12
9.759785e-09
-2.917906e-11
-1.837472e-12
9.773742e-09
-2.805641e-11
-1.94737e-12
9.787187e-09
-2.699385e-11
-2.014121e-12
9.800141e-09
-2.598722e-11
-2.045701e-12
9.812628e-09
-2.503262e-11
-2.048892e-12
9.824669e-09
-2.412647e-11
-2.029458e-12
9.836282e-09
-2.326542e-11
-1.992401e-12
9.847487e-09
-2.244635e-11
-1.941881e-12
9.858302e-09
-2.166641e-11
-1.882191e-12
9.868743e-09
-2.092297e-11
-1.815355e-12
-2.021366e-11
-1.749399e-12
9.878827e-09
9.662301e-09
-5.801967e-11
1.252003e-12
9.680018e-09
-5.548988e-11
4.795968e-13
9.697024e-09
-5.310439e-11
-1.341854e-13
9.71335e-09
-5.085454e-11
-6.164557e-13
9.729024e-09
-4.873192e-11
-9.897469e-13
9.744075e-09
-4.672839e-11
-1.272751e-12
9.758529e-09
-4.483617e-11
-1.481075e-12
9.772414e-09
-4.304788e-11
-1.627821e-12
9.785756e-09
-4.135653e-11
-1.724025e-12
9.798578e-09
-3.975558e-11
-1.779001e-12
9.810904e-09
-3.823888e-11
-1.800625e-12
9.822757e-09
-3.680068e-11
-1.795572e-12
9.834159e-09
-3.543565e-11
-1.7695e-12
9.845129e-09
-3.413882e-11
-1.727302e-12
9.855687e-09
-3.290561e-11
-1.673029e-12
9.865853e-09
-3.173175e-11
-1.610875e-12
9.875642e-09
-3.061333e-11
-1.542759e-12
-2.954679e-11
-1.47667e-12
9.885073e-09
9.686111e-09
-7.592434e-11
1.601391e-12
9.702791e-09
-7.253583e-11
8.668066e-13
9.718749e-09
-6.934034e-11
2.866951e-13
9.734015e-09
-6.632637e-11
-1.659875e-13
9.748618e-09
-6.348272e-11
-5.13655e-13
9.762588e-09
-6.079862e-11
-7.748433e-13
9.775954e-09
-5.82638e-11
-9.649724e-13
9.788744e-09
-5.586852e-11
-1.096946e-12
9.800983e-09
-5.360357e-11
-1.18159e-12
9.812699e-09
-5.14603e-11
-1.228002e-12
9.823916e-09
-4.94306e-11
-1.24384e-12
9.834658e-09
-4.75069e-11
-1.235562e-12
9.844947e-09
-4.568214e-11
-1.208606e-12
9.854805e-09
-4.394975e-11
-1.167653e-12
9.864252e-09
-4.230362e-11
-1.116545e-12
9.87331e-09
-4.073807e-11
-1.059272e-12
9.881995e-09
-3.924793e-11
-9.975783e-13
-3.78283e-11
-9.392797e-13
9.890326e-09
9.714077e-09
-9.216039e-11
2.625002e-12
9.728986e-09
-8.790169e-11
1.921742e-12
9.743161e-09
-8.388746e-11
1.366622e-12
9.756637e-09
-8.010318e-11
9.328832e-13
9.769445e-09
-7.653476e-11
5.984501e-13
9.781618e-09
-7.31687e-11
3.451651e-13
9.793187e-09
-6.999215e-11
1.580029e-13
9.804183e-09
-6.699289e-11
2.446162e-14
9.814635e-09
-6.415939e-11
-6.588304e-14
9.824571e-09
-6.148083e-11
-1.217337e-13
9.834017e-09
-5.894704e-11
-1.503589e-13
9.843e-09
-5.65485e-11
-1.578383e-13
9.851544e-09
-5.427632e-11
-1.492463e-13
9.859673e-09
-5.212221e-11
-1.289063e-13
9.867409e-09
-5.007846e-11
-1.003293e-13
9.874773e-09
-4.813785e-11
-6.716024e-14
9.881786e-09
-4.629382e-11
-3.089607e-14
-4.454e-11
1.088837e-15
9.888465e-09
9.73973e-09
-1.057119e-10
4.86387e-12
9.751771e-09
-1.005878e-10
4.153482e-12
9.763091e-09
-9.576499e-11
3.583519e-12
9.773726e-09
-9.122538e-11
3.127831e-12
9.783716e-09
-8.695157e-11
2.764989e-12
9.793097e-09
-8.292686e-11
2.477493e-12
9.801904e-09
-7.91354e-11
2.250977e-12
9.81017e-09
-7.556215e-11
2.073579e-12
9.817929e-09
-7.219292e-11
1.935496e-12
9.825211e-09
-6.901436e-11
1.82862e-12
9.832046e-09
-6.601393e-11
1.746249e-12
9.838461e-09
-6.317987e-11
1.682842e-12
9.844483e-09
-6.05012e-11
1.633832e-12
9.850137e-09
-5.796766e-11
1.595382e-12
9.855446e-09
-5.556969e-11
1.564422e-12
9.860432e-09
-5.329828e-11
1.53779e-12
9.865117e-09
-5.114534e-11
1.514258e-12
-4.910273e-11
1.487298e-12
9.86952e-09
9.750501e-09
-1.151878e-10
8.937804e-12
9.758197e-09
-1.092563e-10
8.130561e-12
9.765243e-09
-1.036896e-10
7.457531e-12
9.771685e-09
-9.846517e-11
6.893463e-12
9.777564e-09
-9.356114e-11
6.41782e-12
9.782921e-09
-8.89568e-11
6.013973e-12
9.787796e-09
-8.463253e-11
5.668392e-12
9.792225e-09
-8.056974e-11
5.370008e-12
9.796241e-09
-7.675095e-11
5.109764e-12
9.799878e-09
-7.315972e-11
4.880249e-12
9.803165e-09
-6.978065e-11
4.675412e-12
9.806131e-09
-6.659932e-11
4.49031e-12
9.808801e-09
-6.360227e-11
4.320928e-12
9.811201e-09
-6.077691e-11
4.163946e-12
9.813352e-09
-5.811157e-11
4.016745e-12
9.815276e-09
-5.55952e-11
3.876701e-12
9.816992e-09
-5.321795e-11
3.742758e-12
-5.096974e-11
3.609696e-12
9.818518e-09
9.724692e-09
-1.189487e-10
1.531779e-11
9.726343e-09
-1.12376e-10
1.426349e-11
9.727532e-09
-1.062352e-10
1.334387e-11
9.728306e-09
-1.004975e-10
1.253454e-11
9.728708e-09
-9.513542e-11
1.181581e-11
9.728778e-09
-9.012317e-11
1.117185e-11
9.728554e-09
-8.543632e-11
1.058986e-11
9.728069e-09
-8.105199e-11
1.005946e-11
9.727355e-09
-7.694872e-11
9.572222e-12
9.72644e-09
-7.310649e-11
9.121303e-12
9.725351e-09
-6.950661e-11
8.701154e-12
9.72411e-09
-6.613164e-11
8.307276e-12
9.722739e-09
-6.296541e-11
7.936035e-12
9.721258e-09
-5.999284e-11
7.584453e-12
9.719684e-09
-5.72e-11
7.250171e-12
9.718033e-09
-5.45738e-11
6.930974e-12
9.716318e-09
-5.210254e-11
6.625701e-12
-4.977434e-11
6.330788e-12
9.714552e-09
9.628852e-09
-1.154978e-10
2.396692e-11
9.622967e-09
-1.086113e-10
2.247449e-11
9.616969e-09
-1.022155e-10
2.112935e-11
9.610895e-09
-9.62741e-11
1.990758e-11
9.604778e-09
-9.075331e-11
1.878986e-11
9.598646e-09
-8.562138e-11
1.776067e-11
9.592524e-09
-8.084883e-11
1.68075e-11
9.586435e-09
-7.64082e-11
1.592019e-11
9.580396e-09
-7.227404e-11
1.509047e-11
9.574424e-09
-6.842274e-11
1.431163e-11
9.568532e-09
-6.483247e-11
1.357817e-11
9.562732e-09
-6.148305e-11
1.288558e-11
9.557033e-09
-5.835585e-11
1.223018e-11
9.551443e-09
-5.543367e-11
1.160887e-11
9.545968e-09
-5.27007e-11
1.101915e-11
9.540613e-09
-5.014221e-11
1.045881e-11
9.535381e-09
-4.774508e-11
9.926135e-12
-4.549621e-11
9.419246e-12
9.530275e-09
9.416815e-09
-1.041222e-10
3.399871e-11
9.402775e-09
-9.742147e-11
3.189631e-11
9.389133e-09
-9.124141e-11
2.996783e-11
9.375897e-09
-8.553916e-11
2.818922e-11
9.363071e-09
-8.027518e-11
2.654092e-11
9.350658e-09
-7.541301e-11
2.500708e-11
9.338654e-09
-7.091917e-11
2.357479e-11
9.327057e-09
-6.676286e-11
2.223345e-11
9.315861e-09
-6.29158e-11
2.097429e-11
9.30506e-09
-5.935209e-11
1.979004e-11
9.294645e-09
-5.604799e-11
1.867461e-11
9.284608e-09
-5.298176e-11
1.762282e-11
9.274939e-09
-5.013354e-11
1.663028e-11
9.265626e-09
-4.748514e-11
1.569318e-11
9.25666e-09
-4.501999e-11
1.480822e-11
9.24803e-09
-4.272282e-11
1.397268e-11
9.239725e-09
-4.058003e-11
1.31837e-11
-3.857854e-11
1.244068e-11
9.231733e-09
9.031233e-09
-8.557695e-11
4.361889e-11
9.009954e-09
-7.966063e-11
4.084027e-11
8.989664e-09
-7.424432e-11
3.827081e-11
8.970322e-09
-6.928241e-11
3.588632e-11
8.951889e-09
-6.473338e-11
3.366684e-11
8.934323e-09
-6.05595e-11
3.159584e-11
8.917586e-09
-5.67265e-11
2.965955e-11
8.901639e-09
-5.320324e-11
2.78464e-11
8.886445e-09
-4.996147e-11
2.614658e-11
8.871965e-09
-4.697558e-11
2.455164e-11
8.858166e-09
-4.422236e-11
2.305426e-11
8.845013e-09
-4.168077e-11
2.164798e-11
8.832473e-09
-3.933178e-11
2.032708e-11
8.820514e-09
-3.715814e-11
1.908646e-11
8.809108e-09
-3.514424e-11
1.792145e-11
8.798225e-09
-3.327593e-11
1.682825e-11
8.787838e-09
-3.154055e-11
1.580244e-11
-2.992653e-11
1.484383e-11
8.777922e-09
8.434067e-09
-6.745912e-11
5.421284e-11
8.406665e-09
-6.239817e-11
5.059589e-11
8.380859e-09
-5.780261e-11
4.72472e-11
8.35655e-09
-5.362603e-11
4.41396e-11
8.333643e-09
-4.98267e-11
4.124987e-11
8.312047e-09
-4.636709e-11
3.855832e-11
8.291681e-09
-4.321343e-11
3.604808e-11
8.272464e-09
-4.033537e-11
3.370467e-11
8.254323e-09
-3.770567e-11
3.15155e-11
8.237188e-09
-3.529987e-11
2.946952e-11
8.220996e-09
-3.309601e-11
2.755689e-11
8.205684e-09
-3.107441e-11
2.576877e-11
8.191197e-09
-2.921742e-11
2.409713e-11
8.177482e-09
-2.750918e-11
2.253464e-11
8.16449e-09
-2.593551e-11
2.107462e-11
8.152175e-09
-2.448367e-11
1.971083e-11
8.140494e-09
-2.314227e-11
1.843803e-11
8.129408e-09
-2.190107e-11
1.725024e-11
-2.075137e-11
1.614666e-11
8.11888e-09
7.498937e-09
-4.183314e-11
5.697114e-11
7.47076e-09
-3.851477e-11
5.30537e-11
7.444472e-09
-3.552269e-11
4.941659e-11
7.419926e-09
-3.282208e-11
4.603678e-11
7.396988e-09
-3.038175e-11
4.289364e-11
7.375535e-09
-2.817387e-11
3.996887e-11
7.355453e-09
-2.617358e-11
3.724612e-11
7.336638e-09
-2.435879e-11
3.471079e-11
7.318994e-09
-2.270983e-11
3.234969e-11
7.302432e-09
-2.120923e-11
3.015086e-11
7.286873e-09
-1.984145e-11
2.810335e-11
7.272241e-09
-1.85927e-11
2.619706e-11
7.258469e-09
-1.745073e-11
2.442266e-11
7.245494e-09
-1.640464e-11
2.277148e-11
7.233259e-09
-1.544478e-11
2.12355e-11
7.22171e-09
-1.456252e-11
1.980723e-11
7.2108e-09
-1.375033e-11
1.84802e-11
7.200484e-09
-1.30013e-11
1.724733e-11
-1.231022e-11
1.610656e-11
7.190722e-09
6.162192e-09
-1.980154e-11
5.397335e-11
6.137941e-09
-1.815314e-11
5.017034e-11
6.115468e-09
-1.66771e-11
4.663536e-11
6.094618e-09
-1.535386e-11
4.33506e-11
6.07525e-09
-1.416601e-11
4.029903e-11
6.057238e-09
-1.309807e-11
3.74646e-11
6.040464e-09
-1.213634e-11
3.483229e-11
6.024826e-09
-1.126874e-11
3.238811e-11
6.010227e-09
-1.048464e-11
3.011908e-11
5.996582e-09
-9.774671e-12
2.801311e-11
5.983813e-09
-9.130607e-12
2.605893e-11
5.971848e-09
-8.545195e-12
2.424605e-11
5.960624e-09
-8.012053e-12
2.256464e-11
5.950083e-09
-7.525559e-12
2.100558e-11
5.94017e-09
-7.080776e-12
1.956038e-11
5.930838e-09
-6.673334e-12
1.822112e-11
5.922043e-09
-6.299516e-12
1.698083e-11
5.913744e-09
-5.955787e-12
1.583217e-11
-5.640073e-12
1.477176e-11
5.905906e-09
4.307705e-09
-5.138681e-12
4.419793e-11
4.291223e-09
-4.687147e-12
4.103116e-11
4.276021e-09
-4.286548e-12
3.808945e-11
4.261977e-09
-3.930595e-12
3.53597e-11
4.248983e-09
-3.613763e-12
3.282851e-11
4.236942e-09
-3.331197e-12
3.04827e-11
4.225768e-09
-3.078663e-12
2.830951e-11
4.21538e-09
-2.852478e-12
2.629687e-11
4.20571e-09
-2.649441e-12
2.443341e-11
4.196694e-09
-2.466768e-12
2.270847e-11
4.188275e-09
-2.302036e-12
2.111208e-11
4.180403e-09
-2.153134e-12
1.963493e-11
4.17303e-09
-2.018225e-12
1.826832e-11
4.166117e-09
-1.895708e-12
1.700418e-11
4.159625e-09
-1.7842e-12
1.583502e-11
4.153521e-09
-1.682479e-12
1.475387e-11
4.147773e-09
-1.589593e-12
1.375454e-11
4.142354e-09
-1.504487e-12
1.283073e-11
-1.426946e-12
1.197859e-11
4.137239e-09
1.757822e-09
2.387195e-11
1.751671e-09
2.214509e-11
1.746017e-09
2.054463e-11
1.740809e-09
1.906306e-11
1.736003e-09
1.769254e-11
1.73156e-09
1.642534e-11
1.727444e-09
1.525402e-11
1.723625e-09
1.417157e-11
1.720075e-09
1.317139e-11
1.716768e-09
1.224733e-11
1.713684e-09
1.139366e-11
1.710802e-09
1.060505e-11
1.708104e-09
9.876554e-12
1.705575e-09
9.203589e-12
1.703201e-09
8.581903e-12
1.700969e-09
8.007577e-12
1.698867e-09
7.477069e-12
1.696884e-09
6.986783e-12
6.534134e-12
1.695011e-09
1.055817e-08
1.083781e-16
-2.127248e-12
1.057135e-08
1.145122e-16
-2.087125e-12
1.058407e-08
1.211587e-16
-2.035362e-12
1.059636e-08
1.290811e-16
-1.974328e-12
1.380712e-16
-1.91224e-12
1.060824e-08
1.046841e-08
-1.704162e-11
-1.833346e-12
1.048477e-08
-1.639505e-11
-1.978379e-12
1.050053e-08
-1.578111e-11
-2.074588e-12
1.051573e-08
-1.519778e-11
-2.13068e-12
1.053038e-08
-1.464315e-11
-2.154076e-12
1.054452e-08
-1.411541e-11
-2.151103e-12
1.055817e-08
-1.361287e-11
-2.127254e-12
1.057135e-08
-1.313396e-11
-2.087125e-12
1.058407e-08
-1.267718e-11
-2.035359e-12
1.059636e-08
-1.224116e-11
-1.974322e-12
-1.182466e-11
-1.912235e-12
1.060824e-08
1.034428e-08
-4.509335e-11
1.672954e-12
1.036538e-08
-4.321058e-11
7.809702e-13
1.038566e-08
-4.142575e-11
6.36108e-14
1.040515e-08
-3.973399e-11
-5.080956e-13
1.042389e-08
-3.813042e-11
-9.583415e-13
1.044192e-08
-3.661021e-11
-1.307296e-12
1.045926e-08
-3.51686e-11
-1.571865e-12
1.047595e-08
-3.380102e-11
-1.766301e-12
1.049201e-08
-3.250304e-11
-1.902652e-12
1.050748e-08
-3.127045e-11
-1.991126e-12
1.052238e-08
-3.009924e-11
-2.040393e-12
1.053673e-08
-2.898562e-11
-2.057833e-12
1.055056e-08
-2.792601e-11
-2.049731e-12
1.056389e-08
-2.691707e-11
-2.021535e-12
1.057675e-08
-2.595566e-11
-1.977796e-12
1.058915e-08
-2.503882e-11
-1.923118e-12
1.060112e-08
-2.416384e-11
-1.859817e-12
-2.332822e-11
-1.796123e-12
1.061267e-08
1.036282e-08
-6.694989e-11
1.730502e-12
1.038333e-08
-6.411166e-11
8.68926e-13
1.040301e-08
-6.142065e-11
1.79611e-13
1.04219e-08
-5.886956e-11
-3.664406e-13
1.044002e-08
-5.645109e-11
-7.934093e-13
1.045742e-08
-5.415801e-11
-1.121425e-12
1.047412e-08
-5.198326e-11
-1.36733e-12
1.049016e-08
-4.992004e-11
-1.545299e-12
1.050556e-08
-4.796178e-11
-1.66729e-12
1.052036e-08
-4.610223e-11
-1.743415e-12
1.053457e-08
-4.433545e-11
-1.78224e-12
1.054824e-08
-4.265582e-11
-1.791035e-12
1.056138e-08
-4.105802e-11
-1.775974e-12
1.057401e-08
-3.953708e-11
-1.742391e-12
1.058617e-08
-3.808832e-11
-1.694726e-12
1.059786e-08
-3.670734e-11
-1.637477e-12
1.060912e-08
-3.53901e-11
-1.572854e-12
-3.41328e-11
-1.509052e-12
1.061996e-08
1.038935e-08
-8.775977e-11
2.098208e-12
1.040877e-08
-8.394623e-11
1.276149e-12
1.042735e-08
-8.033079e-11
6.220467e-13
1.044511e-08
-7.690367e-11
1.069695e-13
1.046209e-08
-7.365512e-11
-2.931466e-13
1.047833e-08
-7.057551e-11
-5.982738e-13
1.049387e-08
-6.76555e-11
-8.250713e-13
1.050872e-08
-6.488603e-11
-9.875086e-13
1.052294e-08
-6.225841e-11
-1.09733e-12
1.053653e-08
-5.976436e-11
-1.164427e-12
1.054955e-08
-5.739598e-11
-1.197138e-12
1.0562e-08
-5.514581e-11
-1.202509e-12
1.057393e-08
-5.300678e-11
-1.186488e-12
1.058535e-08
-5.097226e-11
-1.154186e-12
1.059629e-08
-4.903598e-11
-1.109826e-12
1.060678e-08
-4.719207e-11
-1.057698e-12
1.061682e-08
-4.54351e-11
-9.998201e-13
-4.375984e-11
-9.44231e-13
1.062646e-08
1.042085e-08
-1.067616e-10
3.170835e-12
1.043839e-08
-1.019494e-10
2.381566e-12
1.045506e-08
-9.739029e-11
1.753696e-12
1.047091e-08
-9.307181e-11
1.258571e-12
1.048596e-08
-8.898156e-11
8.724685e-13
1.050026e-08
-8.510734e-11
5.757953e-13
1.051385e-08
-8.14373e-11
3.522949e-13
1.052676e-08
-7.795998e-11
1.884073e-13
1.053902e-08
-7.46644e-11
7.279984e-14
1.055068e-08
-7.154004e-11
-4.00998e-15
1.056176e-08
-6.857691e-11
-4.996029e-14
1.05723e-08
-6.576552e-11
-7.170425e-14
1.058231e-08
-6.309689e-11
-7.480903e-14
1.059184e-08
-6.056254e-11
-6.401597e-14
1.06009e-08
-5.815448e-11
-4.319995e-14
1.060952e-08
-5.586514e-11
-1.629518e-14
1.061773e-08
-5.36876e-11
1.494093e-14
-5.161496e-11
4.289435e-14
1.062554e-08
1.045047e-08
-1.227877e-10
5.511825e-12
1.046493e-08
-1.169698e-10
4.715462e-12
1.047852e-08
-1.114676e-10
4.072501e-12
1.049128e-08
-1.062651e-10
3.554898e-12
1.050327e-08
-1.013469e-10
3.139577e-12
1.051453e-08
-9.66973e-11
2.807615e-12
1.05251e-08
-9.230157e-11
2.543425e-12
1.053503e-08
-8.814528e-11
2.334106e-12
1.054435e-08
-8.421463e-11
2.168964e-12
1.055309e-08
-8.049645e-11
2.039131e-12
1.05613e-08
-7.697818e-11
1.937261e-12
1.056901e-08
-7.364789e-11
1.857259e-12
1.057625e-08
-7.049432e-11
1.794091e-12
1.058304e-08
-6.750678e-11
1.743521e-12
1.058943e-08
-6.467523e-11
1.702139e-12
1.059542e-08
-6.199011e-11
1.666507e-12
1.060106e-08
-5.94427e-11
1.635159e-12
-5.702412e-11
1.601296e-12
1.060635e-08
1.046469e-08
-1.342071e-10
9.765132e-12
1.047442e-08
-1.274367e-10
8.868715e-12
1.048334e-08
-1.210542e-10
8.11922e-12
1.049152e-08
-1.150389e-10
7.489503e-12
1.0499e-08
-1.093707e-10
6.957389e-12
1.050584e-08
-1.040296e-10
6.504842e-12
1.051209e-08
-9.89967e-11
6.117135e-12
1.051779e-08
-9.425375e-11
5.782186e-12
1.052298e-08
-8.978328e-11
5.490075e-12
1.05277e-08
-8.556866e-11
5.232662e-12
1.053198e-08
-8.159411e-11
5.003279e-12
1.053587e-08
-7.784469e-11
4.796465e-12
1.05394e-08
-7.430628e-11
4.607765e-12
1.054259e-08
-7.096555e-11
4.433491e-12
1.054547e-08
-6.781e-11
4.270707e-12
1.054807e-08
-6.482771e-11
4.11653e-12
1.055041e-08
-6.200791e-11
3.969694e-12
-5.933946e-11
3.824657e-12
1.055251e-08
1.043989e-08
-1.390631e-10
1.641616e-11
1.044298e-08
-1.315199e-10
1.526445e-11
1.044545e-08
-1.24443e-10
1.425995e-11
1.044737e-08
-1.17805e-10
1.337641e-11
1.04488e-08
-1.115791e-10
1.25925e-11
1.04498e-08
-1.057397e-10
1.189102e-11
1.045039e-08
-1.002625e-10
1.1258e-11
1.045064e-08
-9.51242e-11
1.068209e-11
1.045058e-08
-9.030277e-11
1.015403e-11
1.045024e-08
-8.577741e-11
9.666302e-12
1.044967e-08
-8.152848e-11
9.212767e-12
1.044888e-08
-7.753753e-11
8.788448e-12
1.04479e-08
-7.378723e-11
8.389305e-12
1.044677e-08
-7.02613e-11
8.012021e-12
1.04455e-08
-6.694457e-11
7.65395e-12
1.044412e-08
-6.382266e-11
7.312624e-12
1.044263e-08
-6.088263e-11
6.986697e-12
-5.811112e-11
6.672226e-12
1.044106e-08
1.033941e-08
-1.355295e-10
2.541834e-11
1.033413e-08
-1.275846e-10
2.381456e-11
1.032862e-08
-1.201771e-10
2.237056e-11
1.032294e-08
-1.132708e-10
2.106055e-11
1.031711e-08
-1.068315e-10
1.986366e-11
1.03112e-08
-1.008266e-10
1.876304e-11
1.030522e-08
-9.522566e-11
1.774507e-11
1.029922e-08
-9.00001e-11
1.679867e-11
1.029322e-08
-8.512303e-11
1.591481e-11
1.028723e-08
-8.056935e-11
1.508612e-11
1.028129e-08
-7.631564e-11
1.430657e-11
1.027541e-08
-7.234006e-11
1.357122e-11
1.02696e-08
-6.862233e-11
1.287599e-11
1.026387e-08
-6.514353e-11
1.221751e-11
1.025824e-08
-6.18862e-11
1.159296e-11
1.025271e-08
-5.883392e-11
1.099992e-11
1.024729e-08
-5.597196e-11
1.043648e-11
-5.328549e-11
9.900321e-12
1.024198e-08
1.011239e-08
-1.226769e-10
3.583532e-11
1.0098e-08
-1.149084e-10
3.360399e-11
1.008395e-08
-1.077168e-10
3.155892e-11
1.007025e-08
-1.010578e-10
2.967433e-11
1.005692e-08
-9.489018e-11
2.792923e-11
1.004397e-08
-8.917566e-11
2.630656e-11
1.003141e-08
-8.387872e-11
2.479241e-11
1.001923e-08
-7.896648e-11
2.337533e-11
1.000745e-08
-7.440853e-11
2.204588e-11
9.996049e-09
-7.017678e-11
2.079619e-11
9.985034e-09
-6.624532e-11
1.961968e-11
9.974396e-09
-6.259029e-11
1.851078e-11
9.964129e-09
-5.91897e-11
1.746472e-11
9.954225e-09
-5.602333e-11
1.647743e-11
9.944674e-09
-5.30726e-11
1.554532e-11
9.935467e-09
-5.032033e-11
1.466542e-11
9.926596e-09
-4.775107e-11
1.383469e-11
-4.534985e-11
1.3052e-11
9.918049e-09
9.695726e-09
-1.013009e-10
4.578928e-11
9.673202e-09
-9.440951e-11
4.28652e-11
9.651671e-09
-8.807704e-11
4.016206e-11
9.631101e-09
-8.225529e-11
3.765426e-11
9.611457e-09
-7.690006e-11
3.532067e-11
9.592704e-09
-7.197093e-11
3.314376e-11
9.574807e-09
-6.743096e-11
3.110893e-11
9.557729e-09
-6.324637e-11
2.920392e-11
9.541435e-09
-5.938633e-11
2.741828e-11
9.52589e-09
-5.582271e-11
2.574309e-11
9.511058e-09
-5.252986e-11
2.417056e-11
9.496906e-09
-4.94844e-11
2.269386e-11
9.483402e-09
-4.666504e-11
2.130695e-11
9.470513e-09
-4.405238e-11
2.000441e-11
9.458209e-09
-4.16288e-11
1.878131e-11
9.446462e-09
-3.937818e-11
1.763355e-11
9.435243e-09
-3.728603e-11
1.655653e-11
-3.533902e-11
1.554946e-11
9.424526e-09
9.047245e-09
-8.021421e-11
9.017909e-09
-7.431285e-11
5.294328e-11
8.990239e-09
-6.893255e-11
4.944031e-11
8.964137e-09
-6.402375e-11
4.618905e-11
8.939507e-09
-5.954166e-11
4.316536e-11
8.916263e-09
-5.544581e-11
4.034875e-11
8.894318e-09
-5.169957e-11
3.772168e-11
8.873592e-09
-4.826989e-11
3.526903e-11
8.854011e-09
-4.512689e-11
3.297767e-11
8.835501e-09
-4.22436e-11
3.083604e-11
8.817997e-09
-3.95957e-11
2.883388e-11
8.801436e-09
-3.716125e-11
2.696195e-11
8.785757e-09
-3.492043e-11
2.521186e-11
8.770906e-09
-3.285539e-11
2.357596e-11
8.756831e-09
-3.095004e-11
2.204724e-11
8.743484e-09
-2.918987e-11
2.061918e-11
8.730819e-09
-2.756179e-11
1.928622e-11
8.718795e-09
-2.605402e-11
1.804215e-11
-2.465643e-11
1.688559e-11
8.707374e-09
8.03148e-09
-5.01822e-11
8.001157e-09
-4.628797e-11
5.535166e-11
7.972838e-09
-4.276111e-11
5.156408e-11
7.946372e-09
-3.956406e-11
4.804281e-11
7.921621e-09
-3.666307e-11
4.476684e-11
7.898454e-09
-3.402789e-11
4.171748e-11
7.876754e-09
-3.16314e-11
3.887797e-11
7.856411e-09
-2.944932e-11
3.623328e-11
7.837324e-09
-2.745996e-11
3.376983e-11
7.8194e-09
-2.564392e-11
3.147527e-11
7.802553e-09
-2.398388e-11
2.933824e-11
7.786705e-09
-2.246433e-11
2.734832e-11
7.771783e-09
-2.107145e-11
2.549581e-11
7.75772e-09
-1.979287e-11
2.377172e-11
7.744455e-09
-1.861754e-11
2.216773e-11
7.731932e-09
-1.753556e-11
2.067603e-11
7.720099e-09
-1.653821e-11
1.928983e-11
7.708908e-09
-1.561747e-11
1.800178e-11
-1.476721e-11
1.680929e-11
7.698316e-09
6.581935e-09
-2.412051e-11
6.555837e-09
-2.21657e-11
5.214596e-11
6.531635e-09
-2.040608e-11
4.848186e-11
6.509167e-09
-1.882046e-11
4.507493e-11
6.488285e-09
-1.738991e-11
4.190818e-11
6.468854e-09
-1.60975e-11
3.896546e-11
6.450751e-09
-1.492821e-11
3.623151e-11
6.433867e-09
-1.386873e-11
3.369213e-11
6.418099e-09
-1.290724e-11
3.133401e-11
6.403357e-09
-1.203331e-11
2.914477e-11
6.389557e-09
-1.123768e-11
2.711285e-11
6.376623e-09
-1.051215e-11
2.522742e-11
6.364487e-09
-9.849456e-12
2.347838e-11
6.353087e-09
-9.243166e-12
2.185632e-11
6.342365e-09
-8.687583e-12
2.035247e-11
6.332269e-09
-8.177636e-12
1.895861e-11
6.322754e-09
-7.708971e-12
1.766749e-11
6.313774e-09
-7.277444e-12
1.647154e-11
-6.880552e-12
1.536693e-11
6.305292e-09
4.580773e-09
-6.479607e-12
4.563106e-09
-5.931694e-12
4.246405e-11
4.546801e-09
-5.44207e-12
3.943053e-11
4.531731e-09
-5.003877e-12
3.661344e-11
4.517781e-09
-4.611078e-12
3.399959e-11
4.504849e-09
-4.258346e-12
3.157578e-11
4.492842e-09
-3.94101e-12
2.932922e-11
4.481677e-09
-3.654984e-12
2.724771e-11
4.47128e-09
-3.39669e-12
2.53197e-11
4.461584e-09
-3.162992e-12
2.353434e-11
4.452528e-09
-2.951143e-12
2.188147e-11
4.444058e-09
-2.758729e-12
2.035158e-11
4.436125e-09
-2.583632e-12
1.893577e-11
4.428684e-09
-2.423988e-12
1.762577e-11
4.421696e-09
-2.278176e-12
1.641389e-11
4.415124e-09
-2.144751e-12
1.529297e-11
4.408935e-09
-2.022565e-12
1.425661e-11
4.403101e-09
-1.910369e-12
1.329834e-11
-1.807839e-12
1.241404e-11
4.397592e-09
1.853767e-09
1.847232e-09
2.274843e-11
1.841221e-09
2.111363e-11
1.835681e-09
1.959862e-11
1.830567e-09
1.819581e-11
1.825836e-09
1.68976e-11
1.821453e-09
1.569664e-11
1.817383e-09
1.458596e-11
1.813599e-09
1.355897e-11
1.810074e-09
1.260954e-11
1.806784e-09
1.17319e-11
1.80371e-09
1.092071e-11
1.800832e-09
1.017097e-11
1.798134e-09
9.478046e-12
1.7956e-09
8.837659e-12
1.793217e-09
8.245807e-12
1.790972e-09
7.698903e-12
1.788855e-09
7.193279e-12
6.726273e-12
1.786855e-09
1.119829e-08
1.093281e-16
-2.057812e-12
1.12131e-08
1.158799e-16
-2.028467e-12
1.122739e-08
1.227716e-16
-1.985912e-12
1.124119e-08
1.309928e-16
-1.93274e-12
1.400924e-16
-1.877086e-12
1.125452e-08
1.109727e-08
-1.930564e-11
-1.653926e-12
1.111569e-08
-1.857631e-11
-1.824155e-12
1.113344e-08
-1.788166e-11
-1.942365e-12
1.115055e-08
-1.72198e-11
-2.017626e-12
1.116704e-08
-1.658893e-11
-2.057689e-12
1.118294e-08
-1.598733e-11
-2.069172e-12
1.119829e-08
-1.541334e-11
-2.057822e-12
1.12131e-08
-1.486541e-11
-2.028469e-12
1.122739e-08
-1.434205e-11
-1.985908e-12
1.124119e-08
-1.384189e-11
-1.932734e-12
-1.336365e-11
-1.87708e-12
1.125452e-08
1.095689e-08
-5.085068e-11
1.098073e-08
-4.878719e-11
1.100364e-08
-4.682093e-11
4.332759e-13
1.102566e-08
-4.494817e-11
-1.865963e-13
1.104682e-08
-4.316498e-11
-6.792839e-13
1.106717e-08
-4.146734e-11
-1.065566e-12
1.108674e-08
-3.985117e-11
-1.362905e-12
1.110557e-08
-3.831245e-11
-1.586057e-12
1.112368e-08
-3.684721e-11
-1.747527e-12
1.114112e-08
-3.545159e-11
-1.857932e-12
1.115791e-08
-3.412186e-11
-1.926308e-12
1.117407e-08
-3.285443e-11
-1.960363e-12
1.118965e-08
-3.164587e-11
-1.966674e-12
1.120466e-08
-3.049292e-11
-1.95094e-12
1.121913e-08
-2.939246e-11
-1.917949e-12
1.123308e-08
-2.834158e-11
-1.872453e-12
1.124653e-08
-2.733751e-11
-1.817002e-12
-2.637768e-11
-1.759735e-12
1.125951e-08
1.097708e-08
-7.557662e-11
1.100033e-08
-7.245964e-11
1.102263e-08
-6.948938e-11
5.504604e-13
1.104402e-08
-6.666021e-11
-4.356181e-14
1.106454e-08
-6.396623e-11
-5.127848e-13
1.108423e-08
-6.140141e-11
-8.779478e-13
1.110313e-08
-5.895968e-11
-1.156454e-12
1.112127e-08
-5.663505e-11
-1.362984e-12
1.113868e-08
-5.44216e-11
-1.509953e-12
1.115541e-08
-5.231361e-11
-1.607885e-12
1.117148e-08
-5.030551e-11
-1.66571e-12
1.118692e-08
-4.839198e-11
-1.691028e-12
1.120175e-08
-4.65679e-11
-1.690305e-12
1.121601e-08
-4.482839e-11
-1.669128e-12
1.122973e-08
-4.316883e-11
-1.632168e-12
1.124292e-08
-4.158483e-11
-1.584079e-12
1.125561e-08
-4.007224e-11
-1.527294e-12
-3.862717e-11
-1.469932e-12
1.126782e-08
1.100614e-08
-9.921425e-11
1.102827e-08
-9.501404e-11
1.104942e-08
-9.10125e-11
9.95625e-13
1.106963e-08
-8.720201e-11
4.328534e-13
1.108896e-08
-8.357464e-11
-9.247778e-15
1.110743e-08
-8.01223e-11
-3.51266e-13
1.112509e-08
-7.683691e-11
-6.104248e-13
1.114198e-08
-7.371045e-11
-8.012059e-13
1.115813e-08
-7.073504e-11
-9.358127e-13
1.117358e-08
-6.790302e-11
-1.024549e-12
1.118836e-08
-6.520699e-11
-1.076124e-12
1.120251e-08
-6.26398e-11
-1.097909e-12
1.121604e-08
-6.01946e-11
-1.096146e-12
1.1229e-08
-5.786486e-11
-1.076197e-12
1.124141e-08
-5.564434e-11
-1.042519e-12
1.125329e-08
-5.352709e-11
-9.995526e-13
1.126468e-08
-5.150757e-11
-9.495438e-13
-4.958033e-11
-9.004631e-13
1.127559e-08
1.104098e-08
-1.20926e-10
1.106114e-08
-1.15606e-10
1.108029e-08
-1.105423e-10
2.132363e-12
1.109848e-08
-1.057249e-10
1.58991e-12
1.111576e-08
-1.011436e-10
1.162175e-12
1.113217e-08
-9.678799e-11
8.289421e-13
1.114776e-08
-9.264766e-11
5.73381e-13
1.116257e-08
-8.871232e-11
3.814156e-13
1.117664e-08
-8.497188e-11
2.412477e-13
1.119001e-08
-8.141652e-11
1.429796e-13
1.120271e-08
-7.803672e-11
7.830354e-14
1.121478e-08
-7.482327e-11
4.023785e-14
1.122625e-08
-7.176737e-11
2.292408e-14
1.123716e-08
-6.886056e-11
2.136946e-14
1.124754e-08
-6.609478e-11
3.146796e-14
1.125741e-08
-6.34623e-11
4.912876e-14
1.12668e-08
-6.095595e-11
7.237896e-14
-5.856846e-11
9.363626e-14
1.127574e-08
1.107445e-08
-1.393979e-10
1.109134e-08
-1.329376e-10
1.110721e-08
-1.268009e-10
4.458781e-12
1.112212e-08
-1.209749e-10
3.894364e-12
1.113613e-08
-1.154462e-10
3.437897e-12
1.114928e-08
-1.102011e-10
3.069817e-12
1.116163e-08
-1.052265e-10
2.773955e-12
1.117322e-08
-1.005089e-10
2.536883e-12
1.118411e-08
-9.603539e-11
2.347437e-12
1.119433e-08
-9.179341e-11
2.196334e-12
1.120392e-08
-8.777073e-11
2.075854e-12
1.121293e-08
-8.395558e-11
1.979579e-12
1.122139e-08
-8.033667e-11
1.902183e-12
1.122934e-08
-7.690316e-11
1.839184e-12
1.123681e-08
-7.364476e-11
1.786944e-12
1.124382e-08
-7.055153e-11
1.741863e-12
1.125041e-08
-6.761434e-11
1.702273e-12
-6.482368e-11
1.661351e-12
1.125661e-08
1.109221e-08
-1.527631e-10
1.110403e-08
-1.452083e-10
1.111489e-08
-1.380574e-10
8.514496e-12
1.112486e-08
-1.312924e-10
7.838811e-12
1.1134e-08
-1.248952e-10
7.266314e-12
1.114237e-08
-1.188477e-10
6.778315e-12
1.115004e-08
-1.131321e-10
6.35949e-12
1.115704e-08
-1.07731e-10
5.997228e-12
1.116345e-08
-1.026275e-10
5.681137e-12
1.116929e-08
-9.780522e-11
5.402662e-12
1.117461e-08
-9.324839e-11
5.154767e-12
1.117946e-08
-8.89419e-11
4.931673e-12
1.118388e-08
-8.487129e-11
4.728643e-12
1.118789e-08
-8.102276e-11
4.541748e-12
1.119153e-08
-7.738322e-11
4.367835e-12
1.119483e-08
-7.394011e-11
4.203852e-12
1.119782e-08
-7.068192e-11
4.048349e-12
-6.759658e-11
3.895678e-12
1.120052e-08
1.106893e-08
-1.587473e-10
1.107356e-08
-1.502883e-10
1.107742e-08
-1.423225e-10
1.466128e-11
1.10806e-08
-1.348246e-10
1.373338e-11
1.108315e-08
-1.277692e-10
1.291048e-11
1.108515e-08
-1.211321e-10
1.217471e-11
1.108666e-08
-1.148892e-10
1.151152e-11
1.108772e-08
-1.090177e-10
1.090902e-11
1.108838e-08
-1.034955e-10
1.035751e-11
1.108869e-08
-9.830152e-11
9.849056e-12
1.10887e-08
-9.341551e-11
9.37718e-12
1.108843e-08
-8.881838e-11
8.936599e-12
1.108791e-08
-8.449199e-11
8.52301e-12
1.108719e-08
-8.041915e-11
8.132869e-12
1.108628e-08
-7.658369e-11
7.763327e-12
1.108521e-08
-7.297015e-11
7.411745e-12
1.1084e-08
-6.956453e-11
7.076623e-12
-6.635218e-11
6.753796e-12
1.108268e-08
1.096497e-08
-1.551904e-10
1.096047e-08
-1.462386e-10
1.095562e-08
-1.378633e-10
2.276789e-11
1.095047e-08
-1.300293e-10
2.141654e-11
1.094508e-08
-1.227027e-10
2.018319e-11
1.093951e-08
-1.158512e-10
1.905037e-11
1.093381e-08
-1.094439e-10
1.800389e-11
1.092801e-08
-1.034517e-10
1.70322e-11
1.092215e-08
-9.784667e-11
1.612585e-11
1.091626e-08
-9.260284e-11
1.527712e-11
1.091037e-08
-8.769557e-11
1.447967e-11
1.090449e-08
-8.310174e-11
1.372827e-11
1.089866e-08
-7.87997e-11
1.301864e-11
1.089288e-08
-7.476915e-11
1.234718e-11
1.088717e-08
-7.099115e-11
1.171091e-11
1.088154e-08
-6.744784e-11
1.110724e-11
1.0876e-08
-6.412306e-11
1.053414e-11
-6.100035e-11
9.98894e-12
1.087056e-08
1.072517e-08
-1.409372e-10
1.071067e-08
-1.32146e-10
1.069642e-08
-1.239809e-10
3.193033e-11
1.068245e-08
-1.16397e-10
3.000965e-11
1.066879e-08
-1.093523e-10
2.823245e-11
1.065548e-08
-1.028073e-10
2.658117e-11
1.064251e-08
-9.672523e-11
2.504144e-11
1.06299e-08
-9.107169e-11
2.360142e-11
1.061766e-08
-8.581461e-11
2.225136e-11
1.06058e-08
-8.092419e-11
2.098309e-11
1.059431e-08
-7.637272e-11
1.978979e-11
1.058318e-08
-7.213453e-11
1.866567e-11
1.057243e-08
-6.818583e-11
1.760581e-11
1.056204e-08
-6.450458e-11
1.660594e-11
1.0552e-08
-6.107043e-11
1.566236e-11
1.054231e-08
-5.786446e-11
1.477191e-11
1.053296e-08
-5.486955e-11
1.39315e-11
-5.206893e-11
1.313953e-11
1.052394e-08
1.02811e-08
-1.168133e-10
1.025759e-08
-1.089831e-10
1.023506e-08
-1.017646e-10
4.04765e-11
1.021349e-08
-9.51079e-11
3.794041e-11
1.019284e-08
-8.896689e-11
3.558122e-11
1.017309e-08
-8.329911e-11
3.338112e-11
1.015422e-08
-7.806552e-11
3.132523e-11
1.013618e-08
-7.32302e-11
2.940105e-11
1.011895e-08
-6.876018e-11
2.759796e-11
1.010248e-08
-6.462519e-11
2.590684e-11
1.008676e-08
-6.079747e-11
2.431975e-11
1.007174e-08
-5.725157e-11
2.282973e-11
1.005739e-08
-5.396421e-11
2.14306e-11
1.004369e-08
-5.091405e-11
2.011685e-11
1.00306e-08
-4.808159e-11
1.888345e-11
1.001809e-08
-4.544892e-11
1.772614e-11
1.000614e-08
-4.299986e-11
1.664029e-11
-4.071937e-11
1.562458e-11
9.994714e-09
9.555713e-09
-8.609481e-11
9.526453e-09
-7.995584e-11
9.498811e-09
-7.43362e-11
4.640255e-11
9.472696e-09
-6.918873e-11
4.336113e-11
9.448021e-09
-6.44706e-11
4.052795e-11
9.424701e-09
-6.014291e-11
3.788545e-11
9.402656e-09
-5.61703e-11
3.541848e-11
9.38181e-09
-5.252068e-11
3.311386e-11
9.362091e-09
-4.916493e-11
3.095997e-11
9.34343e-09
-4.607664e-11
2.894648e-11
9.325762e-09
-4.323183e-11
2.706409e-11
9.309027e-09
-4.060879e-11
2.530435e-11
9.293167e-09
-3.818782e-11
2.365956e-11
9.278129e-09
-3.595108e-11
2.212263e-11
9.263862e-09
-3.388241e-11
2.068701e-11
9.250319e-09
-3.196716e-11
1.934699e-11
9.237457e-09
-3.019207e-11
1.809637e-11
-2.854564e-11
1.693323e-11
9.225236e-09
8.46652e-09
-5.399461e-11
8.436431e-09
-4.994895e-11
8.408286e-09
-4.626833e-11
4.81197e-11
8.381943e-09
-4.291694e-11
4.483818e-11
8.357269e-09
-3.986252e-11
4.178303e-11
8.334143e-09
-3.707602e-11
3.893773e-11
8.31245e-09
-3.453132e-11
3.628738e-11
8.292085e-09
-3.220497e-11
3.381848e-11
8.272953e-09
-3.007586e-11
3.151874e-11
8.254963e-09
-2.812507e-11
2.937684e-11
8.238032e-09
-2.633557e-11
2.738236e-11
8.222086e-09
-2.469209e-11
2.55256e-11
8.207053e-09
-2.318089e-11
2.379758e-11
8.192869e-09
-2.178965e-11
2.218993e-11
8.179475e-09
-2.050727e-11
2.069486e-11
8.166816e-09
-1.932391e-11
1.930545e-11
8.154842e-09
-1.823049e-11
1.801441e-11
-1.721999e-11
1.681867e-11
8.143507e-09
6.920802e-09
-2.615781e-11
6.895087e-09
-2.412216e-11
6.8712e-09
-2.228008e-11
4.497364e-11
6.848987e-09
-2.061138e-11
4.181599e-11
6.828307e-09
-1.909795e-11
3.888087e-11
6.809033e-09
-1.772361e-11
3.615339e-11
6.791048e-09
-1.647398e-11
3.361956e-11
6.774247e-09
-1.533623e-11
3.126628e-11
6.758534e-09
-1.429894e-11
2.908129e-11
6.74382e-09
-1.335194e-11
2.705313e-11
6.730027e-09
-1.248618e-11
2.517105e-11
6.717082e-09
-1.16936e-11
2.342503e-11
6.704919e-09
-1.096698e-11
2.180568e-11
6.693477e-09
-1.029993e-11
2.030426e-11
6.682703e-09
-9.686719e-12
1.891261e-11
6.672545e-09
-9.122388e-12
1.762341e-11
6.662959e-09
-8.602211e-12
1.642917e-11
-8.123264e-12
1.532576e-11
6.653904e-09
4.799057e-09
-7.176921e-12
4.781791e-09
-6.600274e-12
4.765826e-09
-6.081336e-12
3.638018e-11
4.751041e-09
-5.613644e-12
3.378686e-11
4.737329e-09
-5.191475e-12
3.138119e-11
4.724594e-09
-4.809783e-12
2.915075e-11
4.712748e-09
-4.464133e-12
2.70836e-11
4.701713e-09
-4.150616e-12
2.516844e-11
4.69142e-09
-3.865786e-12
2.339461e-11
4.681804e-09
-3.606602e-12
2.17521e-11
4.672808e-09
-3.370374e-12
2.023154e-11
4.664381e-09
-3.154725e-12
1.882414e-11
4.656476e-09
-2.95755e-12
1.752173e-11
4.64905e-09
-2.777002e-12
1.63167e-11
4.642066e-09
-2.611428e-12
1.520197e-11
4.635488e-09
-2.459491e-12
1.417116e-11
4.629286e-09
-2.319755e-12
1.321791e-11
-2.191792e-12
1.233796e-11
4.623431e-09
1.92956e-09
1.923242e-09
1.917417e-09
1.934242e-11
1.912036e-09
1.796267e-11
1.907057e-09
1.668493e-11
1.902442e-09
1.550219e-11
1.898156e-09
1.440773e-11
1.894169e-09
1.339521e-11
1.890454e-09
1.24587e-11
1.886987e-09
1.159261e-11
1.883745e-09
1.079175e-11
1.88071e-09
1.005127e-11
1.877864e-09
9.366672e-12
1.875191e-09
8.733749e-12
1.872677e-09
8.148619e-12
1.870309e-09
7.607733e-12
1.868075e-09
7.107551e-12
6.645371e-12
1.865964e-09
1.175279e-08
1.093873e-16
1.176914e-08
1.162166e-16
1.178491e-08
1.233781e-16
1.180014e-08
1.317629e-16
1.409301e-16
1.181484e-08
1.164112e-08
-2.144901e-11
1.166149e-08
-2.064324e-11
1.168112e-08
-1.987367e-11
1.170004e-08
-1.913859e-11
1.171826e-08
-1.843636e-11
1.173584e-08
-1.776536e-11
1.175279e-08
-1.712402e-11
1.176914e-08
-1.651086e-11
1.178491e-08
-1.592442e-11
1.180014e-08
-1.536335e-11
-1.482635e-11
1.181484e-08
1.153716e-08
-5.189535e-11
1.156157e-08
-4.986116e-11
1.158503e-08
-4.791629e-11
1.160758e-08
-4.605765e-11
1.162926e-08
-4.428197e-11
1.165011e-08
-4.258587e-11
1.167017e-08
-4.096597e-11
1.168947e-08
-3.941885e-11
1.170805e-08
-3.794116e-11
1.172594e-08
-3.65296e-11
1.174317e-08
-3.518097e-11
1.175976e-08
-3.389217e-11
1.177575e-08
-3.266021e-11
1.179117e-08
-3.148222e-11
1.180603e-08
-3.035548e-11
-2.92774e-11
1.182036e-08
1.155763e-08
-7.708681e-11
1.15814e-08
-7.400868e-11
1.16042e-08
-7.106587e-11
1.162607e-08
-6.825373e-11
1.164705e-08
-6.556738e-11
1.166719e-08
-6.300178e-11
1.168652e-08
-6.055185e-11
1.170508e-08
-5.821253e-11
1.172291e-08
-5.59788e-11
1.174003e-08
-5.384574e-11
1.175647e-08
-5.180857e-11
1.177228e-08
-4.986263e-11
1.178748e-08
-4.800344e-11
1.180209e-08
-4.62267e-11
1.181614e-08
-4.45283e-11
-4.29043e-11
1.182965e-08
1.158666e-08
-1.010858e-10
1.160922e-08
-9.693023e-11
1.163078e-08
-9.295913e-11
1.165139e-08
-8.916617e-11
1.167108e-08
-8.554475e-11
1.168991e-08
-8.208812e-11
1.170792e-08
-7.878944e-11
1.172513e-08
-7.56419e-11
1.17416e-08
-7.263876e-11
1.175735e-08
-6.977337e-11
1.177242e-08
-6.703927e-11
1.178685e-08
-6.443018e-11
1.180066e-08
-6.194001e-11
1.181388e-08
-5.956288e-11
1.182654e-08
-5.729325e-11
-5.512556e-11
1.183867e-08
1.162047e-08
-1.229691e-10
1.164092e-08
-1.176998e-10
1.166034e-08
-1.126703e-10
1.167879e-08
-1.078725e-10
1.16963e-08
-1.032977e-10
1.171294e-08
-9.893698e-11
1.172874e-08
-9.478154e-11
1.174375e-08
-9.082245e-11
1.175801e-08
-8.705089e-11
1.177156e-08
-8.345821e-11
1.178444e-08
-8.003596e-11
1.179668e-08
-7.677589e-11
1.180832e-08
-7.367004e-11
1.181939e-08
-7.071067e-11
1.182992e-08
-6.789051e-11
-6.520207e-11
1.183993e-08
1.165071e-08
-1.413213e-10
1.16677e-08
-1.349262e-10
1.168367e-08
-1.288367e-10
1.169866e-08
-1.230416e-10
1.171274e-08
-1.175292e-10
1.172595e-08
-1.12288e-10
1.173837e-08
-1.073059e-10
1.175002e-08
-1.025714e-10
1.176096e-08
-9.807288e-11
1.177124e-08
-9.379894e-11
1.178089e-08
-8.973855e-11
1.178996e-08
-8.588094e-11
1.179848e-08
-8.221575e-11
1.180649e-08
-7.873285e-11
1.181401e-08
-7.542288e-11
-7.227585e-11
1.182108e-08
1.166127e-08
-1.541981e-10
1.167301e-08
-1.467438e-10
1.16838e-08
-1.396725e-10
1.169369e-08
-1.329684e-10
1.170276e-08
-1.266154e-10
1.171107e-08
-1.205973e-10
1.171868e-08
-1.148982e-10
1.172564e-08
-1.095023e-10
1.1732e-08
-1.043941e-10
1.173781e-08
-9.955876e-11
1.174311e-08
-9.498169e-11
1.174794e-08
-9.064888e-11
1.175234e-08
-8.654691e-11
1.175635e-08
-8.266272e-11
1.175999e-08
-7.89843e-11
-7.549881e-11
1.17633e-08
1.162465e-08
-1.593368e-10
1.450314e-11
1.162912e-08
-1.510425e-10
1.356513e-11
1.163284e-08
-1.432153e-10
1.273315e-11
1.163589e-08
-1.358324e-10
1.198948e-11
1.163833e-08
-1.28871e-10
1.131964e-11
1.164024e-08
-1.22309e-10
1.071178e-11
1.164167e-08
-1.161247e-10
1.015615e-11
1.164267e-08
-1.10297e-10
9.64477e-12
1.164329e-08
-1.048056e-10
9.1711e-12
1.164357e-08
-9.963111e-11
8.729768e-12
1.164355e-08
-9.475484e-11
8.316383e-12
1.164326e-08
-9.015896e-11
7.927309e-12
1.164274e-08
-8.582655e-11
7.559603e-12
1.164202e-08
-8.174131e-11
7.210549e-12
1.164113e-08
-7.788836e-11
6.878538e-12
-7.425194e-11
6.559373e-12
1.164007e-08
1.1499e-08
-1.547329e-10
2.22629e-11
1.149449e-08
-1.460344e-10
2.092169e-11
1.148963e-08
-1.378776e-10
1.969855e-11
1.148451e-08
-1.302307e-10
1.857619e-11
1.147916e-08
-1.230632e-10
1.754052e-11
1.147365e-08
-1.163457e-10
1.658002e-11
1.146802e-08
-1.100503e-10
1.568524e-11
1.14623e-08
-1.041501e-10
1.484842e-11
1.145653e-08
-9.861979e-11
1.40632e-11
1.145074e-08
-9.343533e-11
1.332429e-11
1.144495e-08
-8.857401e-11
1.262732e-11
1.143918e-08
-8.401439e-11
1.196866e-11
1.143346e-08
-7.973636e-11
1.134525e-11
1.142779e-08
-7.572083e-11
1.075441e-11
1.142219e-08
-7.195041e-11
1.019406e-11
-6.840719e-11
9.661346e-12
1.141668e-08
1.122749e-08
-1.395267e-10
3.100872e-11
1.121341e-08
-1.310765e-10
2.912665e-11
1.119959e-08
-1.232071e-10
2.738633e-11
1.118605e-08
-1.158786e-10
2.577047e-11
1.117282e-08
-1.090535e-10
2.42649e-11
1.115991e-08
-1.026964e-10
2.285792e-11
1.114735e-08
-9.677396e-11
2.153983e-11
1.113513e-08
-9.12552e-11
2.030255e-11
1.112327e-08
-8.6111e-11
1.913928e-11
1.111177e-08
-8.131422e-11
1.804425e-11
1.110063e-08
-7.683955e-11
1.701252e-11
1.108985e-08
-7.266344e-11
1.603984e-11
1.107941e-08
-6.876401e-11
1.51225e-11
1.106933e-08
-6.512079e-11
1.425728e-11
1.105958e-08
-6.17152e-11
1.344112e-11
-5.852885e-11
1.267209e-11
1.105017e-08
1.074085e-08
-1.148719e-10
3.912864e-11
1.071848e-08
-1.074301e-10
3.666415e-11
1.069703e-08
-1.005475e-10
3.437233e-11
1.067648e-08
-9.418045e-11
3.223586e-11
1.06568e-08
-8.82883e-11
3.024024e-11
1.063796e-08
-8.28335e-11
2.837324e-11
1.061995e-08
-7.778138e-11
2.662447e-11
1.060271e-08
-7.309992e-11
2.498499e-11
1.058623e-08
-6.875961e-11
2.344702e-11
1.057048e-08
-6.473326e-11
2.200371e-11
1.055542e-08
-6.099583e-11
2.0649e-11
1.054102e-08
-5.75243e-11
1.937744e-11
1.052725e-08
-5.429751e-11
1.81841e-11
1.051409e-08
-5.129595e-11
1.706471e-11
1.05015e-08
-4.850191e-11
1.601477e-11
-4.589879e-11
1.503255e-11
1.048946e-08
9.96182e-09
-8.422841e-11
4.468986e-11
9.934453e-09
-7.84532e-11
4.175149e-11
9.908565e-09
-7.31461e-11
3.901457e-11
9.884074e-09
-6.82664e-11
3.646223e-11
9.860901e-09
-6.377695e-11
3.407987e-11
9.838971e-09
-5.964385e-11
3.185476e-11
9.81821e-09
-5.583616e-11
2.977567e-11
9.79855e-09
-5.23257e-11
2.78326e-11
9.779924e-09
-4.908679e-11
2.60165e-11
9.762272e-09
-4.609601e-11
2.43192e-11
9.745535e-09
-4.333206e-11
2.273318e-11
9.729657e-09
-4.077555e-11
2.125156e-11
9.714588e-09
-3.84088e-11
1.986795e-11
9.700278e-09
-3.621578e-11
1.857672e-11
9.686682e-09
-3.418186e-11
1.73719e-11
-3.229428e-11
1.625118e-11
9.67376e-09
8.807282e-09
-5.271101e-11
4.618332e-11
8.779573e-09
-4.893357e-11
4.302737e-11
8.753603e-09
-4.548133e-11
4.008907e-11
8.729245e-09
-4.232367e-11
3.735271e-11
8.706384e-09
-3.943296e-11
3.480407e-11
8.684913e-09
-3.678425e-11
3.243025e-11
8.664731e-09
-3.4355e-11
3.021941e-11
8.645746e-09
-3.212489e-11
2.816069e-11
8.627874e-09
-3.007556e-11
2.624401e-11
8.611034e-09
-2.819047e-11
2.446006e-11
8.595154e-09
-2.645466e-11
2.280012e-11
8.580166e-09
-2.485465e-11
2.125613e-11
8.56601e-09
-2.337827e-11
1.982052e-11
8.552628e-09
-2.201463e-11
1.848657e-11
8.539967e-09
-2.07537e-11
1.724725e-11
-1.958762e-11
1.609923e-11
8.52798e-09
7.182681e-09
-2.561246e-11
4.298099e-11
7.159322e-09
-2.371794e-11
3.995936e-11
7.137565e-09
-2.199425e-11
3.715051e-11
7.117279e-09
-2.042429e-11
3.454038e-11
7.098343e-09
-1.899276e-11
3.211571e-11
7.080647e-09
-1.768596e-11
2.986401e-11
7.064091e-09
-1.649165e-11
2.777356e-11
7.048585e-09
-1.539887e-11
2.583339e-11
7.034045e-09
-1.43978e-11
2.403322e-11
7.020396e-09
-1.347965e-11
2.236341e-11
7.007568e-09
-1.263655e-11
2.081495e-11
6.9955e-09
-1.186144e-11
1.937946e-11
6.984133e-09
-1.1148e-11
1.804908e-11
6.973416e-09
-1.049072e-11
1.681674e-11
6.9633e-09
-9.884319e-12
1.567528e-11
-9.325491e-12
1.462047e-11
6.953744e-09
4.96619e-09
-7.123249e-12
3.462212e-11
4.95069e-09
-6.584319e-12
3.215357e-11
4.936309e-09
-6.095881e-12
2.98634e-11
4.922948e-09
-5.65258e-12
2.773992e-11
4.910517e-09
-5.249688e-12
2.577185e-11
4.898934e-09
-4.883016e-12
2.394849e-11
4.888126e-09
-4.548851e-12
2.225969e-11
4.878027e-09
-4.243895e-12
2.069595e-11
4.868578e-09
-3.965216e-12
1.924833e-11
4.859724e-09
-3.710207e-12
1.790849e-11
4.851417e-09
-3.476545e-12
1.666862e-11
4.843613e-09
-3.26218e-12
1.552147e-11
4.836272e-09
-3.065264e-12
1.44603e-11
4.829358e-09
-2.884291e-12
1.347899e-11
4.822837e-09
-2.71765e-12
1.257152e-11
-2.564811e-12
1.173367e-11
4.816681e-09
1.986986e-09
1.828614e-11
1.98138e-09
1.698443e-11
1.976191e-09
1.577848e-11
1.971379e-09
1.466178e-11
1.966909e-09
1.362808e-11
1.962749e-09
1.26715e-11
1.958873e-09
1.178645e-11
1.955254e-09
1.096775e-11
1.95187e-09
1.021052e-11
1.948701e-09
9.510211e-12
1.945728e-09
8.862589e-12
1.942936e-09
8.263733e-12
1.940309e-09
7.709965e-12
1.937835e-09
7.197956e-12
1.9355e-09
6.724373e-12
6.286637e-12
1.933294e-09
1.208834e-08
-1.74962e-10
1.209407e-08
-1.659552e-10
1.209894e-08
-1.574342e-10
1.210302e-08
-1.493781e-10
1.21064e-08
-1.417658e-10
1.210915e-08
-1.34576e-10
1.211134e-08
-1.27788e-10
1.211302e-08
-1.213809e-10
1.211425e-08
-1.153348e-10
1.211509e-08
-1.096301e-10
1.211556e-08
-1.042478e-10
1.211572e-08
-9.916974e-11
1.211561e-08
-9.437849e-11
1.211524e-08
-8.985711e-11
1.211466e-08
-8.559003e-11
-8.156058e-11
1.21139e-08
1.195981e-08
-1.702557e-10
1.195599e-08
-1.607792e-10
1.195172e-08
-1.518721e-10
1.194708e-08
-1.435039e-10
1.194215e-08
-1.356447e-10
1.193698e-08
-1.282656e-10
1.193162e-08
-1.213384e-10
1.192613e-08
-1.148363e-10
1.192053e-08
-1.087334e-10
1.191487e-08
-1.03005e-10
1.190918e-08
-9.762776e-11
1.190347e-08
-9.257931e-11
1.189778e-08
-8.783862e-11
1.189212e-08
-8.338558e-11
1.188651e-08
-7.920181e-11
-7.526816e-11
1.188096e-08
1.16781e-08
-1.538562e-10
1.166405e-08
-1.446226e-10
1.165018e-08
-1.360048e-10
1.163653e-08
-1.279631e-10
1.162315e-08
-1.204596e-10
1.161005e-08
-1.134583e-10
1.159726e-08
-1.069254e-10
1.15848e-08
-1.008289e-10
1.157268e-08
-9.513856e-11
1.15609e-08
-8.98262e-11
1.154946e-08
-8.486529e-11
1.153837e-08
-8.023103e-11
1.152763e-08
-7.590026e-11
1.151723e-08
-7.185124e-11
1.150717e-08
-6.806409e-11
-6.451905e-11
1.149744e-08
1.116999e-08
-1.269715e-10
1.114702e-08
-1.188169e-10
1.112494e-08
-1.112592e-10
1.110376e-08
-1.042536e-10
1.108344e-08
-9.775848e-11
1.106396e-08
-9.173516e-11
1.104531e-08
-8.614764e-11
1.102744e-08
-8.096257e-11
1.101034e-08
-7.614901e-11
1.099398e-08
-7.167834e-11
1.097832e-08
-6.752408e-11
1.096334e-08
-6.366178e-11
1.094901e-08
-6.006886e-11
1.09353e-08
-5.672442e-11
1.092218e-08
-5.360942e-11
-5.070587e-11
1.090962e-08
1.035428e-08
-9.33716e-11
1.032589e-08
-8.702503e-11
1.0299e-08
-8.118026e-11
1.027354e-08
-7.57953e-11
1.024943e-08
-7.08316e-11
1.022659e-08
-6.625386e-11
1.020496e-08
-6.202969e-11
1.018446e-08
-5.812946e-11
1.016503e-08
-5.452606e-11
1.01466e-08
-5.119467e-11
1.012912e-08
-4.811258e-11
1.011253e-08
-4.525908e-11
1.009678e-08
-4.261519e-11
1.008181e-08
-4.016364e-11
1.006759e-08
-3.788861e-11
-3.577621e-11
1.005407e-08
9.144769e-09
-5.867319e-11
9.115919e-09
-5.450713e-11
9.088862e-09
-5.069098e-11
9.06347e-09
-4.719293e-11
9.039625e-09
-4.398414e-11
9.01722e-09
-4.103845e-11
8.99615e-09
-3.833214e-11
8.976323e-09
-3.584373e-11
8.95765e-09
-3.355373e-11
8.940051e-09
-3.144451e-11
8.92345e-09
-2.950006e-11
8.907778e-09
-2.77059e-11
8.892972e-09
-2.604889e-11
8.878972e-09
-2.451725e-11
8.865724e-09
-2.310008e-11
-2.178877e-11
8.853179e-09
7.445271e-09
-2.870086e-11
7.420951e-09
-2.659998e-11
7.39829e-09
-2.468363e-11
7.377151e-09
-2.293395e-11
7.357413e-09
-2.133492e-11
7.338961e-09
-1.987213e-11
7.321694e-09
-1.853264e-11
7.305516e-09
-1.730482e-11
7.290344e-09
-1.61782e-11
7.276097e-09
-1.514338e-11
7.262706e-09
-1.419189e-11
7.250105e-09
-1.331613e-11
7.238235e-09
-1.250922e-11
7.227041e-09
-1.176517e-11
7.216475e-09
-1.107822e-11
-1.04447e-11
7.20649e-09
5.134394e-09
-8.091501e-12
5.118296e-09
-7.487343e-12
5.103356e-09
-6.938046e-12
5.08947e-09
-6.438017e-12
5.076548e-09
-5.982287e-12
5.064504e-09
-5.566441e-12
5.053264e-09
-5.186539e-12
5.042759e-09
-4.839072e-12
5.032927e-09
-4.520898e-12
5.023714e-09
-4.229213e-12
5.015068e-09
-3.961505e-12
5.006945e-09
-3.715544e-12
4.999303e-09
-3.489314e-12
4.992104e-09
-3.281155e-12
4.985314e-09
-3.089302e-12
-2.913131e-12
4.978903e-09
2.045141e-09
2.039348e-09
2.033984e-09
2.029009e-09
2.024385e-09
2.020083e-09
2.016071e-09
2.012326e-09
2.008823e-09
2.005542e-09
2.002464e-09
1.999572e-09
1.996852e-09
1.994288e-09
1.991869e-09
1.989583e-09
7.765903e-10
3.416757e-13
-4.960896e-14
7.769548e-10
3.361851e-13
-4.607623e-14
7.773106e-10
3.30684e-13
-4.276825e-14
7.776578e-10
3.251496e-13
-3.964175e-14
3.195678e-13
-3.668377e-14
7.753087e-10
2.180766e-17
-6.597589e-14
7.757219e-10
2.433242e-17
-6.042434e-14
7.761255e-10
2.684325e-17
-5.652969e-14
7.765201e-10
2.795226e-17
-5.28818e-14
7.769056e-10
2.801508e-17
-4.935869e-14
7.772823e-10
2.848658e-17
-4.604431e-14
7.776503e-10
2.933046e-17
-4.289738e-14
2.829887e-17
-3.991023e-14
7.753087e-10
-3.583737e-13
-6.597634e-14
7.757219e-10
-3.526971e-13
-6.042491e-14
7.761255e-10
-3.471278e-13
-5.653064e-14
7.765201e-10
-3.416186e-13
-5.288271e-14
7.769056e-10
-3.361286e-13
-4.935879e-14
7.772823e-10
-3.306272e-13
-4.604306e-14
7.776503e-10
-3.250924e-13
-4.289645e-14
-3.195129e-13
-3.990796e-14
7.754421e-10
-6.98852e-13
-6.281698e-14
7.758342e-10
-6.875594e-13
-5.72067e-14
7.762168e-10
-6.764735e-13
-5.327399e-14
7.765903e-10
-6.65507e-13
-4.960346e-14
7.769548e-10
-6.545817e-13
-4.607542e-14
7.773106e-10
-6.436403e-13
-4.276746e-14
7.776578e-10
-6.326399e-13
-3.964327e-14
-6.215576e-13
-3.668785e-14
7.756014e-10
-1.002353e-12
-5.477372e-14
7.759486e-10
-9.856621e-13
-4.916872e-14
7.762867e-10
-9.692632e-13
-4.526104e-14
7.766159e-10
-9.530445e-13
-4.164716e-14
7.769364e-10
-9.368975e-13
-3.820332e-14
7.772485e-10
-9.207411e-13
-3.500295e-14
7.775524e-10
-9.045188e-13
-3.200633e-14
7.778482e-10
-8.881948e-13
-2.919618e-14
-8.717512e-13
-2.65514e-14
7.755471e-10
-1.248445e-12
-3.839974e-14
7.758215e-10
-1.226919e-12
-3.312689e-14
7.760875e-10
-1.205748e-12
-2.953587e-14
7.763455e-10
-1.184819e-12
-2.62699e-14
7.765958e-10
-1.164e-12
-2.320542e-14
7.768387e-10
-1.143192e-12
-2.040623e-14
7.770743e-10
-1.122328e-12
-1.78268e-14
7.773029e-10
-1.101366e-12
-1.544606e-14
-1.080284e-12
-1.324326e-14
7.748637e-10
-1.416519e-12
-9.012385e-15
7.750329e-10
-1.391293e-12
-4.825893e-15
7.751958e-10
-1.366454e-12
-2.199023e-15
7.753528e-10
-1.341909e-12
9.141731e-17
7.755041e-10
-1.31751e-12
2.169617e-15
7.756501e-10
-1.293147e-12
3.989503e-15
7.757909e-10
-1.26875e-12
5.595975e-15
7.759268e-10
-1.244271e-12
7.014182e-15
-1.219685e-12
8.268011e-15
7.729017e-10
-1.488999e-12
3.841348e-14
7.729321e-10
-1.461945e-12
4.020197e-14
7.729602e-10
-1.435257e-12
4.074824e-14
7.729861e-10
-1.408884e-12
4.100914e-14
7.730102e-10
-1.382672e-12
4.110781e-14
7.730325e-10
-1.356502e-12
4.101064e-14
7.730533e-10
-1.330304e-12
4.076657e-14
7.730726e-10
-1.30403e-12
4.039945e-14
-1.277657e-12
3.993056e-14
7.687182e-10
-1.455797e-12
1.071085e-13
7.685811e-10
-1.4295e-12
1.046402e-13
7.684478e-10
-1.403473e-12
1.015373e-13
7.683183e-10
-1.377718e-12
9.832177e-14
7.681926e-10
-1.352079e-12
9.509277e-14
7.680707e-10
-1.32644e-12
9.184328e-14
7.679525e-10
-1.300735e-12
8.860548e-14
7.67838e-10
-1.274918e-12
8.540103e-14
-1.248971e-12
8.223973e-14
7.610265e-10
-1.319219e-12
1.963116e-13
7.607062e-10
-1.296639e-12
1.874241e-13
7.60398e-10
-1.274143e-12
1.788646e-13
7.601015e-10
-1.251778e-12
1.705274e-13
7.598164e-10
-1.229396e-12
1.62481e-13
7.595421e-10
-1.206892e-12
1.547262e-13
7.592783e-10
-1.184209e-12
1.47273e-13
7.590246e-10
-1.161311e-12
1.401249e-13
-1.138188e-12
1.332748e-13
7.481577e-10
-1.096038e-12
2.981735e-13
7.476599e-10
-1.079916e-12
2.810262e-13
7.471839e-10
-1.063606e-12
2.654798e-13
7.467286e-10
-1.047177e-12
2.506727e-13
7.462931e-10
-1.030499e-12
2.366194e-13
7.458764e-10
-1.013489e-12
2.2332e-13
7.454775e-10
-9.961076e-13
2.107434e-13
7.450957e-10
-9.783322e-13
1.988573e-13
-9.601678e-13
1.876303e-13
7.280175e-10
-8.172072e-13
3.988264e-13
7.273742e-10
-8.092872e-13
3.726191e-13
7.267621e-10
-8.008688e-13
3.494321e-13
7.261793e-10
-7.920059e-13
3.276326e-13
7.256242e-10
-7.825947e-13
3.071746e-13
7.250952e-10
-7.725847e-13
2.880356e-13
7.24591e-10
-7.619586e-13
2.701214e-13
7.2411e-10
-7.507164e-13
2.533628e-13
-7.388809e-13
2.376813e-13
6.979944e-10
-5.209488e-13
4.787402e-13
6.972621e-10
-5.215059e-13
4.445126e-13
6.965679e-10
-5.21285e-13
4.145727e-13
6.959095e-10
-5.202847e-13
3.86665e-13
6.952847e-10
-5.184349e-13
3.606999e-13
6.946912e-10
-5.15723e-13
3.366028e-13
6.941272e-10
-5.121554e-13
3.142264e-13
6.935908e-10
-5.077575e-13
2.93444e-13
-5.02572e-13
2.741335e-13
6.547274e-10
-2.499902e-13
5.247262e-13
6.539781e-10
-2.574494e-13
4.85201e-13
6.532701e-10
-2.639772e-13
4.507639e-13
6.526004e-10
-2.694864e-13
4.188614e-13
6.519665e-10
-2.739438e-13
3.893788e-13
6.51366e-10
-2.773681e-13
3.621859e-13
6.507966e-10
-2.797876e-13
3.37079e-13
6.502562e-10
-2.812479e-13
3.138943e-13
-2.818069e-13
2.92459e-13
5.935819e-10
-4.047769e-14
5.27004e-13
5.9289e-10
-5.183123e-14
4.863168e-13
5.922375e-10
-6.227805e-14
4.508165e-13
5.916216e-10
-7.163662e-14
4.180545e-13
5.910396e-10
-7.990911e-14
3.879342e-13
5.904891e-10
-8.713593e-14
3.602632e-13
5.899679e-10
-9.335816e-14
3.348234e-13
5.894738e-10
-9.863462e-14
3.114173e-13
-1.030261e-13
2.898547e-13
5.074715e-10
6.785584e-14
4.988444e-13
5.069018e-10
5.730196e-14
4.605993e-13
5.063651e-10
4.738719e-14
4.269771e-13
5.058591e-10
3.835144e-14
3.960252e-13
5.053814e-10
3.016755e-14
3.676674e-13
5.049298e-10
2.279765e-14
3.416765e-13
5.045024e-10
1.620093e-14
3.178324e-13
5.040975e-10
1.032635e-14
2.959356e-13
5.125826e-15
2.757923e-13
3.83866e-10
7.078875e-14
4.195465e-13
3.834697e-10
6.502183e-14
3.885239e-13
3.830966e-10
5.951503e-14
3.609691e-13
3.827449e-10
5.446681e-14
3.356258e-13
3.824128e-10
4.983916e-14
3.12445e-13
3.820988e-10
4.560995e-14
2.911956e-13
3.818015e-10
4.175448e-14
2.717046e-13
3.815198e-10
3.824322e-14
2.537957e-13
3.505408e-14
2.37311e-13
1.937198e-10
2.547148e-13
1.935473e-10
2.374575e-13
1.933849e-10
2.220017e-13
1.932315e-10
2.077751e-13
1.930866e-10
1.947592e-13
1.929494e-10
1.827956e-13
1.928194e-10
1.717891e-13
1.92696e-10
1.616362e-13
1.522575e-13
2.238001e-09
1.154302e-12
-1.759775e-13
2.239193e-09
1.129799e-12
-1.634288e-13
2.240354e-09
1.105777e-12
-1.516339e-13
2.241483e-09
1.082142e-12
-1.404994e-13
1.058823e-12
-1.299575e-13
2.233796e-09
5.554975e-17
-2.34096e-13
2.235157e-09
6.142034e-17
-2.15699e-13
2.236481e-09
6.721838e-17
-2.013821e-13
2.23777e-09
6.956789e-17
-1.883059e-13
2.239026e-09
6.903962e-17
-1.757506e-13
2.24025e-09
6.946044e-17
-1.638934e-13
2.241442e-09
6.974364e-17
-1.526525e-13
6.657953e-17
-1.419655e-13
2.233796e-09
-1.231898e-12
-2.34097e-13
2.235157e-09
-1.20512e-12
-2.156992e-13
2.236481e-09
-1.179267e-12
-2.013834e-13
2.23777e-09
-1.154163e-12
-1.883068e-13
2.239027e-09
-1.12966e-12
-1.757513e-13
2.24025e-09
-1.105638e-12
-1.638911e-13
2.241442e-09
-1.082003e-12
-1.526505e-13
-1.05869e-12
-1.419616e-13
2.234218e-09
-2.408901e-12
-2.220518e-13
2.235515e-09
-2.355465e-12
-2.034866e-13
2.236775e-09
-2.303875e-12
-1.890732e-13
2.238001e-09
-2.253794e-12
-1.7596e-13
2.239194e-09
-2.204934e-12
-1.634245e-13
2.240354e-09
-2.157063e-12
-1.516327e-13
2.241483e-09
-2.109999e-12
-1.40505e-13
-2.063609e-12
-1.299709e-13
2.234741e-09
-3.471768e-12
-1.917945e-13
2.235901e-09
-3.392247e-12
-1.733231e-13
2.237027e-09
-3.315492e-12
-1.590981e-13
2.238119e-09
-3.241032e-12
-1.462742e-13
2.239178e-09
-3.168454e-12
-1.341234e-13
2.240206e-09
-3.097425e-12
-1.227974e-13
2.241204e-09
-3.027685e-12
-1.121987e-13
2.242173e-09
-2.959039e-12
-1.022546e-13
-2.891347e-12
-9.289676e-14
2.23465e-09
-4.35541e-12
-1.311492e-13
2.23559e-09
-4.2515e-12
-1.139634e-13
2.236497e-09
-4.151268e-12
-1.010349e-13
2.237374e-09
-4.054143e-12
-8.959696e-14
2.23822e-09
-3.959611e-12
-7.893083e-14
2.239039e-09
-3.867245e-12
-6.915714e-14
2.23983e-09
-3.77672e-12
-6.016397e-14
2.240596e-09
-3.687785e-12
-5.186843e-14
-3.600256e-12
-4.418486e-14
2.232703e-09
-4.991704e-12
-2.363458e-14
2.233325e-09
-4.867096e-12
-1.040964e-14
2.233919e-09
-4.747034e-12
-1.175981e-15
2.23449e-09
-4.630892e-12
6.585408e-15
2.235037e-09
-4.518064e-12
1.356212e-14
2.235562e-09
-4.408047e-12
1.967112e-14
2.236066e-09
-4.300459e-12
2.504166e-14
2.236551e-09
-4.194998e-12
2.976925e-14
-4.091437e-12
3.392603e-14
2.226958e-09
-5.318531e-12
1.480533e-13
2.227158e-09
-5.179701e-12
1.527187e-13
2.227343e-09
-5.046153e-12
1.542045e-13
2.227516e-09
-4.91724e-12
1.545107e-13
2.227677e-09
-4.792287e-12
1.542314e-13
2.227828e-09
-4.670723e-12
1.533308e-13
2.227968e-09
-4.552115e-12
1.519366e-13
2.228099e-09
-4.43612e-12
1.50139e-13
-4.322474e-12
1.480242e-13
2.214587e-09
-5.294008e-12
3.948462e-13
2.214278e-09
-5.150481e-12
3.844782e-13
2.213973e-09
-5.012688e-12
3.725925e-13
2.213674e-09
-4.879992e-12
3.60289e-13
2.213381e-09
-4.751664e-12
3.479818e-13
2.213093e-09
-4.627088e-12
3.356744e-13
2.212812e-09
-4.505795e-12
3.234682e-13
2.212537e-09
-4.387408e-12
3.114312e-13
-4.271637e-12
2.99597e-13
2.191733e-09
-4.91277e-12
7.130045e-13
2.190866e-09
-4.776382e-12
6.801521e-13
2.190029e-09
-4.645713e-12
6.485004e-13
2.189222e-09
-4.520155e-12
6.17831e-13
2.188443e-09
-4.398959e-12
5.882724e-13
2.187693e-09
-4.281491e-12
5.598367e-13
2.186969e-09
-4.167274e-12
5.325443e-13
2.186271e-09
-4.055919e-12
5.063924e-13
-3.94713e-12
4.813724e-13
2.153387e-09
-4.21698e-12
1.074851e-12
2.151979e-09
-4.100003e-12
1.013168e-12
2.15063e-09
-3.988126e-12
9.563935e-13
2.149339e-09
-3.880786e-12
9.026615e-13
2.148102e-09
-3.777253e-12
8.517239e-13
2.146917e-09
-3.67693e-12
8.035463e-13
2.145782e-09
-3.579365e-12
7.58014e-13
2.144694e-09
-3.484192e-12
7.150127e-13
-3.39114e-12
6.744072e-13
2.093272e-09
-3.297687e-12
1.430405e-12
2.091417e-09
-3.210101e-12
1.337228e-12
2.089652e-09
-3.126406e-12
1.253203e-12
2.08797e-09
-3.046084e-12
1.174726e-12
2.086367e-09
-2.968483e-12
1.101142e-12
2.084839e-09
-2.893097e-12
1.032303e-12
2.083382e-09
-2.819543e-12
9.678994e-13
2.081991e-09
-2.747522e-12
9.076527e-13
-2.676821e-12
8.512938e-13
2.003564e-09
-2.280693e-12
1.713357e-12
2.001434e-09
-2.227656e-12
1.592218e-12
1.999415e-09
-2.176912e-12
1.484141e-12
1.997499e-09
-2.12798e-12
1.384066e-12
1.995681e-09
-2.080338e-12
1.291001e-12
1.993953e-09
-2.03362e-12
1.204624e-12
1.992311e-09
-1.987548e-12
1.124424e-12
1.990749e-09
-1.941924e-12
1.049945e-12
-1.896625e-12
9.80726e-13
1.874217e-09
-1.30916e-12
1.873863e-12
1.87203e-09
-1.289198e-12
1.734324e-12
1.869963e-09
-1.269925e-12
1.61047e-12
1.868008e-09
-1.250876e-12
1.496444e-12
1.866158e-09
-1.231692e-12
1.391083e-12
1.864405e-09
-1.212165e-12
1.293876e-12
1.862742e-09
-1.192142e-12
1.204131e-12
1.861165e-09
-1.171539e-12
1.121235e-12
-1.150324e-12
1.044593e-12
1.691419e-09
-5.171873e-13
1.882936e-12
1.6894e-09
-5.222485e-13
1.73911e-12
1.687496e-09
-5.268136e-13
1.611535e-12
1.685699e-09
-5.303934e-13
1.494482e-12
1.684001e-09
-5.327996e-13
1.386835e-12
1.682395e-09
-5.339653e-13
1.287924e-12
1.680875e-09
-5.338521e-13
1.196973e-12
1.679434e-09
-5.324764e-13
1.113276e-12
-5.298796e-13
1.03615e-12
1.434154e-09
-2.588039e-14
1.770379e-12
1.432499e-09
-4.188877e-14
1.6356e-12
1.43094e-09
-5.700807e-14
1.515591e-12
1.429471e-09
-7.073326e-14
1.405648e-12
1.428084e-09
-8.30155e-14
1.304859e-12
1.426773e-09
-9.387275e-14
1.212464e-12
1.425533e-09
-1.03338e-13
1.127689e-12
1.424358e-09
-1.114777e-13
1.049817e-12
-1.183611e-13
9.78175e-13
1.065733e-09
1.218712e-13
1.48272e-12
1.064597e-09
1.097206e-13
1.373344e-12
1.063527e-09
9.81322e-14
1.275292e-12
1.062519e-09
8.750252e-14
1.185469e-12
1.061567e-09
7.77845e-14
1.103233e-12
1.060668e-09
6.894106e-14
1.027861e-12
1.059817e-09
6.092669e-14
9.58713e-13
1.05901e-09
5.36837e-14
8.951759e-13
4.716617e-14
8.366904e-13
5.059771e-10
8.788865e-13
5.055059e-10
8.183825e-13
5.050622e-10
7.63844e-13
5.046436e-10
7.138222e-13
5.042481e-10
6.680152e-13
5.038739e-10
6.259465e-13
5.035194e-10
5.872641e-13
5.031831e-10
5.516198e-13
5.187157e-13
3.607743e-09
2.096493e-12
-3.577516e-13
3.609864e-09
2.044999e-12
-3.322475e-13
3.611923e-09
1.994983e-12
-3.082229e-13
3.613922e-09
1.94625e-12
-2.855417e-13
1.898649e-12
-2.640514e-13
3.600239e-09
8.242951e-17
-4.757274e-13
3.602668e-09
9.06852e-17
-4.399956e-13
3.605026e-09
9.89216e-17
-4.105521e-13
3.607318e-09
1.026772e-16
-3.838105e-13
3.609546e-09
1.019071e-16
-3.582348e-13
3.611711e-09
1.022784e-16
-3.340306e-13
3.613815e-09
1.018543e-16
-3.110835e-13
9.725975e-17
-2.892487e-13
3.600239e-09
-2.262224e-12
-4.757277e-13
3.602668e-09
-2.204698e-12
-4.399953e-13
3.605026e-09
-2.149497e-12
-4.105515e-13
3.607318e-09
-2.096289e-12
-3.838107e-13
3.609546e-09
-2.044795e-12
-3.582345e-13
3.611711e-09
-1.994778e-12
-3.340281e-13
3.613815e-09
-1.946046e-12
-3.110801e-13
-1.898453e-12
-2.892418e-13
3.600983e-09
-4.431393e-12
-4.50087e-13
3.603305e-09
-4.316458e-12
-4.140663e-13
3.605557e-09
-4.206189e-12
-3.844798e-13
3.607743e-09
-4.099943e-12
-3.577193e-13
3.609864e-09
-3.997167e-12
-3.322365e-13
3.611923e-09
-3.897402e-12
-3.082203e-13
3.613922e-09
-3.800271e-12
-2.85552e-13
-3.705478e-12
-2.640745e-13
3.601943e-09
-6.40604e-12
-3.862072e-13
3.604038e-09
-6.234546e-12
-3.5048e-13
3.606064e-09
-6.070102e-12
-3.214049e-13
3.608025e-09
-5.911781e-12
-2.953536e-13
3.609923e-09
-5.758782e-12
-2.707706e-13
3.611761e-09
-5.610435e-12
-2.478128e-13
3.613541e-09
-5.466192e-12
-2.263295e-13
3.615265e-09
-5.325613e-12
-2.061594e-13
-5.188353e-12
-1.871769e-13
3.601939e-09
-8.072459e-12
-2.59383e-13
3.603664e-09
-7.847249e-12
-2.264154e-13
3.605325e-09
-7.63152e-12
-2.001974e-13
3.606924e-09
-7.424101e-12
-1.771699e-13
3.608466e-09
-7.223967e-12
-1.557925e-13
3.609953e-09
-7.030246e-12
-1.361717e-13
3.611387e-09
-6.842235e-12
-1.181244e-13
3.612771e-09
-6.659356e-12
-1.014697e-13
-6.481149e-12
-8.604652e-14
3.598916e-09
-9.308373e-12
-3.627988e-14
3.600106e-09
-9.035999e-12
-1.151699e-14
3.601242e-09
-8.775528e-12
6.849459e-15
3.602328e-09
-8.525582e-12
2.210761e-14
3.603367e-09
-8.28493e-12
3.571807e-14
3.604361e-09
-8.052515e-12
4.763484e-14
3.605313e-09
-7.827482e-12
5.808011e-14
3.606225e-09
-7.609123e-12
6.725016e-14
-7.396857e-12
7.529587e-14
3.58965e-09
-9.997476e-12
3.17665e-13
3.590132e-09
-9.689912e-12
3.249344e-13
3.59058e-09
-9.396472e-12
3.271057e-13
3.590998e-09
-9.115613e-12
3.268401e-13
3.591388e-09
-8.845917e-12
3.253794e-13
3.591752e-09
-8.586152e-12
3.227449e-13
3.592092e-09
-8.335318e-12
3.191574e-13
3.592411e-09
-8.09258e-12
3.14808e-13
-7.857251e-12
3.098596e-13
3.569447e-09
-1.005428e-11
8.239625e-13
3.569071e-09
-9.729793e-12
8.007242e-13
3.568693e-09
-9.421108e-12
7.751986e-13
3.568315e-09
-9.126552e-12
7.488986e-13
3.567939e-09
-8.84455e-12
7.226547e-13
3.567566e-09
-8.573723e-12
6.965175e-13
3.567196e-09
-8.312953e-12
6.706654e-13
3.566831e-09
-8.061293e-12
6.452283e-13
-7.817959e-12
6.202821e-13
3.531886e-09
-9.453992e-12
1.47381e-12
3.530567e-09
-9.136246e-12
1.405168e-12
3.529291e-09
-8.834956e-12
1.338976e-12
3.528055e-09
-8.548392e-12
1.275004e-12
3.526861e-09
-8.27488e-12
1.213427e-12
3.525705e-09
-8.012956e-12
1.154258e-12
3.524589e-09
-7.761426e-12
1.097514e-12
3.52351e-09
-7.51928e-12
1.043187e-12
-7.285682e-12
9.912491e-13
3.468634e-09
-8.256377e-12
2.210872e-12
3.466398e-09
-7.97117e-12
2.084154e-12
3.464254e-09
-7.701652e-12
1.966496e-12
3.462199e-09
-7.446123e-12
1.855412e-12
3.460229e-09
-7.202904e-12
1.750215e-12
3.458339e-09
-6.970545e-12
1.650761e-12
3.456527e-09
-6.747867e-12
1.556807e-12
3.454788e-09
-6.53387e-12
1.468101e-12
-6.327732e-12
1.384363e-12
3.369248e-09
-6.612376e-12
2.932781e-12
3.366254e-09
-6.38249e-12
2.742773e-12
3.363402e-09
-6.16597e-12
2.569535e-12
3.360684e-09
-5.961249e-12
2.408115e-12
3.358092e-09
-5.766775e-12
2.256891e-12
3.355619e-09
-5.581247e-12
2.115433e-12
3.35326e-09
-5.4036e-12
1.983118e-12
3.351007e-09
-5.232947e-12
1.859357e-12
-5.068569e-12
1.743589e-12
3.22075e-09
-4.745382e-12
3.50738e-12
3.217284e-09
-4.58508e-12
3.261118e-12
3.213998e-09
-4.43458e-12
3.038901e-12
3.21088e-09
-4.292537e-12
2.833611e-12
3.207919e-09
-4.157658e-12
2.642827e-12
3.205105e-09
-4.028914e-12
2.465749e-12
3.20243e-09
-3.905461e-12
2.301347e-12
3.199885e-09
-3.786613e-12
2.14866e-12
-3.671833e-12
2.006762e-12
3.006532e-09
-2.916136e-12
3.830359e-12
3.002961e-09
-2.827048e-12
3.547166e-12
2.999588e-09
-2.743717e-12
3.293092e-12
2.996397e-09
-2.665055e-12
3.059697e-12
2.993376e-09
-2.590126e-12
2.844132e-12
2.990514e-09
-2.518242e-12
2.645221e-12
2.9878e-09
-2.448842e-12
2.46158e-12
2.985224e-09
-2.381498e-12
2.291925e-12
-2.315891e-12
2.135062e-12
2.703876e-09
-1.376844e-12
3.846874e-12
2.70058e-09
-1.347027e-12
3.554945e-12
2.697474e-09
-1.31943e-12
3.293536e-12
2.694542e-09
-1.293163e-12
3.05419e-12
2.691772e-09
-1.267671e-12
2.834114e-12
2.689153e-09
-1.242604e-12
2.63187e-12
2.686673e-09
-1.217687e-12
2.445882e-12
2.684322e-09
-1.19274e-12
2.274695e-12
-1.167648e-12
2.116933e-12
2.278523e-09
-3.422661e-13
3.600239e-12
2.275832e-09
-3.478577e-13
3.327294e-12
2.273299e-09
-3.535201e-13
3.082452e-12
2.270911e-09
-3.585003e-13
2.858555e-12
2.268658e-09
-3.625699e-13
2.653286e-12
2.266528e-09
-3.656314e-13
2.465084e-12
2.264513e-09
-3.676215e-13
2.292386e-12
2.262605e-09
-3.685367e-13
2.133716e-12
-3.683916e-13
1.987738e-12
1.671886e-09
8.682346e-14
3.002292e-12
1.670056e-09
7.391648e-14
2.780948e-12
1.668335e-09
6.148712e-14
2.581466e-12
1.666713e-09
5.008268e-14
2.399001e-12
1.665182e-09
3.969275e-14
2.231903e-12
1.663735e-09
3.029585e-14
2.078753e-12
1.662366e-09
2.185746e-14
1.938239e-12
1.661069e-09
1.432274e-14
1.809119e-12
7.646939e-15
1.690279e-12
7.638508e-10
1.749688e-12
7.631151e-10
1.627996e-12
7.624226e-10
1.517897e-12
7.617694e-10
1.417057e-12
7.611524e-10
1.32468e-12
7.605688e-10
1.23988e-12
7.60016e-10
1.161928e-12
7.594918e-10
1.090128e-12
1.023896e-12
4.886019e-09
3.165235e-12
-5.74432e-13
4.889167e-09
3.078974e-12
-5.335535e-13
4.892218e-09
2.995666e-12
-4.949789e-13
4.895175e-09
2.914995e-12
-4.585422e-13
2.836704e-12
-4.23998e-13
4.874839e-09
1.04448e-16
-7.630576e-13
4.878454e-09
1.144743e-16
-7.078277e-13
4.881959e-09
1.249299e-16
-6.605504e-13
4.885358e-09
1.304075e-16
-6.175264e-13
4.888655e-09
1.301516e-16
-5.764608e-13
4.891854e-09
1.307316e-16
-5.375337e-13
4.894958e-09
1.302593e-16
-5.006093e-13
1.252799e-16
-4.654486e-13
4.874839e-09
-3.445533e-12
-7.630572e-13
4.878454e-09
-3.34792e-12
-7.078267e-13
4.881959e-09
-3.254568e-12
-6.605478e-13
4.885358e-09
-3.164978e-12
-6.17525e-13
4.888655e-09
-3.078715e-12
-5.764591e-13
4.891854e-09
-2.995405e-12
-5.375301e-13
4.894958e-09
-2.914736e-12
-5.006044e-13
-2.836453e-12
-4.654412e-13
4.875947e-09
-6.758855e-12
-7.204484e-13
4.879414e-09
-6.563674e-12
-6.648162e-13
4.882769e-09
-6.377069e-12
-6.173742e-13
4.886019e-09
-6.198057e-12
-5.74385e-13
4.889167e-09
-6.02578e-12
-5.335331e-13
4.892218e-09
-5.859504e-12
-4.949734e-13
4.895175e-09
-5.698609e-12
-4.585561e-13
-5.542589e-12
-4.240267e-13
4.877436e-09
-9.794314e-12
-6.149221e-13
4.880584e-09
-9.502604e-12
-5.598857e-13
4.883623e-09
-9.223896e-12
-5.134106e-13
4.886558e-09
-8.956755e-12
-4.717088e-13
4.889394e-09
-8.699924e-12
-4.324421e-13
4.892135e-09
-8.452319e-12
-3.957187e-13
4.894784e-09
-8.213033e-12
-3.613381e-13
4.897346e-09
-7.981304e-12
-3.290406e-13
-7.756507e-12
-2.986295e-13
4.877678e-09
-1.238568e-11
-4.068342e-13
4.880306e-09
-1.200143e-11
-3.563992e-13
4.882832e-09
-1.163475e-11
-3.14767e-13
4.88526e-09
-1.128379e-11
-2.781701e-13
4.887595e-09
-1.094691e-11
-2.442813e-13
4.889843e-09
-1.062268e-11
-2.131406e-13
4.892006e-09
-1.030993e-11
-1.844897e-13
4.894089e-09
-1.000764e-11
-1.580388e-13
-9.71497e-12
-1.335453e-13
4.873825e-09
-1.434985e-11
-4.282835e-14
4.8757e-09
-1.388276e-11
-5.752853e-15
4.877488e-09
-1.343787e-11
2.288908e-14
4.879192e-09
-1.301294e-11
4.664741e-14
4.880819e-09
-1.260596e-11
6.773118e-14
4.882373e-09
-1.221518e-11
8.618736e-14
4.883858e-09
-1.183913e-11
1.023299e-13
4.885278e-09
-1.147656e-11
1.164756e-13
-1.112639e-11
1.288613e-13
4.861399e-09
-1.550668e-11
5.319592e-13
4.862275e-09
-1.497509e-11
5.408225e-13
4.863091e-09
-1.447008e-11
5.429628e-13
4.863853e-09
-1.398903e-11
5.413265e-13
4.864564e-09
-1.352961e-11
5.37802e-13
4.865229e-09
-1.308972e-11
5.325023e-13
4.865851e-09
-1.266763e-11
5.257523e-13
4.866433e-09
-1.226181e-11
5.178522e-13
-1.1871e-11
5.090519e-13
4.833859e-09
-1.571526e-11
1.351242e-12
4.833521e-09
-1.514796e-11
1.311154e-12
4.833169e-09
-1.461074e-11
1.268246e-12
4.832805e-09
-1.41007e-11
1.224283e-12
4.832433e-09
-1.361516e-11
1.180515e-12
4.832054e-09
-1.315175e-11
1.13706e-12
4.831672e-09
-1.270848e-11
1.094168e-12
4.831287e-09
-1.228361e-11
1.052042e-12
-1.187565e-11
1.010801e-12
4.782247e-09
-1.491995e-11
2.399585e-12
4.780573e-09
-1.435527e-11
2.286887e-12
4.778945e-09
-1.382248e-11
2.178135e-12
4.777365e-09
-1.331847e-11
2.073195e-12
4.775831e-09
-1.284034e-11
1.972299e-12
4.774344e-09
-1.238551e-11
1.875431e-12
4.772902e-09
-1.195181e-11
1.782603e-12
4.771505e-09
-1.153735e-11
1.693779e-12
-1.114053e-11
1.608908e-12
4.694932e-09
-1.319055e-11
3.58615e-12
4.691952e-09
-1.267171e-11
3.380745e-12
4.689091e-09
-1.218407e-11
3.188903e-12
4.686345e-09
-1.172446e-11
3.007932e-12
4.683708e-09
-1.128994e-11
2.836704e-12
4.681176e-09
-1.087789e-11
2.674876e-12
4.678745e-09
-1.048611e-11
2.522047e-12
4.676411e-09
-1.01127e-11
2.377788e-12
-9.756024e-12
2.241643e-12
4.557355e-09
-1.073822e-11
4.745675e-12
4.553292e-09
-1.030522e-11
4.439392e-12
4.549419e-09
-9.899827e-12
4.158074e-12
4.545726e-09
-9.519081e-12
3.896112e-12
4.542202e-09
-9.1602e-12
3.650871e-12
4.538839e-09
-8.820776e-12
3.421491e-12
4.535628e-09
-8.498769e-12
3.206974e-12
4.532561e-09
-8.192428e-12
3.006337e-12
-7.900276e-12
2.818672e-12
4.351477e-09
-7.89359e-12
5.667842e-12
4.346735e-09
-7.573895e-12
5.271874e-12
4.342238e-09
-7.27572e-12
4.911826e-12
4.33797e-09
-6.996543e-12
4.579395e-12
4.333916e-09
-6.733998e-12
4.270631e-12
4.330063e-09
-6.486108e-12
3.984045e-12
4.326399e-09
-6.251193e-12
3.717988e-12
4.322912e-09
-6.027834e-12
3.470884e-12
-5.814844e-12
3.241246e-12
4.05433e-09
-5.052414e-12
6.18206e-12
4.04943e-09
-4.853619e-12
5.727355e-12
4.0448e-09
-4.668991e-12
5.316425e-12
4.040421e-09
-4.496562e-12
4.939163e-12
4.036274e-09
-4.334576e-12
4.590862e-12
4.032346e-09
-4.181637e-12
4.269444e-12
4.02862e-09
-4.036556e-12
3.972693e-12
4.025084e-09
-3.89836e-12
3.698517e-12
-3.766255e-12
3.445002e-12
3.634726e-09
-2.603685e-12
6.202319e-12
3.630205e-09
-2.511121e-12
5.733803e-12
3.625943e-09
-2.425798e-12
5.311564e-12
3.621922e-09
-2.346255e-12
4.925198e-12
3.618123e-09
-2.271401e-12
4.570028e-12
3.61453e-09
-2.200443e-12
4.243591e-12
3.611129e-09
-2.132715e-12
3.943374e-12
3.607906e-09
-2.067701e-12
3.667006e-12
-2.004996e-12
3.412307e-12
3.046191e-09
-8.715116e-13
5.781868e-12
3.042513e-09
-8.50986e-13
5.344758e-12
3.039052e-09
-8.32776e-13
4.950653e-12
3.03579e-09
-8.15795e-13
4.590484e-12
3.032711e-09
-7.995392e-13
4.260297e-12
3.029802e-09
-7.837058e-13
3.957528e-12
3.02705e-09
-7.6805e-13
3.679671e-12
3.024444e-09
-7.524158e-13
3.424359e-12
-7.366896e-13
3.189462e-12
2.211254e-09
-2.93654e-14
4.799616e-12
2.208775e-09
-3.73027e-14
4.445677e-12
2.206444e-09
-4.53074e-14
4.125549e-12
2.204247e-09
-5.265468e-14
3.832887e-12
2.202173e-09
-5.928075e-14
3.564855e-12
2.200214e-09
-6.516135e-14
3.319181e-12
2.198361e-09
-7.028871e-14
3.09377e-12
2.196606e-09
-7.468473e-14
2.886629e-12
-7.836572e-14
2.696008e-12
9.810005e-10
2.757224e-12
9.800272e-10
2.563939e-12
9.791112e-10
2.388645e-12
9.782474e-10
2.22818e-12
9.774316e-10
2.081163e-12
9.766601e-10
1.946226e-12
9.759295e-10
1.822215e-12
9.75237e-10
1.708036e-12
1.602751e-12
6.07314e-09
4.353263e-12
-8.06206e-13
6.077409e-09
4.224874e-12
-7.490321e-13
6.081538e-09
4.101352e-12
-6.949825e-13
6.085535e-09
3.982242e-12
-6.43884e-13
3.867162e-12
-5.953967e-13
6.057925e-09
1.22402e-16
-1.069148e-12
6.062838e-09
1.337971e-16
-9.942993e-13
6.067593e-09
1.462915e-16
-9.284041e-13
6.072196e-09
1.536843e-16
-8.681343e-13
6.076655e-09
1.544547e-16
-8.106162e-13
6.080975e-09
1.555723e-16
-7.560038e-13
6.08516e-09
1.555286e-16
-7.041505e-13
1.508053e-16
-6.547286e-13
6.057925e-09
-4.773001e-12
-1.069147e-12
6.062838e-09
-4.626539e-12
-9.942966e-13
6.067593e-09
-4.486751e-12
-9.284e-13
6.072196e-09
-4.352962e-12
-8.681297e-13
6.076655e-09
-4.224568e-12
-8.106131e-13
6.080975e-09
-4.101042e-12
-7.559981e-13
6.08516e-09
-3.981933e-12
-7.041444e-13
-3.866861e-12
-6.547128e-13
6.059442e-09
-9.373955e-12
-1.007705e-12
6.064164e-09
-9.08093e-12
-9.323559e-13
6.068728e-09
-8.801353e-12
-8.662982e-13
6.07314e-09
-8.533891e-12
-8.06147e-13
6.077409e-09
-8.277348e-12
-7.489994e-13
6.081538e-09
-8.030684e-12
-6.949727e-13
6.085535e-09
-7.792998e-12
-6.438986e-13
-7.563534e-12
-5.954309e-13
6.061561e-09
-1.361138e-11
-8.56214e-13
6.065875e-09
-1.317291e-11
-7.818286e-13
6.070032e-09
-1.275487e-11
-7.172814e-13
6.074041e-09
-1.23553e-11
-6.590971e-13
6.077908e-09
-1.197243e-11
-6.043287e-13
6.08164e-09
-1.160471e-11
-5.530314e-13
6.085241e-09
-1.125082e-11
-5.049657e-13
6.088718e-09
-1.090961e-11
-4.59758e-13
-1.058012e-11
-4.172008e-13
6.062226e-09
-1.726294e-11
-5.589946e-13
6.065872e-09
-1.668412e-11
-4.912456e-13
6.069369e-09
-1.613298e-11
-4.337614e-13
6.072725e-09
-1.560696e-11
-3.830135e-13
6.075949e-09
-1.510374e-11
-3.360527e-13
6.079045e-09
-1.462126e-11
-2.928404e-13
6.08202e-09
-1.415777e-11
-2.530593e-13
6.084881e-09
-1.371174e-11
-2.163145e-13
-1.328187e-11
-1.822664e-13
6.057827e-09
-2.007832e-11
-4.126471e-14
6.060502e-09
-1.937223e-11
7.536847e-15
6.063047e-09
-1.870124e-11
4.639195e-14
6.06547e-09
-1.80622e-11
7.871289e-14
6.067779e-09
-1.745223e-11
1.073243e-13
6.06998e-09
-1.686878e-11
1.323685e-13
6.07208e-09
-1.630964e-11
1.542454e-13
6.074085e-09
-1.577289e-11
1.734074e-13
-1.525685e-11
1.901264e-13
6.042666e-09
-2.180414e-11
7.734218e-13
6.044048e-09
-2.099625e-11
7.824851e-13
6.045337e-09
-2.02306e-11
7.836205e-13
6.04654e-09
-1.950345e-11
7.797633e-13
6.047664e-09
-1.881139e-11
7.73348e-13
6.048714e-09
-1.815132e-11
7.64587e-13
6.049697e-09
-1.75206e-11
7.538952e-13
6.050617e-09
-1.691689e-11
7.416748e-13
-1.633817e-11
7.282937e-13
6.008394e-09
-2.223254e-11
1.931562e-12
6.008201e-09
-2.136379e-11
1.871919e-12
6.007972e-09
-2.05432e-11
1.809215e-12
6.007714e-09
-1.976651e-11
1.745318e-12
6.007431e-09
-1.902978e-11
1.68186e-12
6.007127e-09
-1.832945e-11
1.619016e-12
6.006806e-09
-1.766242e-11
1.5571e-12
6.006471e-09
-1.702601e-11
1.496402e-12
-1.641783e-11
1.437029e-12
5.943553e-09
-2.126564e-11
3.410137e-12
5.941619e-09
-2.039177e-11
3.248822e-12
5.93973e-09
-1.956946e-11
3.093091e-12
5.937888e-09
-1.879407e-11
2.942975e-12
5.936093e-09
-1.806126e-11
2.798787e-12
5.934346e-09
-1.736709e-11
2.66046e-12
5.932646e-09
-1.670818e-11
2.527977e-12
5.930994e-09
-1.608154e-11
2.401262e-12
-1.548456e-11
2.280267e-12
5.833259e-09
-1.897588e-11
5.080921e-12
5.82962e-09
-1.816124e-11
4.789957e-12
5.82612e-09
-1.739775e-11
4.517075e-12
5.822755e-09
-1.668062e-11
4.259689e-12
5.819519e-09
-1.600535e-11
4.016318e-12
5.816408e-09
-1.536791e-11
3.786376e-12
5.813418e-09
-1.47648e-11
3.569279e-12
5.810543e-09
-1.419297e-11
3.364404e-12
-1.364974e-11
3.17107e-12
5.658913e-09
-1.563482e-11
6.710662e-12
5.653853e-09
-1.494084e-11
6.278783e-12
5.649026e-09
-1.429305e-11
5.879995e-12
5.64442e-09
-1.368691e-11
5.508594e-12
5.640023e-09
-1.311809e-11
5.161067e-12
5.635823e-09
-1.258282e-11
4.836056e-12
5.631811e-09
-1.20778e-11
4.532135e-12
5.627977e-09
-1.160019e-11
4.247876e-12
-1.114749e-11
3.982053e-12
5.397552e-09
-1.16897e-11
8.005008e-12
5.391596e-09
-1.116098e-11
7.447874e-12
5.385946e-09
-1.06694e-11
6.938468e-12
5.380581e-09
-1.021101e-11
6.468045e-12
5.375485e-09
-9.78212e-12
6.031275e-12
5.37064e-09
-9.379527e-12
5.625883e-12
5.366031e-09
-9.000481e-12
5.249544e-12
5.361644e-09
-8.642599e-12
4.900004e-12
-8.303834e-12
4.575175e-12
5.020124e-09
-7.688154e-12
8.720907e-12
5.01395e-09
-7.341028e-12
8.081978e-12
5.008115e-09
-7.019617e-12
7.50149e-12
5.002596e-09
-6.720843e-12
6.968488e-12
4.99737e-09
-6.441903e-12
6.476531e-12
4.992418e-09
-6.18048e-12
6.022521e-12
4.987721e-09
-5.934565e-12
5.603341e-12
4.983263e-09
-5.702451e-12
5.216001e-12
-5.482697e-12
4.857879e-12
4.487529e-09
-4.174622e-12
8.738018e-12
4.481834e-09
-3.992803e-12
8.080226e-12
4.476467e-09
-3.825445e-12
7.484603e-12
4.471402e-09
-3.670334e-12
6.939564e-12
4.466617e-09
-3.525678e-12
6.438608e-12
4.462092e-09
-3.390098e-12
5.978139e-12
4.457809e-09
-3.262396e-12
5.554625e-12
4.45375e-09
-3.14159e-12
5.164706e-12
-3.026862e-12
4.805361e-12
3.742333e-09
-1.598302e-12
8.11601e-12
3.737718e-09
-1.536711e-12
7.503654e-12
3.733375e-09
-1.480934e-12
6.949456e-12
3.729282e-09
-1.429434e-12
6.443017e-12
3.725419e-09
-1.38134e-12
5.97875e-12
3.721769e-09
-1.33606e-12
5.552992e-12
3.718317e-09
-1.293091e-12
5.162233e-12
3.715049e-09
-1.252046e-12
4.803125e-12
-1.212615e-12
4.472766e-12
2.691438e-09
-2.189311e-13
6.705623e-12
2.688352e-09
-2.164936e-13
6.210833e-12
2.68545e-09
-2.151282e-13
5.762104e-12
2.682715e-09
-2.138812e-13
5.351932e-12
2.680135e-09
-2.125795e-13
4.976256e-12
2.677697e-09
-2.111251e-13
4.631899e-12
2.675392e-09
-2.094396e-13
4.315928e-12
2.673208e-09
-2.074833e-13
4.025561e-12
-2.052207e-13
3.758391e-12
1.166566e-09
3.804139e-12
1.165377e-09
3.535753e-12
1.164259e-09
3.291918e-12
1.163204e-09
3.068754e-12
1.162209e-09
2.864274e-12
1.161267e-09
2.676612e-12
1.160376e-09
2.504171e-12
1.159531e-09
2.345431e-12
2.199125e-12
7.169531e-09
5.648221e-12
-1.03408e-12
7.175001e-09
5.47102e-12
-9.611368e-13
7.180287e-09
5.300981e-12
-8.920416e-13
7.185395e-09
5.137498e-12
-8.266285e-13
4.980053e-12
-7.644905e-13
7.149957e-09
1.367922e-16
-1.368283e-12
7.156265e-09
1.493399e-16
-1.275475e-12
7.162362e-09
1.635493e-16
-1.191961e-12
7.168257e-09
1.729945e-16
-1.115088e-12
7.173958e-09
1.74952e-16
-1.041626e-12
7.179475e-09
1.769084e-16
-9.717353e-13
7.184813e-09
1.774676e-16
-9.052868e-13
1.740871e-16
-8.418835e-13
7.149957e-09
-6.229815e-12
-1.368281e-12
7.156265e-09
-6.02664e-12
-1.275471e-12
7.162362e-09
-5.832946e-12
-1.191955e-12
7.168257e-09
-5.647883e-12
-1.115081e-12
7.173959e-09
-5.470675e-12
-1.041621e-12
7.179475e-09
-5.30063e-12
-9.71728e-13
7.184813e-09
-5.137148e-12
-9.052777e-13
-4.979709e-12
-8.418726e-13
7.151927e-09
-1.22475e-11
-1.287711e-12
7.158003e-09
-1.184082e-11
-1.194321e-12
7.163868e-09
-1.145325e-11
-1.110663e-12
7.169531e-09
-1.108313e-11
-1.034011e-12
7.175002e-09
-1.07289e-11
-9.610928e-13
7.180287e-09
-1.03892e-11
-8.920241e-13
7.185396e-09
-1.006282e-11
-8.266449e-13
-9.748732e-12
-7.645194e-13
7.154776e-09
-1.781458e-11
-1.089728e-12
7.160356e-09
-1.720545e-11
-9.976918e-13
7.165727e-09
-1.662541e-11
-9.161179e-13
7.170899e-09
-1.607197e-11
-8.421453e-13
7.175881e-09
-1.554284e-11
-7.724353e-13
7.180682e-09
-1.503597e-11
-7.07022e-13
7.185309e-09
-1.454958e-11
-6.456508e-13
7.189771e-09
-1.408209e-11
-5.878862e-13
-1.363215e-11
-5.334559e-13
7.156046e-09
-2.264955e-11
-7.027703e-13
7.160812e-09
-2.184409e-11
-6.194168e-13
7.165379e-09
-2.107812e-11
-5.471576e-13
7.169755e-09
-2.034836e-11
-4.829995e-13
7.173951e-09
-1.965179e-11
-4.235723e-13
7.177977e-09
-1.898567e-11
-3.687937e-13
7.18184e-09
-1.834761e-11
-3.183129e-13
7.185549e-09
-1.773549e-11
-2.716081e-13
-1.714749e-11
-2.283745e-13
7.151402e-09
-2.642916e-11
-3.088127e-14
7.154982e-09
-2.544395e-11
2.797409e-14
7.158383e-09
-2.450896e-11
7.594664e-14
7.161618e-09
-2.362011e-11
1.160433e-13
7.164695e-09
-2.27736e-11
1.515274e-13
7.167625e-09
-2.1966e-11
1.826046e-13
7.170416e-09
-2.119428e-11
2.09741e-13
7.173077e-09
-2.045576e-11
2.334614e-13
-1.974807e-11
2.541637e-13
7.133971e-09
-2.881804e-11
1.023623e-12
7.135964e-09
-2.768633e-11
1.031342e-12
7.137824e-09
-2.661527e-11
1.030399e-12
7.13956e-09
-2.559997e-11
1.023506e-12
7.141182e-09
-2.463586e-11
1.013509e-12
7.142699e-09
-2.371875e-11
1.000692e-12
7.144118e-09
-2.284495e-11
9.855363e-13
7.145446e-09
-2.20112e-11
9.685815e-13
-2.121459e-11
9.501622e-13
7.093645e-09
-2.953036e-11
2.519668e-12
7.093698e-09
-2.830668e-11
2.439191e-12
7.093689e-09
-2.71525e-11
2.355709e-12
7.093625e-09
-2.606217e-11
2.271073e-12
7.093514e-09
-2.503037e-11
2.187232e-12
7.093362e-09
-2.405217e-11
2.104395e-12
7.093175e-09
-2.312328e-11
2.022927e-12
7.092957e-09
-2.223985e-11
1.943127e-12
-2.139845e-11
1.865237e-12
7.016524e-09
-2.841513e-11
4.426352e-12
7.014426e-09
-2.717506e-11
4.215568e-12
7.012364e-09
-2.600994e-11
4.012063e-12
7.010342e-09
-2.49135e-11
3.816039e-12
7.008363e-09
-2.387978e-11
3.627921e-12
7.006427e-09
-2.290331e-11
3.44757e-12
7.004536e-09
-2.19793e-11
3.274936e-12
7.002691e-09
-2.110347e-11
3.109924e-12
-2.027205e-11
2.952361e-12
6.88454e-09
-2.554e-11
6.578026e-12
6.880327e-09
-2.437246e-11
6.201232e-12
6.876267e-09
-2.327997e-11
5.846793e-12
6.872357e-09
-2.225597e-11
5.512413e-12
6.868591e-09
-2.129422e-11
5.196386e-12
6.864965e-09
-2.038902e-11
4.897874e-12
6.861474e-09
-1.95354e-11
4.616098e-12
6.858114e-09
-1.872893e-11
4.350191e-12
-1.796567e-11
4.099387e-12
6.675155e-09
-2.123675e-11
8.673508e-12
6.669173e-09
-2.022855e-11
8.116436e-12
6.663462e-09
-1.928902e-11
7.600031e-12
6.658008e-09
-1.841182e-11
7.118853e-12
6.652797e-09
-1.759092e-11
6.668739e-12
6.647817e-09
-1.682089e-11
6.247816e-12
6.643056e-09
-1.609699e-11
5.854244e-12
6.638504e-09
-1.541502e-11
5.486183e-12
-1.477132e-11
5.141974e-12
6.360663e-09
-1.607789e-11
1.033475e-11
6.35356e-09
-1.529444e-11
9.617531e-12
6.346817e-09
-1.456726e-11
8.959041e-12
6.340414e-09
-1.389077e-11
8.350613e-12
6.334328e-09
-1.325971e-11
7.785822e-12
6.328541e-09
-1.266946e-11
7.261602e-12
6.323034e-09
-1.211598e-11
6.774955e-12
6.317792e-09
-1.159572e-11
6.322925e-12
-1.110558e-11
5.902943e-12
5.906264e-09
-1.077871e-11
1.124556e-11
5.898875e-09
-1.024771e-11
1.042414e-11
5.891891e-09
-9.756807e-12
9.674875e-12
5.885284e-09
-9.301618e-12
8.986565e-12
5.879028e-09
-8.878097e-12
8.351342e-12
5.873098e-09
-8.482825e-12
7.765079e-12
5.867475e-09
-8.112795e-12
7.223773e-12
5.862137e-09
-7.7654e-12
6.723567e-12
-7.438407e-12
6.261093e-12
5.265594e-09
-6.057028e-12
1.125076e-11
5.258782e-09
-5.761601e-12
1.040602e-11
5.252361e-09
-5.489853e-12
9.638381e-12
5.246302e-09
-5.238657e-12
8.935675e-12
5.240578e-09
-5.005373e-12
8.289845e-12
5.235165e-09
-4.787906e-12
7.696156e-12
5.230042e-09
-4.584404e-12
7.150074e-12
5.225187e-09
-4.3933e-12
6.647244e-12
-4.213255e-12
6.183911e-12
4.371627e-09
-2.502316e-12
1.041345e-11
4.366126e-09
-2.385955e-12
9.628864e-12
4.360949e-09
-2.280056e-12
8.916732e-12
4.35607e-09
-2.182525e-12
8.265829e-12
4.351466e-09
-2.092029e-12
7.669127e-12
4.347117e-09
-2.007621e-12
7.121858e-12
4.343004e-09
-1.928463e-12
6.619534e-12
4.33911e-09
-1.853874e-12
6.157864e-12
-1.783286e-12
5.733192e-12
3.118787e-09
-4.731952e-13
8.563476e-12
3.115136e-09
-4.554634e-13
7.931138e-12
3.111702e-09
-4.402333e-13
7.356462e-12
3.108467e-09
-4.262702e-13
6.831116e-12
3.105414e-09
-4.132572e-13
6.349926e-12
3.102531e-09
-4.009984e-13
5.908813e-12
3.099804e-09
-3.893188e-13
5.504043e-12
3.097221e-09
-3.780932e-13
5.132051e-12
-3.672115e-13
4.789866e-12
1.326786e-09
4.804647e-12
1.325403e-09
4.463891e-12
1.3241e-09
4.153874e-12
1.322873e-09
3.870141e-12
1.321714e-09
3.610143e-12
1.320618e-09
3.371531e-12
1.31958e-09
3.152295e-12
1.318597e-09
2.950502e-12
2.764599e-12
8.175725e-09
7.032187e-12
-1.240206e-12
8.182464e-09
6.800454e-12
-1.153382e-12
8.188968e-09
6.578485e-12
-1.070928e-12
8.195247e-09
6.36552e-12
-9.927277e-13
6.160896e-12
-9.183549e-13
8.151527e-09
1.48085e-16
-1.636537e-12
8.159308e-09
1.615117e-16
-1.528949e-12
8.166821e-09
1.771952e-16
-1.430392e-12
8.174077e-09
1.886069e-16
-1.339041e-12
8.181087e-09
1.918513e-16
-1.251521e-12
8.187862e-09
1.946983e-16
-1.168047e-12
8.19441e-09
1.960356e-16
-1.088536e-12
1.936377e-16
-1.012583e-12
8.151527e-09
-7.794636e-12
-1.636533e-12
8.159308e-09
-7.528119e-12
-1.528945e-12
8.166821e-09
-7.274185e-12
-1.430384e-12
8.174077e-09
-7.03182e-12
-1.339031e-12
8.181087e-09
-6.800077e-12
-1.251513e-12
8.187862e-09
-6.578101e-12
-1.168038e-12
8.19441e-09
-6.365135e-12
-1.088528e-12
-6.160514e-12
-1.012569e-12
8.153987e-09
-1.533733e-11
-1.538067e-12
8.161498e-09
-1.480363e-11
-1.429831e-12
8.16874e-09
-1.429534e-11
-1.331155e-12
8.175725e-09
-1.381042e-11
-1.240131e-12
8.182464e-09
-1.334701e-11
-1.153326e-12
8.188968e-09
-1.29034e-11
-1.070904e-12
8.195247e-09
-1.247807e-11
-9.927401e-13
-1.206969e-11
-9.183947e-13
8.157657e-09
-2.234206e-11
-1.296723e-12
8.164587e-09
-2.154203e-11
-1.190211e-12
8.171251e-09
-2.078069e-11
-1.094164e-12
8.17766e-09
-2.005504e-11
-1.006499e-12
8.183826e-09
-1.936228e-11
-9.236903e-13
8.189762e-09
-1.869986e-11
-8.45803e-13
8.195476e-09
-1.80655e-11
-7.726067e-13
8.200979e-09
-1.745718e-11
-7.036022e-13
-1.687312e-11
-6.385765e-13
8.159704e-09
-2.846588e-11
-8.263813e-13
8.165679e-09
-2.740651e-11
-7.304335e-13
8.171397e-09
-2.639975e-11
-6.45793e-13
8.176871e-09
-2.544164e-11
-5.701658e-13
8.182113e-09
-2.452845e-11
-4.999566e-13
8.187137e-09
-2.365673e-11
-4.350926e-13
8.191951e-09
-2.282343e-11
-3.752133e-13
8.196568e-09
-2.202583e-11
-3.197711e-13
-2.126149e-11
-2.684066e-13
8.155113e-09
-3.330782e-11
-1.169141e-14
8.159689e-09
-3.200923e-11
5.468046e-14
8.164034e-09
-3.07777e-11
1.098133e-13
8.16816e-09
-2.960826e-11
1.561508e-13
8.172082e-09
-2.849618e-11
1.972159e-13
8.175812e-09
-2.743712e-11
2.332295e-13
8.179361e-09
-2.642716e-11
2.64676e-13
8.182739e-09
-2.546283e-11
2.921844e-13
-2.454098e-11
3.161114e-13
8.135889e-09
-3.644285e-11
1.264401e-12
8.138588e-09
-3.494652e-11
1.269232e-12
8.141107e-09
-3.353142e-11
1.26515e-12
8.143459e-09
-3.219154e-11
1.254498e-12
8.145657e-09
-3.092115e-11
1.2404e-12
8.147713e-09
-2.971487e-11
1.223165e-12
8.149636e-09
-2.856791e-11
1.203318e-12
8.151436e-09
-2.747598e-11
1.181428e-12
-2.643523e-11
1.157934e-12
8.090231e-09
-3.749726e-11
3.072033e-12
8.090625e-09
-3.587245e-11
2.970896e-12
8.090924e-09
-3.434114e-11
2.867096e-12
8.091137e-09
-3.289627e-11
2.762366e-12
8.091275e-09
-3.153107e-11
2.658894e-12
8.091347e-09
-3.02392e-11
2.556896e-12
8.091361e-09
-2.9015e-11
2.456744e-12
8.091322e-09
-2.785338e-11
2.358814e-12
-2.674977e-11
2.26329e-12
8.001872e-09
-3.625673e-11
5.372725e-12
7.999701e-09
-3.460099e-11
5.115187e-12
7.997552e-09
-3.304662e-11
4.866593e-12
7.99543e-09
-3.158568e-11
4.627286e-12
7.99334e-09
-3.021053e-11
4.397815e-12
7.991284e-09
-2.891403e-11
4.177964e-12
7.989266e-09
-2.768982e-11
3.967639e-12
7.987288e-09
-2.653222e-11
3.766647e-12
-2.543611e-11
3.574863e-12
7.849654e-09
-3.277699e-11
7.966081e-12
7.844951e-09
-3.120677e-11
7.509418e-12
7.840411e-09
-2.973879e-11
7.078927e-12
7.83603e-09
-2.836461e-11
6.672668e-12
7.831803e-09
-2.707615e-11
6.288835e-12
7.827727e-09
-2.586588e-11
5.926354e-12
7.823796e-09
-2.472716e-11
5.584253e-12
7.820006e-09
-2.365403e-11
5.26151e-12
-2.264116e-11
4.957123e-12
7.607232e-09
-2.744929e-11
1.04879e-11
7.600407e-09
-2.608029e-11
9.815165e-12
7.593884e-09
-2.480572e-11
9.189729e-12
7.587649e-09
-2.361731e-11
8.606598e-12
7.581688e-09
-2.250716e-11
8.061193e-12
7.575986e-09
-2.146802e-11
7.551187e-12
7.570533e-09
-2.049352e-11
7.074362e-12
7.565314e-09
-1.957795e-11
6.628432e-12
-1.871628e-11
6.211508e-12
7.24238e-09
-2.097874e-11
1.248273e-11
7.234199e-09
-1.990052e-11
1.161825e-11
7.226431e-09
-1.890065e-11
1.082209e-11
7.21905e-09
-1.797181e-11
1.008595e-11
7.212033e-09
-1.7107e-11
9.402649e-12
7.205358e-09
-1.629999e-11
8.768417e-12
7.199006e-09
-1.554528e-11
8.179636e-12
7.192956e-09
-1.483799e-11
7.632759e-12
-1.417382e-11
7.124694e-12
6.714928e-09
-1.426237e-11
1.356598e-11
6.70639e-09
-1.351633e-11
1.25773e-11
6.698319e-09
-1.28272e-11
1.167272e-11
6.690682e-09
-1.218913e-11
1.084121e-11
6.683449e-09
-1.159668e-11
1.007384e-11
6.676594e-09
-1.104518e-11
9.365573e-12
6.670091e-09
-1.053048e-11
8.711592e-12
6.663918e-09
-1.004894e-11
8.107217e-12
-9.597395e-12
7.548531e-12
5.97196e-09
-8.207577e-12
1.355007e-11
5.964092e-09
-7.77721e-12
1.253468e-11
5.956675e-09
-7.381458e-12
1.160941e-11
5.949676e-09
-7.016155e-12
1.076199e-11
5.943064e-09
-6.677692e-12
9.98314e-12
5.936811e-09
-6.363146e-12
9.267102e-12
5.930892e-09
-6.069911e-12
8.60843e-12
5.925284e-09
-5.795734e-12
8.0019e-12
-5.538668e-12
7.443077e-12
4.938237e-09
-3.557946e-12
1.249921e-11
4.931905e-09
-3.374837e-12
1.155843e-11
4.925946e-09
-3.207828e-12
1.070257e-11
4.920329e-09
-3.054185e-12
9.920031e-12
4.91503e-09
-2.912035e-12
9.202611e-12
4.910024e-09
-2.78001e-12
8.544557e-12
4.905291e-09
-2.656883e-12
7.940494e-12
4.900809e-09
-2.54162e-12
7.385275e-12
-2.433341e-12
6.874645e-12
3.498553e-09
-7.82228e-13
1.023165e-11
3.494378e-09
-7.449259e-13
9.475565e-12
3.490452e-09
-7.119196e-13
8.787271e-12
3.486752e-09
-6.81654e-13
8.157928e-12
3.483263e-09
-6.536371e-13
7.581437e-12
3.479966e-09
-6.275535e-13
7.052909e-12
3.476848e-09
-6.031104e-13
6.567889e-12
3.473897e-09
-5.800756e-13
6.122153e-12
-5.58248e-13
5.712216e-12
1.466012e-09
5.684565e-12
1.464451e-09
5.279665e-12
1.462983e-09
4.910862e-12
1.461598e-09
4.573299e-12
1.46029e-09
4.263943e-12
1.459054e-09
3.980027e-12
1.457884e-09
3.719168e-12
1.456776e-09
3.479111e-12
3.258012e-12
9.092359e-09
8.481577e-12
-1.408403e-12
9.100414e-09
8.190842e-12
-1.31079e-12
9.10818e-09
7.912696e-12
-1.21781e-12
9.11567e-09
7.646224e-12
-1.129409e-12
7.390618e-12
-1.045202e-12
9.063348e-09
1.567324e-16
-1.852495e-12
9.072658e-09
1.707482e-16
-1.734554e-12
9.081638e-09
1.877069e-16
-1.624849e-12
9.090303e-09
2.008563e-16
-1.522438e-12
9.098666e-09
2.053889e-16
-1.423973e-12
9.10674e-09
2.090359e-16
-1.329769e-12
9.114538e-09
2.109158e-16
-1.239822e-12
2.098045e-16
-1.153764e-12
9.063348e-09
-9.439533e-12
-1.85249e-12
9.072658e-09
-9.104598e-12
-1.734549e-12
9.081638e-09
-8.785537e-12
-1.62484e-12
9.090303e-09
-8.481186e-12
-1.522426e-12
9.098666e-09
-8.19044e-12
-1.423962e-12
9.10674e-09
-7.912285e-12
-1.329759e-12
9.114538e-09
-7.645811e-12
-1.239819e-12
-7.390207e-12
-1.153761e-12
9.066328e-09
-1.858816e-11
-1.738753e-12
9.075331e-09
-1.79172e-11
-1.620109e-12
9.084003e-09
-1.727831e-11
-1.510313e-12
9.092359e-09
-1.666916e-11
-1.408323e-12
9.100414e-09
-1.608756e-11
-1.310726e-12
9.10818e-09
-1.553149e-11
-1.217777e-12
9.11567e-09
-1.49991e-11
-1.129429e-12
-1.448879e-11
-1.045255e-12
9.070892e-09
-2.711247e-11
-1.46052e-12
9.079235e-09
-2.610595e-11
-1.343911e-12
9.087248e-09
-2.514832e-11
-1.237207e-12
9.094947e-09
-2.423614e-11
-1.139162e-12
9.102348e-09
-2.336611e-11
-1.046239e-12
9.109465e-09
-2.253518e-11
-9.585817e-13
9.11631e-09
-2.174061e-11
-8.76017e-13
9.122895e-09
-2.097991e-11
-7.980673e-13
-2.025089e-11
9.073868e-09
-3.460679e-11
-9.194786e-13
9.081119e-09
-3.327237e-11
-8.149998e-13
9.088051e-09
-3.200457e-11
-7.21465e-13
9.094681e-09
-3.079878e-11
-6.373441e-13
9.101025e-09
-2.965058e-11
-5.589926e-13
9.107097e-09
-2.855587e-11
-4.863972e-13
9.112911e-09
-2.751092e-11
-4.192359e-13
9.118481e-09
-2.651235e-11
-3.569238e-13
-2.555717e-11
9.069607e-09
-4.058894e-11
1.593496e-14
9.075253e-09
-3.895022e-11
8.661629e-14
9.080608e-09
-3.739658e-11
1.462625e-13
9.085691e-09
-3.592222e-11
1.96678e-13
9.090518e-09
-3.452153e-11
2.414781e-13
9.095104e-09
-3.318922e-11
2.808534e-13
9.099463e-09
-3.192053e-11
3.152714e-13
9.103608e-09
-3.071111e-11
3.453607e-13
-2.955705e-11
9.049055e-09
-4.453811e-11
1.478892e-12
9.052539e-09
-4.264502e-11
1.479389e-12
9.055792e-09
-4.085531e-11
1.471192e-12
9.05883e-09
-3.916186e-11
1.456191e-12
9.061669e-09
-3.75578e-11
1.43765e-12
9.064324e-09
-3.603657e-11
1.415859e-12
9.066807e-09
-3.459227e-11
1.391339e-12
9.069133e-09
-3.321949e-11
1.364721e-12
-3.191342e-11
8.998801e-09
-4.598436e-11
3.548723e-12
8.99962e-09
-4.392175e-11
3.428485e-12
9.000304e-09
-4.197855e-11
3.306188e-12
9.000868e-09
-4.014634e-11
3.183365e-12
9.001323e-09
-3.841689e-11
3.062357e-12
9.001683e-09
-3.678241e-11
2.943352e-12
9.001956e-09
-3.523584e-11
2.826715e-12
9.002153e-09
-3.377077e-11
2.712794e-12
-3.238143e-11
8.900303e-09
-4.464112e-11
6.180197e-12
8.898145e-09
-4.253009e-11
5.881889e-12
8.895988e-09
-4.054911e-11
5.594083e-12
8.89384e-09
-3.868859e-11
5.317202e-12
8.891709e-09
-3.693917e-11
5.051909e-12
8.889598e-09
-3.529196e-11
4.79791e-12
8.887514e-09
-3.373899e-11
4.555046e-12
8.88546e-09
-3.227301e-11
4.323102e-12
-3.088756e-11
8.729436e-09
-4.054545e-11
9.143299e-12
8.724329e-09
-3.853241e-11
8.618388e-12
8.719388e-09
-3.665127e-11
8.122828e-12
8.714609e-09
-3.489174e-11
7.655018e-12
8.709989e-09
-3.324376e-11
7.213146e-12
8.705525e-09
-3.169792e-11
6.795947e-12
8.701214e-09
-3.024581e-11
6.402286e-12
8.697051e-09
-2.88798e-11
6.030928e-12
-2.759308e-11
8.456216e-09
-3.414665e-11
1.202018e-11
8.448628e-09
-3.237907e-11
1.124959e-11
8.44137e-09
-3.07342e-11
1.053164e-11
8.434424e-09
-2.920181e-11
9.861842e-12
8.427778e-09
-2.777198e-11
9.235418e-12
8.421418e-09
-2.643557e-11
8.649679e-12
8.415328e-09
-2.518442e-11
8.102075e-12
8.409498e-09
-2.40112e-11
7.590018e-12
-2.290941e-11
8.044148e-09
-2.628795e-11
1.428993e-11
8.034968e-09
-2.488233e-11
1.330163e-11
8.026246e-09
-2.357949e-11
1.238927e-11
8.017956e-09
-2.237026e-11
1.154514e-11
8.010071e-09
-2.124576e-11
1.076158e-11
8.002567e-09
-2.019806e-11
1.003427e-11
7.995423e-09
-1.922007e-11
9.359074e-12
7.988618e-09
-1.830546e-11
8.731916e-12
-1.744862e-11
7.448118e-09
-1.805952e-11
1.55094e-11
7.438505e-09
-1.707302e-11
1.438086e-11
7.429415e-09
-1.616212e-11
1.334589e-11
7.420811e-09
-1.531947e-11
1.239393e-11
7.412662e-09
-1.453809e-11
1.151535e-11
7.404937e-09
-1.381195e-11
1.070438e-11
7.397609e-09
-1.313566e-11
9.955535e-12
7.390651e-09
-1.250444e-11
9.263498e-12
-1.19141e-11
6.609386e-09
-1.057188e-11
1.546404e-11
6.60053e-09
-9.989141e-12
1.430683e-11
6.59218e-09
-9.45332e-12
1.325007e-11
6.5843e-09
-8.95913e-12
1.22817e-11
6.576856e-09
-8.501894e-12
1.139163e-11
6.569815e-09
-8.077783e-12
1.057327e-11
6.563151e-09
-7.683355e-12
9.820407e-12
6.556837e-09
-7.315595e-12
9.127109e-12
-6.971889e-12
5.445829e-09
-4.734245e-12
1.421771e-11
5.438724e-09
-4.474604e-12
1.314829e-11
5.432037e-09
-4.237488e-12
1.217366e-11
5.425736e-09
-4.019469e-12
1.128217e-11
5.41979e-09
-3.818075e-12
1.04648e-11
5.414173e-09
-3.631466e-12
9.714987e-12
5.408861e-09
-3.45798e-12
9.026626e-12
5.403833e-09
-3.296183e-12
8.393914e-12
-3.144856e-12
3.835051e-09
-1.134736e-12
1.158737e-11
3.830395e-09
-1.074375e-12
1.07305e-11
3.826016e-09
-1.020393e-12
9.949387e-12
3.821891e-09
-9.708905e-13
9.234992e-12
3.817999e-09
-9.251741e-13
8.58052e-12
3.814322e-09
-8.827913e-13
7.980442e-12
3.810846e-09
-8.433156e-13
7.429714e-12
3.807555e-09
-8.063906e-13
6.923585e-12
-7.71714e-13
1.587342e-09
6.382001e-12
1.585621e-09
5.925834e-12
1.584002e-09
5.509919e-12
1.582475e-09
5.129188e-12
1.581033e-09
4.780227e-12
1.579671e-09
4.459948e-12
1.578381e-09
4.165679e-12
1.577159e-09
3.894879e-12
9.920165e-09
9.967448e-12
-1.524747e-12
9.929557e-09
9.614759e-12
-1.420443e-12
9.938604e-09
9.277607e-12
-1.32072e-12
9.947323e-09
8.954934e-12
-1.225615e-12
8.645792e-12
9.886245e-09
1.630524e-16
-1.998055e-12
9.897109e-09
1.774159e-16
-1.87513e-12
9.90758e-09
1.954186e-16
-1.759202e-12
9.917675e-09
2.100941e-16
-1.650186e-12
9.927411e-09
2.158008e-16
-1.544904e-12
9.936802e-09
2.201097e-16
-1.443798e-12
9.945864e-09
2.221764e-16
-1.346964e-12
2.220876e-16
9.886245e-09
-1.113038e-11
-1.998048e-12
9.897109e-09
-1.072379e-11
-1.875123e-12
9.90758e-09
-1.033644e-11
-1.759191e-12
9.917675e-09
-9.96704e-12
-1.650173e-12
9.927411e-09
-9.614337e-12
-1.544892e-12
9.936802e-09
-9.277175e-12
-1.443788e-12
9.945864e-09
-8.9545e-12
-1.346968e-12
-8.645358e-12
9.889763e-09
-2.193234e-11
-1.872852e-12
9.900286e-09
-2.111756e-11
-1.749185e-12
9.910414e-09
-2.034166e-11
-1.633188e-12
9.920165e-09
-1.960208e-11
-1.524669e-12
9.929557e-09
-1.889632e-11
-1.420373e-12
9.938605e-09
-1.822206e-11
-1.320679e-12
9.947323e-09
-1.757719e-11
-1.22564e-12
-1.695979e-11
9.895273e-09
-3.202605e-11
-1.567041e-12
9.90506e-09
-3.080296e-11
-1.445632e-12
9.914453e-09
-2.963923e-11
-1.333072e-12
9.923472e-09
-2.853103e-11
-1.228937e-12
9.932134e-09
-2.747462e-11
-1.129829e-12
9.940456e-09
-2.646648e-11
-1.036002e-12
9.948453e-09
-2.550343e-11
-9.473752e-13
-2.458253e-11
9.899297e-09
-4.094297e-11
-9.733856e-13
9.907864e-09
-3.931968e-11
-8.652376e-13
9.916048e-09
-3.777742e-11
-7.671402e-13
9.923869e-09
-3.631102e-11
-6.783316e-13
9.931346e-09
-3.491545e-11
-5.952693e-13
9.938497e-09
-3.358595e-11
-5.180314e-13
9.945339e-09
-3.231815e-11
-4.463694e-13
-3.110806e-11
9.895604e-09
-4.811781e-11
5.150361e-14
9.90237e-09
-4.612119e-11
1.228029e-13
9.908783e-09
-4.422831e-11
1.838027e-13
9.914866e-09
-4.243258e-11
2.356397e-13
9.920637e-09
-4.072755e-11
2.818805e-13
9.926117e-09
-3.910708e-11
3.226416e-13
9.931321e-09
-3.756554e-11
3.583279e-13
-3.609774e-11
9.874158e-09
-5.292986e-11
1.652439e-12
9.878487e-09
-5.061834e-11
1.647305e-12
9.882529e-09
-4.843321e-11
1.634149e-12
9.886305e-09
-4.636632e-11
1.614359e-12
9.889833e-09
-4.44097e-11
1.591206e-12
9.893133e-09
-4.255565e-11
1.564927e-12
9.89622e-09
-4.079714e-11
1.536002e-12
-3.912771e-11
9.820028e-09
-5.480673e-11
3.915194e-12
9.821341e-09
-5.228117e-11
3.778647e-12
9.822475e-09
-4.990209e-11
3.640883e-12
9.823449e-09
-4.765973e-11
3.503158e-12
9.824278e-09
-4.554447e-11
3.367875e-12
9.824978e-09
-4.354707e-11
3.23517e-12
9.825561e-09
-4.165906e-11
3.10536e-12
-3.987273e-11
9.712519e-09
-5.338241e-11
6.789034e-12
9.71045e-09
-5.078852e-11
6.458764e-12
9.708356e-09
-4.835479e-11
6.140381e-12
9.706249e-09
-4.606998e-11
5.834304e-12
9.704138e-09
-4.392302e-11
5.541285e-12
9.702031e-09
-4.190332e-11
5.260948e-12
9.699936e-09
-4.000122e-11
4.993089e-12
-3.820793e-11
9.524684e-09
-4.866935e-11
1.002157e-11
9.519254e-09
-4.618518e-11
9.444896e-12
9.513986e-09
-4.38642e-11
8.899961e-12
9.50888e-09
-4.169421e-11
8.385427e-12
9.503934e-09
-3.966325e-11
7.89956e-12
9.499146e-09
-3.775996e-11
7.440927e-12
9.494513e-09
-3.597409e-11
7.008251e-12
-3.429634e-11
9.223102e-09
-4.117272e-11
1.315465e-11
9.214835e-09
-3.897963e-11
1.23111e-11
9.206917e-09
-3.69392e-11
1.152395e-11
9.199335e-09
-3.503922e-11
1.078921e-11
9.192073e-09
-3.326774e-11
1.01021e-11
9.185117e-09
-3.161366e-11
9.459644e-12
9.178452e-09
-3.006698e-11
8.859081e-12
-2.861867e-11
8.767298e-09
-3.187699e-11
1.561882e-11
8.757201e-09
-3.01205e-11
1.453922e-11
8.747603e-09
-2.849281e-11
1.354083e-11
8.738475e-09
-2.698282e-11
1.261655e-11
8.72979e-09
-2.557979e-11
1.175857e-11
8.721523e-09
-2.427397e-11
1.096215e-11
8.713649e-09
-2.305661e-11
1.022279e-11
-2.191987e-11
8.107659e-09
-2.207332e-11
1.692697e-11
8.097051e-09
-2.082791e-11
1.569634e-11
8.087016e-09
-1.967814e-11
1.456577e-11
8.077517e-09
-1.861507e-11
1.352527e-11
8.068518e-09
-1.763013e-11
1.256492e-11
8.059986e-09
-1.671588e-11
1.16784e-11
8.05189e-09
-1.58656e-11
1.085978e-11
-1.507331e-11
7.180352e-09
-1.308501e-11
1.684586e-11
7.170581e-09
-1.233721e-11
1.558629e-11
7.161369e-09
-1.164956e-11
1.443417e-11
7.152673e-09
-1.101565e-11
1.337789e-11
7.144457e-09
-1.042966e-11
1.240694e-11
7.136687e-09
-9.886798e-12
1.151413e-11
7.129332e-09
-9.382746e-12
1.069273e-11
-8.913679e-12
5.897596e-09
-5.995297e-12
1.543812e-11
5.889782e-09
-5.651948e-12
1.427732e-11
5.882426e-09
-5.338102e-12
1.321791e-11
5.875494e-09
-5.049614e-12
1.22485e-11
5.868953e-09
-4.783372e-12
1.135961e-11
5.862774e-09
-4.537031e-12
1.05441e-11
5.856931e-09
-4.308463e-12
9.795383e-12
-4.095809e-12
4.131819e-09
-1.518151e-12
1.253014e-11
4.126727e-09
-1.432154e-12
1.160296e-11
4.121936e-09
-1.354822e-12
1.075682e-11
4.117423e-09
-1.2839e-12
9.982723e-12
4.113165e-09
-1.21848e-12
9.2735e-12
4.109143e-09
-1.157956e-12
8.623131e-12
4.10534e-09
-1.101757e-12
8.026208e-12
-1.049395e-12
1.693027e-09
6.848231e-12
1.691163e-09
6.357361e-12
1.689409e-09
5.909442e-12
1.687755e-09
5.499325e-12
1.686193e-09
5.123407e-12
1.684717e-09
4.778333e-12
1.683319e-09
4.461285e-12
1.065995e-08
1.145622e-11
-1.578247e-12
1.067067e-08
1.104035e-11
-1.472095e-12
1.068099e-08
1.0643e-11
-1.370144e-12
1.026297e-11
-1.272546e-12
1.062113e-08
1.673817e-16
-2.05924e-12
1.063354e-08
1.818972e-16
-1.937322e-12
1.064549e-08
2.007164e-16
-1.820802e-12
1.065701e-08
2.166457e-16
-1.710382e-12
1.066811e-08
2.233427e-16
-1.603171e-12
1.067881e-08
2.281534e-16
-1.499733e-12
2.298988e-16
-1.400294e-12
1.062113e-08
-1.282777e-11
-2.059231e-12
1.063354e-08
-1.234834e-11
-1.937315e-12
1.064549e-08
-1.189148e-11
-1.820791e-12
1.065701e-08
-1.14558e-11
-1.710368e-12
1.066811e-08
-1.103992e-11
-1.603158e-12
1.067881e-08
-1.064255e-11
-1.499723e-12
-1.026252e-11
-1.400311e-12
1.062519e-08
-2.529166e-11
-1.927307e-12
1.063723e-08
-2.433059e-11
-1.804627e-12
1.064881e-08
-2.341518e-11
-1.688053e-12
1.065995e-08
-2.254263e-11
-1.57818e-12
1.067067e-08
-2.17102e-11
-1.472029e-12
1.068099e-08
-2.091532e-11
-1.370101e-12
-2.01556e-11
-1.272585e-12
1.063167e-08
-3.696721e-11
-1.605441e-12
1.06429e-08
-3.552365e-11
-1.485137e-12
1.065368e-08
-3.414987e-11
-1.372199e-12
1.066401e-08
-3.284169e-11
-1.266969e-12
1.067393e-08
-3.159499e-11
-1.166314e-12
1.068346e-08
-3.040584e-11
-1.0706e-12
-2.927064e-11
-9.798828e-13
1.063682e-08
-4.732415e-11
-9.814779e-13
1.064671e-08
-4.540643e-11
-8.750471e-13
1.065616e-08
-4.35841e-11
-7.772984e-13
1.066518e-08
-4.185151e-11
-6.882032e-13
1.06738e-08
-4.02031e-11
-6.044502e-13
1.068203e-08
-3.863349e-11
-5.262203e-13
-3.713774e-11
-4.533945e-13
1.063389e-08
-5.571408e-11
9.4433e-14
1.064179e-08
-5.335205e-11
1.623658e-13
1.064929e-08
-5.111242e-11
2.212262e-13
1.065639e-08
-4.898791e-11
2.714928e-13
1.066312e-08
-4.697135e-11
3.165492e-13
1.066951e-08
-4.505577e-11
3.564197e-13
-4.323473e-11
3.914e-13
1.061193e-08
-6.141466e-11
1.773273e-12
1.061714e-08
-5.867503e-11
1.761399e-12
1.0622e-08
-5.608493e-11
1.7426e-12
1.062655e-08
-5.363526e-11
1.717736e-12
1.06308e-08
-5.131707e-11
1.689959e-12
1.063477e-08
-4.912155e-11
1.659431e-12
-4.704063e-11
1.626535e-12
1.055461e-08
-6.374748e-11
4.143877e-12
1.055647e-08
-6.074714e-11
3.994834e-12
1.05581e-08
-5.792063e-11
3.845619e-12
1.055952e-08
-5.525695e-11
3.697152e-12
1.056077e-08
-5.274517e-11
3.551798e-12
1.056185e-08
-5.037465e-11
3.409622e-12
-4.813558e-11
3.270864e-12
1.043921e-08
-6.22622e-11
7.151547e-12
1.04373e-08
-5.917184e-11
6.800392e-12
1.043533e-08
-5.627222e-11
6.462264e-12
1.043332e-08
-5.355053e-11
6.137508e-12
1.043128e-08
-5.099407e-11
5.826904e-12
1.042923e-08
-4.859055e-11
5.530015e-12
-4.632871e-11
5.246514e-12
1.023615e-08
-5.694184e-11
1.053047e-11
1.023048e-08
-5.397196e-11
9.922398e-12
1.022495e-08
-5.119722e-11
9.347505e-12
1.021959e-08
-4.860356e-11
8.804681e-12
1.021438e-08
-4.617712e-11
8.292256e-12
1.020932e-08
-4.390466e-11
7.808722e-12
-4.17741e-11
7.352718e-12
9.908807e-09
-4.834441e-11
1.379877e-11
9.899945e-09
-4.571147e-11
1.291278e-11
9.891448e-09
-4.326189e-11
1.208515e-11
9.883303e-09
-4.098151e-11
1.131237e-11
9.875495e-09
-3.885638e-11
1.058973e-11
9.868009e-09
-3.687342e-11
9.914141e-12
-3.502082e-11
9.282662e-12
9.413037e-09
-3.759586e-11
1.635957e-11
9.402112e-09
-3.547568e-11
1.522842e-11
9.391721e-09
-3.351103e-11
1.4181e-11
9.381834e-09
-3.168898e-11
1.321092e-11
9.372423e-09
-2.999687e-11
1.23104e-11
9.36346e-09
-2.842314e-11
1.147452e-11
-2.695738e-11
1.069859e-11
8.695196e-09
-2.619174e-11
1.770043e-11
8.68368e-09
-2.467711e-11
1.641373e-11
8.672784e-09
-2.327881e-11
1.523006e-11
8.662466e-09
-2.198631e-11
1.414023e-11
8.652689e-09
-2.078948e-11
1.313428e-11
8.643418e-09
-1.967941e-11
1.220568e-11
-1.864805e-11
1.134819e-11
7.687063e-09
-1.567298e-11
1.75801e-11
7.676459e-09
-1.475282e-11
1.626598e-11
7.666459e-09
-1.390657e-11
1.506242e-11
7.657018e-09
-1.312663e-11
1.395859e-11
7.648098e-09
-1.240608e-11
1.294384e-11
7.639661e-09
-1.173912e-11
1.201073e-11
-1.112053e-11
1.115224e-11
6.296299e-09
-7.30099e-12
1.605956e-11
6.287841e-09
-6.869709e-12
1.485211e-11
6.279879e-09
-6.475204e-12
1.374886e-11
6.272374e-09
-6.112619e-12
1.273907e-11
6.265293e-09
-5.778185e-12
1.181303e-11
6.258603e-09
-5.469039e-12
1.096342e-11
-5.182568e-12
1.018333e-11
4.391755e-09
-1.918851e-12
1.298489e-11
4.386271e-09
-1.805647e-12
1.202355e-11
4.381111e-09
-1.703502e-12
1.114539e-11
4.376249e-09
-1.609818e-12
1.034185e-11
4.371662e-09
-1.523454e-12
9.605516e-12
4.367329e-09
-1.443651e-12
8.930275e-12
-1.369684e-12
8.310454e-12
1.784736e-09
7.048549e-12
1.782746e-09
6.542252e-12
1.780872e-09
6.07986e-12
1.779105e-09
5.656479e-12
1.777437e-09
5.268291e-12
1.775859e-09
4.911979e-12
4.584548e-12
1.131255e-08
1.291077e-11
-1.561447e-12
1.132457e-08
1.243238e-11
-1.458726e-12
1.133613e-08
1.197541e-11
-1.359533e-12
1.153856e-11
-1.264103e-12
1.126897e-08
1.699644e-16
-2.026907e-12
1.128289e-08
1.84395e-16
-1.912277e-12
1.129628e-08
2.037344e-16
-1.801152e-12
1.130917e-08
2.205726e-16
-1.69495e-12
1.132159e-08
2.28096e-16
-1.591145e-12
1.133356e-08
2.332646e-16
-1.490413e-12
2.338373e-16
-1.393112e-12
1.126897e-08
-1.448831e-11
-2.026899e-12
1.128289e-08
-1.393705e-11
-1.91227e-12
1.129628e-08
-1.341155e-11
-1.801141e-12
1.130917e-08
-1.291034e-11
-1.694937e-12
1.132159e-08
-1.243194e-11
-1.591132e-12
1.133356e-08
-1.197496e-11
-1.490403e-12
-1.15381e-11
-1.393134e-12
1.127356e-08
-2.857991e-11
-1.893589e-12
1.128707e-08
-2.747452e-11
-1.778194e-12
1.130006e-08
-2.642126e-11
-1.667028e-12
1.131255e-08
-2.54172e-11
-1.561392e-12
1.132457e-08
-2.445938e-11
-1.458674e-12
1.133613e-08
-2.3545e-11
-1.359483e-12
-2.267144e-11
-1.264151e-12
1.128101e-08
-4.180834e-11
-1.568668e-12
1.129365e-08
-4.014708e-11
-1.45566e-12
1.130577e-08
-3.856561e-11
-1.348167e-12
1.131739e-08
-3.705948e-11
-1.247238e-12
1.132854e-08
-3.562426e-11
-1.150093e-12
1.133924e-08
-3.425567e-11
-1.057206e-12
-3.294973e-11
-9.687796e-13
1.128732e-08
-5.358412e-11
-9.395498e-13
1.129852e-08
-5.137528e-11
-8.404576e-13
1.13092e-08
-4.927571e-11
-7.482583e-13
1.131939e-08
-4.727935e-11
-6.636087e-13
1.132913e-08
-4.538017e-11
-5.83532e-13
1.133843e-08
-4.35723e-11
-5.083173e-13
-4.185025e-11
-4.379904e-13
1.128528e-08
-6.317772e-11
1.440293e-13
1.129432e-08
-6.045383e-11
2.045172e-13
1.130288e-08
-5.787043e-11
2.576094e-13
1.131099e-08
-5.541966e-11
3.031474e-13
1.131867e-08
-5.309371e-11
3.442134e-13
1.132596e-08
-5.088488e-11
3.807385e-13
-4.878601e-11
4.128755e-13
1.126313e-08
-6.976625e-11
1.833021e-12
1.126923e-08
-6.660186e-11
1.813511e-12
1.127492e-08
-6.360953e-11
1.788566e-12
1.128024e-08
-6.077936e-11
1.758498e-12
1.128521e-08
-5.810147e-11
1.726232e-12
1.128986e-08
-5.556611e-11
1.691832e-12
-5.316419e-11
1.655557e-12
1.120325e-08
-7.256479e-11
4.215465e-12
1.120568e-08
-6.909238e-11
4.058504e-12
1.120783e-08
-6.582058e-11
3.902583e-12
1.120974e-08
-6.273726e-11
3.74824e-12
1.121142e-08
-5.983029e-11
3.597693e-12
1.12129e-08
-5.708775e-11
3.450935e-12
-5.449857e-11
3.308093e-12
1.108107e-08
-7.103656e-11
7.234425e-12
1.107935e-08
-6.745146e-11
6.875057e-12
1.107755e-08
-6.408719e-11
6.529567e-12
1.107568e-08
-6.092946e-11
6.198142e-12
1.107376e-08
-5.796408e-11
5.88154e-12
1.10718e-08
-5.517715e-11
5.579248e-12
-5.255586e-11
5.290886e-12
1.086456e-08
-6.513167e-11
1.062081e-11
1.085871e-08
-6.167673e-11
1.000438e-11
1.085299e-08
-5.844847e-11
9.421556e-12
1.084743e-08
-5.543109e-11
8.871357e-12
1.084201e-08
-5.260897e-11
8.352223e-12
1.083675e-08
-4.996702e-11
7.862592e-12
-4.749143e-11
7.401021e-12
1.051418e-08
-5.54573e-11
1.388793e-11
1.05048e-08
-5.238414e-11
1.299393e-11
1.049581e-08
-4.952479e-11
1.215827e-11
1.048717e-08
-4.686321e-11
1.137789e-11
1.047889e-08
-4.438355e-11
1.064829e-11
1.047094e-08
-4.207083e-11
9.966338e-12
-3.991145e-11
9.329075e-12
9.982459e-09
-4.327776e-11
1.643576e-11
9.970798e-09
-4.079281e-11
1.529774e-11
9.959701e-09
-3.849001e-11
1.424307e-11
9.949138e-09
-3.635462e-11
1.326599e-11
9.939077e-09
-3.437216e-11
1.235908e-11
9.929493e-09
-3.252931e-11
1.151736e-11
-3.081402e-11
1.073611e-11
9.212201e-09
-3.029111e-11
1.774813e-11
9.199871e-09
-2.850586e-11
1.645695e-11
9.188201e-09
-2.685758e-11
1.526805e-11
9.177148e-09
-2.533425e-11
1.41731e-11
9.166671e-09
-2.392416e-11
1.316247e-11
9.156735e-09
-2.261699e-11
1.222959e-11
-2.140337e-11
1.136823e-11
8.131463e-09
-1.825493e-11
1.758835e-11
8.120111e-09
-1.716107e-11
1.627307e-11
8.109403e-09
-1.615486e-11
1.506736e-11
8.099294e-09
-1.522762e-11
1.396126e-11
8.08974e-09
-1.437129e-11
1.294443e-11
8.080704e-09
-1.35791e-11
1.200943e-11
-1.284494e-11
1.114924e-11
6.644301e-09
-8.608185e-12
1.601555e-11
6.635269e-09
-8.08794e-12
1.481103e-11
6.626765e-09
-7.611768e-12
1.370955e-11
6.61875e-09
-7.174136e-12
1.270115e-11
6.611186e-09
-6.770626e-12
1.177636e-11
6.60404e-09
-6.397856e-12
1.092788e-11
-6.052733e-12
1.014882e-11
4.617225e-09
-2.322492e-12
1.290462e-11
4.611394e-09
-2.18158e-12
1.194879e-11
4.605906e-09
-2.054137e-12
1.1075e-11
4.600736e-09
-1.937235e-12
1.02753e-11
4.595858e-09
-1.829509e-12
9.542434e-12
4.59125e-09
-1.730039e-12
8.870312e-12
-1.637948e-12
8.253323e-12
1.863727e-09
6.963016e-12
1.861625e-09
6.462071e-12
1.859647e-09
6.00428e-12
1.857781e-09
5.585036e-12
1.856019e-09
5.200608e-12
1.854353e-09
4.847692e-12
4.523372e-12
1.187886e-08
1.429186e-11
1.18921e-08
1.375358e-11
1.190483e-08
1.323944e-11
1.274806e-11
1.183078e-08
1.71001e-16
1.184611e-08
1.853233e-16
1.186086e-08
2.048058e-16
1.187505e-08
2.222019e-16
1.188872e-08
2.304384e-16
1.190188e-08
2.360291e-16
2.34954e-16
1.183078e-08
-1.606634e-11
1.184611e-08
-1.54465e-11
1.186086e-08
-1.485537e-11
1.187505e-08
-1.429143e-11
1.188872e-08
-1.375313e-11
1.190188e-08
-1.323898e-11
-1.27476e-11
1.183587e-08
-3.170628e-11
1.185077e-08
-3.046302e-11
1.18651e-08
-2.927793e-11
1.187886e-08
-2.814792e-11
1.18921e-08
-2.70699e-11
1.190483e-08
-2.604089e-11
-2.505807e-11
1.184424e-08
-4.641482e-11
1.185822e-08
-4.454544e-11
1.187162e-08
-4.276515e-11
1.188446e-08
-4.106934e-11
1.189677e-08
-3.945328e-11
1.190858e-08
-3.791244e-11
-3.644252e-11
1.185171e-08
-5.954715e-11
1.186414e-08
-5.705969e-11
1.1876e-08
-5.469444e-11
1.188731e-08
-5.244504e-11
1.189811e-08
-5.030509e-11
1.190842e-08
-4.826828e-11
-4.63287e-11
1.185063e-08
-7.029681e-11
1.186075e-08
-6.722607e-11
1.187033e-08
-6.431276e-11
1.187941e-08
-6.154861e-11
1.188801e-08
-5.892521e-11
1.189616e-08
-5.643429e-11
-5.406803e-11
1.182854e-08
-7.774433e-11
1.18355e-08
-7.417208e-11
1.1842e-08
-7.079313e-11
1.184807e-08
-6.759689e-11
1.185375e-08
-6.457269e-11
1.185906e-08
-6.170994e-11
-5.899867e-11
1.176665e-08
-8.100125e-11
1.176965e-08
-7.70747e-11
1.177233e-08
-7.337412e-11
1.177472e-08
-6.988638e-11
1.177685e-08
-6.659832e-11
1.177873e-08
-6.349684e-11
-6.056972e-11
1.163873e-08
-7.944535e-11
7.020426e-12
1.163725e-08
-7.538338e-11
6.666383e-12
1.163565e-08
-7.157087e-11
6.326737e-12
1.163395e-08
-6.79922e-11
6.001458e-12
1.163218e-08
-6.463181e-11
5.691204e-12
1.163034e-08
-6.147435e-11
5.395415e-12
-5.85056e-11
5.113598e-12
1.141058e-08
-7.299219e-11
1.026728e-11
1.14046e-08
-6.906882e-11
9.666918e-12
1.139875e-08
-6.540226e-11
9.09952e-12
1.139304e-08
-6.197514e-11
8.564174e-12
1.138747e-08
-5.877017e-11
8.059408e-12
1.138205e-08
-5.57706e-11
7.583664e-12
-5.296099e-11
7.135488e-12
1.103997e-08
-6.229354e-11
1.338908e-11
1.103017e-08
-5.879452e-11
1.252345e-11
1.102075e-08
-5.55385e-11
1.171411e-11
1.10117e-08
-5.250771e-11
1.095842e-11
1.100301e-08
-4.968451e-11
1.025216e-11
1.099467e-08
-4.705216e-11
9.592297e-12
-4.459538e-11
8.975894e-12
1.047654e-08
-4.87454e-11
1.580868e-11
1.046424e-08
-4.590702e-11
1.471098e-11
1.045253e-08
-4.327638e-11
1.369314e-11
1.044137e-08
-4.083707e-11
1.275021e-11
1.043074e-08
-3.857287e-11
1.187518e-11
1.042061e-08
-3.646883e-11
1.106327e-11
-3.451133e-11
1.03099e-11
9.659973e-09
-3.424067e-11
1.702964e-11
9.646928e-09
-3.219282e-11
1.578832e-11
9.634577e-09
-3.030183e-11
1.464463e-11
9.622876e-09
-2.855427e-11
1.359129e-11
9.611783e-09
-2.693696e-11
1.26192e-11
9.60126e-09
-2.543824e-11
1.172209e-11
-2.404749e-11
1.089391e-11
8.51524e-09
-2.074614e-11
1.683338e-11
8.503231e-09
-1.948342e-11
1.557297e-11
8.491901e-09
-1.832164e-11
1.441682e-11
8.481203e-09
-1.725107e-11
1.335617e-11
8.471092e-09
-1.626258e-11
1.23812e-11
8.461527e-09
-1.53485e-11
1.148482e-11
-1.450185e-11
1.066028e-11
6.943608e-09
-9.872198e-12
1.527698e-11
6.934074e-09
-9.265262e-12
1.412714e-11
6.925096e-09
-8.709454e-12
1.3075e-11
6.916633e-09
-8.198616e-12
1.211175e-11
6.908646e-09
-7.727711e-12
1.122837e-11
6.901101e-09
-7.292859e-12
1.041795e-11
-6.890507e-12
9.67388e-12
4.810156e-09
-2.714451e-12
1.227196e-11
4.804023e-09
-2.546423e-12
1.136266e-11
4.798252e-09
-2.394193e-12
1.053088e-11
4.792814e-09
-2.254538e-12
9.769583e-12
4.787683e-09
-2.125872e-12
9.071819e-12
4.782835e-09
-2.007121e-12
8.43191e-12
-1.897263e-12
7.844457e-12
1.930956e-09
6.586627e-12
1.92876e-09
6.112317e-12
1.926691e-09
5.678559e-12
1.92474e-09
5.281344e-12
1.922898e-09
4.917008e-12
1.921156e-09
4.582556e-12
4.275135e-12
1.211284e-08
-8.722369e-11
1.21116e-08
-8.271889e-11
1.211021e-08
-7.848979e-11
1.21087e-08
-7.451966e-11
1.210708e-08
-7.07917e-11
1.210538e-08
-6.728931e-11
-6.399698e-11
1.187481e-08
-8.027199e-11
1.186876e-08
-7.591294e-11
1.186283e-08
-7.183846e-11
1.185702e-08
-6.802975e-11
1.185134e-08
-6.446807e-11
1.18458e-08
-6.113516e-11
-5.801412e-11
1.148689e-08
-6.863124e-11
1.147673e-08
-6.473559e-11
1.146696e-08
-6.11099e-11
1.145757e-08
-5.773483e-11
1.144855e-08
-5.459117e-11
1.143987e-08
-5.166056e-11
-4.89262e-11
1.089614e-08
-5.381865e-11
1.088329e-08
-5.06507e-11
1.087106e-08
-4.771419e-11
1.08594e-08
-4.499119e-11
1.084829e-08
-4.246391e-11
1.083769e-08
-4.011591e-11
-3.793215e-11
1.003964e-08
-3.790814e-11
1.002598e-08
-3.561517e-11
1.001305e-08
-3.349751e-11
1.000079e-08
-3.154044e-11
9.989169e-09
-2.972947e-11
9.978142e-09
-2.805169e-11
-2.649533e-11
8.839844e-09
-2.306143e-11
8.827271e-09
-2.164094e-11
8.815408e-09
-2.033369e-11
8.804205e-09
-1.912906e-11
8.793615e-09
-1.801694e-11
8.783595e-09
-1.69888e-11
-1.603687e-11
7.195901e-09
-1.104853e-11
7.185938e-09
-1.036047e-11
7.176556e-09
-9.730087e-12
7.16771e-09
-9.15067e-12
7.159362e-09
-8.616618e-12
7.151474e-09
-8.123586e-12
-7.6676e-12
4.972107e-09
-3.080338e-12
4.965719e-09
-2.886861e-12
4.959707e-09
-2.711343e-12
4.954042e-09
-2.550304e-12
4.948695e-09
-2.401953e-12
4.943645e-09
-2.265074e-12
-2.138512e-12
1.987161e-09
1.984884e-09
1.98274e-09
1.980717e-09
1.978807e-09
1.977001e-09
)
;

boundaryField
{
    inlet
    {
        type            calculated;
        value           nonuniform List<scalar> 0();
    }
    outlet
    {
        type            calculated;
        value           nonuniform List<scalar> 0();
    }
    chip_bases
    {
        type            calculated;
        value           uniform 0;
    }
    walls
    {
        type            calculated;
        value           uniform 0;
    }
    procBoundary10to4
    {
        type            processor;
        value           nonuniform List<scalar> 
58
(
7.779965e-10
7.780097e-10
7.780097e-10
7.779965e-10
6.103801e-13
2.242581e-09
2.242603e-09
2.242603e-09
2.242581e-09
2.0178e-12
3.615863e-09
3.615861e-09
3.615861e-09
3.615863e-09
3.612795e-12
4.898041e-09
4.897971e-09
4.897971e-09
4.898041e-09
5.39103e-12
6.089403e-09
6.089217e-09
6.089217e-09
6.089403e-09
7.341652e-12
7.190333e-09
7.18998e-09
7.189981e-09
7.190334e-09
9.446036e-12
8.20131e-09
8.200742e-09
8.200742e-09
8.20131e-09
1.167709e-11
9.122895e-09
9.122069e-09
9.122069e-09
9.122895e-09
1.39991e-11
9.955727e-09
-1.134858e-12
9.95461e-09
-1.254152e-12
9.95461e-09
-1.254172e-12
9.955728e-09
-1.134944e-12
1.069093e-08
1.068912e-08
1.068912e-08
1.069093e-08
1.134725e-08
1.134509e-08
1.134509e-08
1.134725e-08
1.191456e-08
1.191707e-08
)
;
    }
    procBoundary10to5
    {
        type            processor;
        value           nonuniform List<scalar> 2(1.191707e-08 1.191456e-08);
    }
    procBoundary10to6
    {
        type            processor;
        value           nonuniform List<scalar> 
205
(
7.781361e-10
7.775247e-10
7.760579e-10
7.730907e-10
7.67727e-10
7.587805e-10
7.4473e-10
7.23651e-10
6.930804e-10
6.497429e-10
5.890052e-10
5.037135e-10
3.812526e-10
1.925788e-10
2.243113e-09
2.241335e-09
2.237016e-09
2.228222e-09
2.212269e-09
2.185599e-09
2.143652e-09
2.080663e-09
1.989262e-09
1.859666e-09
1.678067e-09
1.423244e-09
1.058245e-09
5.028638e-10
3.616935e-09
3.614105e-09
3.6071e-09
3.59271e-09
3.566471e-09
3.522468e-09
3.453121e-09
3.348856e-09
3.197462e-09
2.982778e-09
2.682093e-09
2.260797e-09
1.65984e-09
7.589943e-10
4.899823e-09
4.896095e-09
4.886636e-09
4.866978e-09
4.830901e-09
4.770153e-09
4.674169e-09
4.52963e-09
4.319592e-09
4.021725e-09
3.604849e-09
3.021974e-09
2.194942e-09
9.745797e-10
6.092075e-09
6.087631e-09
6.075998e-09
6.051479e-09
6.006124e-09
5.929389e-09
5.807778e-09
5.624311e-09
5.357466e-09
4.979029e-09
4.449902e-09
3.711952e-09
2.671138e-09
1.158729e-09
7.194073e-09
7.18911e-09
7.175613e-09
7.146691e-09
7.092712e-09
7.000892e-09
6.854879e-09
6.63415e-09
6.312799e-09
5.857067e-09
5.220583e-09
4.335419e-09
3.094774e-09
1.317664e-09
8.20628e-09
8.200997e-09
8.185956e-09
8.153122e-09
8.091239e-09
7.985352e-09
7.816354e-09
7.56032e-09
7.187192e-09
6.658054e-09
5.919966e-09
4.896562e-09
3.471099e-09
1.455724e-09
9.129233e-09
-7.245702e-13
9.123818e-09
-2.992432e-13
9.107553e-09
3.715e-13
9.071311e-09
1.336338e-12
9.002283e-09
2.601849e-12
8.883439e-09
4.101816e-12
8.693033e-09
5.680866e-12
8.403915e-09
7.111333e-12
7.982133e-09
8.149451e-12
7.384042e-09
8.62389e-12
6.550849e-09
8.488519e-12
5.399069e-09
7.812152e-12
3.804436e-09
6.458257e-12
1.575999e-09
3.64559e-12
9.956142e-09
-8.635391e-13
9.951887e-09
-3.798011e-13
9.936266e-09
3.895539e-13
9.89911e-09
1.50499e-12
9.82604e-09
2.978805e-12
9.697857e-09
4.737338e-12
9.490032e-09
6.600268e-12
9.172067e-09
8.297531e-12
8.706146e-09
9.536156e-12
8.044204e-09
1.010329e-11
7.122363e-09
9.936388e-12
5.8514e-09
9.107213e-12
4.10174e-09
7.477675e-12
1.681995e-09
4.169578e-12
1.069261e-08
1.068991e-08
1.067557e-08
1.063848e-08
1.056278e-08
1.042717e-08
1.020443e-08
9.860832e-09
9.354921e-09
8.634621e-09
7.631674e-09
6.252278e-09
4.363232e-09
1.774366e-09
1.134951e-08
1.134731e-08
1.133287e-08
1.129421e-08
1.12142e-08
1.106981e-08
1.083164e-08
1.046331e-08
9.920358e-09
9.147304e-09
8.072148e-09
6.597282e-09
4.586893e-09
1.852777e-09
1.191991e-08
1.191827e-08
1.190389e-08
1.186403e-08
1.17804e-08
1.162845e-08
1.137677e-08
1.098666e-08
1.041096e-08
9.59127e-09
8.45247e-09
6.893964e-09
4.778251e-09
1.919507e-09
1.210361e-08
1.184039e-08
1.143154e-08
1.082759e-08
9.967671e-09
8.774108e-09
7.144014e-09
4.938868e-09
1.975291e-09
)
;
    }
    procBoundary10to9
    {
        type            processor;
        value           nonuniform List<scalar> 
343
(
-3.446258e-13
-3.388265e-13
-3.334256e-13
-3.28342e-13
-3.235102e-13
-9.080981e-18
-9.912817e-18
-1.068669e-17
-1.144366e-17
-1.240694e-17
-7.728785e-10
-1.347347e-17
5.330751e-13
5.040081e-13
4.787995e-13
4.569413e-13
4.379801e-13
4.215124e-13
-7.701731e-10
4.071812e-13
-1.219252e-12
-1.191801e-12
-1.166032e-12
-1.141688e-12
-1.118561e-12
-2.257383e-17
-2.476803e-17
-2.68617e-17
-2.897572e-17
-3.152294e-17
-2.225701e-09
-3.434656e-17
1.955263e-12
1.85337e-12
1.76301e-12
1.682788e-12
1.611452e-12
1.547875e-12
-2.216472e-09
1.491054e-12
-2.278589e-12
-2.219614e-12
-2.164064e-12
-2.111501e-12
-2.061559e-12
-3.337589e-17
-3.665479e-17
-3.984444e-17
-4.307419e-17
-4.688109e-17
-3.585672e-09
-5.112802e-17
3.725944e-12
3.53755e-12
3.368205e-12
3.215771e-12
3.078311e-12
2.954071e-12
-3.568809e-09
2.841478e-12
-3.517461e-12
-3.417528e-12
-3.32318e-12
-3.233786e-12
-3.148819e-12
-4.224518e-17
-4.638889e-17
-5.046057e-17
-5.459145e-17
-5.936866e-17
-4.853013e-09
-6.479192e-17
5.825453e-12
5.538894e-12
5.278538e-12
5.041662e-12
4.825775e-12
4.62861e-12
-4.827441e-09
4.448113e-12
-4.924849e-12
-4.77529e-12
-4.633808e-12
-4.499593e-12
-4.371956e-12
-4.940073e-17
-5.42102e-17
-5.897588e-17
-6.382458e-17
-6.934503e-17
-6.028104e-09
-7.573013e-17
8.221053e-12
7.827489e-12
7.466667e-12
7.135453e-12
6.830958e-12
6.550524e-12
-5.992823e-09
6.291724e-12
-6.482895e-12
-6.276135e-12
-6.080192e-12
-5.894086e-12
-5.716976e-12
-5.501336e-17
-6.031731e-17
-6.563845e-17
-7.104003e-17
-7.713483e-17
-7.111491e-09
-8.426377e-17
1.086703e-11
1.036101e-11
9.893393e-12
9.46083e-12
9.060193e-12
8.68858e-12
-7.065621e-09
8.343314e-12
-8.166408e-12
-7.896297e-12
-7.639885e-12
-7.396045e-12
-7.163797e-12
-5.932384e-17
-6.499249e-17
-7.072532e-17
-7.65464e-17
-8.305914e-17
-8.103887e-09
-9.074071e-17
1.370578e-11
1.30855e-11
1.25082e-11
1.19705e-11
1.14692e-11
1.10013e-11
-8.046713e-09
1.056401e-11
-9.942932e-12
-9.605033e-12
-9.283748e-12
-8.977832e-12
-8.68619e-12
-6.252054e-17
-6.844937e-17
-7.447494e-17
-8.060745e-17
-8.739928e-17
-9.006163e-09
-9.546594e-17
1.666976e-11
1.593709e-11
1.525071e-11
1.460741e-11
1.400408e-11
1.343778e-11
-8.93718e-09
1.290574e-11
-1.177336e-11
-1.136517e-11
-1.097644e-11
-1.060584e-11
-1.025219e-11
-6.485687e-17
-7.092656e-17
-7.712564e-17
-8.347543e-17
-9.042291e-17
-9.819332e-09
-9.871125e-17
1.968425e-11
1.884441e-11
1.805285e-11
1.730668e-11
1.660307e-11
1.593926e-11
-9.738285e-09
1.531263e-11
-1.361308e-11
-1.313418e-11
-1.267741e-11
-1.224141e-11
-1.182493e-11
-6.645864e-17
-7.257911e-17
-7.884993e-17
-8.533649e-17
-9.233817e-17
-1.054452e-08
-1.007011e-16
2.267052e-11
2.173157e-11
2.08416e-11
1.999819e-11
1.919889e-11
1.844127e-11
-1.045144e-08
1.772296e-11
-1.541355e-11
-1.486563e-11
-1.43423e-11
-1.384215e-11
-1.336393e-11
-6.749554e-17
-7.35686e-17
-7.982559e-17
-8.635665e-17
-9.335252e-17
-1.118294e-08
-1.016313e-16
2.554916e-11
2.452131e-11
2.354199e-11
2.260935e-11
2.172142e-11
2.087619e-11
-1.107814e-08
2.00716e-11
-1.712423e-11
-1.651109e-11
-1.592467e-11
-1.536361e-11
-1.482663e-11
-6.800429e-17
-7.396704e-17
-8.014562e-17
-8.666831e-17
-9.359173e-17
-1.173584e-08
-1.017014e-16
2.608015e-11
2.506811e-11
2.410056e-11
2.317596e-11
-1.161995e-08
2.229268e-11
-6.655569e-13
-6.546368e-13
-6.436992e-13
-6.327024e-13
-6.216231e-13
-3.584178e-13
-3.527462e-13
-7.762168e-10
-3.471821e-13
-2.253918e-12
-2.205068e-12
-2.157205e-12
-2.110147e-12
-2.063764e-12
-1.232008e-12
-1.205241e-12
-2.236775e-09
-1.179399e-12
-4.100125e-12
-3.997362e-12
-3.897608e-12
-3.800485e-12
-3.7057e-12
-2.262386e-12
-2.204876e-12
-3.605557e-09
-2.14969e-12
-6.198286e-12
-6.026025e-12
-5.859762e-12
-5.698878e-12
-5.542868e-12
-3.445739e-12
-3.348144e-12
-4.882769e-09
-3.254811e-12
-8.534159e-12
-8.277636e-12
-8.030987e-12
-7.793313e-12
-7.563862e-12
-4.773242e-12
-4.6268e-12
-6.068728e-09
-4.487035e-12
-1.108343e-11
-1.072922e-11
-1.038954e-11
-1.006318e-11
-9.749104e-12
-6.230083e-12
-6.026932e-12
-7.163868e-09
-5.833264e-12
-1.381075e-11
-1.334736e-11
-1.290377e-11
-1.247845e-11
-1.207009e-11
-7.794928e-12
-7.528435e-12
-8.16874e-09
-7.27453e-12
-1.666951e-11
-1.608794e-11
-1.553188e-11
-1.499952e-11
-1.448923e-11
-9.439842e-12
-9.104932e-12
-9.084003e-09
-8.785902e-12
-1.960244e-11
-1.88967e-11
-1.822247e-11
-1.757762e-11
-1.696025e-11
-1.113071e-11
-1.072414e-11
-9.910414e-09
-1.033682e-11
-2.2543e-11
-2.17106e-11
-2.091575e-11
-2.015604e-11
-1.28281e-11
-1.23487e-11
-1.06488e-08
-1.189187e-11
-2.541758e-11
-2.445979e-11
-2.354543e-11
-2.26719e-11
-1.448865e-11
-1.393741e-11
-1.130006e-08
-1.341195e-11
-2.81483e-11
-2.707031e-11
-2.604132e-11
-2.505853e-11
-1.606667e-11
-1.544686e-11
-1.18651e-08
-1.485577e-11
)
;
    }
    procBoundary10to11
    {
        type            processor;
        value           nonuniform List<scalar> 
402
(
-1.882083e-12
-1.866941e-12
-1.837363e-12
-1.796096e-12
-1.750873e-12
-1.366771e-12
-1.558798e-12
-1.697512e-12
-1.791973e-12
-1.849938e-12
-1.878056e-12
-1.882097e-12
-1.866945e-12
-1.837359e-12
-1.79609e-12
-1.750867e-12
8.450839e-13
1.982607e-13
-3.208662e-13
-7.327458e-13
-1.054625e-12
-1.301119e-12
-1.484649e-12
-1.615792e-12
-1.703574e-12
-1.755714e-12
-1.778817e-12
-1.778608e-12
-1.75993e-12
-1.727503e-12
-1.684029e-12
-1.637249e-12
9.577804e-13
3.360269e-13
-1.603353e-13
-5.517199e-13
-8.553168e-13
-1.085669e-12
-1.255114e-12
-1.374137e-12
-1.451665e-12
-1.495312e-12
-1.511575e-12
-1.506071e-12
-1.483532e-12
-1.448579e-12
-1.403806e-12
-1.356933e-12
1.386063e-12
7.946765e-13
3.246933e-13
-4.415492e-14
-3.28888e-13
-5.438607e-13
-7.012084e-13
-8.112069e-13
-8.82568e-13
-9.226879e-13
-9.378477e-13
-9.334479e-13
-9.140099e-13
-8.83957e-13
-8.456918e-13
-8.068109e-13
2.479327e-12
1.90792e-12
1.452175e-12
1.09217e-12
8.112606e-13
5.95476e-13
4.330698e-13
3.141543e-13
2.30402e-13
1.747939e-13
1.414165e-13
1.252264e-13
1.220412e-13
1.277726e-13
1.402868e-13
1.523334e-13
4.71512e-12
4.123266e-12
3.640535e-12
3.247622e-12
2.928505e-12
2.669834e-12
2.460469e-12
2.291109e-12
2.153995e-12
2.042649e-12
1.951673e-12
1.876516e-12
1.81345e-12
1.758854e-12
1.710902e-12
1.663021e-12
8.609197e-12
7.911515e-12
7.318303e-12
6.811076e-12
6.374622e-12
5.996368e-12
5.665912e-12
5.374657e-12
5.115502e-12
4.88259e-12
4.671098e-12
4.477011e-12
4.297075e-12
4.128188e-12
3.968758e-12
3.81326e-12
1.689899e-10
1.60923e-10
1.532494e-10
1.459558e-10
1.39028e-10
1.324515e-10
1.262114e-10
1.202929e-10
1.146811e-10
1.093615e-10
1.043196e-10
9.954146e-11
9.50135e-11
9.072237e-11
8.665569e-11
8.280002e-11
1.377332e-11
1.286174e-11
1.205245e-11
1.13288e-11
1.067711e-11
1.008612e-11
9.546553e-12
9.050744e-12
8.59238e-12
8.166258e-12
7.768085e-12
7.394294e-12
7.041964e-12
6.708415e-12
6.391975e-12
6.088619e-12
2.084873e-11
1.957072e-11
1.840572e-11
1.733747e-11
1.635268e-11
1.544043e-11
1.459172e-11
1.379913e-11
1.305653e-11
1.235882e-11
1.170176e-11
1.108177e-11
1.049587e-11
9.941393e-12
9.416284e-12
8.917621e-12
2.879418e-11
2.702598e-11
2.539187e-11
2.387569e-11
2.246413e-11
2.114616e-11
1.991262e-11
1.875584e-11
1.766933e-11
1.664757e-11
1.568584e-11
1.478003e-11
1.392656e-11
1.312228e-11
1.236426e-11
1.165034e-11
3.612689e-11
3.383315e-11
3.170098e-11
2.97143e-11
2.785961e-11
2.612552e-11
2.450229e-11
2.298151e-11
2.155586e-11
2.021889e-11
1.896485e-11
1.778858e-11
1.668539e-11
1.565117e-11
1.468173e-11
1.377499e-11
4.106893e-11
3.835237e-11
3.582272e-11
3.346448e-11
3.12642e-11
2.921011e-11
2.729177e-11
2.549986e-11
2.382597e-11
2.226242e-11
2.08022e-11
1.943884e-11
1.816634e-11
1.697936e-11
1.587238e-11
1.484278e-11
4.226167e-11
3.935922e-11
3.66576e-11
3.414246e-11
3.180078e-11
2.962065e-11
2.759116e-11
2.570221e-11
2.394448e-11
2.230926e-11
2.078848e-11
1.93746e-11
1.806061e-11
1.684013e-11
1.570674e-11
1.465694e-11
3.913487e-11
3.637215e-11
3.380471e-11
3.141974e-11
2.920511e-11
2.714932e-11
2.52416e-11
2.347181e-11
2.183045e-11
2.03086e-11
1.889797e-11
1.759076e-11
1.637974e-11
1.52583e-11
1.421994e-11
1.326044e-11
3.138288e-11
2.913908e-11
2.705801e-11
2.512901e-11
2.334178e-11
2.168652e-11
2.015394e-11
1.87353e-11
1.742242e-11
1.620764e-11
1.508381e-11
1.404427e-11
1.308287e-11
1.219395e-11
1.13721e-11
1.061327e-11
1.646163e-11
1.528997e-11
1.420448e-11
1.319932e-11
1.226887e-11
1.140781e-11
1.061115e-11
9.874185e-12
9.192539e-12
8.562107e-12
7.979088e-12
7.439922e-12
6.94133e-12
6.480254e-12
6.053769e-12
5.659425e-12
-1.47093e-12
-1.377091e-12
-1.285755e-12
-1.197386e-12
-1.897338e-12
-1.796205e-12
-1.696481e-12
-1.600197e-12
-1.505274e-12
-1.412446e-12
-1.322235e-12
-1.89733e-12
-1.796198e-12
-1.696471e-12
-1.600186e-12
-1.505263e-12
-1.412436e-12
-1.322251e-12
-1.768259e-12
-1.666389e-12
-1.566631e-12
-1.470908e-12
-1.377049e-12
-1.285726e-12
-1.197429e-12
-1.453973e-12
-1.354396e-12
-1.258191e-12
-1.167035e-12
-1.078587e-12
-9.93392e-13
-9.118306e-13
-8.462035e-13
-7.600079e-13
-6.785574e-13
-6.0314e-13
-5.312097e-13
-4.631259e-13
-3.990976e-13
1.993251e-13
2.484042e-13
2.921618e-13
3.298235e-13
3.640744e-13
3.947589e-13
4.218486e-13
1.82695e-12
1.799149e-12
1.767751e-12
1.732515e-12
1.696017e-12
1.658243e-12
1.619287e-12
4.119784e-12
3.95996e-12
3.802525e-12
3.647583e-12
3.497113e-12
3.351022e-12
3.209302e-12
8.879509e-11
8.444751e-11
8.034907e-11
7.64858e-11
7.284362e-11
6.940843e-11
6.616702e-11
6.509304e-12
6.174222e-12
5.853718e-12
5.547464e-12
5.255971e-12
4.978627e-12
4.714877e-12
9.470042e-12
8.910174e-12
8.381576e-12
7.88332e-12
7.41405e-12
6.97222e-12
6.556383e-12
1.230296e-11
1.150198e-11
1.075325e-11
1.005449e-11
9.401914e-12
8.792577e-12
8.223771e-12
1.448005e-11
1.346961e-11
1.25326e-11
1.166481e-11
1.085994e-11
1.011347e-11
9.421157e-12
1.554847e-11
1.441097e-11
1.336269e-11
1.239745e-11
1.150707e-11
1.068562e-11
9.927623e-12
1.532142e-11
1.417134e-11
1.31161e-11
1.214821e-11
1.12588e-11
1.044129e-11
9.689522e-12
1.38537e-11
1.280947e-11
1.185367e-11
1.097872e-11
1.01765e-11
9.440614e-12
8.76512e-12
1.109961e-11
1.027694e-11
9.524061e-12
8.834966e-12
8.203411e-12
7.624189e-12
7.092472e-12
5.929268e-12
5.502138e-12
5.111337e-12
4.753428e-12
4.425139e-12
4.123699e-12
3.846621e-12
)
;
    }
    procBoundary10to12
    {
        type            processor;
        value           nonuniform List<scalar> 
160
(
-7.669784e-10
-7.67928e-10
-7.692328e-10
-7.7066e-10
-7.717389e-10
-7.716137e-10
-7.688773e-10
-7.614314e-10
-7.464242e-10
-7.202865e-10
9.250657e-13
-6.81038e-10
-6.190115e-10
-5.291079e-10
-3.992319e-10
-2.005055e-10
-2.205055e-09
-2.207961e-09
-2.21197e-09
-2.216397e-09
-2.219844e-09
-2.219761e-09
-2.211943e-09
-2.190097e-09
-2.145655e-09
-2.067887e-09
5.257499e-12
-1.950588e-09
-1.765343e-09
-1.496818e-09
-1.109668e-09
-5.244408e-10
-3.547351e-09
-3.552275e-09
-3.5591e-09
-3.566714e-09
-3.572831e-09
-3.57325e-09
-3.561001e-09
-3.525618e-09
-3.452813e-09
-3.324684e-09
1.199619e-11
-3.130598e-09
-2.824134e-09
-2.380155e-09
-1.742455e-09
-7.925859e-10
-4.794191e-09
-4.801186e-09
-4.810936e-09
-4.821939e-09
-4.831075e-09
-4.832558e-09
-4.816716e-09
-4.76895e-09
-4.669262e-09
-4.492595e-09
2.102329e-11
-4.223752e-09
-3.799199e-09
-3.184796e-09
-2.306661e-09
-1.018898e-09
-5.946157e-09
-5.955257e-09
-5.968018e-09
-5.982597e-09
-5.995109e-09
-5.998265e-09
-5.979782e-09
-5.92099e-09
-5.796229e-09
-5.573333e-09
3.216755e-11
-5.232462e-09
-4.69402e-09
-3.915886e-09
-2.80996e-09
-1.212699e-09
-7.004107e-09
-7.015322e-09
-7.031146e-09
-7.049448e-09
-7.06566e-09
-7.071095e-09
-7.050963e-09
-6.982629e-09
-6.834845e-09
-6.568441e-09
4.518846e-11
-6.158893e-09
-5.511742e-09
-4.578007e-09
-3.258721e-09
-1.38034e-09
-7.969181e-09
-7.982488e-09
-8.00138e-09
-8.023497e-09
-8.043672e-09
-8.051936e-09
-8.03113e-09
-7.954782e-09
-7.786185e-09
-7.479323e-09
5.977269e-11
-7.005e-09
-6.255195e-09
-5.175194e-09
-3.658184e-09
-1.526241e-09
-8.842784e-09
-8.858127e-09
-8.88004e-09
-8.90599e-09
-8.930304e-09
-8.941858e-09
-8.921277e-09
-8.83842e-09
-8.6513e-09
-8.307281e-09
7.553803e-11
-7.772554e-09
-6.926912e-09
-5.710969e-09
-4.01264e-09
-1.653542e-09
-9.626559e-09
-9.643846e-09
-9.668678e-09
-9.698402e-09
-9.726928e-09
-9.742109e-09
-9.722528e-09
-9.634583e-09
-9.431242e-09
-9.05354e-09
9.204344e-11
-8.463172e-09
-7.52916e-09
-6.188391e-09
-4.3256e-09
-1.764526e-09
-1.032234e-08
-1.034144e-08
-1.036904e-08
-1.040239e-08
-1.043509e-08
-1.04541e-08
-1.043614e-08
-1.034439e-08
-1.012708e-08
-9.719272e-09
1.088041e-10
-9.078348e-09
-8.06397e-09
-6.610108e-09
-4.599943e-09
-1.860885e-09
)
;
    }
    procBoundary10to13
    {
        type            processor;
        value           nonuniform List<scalar> 
74
(
5.672619e-11
5.942892e-11
5.608485e-11
4.572676e-11
2.45102e-11
-1.093207e-08
2.158689e-12
1.205158e-12
-1.095284e-08
2.217024e-12
1.294101e-12
-1.098299e-08
2.586902e-12
1.703772e-12
-1.101976e-08
3.663903e-12
2.813914e-12
-1.105648e-08
6.011478e-12
5.1549e-12
-1.107935e-08
1.027196e-11
9.316248e-12
-1.106345e-08
1.692527e-11
1.571623e-11
-1.096902e-08
2.591592e-11
2.425882e-11
-1.073989e-08
3.629332e-11
3.401605e-11
-1.030561e-08
4.616978e-11
4.321094e-11
-9.586684e-09
5.319572e-11
4.96727e-11
-8.498706e-09
5.543768e-11
5.164599e-11
-6.948513e-09
5.202e-11
4.836951e-11
-4.817754e-09
4.218057e-11
3.917388e-11
-1.936425e-09
2.243678e-11
2.083141e-11
-1.151176e-08
-1.153285e-08
-1.156306e-08
-1.159894e-08
-1.163261e-08
-1.164849e-08
-1.161935e-08
-1.15031e-08
-1.124177e-08
-1.076416e-08
-9.990751e-09
-8.836863e-09
-7.207787e-09
-4.982921e-09
-1.993053e-09
-1.208164e-08
-1.19631e-08
-1.169229e-08
-1.119388e-08
-1.038426e-08
-9.175546e-09
-7.471397e-09
-5.151764e-09
-2.051408e-09
)
;
    }
}


// ************************************************************************* //
