/*--------------------------------*- C++ -*----------------------------------*\
| =========                 |                                                 |
| \\      /  F ield         | OpenFOAM: The Open Source CFD Toolbox           |
|  \\    /   O peration     | Version:  2406                                  |
|   \\  /    A nd           | Website:  www.openfoam.com                      |
|    \\/     M anipulation  |                                                 |
\*---------------------------------------------------------------------------*/
FoamFile
{
    version     2.0;
    format      ascii;
    arch        "LSB;label=32;scalar=64";
    class       surfaceScalarField;
    location    "320";
    object      phi;
}
// * * * * * * * * * * * * * * * * * * * * * * * * * * * * * * * * * * * * * //

dimensions      [0 3 -1 0 0 0 0];

oriented        oriented;

internalField   nonuniform List<scalar> 
15281
(
1.951596e-09
5.981944e-13
8.362564e-13
1.951117e-09
5.758432e-13
7.99871e-13
1.950657e-09
5.544858e-13
7.662643e-13
1.950213e-09
5.338024e-13
7.357566e-13
5.137761e-13
7.077034e-13
4.873253e-09
2.126382e-12
1.433319e-12
4.871943e-09
2.046514e-12
1.366596e-12
4.870681e-09
1.969916e-12
1.304752e-12
4.869467e-09
1.896117e-12
1.24904e-12
1.824918e-12
1.198896e-12
7.041779e-09
4.433202e-12
1.660525e-12
7.039744e-09
4.266373e-12
1.5784e-12
7.037786e-09
4.106224e-12
1.501715e-12
7.035901e-09
3.952211e-12
1.432542e-12
3.803971e-12
1.370797e-12
8.643336e-09
7.350017e-12
1.762268e-12
8.640722e-09
7.073884e-12
1.671243e-12
8.638206e-09
6.808777e-12
1.585824e-12
8.635783e-09
6.553984e-12
1.508347e-12
6.309027e-12
1.439181e-12
9.820925e-09
1.064238e-11
1.789298e-12
9.817948e-09
1.024492e-11
1.694971e-12
9.815081e-09
9.86324e-12
1.606036e-12
9.812318e-09
9.496453e-12
1.524828e-12
9.143962e-12
1.451963e-12
1.068153e-08
1.399388e-11
1.737408e-12
1.067848e-08
1.347666e-11
1.645833e-12
1.067554e-08
1.297981e-11
1.559301e-12
1.067271e-08
1.250218e-11
1.479677e-12
1.204308e-11
1.40765e-12
1.130461e-08
1.703655e-11
1.597798e-12
1.130184e-08
1.641616e-11
1.515278e-12
1.129916e-08
1.581975e-11
1.437053e-12
1.129657e-08
1.524604e-11
1.364531e-12
1.469426e-11
1.298287e-12
1.174954e-08
1.940247e-11
1.38211e-12
1.174739e-08
1.870905e-11
1.313483e-12
1.17453e-08
1.804182e-11
1.248392e-12
1.174328e-08
1.739935e-11
1.187485e-12
1.678085e-11
1.131144e-12
1.206122e-08
2.078188e-11
1.11613e-12
1.205999e-08
2.005524e-11
1.064346e-12
1.205878e-08
1.935515e-11
1.015087e-12
1.20576e-08
1.868027e-11
9.684859e-13
1.802981e-11
9.246538e-13
1.227416e-08
2.096924e-11
8.337973e-13
1.227404e-08
2.025329e-11
7.992065e-13
1.227391e-08
1.95626e-11
7.663706e-13
1.227377e-08
1.889589e-11
7.347143e-13
1.825247e-11
7.04094e-13
1.241513e-08
1.988562e-11
5.654632e-13
1.241622e-08
1.922298e-11
5.467002e-13
1.241725e-08
1.858279e-11
5.289097e-13
1.241823e-08
1.796401e-11
5.111117e-13
1.736605e-11
4.928847e-13
1.250496e-08
1.75767e-11
3.335234e-13
1.250721e-08
1.700443e-11
3.277789e-13
1.250937e-08
1.645083e-11
3.225768e-13
1.251144e-08
1.591503e-11
3.164109e-13
1.539661e-11
3.0862e-13
1.255961e-08
1.419135e-11
1.493909e-13
1.256288e-08
1.373865e-11
1.536067e-13
1.256604e-08
1.330018e-11
1.58012e-13
1.256909e-08
1.287533e-11
1.608274e-13
1.246382e-11
1.611609e-13
1.259098e-08
9.952014e-12
1.597276e-14
1.259507e-08
9.639627e-12
2.697331e-14
1.259903e-08
9.336773e-12
3.80317e-14
1.260286e-08
9.043106e-12
4.709294e-14
8.758509e-12
5.314078e-14
1.260747e-08
5.125645e-12
-6.914093e-14
1.261213e-08
4.96653e-12
-5.390448e-14
1.261664e-08
4.812207e-12
-3.85996e-14
1.262101e-08
-2.548846e-14
-1.582794e-14
1.261441e-08
1.393743e-15
-1.104625e-13
1.261936e-08
1.467932e-15
-9.375191e-14
1.668e-15
-7.769079e-14
1.261441e-08
-1.10042e-13
1.261936e-08
-9.393984e-14
-7.856736e-14
1.99629e-09
6.476016e-13
7.009272e-13
1.995796e-09
6.232201e-13
6.701286e-13
1.995321e-09
5.999647e-13
6.41697e-13
1.994864e-09
5.775449e-13
6.159729e-13
1.994423e-09
5.559033e-13
5.924912e-13
1.993999e-09
5.350983e-13
5.700852e-13
1.993591e-09
5.15038e-13
5.490143e-13
4.957469e-13
5.287645e-13
1.993197e-09
5.002157e-09
2.285332e-12
1.204557e-12
5.000801e-09
2.199015e-12
1.147509e-12
4.999495e-09
2.116326e-12
1.094636e-12
4.998237e-09
2.036839e-12
1.047055e-12
4.997028e-09
1.960286e-12
1.004426e-12
4.995864e-09
1.886626e-12
9.646087e-13
4.994743e-09
1.815699e-12
9.273257e-13
1.747531e-12
8.922404e-13
4.993664e-09
7.242852e-09
4.747105e-12
1.392046e-12
7.24074e-09
4.567598e-12
1.321432e-12
7.238708e-09
4.395444e-12
1.255535e-12
7.236751e-09
4.230106e-12
1.196025e-12
7.234868e-09
4.071119e-12
1.142993e-12
7.233056e-09
3.918191e-12
1.093853e-12
7.231312e-09
3.771075e-12
1.047949e-12
3.629707e-12
1.005139e-12
7.229632e-09
8.902491e-09
7.853206e-12
1.478474e-12
8.899774e-09
7.556793e-12
1.399781e-12
8.897157e-09
7.272463e-12
1.325962e-12
8.894637e-09
6.999465e-12
1.258859e-12
8.892212e-09
6.737163e-12
1.198917e-12
8.889877e-09
6.484954e-12
1.143469e-12
8.887628e-09
6.242432e-12
1.091588e-12
6.009354e-12
1.043339e-12
8.885462e-09
1.012496e-08
1.135529e-11
1.50245e-12
1.012187e-08
1.092918e-11
1.420592e-12
1.011888e-08
1.052036e-11
1.343484e-12
1.011601e-08
1.012782e-11
1.272881e-12
1.011323e-08
9.750742e-12
1.209407e-12
1.011057e-08
9.388187e-12
1.150556e-12
1.010799e-08
9.039602e-12
1.095414e-12
8.704474e-12
1.044095e-12
1.010551e-08
1.101928e-08
1.491714e-11
1.462251e-12
1.101611e-08
1.436312e-11
1.382572e-12
1.101305e-08
1.383136e-11
1.307319e-12
1.10101e-08
1.332057e-11
1.237896e-12
1.100725e-08
1.282978e-11
1.174956e-12
1.10045e-08
1.235778e-11
1.116459e-12
1.100186e-08
1.190382e-11
1.061476e-12
1.146712e-11
1.010226e-12
1.09993e-08
1.166707e-08
1.814735e-11
1.348438e-12
1.166419e-08
1.748323e-11
1.27644e-12
1.166141e-08
1.68453e-11
1.20826e-12
1.165872e-08
1.623211e-11
1.144897e-12
1.165611e-08
1.564255e-11
1.086877e-12
1.16536e-08
1.507521e-11
1.032667e-12
1.165117e-08
1.452925e-11
9.816638e-13
1.400362e-11
9.340088e-13
1.164882e-08
1.212967e-08
2.065465e-11
1.170302e-12
1.212744e-08
1.991279e-11
1.110329e-12
1.212528e-08
1.919948e-11
1.053463e-12
1.212319e-08
1.851315e-11
1.000166e-12
1.212116e-08
1.785265e-11
9.507762e-13
1.211919e-08
1.72165e-11
9.044327e-13
1.211729e-08
1.660377e-11
8.606794e-13
1.601325e-11
8.196513e-13
1.211544e-08
1.245362e-08
2.21105e-11
9.486893e-13
1.245236e-08
2.133352e-11
9.033332e-13
1.245113e-08
2.05855e-11
8.60236e-13
1.244993e-08
1.986492e-11
8.194243e-13
1.244876e-08
1.917064e-11
7.8098e-13
1.244761e-08
1.850121e-11
7.445847e-13
1.244649e-08
1.785577e-11
7.101977e-13
1.723301e-11
6.777682e-13
1.24454e-08
1.267479e-08
2.229795e-11
7.120462e-13
1.267471e-08
2.153284e-11
6.817631e-13
1.267461e-08
2.079525e-11
6.530069e-13
1.26745e-08
2.008376e-11
6.253209e-13
1.267438e-08
1.939737e-11
5.98577e-13
1.267425e-08
1.873473e-11
5.730262e-13
1.267411e-08
1.809504e-11
5.487066e-13
1.747706e-11
5.255236e-13
1.267396e-08
1.282104e-08
2.113528e-11
4.861065e-13
1.282222e-08
2.042752e-11
4.697176e-13
1.282335e-08
1.974424e-11
4.541914e-13
1.282442e-08
1.908424e-11
4.38732e-13
1.282544e-08
1.844666e-11
4.229586e-13
1.282641e-08
1.783035e-11
4.075037e-13
1.282734e-08
1.723467e-11
3.927137e-13
1.665849e-11
3.783221e-13
1.282822e-08
1.291408e-08
1.867309e-11
2.900961e-13
1.291648e-08
1.806217e-11
2.852424e-13
1.29188e-08
1.747159e-11
2.808258e-13
1.292102e-08
1.690038e-11
2.756934e-13
1.292316e-08
1.634789e-11
2.692566e-13
1.292522e-08
1.581318e-11
2.625215e-13
1.292719e-08
1.529572e-11
2.558866e-13
1.479461e-11
2.490701e-13
1.292909e-08
1.297055e-08
1.507107e-11
1.340743e-13
1.297404e-08
1.458801e-11
1.380548e-13
1.29774e-08
1.412045e-11
1.421743e-13
1.298065e-08
1.36677e-11
1.450472e-13
1.298379e-08
1.322933e-11
1.458587e-13
1.298681e-08
1.280462e-11
1.458758e-13
1.298973e-08
1.239318e-11
1.456616e-13
1.199435e-11
1.447921e-13
1.299254e-08
1.300287e-08
1.056602e-11
2.077976e-14
1.300722e-08
1.023278e-11
3.082781e-14
1.301143e-08
9.909909e-12
4.087747e-14
1.30155e-08
9.597024e-12
4.933848e-14
1.301943e-08
9.29392e-12
5.527426e-14
1.302323e-08
9.000041e-12
6.016595e-14
1.302691e-08
8.715038e-12
6.458757e-14
8.438522e-12
6.801701e-14
1.303046e-08
1.301981e-08
5.440907e-12
-5.157774e-14
1.302475e-08
5.271164e-12
-3.77516e-14
1.302954e-08
5.10661e-12
-2.387855e-14
1.303417e-08
-1.176524e-14
1.303866e-08
-2.633377e-15
1.304301e-08
5.207156e-15
1.304721e-08
1.243284e-14
1.83996e-14
1.305128e-08
1.302692e-08
1.395721e-15
-8.673722e-14
1.303217e-08
1.405031e-15
-7.156412e-14
1.538161e-15
-5.678156e-14
1.302691e-08
-8.651319e-14
1.303216e-08
-7.207315e-14
-5.785465e-14
2.031177e-09
6.887497e-13
5.366784e-13
2.030671e-09
6.626862e-13
5.127437e-13
2.030185e-09
6.378557e-13
4.906603e-13
2.029716e-09
6.139982e-13
4.707836e-13
2.029265e-09
5.910297e-13
4.527197e-13
2.02883e-09
5.689386e-13
4.359623e-13
2.028412e-09
5.476329e-13
4.20258e-13
5.271543e-13
4.051925e-13
2.028009e-09
5.103004e-09
2.417396e-12
9.229712e-13
5.101611e-09
2.325741e-12
8.781121e-13
5.100269e-09
2.238016e-12
8.365514e-13
5.098977e-09
2.153831e-12
7.991712e-13
5.097734e-09
2.072884e-12
7.657564e-13
5.096537e-09
1.995024e-12
7.352145e-13
5.095385e-09
1.920083e-12
7.071111e-13
1.848089e-12
6.809844e-13
5.094276e-09
7.400564e-09
5.007797e-12
1.058725e-12
7.39839e-09
4.817792e-12
1.00288e-12
7.396297e-09
4.635708e-12
9.508098e-13
7.394283e-09
4.461017e-12
9.036606e-13
7.392344e-09
4.293206e-12
8.615661e-13
7.390478e-09
4.131872e-12
8.232321e-13
7.388681e-09
3.976766e-12
7.88089e-13
3.827788e-12
7.558459e-13
7.386951e-09
9.106216e-09
8.270924e-12
1.123953e-12
9.103415e-09
7.957703e-12
1.061233e-12
9.100717e-09
7.657464e-12
1.002481e-12
9.098118e-09
7.369424e-12
9.488367e-13
9.095617e-09
7.092859e-12
9.006813e-13
9.093209e-09
6.827062e-12
8.566633e-13
9.09089e-09
6.571643e-12
8.161886e-13
6.326285e-12
7.791196e-13
9.088656e-09
1.036439e-08
1.194687e-11
1.142791e-12
1.036119e-08
1.149703e-11
1.077216e-12
1.035811e-08
1.106572e-11
1.015546e-12
1.035514e-08
1.065189e-11
9.588064e-13
1.035228e-08
1.025457e-11
9.074783e-13
1.034953e-08
9.872723e-12
8.602962e-13
1.034687e-08
9.505817e-12
8.166878e-13
9.153233e-12
7.766477e-13
1.034431e-08
1.128558e-08
1.568304e-11
1.116202e-12
1.12823e-08
1.50985e-11
1.052069e-12
1.127915e-08
1.45378e-11
9.916089e-13
1.12761e-08
1.399957e-11
9.355753e-13
1.127317e-08
1.348265e-11
8.844655e-13
1.127033e-08
1.298574e-11
8.37211e-13
1.12676e-08
1.25081e-11
7.933049e-13
1.204882e-11
7.527847e-13
1.126496e-08
1.19531e-08
1.906853e-11
1.033983e-12
1.195013e-08
1.836811e-11
9.75806e-13
1.194726e-08
1.769576e-11
9.208e-13
1.194449e-08
1.704987e-11
8.694828e-13
1.194181e-08
1.642916e-11
8.222432e-13
1.193921e-08
1.583209e-11
7.782723e-13
1.193671e-08
1.525783e-11
7.372417e-13
1.470518e-11
6.992144e-13
1.193429e-08
1.242981e-08
2.169272e-11
9.024847e-13
1.242752e-08
2.091064e-11
8.538458e-13
1.24253e-08
2.015912e-11
8.077933e-13
1.242315e-08
1.943646e-11
7.645071e-13
1.242107e-08
1.874129e-11
7.242608e-13
1.241905e-08
1.807201e-11
6.865315e-13
1.241709e-08
1.742772e-11
6.511657e-13
1.680703e-11
6.181659e-13
1.241519e-08
1.276355e-08
2.32115e-11
7.363078e-13
1.276228e-08
2.239274e-11
6.994236e-13
1.276103e-08
2.160496e-11
6.643952e-13
1.27598e-08
2.084651e-11
6.311919e-13
1.275861e-08
2.011607e-11
5.998966e-13
1.275744e-08
1.941203e-11
5.702464e-13
1.275631e-08
1.873357e-11
5.423559e-13
1.80792e-11
5.161346e-13
1.27552e-08
1.299127e-08
2.339856e-11
5.570581e-13
1.299122e-08
2.259266e-11
5.324032e-13
1.299115e-08
2.181617e-11
5.089867e-13
1.299107e-08
2.106758e-11
4.864843e-13
1.299097e-08
2.03457e-11
4.648536e-13
1.299086e-08
1.964906e-11
4.441009e-13
1.299075e-08
1.897688e-11
4.243886e-13
1.832775e-11
4.055587e-13
1.299062e-08
1.314171e-08
2.216996e-11
3.845063e-13
1.314298e-08
2.142477e-11
3.712344e-13
1.314418e-08
2.070575e-11
3.586134e-13
1.314533e-08
2.001162e-11
3.461679e-13
1.314643e-08
1.934134e-11
3.3366e-13
1.314747e-08
1.869366e-11
3.212605e-13
1.314846e-08
1.806794e-11
3.093591e-13
1.746293e-11
2.976798e-13
1.31494e-08
1.323728e-08
1.958049e-11
2.339039e-13
1.323982e-08
1.893753e-11
2.301529e-13
1.324227e-08
1.831628e-11
2.266834e-13
1.324461e-08
1.771575e-11
2.227911e-13
1.324687e-08
1.713513e-11
2.181136e-13
1.324904e-08
1.65734e-11
2.130079e-13
1.325113e-08
1.603004e-11
2.078733e-13
1.550403e-11
2.024041e-13
1.325313e-08
1.329518e-08
1.57989e-11
1.134514e-13
1.329885e-08
1.529065e-11
1.170623e-13
1.330239e-08
1.479898e-11
1.206787e-13
1.33058e-08
1.432315e-11
1.23485e-13
1.33091e-08
1.38626e-11
1.249484e-13
1.331227e-08
1.341657e-11
1.254967e-13
1.331534e-08
1.298467e-11
1.257266e-13
1.256613e-11
1.252133e-13
1.331829e-08
1.332824e-08
1.107386e-11
2.568609e-14
1.333281e-08
1.072333e-11
3.438172e-14
1.333722e-08
1.038389e-11
4.296764e-14
1.334149e-08
1.00551e-11
5.048093e-14
1.334561e-08
9.736709e-12
5.628889e-14
1.33496e-08
9.428135e-12
6.094673e-14
1.335345e-08
9.129031e-12
6.507958e-14
8.838926e-12
6.817339e-14
1.335718e-08
1.334552e-08
5.701603e-12
-3.048726e-14
1.33507e-08
5.523048e-12
-1.861441e-14
1.335572e-08
5.350029e-12
-6.770582e-15
1.336057e-08
5.182403e-12
3.892468e-15
1.336528e-08
5.020116e-12
1.242386e-14
1.336983e-08
4.862766e-12
1.946648e-14
1.337423e-08
4.710073e-12
2.593115e-14
4.561852e-12
3.11745e-14
1.33785e-08
1.335276e-08
1.379051e-15
-5.783956e-14
1.335826e-08
1.327168e-15
-4.480231e-14
1.336358e-08
1.409505e-15
-3.18996e-14
1.336874e-08
1.692568e-15
-2.06813e-14
1.337373e-08
2.085546e-15
-1.194529e-14
1.337857e-08
2.433807e-15
-4.066161e-15
1.338326e-08
2.655761e-15
3.713916e-15
2.81955e-15
1.029592e-14
1.33878e-08
1.335276e-08
-5.800532e-14
1.335825e-08
-5.520354e-12
-4.575561e-14
1.336357e-08
-5.347333e-12
-3.317442e-14
1.336873e-08
-5.179316e-12
-2.233973e-14
1.337373e-08
-5.01634e-12
-1.395797e-14
1.337857e-08
-4.858368e-12
-6.286884e-15
1.338325e-08
-4.705306e-12
1.324437e-15
-4.556757e-12
7.773497e-15
1.338779e-08
1.335069e-08
-2.064563e-14
1.335571e-08
-9.747136e-15
1.336056e-08
-1.005226e-11
-4.707588e-16
1.336526e-08
-9.733504e-12
6.377655e-15
1.336982e-08
-9.424521e-12
1.2608e-14
1.337422e-08
-9.125072e-12
1.872731e-14
2.377842e-14
1.337849e-08
1.334148e-08
4.512233e-14
1.33456e-08
5.001853e-14
1.334959e-08
5.418324e-14
5.727748e-14
2.056571e-09
7.204401e-13
3.501265e-13
2.056057e-09
6.931001e-13
3.341044e-13
2.055561e-09
6.670715e-13
3.193287e-13
2.055084e-09
6.42119e-13
3.062e-13
2.054624e-09
6.181414e-13
2.945265e-13
2.054182e-09
5.950972e-13
2.836005e-13
2.053755e-09
5.728706e-13
2.739071e-13
5.51518e-13
2.646064e-13
2.053345e-09
5.176535e-09
2.518689e-12
6.007118e-13
5.175114e-09
2.422989e-12
5.700331e-13
5.173745e-09
2.33145e-12
5.416105e-13
5.172426e-09
2.243708e-12
5.161599e-13
5.171157e-09
2.159442e-12
4.937092e-13
5.169936e-09
2.078472e-12
4.733857e-13
5.16876e-09
2.000551e-12
4.556147e-13
1.925725e-12
4.395391e-13
5.167627e-09
7.515787e-09
5.20766e-12
6.751615e-13
7.513567e-09
5.009691e-12
6.366583e-13
7.511428e-09
4.820082e-12
6.007806e-13
7.509369e-09
4.638309e-12
5.682449e-13
7.507388e-09
4.463835e-12
5.393608e-13
7.50548e-09
4.296253e-12
5.132337e-13
7.503643e-09
4.135183e-12
4.903425e-13
3.980537e-12
4.700157e-13
7.501874e-09
9.255321e-09
8.591011e-12
7.144756e-13
9.252457e-09
8.265027e-12
6.706304e-13
9.249697e-09
7.952717e-12
6.296223e-13
9.247039e-09
7.653277e-12
5.919916e-13
9.24448e-09
7.365935e-12
5.581977e-13
9.242016e-09
7.090007e-12
5.273526e-13
9.239642e-09
6.824923e-12
4.99987e-13
6.57038e-12
4.756147e-13
9.237356e-09
1.053986e-08
1.239997e-11
7.264306e-13
1.053659e-08
1.193207e-11
6.801677e-13
1.053344e-08
1.14837e-11
6.367437e-13
1.05304e-08
1.10537e-11
5.965447e-13
1.052748e-08
1.064107e-11
5.600681e-13
1.052466e-08
1.02448e-11
5.264737e-13
1.052194e-08
9.864127e-12
4.962576e-13
9.498445e-12
4.691109e-13
1.051932e-08
1.148095e-08
1.626942e-11
7.147817e-13
1.14776e-08
1.566164e-11
6.691324e-13
1.147437e-08
1.507894e-11
6.26194e-13
1.147126e-08
1.451986e-11
5.861544e-13
1.146825e-08
1.398316e-11
5.494761e-13
1.146535e-08
1.346756e-11
5.154447e-13
1.146255e-08
1.29721e-11
4.844681e-13
1.249583e-11
4.563283e-13
1.145985e-08
1.21631e-08
1.977352e-11
6.685406e-13
1.216006e-08
1.904547e-11
6.268226e-13
1.215713e-08
1.834692e-11
5.874546e-13
1.215429e-08
1.767618e-11
5.505295e-13
1.215155e-08
1.703184e-11
5.164022e-13
1.21489e-08
1.641242e-11
4.845332e-13
1.214633e-08
1.581682e-11
4.552426e-13
1.524381e-11
4.283949e-13
1.214386e-08
1.265026e-08
2.24869e-11
5.906383e-13
1.264793e-08
2.167418e-11
5.555123e-13
1.264567e-08
2.089356e-11
5.223131e-13
1.264348e-08
2.014326e-11
4.909839e-13
1.264135e-08
1.942178e-11
4.617538e-13
1.263929e-08
1.872757e-11
4.343142e-13
1.263729e-08
1.805944e-11
4.08844e-13
1.741599e-11
3.852615e-13
1.263535e-08
1.299126e-08
2.405354e-11
4.88465e-13
1.298997e-08
2.320293e-11
4.616797e-13
1.298871e-08
2.238487e-11
4.36266e-13
1.298747e-08
2.159761e-11
4.12132e-13
1.298626e-08
2.08397e-11
3.893538e-13
1.298508e-08
2.010959e-11
3.678358e-13
1.298393e-08
1.940617e-11
3.476691e-13
1.872793e-11
3.287886e-13
1.298281e-08
1.322382e-08
2.424002e-11
3.75689e-13
1.32238e-08
2.3403e-11
3.577395e-13
1.322375e-08
2.259688e-11
3.4069e-13
1.322369e-08
2.182007e-11
3.243478e-13
1.322362e-08
2.107123e-11
3.086828e-13
1.322353e-08
2.034895e-11
2.937654e-13
1.322343e-08
1.965219e-11
2.795387e-13
1.897953e-11
2.659564e-13
1.322331e-08
1.337735e-08
2.296073e-11
2.651067e-13
1.337869e-08
2.218701e-11
2.555213e-13
1.337995e-08
2.144077e-11
2.463751e-13
1.338116e-08
2.072065e-11
2.37463e-13
1.338231e-08
2.002552e-11
2.285981e-13
1.338341e-08
1.935418e-11
2.20034e-13
1.338445e-08
1.870575e-11
2.115996e-13
1.807895e-11
2.032794e-13
1.338545e-08
1.347479e-08
2.027377e-11
1.673072e-13
1.347743e-08
1.960637e-11
1.648258e-13
1.347997e-08
1.896178e-11
1.624888e-13
1.348242e-08
1.833892e-11
1.60004e-13
1.348477e-08
1.773693e-11
1.570865e-13
1.348703e-08
1.715481e-11
1.540904e-13
1.34892e-08
1.659186e-11
1.507632e-13
1.604704e-11
1.471055e-13
1.349128e-08
1.353373e-08
1.635481e-11
8.827095e-14
1.353754e-08
1.582737e-11
9.136525e-14
1.354121e-08
1.531735e-11
9.438124e-14
1.354475e-08
1.482395e-11
9.700484e-14
1.354816e-08
1.434655e-11
9.879384e-14
1.355146e-08
1.388442e-11
1.002528e-13
1.355464e-08
1.343704e-11
1.010395e-13
1.300363e-11
1.011734e-13
1.355771e-08
1.356733e-08
1.146167e-11
3.025987e-14
1.357205e-08
1.109796e-11
3.725357e-14
1.357662e-08
1.07459e-11
4.408012e-14
1.358104e-08
1.040502e-11
5.034779e-14
1.358531e-08
1.007501e-11
5.551447e-14
1.358944e-08
9.755324e-12
6.018371e-14
1.359344e-08
9.445547e-12
6.399119e-14
9.145178e-12
6.692618e-14
1.35973e-08
1.358485e-08
5.900636e-12
-7.03419e-15
1.359021e-08
5.715362e-12
2.412395e-15
1.35954e-08
5.535914e-12
1.179101e-14
1.360042e-08
5.362106e-12
2.057458e-14
1.360529e-08
5.193859e-12
2.788449e-14
1.361e-08
5.030835e-12
3.450393e-14
1.361456e-08
4.87271e-12
4.010952e-14
4.719269e-12
4.470628e-14
1.361897e-08
1.359218e-08
1.334762e-15
-2.527644e-14
1.359786e-08
1.230138e-15
-1.491298e-14
1.360337e-08
1.282286e-15
-4.475994e-15
1.36087e-08
1.523997e-15
5.024499e-15
1.361387e-08
1.870691e-15
1.240753e-14
1.361887e-08
2.197266e-15
1.893516e-14
1.362372e-08
2.417585e-15
2.530815e-14
2.588627e-15
3.089297e-14
1.362842e-08
1.359217e-08
-2.580433e-14
1.359786e-08
-5.71282e-12
-1.621023e-14
1.360336e-08
-5.533432e-12
-5.827822e-15
1.36087e-08
-5.359313e-12
3.513061e-15
1.361386e-08
-5.190438e-12
1.060792e-14
1.361887e-08
-5.026786e-12
1.689792e-14
1.362372e-08
-4.868289e-12
2.307327e-14
-4.714508e-12
2.849746e-14
1.362842e-08
1.35902e-08
7.351069e-16
1.359539e-08
9.529864e-15
1.360041e-08
-1.040234e-11
1.722033e-14
1.360528e-08
-1.007195e-11
2.288416e-14
1.360999e-08
-9.751789e-12
2.803618e-14
1.361455e-08
-9.44164e-12
3.308965e-14
3.744528e-14
1.361896e-08
1.358103e-08
4.633121e-14
1.35853e-08
5.038566e-14
1.358943e-08
5.392946e-14
5.669234e-14
2.072691e-09
7.417821e-13
1.484233e-13
2.072171e-09
7.136125e-13
1.408977e-13
2.071669e-09
6.868025e-13
1.340482e-13
2.071186e-09
6.611361e-13
1.282707e-13
2.070721e-09
6.36503e-13
1.233977e-13
2.070273e-09
6.128485e-13
1.194252e-13
2.069841e-09
5.900465e-13
1.161383e-13
5.681552e-13
1.129852e-13
2.069425e-09
5.223276e-09
2.586257e-12
2.515618e-13
5.221836e-09
2.487946e-12
2.362695e-13
5.220448e-09
2.393945e-12
2.221452e-13
5.219112e-09
2.303911e-12
2.098101e-13
5.217825e-09
2.217519e-12
1.993674e-13
5.216586e-09
2.134568e-12
1.90824e-13
5.215394e-09
2.054781e-12
1.841359e-13
1.978195e-12
1.787789e-13
5.214245e-09
7.58915e-09
5.340856e-12
2.582417e-13
7.586898e-09
5.137731e-12
2.386902e-13
7.584729e-09
4.943261e-12
2.205073e-13
7.58264e-09
4.756924e-12
2.041337e-13
7.580629e-09
4.578177e-12
1.89932e-13
7.578692e-09
4.406603e-12
1.779451e-13
7.576828e-09
4.241767e-12
1.683617e-13
4.083563e-12
1.607879e-13
7.575032e-09
9.350397e-09
8.804116e-12
2.684861e-13
9.34749e-09
8.469855e-12
2.454029e-13
9.34469e-09
8.149732e-12
2.238379e-13
9.341992e-09
7.842932e-12
2.039784e-13
9.339393e-09
7.548662e-12
1.862552e-13
9.336891e-09
7.266237e-12
1.707698e-13
9.33448e-09
6.995012e-12
1.577567e-13
6.734658e-12
1.470751e-13
9.332158e-09
1.065189e-08
1.270132e-11
2.723793e-13
1.064857e-08
1.22217e-11
2.474209e-13
1.064537e-08
1.176225e-11
2.240475e-13
1.064228e-08
1.13218e-11
2.022254e-13
1.063931e-08
1.089929e-11
1.824186e-13
1.063645e-08
1.049374e-11
1.646319e-13
1.063368e-08
1.010428e-11
1.492052e-13
9.730262e-12
1.360307e-13
1.063102e-08
1.160578e-08
1.665909e-11
2.764128e-13
1.160238e-08
1.603619e-11
2.512312e-13
1.159911e-08
1.54392e-11
2.275848e-13
1.159594e-08
1.486661e-11
2.053324e-13
1.159289e-08
1.431711e-11
1.848463e-13
1.158994e-08
1.378946e-11
1.661735e-13
1.15871e-08
1.328257e-11
1.495217e-13
1.279544e-11
1.348953e-13
1.158436e-08
1.229735e-08
2.024173e-11
2.689678e-13
1.229427e-08
1.949566e-11
2.454899e-13
1.229129e-08
1.878005e-11
2.233955e-13
1.228842e-08
1.809317e-11
2.024838e-13
1.228563e-08
1.743353e-11
1.830797e-13
1.228294e-08
1.679965e-11
1.651123e-13
1.228034e-08
1.619032e-11
1.488743e-13
1.560425e-11
1.342856e-13
1.227783e-08
1.279126e-08
2.301408e-11
2.491577e-13
1.27889e-08
2.218135e-11
2.290547e-13
1.278661e-08
2.138176e-11
2.10085e-13
1.278439e-08
2.061347e-11
1.920711e-13
1.278223e-08
1.987491e-11
1.751999e-13
1.278014e-08
1.916454e-11
1.594508e-13
1.277812e-08
1.848105e-11
1.449965e-13
1.782295e-11
1.318094e-13
1.277615e-08
1.313693e-08
2.461226e-11
2.166497e-13
1.313563e-08
2.374084e-11
2.010935e-13
1.313436e-08
2.290301e-11
1.863772e-13
1.313312e-08
2.209697e-11
1.72351e-13
1.31319e-08
2.132121e-11
1.591398e-13
1.313071e-08
2.057418e-11
1.466298e-13
1.312955e-08
1.985463e-11
1.350672e-13
1.9161e-11
1.243431e-13
1.312842e-08
1.337261e-08
2.479815e-11
1.763533e-13
1.33726e-08
2.394079e-11
1.658909e-13
1.337258e-08
2.311532e-11
1.559603e-13
1.337253e-08
2.232008e-11
1.464882e-13
1.337247e-08
2.15537e-11
1.374773e-13
1.337239e-08
2.081476e-11
1.288616e-13
1.33723e-08
2.010211e-11
1.207274e-13
1.941426e-11
1.130257e-13
1.33722e-08
1.352813e-08
2.348508e-11
1.33494e-13
1.352951e-08
2.26927e-11
1.280257e-13
1.353082e-08
2.192866e-11
1.228241e-13
1.353206e-08
2.119158e-11
1.178538e-13
1.353325e-08
2.048028e-11
1.130523e-13
1.353439e-08
1.979355e-11
1.082866e-13
1.353547e-08
1.913041e-11
1.036829e-13
1.848954e-11
9.917316e-14
1.353649e-08
1.362675e-08
2.073335e-11
9.34545e-14
1.362947e-08
2.004996e-11
9.240991e-14
1.363208e-08
1.93901e-11
9.14194e-14
1.363459e-08
1.875268e-11
9.049459e-14
1.3637e-08
1.813676e-11
8.947792e-14
1.363931e-08
1.754137e-11
8.827454e-14
1.364154e-08
1.696573e-11
8.689716e-14
1.640875e-11
8.534339e-14
1.364369e-08
1.368636e-08
1.672325e-11
5.979352e-14
1.369026e-08
1.618325e-11
6.232442e-14
1.369402e-08
1.566122e-11
6.477889e-14
1.369764e-08
1.515635e-11
6.718237e-14
1.370114e-08
1.466798e-11
6.929916e-14
1.370452e-08
1.419537e-11
7.098181e-14
1.370777e-08
1.373796e-11
7.230957e-14
1.329492e-11
7.326811e-14
1.371091e-08
1.37203e-08
1.171864e-11
3.439874e-14
1.372513e-08
1.134631e-11
3.950752e-14
1.372981e-08
1.098601e-11
4.44755e-14
1.373433e-08
1.063724e-11
4.932558e-14
1.37387e-08
1.029965e-11
5.372389e-14
1.374292e-08
9.972721e-12
5.756986e-14
1.374701e-08
9.656017e-12
6.092801e-14
9.349006e-12
6.379714e-14
1.375096e-08
1.373797e-08
6.032493e-12
1.782653e-14
1.374345e-08
5.842813e-12
2.457983e-14
1.374876e-08
5.659173e-12
3.130293e-14
1.37539e-08
5.481342e-12
3.793962e-14
1.375887e-08
5.309205e-12
4.386978e-14
1.376369e-08
5.142439e-12
4.896015e-14
1.376835e-08
4.980775e-12
5.351519e-14
4.823952e-12
5.750193e-14
1.377286e-08
1.374535e-08
1.273752e-15
9.595265e-15
1.375116e-08
1.126277e-15
1.696269e-14
1.375679e-08
1.163856e-15
2.454031e-14
1.376224e-08
1.374614e-15
3.183129e-14
1.376753e-08
1.676422e-15
3.76008e-14
1.377264e-08
1.972917e-15
4.271803e-14
1.37776e-08
2.182891e-15
4.760593e-14
2.354798e-15
5.219113e-14
1.37824e-08
1.374535e-08
8.881482e-15
1.375116e-08
-5.840442e-12
1.55855e-14
1.375679e-08
-5.656902e-12
2.329136e-14
1.376224e-08
-5.478826e-12
3.058631e-14
1.376752e-08
-5.306125e-12
3.61238e-14
1.377264e-08
-5.138787e-12
4.097859e-14
1.37776e-08
-4.976764e-12
4.564841e-14
-4.819601e-12
5.004617e-14
1.37824e-08
1.374344e-08
2.333389e-14
1.374875e-08
2.972769e-14
1.375389e-08
-1.063477e-11
3.548208e-14
1.375886e-08
-1.029681e-11
3.982646e-14
1.376368e-08
-9.969383e-12
4.382521e-14
1.376834e-08
-9.652294e-12
4.772005e-14
5.139263e-14
1.377285e-08
1.373432e-08
4.662493e-14
1.373869e-08
4.974335e-14
1.374291e-08
5.260954e-14
5.5079e-14
2.079671e-09
7.522153e-13
-6.04515e-14
2.079148e-09
7.236868e-13
-5.917488e-14
2.078643e-09
6.965343e-13
-5.77985e-14
2.078157e-09
6.705605e-13
-5.589867e-14
2.077689e-09
6.456527e-13
-5.33937e-14
2.077237e-09
6.217497e-13
-5.062199e-14
2.076802e-09
5.987293e-13
-4.731446e-14
5.766467e-13
-4.416623e-14
2.076383e-09
5.243553e-09
2.618159e-12
-1.091524e-13
5.242103e-09
2.518749e-12
-1.085339e-13
5.240706e-09
2.423719e-12
-1.078551e-13
5.23936e-09
2.33274e-12
-1.064945e-13
5.238064e-09
2.245495e-12
-1.040396e-13
5.236816e-09
2.16177e-12
-1.006764e-13
5.235613e-09
2.081286e-12
-9.590767e-14
2.004063e-12
-9.029259e-14
5.234455e-09
7.621046e-09
5.403501e-12
-1.732096e-13
7.618778e-09
5.198202e-12
-1.730602e-13
7.616594e-09
5.001699e-12
-1.729062e-13
7.614489e-09
4.813476e-12
-1.723435e-13
7.612463e-09
4.632997e-12
-1.707511e-13
7.610511e-09
4.459842e-12
-1.681859e-13
7.608632e-09
4.293555e-12
-1.639168e-13
4.134012e-12
-1.583559e-13
7.606821e-09
9.391818e-09
8.904018e-12
-1.933386e-13
9.38889e-09
8.566246e-12
-1.947674e-13
9.386069e-09
8.242838e-12
-1.961538e-13
9.383351e-09
7.932974e-12
-1.973941e-13
9.380732e-09
7.635866e-12
-1.97778e-13
9.37821e-09
7.350823e-12
-1.973678e-13
9.375779e-09
7.077178e-12
-1.953078e-13
6.814569e-12
-1.918355e-13
9.373438e-09
1.070077e-08
1.284209e-11
-1.980226e-13
1.069743e-08
1.235747e-11
-2.00678e-13
1.06942e-08
1.189334e-11
-2.032262e-13
1.06911e-08
1.14485e-11
-2.057677e-13
1.06881e-08
1.102191e-11
-2.076628e-13
1.068521e-08
1.061257e-11
-2.089695e-13
1.068243e-08
1.021957e-11
-2.088392e-13
9.842252e-12
-2.074793e-13
1.067974e-08
1.166032e-08
1.684063e-11
-1.781275e-13
1.16569e-08
1.621124e-11
-1.818537e-13
1.16536e-08
1.560816e-11
-1.854054e-13
1.165041e-08
1.502985e-11
-1.890139e-13
1.164733e-08
1.447501e-11
-1.920994e-13
1.164436e-08
1.394237e-11
-1.947747e-13
1.16415e-08
1.343081e-11
-1.962842e-13
1.293931e-11
-1.968201e-13
1.163873e-08
1.235605e-08
2.04594e-11
-1.457804e-13
1.235295e-08
1.970557e-11
-1.500821e-13
1.234996e-08
1.898264e-11
-1.541565e-13
1.234706e-08
1.828888e-11
-1.582405e-13
1.234426e-08
1.762278e-11
-1.61941e-13
1.234155e-08
1.698287e-11
-1.6533e-13
1.233893e-08
1.636788e-11
-1.677951e-13
1.577647e-11
-1.695458e-13
1.233639e-08
1.285294e-08
2.325881e-11
-1.057201e-13
1.285057e-08
2.241742e-11
-1.100307e-13
1.284827e-08
2.160964e-11
-1.140915e-13
1.284603e-08
2.083364e-11
-1.181235e-13
1.284387e-08
2.008783e-11
-1.218457e-13
1.284176e-08
1.937065e-11
-1.253334e-13
1.283972e-08
1.868075e-11
-1.281379e-13
1.801662e-11
-1.304258e-13
1.283775e-08
1.320069e-08
2.487138e-11
-6.627207e-14
1.319939e-08
2.39909e-11
-6.9989e-14
1.319811e-08
2.31445e-11
-7.346921e-14
1.319686e-08
2.233038e-11
-7.683552e-14
1.319564e-08
2.154698e-11
-7.999983e-14
1.319445e-08
2.079278e-11
-8.295906e-14
1.319329e-08
2.006647e-11
-8.546037e-14
1.936644e-11
-8.760867e-14
1.319215e-08
1.343775e-08
2.505681e-11
-3.152718e-14
1.343775e-08
2.419057e-11
-3.411164e-14
1.343773e-08
2.335668e-11
-3.649372e-14
1.343769e-08
2.255348e-11
-3.872316e-14
1.343764e-08
2.177957e-11
-4.08112e-14
1.343757e-08
2.103353e-11
-4.273747e-14
1.343748e-08
2.031417e-11
-4.447409e-14
1.961997e-11
-4.598023e-14
1.343739e-08
1.359414e-08
2.372797e-11
-4.192265e-15
1.359554e-08
2.292741e-11
-5.315758e-15
1.359687e-08
2.215562e-11
-6.29132e-15
1.359814e-08
2.141119e-11
-7.071615e-15
1.359934e-08
2.069292e-11
-7.819619e-15
1.360049e-08
1.999961e-11
-8.432732e-15
1.360159e-08
1.933024e-11
-9.063582e-15
1.868346e-11
-9.54336e-15
1.360264e-08
1.369329e-08
2.094616e-11
1.573509e-14
1.369604e-08
2.025575e-11
1.618394e-14
1.369868e-08
1.958923e-11
1.673194e-14
1.370122e-08
1.894548e-11
1.748559e-14
1.370366e-08
1.832355e-11
1.82014e-14
1.3706e-08
1.772248e-11
1.901236e-14
1.370826e-08
1.714144e-11
1.959714e-14
1.657934e-11
2.028675e-14
1.371043e-08
1.375319e-08
1.68938e-11
2.92125e-14
1.375713e-08
1.634829e-11
3.112969e-14
1.376093e-08
1.582102e-11
3.311744e-14
1.376459e-08
1.531116e-11
3.533427e-14
1.376813e-08
1.481804e-11
3.741229e-14
1.377154e-08
1.434094e-11
3.955621e-14
1.377484e-08
1.387925e-11
4.132994e-14
1.343215e-11
4.318128e-14
1.377801e-08
1.378727e-08
1.183757e-11
3.774001e-14
1.379216e-08
1.146145e-11
4.082381e-14
1.379688e-08
1.109755e-11
4.397419e-14
1.380145e-08
1.074536e-11
4.736925e-14
1.380586e-08
1.040448e-11
5.053672e-14
1.381013e-08
1.007442e-11
5.373858e-14
1.381426e-08
9.754753e-12
5.648261e-14
9.444931e-12
5.930489e-14
1.381826e-08
1.380501e-08
6.093492e-12
4.273561e-14
1.381054e-08
5.901866e-12
4.66149e-14
1.381591e-08
5.716396e-12
5.06719e-14
1.38211e-08
5.536818e-12
5.505167e-14
1.382612e-08
5.362972e-12
5.903616e-14
1.383099e-08
5.194597e-12
6.296767e-14
1.38357e-08
5.03141e-12
6.628577e-14
4.873148e-12
6.966077e-14
1.384026e-08
1.381241e-08
1.207424e-15
4.493322e-14
1.381828e-08
1.028318e-15
4.909875e-14
1.382397e-08
1.059052e-15
5.365663e-14
1.382948e-08
1.248033e-15
5.843983e-14
1.383481e-08
1.511415e-15
6.233503e-14
1.383998e-08
1.775022e-15
6.588494e-14
1.384499e-08
1.968683e-15
6.9209e-14
2.134561e-15
7.281365e-14
1.384984e-08
1.381241e-08
4.427751e-14
1.381828e-08
-5.899648e-12
4.789344e-14
1.382397e-08
-5.714298e-12
5.26409e-14
1.382947e-08
-5.534523e-12
5.751857e-14
1.383481e-08
-5.36019e-12
6.122545e-14
1.383998e-08
-5.191276e-12
6.453868e-14
1.384499e-08
-5.027751e-12
6.765451e-14
-4.869159e-12
7.105824e-14
1.384984e-08
1.381054e-08
4.593996e-14
1.38159e-08
4.970635e-14
1.382109e-08
-1.074305e-11
5.335093e-14
1.382612e-08
-1.040183e-11
5.619665e-14
1.383098e-08
-1.007128e-11
5.892972e-14
1.383569e-08
-9.751229e-12
6.158868e-14
6.459045e-14
1.384025e-08
1.380144e-08
4.590885e-14
1.380586e-08
4.790723e-14
1.381012e-08
5.001417e-14
5.21353e-14
2.07811e-09
7.812944e-13
-2.787591e-13
2.077567e-09
7.515859e-13
-2.685182e-13
2.077043e-09
7.231711e-13
-2.584965e-13
2.076539e-09
6.961183e-13
-2.488995e-13
2.076052e-09
6.702492e-13
-2.392754e-13
2.075583e-09
6.454558e-13
-2.296631e-13
2.075131e-09
6.216779e-13
-2.19963e-13
2.074695e-09
5.987995e-13
-2.102081e-13
5.768748e-13
-2.009004e-13
2.074275e-09
5.239008e-09
2.716867e-12
-4.819893e-13
5.237503e-09
2.613519e-12
-4.655837e-13
5.236052e-09
2.514555e-12
-4.492735e-13
5.234655e-09
2.419957e-12
-4.339243e-13
5.233308e-09
2.329413e-12
-4.188512e-13
5.232011e-09
2.242619e-12
-4.037379e-13
5.230761e-09
2.159362e-12
-3.883826e-13
5.229557e-09
2.079371e-12
-3.72359e-13
2.00265e-12
-3.560131e-13
5.228397e-09
7.613999e-09
5.607428e-12
-6.192907e-13
7.611645e-09
5.393824e-12
-5.997367e-13
7.609377e-09
5.1894e-12
-5.801055e-13
7.607193e-09
4.993754e-12
-5.617843e-13
7.605088e-09
4.806389e-12
-5.442659e-13
7.60306e-09
4.626788e-12
-5.270232e-13
7.601107e-09
4.454527e-12
-5.097317e-13
7.599225e-09
4.289156e-12
-4.91738e-13
4.130535e-12
-4.732545e-13
7.597412e-09
9.382783e-09
9.239529e-12
-6.695211e-13
9.379746e-09
8.88788e-12
-6.496312e-13
9.376818e-09
8.551484e-12
-6.296083e-13
9.373998e-09
8.229421e-12
-6.110216e-13
9.37128e-09
7.920903e-12
-5.936054e-13
9.368661e-09
7.625149e-12
-5.767829e-13
9.366137e-09
7.341475e-12
-5.602501e-13
9.363705e-09
7.069214e-12
-5.431534e-13
6.807986e-12
-5.257141e-13
9.361361e-09
1.069012e-08
1.332285e-11
-6.820127e-13
1.068665e-08
1.281826e-11
-6.626214e-13
1.068331e-08
1.233555e-11
-6.431393e-13
1.068009e-08
1.187326e-11
-6.250575e-13
1.067698e-08
1.143028e-11
-6.083302e-13
1.067398e-08
1.100553e-11
-5.924021e-13
1.06711e-08
1.059804e-11
-5.770009e-13
1.066831e-08
1.02069e-11
-5.613276e-13
9.83142e-12
-5.455615e-13
1.066563e-08
1.164821e-08
1.746389e-11
-6.448531e-13
1.164467e-08
1.680881e-11
-6.272649e-13
1.164125e-08
1.618181e-11
-6.096564e-13
1.163795e-08
1.558103e-11
-5.93288e-13
1.163477e-08
1.500502e-11
-5.782327e-13
1.163169e-08
1.445247e-11
-5.640225e-13
1.162872e-08
1.392211e-11
-5.504797e-13
1.162586e-08
1.341283e-11
-5.368105e-13
1.292359e-11
-5.233637e-13
1.162309e-08
1.234249e-08
2.120432e-11
-5.707391e-13
1.233929e-08
2.042028e-11
-5.559311e-13
1.233619e-08
1.96692e-11
-5.411278e-13
1.23332e-08
1.894894e-11
-5.272886e-13
1.23303e-08
1.825783e-11
-5.145672e-13
1.23275e-08
1.759435e-11
-5.02595e-13
1.232479e-08
1.695706e-11
-4.912493e-13
1.232217e-08
1.634467e-11
-4.799131e-13
1.575584e-11
-4.688825e-13
1.231964e-08
1.283783e-08
2.408825e-11
-4.685276e-13
1.283539e-08
2.321407e-11
-4.570692e-13
1.283302e-08
2.237564e-11
-4.456202e-13
1.283072e-08
2.157074e-11
-4.348347e-13
1.282849e-08
2.079759e-11
-4.248626e-13
1.282632e-08
2.005461e-11
-4.154626e-13
1.282422e-08
1.934024e-11
-4.065718e-13
1.282218e-08
1.865314e-11
-3.976799e-13
1.799177e-11
-3.891053e-13
1.28202e-08
1.318391e-08
2.573709e-11
-3.549191e-13
1.318259e-08
2.482347e-11
-3.46805e-13
1.318128e-08
2.3946e-11
-3.386846e-13
1.318001e-08
2.310252e-11
-3.309146e-13
1.317876e-08
2.22913e-11
-3.236327e-13
1.317754e-08
2.151078e-11
-3.166946e-13
1.317635e-08
2.075943e-11
-3.10077e-13
1.317519e-08
2.003595e-11
-3.034895e-13
1.933873e-11
-2.970623e-13
1.317405e-08
1.341926e-08
2.590618e-11
-2.433858e-13
1.341928e-08
2.500864e-11
-2.380757e-13
1.341928e-08
2.414529e-11
-2.327639e-13
1.341926e-08
2.331419e-11
-2.275535e-13
1.341922e-08
2.251377e-11
-2.225199e-13
1.341916e-08
2.17426e-11
-2.176346e-13
1.341909e-08
2.09993e-11
-2.128828e-13
1.341901e-08
2.028266e-11
-2.081895e-13
1.959116e-11
-2.03483e-13
1.341891e-08
1.357398e-08
2.451081e-11
-1.446999e-13
1.357544e-08
2.368252e-11
-1.41438e-13
1.357683e-08
2.288458e-11
-1.381915e-13
1.357816e-08
2.211531e-11
-1.348489e-13
1.357942e-08
2.13734e-11
-1.314466e-13
1.358063e-08
2.065762e-11
-1.280257e-13
1.358178e-08
1.996679e-11
-1.245827e-13
1.358287e-08
1.929988e-11
-1.212348e-13
1.865555e-11
-1.176463e-13
1.358392e-08
1.367159e-08
2.161954e-11
-6.425115e-14
1.367444e-08
2.090621e-11
-6.222635e-14
1.367719e-08
2.021802e-11
-6.02581e-14
1.367982e-08
1.955364e-11
-5.806679e-14
1.368236e-08
1.891202e-11
-5.563492e-14
1.368479e-08
1.829221e-11
-5.307923e-14
1.368714e-08
1.769325e-11
-5.037219e-14
1.368939e-08
1.71143e-11
-4.782606e-14
1.655429e-11
-4.484774e-14
1.369155e-08
1.373019e-08
1.742466e-11
-3.521605e-15
1.373426e-08
1.686172e-11
-2.101671e-15
1.373819e-08
1.631793e-11
-7.761851e-16
1.374199e-08
1.579234e-11
8.669308e-16
1.374565e-08
1.528415e-11
2.875118e-15
1.374918e-08
1.479268e-11
5.071598e-15
1.375259e-08
1.431723e-11
7.481618e-15
1.375588e-08
1.385717e-11
9.682998e-15
1.341171e-11
1.248064e-14
1.375905e-08
1.376326e-08
1.220293e-11
3.881519e-14
1.37683e-08
1.181516e-11
4.002913e-14
1.377318e-08
1.144021e-11
4.110169e-14
1.377789e-08
1.107746e-11
4.255831e-14
1.378246e-08
1.072642e-11
4.446045e-14
1.378686e-08
1.038665e-11
4.656208e-14
1.379113e-08
1.005771e-11
4.892249e-14
1.379525e-08
9.739156e-12
5.103164e-14
9.430446e-12
5.386734e-14
1.379924e-08
1.378031e-08
6.27942e-12
6.52111e-14
1.378602e-08
6.081954e-12
6.640923e-14
1.379155e-08
5.890904e-12
6.74297e-14
1.37969e-08
5.706019e-12
6.893976e-14
1.380208e-08
5.52702e-12
7.103084e-14
1.38071e-08
5.353728e-12
7.328102e-14
1.381196e-08
5.185885e-12
7.562214e-14
1.381666e-08
5.023247e-12
7.766789e-14
4.865543e-12
8.049123e-14
1.382122e-08
1.378737e-08
7.788099e-14
1.379342e-08
1.14801e-15
7.895813e-14
1.379928e-08
9.4913e-16
7.992119e-14
1.380495e-08
9.724238e-16
8.154924e-14
1.381045e-08
1.143076e-15
8.373223e-14
1.381578e-08
1.373822e-15
8.55727e-14
1.382095e-08
1.608199e-15
8.750098e-14
1.382595e-08
1.783486e-15
8.920763e-14
1.93845e-15
9.189783e-14
1.383079e-08
1.379342e-08
7.849068e-14
1.379927e-08
-5.888803e-12
7.903133e-14
1.380495e-08
-5.704055e-12
8.079495e-14
1.381045e-08
-5.524902e-12
8.313053e-14
1.381578e-08
-5.35118e-12
8.482394e-14
1.382094e-08
-5.182856e-12
8.649718e-14
1.382594e-08
-5.019902e-12
8.799534e-14
-4.861883e-12
9.047678e-14
1.383079e-08
1.379154e-08
6.735159e-14
1.379689e-08
6.853263e-14
1.380208e-08
-1.072423e-11
6.998856e-14
1.380709e-08
-1.038418e-11
7.121414e-14
1.381195e-08
-1.005476e-11
7.260325e-14
1.381666e-08
-9.735824e-12
7.395162e-14
7.63263e-14
1.382121e-08
1.378245e-08
4.411987e-14
1.378686e-08
4.495034e-14
1.379112e-08
4.623838e-14
4.790403e-14
2.066898e-09
7.678246e-13
-4.859524e-13
2.066357e-09
7.387656e-13
-4.668221e-13
2.065836e-09
7.109705e-13
-4.48485e-13
2.065334e-09
6.844919e-13
-4.310451e-13
2.06485e-09
6.59177e-13
-4.141452e-13
2.064383e-09
6.349263e-13
-3.975401e-13
2.063933e-09
6.116767e-13
-3.813949e-13
2.063499e-09
5.893336e-13
-3.654328e-13
5.679378e-13
2.063081e-09
-3.502803e-13
5.206574e-09
2.674196e-12
-8.36171e-13
5.205079e-09
2.572883e-12
-8.038537e-13
5.203637e-09
2.47587e-12
-7.726779e-13
5.202248e-09
2.383129e-12
-7.433564e-13
5.20091e-09
2.29437e-12
-7.15281e-13
5.19962e-09
2.209309e-12
-6.879247e-13
5.198377e-09
2.127738e-12
-6.611675e-13
5.197179e-09
2.049401e-12
-6.343967e-13
1.974288e-12
5.196024e-09
-6.078571e-13
7.563232e-09
5.521787e-12
-1.041329e-12
7.560895e-09
5.312242e-12
-1.002096e-12
7.558643e-09
5.11169e-12
-9.640834e-13
7.556473e-09
4.919758e-12
-9.285448e-13
7.554382e-09
4.735966e-12
-8.949722e-13
7.552368e-09
4.559816e-12
-8.62648e-13
7.550426e-09
4.390897e-12
-8.313761e-13
7.548556e-09
4.228779e-12
-8.002218e-13
4.073302e-12
7.546753e-09
-7.694966e-13
9.317148e-09
9.101466e-12
-1.121109e-12
9.314134e-09
8.756318e-12
-1.079562e-12
9.311229e-09
8.426103e-12
-1.03929e-12
9.30843e-09
8.109978e-12
-1.001776e-12
9.305732e-09
7.807166e-12
-9.667014e-13
9.303132e-09
7.516913e-12
-9.333174e-13
9.300625e-09
7.238552e-12
-9.013919e-13
9.298209e-09
6.971429e-12
-8.699044e-13
6.715163e-12
9.295881e-09
-8.391553e-13
1.061293e-08
1.312603e-11
-1.141437e-12
1.060949e-08
1.263061e-11
-1.099726e-12
1.060618e-08
1.215659e-11
-1.05934e-12
1.060298e-08
1.170265e-11
-1.021738e-12
1.05999e-08
1.126769e-11
-9.867741e-13
1.059693e-08
1.085066e-11
-9.53705e-13
1.059406e-08
1.045061e-11
-9.224178e-13
1.059129e-08
1.006665e-11
-8.918042e-13
9.698091e-12
1.058863e-08
-8.623271e-13
1.156232e-08
1.720802e-11
-1.088963e-12
1.155881e-08
1.656464e-11
-1.049898e-12
1.155542e-08
1.594876e-11
-1.012122e-12
1.155215e-08
1.535865e-11
-9.768828e-13
1.154899e-08
1.479288e-11
-9.441677e-13
1.154594e-08
1.425018e-11
-9.133549e-13
1.154299e-08
1.372931e-11
-8.843336e-13
1.154015e-08
1.322917e-11
-8.561492e-13
1.274873e-11
1.15374e-08
-8.293404e-13
1.225022e-08
2.089579e-11
-9.761131e-13
1.224704e-08
2.012557e-11
-9.420952e-13
1.224397e-08
1.938761e-11
-9.091988e-13
1.2241e-08
1.867995e-11
-8.783882e-13
1.223813e-08
1.800093e-11
-8.497326e-13
1.223535e-08
1.734909e-11
-8.227283e-13
1.223266e-08
1.6723e-11
-7.973675e-13
1.223006e-08
1.61214e-11
-7.727825e-13
1.554297e-11
1.222755e-08
-7.495677e-13
1.2741e-08
2.374023e-11
-8.155156e-13
1.273858e-08
2.288123e-11
-7.882487e-13
1.273622e-08
2.205725e-11
-7.618532e-13
1.273394e-08
2.126622e-11
-7.369659e-13
1.273172e-08
2.050641e-11
-7.137009e-13
1.272957e-08
1.977625e-11
-6.917378e-13
1.272748e-08
1.907424e-11
-6.71027e-13
1.272546e-08
1.839904e-11
-6.509688e-13
1.774916e-11
1.27235e-08
-6.32026e-13
1.308393e-08
2.536797e-11
-6.31594e-13
1.308261e-08
2.447002e-11
-6.11629e-13
1.308131e-08
2.360747e-11
-5.922461e-13
1.308004e-08
2.277833e-11
-5.737799e-13
1.30788e-08
2.19809e-11
-5.563445e-13
1.307759e-08
2.121367e-11
-5.397676e-13
1.30764e-08
2.047513e-11
-5.240287e-13
1.307524e-08
1.976398e-11
-5.087489e-13
1.907869e-11
1.307411e-08
-4.941613e-13
1.331718e-08
2.553747e-11
-4.466441e-13
1.331719e-08
2.465511e-11
-4.33469e-13
1.331718e-08
2.380626e-11
-4.206278e-13
1.331715e-08
2.298911e-11
-4.081671e-13
1.33171e-08
2.220212e-11
-3.961898e-13
1.331704e-08
2.144391e-11
-3.846782e-13
1.331696e-08
2.071311e-11
-3.73551e-13
1.331687e-08
2.000852e-11
-3.62751e-13
1.932868e-11
1.331677e-08
-3.521439e-13
1.347057e-08
2.416456e-11
-2.792741e-13
1.347201e-08
2.335014e-11
-2.716871e-13
1.347337e-08
2.256543e-11
-2.642424e-13
1.347468e-08
2.180893e-11
-2.567591e-13
1.347592e-08
2.107932e-11
-2.493051e-13
1.34771e-08
2.037542e-11
-2.419833e-13
1.347823e-08
1.969607e-11
-2.346769e-13
1.34793e-08
1.904024e-11
-2.275739e-13
1.840664e-11
1.348032e-08
-2.201601e-13
1.356739e-08
2.131625e-11
-1.401534e-13
1.35702e-08
2.061474e-11
-1.366693e-13
1.35729e-08
1.993785e-11
-1.332165e-13
1.35755e-08
1.928438e-11
-1.294186e-13
1.357799e-08
1.86533e-11
-1.253142e-13
1.358039e-08
1.804366e-11
-1.211018e-13
1.35827e-08
1.745454e-11
-1.166051e-13
1.358492e-08
1.688512e-11
-1.122651e-13
1.633433e-11
1.358705e-08
-1.071786e-13
1.362555e-08
1.718167e-11
-3.335314e-14
1.362957e-08
1.662798e-11
-3.257812e-14
1.363344e-08
1.609305e-11
-3.177283e-14
1.363718e-08
1.557601e-11
-3.041702e-14
1.364079e-08
1.50761e-11
-2.851402e-14
1.364427e-08
1.459263e-11
-2.635562e-14
1.364764e-08
1.412492e-11
-2.371315e-14
1.365088e-08
1.367237e-11
-2.120454e-14
1.323417e-11
1.365401e-08
-1.760281e-14
1.36584e-08
1.203353e-11
4.210661e-14
1.366337e-08
1.165209e-11
4.126128e-14
1.366819e-08
1.128321e-11
4.045635e-14
1.367284e-08
1.092633e-11
4.033443e-14
1.367734e-08
1.058097e-11
4.091853e-14
1.368169e-08
1.02467e-11
4.182617e-14
1.368589e-08
9.923064e-12
4.332078e-14
1.368996e-08
9.609657e-12
4.469591e-14
9.305951e-12
1.36939e-08
4.742289e-14
1.367535e-08
6.192493e-12
8.951869e-14
1.368099e-08
5.998227e-12
8.783577e-14
1.368644e-08
5.810242e-12
8.616947e-14
1.369172e-08
5.628336e-12
8.530511e-14
1.369684e-08
5.452226e-12
8.530999e-14
1.370179e-08
5.281703e-12
8.558254e-14
1.370658e-08
5.116545e-12
8.648892e-14
1.371123e-08
4.956511e-12
8.717281e-14
4.801341e-12
1.371572e-08
8.933018e-14
1.368238e-08
1.122974e-13
1.368835e-08
1.116291e-15
1.101544e-13
1.369413e-08
9.024101e-16
1.081012e-13
1.369973e-08
8.991354e-16
1.069771e-13
1.370516e-08
1.046884e-15
1.066676e-13
1.371042e-08
1.248307e-15
1.064334e-13
1.371551e-08
1.454173e-15
1.066574e-13
1.372045e-08
1.612206e-15
1.067574e-13
1.75299e-15
1.372523e-08
1.085381e-13
1.368835e-08
1.09838e-13
1.369413e-08
-5.808215e-12
1.075462e-13
1.369973e-08
-5.626468e-12
1.064763e-13
1.370516e-08
-5.450252e-12
1.062952e-13
1.371042e-08
-5.279375e-12
1.059608e-13
1.371551e-08
-5.113783e-12
1.059364e-13
1.372045e-08
-4.95345e-12
1.058473e-13
-4.797993e-12
1.372523e-08
1.074314e-13
1.368644e-08
8.653706e-14
1.369172e-08
8.535928e-14
1.369683e-08
-1.057888e-11
8.470706e-14
1.370178e-08
-1.024438e-11
8.425525e-14
1.370658e-08
-9.92032e-12
8.427148e-14
1.371122e-08
-9.606535e-12
8.432306e-14
1.371572e-08
8.607223e-14
1.367733e-08
4.132359e-14
1.368168e-08
4.109849e-14
1.368589e-08
4.152443e-14
4.259176e-14
1.992745e-09
5.701341e-13
6.088826e-13
5.444716e-13
5.821103e-13
4.992421e-09
2.010414e-12
1.02699e-12
1.919741e-12
9.820509e-13
7.227698e-09
4.176448e-12
1.153e-12
3.988856e-12
1.099043e-12
8.882967e-09
6.916249e-12
1.192025e-12
6.607609e-12
1.130977e-12
1.010266e-08
1.002155e-11
1.188949e-12
9.578531e-12
1.123473e-12
1.099635e-08
1.320828e-11
1.148145e-12
1.263118e-11
1.08183e-12
1.164611e-08
1.61394e-11
1.061229e-12
1.544462e-11
9.994107e-13
1.211329e-08
1.846826e-11
9.323122e-13
1.768661e-11
8.788676e-13
1.244413e-08
1.989036e-11
7.731491e-13
1.906461e-11
7.316491e-13
1.267377e-08
2.018825e-11
6.022738e-13
1.936679e-11
5.734315e-13
1.282922e-08
1.925809e-11
4.371398e-13
1.849035e-11
4.211364e-13
1.293127e-08
1.711596e-11
2.918547e-13
1.644648e-11
2.866919e-13
1.299579e-08
1.388521e-11
1.746378e-13
1.33512e-11
1.7845e-13
1.303457e-08
9.77368e-12
8.81195e-14
9.402746e-12
9.829548e-14
1.3056e-08
3.202436e-14
4.616876e-14
2.027545e-09
6.063031e-13
4.669289e-13
2.027102e-09
5.790652e-13
4.466255e-13
2.026678e-09
5.536094e-13
4.279591e-13
2.026273e-09
5.293384e-13
4.094354e-13
2.025885e-09
5.061929e-13
3.921748e-13
4.841119e-13
3.77049e-13
5.092999e-09
2.12624e-12
7.84536e-13
5.09178e-09
2.030534e-12
7.506256e-13
5.090615e-09
1.939839e-12
7.196769e-13
5.089503e-09
1.853507e-12
6.896008e-13
5.08844e-09
1.771147e-12
6.612188e-13
1.692548e-12
6.367826e-13
7.384959e-09
4.404563e-12
8.669767e-13
7.383057e-09
4.207022e-12
8.25978e-13
7.38124e-09
4.018797e-12
7.894771e-13
7.379504e-09
3.839225e-12
7.546905e-13
7.377846e-09
3.66779e-12
7.221558e-13
3.504006e-12
6.943506e-13
9.086083e-09
7.281155e-12
8.889527e-13
9.083623e-09
6.956569e-12
8.417517e-13
9.081273e-09
6.646453e-12
7.998212e-13
9.079027e-09
6.350399e-12
7.611653e-13
9.07688e-09
6.0674e-12
7.251023e-13
5.79675e-12
6.941266e-13
1.034136e-08
1.053817e-11
8.822047e-13
1.033854e-08
1.007252e-11
8.30874e-13
1.033584e-08
9.62716e-12
7.852906e-13
1.033326e-08
9.201296e-12
7.429559e-13
1.033079e-08
8.794049e-12
7.039208e-13
8.404271e-12
6.700304e-13
1.126192e-08
1.387802e-11
8.528132e-13
1.1259e-08
1.327169e-11
8.002031e-13
1.12562e-08
1.269121e-11
7.527203e-13
1.125353e-08
1.213608e-11
7.096957e-13
1.125096e-08
1.160472e-11
6.696622e-13
1.109578e-11
6.342958e-13
1.193149e-08
1.694737e-11
7.916818e-13
1.19288e-08
1.621755e-11
7.423259e-13
1.192622e-08
1.55184e-11
6.976466e-13
1.192374e-08
1.484879e-11
6.559738e-13
1.192136e-08
1.420757e-11
6.175901e-13
1.359295e-11
5.832448e-13
1.241298e-08
1.938291e-11
7.007422e-13
1.241086e-08
1.856209e-11
6.578095e-13
1.240881e-08
1.777491e-11
6.181203e-13
1.240684e-08
1.702072e-11
5.822228e-13
1.240495e-08
1.629768e-11
5.486061e-13
1.560401e-11
5.180203e-13
1.27539e-08
2.086603e-11
5.870358e-13
1.275264e-08
1.99991e-11
5.536806e-13
1.275142e-08
1.916692e-11
5.228514e-13
1.275023e-08
1.836825e-11
4.935658e-13
1.274909e-08
1.760195e-11
4.666247e-13
1.686607e-11
4.418874e-13
1.299045e-08
2.116986e-11
4.637979e-13
1.299028e-08
2.030775e-11
4.40594e-13
1.299009e-08
1.947909e-11
4.18406e-13
1.29899e-08
1.868327e-11
3.984076e-13
1.29897e-08
1.791864e-11
3.795846e-13
1.718352e-11
3.61961e-13
1.315048e-08
2.018705e-11
3.43681e-13
1.31515e-08
1.938155e-11
3.309967e-13
1.315246e-08
1.860644e-11
3.187773e-13
1.315336e-08
1.786073e-11
3.066084e-13
1.315422e-08
1.714351e-11
2.956836e-13
1.64532e-11
2.85302e-13
1.325544e-08
1.793583e-11
2.374061e-13
1.325764e-08
1.723367e-11
2.335836e-13
1.325974e-08
1.65571e-11
2.291259e-13
1.326174e-08
1.590571e-11
2.252648e-13
1.326365e-08
1.527834e-11
2.217488e-13
1.467376e-11
2.180966e-13
1.332171e-08
1.454645e-11
1.51339e-13
1.332498e-08
1.398651e-11
1.550293e-13
1.332811e-08
1.344645e-11
1.577939e-13
1.333111e-08
1.292567e-11
1.597221e-13
1.333399e-08
1.242361e-11
1.620902e-13
1.193925e-11
1.640021e-13
1.336149e-08
1.023697e-11
8.760914e-14
1.336563e-08
9.848118e-12
9.656005e-14
1.33696e-08
9.472655e-12
1.040941e-13
1.337342e-08
9.110339e-12
1.110519e-13
1.337709e-08
8.760605e-12
1.180009e-13
8.42272e-12
1.243013e-13
1.338343e-08
5.285189e-12
4.609074e-14
1.338818e-08
5.086293e-12
5.841955e-14
1.339275e-08
4.894056e-12
6.946413e-14
1.339714e-08
4.70828e-12
7.922815e-14
1.340136e-08
4.528756e-12
8.893785e-14
4.355198e-12
9.826505e-14
1.339306e-08
3.617289e-15
2.265343e-14
1.339812e-08
3.869274e-15
3.694006e-14
1.340299e-08
3.922477e-15
4.99577e-14
1.340768e-08
3.973736e-15
6.159232e-14
1.341218e-08
4.224074e-15
7.269059e-14
8.527841e-14
1.339306e-08
-5.278491e-12
1.954243e-14
1.339812e-08
-5.078933e-12
3.376925e-14
1.340299e-08
-4.886352e-12
4.64006e-14
1.340768e-08
5.74842e-14
6.770194e-14
1.338343e-08
3.720954e-14
1.338817e-08
4.965895e-14
5.999789e-14
2.052872e-09
6.344125e-13
3.052685e-13
2.05242e-09
6.059982e-13
2.920056e-13
2.051989e-09
5.794207e-13
2.805742e-13
2.051576e-09
5.540879e-13
2.688755e-13
2.051181e-09
5.299353e-13
2.578578e-13
2.050803e-09
5.06939e-13
2.486098e-13
2.050441e-09
4.848964e-13
2.397301e-13
4.63804e-13
2.320063e-13
5.166323e-09
2.215811e-12
5.072926e-13
5.165078e-09
2.116369e-12
4.85626e-13
5.163889e-09
2.022135e-12
4.665937e-13
5.162753e-09
1.932447e-12
4.480697e-13
5.161667e-09
1.846912e-12
4.304022e-13
5.16063e-09
1.765346e-12
4.156244e-13
5.15964e-09
1.687318e-12
4.025083e-13
1.612741e-12
3.916404e-13
7.499838e-09
4.580729e-12
5.389135e-13
7.497892e-09
4.375808e-12
5.125575e-13
7.496033e-09
4.180568e-12
4.898559e-13
7.494258e-09
3.994427e-12
4.686055e-13
7.492562e-09
3.816759e-12
4.486939e-13
7.490943e-09
3.647093e-12
4.320607e-13
7.489398e-09
3.484801e-12
4.179121e-13
3.329754e-12
4.068929e-13
9.234723e-09
7.562555e-12
5.407707e-13
9.232205e-09
7.226111e-12
5.093906e-13
9.229799e-09
6.904767e-12
4.821675e-13
9.227499e-09
6.598112e-12
4.576257e-13
9.225301e-09
6.305117e-12
4.348999e-13
9.223202e-09
6.025015e-12
4.15661e-13
9.221198e-09
5.75697e-12
3.994398e-13
5.500771e-12
3.869517e-13
1.05163e-08
1.093603e-11
5.295048e-13
1.051341e-08
1.045349e-11
4.944571e-13
1.051064e-08
9.992104e-12
4.637326e-13
1.050799e-08
9.55125e-12
4.357972e-13
1.050546e-08
9.129815e-12
4.102347e-13
1.050304e-08
8.726615e-12
3.882286e-13
1.050073e-08
8.340537e-12
3.69405e-13
7.971288e-12
3.545796e-13
1.145673e-08
1.439318e-11
5.128072e-13
1.145374e-08
1.376499e-11
4.761307e-13
1.145088e-08
1.316382e-11
4.432474e-13
1.144814e-08
1.258914e-11
4.138471e-13
1.144551e-08
1.203936e-11
3.867645e-13
1.1443e-08
1.151299e-11
3.629536e-13
1.144059e-08
1.100867e-11
3.421568e-13
1.052591e-11
3.251071e-13
1.214099e-08
1.756823e-11
4.809116e-13
1.213824e-08
1.681213e-11
4.460437e-13
1.21356e-08
1.608804e-11
4.145215e-13
1.213306e-08
1.539503e-11
3.855208e-13
1.213063e-08
1.473165e-11
3.589221e-13
1.21283e-08
1.409607e-11
3.352024e-13
1.212606e-08
1.348664e-11
3.140806e-13
1.290279e-11
2.962287e-13
1.26331e-08
2.008512e-11
4.332115e-13
1.263093e-08
1.92349e-11
4.026653e-13
1.262884e-08
1.841984e-11
3.744356e-13
1.262683e-08
1.763925e-11
3.490502e-13
1.262489e-08
1.689127e-11
3.254748e-13
1.262303e-08
1.617398e-11
3.041241e-13
1.262124e-08
1.548565e-11
2.848356e-13
1.482552e-11
2.680066e-13
1.298149e-08
2.161451e-11
3.71477e-13
1.298022e-08
2.071662e-11
3.476862e-13
1.297898e-08
1.9855e-11
3.256834e-13
1.297778e-08
1.90286e-11
3.050317e-13
1.297661e-08
1.823597e-11
2.860565e-13
1.297549e-08
1.747512e-11
2.687934e-13
1.297439e-08
1.674425e-11
2.530203e-13
1.604261e-11
2.389414e-13
1.322317e-08
2.192241e-11
3.028033e-13
1.322301e-08
2.102971e-11
2.864067e-13
1.322284e-08
2.017199e-11
2.707929e-13
1.322266e-08
1.934855e-11
2.567845e-13
1.322247e-08
1.855774e-11
2.437603e-13
1.322228e-08
1.779778e-11
2.318276e-13
1.322208e-08
1.706698e-11
2.208308e-13
1.636455e-11
2.106481e-13
1.338658e-08
2.089882e-11
2.344222e-13
1.338765e-08
2.006489e-11
2.257884e-13
1.338866e-08
1.926266e-11
2.175336e-13
1.338961e-08
1.849131e-11
2.095269e-13
1.339052e-08
1.774968e-11
2.023997e-13
1.339137e-08
1.703616e-11
1.959664e-13
1.339217e-08
1.634922e-11
1.900296e-13
1.568822e-11
1.842971e-13
1.349368e-08
1.85637e-11
1.730212e-13
1.349597e-08
1.783693e-11
1.710888e-13
1.349816e-08
1.713692e-11
1.687983e-13
1.350025e-08
1.646318e-11
1.670246e-13
1.350224e-08
1.581455e-11
1.656079e-13
1.350414e-08
1.518976e-11
1.644655e-13
1.350595e-08
1.458757e-11
1.635295e-13
1.400746e-11
1.621982e-13
1.356124e-08
1.505264e-11
1.228923e-13
1.356464e-08
1.447316e-11
1.26654e-13
1.356789e-08
1.391444e-11
1.299051e-13
1.3571e-08
1.337596e-11
1.327371e-13
1.357398e-08
1.285699e-11
1.359066e-13
1.357684e-08
1.235654e-11
1.39183e-13
1.357958e-08
1.187369e-11
1.425196e-13
1.140816e-11
1.451046e-13
1.360176e-08
1.059149e-11
8.544153e-14
1.360605e-08
1.018915e-11
9.331199e-14
1.361016e-08
9.800819e-12
1.003174e-13
1.361412e-08
9.42622e-12
1.070941e-13
1.361791e-08
9.064767e-12
1.139758e-13
1.362156e-08
8.715776e-12
1.209494e-13
1.362505e-08
8.378802e-12
1.280158e-13
8.053854e-12
1.339373e-13
1.362408e-08
5.467483e-12
6.101933e-14
1.362899e-08
5.261718e-12
7.142904e-14
1.363372e-08
5.062914e-12
8.109562e-14
1.363826e-08
4.870888e-12
9.017043e-14
1.364263e-08
4.685372e-12
9.931579e-14
1.364683e-08
4.506221e-12
1.088605e-13
1.365086e-08
4.333541e-12
1.189227e-13
4.167136e-12
1.276573e-13
1.363386e-08
3.352749e-15
4.560657e-14
1.36391e-08
3.626753e-15
5.725671e-14
1.364414e-08
3.685335e-15
6.881841e-14
1.364898e-08
3.75871e-15
7.959898e-14
1.365365e-08
4.059279e-15
9.034215e-14
1.365813e-08
1.033854e-13
1.366244e-08
1.180553e-13
1.293166e-13
1.363386e-08
-5.461133e-12
4.261058e-14
1.363909e-08
-5.254638e-12
5.411404e-14
1.364413e-08
-5.055461e-12
6.535262e-14
1.364898e-08
7.567085e-14
8.57412e-14
1.362407e-08
5.217203e-14
1.362898e-08
6.231358e-14
7.17744e-14
2.068946e-09
6.536778e-13
1.309932e-13
2.068488e-09
6.245036e-13
1.25693e-13
2.068051e-09
5.972323e-13
1.208624e-13
2.067632e-09
5.712369e-13
1.16322e-13
2.067231e-09
5.464537e-13
1.120519e-13
2.066848e-09
5.228926e-13
1.086696e-13
2.066481e-09
5.003085e-13
1.064547e-13
2.066131e-09
4.787153e-13
1.048979e-13
2.065795e-09
4.580879e-13
1.024185e-13
2.065472e-09
4.3849e-13
9.947579e-14
2.065163e-09
4.200376e-13
9.694244e-14
2.064866e-09
4.028196e-13
9.432647e-14
2.064579e-09
3.867899e-13
9.30311e-14
2.064302e-09
3.723588e-13
9.083234e-14
2.064032e-09
3.592588e-13
9.247027e-14
2.063767e-09
3.497513e-13
8.753837e-14
2.063503e-09
3.404499e-13
1.000947e-13
2.063232e-09
3.472618e-13
7.359139e-14
2.062944e-09
3.391982e-13
1.249511e-13
4.514922e-13
-6.694796e-15
5.212922e-09
2.276535e-12
2.079357e-13
5.211658e-09
2.174741e-12
2.000477e-13
5.21045e-09
2.078358e-12
1.927645e-13
5.209296e-09
1.986611e-12
1.864529e-13
5.208194e-09
1.899125e-12
1.803361e-13
5.207141e-09
1.815759e-12
1.754438e-13
5.206136e-09
1.736012e-12
1.726363e-13
5.205175e-09
1.659841e-12
1.71665e-13
5.204258e-09
1.587103e-12
1.703878e-13
5.203379e-09
1.5179e-12
1.677155e-13
5.202539e-09
1.452359e-12
1.649952e-13
5.201733e-09
1.390615e-12
1.621896e-13
5.200962e-09
1.332699e-12
1.611677e-13
5.20022e-09
1.279109e-12
1.592712e-13
5.199506e-09
1.229839e-12
1.622055e-13
5.198818e-09
1.187379e-12
1.573771e-13
5.198146e-09
1.148496e-12
1.745546e-13
5.197498e-09
1.130776e-12
1.456618e-13
5.196841e-09
1.097171e-12
2.133339e-13
1.215059e-12
7.486982e-14
7.572964e-09
4.699882e-12
1.840687e-13
7.570987e-09
4.490326e-12
1.742221e-13
7.569099e-09
4.290833e-12
1.655681e-13
7.567295e-09
4.100645e-12
1.586735e-13
7.565571e-09
3.919149e-12
1.524094e-13
7.563925e-09
3.745916e-12
1.473657e-13
7.562355e-09
3.580223e-12
1.448643e-13
7.560855e-09
3.421991e-12
1.450024e-13
7.559424e-09
3.270837e-12
1.45727e-13
7.558055e-09
3.126849e-12
1.450883e-13
7.556746e-09
2.99004e-12
1.442471e-13
7.555495e-09
2.860451e-12
1.431941e-13
7.554299e-09
2.738146e-12
1.44193e-13
7.553154e-09
2.623583e-12
1.444512e-13
7.552057e-09
2.51689e-12
1.499543e-13
7.551005e-09
2.420263e-12
1.476675e-13
7.54999e-09
2.330761e-12
1.690991e-13
7.549025e-09
2.263776e-12
1.43995e-13
7.548069e-09
2.181376e-12
2.221743e-13
2.231697e-12
1.092173e-13
9.329482e-09
7.752413e-12
1.639877e-13
9.326924e-09
7.408498e-12
1.505046e-13
9.324478e-09
7.080294e-12
1.384315e-13
9.32214e-09
6.767084e-12
1.290522e-13
9.319905e-09
6.467926e-12
1.207938e-13
9.317771e-09
6.182073e-12
1.138578e-13
9.315733e-09
5.908548e-12
1.09721e-13
9.313787e-09
5.647202e-12
1.087005e-13
9.311928e-09
5.397363e-12
1.089309e-13
9.310151e-09
5.159083e-12
1.083464e-13
9.308454e-09
4.932149e-12
1.077793e-13
9.306832e-09
4.716402e-12
1.071464e-13
9.305282e-09
4.511862e-12
1.089087e-13
9.303801e-09
4.318809e-12
1.102431e-13
9.302385e-09
4.137448e-12
1.171983e-13
9.301033e-09
3.969264e-12
1.164441e-13
9.299733e-09
3.812369e-12
1.405e-13
9.298505e-09
3.67732e-12
1.16861e-13
9.297292e-09
3.535564e-12
2.009265e-13
3.476149e-12
1.002665e-13
1.062795e-08
1.120378e-11
1.47695e-13
1.062501e-08
1.071055e-11
1.311001e-13
1.06222e-08
1.023931e-11
1.159313e-13
1.061951e-08
9.789124e-12
1.034951e-13
1.061694e-08
9.358895e-12
9.263701e-14
1.061448e-08
8.947482e-12
8.323275e-14
1.061213e-08
8.553595e-12
7.661281e-14
1.060988e-08
8.176994e-12
7.325858e-14
1.060773e-08
7.816691e-12
7.157664e-14
1.060568e-08
7.472621e-12
6.969258e-14
1.060371e-08
7.144359e-12
6.821773e-14
1.060183e-08
6.831451e-12
6.693012e-14
1.060004e-08
6.533823e-12
6.829235e-14
1.059833e-08
6.251472e-12
6.957172e-14
1.059669e-08
5.984709e-12
7.672869e-14
1.059513e-08
5.73398e-12
7.644648e-14
1.059363e-08
5.499363e-12
1.013953e-13
1.059221e-08
5.284176e-12
7.814314e-14
1.059081e-08
5.079246e-12
1.638339e-13
4.883487e-12
6.862486e-14
1.158119e-08
1.473914e-11
1.443713e-13
1.157815e-08
1.409704e-11
1.25672e-13
1.157525e-08
1.348304e-11
1.081975e-13
1.157246e-08
1.289613e-11
9.36947e-14
1.156979e-08
1.233486e-11
8.079101e-14
1.156723e-08
1.179776e-11
6.930609e-14
1.156478e-08
1.128324e-11
6.038031e-14
1.156244e-08
1.079088e-11
5.441341e-14
1.15602e-08
1.031941e-11
5.015548e-14
1.155805e-08
9.86867e-12
4.625911e-14
1.1556e-08
9.437993e-12
4.31285e-14
1.155403e-08
9.026634e-12
4.04547e-14
1.155215e-08
8.6344e-12
4.045746e-14
1.155035e-08
8.260949e-12
4.064351e-14
1.154863e-08
7.906761e-12
4.657321e-14
1.154699e-08
7.571017e-12
4.557065e-14
1.154542e-08
7.256549e-12
6.882423e-14
1.154393e-08
6.95751e-12
4.536543e-14
1.154246e-08
6.691709e-12
1.267204e-13
6.34714e-12
3.433535e-14
1.227492e-08
1.798441e-11
1.436367e-13
1.227213e-08
1.721154e-11
1.251446e-13
1.226944e-08
1.647189e-11
1.077249e-13
1.226687e-08
1.576416e-11
9.250853e-14
1.22644e-08
1.508688e-11
7.889447e-14
1.226202e-08
1.44383e-11
6.665498e-14
1.225975e-08
1.381654e-11
5.649921e-14
1.225757e-08
1.322107e-11
4.888557e-14
1.225547e-08
1.265036e-11
4.288471e-14
1.225347e-08
1.210407e-11
3.75627e-14
1.225154e-08
1.158141e-11
3.318921e-14
1.22497e-08
1.108135e-11
2.948106e-14
1.224793e-08
1.060361e-11
2.817813e-14
1.224624e-08
1.014751e-11
2.721953e-14
1.224461e-08
9.713738e-12
3.13502e-14
1.224306e-08
9.300138e-12
2.943798e-14
1.224158e-08
8.912715e-12
4.90017e-14
1.224017e-08
8.535466e-12
2.648753e-14
1.223878e-08
8.216932e-12
9.765425e-14
7.72659e-12
1.060256e-14
1.277387e-08
2.055513e-11
1.422821e-13
1.277167e-08
1.968608e-11
1.255738e-13
1.276956e-08
1.885354e-11
1.097522e-13
1.276752e-08
1.805628e-11
9.602131e-14
1.276555e-08
1.729258e-11
8.351899e-14
1.276366e-08
1.656059e-11
7.221651e-14
1.276184e-08
1.585829e-11
6.246838e-14
1.276009e-08
1.5185e-11
5.459816e-14
1.275841e-08
1.453907e-11
4.803664e-14
1.275679e-08
1.392007e-11
4.239438e-14
1.275523e-08
1.332707e-11
3.78096e-14
1.275374e-08
1.275889e-11
3.403216e-14
1.27523e-08
1.221516e-11
3.214917e-14
1.275092e-08
1.169491e-11
3.069204e-14
1.274959e-08
1.11991e-11
3.312559e-14
1.274833e-08
1.072426e-11
3.087582e-14
1.27471e-08
1.027955e-11
4.528741e-14
1.274595e-08
9.83909e-12
2.596389e-14
1.27448e-08
9.481417e-12
8.11691e-14
8.865093e-12
5.10127e-15
1.312709e-08
2.211489e-11
1.363955e-13
1.312581e-08
2.119713e-11
1.232983e-13
1.312456e-08
2.031696e-11
1.110699e-13
1.312335e-08
1.947299e-11
9.986345e-14
1.312217e-08
1.866372e-11
8.973568e-14
1.312103e-08
1.788726e-11
8.075127e-14
1.311993e-08
1.714157e-11
7.273795e-14
1.311886e-08
1.642594e-11
6.604846e-14
1.311783e-08
1.573867e-11
6.040346e-14
1.311683e-08
1.507923e-11
5.574824e-14
1.311586e-08
1.444669e-11
5.211871e-14
1.311493e-08
1.383979e-11
4.941582e-14
1.311403e-08
1.325812e-11
4.793157e-14
1.311315e-08
1.270055e-11
4.697664e-14
1.311232e-08
1.216824e-11
4.827682e-14
1.311151e-08
1.16567e-11
4.683006e-14
1.311073e-08
1.11777e-11
5.534173e-14
1.310999e-08
1.069714e-11
4.228831e-14
1.310925e-08
1.031842e-11
7.674318e-14
9.611717e-12
1.945901e-14
1.337207e-08
2.2425e-11
1.265379e-13
1.337192e-08
2.151264e-11
1.175445e-13
1.337176e-08
2.063656e-11
1.093873e-13
1.33716e-08
1.979559e-11
1.021263e-13
1.337142e-08
1.898819e-11
9.552623e-14
1.337124e-08
1.821265e-11
8.992476e-14
1.337105e-08
1.746703e-11
8.482068e-14
1.337085e-08
1.675062e-11
8.03724e-14
1.337065e-08
1.60618e-11
7.660991e-14
1.337045e-08
1.540009e-11
7.395938e-14
1.337025e-08
1.476456e-11
7.232349e-14
1.337005e-08
1.415401e-11
7.173167e-14
1.336984e-08
1.356804e-11
7.165701e-14
1.336964e-08
1.300544e-11
7.224842e-14
1.336944e-08
1.246752e-11
7.316381e-14
1.336924e-08
1.194912e-11
7.37725e-14
1.336904e-08
1.146375e-11
7.609534e-14
1.336885e-08
1.097187e-11
7.227194e-14
1.336866e-08
1.0593e-11
8.22534e-14
9.843687e-12
5.150024e-14
1.353767e-08
2.137381e-11
1.139643e-13
1.353877e-08
2.052156e-11
1.096382e-13
1.353982e-08
1.970219e-11
1.062709e-13
1.354081e-08
1.891452e-11
1.028351e-13
1.354174e-08
1.81574e-11
9.99541e-14
1.354262e-08
1.742929e-11
9.806103e-14
1.354345e-08
1.672848e-11
9.618646e-14
1.354424e-08
1.605435e-11
9.460323e-14
1.354498e-08
1.540543e-11
9.352468e-14
1.354568e-08
1.478129e-11
9.356495e-14
1.354634e-08
1.418106e-11
9.452783e-14
1.354697e-08
1.360374e-11
9.66591e-14
1.354756e-08
1.3049e-11
9.864866e-14
1.354812e-08
1.251565e-11
1.015374e-13
1.354865e-08
1.200503e-11
1.026939e-13
1.354915e-08
1.15118e-11
1.064085e-13
1.354962e-08
1.104997e-11
1.026905e-13
1.355007e-08
1.057828e-11
1.104761e-13
1.35505e-08
1.022119e-11
9.41112e-14
9.483971e-12
9.620491e-14
1.364615e-08
1.898243e-11
1.01091e-13
1.36485e-08
1.82398e-11
1.008558e-13
1.365074e-08
1.752493e-11
1.016511e-13
1.365289e-08
1.683696e-11
1.023096e-13
1.365493e-08
1.617483e-11
1.032325e-13
1.365688e-08
1.553732e-11
1.050836e-13
1.365874e-08
1.492301e-11
1.066242e-13
1.366052e-08
1.433143e-11
1.080783e-13
1.366222e-08
1.376132e-11
1.098627e-13
1.366383e-08
1.321237e-11
1.128076e-13
1.366538e-08
1.268381e-11
1.166781e-13
1.366685e-08
1.21749e-11
1.218052e-13
1.366826e-08
1.168545e-11
1.263157e-13
1.36696e-08
1.121434e-11
1.319963e-13
1.367088e-08
1.07628e-11
1.339133e-13
1.36721e-08
1.032579e-11
1.41408e-13
1.367327e-08
9.916571e-12
1.321291e-13
1.367437e-08
9.496033e-12
1.526671e-13
1.367546e-08
9.181725e-12
1.098969e-13
8.512065e-12
1.479187e-13
1.371454e-08
1.539004e-11
8.983058e-14
1.371801e-08
1.479797e-11
9.328369e-14
1.372134e-08
1.422741e-11
9.789881e-14
1.372453e-08
1.367764e-11
1.017584e-13
1.372759e-08
1.314794e-11
1.058504e-13
1.373052e-08
1.263736e-11
1.109367e-13
1.373332e-08
1.214487e-11
1.154953e-13
1.373601e-08
1.167019e-11
1.197874e-13
1.373858e-08
1.121225e-11
1.243956e-13
1.374104e-08
1.077088e-11
1.301124e-13
1.37434e-08
1.034539e-11
1.367371e-13
1.374566e-08
9.935504e-12
1.44697e-13
1.374783e-08
9.541257e-12
1.51876e-13
1.37499e-08
9.161455e-12
1.606097e-13
1.375188e-08
8.796889e-12
1.637464e-13
1.375377e-08
8.443476e-12
1.753065e-13
1.375559e-08
8.112516e-12
1.612957e-13
1.375731e-08
7.770813e-12
1.944164e-13
1.375902e-08
7.517783e-12
1.274163e-13
6.966271e-12
2.006462e-13
1.375552e-08
1.082769e-11
8.090739e-14
1.375991e-08
1.041664e-11
8.70199e-14
1.376412e-08
1.002014e-11
9.441362e-14
1.376817e-08
9.63772e-12
1.010339e-13
1.377205e-08
9.26883e-12
1.078136e-13
1.377578e-08
8.912868e-12
1.157617e-13
1.377936e-08
8.569287e-12
1.232474e-13
1.37828e-08
8.238025e-12
1.301372e-13
1.378609e-08
7.918172e-12
1.371242e-13
1.378926e-08
7.609808e-12
1.449463e-13
1.379229e-08
7.312636e-12
1.537432e-13
1.37952e-08
1.639092e-13
1.379799e-08
1.739509e-13
1.380067e-08
1.86031e-13
1.380324e-08
1.910202e-13
1.380569e-08
2.066068e-13
1.380806e-08
1.890155e-13
1.38103e-08
2.330612e-13
1.381252e-08
1.458587e-13
2.49233e-13
1.377808e-08
5.588826e-12
7.481534e-14
1.378311e-08
5.378613e-12
8.260751e-14
1.378794e-08
5.175669e-12
9.190836e-14
1.379259e-08
4.979669e-12
1.001879e-13
1.379706e-08
4.790363e-12
1.086653e-13
1.380136e-08
4.607714e-12
1.186386e-13
1.380548e-08
4.431783e-12
1.284557e-13
1.380945e-08
4.262281e-12
1.37579e-13
1.381325e-08
4.098506e-12
1.464133e-13
1.381691e-08
1.555168e-13
1.657266e-13
1.378796e-08
3.078806e-15
6.931165e-14
1.379332e-08
3.359425e-15
7.792278e-14
1.379847e-08
3.416857e-15
8.776152e-14
1.380343e-08
3.507945e-15
9.739653e-14
1.38082e-08
3.850959e-15
1.074576e-13
1.381278e-08
1.20697e-13
1.381719e-08
1.345683e-13
1.382143e-08
1.456254e-13
1.542959e-13
1.378796e-08
-5.582948e-12
6.657285e-14
1.379331e-08
-5.371984e-12
7.498015e-14
1.379847e-08
-5.168572e-12
8.457086e-14
1.380342e-08
9.387143e-14
1.036365e-13
1.377807e-08
6.74112e-14
1.37831e-08
7.49266e-14
8.339551e-14
2.0759e-09
6.636146e-13
-4.982149e-14
2.075439e-09
6.341304e-13
-4.714049e-14
2.074998e-09
6.065763e-13
-4.421707e-14
2.074576e-09
5.803285e-13
-4.148827e-14
2.074171e-09
5.553027e-13
-3.883894e-14
2.073784e-09
5.315217e-13
-3.564667e-14
2.073415e-09
5.087711e-13
-3.213507e-14
2.073061e-09
4.870273e-13
-2.813437e-14
2.072722e-09
4.662315e-13
-2.437153e-14
2.072396e-09
4.464378e-13
-2.130899e-14
2.072084e-09
4.277934e-13
-1.814633e-14
2.071783e-09
4.10395e-13
-1.522213e-14
2.071493e-09
3.94215e-13
-1.121842e-14
2.071212e-09
3.796318e-13
-8.200091e-15
2.070939e-09
3.664325e-13
-9.366157e-16
2.070671e-09
3.567544e-13
-1.0784e-15
2.070404e-09
3.475372e-13
2.034323e-14
2.07013e-09
3.540174e-13
-6.187269e-15
2.069834e-09
3.466374e-13
7.359414e-14
4.585474e-13
-1.091855e-13
5.233121e-09
2.306756e-12
-1.010523e-13
5.231846e-09
2.204082e-12
-9.484426e-14
5.230628e-09
2.106903e-12
-8.904732e-14
5.229464e-09
2.014432e-12
-8.300619e-14
5.22835e-09
1.926268e-12
-7.735495e-14
5.227287e-09
1.842278e-12
-7.145011e-14
5.226271e-09
1.762049e-12
-6.464234e-14
5.225301e-09
1.685429e-12
-5.647651e-14
5.224374e-09
1.612209e-12
-4.803185e-14
5.223486e-09
1.542529e-12
-4.057174e-14
5.222636e-09
1.476517e-12
-3.349261e-14
5.221821e-09
1.41433e-12
-2.695753e-14
5.22104e-09
1.356017e-12
-1.907535e-14
5.220289e-09
1.302049e-12
-1.231387e-14
5.219566e-09
1.252461e-12
-2.42119e-16
5.218868e-09
1.209636e-12
2.748854e-15
5.218186e-09
1.170655e-12
3.305661e-14
5.217529e-09
1.152429e-12
4.254442e-15
5.216859e-09
1.1195e-12
1.106073e-13
1.236244e-12
-9.957219e-14
7.604736e-09
4.758742e-12
-1.822572e-13
7.602742e-09
4.547458e-12
-1.750358e-13
7.600836e-09
4.34641e-12
-1.680842e-13
7.599015e-09
4.154803e-12
-1.603417e-13
7.597274e-09
3.971987e-12
-1.526917e-13
7.595612e-09
3.797547e-12
-1.450633e-13
7.594024e-09
3.630888e-12
-1.364194e-13
7.592509e-09
3.471728e-12
-1.258818e-13
7.591062e-09
3.319624e-12
-1.142994e-13
7.589678e-09
3.174763e-12
-1.033775e-13
7.588355e-09
3.037112e-12
-9.284485e-14
7.587089e-09
2.906741e-12
-8.3112e-14
7.585878e-09
2.78372e-12
-7.19363e-14
7.584718e-09
2.668482e-12
-6.190188e-14
7.583606e-09
2.561178e-12
-4.617985e-14
7.582539e-09
2.463914e-12
-4.000796e-14
7.581509e-09
2.373998e-12
-4.06538e-15
7.580531e-09
2.306222e-12
-3.08453e-14
7.579556e-09
2.224063e-12
9.273762e-14
2.272486e-12
-1.049191e-13
9.37074e-09
7.845509e-12
-2.247199e-13
9.368159e-09
7.498768e-12
-2.196133e-13
9.365691e-09
7.168029e-12
-2.148299e-13
9.363331e-09
6.852475e-12
-2.0862e-13
9.361075e-09
6.551161e-12
-2.020825e-13
9.358919e-09
6.263346e-12
-1.955531e-13
9.356859e-09
5.988214e-12
-1.879447e-13
9.354893e-09
5.725316e-12
-1.781636e-13
9.353014e-09
5.473929e-12
-1.668421e-13
9.351219e-09
5.23426e-12
-1.555939e-13
9.349503e-09
5.006019e-12
-1.444101e-13
9.347861e-09
4.789078e-12
-1.3392e-13
9.346293e-09
4.583443e-12
-1.217558e-13
9.344793e-09
4.38937e-12
-1.105562e-13
9.343358e-09
4.207056e-12
-9.334231e-14
9.341986e-09
4.037935e-12
-8.602597e-14
9.340668e-09
3.880237e-12
-4.721402e-14
9.339423e-09
3.744147e-12
-7.533197e-14
9.338187e-09
3.601997e-12
5.958914e-14
3.540265e-12
-1.415608e-13
1.067665e-08
1.133407e-11
-2.460412e-13
1.067369e-08
1.08367e-11
-2.434295e-13
1.067085e-08
1.036174e-11
-2.412481e-13
1.066814e-08
9.908145e-12
-2.376658e-13
1.066554e-08
9.474768e-12
-2.334225e-13
1.066305e-08
9.060492e-12
-2.290528e-13
1.066068e-08
8.664226e-12
-2.236435e-13
1.065841e-08
8.285329e-12
-2.160223e-13
1.065624e-08
7.922764e-12
-2.066423e-13
1.065416e-08
7.57668e-12
-1.968897e-13
1.065218e-08
7.246541e-12
-1.867824e-13
1.065028e-08
6.931945e-12
-1.771026e-13
1.064846e-08
6.63277e-12
-1.655398e-13
1.064673e-08
6.348997e-12
-1.546847e-13
1.064507e-08
6.080889e-12
-1.375928e-13
1.064348e-08
5.828897e-12
-1.304161e-13
1.064196e-08
5.593038e-12
-9.084841e-14
1.064053e-08
5.376621e-12
-1.208224e-13
1.063911e-08
5.170562e-12
1.95954e-14
4.972439e-12
-1.877508e-13
1.163554e-08
1.490634e-11
-2.357615e-13
1.163248e-08
1.425877e-11
-2.356707e-13
1.162955e-08
1.363984e-11
-2.361649e-13
1.162674e-08
1.304834e-11
-2.351239e-13
1.162404e-08
1.248285e-11
-2.333746e-13
1.162146e-08
1.194191e-11
-2.314121e-13
1.161899e-08
1.142415e-11
-2.285461e-13
1.161663e-08
1.092869e-11
-2.237244e-13
1.161436e-08
1.04542e-11
-2.172557e-13
1.161219e-08
1.000076e-11
-2.101124e-13
1.161012e-08
9.567573e-12
-2.023268e-13
1.160813e-08
9.15397e-12
-1.946519e-13
1.160623e-08
8.759684e-12
-1.85039e-13
1.160441e-08
8.384367e-12
-1.758922e-13
1.160267e-08
8.028405e-12
-1.606789e-13
1.160101e-08
7.691059e-12
-1.54961e-13
1.159942e-08
7.374884e-12
-1.17797e-13
1.159791e-08
7.074492e-12
-1.491865e-13
1.159642e-08
6.80678e-12
-1.264471e-14
6.460103e-12
-2.202186e-13
1.233346e-08
1.818443e-11
-2.046688e-13
1.233065e-08
1.740484e-11
-2.060619e-13
1.232794e-08
1.66591e-11
-2.079451e-13
1.232535e-08
1.594575e-11
-2.087892e-13
1.232286e-08
1.526326e-11
-2.089287e-13
1.232046e-08
1.460992e-11
-2.087446e-13
1.231817e-08
1.398409e-11
-2.078378e-13
1.231597e-08
1.338474e-11
-2.052916e-13
1.231385e-08
1.281027e-11
-2.013526e-13
1.231183e-08
1.226062e-11
-1.966775e-13
1.230989e-08
1.173483e-11
-1.912384e-13
1.230802e-08
1.123198e-11
-1.85633e-13
1.230624e-08
1.075169e-11
-1.782624e-13
1.230453e-08
1.029327e-11
-1.711524e-13
1.230289e-08
9.857307e-12
-1.586752e-13
1.230132e-08
9.441783e-12
-1.546256e-13
1.229982e-08
9.052198e-12
-1.225136e-13
1.22984e-08
8.673532e-12
-1.526596e-13
1.229698e-08
8.352314e-12
-3.053333e-14
7.860351e-12
-2.238001e-13
1.283545e-08
2.078e-11
-1.586064e-13
1.283324e-08
1.990331e-11
-1.607713e-13
1.283111e-08
1.906384e-11
-1.632799e-13
1.282905e-08
1.826009e-11
-1.647397e-13
1.282708e-08
1.74904e-11
-1.656764e-13
1.282517e-08
1.67529e-11
-1.662179e-13
1.282334e-08
1.604585e-11
-1.662164e-13
1.282157e-08
1.536805e-11
-1.650122e-13
1.281988e-08
1.471777e-11
-1.628109e-13
1.281825e-08
1.409486e-11
-1.598381e-13
1.281668e-08
1.349822e-11
-1.561057e-13
1.281517e-08
1.292678e-11
-1.519643e-13
1.281372e-08
1.238006e-11
-1.464196e-13
1.281233e-08
1.185713e-11
-1.409372e-13
1.281099e-08
1.135875e-11
-1.313557e-13
1.280971e-08
1.088172e-11
-1.283697e-13
1.280848e-08
1.043446e-11
-1.03487e-13
1.280731e-08
9.992579e-12
-1.284114e-13
1.280614e-08
9.631545e-12
-3.184711e-14
9.014238e-12
-1.914071e-13
1.319082e-08
2.235342e-11
-1.071986e-13
1.318953e-08
2.142751e-11
-1.090953e-13
1.318827e-08
2.053991e-11
-1.10878e-13
1.318705e-08
1.968902e-11
-1.122076e-13
1.318587e-08
1.887332e-11
-1.13068e-13
1.318473e-08
1.809093e-11
-1.133662e-13
1.318362e-08
1.734008e-11
-1.132492e-13
1.318255e-08
1.661955e-11
-1.122722e-13
1.318151e-08
1.592756e-11
-1.10653e-13
1.318051e-08
1.526386e-11
-1.083435e-13
1.317953e-08
1.462735e-11
-1.053532e-13
1.317859e-08
1.401689e-11
-1.017313e-13
1.317769e-08
1.343196e-11
-9.720011e-14
1.317681e-08
1.287146e-11
-9.246852e-14
1.317597e-08
1.233634e-11
-8.537816e-14
1.317516e-08
1.182244e-11
-8.21989e-14
1.317437e-08
1.134062e-11
-6.592578e-14
1.317363e-08
1.08587e-11
-8.078601e-14
1.317288e-08
1.04761e-11
-1.981011e-14
9.769087e-12
-1.243174e-13
1.343726e-08
2.26639e-11
-5.663523e-14
1.343712e-08
2.174344e-11
-5.776676e-14
1.343697e-08
2.085993e-11
-5.839436e-14
1.343681e-08
2.001199e-11
-5.850842e-14
1.343664e-08
1.919811e-11
-5.832481e-14
1.343646e-08
1.841657e-11
-5.744882e-14
1.343627e-08
1.76657e-11
-5.626707e-14
1.343608e-08
1.694431e-11
-5.459673e-14
1.343589e-08
1.625071e-11
-5.264476e-14
1.343569e-08
1.558466e-11
-5.000638e-14
1.343549e-08
1.494508e-11
-4.677762e-14
1.343529e-08
1.433087e-11
-4.268465e-14
1.343509e-08
1.374157e-11
-3.820752e-14
1.343489e-08
1.317596e-11
-3.319216e-14
1.34347e-08
1.263516e-11
-2.790385e-14
1.34345e-08
1.211438e-11
-2.31039e-14
1.343431e-08
1.162608e-11
-1.618829e-14
1.343412e-08
1.113296e-11
-1.64797e-14
1.343393e-08
1.074996e-11
9.275984e-16
1.000094e-11
-2.94132e-14
1.360383e-08
2.159909e-11
-1.17451e-14
1.360495e-08
2.073926e-11
-1.148053e-14
1.360601e-08
1.99129e-11
-1.016428e-14
1.360702e-08
1.911871e-11
-8.828934e-15
1.360797e-08
1.835549e-11
-7.208982e-15
1.360887e-08
1.762173e-11
-4.727567e-15
1.360971e-08
1.691593e-11
-1.990215e-15
1.361051e-08
1.623707e-11
1.057342e-15
1.361127e-08
1.558361e-11
4.1512e-15
1.361199e-08
1.495534e-11
7.886172e-15
1.361266e-08
1.435125e-11
1.211145e-14
1.36133e-08
1.377044e-11
1.741544e-14
1.361391e-08
1.321251e-11
2.259798e-14
1.361448e-08
1.26763e-11
2.875136e-14
1.361502e-08
1.216292e-11
3.292954e-14
1.361553e-08
1.166743e-11
4.060666e-14
1.361602e-08
1.120278e-11
3.810273e-14
1.361648e-08
1.072999e-11
5.584741e-14
1.361693e-08
1.036881e-11
2.513398e-14
9.632331e-12
8.268779e-14
1.371292e-08
1.918071e-11
2.538969e-14
1.37153e-08
1.843149e-11
2.711179e-14
1.371758e-08
1.771054e-11
3.026235e-14
1.371975e-08
1.701685e-11
3.351949e-14
1.372182e-08
1.634937e-11
3.695965e-14
1.37238e-08
1.57069e-11
4.13771e-14
1.372569e-08
1.508821e-11
4.605247e-14
1.372749e-08
1.449246e-11
5.08538e-14
1.372921e-08
1.391836e-11
5.54917e-14
1.373085e-08
1.336576e-11
6.079932e-14
1.373242e-08
1.283378e-11
6.65549e-14
1.373391e-08
1.232177e-11
7.357145e-14
1.373534e-08
1.182951e-11
8.008786e-14
1.373671e-08
1.135588e-11
8.805051e-14
1.373801e-08
1.09019e-11
9.178516e-14
1.373925e-08
1.04629e-11
1.031918e-13
1.374044e-08
1.005116e-11
9.179393e-14
1.374157e-08
9.629725e-12
1.291659e-13
1.374268e-08
9.311675e-12
4.960415e-14
8.642978e-12
2.004907e-13
1.378168e-08
1.55496e-11
5.426183e-14
1.37852e-08
1.495228e-11
5.750615e-14
1.378856e-08
1.437687e-11
6.261266e-14
1.379179e-08
1.382255e-11
6.749984e-14
1.379489e-08
1.328858e-11
7.259658e-14
1.379785e-08
1.277405e-11
7.883255e-14
1.380069e-08
1.227807e-11
8.539839e-14
1.380341e-08
1.180007e-11
9.202039e-14
1.380602e-08
1.133892e-11
9.841677e-14
1.380851e-08
1.08946e-11
1.054468e-13
1.38109e-08
1.046635e-11
1.129569e-13
1.381319e-08
1.005396e-11
1.218255e-13
1.381539e-08
9.657503e-12
1.299942e-13
1.381749e-08
9.275728e-12
1.401549e-13
1.38195e-08
8.909231e-12
1.440818e-13
1.382142e-08
8.554231e-12
1.596256e-13
1.382327e-08
8.221204e-12
1.40482e-13
1.382502e-08
7.878801e-12
1.970665e-13
1.382677e-08
7.622661e-12
7.224573e-14
7.072076e-12
3.126219e-13
1.382287e-08
1.093926e-11
7.477862e-14
1.382731e-08
1.052457e-11
7.925256e-14
1.383157e-08
1.012471e-11
8.584392e-14
1.383566e-08
9.739135e-12
9.22912e-14
1.383959e-08
9.367297e-12
9.898907e-14
1.384336e-08
9.008639e-12
1.071072e-13
1.384699e-08
8.662705e-12
1.157429e-13
1.385046e-08
8.329162e-12
1.242479e-13
1.38538e-08
8.007065e-12
1.323169e-13
1.3857e-08
7.696624e-12
1.407192e-13
1.386007e-08
7.397588e-12
1.496945e-13
1.386302e-08
1.601888e-13
1.386585e-08
1.704299e-13
1.386856e-08
1.832159e-13
1.387117e-08
1.880534e-13
1.387366e-08
2.076557e-13
1.387606e-08
1.823802e-13
1.387833e-08
2.555455e-13
1.38806e-08
9.283027e-14
4.093475e-13
1.384554e-08
5.646062e-12
8.791805e-14
1.385062e-08
5.433992e-12
9.311704e-14
1.385551e-08
5.2293e-12
1.006335e-13
1.38602e-08
5.031706e-12
1.080131e-13
1.386472e-08
4.840914e-12
1.157693e-13
1.386907e-08
4.656933e-12
1.252414e-13
1.387324e-08
4.479869e-12
1.355225e-13
1.387726e-08
4.309282e-12
1.456826e-13
1.388111e-08
4.144427e-12
1.551818e-13
1.388481e-08
1.647115e-13
1.751701e-13
1.385546e-08
2.814043e-15
9.203115e-14
1.386087e-08
3.091397e-15
9.732865e-14
1.386608e-08
3.146077e-15
1.052832e-13
1.387109e-08
3.247974e-15
1.134886e-13
1.387592e-08
3.621553e-15
1.225505e-13
1.388055e-08
1.347237e-13
1.388501e-08
1.483648e-13
1.38893e-08
1.600949e-13
1.696128e-13
1.385546e-08
-5.640608e-12
8.971529e-14
1.386087e-08
-5.427776e-12
9.475348e-14
1.386608e-08
-5.222616e-12
1.024895e-13
1.387109e-08
1.104723e-13
1.196473e-13
1.384553e-08
8.158158e-14
1.385061e-08
8.620897e-14
9.350584e-14
2.073792e-09
6.640963e-13
-2.302716e-13
2.073329e-09
6.347628e-13
-2.191942e-13
2.072887e-09
6.073374e-13
-2.088659e-13
2.072463e-09
5.812415e-13
-1.988409e-13
2.072057e-09
5.563592e-13
-1.892355e-13
2.071669e-09
5.327117e-13
-1.799339e-13
2.071297e-09
5.10129e-13
-1.702819e-13
2.070941e-09
4.885642e-13
-1.604664e-13
2.0706e-09
4.679602e-13
-1.512444e-13
2.070273e-09
4.483209e-13
-1.422221e-13
2.069959e-09
4.298162e-13
-1.333666e-13
2.069656e-09
4.125462e-13
-1.250267e-13
2.069364e-09
3.965097e-13
-1.157256e-13
2.069081e-09
3.820548e-13
-1.076163e-13
2.068806e-09
3.690329e-13
-9.480309e-14
2.068536e-09
3.594324e-13
-9.026195e-14
2.068266e-09
3.505958e-13
-6.014756e-14
2.06799e-09
3.568269e-13
-8.701049e-14
2.067688e-09
3.506055e-13
2.46686e-14
4.614182e-13
-2.199585e-13
5.227061e-09
2.305684e-12
-4.062155e-13
5.225783e-09
2.203634e-12
-3.855499e-13
5.224561e-09
2.107059e-12
-3.669022e-13
5.223393e-09
2.015209e-12
-3.486325e-13
5.222276e-09
1.927652e-12
-3.31324e-13
5.221208e-09
1.84425e-12
-3.149866e-13
5.220188e-09
1.764654e-12
-2.983413e-13
5.219212e-09
1.688684e-12
-2.810024e-13
5.21828e-09
1.61617e-12
-2.636387e-13
5.217387e-09
1.547104e-12
-2.464543e-13
5.216532e-09
1.481664e-12
-2.298216e-13
5.215712e-09
1.420023e-12
-2.141749e-13
5.214925e-09
1.362257e-12
-1.974877e-13
5.214168e-09
1.308817e-12
-1.822866e-13
5.213438e-09
1.259794e-12
-1.612768e-13
5.212734e-09
1.217433e-12
-1.507014e-13
5.212046e-09
1.179251e-12
-1.075537e-13
5.211383e-09
1.161092e-12
-1.37254e-13
5.210702e-09
1.130244e-12
1.248576e-14
1.244718e-12
-2.839402e-13
7.595324e-09
4.755739e-12
-5.437474e-13
7.593326e-09
4.545694e-12
-5.190735e-13
7.591416e-09
4.345873e-12
-4.966281e-13
7.58959e-09
4.155509e-12
-4.743241e-13
7.587844e-09
3.973917e-12
-4.528747e-13
7.586175e-09
3.800685e-12
-4.328405e-13
7.584581e-09
3.635294e-12
-4.126976e-13
7.583058e-09
3.477398e-12
-3.916644e-13
7.581604e-09
3.326659e-12
-3.700432e-13
7.580213e-09
3.183026e-12
-3.481678e-13
7.578882e-09
3.046542e-12
-3.266619e-13
7.577609e-09
2.917302e-12
-3.064189e-13
7.576389e-09
2.795399e-12
-2.851644e-13
7.57522e-09
2.68125e-12
-2.655772e-13
7.574099e-09
2.575045e-12
-2.398429e-13
7.573023e-09
2.478774e-12
-2.255077e-13
7.571984e-09
2.390112e-12
-1.752354e-13
7.570997e-09
2.322889e-12
-2.053991e-13
7.570007e-09
2.243149e-12
-2.982826e-14
2.28956e-12
-3.310195e-13
9.358661e-09
7.839375e-12
-6.076209e-13
9.356076e-09
7.49455e-12
-5.835161e-13
9.353603e-09
7.165739e-12
-5.619497e-13
9.351238e-09
6.852108e-12
-5.401359e-13
9.348977e-09
6.552708e-12
-5.1889e-13
9.346814e-09
6.2668e-12
-4.991107e-13
9.344747e-09
5.993657e-12
-4.792928e-13
9.342773e-09
5.732727e-12
-4.585094e-13
9.340886e-09
5.483457e-12
-4.368661e-13
9.339082e-09
5.245717e-12
-4.144586e-13
9.337358e-09
5.019335e-12
-3.920152e-13
9.335708e-09
4.804221e-12
-3.70718e-13
9.33413e-09
4.600387e-12
-3.48248e-13
9.33262e-09
4.408081e-12
-3.274021e-13
9.331174e-09
4.227511e-12
-3.001286e-13
9.329792e-09
4.060041e-12
-2.85074e-13
9.328463e-09
3.904114e-12
-2.315766e-13
9.327208e-09
3.769282e-12
-2.664349e-13
9.325954e-09
3.629605e-12
-7.2364e-14
3.567131e-12
-3.966187e-13
1.066253e-08
1.132342e-11
-6.334431e-13
1.065956e-08
1.082862e-11
-6.111923e-13
1.065672e-08
1.035626e-11
-5.91717e-13
1.0654e-08
9.905274e-12
-5.720563e-13
1.06514e-08
9.474494e-12
-5.527527e-13
1.064891e-08
9.062825e-12
-5.347868e-13
1.064653e-08
8.669269e-12
-5.168567e-13
1.064425e-08
8.293049e-12
-4.979912e-13
1.064207e-08
7.933355e-12
-4.782e-13
1.063999e-08
7.589913e-12
-4.574282e-13
1.0638e-08
7.262336e-12
-4.362288e-13
1.063609e-08
6.950282e-12
-4.159033e-13
1.063427e-08
6.653618e-12
-3.942232e-13
1.063252e-08
6.372329e-12
-3.739913e-13
1.063085e-08
6.106645e-12
-3.471369e-13
1.062926e-08
5.857028e-12
-3.328347e-13
1.062773e-08
5.623468e-12
-2.786002e-13
1.062628e-08
5.409195e-12
-3.179058e-13
1.062484e-08
5.205463e-12
-1.131976e-13
5.008677e-12
-4.576413e-13
1.16199e-08
1.489036e-11
-6.098038e-13
1.161684e-08
1.424593e-11
-5.905702e-13
1.16139e-08
1.36302e-11
-5.741254e-13
1.161109e-08
1.304189e-11
-5.574204e-13
1.160839e-08
1.247959e-11
-5.410156e-13
1.160581e-08
1.194186e-11
-5.257706e-13
1.160333e-08
1.142743e-11
-5.106143e-13
1.160096e-08
1.093528e-11
-4.94713e-13
1.159869e-08
1.046433e-11
-4.780483e-13
1.159651e-08
1.001417e-11
-4.603561e-13
1.159443e-08
9.584183e-12
-4.420551e-13
1.159244e-08
9.17377e-12
-4.243093e-13
1.159053e-08
8.782644e-12
-4.051413e-13
1.15887e-08
8.410475e-12
-3.871958e-13
1.158696e-08
8.057567e-12
-3.628298e-13
1.158529e-08
7.723299e-12
-3.506923e-13
1.158368e-08
7.4099e-12
-2.994693e-13
1.158217e-08
7.112626e-12
-3.414992e-13
1.158066e-08
6.846921e-12
-1.397385e-13
6.504153e-12
-4.877208e-13
1.231671e-08
1.816296e-11
-5.476541e-13
1.23139e-08
1.738695e-11
-5.316279e-13
1.231119e-08
1.664485e-11
-5.180227e-13
1.230859e-08
1.593514e-11
-5.044098e-13
1.23061e-08
1.525629e-11
-4.910496e-13
1.23037e-08
1.460662e-11
-4.78553e-13
1.230141e-08
1.398461e-11
-4.662008e-13
1.22992e-08
1.338904e-11
-4.532608e-13
1.229708e-08
1.281862e-11
-4.397475e-13
1.229505e-08
1.227276e-11
-4.25409e-13
1.229311e-08
1.175066e-11
-4.10449e-13
1.229124e-08
1.125151e-11
-3.957512e-13
1.228945e-08
1.077489e-11
-3.797466e-13
1.228773e-08
1.032017e-11
-3.646957e-13
1.228609e-08
9.887762e-12
-3.43967e-13
1.228452e-08
9.475914e-12
-3.342053e-13
1.2283e-08
9.089472e-12
-2.893406e-13
1.228158e-08
8.714863e-12
-3.296391e-13
1.228015e-08
8.395184e-12
-1.470967e-13
7.909875e-12
-4.696147e-13
1.281791e-08
2.075371e-11
-4.552632e-13
1.281569e-08
1.988087e-11
-4.427382e-13
1.281356e-08
1.904532e-11
-4.319656e-13
1.281151e-08
1.824547e-11
-4.210699e-13
1.280953e-08
1.747967e-11
-4.104158e-13
1.280762e-08
1.674611e-11
-4.002732e-13
1.280579e-08
1.604315e-11
-3.902572e-13
1.280402e-08
1.536942e-11
-3.798555e-13
1.280233e-08
1.47235e-11
-3.691178e-13
1.280069e-08
1.410467e-11
-3.577337e-13
1.279912e-08
1.351203e-11
-3.458379e-13
1.279761e-08
1.294462e-11
-3.339231e-13
1.279616e-08
1.24019e-11
-3.209788e-13
1.279476e-08
1.188301e-11
-3.086551e-13
1.279342e-08
1.138852e-11
-2.919982e-13
1.279214e-08
1.091559e-11
-2.839674e-13
1.27909e-08
1.047169e-11
-2.484207e-13
1.278973e-08
1.003465e-11
-2.809854e-13
1.278856e-08
9.674595e-12
-1.353603e-13
9.066503e-12
-3.967465e-13
1.317272e-08
2.232374e-11
-3.478095e-13
1.317143e-08
2.140172e-11
-3.384218e-13
1.317017e-08
2.051808e-11
-3.298098e-13
1.316896e-08
1.967116e-11
-3.212706e-13
1.316778e-08
1.885942e-11
-3.128581e-13
1.316663e-08
1.808103e-11
-3.044816e-13
1.316552e-08
1.733433e-11
-2.961693e-13
1.316445e-08
1.661793e-11
-2.875512e-13
1.316341e-08
1.593037e-11
-2.787436e-13
1.316241e-08
1.527085e-11
-2.695511e-13
1.316144e-08
1.463844e-11
-2.599928e-13
1.31605e-08
1.403211e-11
-2.50137e-13
1.315959e-08
1.34513e-11
-2.396405e-13
1.315871e-08
1.289497e-11
-2.293113e-13
1.315787e-08
1.236387e-11
-2.165091e-13
1.315706e-08
1.185428e-11
-2.088402e-13
1.315627e-08
1.137586e-11
-1.846998e-13
1.315553e-08
1.089929e-11
-2.026513e-13
1.315478e-08
1.05171e-11
-1.103235e-13
9.821313e-12
-2.733521e-13
1.341879e-08
2.263277e-11
-2.380064e-13
1.341865e-08
2.171605e-11
-2.313992e-13
1.341849e-08
2.083637e-11
-2.245332e-13
1.341833e-08
1.999223e-11
-2.175403e-13
1.341816e-08
1.918215e-11
-2.105966e-13
1.341798e-08
1.840445e-11
-2.032431e-13
1.34178e-08
1.765757e-11
-1.958298e-13
1.341761e-08
1.694017e-11
-1.882148e-13
1.341742e-08
1.625085e-11
-1.805541e-13
1.341722e-08
1.558885e-11
-1.726289e-13
1.341703e-08
1.495324e-11
-1.644858e-13
1.341683e-08
1.434305e-11
-1.557452e-13
1.341663e-08
1.375776e-11
-1.467892e-13
1.341643e-08
1.319624e-11
-1.374383e-13
1.341624e-08
1.265936e-11
-1.278741e-13
1.341604e-08
1.214285e-11
-1.189699e-13
1.341585e-08
1.165782e-11
-1.075097e-13
1.341567e-08
1.117024e-11
-1.045905e-13
1.341548e-08
1.078714e-11
-7.873488e-14
1.005053e-11
-1.111431e-13
1.35851e-08
2.156873e-11
-1.367208e-13
1.358623e-08
2.071229e-11
-1.320828e-13
1.358729e-08
1.988939e-11
-1.26108e-13
1.35883e-08
1.909868e-11
-1.20155e-13
1.358925e-08
1.833893e-11
-1.141021e-13
1.359014e-08
1.760866e-11
-1.071774e-13
1.359099e-08
1.690651e-11
-1.00082e-13
1.35918e-08
1.623129e-11
-9.273761e-14
1.359255e-08
1.558175e-11
-8.537211e-14
1.359327e-08
1.495718e-11
-7.788983e-14
1.359395e-08
1.435675e-11
-7.030734e-14
1.359459e-08
1.377963e-11
-6.184554e-14
1.35952e-08
1.322541e-11
-5.359166e-14
1.359578e-08
1.269297e-11
-4.427784e-14
1.359632e-08
1.218323e-11
-3.721414e-14
1.359684e-08
1.169174e-11
-2.562057e-14
1.359733e-08
1.123006e-11
-2.716281e-14
1.35978e-08
1.076263e-11
1.315749e-15
1.359825e-08
1.040096e-11
-4.711821e-14
9.677043e-12
7.330837e-14
1.369405e-08
1.915332e-11
-5.041447e-14
1.369643e-08
1.8407e-11
-4.714858e-14
1.36987e-08
1.768902e-11
-4.163485e-14
1.370087e-08
1.699828e-11
-3.597838e-14
1.370294e-08
1.633377e-11
-3.013327e-14
1.370492e-08
1.569429e-11
-2.303576e-14
1.370681e-08
1.507872e-11
-1.563026e-14
1.370861e-08
1.448611e-11
-7.968298e-15
1.371033e-08
1.391537e-11
-3.013499e-16
1.371198e-08
1.336596e-11
7.434134e-15
1.371355e-08
1.283713e-11
1.522171e-14
1.371505e-08
1.23283e-11
2.412783e-14
1.371648e-08
1.183925e-11
3.249038e-14
1.371785e-08
1.136892e-11
4.261231e-14
1.371916e-08
1.091809e-11
4.798357e-14
1.372041e-08
1.04826e-11
6.329184e-14
1.372161e-08
1.00734e-11
4.928491e-14
1.372274e-08
9.656778e-12
1.053949e-13
1.372387e-08
9.338027e-12
-1.893057e-14
8.68097e-12
2.622786e-13
1.376271e-08
1.552716e-11
1.793128e-14
1.376622e-08
1.493211e-11
2.050326e-14
1.376959e-08
1.435901e-11
2.609403e-14
1.377282e-08
1.380702e-11
3.17275e-14
1.377591e-08
1.327539e-11
3.767232e-14
1.377887e-08
1.276323e-11
4.522158e-14
1.378172e-08
1.226974e-11
5.321879e-14
1.378444e-08
1.179423e-11
6.154739e-14
1.378704e-08
1.133574e-11
6.999653e-14
1.378954e-08
1.089394e-11
7.841478e-14
1.379194e-08
1.046819e-11
8.697281e-14
1.379423e-08
1.005833e-11
9.677107e-14
1.379643e-08
9.664453e-12
1.057089e-13
1.379854e-08
9.285343e-12
1.171364e-13
1.380056e-08
8.921395e-12
1.216056e-13
1.380249e-08
8.56922e-12
1.411582e-13
1.380435e-08
8.238181e-12
1.16163e-13
1.38061e-08
7.899692e-12
1.991897e-13
1.380787e-08
7.642812e-12
4.263023e-15
7.101918e-12
4.385706e-13
1.380385e-08
1.092332e-11
6.749117e-14
1.380828e-08
1.051017e-11
6.972475e-14
1.381254e-08
1.011189e-11
7.552912e-14
1.381663e-08
9.727921e-12
8.1478e-14
1.382056e-08
9.35771e-12
8.789541e-14
1.382433e-08
9.000732e-12
9.631319e-14
1.382795e-08
8.656572e-12
1.054521e-13
1.383143e-08
8.324781e-12
1.148555e-13
1.383477e-08
8.004524e-12
1.242887e-13
1.383798e-08
7.695814e-12
1.333399e-13
1.384105e-08
7.398546e-12
1.427231e-13
1.3844e-08
1.535603e-13
1.384684e-08
1.637439e-13
1.384956e-08
1.770358e-13
1.385217e-08
1.814269e-13
1.385467e-08
2.050692e-13
1.385708e-08
1.71213e-13
1.385936e-08
2.773931e-13
1.386166e-08
2.323225e-14
5.874579e-13
1.382649e-08
5.637655e-12
9.929916e-14
1.383157e-08
5.426353e-12
1.012627e-13
1.383645e-08
5.222473e-12
1.073279e-13
1.384115e-08
5.025706e-12
1.134565e-13
1.384566e-08
4.835775e-12
1.202464e-13
1.385001e-08
4.652684e-12
1.293545e-13
1.385418e-08
4.47655e-12
1.394035e-13
1.38582e-08
4.306889e-12
1.497559e-13
1.386205e-08
4.143012e-12
1.603137e-13
1.386576e-08
1.703016e-13
1.813298e-13
1.38364e-08
2.571165e-15
1.129329e-13
1.384181e-08
2.838496e-15
1.147759e-13
1.384701e-08
2.890487e-15
1.20656e-13
1.385202e-08
2.995594e-15
1.271751e-13
1.385684e-08
3.382272e-15
1.348875e-13
1.386148e-08
1.460852e-13
1.386594e-08
1.587288e-13
1.387023e-08
1.703283e-13
1.811891e-13
1.38364e-08
-5.63262e-12
1.109544e-13
1.384181e-08
-5.420582e-12
1.124906e-13
1.384701e-08
-5.216216e-12
1.182848e-13
1.385202e-08
1.247094e-13
1.329208e-13
1.382648e-08
9.400526e-14
1.383155e-08
9.562078e-14
1.016139e-13
2.062599e-09
6.540008e-13
-4.022967e-13
2.062138e-09
6.253178e-13
-3.835488e-13
2.061697e-09
5.984896e-13
-3.658669e-13
2.061274e-09
5.729901e-13
-3.489333e-13
2.060869e-09
5.486777e-13
-3.328908e-13
2.060481e-09
5.255678e-13
-3.172894e-13
2.060109e-09
5.035204e-13
-3.019679e-13
2.059753e-09
4.824905e-13
-2.869532e-13
2.059412e-09
4.62435e-13
-2.723068e-13
2.059084e-09
4.433271e-13
-2.578038e-13
2.058769e-09
4.253218e-13
-2.436857e-13
2.058466e-09
4.085225e-13
-2.30166e-13
2.058173e-09
3.92953e-13
-2.159324e-13
2.057889e-09
3.789382e-13
-2.028878e-13
2.057613e-09
3.663971e-13
-1.850767e-13
2.057341e-09
3.571526e-13
-1.755942e-13
2.057071e-09
3.490242e-13
-1.387454e-13
2.056791e-09
3.551075e-13
-1.627392e-13
2.056492e-09
3.505954e-13
-2.592602e-14
4.60036e-13
-3.232028e-13
5.194694e-09
2.273682e-12
-6.953429e-13
5.193421e-09
2.173727e-12
-6.611527e-13
5.192204e-09
2.079129e-12
-6.300783e-13
5.191039e-09
1.989213e-12
-6.002305e-13
5.189925e-09
1.903518e-12
-5.720533e-13
5.188859e-09
1.821894e-12
-5.453695e-13
5.18784e-09
1.744049e-12
-5.192691e-13
5.186865e-09
1.669804e-12
-4.93339e-13
5.185932e-09
1.599012e-12
-4.674761e-13
5.185039e-09
1.531613e-12
-4.41491e-13
5.184183e-09
1.467765e-12
-4.161324e-13
5.183362e-09
1.407646e-12
-3.918895e-13
5.182573e-09
1.351364e-12
-3.669874e-13
5.181814e-09
1.299352e-12
-3.436868e-13
5.181082e-09
1.251778e-12
-3.145438e-13
5.180374e-09
1.210702e-12
-2.961651e-13
5.179684e-09
1.174223e-12
-2.427571e-13
5.179015e-09
1.156644e-12
-2.695777e-13
5.178334e-09
1.129406e-12
-8.515997e-14
1.240159e-12
-4.562588e-13
7.544676e-09
4.691025e-12
-8.837107e-13
7.542688e-09
4.485135e-12
-8.426746e-13
7.540787e-09
4.289291e-12
-8.05309e-13
7.538968e-09
4.102787e-12
-7.69204e-13
7.537229e-09
3.92492e-12
-7.348875e-13
7.535565e-09
3.755273e-12
-7.026638e-13
7.533975e-09
3.593391e-12
-6.714118e-13
7.532455e-09
3.438918e-12
-6.404157e-13
7.531001e-09
3.291563e-12
-6.092402e-13
7.529611e-09
3.151195e-12
-5.775102e-13
7.528281e-09
3.017849e-12
-5.461425e-13
7.527007e-09
2.891632e-12
-5.161024e-13
7.525786e-09
2.772666e-12
-4.855096e-13
7.524615e-09
2.66136e-12
-4.568131e-13
7.523491e-09
2.557963e-12
-4.220097e-13
7.522412e-09
2.464317e-12
-3.993114e-13
7.52137e-09
2.378603e-12
-3.376432e-13
7.520375e-09
2.313243e-12
-3.670892e-13
7.519386e-09
2.238278e-12
-1.494204e-13
2.282223e-12
-5.423374e-13
9.293197e-09
7.734229e-12
-9.669076e-13
9.290628e-09
7.395984e-12
-9.249527e-13
9.288169e-09
7.073507e-12
-8.871884e-13
9.285816e-09
6.765997e-12
-8.505194e-13
9.283565e-09
6.47251e-12
-8.154989e-13
9.281412e-09
6.192321e-12
-7.826972e-13
9.279353e-09
5.924758e-12
-7.51036e-13
9.277384e-09
5.669256e-12
-7.197046e-13
9.275501e-09
5.425331e-12
-6.881144e-13
9.273701e-09
5.192737e-12
-6.55635e-13
9.271979e-09
4.971314e-12
-6.231162e-13
9.270331e-09
4.761002e-12
-5.917809e-13
9.268753e-09
4.561829e-12
-5.597793e-13
9.267243e-09
4.374049e-12
-5.297323e-13
9.265797e-09
4.197899e-12
-4.933708e-13
9.264412e-09
4.03466e-12
-4.702919e-13
9.263081e-09
3.883085e-12
-4.052698e-13
9.261819e-09
3.751784e-12
-4.421481e-13
9.260567e-09
3.617566e-12
-2.000903e-13
3.555698e-12
-6.335385e-13
1.058555e-08
1.117211e-11
-9.961693e-13
1.058261e-08
1.068648e-11
-9.554423e-13
1.057979e-08
1.022296e-11
-9.19256e-13
1.057708e-08
9.780519e-12
-8.842666e-13
1.05745e-08
9.357991e-12
-8.50816e-13
1.057202e-08
8.954313e-12
-8.195211e-13
1.056965e-08
8.568549e-12
-7.894415e-13
1.056738e-08
8.199899e-12
-7.597517e-13
1.056521e-08
7.84764e-12
-7.29873e-13
1.056313e-08
7.51136e-12
-6.99057e-13
1.056114e-08
7.190693e-12
-6.679138e-13
1.055924e-08
6.885343e-12
-6.377053e-13
1.055742e-08
6.595191e-12
-6.06674e-13
1.055568e-08
6.320241e-12
-5.774929e-13
1.055401e-08
6.060713e-12
-5.418412e-13
1.055242e-08
5.817087e-12
-5.200534e-13
1.055088e-08
5.589362e-12
-4.544439e-13
1.054944e-08
5.38061e-12
-4.978911e-13
1.0548e-08
5.182709e-12
-2.4101e-13
4.990944e-12
-7.06682e-13
1.153424e-08
1.469158e-11
-9.600324e-13
1.15312e-08
1.40588e-11
-9.227517e-13
1.152828e-08
1.345433e-11
-8.899569e-13
1.152548e-08
1.287688e-11
-8.582857e-13
1.15228e-08
1.232505e-11
-8.280629e-13
1.152024e-08
1.179748e-11
-7.997999e-13
1.151777e-08
1.129295e-11
-7.72756e-13
1.151541e-08
1.081041e-11
-7.46184e-13
1.151315e-08
1.03489e-11
-7.195765e-13
1.151099e-08
9.907834e-12
-6.921762e-13
1.150892e-08
9.486627e-12
-6.643663e-13
1.150693e-08
9.084748e-12
-6.37236e-13
1.150503e-08
8.701911e-12
-6.092119e-13
1.150321e-08
8.337833e-12
-5.828482e-13
1.150146e-08
7.992754e-12
-5.502259e-13
1.149979e-08
7.666205e-12
-5.312537e-13
1.149819e-08
7.360044e-12
-4.691796e-13
1.149668e-08
7.070391e-12
-5.165104e-13
1.149517e-08
6.810546e-12
-2.617965e-13
6.477947e-12
-7.332855e-13
1.222464e-08
1.792055e-11
-8.690335e-13
1.222185e-08
1.715827e-11
-8.365639e-13
1.221916e-08
1.642945e-11
-8.080039e-13
1.221658e-08
1.573256e-11
-7.805922e-13
1.22141e-08
1.506607e-11
-7.544716e-13
1.221173e-08
1.442838e-11
-7.299686e-13
1.220944e-08
1.381804e-11
-7.065828e-13
1.220725e-08
1.323381e-11
-6.836467e-13
1.220514e-08
1.267451e-11
-6.608203e-13
1.220312e-08
1.213937e-11
-6.37485e-13
1.220119e-08
1.162765e-11
-6.138141e-13
1.219933e-08
1.113859e-11
-5.905953e-13
1.219754e-08
1.067177e-11
-5.665519e-13
1.219583e-08
1.022664e-11
-5.438913e-13
1.21942e-08
9.803493e-12
-5.156961e-13
1.219263e-08
9.400875e-12
-4.998263e-13
1.219112e-08
9.022842e-12
-4.45095e-13
1.218969e-08
8.657829e-12
-4.905881e-13
1.218827e-08
8.343717e-12
-2.589535e-13
7.873858e-12
-6.945463e-13
1.272122e-08
2.047699e-11
-7.336718e-13
1.271902e-08
1.961931e-11
-7.072472e-13
1.27169e-08
1.879845e-11
-6.837093e-13
1.271486e-08
1.801274e-11
-6.610177e-13
1.27129e-08
1.72606e-11
-6.39372e-13
1.271101e-08
1.654029e-11
-6.188646e-13
1.270918e-08
1.585022e-11
-5.992669e-13
1.270743e-08
1.518903e-11
-5.800523e-13
1.270574e-08
1.455541e-11
-5.610429e-13
1.270411e-08
1.394846e-11
-5.417738e-13
1.270255e-08
1.336731e-11
-5.223143e-13
1.270105e-08
1.281108e-11
-5.030826e-13
1.26996e-08
1.227924e-11
-4.8322e-13
1.269821e-08
1.1771e-11
-4.643542e-13
1.269688e-08
1.128679e-11
-4.412609e-13
1.26956e-08
1.08242e-11
-4.279043e-13
1.269437e-08
1.038951e-11
-3.839914e-13
1.26932e-08
9.963666e-12
-4.202345e-13
1.269204e-08
9.608611e-12
-2.346398e-13
9.020719e-12
-5.84565e-13
1.307278e-08
2.202667e-11
-5.741189e-13
1.30715e-08
2.11204e-11
-5.54027e-13
1.307025e-08
2.025203e-11
-5.354392e-13
1.306904e-08
1.941984e-11
-5.175179e-13
1.306787e-08
1.862232e-11
-5.002958e-13
1.306673e-08
1.785773e-11
-4.836137e-13
1.306562e-08
1.712446e-11
-4.675237e-13
1.306456e-08
1.642113e-11
-4.516275e-13
1.306352e-08
1.574638e-11
-4.359538e-13
1.306252e-08
1.509926e-11
-4.202488e-13
1.306156e-08
1.447885e-11
-4.045109e-13
1.306062e-08
1.388422e-11
-3.887592e-13
1.305972e-08
1.33148e-11
-3.726532e-13
1.305885e-08
1.276965e-11
-3.570093e-13
1.305801e-08
1.224931e-11
-3.389606e-13
1.30572e-08
1.175064e-11
-3.267423e-13
1.305642e-08
1.128176e-11
-2.962004e-13
1.305568e-08
1.08174e-11
-3.149204e-13
1.305493e-08
1.043944e-11
-1.968413e-13
9.767427e-12
-4.102973e-13
1.331664e-08
2.233246e-11
-4.091582e-13
1.331649e-08
2.143119e-11
-3.951728e-13
1.331633e-08
2.056649e-11
-3.812028e-13
1.331616e-08
1.97368e-11
-3.67475e-13
1.331599e-08
1.894069e-11
-3.540899e-13
1.331581e-08
1.817655e-11
-3.40627e-13
1.331562e-08
1.744288e-11
-3.274172e-13
1.331543e-08
1.673833e-11
-3.142101e-13
1.331523e-08
1.606163e-11
-3.01183e-13
1.331504e-08
1.541185e-11
-2.882423e-13
1.331484e-08
1.478809e-11
-2.75393e-13
1.331464e-08
1.418946e-11
-2.622562e-13
1.331444e-08
1.361542e-11
-2.490751e-13
1.331424e-08
1.306497e-11
-2.356896e-13
1.331405e-08
1.253874e-11
-2.221345e-13
1.331386e-08
1.203312e-11
-2.093866e-13
1.331367e-08
1.155745e-11
-1.938169e-13
1.331349e-08
1.108237e-11
-1.875393e-13
1.33133e-08
1.070264e-11
-1.542677e-13
9.991701e-12
-1.878194e-13
1.348149e-08
2.128356e-11
-2.55271e-13
1.34826e-08
2.044136e-11
-2.464053e-13
1.348364e-08
1.963229e-11
-2.360935e-13
1.348463e-08
1.885494e-11
-2.258241e-13
1.348556e-08
1.810812e-11
-2.155357e-13
1.348645e-08
1.739041e-11
-2.045885e-13
1.348728e-08
1.670049e-11
-1.935498e-13
1.348807e-08
1.60372e-11
-1.822377e-13
1.348882e-08
1.539936e-11
-1.71004e-13
1.348953e-08
1.478615e-11
-1.599382e-13
1.34902e-08
1.419675e-11
-1.490475e-13
1.349083e-08
1.36304e-11
-1.376014e-13
1.349143e-08
1.308666e-11
-1.264319e-13
1.3492e-08
1.256457e-11
-1.14291e-13
1.349254e-08
1.206476e-11
-1.044417e-13
1.349306e-08
1.158349e-11
-8.958307e-14
1.349355e-08
1.113049e-11
-8.945175e-14
1.349401e-08
1.067504e-11
-5.26437e-14
1.349446e-08
1.031591e-11
-1.146147e-13
9.61757e-12
6.101885e-14
1.358951e-08
1.890102e-11
-1.230446e-13
1.359186e-08
1.816698e-11
-1.181961e-13
1.35941e-08
1.746093e-11
-1.106429e-13
1.359624e-08
1.678174e-11
-1.027989e-13
1.359828e-08
1.61284e-11
-9.463355e-14
1.360023e-08
1.54998e-11
-8.531631e-14
1.36021e-08
1.489483e-11
-7.559105e-14
1.360388e-08
1.431257e-11
-6.537395e-14
1.360558e-08
1.3752e-11
-5.512425e-14
1.360721e-08
1.321245e-11
-4.506192e-14
1.360876e-08
1.269323e-11
-3.518468e-14
1.361025e-08
1.219377e-11
-2.451241e-14
1.361167e-08
1.171386e-11
-1.439903e-14
1.361302e-08
1.125256e-11
-2.51035e-15
1.361432e-08
1.081041e-11
4.563542e-15
1.361556e-08
1.038389e-11
2.270696e-14
1.361675e-08
9.982218e-12
7.947855e-15
1.361788e-08
9.576263e-12
7.774063e-14
1.3619e-08
9.25931e-12
-8.178645e-14
8.625688e-12
3.129218e-13
1.365762e-08
1.532331e-11
-1.778401e-14
1.366109e-08
1.473796e-11
-1.571671e-14
1.366441e-08
1.41743e-11
-9.919047e-15
1.36676e-08
1.363146e-11
-3.71479e-15
1.367065e-08
1.31087e-11
3.065087e-15
1.367358e-08
1.260518e-11
1.140465e-14
1.367639e-08
1.212013e-11
2.044639e-14
1.367908e-08
1.165285e-11
3.020436e-14
1.368166e-08
1.120247e-11
4.017783e-14
1.368413e-08
1.076853e-11
4.995004e-14
1.36865e-08
1.035047e-11
5.967076e-14
1.368877e-08
9.948075e-12
7.031239e-14
1.369095e-08
9.561464e-12
8.000338e-14
1.369303e-08
9.189591e-12
9.225791e-14
1.369504e-08
8.832626e-12
9.749435e-14
1.369695e-08
8.487662e-12
1.195817e-13
1.36988e-08
8.162613e-12
9.168365e-14
1.370055e-08
7.832782e-12
1.936024e-13
1.370229e-08
7.577073e-12
-5.681243e-14
7.055578e-12
5.457675e-13
1.369845e-08
1.078025e-11
5.888558e-14
1.370282e-08
1.037378e-11
5.915215e-14
1.370703e-08
9.982026e-12
6.391909e-14
1.371107e-08
9.604373e-12
6.925932e-14
1.371495e-08
9.240318e-12
7.543288e-14
1.371868e-08
8.889355e-12
8.361788e-14
1.372226e-08
8.551086e-12
9.28467e-14
1.37257e-08
8.225031e-12
1.028448e-13
1.3729e-08
7.910431e-12
1.130901e-13
1.373217e-08
7.607164e-12
1.22833e-13
1.373522e-08
7.315193e-12
1.32727e-13
1.373814e-08
1.438362e-13
1.374095e-08
1.539692e-13
1.374364e-08
1.672908e-13
1.374623e-08
1.715905e-13
1.374872e-08
1.974832e-13
1.375111e-08
1.589023e-13
1.375338e-08
2.884322e-13
1.375564e-08
-3.826185e-14
7.404835e-13
1.372093e-08
5.563825e-12
1.083242e-13
1.372594e-08
5.355928e-12
1.075228e-13
1.373076e-08
5.155358e-12
1.11609e-13
1.37354e-08
4.961831e-12
1.164189e-13
1.373987e-08
4.775084e-12
1.223096e-13
1.374416e-08
4.595078e-12
1.305159e-13
1.374829e-08
4.421915e-12
1.399191e-13
1.375226e-08
4.255176e-12
1.50219e-13
1.375607e-08
4.094205e-12
1.61144e-13
1.375974e-08
1.716156e-13
1.831283e-13
1.373078e-08
2.330049e-15
1.309581e-13
1.373612e-08
2.584954e-15
1.294348e-13
1.374126e-08
2.656992e-15
1.331743e-13
1.37462e-08
2.757711e-15
1.379262e-13
1.375097e-08
3.122714e-15
1.44315e-13
1.375555e-08
1.539716e-13
1.375996e-08
1.652749e-13
1.37642e-08
1.764541e-13
1.877997e-13
1.373078e-08
-5.559225e-12
1.293549e-13
1.373611e-08
-5.350618e-12
1.275191e-13
1.374125e-08
-5.149562e-12
1.312237e-13
1.37462e-08
1.359831e-13
1.43062e-13
1.372092e-08
1.041265e-13
1.372593e-08
1.028303e-13
1.072294e-13
5.265011e-09
1.861429e-12
-9.238119e-13
5.263639e-09
1.791865e-12
-8.861638e-13
5.262316e-09
1.725231e-12
-8.503034e-13
5.26104e-09
1.661628e-12
-8.162596e-13
5.259809e-09
1.600834e-12
-7.836747e-13
5.258621e-09
1.542617e-12
-7.524867e-13
5.257476e-09
1.48687e-12
-7.224561e-13
5.256371e-09
1.433403e-12
-6.934153e-13
1.382069e-12
-6.655915e-13
5.255304e-09
1.322725e-08
6.567711e-12
-1.612188e-12
1.322346e-08
6.321479e-12
-1.545599e-12
1.321981e-08
6.08563e-12
-1.482073e-12
1.321629e-08
5.859988e-12
-1.422057e-12
1.32129e-08
5.644017e-12
-1.365065e-12
1.320962e-08
5.437093e-12
-1.310689e-12
1.320647e-08
5.238703e-12
-1.258548e-12
1.320343e-08
5.048309e-12
-1.208096e-12
4.865785e-12
-1.159352e-12
1.32005e-08
1.918341e-08
1.358328e-11
-1.929311e-12
1.917751e-08
1.307271e-11
-1.848922e-12
1.917182e-08
1.258398e-11
-1.772221e-12
1.916633e-08
1.21161e-11
-1.700003e-12
1.916105e-08
1.166802e-11
-1.631855e-12
1.915595e-08
1.123859e-11
-1.567249e-12
1.915104e-08
1.082685e-11
-1.505671e-12
1.91463e-08
1.043179e-11
-1.446388e-12
1.005295e-11
-1.389229e-12
1.914173e-08
2.360588e-08
2.241654e-11
-2.067205e-12
2.359828e-08
2.157415e-11
-1.980318e-12
2.359096e-08
2.076804e-11
-1.897506e-12
2.358389e-08
1.999619e-11
-1.819722e-12
2.357709e-08
1.925674e-11
-1.746693e-12
2.357052e-08
1.854794e-11
-1.677809e-12
2.356419e-08
1.786816e-11
-1.612583e-12
2.355809e-08
1.72159e-11
-1.550185e-12
1.659012e-11
-1.490429e-12
2.35522e-08
2.686835e-08
3.235218e-11
-2.099741e-12
2.68597e-08
3.114177e-11
-2.011304e-12
2.685135e-08
2.998334e-11
-1.927103e-12
2.68433e-08
2.887382e-11
-1.848071e-12
2.683553e-08
2.781051e-11
-1.774027e-12
2.682804e-08
2.679093e-11
-1.704422e-12
2.682081e-08
2.58128e-11
-1.638762e-12
2.681384e-08
2.487399e-11
-1.57626e-12
2.397274e-11
-1.516818e-12
2.680711e-08
2.925668e-08
4.243532e-11
-2.015607e-12
2.924784e-08
4.086213e-11
-1.931418e-12
2.923931e-08
3.935572e-11
-1.851274e-12
2.923107e-08
3.791211e-11
-1.775973e-12
2.922311e-08
3.652782e-11
-1.705453e-12
2.921543e-08
3.519977e-11
-1.639191e-12
2.920801e-08
3.392502e-11
-1.57681e-12
2.920085e-08
3.270088e-11
-1.517593e-12
3.152483e-11
-1.461542e-12
2.919393e-08
3.098651e-08
5.155132e-11
-1.822958e-12
3.097851e-08
4.966661e-11
-1.748428e-12
3.097077e-08
4.786029e-11
-1.677414e-12
3.096329e-08
4.612782e-11
-1.610534e-12
3.095605e-08
4.446518e-11
-1.547761e-12
3.094905e-08
4.28688e-11
-1.488725e-12
3.094227e-08
4.13353e-11
-1.433098e-12
3.093572e-08
3.986158e-11
-1.380307e-12
3.844447e-11
-1.330441e-12
3.092938e-08
3.222064e-08
5.859231e-11
-1.542522e-12
3.221451e-08
5.648892e-11
-1.481721e-12
3.220857e-08
5.447064e-11
-1.423655e-12
3.220279e-08
5.253271e-11
-1.368745e-12
3.219719e-08
5.06709e-11
-1.317021e-12
3.219175e-08
4.888144e-11
-1.268195e-12
3.218648e-08
4.716071e-11
-1.222058e-12
3.218136e-08
4.550546e-11
-1.178192e-12
4.39121e-11
-1.136651e-12
3.21764e-08
3.308326e-08
6.263472e-11
-1.213482e-12
3.307987e-08
6.043448e-11
-1.168203e-12
3.307656e-08
5.832033e-11
-1.124797e-12
3.307331e-08
5.628767e-11
-1.083501e-12
3.307014e-08
5.433237e-11
-1.044331e-12
3.306704e-08
5.245073e-11
-1.007146e-12
3.3064e-08
5.063922e-11
-9.717898e-13
3.306104e-08
4.889463e-11
-9.380181e-13
4.721326e-11
-9.058125e-13
3.305815e-08
3.367037e-08
6.307831e-11
-8.764898e-13
3.36703e-08
6.091489e-11
-8.4633e-13
3.367019e-08
5.883297e-11
-8.172356e-13
3.367003e-08
5.682842e-11
-7.892749e-13
3.366983e-08
5.489747e-11
-7.624634e-13
3.366959e-08
5.303676e-11
-7.367354e-13
3.366933e-08
5.124306e-11
-7.12004e-13
3.366904e-08
4.951343e-11
-6.881973e-13
4.784438e-11
-6.651007e-13
3.366872e-08
3.405689e-08
5.970997e-11
-5.662357e-13
3.406037e-08
5.771192e-11
-5.491238e-13
3.406368e-08
5.578621e-11
-5.324286e-13
3.406684e-08
5.392933e-11
-5.160762e-13
3.406985e-08
5.21381e-11
-5.000431e-13
3.407272e-08
5.040967e-11
-4.843493e-13
3.407545e-08
4.874125e-11
-4.689309e-13
3.407806e-08
4.713035e-11
-4.538589e-13
4.55739e-11
-4.38737e-13
3.408055e-08
3.430123e-08
5.269017e-11
-3.046341e-13
3.430813e-08
5.096823e-11
-2.97699e-13
3.431477e-08
4.930623e-11
-2.907161e-13
3.432115e-08
4.770141e-11
-2.834936e-13
3.432729e-08
4.615126e-11
-2.759764e-13
3.433319e-08
4.46535e-11
-2.682275e-13
3.433887e-08
4.320592e-11
-2.60198e-13
3.434433e-08
4.180653e-11
-2.520862e-13
4.045282e-11
-2.432638e-13
3.434959e-08
3.444831e-08
4.248265e-11
-1.013237e-13
3.445823e-08
4.112297e-11
-1.015922e-13
3.446779e-08
3.980896e-11
-1.015216e-13
3.447703e-08
3.853863e-11
-1.008256e-13
3.448594e-08
3.731016e-11
-9.941211e-14
3.449454e-08
3.612186e-11
-9.738187e-14
3.450285e-08
3.497211e-11
-9.469065e-14
3.451086e-08
3.385945e-11
-9.161306e-14
3.2782e-11
-8.735489e-14
3.45186e-08
3.453162e-08
2.976023e-11
4.36856e-14
3.454392e-08
2.882321e-11
3.876048e-14
3.455582e-08
2.791678e-11
3.433299e-14
3.456733e-08
2.703968e-11
3.076323e-14
3.457846e-08
2.619073e-11
2.816739e-14
3.458923e-08
2.536883e-11
2.640667e-14
3.459964e-08
2.457297e-11
2.55607e-14
3.460972e-08
2.380213e-11
2.527305e-14
2.305509e-11
2.651463e-14
3.461947e-08
3.457474e-08
1.53168e-11
1.353197e-13
3.458869e-08
1.483955e-11
1.277422e-13
3.460219e-08
1.437746e-11
1.207431e-13
3.461527e-08
1.393022e-11
1.147179e-13
3.462794e-08
1.349721e-11
1.098085e-13
3.464021e-08
1.307784e-11
1.05907e-13
3.46521e-08
1.267153e-11
1.029467e-13
3.466361e-08
1.227779e-11
1.006527e-13
1.189599e-11
1.000811e-13
3.467475e-08
3.459268e-08
1.793908e-13
3.460745e-08
2.876903e-15
1.705681e-13
3.462177e-08
2.328652e-15
1.624483e-13
3.463565e-08
2.05424e-15
1.553478e-13
3.464911e-08
2.265385e-15
1.494204e-13
3.466214e-08
2.668222e-15
1.443357e-13
3.467478e-08
3.083886e-15
1.402385e-13
3.468702e-08
3.430058e-15
1.368639e-13
3.720821e-15
1.353468e-13
3.469889e-08
3.460745e-08
1.704423e-13
3.462177e-08
-1.437231e-11
1.622774e-13
3.463565e-08
-1.392564e-11
1.553015e-13
3.46491e-08
-1.349268e-11
1.493959e-13
3.466214e-08
-1.307274e-11
1.442441e-13
3.467477e-08
-1.266557e-11
1.399999e-13
3.468702e-08
-1.227108e-11
1.364942e-13
-1.188867e-11
1.348549e-13
3.469888e-08
3.460219e-08
1.212324e-13
3.461527e-08
1.152652e-13
3.462793e-08
-2.618555e-11
1.101549e-13
3.46402e-08
-2.536359e-11
1.057106e-13
3.465209e-08
-2.456693e-11
1.02184e-13
3.46636e-08
-2.379511e-11
9.946209e-14
9.856478e-14
3.467474e-08
3.457845e-08
2.933044e-14
3.458922e-08
2.697881e-14
3.459963e-08
2.54083e-14
2.470386e-14
4.961412e-09
1.51933e-12
-1.122197e-12
4.960138e-09
1.464246e-12
-1.076514e-12
4.95891e-09
1.411402e-12
-1.033003e-12
4.957725e-09
1.360841e-12
-9.916284e-13
4.956581e-09
1.312431e-12
-9.522403e-13
4.955477e-09
1.266055e-12
-9.14557e-13
4.954412e-09
1.221624e-12
-8.785133e-13
4.953383e-09
1.179066e-12
-8.438794e-13
1.138277e-12
-8.106992e-13
4.95239e-09
1.235255e-08
5.457419e-12
-1.938642e-12
1.234907e-08
5.258062e-12
-1.857803e-12
1.234572e-08
5.066879e-12
-1.780828e-12
1.234248e-08
4.883681e-12
-1.707904e-12
1.233936e-08
4.708107e-12
-1.638781e-12
1.233635e-08
4.539717e-12
-1.573002e-12
1.233344e-08
4.378166e-12
-1.510285e-12
1.233064e-08
4.223085e-12
-1.450182e-12
4.074372e-12
-1.392689e-12
1.232794e-08
1.781994e-08
1.139298e-11
-2.273179e-12
1.781455e-08
1.0975e-11
-2.176497e-12
1.780935e-08
1.057438e-11
-2.084554e-12
1.780434e-08
1.019035e-11
-1.997712e-12
1.779951e-08
9.822123e-12
-1.915779e-12
1.779486e-08
9.468865e-12
-1.83819e-12
1.779036e-08
9.129853e-12
-1.764541e-12
1.778603e-08
8.804378e-12
-1.69426e-12
8.492096e-12
-1.627107e-12
1.778185e-08
2.184922e-08
1.89025e-11
-2.417857e-12
2.184232e-08
1.820856e-11
-2.31339e-12
2.183567e-08
1.75436e-11
-2.214199e-12
2.182925e-08
1.690608e-11
-2.120748e-12
2.182307e-08
1.629461e-11
-2.032896e-12
2.18171e-08
1.570784e-11
-1.950037e-12
2.181134e-08
1.514456e-11
-1.871762e-12
2.180579e-08
1.460365e-11
-1.797409e-12
1.408429e-11
-1.726818e-12
2.180044e-08
2.480787e-08
2.737022e-11
-2.446359e-12
2.480004e-08
2.63692e-11
-2.33999e-12
2.479249e-08
2.540984e-11
-2.239107e-12
2.47852e-08
2.448983e-11
-2.144143e-12
2.477817e-08
2.360707e-11
-2.055033e-12
2.477138e-08
2.275968e-11
-1.97118e-12
2.476483e-08
2.194591e-11
-1.892173e-12
2.475851e-08
2.116412e-11
-1.817424e-12
2.041299e-11
-1.746792e-12
2.475242e-08
2.696807e-08
3.598088e-11
-2.348753e-12
2.696008e-08
3.467621e-11
-2.247238e-12
2.695237e-08
3.342516e-11
-2.150953e-12
2.694492e-08
3.222476e-11
-2.060283e-12
2.693772e-08
3.107233e-11
-1.975181e-12
2.693077e-08
2.996546e-11
-1.895125e-12
2.692406e-08
2.89019e-11
-1.819795e-12
2.691757e-08
2.787957e-11
-1.748611e-12
2.689652e-11
-1.681625e-12
2.691131e-08
2.853078e-08
4.37863e-11
-2.128134e-12
2.852353e-08
4.221965e-11
-2.03796e-12
2.851651e-08
4.071611e-11
-1.952351e-12
2.850973e-08
3.927225e-11
-1.871574e-12
2.850316e-08
3.788495e-11
-1.795617e-12
2.849681e-08
3.655144e-11
-1.724068e-12
2.849067e-08
3.526911e-11
-1.656657e-12
2.848472e-08
3.403552e-11
-1.592971e-12
3.284826e-11
-1.533042e-12
2.847897e-08
2.964559e-08
4.984245e-11
-1.80668e-12
2.963997e-08
4.809035e-11
-1.732803e-12
2.963452e-08
4.640689e-11
-1.662498e-12
2.962923e-08
4.478849e-11
-1.59596e-12
2.96241e-08
4.323184e-11
-1.533148e-12
2.961912e-08
4.173403e-11
-1.473786e-12
2.961429e-08
4.029225e-11
-1.417712e-12
2.960961e-08
3.890393e-11
-1.364575e-12
3.75663e-11
-1.314484e-12
2.960507e-08
3.042553e-08
5.335712e-11
-1.427412e-12
3.04223e-08
5.152067e-11
-1.372147e-12
3.041915e-08
4.975377e-11
-1.31937e-12
3.041607e-08
4.805295e-11
-1.269167e-12
3.041307e-08
4.641501e-11
-1.221485e-12
3.041013e-08
4.483706e-11
-1.176175e-12
3.040727e-08
4.331635e-11
-1.133119e-12
3.040448e-08
4.185035e-11
-1.092143e-12
4.043624e-11
-1.053193e-12
3.040176e-08
3.095742e-08
5.380787e-11
-1.037092e-12
3.09571e-08
5.19987e-11
-1.000145e-12
3.095674e-08
5.025548e-11
-9.646487e-13
3.095636e-08
4.857507e-11
-9.306274e-13
3.095596e-08
4.695457e-11
-8.979712e-13
3.095553e-08
4.539136e-11
-8.666397e-13
3.095509e-08
4.388291e-11
-8.365808e-13
3.095464e-08
4.242693e-11
-8.076894e-13
4.102071e-11
-7.79833e-13
3.095417e-08
3.13087e-08
5.099903e-11
-6.760033e-13
3.131148e-08
4.93252e-11
-6.550362e-13
3.131412e-08
4.770996e-11
-6.346877e-13
3.131665e-08
4.615068e-11
-6.148953e-13
3.131905e-08
4.464488e-11
-5.955039e-13
3.132134e-08
4.319036e-11
-5.765584e-13
3.132353e-08
4.178495e-11
-5.580095e-13
3.132562e-08
4.042669e-11
-5.398861e-13
3.911324e-11
-5.218091e-13
3.132761e-08
3.153178e-08
4.505424e-11
-3.702958e-13
3.153756e-08
4.360946e-11
-3.619475e-13
3.154312e-08
4.221326e-11
-3.536035e-13
3.154847e-08
4.086358e-11
-3.451487e-13
3.155361e-08
3.955848e-11
-3.363645e-13
3.155857e-08
3.829619e-11
-3.273503e-13
3.156333e-08
3.707501e-11
-3.180732e-13
3.156792e-08
3.589337e-11
-3.086021e-13
3.474935e-11
-2.984258e-13
3.157234e-08
3.16669e-08
3.636042e-11
-1.318639e-13
3.167533e-08
3.521809e-11
-1.325732e-13
3.168346e-08
3.41128e-11
-1.328966e-13
3.169131e-08
3.304308e-11
-1.326637e-13
3.169889e-08
3.20075e-11
-1.316033e-13
3.170622e-08
3.100477e-11
-1.298555e-13
3.171329e-08
3.003365e-11
-1.273667e-13
3.172012e-08
2.909297e-11
-1.242815e-13
2.818133e-11
-1.19876e-13
3.172672e-08
3.174405e-08
2.54897e-11
3.865342e-14
3.175457e-08
2.470169e-11
3.201146e-14
3.176475e-08
2.393849e-11
2.597942e-14
3.177461e-08
2.319918e-11
2.076036e-14
3.178414e-08
2.248285e-11
1.667749e-14
3.179337e-08
2.178867e-11
1.357001e-14
3.18023e-08
2.111579e-11
1.147188e-14
3.181095e-08
2.046349e-11
1.026258e-14
1.983082e-11
1.075838e-14
3.181932e-08
3.178436e-08
1.312479e-11
1.465956e-13
3.179633e-08
1.272319e-11
1.365222e-13
3.180792e-08
1.233385e-11
1.271803e-13
3.181916e-08
1.195662e-11
1.187784e-13
3.183005e-08
1.159105e-11
1.116815e-13
3.18406e-08
1.123657e-11
1.056549e-13
3.185083e-08
1.089283e-11
1.008532e-13
3.186074e-08
1.055942e-11
9.704895e-14
1.023587e-11
9.519342e-14
3.187034e-08
3.180125e-08
1.985284e-13
3.181396e-08
2.631771e-15
1.868926e-13
3.182628e-08
2.154973e-15
1.761107e-13
3.183822e-08
1.874244e-15
1.662934e-13
3.18498e-08
2.006657e-15
1.577771e-13
3.186103e-08
2.284473e-15
1.503941e-13
3.187192e-08
2.575557e-15
1.442018e-13
3.188247e-08
2.835223e-15
1.390945e-13
3.059347e-15
1.360924e-13
3.18927e-08
3.181396e-08
1.868123e-13
3.182628e-08
-1.232908e-11
1.761306e-13
3.183822e-08
-1.195241e-11
1.665108e-13
3.18498e-08
-1.158695e-11
1.579256e-13
3.186103e-08
-1.123213e-11
1.504701e-13
3.187191e-08
-1.088775e-11
1.441975e-13
3.188247e-08
-1.055375e-11
1.390001e-13
-1.022969e-11
1.35921e-13
3.18927e-08
3.180792e-08
1.276319e-13
3.181916e-08
1.195864e-13
3.183005e-08
-2.247808e-11
1.124278e-13
3.18406e-08
-2.178392e-11
1.060569e-13
3.185082e-08
-2.111042e-11
1.008061e-13
3.186073e-08
-2.045726e-11
9.668903e-14
9.46234e-14
3.187033e-08
3.178414e-08
1.808106e-14
3.179337e-08
1.474819e-14
3.18023e-08
1.216312e-14
1.043419e-14
4.471604e-09
1.074193e-12
-1.037563e-12
4.470487e-09
1.037175e-12
-9.958393e-13
4.469408e-09
1.00155e-12
-9.560656e-13
4.468368e-09
9.673406e-13
-9.182265e-13
4.467364e-09
9.344979e-13
-8.821412e-13
4.466394e-09
9.029578e-13
-8.477153e-13
4.465458e-09
8.727036e-13
-8.148241e-13
4.464553e-09
8.437214e-13
-7.832373e-13
8.159292e-13
-7.530479e-13
4.46368e-09
1.095532e-08
4.000175e-12
-1.748319e-12
1.095231e-08
3.859987e-12
-1.675711e-12
1.094942e-08
3.725197e-12
-1.606615e-12
1.094662e-08
3.59569e-12
-1.541087e-12
1.094393e-08
3.471258e-12
-1.478901e-12
1.094132e-08
3.351662e-12
-1.419803e-12
1.093881e-08
3.236732e-12
-1.363551e-12
1.093639e-08
3.126249e-12
-1.30982e-12
3.020181e-12
-1.258692e-12
1.093405e-08
1.566295e-08
8.508544e-12
-2.008755e-12
1.565835e-08
8.207888e-12
-1.923139e-12
1.565392e-08
7.91901e-12
-1.841806e-12
1.564964e-08
7.641425e-12
-1.764918e-12
1.564551e-08
7.37464e-12
-1.692268e-12
1.564153e-08
7.118174e-12
-1.623496e-12
1.563769e-08
6.87159e-12
-1.558317e-12
1.563398e-08
6.634495e-12
-1.496258e-12
6.40666e-12
-1.437296e-12
1.563041e-08
1.90922e-08
1.426843e-11
-2.115056e-12
1.908635e-08
1.376291e-11
-2.023137e-12
1.908072e-08
1.327729e-11
-1.935998e-12
1.907528e-08
1.281062e-11
-1.853824e-12
1.907004e-08
1.236202e-11
-1.776437e-12
1.906498e-08
1.193065e-11
-1.703464e-12
1.90601e-08
1.151578e-11
-1.634551e-12
1.905539e-08
1.111667e-11
-1.569261e-12
1.07329e-11
-1.507552e-12
1.905084e-08
2.159306e-08
2.079656e-11
-2.128923e-12
2.158646e-08
2.006156e-11
-2.035659e-12
2.158009e-08
1.935543e-11
-1.947322e-12
2.157394e-08
1.86767e-11
-1.864107e-12
2.156801e-08
1.802402e-11
-1.785874e-12
2.156229e-08
1.73962e-11
-1.71223e-12
2.155676e-08
1.679212e-11
-1.642886e-12
2.155143e-08
1.621077e-11
-1.577369e-12
1.565128e-11
-1.515795e-12
2.154628e-08
2.341217e-08
2.746048e-11
-2.040684e-12
2.340544e-08
2.649727e-11
-1.951718e-12
2.339894e-08
2.557144e-11
-1.867478e-12
2.339267e-08
2.468109e-11
-1.788084e-12
2.33866e-08
2.382448e-11
-1.713417e-12
2.338075e-08
2.300005e-11
-1.643174e-12
2.337509e-08
2.220635e-11
-1.57705e-12
2.336963e-08
2.144203e-11
-1.514703e-12
2.070588e-11
-1.456252e-12
2.336435e-08
2.472592e-08
3.352934e-11
-1.848807e-12
2.471978e-08
3.236775e-11
-1.769772e-12
2.471384e-08
3.125036e-11
-1.694839e-12
2.47081e-08
3.017494e-11
-1.62409e-12
2.470255e-08
2.913948e-11
-1.557432e-12
2.469718e-08
2.814218e-11
-1.494611e-12
2.469198e-08
2.71813e-11
-1.435443e-12
2.468695e-08
2.625529e-11
-1.3796e-12
2.536258e-11
-1.327324e-12
2.468209e-08
2.566301e-08
3.827377e-11
-1.57084e-12
2.565818e-08
3.696983e-11
-1.505995e-12
2.56535e-08
3.571414e-11
-1.444409e-12
2.564896e-08
3.450438e-11
-1.386075e-12
2.564456e-08
3.333841e-11
-1.3309e-12
2.564029e-08
3.221429e-11
-1.278752e-12
2.563616e-08
3.11302e-11
-1.229465e-12
2.563215e-08
3.008444e-11
-1.182863e-12
2.907525e-11
-1.139073e-12
2.562826e-08
2.631946e-08
4.107551e-11
-1.242679e-12
2.631654e-08
3.970412e-11
-1.194131e-12
2.631371e-08
3.838179e-11
-1.147854e-12
2.631094e-08
3.710625e-11
-1.103806e-12
2.630824e-08
3.587541e-11
-1.061894e-12
2.630561e-08
3.468739e-11
-1.022044e-12
2.630306e-08
3.354036e-11
-9.841966e-13
2.630056e-08
3.243268e-11
-9.482015e-13
3.13625e-11
-9.141708e-13
2.629814e-08
2.676834e-08
4.151789e-11
-9.045852e-13
2.676775e-08
4.016262e-11
-8.720842e-13
2.676715e-08
3.885395e-11
-8.409618e-13
2.676655e-08
3.758989e-11
-8.111054e-13
2.676594e-08
3.636853e-11
-7.823938e-13
2.676533e-08
3.518813e-11
-7.548484e-13
2.676471e-08
3.404707e-11
-7.284073e-13
2.67641e-08
3.29438e-11
-7.030492e-13
3.187662e-11
-6.786478e-13
2.676348e-08
2.706605e-08
3.94329e-11
-5.913245e-13
2.706796e-08
3.817541e-11
-5.729127e-13
2.706977e-08
3.695941e-11
-5.551162e-13
2.70715e-08
3.578321e-11
-5.377898e-13
2.707315e-08
3.464521e-11
-5.207877e-13
2.707472e-08
3.354395e-11
-5.041596e-13
2.707622e-08
3.247802e-11
-4.878989e-13
2.707765e-08
3.144614e-11
-4.719932e-13
3.044679e-11
-4.56208e-13
2.707902e-08
2.725629e-08
3.490021e-11
-3.258103e-13
2.726061e-08
3.381207e-11
-3.185435e-13
2.726476e-08
3.275837e-11
-3.113583e-13
2.726877e-08
3.173781e-11
-3.040545e-13
2.727262e-08
3.074912e-11
-2.964478e-13
2.727634e-08
2.979115e-11
-2.886285e-13
2.727992e-08
2.88628e-11
-2.805693e-13
2.728336e-08
2.796304e-11
-2.723403e-13
2.709067e-11
-2.634468e-13
2.728668e-08
2.737247e-08
2.820838e-11
-1.184997e-13
2.737892e-08
2.734627e-11
-1.192892e-13
2.738516e-08
2.651042e-11
-1.197985e-13
2.739118e-08
2.569991e-11
-1.197996e-13
2.7397e-08
2.491385e-11
-1.190752e-13
2.740263e-08
2.415139e-11
-1.177199e-13
2.740807e-08
2.341171e-11
-1.157243e-13
2.741333e-08
2.269409e-11
-1.131444e-13
2.199761e-11
-1.093794e-13
2.741841e-08
2.74395e-08
1.979735e-11
2.985292e-14
2.744765e-08
1.920172e-11
2.377474e-14
2.745554e-08
1.862367e-11
1.817526e-14
2.746319e-08
1.806267e-11
1.331129e-14
2.747059e-08
1.751813e-11
9.43153e-15
2.747776e-08
1.698949e-11
6.425499e-15
2.74847e-08
1.647625e-11
4.345988e-15
2.749143e-08
1.597792e-11
3.073911e-15
1.549389e-11
3.409635e-15
2.749794e-08
2.747493e-08
1.020108e-11
1.238004e-13
2.748426e-08
9.897197e-12
1.146493e-13
2.74933e-08
9.602018e-12
1.060921e-13
2.750207e-08
9.315492e-12
9.836891e-14
2.751057e-08
9.037308e-12
9.174126e-14
2.751881e-08
8.767136e-12
8.616237e-14
2.75268e-08
8.504698e-12
8.160896e-14
2.753455e-08
8.249755e-12
7.803209e-14
8.002015e-12
7.629613e-14
2.754206e-08
2.748994e-08
1.689976e-13
2.749987e-08
2.369652e-15
1.584618e-13
2.750949e-08
1.953599e-15
1.486233e-13
2.751883e-08
1.710272e-15
1.396059e-13
2.752789e-08
1.792753e-15
1.317394e-13
2.753669e-08
1.987967e-15
1.249057e-13
2.754521e-08
2.206267e-15
1.191486e-13
2.755348e-08
2.412116e-15
1.14453e-13
2.607094e-15
1.117163e-13
2.756151e-08
2.749987e-08
1.584404e-13
2.750949e-08
-9.5977e-12
1.487652e-13
2.751883e-08
-9.31168e-12
1.399046e-13
2.752789e-08
-9.033648e-12
1.319252e-13
2.753668e-08
-8.763211e-12
1.250253e-13
2.754521e-08
-8.500275e-12
1.192248e-13
2.755348e-08
-8.244841e-12
1.144754e-13
-7.996628e-12
1.117043e-13
2.756151e-08
2.74933e-08
1.065885e-13
2.750207e-08
9.923243e-14
2.751057e-08
-1.751382e-11
9.258328e-14
2.751881e-08
-1.698519e-11
8.666833e-14
2.75268e-08
-1.64714e-11
8.179925e-14
2.753455e-08
-1.597232e-11
7.803898e-14
7.617748e-14
2.754205e-08
2.747059e-08
1.084501e-14
2.747776e-08
7.718816e-15
2.74847e-08
5.194788e-15
3.472659e-15
3.75583e-09
6.09673e-13
-7.116494e-13
3.754928e-09
5.905708e-13
-6.83608e-13
3.754056e-09
5.720551e-13
-6.568539e-13
3.753216e-09
5.54164e-13
-6.313438e-13
3.752404e-09
5.36892e-13
-6.070101e-13
3.75162e-09
5.202385e-13
-5.837915e-13
3.750862e-09
5.04228e-13
-5.61575e-13
3.750131e-09
4.888658e-13
-5.403463e-13
4.741299e-13
-5.200321e-13
3.749423e-09
8.954862e-09
2.463581e-12
-1.151329e-12
8.952498e-09
2.382845e-12
-1.104071e-12
8.950218e-09
2.304851e-12
-1.059084e-12
8.948018e-09
2.229568e-12
-1.016354e-12
8.945895e-09
2.156931e-12
-9.757757e-13
8.943846e-09
2.086869e-12
-9.372184e-13
8.941868e-09
2.019332e-12
-9.005309e-13
8.939958e-09
1.954255e-12
-8.65625e-13
1.891611e-12
-8.325756e-13
8.938115e-09
1.262623e-08
5.441786e-12
-1.289996e-12
1.262266e-08
5.260106e-12
-1.235348e-12
1.261923e-08
5.084803e-12
-1.183452e-12
1.261591e-08
4.915683e-12
-1.134336e-12
1.261271e-08
4.752543e-12
-1.087885e-12
1.260962e-08
4.595179e-12
-1.043923e-12
1.260664e-08
4.443442e-12
-1.002261e-12
1.260377e-08
4.297156e-12
-9.627273e-13
4.156239e-12
-9.253553e-13
1.260099e-08
1.525956e-08
9.316305e-12
-1.340797e-12
1.525508e-08
9.002786e-12
-1.28274e-12
1.525075e-08
8.700437e-12
-1.227721e-12
1.524658e-08
8.408812e-12
-1.175784e-12
1.524256e-08
8.127491e-12
-1.126839e-12
1.523867e-08
7.856107e-12
-1.080667e-12
1.523493e-08
7.594325e-12
-1.037093e-12
1.523131e-08
7.341837e-12
-9.959227e-13
7.098421e-12
-9.572487e-13
1.522782e-08
1.716401e-08
1.374802e-11
-1.341554e-12
1.715897e-08
1.328507e-11
-1.282921e-12
1.715412e-08
1.283862e-11
-1.227419e-12
1.714943e-08
1.240796e-11
-1.175084e-12
1.71449e-08
1.199245e-11
-1.125837e-12
1.714053e-08
1.15915e-11
-1.079476e-12
1.713632e-08
1.12046e-11
-1.035835e-12
1.713225e-08
1.083124e-11
-9.947322e-13
1.047106e-11
-9.563643e-13
1.712831e-08
1.854332e-08
1.830149e-11
-1.282946e-12
1.85382e-08
1.768846e-11
-1.227139e-12
1.853324e-08
1.709708e-11
-1.174318e-12
1.852846e-08
1.652643e-11
-1.124481e-12
1.852384e-08
1.597561e-11
-1.077578e-12
1.851938e-08
1.544386e-11
-1.033421e-12
1.851507e-08
1.493045e-11
-9.919019e-13
1.85109e-08
1.443473e-11
-9.528438e-13
1.395611e-11
-9.165133e-13
1.850688e-08
1.953761e-08
2.247844e-11
-1.16118e-12
1.953291e-08
2.173342e-11
-1.111639e-12
1.952836e-08
2.101424e-11
-1.064703e-12
1.952396e-08
2.031981e-11
-1.020335e-12
1.951971e-08
1.964907e-11
-9.784835e-13
1.95156e-08
1.90011e-11
-9.390363e-13
1.951162e-08
1.837506e-11
-9.01905e-13
1.950777e-08
1.777014e-11
-8.669667e-13
1.71856e-11
-8.34521e-13
1.950405e-08
2.024677e-08
2.578041e-11
-9.859654e-13
2.024301e-08
2.493877e-11
-9.453655e-13
2.023936e-08
2.412556e-11
-9.068287e-13
2.023582e-08
2.33396e-11
-8.702696e-13
2.02324e-08
2.257979e-11
-8.356527e-13
2.022908e-08
2.184513e-11
-8.029064e-13
2.022586e-08
2.113468e-11
-7.72005e-13
2.022274e-08
2.044759e-11
-7.428427e-13
1.978297e-11
-7.15685e-13
2.021972e-08
2.074426e-08
2.777908e-11
-7.794412e-13
2.074187e-08
2.688905e-11
-7.490752e-13
2.073953e-08
2.602807e-11
-7.201644e-13
2.073727e-08
2.519501e-11
-6.925923e-13
2.073506e-08
2.438878e-11
-6.663027e-13
2.073292e-08
2.36084e-11
-6.413055e-13
2.073083e-08
2.285295e-11
-6.175799e-13
2.072881e-08
2.212158e-11
-5.950806e-13
2.141339e-11
-5.739788e-13
2.072684e-08
2.108545e-08
2.817771e-11
-5.667941e-13
2.108472e-08
2.729385e-11
-5.465246e-13
2.1084e-08
2.64377e-11
-5.271427e-13
2.108328e-08
2.560828e-11
-5.084907e-13
2.108258e-08
2.480458e-11
-4.905094e-13
2.108188e-08
2.402574e-11
-4.732343e-13
2.108119e-08
2.327088e-11
-4.56685e-13
2.108051e-08
2.253927e-11
-4.408167e-13
2.183002e-11
-4.256713e-13
2.107984e-08
2.131281e-08
2.684581e-11
-3.699308e-13
2.131387e-08
2.602222e-11
-3.585094e-13
2.131487e-08
2.522336e-11
-3.47505e-13
2.131583e-08
2.444841e-11
-3.367343e-13
2.131675e-08
2.369654e-11
-3.261053e-13
2.131762e-08
2.296702e-11
-3.157039e-13
2.131844e-08
2.225914e-11
-3.055317e-13
2.131923e-08
2.157224e-11
-2.955902e-13
2.09056e-11
-2.857493e-13
2.131999e-08
2.145905e-08
2.382303e-11
-2.032205e-13
2.146184e-08
2.310774e-11
-1.988086e-13
2.146453e-08
2.241302e-11
-1.94474e-13
2.146713e-08
2.173825e-11
-1.900022e-13
2.146963e-08
2.108277e-11
-1.85282e-13
2.147204e-08
2.044603e-11
-1.804048e-13
2.147437e-08
1.982745e-11
-1.75389e-13
2.147661e-08
1.922656e-11
-1.702132e-13
1.864273e-11
-1.646114e-13
2.147878e-08
2.154915e-08
1.929654e-11
-7.321718e-14
2.155348e-08
1.872816e-11
-7.386121e-14
2.155768e-08
1.817547e-11
-7.436045e-14
2.156173e-08
1.763805e-11
-7.448019e-14
2.156565e-08
1.711546e-11
-7.407775e-14
2.156945e-08
1.660726e-11
-7.326732e-14
2.157312e-08
1.611308e-11
-7.203864e-14
2.157667e-08
1.563255e-11
-7.040128e-14
1.516524e-11
-6.792419e-14
2.15801e-08
2.16017e-08
1.356435e-11
1.969983e-14
2.160727e-08
1.317079e-11
1.573641e-14
2.161266e-08
1.278773e-11
1.204322e-14
2.161789e-08
1.241496e-11
8.870043e-15
2.162296e-08
1.205218e-11
6.379677e-15
2.162787e-08
1.169914e-11
4.47082e-15
2.163263e-08
1.135556e-11
3.129396e-15
2.163724e-08
1.102122e-11
2.39138e-15
1.069583e-11
2.768976e-15
2.164171e-08
2.162983e-08
6.996357e-12
7.846634e-14
2.163624e-08
6.795254e-12
7.258538e-14
2.164247e-08
6.599355e-12
6.704084e-14
2.164851e-08
6.408705e-12
6.207043e-14
2.165438e-08
6.223152e-12
5.787007e-14
2.166007e-08
6.042493e-12
5.431372e-14
2.166559e-08
5.866608e-12
5.144146e-14
2.167094e-08
5.695381e-12
4.927721e-14
5.528654e-12
4.837527e-14
2.167613e-08
2.164186e-08
1.067087e-13
2.164871e-08
1.960159e-15
9.997795e-14
2.165537e-08
1.593125e-15
9.364243e-14
2.166183e-08
1.394642e-15
8.786053e-14
2.16681e-08
1.450605e-15
8.285747e-14
2.167418e-08
1.605088e-15
7.853219e-14
2.168009e-08
1.790751e-15
7.492164e-14
2.168583e-08
1.974571e-15
7.204697e-14
2.164271e-15
7.058022e-14
2.16914e-08
2.164871e-08
1.000175e-13
2.165537e-08
-6.59582e-12
9.382023e-14
2.166183e-08
-6.405618e-12
8.811009e-14
2.16681e-08
-6.220177e-12
8.299221e-14
2.167418e-08
-6.039285e-12
7.862111e-14
2.168009e-08
-5.862967e-12
7.498811e-14
2.168583e-08
-5.691291e-12
7.209306e-14
-5.524111e-12
7.061865e-14
2.16914e-08
2.164247e-08
6.753423e-14
2.164851e-08
6.27924e-14
2.165438e-08
-1.204865e-11
5.848333e-14
2.166006e-08
-1.169553e-11
5.467971e-14
2.166558e-08
-1.135144e-11
5.161679e-14
2.167094e-08
-1.101644e-11
4.93492e-14
4.843911e-14
2.167613e-08
2.162296e-08
7.503056e-15
2.162787e-08
5.437248e-15
2.163262e-08
3.759712e-15
2.715193e-15
2.73338e-09
2.176158e-13
-2.839608e-13
2.732758e-09
2.124423e-13
-2.731265e-13
2.732156e-09
2.073047e-13
-2.627682e-13
2.731576e-09
2.02244e-13
-2.528698e-13
2.731015e-09
1.972816e-13
-2.434256e-13
2.730473e-09
1.924461e-13
-2.343937e-13
2.72995e-09
1.877681e-13
-2.25791e-13
2.729444e-09
1.83286e-13
-2.175721e-13
1.789874e-13
-2.09748e-13
2.728954e-09
6.215403e-09
1.111747e-12
-4.261897e-13
6.21384e-09
1.079689e-12
-4.090216e-13
6.212333e-09
1.048401e-12
-3.926537e-13
6.210878e-09
1.017924e-12
-3.770872e-13
6.209474e-09
9.882789e-13
-3.623026e-13
6.208118e-09
9.594889e-13
-3.48251e-13
6.206809e-09
9.315821e-13
-3.349211e-13
6.205544e-09
9.045745e-13
-3.222857e-13
8.784064e-13
-3.105244e-13
6.204323e-09
8.579638e-09
2.674835e-12
-4.609679e-13
8.57733e-09
2.593428e-12
-4.416652e-13
8.575105e-09
2.514283e-12
-4.233307e-13
8.572957e-09
2.437405e-12
-4.059607e-13
8.570884e-09
2.362775e-12
-3.895353e-13
8.568883e-09
2.29039e-12
-3.739875e-13
8.566952e-09
2.220258e-12
-3.592862e-13
8.565087e-09
2.152363e-12
-3.454037e-13
2.086664e-12
-3.324288e-13
8.563286e-09
1.02451e-08
4.776268e-12
-4.712031e-13
1.024223e-08
4.627504e-12
-4.509936e-13
1.023947e-08
4.483117e-12
-4.318256e-13
1.02368e-08
4.343018e-12
-4.137246e-13
1.023423e-08
4.20712e-12
-3.966614e-13
1.023174e-08
4.075362e-12
-3.805695e-13
1.022934e-08
3.947695e-12
-3.654263e-13
1.022703e-08
3.82407e-12
-3.511761e-13
3.704379e-12
-3.380877e-13
1.022479e-08
1.143938e-08
7.217325e-12
-4.684537e-13
1.143618e-08
6.990549e-12
-4.481356e-13
1.14331e-08
6.77057e-12
-4.289061e-13
1.143012e-08
6.557216e-12
-4.107611e-13
1.142724e-08
6.350306e-12
-3.936865e-13
1.142447e-08
6.149707e-12
-3.77616e-13
1.142179e-08
5.955302e-12
-3.625297e-13
1.14192e-08
5.766983e-12
-3.48404e-13
5.58464e-12
-3.354397e-13
1.14167e-08
1.230088e-08
9.751556e-12
-4.468348e-13
1.229763e-08
9.445165e-12
-4.275607e-13
1.229448e-08
9.14799e-12
-4.093012e-13
1.229145e-08
8.859754e-12
-3.920637e-13
1.228852e-08
8.580192e-12
-3.758298e-13
1.228569e-08
8.309092e-12
-3.605588e-13
1.228295e-08
8.046259e-12
-3.462432e-13
1.228031e-08
7.791531e-12
-3.328398e-13
7.544693e-12
-3.207307e-13
1.227775e-08
1.292091e-08
1.210155e-11
-4.037772e-13
1.29179e-08
1.17239e-11
-3.866825e-13
1.2915e-08
1.135745e-11
-3.704913e-13
1.291219e-08
1.100191e-11
-3.551637e-13
1.290948e-08
1.065691e-11
-3.407005e-13
1.290685e-08
1.032219e-11
-3.270749e-13
1.290431e-08
9.997512e-12
-3.142896e-13
1.290186e-08
9.682653e-12
-3.023376e-13
9.377388e-12
-2.914597e-13
1.289948e-08
1.336314e-08
1.398903e-11
-3.420717e-13
1.336069e-08
1.35577e-11
-3.2812e-13
1.335831e-08
1.313889e-11
-3.148623e-13
1.335601e-08
1.273226e-11
-3.022634e-13
1.335379e-08
1.233743e-11
-2.903154e-13
1.335163e-08
1.195409e-11
-2.790282e-13
1.334954e-08
1.158197e-11
-2.684115e-13
1.334752e-08
1.122082e-11
-2.584424e-13
1.087033e-11
-2.494758e-13
1.334556e-08
1.36738e-08
1.517051e-11
-2.695544e-13
1.367215e-08
1.471027e-11
-2.591507e-13
1.367056e-08
1.426297e-11
-2.492508e-13
1.366901e-08
1.382826e-11
-2.397743e-13
1.366751e-08
1.340579e-11
-2.307259e-13
1.366604e-08
1.299525e-11
-2.22127e-13
1.366463e-08
1.259636e-11
-2.139951e-13
1.366325e-08
1.220888e-11
-2.063373e-13
1.183254e-11
-1.992982e-13
1.366191e-08
1.388744e-08
1.547141e-11
-1.950409e-13
1.388678e-08
1.501088e-11
-1.881596e-13
1.388614e-08
1.45628e-11
-1.815696e-13
1.38855e-08
1.412686e-11
-1.751922e-13
1.388489e-08
1.370274e-11
-1.690175e-13
1.388428e-08
1.329016e-11
-1.63097e-13
1.388369e-08
1.288888e-11
-1.574416e-13
1.388311e-08
1.249868e-11
-1.520456e-13
1.211928e-11
-1.470889e-13
1.388254e-08
1.403041e-08
1.480739e-11
-1.26324e-13
1.403081e-08
1.437552e-11
-1.2249e-13
1.403119e-08
1.39548e-11
-1.187999e-13
1.403155e-08
1.354501e-11
-1.15142e-13
1.403189e-08
1.314587e-11
-1.11508e-13
1.403221e-08
1.275717e-11
-1.079512e-13
1.403252e-08
1.23787e-11
-1.044853e-13
1.403282e-08
1.201031e-11
-1.011177e-13
1.165176e-11
-9.781919e-14
1.40331e-08
1.412292e-08
1.318973e-11
-6.834207e-14
1.412435e-08
1.281267e-11
-6.69272e-14
1.412573e-08
1.244491e-11
-6.553244e-14
1.412706e-08
1.208629e-11
-6.404185e-14
1.412835e-08
1.173661e-11
-6.243028e-14
1.412959e-08
1.13957e-11
-6.077001e-14
1.413079e-08
1.106342e-11
-5.905711e-14
1.413194e-08
1.073965e-11
-5.729658e-14
1.04242e-11
-5.543397e-14
1.413306e-08
1.418036e-08
1.071549e-11
-2.333862e-14
1.418271e-08
1.041463e-11
-2.364546e-14
1.418498e-08
1.012086e-11
-2.390368e-14
1.418719e-08
9.834107e-12
-2.397818e-14
1.418932e-08
9.554233e-12
-2.384071e-14
1.419138e-08
9.281129e-12
-2.355743e-14
1.419338e-08
9.014683e-12
-2.312851e-14
1.419532e-08
8.754828e-12
-2.255471e-14
8.501443e-12
-2.164739e-14
1.41972e-08
1.421419e-08
7.548701e-12
8.693401e-15
1.421728e-08
7.33973e-12
7.261589e-15
1.422027e-08
7.135517e-12
5.920607e-15
1.422317e-08
6.936042e-12
4.808068e-15
1.422599e-08
6.741228e-12
3.971906e-15
1.422872e-08
6.550988e-12
3.329213e-15
1.423137e-08
6.365256e-12
2.902673e-15
1.423394e-08
6.18399e-12
2.687907e-15
6.007094e-12
2.909004e-15
1.423643e-08
1.423249e-08
3.898781e-12
2.887564e-14
1.423608e-08
3.791752e-12
2.6806e-14
1.423957e-08
3.687095e-12
2.484248e-14
1.424296e-08
3.5849e-12
2.312478e-14
1.424625e-08
3.485098e-12
2.170162e-14
1.424945e-08
3.387614e-12
2.050863e-14
1.425255e-08
3.292413e-12
1.957796e-14
1.425557e-08
3.199443e-12
1.887947e-14
3.108694e-12
1.876312e-14
1.42585e-08
1.424038e-08
3.855001e-14
1.424424e-08
1.291018e-15
3.62026e-14
1.424798e-08
1.002744e-15
3.398033e-14
1.425162e-08
8.8132e-16
3.198232e-14
1.425516e-08
9.434228e-16
3.028764e-14
1.425859e-08
1.081281e-15
2.88329e-14
1.426193e-08
1.240074e-15
2.763832e-14
1.426518e-08
1.391763e-15
2.673527e-14
1.551739e-15
2.643961e-14
1.426833e-08
1.424424e-08
3.623455e-14
1.424798e-08
-3.68483e-12
3.407588e-14
1.425162e-08
-3.582949e-12
3.20852e-14
1.425516e-08
-3.483166e-12
3.032847e-14
1.425859e-08
-3.385431e-12
2.885645e-14
1.426193e-08
-3.28985e-12
2.765936e-14
1.426518e-08
-3.196522e-12
2.675672e-14
-3.105383e-12
2.647314e-14
1.426833e-08
1.423957e-08
2.509758e-14
1.424296e-08
2.343716e-14
1.424625e-08
-6.738881e-12
2.192481e-14
1.424945e-08
-6.548471e-12
2.061221e-14
1.425255e-08
-6.362287e-12
1.960046e-14
1.425557e-08
-6.180502e-12
1.891326e-14
1.880607e-14
1.425849e-08
1.422599e-08
4.43242e-15
1.422872e-08
3.700959e-15
1.423137e-08
3.109477e-15
2.800732e-15
1.224246e-09
-1.724118e-14
1.223989e-09
-1.552907e-14
1.22374e-09
-1.395252e-14
1.223499e-09
-1.249317e-14
1.223267e-09
-1.113082e-14
1.223043e-09
-9.848695e-15
1.222825e-09
-8.616269e-15
1.222615e-09
-7.41546e-15
-6.256396e-15
1.222412e-09
2.512654e-09
1.683427e-13
2.512064e-09
1.659547e-13
2.511494e-09
1.634143e-13
2.510944e-09
1.607672e-13
2.510412e-09
1.580476e-13
2.509899e-09
1.552905e-13
2.509403e-09
1.525358e-13
2.508923e-09
1.49793e-13
1.470376e-13
2.50846e-09
3.338809e-09
5.812905e-13
3.337966e-09
5.675332e-13
3.337152e-09
5.53833e-13
3.336367e-09
5.402317e-13
3.335609e-09
5.267774e-13
3.334876e-09
5.135174e-13
3.334169e-09
5.004983e-13
3.333486e-09
4.877595e-13
4.752009e-13
3.332825e-09
3.910507e-09
1.177452e-12
3.909477e-09
1.146413e-12
3.908483e-09
1.115796e-12
3.907524e-09
1.085651e-12
3.906598e-09
1.056022e-12
3.905704e-09
1.026963e-12
3.904841e-09
9.98527e-13
3.904007e-09
9.707364e-13
9.435895e-13
3.9032e-09
4.317831e-09
1.890749e-12
4.31669e-09
1.838731e-12
4.31559e-09
1.787627e-12
4.314527e-09
1.737465e-12
4.313501e-09
1.688289e-12
4.31251e-09
1.640149e-12
4.311553e-09
1.59309e-12
4.310629e-09
1.54717e-12
1.502288e-12
4.309734e-09
4.610896e-09
2.645485e-12
4.609736e-09
2.571402e-12
4.608615e-09
2.498736e-12
4.607533e-09
2.427518e-12
4.606488e-09
2.357775e-12
4.605478e-09
2.289551e-12
4.604502e-09
2.22289e-12
4.603558e-09
2.157823e-12
2.094362e-12
4.602646e-09
4.821631e-09
3.358946e-12
4.820551e-09
3.264431e-12
4.819507e-09
3.171805e-12
4.818499e-09
3.081078e-12
4.817523e-09
2.99227e-12
4.81658e-09
2.905417e-12
4.815668e-09
2.820554e-12
4.814786e-09
2.737746e-12
2.656886e-12
4.813932e-09
4.971964e-09
3.947604e-12
4.971063e-09
3.836963e-12
4.970191e-09
3.728537e-12
4.969348e-09
3.622343e-12
4.968531e-09
3.518389e-12
4.967741e-09
3.416708e-12
4.966976e-09
3.317331e-12
4.966235e-09
3.220295e-12
3.125609e-12
4.965516e-09
5.077684e-09
4.336135e-12
5.077046e-09
4.215802e-12
5.076428e-09
4.097848e-12
5.075828e-09
3.982281e-12
5.075247e-09
3.869111e-12
5.074683e-09
3.758364e-12
5.074136e-09
3.650072e-12
5.073606e-09
3.544301e-12
3.440955e-12
5.073091e-09
5.150536e-09
4.467668e-12
5.150218e-09
4.345436e-12
5.149909e-09
4.225537e-12
5.149608e-09
4.10799e-12
5.149315e-09
3.992803e-12
5.14903e-09
3.880008e-12
5.148753e-09
3.769637e-12
5.148484e-09
3.661734e-12
3.556308e-12
5.148221e-09
5.199435e-09
4.311426e-12
5.199463e-09
4.195408e-12
5.199488e-09
4.08151e-12
5.199511e-09
3.969754e-12
5.199532e-09
3.860157e-12
5.199551e-09
3.752747e-12
5.199569e-09
3.647562e-12
5.199585e-09
3.544667e-12
3.444002e-12
5.199599e-09
5.231208e-09
3.865752e-12
5.231573e-09
3.763498e-12
5.231926e-09
3.663019e-12
5.232267e-09
3.564345e-12
5.232597e-09
3.467494e-12
5.232917e-09
3.372498e-12
5.233226e-09
3.279389e-12
5.233525e-09
3.188217e-12
3.098987e-12
5.233814e-09
5.251046e-09
3.156413e-12
5.251712e-09
3.07423e-12
5.252357e-09
2.993407e-12
5.252984e-09
2.913978e-12
5.253591e-09
2.835961e-12
5.254181e-09
2.759378e-12
5.254753e-09
2.684255e-12
5.255308e-09
2.610644e-12
2.538521e-12
5.255847e-09
5.262806e-09
2.231514e-12
5.263713e-09
2.174134e-12
5.264595e-09
2.117672e-12
5.265451e-09
2.062165e-12
5.266284e-09
2.007621e-12
5.267092e-09
1.954048e-12
5.267878e-09
1.901462e-12
5.268642e-09
1.849885e-12
1.79934e-12
5.269384e-09
5.269209e-09
1.155031e-12
5.270284e-09
1.125525e-12
5.27133e-09
1.096495e-12
5.272347e-09
1.067985e-12
5.273337e-09
1.039981e-12
5.274299e-09
1.012474e-12
5.275235e-09
9.854559e-13
5.276144e-09
9.589462e-13
9.329411e-13
5.27703e-09
5.271989e-09
5.27315e-09
4.308477e-16
5.27428e-09
3.135368e-16
5.27538e-09
2.870773e-16
5.27645e-09
3.322137e-16
5.277491e-09
3.998731e-16
5.278504e-09
4.659058e-16
5.279489e-09
5.209237e-16
5.788563e-16
5.280448e-09
5.27315e-09
5.27428e-09
-1.095763e-12
5.27538e-09
-1.067353e-12
5.27645e-09
-1.039305e-12
5.277491e-09
-1.011651e-12
5.278503e-09
-9.844712e-13
5.279489e-09
-9.578218e-13
-9.316746e-13
5.280447e-09
5.27133e-09
5.272347e-09
5.273337e-09
-2.00679e-12
5.274299e-09
-1.953094e-12
5.275234e-09
-1.9003e-12
5.276144e-09
-1.848526e-12
5.277029e-09
5.266284e-09
5.267092e-09
5.267878e-09
5.254076e-09
1.590246e-12
-7.645654e-13
5.2529e-09
1.521324e-12
-7.288197e-13
5.251773e-09
1.456984e-12
-6.955432e-13
5.250692e-09
1.395987e-12
-6.641209e-13
5.249656e-09
1.337852e-12
-6.34247e-13
5.248662e-09
1.282548e-12
-6.058509e-13
5.247709e-09
1.229911e-12
-5.78476e-13
5.246794e-09
1.179832e-12
-5.518834e-13
5.245916e-09
1.132232e-12
-5.261654e-13
5.245071e-09
1.087066e-12
-5.008008e-13
5.244259e-09
1.044564e-12
-4.760141e-13
5.243476e-09
1.004977e-12
-4.51809e-13
5.242719e-09
9.684733e-13
-4.275145e-13
5.241983e-09
9.358042e-13
-4.03626e-13
5.241268e-09
9.071126e-13
-3.770761e-13
5.240559e-09
8.862429e-13
-3.532433e-13
5.239865e-09
8.702407e-13
-3.147057e-13
5.23912e-09
8.859583e-13
-3.027561e-13
5.238423e-09
8.860024e-13
-2.147864e-13
1.163302e-12
-3.653983e-13
1.319712e-08
5.606939e-12
-1.330547e-12
1.319388e-08
5.363813e-12
-1.266734e-12
1.319078e-08
5.133682e-12
-1.207695e-12
1.318781e-08
4.915177e-12
-1.152209e-12
1.318497e-08
4.70704e-12
-1.099758e-12
1.318225e-08
4.508822e-12
-1.050232e-12
1.317964e-08
4.320009e-12
-1.002853e-12
1.317715e-08
4.140194e-12
-9.569813e-13
1.317476e-08
3.969091e-12
-9.122929e-13
1.317246e-08
3.806557e-12
-8.680243e-13
1.317026e-08
3.652807e-12
-8.245304e-13
1.316815e-08
3.508264e-12
-7.820698e-13
1.316612e-08
3.373347e-12
-7.397725e-13
1.316416e-08
3.249129e-12
-6.983157e-13
1.316227e-08
3.136428e-12
-6.536525e-13
1.316043e-08
3.039649e-12
-6.132582e-13
1.315866e-08
2.956916e-12
-5.535622e-13
1.315689e-08
2.916628e-12
-5.328064e-13
1.315523e-08
2.868647e-12
-4.063028e-13
3.134821e-12
-6.207165e-13
1.913647e-08
1.158347e-11
-1.595071e-12
1.913142e-08
1.108158e-11
-1.519186e-12
1.91266e-08
1.060421e-11
-1.4492e-12
1.912198e-08
1.01499e-11
-1.383589e-12
1.911756e-08
9.716818e-12
-1.321637e-12
1.911332e-08
9.303906e-12
-1.263365e-12
1.910927e-08
8.910212e-12
-1.207943e-12
1.910539e-08
8.534915e-12
-1.154554e-12
1.910167e-08
8.17741e-12
-1.102608e-12
1.909811e-08
7.837324e-12
-1.051089e-12
1.909471e-08
7.514641e-12
-1.000216e-12
1.909144e-08
7.209652e-12
-9.504577e-13
1.908831e-08
6.922793e-12
-9.009809e-13
1.90853e-08
6.655124e-12
-8.526751e-13
1.908241e-08
6.40764e-12
-8.012438e-13
1.907962e-08
6.184333e-12
-7.553276e-13
1.907694e-08
5.983267e-12
-6.882879e-13
1.907433e-08
5.828649e-12
-6.675885e-13
1.90719e-08
5.66627e-12
-5.183905e-13
5.768407e-12
-7.593315e-13
2.354542e-08
1.911641e-11
-1.713129e-12
2.353892e-08
1.829025e-11
-1.633155e-12
2.353269e-08
1.750277e-11
-1.559718e-12
2.352673e-08
1.675215e-11
-1.491128e-12
2.352102e-08
1.603602e-11
-1.426414e-12
2.351555e-08
1.535262e-11
-1.36568e-12
2.351032e-08
1.470044e-11
-1.30812e-12
2.350531e-08
1.407815e-11
-1.252889e-12
2.350052e-08
1.348467e-11
-1.199345e-12
2.349592e-08
1.29193e-11
-1.146318e-12
2.349153e-08
1.238161e-11
-1.093837e-12
2.348732e-08
1.187151e-11
-1.042419e-12
2.348328e-08
1.138922e-11
-9.912596e-13
2.347941e-08
1.093545e-11
-9.414344e-13
2.347571e-08
1.051103e-11
-8.885852e-13
2.347214e-08
1.011885e-11
-8.423622e-13
2.346874e-08
9.757446e-12
-7.737872e-13
2.346544e-08
9.443741e-12
-7.586258e-13
2.346237e-08
9.13391e-12
-5.94542e-13
8.983744e-12
-8.705512e-13
2.679935e-08
2.76277e-11
-1.745096e-12
2.679191e-08
2.643989e-11
-1.665152e-12
2.678478e-08
2.530645e-11
-1.592061e-12
2.677795e-08
2.422484e-11
-1.524125e-12
2.67714e-08
2.319223e-11
-1.460162e-12
2.676513e-08
2.220607e-11
-1.400233e-12
2.675912e-08
2.126419e-11
-1.343596e-12
2.675336e-08
2.036467e-11
-1.289421e-12
2.674785e-08
1.950589e-11
-1.237105e-12
2.674257e-08
1.868665e-11
-1.185498e-12
2.673751e-08
1.790606e-11
-1.134459e-12
2.673266e-08
1.716352e-11
-1.084442e-12
2.672802e-08
1.645886e-11
-1.034657e-12
2.672357e-08
1.579224e-11
-9.862572e-13
2.671931e-08
1.516428e-11
-9.348878e-13
2.671523e-08
1.457632e-11
-8.907885e-13
2.671133e-08
1.402862e-11
-8.234686e-13
2.670756e-08
1.352803e-11
-8.143564e-13
2.670404e-08
1.305751e-11
-6.414214e-13
1.26007e-11
-9.45777e-13
2.918593e-08
3.634277e-11
-1.683102e-12
2.917826e-08
3.479337e-11
-1.607523e-12
2.917091e-08
3.331365e-11
-1.538532e-12
2.916385e-08
3.19003e-11
-1.474596e-12
2.915708e-08
3.054999e-11
-1.414492e-12
2.915058e-08
2.925949e-11
-1.35823e-12
2.914435e-08
2.802592e-11
-1.305154e-12
2.913838e-08
2.684678e-11
-1.25451e-12
2.913265e-08
2.571987e-11
-1.205792e-12
2.912716e-08
2.464351e-11
-1.157965e-12
2.91219e-08
2.361628e-11
-1.1108e-12
2.911685e-08
2.263707e-11
-1.064632e-12
2.911201e-08
2.170525e-11
-1.018709e-12
2.910738e-08
2.082038e-11
-9.741518e-13
2.910294e-08
1.998289e-11
-9.268055e-13
2.909868e-08
1.91924e-11
-8.868299e-13
2.909461e-08
1.845197e-11
-8.239894e-13
2.909068e-08
1.775614e-11
-8.201814e-13
2.9087e-08
1.71272e-11
-6.488572e-13
1.633957e-11
-9.616137e-13
3.092205e-08
4.434074e-11
-1.533549e-12
3.0915e-08
4.247255e-11
-1.466199e-12
3.090822e-08
4.06868e-11
-1.404565e-12
3.090171e-08
3.897946e-11
-1.347445e-12
3.089545e-08
3.734691e-11
-1.293759e-12
3.088944e-08
3.578537e-11
-1.243435e-12
3.088366e-08
3.429142e-11
-1.195961e-12
3.087812e-08
3.286205e-11
-1.150693e-12
3.087279e-08
3.149459e-11
-1.107246e-12
3.086767e-08
3.018688e-11
-1.06481e-12
3.086276e-08
2.893708e-11
-1.023127e-12
3.085805e-08
2.774359e-11
-9.82392e-13
3.085352e-08
2.660541e-11
-9.419451e-13
3.084918e-08
2.55215e-11
-9.027598e-13
3.084502e-08
2.449225e-11
-8.611694e-13
3.084102e-08
2.351547e-11
-8.263606e-13
3.08372e-08
2.259773e-11
-7.708674e-13
3.083352e-08
2.172002e-11
-7.697688e-13
3.083005e-08
2.09503e-11
-6.131855e-13
1.984145e-11
-9.0292e-13
3.217064e-08
5.067731e-11
-1.311568e-12
3.216509e-08
4.857368e-11
-1.255614e-12
3.215973e-08
4.65608e-11
-1.204005e-12
3.215457e-08
4.463423e-11
-1.155909e-12
3.21496e-08
4.279023e-11
-1.110565e-12
3.214481e-08
4.102472e-11
-1.067854e-12
3.21402e-08
3.933397e-11
-1.027424e-12
3.213575e-08
3.771464e-11
-9.887991e-13
3.213147e-08
3.616375e-11
-9.517315e-13
3.212736e-08
3.467885e-11
-9.15654e-13
3.212339e-08
3.325779e-11
-8.803567e-13
3.211958e-08
3.189863e-11
-8.458905e-13
3.211592e-08
3.06001e-11
-8.117603e-13
3.211239e-08
2.936069e-11
-7.786785e-13
3.210901e-08
2.818081e-11
-7.438243e-13
3.210575e-08
2.705668e-11
-7.144061e-13
3.210264e-08
2.599838e-11
-6.686728e-13
3.209963e-08
2.497376e-11
-6.664639e-13
3.209679e-08
2.409565e-11
-5.390142e-13
2.271146e-11
-7.678245e-13
3.305478e-08
5.452502e-11
-1.046377e-12
3.30515e-08
5.23006e-11
-1.003453e-12
3.304832e-08
5.016965e-11
-9.631935e-13
3.304523e-08
4.812757e-11
-9.251903e-13
3.304224e-08
4.617079e-11
-8.891005e-13
3.303934e-08
4.429524e-11
-8.547344e-13
3.303653e-08
4.249711e-11
-8.219382e-13
3.303382e-08
4.077303e-11
-7.904078e-13
3.303118e-08
3.911993e-11
-7.600314e-13
3.302864e-08
3.753521e-11
-7.305195e-13
3.302618e-08
3.601661e-11
-7.017375e-13
3.30238e-08
3.456205e-11
-6.735959e-13
3.30215e-08
3.317014e-11
-6.458241e-13
3.301928e-08
3.183908e-11
-6.187619e-13
3.301715e-08
3.056939e-11
-5.907852e-13
3.301509e-08
2.935597e-11
-5.661277e-13
3.301311e-08
2.821193e-11
-5.316751e-13
3.30112e-08
2.709415e-11
-5.236595e-13
3.300938e-08
2.615264e-11
-4.386073e-13
2.457296e-11
-5.674434e-13
3.366831e-08
5.529533e-11
-7.691927e-13
3.366787e-08
5.308171e-11
-7.393349e-13
3.366741e-08
5.095839e-11
-7.104114e-13
3.366693e-08
4.892104e-11
-6.823618e-13
3.366644e-08
4.696635e-11
-6.553294e-13
3.366593e-08
4.509055e-11
-6.290869e-13
3.366541e-08
4.329006e-11
-6.036509e-13
3.366489e-08
4.156167e-11
-5.788978e-13
3.366436e-08
3.990243e-11
-5.548405e-13
3.366383e-08
3.830986e-11
-5.314263e-13
3.36633e-08
3.678174e-11
-5.086234e-13
3.366277e-08
3.531605e-11
-4.862108e-13
3.366224e-08
3.391148e-11
-4.641876e-13
3.366172e-08
3.256612e-11
-4.424334e-13
3.366121e-08
3.12806e-11
-4.208111e-13
3.36607e-08
3.004896e-11
-3.997393e-13
3.366021e-08
2.888633e-11
-3.771907e-13
3.365974e-08
2.774233e-11
-3.587404e-13
3.365927e-08
2.679102e-11
-3.26448e-13
2.51218e-11
-3.215041e-13
3.408339e-08
5.271106e-11
-5.07782e-13
3.408607e-08
5.06413e-11
-4.896515e-13
3.408861e-08
4.865337e-11
-4.708444e-13
3.409102e-08
4.674342e-11
-4.516315e-13
3.409329e-08
4.490861e-11
-4.326164e-13
3.409544e-08
4.314568e-11
-4.135148e-13
3.409748e-08
4.145148e-11
-3.945034e-13
3.409941e-08
3.98232e-11
-3.756026e-13
3.410124e-08
3.825818e-11
-3.569264e-13
3.410298e-08
3.675417e-11
-3.386452e-13
3.410462e-08
3.530919e-11
-3.20819e-13
3.410618e-08
3.392147e-11
-3.031163e-13
3.410766e-08
3.258995e-11
-2.858295e-13
3.410907e-08
3.131283e-11
-2.683149e-13
3.411041e-08
3.009074e-11
-2.520914e-13
3.411168e-08
2.891745e-11
-2.331947e-13
3.411289e-08
2.780871e-11
-2.2227e-13
3.411406e-08
2.671168e-11
-1.896002e-13
3.411514e-08
2.58079e-11
-2.159736e-13
2.416962e-11
-5.412813e-14
3.435564e-08
4.682115e-11
-2.814078e-13
3.436142e-08
4.501629e-11
-2.728429e-13
3.436694e-08
4.328062e-11
-2.622638e-13
3.437222e-08
4.161095e-11
-2.501577e-13
3.437727e-08
4.000501e-11
-2.375509e-13
3.438209e-08
3.846013e-11
-2.241147e-13
3.438671e-08
3.697376e-11
-2.101479e-13
3.439112e-08
3.554362e-11
-1.958033e-13
3.439533e-08
3.416744e-11
-1.812587e-13
3.439936e-08
3.284335e-11
-1.668649e-13
3.440322e-08
3.156968e-11
-1.52749e-13
3.440691e-08
3.03451e-11
-1.385013e-13
3.441044e-08
2.916904e-11
-1.247248e-13
3.441382e-08
2.803992e-11
-1.10224e-13
3.441706e-08
2.695811e-11
-9.820447e-14
3.442016e-08
2.591765e-11
-8.015212e-14
3.442312e-08
2.493349e-11
-7.984859e-14
3.442599e-08
2.395546e-11
-3.082229e-14
3.442867e-08
2.315504e-11
-1.166683e-13
2.166942e-11
2.104605e-13
3.452754e-08
3.796606e-11
-1.002667e-13
3.453612e-08
3.652616e-11
-9.884444e-14
3.454434e-08
3.513993e-11
-9.437015e-14
3.455223e-08
3.380491e-11
-8.751698e-14
3.45598e-08
3.25194e-11
-7.962591e-14
3.456706e-08
3.128143e-11
-7.03107e-14
3.457402e-08
3.00892e-11
-5.997339e-14
3.45807e-08
2.894103e-11
-4.886259e-14
3.458711e-08
2.7835e-11
-3.715634e-14
3.459326e-08
2.676968e-11
-2.536635e-14
3.459916e-08
2.574387e-11
-1.36092e-14
3.460482e-08
2.47568e-11
-1.527256e-15
3.461025e-08
2.38085e-11
9.879984e-15
3.461546e-08
2.289774e-11
2.236398e-14
3.462046e-08
2.202412e-11
3.12866e-14
3.462527e-08
2.118237e-11
4.949883e-14
3.462987e-08
2.038534e-11
4.078934e-14
3.463432e-08
1.959057e-11
1.063827e-13
3.463851e-08
1.89431e-11
-3.440531e-14
1.772082e-11
4.502056e-13
3.463075e-08
2.671374e-11
3.241667e-14
3.464159e-08
2.571358e-11
2.90023e-14
3.465201e-08
2.474978e-11
2.931806e-14
3.466203e-08
2.382074e-11
3.268489e-14
3.467166e-08
2.29253e-11
3.75269e-14
3.468092e-08
2.206225e-11
4.429657e-14
3.468982e-08
2.123064e-11
5.250307e-14
3.469837e-08
2.042938e-11
6.173289e-14
3.470659e-08
1.965679e-11
7.184452e-14
3.471449e-08
1.891197e-11
8.209574e-14
3.472208e-08
1.819489e-11
9.254299e-14
3.472937e-08
1.034352e-13
3.473638e-08
1.135009e-13
3.474311e-08
1.249092e-13
3.474958e-08
1.318027e-13
3.475581e-08
1.506468e-13
3.476178e-08
1.348356e-13
3.476756e-08
2.150457e-13
3.477301e-08
2.84624e-14
6.470066e-13
3.468767e-08
1.37882e-11
1.182858e-13
3.47001e-08
1.327644e-11
1.117744e-13
3.471207e-08
1.278296e-11
1.09607e-13
3.472359e-08
1.230685e-11
1.108508e-13
3.473468e-08
1.184761e-11
1.139122e-13
3.474535e-08
1.140488e-11
1.192165e-13
3.475561e-08
1.097873e-11
1.261323e-13
3.476549e-08
1.056871e-11
1.341899e-13
3.477499e-08
1.017341e-11
1.435787e-13
3.478413e-08
1.534433e-13
1.640427e-13
3.471264e-08
4.922044e-15
1.593676e-13
3.472589e-08
5.535706e-15
1.514293e-13
3.473865e-08
5.899234e-15
1.48003e-13
3.475094e-08
6.144672e-15
1.483854e-13
3.476278e-08
6.822979e-15
1.509876e-13
3.477417e-08
1.562678e-13
3.478514e-08
1.633561e-13
3.47957e-08
1.7125e-13
1.804757e-13
3.471264e-08
-1.377834e-11
1.585764e-13
3.472588e-08
-1.326505e-11
1.504063e-13
3.473864e-08
-1.27702e-11
1.469594e-13
3.475093e-08
1.473838e-13
1.503495e-13
3.468765e-08
1.160826e-13
3.470008e-08
1.092816e-13
1.07216e-13
4.951246e-09
1.311297e-12
-9.316313e-13
4.95015e-09
1.256119e-12
-8.88478e-13
4.949098e-09
1.204539e-12
-8.481997e-13
4.948089e-09
1.155698e-12
-8.103209e-13
4.947119e-09
1.10915e-12
-7.745142e-13
4.946189e-09
1.064896e-12
-7.403118e-13
4.945295e-09
1.022852e-12
-7.075846e-13
4.944436e-09
9.829726e-13
-6.760301e-13
4.94361e-09
9.45266e-13
-6.455049e-13
4.942815e-09
9.097217e-13
-6.156467e-13
4.942049e-09
8.764901e-13
-5.86472e-13
4.941309e-09
8.458098e-13
-5.578658e-13
4.940593e-09
8.179296e-13
-5.294077e-13
4.939896e-09
7.935152e-13
-5.010591e-13
4.939217e-09
7.730327e-13
-4.710702e-13
4.938546e-09
7.594747e-13
-4.414363e-13
4.937882e-09
7.522179e-13
-4.033362e-13
4.937185e-09
7.713601e-13
-3.766247e-13
4.936499e-09
7.848317e-13
-3.134085e-13
1.041853e-12
-3.9257e-13
1.232482e-08
4.699799e-12
-1.599492e-12
1.232183e-08
4.501076e-12
-1.523625e-12
1.231897e-08
4.312846e-12
-1.452971e-12
1.231622e-08
4.134189e-12
-1.386832e-12
1.231359e-08
3.964046e-12
-1.324501e-12
1.231107e-08
3.802058e-12
-1.265452e-12
1.230865e-08
3.647925e-12
-1.20918e-12
1.230633e-08
3.501411e-12
-1.155083e-12
1.23041e-08
3.362394e-12
-1.10274e-12
1.230197e-08
3.230846e-12
-1.051439e-12
1.229991e-08
3.106954e-12
-1.001122e-12
1.229794e-08
2.99113e-12
-9.517593e-13
1.229603e-08
2.88392e-12
-9.028031e-13
1.22942e-08
2.78639e-12
-8.542762e-13
1.229242e-08
2.699708e-12
-8.038547e-13
1.229069e-08
2.627589e-12
-7.546964e-13
1.228902e-08
2.570529e-12
-6.947155e-13
1.228736e-08
2.550373e-12
-6.547968e-13
1.228577e-08
2.535194e-12
-5.626732e-13
2.788053e-12
-7.116229e-13
1.777703e-08
9.794213e-12
-1.867788e-12
1.777241e-08
9.379579e-12
-1.778299e-12
1.776798e-08
8.984955e-12
-1.695464e-12
1.776374e-08
8.609368e-12
-1.618349e-12
1.775968e-08
8.251336e-12
-1.545862e-12
1.775579e-08
7.910028e-12
-1.477485e-12
1.775206e-08
7.584811e-12
-1.412617e-12
1.774848e-08
7.275145e-12
-1.350535e-12
1.774505e-08
6.980678e-12
-1.290662e-12
1.774176e-08
6.701241e-12
-1.232076e-12
1.77386e-08
6.436908e-12
-1.174537e-12
1.773557e-08
6.188047e-12
-1.118044e-12
1.773266e-08
5.95527e-12
-1.062061e-12
1.772986e-08
5.739722e-12
-1.00678e-12
1.772717e-08
5.542746e-12
-9.498121e-13
1.772457e-08
5.367851e-12
-8.952073e-13
1.772207e-08
5.215216e-12
-8.291069e-13
1.771964e-08
5.103378e-12
-7.891246e-13
1.771734e-08
4.995951e-12
-6.802164e-13
5.113983e-12
-8.758809e-13
2.179426e-08
1.624314e-11
-1.982829e-12
2.178834e-08
1.55562e-11
-1.888075e-12
2.178266e-08
1.490103e-11
-1.800779e-12
2.177722e-08
1.427633e-11
-1.719901e-12
2.177201e-08
1.368023e-11
-1.644045e-12
2.176702e-08
1.311139e-11
-1.572671e-12
2.176223e-08
1.256871e-11
-1.505182e-12
2.175764e-08
1.205126e-11
-1.440824e-12
2.175324e-08
1.155835e-11
-1.378996e-12
2.174903e-08
1.108953e-11
-1.318708e-12
2.174499e-08
1.064462e-11
-1.259582e-12
2.174111e-08
1.022373e-11
-1.201587e-12
2.173739e-08
9.827329e-12
-1.144186e-12
2.173382e-08
9.456318e-12
-1.08771e-12
2.173039e-08
9.111873e-12
-1.029814e-12
2.17271e-08
8.796695e-12
-9.753338e-13
2.172394e-08
8.51083e-12
-9.089891e-13
2.172089e-08
8.267351e-12
-8.742672e-13
2.171801e-08
8.035265e-12
-7.538995e-13
7.944223e-12
-9.943962e-13
2.474538e-08
2.354448e-11
-2.006674e-12
2.473863e-08
2.255269e-11
-1.911412e-12
2.473215e-08
2.160574e-11
-1.823869e-12
2.472595e-08
2.070167e-11
-1.743201e-12
2.472e-08
1.983828e-11
-1.667739e-12
2.471429e-08
1.901364e-11
-1.596872e-12
2.470882e-08
1.822611e-11
-1.530034e-12
2.470357e-08
1.747431e-11
-1.466479e-12
2.469854e-08
1.67571e-11
-1.405633e-12
2.469372e-08
1.607368e-11
-1.346552e-12
2.46891e-08
1.542349e-11
-1.288794e-12
2.468466e-08
1.48063e-11
-1.232284e-12
2.468041e-08
1.422223e-11
-1.176475e-12
2.467633e-08
1.36718e-11
-1.121767e-12
2.467242e-08
1.31559e-11
-1.065842e-12
2.466866e-08
1.267614e-11
-1.014015e-12
2.466507e-08
1.223325e-11
-9.499308e-13
2.466161e-08
1.183325e-11
-9.211918e-13
2.465833e-08
1.146257e-11
-7.932053e-13
1.111661e-11
-1.067143e-12
2.690407e-08
3.103113e-11
-1.932978e-12
2.689713e-08
2.97336e-11
-1.84227e-12
2.689046e-08
2.849369e-11
-1.758999e-12
2.688406e-08
2.730871e-11
-1.682436e-12
2.687792e-08
2.617611e-11
-1.610917e-12
2.687203e-08
2.509341e-11
-1.543809e-12
2.686637e-08
2.405845e-11
-1.480613e-12
2.686094e-08
2.306935e-11
-1.420635e-12
2.685573e-08
2.212455e-11
-1.363365e-12
2.685073e-08
2.122282e-11
-1.30798e-12
2.684593e-08
2.036323e-11
-1.254039e-12
2.684133e-08
1.954511e-11
-1.20143e-12
2.683692e-08
1.876824e-11
-1.149625e-12
2.683268e-08
1.803265e-11
-1.099029e-12
2.682862e-08
1.733897e-11
-1.047424e-12
2.682472e-08
1.668761e-11
-1.000169e-12
2.682099e-08
1.608081e-11
-9.407708e-13
2.681741e-08
1.551622e-11
-9.17687e-13
2.681401e-08
1.500704e-11
-7.893232e-13
1.438547e-11
-1.074666e-12
2.847232e-08
3.791398e-11
-1.763637e-12
2.846593e-08
3.634587e-11
-1.682399e-12
2.845978e-08
3.484605e-11
-1.607568e-12
2.845387e-08
3.341117e-11
-1.538734e-12
2.844818e-08
3.203847e-11
-1.474399e-12
2.844272e-08
3.072505e-11
-1.413973e-12
2.843747e-08
2.946829e-11
-1.357056e-12
2.843243e-08
2.826594e-11
-1.303056e-12
2.842758e-08
2.711604e-11
-1.251553e-12
2.842293e-08
2.601699e-11
-1.201903e-12
2.841845e-08
2.496749e-11
-1.153714e-12
2.841416e-08
2.396653e-11
-1.106851e-12
2.841003e-08
2.301352e-11
-1.060845e-12
2.840607e-08
2.210805e-11
-1.01605e-12
2.840227e-08
2.125058e-11
-9.70484e-13
2.839862e-08
2.04403e-11
-9.290265e-13
2.839512e-08
1.968147e-11
-8.764712e-13
2.839176e-08
1.896265e-11
-8.575802e-13
2.838857e-08
1.832869e-11
-7.384735e-13
1.743875e-11
-1.003699e-12
2.95998e-08
4.33839e-11
-1.513771e-12
2.959473e-08
4.161463e-11
-1.446009e-12
2.958983e-08
3.992066e-11
-1.383212e-12
2.958511e-08
3.829825e-11
-1.325063e-12
2.958057e-08
3.674452e-11
-1.270514e-12
2.957619e-08
3.525637e-11
-1.21908e-12
2.957197e-08
3.383091e-11
-1.170491e-12
2.95679e-08
3.246561e-11
-1.124298e-12
2.956399e-08
3.115829e-11
-1.080194e-12
2.956022e-08
2.990709e-11
-1.037736e-12
2.955659e-08
2.871045e-11
-9.966244e-13
2.95531e-08
2.756708e-11
-9.567142e-13
2.954975e-08
2.647616e-11
-9.176385e-13
2.954652e-08
2.54369e-11
-8.796468e-13
2.954342e-08
2.444967e-11
-8.411819e-13
2.954044e-08
2.351256e-11
-8.060674e-13
2.953758e-08
2.263195e-11
-7.621078e-13
2.953484e-08
2.17876e-11
-7.450818e-13
2.953222e-08
2.105566e-11
-6.459257e-13
1.993461e-11
-8.540371e-13
3.039858e-08
4.672898e-11
-1.214506e-12
3.03955e-08
4.485469e-11
-1.162488e-12
3.039251e-08
4.305806e-11
-1.113603e-12
3.038962e-08
4.133521e-11
-1.067731e-12
3.038681e-08
3.968338e-11
-1.02434e-12
3.03841e-08
3.809947e-11
-9.830992e-13
3.038147e-08
3.658053e-11
-9.438713e-13
3.037893e-08
3.512399e-11
-9.063671e-13
3.037647e-08
3.372757e-11
-8.704099e-13
3.037409e-08
3.238933e-11
-8.357604e-13
3.037179e-08
3.110757e-11
-8.022325e-13
3.036958e-08
2.988089e-11
-7.696754e-13
3.036744e-08
2.870834e-11
-7.378603e-13
3.036537e-08
2.75889e-11
-7.068772e-13
3.036339e-08
2.652289e-11
-6.757808e-13
3.036147e-08
2.550756e-11
-6.46773e-13
3.035963e-08
2.455106e-11
-6.123961e-13
3.035786e-08
2.362582e-11
-5.941652e-13
3.035617e-08
2.283403e-11
-5.247823e-13
2.154735e-11
-6.382382e-13
3.095359e-08
4.743824e-11
-9.006621e-13
3.0953e-08
4.556985e-11
-8.646207e-13
3.09524e-08
4.377661e-11
-8.299391e-13
3.095179e-08
4.205481e-11
-7.964404e-13
3.095118e-08
4.040192e-11
-7.642446e-13
3.095057e-08
3.881506e-11
-7.331931e-13
3.094996e-08
3.729145e-11
-7.032758e-13
3.094935e-08
3.582865e-11
-6.743627e-13
3.094875e-08
3.442446e-11
-6.463953e-13
3.094815e-08
3.3077e-11
-6.193251e-13
3.094755e-08
3.178463e-11
-5.930818e-13
3.094697e-08
3.054595e-11
-5.675137e-13
3.09464e-08
2.936004e-11
-5.425541e-13
3.094583e-08
2.822579e-11
-5.18085e-13
3.094529e-08
2.714353e-11
-4.939267e-13
3.094475e-08
2.610991e-11
-4.701785e-13
3.094424e-08
2.513428e-11
-4.455733e-13
3.094375e-08
2.418415e-11
-4.228907e-13
3.094327e-08
2.337865e-11
-3.908095e-13
2.201372e-11
-3.773472e-13
3.132988e-08
4.526496e-11
-6.037771e-13
3.133202e-08
4.351525e-11
-5.822875e-13
3.133406e-08
4.183371e-11
-5.604666e-13
3.133598e-08
4.021707e-11
-5.381505e-13
3.13378e-08
3.866314e-11
-5.16041e-13
3.133953e-08
3.716944e-11
-4.94155e-13
3.134116e-08
3.573354e-11
-4.7258e-13
3.134272e-08
3.435326e-11
-4.513257e-13
3.134419e-08
3.302667e-11
-4.304359e-13
3.134558e-08
3.175202e-11
-4.100247e-13
3.134691e-08
3.052786e-11
-3.901273e-13
3.134817e-08
2.935297e-11
-3.705924e-13
3.134937e-08
2.822661e-11
-3.515371e-13
3.135051e-08
2.714773e-11
-3.325974e-13
3.13516e-08
2.61166e-11
-3.144423e-13
3.135264e-08
2.512964e-11
-2.947372e-13
3.135364e-08
2.419653e-11
-2.793497e-13
3.13546e-08
2.328303e-11
-2.493578e-13
3.13555e-08
2.251373e-11
-2.58737e-13
2.117024e-11
-9.646145e-14
3.157743e-08
4.024206e-11
-3.459883e-13
3.158229e-08
3.871414e-11
-3.365157e-13
3.158695e-08
3.724394e-11
-3.253748e-13
3.15914e-08
3.582874e-11
-3.122471e-13
3.159565e-08
3.446678e-11
-2.983955e-13
3.159973e-08
3.315605e-11
-2.839938e-13
3.160363e-08
3.189459e-11
-2.692013e-13
3.160736e-08
3.068064e-11
-2.541418e-13
3.161093e-08
2.951251e-11
-2.389351e-13
3.161435e-08
2.838877e-11
-2.238273e-13
3.161762e-08
2.730821e-11
-2.08927e-13
3.162076e-08
2.626991e-11
-1.941078e-13
3.162377e-08
2.527351e-11
-1.796895e-13
3.162665e-08
2.431814e-11
-1.650466e-13
3.162942e-08
2.34038e-11
-1.516847e-13
3.163208e-08
2.252698e-11
-1.347196e-13
3.163462e-08
2.169684e-11
-1.274522e-13
3.163708e-08
2.088079e-11
-8.827976e-14
3.163942e-08
2.019666e-11
-1.395225e-13
1.897571e-11
1.794291e-13
3.173435e-08
3.26551e-11
-1.393975e-13
3.174167e-08
3.143473e-11
-1.390312e-13
3.17487e-08
3.025914e-11
-1.359525e-13
3.175544e-08
2.912629e-11
-1.297404e-13
3.176192e-08
2.803486e-11
-1.220812e-13
3.176813e-08
2.698338e-11
-1.132742e-13
3.17741e-08
2.597046e-11
-1.035243e-13
3.177983e-08
2.49948e-11
-9.30511e-14
3.178533e-08
2.405498e-11
-8.199339e-14
3.179061e-08
2.314987e-11
-7.067423e-14
3.179569e-08
2.227869e-11
-5.926585e-14
3.180056e-08
2.144089e-11
-4.770761e-14
3.180525e-08
2.063651e-11
-3.662064e-14
3.180975e-08
1.986493e-11
-2.514506e-14
3.181407e-08
1.912561e-11
-1.544469e-14
3.181823e-08
1.841527e-11
-1.455186e-16
3.182223e-08
1.774183e-11
4.367615e-16
3.182609e-08
1.707765e-11
4.93762e-14
3.182977e-08
1.652252e-11
-4.035542e-14
1.551631e-11
4.277713e-13
3.1829e-08
2.298952e-11
1.219646e-14
3.183832e-08
2.214104e-11
6.257833e-15
3.184728e-08
2.1323e-11
3.78866e-15
3.18559e-08
2.053396e-11
5.288065e-15
3.186419e-08
1.97731e-11
8.782962e-15
3.187216e-08
1.903951e-11
1.389128e-14
3.187983e-08
1.833246e-11
2.034544e-14
3.188721e-08
1.765112e-11
2.784364e-14
3.189431e-08
1.699424e-11
3.627201e-14
3.190113e-08
1.636104e-11
4.520575e-14
3.19077e-08
1.57516e-11
5.445598e-14
3.191401e-08
6.39165e-14
3.192009e-08
7.274555e-14
3.192593e-08
8.201103e-14
3.193155e-08
8.910805e-14
3.193697e-08
1.035446e-13
3.194218e-08
9.90087e-14
3.194721e-08
1.568394e-13
3.195202e-08
3.519698e-14
6.301942e-13
3.188146e-08
1.186987e-11
1.103485e-13
3.189218e-08
1.143553e-11
1.005691e-13
3.19025e-08
1.101643e-11
9.46378e-14
3.191244e-08
1.061189e-11
9.328528e-14
3.192201e-08
1.022158e-11
9.42997e-14
3.193123e-08
9.845216e-12
9.720923e-14
3.19401e-08
9.482756e-12
1.016524e-13
3.194865e-08
9.133906e-12
1.072448e-13
3.195687e-08
8.797694e-12
1.141488e-13
3.196479e-08
1.219259e-13
1.302871e-13
3.190457e-08
4.030851e-15
1.579356e-13
3.1916e-08
4.558897e-15
1.462311e-13
3.192703e-08
4.954213e-15
1.387343e-13
3.193764e-08
5.243757e-15
1.361547e-13
3.194787e-08
5.905874e-15
1.362404e-13
3.195773e-08
1.384078e-13
3.196722e-08
1.421811e-13
3.197637e-08
1.469895e-13
1.530903e-13
3.190457e-08
-1.186159e-11
1.576174e-13
3.1916e-08
-1.142591e-11
1.457789e-13
3.192702e-08
-1.100555e-11
1.382768e-13
3.193764e-08
1.357775e-13
1.359988e-13
3.188145e-08
1.094343e-13
3.189217e-08
9.934975e-14
9.349393e-14
4.462673e-09
9.414901e-13
-8.659281e-13
4.461707e-09
9.034527e-13
-8.261825e-13
4.46078e-09
8.679068e-13
-7.892172e-13
4.45989e-09
8.342896e-13
-7.545064e-13
4.459035e-09
8.022877e-13
-7.215874e-13
4.458213e-09
7.718852e-13
-6.903341e-13
4.457422e-09
7.431138e-13
-6.6028e-13
4.456661e-09
7.159876e-13
-6.313763e-13
4.455928e-09
6.905322e-13
-6.035079e-13
4.455222e-09
6.66803e-13
-5.764085e-13
4.45454e-09
6.449478e-13
-5.499489e-13
4.453881e-09
6.25203e-13
-5.239957e-13
4.453241e-09
6.078703e-13
-4.982493e-13
4.452619e-09
5.935608e-13
-4.725193e-13
4.452011e-09
5.829407e-13
-4.457694e-13
4.451409e-09
5.784028e-13
-4.1862e-13
4.450812e-09
5.807536e-13
-3.865897e-13
4.45019e-09
6.050863e-13
-3.599562e-13
4.449562e-09
6.31234e-13
-3.160774e-13
8.583113e-13
-3.768796e-13
1.093135e-08
3.488473e-12
-1.446591e-12
1.092876e-08
3.345868e-12
-1.378597e-12
1.092628e-08
3.210736e-12
-1.315179e-12
1.092391e-08
3.082458e-12
-1.255958e-12
1.092162e-08
2.960322e-12
-1.200068e-12
1.091943e-08
2.844116e-12
-1.147151e-12
1.091733e-08
2.73373e-12
-1.096619e-12
1.091531e-08
2.629106e-12
-1.048137e-12
1.091337e-08
2.530273e-12
-1.001376e-12
1.09115e-08
2.437342e-12
-9.558057e-13
1.090971e-08
2.350574e-12
-9.111655e-13
1.090798e-08
2.270434e-12
-8.673012e-13
1.090631e-08
2.197567e-12
-8.238081e-13
1.090469e-08
2.133064e-12
-7.804863e-13
1.090313e-08
2.07831e-12
-7.359597e-13
1.090161e-08
2.036606e-12
-6.915814e-13
1.090013e-08
2.009806e-12
-6.412419e-13
1.089867e-08
2.015346e-12
-6.038674e-13
1.089724e-08
2.033761e-12
-5.417602e-13
2.27373e-12
-6.899977e-13
1.562628e-08
7.398019e-12
-1.65015e-12
1.562232e-08
7.094261e-12
-1.5708e-12
1.561853e-08
6.804847e-12
-1.497648e-12
1.56149e-08
6.529228e-12
-1.429759e-12
1.561141e-08
6.266414e-12
-1.365921e-12
1.560807e-08
6.015909e-12
-1.305696e-12
1.560486e-08
5.777399e-12
-1.248442e-12
1.560178e-08
5.550661e-12
-1.193721e-12
1.559883e-08
5.335626e-12
-1.141105e-12
1.559599e-08
5.13238e-12
-1.089919e-12
1.559326e-08
4.941197e-12
-1.039766e-12
1.559064e-08
4.762607e-12
-9.904573e-13
1.558812e-08
4.59741e-12
-9.415748e-13
1.55857e-08
4.446874e-12
-8.930298e-13
1.558336e-08
4.312608e-12
-8.434436e-13
1.558109e-08
4.197882e-12
-7.948782e-13
1.557891e-08
4.104179e-12
-7.400699e-13
1.55768e-08
4.046351e-12
-7.038325e-13
1.557478e-08
4.000784e-12
-6.293271e-13
4.144429e-12
-8.437515e-13
1.904559e-08
1.239201e-11
-1.730674e-12
1.904057e-08
1.188255e-11
-1.647034e-12
1.903574e-08
1.139611e-11
-1.570174e-12
1.903112e-08
1.093183e-11
-1.499378e-12
1.902669e-08
1.048852e-11
-1.433004e-12
1.902244e-08
1.006536e-11
-1.370533e-12
1.901836e-08
9.661769e-12
-1.311334e-12
1.901444e-08
9.277269e-12
-1.254947e-12
1.901069e-08
8.911604e-12
-1.200917e-12
1.900709e-08
8.564714e-12
-1.148549e-12
1.900363e-08
8.236759e-12
-1.097367e-12
1.900031e-08
7.928175e-12
-1.047151e-12
1.899712e-08
7.639703e-12
-9.974792e-13
1.899406e-08
7.372517e-12
-9.483718e-13
1.899111e-08
7.128112e-12
-8.985153e-13
1.898828e-08
6.90918e-12
-8.50619e-13
1.898555e-08
6.716826e-12
-7.96351e-13
1.898293e-08
6.561585e-12
-7.654702e-13
1.898043e-08
6.422311e-12
-6.810968e-13
6.408768e-12
-9.51092e-13
2.154033e-08
1.807154e-11
-1.740528e-12
2.153463e-08
1.733035e-11
-1.656251e-12
2.152916e-08
1.662172e-11
-1.579296e-12
2.152391e-08
1.594444e-11
-1.508739e-12
2.151888e-08
1.529705e-11
-1.442781e-12
2.151405e-08
1.467837e-11
-1.380831e-12
2.150942e-08
1.408747e-11
-1.322271e-12
2.150497e-08
1.352357e-11
-1.266644e-12
2.15007e-08
1.298615e-11
-1.21351e-12
2.149661e-08
1.247492e-11
-1.162215e-12
2.149268e-08
1.198983e-11
-1.112273e-12
2.148891e-08
1.153111e-11
-1.063453e-12
2.148529e-08
1.109928e-11
-1.015334e-12
2.148181e-08
1.069528e-11
-9.680032e-13
2.147848e-08
1.032036e-11
-9.201795e-13
2.147527e-08
9.976409e-12
-8.749748e-13
2.14722e-08
9.664742e-12
-8.231191e-13
2.146924e-08
9.390656e-12
-7.978177e-13
2.146644e-08
9.144014e-12
-7.057417e-13
8.935707e-12
-1.014055e-12
2.335824e-08
2.391296e-11
-1.672961e-12
2.335239e-08
2.293815e-11
-1.592699e-12
2.334676e-08
2.200541e-11
-1.519227e-12
2.334136e-08
2.111286e-11
-1.452148e-12
2.333618e-08
2.025886e-11
-1.389542e-12
2.33312e-08
1.944188e-11
-1.330787e-12
2.332643e-08
1.866061e-11
-1.275328e-12
2.332184e-08
1.791397e-11
-1.222742e-12
2.331743e-08
1.720116e-11
-1.172625e-12
2.33132e-08
1.652162e-11
-1.124412e-12
2.330914e-08
1.587502e-11
-1.077652e-12
2.330524e-08
1.526132e-11
-1.03212e-12
2.33015e-08
1.468081e-11
-9.874254e-13
2.32979e-08
1.413408e-11
-9.436803e-13
2.329446e-08
1.362215e-11
-8.996548e-13
2.329114e-08
1.314604e-11
-8.585535e-13
2.328797e-08
1.27079e-11
-8.107188e-13
2.328493e-08
1.230708e-11
-7.903308e-13
2.328203e-08
1.195125e-11
-6.957446e-13
1.153036e-11
-1.015941e-12
2.467647e-08
2.930199e-11
-1.526032e-12
2.467106e-08
2.811921e-11
-1.453876e-12
2.466586e-08
2.698637e-11
-1.387873e-12
2.466086e-08
2.590118e-11
-1.327454e-12
2.465605e-08
2.486184e-11
-1.271031e-12
2.465143e-08
2.38665e-11
-1.218039e-12
2.464699e-08
2.291355e-11
-1.168009e-12
2.464272e-08
2.200165e-11
-1.120588e-12
2.463861e-08
2.112974e-11
-1.075436e-12
2.463467e-08
2.029699e-11
-1.032098e-12
2.463088e-08
1.950284e-11
-9.901985e-13
2.462723e-08
1.874698e-11
-9.495332e-13
2.462373e-08
1.802945e-11
-9.097603e-13
2.462037e-08
1.735049e-11
-8.709891e-13
2.461715e-08
1.671095e-11
-8.321067e-13
2.461405e-08
1.611101e-11
-7.960562e-13
2.461108e-08
1.555403e-11
-7.537092e-13
2.460823e-08
1.503307e-11
-7.368657e-13
2.460552e-08
1.457718e-11
-6.472215e-13
1.394737e-11
-9.446707e-13
2.562375e-08
3.360842e-11
-1.311e-12
2.56194e-08
3.226942e-11
-1.250933e-12
2.561521e-08
3.098572e-11
-1.195379e-12
2.561118e-08
2.975458e-11
-1.144282e-12
2.560729e-08
2.857416e-11
-1.096386e-12
2.560355e-08
2.744248e-11
-1.051247e-12
2.559994e-08
2.635772e-11
-1.008521e-12
2.559647e-08
2.531835e-11
-9.679532e-13
2.559313e-08
2.432313e-11
-9.292831e-13
2.558991e-08
2.337108e-11
-8.921876e-13
2.558681e-08
2.246141e-11
-8.563833e-13
2.558383e-08
2.159362e-11
-8.216995e-13
2.558096e-08
2.076754e-11
-7.878691e-13
2.55782e-08
1.998316e-11
-7.549652e-13
2.557555e-08
1.924115e-11
-7.220944e-13
2.557301e-08
1.854098e-11
-6.915653e-13
2.557057e-08
1.788726e-11
-6.559113e-13
2.556823e-08
1.726705e-11
-6.406863e-13
2.5566e-08
1.673069e-11
-5.64435e-13
1.591876e-11
-7.99954e-13
2.629531e-08
3.627436e-11
-1.053678e-12
2.629257e-08
3.485168e-11
-1.007512e-12
2.628992e-08
3.348609e-11
-9.644537e-13
2.628736e-08
3.217487e-11
-9.241533e-13
2.628488e-08
3.091619e-11
-8.860645e-13
2.628248e-08
2.970806e-11
-8.499182e-13
2.628016e-08
2.85486e-11
-8.155001e-13
2.627792e-08
2.743624e-11
-7.82663e-13
2.627575e-08
2.636967e-11
-7.512412e-13
2.627366e-08
2.53478e-11
-7.210419e-13
2.627164e-08
2.436977e-11
-6.918876e-13
2.62697e-08
2.343494e-11
-6.636413e-13
2.626782e-08
2.254303e-11
-6.361287e-13
2.626601e-08
2.169383e-11
-6.093533e-13
2.626427e-08
2.088793e-11
-5.827461e-13
2.62626e-08
2.012415e-11
-5.576192e-13
2.626099e-08
1.940824e-11
-5.293116e-13
2.625946e-08
1.872217e-11
-5.132799e-13
2.625799e-08
1.813413e-11
-4.582607e-13
1.71888e-11
-5.930449e-13
2.676275e-08
3.689353e-11
-7.836149e-13
2.676201e-08
3.547143e-11
-7.519735e-13
2.676129e-08
3.410478e-11
-7.215031e-13
2.676056e-08
3.279084e-11
-6.921663e-13
2.675985e-08
3.152799e-11
-6.639925e-13
2.675915e-08
3.031435e-11
-6.369101e-13
2.675846e-08
2.914816e-11
-6.108351e-13
2.675778e-08
2.802791e-11
-5.85725e-13
2.675711e-08
2.695233e-11
-5.615032e-13
2.675646e-08
2.592034e-11
-5.380991e-13
2.675582e-08
2.493107e-11
-5.154384e-13
2.675519e-08
2.39839e-11
-4.934171e-13
2.675459e-08
2.307851e-11
-4.719658e-13
2.6754e-08
2.221458e-11
-4.509865e-13
2.675343e-08
2.139264e-11
-4.303196e-13
2.675288e-08
2.061105e-11
-4.099716e-13
2.675236e-08
1.987625e-11
-3.890534e-13
2.675186e-08
1.91668e-11
-3.696644e-13
2.675138e-08
1.856257e-11
-3.419016e-13
1.754995e-11
-3.431939e-13
2.708057e-08
3.526255e-11
-5.280012e-13
2.708204e-08
3.392748e-11
-5.094311e-13
2.708343e-08
3.264279e-11
-4.906581e-13
2.708475e-08
3.140611e-11
-4.712836e-13
2.7086e-08
3.021601e-11
-4.520969e-13
2.708718e-08
2.907088e-11
-4.332233e-13
2.70883e-08
2.796917e-11
-4.146897e-13
2.708937e-08
2.690955e-11
-3.965407e-13
2.709038e-08
2.589087e-11
-3.787753e-13
2.709134e-08
2.491213e-11
-3.614271e-13
2.709225e-08
2.397257e-11
-3.445105e-13
2.709312e-08
2.307163e-11
-3.279557e-13
2.709395e-08
2.220912e-11
-3.118106e-13
2.709474e-08
2.138468e-11
-2.958505e-13
2.70955e-08
2.059872e-11
-2.803657e-13
2.709623e-08
1.984938e-11
-2.638418e-13
2.709693e-08
1.914323e-11
-2.497964e-13
2.709762e-08
1.845751e-11
-2.248048e-13
2.709827e-08
1.787601e-11
-2.27677e-13
1.68723e-11
-7.373313e-14
2.729051e-08
3.139566e-11
-3.058919e-13
2.729417e-08
3.022729e-11
-2.983958e-13
2.729768e-08
2.910166e-11
-2.89235e-13
2.730103e-08
2.801678e-11
-2.781055e-13
2.730424e-08
2.697151e-11
-2.663336e-13
2.730732e-08
2.596457e-11
-2.542187e-13
2.731027e-08
2.49947e-11
-2.418813e-13
2.731309e-08
2.406083e-11
-2.294324e-13
2.73158e-08
2.316195e-11
-2.169289e-13
2.731839e-08
2.229723e-11
-2.044715e-13
2.732088e-08
2.146604e-11
-1.921616e-13
2.732327e-08
2.066802e-11
-1.799633e-13
2.732557e-08
1.99032e-11
-1.68072e-13
2.732777e-08
1.917127e-11
-1.56121e-13
2.732989e-08
1.847237e-11
-1.448241e-13
2.733193e-08
1.780456e-11
-1.310601e-13
2.73339e-08
1.7174e-11
-1.229708e-13
2.73358e-08
1.655895e-11
-9.088419e-14
2.733762e-08
1.603879e-11
-1.248355e-13
1.512192e-11
1.916189e-13
2.742429e-08
2.550749e-11
-1.27896e-13
2.742993e-08
2.45726e-11
-1.287286e-13
2.743535e-08
2.367093e-11
-1.269849e-13
2.744056e-08
2.280097e-11
-1.22089e-13
2.744557e-08
2.196188e-11
-1.159085e-13
2.745037e-08
2.115273e-11
-1.088823e-13
2.745499e-08
2.037266e-11
-1.012045e-13
2.745943e-08
1.962086e-11
-9.303629e-14
2.74637e-08
1.889648e-11
-8.442305e-14
2.74678e-08
1.819882e-11
-7.553684e-14
2.747175e-08
1.752759e-11
-6.651693e-14
2.747554e-08
1.688261e-11
-5.742784e-14
2.74792e-08
1.626412e-11
-4.867114e-14
2.748271e-08
1.567186e-11
-3.977503e-14
2.748609e-08
1.510552e-11
-3.173642e-14
2.748935e-08
1.456322e-11
-1.982897e-14
2.749249e-08
1.405024e-11
-1.657851e-14
2.749553e-08
1.354812e-11
2.308741e-14
2.749844e-08
1.312415e-11
-3.948524e-14
1.236564e-11
4.31071e-13
2.750548e-08
1.797387e-11
2.759827e-15
2.751274e-08
1.732303e-11
-3.937636e-15
2.751973e-08
1.669474e-11
-7.292475e-15
2.752645e-08
1.608801e-11
-6.672969e-15
2.753292e-08
1.550232e-11
-4.290333e-15
2.753915e-08
1.493712e-11
-6.942203e-16
2.754515e-08
1.4392e-11
3.858322e-15
2.755093e-08
1.386642e-11
9.172593e-15
2.755648e-08
1.335958e-11
1.522554e-14
2.756183e-08
1.287105e-11
2.185387e-14
2.756699e-08
1.240105e-11
2.876977e-14
2.757195e-08
3.577184e-14
2.757673e-08
4.226975e-14
2.758133e-08
4.887166e-14
2.758577e-08
5.453433e-14
2.759005e-08
6.532318e-14
2.759417e-08
6.494455e-14
2.759816e-08
1.115458e-13
2.760199e-08
2.524678e-14
6.265326e-13
2.755077e-08
9.285537e-12
8.735589e-14
2.755917e-08
8.952068e-12
7.705226e-14
2.756725e-08
8.629953e-12
7.055634e-14
2.757505e-08
8.318664e-12
6.859432e-14
2.758256e-08
8.018058e-12
6.870873e-14
2.758979e-08
7.727989e-12
7.02579e-14
2.759677e-08
7.448462e-12
7.287876e-14
2.760348e-08
7.179282e-12
7.6354e-14
2.760996e-08
6.919782e-12
8.089567e-14
2.761619e-08
8.629624e-14
9.212071e-14
2.757082e-08
3.450237e-15
1.285051e-13
2.75798e-08
3.926249e-15
1.16503e-13
2.758845e-08
4.318475e-15
1.085659e-13
2.75968e-08
4.664547e-15
1.054951e-13
2.760484e-08
5.342843e-15
1.046945e-13
2.76126e-08
1.05389e-13
2.762007e-08
1.071579e-13
2.762728e-08
1.097209e-13
1.133824e-13
2.757082e-08
-9.278278e-12
1.284406e-13
2.757979e-08
-8.943636e-12
1.163747e-13
2.758845e-08
-8.620363e-12
1.084667e-13
2.759679e-08
1.0548e-13
1.04727e-13
2.755076e-08
8.706752e-14
2.755916e-08
7.663546e-14
7.01854e-14
3.748607e-09
5.485457e-13
-5.982354e-13
3.747825e-09
5.278215e-13
-5.713402e-13
3.747073e-09
5.085914e-13
-5.462256e-13
3.74635e-09
4.90442e-13
-5.226629e-13
3.745656e-09
4.73209e-13
-5.003921e-13
3.744987e-09
4.569372e-13
-4.790437e-13
3.744344e-09
4.416671e-13
-4.586107e-13
3.743723e-09
4.274846e-13
-4.39004e-13
3.743125e-09
4.144202e-13
-4.201534e-13
3.742548e-09
4.025721e-13
-4.018502e-13
3.741989e-09
3.921003e-13
-3.840137e-13
3.741448e-09
3.832502e-13
-3.665422e-13
3.740922e-09
3.763454e-13
-3.492498e-13
3.74041e-09
3.719538e-13
-3.319762e-13
3.739907e-09
3.708152e-13
-3.141534e-13
3.739409e-09
3.748927e-13
-2.960062e-13
3.738912e-09
3.856786e-13
-2.75389e-13
3.738397e-09
4.1437e-13
-2.58412e-13
3.737866e-09
4.496021e-13
-2.344628e-13
6.387647e-13
-2.998006e-13
8.935985e-09
2.189094e-12
-9.57445e-13
8.933943e-09
2.104019e-12
-9.128979e-13
8.931985e-09
2.02332e-12
-8.715601e-13
8.930105e-09
1.946785e-12
-8.328827e-13
8.9283e-09
1.873997e-12
-7.963853e-13
8.926567e-09
1.804894e-12
-7.61651e-13
8.924901e-09
1.73951e-12
-7.284652e-13
8.923298e-09
1.677933e-12
-6.967133e-13
8.921757e-09
1.620303e-12
-6.661136e-13
8.920273e-09
1.566842e-12
-6.363173e-13
8.918843e-09
1.517886e-12
-6.071401e-13
8.917463e-09
1.473952e-12
-5.784416e-13
8.91613e-09
1.43575e-12
-5.499538e-13
8.914838e-09
1.404371e-12
-5.214878e-13
8.913584e-09
1.38128e-12
-4.922857e-13
8.912361e-09
1.369416e-12
-4.630857e-13
8.911165e-09
1.37134e-12
-4.310372e-13
8.909985e-09
1.400704e-12
-4.094264e-13
8.908824e-09
1.447477e-12
-3.779508e-13
1.662721e-12
-5.412634e-13
1.259778e-08
4.807202e-12
-1.062362e-12
1.259471e-08
4.617962e-12
-1.011433e-12
1.259176e-08
4.437521e-12
-9.646179e-13
1.258894e-08
4.265521e-12
-9.213311e-13
1.258622e-08
4.101504e-12
-8.806166e-13
1.258362e-08
3.945294e-12
-8.420112e-13
1.258112e-08
3.796852e-12
-8.05253e-13
1.257872e-08
3.656224e-12
-7.701924e-13
1.257641e-08
3.52359e-12
-7.364779e-13
1.257419e-08
3.399244e-12
-7.03687e-13
1.257206e-08
3.283639e-12
-6.715491e-13
1.257e-08
3.177455e-12
-6.39892e-13
1.256802e-08
3.081629e-12
-6.084282e-13
1.256611e-08
2.997511e-12
-5.770291e-13
1.256427e-08
2.926841e-12
-5.449301e-13
1.256249e-08
2.87265e-12
-5.133803e-13
1.256076e-08
2.837188e-12
-4.787061e-13
1.255908e-08
2.832144e-12
-4.593453e-13
1.255748e-08
2.844131e-12
-4.194123e-13
3.001674e-12
-6.554394e-13
1.522378e-08
8.207656e-12
-1.098786e-12
1.521992e-08
7.882825e-12
-1.045146e-12
1.521621e-08
7.572039e-12
-9.966132e-13
1.521265e-08
7.27507e-12
-9.519915e-13
1.520924e-08
6.991312e-12
-9.101368e-13
1.520596e-08
6.720446e-12
-8.705469e-13
1.520282e-08
6.462315e-12
-8.329649e-13
1.51998e-08
6.216881e-12
-7.972232e-13
1.51969e-08
5.984278e-12
-7.629639e-13
1.519412e-08
5.764789e-12
-7.297556e-13
1.519144e-08
5.55888e-12
-6.972925e-13
1.518887e-08
5.367258e-12
-6.653897e-13
1.51864e-08
5.19091e-12
-6.337628e-13
1.518402e-08
5.031199e-12
-6.023626e-13
1.518173e-08
4.889828e-12
-5.704711e-13
1.517952e-08
4.769429e-12
-5.398253e-13
1.51774e-08
4.671787e-12
-5.058884e-13
1.517535e-08
4.605216e-12
-4.913022e-13
1.51734e-08
4.556958e-12
-4.434026e-13
4.610925e-12
-7.365251e-13
1.712377e-08
1.210655e-11
-1.097676e-12
1.711942e-08
1.162696e-11
-1.043994e-12
1.711524e-08
1.116771e-11
-9.953486e-13
1.711123e-08
1.0728e-11
-9.511018e-13
1.710738e-08
1.030722e-11
-9.09718e-13
1.710368e-08
9.904876e-12
-8.706382e-13
1.710013e-08
9.52064e-12
-8.336342e-13
1.709673e-08
9.154347e-12
-7.985275e-13
1.709346e-08
8.806031e-12
-7.649789e-13
1.709032e-08
8.475885e-12
-7.32585e-13
1.70873e-08
8.164296e-12
-7.010462e-13
1.70844e-08
7.871893e-12
-6.701828e-13
1.708162e-08
7.599588e-12
-6.397238e-13
1.707895e-08
7.348606e-12
-6.096758e-13
1.707637e-08
7.120487e-12
-5.793424e-13
1.70739e-08
6.917293e-12
-5.507728e-13
1.707153e-08
6.740752e-12
-5.186155e-13
1.706925e-08
6.595315e-12
-5.083777e-13
1.706708e-08
6.474414e-12
-4.534197e-13
6.396415e-12
-7.837525e-13
1.850223e-08
1.6138e-11
-1.052571e-12
1.849776e-08
1.55014e-11
-1.001036e-12
1.849347e-08
1.489099e-11
-9.547915e-13
1.848936e-08
1.430587e-11
-9.12755e-13
1.84854e-08
1.374521e-11
-8.735065e-13
1.84816e-08
1.320836e-11
-8.364815e-13
1.847796e-08
1.269479e-11
-8.014821e-13
1.847445e-08
1.22042e-11
-7.683309e-13
1.847109e-08
1.173649e-11
-7.367223e-13
1.846785e-08
1.129172e-11
-7.063038e-13
1.846475e-08
1.087014e-11
-6.768069e-13
1.846176e-08
1.047225e-11
-6.480713e-13
1.84589e-08
1.00988e-11
-6.198524e-13
1.845614e-08
9.750815e-12
-5.92189e-13
1.84535e-08
9.429663e-12
-5.644079e-13
1.845096e-08
9.136804e-12
-5.386492e-13
1.844853e-08
8.874382e-12
-5.091059e-13
1.844619e-08
8.642713e-12
-5.021509e-13
1.844397e-08
8.445898e-12
-4.435257e-13
8.22146e-12
-7.835448e-13
1.949974e-08
1.987846e-11
-9.589277e-13
1.94956e-08
1.910052e-11
-9.129201e-13
1.949162e-08
1.835413e-11
-8.711428e-13
1.94878e-08
1.76377e-11
-8.332954e-13
1.948412e-08
1.695044e-11
-7.979349e-13
1.948058e-08
1.629152e-11
-7.645469e-13
1.947718e-08
1.566024e-11
-7.329893e-13
1.947391e-08
1.505616e-11
-7.031042e-13
1.947077e-08
1.447905e-11
-6.74638e-13
1.946775e-08
1.392882e-11
-6.473035e-13
1.946484e-08
1.340559e-11
-6.208794e-13
1.946205e-08
1.290967e-11
-5.952315e-13
1.945937e-08
1.244168e-11
-5.701531e-13
1.945679e-08
1.200242e-11
-5.45692e-13
1.945432e-08
1.159308e-11
-5.212324e-13
1.945194e-08
1.121457e-11
-4.987575e-13
1.944967e-08
1.086974e-11
-4.726279e-13
1.944749e-08
1.055468e-11
-4.674679e-13
1.944541e-08
1.028655e-11
-4.104099e-13
9.915916e-12
-7.258415e-13
2.021622e-08
2.289286e-11
-8.234798e-13
2.021284e-08
2.200748e-11
-7.848766e-13
2.02096e-08
2.115692e-11
-7.499099e-13
2.020647e-08
2.033966e-11
-7.178653e-13
2.020345e-08
1.955473e-11
-6.87823e-13
2.020055e-08
1.880123e-11
-6.59384e-13
2.019776e-08
1.807834e-11
-6.324548e-13
2.019507e-08
1.738551e-11
-6.069068e-13
2.019248e-08
1.672242e-11
-5.825513e-13
2.018999e-08
1.608885e-11
-5.591746e-13
2.018759e-08
1.548479e-11
-5.366113e-13
2.018528e-08
1.491042e-11
-5.147574e-13
2.018306e-08
1.436622e-11
-4.93455e-13
2.018093e-08
1.385276e-11
-4.727384e-13
2.017888e-08
1.337113e-11
-4.521064e-13
2.017692e-08
1.29217e-11
-4.331283e-13
2.017503e-08
1.250813e-11
-4.111087e-13
2.017323e-08
1.212246e-11
-4.059567e-13
2.017151e-08
1.179499e-11
-3.565453e-13
1.129433e-11
-6.096586e-13
2.072454e-08
2.479313e-11
-6.612557e-13
2.072233e-08
2.384783e-11
-6.320467e-13
2.072019e-08
2.293889e-11
-6.047911e-13
2.071812e-08
2.206441e-11
-5.79522e-13
2.071612e-08
2.122351e-11
-5.556304e-13
2.071419e-08
2.041527e-11
-5.328756e-13
2.071232e-08
1.963883e-11
-5.112237e-13
2.071052e-08
1.889359e-11
-4.905838e-13
2.070878e-08
1.817915e-11
-4.708414e-13
2.070711e-08
1.749525e-11
-4.518575e-13
2.070549e-08
1.684177e-11
-4.335249e-13
2.070394e-08
1.621882e-11
-4.157689e-13
2.070244e-08
1.562673e-11
-3.984879e-13
2.0701e-08
1.506594e-11
-3.816794e-13
2.069961e-08
1.45374e-11
-3.65018e-13
2.069829e-08
1.404106e-11
-3.494117e-13
2.069702e-08
1.358121e-11
-3.318959e-13
2.06958e-08
1.314652e-11
-3.247362e-13
2.069465e-08
1.277831e-11
-2.887101e-13
1.217919e-11
-4.429235e-13
2.107905e-08
2.529076e-11
-4.915392e-13
2.107827e-08
2.434207e-11
-4.714957e-13
2.107751e-08
2.342862e-11
-4.524408e-13
2.107677e-08
2.254879e-11
-4.340103e-13
2.107605e-08
2.17017e-11
-4.163123e-13
2.107534e-08
2.088646e-11
-3.99289e-13
2.107465e-08
2.010227e-11
-3.829459e-13
2.107397e-08
1.934854e-11
-3.672235e-13
2.107332e-08
1.862487e-11
-3.520782e-13
2.107268e-08
1.793095e-11
-3.374406e-13
2.107206e-08
1.726664e-11
-3.232573e-13
2.107147e-08
1.663201e-11
-3.094806e-13
2.107089e-08
1.602734e-11
-2.960713e-13
2.107033e-08
1.545294e-11
-2.829677e-13
2.10698e-08
1.490964e-11
-2.700692e-13
2.106929e-08
1.439702e-11
-2.574123e-13
2.106881e-08
1.391976e-11
-2.444315e-13
2.106836e-08
1.346419e-11
-2.33285e-13
2.106793e-08
1.30789e-11
-2.151411e-13
1.242543e-11
-2.401408e-13
2.132085e-08
2.42349e-11
-3.307402e-13
2.132166e-08
2.334093e-11
-3.195766e-13
2.132243e-08
2.247926e-11
-3.078289e-13
2.132315e-08
2.164821e-11
-2.956506e-13
2.132384e-08
2.08471e-11
-2.835853e-13
2.132449e-08
2.007517e-11
-2.717644e-13
2.13251e-08
1.933171e-11
-2.602286e-13
2.132569e-08
1.86162e-11
-2.489446e-13
2.132624e-08
1.792825e-11
-2.379339e-13
2.132677e-08
1.726757e-11
-2.271831e-13
2.132728e-08
1.663403e-11
-2.166835e-13
2.132776e-08
1.60277e-11
-2.064157e-13
2.132822e-08
1.544891e-11
-1.9641e-13
2.132867e-08
1.489786e-11
-1.865278e-13
2.13291e-08
1.437521e-11
-1.769152e-13
2.132952e-08
1.38803e-11
-1.665922e-13
2.132993e-08
1.341778e-11
-1.578354e-13
2.133033e-08
1.297306e-11
-1.410702e-13
2.133073e-08
1.25972e-11
-1.434515e-13
1.194124e-11
-1.961235e-14
2.148127e-08
2.162441e-11
-1.914293e-13
2.148366e-08
2.08397e-11
-1.873838e-13
2.148595e-08
2.008235e-11
-1.819083e-13
2.148815e-08
1.935112e-11
-1.748705e-13
2.149025e-08
1.864539e-11
-1.674327e-13
2.149227e-08
1.796459e-11
-1.59897e-13
2.14942e-08
1.730815e-11
-1.52316e-13
2.149606e-08
1.667566e-11
-1.446771e-13
2.149784e-08
1.606675e-11
-1.370427e-13
2.149955e-08
1.548117e-11
-1.294396e-13
2.150119e-08
1.491885e-11
-1.219008e-13
2.150278e-08
1.437993e-11
-1.144396e-13
2.15043e-08
1.38648e-11
-1.071801e-13
2.150577e-08
1.337361e-11
-9.989312e-14
2.150718e-08
1.290672e-11
-9.294587e-14
2.150855e-08
1.246331e-11
-8.428237e-14
2.150988e-08
1.204768e-11
-7.918986e-14
2.151117e-08
1.164581e-11
-5.582419e-14
2.151242e-08
1.130613e-11
-7.929125e-14
1.07014e-11
1.993473e-13
2.158408e-08
1.759987e-11
-7.977287e-14
2.15879e-08
1.697035e-11
-8.141813e-14
2.159158e-08
1.63622e-11
-8.06197e-14
2.159511e-08
1.577437e-11
-7.748379e-14
2.159851e-08
1.520647e-11
-7.354098e-14
2.160177e-08
1.46581e-11
-6.923669e-14
2.160492e-08
1.412889e-11
-6.463729e-14
2.160794e-08
1.361854e-11
-5.973405e-14
2.161085e-08
1.312667e-11
-5.460838e-14
2.161365e-08
1.265309e-11
-4.929673e-14
2.161635e-08
1.219789e-11
-4.38756e-14
2.161895e-08
1.176126e-11
-3.843397e-14
2.162145e-08
1.134361e-11
-3.322871e-14
2.162387e-08
1.094498e-11
-2.795701e-14
2.16262e-08
1.056532e-11
-2.310192e-14
2.162846e-08
1.020378e-11
-1.554413e-14
2.163064e-08
9.864037e-12
-1.342863e-14
2.163276e-08
9.534119e-12
1.669871e-14
2.163479e-08
9.255124e-12
-2.633924e-14
8.7515e-12
3.984125e-13
2.164689e-08
1.241798e-11
1.955586e-15
2.165188e-08
1.197892e-11
-3.514239e-15
2.165669e-08
1.155437e-11
-6.035379e-15
2.166132e-08
1.114367e-11
-5.557051e-15
2.166578e-08
1.074658e-11
-3.98041e-15
2.167007e-08
1.036291e-11
-1.853338e-15
2.167421e-08
9.992536e-12
7.392347e-16
2.16782e-08
9.635225e-12
3.792033e-15
2.168205e-08
9.290593e-12
7.287224e-15
2.168575e-08
8.958533e-12
1.115009e-14
2.168932e-08
8.63943e-12
1.520818e-14
2.169277e-08
1.924884e-14
2.169609e-08
2.290869e-14
2.16993e-08
2.661293e-14
2.170239e-08
2.992366e-14
2.170539e-08
3.68683e-14
2.170828e-08
3.675806e-14
2.171109e-08
7.293206e-14
2.17138e-08
1.357893e-14
5.618863e-13
2.168216e-08
6.420617e-12
5.490248e-14
2.168798e-08
6.195433e-12
4.697311e-14
2.169358e-08
5.977545e-12
4.245664e-14
2.169899e-08
5.766625e-12
4.133149e-14
2.17042e-08
5.562673e-12
4.150451e-14
2.170922e-08
5.365693e-12
4.232551e-14
2.171407e-08
5.175763e-12
4.3665e-14
2.171874e-08
4.992771e-12
4.554564e-14
2.172325e-08
4.81631e-12
4.805701e-14
2.17276e-08
5.112955e-14
5.439836e-14
2.169786e-08
2.90194e-15
8.067397e-14
2.17041e-08
3.325596e-15
7.162286e-14
2.171012e-08
3.68734e-15
6.619663e-14
2.171592e-08
4.05114e-15
6.44027e-14
2.172152e-08
4.720056e-15
6.399661e-14
2.172692e-08
6.423274e-14
2.173213e-08
6.497802e-14
2.173716e-08
6.619304e-14
6.811419e-14
2.169786e-08
-6.414423e-12
8.071071e-14
2.17041e-08
-6.188204e-12
7.164239e-14
2.171011e-08
-5.969325e-12
6.626191e-14
2.171591e-08
6.454531e-14
6.415063e-14
2.168216e-08
5.491497e-14
2.168797e-08
4.694511e-14
4.250758e-14
2.728389e-09
2.08293e-13
-2.412482e-13
2.727847e-09
2.017228e-13
-2.306987e-13
2.727326e-09
1.956831e-13
-2.209507e-13
2.726824e-09
1.901155e-13
-2.117616e-13
2.726342e-09
1.849195e-13
-2.029838e-13
2.725877e-09
1.8012e-13
-1.945829e-13
2.725429e-09
1.758282e-13
-1.865667e-13
2.724996e-09
1.720827e-13
-1.789563e-13
2.724578e-09
1.689514e-13
-1.715914e-13
2.724173e-09
1.665236e-13
-1.644282e-13
2.723781e-09
1.64955e-13
-1.574859e-13
2.723401e-09
1.644671e-13
-1.507253e-13
2.72303e-09
1.653532e-13
-1.440662e-13
2.722667e-09
1.68093e-13
-1.374495e-13
2.72231e-09
1.733622e-13
-1.306569e-13
2.721955e-09
1.826883e-13
-1.238584e-13
2.721598e-09
1.976735e-13
-1.162382e-13
2.721225e-09
2.259971e-13
-1.112962e-13
2.720831e-09
2.626655e-13
-1.029066e-13
4.023538e-13
-1.611097e-13
6.202911e-09
1.019654e-12
-3.569006e-13
6.201557e-09
9.832291e-13
-3.407689e-13
6.200258e-09
9.489066e-13
-3.2571e-13
6.19901e-09
9.16454e-13
-3.116427e-13
6.197811e-09
8.857461e-13
-2.982578e-13
6.196658e-09
8.568114e-13
-2.85457e-13
6.195549e-09
8.29767e-13
-2.732951e-13
6.19448e-09
8.047558e-13
-2.617056e-13
6.193451e-09
7.81968e-13
-2.504715e-13
6.192459e-09
7.616476e-13
-2.394902e-13
6.191501e-09
7.4414e-13
-2.287456e-13
6.190575e-09
7.299337e-13
-2.181805e-13
6.189678e-09
7.196831e-13
-2.076746e-13
6.188808e-09
7.14345e-13
-1.971558e-13
6.18796e-09
7.152341e-13
-1.863244e-13
6.18713e-09
7.247357e-13
-1.756669e-13
6.186316e-09
7.454119e-13
-1.640568e-13
6.185506e-09
7.869575e-13
-1.597037e-13
6.184694e-09
8.456317e-13
-1.487562e-13
1.013874e-12
-2.816369e-13
8.561205e-09
2.41891e-12
-3.813148e-13
8.559211e-09
2.329671e-12
-3.630563e-13
8.557297e-09
2.244404e-12
-3.466567e-13
8.55546e-09
2.163221e-12
-3.314417e-13
8.553696e-09
2.085921e-12
-3.170092e-13
8.552002e-09
2.012529e-12
-3.032409e-13
8.550373e-09
1.943175e-12
-2.90201e-13
8.548807e-09
1.878063e-12
-2.777977e-13
8.5473e-09
1.817492e-12
-2.657878e-13
8.54585e-09
1.761837e-12
-2.540424e-13
8.544454e-09
1.711605e-12
-2.425144e-13
8.543108e-09
1.667481e-12
-2.311352e-13
8.541809e-09
1.630364e-12
-2.197706e-13
8.540553e-09
1.601481e-12
-2.083697e-13
8.539338e-09
1.582418e-12
-1.966035e-13
8.538159e-09
1.575687e-12
-1.852404e-13
8.537016e-09
1.583609e-12
-1.725741e-13
8.5359e-09
1.614478e-12
-1.704789e-13
8.534819e-09
1.661995e-12
-1.536477e-13
1.803377e-12
-3.388009e-13
1.022221e-08
4.291533e-12
-3.874234e-13
1.021973e-08
4.130351e-12
-3.685922e-13
1.021735e-08
3.976038e-12
-3.51743e-13
1.021507e-08
3.828369e-12
-3.363561e-13
1.021288e-08
3.687262e-12
-3.217763e-13
1.021078e-08
3.552732e-12
-3.078882e-13
1.020876e-08
3.424899e-12
-2.947684e-13
1.020682e-08
3.303996e-12
-2.823169e-13
1.020495e-08
3.190374e-12
-2.702973e-13
1.020316e-08
3.084486e-12
-2.585739e-13
1.020143e-08
2.98692e-12
-2.470915e-13
1.019977e-08
2.89846e-12
-2.35783e-13
1.019818e-08
2.820108e-12
-2.245181e-13
1.019663e-08
2.753166e-12
-2.132862e-13
1.019515e-08
2.699225e-12
-2.01764e-13
1.019372e-08
2.660526e-12
-1.910051e-13
1.019234e-08
2.638937e-12
-1.786942e-13
1.0191e-08
2.640313e-12
-1.79783e-13
1.018972e-08
2.65799e-12
-1.573907e-13
2.743251e-12
-3.822936e-13
1.141381e-08
6.467772e-12
-3.845345e-13
1.141104e-08
6.223375e-12
-3.654026e-13
1.140838e-08
5.988659e-12
-3.487299e-13
1.140582e-08
5.763574e-12
-3.335744e-13
1.140337e-08
5.547962e-12
-3.192478e-13
1.140102e-08
5.341815e-12
-3.056242e-13
1.139876e-08
5.145226e-12
-2.927844e-13
1.139658e-08
4.958426e-12
-2.806276e-13
1.13945e-08
4.781784e-12
-2.68929e-13
1.139249e-08
4.61576e-12
-2.575633e-13
1.139056e-08
4.460957e-12
-2.464765e-13
1.138871e-08
4.318168e-12
-2.356108e-13
1.138693e-08
4.1884e-12
-2.248452e-13
1.138521e-08
4.072902e-12
-2.141999e-13
1.138356e-08
3.973167e-12
-2.033489e-13
1.138198e-08
3.891048e-12
-1.935361e-13
1.138045e-08
3.828228e-12
-1.818808e-13
1.137898e-08
3.787936e-12
-1.854641e-13
1.137758e-08
3.766379e-12
-1.581057e-13
3.777451e-12
-4.080653e-13
1.227479e-08
8.737792e-12
-3.675997e-13
1.227196e-08
8.407418e-12
-3.494686e-13
1.226924e-08
8.090043e-12
-3.334895e-13
1.226662e-08
7.785034e-12
-3.191402e-13
1.226411e-08
7.492325e-12
-3.055895e-13
1.226169e-08
7.211873e-12
-2.927138e-13
1.225938e-08
6.943722e-12
-2.805955e-13
1.225715e-08
6.688081e-12
-2.691376e-13
1.2255e-08
6.445298e-12
-2.581428e-13
1.225295e-08
6.215801e-12
-2.474984e-13
1.225097e-08
6.000155e-12
-2.371592e-13
1.224907e-08
5.799104e-12
-2.270796e-13
1.224724e-08
5.613598e-12
-2.171535e-13
1.224548e-08
5.444776e-12
-2.0742e-13
1.22438e-08
5.294016e-12
-1.975556e-13
1.224217e-08
5.16279e-12
-1.888687e-13
1.224062e-08
5.05295e-12
-1.781444e-13
1.223912e-08
4.965069e-12
-1.831954e-13
1.22377e-08
4.900815e-12
-1.529889e-13
4.82766e-12
-4.082895e-13
1.289673e-08
1.086214e-11
-3.344827e-13
1.289409e-08
1.045378e-11
-3.179955e-13
1.289155e-08
1.00608e-11
-3.036924e-13
1.288911e-08
9.682696e-12
-2.907683e-13
1.288677e-08
9.319285e-12
-2.785614e-13
1.288451e-08
8.970483e-12
-2.669602e-13
1.288234e-08
8.636282e-12
-2.560411e-13
1.288026e-08
8.316854e-12
-2.457197e-13
1.287825e-08
8.012508e-12
-2.358326e-13
1.287632e-08
7.723619e-12
-2.262848e-13
1.287447e-08
7.450684e-12
-2.170396e-13
1.287268e-08
7.194373e-12
-2.080656e-13
1.287097e-08
6.955546e-12
-1.992755e-13
1.286933e-08
6.735215e-12
-1.907134e-13
1.286775e-08
6.534654e-12
-1.820791e-13
1.286623e-08
6.354989e-12
-1.745985e-13
1.286478e-08
6.19847e-12
-1.651048e-13
1.286339e-08
6.063036e-12
-1.703442e-13
1.286206e-08
5.957189e-12
-1.405006e-13
5.797984e-12
-3.771481e-13
1.334329e-08
1.259597e-11
-2.86427e-13
1.334111e-08
1.212666e-11
-2.729061e-13
1.3339e-08
1.167484e-11
-2.607987e-13
1.333698e-08
1.123948e-11
-2.498567e-13
1.333503e-08
1.082046e-11
-2.39492e-13
1.333315e-08
1.041766e-11
-2.296228e-13
1.333134e-08
1.003104e-11
-2.20313e-13
1.332961e-08
9.660729e-12
-2.114961e-13
1.332793e-08
9.306986e-12
-2.03054e-13
1.332632e-08
8.970124e-12
-1.949073e-13
1.332477e-08
8.65057e-12
-1.870295e-13
1.332328e-08
8.348912e-12
-1.794024e-13
1.332185e-08
8.065918e-12
-1.719619e-13
1.332048e-08
7.802464e-12
-1.647432e-13
1.331916e-08
7.559732e-12
-1.575023e-13
1.331789e-08
7.338531e-12
-1.512255e-13
1.331668e-08
7.141561e-12
-1.43264e-13
1.331552e-08
6.964288e-12
-1.472805e-13
1.331442e-08
6.822111e-12
-1.215298e-13
6.584107e-12
-3.1356e-13
1.366036e-08
1.371705e-11
-2.293621e-13
1.365886e-08
1.321246e-11
-2.189877e-13
1.365741e-08
1.272592e-11
-2.096735e-13
1.365602e-08
1.225661e-11
-2.010113e-13
1.365467e-08
1.180432e-11
-1.927583e-13
1.365337e-08
1.136893e-11
-1.848715e-13
1.365212e-08
1.095035e-11
-1.773925e-13
1.365091e-08
1.054869e-11
-1.702768e-13
1.364975e-08
1.016416e-11
-1.634538e-13
1.364862e-08
9.797019e-12
-1.568598e-13
1.364754e-08
9.447633e-12
-1.504766e-13
1.364651e-08
9.116517e-12
-1.44298e-13
1.364551e-08
8.804353e-12
-1.382858e-13
1.364455e-08
8.51189e-12
-1.324529e-13
1.364363e-08
8.240205e-12
-1.266458e-13
1.364275e-08
7.989818e-12
-1.214598e-13
1.364191e-08
7.763786e-12
-1.152393e-13
1.364111e-08
7.55548e-12
-1.165906e-13
1.364036e-08
7.38609e-12
-9.851193e-14
7.085677e-12
-2.211654e-13
1.388188e-08
1.405701e-11
-1.694945e-13
1.388124e-08
1.354724e-11
-1.627549e-13
1.388061e-08
1.305535e-11
-1.561472e-13
1.388e-08
1.258024e-11
-1.497868e-13
1.387941e-08
1.212177e-11
-1.436595e-13
1.387884e-08
1.167984e-11
-1.377698e-13
1.387829e-08
1.125434e-11
-1.321284e-13
1.387775e-08
1.084537e-11
-1.26713e-13
1.387723e-08
1.045311e-11
-1.215009e-13
1.387673e-08
1.007774e-11
-1.164411e-13
1.387624e-08
9.719609e-12
-1.115193e-13
1.387578e-08
9.379164e-12
-1.06742e-13
1.387533e-08
9.057029e-12
-1.02099e-13
1.387491e-08
8.753826e-12
-9.756777e-14
1.38745e-08
8.470501e-12
-9.31142e-14
1.387411e-08
8.207313e-12
-8.881502e-14
1.387375e-08
7.967486e-12
-8.441148e-14
1.387341e-08
7.742922e-12
-8.180761e-14
1.38731e-08
7.558616e-12
-7.428458e-14
7.219965e-12
-1.073868e-13
1.403341e-08
1.352213e-11
-1.131984e-13
1.403371e-08
1.303936e-11
-1.095511e-13
1.403399e-08
1.257285e-11
-1.055522e-13
1.403426e-08
1.212176e-11
-1.012685e-13
1.403451e-08
1.168594e-11
-9.705921e-14
1.403474e-08
1.12653e-11
-9.297344e-14
1.403496e-08
1.085976e-11
-8.898887e-14
1.403518e-08
1.046941e-11
-8.510216e-14
1.403538e-08
1.009436e-11
-8.133836e-14
1.403557e-08
9.734786e-12
-7.764268e-14
1.403576e-08
9.390983e-12
-7.40138e-14
1.403594e-08
9.063391e-12
-7.046383e-14
1.403611e-08
8.752583e-12
-6.701919e-14
1.403628e-08
8.459054e-12
-6.361061e-14
1.403645e-08
8.183568e-12
-6.033725e-14
1.403663e-08
7.926166e-12
-5.667068e-14
1.40368e-08
7.69e-12
-5.402141e-14
1.403698e-08
7.466332e-12
-4.651085e-14
1.403717e-08
7.281457e-12
-5.133907e-14
6.933885e-12
1.785599e-14
1.413435e-08
1.210405e-11
-6.441324e-14
1.413559e-08
1.167831e-11
-6.358529e-14
1.413678e-08
1.126656e-11
-6.167014e-14
1.413792e-08
1.086795e-11
-5.908392e-14
1.413901e-08
1.048238e-11
-5.644241e-14
1.414006e-08
1.010982e-11
-5.383562e-14
1.414107e-08
9.75022e-12
-5.12061e-14
1.414204e-08
9.403647e-12
-4.857251e-14
1.414297e-08
9.070172e-12
-4.597914e-14
1.414387e-08
8.749933e-12
-4.33853e-14
1.414473e-08
8.443225e-12
-4.077867e-14
1.414557e-08
8.150469e-12
-3.820302e-14
1.414638e-08
7.872216e-12
-3.572089e-14
1.414716e-08
7.608808e-12
-3.321062e-14
1.414792e-08
7.360748e-12
-3.089304e-14
1.414866e-08
7.127915e-12
-2.760559e-14
1.414939e-08
6.913174e-12
-2.653166e-14
1.41501e-08
6.708067e-12
-1.366292e-14
1.41508e-08
6.537559e-12
-3.136504e-14
6.212105e-12
1.435975e-13
1.419937e-08
9.876044e-12
-2.558986e-14
1.420146e-08
9.533382e-12
-2.679396e-14
1.420347e-08
9.201574e-12
-2.652491e-14
1.420541e-08
8.880048e-12
-2.521446e-14
1.420727e-08
8.568744e-12
-2.374787e-14
1.420907e-08
8.267665e-12
-2.22473e-14
1.42108e-08
7.976835e-12
-2.063404e-14
1.421246e-08
7.696277e-12
-1.893113e-14
1.421407e-08
7.425979e-12
-1.720677e-14
1.421562e-08
7.166092e-12
-1.538935e-14
1.421711e-08
6.916924e-12
-1.351193e-14
1.421856e-08
6.678863e-12
-1.162866e-14
1.421996e-08
6.452347e-12
-9.874285e-15
1.422131e-08
6.237537e-12
-8.06398e-15
1.422262e-08
6.034617e-12
-6.505097e-15
1.422389e-08
5.843418e-12
-3.405621e-15
1.422512e-08
5.666341e-12
-3.657763e-15
1.422634e-08
5.496142e-12
1.445581e-14
1.422751e-08
5.353988e-12
-1.534232e-14
5.079927e-12
2.590268e-13
1.423933e-08
6.981025e-12
2.829845e-15
1.424211e-08
6.741389e-12
9.52749e-17
1.42448e-08
6.509182e-12
-7.407406e-16
1.424739e-08
6.283981e-12
-2.936095e-16
1.424989e-08
6.065801e-12
3.894661e-16
1.42523e-08
5.854704e-12
1.1527e-15
1.425463e-08
5.650775e-12
2.091532e-15
1.425687e-08
5.453987e-12
3.167756e-15
1.425903e-08
5.264244e-12
4.353112e-15
1.426112e-08
5.081691e-12
5.666582e-15
1.426314e-08
4.906741e-12
7.079933e-15
1.426509e-08
8.473335e-15
1.426698e-08
9.666935e-15
1.42688e-08
1.093475e-14
1.427057e-08
1.195052e-14
1.427228e-08
1.500367e-14
1.427395e-08
1.374395e-14
1.427558e-08
3.639931e-14
1.427715e-08
-3.583832e-15
3.545828e-13
1.42619e-08
3.613638e-12
2.113677e-14
1.426518e-08
3.490577e-12
1.751026e-14
1.426834e-08
3.371224e-12
1.598531e-14
1.42714e-08
3.255425e-12
1.592286e-14
1.427434e-08
3.143277e-12
1.614374e-14
1.427719e-08
3.034885e-12
1.64682e-14
1.427994e-08
2.930365e-12
1.698333e-14
1.428259e-08
2.829628e-12
1.766263e-14
1.428515e-08
2.732521e-12
1.850532e-14
1.428763e-08
1.956801e-14
2.075884e-14
1.427199e-08
2.100469e-15
3.006124e-14
1.427552e-08
2.409334e-15
2.600433e-14
1.427893e-08
2.672361e-15
2.418574e-14
1.428223e-08
2.986683e-15
2.391733e-14
1.428541e-08
3.564959e-15
2.394809e-14
1.428848e-08
2.406282e-14
1.429144e-08
2.436313e-14
1.429431e-08
2.480742e-14
2.544513e-14
1.427199e-08
-3.609098e-12
3.010293e-14
1.427552e-08
-3.485285e-12
2.604653e-14
1.427893e-08
-3.36524e-12
2.425068e-14
1.428222e-08
2.401613e-14
2.403218e-14
1.426189e-08
2.120965e-14
1.426517e-08
1.757846e-14
1.610322e-14
1.222177e-09
-6.323046e-15
1.221951e-09
-5.219877e-15
1.221734e-09
-4.010391e-15
1.221525e-09
-2.753708e-15
1.221324e-09
-1.471447e-15
1.221129e-09
-1.27258e-16
1.220941e-09
1.319278e-15
1.220759e-09
2.90046e-15
1.220582e-09
4.650381e-15
1.220411e-09
6.622568e-15
1.220244e-09
8.901935e-15
1.220082e-09
1.160682e-14
1.219923e-09
1.489522e-14
1.219766e-09
1.902217e-14
1.219611e-09
2.435917e-14
1.219455e-09
3.169903e-14
1.219297e-09
4.197496e-14
1.219127e-09
5.875732e-14
1.218944e-09
8.032708e-14
1.4746e-13
2.507924e-09
1.721114e-13
2.507411e-09
1.676708e-13
2.506917e-09
1.636621e-13
2.506443e-09
1.600583e-13
2.505986e-09
1.568014e-13
2.505546e-09
1.539404e-13
2.505123e-09
1.515583e-13
2.504714e-09
1.497519e-13
2.504319e-09
1.486397e-13
2.503938e-09
1.483682e-13
2.503569e-09
1.49135e-13
2.503211e-09
1.51208e-13
2.502863e-09
1.549402e-13
2.502524e-09
1.608373e-13
2.502193e-09
1.695966e-13
2.501866e-09
1.824281e-13
2.501544e-09
2.007027e-13
2.501214e-09
2.288443e-13
2.500881e-09
2.653922e-13
3.479238e-13
3.332063e-09
5.53359e-13
3.331332e-09
5.356529e-13
3.33063e-09
5.189076e-13
3.329955e-09
5.030727e-13
3.329307e-09
4.881379e-13
3.328684e-09
4.741763e-13
3.328083e-09
4.613121e-13
3.327505e-09
4.497087e-13
3.326948e-09
4.395686e-13
3.326412e-09
4.311324e-13
3.325894e-09
4.247015e-13
3.325393e-09
4.206673e-13
3.324909e-09
4.19528e-13
3.32444e-09
4.219438e-13
3.323984e-09
4.287581e-13
3.32354e-09
4.412423e-13
3.323108e-09
4.606198e-13
3.322677e-09
4.906111e-13
3.32226e-09
5.283672e-13
6.039505e-13
3.90227e-09
1.096586e-12
3.901378e-09
1.059315e-12
3.900521e-09
1.023565e-12
3.899698e-09
9.893995e-13
3.898908e-09
9.568436e-13
3.898148e-09
9.260028e-13
3.897418e-09
8.970353e-13
3.896715e-09
8.701569e-13
3.896038e-09
8.456358e-13
3.895387e-09
8.237779e-13
3.89476e-09
8.049547e-13
3.894155e-09
7.896326e-13
3.893572e-09
7.783854e-13
3.893009e-09
7.719262e-13
3.892466e-09
7.711074e-13
3.891939e-09
7.77064e-13
3.891431e-09
7.90759e-13
3.890928e-09
8.147701e-13
3.890453e-09
8.459511e-13
9.035709e-13
4.308702e-09
1.744428e-12
4.307712e-09
1.683493e-12
4.306762e-09
1.624869e-12
4.30585e-09
1.568511e-12
4.304973e-09
1.514529e-12
4.30413e-09
1.463057e-12
4.30332e-09
1.414283e-12
4.302541e-09
1.368464e-12
4.301792e-09
1.32591e-12
4.301071e-09
1.286964e-12
4.300378e-09
1.252031e-12
4.29971e-09
1.22161e-12
4.299068e-09
1.196298e-12
4.298449e-09
1.176804e-12
4.297854e-09
1.163941e-12
4.297279e-09
1.158665e-12
4.296727e-09
1.161833e-12
4.296182e-09
1.174854e-12
4.295674e-09
1.195742e-12
1.228694e-12
4.601591e-09
2.430962e-12
4.60058e-09
2.345207e-12
4.599609e-09
2.262424e-12
4.598676e-09
2.182598e-12
4.597779e-09
2.10588e-12
4.596917e-09
2.032434e-12
4.596088e-09
1.962463e-12
4.595291e-09
1.896252e-12
4.594525e-09
1.834134e-12
4.593788e-09
1.776463e-12
4.593079e-09
1.72365e-12
4.592398e-09
1.676196e-12
4.591743e-09
1.634691e-12
4.591113e-09
1.59981e-12
4.590507e-09
1.572327e-12
4.589924e-09
1.553042e-12
4.589366e-09
1.542894e-12
4.588816e-09
1.542163e-12
4.588308e-09
1.55112e-12
1.555253e-12
4.812945e-09
3.083839e-12
4.811997e-09
2.97484e-12
4.811086e-09
2.86953e-12
4.81021e-09
2.767736e-12
4.809368e-09
2.669672e-12
4.808558e-09
2.575519e-12
4.807779e-09
2.485487e-12
4.807029e-09
2.399871e-12
4.806308e-09
2.319012e-12
4.805615e-09
2.243256e-12
4.804949e-09
2.173002e-12
4.804309e-09
2.108733e-12
4.803694e-09
2.051016e-12
4.803103e-09
2.000481e-12
4.802535e-09
1.957871e-12
4.80199e-09
1.923857e-12
4.801469e-09
1.899581e-12
4.800957e-09
1.884216e-12
4.800487e-09
1.880833e-12
1.854491e-12
4.964685e-09
3.628428e-12
4.963886e-09
3.500827e-12
4.963118e-09
3.377328e-12
4.962378e-09
3.257766e-12
4.961665e-09
3.142367e-12
4.96098e-09
3.031323e-12
4.96032e-09
2.924839e-12
4.959685e-09
2.82321e-12
4.959075e-09
2.726766e-12
4.958487e-09
2.635835e-12
4.957922e-09
2.550795e-12
4.95738e-09
2.472098e-12
4.956859e-09
2.400278e-12
4.956359e-09
2.335916e-12
4.95588e-09
2.279723e-12
4.95542e-09
2.232251e-12
4.954982e-09
2.19487e-12
4.954554e-09
2.165698e-12
4.954163e-09
2.150606e-12
2.09512e-12
5.072494e-09
3.995844e-12
5.071919e-09
3.856514e-12
5.071365e-09
3.721573e-12
5.070831e-09
3.590742e-12
5.070316e-09
3.464267e-12
5.069821e-09
3.342338e-12
5.069343e-09
3.225151e-12
5.068883e-09
3.112988e-12
5.06844e-09
3.006156e-12
5.068014e-09
2.904957e-12
5.067605e-09
2.80974e-12
5.067211e-09
2.720926e-12
5.066835e-09
2.639013e-12
5.066474e-09
2.56452e-12
5.066129e-09
2.498114e-12
5.065799e-09
2.440229e-12
5.065487e-09
2.392407e-12
5.065184e-09
2.351857e-12
5.064909e-09
2.326773e-12
2.246766e-12
5.147916e-09
4.131449e-12
5.147621e-09
3.989091e-12
5.147335e-09
3.851036e-12
5.147059e-09
3.717027e-12
5.146792e-09
3.587295e-12
5.146535e-09
3.462024e-12
5.146286e-09
3.341395e-12
5.146047e-09
3.225669e-12
5.145816e-09
3.115115e-12
5.145595e-09
3.010009e-12
5.145383e-09
2.910667e-12
5.145179e-09
2.817485e-12
5.144985e-09
2.730913e-12
5.144801e-09
2.651404e-12
5.144626e-09
2.579556e-12
5.144462e-09
2.515684e-12
5.144308e-09
2.461399e-12
5.144165e-09
2.413252e-12
5.144036e-09
2.380954e-12
2.284066e-12
5.199614e-09
4.002847e-12
5.199627e-09
3.866689e-12
5.199638e-09
3.73454e-12
5.199648e-09
3.606117e-12
5.199656e-09
3.481633e-12
5.199664e-09
3.361256e-12
5.199671e-09
3.245156e-12
5.199678e-09
3.133554e-12
5.199686e-09
3.026683e-12
5.199693e-09
2.924775e-12
5.199702e-09
2.828132e-12
5.199711e-09
2.73711e-12
5.199723e-09
2.652122e-12
5.199737e-09
2.573531e-12
5.199754e-09
2.501837e-12
5.199776e-09
2.437245e-12
5.199802e-09
2.381316e-12
5.199838e-09
2.33029e-12
5.199873e-09
2.294404e-12
2.19046e-12
5.234149e-09
3.603457e-12
5.23447e-09
3.482509e-12
5.234778e-09
3.364995e-12
5.235074e-09
3.250678e-12
5.235359e-09
3.139736e-12
5.235634e-09
3.032327e-12
5.2359e-09
2.9286e-12
5.236156e-09
2.828738e-12
5.236404e-09
2.732906e-12
5.236644e-09
2.641324e-12
5.236877e-09
2.55425e-12
5.237104e-09
2.472018e-12
5.237325e-09
2.39498e-12
5.237542e-09
2.323401e-12
5.237755e-09
2.257641e-12
5.237967e-09
2.197823e-12
5.238176e-09
2.145344e-12
5.238395e-09
2.096539e-12
5.238597e-09
2.061128e-12
1.960899e-12
5.256472e-09
2.952983e-12
5.257072e-09
2.855043e-12
5.257651e-09
2.759806e-12
5.258209e-09
2.667078e-12
5.258748e-09
2.577007e-12
5.259269e-09
2.489733e-12
5.259772e-09
2.405389e-12
5.260257e-09
2.324089e-12
5.260727e-09
2.245953e-12
5.261182e-09
2.171154e-12
5.261623e-09
2.09995e-12
5.26205e-09
2.032594e-12
5.262466e-09
1.969341e-12
5.262871e-09
1.910359e-12
5.263266e-09
1.855845e-12
5.263654e-09
1.805891e-12
5.264034e-09
1.761655e-12
5.264424e-09
1.719958e-12
5.264781e-09
1.689046e-12
1.602934e-12
5.270246e-09
2.093783e-12
5.271076e-09
2.025012e-12
5.271877e-09
1.958085e-12
5.272651e-09
1.892884e-12
5.273399e-09
1.829529e-12
5.274122e-09
1.768141e-12
5.27482e-09
1.708825e-12
5.275496e-09
1.651637e-12
5.27615e-09
1.596602e-12
5.276783e-09
1.543897e-12
5.277396e-09
1.49376e-12
5.277991e-09
5.278568e-09
5.27913e-09
5.279677e-09
5.280213e-09
5.280735e-09
5.281269e-09
5.281755e-09
5.278059e-09
1.085861e-12
5.279051e-09
1.050453e-12
5.280009e-09
1.015972e-12
5.280935e-09
9.823876e-13
5.281831e-09
9.498016e-13
5.282698e-09
9.182898e-13
5.283536e-09
8.879279e-13
5.284347e-09
8.586799e-13
5.285131e-09
8.305528e-13
5.285891e-09
5.281563e-09
7.745783e-16
5.282638e-09
8.853967e-16
5.283678e-09
9.871485e-16
5.284683e-09
1.146891e-15
5.285655e-09
1.432354e-15
5.286596e-09
5.287506e-09
5.288387e-09
5.281562e-09
-1.08414e-12
5.282638e-09
-1.048466e-12
5.283677e-09
-1.013724e-12
5.284682e-09
5.278058e-09
5.279049e-09
)
;

boundaryField
{
    inlet
    {
        type            calculated;
        value           nonuniform List<scalar> 0();
    }
    outlet
    {
        type            calculated;
        value           nonuniform List<scalar> 
140
(
2.062587e-09
5.19624e-09
7.547252e-09
9.296274e-09
1.058965e-08
1.154124e-08
1.223762e-08
1.274385e-08
1.310864e-08
1.33685e-08
1.355087e-08
1.367639e-08
1.376046e-08
1.38144e-08
2.069479e-09
5.216257e-09
7.578735e-09
9.337161e-09
1.063793e-08
1.159518e-08
1.229582e-08
1.280519e-08
1.317227e-08
1.343378e-08
1.361731e-08
1.374362e-08
1.382822e-08
1.38825e-08
2.067338e-09
5.210103e-09
7.569189e-09
9.324932e-09
1.062367e-08
1.157943e-08
1.227899e-08
1.278761e-08
1.315417e-08
1.341533e-08
1.359864e-08
1.37248e-08
1.380932e-08
1.386355e-08
2.056135e-09
5.177727e-09
7.518556e-09
9.259531e-09
1.054681e-08
1.149393e-08
1.21871e-08
1.269108e-08
1.305432e-08
1.331315e-08
1.349485e-08
1.361994e-08
1.370375e-08
1.375755e-08
5.237302e-09
1.315342e-08
1.906949e-08
2.345939e-08
2.670066e-08
2.908349e-08
3.082675e-08
3.20941e-08
3.300768e-08
3.365885e-08
3.411621e-08
3.443128e-08
3.464255e-08
3.477827e-08
4.935485e-09
1.228411e-08
1.771513e-08
2.171531e-08
2.465528e-08
2.681085e-08
2.838562e-08
2.952981e-08
3.035463e-08
3.094285e-08
3.135639e-08
3.164165e-08
3.183325e-08
3.195655e-08
4.448688e-09
1.089581e-08
1.557288e-08
1.897813e-08
2.146386e-08
2.327938e-08
2.460304e-08
2.556397e-08
2.625667e-08
2.675099e-08
2.709893e-08
2.733936e-08
2.75012e-08
2.760559e-08
3.73715e-09
8.907652e-09
1.255595e-08
1.517158e-08
1.706507e-08
1.844191e-08
1.94435e-08
2.016995e-08
2.069362e-08
2.106758e-08
2.133116e-08
2.151365e-08
2.163678e-08
2.171641e-08
2.720291e-09
6.183823e-09
8.533713e-09
1.018842e-08
1.137617e-08
1.223628e-08
1.286074e-08
1.331334e-08
1.363964e-08
1.387283e-08
1.403741e-08
1.415158e-08
1.422878e-08
1.427884e-08
1.218636e-09
2.500399e-09
3.321666e-09
3.889771e-09
4.294941e-09
4.587573e-09
4.799811e-09
4.953608e-09
5.064536e-09
5.143892e-09
5.199984e-09
5.23897e-09
5.265398e-09
5.282576e-09
)
;
    }
    chip_bases
    {
        type            calculated;
        value           nonuniform List<scalar> 0();
    }
    walls
    {
        type            calculated;
        value           uniform 0;
    }
    procBoundary0to1
    {
        type            processor;
        value           nonuniform List<scalar> 
431
(
-8.257584e-13
-7.942658e-13
-1.397001e-12
-1.341257e-12
-1.603715e-12
-1.535597e-12
-1.687225e-12
-1.611469e-12
-1.704532e-12
-1.625077e-12
-1.65119e-12
-1.572909e-12
-1.51959e-12
-1.447755e-12
-1.318887e-12
-1.257898e-12
-1.072347e-12
-1.024928e-12
-8.101194e-13
-7.769703e-13
-5.602287e-13
-5.403868e-13
-3.43053e-13
-3.343902e-13
-1.699003e-13
-1.698973e-13
-4.350602e-14
-4.96098e-14
3.702773e-14
2.702238e-14
1.949786e-09
-6.810636e-13
-6.553404e-13
-6.309756e-13
4.868299e-09
-1.151852e-12
-1.106856e-12
-1.064641e-12
7.034087e-09
-1.313314e-12
-1.25854e-12
-1.207354e-12
8.633451e-09
-1.374939e-12
-1.313793e-12
-1.256746e-12
9.809656e-09
-1.384275e-12
-1.319873e-12
-1.259716e-12
1.066997e-08
-1.340592e-12
-1.27683e-12
-1.217201e-12
1.129407e-08
-1.236417e-12
-1.177603e-12
-1.12248e-12
1.174132e-08
-1.078239e-12
-1.02799e-12
-9.807597e-13
1.205645e-08
-8.83194e-13
-8.438359e-13
-8.066378e-13
1.227362e-08
-6.747462e-13
-6.469936e-13
-6.204706e-13
1.241916e-08
-4.749442e-13
-4.580998e-13
-4.416415e-13
1.251344e-08
-3.003017e-13
-2.927675e-13
-2.848806e-13
1.257203e-08
-1.603644e-13
-1.600747e-13
-1.589101e-13
1.260656e-08
-5.770141e-14
-6.261443e-14
-6.622767e-14
1.262524e-08
8.023289e-15
2.375241e-17
-6.414962e-15
-7.260415e-13
-6.943366e-13
-1.224561e-12
-1.171036e-12
-1.384862e-12
-1.32064e-12
-1.436837e-12
-1.365129e-12
-1.436355e-12
-1.359799e-12
-1.385811e-12
-1.309122e-12
-1.277744e-12
-1.206169e-12
-1.117675e-12
-1.056345e-12
-9.215858e-13
-8.736005e-13
-7.120281e-13
-6.789534e-13
-5.10579e-13
-4.916767e-13
-3.338031e-13
-3.274535e-13
-1.915015e-13
-1.950346e-13
-8.665793e-14
-9.734994e-14
-1.861209e-14
-3.379483e-14
1.992313e-09
-5.577302e-13
-5.335212e-13
-5.107592e-13
-4.906329e-13
4.991235e-09
-9.413821e-13
-9.012749e-13
-8.634992e-13
-8.305606e-13
7.22585e-09
-1.050921e-12
-1.004692e-12
-9.611467e-13
-9.235097e-13
8.880582e-09
-1.077291e-12
-1.02627e-12
-9.786054e-13
-9.373905e-13
1.009992e-08
-1.065269e-12
-1.011149e-12
-9.605176e-13
-9.163659e-13
1.099353e-08
-1.022973e-12
-9.678792e-13
-9.166932e-13
-8.714718e-13
1.16435e-08
-9.433047e-13
-8.915942e-13
-8.431799e-13
-7.998236e-13
1.211123e-08
-8.304199e-13
-7.849502e-13
-7.42737e-13
-7.043542e-13
1.244289e-08
-6.926925e-13
-6.568368e-13
-6.231763e-13
-5.92091e-13
1.267357e-08
-5.462938e-13
-5.204827e-13
-4.966795e-13
-4.742015e-13
1.283017e-08
-4.046391e-13
-3.894794e-13
-3.753327e-13
-3.614831e-13
1.293336e-08
-2.804415e-13
-2.741401e-13
-2.687222e-13
-2.627375e-13
1.29989e-08
-1.798611e-13
-1.811496e-13
-1.827303e-13
-1.831912e-13
1.303852e-08
-1.056292e-13
-1.123003e-13
-1.191334e-13
-1.24507e-13
1.306053e-08
-5.7183e-14
-6.73993e-14
-7.740448e-14
-8.607601e-14
2.025514e-09
-3.632635e-13
-3.50137e-13
5.087425e-09
-6.151642e-13
-5.949918e-13
7.376264e-09
-6.704643e-13
-6.487981e-13
9.074831e-09
-6.678006e-13
-6.443599e-13
1.032843e-08
-6.410389e-13
-6.153524e-13
1.124851e-08
-6.035705e-13
-5.762007e-13
1.191908e-08
-5.528798e-13
-5.256009e-13
1.240312e-08
-4.904617e-13
-4.654976e-13
1.274797e-08
-4.191363e-13
-3.983865e-13
1.298949e-08
-3.45299e-13
-3.300241e-13
1.315502e-08
-2.750073e-13
-2.655707e-13
1.326548e-08
-2.138193e-13
-2.099857e-13
1.333674e-08
-1.648271e-13
-1.658311e-13
1.33806e-08
-1.293479e-13
-1.343901e-13
1.340541e-08
-1.066954e-13
-1.150738e-13
1.341651e-08
-9.832214e-14
-1.09726e-13
2.050095e-09
-2.248607e-13
-2.162978e-13
-2.07945e-13
-2.003711e-13
-1.935308e-13
-1.865106e-13
-1.8222e-13
-1.726406e-13
-1.761349e-13
-1.490169e-13
-1.754058e-13
-8.584817e-14
5.158694e-09
-3.816839e-13
-3.693041e-13
-3.5679e-13
-3.454365e-13
-3.353922e-13
-3.253488e-13
-3.189325e-13
-3.06479e-13
-3.104792e-13
-2.803921e-13
-3.141282e-13
-2.350979e-13
7.487922e-09
-3.975454e-13
-3.85664e-13
-3.733477e-13
-3.623922e-13
-3.531327e-13
-3.44177e-13
-3.392931e-13
-3.287172e-13
-3.357631e-13
-3.106936e-13
-3.495736e-13
-3.063895e-13
9.219284e-09
-3.767962e-13
-3.646237e-13
-3.521344e-13
-3.413202e-13
-3.326414e-13
-3.246973e-13
-3.212578e-13
-3.125512e-13
-3.221028e-13
-3.008091e-13
-3.413334e-13
-3.235487e-13
1.049852e-08
-3.425438e-13
-3.292441e-13
-3.159594e-13
-3.046223e-13
-2.957659e-13
-2.880511e-13
-2.85179e-13
-2.775204e-13
-2.882347e-13
-2.69273e-13
-3.084508e-13
-3.061613e-13
1.143829e-08
-3.10881e-13
-2.961971e-13
-2.819473e-13
-2.697625e-13
-2.601596e-13
-2.519242e-13
-2.485308e-13
-2.408659e-13
-2.507047e-13
-2.326889e-13
-2.673507e-13
-2.709586e-13
1.212391e-08
-2.809797e-13
-2.659546e-13
-2.516959e-13
-2.393966e-13
-2.294833e-13
-2.209198e-13
-2.167387e-13
-2.088998e-13
-2.164722e-13
-1.992955e-13
-2.274036e-13
-2.292456e-13
1.261951e-08
-2.532254e-13
-2.392878e-13
-2.263779e-13
-2.151862e-13
-2.059487e-13
-1.978683e-13
-1.932497e-13
-1.857657e-13
-1.902785e-13
-1.747566e-13
-1.950549e-13
-1.890717e-13
1.297334e-08
-2.2633e-13
-2.150352e-13
-2.049358e-13
-1.96215e-13
-1.888739e-13
-1.824001e-13
-1.781015e-13
-1.719948e-13
-1.732569e-13
-1.609109e-13
-1.72861e-13
-1.549807e-13
1.322188e-08
-2.012649e-13
-1.936138e-13
-1.873127e-13
-1.820665e-13
-1.775829e-13
-1.737046e-13
-1.70477e-13
-1.668039e-13
-1.649318e-13
-1.574032e-13
-1.609207e-13
-1.289998e-13
1.339293e-08
-1.788485e-13
-1.754527e-13
-1.735014e-13
-1.723005e-13
-1.712866e-13
-1.706839e-13
-1.691217e-13
-1.687276e-13
-1.640269e-13
-1.626672e-13
-1.579933e-13
-1.115892e-13
1.350768e-08
-1.606411e-13
-1.614441e-13
-1.63753e-13
-1.666176e-13
-1.692306e-13
-1.722063e-13
-1.726693e-13
-1.760422e-13
-1.689503e-13
-1.745028e-13
-1.622413e-13
-1.022759e-13
1.35822e-08
-1.471581e-13
-1.517717e-13
-1.578373e-13
-1.64382e-13
-1.705949e-13
-1.773395e-13
-1.801651e-13
-1.874941e-13
-1.7857e-13
-1.910089e-13
-1.720992e-13
-1.002779e-13
1.362841e-08
-1.389216e-13
-1.465287e-13
-1.553537e-13
-1.647504e-13
-1.744163e-13
-1.85039e-13
-1.905578e-13
-2.018116e-13
-1.917923e-13
-2.102908e-13
-1.860938e-13
-1.044818e-13
1.365474e-08
-1.347335e-13
-1.441582e-13
-1.543714e-13
1.366658e-08
-1.363282e-13
)
;
    }
    procBoundary0to2
    {
        type            processor;
        value           nonuniform List<scalar> 
330
(
-8.834521e-12
-1.431956e-11
-1.385882e-11
-1.341267e-11
1.335344e-08
-1.298043e-11
-9.140801e-12
-1.48204e-11
-1.434276e-11
-1.388039e-11
1.359342e-08
-1.343261e-11
-9.344801e-12
-1.515299e-11
-1.466434e-11
-1.419143e-11
1.374699e-08
-1.373355e-11
-9.440926e-12
-1.530796e-11
-1.481456e-11
-1.433712e-11
1.381425e-08
-1.387494e-11
-9.42664e-12
-1.528109e-11
-1.478936e-11
-1.431355e-11
1.379524e-08
-1.3853e-11
-9.302376e-12
-1.507318e-11
-1.458948e-11
-1.412143e-11
1.368995e-08
-1.36684e-11
4.903965e-15
-4.700244e-12
1.341218e-08
-4.520086e-12
-1.023096e-11
-9.841387e-12
1.339274e-08
-9.465311e-12
4.86768e-15
6.054615e-15
6.903326e-15
-4.863035e-12
1.365364e-08
-4.676776e-12
-1.058547e-11
-1.018234e-11
1.363371e-08
-9.793322e-12
7.026346e-12
6.750694e-12
6.484812e-12
6.229081e-12
5.980951e-12
5.748648e-12
5.507997e-12
5.33095e-12
4.938697e-12
3.940554e-12
1.382043e-08
3.788673e-12
4.745469e-15
6.046047e-15
7.076064e-15
1.38255e-08
7.891347e-15
-4.972101e-12
1.380819e-08
-4.781953e-12
-1.082185e-11
-1.040999e-11
1.378793e-08
-1.001266e-11
7.109586e-12
6.832453e-12
6.565202e-12
6.30815e-12
6.058905e-12
5.825111e-12
5.583958e-12
5.404676e-12
5.013107e-12
3.985464e-12
1.388837e-08
3.832753e-12
4.527947e-15
5.891987e-15
7.060431e-15
1.389342e-08
8.058326e-15
-5.024504e-12
1.387591e-08
-4.832794e-12
-1.093366e-11
-1.051814e-11
1.385549e-08
-1.011738e-11
7.11234e-12
6.837037e-12
6.571643e-12
6.316395e-12
6.069114e-12
5.83666e-12
5.598246e-12
5.418347e-12
5.033693e-12
3.985001e-12
1.386931e-08
3.833266e-12
4.276743e-15
5.606826e-15
6.834996e-15
1.387435e-08
7.979356e-15
-5.018901e-12
1.385684e-08
-4.828019e-12
-1.091796e-11
-1.050399e-11
1.383644e-08
-1.010481e-11
7.034214e-12
6.763985e-12
6.503649e-12
6.253302e-12
6.01106e-12
5.78274e-12
5.550403e-12
5.371167e-12
5.000348e-12
3.939026e-12
1.376326e-08
3.789994e-12
3.96604e-15
5.212312e-15
6.437215e-15
1.376828e-08
7.622528e-15
-4.95548e-12
1.375096e-08
-4.767804e-12
-1.077522e-11
-1.036796e-11
1.373075e-08
-9.975319e-12
-2.304705e-11
-3.73032e-11
-3.611452e-11
-3.496407e-11
3.46097e-08
-3.385037e-11
-1.982374e-11
-3.200123e-11
-3.099822e-11
-3.002646e-11
3.181094e-08
-2.908488e-11
-1.548754e-11
-2.490825e-11
-2.414551e-11
-2.340524e-11
2.749142e-08
-2.268682e-11
-1.069037e-11
-1.711077e-11
-1.660231e-11
-1.610756e-11
2.163723e-08
-1.562633e-11
-6.003096e-12
-9.550953e-12
-9.277583e-12
-9.010667e-12
1.423393e-08
-8.750282e-12
-1.797775e-12
-2.834684e-12
-2.757961e-12
-2.682639e-12
5.268641e-09
-2.608833e-12
1.750541e-11
1.684253e-11
1.620495e-11
1.559234e-11
1.50011e-11
1.444083e-11
1.388083e-11
1.342606e-11
1.25571e-11
9.792368e-12
3.479291e-08
9.426036e-12
8.591717e-15
1.121849e-14
1.409804e-14
3.480586e-08
1.706929e-14
-1.229275e-11
3.476276e-08
-1.18315e-11
-2.670259e-11
-2.570054e-11
3.471205e-08
-2.47347e-11
1.516586e-11
1.460316e-11
1.406263e-11
1.354379e-11
1.304439e-11
1.257038e-11
1.210186e-11
1.171101e-11
1.099481e-11
8.473619e-12
3.197241e-08
8.162073e-12
7.340289e-15
9.451606e-15
1.194856e-14
3.198518e-08
1.453501e-14
-1.059978e-11
3.194786e-08
-1.020767e-11
-2.297977e-11
-2.212967e-11
3.190248e-08
-2.130985e-11
1.194967e-11
1.151646e-11
1.110097e-11
1.070294e-11
1.0321e-11
9.959202e-12
9.604202e-12
9.304708e-12
8.763333e-12
6.669695e-12
2.76222e-08
6.429411e-12
6.597797e-15
8.356378e-15
1.041602e-14
2.763422e-08
1.260781e-14
-8.307923e-12
2.760483e-08
-8.005696e-12
-1.796516e-11
-1.731288e-11
2.756724e-08
-1.668309e-11
8.333402e-12
8.040347e-12
7.760055e-12
7.492512e-12
7.237136e-12
6.996677e-12
6.76248e-12
6.564277e-12
6.203102e-12
4.646357e-12
2.173179e-08
4.4832e-12
5.819714e-15
7.292403e-15
8.956112e-15
2.174201e-08
1.072983e-14
-5.757381e-12
2.172151e-08
-5.551989e-12
-1.24105e-11
-1.197023e-11
2.169357e-08
-1.154445e-11
4.739567e-12
4.580124e-12
4.428524e-12
4.284857e-12
4.149086e-12
4.022984e-12
3.901238e-12
3.799146e-12
3.601046e-12
2.639141e-12
1.429002e-08
2.54983e-12
4.438906e-15
5.538553e-15
6.744859e-15
1.429708e-08
8.012209e-15
-3.248667e-12
1.42854e-08
-3.135404e-12
-6.975526e-12
-6.735062e-12
1.426834e-08
-6.502015e-12
1.446231e-12
1.401479e-12
1.359517e-12
1.320575e-12
1.284683e-12
1.252693e-12
1.222262e-12
1.199324e-12
1.136191e-12
8.03664e-13
5.286628e-09
7.780904e-13
1.845067e-15
2.333787e-15
2.875129e-15
5.28924e-09
3.439733e-15
-9.79799e-13
5.285654e-09
-9.46674e-13
-2.091669e-12
-2.022585e-12
5.280007e-09
-1.955352e-12
)
;
    }
    procBoundary0to3
    {
        type            processor;
        value           nonuniform List<scalar> 
46
(
4.662571e-12
4.517558e-12
1.262416e-08
1.262415e-08
4.947131e-12
4.792662e-12
4.642817e-12
4.497293e-12
4.355989e-12
1.303725e-08
4.433167e-14
3.447416e-14
2.53634e-14
1.63599e-14
8.965306e-15
1.303725e-08
4.600267e-14
3.654945e-14
2.760874e-14
1.87549e-14
1.149433e-14
1.71492e-14
9.211275e-15
1.949389e-15
-5.084416e-15
-1.067473e-14
-4.287806e-14
-4.837192e-14
-5.307378e-14
-5.655568e-14
5.046915e-12
4.857152e-12
-8.936227e-16
-1.728108e-14
-3.135313e-14
-4.345139e-14
-5.451199e-14
-6.552434e-14
2.217132e-15
-1.413844e-14
-2.783723e-14
-3.935037e-14
-4.951191e-14
-2.251583e-14
-3.675808e-14
-4.785593e-14
)
;
    }
    procBoundary0to4
    {
        type            processor;
        value           nonuniform List<scalar> 
51
(
-9.375247e-13
-8.971855e-13
-8.598309e-13
-1.599917e-12
-1.526614e-12
-1.458551e-12
-1.853185e-12
-1.763448e-12
-1.679587e-12
-1.963611e-12
-1.864651e-12
-1.771692e-12
-1.991564e-12
-1.889249e-12
-1.792765e-12
-1.930324e-12
-1.831215e-12
-1.737494e-12
-1.771881e-12
-1.682642e-12
-1.598074e-12
-1.529171e-12
-1.455069e-12
-1.384731e-12
-1.231814e-12
-1.175867e-12
-1.122704e-12
-9.172602e-13
-8.798818e-13
-8.443771e-13
-6.193534e-13
-5.989207e-13
-5.796057e-13
-3.623502e-13
-3.558774e-13
-3.499936e-13
-1.587749e-13
-1.628864e-13
-1.672593e-13
-1.141214e-14
-2.275694e-14
-3.419753e-14
8.249127e-14
6.664669e-14
5.067322e-14
1.280764e-13
1.106639e-13
9.395125e-14
1.276702e-13
1.107597e-13
9.467535e-14
)
;
    }
    procBoundary0to5
    {
        type            processor;
        value           nonuniform List<scalar> 
240
(
-1.952092e-09
-4.874615e-09
-7.043893e-09
-8.646051e-09
-9.824015e-09
-1.068468e-08
-1.130748e-08
-1.175176e-08
-1.206248e-08
-1.227426e-08
-1.2414e-08
-1.250262e-08
-1.255621e-08
-1.258674e-08
-1.260265e-08
-1.260931e-08
-1.996802e-09
-5.003566e-09
-7.245045e-09
-8.905313e-09
-1.012818e-08
-1.102256e-08
-1.167005e-08
-1.213197e-08
-1.245491e-08
-1.267485e-08
-1.28198e-08
-1.291157e-08
-1.296693e-08
-1.299837e-08
-1.30147e-08
-1.30215e-08
-2.031701e-09
-5.104451e-09
-7.402821e-09
-9.109125e-09
-1.03677e-08
-1.128897e-08
-1.195617e-08
-1.243216e-08
-1.276486e-08
-1.29913e-08
-1.314038e-08
-1.323463e-08
-1.329138e-08
-1.332352e-08
-1.334017e-08
-1.334709e-08
-2.057104e-09
-5.178011e-09
-7.518092e-09
-9.258295e-09
-1.054326e-08
-1.148442e-08
-1.216623e-08
-1.265266e-08
-1.299258e-08
-1.322383e-08
-1.337596e-08
-1.347203e-08
-1.352979e-08
-1.356244e-08
-1.357931e-08
-1.358631e-08
-2.073231e-09
-5.224772e-09
-7.591487e-09
-9.353414e-09
-1.065533e-08
-1.16093e-08
-1.230053e-08
-1.279369e-08
-1.313826e-08
-1.33726e-08
-1.352669e-08
-1.362393e-08
-1.368232e-08
-1.37153e-08
-1.373231e-08
-1.373936e-08
-2.080215e-09
6.134324e-14
-5.245058e-09
1.0873e-13
-7.6234e-09
1.719412e-13
-9.394856e-09
1.903251e-13
-1.070424e-08
1.938519e-13
-1.166386e-08
1.73041e-13
-1.235926e-08
1.403625e-13
-1.285539e-08
1.00528e-13
-1.320202e-08
6.194918e-14
-1.343772e-08
2.857538e-14
-1.359268e-08
2.938053e-15
-1.369043e-08
-1.523668e-14
-1.374911e-08
-2.709948e-14
-1.378222e-08
-3.436042e-14
-1.379929e-08
-3.850255e-14
-1.380636e-08
-4.04562e-14
-2.078674e-09
-5.24057e-09
-7.616442e-09
-9.385936e-09
-1.069371e-08
-1.165188e-08
-1.23458e-08
-1.284035e-08
-1.318527e-08
-1.341921e-08
-1.357244e-08
-1.366862e-08
-1.372596e-08
-1.375804e-08
-1.377441e-08
-1.378113e-08
-2.067458e-09
-5.208127e-09
-7.565657e-09
-9.320276e-09
-1.061649e-08
-1.156596e-08
-1.22535e-08
-1.27435e-08
-1.308528e-08
-1.331715e-08
-1.346906e-08
-1.356447e-08
-1.362139e-08
-1.365326e-08
-1.366954e-08
-1.367623e-08
-5.266434e-09
-1.323118e-08
-1.918954e-08
-2.361377e-08
-2.687733e-08
-2.926584e-08
-3.099478e-08
-3.222696e-08
-3.308672e-08
-3.367038e-08
-3.405323e-08
-3.429404e-08
-3.443804e-08
-3.45189e-08
-3.456035e-08
-3.457743e-08
-4.962733e-09
-1.235616e-08
-1.782553e-08
-2.185638e-08
-2.481599e-08
-2.697635e-08
-2.853828e-08
-2.965138e-08
-3.042883e-08
-3.095771e-08
-3.130578e-08
-3.152577e-08
-3.165818e-08
-3.173317e-08
-3.1772e-08
-3.178815e-08
-4.472763e-09
-1.095844e-08
-1.566773e-08
-1.909826e-08
-2.159991e-08
-2.341914e-08
-2.473227e-08
-2.566799e-08
-2.632244e-08
-2.676891e-08
-2.706405e-08
-2.72518e-08
-2.736579e-08
-2.743108e-08
-2.746531e-08
-2.747971e-08
-3.756766e-09
-8.957312e-09
-1.262993e-08
-1.526421e-08
-1.716923e-08
-1.854863e-08
-1.954248e-08
-2.025066e-08
-2.074672e-08
-2.108619e-08
-2.13117e-08
-2.145615e-08
-2.154467e-08
-2.159596e-08
-2.162321e-08
-2.163481e-08
-2.734026e-09
-6.217022e-09
-8.58203e-09
-1.024807e-08
-1.144269e-08
-1.230425e-08
-1.292401e-08
-1.336567e-08
-1.367549e-08
-1.388811e-08
-1.402999e-08
-1.412143e-08
-1.417794e-08
-1.421102e-08
-1.422879e-08
-1.423642e-08
-1.224513e-09
-2.513266e-09
-3.339683e-09
-3.911574e-09
-4.319012e-09
-4.612097e-09
-4.822748e-09
-4.972894e-09
-5.078343e-09
-5.150863e-09
-5.199405e-09
-5.230831e-09
-5.25036e-09
-5.261872e-09
-5.268104e-09
-5.270796e-09
)
;
    }
    procBoundary0to6
    {
        type            processor;
        value           nonuniform List<scalar> 10(-1.26093e-08 -5.122863e-12 -4.963674e-12 -4.809143e-12 -1.30215e-08 -5.438087e-12 -5.268381e-12 -5.103724e-12 3.986146e-14 2.768157e-14);
    }
    procBoundary0to7
    {
        type            processor;
        value           nonuniform List<scalar> 
80
(
-1.334708e-08
-5.698787e-12
-1.334551e-08
-1.072025e-11
-1.038102e-11
-1.333721e-08
-1.35863e-08
-5.897888e-12
-1.358484e-08
-1.109495e-11
-1.074316e-11
-1.357662e-08
-1.373935e-08
-6.029859e-12
-1.373796e-08
-1.134343e-11
-1.098343e-11
-1.37298e-08
-1.380636e-08
-6.090975e-12
-1.3805e-08
-1.145869e-11
-1.109511e-11
-1.379688e-08
1.294734e-15
-1.378737e-08
-6.079543e-12
-1.378601e-08
-1.143756e-11
-1.107512e-11
-1.377789e-08
1.252078e-15
-1.368238e-08
-5.995894e-12
-1.368098e-08
-1.128065e-11
-1.092406e-11
-1.367283e-08
2.989944e-15
-3.459268e-08
-1.483375e-11
-3.458869e-08
-2.791058e-11
-2.703394e-11
-3.456732e-08
2.743647e-15
-3.180125e-08
-1.271783e-11
-3.179633e-08
-2.393285e-11
-2.319391e-11
-3.177461e-08
2.515281e-15
-2.748994e-08
-9.892332e-12
-2.748426e-08
-1.861861e-11
-1.805795e-11
-2.746319e-08
2.160308e-15
-2.164186e-08
-6.791174e-12
-2.163625e-08
-1.278352e-11
-1.241112e-11
-2.161789e-08
1.5262e-15
-1.424038e-08
-3.789003e-12
-1.423608e-08
-7.132691e-12
-6.933533e-12
-1.422317e-08
5.695924e-16
-5.271989e-09
-1.124574e-12
-5.270284e-09
-2.116677e-12
-2.061304e-12
-5.265451e-09
)
;
    }
}


// ************************************************************************* //
