/*--------------------------------*- C++ -*----------------------------------*\
| =========                 |                                                 |
| \\      /  F ield         | OpenFOAM: The Open Source CFD Toolbox           |
|  \\    /   O peration     | Version:  2406                                  |
|   \\  /    A nd           | Website:  www.openfoam.com                      |
|    \\/     M anipulation  |                                                 |
\*---------------------------------------------------------------------------*/
FoamFile
{
    version     2.0;
    format      ascii;
    arch        "LSB;label=32;scalar=64";
    class       vectorField;
    location    "constant/polyMesh";
    object      points;
}
// * * * * * * * * * * * * * * * * * * * * * * * * * * * * * * * * * * * * * //


6578
(
(0.2933333333 -0.07 0.015)
(0.2966666667 -0.07 0.015)
(0.3 -0.07 0.015)
(0.3033333333 -0.07 0.015)
(0.3066666667 -0.07 0.015)
(0.31 -0.07 0.015)
(0.2933333333 -0.065625 0.015)
(0.2966666667 -0.065625 0.015)
(0.3 -0.065625 0.015)
(0.3033333333 -0.065625 0.015)
(0.3066666667 -0.065625 0.015)
(0.31 -0.065625 0.015)
(0.2933333333 -0.06125 0.015)
(0.2966666667 -0.06125 0.015)
(0.3 -0.06125 0.015)
(0.3033333333 -0.06125 0.015)
(0.3066666667 -0.06125 0.015)
(0.31 -0.06125 0.015)
(0.2933333333 -0.056875 0.015)
(0.2966666667 -0.056875 0.015)
(0.3 -0.056875 0.015)
(0.3033333333 -0.056875 0.015)
(0.3066666667 -0.056875 0.015)
(0.31 -0.056875 0.015)
(0.2933333333 -0.0525 0.015)
(0.2966666667 -0.0525 0.015)
(0.3 -0.0525 0.015)
(0.3033333333 -0.0525 0.015)
(0.3066666667 -0.0525 0.015)
(0.31 -0.0525 0.015)
(0.2933333333 -0.048125 0.015)
(0.2966666667 -0.048125 0.015)
(0.3 -0.048125 0.015)
(0.3033333333 -0.048125 0.015)
(0.3066666667 -0.048125 0.015)
(0.31 -0.048125 0.015)
(0.2933333333 -0.04375 0.015)
(0.2966666667 -0.04375 0.015)
(0.3 -0.04375 0.015)
(0.3033333333 -0.04375 0.015)
(0.3066666667 -0.04375 0.015)
(0.31 -0.04375 0.015)
(0.2933333333 -0.039375 0.015)
(0.2966666667 -0.039375 0.015)
(0.3 -0.039375 0.015)
(0.3033333333 -0.039375 0.015)
(0.3066666667 -0.039375 0.015)
(0.31 -0.039375 0.015)
(0.2933333333 -0.035 0.015)
(0.2966666667 -0.035 0.015)
(0.3 -0.035 0.015)
(0.3033333333 -0.035 0.015)
(0.3066666667 -0.035 0.015)
(0.31 -0.035 0.015)
(0.2933333333 -0.030625 0.015)
(0.2966666667 -0.030625 0.015)
(0.3 -0.030625 0.015)
(0.3033333333 -0.030625 0.015)
(0.3066666667 -0.030625 0.015)
(0.31 -0.030625 0.015)
(0.2933333333 -0.02625 0.015)
(0.2966666667 -0.02625 0.015)
(0.3 -0.02625 0.015)
(0.3033333333 -0.02625 0.015)
(0.3066666667 -0.02625 0.015)
(0.31 -0.02625 0.015)
(0.2933333333 -0.021875 0.015)
(0.2966666667 -0.021875 0.015)
(0.3 -0.021875 0.015)
(0.3033333333 -0.021875 0.015)
(0.3066666667 -0.021875 0.015)
(0.31 -0.021875 0.015)
(0.2933333333 -0.0175 0.015)
(0.2966666667 -0.0175 0.015)
(0.3 -0.0175 0.015)
(0.3033333333 -0.0175 0.015)
(0.3066666667 -0.0175 0.015)
(0.31 -0.0175 0.015)
(0.2933333333 -0.013125 0.015)
(0.2966666667 -0.013125 0.015)
(0.3 -0.013125 0.015)
(0.3033333333 -0.013125 0.015)
(0.3066666667 -0.013125 0.015)
(0.31 -0.013125 0.015)
(0.2933333333 -0.00875 0.015)
(0.2966666667 -0.00875 0.015)
(0.3 -0.00875 0.015)
(0.3033333333 -0.00875 0.015)
(0.3066666667 -0.00875 0.015)
(0.31 -0.00875 0.015)
(0.2933333333 -0.004375 0.015)
(0.2966666667 -0.004375 0.015)
(0.3 -0.004375 0.015)
(0.3033333333 -0.004375 0.015)
(0.3066666667 -0.004375 0.015)
(0.31 -0.004375 0.015)
(0.2933333333 0 0.015)
(0.2966666667 0 0.015)
(0.3 0 0.015)
(0.3033333333 0 0.015)
(0.2933333333 0.004375 0.015)
(0.2966666667 0.004375 0.015)
(0.3 0.004375 0.015)
(0.3033333333 0.004375 0.015)
(0.2933333333 -0.07 0.01625)
(0.2966666667 -0.07 0.01625)
(0.3 -0.07 0.01625)
(0.3033333333 -0.07 0.01625)
(0.3066666667 -0.07 0.01625)
(0.31 -0.07 0.01625)
(0.3133333333 -0.07 0.01625)
(0.3166666667 -0.07 0.01625)
(0.32 -0.07 0.01625)
(0.2933333333 -0.065625 0.01625)
(0.2966666667 -0.065625 0.01625)
(0.3 -0.065625 0.01625)
(0.3033333333 -0.065625 0.01625)
(0.3066666667 -0.065625 0.01625)
(0.31 -0.065625 0.01625)
(0.3133333333 -0.065625 0.01625)
(0.3166666667 -0.065625 0.01625)
(0.32 -0.065625 0.01625)
(0.2933333333 -0.06125 0.01625)
(0.2966666667 -0.06125 0.01625)
(0.3 -0.06125 0.01625)
(0.3033333333 -0.06125 0.01625)
(0.3066666667 -0.06125 0.01625)
(0.31 -0.06125 0.01625)
(0.3133333333 -0.06125 0.01625)
(0.3166666667 -0.06125 0.01625)
(0.32 -0.06125 0.01625)
(0.2933333333 -0.056875 0.01625)
(0.2966666667 -0.056875 0.01625)
(0.3 -0.056875 0.01625)
(0.3033333333 -0.056875 0.01625)
(0.3066666667 -0.056875 0.01625)
(0.31 -0.056875 0.01625)
(0.3133333333 -0.056875 0.01625)
(0.3166666667 -0.056875 0.01625)
(0.32 -0.056875 0.01625)
(0.2933333333 -0.0525 0.01625)
(0.2966666667 -0.0525 0.01625)
(0.3 -0.0525 0.01625)
(0.3033333333 -0.0525 0.01625)
(0.3066666667 -0.0525 0.01625)
(0.31 -0.0525 0.01625)
(0.3133333333 -0.0525 0.01625)
(0.3166666667 -0.0525 0.01625)
(0.32 -0.0525 0.01625)
(0.2933333333 -0.048125 0.01625)
(0.2966666667 -0.048125 0.01625)
(0.3 -0.048125 0.01625)
(0.3033333333 -0.048125 0.01625)
(0.3066666667 -0.048125 0.01625)
(0.31 -0.048125 0.01625)
(0.3133333333 -0.048125 0.01625)
(0.3166666667 -0.048125 0.01625)
(0.32 -0.048125 0.01625)
(0.2933333333 -0.04375 0.01625)
(0.2966666667 -0.04375 0.01625)
(0.3 -0.04375 0.01625)
(0.3033333333 -0.04375 0.01625)
(0.3066666667 -0.04375 0.01625)
(0.31 -0.04375 0.01625)
(0.3133333333 -0.04375 0.01625)
(0.3166666667 -0.04375 0.01625)
(0.32 -0.04375 0.01625)
(0.2933333333 -0.039375 0.01625)
(0.2966666667 -0.039375 0.01625)
(0.3 -0.039375 0.01625)
(0.3033333333 -0.039375 0.01625)
(0.3066666667 -0.039375 0.01625)
(0.31 -0.039375 0.01625)
(0.3133333333 -0.039375 0.01625)
(0.3166666667 -0.039375 0.01625)
(0.32 -0.039375 0.01625)
(0.2933333333 -0.035 0.01625)
(0.2966666667 -0.035 0.01625)
(0.3 -0.035 0.01625)
(0.3033333333 -0.035 0.01625)
(0.3066666667 -0.035 0.01625)
(0.31 -0.035 0.01625)
(0.3133333333 -0.035 0.01625)
(0.3166666667 -0.035 0.01625)
(0.32 -0.035 0.01625)
(0.2933333333 -0.030625 0.01625)
(0.2966666667 -0.030625 0.01625)
(0.3 -0.030625 0.01625)
(0.3033333333 -0.030625 0.01625)
(0.3066666667 -0.030625 0.01625)
(0.31 -0.030625 0.01625)
(0.3133333333 -0.030625 0.01625)
(0.3166666667 -0.030625 0.01625)
(0.32 -0.030625 0.01625)
(0.2933333333 -0.02625 0.01625)
(0.2966666667 -0.02625 0.01625)
(0.3 -0.02625 0.01625)
(0.3033333333 -0.02625 0.01625)
(0.3066666667 -0.02625 0.01625)
(0.31 -0.02625 0.01625)
(0.3133333333 -0.02625 0.01625)
(0.3166666667 -0.02625 0.01625)
(0.32 -0.02625 0.01625)
(0.2933333333 -0.021875 0.01625)
(0.2966666667 -0.021875 0.01625)
(0.3 -0.021875 0.01625)
(0.3033333333 -0.021875 0.01625)
(0.3066666667 -0.021875 0.01625)
(0.31 -0.021875 0.01625)
(0.3133333333 -0.021875 0.01625)
(0.3166666667 -0.021875 0.01625)
(0.32 -0.021875 0.01625)
(0.2933333333 -0.0175 0.01625)
(0.2966666667 -0.0175 0.01625)
(0.3 -0.0175 0.01625)
(0.3033333333 -0.0175 0.01625)
(0.3066666667 -0.0175 0.01625)
(0.31 -0.0175 0.01625)
(0.3133333333 -0.0175 0.01625)
(0.3166666667 -0.0175 0.01625)
(0.32 -0.0175 0.01625)
(0.2933333333 -0.013125 0.01625)
(0.2966666667 -0.013125 0.01625)
(0.3 -0.013125 0.01625)
(0.3033333333 -0.013125 0.01625)
(0.3066666667 -0.013125 0.01625)
(0.31 -0.013125 0.01625)
(0.3133333333 -0.013125 0.01625)
(0.3166666667 -0.013125 0.01625)
(0.32 -0.013125 0.01625)
(0.2933333333 -0.00875 0.01625)
(0.2966666667 -0.00875 0.01625)
(0.3 -0.00875 0.01625)
(0.3033333333 -0.00875 0.01625)
(0.3066666667 -0.00875 0.01625)
(0.31 -0.00875 0.01625)
(0.3133333333 -0.00875 0.01625)
(0.3166666667 -0.00875 0.01625)
(0.32 -0.00875 0.01625)
(0.2933333333 -0.004375 0.01625)
(0.2966666667 -0.004375 0.01625)
(0.3 -0.004375 0.01625)
(0.3033333333 -0.004375 0.01625)
(0.3066666667 -0.004375 0.01625)
(0.31 -0.004375 0.01625)
(0.3133333333 -0.004375 0.01625)
(0.3166666667 -0.004375 0.01625)
(0.32 -0.004375 0.01625)
(0.2933333333 0 0.01625)
(0.2966666667 0 0.01625)
(0.3 0 0.01625)
(0.3033333333 -1.156482317e-18 0.01625)
(0.2933333333 0.004375 0.01625)
(0.2966666667 0.004375 0.01625)
(0.3 0.004375 0.01625)
(0.3033333333 0.004375 0.01625)
(0.2933333333 -0.07 0.0175)
(0.2966666667 -0.07 0.0175)
(0.3 -0.07 0.0175)
(0.3033333333 -0.07 0.0175)
(0.3066666667 -0.07 0.0175)
(0.31 -0.07 0.0175)
(0.3133333333 -0.07 0.0175)
(0.3166666667 -0.07 0.0175)
(0.32 -0.07 0.0175)
(0.2933333333 -0.065625 0.0175)
(0.2966666667 -0.065625 0.0175)
(0.3 -0.065625 0.0175)
(0.3033333333 -0.065625 0.0175)
(0.3066666667 -0.065625 0.0175)
(0.31 -0.065625 0.0175)
(0.3133333333 -0.065625 0.0175)
(0.3166666667 -0.065625 0.0175)
(0.32 -0.065625 0.0175)
(0.2933333333 -0.06125 0.0175)
(0.2966666667 -0.06125 0.0175)
(0.3 -0.06125 0.0175)
(0.3033333333 -0.06125 0.0175)
(0.3066666667 -0.06125 0.0175)
(0.31 -0.06125 0.0175)
(0.3133333333 -0.06125 0.0175)
(0.3166666667 -0.06125 0.0175)
(0.32 -0.06125 0.0175)
(0.2933333333 -0.056875 0.0175)
(0.2966666667 -0.056875 0.0175)
(0.3 -0.056875 0.0175)
(0.3033333333 -0.056875 0.0175)
(0.3066666667 -0.056875 0.0175)
(0.31 -0.056875 0.0175)
(0.3133333333 -0.056875 0.0175)
(0.3166666667 -0.056875 0.0175)
(0.32 -0.056875 0.0175)
(0.2933333333 -0.0525 0.0175)
(0.2966666667 -0.0525 0.0175)
(0.3 -0.0525 0.0175)
(0.3033333333 -0.0525 0.0175)
(0.3066666667 -0.0525 0.0175)
(0.31 -0.0525 0.0175)
(0.3133333333 -0.0525 0.0175)
(0.3166666667 -0.0525 0.0175)
(0.32 -0.0525 0.0175)
(0.2933333333 -0.048125 0.0175)
(0.2966666667 -0.048125 0.0175)
(0.3 -0.048125 0.0175)
(0.3033333333 -0.048125 0.0175)
(0.3066666667 -0.048125 0.0175)
(0.31 -0.048125 0.0175)
(0.3133333333 -0.048125 0.0175)
(0.3166666667 -0.048125 0.0175)
(0.32 -0.048125 0.0175)
(0.2933333333 -0.04375 0.0175)
(0.2966666667 -0.04375 0.0175)
(0.3 -0.04375 0.0175)
(0.3033333333 -0.04375 0.0175)
(0.3066666667 -0.04375 0.0175)
(0.31 -0.04375 0.0175)
(0.3133333333 -0.04375 0.0175)
(0.3166666667 -0.04375 0.0175)
(0.32 -0.04375 0.0175)
(0.2933333333 -0.039375 0.0175)
(0.2966666667 -0.039375 0.0175)
(0.3 -0.039375 0.0175)
(0.3033333333 -0.039375 0.0175)
(0.3066666667 -0.039375 0.0175)
(0.31 -0.039375 0.0175)
(0.3133333333 -0.039375 0.0175)
(0.3166666667 -0.039375 0.0175)
(0.32 -0.039375 0.0175)
(0.2933333333 -0.035 0.0175)
(0.2966666667 -0.035 0.0175)
(0.3 -0.035 0.0175)
(0.3033333333 -0.035 0.0175)
(0.3066666667 -0.035 0.0175)
(0.31 -0.035 0.0175)
(0.3133333333 -0.035 0.0175)
(0.3166666667 -0.035 0.0175)
(0.32 -0.035 0.0175)
(0.2933333333 -0.030625 0.0175)
(0.2966666667 -0.030625 0.0175)
(0.3 -0.030625 0.0175)
(0.3033333333 -0.030625 0.0175)
(0.3066666667 -0.030625 0.0175)
(0.31 -0.030625 0.0175)
(0.3133333333 -0.030625 0.0175)
(0.3166666667 -0.030625 0.0175)
(0.32 -0.030625 0.0175)
(0.2933333333 -0.02625 0.0175)
(0.2966666667 -0.02625 0.0175)
(0.3 -0.02625 0.0175)
(0.3033333333 -0.02625 0.0175)
(0.3066666667 -0.02625 0.0175)
(0.31 -0.02625 0.0175)
(0.3133333333 -0.02625 0.0175)
(0.3166666667 -0.02625 0.0175)
(0.32 -0.02625 0.0175)
(0.2933333333 -0.021875 0.0175)
(0.2966666667 -0.021875 0.0175)
(0.3 -0.021875 0.0175)
(0.3033333333 -0.021875 0.0175)
(0.3066666667 -0.021875 0.0175)
(0.31 -0.021875 0.0175)
(0.3133333333 -0.021875 0.0175)
(0.3166666667 -0.021875 0.0175)
(0.32 -0.021875 0.0175)
(0.2933333333 -0.0175 0.0175)
(0.2966666667 -0.0175 0.0175)
(0.3 -0.0175 0.0175)
(0.3033333333 -0.0175 0.0175)
(0.3066666667 -0.0175 0.0175)
(0.31 -0.0175 0.0175)
(0.3133333333 -0.0175 0.0175)
(0.3166666667 -0.0175 0.0175)
(0.32 -0.0175 0.0175)
(0.2933333333 -0.013125 0.0175)
(0.2966666667 -0.013125 0.0175)
(0.3 -0.013125 0.0175)
(0.3033333333 -0.013125 0.0175)
(0.3066666667 -0.013125 0.0175)
(0.31 -0.013125 0.0175)
(0.3133333333 -0.013125 0.0175)
(0.3166666667 -0.013125 0.0175)
(0.32 -0.013125 0.0175)
(0.2933333333 -0.00875 0.0175)
(0.2966666667 -0.00875 0.0175)
(0.3 -0.00875 0.0175)
(0.3033333333 -0.00875 0.0175)
(0.3066666667 -0.00875 0.0175)
(0.31 -0.00875 0.0175)
(0.3133333333 -0.00875 0.0175)
(0.3166666667 -0.00875 0.0175)
(0.32 -0.00875 0.0175)
(0.2933333333 -0.004375 0.0175)
(0.2966666667 -0.004375 0.0175)
(0.3 -0.004375 0.0175)
(0.3033333333 -0.004375 0.0175)
(0.3066666667 -0.004375 0.0175)
(0.31 -0.004375 0.0175)
(0.3133333333 -0.004375 0.0175)
(0.3166666667 -0.004375 0.0175)
(0.32 -0.004375 0.0175)
(0.2933333333 0 0.0175)
(0.2966666667 0 0.0175)
(0.3 0 0.0175)
(0.3033333333 0 0.0175)
(0.3066666667 1.156482317e-18 0.0175)
(0.31 0 0.0175)
(0.3133333333 -1.156482317e-18 0.0175)
(0.3166666667 0 0.0175)
(0.32 0 0.0175)
(0.2933333333 0.004375 0.0175)
(0.2966666667 0.004375 0.0175)
(0.3 0.004375 0.0175)
(0.3033333333 0.004375 0.0175)
(0.3066666667 0.004375 0.0175)
(0.31 0.004375 0.0175)
(0.3133333333 0.004375 0.0175)
(0.3166666667 0.004375 0.0175)
(0.32 0.004375 0.0175)
(0.2966666667 0.00875 0.0175)
(0.3 0.00875 0.0175)
(0.3033333333 0.00875 0.0175)
(0.3066666667 0.00875 0.0175)
(0.31 0.00875 0.0175)
(0.3133333333 0.00875 0.0175)
(0.3166666667 0.00875 0.0175)
(0.32 0.00875 0.0175)
(0.3033333333 0.013125 0.0175)
(0.3066666667 0.013125 0.0175)
(0.31 0.013125 0.0175)
(0.3133333333 0.013125 0.0175)
(0.3166666667 0.013125 0.0175)
(0.2933333333 -0.07 0.01875)
(0.2966666667 -0.07 0.01875)
(0.3 -0.07 0.01875)
(0.3033333333 -0.07 0.01875)
(0.3066666667 -0.07 0.01875)
(0.31 -0.07 0.01875)
(0.3133333333 -0.07 0.01875)
(0.3166666667 -0.07 0.01875)
(0.32 -0.07 0.01875)
(0.2933333333 -0.065625 0.01875)
(0.2966666667 -0.065625 0.01875)
(0.3 -0.065625 0.01875)
(0.3033333333 -0.065625 0.01875)
(0.3066666667 -0.065625 0.01875)
(0.31 -0.065625 0.01875)
(0.3133333333 -0.065625 0.01875)
(0.3166666667 -0.065625 0.01875)
(0.32 -0.065625 0.01875)
(0.2933333333 -0.06125 0.01875)
(0.2966666667 -0.06125 0.01875)
(0.3 -0.06125 0.01875)
(0.3033333333 -0.06125 0.01875)
(0.3066666667 -0.06125 0.01875)
(0.31 -0.06125 0.01875)
(0.3133333333 -0.06125 0.01875)
(0.3166666667 -0.06125 0.01875)
(0.32 -0.06125 0.01875)
(0.2933333333 -0.056875 0.01875)
(0.2966666667 -0.056875 0.01875)
(0.3 -0.056875 0.01875)
(0.3033333333 -0.056875 0.01875)
(0.3066666667 -0.056875 0.01875)
(0.31 -0.056875 0.01875)
(0.3133333333 -0.056875 0.01875)
(0.3166666667 -0.056875 0.01875)
(0.32 -0.056875 0.01875)
(0.2933333333 -0.0525 0.01875)
(0.2966666667 -0.0525 0.01875)
(0.3 -0.0525 0.01875)
(0.3033333333 -0.0525 0.01875)
(0.3066666667 -0.0525 0.01875)
(0.31 -0.0525 0.01875)
(0.3133333333 -0.0525 0.01875)
(0.3166666667 -0.0525 0.01875)
(0.32 -0.0525 0.01875)
(0.2933333333 -0.048125 0.01875)
(0.2966666667 -0.048125 0.01875)
(0.3 -0.048125 0.01875)
(0.3033333333 -0.048125 0.01875)
(0.3066666667 -0.048125 0.01875)
(0.31 -0.048125 0.01875)
(0.3133333333 -0.048125 0.01875)
(0.3166666667 -0.048125 0.01875)
(0.32 -0.048125 0.01875)
(0.2933333333 -0.04375 0.01875)
(0.2966666667 -0.04375 0.01875)
(0.3 -0.04375 0.01875)
(0.3033333333 -0.04375 0.01875)
(0.3066666667 -0.04375 0.01875)
(0.31 -0.04375 0.01875)
(0.3133333333 -0.04375 0.01875)
(0.3166666667 -0.04375 0.01875)
(0.32 -0.04375 0.01875)
(0.2933333333 -0.039375 0.01875)
(0.2966666667 -0.039375 0.01875)
(0.3 -0.039375 0.01875)
(0.3033333333 -0.039375 0.01875)
(0.3066666667 -0.039375 0.01875)
(0.31 -0.039375 0.01875)
(0.3133333333 -0.039375 0.01875)
(0.3166666667 -0.039375 0.01875)
(0.32 -0.039375 0.01875)
(0.2933333333 -0.035 0.01875)
(0.2966666667 -0.035 0.01875)
(0.3 -0.035 0.01875)
(0.3033333333 -0.035 0.01875)
(0.3066666667 -0.035 0.01875)
(0.31 -0.035 0.01875)
(0.3133333333 -0.035 0.01875)
(0.3166666667 -0.035 0.01875)
(0.32 -0.035 0.01875)
(0.2933333333 -0.030625 0.01875)
(0.2966666667 -0.030625 0.01875)
(0.3 -0.030625 0.01875)
(0.3033333333 -0.030625 0.01875)
(0.3066666667 -0.030625 0.01875)
(0.31 -0.030625 0.01875)
(0.3133333333 -0.030625 0.01875)
(0.3166666667 -0.030625 0.01875)
(0.32 -0.030625 0.01875)
(0.2933333333 -0.02625 0.01875)
(0.2966666667 -0.02625 0.01875)
(0.3 -0.02625 0.01875)
(0.3033333333 -0.02625 0.01875)
(0.3066666667 -0.02625 0.01875)
(0.31 -0.02625 0.01875)
(0.3133333333 -0.02625 0.01875)
(0.3166666667 -0.02625 0.01875)
(0.32 -0.02625 0.01875)
(0.2933333333 -0.021875 0.01875)
(0.2966666667 -0.021875 0.01875)
(0.3 -0.021875 0.01875)
(0.3033333333 -0.021875 0.01875)
(0.3066666667 -0.021875 0.01875)
(0.31 -0.021875 0.01875)
(0.3133333333 -0.021875 0.01875)
(0.3166666667 -0.021875 0.01875)
(0.32 -0.021875 0.01875)
(0.2933333333 -0.0175 0.01875)
(0.2966666667 -0.0175 0.01875)
(0.3 -0.0175 0.01875)
(0.3033333333 -0.0175 0.01875)
(0.3066666667 -0.0175 0.01875)
(0.31 -0.0175 0.01875)
(0.3133333333 -0.0175 0.01875)
(0.3166666667 -0.0175 0.01875)
(0.32 -0.0175 0.01875)
(0.2933333333 -0.013125 0.01875)
(0.2966666667 -0.013125 0.01875)
(0.3 -0.013125 0.01875)
(0.3033333333 -0.013125 0.01875)
(0.3066666667 -0.013125 0.01875)
(0.31 -0.013125 0.01875)
(0.3133333333 -0.013125 0.01875)
(0.3166666667 -0.013125 0.01875)
(0.32 -0.013125 0.01875)
(0.2933333333 -0.00875 0.01875)
(0.2966666667 -0.00875 0.01875)
(0.3 -0.00875 0.01875)
(0.3033333333 -0.00875 0.01875)
(0.3066666667 -0.00875 0.01875)
(0.31 -0.00875 0.01875)
(0.3133333333 -0.00875 0.01875)
(0.3166666667 -0.00875 0.01875)
(0.32 -0.00875 0.01875)
(0.2933333333 -0.004375 0.01875)
(0.2966666667 -0.004375 0.01875)
(0.3 -0.004375 0.01875)
(0.3033333333 -0.004375 0.01875)
(0.3066666667 -0.004375 0.01875)
(0.31 -0.004375 0.01875)
(0.3133333333 -0.004375 0.01875)
(0.3166666667 -0.004375 0.01875)
(0.32 -0.004375 0.01875)
(0.2933333333 0 0.01875)
(0.2966666667 0 0.01875)
(0.3 0 0.01875)
(0.3033333333 0 0.01875)
(0.3066666667 0 0.01875)
(0.31 0 0.01875)
(0.3133333333 -1.156482317e-18 0.01875)
(0.3166666667 -7.228014483e-20 0.01875)
(0.32 0 0.01875)
(0.2933333333 0.004375 0.01875)
(0.2966666667 0.004375 0.01875)
(0.3 0.004375 0.01875)
(0.3033333333 0.004375 0.01875)
(0.3066666667 0.004375 0.01875)
(0.31 0.004375 0.01875)
(0.3133333333 0.004375 0.01875)
(0.3166666667 0.004375 0.01875)
(0.32 0.004375 0.01875)
(0.2966666667 0.00875 0.01875)
(0.3 0.00875 0.01875)
(0.3033333333 0.00875 0.01875)
(0.3066666667 0.00875 0.01875)
(0.31 0.00875 0.01875)
(0.3133333333 0.00875 0.01875)
(0.3166666667 0.00875 0.01875)
(0.32 0.00875 0.01875)
(0.3033333333 0.013125 0.01875)
(0.3066666667 0.013125 0.01875)
(0.31 0.013125 0.01875)
(0.3133333333 0.013125 0.01875)
(0.3166666667 0.013125 0.01875)
(0.2933333333 -0.07 0.02)
(0.2966666667 -0.07 0.02)
(0.3 -0.07 0.02)
(0.3033333333 -0.07 0.02)
(0.3066666667 -0.07 0.02)
(0.31 -0.07 0.02)
(0.3133333333 -0.07 0.02)
(0.3166666667 -0.07 0.02)
(0.32 -0.07 0.02)
(0.2933333333 -0.065625 0.02)
(0.2966666667 -0.065625 0.02)
(0.3 -0.065625 0.02)
(0.3033333333 -0.065625 0.02)
(0.3066666667 -0.065625 0.02)
(0.31 -0.065625 0.02)
(0.3133333333 -0.065625 0.02)
(0.3166666667 -0.065625 0.02)
(0.32 -0.065625 0.02)
(0.2933333333 -0.06125 0.02)
(0.2966666667 -0.06125 0.02)
(0.3 -0.06125 0.02)
(0.3033333333 -0.06125 0.02)
(0.3066666667 -0.06125 0.02)
(0.31 -0.06125 0.02)
(0.3133333333 -0.06125 0.02)
(0.3166666667 -0.06125 0.02)
(0.32 -0.06125 0.02)
(0.2933333333 -0.056875 0.02)
(0.2966666667 -0.056875 0.02)
(0.3 -0.056875 0.02)
(0.3033333333 -0.056875 0.02)
(0.3066666667 -0.056875 0.02)
(0.31 -0.056875 0.02)
(0.3133333333 -0.056875 0.02)
(0.3166666667 -0.056875 0.02)
(0.32 -0.056875 0.02)
(0.2933333333 -0.0525 0.02)
(0.2966666667 -0.0525 0.02)
(0.3 -0.0525 0.02)
(0.3033333333 -0.0525 0.02)
(0.3066666667 -0.0525 0.02)
(0.31 -0.0525 0.02)
(0.3133333333 -0.0525 0.02)
(0.3166666667 -0.0525 0.02)
(0.32 -0.0525 0.02)
(0.2933333333 -0.048125 0.02)
(0.2966666667 -0.048125 0.02)
(0.3 -0.048125 0.02)
(0.3033333333 -0.048125 0.02)
(0.3066666667 -0.048125 0.02)
(0.31 -0.048125 0.02)
(0.3133333333 -0.048125 0.02)
(0.3166666667 -0.048125 0.02)
(0.32 -0.048125 0.02)
(0.2933333333 -0.04375 0.02)
(0.2966666667 -0.04375 0.02)
(0.3 -0.04375 0.02)
(0.3033333333 -0.04375 0.02)
(0.3066666667 -0.04375 0.02)
(0.31 -0.04375 0.02)
(0.3133333333 -0.04375 0.02)
(0.3166666667 -0.04375 0.02)
(0.32 -0.04375 0.02)
(0.2933333333 -0.039375 0.02)
(0.2966666667 -0.039375 0.02)
(0.3 -0.039375 0.02)
(0.3033333333 -0.039375 0.02)
(0.3066666667 -0.039375 0.02)
(0.31 -0.039375 0.02)
(0.3133333333 -0.039375 0.02)
(0.3166666667 -0.039375 0.02)
(0.32 -0.039375 0.02)
(0.2933333333 -0.035 0.02)
(0.2966666667 -0.035 0.02)
(0.3 -0.035 0.02)
(0.3033333333 -0.035 0.02)
(0.3066666667 -0.035 0.02)
(0.31 -0.035 0.02)
(0.3133333333 -0.035 0.02)
(0.3166666667 -0.035 0.02)
(0.32 -0.035 0.02)
(0.2933333333 -0.030625 0.02)
(0.2966666667 -0.030625 0.02)
(0.3 -0.030625 0.02)
(0.3033333333 -0.030625 0.02)
(0.3066666667 -0.030625 0.02)
(0.31 -0.030625 0.02)
(0.3133333333 -0.030625 0.02)
(0.3166666667 -0.030625 0.02)
(0.32 -0.030625 0.02)
(0.2933333333 -0.02625 0.02)
(0.2966666667 -0.02625 0.02)
(0.3 -0.02625 0.02)
(0.3033333333 -0.02625 0.02)
(0.3066666667 -0.02625 0.02)
(0.31 -0.02625 0.02)
(0.3133333333 -0.02625 0.02)
(0.3166666667 -0.02625 0.02)
(0.32 -0.02625 0.02)
(0.2933333333 -0.021875 0.02)
(0.2966666667 -0.021875 0.02)
(0.3 -0.021875 0.02)
(0.3033333333 -0.021875 0.02)
(0.3066666667 -0.021875 0.02)
(0.31 -0.021875 0.02)
(0.3133333333 -0.021875 0.02)
(0.3166666667 -0.021875 0.02)
(0.32 -0.021875 0.02)
(0.2933333333 -0.0175 0.02)
(0.2966666667 -0.0175 0.02)
(0.3 -0.0175 0.02)
(0.3033333333 -0.0175 0.02)
(0.3066666667 -0.0175 0.02)
(0.31 -0.0175 0.02)
(0.3133333333 -0.0175 0.02)
(0.3166666667 -0.0175 0.02)
(0.32 -0.0175 0.02)
(0.2933333333 -0.013125 0.02)
(0.2966666667 -0.013125 0.02)
(0.3 -0.013125 0.02)
(0.3033333333 -0.013125 0.02)
(0.3066666667 -0.013125 0.02)
(0.31 -0.013125 0.02)
(0.3133333333 -0.013125 0.02)
(0.3166666667 -0.013125 0.02)
(0.32 -0.013125 0.02)
(0.2933333333 -0.00875 0.02)
(0.2966666667 -0.00875 0.02)
(0.3 -0.00875 0.02)
(0.3033333333 -0.00875 0.02)
(0.3066666667 -0.00875 0.02)
(0.31 -0.00875 0.02)
(0.3133333333 -0.00875 0.02)
(0.3166666667 -0.00875 0.02)
(0.32 -0.00875 0.02)
(0.2933333333 -0.004375 0.02)
(0.2966666667 -0.004375 0.02)
(0.3 -0.004375 0.02)
(0.3033333333 -0.004375 0.02)
(0.3066666667 -0.004375 0.02)
(0.31 -0.004375 0.02)
(0.3133333333 -0.004375 0.02)
(0.3166666667 -0.004375 0.02)
(0.32 -0.004375 0.02)
(0.2933333333 0 0.02)
(0.2966666667 0 0.02)
(0.3 0 0.02)
(0.3033333333 0 0.02)
(0.3066666667 0 0.02)
(0.31 0 0.02)
(0.3133333333 1.156482317e-18 0.02)
(0.3166666667 -7.228014483e-20 0.02)
(0.32 0 0.02)
(0.2933333333 0.004375 0.02)
(0.2966666667 0.004375 0.02)
(0.3 0.004375 0.02)
(0.3033333333 0.004375 0.02)
(0.3066666667 0.004375 0.02)
(0.31 0.004375 0.02)
(0.3133333333 0.004375 0.02)
(0.3166666667 0.004375 0.02)
(0.32 0.004375 0.02)
(0.2966666667 0.00875 0.02)
(0.3 0.00875 0.02)
(0.3033333333 0.00875 0.02)
(0.3066666667 0.00875 0.02)
(0.31 0.00875 0.02)
(0.3133333333 0.00875 0.02)
(0.3166666667 0.00875 0.02)
(0.32 0.00875 0.02)
(0.3033333333 0.013125 0.02)
(0.3066666667 0.013125 0.02)
(0.31 0.013125 0.02)
(0.3133333333 0.013125 0.02)
(0.3166666667 0.013125 0.02)
(0.2933333333 -0.07 0.02125)
(0.2966666667 -0.07 0.02125)
(0.3 -0.07 0.02125)
(0.3033333333 -0.07 0.02125)
(0.3066666667 -0.07 0.02125)
(0.31 -0.07 0.02125)
(0.3133333333 -0.07 0.02125)
(0.3166666667 -0.07 0.02125)
(0.32 -0.07 0.02125)
(0.2933333333 -0.065625 0.02125)
(0.2966666667 -0.065625 0.02125)
(0.3 -0.065625 0.02125)
(0.3033333333 -0.065625 0.02125)
(0.3066666667 -0.065625 0.02125)
(0.31 -0.065625 0.02125)
(0.3133333333 -0.065625 0.02125)
(0.3166666667 -0.065625 0.02125)
(0.32 -0.065625 0.02125)
(0.2933333333 -0.06125 0.02125)
(0.2966666667 -0.06125 0.02125)
(0.3 -0.06125 0.02125)
(0.3033333333 -0.06125 0.02125)
(0.3066666667 -0.06125 0.02125)
(0.31 -0.06125 0.02125)
(0.3133333333 -0.06125 0.02125)
(0.3166666667 -0.06125 0.02125)
(0.32 -0.06125 0.02125)
(0.2933333333 -0.056875 0.02125)
(0.2966666667 -0.056875 0.02125)
(0.3 -0.056875 0.02125)
(0.3033333333 -0.056875 0.02125)
(0.3066666667 -0.056875 0.02125)
(0.31 -0.056875 0.02125)
(0.3133333333 -0.056875 0.02125)
(0.3166666667 -0.056875 0.02125)
(0.32 -0.056875 0.02125)
(0.2933333333 -0.0525 0.02125)
(0.2966666667 -0.0525 0.02125)
(0.3 -0.0525 0.02125)
(0.3033333333 -0.0525 0.02125)
(0.3066666667 -0.0525 0.02125)
(0.31 -0.0525 0.02125)
(0.3133333333 -0.0525 0.02125)
(0.3166666667 -0.0525 0.02125)
(0.32 -0.0525 0.02125)
(0.2933333333 -0.048125 0.02125)
(0.2966666667 -0.048125 0.02125)
(0.3 -0.048125 0.02125)
(0.3033333333 -0.048125 0.02125)
(0.3066666667 -0.048125 0.02125)
(0.31 -0.048125 0.02125)
(0.3133333333 -0.048125 0.02125)
(0.3166666667 -0.048125 0.02125)
(0.32 -0.048125 0.02125)
(0.2933333333 -0.04375 0.02125)
(0.2966666667 -0.04375 0.02125)
(0.3 -0.04375 0.02125)
(0.3033333333 -0.04375 0.02125)
(0.3066666667 -0.04375 0.02125)
(0.31 -0.04375 0.02125)
(0.3133333333 -0.04375 0.02125)
(0.3166666667 -0.04375 0.02125)
(0.32 -0.04375 0.02125)
(0.2933333333 -0.039375 0.02125)
(0.2966666667 -0.039375 0.02125)
(0.3 -0.039375 0.02125)
(0.3033333333 -0.039375 0.02125)
(0.3066666667 -0.039375 0.02125)
(0.31 -0.039375 0.02125)
(0.3133333333 -0.039375 0.02125)
(0.3166666667 -0.039375 0.02125)
(0.32 -0.039375 0.02125)
(0.2933333333 -0.035 0.02125)
(0.2966666667 -0.035 0.02125)
(0.3 -0.035 0.02125)
(0.3033333333 -0.035 0.02125)
(0.3066666667 -0.035 0.02125)
(0.31 -0.035 0.02125)
(0.3133333333 -0.035 0.02125)
(0.3166666667 -0.035 0.02125)
(0.32 -0.035 0.02125)
(0.2933333333 -0.030625 0.02125)
(0.2966666667 -0.030625 0.02125)
(0.3 -0.030625 0.02125)
(0.3033333333 -0.030625 0.02125)
(0.3066666667 -0.030625 0.02125)
(0.31 -0.030625 0.02125)
(0.3133333333 -0.030625 0.02125)
(0.3166666667 -0.030625 0.02125)
(0.32 -0.030625 0.02125)
(0.2933333333 -0.02625 0.02125)
(0.2966666667 -0.02625 0.02125)
(0.3 -0.02625 0.02125)
(0.3033333333 -0.02625 0.02125)
(0.3066666667 -0.02625 0.02125)
(0.31 -0.02625 0.02125)
(0.3133333333 -0.02625 0.02125)
(0.3166666667 -0.02625 0.02125)
(0.32 -0.02625 0.02125)
(0.2933333333 -0.021875 0.02125)
(0.2966666667 -0.021875 0.02125)
(0.3 -0.021875 0.02125)
(0.3033333333 -0.021875 0.02125)
(0.3066666667 -0.021875 0.02125)
(0.31 -0.021875 0.02125)
(0.3133333333 -0.021875 0.02125)
(0.3166666667 -0.021875 0.02125)
(0.32 -0.021875 0.02125)
(0.2933333333 -0.0175 0.02125)
(0.2966666667 -0.0175 0.02125)
(0.3 -0.0175 0.02125)
(0.3033333333 -0.0175 0.02125)
(0.3066666667 -0.0175 0.02125)
(0.31 -0.0175 0.02125)
(0.3133333333 -0.0175 0.02125)
(0.3166666667 -0.0175 0.02125)
(0.32 -0.0175 0.02125)
(0.2933333333 -0.013125 0.02125)
(0.2966666667 -0.013125 0.02125)
(0.3 -0.013125 0.02125)
(0.3033333333 -0.013125 0.02125)
(0.3066666667 -0.013125 0.02125)
(0.31 -0.013125 0.02125)
(0.3133333333 -0.013125 0.02125)
(0.3166666667 -0.013125 0.02125)
(0.32 -0.013125 0.02125)
(0.2933333333 -0.00875 0.02125)
(0.2966666667 -0.00875 0.02125)
(0.3 -0.00875 0.02125)
(0.3033333333 -0.00875 0.02125)
(0.3066666667 -0.00875 0.02125)
(0.31 -0.00875 0.02125)
(0.3133333333 -0.00875 0.02125)
(0.3166666667 -0.00875 0.02125)
(0.32 -0.00875 0.02125)
(0.2933333333 -0.004375 0.02125)
(0.2966666667 -0.004375 0.02125)
(0.3 -0.004375 0.02125)
(0.3033333333 -0.004375 0.02125)
(0.3066666667 -0.004375 0.02125)
(0.31 -0.004375 0.02125)
(0.3133333333 -0.004375 0.02125)
(0.3166666667 -0.004375 0.02125)
(0.32 -0.004375 0.02125)
(0.2933333333 0 0.02125)
(0.2966666667 0 0.02125)
(0.3 0 0.02125)
(0.3033333333 0 0.02125)
(0.3066666667 0 0.02125)
(0.31 0 0.02125)
(0.3133333333 -1.156482317e-18 0.02125)
(0.3166666667 -7.228014483e-20 0.02125)
(0.32 0 0.02125)
(0.2933333333 0.004375 0.02125)
(0.2966666667 0.004375 0.02125)
(0.3 0.004375 0.02125)
(0.3033333333 0.004375 0.02125)
(0.3066666667 0.004375 0.02125)
(0.31 0.004375 0.02125)
(0.3133333333 0.004375 0.02125)
(0.3166666667 0.004375 0.02125)
(0.32 0.004375 0.02125)
(0.2966666667 0.00875 0.02125)
(0.3 0.00875 0.02125)
(0.3033333333 0.00875 0.02125)
(0.3066666667 0.00875 0.02125)
(0.31 0.00875 0.02125)
(0.3133333333 0.00875 0.02125)
(0.3166666667 0.00875 0.02125)
(0.32 0.00875 0.02125)
(0.3033333333 0.013125 0.02125)
(0.3066666667 0.013125 0.02125)
(0.31 0.013125 0.02125)
(0.3133333333 0.013125 0.02125)
(0.3166666667 0.013125 0.02125)
(0.29 -0.07 0.0225)
(0.2933333333 -0.07 0.0225)
(0.2966666667 -0.07 0.0225)
(0.3 -0.07 0.0225)
(0.3033333333 -0.07 0.0225)
(0.3066666667 -0.07 0.0225)
(0.31 -0.07 0.0225)
(0.3133333333 -0.07 0.0225)
(0.3166666667 -0.07 0.0225)
(0.32 -0.07 0.0225)
(0.29 -0.065625 0.0225)
(0.2933333333 -0.065625 0.0225)
(0.2966666667 -0.065625 0.0225)
(0.3 -0.065625 0.0225)
(0.3033333333 -0.065625 0.0225)
(0.3066666667 -0.065625 0.0225)
(0.31 -0.065625 0.0225)
(0.3133333333 -0.065625 0.0225)
(0.3166666667 -0.065625 0.0225)
(0.32 -0.065625 0.0225)
(0.29 -0.06125 0.0225)
(0.2933333333 -0.06125 0.0225)
(0.2966666667 -0.06125 0.0225)
(0.3 -0.06125 0.0225)
(0.3033333333 -0.06125 0.0225)
(0.3066666667 -0.06125 0.0225)
(0.31 -0.06125 0.0225)
(0.3133333333 -0.06125 0.0225)
(0.3166666667 -0.06125 0.0225)
(0.32 -0.06125 0.0225)
(0.29 -0.056875 0.0225)
(0.2933333333 -0.056875 0.0225)
(0.2966666667 -0.056875 0.0225)
(0.3 -0.056875 0.0225)
(0.3033333333 -0.056875 0.0225)
(0.3066666667 -0.056875 0.0225)
(0.31 -0.056875 0.0225)
(0.3133333333 -0.056875 0.0225)
(0.3166666667 -0.056875 0.0225)
(0.32 -0.056875 0.0225)
(0.29 -0.0525 0.0225)
(0.2933333333 -0.0525 0.0225)
(0.2966666667 -0.0525 0.0225)
(0.3 -0.0525 0.0225)
(0.3033333333 -0.0525 0.0225)
(0.3066666667 -0.0525 0.0225)
(0.31 -0.0525 0.0225)
(0.3133333333 -0.0525 0.0225)
(0.3166666667 -0.0525 0.0225)
(0.32 -0.0525 0.0225)
(0.29 -0.048125 0.0225)
(0.2933333333 -0.048125 0.0225)
(0.2966666667 -0.048125 0.0225)
(0.3 -0.048125 0.0225)
(0.3033333333 -0.048125 0.0225)
(0.3066666667 -0.048125 0.0225)
(0.31 -0.048125 0.0225)
(0.3133333333 -0.048125 0.0225)
(0.3166666667 -0.048125 0.0225)
(0.32 -0.048125 0.0225)
(0.29 -0.04375 0.0225)
(0.2933333333 -0.04375 0.0225)
(0.2966666667 -0.04375 0.0225)
(0.3 -0.04375 0.0225)
(0.3033333333 -0.04375 0.0225)
(0.3066666667 -0.04375 0.0225)
(0.31 -0.04375 0.0225)
(0.3133333333 -0.04375 0.0225)
(0.3166666667 -0.04375 0.0225)
(0.32 -0.04375 0.0225)
(0.29 -0.039375 0.0225)
(0.2933333333 -0.039375 0.0225)
(0.2966666667 -0.039375 0.0225)
(0.3 -0.039375 0.0225)
(0.3033333333 -0.039375 0.0225)
(0.3066666667 -0.039375 0.0225)
(0.31 -0.039375 0.0225)
(0.3133333333 -0.039375 0.0225)
(0.3166666667 -0.039375 0.0225)
(0.32 -0.039375 0.0225)
(0.29 -0.035 0.0225)
(0.2933333333 -0.035 0.0225)
(0.2966666667 -0.035 0.0225)
(0.3 -0.035 0.0225)
(0.3033333333 -0.035 0.0225)
(0.3066666667 -0.035 0.0225)
(0.31 -0.035 0.0225)
(0.3133333333 -0.035 0.0225)
(0.3166666667 -0.035 0.0225)
(0.32 -0.035 0.0225)
(0.29 -0.030625 0.0225)
(0.2933333333 -0.030625 0.0225)
(0.2966666667 -0.030625 0.0225)
(0.3 -0.030625 0.0225)
(0.3033333333 -0.030625 0.0225)
(0.3066666667 -0.030625 0.0225)
(0.31 -0.030625 0.0225)
(0.3133333333 -0.030625 0.0225)
(0.3166666667 -0.030625 0.0225)
(0.32 -0.030625 0.0225)
(0.29 -0.02625 0.0225)
(0.2933333333 -0.02625 0.0225)
(0.2966666667 -0.02625 0.0225)
(0.3 -0.02625 0.0225)
(0.3033333333 -0.02625 0.0225)
(0.3066666667 -0.02625 0.0225)
(0.31 -0.02625 0.0225)
(0.3133333333 -0.02625 0.0225)
(0.3166666667 -0.02625 0.0225)
(0.32 -0.02625 0.0225)
(0.29 -0.021875 0.0225)
(0.2933333333 -0.021875 0.0225)
(0.2966666667 -0.021875 0.0225)
(0.3 -0.021875 0.0225)
(0.3033333333 -0.021875 0.0225)
(0.3066666667 -0.021875 0.0225)
(0.31 -0.021875 0.0225)
(0.3133333333 -0.021875 0.0225)
(0.3166666667 -0.021875 0.0225)
(0.32 -0.021875 0.0225)
(0.29 -0.0175 0.0225)
(0.2933333333 -0.0175 0.0225)
(0.2966666667 -0.0175 0.0225)
(0.3 -0.0175 0.0225)
(0.3033333333 -0.0175 0.0225)
(0.3066666667 -0.0175 0.0225)
(0.31 -0.0175 0.0225)
(0.3133333333 -0.0175 0.0225)
(0.3166666667 -0.0175 0.0225)
(0.32 -0.0175 0.0225)
(0.29 -0.013125 0.0225)
(0.2933333333 -0.013125 0.0225)
(0.2966666667 -0.013125 0.0225)
(0.3 -0.013125 0.0225)
(0.3033333333 -0.013125 0.0225)
(0.3066666667 -0.013125 0.0225)
(0.31 -0.013125 0.0225)
(0.3133333333 -0.013125 0.0225)
(0.3166666667 -0.013125 0.0225)
(0.32 -0.013125 0.0225)
(0.29 -0.00875 0.0225)
(0.2933333333 -0.00875 0.0225)
(0.2966666667 -0.00875 0.0225)
(0.3 -0.00875 0.0225)
(0.3033333333 -0.00875 0.0225)
(0.3066666667 -0.00875 0.0225)
(0.31 -0.00875 0.0225)
(0.3133333333 -0.00875 0.0225)
(0.3166666667 -0.00875 0.0225)
(0.32 -0.00875 0.0225)
(0.29 -0.004375 0.0225)
(0.2933333333 -0.004375 0.0225)
(0.2966666667 -0.004375 0.0225)
(0.3 -0.004375 0.0225)
(0.3033333333 -0.004375 0.0225)
(0.3066666667 -0.004375 0.0225)
(0.31 -0.004375 0.0225)
(0.3133333333 -0.004375 0.0225)
(0.3166666667 -0.004375 0.0225)
(0.32 -0.004375 0.0225)
(0.29 0 0.0225)
(0.2933333333 0 0.0225)
(0.2966666667 0 0.0225)
(0.3 0 0.0225)
(0.3033333333 0 0.0225)
(0.3066666667 -8.67361738e-19 0.0225)
(0.31 0 0.0225)
(0.3133333333 -1.156482317e-18 0.0225)
(0.3166666667 -7.228014483e-20 0.0225)
(0.32 0 0.0225)
(0.2933333333 0.004375 0.0225)
(0.2966666667 0.004375 0.0225)
(0.3 0.004375 0.0225)
(0.3033333333 0.004375 0.0225)
(0.3066666667 0.004375 0.0225)
(0.31 0.004375 0.0225)
(0.3133333333 0.004375 0.0225)
(0.3166666667 0.004375 0.0225)
(0.32 0.004375 0.0225)
(0.2966666667 0.00875 0.0225)
(0.3 0.00875 0.0225)
(0.3033333333 0.00875 0.0225)
(0.3066666667 0.00875 0.0225)
(0.31 0.00875 0.0225)
(0.3133333333 0.00875 0.0225)
(0.3166666667 0.00875 0.0225)
(0.32 0.00875 0.0225)
(0.3033333333 0.013125 0.0225)
(0.3066666667 0.013125 0.0225)
(0.31 0.013125 0.0225)
(0.3133333333 0.013125 0.0225)
(0.3166666667 0.013125 0.0225)
(0.29 -0.07 0.02375)
(0.2933333333 -0.07 0.02375)
(0.2966666667 -0.07 0.02375)
(0.3 -0.07 0.02375)
(0.3033333333 -0.07 0.02375)
(0.3066666667 -0.07 0.02375)
(0.31 -0.07 0.02375)
(0.3133333333 -0.07 0.02375)
(0.3166666667 -0.07 0.02375)
(0.32 -0.07 0.02375)
(0.29 -0.065625 0.02375)
(0.2933333333 -0.065625 0.02375)
(0.2966666667 -0.065625 0.02375)
(0.3 -0.065625 0.02375)
(0.3033333333 -0.065625 0.02375)
(0.3066666667 -0.065625 0.02375)
(0.31 -0.065625 0.02375)
(0.3133333333 -0.065625 0.02375)
(0.3166666667 -0.065625 0.02375)
(0.32 -0.065625 0.02375)
(0.29 -0.06125 0.02375)
(0.2933333333 -0.06125 0.02375)
(0.2966666667 -0.06125 0.02375)
(0.3 -0.06125 0.02375)
(0.3033333333 -0.06125 0.02375)
(0.3066666667 -0.06125 0.02375)
(0.31 -0.06125 0.02375)
(0.3133333333 -0.06125 0.02375)
(0.3166666667 -0.06125 0.02375)
(0.32 -0.06125 0.02375)
(0.29 -0.056875 0.02375)
(0.2933333333 -0.056875 0.02375)
(0.2966666667 -0.056875 0.02375)
(0.3 -0.056875 0.02375)
(0.3033333333 -0.056875 0.02375)
(0.3066666667 -0.056875 0.02375)
(0.31 -0.056875 0.02375)
(0.3133333333 -0.056875 0.02375)
(0.3166666667 -0.056875 0.02375)
(0.32 -0.056875 0.02375)
(0.29 -0.0525 0.02375)
(0.2933333333 -0.0525 0.02375)
(0.2966666667 -0.0525 0.02375)
(0.3 -0.0525 0.02375)
(0.3033333333 -0.0525 0.02375)
(0.3066666667 -0.0525 0.02375)
(0.31 -0.0525 0.02375)
(0.3133333333 -0.0525 0.02375)
(0.3166666667 -0.0525 0.02375)
(0.32 -0.0525 0.02375)
(0.29 -0.048125 0.02375)
(0.2933333333 -0.048125 0.02375)
(0.2966666667 -0.048125 0.02375)
(0.3 -0.048125 0.02375)
(0.3033333333 -0.048125 0.02375)
(0.3066666667 -0.048125 0.02375)
(0.31 -0.048125 0.02375)
(0.3133333333 -0.048125 0.02375)
(0.3166666667 -0.048125 0.02375)
(0.32 -0.048125 0.02375)
(0.29 -0.04375 0.02375)
(0.2933333333 -0.04375 0.02375)
(0.2966666667 -0.04375 0.02375)
(0.3 -0.04375 0.02375)
(0.3033333333 -0.04375 0.02375)
(0.3066666667 -0.04375 0.02375)
(0.31 -0.04375 0.02375)
(0.3133333333 -0.04375 0.02375)
(0.3166666667 -0.04375 0.02375)
(0.32 -0.04375 0.02375)
(0.29 -0.039375 0.02375)
(0.2933333333 -0.039375 0.02375)
(0.2966666667 -0.039375 0.02375)
(0.3 -0.039375 0.02375)
(0.3033333333 -0.039375 0.02375)
(0.3066666667 -0.039375 0.02375)
(0.31 -0.039375 0.02375)
(0.3133333333 -0.039375 0.02375)
(0.3166666667 -0.039375 0.02375)
(0.32 -0.039375 0.02375)
(0.29 -0.035 0.02375)
(0.2933333333 -0.035 0.02375)
(0.2966666667 -0.035 0.02375)
(0.3 -0.035 0.02375)
(0.3033333333 -0.035 0.02375)
(0.3066666667 -0.035 0.02375)
(0.31 -0.035 0.02375)
(0.3133333333 -0.035 0.02375)
(0.3166666667 -0.035 0.02375)
(0.32 -0.035 0.02375)
(0.29 -0.030625 0.02375)
(0.2933333333 -0.030625 0.02375)
(0.2966666667 -0.030625 0.02375)
(0.3 -0.030625 0.02375)
(0.3033333333 -0.030625 0.02375)
(0.3066666667 -0.030625 0.02375)
(0.31 -0.030625 0.02375)
(0.3133333333 -0.030625 0.02375)
(0.3166666667 -0.030625 0.02375)
(0.32 -0.030625 0.02375)
(0.29 -0.02625 0.02375)
(0.2933333333 -0.02625 0.02375)
(0.2966666667 -0.02625 0.02375)
(0.3 -0.02625 0.02375)
(0.3033333333 -0.02625 0.02375)
(0.3066666667 -0.02625 0.02375)
(0.31 -0.02625 0.02375)
(0.3133333333 -0.02625 0.02375)
(0.3166666667 -0.02625 0.02375)
(0.32 -0.02625 0.02375)
(0.29 -0.021875 0.02375)
(0.2933333333 -0.021875 0.02375)
(0.2966666667 -0.021875 0.02375)
(0.3 -0.021875 0.02375)
(0.3033333333 -0.021875 0.02375)
(0.3066666667 -0.021875 0.02375)
(0.31 -0.021875 0.02375)
(0.3133333333 -0.021875 0.02375)
(0.3166666667 -0.021875 0.02375)
(0.32 -0.021875 0.02375)
(0.29 -0.0175 0.02375)
(0.2933333333 -0.0175 0.02375)
(0.2966666667 -0.0175 0.02375)
(0.3 -0.0175 0.02375)
(0.3033333333 -0.0175 0.02375)
(0.3066666667 -0.0175 0.02375)
(0.31 -0.0175 0.02375)
(0.3133333333 -0.0175 0.02375)
(0.3166666667 -0.0175 0.02375)
(0.32 -0.0175 0.02375)
(0.29 -0.013125 0.02375)
(0.2933333333 -0.013125 0.02375)
(0.2966666667 -0.013125 0.02375)
(0.3 -0.013125 0.02375)
(0.3033333333 -0.013125 0.02375)
(0.3066666667 -0.013125 0.02375)
(0.31 -0.013125 0.02375)
(0.3133333333 -0.013125 0.02375)
(0.3166666667 -0.013125 0.02375)
(0.32 -0.013125 0.02375)
(0.29 -0.00875 0.02375)
(0.2933333333 -0.00875 0.02375)
(0.2966666667 -0.00875 0.02375)
(0.3 -0.00875 0.02375)
(0.3033333333 -0.00875 0.02375)
(0.3066666667 -0.00875 0.02375)
(0.31 -0.00875 0.02375)
(0.3133333333 -0.00875 0.02375)
(0.3166666667 -0.00875 0.02375)
(0.32 -0.00875 0.02375)
(0.29 -0.004375 0.02375)
(0.2933333333 -0.004375 0.02375)
(0.2966666667 -0.004375 0.02375)
(0.3 -0.004375 0.02375)
(0.3033333333 -0.004375 0.02375)
(0.3066666667 -0.004375 0.02375)
(0.31 -0.004375 0.02375)
(0.3133333333 -0.004375 0.02375)
(0.3166666667 -0.004375 0.02375)
(0.32 -0.004375 0.02375)
(0.29 0 0.02375)
(0.2933333333 0 0.02375)
(0.2966666667 0 0.02375)
(0.3 0 0.02375)
(0.3033333333 0 0.02375)
(0.3066666667 0 0.02375)
(0.31 0 0.02375)
(0.3133333333 -1.156482317e-18 0.02375)
(0.3166666667 -7.228014483e-20 0.02375)
(0.32 0 0.02375)
(0.2933333333 0.004375 0.02375)
(0.2966666667 0.004375 0.02375)
(0.3 0.004375 0.02375)
(0.3033333333 0.004375 0.02375)
(0.3066666667 0.004375 0.02375)
(0.31 0.004375 0.02375)
(0.3133333333 0.004375 0.02375)
(0.3166666667 0.004375 0.02375)
(0.32 0.004375 0.02375)
(0.2966666667 0.00875 0.02375)
(0.3 0.00875 0.02375)
(0.3033333333 0.00875 0.02375)
(0.3066666667 0.00875 0.02375)
(0.31 0.00875 0.02375)
(0.3133333333 0.00875 0.02375)
(0.3166666667 0.00875 0.02375)
(0.32 0.00875 0.02375)
(0.3033333333 0.013125 0.02375)
(0.3066666667 0.013125 0.02375)
(0.31 0.013125 0.02375)
(0.3133333333 0.013125 0.02375)
(0.3166666667 0.013125 0.02375)
(0.29 -0.07 0.025)
(0.2933333333 -0.07 0.025)
(0.2966666667 -0.07 0.025)
(0.3 -0.07 0.025)
(0.3033333333 -0.07 0.025)
(0.3066666667 -0.07 0.025)
(0.31 -0.07 0.025)
(0.3133333333 -0.07 0.025)
(0.3166666667 -0.07 0.025)
(0.32 -0.07 0.025)
(0.29 -0.065625 0.025)
(0.2933333333 -0.065625 0.025)
(0.2966666667 -0.065625 0.025)
(0.3 -0.065625 0.025)
(0.3033333333 -0.065625 0.025)
(0.3066666667 -0.065625 0.025)
(0.31 -0.065625 0.025)
(0.3133333333 -0.065625 0.025)
(0.3166666667 -0.065625 0.025)
(0.32 -0.065625 0.025)
(0.29 -0.06125 0.025)
(0.2933333333 -0.06125 0.025)
(0.2966666667 -0.06125 0.025)
(0.3 -0.06125 0.025)
(0.3033333333 -0.06125 0.025)
(0.3066666667 -0.06125 0.025)
(0.31 -0.06125 0.025)
(0.3133333333 -0.06125 0.025)
(0.3166666667 -0.06125 0.025)
(0.32 -0.06125 0.025)
(0.29 -0.056875 0.025)
(0.2933333333 -0.056875 0.025)
(0.2966666667 -0.056875 0.025)
(0.3 -0.056875 0.025)
(0.3033333333 -0.056875 0.025)
(0.3066666667 -0.056875 0.025)
(0.31 -0.056875 0.025)
(0.3133333333 -0.056875 0.025)
(0.3166666667 -0.056875 0.025)
(0.32 -0.056875 0.025)
(0.29 -0.0525 0.025)
(0.2933333333 -0.0525 0.025)
(0.2966666667 -0.0525 0.025)
(0.3 -0.0525 0.025)
(0.3033333333 -0.0525 0.025)
(0.3066666667 -0.0525 0.025)
(0.31 -0.0525 0.025)
(0.3133333333 -0.0525 0.025)
(0.3166666667 -0.0525 0.025)
(0.32 -0.0525 0.025)
(0.29 -0.048125 0.025)
(0.2933333333 -0.048125 0.025)
(0.2966666667 -0.048125 0.025)
(0.3 -0.048125 0.025)
(0.3033333333 -0.048125 0.025)
(0.3066666667 -0.048125 0.025)
(0.31 -0.048125 0.025)
(0.3133333333 -0.048125 0.025)
(0.3166666667 -0.048125 0.025)
(0.32 -0.048125 0.025)
(0.29 -0.04375 0.025)
(0.2933333333 -0.04375 0.025)
(0.2966666667 -0.04375 0.025)
(0.3 -0.04375 0.025)
(0.3033333333 -0.04375 0.025)
(0.3066666667 -0.04375 0.025)
(0.31 -0.04375 0.025)
(0.3133333333 -0.04375 0.025)
(0.3166666667 -0.04375 0.025)
(0.32 -0.04375 0.025)
(0.29 -0.039375 0.025)
(0.2933333333 -0.039375 0.025)
(0.2966666667 -0.039375 0.025)
(0.3 -0.039375 0.025)
(0.3033333333 -0.039375 0.025)
(0.3066666667 -0.039375 0.025)
(0.31 -0.039375 0.025)
(0.3133333333 -0.039375 0.025)
(0.3166666667 -0.039375 0.025)
(0.32 -0.039375 0.025)
(0.29 -0.035 0.025)
(0.2933333333 -0.035 0.025)
(0.2966666667 -0.035 0.025)
(0.3 -0.035 0.025)
(0.3033333333 -0.035 0.025)
(0.3066666667 -0.035 0.025)
(0.31 -0.035 0.025)
(0.3133333333 -0.035 0.025)
(0.3166666667 -0.035 0.025)
(0.32 -0.035 0.025)
(0.29 -0.030625 0.025)
(0.2933333333 -0.030625 0.025)
(0.2966666667 -0.030625 0.025)
(0.3 -0.030625 0.025)
(0.3033333333 -0.030625 0.025)
(0.3066666667 -0.030625 0.025)
(0.31 -0.030625 0.025)
(0.3133333333 -0.030625 0.025)
(0.3166666667 -0.030625 0.025)
(0.32 -0.030625 0.025)
(0.29 -0.02625 0.025)
(0.2933333333 -0.02625 0.025)
(0.2966666667 -0.02625 0.025)
(0.3 -0.02625 0.025)
(0.3033333333 -0.02625 0.025)
(0.3066666667 -0.02625 0.025)
(0.31 -0.02625 0.025)
(0.3133333333 -0.02625 0.025)
(0.3166666667 -0.02625 0.025)
(0.32 -0.02625 0.025)
(0.29 -0.021875 0.025)
(0.2933333333 -0.021875 0.025)
(0.2966666667 -0.021875 0.025)
(0.3 -0.021875 0.025)
(0.3033333333 -0.021875 0.025)
(0.3066666667 -0.021875 0.025)
(0.31 -0.021875 0.025)
(0.3133333333 -0.021875 0.025)
(0.3166666667 -0.021875 0.025)
(0.32 -0.021875 0.025)
(0.29 -0.0175 0.025)
(0.2933333333 -0.0175 0.025)
(0.2966666667 -0.0175 0.025)
(0.3 -0.0175 0.025)
(0.3033333333 -0.0175 0.025)
(0.3066666667 -0.0175 0.025)
(0.31 -0.0175 0.025)
(0.3133333333 -0.0175 0.025)
(0.3166666667 -0.0175 0.025)
(0.32 -0.0175 0.025)
(0.29 -0.013125 0.025)
(0.2933333333 -0.013125 0.025)
(0.2966666667 -0.013125 0.025)
(0.3 -0.013125 0.025)
(0.3033333333 -0.013125 0.025)
(0.3066666667 -0.013125 0.025)
(0.31 -0.013125 0.025)
(0.3133333333 -0.013125 0.025)
(0.3166666667 -0.013125 0.025)
(0.32 -0.013125 0.025)
(0.29 -0.00875 0.025)
(0.2933333333 -0.00875 0.025)
(0.2966666667 -0.00875 0.025)
(0.3 -0.00875 0.025)
(0.3033333333 -0.00875 0.025)
(0.3066666667 -0.00875 0.025)
(0.31 -0.00875 0.025)
(0.3133333333 -0.00875 0.025)
(0.3166666667 -0.00875 0.025)
(0.32 -0.00875 0.025)
(0.29 -0.004375 0.025)
(0.2933333333 -0.004375 0.025)
(0.2966666667 -0.004375 0.025)
(0.3 -0.004375 0.025)
(0.3033333333 -0.004375 0.025)
(0.3066666667 -0.004375 0.025)
(0.31 -0.004375 0.025)
(0.3133333333 -0.004375 0.025)
(0.3166666667 -0.004375 0.025)
(0.32 -0.004375 0.025)
(0.29 0 0.025)
(0.2933333333 0 0.025)
(0.2966666667 0 0.025)
(0.3 0 0.025)
(0.3033333333 0 0.025)
(0.3066666667 0 0.025)
(0.31 0 0.025)
(0.3133333333 -1.156482317e-18 0.025)
(0.3166666667 -7.228014483e-20 0.025)
(0.32 0 0.025)
(0.2933333333 0.004375 0.025)
(0.2966666667 0.004375 0.025)
(0.3 0.004375 0.025)
(0.3033333333 0.004375 0.025)
(0.3066666667 0.004375 0.025)
(0.31 0.004375 0.025)
(0.3133333333 0.004375 0.025)
(0.3166666667 0.004375 0.025)
(0.32 0.004375 0.025)
(0.2966666667 0.00875 0.025)
(0.3 0.00875 0.025)
(0.3033333333 0.00875 0.025)
(0.3066666667 0.00875 0.025)
(0.31 0.00875 0.025)
(0.3133333333 0.00875 0.025)
(0.3166666667 0.00875 0.025)
(0.32 0.00875 0.025)
(0.3033333333 0.013125 0.025)
(0.3066666667 0.013125 0.025)
(0.31 0.013125 0.025)
(0.3133333333 0.013125 0.025)
(0.3166666667 0.013125 0.025)
(0.324 -0.07 0.01625)
(0.328 -0.07 0.01625)
(0.324 -0.065625 0.01625)
(0.328 -0.065625 0.01625)
(0.324 -0.06125 0.01625)
(0.328 -0.06125 0.01625)
(0.324 -0.056875 0.01625)
(0.328 -0.056875 0.01625)
(0.324 -0.0525 0.01625)
(0.328 -0.0525 0.01625)
(0.324 -0.048125 0.01625)
(0.328 -0.048125 0.01625)
(0.324 -0.04375 0.01625)
(0.328 -0.04375 0.01625)
(0.324 -0.039375 0.01625)
(0.328 -0.039375 0.01625)
(0.324 -0.035 0.01625)
(0.328 -0.035 0.01625)
(0.324 -0.030625 0.01625)
(0.328 -0.030625 0.01625)
(0.324 -0.02625 0.01625)
(0.328 -0.02625 0.01625)
(0.324 -0.021875 0.01625)
(0.328 -0.021875 0.01625)
(0.324 -0.0175 0.01625)
(0.328 -0.0175 0.01625)
(0.324 -0.013125 0.01625)
(0.328 -0.013125 0.01625)
(0.324 -0.00875 0.01625)
(0.328 -0.00875 0.01625)
(0.324 -0.004375 0.01625)
(0.328 -0.004375 0.01625)
(0.324 -0.07 0.0175)
(0.328 -0.07 0.0175)
(0.332 -0.07 0.0175)
(0.336 -0.07 0.0175)
(0.34 -0.07 0.0175)
(0.344 -0.07 0.0175)
(0.324 -0.065625 0.0175)
(0.328 -0.065625 0.0175)
(0.332 -0.065625 0.0175)
(0.336 -0.065625 0.0175)
(0.34 -0.065625 0.0175)
(0.344 -0.065625 0.0175)
(0.324 -0.06125 0.0175)
(0.328 -0.06125 0.0175)
(0.332 -0.06125 0.0175)
(0.336 -0.06125 0.0175)
(0.34 -0.06125 0.0175)
(0.344 -0.06125 0.0175)
(0.324 -0.056875 0.0175)
(0.328 -0.056875 0.0175)
(0.332 -0.056875 0.0175)
(0.336 -0.056875 0.0175)
(0.34 -0.056875 0.0175)
(0.344 -0.056875 0.0175)
(0.324 -0.0525 0.0175)
(0.328 -0.0525 0.0175)
(0.332 -0.0525 0.0175)
(0.336 -0.0525 0.0175)
(0.34 -0.0525 0.0175)
(0.344 -0.0525 0.0175)
(0.324 -0.048125 0.0175)
(0.328 -0.048125 0.0175)
(0.332 -0.048125 0.0175)
(0.336 -0.048125 0.0175)
(0.34 -0.048125 0.0175)
(0.344 -0.048125 0.0175)
(0.324 -0.04375 0.0175)
(0.328 -0.04375 0.0175)
(0.332 -0.04375 0.0175)
(0.336 -0.04375 0.0175)
(0.34 -0.04375 0.0175)
(0.344 -0.04375 0.0175)
(0.324 -0.039375 0.0175)
(0.328 -0.039375 0.0175)
(0.332 -0.039375 0.0175)
(0.336 -0.039375 0.0175)
(0.34 -0.039375 0.0175)
(0.344 -0.039375 0.0175)
(0.324 -0.035 0.0175)
(0.328 -0.035 0.0175)
(0.332 -0.035 0.0175)
(0.336 -0.035 0.0175)
(0.34 -0.035 0.0175)
(0.344 -0.035 0.0175)
(0.324 -0.030625 0.0175)
(0.328 -0.030625 0.0175)
(0.332 -0.030625 0.0175)
(0.336 -0.030625 0.0175)
(0.34 -0.030625 0.0175)
(0.344 -0.030625 0.0175)
(0.324 -0.02625 0.0175)
(0.328 -0.02625 0.0175)
(0.332 -0.02625 0.0175)
(0.336 -0.02625 0.0175)
(0.34 -0.02625 0.0175)
(0.344 -0.02625 0.0175)
(0.324 -0.021875 0.0175)
(0.328 -0.021875 0.0175)
(0.332 -0.021875 0.0175)
(0.336 -0.021875 0.0175)
(0.34 -0.021875 0.0175)
(0.344 -0.021875 0.0175)
(0.324 -0.0175 0.0175)
(0.328 -0.0175 0.0175)
(0.332 -0.0175 0.0175)
(0.336 -0.0175 0.0175)
(0.34 -0.0175 0.0175)
(0.344 -0.0175 0.0175)
(0.324 -0.013125 0.0175)
(0.328 -0.013125 0.0175)
(0.332 -0.013125 0.0175)
(0.336 -0.013125 0.0175)
(0.34 -0.013125 0.0175)
(0.344 -0.013125 0.0175)
(0.324 -0.00875 0.0175)
(0.328 -0.00875 0.0175)
(0.332 -0.00875 0.0175)
(0.336 -0.00875 0.0175)
(0.34 -0.00875 0.0175)
(0.344 -0.00875 0.0175)
(0.324 -0.004375 0.0175)
(0.328 -0.004375 0.0175)
(0.332 -0.004375 0.0175)
(0.336 -0.004375 0.0175)
(0.34 -0.004375 0.0175)
(0.344 -0.004375 0.0175)
(0.324 0 0.0175)
(0.328 0 0.0175)
(0.332 0 0.0175)
(0.336 0 0.0175)
(0.34 0 0.0175)
(0.344 0 0.0175)
(0.324 0.004375 0.0175)
(0.328 0.004375 0.0175)
(0.332 0.004375 0.0175)
(0.336 0.004375 0.0175)
(0.34 0.004375 0.0175)
(0.324 0.00875 0.0175)
(0.328 0.00875 0.0175)
(0.332 0.00875 0.0175)
(0.324 -0.07 0.01875)
(0.328 -0.07 0.01875)
(0.332 -0.07 0.01875)
(0.336 -0.07 0.01875)
(0.34 -0.07 0.01875)
(0.344 -0.07 0.01875)
(0.348 -0.07 0.01875)
(0.352 -0.07 0.01875)
(0.324 -0.065625 0.01875)
(0.328 -0.065625 0.01875)
(0.332 -0.065625 0.01875)
(0.336 -0.065625 0.01875)
(0.34 -0.065625 0.01875)
(0.344 -0.065625 0.01875)
(0.348 -0.065625 0.01875)
(0.352 -0.065625 0.01875)
(0.324 -0.06125 0.01875)
(0.328 -0.06125 0.01875)
(0.332 -0.06125 0.01875)
(0.336 -0.06125 0.01875)
(0.34 -0.06125 0.01875)
(0.344 -0.06125 0.01875)
(0.348 -0.06125 0.01875)
(0.352 -0.06125 0.01875)
(0.324 -0.056875 0.01875)
(0.328 -0.056875 0.01875)
(0.332 -0.056875 0.01875)
(0.336 -0.056875 0.01875)
(0.34 -0.056875 0.01875)
(0.344 -0.056875 0.01875)
(0.348 -0.056875 0.01875)
(0.352 -0.056875 0.01875)
(0.324 -0.0525 0.01875)
(0.328 -0.0525 0.01875)
(0.332 -0.0525 0.01875)
(0.336 -0.0525 0.01875)
(0.34 -0.0525 0.01875)
(0.344 -0.0525 0.01875)
(0.348 -0.0525 0.01875)
(0.352 -0.0525 0.01875)
(0.324 -0.048125 0.01875)
(0.328 -0.048125 0.01875)
(0.332 -0.048125 0.01875)
(0.336 -0.048125 0.01875)
(0.34 -0.048125 0.01875)
(0.344 -0.048125 0.01875)
(0.348 -0.048125 0.01875)
(0.352 -0.048125 0.01875)
(0.324 -0.04375 0.01875)
(0.328 -0.04375 0.01875)
(0.332 -0.04375 0.01875)
(0.336 -0.04375 0.01875)
(0.34 -0.04375 0.01875)
(0.344 -0.04375 0.01875)
(0.348 -0.04375 0.01875)
(0.352 -0.04375 0.01875)
(0.324 -0.039375 0.01875)
(0.328 -0.039375 0.01875)
(0.332 -0.039375 0.01875)
(0.336 -0.039375 0.01875)
(0.34 -0.039375 0.01875)
(0.344 -0.039375 0.01875)
(0.348 -0.039375 0.01875)
(0.352 -0.039375 0.01875)
(0.324 -0.035 0.01875)
(0.328 -0.035 0.01875)
(0.332 -0.035 0.01875)
(0.336 -0.035 0.01875)
(0.34 -0.035 0.01875)
(0.344 -0.035 0.01875)
(0.348 -0.035 0.01875)
(0.352 -0.035 0.01875)
(0.324 -0.030625 0.01875)
(0.328 -0.030625 0.01875)
(0.332 -0.030625 0.01875)
(0.336 -0.030625 0.01875)
(0.34 -0.030625 0.01875)
(0.344 -0.030625 0.01875)
(0.348 -0.030625 0.01875)
(0.352 -0.030625 0.01875)
(0.324 -0.02625 0.01875)
(0.328 -0.02625 0.01875)
(0.332 -0.02625 0.01875)
(0.336 -0.02625 0.01875)
(0.34 -0.02625 0.01875)
(0.344 -0.02625 0.01875)
(0.348 -0.02625 0.01875)
(0.352 -0.02625 0.01875)
(0.324 -0.021875 0.01875)
(0.328 -0.021875 0.01875)
(0.332 -0.021875 0.01875)
(0.336 -0.021875 0.01875)
(0.34 -0.021875 0.01875)
(0.344 -0.021875 0.01875)
(0.348 -0.021875 0.01875)
(0.352 -0.021875 0.01875)
(0.324 -0.0175 0.01875)
(0.328 -0.0175 0.01875)
(0.332 -0.0175 0.01875)
(0.336 -0.0175 0.01875)
(0.34 -0.0175 0.01875)
(0.344 -0.0175 0.01875)
(0.348 -0.0175 0.01875)
(0.352 -0.0175 0.01875)
(0.324 -0.013125 0.01875)
(0.328 -0.013125 0.01875)
(0.332 -0.013125 0.01875)
(0.336 -0.013125 0.01875)
(0.34 -0.013125 0.01875)
(0.344 -0.013125 0.01875)
(0.348 -0.013125 0.01875)
(0.352 -0.013125 0.01875)
(0.324 -0.00875 0.01875)
(0.328 -0.00875 0.01875)
(0.332 -0.00875 0.01875)
(0.336 -0.00875 0.01875)
(0.34 -0.00875 0.01875)
(0.344 -0.00875 0.01875)
(0.348 -0.00875 0.01875)
(0.352 -0.00875 0.01875)
(0.324 -0.004375 0.01875)
(0.328 -0.004375 0.01875)
(0.332 -0.004375 0.01875)
(0.336 -0.004375 0.01875)
(0.34 -0.004375 0.01875)
(0.344 -0.004375 0.01875)
(0.348 -0.004375 0.01875)
(0.352 -0.004375 0.01875)
(0.324 0 0.01875)
(0.328 0 0.01875)
(0.332 0 0.01875)
(0.336 0 0.01875)
(0.34 0 0.01875)
(0.344 0 0.01875)
(0.348 0 0.01875)
(0.352 0 0.01875)
(0.324 0.004375 0.01875)
(0.328 0.004375 0.01875)
(0.332 0.004375 0.01875)
(0.336 0.004375 0.01875)
(0.34 0.004375 0.01875)
(0.324 0.00875 0.01875)
(0.328 0.00875 0.01875)
(0.332 0.00875 0.01875)
(0.324 -0.07 0.02)
(0.328 -0.07 0.02)
(0.332 -0.07 0.02)
(0.336 -0.07 0.02)
(0.34 -0.07 0.02)
(0.344 -0.07 0.02)
(0.348 -0.07 0.02)
(0.352 -0.07 0.02)
(0.356 -0.07 0.02)
(0.36 -0.07 0.02)
(0.364 -0.07 0.02)
(0.368 -0.07 0.02)
(0.372 -0.07 0.02)
(0.376 -0.07 0.02)
(0.38 -0.07 0.02)
(0.384 -0.07 0.02)
(0.388 -0.07 0.02)
(0.392 -0.07 0.02)
(0.396 -0.07 0.02)
(0.4 -0.07 0.02)
(0.324 -0.065625 0.02)
(0.328 -0.065625 0.02)
(0.332 -0.065625 0.02)
(0.336 -0.065625 0.02)
(0.34 -0.065625 0.02)
(0.344 -0.065625 0.02)
(0.348 -0.065625 0.02)
(0.352 -0.065625 0.02)
(0.356 -0.065625 0.02)
(0.36 -0.065625 0.02)
(0.364 -0.065625 0.02)
(0.368 -0.065625 0.02)
(0.372 -0.065625 0.02)
(0.376 -0.065625 0.02)
(0.38 -0.065625 0.02)
(0.384 -0.065625 0.02)
(0.388 -0.065625 0.02)
(0.392 -0.065625 0.02)
(0.396 -0.065625 0.02)
(0.4 -0.065625 0.02)
(0.324 -0.06125 0.02)
(0.328 -0.06125 0.02)
(0.332 -0.06125 0.02)
(0.336 -0.06125 0.02)
(0.34 -0.06125 0.02)
(0.344 -0.06125 0.02)
(0.348 -0.06125 0.02)
(0.352 -0.06125 0.02)
(0.356 -0.06125 0.02)
(0.36 -0.06125 0.02)
(0.364 -0.06125 0.02)
(0.368 -0.06125 0.02)
(0.372 -0.06125 0.02)
(0.376 -0.06125 0.02)
(0.38 -0.06125 0.02)
(0.384 -0.06125 0.02)
(0.388 -0.06125 0.02)
(0.392 -0.06125 0.02)
(0.396 -0.06125 0.02)
(0.4 -0.06125 0.02)
(0.324 -0.056875 0.02)
(0.328 -0.056875 0.02)
(0.332 -0.056875 0.02)
(0.336 -0.056875 0.02)
(0.34 -0.056875 0.02)
(0.344 -0.056875 0.02)
(0.348 -0.056875 0.02)
(0.352 -0.056875 0.02)
(0.356 -0.056875 0.02)
(0.36 -0.056875 0.02)
(0.364 -0.056875 0.02)
(0.368 -0.056875 0.02)
(0.372 -0.056875 0.02)
(0.376 -0.056875 0.02)
(0.38 -0.056875 0.02)
(0.384 -0.056875 0.02)
(0.388 -0.056875 0.02)
(0.392 -0.056875 0.02)
(0.396 -0.056875 0.02)
(0.4 -0.056875 0.02)
(0.324 -0.0525 0.02)
(0.328 -0.0525 0.02)
(0.332 -0.0525 0.02)
(0.336 -0.0525 0.02)
(0.34 -0.0525 0.02)
(0.344 -0.0525 0.02)
(0.348 -0.0525 0.02)
(0.352 -0.0525 0.02)
(0.356 -0.0525 0.02)
(0.36 -0.0525 0.02)
(0.364 -0.0525 0.02)
(0.368 -0.0525 0.02)
(0.372 -0.0525 0.02)
(0.376 -0.0525 0.02)
(0.38 -0.0525 0.02)
(0.384 -0.0525 0.02)
(0.388 -0.0525 0.02)
(0.392 -0.0525 0.02)
(0.396 -0.0525 0.02)
(0.4 -0.0525 0.02)
(0.324 -0.048125 0.02)
(0.328 -0.048125 0.02)
(0.332 -0.048125 0.02)
(0.336 -0.048125 0.02)
(0.34 -0.048125 0.02)
(0.344 -0.048125 0.02)
(0.348 -0.048125 0.02)
(0.352 -0.048125 0.02)
(0.356 -0.048125 0.02)
(0.36 -0.048125 0.02)
(0.364 -0.048125 0.02)
(0.368 -0.048125 0.02)
(0.372 -0.048125 0.02)
(0.376 -0.048125 0.02)
(0.38 -0.048125 0.02)
(0.384 -0.048125 0.02)
(0.388 -0.048125 0.02)
(0.392 -0.048125 0.02)
(0.396 -0.048125 0.02)
(0.4 -0.048125 0.02)
(0.324 -0.04375 0.02)
(0.328 -0.04375 0.02)
(0.332 -0.04375 0.02)
(0.336 -0.04375 0.02)
(0.34 -0.04375 0.02)
(0.344 -0.04375 0.02)
(0.348 -0.04375 0.02)
(0.352 -0.04375 0.02)
(0.356 -0.04375 0.02)
(0.36 -0.04375 0.02)
(0.364 -0.04375 0.02)
(0.368 -0.04375 0.02)
(0.372 -0.04375 0.02)
(0.376 -0.04375 0.02)
(0.38 -0.04375 0.02)
(0.384 -0.04375 0.02)
(0.388 -0.04375 0.02)
(0.392 -0.04375 0.02)
(0.396 -0.04375 0.02)
(0.4 -0.04375 0.02)
(0.324 -0.039375 0.02)
(0.328 -0.039375 0.02)
(0.332 -0.039375 0.02)
(0.336 -0.039375 0.02)
(0.34 -0.039375 0.02)
(0.344 -0.039375 0.02)
(0.348 -0.039375 0.02)
(0.352 -0.039375 0.02)
(0.356 -0.039375 0.02)
(0.36 -0.039375 0.02)
(0.364 -0.039375 0.02)
(0.368 -0.039375 0.02)
(0.372 -0.039375 0.02)
(0.376 -0.039375 0.02)
(0.38 -0.039375 0.02)
(0.384 -0.039375 0.02)
(0.388 -0.039375 0.02)
(0.392 -0.039375 0.02)
(0.396 -0.039375 0.02)
(0.4 -0.039375 0.02)
(0.324 -0.035 0.02)
(0.328 -0.035 0.02)
(0.332 -0.035 0.02)
(0.336 -0.035 0.02)
(0.34 -0.035 0.02)
(0.344 -0.035 0.02)
(0.348 -0.035 0.02)
(0.352 -0.035 0.02)
(0.356 -0.035 0.02)
(0.36 -0.035 0.02)
(0.364 -0.035 0.02)
(0.368 -0.035 0.02)
(0.372 -0.035 0.02)
(0.376 -0.035 0.02)
(0.38 -0.035 0.02)
(0.384 -0.035 0.02)
(0.388 -0.035 0.02)
(0.392 -0.035 0.02)
(0.396 -0.035 0.02)
(0.4 -0.035 0.02)
(0.324 -0.030625 0.02)
(0.328 -0.030625 0.02)
(0.332 -0.030625 0.02)
(0.336 -0.030625 0.02)
(0.34 -0.030625 0.02)
(0.344 -0.030625 0.02)
(0.348 -0.030625 0.02)
(0.352 -0.030625 0.02)
(0.356 -0.030625 0.02)
(0.36 -0.030625 0.02)
(0.364 -0.030625 0.02)
(0.368 -0.030625 0.02)
(0.372 -0.030625 0.02)
(0.376 -0.030625 0.02)
(0.38 -0.030625 0.02)
(0.384 -0.030625 0.02)
(0.388 -0.030625 0.02)
(0.392 -0.030625 0.02)
(0.396 -0.030625 0.02)
(0.4 -0.030625 0.02)
(0.324 -0.02625 0.02)
(0.328 -0.02625 0.02)
(0.332 -0.02625 0.02)
(0.336 -0.02625 0.02)
(0.34 -0.02625 0.02)
(0.344 -0.02625 0.02)
(0.348 -0.02625 0.02)
(0.352 -0.02625 0.02)
(0.356 -0.02625 0.02)
(0.36 -0.02625 0.02)
(0.364 -0.02625 0.02)
(0.368 -0.02625 0.02)
(0.372 -0.02625 0.02)
(0.376 -0.02625 0.02)
(0.38 -0.02625 0.02)
(0.384 -0.02625 0.02)
(0.388 -0.02625 0.02)
(0.392 -0.02625 0.02)
(0.396 -0.02625 0.02)
(0.4 -0.02625 0.02)
(0.324 -0.021875 0.02)
(0.328 -0.021875 0.02)
(0.332 -0.021875 0.02)
(0.336 -0.021875 0.02)
(0.34 -0.021875 0.02)
(0.344 -0.021875 0.02)
(0.348 -0.021875 0.02)
(0.352 -0.021875 0.02)
(0.356 -0.021875 0.02)
(0.36 -0.021875 0.02)
(0.364 -0.021875 0.02)
(0.368 -0.021875 0.02)
(0.372 -0.021875 0.02)
(0.376 -0.021875 0.02)
(0.38 -0.021875 0.02)
(0.384 -0.021875 0.02)
(0.388 -0.021875 0.02)
(0.392 -0.021875 0.02)
(0.396 -0.021875 0.02)
(0.4 -0.021875 0.02)
(0.324 -0.0175 0.02)
(0.328 -0.0175 0.02)
(0.332 -0.0175 0.02)
(0.336 -0.0175 0.02)
(0.34 -0.0175 0.02)
(0.344 -0.0175 0.02)
(0.348 -0.0175 0.02)
(0.352 -0.0175 0.02)
(0.356 -0.0175 0.02)
(0.36 -0.0175 0.02)
(0.364 -0.0175 0.02)
(0.368 -0.0175 0.02)
(0.372 -0.0175 0.02)
(0.376 -0.0175 0.02)
(0.38 -0.0175 0.02)
(0.384 -0.0175 0.02)
(0.388 -0.0175 0.02)
(0.392 -0.0175 0.02)
(0.396 -0.0175 0.02)
(0.4 -0.0175 0.02)
(0.324 -0.013125 0.02)
(0.328 -0.013125 0.02)
(0.332 -0.013125 0.02)
(0.336 -0.013125 0.02)
(0.34 -0.013125 0.02)
(0.344 -0.013125 0.02)
(0.348 -0.013125 0.02)
(0.352 -0.013125 0.02)
(0.356 -0.013125 0.02)
(0.36 -0.013125 0.02)
(0.364 -0.013125 0.02)
(0.368 -0.013125 0.02)
(0.372 -0.013125 0.02)
(0.376 -0.013125 0.02)
(0.38 -0.013125 0.02)
(0.384 -0.013125 0.02)
(0.388 -0.013125 0.02)
(0.392 -0.013125 0.02)
(0.396 -0.013125 0.02)
(0.4 -0.013125 0.02)
(0.324 -0.00875 0.02)
(0.328 -0.00875 0.02)
(0.332 -0.00875 0.02)
(0.336 -0.00875 0.02)
(0.34 -0.00875 0.02)
(0.344 -0.00875 0.02)
(0.348 -0.00875 0.02)
(0.352 -0.00875 0.02)
(0.356 -0.00875 0.02)
(0.36 -0.00875 0.02)
(0.364 -0.00875 0.02)
(0.368 -0.00875 0.02)
(0.372 -0.00875 0.02)
(0.376 -0.00875 0.02)
(0.38 -0.00875 0.02)
(0.384 -0.00875 0.02)
(0.388 -0.00875 0.02)
(0.392 -0.00875 0.02)
(0.396 -0.00875 0.02)
(0.4 -0.00875 0.02)
(0.324 -0.004375 0.02)
(0.328 -0.004375 0.02)
(0.332 -0.004375 0.02)
(0.336 -0.004375 0.02)
(0.34 -0.004375 0.02)
(0.344 -0.004375 0.02)
(0.348 -0.004375 0.02)
(0.352 -0.004375 0.02)
(0.356 -0.004375 0.02)
(0.36 -0.004375 0.02)
(0.364 -0.004375 0.02)
(0.324 0 0.02)
(0.328 0 0.02)
(0.332 0 0.02)
(0.336 0 0.02)
(0.34 0 0.02)
(0.344 0 0.02)
(0.348 0 0.02)
(0.352 0 0.02)
(0.356 1.156482317e-18 0.02)
(0.324 0.004375 0.02)
(0.328 0.004375 0.02)
(0.332 0.004375 0.02)
(0.336 0.004375 0.02)
(0.34 0.004375 0.02)
(0.324 0.00875 0.02)
(0.328 0.00875 0.02)
(0.332 0.00875 0.02)
(0.324 -0.07 0.02125)
(0.328 -0.07 0.02125)
(0.332 -0.07 0.02125)
(0.336 -0.07 0.02125)
(0.34 -0.07 0.02125)
(0.344 -0.07 0.02125)
(0.348 -0.07 0.02125)
(0.352 -0.07 0.02125)
(0.356 -0.07 0.02125)
(0.36 -0.07 0.02125)
(0.364 -0.07 0.02125)
(0.368 -0.07 0.02125)
(0.372 -0.07 0.02125)
(0.376 -0.07 0.02125)
(0.38 -0.07 0.02125)
(0.384 -0.07 0.02125)
(0.388 -0.07 0.02125)
(0.392 -0.07 0.02125)
(0.396 -0.07 0.02125)
(0.4 -0.07 0.02125)
(0.324 -0.065625 0.02125)
(0.328 -0.065625 0.02125)
(0.332 -0.065625 0.02125)
(0.336 -0.065625 0.02125)
(0.34 -0.065625 0.02125)
(0.344 -0.065625 0.02125)
(0.348 -0.065625 0.02125)
(0.352 -0.065625 0.02125)
(0.356 -0.065625 0.02125)
(0.36 -0.065625 0.02125)
(0.364 -0.065625 0.02125)
(0.368 -0.065625 0.02125)
(0.372 -0.065625 0.02125)
(0.376 -0.065625 0.02125)
(0.38 -0.065625 0.02125)
(0.384 -0.065625 0.02125)
(0.388 -0.065625 0.02125)
(0.392 -0.065625 0.02125)
(0.396 -0.065625 0.02125)
(0.4 -0.065625 0.02125)
(0.324 -0.06125 0.02125)
(0.328 -0.06125 0.02125)
(0.332 -0.06125 0.02125)
(0.336 -0.06125 0.02125)
(0.34 -0.06125 0.02125)
(0.344 -0.06125 0.02125)
(0.348 -0.06125 0.02125)
(0.352 -0.06125 0.02125)
(0.356 -0.06125 0.02125)
(0.36 -0.06125 0.02125)
(0.364 -0.06125 0.02125)
(0.368 -0.06125 0.02125)
(0.372 -0.06125 0.02125)
(0.376 -0.06125 0.02125)
(0.38 -0.06125 0.02125)
(0.384 -0.06125 0.02125)
(0.388 -0.06125 0.02125)
(0.392 -0.06125 0.02125)
(0.396 -0.06125 0.02125)
(0.4 -0.06125 0.02125)
(0.324 -0.056875 0.02125)
(0.328 -0.056875 0.02125)
(0.332 -0.056875 0.02125)
(0.336 -0.056875 0.02125)
(0.34 -0.056875 0.02125)
(0.344 -0.056875 0.02125)
(0.348 -0.056875 0.02125)
(0.352 -0.056875 0.02125)
(0.356 -0.056875 0.02125)
(0.36 -0.056875 0.02125)
(0.364 -0.056875 0.02125)
(0.368 -0.056875 0.02125)
(0.372 -0.056875 0.02125)
(0.376 -0.056875 0.02125)
(0.38 -0.056875 0.02125)
(0.384 -0.056875 0.02125)
(0.388 -0.056875 0.02125)
(0.392 -0.056875 0.02125)
(0.396 -0.056875 0.02125)
(0.4 -0.056875 0.02125)
(0.324 -0.0525 0.02125)
(0.328 -0.0525 0.02125)
(0.332 -0.0525 0.02125)
(0.336 -0.0525 0.02125)
(0.34 -0.0525 0.02125)
(0.344 -0.0525 0.02125)
(0.348 -0.0525 0.02125)
(0.352 -0.0525 0.02125)
(0.356 -0.0525 0.02125)
(0.36 -0.0525 0.02125)
(0.364 -0.0525 0.02125)
(0.368 -0.0525 0.02125)
(0.372 -0.0525 0.02125)
(0.376 -0.0525 0.02125)
(0.38 -0.0525 0.02125)
(0.384 -0.0525 0.02125)
(0.388 -0.0525 0.02125)
(0.392 -0.0525 0.02125)
(0.396 -0.0525 0.02125)
(0.4 -0.0525 0.02125)
(0.324 -0.048125 0.02125)
(0.328 -0.048125 0.02125)
(0.332 -0.048125 0.02125)
(0.336 -0.048125 0.02125)
(0.34 -0.048125 0.02125)
(0.344 -0.048125 0.02125)
(0.348 -0.048125 0.02125)
(0.352 -0.048125 0.02125)
(0.356 -0.048125 0.02125)
(0.36 -0.048125 0.02125)
(0.364 -0.048125 0.02125)
(0.368 -0.048125 0.02125)
(0.372 -0.048125 0.02125)
(0.376 -0.048125 0.02125)
(0.38 -0.048125 0.02125)
(0.384 -0.048125 0.02125)
(0.388 -0.048125 0.02125)
(0.392 -0.048125 0.02125)
(0.396 -0.048125 0.02125)
(0.4 -0.048125 0.02125)
(0.324 -0.04375 0.02125)
(0.328 -0.04375 0.02125)
(0.332 -0.04375 0.02125)
(0.336 -0.04375 0.02125)
(0.34 -0.04375 0.02125)
(0.344 -0.04375 0.02125)
(0.348 -0.04375 0.02125)
(0.352 -0.04375 0.02125)
(0.356 -0.04375 0.02125)
(0.36 -0.04375 0.02125)
(0.364 -0.04375 0.02125)
(0.368 -0.04375 0.02125)
(0.372 -0.04375 0.02125)
(0.376 -0.04375 0.02125)
(0.38 -0.04375 0.02125)
(0.384 -0.04375 0.02125)
(0.388 -0.04375 0.02125)
(0.392 -0.04375 0.02125)
(0.396 -0.04375 0.02125)
(0.4 -0.04375 0.02125)
(0.324 -0.039375 0.02125)
(0.328 -0.039375 0.02125)
(0.332 -0.039375 0.02125)
(0.336 -0.039375 0.02125)
(0.34 -0.039375 0.02125)
(0.344 -0.039375 0.02125)
(0.348 -0.039375 0.02125)
(0.352 -0.039375 0.02125)
(0.356 -0.039375 0.02125)
(0.36 -0.039375 0.02125)
(0.364 -0.039375 0.02125)
(0.368 -0.039375 0.02125)
(0.372 -0.039375 0.02125)
(0.376 -0.039375 0.02125)
(0.38 -0.039375 0.02125)
(0.384 -0.039375 0.02125)
(0.388 -0.039375 0.02125)
(0.392 -0.039375 0.02125)
(0.396 -0.039375 0.02125)
(0.4 -0.039375 0.02125)
(0.324 -0.035 0.02125)
(0.328 -0.035 0.02125)
(0.332 -0.035 0.02125)
(0.336 -0.035 0.02125)
(0.34 -0.035 0.02125)
(0.344 -0.035 0.02125)
(0.348 -0.035 0.02125)
(0.352 -0.035 0.02125)
(0.356 -0.035 0.02125)
(0.36 -0.035 0.02125)
(0.364 -0.035 0.02125)
(0.368 -0.035 0.02125)
(0.372 -0.035 0.02125)
(0.376 -0.035 0.02125)
(0.38 -0.035 0.02125)
(0.384 -0.035 0.02125)
(0.388 -0.035 0.02125)
(0.392 -0.035 0.02125)
(0.396 -0.035 0.02125)
(0.4 -0.035 0.02125)
(0.324 -0.030625 0.02125)
(0.328 -0.030625 0.02125)
(0.332 -0.030625 0.02125)
(0.336 -0.030625 0.02125)
(0.34 -0.030625 0.02125)
(0.344 -0.030625 0.02125)
(0.348 -0.030625 0.02125)
(0.352 -0.030625 0.02125)
(0.356 -0.030625 0.02125)
(0.36 -0.030625 0.02125)
(0.364 -0.030625 0.02125)
(0.368 -0.030625 0.02125)
(0.372 -0.030625 0.02125)
(0.376 -0.030625 0.02125)
(0.38 -0.030625 0.02125)
(0.384 -0.030625 0.02125)
(0.388 -0.030625 0.02125)
(0.392 -0.030625 0.02125)
(0.396 -0.030625 0.02125)
(0.4 -0.030625 0.02125)
(0.324 -0.02625 0.02125)
(0.328 -0.02625 0.02125)
(0.332 -0.02625 0.02125)
(0.336 -0.02625 0.02125)
(0.34 -0.02625 0.02125)
(0.344 -0.02625 0.02125)
(0.348 -0.02625 0.02125)
(0.352 -0.02625 0.02125)
(0.356 -0.02625 0.02125)
(0.36 -0.02625 0.02125)
(0.364 -0.02625 0.02125)
(0.368 -0.02625 0.02125)
(0.372 -0.02625 0.02125)
(0.376 -0.02625 0.02125)
(0.38 -0.02625 0.02125)
(0.384 -0.02625 0.02125)
(0.388 -0.02625 0.02125)
(0.392 -0.02625 0.02125)
(0.396 -0.02625 0.02125)
(0.4 -0.02625 0.02125)
(0.324 -0.021875 0.02125)
(0.328 -0.021875 0.02125)
(0.332 -0.021875 0.02125)
(0.336 -0.021875 0.02125)
(0.34 -0.021875 0.02125)
(0.344 -0.021875 0.02125)
(0.348 -0.021875 0.02125)
(0.352 -0.021875 0.02125)
(0.356 -0.021875 0.02125)
(0.36 -0.021875 0.02125)
(0.364 -0.021875 0.02125)
(0.368 -0.021875 0.02125)
(0.372 -0.021875 0.02125)
(0.376 -0.021875 0.02125)
(0.38 -0.021875 0.02125)
(0.384 -0.021875 0.02125)
(0.388 -0.021875 0.02125)
(0.392 -0.021875 0.02125)
(0.396 -0.021875 0.02125)
(0.4 -0.021875 0.02125)
(0.324 -0.0175 0.02125)
(0.328 -0.0175 0.02125)
(0.332 -0.0175 0.02125)
(0.336 -0.0175 0.02125)
(0.34 -0.0175 0.02125)
(0.344 -0.0175 0.02125)
(0.348 -0.0175 0.02125)
(0.352 -0.0175 0.02125)
(0.356 -0.0175 0.02125)
(0.36 -0.0175 0.02125)
(0.364 -0.0175 0.02125)
(0.368 -0.0175 0.02125)
(0.372 -0.0175 0.02125)
(0.376 -0.0175 0.02125)
(0.38 -0.0175 0.02125)
(0.384 -0.0175 0.02125)
(0.388 -0.0175 0.02125)
(0.392 -0.0175 0.02125)
(0.396 -0.0175 0.02125)
(0.4 -0.0175 0.02125)
(0.324 -0.013125 0.02125)
(0.328 -0.013125 0.02125)
(0.332 -0.013125 0.02125)
(0.336 -0.013125 0.02125)
(0.34 -0.013125 0.02125)
(0.344 -0.013125 0.02125)
(0.348 -0.013125 0.02125)
(0.352 -0.013125 0.02125)
(0.356 -0.013125 0.02125)
(0.36 -0.013125 0.02125)
(0.364 -0.013125 0.02125)
(0.368 -0.013125 0.02125)
(0.372 -0.013125 0.02125)
(0.376 -0.013125 0.02125)
(0.38 -0.013125 0.02125)
(0.384 -0.013125 0.02125)
(0.388 -0.013125 0.02125)
(0.392 -0.013125 0.02125)
(0.396 -0.013125 0.02125)
(0.4 -0.013125 0.02125)
(0.324 -0.00875 0.02125)
(0.328 -0.00875 0.02125)
(0.332 -0.00875 0.02125)
(0.336 -0.00875 0.02125)
(0.34 -0.00875 0.02125)
(0.344 -0.00875 0.02125)
(0.348 -0.00875 0.02125)
(0.352 -0.00875 0.02125)
(0.356 -0.00875 0.02125)
(0.36 -0.00875 0.02125)
(0.364 -0.00875 0.02125)
(0.368 -0.00875 0.02125)
(0.372 -0.00875 0.02125)
(0.376 -0.00875 0.02125)
(0.38 -0.00875 0.02125)
(0.384 -0.00875 0.02125)
(0.388 -0.00875 0.02125)
(0.392 -0.00875 0.02125)
(0.396 -0.00875 0.02125)
(0.4 -0.00875 0.02125)
(0.324 -0.004375 0.02125)
(0.328 -0.004375 0.02125)
(0.332 -0.004375 0.02125)
(0.336 -0.004375 0.02125)
(0.34 -0.004375 0.02125)
(0.344 -0.004375 0.02125)
(0.348 -0.004375 0.02125)
(0.352 -0.004375 0.02125)
(0.356 -0.004375 0.02125)
(0.36 -0.004375 0.02125)
(0.364 -0.004375 0.02125)
(0.324 0 0.02125)
(0.328 0 0.02125)
(0.332 0 0.02125)
(0.336 0 0.02125)
(0.34 0 0.02125)
(0.344 0 0.02125)
(0.348 0 0.02125)
(0.352 0 0.02125)
(0.356 1.156482317e-18 0.02125)
(0.324 0.004375 0.02125)
(0.328 0.004375 0.02125)
(0.332 0.004375 0.02125)
(0.336 0.004375 0.02125)
(0.34 0.004375 0.02125)
(0.324 0.00875 0.02125)
(0.328 0.00875 0.02125)
(0.332 0.00875 0.02125)
(0.324 -0.07 0.0225)
(0.328 -0.07 0.0225)
(0.332 -0.07 0.0225)
(0.336 -0.07 0.0225)
(0.34 -0.07 0.0225)
(0.344 -0.07 0.0225)
(0.348 -0.07 0.0225)
(0.352 -0.07 0.0225)
(0.356 -0.07 0.0225)
(0.36 -0.07 0.0225)
(0.364 -0.07 0.0225)
(0.368 -0.07 0.0225)
(0.372 -0.07 0.0225)
(0.376 -0.07 0.0225)
(0.38 -0.07 0.0225)
(0.384 -0.07 0.0225)
(0.388 -0.07 0.0225)
(0.392 -0.07 0.0225)
(0.396 -0.07 0.0225)
(0.4 -0.07 0.0225)
(0.324 -0.065625 0.0225)
(0.328 -0.065625 0.0225)
(0.332 -0.065625 0.0225)
(0.336 -0.065625 0.0225)
(0.34 -0.065625 0.0225)
(0.344 -0.065625 0.0225)
(0.348 -0.065625 0.0225)
(0.352 -0.065625 0.0225)
(0.356 -0.065625 0.0225)
(0.36 -0.065625 0.0225)
(0.364 -0.065625 0.0225)
(0.368 -0.065625 0.0225)
(0.372 -0.065625 0.0225)
(0.376 -0.065625 0.0225)
(0.38 -0.065625 0.0225)
(0.384 -0.065625 0.0225)
(0.388 -0.065625 0.0225)
(0.392 -0.065625 0.0225)
(0.396 -0.065625 0.0225)
(0.4 -0.065625 0.0225)
(0.324 -0.06125 0.0225)
(0.328 -0.06125 0.0225)
(0.332 -0.06125 0.0225)
(0.336 -0.06125 0.0225)
(0.34 -0.06125 0.0225)
(0.344 -0.06125 0.0225)
(0.348 -0.06125 0.0225)
(0.352 -0.06125 0.0225)
(0.356 -0.06125 0.0225)
(0.36 -0.06125 0.0225)
(0.364 -0.06125 0.0225)
(0.368 -0.06125 0.0225)
(0.372 -0.06125 0.0225)
(0.376 -0.06125 0.0225)
(0.38 -0.06125 0.0225)
(0.384 -0.06125 0.0225)
(0.388 -0.06125 0.0225)
(0.392 -0.06125 0.0225)
(0.396 -0.06125 0.0225)
(0.4 -0.06125 0.0225)
(0.324 -0.056875 0.0225)
(0.328 -0.056875 0.0225)
(0.332 -0.056875 0.0225)
(0.336 -0.056875 0.0225)
(0.34 -0.056875 0.0225)
(0.344 -0.056875 0.0225)
(0.348 -0.056875 0.0225)
(0.352 -0.056875 0.0225)
(0.356 -0.056875 0.0225)
(0.36 -0.056875 0.0225)
(0.364 -0.056875 0.0225)
(0.368 -0.056875 0.0225)
(0.372 -0.056875 0.0225)
(0.376 -0.056875 0.0225)
(0.38 -0.056875 0.0225)
(0.384 -0.056875 0.0225)
(0.388 -0.056875 0.0225)
(0.392 -0.056875 0.0225)
(0.396 -0.056875 0.0225)
(0.4 -0.056875 0.0225)
(0.324 -0.0525 0.0225)
(0.328 -0.0525 0.0225)
(0.332 -0.0525 0.0225)
(0.336 -0.0525 0.0225)
(0.34 -0.0525 0.0225)
(0.344 -0.0525 0.0225)
(0.348 -0.0525 0.0225)
(0.352 -0.0525 0.0225)
(0.356 -0.0525 0.0225)
(0.36 -0.0525 0.0225)
(0.364 -0.0525 0.0225)
(0.368 -0.0525 0.0225)
(0.372 -0.0525 0.0225)
(0.376 -0.0525 0.0225)
(0.38 -0.0525 0.0225)
(0.384 -0.0525 0.0225)
(0.388 -0.0525 0.0225)
(0.392 -0.0525 0.0225)
(0.396 -0.0525 0.0225)
(0.4 -0.0525 0.0225)
(0.324 -0.048125 0.0225)
(0.328 -0.048125 0.0225)
(0.332 -0.048125 0.0225)
(0.336 -0.048125 0.0225)
(0.34 -0.048125 0.0225)
(0.344 -0.048125 0.0225)
(0.348 -0.048125 0.0225)
(0.352 -0.048125 0.0225)
(0.356 -0.048125 0.0225)
(0.36 -0.048125 0.0225)
(0.364 -0.048125 0.0225)
(0.368 -0.048125 0.0225)
(0.372 -0.048125 0.0225)
(0.376 -0.048125 0.0225)
(0.38 -0.048125 0.0225)
(0.384 -0.048125 0.0225)
(0.388 -0.048125 0.0225)
(0.392 -0.048125 0.0225)
(0.396 -0.048125 0.0225)
(0.4 -0.048125 0.0225)
(0.324 -0.04375 0.0225)
(0.328 -0.04375 0.0225)
(0.332 -0.04375 0.0225)
(0.336 -0.04375 0.0225)
(0.34 -0.04375 0.0225)
(0.344 -0.04375 0.0225)
(0.348 -0.04375 0.0225)
(0.352 -0.04375 0.0225)
(0.356 -0.04375 0.0225)
(0.36 -0.04375 0.0225)
(0.364 -0.04375 0.0225)
(0.368 -0.04375 0.0225)
(0.372 -0.04375 0.0225)
(0.376 -0.04375 0.0225)
(0.38 -0.04375 0.0225)
(0.384 -0.04375 0.0225)
(0.388 -0.04375 0.0225)
(0.392 -0.04375 0.0225)
(0.396 -0.04375 0.0225)
(0.4 -0.04375 0.0225)
(0.324 -0.039375 0.0225)
(0.328 -0.039375 0.0225)
(0.332 -0.039375 0.0225)
(0.336 -0.039375 0.0225)
(0.34 -0.039375 0.0225)
(0.344 -0.039375 0.0225)
(0.348 -0.039375 0.0225)
(0.352 -0.039375 0.0225)
(0.356 -0.039375 0.0225)
(0.36 -0.039375 0.0225)
(0.364 -0.039375 0.0225)
(0.368 -0.039375 0.0225)
(0.372 -0.039375 0.0225)
(0.376 -0.039375 0.0225)
(0.38 -0.039375 0.0225)
(0.384 -0.039375 0.0225)
(0.388 -0.039375 0.0225)
(0.392 -0.039375 0.0225)
(0.396 -0.039375 0.0225)
(0.4 -0.039375 0.0225)
(0.324 -0.035 0.0225)
(0.328 -0.035 0.0225)
(0.332 -0.035 0.0225)
(0.336 -0.035 0.0225)
(0.34 -0.035 0.0225)
(0.344 -0.035 0.0225)
(0.348 -0.035 0.0225)
(0.352 -0.035 0.0225)
(0.356 -0.035 0.0225)
(0.36 -0.035 0.0225)
(0.364 -0.035 0.0225)
(0.368 -0.035 0.0225)
(0.372 -0.035 0.0225)
(0.376 -0.035 0.0225)
(0.38 -0.035 0.0225)
(0.384 -0.035 0.0225)
(0.388 -0.035 0.0225)
(0.392 -0.035 0.0225)
(0.396 -0.035 0.0225)
(0.4 -0.035 0.0225)
(0.324 -0.030625 0.0225)
(0.328 -0.030625 0.0225)
(0.332 -0.030625 0.0225)
(0.336 -0.030625 0.0225)
(0.34 -0.030625 0.0225)
(0.344 -0.030625 0.0225)
(0.348 -0.030625 0.0225)
(0.352 -0.030625 0.0225)
(0.356 -0.030625 0.0225)
(0.36 -0.030625 0.0225)
(0.364 -0.030625 0.0225)
(0.368 -0.030625 0.0225)
(0.372 -0.030625 0.0225)
(0.376 -0.030625 0.0225)
(0.38 -0.030625 0.0225)
(0.384 -0.030625 0.0225)
(0.388 -0.030625 0.0225)
(0.392 -0.030625 0.0225)
(0.396 -0.030625 0.0225)
(0.4 -0.030625 0.0225)
(0.324 -0.02625 0.0225)
(0.328 -0.02625 0.0225)
(0.332 -0.02625 0.0225)
(0.336 -0.02625 0.0225)
(0.34 -0.02625 0.0225)
(0.344 -0.02625 0.0225)
(0.348 -0.02625 0.0225)
(0.352 -0.02625 0.0225)
(0.356 -0.02625 0.0225)
(0.36 -0.02625 0.0225)
(0.364 -0.02625 0.0225)
(0.368 -0.02625 0.0225)
(0.372 -0.02625 0.0225)
(0.376 -0.02625 0.0225)
(0.38 -0.02625 0.0225)
(0.384 -0.02625 0.0225)
(0.388 -0.02625 0.0225)
(0.392 -0.02625 0.0225)
(0.396 -0.02625 0.0225)
(0.4 -0.02625 0.0225)
(0.324 -0.021875 0.0225)
(0.328 -0.021875 0.0225)
(0.332 -0.021875 0.0225)
(0.336 -0.021875 0.0225)
(0.34 -0.021875 0.0225)
(0.344 -0.021875 0.0225)
(0.348 -0.021875 0.0225)
(0.352 -0.021875 0.0225)
(0.356 -0.021875 0.0225)
(0.36 -0.021875 0.0225)
(0.364 -0.021875 0.0225)
(0.368 -0.021875 0.0225)
(0.372 -0.021875 0.0225)
(0.376 -0.021875 0.0225)
(0.38 -0.021875 0.0225)
(0.384 -0.021875 0.0225)
(0.388 -0.021875 0.0225)
(0.392 -0.021875 0.0225)
(0.396 -0.021875 0.0225)
(0.4 -0.021875 0.0225)
(0.324 -0.0175 0.0225)
(0.328 -0.0175 0.0225)
(0.332 -0.0175 0.0225)
(0.336 -0.0175 0.0225)
(0.34 -0.0175 0.0225)
(0.344 -0.0175 0.0225)
(0.348 -0.0175 0.0225)
(0.352 -0.0175 0.0225)
(0.356 -0.0175 0.0225)
(0.36 -0.0175 0.0225)
(0.364 -0.0175 0.0225)
(0.368 -0.0175 0.0225)
(0.372 -0.0175 0.0225)
(0.376 -0.0175 0.0225)
(0.38 -0.0175 0.0225)
(0.384 -0.0175 0.0225)
(0.388 -0.0175 0.0225)
(0.392 -0.0175 0.0225)
(0.396 -0.0175 0.0225)
(0.4 -0.0175 0.0225)
(0.324 -0.013125 0.0225)
(0.328 -0.013125 0.0225)
(0.332 -0.013125 0.0225)
(0.336 -0.013125 0.0225)
(0.34 -0.013125 0.0225)
(0.344 -0.013125 0.0225)
(0.348 -0.013125 0.0225)
(0.352 -0.013125 0.0225)
(0.356 -0.013125 0.0225)
(0.36 -0.013125 0.0225)
(0.364 -0.013125 0.0225)
(0.368 -0.013125 0.0225)
(0.372 -0.013125 0.0225)
(0.376 -0.013125 0.0225)
(0.38 -0.013125 0.0225)
(0.384 -0.013125 0.0225)
(0.388 -0.013125 0.0225)
(0.392 -0.013125 0.0225)
(0.396 -0.013125 0.0225)
(0.4 -0.013125 0.0225)
(0.324 -0.00875 0.0225)
(0.328 -0.00875 0.0225)
(0.332 -0.00875 0.0225)
(0.336 -0.00875 0.0225)
(0.34 -0.00875 0.0225)
(0.344 -0.00875 0.0225)
(0.348 -0.00875 0.0225)
(0.352 -0.00875 0.0225)
(0.356 -0.00875 0.0225)
(0.36 -0.00875 0.0225)
(0.364 -0.00875 0.0225)
(0.368 -0.00875 0.0225)
(0.372 -0.00875 0.0225)
(0.376 -0.00875 0.0225)
(0.38 -0.00875 0.0225)
(0.384 -0.00875 0.0225)
(0.388 -0.00875 0.0225)
(0.392 -0.00875 0.0225)
(0.396 -0.00875 0.0225)
(0.4 -0.00875 0.0225)
(0.324 -0.004375 0.0225)
(0.328 -0.004375 0.0225)
(0.332 -0.004375 0.0225)
(0.336 -0.004375 0.0225)
(0.34 -0.004375 0.0225)
(0.344 -0.004375 0.0225)
(0.348 -0.004375 0.0225)
(0.352 -0.004375 0.0225)
(0.356 -0.004375 0.0225)
(0.36 -0.004375 0.0225)
(0.364 -0.004375 0.0225)
(0.324 0 0.0225)
(0.328 0 0.0225)
(0.332 0 0.0225)
(0.336 0 0.0225)
(0.34 0 0.0225)
(0.344 0 0.0225)
(0.348 0 0.0225)
(0.352 0 0.0225)
(0.356 1.156482317e-18 0.0225)
(0.324 0.004375 0.0225)
(0.328 0.004375 0.0225)
(0.332 0.004375 0.0225)
(0.336 0.004375 0.0225)
(0.34 0.004375 0.0225)
(0.324 0.00875 0.0225)
(0.328 0.00875 0.0225)
(0.332 0.00875 0.0225)
(0.324 -0.07 0.02375)
(0.328 -0.07 0.02375)
(0.332 -0.07 0.02375)
(0.336 -0.07 0.02375)
(0.34 -0.07 0.02375)
(0.344 -0.07 0.02375)
(0.348 -0.07 0.02375)
(0.352 -0.07 0.02375)
(0.356 -0.07 0.02375)
(0.36 -0.07 0.02375)
(0.364 -0.07 0.02375)
(0.368 -0.07 0.02375)
(0.372 -0.07 0.02375)
(0.376 -0.07 0.02375)
(0.38 -0.07 0.02375)
(0.384 -0.07 0.02375)
(0.388 -0.07 0.02375)
(0.392 -0.07 0.02375)
(0.396 -0.07 0.02375)
(0.4 -0.07 0.02375)
(0.324 -0.065625 0.02375)
(0.328 -0.065625 0.02375)
(0.332 -0.065625 0.02375)
(0.336 -0.065625 0.02375)
(0.34 -0.065625 0.02375)
(0.344 -0.065625 0.02375)
(0.348 -0.065625 0.02375)
(0.352 -0.065625 0.02375)
(0.356 -0.065625 0.02375)
(0.36 -0.065625 0.02375)
(0.364 -0.065625 0.02375)
(0.368 -0.065625 0.02375)
(0.372 -0.065625 0.02375)
(0.376 -0.065625 0.02375)
(0.38 -0.065625 0.02375)
(0.384 -0.065625 0.02375)
(0.388 -0.065625 0.02375)
(0.392 -0.065625 0.02375)
(0.396 -0.065625 0.02375)
(0.4 -0.065625 0.02375)
(0.324 -0.06125 0.02375)
(0.328 -0.06125 0.02375)
(0.332 -0.06125 0.02375)
(0.336 -0.06125 0.02375)
(0.34 -0.06125 0.02375)
(0.344 -0.06125 0.02375)
(0.348 -0.06125 0.02375)
(0.352 -0.06125 0.02375)
(0.356 -0.06125 0.02375)
(0.36 -0.06125 0.02375)
(0.364 -0.06125 0.02375)
(0.368 -0.06125 0.02375)
(0.372 -0.06125 0.02375)
(0.376 -0.06125 0.02375)
(0.38 -0.06125 0.02375)
(0.384 -0.06125 0.02375)
(0.388 -0.06125 0.02375)
(0.392 -0.06125 0.02375)
(0.396 -0.06125 0.02375)
(0.4 -0.06125 0.02375)
(0.324 -0.056875 0.02375)
(0.328 -0.056875 0.02375)
(0.332 -0.056875 0.02375)
(0.336 -0.056875 0.02375)
(0.34 -0.056875 0.02375)
(0.344 -0.056875 0.02375)
(0.348 -0.056875 0.02375)
(0.352 -0.056875 0.02375)
(0.356 -0.056875 0.02375)
(0.36 -0.056875 0.02375)
(0.364 -0.056875 0.02375)
(0.368 -0.056875 0.02375)
(0.372 -0.056875 0.02375)
(0.376 -0.056875 0.02375)
(0.38 -0.056875 0.02375)
(0.384 -0.056875 0.02375)
(0.388 -0.056875 0.02375)
(0.392 -0.056875 0.02375)
(0.396 -0.056875 0.02375)
(0.4 -0.056875 0.02375)
(0.324 -0.0525 0.02375)
(0.328 -0.0525 0.02375)
(0.332 -0.0525 0.02375)
(0.336 -0.0525 0.02375)
(0.34 -0.0525 0.02375)
(0.344 -0.0525 0.02375)
(0.348 -0.0525 0.02375)
(0.352 -0.0525 0.02375)
(0.356 -0.0525 0.02375)
(0.36 -0.0525 0.02375)
(0.364 -0.0525 0.02375)
(0.368 -0.0525 0.02375)
(0.372 -0.0525 0.02375)
(0.376 -0.0525 0.02375)
(0.38 -0.0525 0.02375)
(0.384 -0.0525 0.02375)
(0.388 -0.0525 0.02375)
(0.392 -0.0525 0.02375)
(0.396 -0.0525 0.02375)
(0.4 -0.0525 0.02375)
(0.324 -0.048125 0.02375)
(0.328 -0.048125 0.02375)
(0.332 -0.048125 0.02375)
(0.336 -0.048125 0.02375)
(0.34 -0.048125 0.02375)
(0.344 -0.048125 0.02375)
(0.348 -0.048125 0.02375)
(0.352 -0.048125 0.02375)
(0.356 -0.048125 0.02375)
(0.36 -0.048125 0.02375)
(0.364 -0.048125 0.02375)
(0.368 -0.048125 0.02375)
(0.372 -0.048125 0.02375)
(0.376 -0.048125 0.02375)
(0.38 -0.048125 0.02375)
(0.384 -0.048125 0.02375)
(0.388 -0.048125 0.02375)
(0.392 -0.048125 0.02375)
(0.396 -0.048125 0.02375)
(0.4 -0.048125 0.02375)
(0.324 -0.04375 0.02375)
(0.328 -0.04375 0.02375)
(0.332 -0.04375 0.02375)
(0.336 -0.04375 0.02375)
(0.34 -0.04375 0.02375)
(0.344 -0.04375 0.02375)
(0.348 -0.04375 0.02375)
(0.352 -0.04375 0.02375)
(0.356 -0.04375 0.02375)
(0.36 -0.04375 0.02375)
(0.364 -0.04375 0.02375)
(0.368 -0.04375 0.02375)
(0.372 -0.04375 0.02375)
(0.376 -0.04375 0.02375)
(0.38 -0.04375 0.02375)
(0.384 -0.04375 0.02375)
(0.388 -0.04375 0.02375)
(0.392 -0.04375 0.02375)
(0.396 -0.04375 0.02375)
(0.4 -0.04375 0.02375)
(0.324 -0.039375 0.02375)
(0.328 -0.039375 0.02375)
(0.332 -0.039375 0.02375)
(0.336 -0.039375 0.02375)
(0.34 -0.039375 0.02375)
(0.344 -0.039375 0.02375)
(0.348 -0.039375 0.02375)
(0.352 -0.039375 0.02375)
(0.356 -0.039375 0.02375)
(0.36 -0.039375 0.02375)
(0.364 -0.039375 0.02375)
(0.368 -0.039375 0.02375)
(0.372 -0.039375 0.02375)
(0.376 -0.039375 0.02375)
(0.38 -0.039375 0.02375)
(0.384 -0.039375 0.02375)
(0.388 -0.039375 0.02375)
(0.392 -0.039375 0.02375)
(0.396 -0.039375 0.02375)
(0.4 -0.039375 0.02375)
(0.324 -0.035 0.02375)
(0.328 -0.035 0.02375)
(0.332 -0.035 0.02375)
(0.336 -0.035 0.02375)
(0.34 -0.035 0.02375)
(0.344 -0.035 0.02375)
(0.348 -0.035 0.02375)
(0.352 -0.035 0.02375)
(0.356 -0.035 0.02375)
(0.36 -0.035 0.02375)
(0.364 -0.035 0.02375)
(0.368 -0.035 0.02375)
(0.372 -0.035 0.02375)
(0.376 -0.035 0.02375)
(0.38 -0.035 0.02375)
(0.384 -0.035 0.02375)
(0.388 -0.035 0.02375)
(0.392 -0.035 0.02375)
(0.396 -0.035 0.02375)
(0.4 -0.035 0.02375)
(0.324 -0.030625 0.02375)
(0.328 -0.030625 0.02375)
(0.332 -0.030625 0.02375)
(0.336 -0.030625 0.02375)
(0.34 -0.030625 0.02375)
(0.344 -0.030625 0.02375)
(0.348 -0.030625 0.02375)
(0.352 -0.030625 0.02375)
(0.356 -0.030625 0.02375)
(0.36 -0.030625 0.02375)
(0.364 -0.030625 0.02375)
(0.368 -0.030625 0.02375)
(0.372 -0.030625 0.02375)
(0.376 -0.030625 0.02375)
(0.38 -0.030625 0.02375)
(0.384 -0.030625 0.02375)
(0.388 -0.030625 0.02375)
(0.392 -0.030625 0.02375)
(0.396 -0.030625 0.02375)
(0.4 -0.030625 0.02375)
(0.324 -0.02625 0.02375)
(0.328 -0.02625 0.02375)
(0.332 -0.02625 0.02375)
(0.336 -0.02625 0.02375)
(0.34 -0.02625 0.02375)
(0.344 -0.02625 0.02375)
(0.348 -0.02625 0.02375)
(0.352 -0.02625 0.02375)
(0.356 -0.02625 0.02375)
(0.36 -0.02625 0.02375)
(0.364 -0.02625 0.02375)
(0.368 -0.02625 0.02375)
(0.372 -0.02625 0.02375)
(0.376 -0.02625 0.02375)
(0.38 -0.02625 0.02375)
(0.384 -0.02625 0.02375)
(0.388 -0.02625 0.02375)
(0.392 -0.02625 0.02375)
(0.396 -0.02625 0.02375)
(0.4 -0.02625 0.02375)
(0.324 -0.021875 0.02375)
(0.328 -0.021875 0.02375)
(0.332 -0.021875 0.02375)
(0.336 -0.021875 0.02375)
(0.34 -0.021875 0.02375)
(0.344 -0.021875 0.02375)
(0.348 -0.021875 0.02375)
(0.352 -0.021875 0.02375)
(0.356 -0.021875 0.02375)
(0.36 -0.021875 0.02375)
(0.364 -0.021875 0.02375)
(0.368 -0.021875 0.02375)
(0.372 -0.021875 0.02375)
(0.376 -0.021875 0.02375)
(0.38 -0.021875 0.02375)
(0.384 -0.021875 0.02375)
(0.388 -0.021875 0.02375)
(0.392 -0.021875 0.02375)
(0.396 -0.021875 0.02375)
(0.4 -0.021875 0.02375)
(0.324 -0.0175 0.02375)
(0.328 -0.0175 0.02375)
(0.332 -0.0175 0.02375)
(0.336 -0.0175 0.02375)
(0.34 -0.0175 0.02375)
(0.344 -0.0175 0.02375)
(0.348 -0.0175 0.02375)
(0.352 -0.0175 0.02375)
(0.356 -0.0175 0.02375)
(0.36 -0.0175 0.02375)
(0.364 -0.0175 0.02375)
(0.368 -0.0175 0.02375)
(0.372 -0.0175 0.02375)
(0.376 -0.0175 0.02375)
(0.38 -0.0175 0.02375)
(0.384 -0.0175 0.02375)
(0.388 -0.0175 0.02375)
(0.392 -0.0175 0.02375)
(0.396 -0.0175 0.02375)
(0.4 -0.0175 0.02375)
(0.324 -0.013125 0.02375)
(0.328 -0.013125 0.02375)
(0.332 -0.013125 0.02375)
(0.336 -0.013125 0.02375)
(0.34 -0.013125 0.02375)
(0.344 -0.013125 0.02375)
(0.348 -0.013125 0.02375)
(0.352 -0.013125 0.02375)
(0.356 -0.013125 0.02375)
(0.36 -0.013125 0.02375)
(0.364 -0.013125 0.02375)
(0.368 -0.013125 0.02375)
(0.372 -0.013125 0.02375)
(0.376 -0.013125 0.02375)
(0.38 -0.013125 0.02375)
(0.384 -0.013125 0.02375)
(0.388 -0.013125 0.02375)
(0.392 -0.013125 0.02375)
(0.396 -0.013125 0.02375)
(0.4 -0.013125 0.02375)
(0.324 -0.00875 0.02375)
(0.328 -0.00875 0.02375)
(0.332 -0.00875 0.02375)
(0.336 -0.00875 0.02375)
(0.34 -0.00875 0.02375)
(0.344 -0.00875 0.02375)
(0.348 -0.00875 0.02375)
(0.352 -0.00875 0.02375)
(0.356 -0.00875 0.02375)
(0.36 -0.00875 0.02375)
(0.364 -0.00875 0.02375)
(0.368 -0.00875 0.02375)
(0.372 -0.00875 0.02375)
(0.376 -0.00875 0.02375)
(0.38 -0.00875 0.02375)
(0.384 -0.00875 0.02375)
(0.388 -0.00875 0.02375)
(0.392 -0.00875 0.02375)
(0.396 -0.00875 0.02375)
(0.4 -0.00875 0.02375)
(0.324 -0.004375 0.02375)
(0.328 -0.004375 0.02375)
(0.332 -0.004375 0.02375)
(0.336 -0.004375 0.02375)
(0.34 -0.004375 0.02375)
(0.344 -0.004375 0.02375)
(0.348 -0.004375 0.02375)
(0.352 -0.004375 0.02375)
(0.356 -0.004375 0.02375)
(0.36 -0.004375 0.02375)
(0.364 -0.004375 0.02375)
(0.324 0 0.02375)
(0.328 0 0.02375)
(0.332 1.156482317e-18 0.02375)
(0.336 0 0.02375)
(0.34 0 0.02375)
(0.344 0 0.02375)
(0.348 1.156482317e-18 0.02375)
(0.352 0 0.02375)
(0.356 1.156482317e-18 0.02375)
(0.324 0.004375 0.02375)
(0.328 0.004375 0.02375)
(0.332 0.004375 0.02375)
(0.336 0.004375 0.02375)
(0.34 0.004375 0.02375)
(0.324 0.00875 0.02375)
(0.328 0.00875 0.02375)
(0.332 0.00875 0.02375)
(0.324 -0.07 0.025)
(0.328 -0.07 0.025)
(0.332 -0.07 0.025)
(0.336 -0.07 0.025)
(0.34 -0.07 0.025)
(0.344 -0.07 0.025)
(0.348 -0.07 0.025)
(0.352 -0.07 0.025)
(0.356 -0.07 0.025)
(0.36 -0.07 0.025)
(0.364 -0.07 0.025)
(0.368 -0.07 0.025)
(0.372 -0.07 0.025)
(0.376 -0.07 0.025)
(0.38 -0.07 0.025)
(0.384 -0.07 0.025)
(0.388 -0.07 0.025)
(0.392 -0.07 0.025)
(0.396 -0.07 0.025)
(0.4 -0.07 0.025)
(0.324 -0.065625 0.025)
(0.328 -0.065625 0.025)
(0.332 -0.065625 0.025)
(0.336 -0.065625 0.025)
(0.34 -0.065625 0.025)
(0.344 -0.065625 0.025)
(0.348 -0.065625 0.025)
(0.352 -0.065625 0.025)
(0.356 -0.065625 0.025)
(0.36 -0.065625 0.025)
(0.364 -0.065625 0.025)
(0.368 -0.065625 0.025)
(0.372 -0.065625 0.025)
(0.376 -0.065625 0.025)
(0.38 -0.065625 0.025)
(0.384 -0.065625 0.025)
(0.388 -0.065625 0.025)
(0.392 -0.065625 0.025)
(0.396 -0.065625 0.025)
(0.4 -0.065625 0.025)
(0.324 -0.06125 0.025)
(0.328 -0.06125 0.025)
(0.332 -0.06125 0.025)
(0.336 -0.06125 0.025)
(0.34 -0.06125 0.025)
(0.344 -0.06125 0.025)
(0.348 -0.06125 0.025)
(0.352 -0.06125 0.025)
(0.356 -0.06125 0.025)
(0.36 -0.06125 0.025)
(0.364 -0.06125 0.025)
(0.368 -0.06125 0.025)
(0.372 -0.06125 0.025)
(0.376 -0.06125 0.025)
(0.38 -0.06125 0.025)
(0.384 -0.06125 0.025)
(0.388 -0.06125 0.025)
(0.392 -0.06125 0.025)
(0.396 -0.06125 0.025)
(0.4 -0.06125 0.025)
(0.324 -0.056875 0.025)
(0.328 -0.056875 0.025)
(0.332 -0.056875 0.025)
(0.336 -0.056875 0.025)
(0.34 -0.056875 0.025)
(0.344 -0.056875 0.025)
(0.348 -0.056875 0.025)
(0.352 -0.056875 0.025)
(0.356 -0.056875 0.025)
(0.36 -0.056875 0.025)
(0.364 -0.056875 0.025)
(0.368 -0.056875 0.025)
(0.372 -0.056875 0.025)
(0.376 -0.056875 0.025)
(0.38 -0.056875 0.025)
(0.384 -0.056875 0.025)
(0.388 -0.056875 0.025)
(0.392 -0.056875 0.025)
(0.396 -0.056875 0.025)
(0.4 -0.056875 0.025)
(0.324 -0.0525 0.025)
(0.328 -0.0525 0.025)
(0.332 -0.0525 0.025)
(0.336 -0.0525 0.025)
(0.34 -0.0525 0.025)
(0.344 -0.0525 0.025)
(0.348 -0.0525 0.025)
(0.352 -0.0525 0.025)
(0.356 -0.0525 0.025)
(0.36 -0.0525 0.025)
(0.364 -0.0525 0.025)
(0.368 -0.0525 0.025)
(0.372 -0.0525 0.025)
(0.376 -0.0525 0.025)
(0.38 -0.0525 0.025)
(0.384 -0.0525 0.025)
(0.388 -0.0525 0.025)
(0.392 -0.0525 0.025)
(0.396 -0.0525 0.025)
(0.4 -0.0525 0.025)
(0.324 -0.048125 0.025)
(0.328 -0.048125 0.025)
(0.332 -0.048125 0.025)
(0.336 -0.048125 0.025)
(0.34 -0.048125 0.025)
(0.344 -0.048125 0.025)
(0.348 -0.048125 0.025)
(0.352 -0.048125 0.025)
(0.356 -0.048125 0.025)
(0.36 -0.048125 0.025)
(0.364 -0.048125 0.025)
(0.368 -0.048125 0.025)
(0.372 -0.048125 0.025)
(0.376 -0.048125 0.025)
(0.38 -0.048125 0.025)
(0.384 -0.048125 0.025)
(0.388 -0.048125 0.025)
(0.392 -0.048125 0.025)
(0.396 -0.048125 0.025)
(0.4 -0.048125 0.025)
(0.324 -0.04375 0.025)
(0.328 -0.04375 0.025)
(0.332 -0.04375 0.025)
(0.336 -0.04375 0.025)
(0.34 -0.04375 0.025)
(0.344 -0.04375 0.025)
(0.348 -0.04375 0.025)
(0.352 -0.04375 0.025)
(0.356 -0.04375 0.025)
(0.36 -0.04375 0.025)
(0.364 -0.04375 0.025)
(0.368 -0.04375 0.025)
(0.372 -0.04375 0.025)
(0.376 -0.04375 0.025)
(0.38 -0.04375 0.025)
(0.384 -0.04375 0.025)
(0.388 -0.04375 0.025)
(0.392 -0.04375 0.025)
(0.396 -0.04375 0.025)
(0.4 -0.04375 0.025)
(0.324 -0.039375 0.025)
(0.328 -0.039375 0.025)
(0.332 -0.039375 0.025)
(0.336 -0.039375 0.025)
(0.34 -0.039375 0.025)
(0.344 -0.039375 0.025)
(0.348 -0.039375 0.025)
(0.352 -0.039375 0.025)
(0.356 -0.039375 0.025)
(0.36 -0.039375 0.025)
(0.364 -0.039375 0.025)
(0.368 -0.039375 0.025)
(0.372 -0.039375 0.025)
(0.376 -0.039375 0.025)
(0.38 -0.039375 0.025)
(0.384 -0.039375 0.025)
(0.388 -0.039375 0.025)
(0.392 -0.039375 0.025)
(0.396 -0.039375 0.025)
(0.4 -0.039375 0.025)
(0.324 -0.035 0.025)
(0.328 -0.035 0.025)
(0.332 -0.035 0.025)
(0.336 -0.035 0.025)
(0.34 -0.035 0.025)
(0.344 -0.035 0.025)
(0.348 -0.035 0.025)
(0.352 -0.035 0.025)
(0.356 -0.035 0.025)
(0.36 -0.035 0.025)
(0.364 -0.035 0.025)
(0.368 -0.035 0.025)
(0.372 -0.035 0.025)
(0.376 -0.035 0.025)
(0.38 -0.035 0.025)
(0.384 -0.035 0.025)
(0.388 -0.035 0.025)
(0.392 -0.035 0.025)
(0.396 -0.035 0.025)
(0.4 -0.035 0.025)
(0.324 -0.030625 0.025)
(0.328 -0.030625 0.025)
(0.332 -0.030625 0.025)
(0.336 -0.030625 0.025)
(0.34 -0.030625 0.025)
(0.344 -0.030625 0.025)
(0.348 -0.030625 0.025)
(0.352 -0.030625 0.025)
(0.356 -0.030625 0.025)
(0.36 -0.030625 0.025)
(0.364 -0.030625 0.025)
(0.368 -0.030625 0.025)
(0.372 -0.030625 0.025)
(0.376 -0.030625 0.025)
(0.38 -0.030625 0.025)
(0.384 -0.030625 0.025)
(0.388 -0.030625 0.025)
(0.392 -0.030625 0.025)
(0.396 -0.030625 0.025)
(0.4 -0.030625 0.025)
(0.324 -0.02625 0.025)
(0.328 -0.02625 0.025)
(0.332 -0.02625 0.025)
(0.336 -0.02625 0.025)
(0.34 -0.02625 0.025)
(0.344 -0.02625 0.025)
(0.348 -0.02625 0.025)
(0.352 -0.02625 0.025)
(0.356 -0.02625 0.025)
(0.36 -0.02625 0.025)
(0.364 -0.02625 0.025)
(0.368 -0.02625 0.025)
(0.372 -0.02625 0.025)
(0.376 -0.02625 0.025)
(0.38 -0.02625 0.025)
(0.384 -0.02625 0.025)
(0.388 -0.02625 0.025)
(0.392 -0.02625 0.025)
(0.396 -0.02625 0.025)
(0.4 -0.02625 0.025)
(0.324 -0.021875 0.025)
(0.328 -0.021875 0.025)
(0.332 -0.021875 0.025)
(0.336 -0.021875 0.025)
(0.34 -0.021875 0.025)
(0.344 -0.021875 0.025)
(0.348 -0.021875 0.025)
(0.352 -0.021875 0.025)
(0.356 -0.021875 0.025)
(0.36 -0.021875 0.025)
(0.364 -0.021875 0.025)
(0.368 -0.021875 0.025)
(0.372 -0.021875 0.025)
(0.376 -0.021875 0.025)
(0.38 -0.021875 0.025)
(0.384 -0.021875 0.025)
(0.388 -0.021875 0.025)
(0.392 -0.021875 0.025)
(0.396 -0.021875 0.025)
(0.4 -0.021875 0.025)
(0.324 -0.0175 0.025)
(0.328 -0.0175 0.025)
(0.332 -0.0175 0.025)
(0.336 -0.0175 0.025)
(0.34 -0.0175 0.025)
(0.344 -0.0175 0.025)
(0.348 -0.0175 0.025)
(0.352 -0.0175 0.025)
(0.356 -0.0175 0.025)
(0.36 -0.0175 0.025)
(0.364 -0.0175 0.025)
(0.368 -0.0175 0.025)
(0.372 -0.0175 0.025)
(0.376 -0.0175 0.025)
(0.38 -0.0175 0.025)
(0.384 -0.0175 0.025)
(0.388 -0.0175 0.025)
(0.392 -0.0175 0.025)
(0.396 -0.0175 0.025)
(0.4 -0.0175 0.025)
(0.324 -0.013125 0.025)
(0.328 -0.013125 0.025)
(0.332 -0.013125 0.025)
(0.336 -0.013125 0.025)
(0.34 -0.013125 0.025)
(0.344 -0.013125 0.025)
(0.348 -0.013125 0.025)
(0.352 -0.013125 0.025)
(0.356 -0.013125 0.025)
(0.36 -0.013125 0.025)
(0.364 -0.013125 0.025)
(0.368 -0.013125 0.025)
(0.372 -0.013125 0.025)
(0.376 -0.013125 0.025)
(0.38 -0.013125 0.025)
(0.384 -0.013125 0.025)
(0.388 -0.013125 0.025)
(0.392 -0.013125 0.025)
(0.396 -0.013125 0.025)
(0.4 -0.013125 0.025)
(0.324 -0.00875 0.025)
(0.328 -0.00875 0.025)
(0.332 -0.00875 0.025)
(0.336 -0.00875 0.025)
(0.34 -0.00875 0.025)
(0.344 -0.00875 0.025)
(0.348 -0.00875 0.025)
(0.352 -0.00875 0.025)
(0.356 -0.00875 0.025)
(0.36 -0.00875 0.025)
(0.364 -0.00875 0.025)
(0.368 -0.00875 0.025)
(0.372 -0.00875 0.025)
(0.376 -0.00875 0.025)
(0.38 -0.00875 0.025)
(0.384 -0.00875 0.025)
(0.388 -0.00875 0.025)
(0.392 -0.00875 0.025)
(0.396 -0.00875 0.025)
(0.4 -0.00875 0.025)
(0.324 -0.004375 0.025)
(0.328 -0.004375 0.025)
(0.332 -0.004375 0.025)
(0.336 -0.004375 0.025)
(0.34 -0.004375 0.025)
(0.344 -0.004375 0.025)
(0.348 -0.004375 0.025)
(0.352 -0.004375 0.025)
(0.356 -0.004375 0.025)
(0.36 -0.004375 0.025)
(0.364 -0.004375 0.025)
(0.324 0 0.025)
(0.328 0 0.025)
(0.332 0 0.025)
(0.336 0 0.025)
(0.34 0 0.025)
(0.344 0 0.025)
(0.348 0 0.025)
(0.352 0 0.025)
(0.356 1.156482317e-18 0.025)
(0.324 0.004375 0.025)
(0.328 0.004375 0.025)
(0.332 0.004375 0.025)
(0.336 0.004375 0.025)
(0.34 0.004375 0.025)
(0.324 0.00875 0.025)
(0.328 0.00875 0.025)
(0.332 0.00875 0.025)
(0.29 -0.07 0.02824166667)
(0.2933333333 -0.07 0.02824166667)
(0.2966666667 -0.07 0.02824166667)
(0.3 -0.07 0.02824166667)
(0.3033333333 -0.07 0.02824166667)
(0.3066666667 -0.07 0.02824166667)
(0.31 -0.07 0.02824166667)
(0.3133333333 -0.07 0.02824166667)
(0.3166666667 -0.07 0.02824166667)
(0.32 -0.07 0.02824166667)
(0.29 -0.065625 0.02824166667)
(0.2933333333 -0.065625 0.02824166667)
(0.2966666667 -0.065625 0.02824166667)
(0.3 -0.065625 0.02824166667)
(0.3033333333 -0.065625 0.02824166667)
(0.3066666667 -0.065625 0.02824166667)
(0.31 -0.065625 0.02824166667)
(0.3133333333 -0.065625 0.02824166667)
(0.3166666667 -0.065625 0.02824166667)
(0.32 -0.065625 0.02824166667)
(0.29 -0.06125 0.02824166667)
(0.2933333333 -0.06125 0.02824166667)
(0.2966666667 -0.06125 0.02824166667)
(0.3 -0.06125 0.02824166667)
(0.3033333333 -0.06125 0.02824166667)
(0.3066666667 -0.06125 0.02824166667)
(0.31 -0.06125 0.02824166667)
(0.3133333333 -0.06125 0.02824166667)
(0.3166666667 -0.06125 0.02824166667)
(0.32 -0.06125 0.02824166667)
(0.29 -0.056875 0.02824166667)
(0.2933333333 -0.056875 0.02824166667)
(0.2966666667 -0.056875 0.02824166667)
(0.3 -0.056875 0.02824166667)
(0.3033333333 -0.056875 0.02824166667)
(0.3066666667 -0.056875 0.02824166667)
(0.31 -0.056875 0.02824166667)
(0.3133333333 -0.056875 0.02824166667)
(0.3166666667 -0.056875 0.02824166667)
(0.32 -0.056875 0.02824166667)
(0.29 -0.0525 0.02824166667)
(0.2933333333 -0.0525 0.02824166667)
(0.2966666667 -0.0525 0.02824166667)
(0.3 -0.0525 0.02824166667)
(0.3033333333 -0.0525 0.02824166667)
(0.3066666667 -0.0525 0.02824166667)
(0.31 -0.0525 0.02824166667)
(0.3133333333 -0.0525 0.02824166667)
(0.3166666667 -0.0525 0.02824166667)
(0.32 -0.0525 0.02824166667)
(0.29 -0.048125 0.02824166667)
(0.2933333333 -0.048125 0.02824166667)
(0.2966666667 -0.048125 0.02824166667)
(0.3 -0.048125 0.02824166667)
(0.3033333333 -0.048125 0.02824166667)
(0.3066666667 -0.048125 0.02824166667)
(0.31 -0.048125 0.02824166667)
(0.3133333333 -0.048125 0.02824166667)
(0.3166666667 -0.048125 0.02824166667)
(0.32 -0.048125 0.02824166667)
(0.29 -0.04375 0.02824166667)
(0.2933333333 -0.04375 0.02824166667)
(0.2966666667 -0.04375 0.02824166667)
(0.3 -0.04375 0.02824166667)
(0.3033333333 -0.04375 0.02824166667)
(0.3066666667 -0.04375 0.02824166667)
(0.31 -0.04375 0.02824166667)
(0.3133333333 -0.04375 0.02824166667)
(0.3166666667 -0.04375 0.02824166667)
(0.32 -0.04375 0.02824166667)
(0.29 -0.039375 0.02824166667)
(0.2933333333 -0.039375 0.02824166667)
(0.2966666667 -0.039375 0.02824166667)
(0.3 -0.039375 0.02824166667)
(0.3033333333 -0.039375 0.02824166667)
(0.3066666667 -0.039375 0.02824166667)
(0.31 -0.039375 0.02824166667)
(0.3133333333 -0.039375 0.02824166667)
(0.3166666667 -0.039375 0.02824166667)
(0.32 -0.039375 0.02824166667)
(0.29 -0.035 0.02824166667)
(0.2933333333 -0.035 0.02824166667)
(0.2966666667 -0.035 0.02824166667)
(0.3 -0.035 0.02824166667)
(0.3033333333 -0.035 0.02824166667)
(0.3066666667 -0.035 0.02824166667)
(0.31 -0.035 0.02824166667)
(0.3133333333 -0.035 0.02824166667)
(0.3166666667 -0.035 0.02824166667)
(0.32 -0.035 0.02824166667)
(0.29 -0.030625 0.02824166667)
(0.2933333333 -0.030625 0.02824166667)
(0.2966666667 -0.030625 0.02824166667)
(0.3 -0.030625 0.02824166667)
(0.3033333333 -0.030625 0.02824166667)
(0.3066666667 -0.030625 0.02824166667)
(0.31 -0.030625 0.02824166667)
(0.3133333333 -0.030625 0.02824166667)
(0.3166666667 -0.030625 0.02824166667)
(0.32 -0.030625 0.02824166667)
(0.29 -0.02625 0.02824166667)
(0.2933333333 -0.02625 0.02824166667)
(0.2966666667 -0.02625 0.02824166667)
(0.3 -0.02625 0.02824166667)
(0.3033333333 -0.02625 0.02824166667)
(0.3066666667 -0.02625 0.02824166667)
(0.31 -0.02625 0.02824166667)
(0.3133333333 -0.02625 0.02824166667)
(0.3166666667 -0.02625 0.02824166667)
(0.32 -0.02625 0.02824166667)
(0.29 -0.021875 0.02824166667)
(0.2933333333 -0.021875 0.02824166667)
(0.2966666667 -0.021875 0.02824166667)
(0.3 -0.021875 0.02824166667)
(0.3033333333 -0.021875 0.02824166667)
(0.3066666667 -0.021875 0.02824166667)
(0.31 -0.021875 0.02824166667)
(0.3133333333 -0.021875 0.02824166667)
(0.3166666667 -0.021875 0.02824166667)
(0.32 -0.021875 0.02824166667)
(0.29 -0.0175 0.02824166667)
(0.2933333333 -0.0175 0.02824166667)
(0.2966666667 -0.0175 0.02824166667)
(0.3 -0.0175 0.02824166667)
(0.3033333333 -0.0175 0.02824166667)
(0.3066666667 -0.0175 0.02824166667)
(0.31 -0.0175 0.02824166667)
(0.3133333333 -0.0175 0.02824166667)
(0.3166666667 -0.0175 0.02824166667)
(0.32 -0.0175 0.02824166667)
(0.29 -0.013125 0.02824166667)
(0.2933333333 -0.013125 0.02824166667)
(0.2966666667 -0.013125 0.02824166667)
(0.3 -0.013125 0.02824166667)
(0.3033333333 -0.013125 0.02824166667)
(0.3066666667 -0.013125 0.02824166667)
(0.31 -0.013125 0.02824166667)
(0.3133333333 -0.013125 0.02824166667)
(0.3166666667 -0.013125 0.02824166667)
(0.32 -0.013125 0.02824166667)
(0.29 -0.00875 0.02824166667)
(0.2933333333 -0.00875 0.02824166667)
(0.2966666667 -0.00875 0.02824166667)
(0.3 -0.00875 0.02824166667)
(0.3033333333 -0.00875 0.02824166667)
(0.3066666667 -0.00875 0.02824166667)
(0.31 -0.00875 0.02824166667)
(0.3133333333 -0.00875 0.02824166667)
(0.3166666667 -0.00875 0.02824166667)
(0.32 -0.00875 0.02824166667)
(0.29 -0.004375 0.02824166667)
(0.2933333333 -0.004375 0.02824166667)
(0.2966666667 -0.004375 0.02824166667)
(0.3 -0.004375 0.02824166667)
(0.3033333333 -0.004375 0.02824166667)
(0.3066666667 -0.004375 0.02824166667)
(0.31 -0.004375 0.02824166667)
(0.3133333333 -0.004375 0.02824166667)
(0.3166666667 -0.004375 0.02824166667)
(0.32 -0.004375 0.02824166667)
(0.29 0 0.02824166667)
(0.2933333333 0 0.02824166667)
(0.2966666667 0 0.02824166667)
(0.3 0 0.02824166667)
(0.3033333333 0 0.02824166667)
(0.3066666667 1.156482317e-18 0.02824166667)
(0.31 0 0.02824166667)
(0.3133333333 -1.156482317e-18 0.02824166667)
(0.3166666667 0 0.02824166667)
(0.32 0 0.02824166667)
(0.2933333333 0.004375 0.02824166667)
(0.2966666667 0.004375 0.02824166667)
(0.3 0.004375 0.02824166667)
(0.3033333333 0.004375 0.02824166667)
(0.3066666667 0.004375 0.02824166667)
(0.31 0.004375 0.02824166667)
(0.3133333333 0.004375 0.02824166667)
(0.3166666667 0.004375 0.02824166667)
(0.32 0.004375 0.02824166667)
(0.2966666667 0.00875 0.02824166667)
(0.3 0.00875 0.02824166667)
(0.3033333333 0.00875 0.02824166667)
(0.3066666667 0.00875 0.02824166667)
(0.31 0.00875 0.02824166667)
(0.3133333333 0.00875 0.02824166667)
(0.3166666667 0.00875 0.02824166667)
(0.32 0.00875 0.02824166667)
(0.3033333333 0.013125 0.02824166667)
(0.3066666667 0.013125 0.02824166667)
(0.31 0.013125 0.02824166667)
(0.3133333333 0.013125 0.02824166667)
(0.3166666667 0.013125 0.02824166667)
(0.29 -0.07 0.03148333333)
(0.2933333333 -0.07 0.03148333333)
(0.2966666667 -0.07 0.03148333333)
(0.3 -0.07 0.03148333333)
(0.3033333333 -0.07 0.03148333333)
(0.3066666667 -0.07 0.03148333333)
(0.31 -0.07 0.03148333333)
(0.3133333333 -0.07 0.03148333333)
(0.3166666667 -0.07 0.03148333333)
(0.32 -0.07 0.03148333333)
(0.29 -0.065625 0.03148333333)
(0.2933333333 -0.065625 0.03148333333)
(0.2966666667 -0.065625 0.03148333333)
(0.3 -0.065625 0.03148333333)
(0.3033333333 -0.065625 0.03148333333)
(0.3066666667 -0.065625 0.03148333333)
(0.31 -0.065625 0.03148333333)
(0.3133333333 -0.065625 0.03148333333)
(0.3166666667 -0.065625 0.03148333333)
(0.32 -0.065625 0.03148333333)
(0.29 -0.06125 0.03148333333)
(0.2933333333 -0.06125 0.03148333333)
(0.2966666667 -0.06125 0.03148333333)
(0.3 -0.06125 0.03148333333)
(0.3033333333 -0.06125 0.03148333333)
(0.3066666667 -0.06125 0.03148333333)
(0.31 -0.06125 0.03148333333)
(0.3133333333 -0.06125 0.03148333333)
(0.3166666667 -0.06125 0.03148333333)
(0.32 -0.06125 0.03148333333)
(0.29 -0.056875 0.03148333333)
(0.2933333333 -0.056875 0.03148333333)
(0.2966666667 -0.056875 0.03148333333)
(0.3 -0.056875 0.03148333333)
(0.3033333333 -0.056875 0.03148333333)
(0.3066666667 -0.056875 0.03148333333)
(0.31 -0.056875 0.03148333333)
(0.3133333333 -0.056875 0.03148333333)
(0.3166666667 -0.056875 0.03148333333)
(0.32 -0.056875 0.03148333333)
(0.29 -0.0525 0.03148333333)
(0.2933333333 -0.0525 0.03148333333)
(0.2966666667 -0.0525 0.03148333333)
(0.3 -0.0525 0.03148333333)
(0.3033333333 -0.0525 0.03148333333)
(0.3066666667 -0.0525 0.03148333333)
(0.31 -0.0525 0.03148333333)
(0.3133333333 -0.0525 0.03148333333)
(0.3166666667 -0.0525 0.03148333333)
(0.32 -0.0525 0.03148333333)
(0.29 -0.048125 0.03148333333)
(0.2933333333 -0.048125 0.03148333333)
(0.2966666667 -0.048125 0.03148333333)
(0.3 -0.048125 0.03148333333)
(0.3033333333 -0.048125 0.03148333333)
(0.3066666667 -0.048125 0.03148333333)
(0.31 -0.048125 0.03148333333)
(0.3133333333 -0.048125 0.03148333333)
(0.3166666667 -0.048125 0.03148333333)
(0.32 -0.048125 0.03148333333)
(0.29 -0.04375 0.03148333333)
(0.2933333333 -0.04375 0.03148333333)
(0.2966666667 -0.04375 0.03148333333)
(0.3 -0.04375 0.03148333333)
(0.3033333333 -0.04375 0.03148333333)
(0.3066666667 -0.04375 0.03148333333)
(0.31 -0.04375 0.03148333333)
(0.3133333333 -0.04375 0.03148333333)
(0.3166666667 -0.04375 0.03148333333)
(0.32 -0.04375 0.03148333333)
(0.29 -0.039375 0.03148333333)
(0.2933333333 -0.039375 0.03148333333)
(0.2966666667 -0.039375 0.03148333333)
(0.3 -0.039375 0.03148333333)
(0.3033333333 -0.039375 0.03148333333)
(0.3066666667 -0.039375 0.03148333333)
(0.31 -0.039375 0.03148333333)
(0.3133333333 -0.039375 0.03148333333)
(0.3166666667 -0.039375 0.03148333333)
(0.32 -0.039375 0.03148333333)
(0.29 -0.035 0.03148333333)
(0.2933333333 -0.035 0.03148333333)
(0.2966666667 -0.035 0.03148333333)
(0.3 -0.035 0.03148333333)
(0.3033333333 -0.035 0.03148333333)
(0.3066666667 -0.035 0.03148333333)
(0.31 -0.035 0.03148333333)
(0.3133333333 -0.035 0.03148333333)
(0.3166666667 -0.035 0.03148333333)
(0.32 -0.035 0.03148333333)
(0.29 -0.030625 0.03148333333)
(0.2933333333 -0.030625 0.03148333333)
(0.2966666667 -0.030625 0.03148333333)
(0.3 -0.030625 0.03148333333)
(0.3033333333 -0.030625 0.03148333333)
(0.3066666667 -0.030625 0.03148333333)
(0.31 -0.030625 0.03148333333)
(0.3133333333 -0.030625 0.03148333333)
(0.3166666667 -0.030625 0.03148333333)
(0.32 -0.030625 0.03148333333)
(0.29 -0.02625 0.03148333333)
(0.2933333333 -0.02625 0.03148333333)
(0.2966666667 -0.02625 0.03148333333)
(0.3 -0.02625 0.03148333333)
(0.3033333333 -0.02625 0.03148333333)
(0.3066666667 -0.02625 0.03148333333)
(0.31 -0.02625 0.03148333333)
(0.3133333333 -0.02625 0.03148333333)
(0.3166666667 -0.02625 0.03148333333)
(0.32 -0.02625 0.03148333333)
(0.29 -0.021875 0.03148333333)
(0.2933333333 -0.021875 0.03148333333)
(0.2966666667 -0.021875 0.03148333333)
(0.3 -0.021875 0.03148333333)
(0.3033333333 -0.021875 0.03148333333)
(0.3066666667 -0.021875 0.03148333333)
(0.31 -0.021875 0.03148333333)
(0.3133333333 -0.021875 0.03148333333)
(0.3166666667 -0.021875 0.03148333333)
(0.32 -0.021875 0.03148333333)
(0.29 -0.0175 0.03148333333)
(0.2933333333 -0.0175 0.03148333333)
(0.2966666667 -0.0175 0.03148333333)
(0.3 -0.0175 0.03148333333)
(0.3033333333 -0.0175 0.03148333333)
(0.3066666667 -0.0175 0.03148333333)
(0.31 -0.0175 0.03148333333)
(0.3133333333 -0.0175 0.03148333333)
(0.3166666667 -0.0175 0.03148333333)
(0.32 -0.0175 0.03148333333)
(0.29 -0.013125 0.03148333333)
(0.2933333333 -0.013125 0.03148333333)
(0.2966666667 -0.013125 0.03148333333)
(0.3 -0.013125 0.03148333333)
(0.3033333333 -0.013125 0.03148333333)
(0.3066666667 -0.013125 0.03148333333)
(0.31 -0.013125 0.03148333333)
(0.3133333333 -0.013125 0.03148333333)
(0.3166666667 -0.013125 0.03148333333)
(0.32 -0.013125 0.03148333333)
(0.29 -0.00875 0.03148333333)
(0.2933333333 -0.00875 0.03148333333)
(0.2966666667 -0.00875 0.03148333333)
(0.3 -0.00875 0.03148333333)
(0.3033333333 -0.00875 0.03148333333)
(0.3066666667 -0.00875 0.03148333333)
(0.31 -0.00875 0.03148333333)
(0.3133333333 -0.00875 0.03148333333)
(0.3166666667 -0.00875 0.03148333333)
(0.32 -0.00875 0.03148333333)
(0.29 -0.004375 0.03148333333)
(0.2933333333 -0.004375 0.03148333333)
(0.2966666667 -0.004375 0.03148333333)
(0.3 -0.004375 0.03148333333)
(0.3033333333 -0.004375 0.03148333333)
(0.3066666667 -0.004375 0.03148333333)
(0.31 -0.004375 0.03148333333)
(0.3133333333 -0.004375 0.03148333333)
(0.3166666667 -0.004375 0.03148333333)
(0.32 -0.004375 0.03148333333)
(0.29 0 0.03148333333)
(0.2933333333 1.156482317e-18 0.03148333333)
(0.2966666667 1.156482317e-18 0.03148333333)
(0.3 0 0.03148333333)
(0.3033333333 0 0.03148333333)
(0.3066666667 1.156482317e-18 0.03148333333)
(0.31 0 0.03148333333)
(0.3133333333 1.156482317e-18 0.03148333333)
(0.3166666667 -7.228014483e-20 0.03148333333)
(0.32 0 0.03148333333)
(0.2933333333 0.004375 0.03148333333)
(0.2966666667 0.004375 0.03148333333)
(0.3 0.004375 0.03148333333)
(0.3033333333 0.004375 0.03148333333)
(0.3066666667 0.004375 0.03148333333)
(0.31 0.004375 0.03148333333)
(0.3133333333 0.004375 0.03148333333)
(0.3166666667 0.004375 0.03148333333)
(0.32 0.004375 0.03148333333)
(0.2966666667 0.00875 0.03148333333)
(0.3 0.00875 0.03148333333)
(0.3033333333 0.00875 0.03148333333)
(0.3066666667 0.00875 0.03148333333)
(0.31 0.00875 0.03148333333)
(0.3133333333 0.00875 0.03148333333)
(0.3166666667 0.00875 0.03148333333)
(0.32 0.00875 0.03148333333)
(0.3033333333 0.013125 0.03148333333)
(0.3066666667 0.013125 0.03148333333)
(0.31 0.013125 0.03148333333)
(0.3133333333 0.013125 0.03148333333)
(0.3166666667 0.013125 0.03148333333)
(0.29 -0.07 0.034725)
(0.2933333333 -0.07 0.034725)
(0.2966666667 -0.07 0.034725)
(0.3 -0.07 0.034725)
(0.3033333333 -0.07 0.034725)
(0.3066666667 -0.07 0.034725)
(0.31 -0.07 0.034725)
(0.3133333333 -0.07 0.034725)
(0.3166666667 -0.07 0.034725)
(0.32 -0.07 0.034725)
(0.29 -0.065625 0.034725)
(0.2933333333 -0.065625 0.034725)
(0.2966666667 -0.065625 0.034725)
(0.3 -0.065625 0.034725)
(0.3033333333 -0.065625 0.034725)
(0.3066666667 -0.065625 0.034725)
(0.31 -0.065625 0.034725)
(0.3133333333 -0.065625 0.034725)
(0.3166666667 -0.065625 0.034725)
(0.32 -0.065625 0.034725)
(0.29 -0.06125 0.034725)
(0.2933333333 -0.06125 0.034725)
(0.2966666667 -0.06125 0.034725)
(0.3 -0.06125 0.034725)
(0.3033333333 -0.06125 0.034725)
(0.3066666667 -0.06125 0.034725)
(0.31 -0.06125 0.034725)
(0.3133333333 -0.06125 0.034725)
(0.3166666667 -0.06125 0.034725)
(0.32 -0.06125 0.034725)
(0.29 -0.056875 0.034725)
(0.2933333333 -0.056875 0.034725)
(0.2966666667 -0.056875 0.034725)
(0.3 -0.056875 0.034725)
(0.3033333333 -0.056875 0.034725)
(0.3066666667 -0.056875 0.034725)
(0.31 -0.056875 0.034725)
(0.3133333333 -0.056875 0.034725)
(0.3166666667 -0.056875 0.034725)
(0.32 -0.056875 0.034725)
(0.29 -0.0525 0.034725)
(0.2933333333 -0.0525 0.034725)
(0.2966666667 -0.0525 0.034725)
(0.3 -0.0525 0.034725)
(0.3033333333 -0.0525 0.034725)
(0.3066666667 -0.0525 0.034725)
(0.31 -0.0525 0.034725)
(0.3133333333 -0.0525 0.034725)
(0.3166666667 -0.0525 0.034725)
(0.32 -0.0525 0.034725)
(0.29 -0.048125 0.034725)
(0.2933333333 -0.048125 0.034725)
(0.2966666667 -0.048125 0.034725)
(0.3 -0.048125 0.034725)
(0.3033333333 -0.048125 0.034725)
(0.3066666667 -0.048125 0.034725)
(0.31 -0.048125 0.034725)
(0.3133333333 -0.048125 0.034725)
(0.3166666667 -0.048125 0.034725)
(0.32 -0.048125 0.034725)
(0.29 -0.04375 0.034725)
(0.2933333333 -0.04375 0.034725)
(0.2966666667 -0.04375 0.034725)
(0.3 -0.04375 0.034725)
(0.3033333333 -0.04375 0.034725)
(0.3066666667 -0.04375 0.034725)
(0.31 -0.04375 0.034725)
(0.3133333333 -0.04375 0.034725)
(0.3166666667 -0.04375 0.034725)
(0.32 -0.04375 0.034725)
(0.29 -0.039375 0.034725)
(0.2933333333 -0.039375 0.034725)
(0.2966666667 -0.039375 0.034725)
(0.3 -0.039375 0.034725)
(0.3033333333 -0.039375 0.034725)
(0.3066666667 -0.039375 0.034725)
(0.31 -0.039375 0.034725)
(0.3133333333 -0.039375 0.034725)
(0.3166666667 -0.039375 0.034725)
(0.32 -0.039375 0.034725)
(0.29 -0.035 0.034725)
(0.2933333333 -0.035 0.034725)
(0.2966666667 -0.035 0.034725)
(0.3 -0.035 0.034725)
(0.3033333333 -0.035 0.034725)
(0.3066666667 -0.035 0.034725)
(0.31 -0.035 0.034725)
(0.3133333333 -0.035 0.034725)
(0.3166666667 -0.035 0.034725)
(0.32 -0.035 0.034725)
(0.29 -0.030625 0.034725)
(0.2933333333 -0.030625 0.034725)
(0.2966666667 -0.030625 0.034725)
(0.3 -0.030625 0.034725)
(0.3033333333 -0.030625 0.034725)
(0.3066666667 -0.030625 0.034725)
(0.31 -0.030625 0.034725)
(0.3133333333 -0.030625 0.034725)
(0.3166666667 -0.030625 0.034725)
(0.32 -0.030625 0.034725)
(0.29 -0.02625 0.034725)
(0.2933333333 -0.02625 0.034725)
(0.2966666667 -0.02625 0.034725)
(0.3 -0.02625 0.034725)
(0.3033333333 -0.02625 0.034725)
(0.3066666667 -0.02625 0.034725)
(0.31 -0.02625 0.034725)
(0.3133333333 -0.02625 0.034725)
(0.3166666667 -0.02625 0.034725)
(0.32 -0.02625 0.034725)
(0.29 -0.021875 0.034725)
(0.2933333333 -0.021875 0.034725)
(0.2966666667 -0.021875 0.034725)
(0.3 -0.021875 0.034725)
(0.3033333333 -0.021875 0.034725)
(0.3066666667 -0.021875 0.034725)
(0.31 -0.021875 0.034725)
(0.3133333333 -0.021875 0.034725)
(0.3166666667 -0.021875 0.034725)
(0.32 -0.021875 0.034725)
(0.29 -0.0175 0.034725)
(0.2933333333 -0.0175 0.034725)
(0.2966666667 -0.0175 0.034725)
(0.3 -0.0175 0.034725)
(0.3033333333 -0.0175 0.034725)
(0.3066666667 -0.0175 0.034725)
(0.31 -0.0175 0.034725)
(0.3133333333 -0.0175 0.034725)
(0.3166666667 -0.0175 0.034725)
(0.32 -0.0175 0.034725)
(0.29 -0.013125 0.034725)
(0.2933333333 -0.013125 0.034725)
(0.2966666667 -0.013125 0.034725)
(0.3 -0.013125 0.034725)
(0.3033333333 -0.013125 0.034725)
(0.3066666667 -0.013125 0.034725)
(0.31 -0.013125 0.034725)
(0.3133333333 -0.013125 0.034725)
(0.3166666667 -0.013125 0.034725)
(0.32 -0.013125 0.034725)
(0.29 -0.00875 0.034725)
(0.2933333333 -0.00875 0.034725)
(0.2966666667 -0.00875 0.034725)
(0.3 -0.00875 0.034725)
(0.3033333333 -0.00875 0.034725)
(0.3066666667 -0.00875 0.034725)
(0.31 -0.00875 0.034725)
(0.3133333333 -0.00875 0.034725)
(0.3166666667 -0.00875 0.034725)
(0.32 -0.00875 0.034725)
(0.29 -0.004375 0.034725)
(0.2933333333 -0.004375 0.034725)
(0.2966666667 -0.004375 0.034725)
(0.3 -0.004375 0.034725)
(0.3033333333 -0.004375 0.034725)
(0.3066666667 -0.004375 0.034725)
(0.31 -0.004375 0.034725)
(0.3133333333 -0.004375 0.034725)
(0.3166666667 -0.004375 0.034725)
(0.32 -0.004375 0.034725)
(0.29 0 0.034725)
(0.2933333333 0 0.034725)
(0.2966666667 0 0.034725)
(0.3 0 0.034725)
(0.3033333333 0 0.034725)
(0.3066666667 0 0.034725)
(0.31 0 0.034725)
(0.3133333333 -1.156482317e-18 0.034725)
(0.3166666667 -7.228014483e-20 0.034725)
(0.32 0 0.034725)
(0.2933333333 0.004375 0.034725)
(0.2966666667 0.004375 0.034725)
(0.3 0.004375 0.034725)
(0.3033333333 0.004375 0.034725)
(0.3066666667 0.004375 0.034725)
(0.31 0.004375 0.034725)
(0.3133333333 0.004375 0.034725)
(0.3166666667 0.004375 0.034725)
(0.32 0.004375 0.034725)
(0.2966666667 0.00875 0.034725)
(0.3 0.00875 0.034725)
(0.3033333333 0.00875 0.034725)
(0.3066666667 0.00875 0.034725)
(0.31 0.00875 0.034725)
(0.3133333333 0.00875 0.034725)
(0.3166666667 0.00875 0.034725)
(0.32 0.00875 0.034725)
(0.3033333333 0.013125 0.034725)
(0.3066666667 0.013125 0.034725)
(0.31 0.013125 0.034725)
(0.3133333333 0.013125 0.034725)
(0.3166666667 0.013125 0.034725)
(0.29 -0.07 0.03796666667)
(0.2933333333 -0.07 0.03796666667)
(0.2966666667 -0.07 0.03796666667)
(0.3 -0.07 0.03796666667)
(0.3033333333 -0.07 0.03796666667)
(0.3066666667 -0.07 0.03796666667)
(0.31 -0.07 0.03796666667)
(0.3133333333 -0.07 0.03796666667)
(0.3166666667 -0.07 0.03796666667)
(0.32 -0.07 0.03796666667)
(0.29 -0.065625 0.03796666667)
(0.2933333333 -0.065625 0.03796666667)
(0.2966666667 -0.065625 0.03796666667)
(0.3 -0.065625 0.03796666667)
(0.3033333333 -0.065625 0.03796666667)
(0.3066666667 -0.065625 0.03796666667)
(0.31 -0.065625 0.03796666667)
(0.3133333333 -0.065625 0.03796666667)
(0.3166666667 -0.065625 0.03796666667)
(0.32 -0.065625 0.03796666667)
(0.29 -0.06125 0.03796666667)
(0.2933333333 -0.06125 0.03796666667)
(0.2966666667 -0.06125 0.03796666667)
(0.3 -0.06125 0.03796666667)
(0.3033333333 -0.06125 0.03796666667)
(0.3066666667 -0.06125 0.03796666667)
(0.31 -0.06125 0.03796666667)
(0.3133333333 -0.06125 0.03796666667)
(0.3166666667 -0.06125 0.03796666667)
(0.32 -0.06125 0.03796666667)
(0.29 -0.056875 0.03796666667)
(0.2933333333 -0.056875 0.03796666667)
(0.2966666667 -0.056875 0.03796666667)
(0.3 -0.056875 0.03796666667)
(0.3033333333 -0.056875 0.03796666667)
(0.3066666667 -0.056875 0.03796666667)
(0.31 -0.056875 0.03796666667)
(0.3133333333 -0.056875 0.03796666667)
(0.3166666667 -0.056875 0.03796666667)
(0.32 -0.056875 0.03796666667)
(0.29 -0.0525 0.03796666667)
(0.2933333333 -0.0525 0.03796666667)
(0.2966666667 -0.0525 0.03796666667)
(0.3 -0.0525 0.03796666667)
(0.3033333333 -0.0525 0.03796666667)
(0.3066666667 -0.0525 0.03796666667)
(0.31 -0.0525 0.03796666667)
(0.3133333333 -0.0525 0.03796666667)
(0.3166666667 -0.0525 0.03796666667)
(0.32 -0.0525 0.03796666667)
(0.29 -0.048125 0.03796666667)
(0.2933333333 -0.048125 0.03796666667)
(0.2966666667 -0.048125 0.03796666667)
(0.3 -0.048125 0.03796666667)
(0.3033333333 -0.048125 0.03796666667)
(0.3066666667 -0.048125 0.03796666667)
(0.31 -0.048125 0.03796666667)
(0.3133333333 -0.048125 0.03796666667)
(0.3166666667 -0.048125 0.03796666667)
(0.32 -0.048125 0.03796666667)
(0.29 -0.04375 0.03796666667)
(0.2933333333 -0.04375 0.03796666667)
(0.2966666667 -0.04375 0.03796666667)
(0.3 -0.04375 0.03796666667)
(0.3033333333 -0.04375 0.03796666667)
(0.3066666667 -0.04375 0.03796666667)
(0.31 -0.04375 0.03796666667)
(0.3133333333 -0.04375 0.03796666667)
(0.3166666667 -0.04375 0.03796666667)
(0.32 -0.04375 0.03796666667)
(0.29 -0.039375 0.03796666667)
(0.2933333333 -0.039375 0.03796666667)
(0.2966666667 -0.039375 0.03796666667)
(0.3 -0.039375 0.03796666667)
(0.3033333333 -0.039375 0.03796666667)
(0.3066666667 -0.039375 0.03796666667)
(0.31 -0.039375 0.03796666667)
(0.3133333333 -0.039375 0.03796666667)
(0.3166666667 -0.039375 0.03796666667)
(0.32 -0.039375 0.03796666667)
(0.29 -0.035 0.03796666667)
(0.2933333333 -0.035 0.03796666667)
(0.2966666667 -0.035 0.03796666667)
(0.3 -0.035 0.03796666667)
(0.3033333333 -0.035 0.03796666667)
(0.3066666667 -0.035 0.03796666667)
(0.31 -0.035 0.03796666667)
(0.3133333333 -0.035 0.03796666667)
(0.3166666667 -0.035 0.03796666667)
(0.32 -0.035 0.03796666667)
(0.29 -0.030625 0.03796666667)
(0.2933333333 -0.030625 0.03796666667)
(0.2966666667 -0.030625 0.03796666667)
(0.3 -0.030625 0.03796666667)
(0.3033333333 -0.030625 0.03796666667)
(0.3066666667 -0.030625 0.03796666667)
(0.31 -0.030625 0.03796666667)
(0.3133333333 -0.030625 0.03796666667)
(0.3166666667 -0.030625 0.03796666667)
(0.32 -0.030625 0.03796666667)
(0.29 -0.02625 0.03796666667)
(0.2933333333 -0.02625 0.03796666667)
(0.2966666667 -0.02625 0.03796666667)
(0.3 -0.02625 0.03796666667)
(0.3033333333 -0.02625 0.03796666667)
(0.3066666667 -0.02625 0.03796666667)
(0.31 -0.02625 0.03796666667)
(0.3133333333 -0.02625 0.03796666667)
(0.3166666667 -0.02625 0.03796666667)
(0.32 -0.02625 0.03796666667)
(0.29 -0.021875 0.03796666667)
(0.2933333333 -0.021875 0.03796666667)
(0.2966666667 -0.021875 0.03796666667)
(0.3 -0.021875 0.03796666667)
(0.3033333333 -0.021875 0.03796666667)
(0.3066666667 -0.021875 0.03796666667)
(0.31 -0.021875 0.03796666667)
(0.3133333333 -0.021875 0.03796666667)
(0.3166666667 -0.021875 0.03796666667)
(0.32 -0.021875 0.03796666667)
(0.29 -0.0175 0.03796666667)
(0.2933333333 -0.0175 0.03796666667)
(0.2966666667 -0.0175 0.03796666667)
(0.3 -0.0175 0.03796666667)
(0.3033333333 -0.0175 0.03796666667)
(0.3066666667 -0.0175 0.03796666667)
(0.31 -0.0175 0.03796666667)
(0.3133333333 -0.0175 0.03796666667)
(0.3166666667 -0.0175 0.03796666667)
(0.32 -0.0175 0.03796666667)
(0.29 -0.013125 0.03796666667)
(0.2933333333 -0.013125 0.03796666667)
(0.2966666667 -0.013125 0.03796666667)
(0.3 -0.013125 0.03796666667)
(0.3033333333 -0.013125 0.03796666667)
(0.3066666667 -0.013125 0.03796666667)
(0.31 -0.013125 0.03796666667)
(0.3133333333 -0.013125 0.03796666667)
(0.3166666667 -0.013125 0.03796666667)
(0.32 -0.013125 0.03796666667)
(0.29 -0.00875 0.03796666667)
(0.2933333333 -0.00875 0.03796666667)
(0.2966666667 -0.00875 0.03796666667)
(0.3 -0.00875 0.03796666667)
(0.3033333333 -0.00875 0.03796666667)
(0.3066666667 -0.00875 0.03796666667)
(0.31 -0.00875 0.03796666667)
(0.3133333333 -0.00875 0.03796666667)
(0.3166666667 -0.00875 0.03796666667)
(0.32 -0.00875 0.03796666667)
(0.29 -0.004375 0.03796666667)
(0.2933333333 -0.004375 0.03796666667)
(0.2966666667 -0.004375 0.03796666667)
(0.3 -0.004375 0.03796666667)
(0.3033333333 -0.004375 0.03796666667)
(0.3066666667 -0.004375 0.03796666667)
(0.31 -0.004375 0.03796666667)
(0.3133333333 -0.004375 0.03796666667)
(0.3166666667 -0.004375 0.03796666667)
(0.32 -0.004375 0.03796666667)
(0.29 0 0.03796666667)
(0.2933333333 0 0.03796666667)
(0.2966666667 0 0.03796666667)
(0.3 0 0.03796666667)
(0.3033333333 -1.156482317e-18 0.03796666667)
(0.3066666667 1.156482317e-18 0.03796666667)
(0.31 0 0.03796666667)
(0.3133333333 -1.156482317e-18 0.03796666667)
(0.3166666667 0 0.03796666667)
(0.32 0 0.03796666667)
(0.2933333333 0.004375 0.03796666667)
(0.2966666667 0.004375 0.03796666667)
(0.3 0.004375 0.03796666667)
(0.3033333333 0.004375 0.03796666667)
(0.3066666667 0.004375 0.03796666667)
(0.31 0.004375 0.03796666667)
(0.3133333333 0.004375 0.03796666667)
(0.3166666667 0.004375 0.03796666667)
(0.32 0.004375 0.03796666667)
(0.2966666667 0.00875 0.03796666667)
(0.3 0.00875 0.03796666667)
(0.3033333333 0.00875 0.03796666667)
(0.3066666667 0.00875 0.03796666667)
(0.31 0.00875 0.03796666667)
(0.3133333333 0.00875 0.03796666667)
(0.3166666667 0.00875 0.03796666667)
(0.32 0.00875 0.03796666667)
(0.3033333333 0.013125 0.03796666667)
(0.3066666667 0.013125 0.03796666667)
(0.31 0.013125 0.03796666667)
(0.3133333333 0.013125 0.03796666667)
(0.3166666667 0.013125 0.03796666667)
(0.29 -0.07 0.04120833333)
(0.2933333333 -0.07 0.04120833333)
(0.2966666667 -0.07 0.04120833333)
(0.3 -0.07 0.04120833333)
(0.3033333333 -0.07 0.04120833333)
(0.3066666667 -0.07 0.04120833333)
(0.31 -0.07 0.04120833333)
(0.3133333333 -0.07 0.04120833333)
(0.3166666667 -0.07 0.04120833333)
(0.32 -0.07 0.04120833333)
(0.29 -0.065625 0.04120833333)
(0.2933333333 -0.065625 0.04120833333)
(0.2966666667 -0.065625 0.04120833333)
(0.3 -0.065625 0.04120833333)
(0.3033333333 -0.065625 0.04120833333)
(0.3066666667 -0.065625 0.04120833333)
(0.31 -0.065625 0.04120833333)
(0.3133333333 -0.065625 0.04120833333)
(0.3166666667 -0.065625 0.04120833333)
(0.32 -0.065625 0.04120833333)
(0.29 -0.06125 0.04120833333)
(0.2933333333 -0.06125 0.04120833333)
(0.2966666667 -0.06125 0.04120833333)
(0.3 -0.06125 0.04120833333)
(0.3033333333 -0.06125 0.04120833333)
(0.3066666667 -0.06125 0.04120833333)
(0.31 -0.06125 0.04120833333)
(0.3133333333 -0.06125 0.04120833333)
(0.3166666667 -0.06125 0.04120833333)
(0.32 -0.06125 0.04120833333)
(0.29 -0.056875 0.04120833333)
(0.2933333333 -0.056875 0.04120833333)
(0.2966666667 -0.056875 0.04120833333)
(0.3 -0.056875 0.04120833333)
(0.3033333333 -0.056875 0.04120833333)
(0.3066666667 -0.056875 0.04120833333)
(0.31 -0.056875 0.04120833333)
(0.3133333333 -0.056875 0.04120833333)
(0.3166666667 -0.056875 0.04120833333)
(0.32 -0.056875 0.04120833333)
(0.29 -0.0525 0.04120833333)
(0.2933333333 -0.0525 0.04120833333)
(0.2966666667 -0.0525 0.04120833333)
(0.3 -0.0525 0.04120833333)
(0.3033333333 -0.0525 0.04120833333)
(0.3066666667 -0.0525 0.04120833333)
(0.31 -0.0525 0.04120833333)
(0.3133333333 -0.0525 0.04120833333)
(0.3166666667 -0.0525 0.04120833333)
(0.32 -0.0525 0.04120833333)
(0.29 -0.048125 0.04120833333)
(0.2933333333 -0.048125 0.04120833333)
(0.2966666667 -0.048125 0.04120833333)
(0.3 -0.048125 0.04120833333)
(0.3033333333 -0.048125 0.04120833333)
(0.3066666667 -0.048125 0.04120833333)
(0.31 -0.048125 0.04120833333)
(0.3133333333 -0.048125 0.04120833333)
(0.3166666667 -0.048125 0.04120833333)
(0.32 -0.048125 0.04120833333)
(0.29 -0.04375 0.04120833333)
(0.2933333333 -0.04375 0.04120833333)
(0.2966666667 -0.04375 0.04120833333)
(0.3 -0.04375 0.04120833333)
(0.3033333333 -0.04375 0.04120833333)
(0.3066666667 -0.04375 0.04120833333)
(0.31 -0.04375 0.04120833333)
(0.3133333333 -0.04375 0.04120833333)
(0.3166666667 -0.04375 0.04120833333)
(0.32 -0.04375 0.04120833333)
(0.29 -0.039375 0.04120833333)
(0.2933333333 -0.039375 0.04120833333)
(0.2966666667 -0.039375 0.04120833333)
(0.3 -0.039375 0.04120833333)
(0.3033333333 -0.039375 0.04120833333)
(0.3066666667 -0.039375 0.04120833333)
(0.31 -0.039375 0.04120833333)
(0.3133333333 -0.039375 0.04120833333)
(0.3166666667 -0.039375 0.04120833333)
(0.32 -0.039375 0.04120833333)
(0.29 -0.035 0.04120833333)
(0.2933333333 -0.035 0.04120833333)
(0.2966666667 -0.035 0.04120833333)
(0.3 -0.035 0.04120833333)
(0.3033333333 -0.035 0.04120833333)
(0.3066666667 -0.035 0.04120833333)
(0.31 -0.035 0.04120833333)
(0.3133333333 -0.035 0.04120833333)
(0.3166666667 -0.035 0.04120833333)
(0.32 -0.035 0.04120833333)
(0.29 -0.030625 0.04120833333)
(0.2933333333 -0.030625 0.04120833333)
(0.2966666667 -0.030625 0.04120833333)
(0.3 -0.030625 0.04120833333)
(0.3033333333 -0.030625 0.04120833333)
(0.3066666667 -0.030625 0.04120833333)
(0.31 -0.030625 0.04120833333)
(0.3133333333 -0.030625 0.04120833333)
(0.3166666667 -0.030625 0.04120833333)
(0.32 -0.030625 0.04120833333)
(0.29 -0.02625 0.04120833333)
(0.2933333333 -0.02625 0.04120833333)
(0.2966666667 -0.02625 0.04120833333)
(0.3 -0.02625 0.04120833333)
(0.3033333333 -0.02625 0.04120833333)
(0.3066666667 -0.02625 0.04120833333)
(0.31 -0.02625 0.04120833333)
(0.3133333333 -0.02625 0.04120833333)
(0.3166666667 -0.02625 0.04120833333)
(0.32 -0.02625 0.04120833333)
(0.29 -0.021875 0.04120833333)
(0.2933333333 -0.021875 0.04120833333)
(0.2966666667 -0.021875 0.04120833333)
(0.3 -0.021875 0.04120833333)
(0.3033333333 -0.021875 0.04120833333)
(0.3066666667 -0.021875 0.04120833333)
(0.31 -0.021875 0.04120833333)
(0.3133333333 -0.021875 0.04120833333)
(0.3166666667 -0.021875 0.04120833333)
(0.32 -0.021875 0.04120833333)
(0.29 -0.0175 0.04120833333)
(0.2933333333 -0.0175 0.04120833333)
(0.2966666667 -0.0175 0.04120833333)
(0.3 -0.0175 0.04120833333)
(0.3033333333 -0.0175 0.04120833333)
(0.3066666667 -0.0175 0.04120833333)
(0.31 -0.0175 0.04120833333)
(0.3133333333 -0.0175 0.04120833333)
(0.3166666667 -0.0175 0.04120833333)
(0.32 -0.0175 0.04120833333)
(0.29 -0.013125 0.04120833333)
(0.2933333333 -0.013125 0.04120833333)
(0.2966666667 -0.013125 0.04120833333)
(0.3 -0.013125 0.04120833333)
(0.3033333333 -0.013125 0.04120833333)
(0.3066666667 -0.013125 0.04120833333)
(0.31 -0.013125 0.04120833333)
(0.3133333333 -0.013125 0.04120833333)
(0.3166666667 -0.013125 0.04120833333)
(0.32 -0.013125 0.04120833333)
(0.29 -0.00875 0.04120833333)
(0.2933333333 -0.00875 0.04120833333)
(0.2966666667 -0.00875 0.04120833333)
(0.3 -0.00875 0.04120833333)
(0.3033333333 -0.00875 0.04120833333)
(0.3066666667 -0.00875 0.04120833333)
(0.31 -0.00875 0.04120833333)
(0.3133333333 -0.00875 0.04120833333)
(0.3166666667 -0.00875 0.04120833333)
(0.32 -0.00875 0.04120833333)
(0.29 -0.004375 0.04120833333)
(0.2933333333 -0.004375 0.04120833333)
(0.2966666667 -0.004375 0.04120833333)
(0.3 -0.004375 0.04120833333)
(0.3033333333 -0.004375 0.04120833333)
(0.3066666667 -0.004375 0.04120833333)
(0.31 -0.004375 0.04120833333)
(0.3133333333 -0.004375 0.04120833333)
(0.3166666667 -0.004375 0.04120833333)
(0.32 -0.004375 0.04120833333)
(0.29 0 0.04120833333)
(0.2933333333 0 0.04120833333)
(0.2966666667 0 0.04120833333)
(0.3 0 0.04120833333)
(0.3033333333 0 0.04120833333)
(0.3066666667 0 0.04120833333)
(0.31 0 0.04120833333)
(0.3133333333 -1.156482317e-18 0.04120833333)
(0.3166666667 -7.228014483e-20 0.04120833333)
(0.32 0 0.04120833333)
(0.2933333333 0.004375 0.04120833333)
(0.2966666667 0.004375 0.04120833333)
(0.3 0.004375 0.04120833333)
(0.3033333333 0.004375 0.04120833333)
(0.3066666667 0.004375 0.04120833333)
(0.31 0.004375 0.04120833333)
(0.3133333333 0.004375 0.04120833333)
(0.3166666667 0.004375 0.04120833333)
(0.32 0.004375 0.04120833333)
(0.2966666667 0.00875 0.04120833333)
(0.3 0.00875 0.04120833333)
(0.3033333333 0.00875 0.04120833333)
(0.3066666667 0.00875 0.04120833333)
(0.31 0.00875 0.04120833333)
(0.3133333333 0.00875 0.04120833333)
(0.3166666667 0.00875 0.04120833333)
(0.32 0.00875 0.04120833333)
(0.3033333333 0.013125 0.04120833333)
(0.3066666667 0.013125 0.04120833333)
(0.31 0.013125 0.04120833333)
(0.3133333333 0.013125 0.04120833333)
(0.3166666667 0.013125 0.04120833333)
(0.29 -0.07 0.04445)
(0.2933333333 -0.07 0.04445)
(0.2966666667 -0.07 0.04445)
(0.3 -0.07 0.04445)
(0.3033333333 -0.07 0.04445)
(0.3066666667 -0.07 0.04445)
(0.31 -0.07 0.04445)
(0.3133333333 -0.07 0.04445)
(0.3166666667 -0.07 0.04445)
(0.32 -0.07 0.04445)
(0.29 -0.065625 0.04445)
(0.2933333333 -0.065625 0.04445)
(0.2966666667 -0.065625 0.04445)
(0.3 -0.065625 0.04445)
(0.3033333333 -0.065625 0.04445)
(0.3066666667 -0.065625 0.04445)
(0.31 -0.065625 0.04445)
(0.3133333333 -0.065625 0.04445)
(0.3166666667 -0.065625 0.04445)
(0.32 -0.065625 0.04445)
(0.29 -0.06125 0.04445)
(0.2933333333 -0.06125 0.04445)
(0.2966666667 -0.06125 0.04445)
(0.3 -0.06125 0.04445)
(0.3033333333 -0.06125 0.04445)
(0.3066666667 -0.06125 0.04445)
(0.31 -0.06125 0.04445)
(0.3133333333 -0.06125 0.04445)
(0.3166666667 -0.06125 0.04445)
(0.32 -0.06125 0.04445)
(0.29 -0.056875 0.04445)
(0.2933333333 -0.056875 0.04445)
(0.2966666667 -0.056875 0.04445)
(0.3 -0.056875 0.04445)
(0.3033333333 -0.056875 0.04445)
(0.3066666667 -0.056875 0.04445)
(0.31 -0.056875 0.04445)
(0.3133333333 -0.056875 0.04445)
(0.3166666667 -0.056875 0.04445)
(0.32 -0.056875 0.04445)
(0.29 -0.0525 0.04445)
(0.2933333333 -0.0525 0.04445)
(0.2966666667 -0.0525 0.04445)
(0.3 -0.0525 0.04445)
(0.3033333333 -0.0525 0.04445)
(0.3066666667 -0.0525 0.04445)
(0.31 -0.0525 0.04445)
(0.3133333333 -0.0525 0.04445)
(0.3166666667 -0.0525 0.04445)
(0.32 -0.0525 0.04445)
(0.29 -0.048125 0.04445)
(0.2933333333 -0.048125 0.04445)
(0.2966666667 -0.048125 0.04445)
(0.3 -0.048125 0.04445)
(0.3033333333 -0.048125 0.04445)
(0.3066666667 -0.048125 0.04445)
(0.31 -0.048125 0.04445)
(0.3133333333 -0.048125 0.04445)
(0.3166666667 -0.048125 0.04445)
(0.32 -0.048125 0.04445)
(0.29 -0.04375 0.04445)
(0.2933333333 -0.04375 0.04445)
(0.2966666667 -0.04375 0.04445)
(0.3 -0.04375 0.04445)
(0.3033333333 -0.04375 0.04445)
(0.3066666667 -0.04375 0.04445)
(0.31 -0.04375 0.04445)
(0.3133333333 -0.04375 0.04445)
(0.3166666667 -0.04375 0.04445)
(0.32 -0.04375 0.04445)
(0.29 -0.039375 0.04445)
(0.2933333333 -0.039375 0.04445)
(0.2966666667 -0.039375 0.04445)
(0.3 -0.039375 0.04445)
(0.3033333333 -0.039375 0.04445)
(0.3066666667 -0.039375 0.04445)
(0.31 -0.039375 0.04445)
(0.3133333333 -0.039375 0.04445)
(0.3166666667 -0.039375 0.04445)
(0.32 -0.039375 0.04445)
(0.29 -0.035 0.04445)
(0.2933333333 -0.035 0.04445)
(0.2966666667 -0.035 0.04445)
(0.3 -0.035 0.04445)
(0.3033333333 -0.035 0.04445)
(0.3066666667 -0.035 0.04445)
(0.31 -0.035 0.04445)
(0.3133333333 -0.035 0.04445)
(0.3166666667 -0.035 0.04445)
(0.32 -0.035 0.04445)
(0.29 -0.030625 0.04445)
(0.2933333333 -0.030625 0.04445)
(0.2966666667 -0.030625 0.04445)
(0.3 -0.030625 0.04445)
(0.3033333333 -0.030625 0.04445)
(0.3066666667 -0.030625 0.04445)
(0.31 -0.030625 0.04445)
(0.3133333333 -0.030625 0.04445)
(0.3166666667 -0.030625 0.04445)
(0.32 -0.030625 0.04445)
(0.29 -0.02625 0.04445)
(0.2933333333 -0.02625 0.04445)
(0.2966666667 -0.02625 0.04445)
(0.3 -0.02625 0.04445)
(0.3033333333 -0.02625 0.04445)
(0.3066666667 -0.02625 0.04445)
(0.31 -0.02625 0.04445)
(0.3133333333 -0.02625 0.04445)
(0.3166666667 -0.02625 0.04445)
(0.32 -0.02625 0.04445)
(0.29 -0.021875 0.04445)
(0.2933333333 -0.021875 0.04445)
(0.2966666667 -0.021875 0.04445)
(0.3 -0.021875 0.04445)
(0.3033333333 -0.021875 0.04445)
(0.3066666667 -0.021875 0.04445)
(0.31 -0.021875 0.04445)
(0.3133333333 -0.021875 0.04445)
(0.3166666667 -0.021875 0.04445)
(0.32 -0.021875 0.04445)
(0.29 -0.0175 0.04445)
(0.2933333333 -0.0175 0.04445)
(0.2966666667 -0.0175 0.04445)
(0.3 -0.0175 0.04445)
(0.3033333333 -0.0175 0.04445)
(0.3066666667 -0.0175 0.04445)
(0.31 -0.0175 0.04445)
(0.3133333333 -0.0175 0.04445)
(0.3166666667 -0.0175 0.04445)
(0.32 -0.0175 0.04445)
(0.29 -0.013125 0.04445)
(0.2933333333 -0.013125 0.04445)
(0.2966666667 -0.013125 0.04445)
(0.3 -0.013125 0.04445)
(0.3033333333 -0.013125 0.04445)
(0.3066666667 -0.013125 0.04445)
(0.31 -0.013125 0.04445)
(0.3133333333 -0.013125 0.04445)
(0.3166666667 -0.013125 0.04445)
(0.32 -0.013125 0.04445)
(0.29 -0.00875 0.04445)
(0.2933333333 -0.00875 0.04445)
(0.2966666667 -0.00875 0.04445)
(0.3 -0.00875 0.04445)
(0.3033333333 -0.00875 0.04445)
(0.3066666667 -0.00875 0.04445)
(0.31 -0.00875 0.04445)
(0.3133333333 -0.00875 0.04445)
(0.3166666667 -0.00875 0.04445)
(0.32 -0.00875 0.04445)
(0.29 -0.004375 0.04445)
(0.2933333333 -0.004375 0.04445)
(0.2966666667 -0.004375 0.04445)
(0.3 -0.004375 0.04445)
(0.3033333333 -0.004375 0.04445)
(0.3066666667 -0.004375 0.04445)
(0.31 -0.004375 0.04445)
(0.3133333333 -0.004375 0.04445)
(0.3166666667 -0.004375 0.04445)
(0.32 -0.004375 0.04445)
(0.29 0 0.04445)
(0.2933333333 0 0.04445)
(0.2966666667 0 0.04445)
(0.3 0 0.04445)
(0.3033333333 0 0.04445)
(0.3066666667 0 0.04445)
(0.31 0 0.04445)
(0.3133333333 -1.156482317e-18 0.04445)
(0.3166666667 -7.228014483e-20 0.04445)
(0.32 0 0.04445)
(0.2933333333 0.004375 0.04445)
(0.2966666667 0.004375 0.04445)
(0.3 0.004375 0.04445)
(0.3033333333 0.004375 0.04445)
(0.3066666667 0.004375 0.04445)
(0.31 0.004375 0.04445)
(0.3133333333 0.004375 0.04445)
(0.3166666667 0.004375 0.04445)
(0.32 0.004375 0.04445)
(0.2966666667 0.00875 0.04445)
(0.3 0.00875 0.04445)
(0.3033333333 0.00875 0.04445)
(0.3066666667 0.00875 0.04445)
(0.31 0.00875 0.04445)
(0.3133333333 0.00875 0.04445)
(0.3166666667 0.00875 0.04445)
(0.32 0.00875 0.04445)
(0.3033333333 0.013125 0.04445)
(0.3066666667 0.013125 0.04445)
(0.31 0.013125 0.04445)
(0.3133333333 0.013125 0.04445)
(0.3166666667 0.013125 0.04445)
(0.324 -0.07 0.02824166667)
(0.328 -0.07 0.02824166667)
(0.332 -0.07 0.02824166667)
(0.336 -0.07 0.02824166667)
(0.34 -0.07 0.02824166667)
(0.344 -0.07 0.02824166667)
(0.348 -0.07 0.02824166667)
(0.352 -0.07 0.02824166667)
(0.356 -0.07 0.02824166667)
(0.36 -0.07 0.02824166667)
(0.364 -0.07 0.02824166667)
(0.368 -0.07 0.02824166667)
(0.372 -0.07 0.02824166667)
(0.376 -0.07 0.02824166667)
(0.38 -0.07 0.02824166667)
(0.384 -0.07 0.02824166667)
(0.388 -0.07 0.02824166667)
(0.392 -0.07 0.02824166667)
(0.396 -0.07 0.02824166667)
(0.4 -0.07 0.02824166667)
(0.324 -0.065625 0.02824166667)
(0.328 -0.065625 0.02824166667)
(0.332 -0.065625 0.02824166667)
(0.336 -0.065625 0.02824166667)
(0.34 -0.065625 0.02824166667)
(0.344 -0.065625 0.02824166667)
(0.348 -0.065625 0.02824166667)
(0.352 -0.065625 0.02824166667)
(0.356 -0.065625 0.02824166667)
(0.36 -0.065625 0.02824166667)
(0.364 -0.065625 0.02824166667)
(0.368 -0.065625 0.02824166667)
(0.372 -0.065625 0.02824166667)
(0.376 -0.065625 0.02824166667)
(0.38 -0.065625 0.02824166667)
(0.384 -0.065625 0.02824166667)
(0.388 -0.065625 0.02824166667)
(0.392 -0.065625 0.02824166667)
(0.396 -0.065625 0.02824166667)
(0.4 -0.065625 0.02824166667)
(0.324 -0.06125 0.02824166667)
(0.328 -0.06125 0.02824166667)
(0.332 -0.06125 0.02824166667)
(0.336 -0.06125 0.02824166667)
(0.34 -0.06125 0.02824166667)
(0.344 -0.06125 0.02824166667)
(0.348 -0.06125 0.02824166667)
(0.352 -0.06125 0.02824166667)
(0.356 -0.06125 0.02824166667)
(0.36 -0.06125 0.02824166667)
(0.364 -0.06125 0.02824166667)
(0.368 -0.06125 0.02824166667)
(0.372 -0.06125 0.02824166667)
(0.376 -0.06125 0.02824166667)
(0.38 -0.06125 0.02824166667)
(0.384 -0.06125 0.02824166667)
(0.388 -0.06125 0.02824166667)
(0.392 -0.06125 0.02824166667)
(0.396 -0.06125 0.02824166667)
(0.4 -0.06125 0.02824166667)
(0.324 -0.056875 0.02824166667)
(0.328 -0.056875 0.02824166667)
(0.332 -0.056875 0.02824166667)
(0.336 -0.056875 0.02824166667)
(0.34 -0.056875 0.02824166667)
(0.344 -0.056875 0.02824166667)
(0.348 -0.056875 0.02824166667)
(0.352 -0.056875 0.02824166667)
(0.356 -0.056875 0.02824166667)
(0.36 -0.056875 0.02824166667)
(0.364 -0.056875 0.02824166667)
(0.368 -0.056875 0.02824166667)
(0.372 -0.056875 0.02824166667)
(0.376 -0.056875 0.02824166667)
(0.38 -0.056875 0.02824166667)
(0.384 -0.056875 0.02824166667)
(0.388 -0.056875 0.02824166667)
(0.392 -0.056875 0.02824166667)
(0.396 -0.056875 0.02824166667)
(0.4 -0.056875 0.02824166667)
(0.324 -0.0525 0.02824166667)
(0.328 -0.0525 0.02824166667)
(0.332 -0.0525 0.02824166667)
(0.336 -0.0525 0.02824166667)
(0.34 -0.0525 0.02824166667)
(0.344 -0.0525 0.02824166667)
(0.348 -0.0525 0.02824166667)
(0.352 -0.0525 0.02824166667)
(0.356 -0.0525 0.02824166667)
(0.36 -0.0525 0.02824166667)
(0.364 -0.0525 0.02824166667)
(0.368 -0.0525 0.02824166667)
(0.372 -0.0525 0.02824166667)
(0.376 -0.0525 0.02824166667)
(0.38 -0.0525 0.02824166667)
(0.384 -0.0525 0.02824166667)
(0.388 -0.0525 0.02824166667)
(0.392 -0.0525 0.02824166667)
(0.396 -0.0525 0.02824166667)
(0.4 -0.0525 0.02824166667)
(0.324 -0.048125 0.02824166667)
(0.328 -0.048125 0.02824166667)
(0.332 -0.048125 0.02824166667)
(0.336 -0.048125 0.02824166667)
(0.34 -0.048125 0.02824166667)
(0.344 -0.048125 0.02824166667)
(0.348 -0.048125 0.02824166667)
(0.352 -0.048125 0.02824166667)
(0.356 -0.048125 0.02824166667)
(0.36 -0.048125 0.02824166667)
(0.364 -0.048125 0.02824166667)
(0.368 -0.048125 0.02824166667)
(0.372 -0.048125 0.02824166667)
(0.376 -0.048125 0.02824166667)
(0.38 -0.048125 0.02824166667)
(0.384 -0.048125 0.02824166667)
(0.388 -0.048125 0.02824166667)
(0.392 -0.048125 0.02824166667)
(0.396 -0.048125 0.02824166667)
(0.4 -0.048125 0.02824166667)
(0.324 -0.04375 0.02824166667)
(0.328 -0.04375 0.02824166667)
(0.332 -0.04375 0.02824166667)
(0.336 -0.04375 0.02824166667)
(0.34 -0.04375 0.02824166667)
(0.344 -0.04375 0.02824166667)
(0.348 -0.04375 0.02824166667)
(0.352 -0.04375 0.02824166667)
(0.356 -0.04375 0.02824166667)
(0.36 -0.04375 0.02824166667)
(0.364 -0.04375 0.02824166667)
(0.368 -0.04375 0.02824166667)
(0.372 -0.04375 0.02824166667)
(0.376 -0.04375 0.02824166667)
(0.38 -0.04375 0.02824166667)
(0.384 -0.04375 0.02824166667)
(0.388 -0.04375 0.02824166667)
(0.392 -0.04375 0.02824166667)
(0.396 -0.04375 0.02824166667)
(0.4 -0.04375 0.02824166667)
(0.324 -0.039375 0.02824166667)
(0.328 -0.039375 0.02824166667)
(0.332 -0.039375 0.02824166667)
(0.336 -0.039375 0.02824166667)
(0.34 -0.039375 0.02824166667)
(0.344 -0.039375 0.02824166667)
(0.348 -0.039375 0.02824166667)
(0.352 -0.039375 0.02824166667)
(0.356 -0.039375 0.02824166667)
(0.36 -0.039375 0.02824166667)
(0.364 -0.039375 0.02824166667)
(0.368 -0.039375 0.02824166667)
(0.372 -0.039375 0.02824166667)
(0.376 -0.039375 0.02824166667)
(0.38 -0.039375 0.02824166667)
(0.384 -0.039375 0.02824166667)
(0.388 -0.039375 0.02824166667)
(0.392 -0.039375 0.02824166667)
(0.396 -0.039375 0.02824166667)
(0.4 -0.039375 0.02824166667)
(0.324 -0.035 0.02824166667)
(0.328 -0.035 0.02824166667)
(0.332 -0.035 0.02824166667)
(0.336 -0.035 0.02824166667)
(0.34 -0.035 0.02824166667)
(0.344 -0.035 0.02824166667)
(0.348 -0.035 0.02824166667)
(0.352 -0.035 0.02824166667)
(0.356 -0.035 0.02824166667)
(0.36 -0.035 0.02824166667)
(0.364 -0.035 0.02824166667)
(0.368 -0.035 0.02824166667)
(0.372 -0.035 0.02824166667)
(0.376 -0.035 0.02824166667)
(0.38 -0.035 0.02824166667)
(0.384 -0.035 0.02824166667)
(0.388 -0.035 0.02824166667)
(0.392 -0.035 0.02824166667)
(0.396 -0.035 0.02824166667)
(0.4 -0.035 0.02824166667)
(0.324 -0.030625 0.02824166667)
(0.328 -0.030625 0.02824166667)
(0.332 -0.030625 0.02824166667)
(0.336 -0.030625 0.02824166667)
(0.34 -0.030625 0.02824166667)
(0.344 -0.030625 0.02824166667)
(0.348 -0.030625 0.02824166667)
(0.352 -0.030625 0.02824166667)
(0.356 -0.030625 0.02824166667)
(0.36 -0.030625 0.02824166667)
(0.364 -0.030625 0.02824166667)
(0.368 -0.030625 0.02824166667)
(0.372 -0.030625 0.02824166667)
(0.376 -0.030625 0.02824166667)
(0.38 -0.030625 0.02824166667)
(0.384 -0.030625 0.02824166667)
(0.388 -0.030625 0.02824166667)
(0.392 -0.030625 0.02824166667)
(0.396 -0.030625 0.02824166667)
(0.4 -0.030625 0.02824166667)
(0.324 -0.02625 0.02824166667)
(0.328 -0.02625 0.02824166667)
(0.332 -0.02625 0.02824166667)
(0.336 -0.02625 0.02824166667)
(0.34 -0.02625 0.02824166667)
(0.344 -0.02625 0.02824166667)
(0.348 -0.02625 0.02824166667)
(0.352 -0.02625 0.02824166667)
(0.356 -0.02625 0.02824166667)
(0.36 -0.02625 0.02824166667)
(0.364 -0.02625 0.02824166667)
(0.368 -0.02625 0.02824166667)
(0.372 -0.02625 0.02824166667)
(0.376 -0.02625 0.02824166667)
(0.38 -0.02625 0.02824166667)
(0.384 -0.02625 0.02824166667)
(0.388 -0.02625 0.02824166667)
(0.392 -0.02625 0.02824166667)
(0.396 -0.02625 0.02824166667)
(0.4 -0.02625 0.02824166667)
(0.324 -0.021875 0.02824166667)
(0.328 -0.021875 0.02824166667)
(0.332 -0.021875 0.02824166667)
(0.336 -0.021875 0.02824166667)
(0.34 -0.021875 0.02824166667)
(0.344 -0.021875 0.02824166667)
(0.348 -0.021875 0.02824166667)
(0.352 -0.021875 0.02824166667)
(0.356 -0.021875 0.02824166667)
(0.36 -0.021875 0.02824166667)
(0.364 -0.021875 0.02824166667)
(0.368 -0.021875 0.02824166667)
(0.372 -0.021875 0.02824166667)
(0.376 -0.021875 0.02824166667)
(0.38 -0.021875 0.02824166667)
(0.384 -0.021875 0.02824166667)
(0.388 -0.021875 0.02824166667)
(0.392 -0.021875 0.02824166667)
(0.396 -0.021875 0.02824166667)
(0.4 -0.021875 0.02824166667)
(0.324 -0.0175 0.02824166667)
(0.328 -0.0175 0.02824166667)
(0.332 -0.0175 0.02824166667)
(0.336 -0.0175 0.02824166667)
(0.34 -0.0175 0.02824166667)
(0.344 -0.0175 0.02824166667)
(0.348 -0.0175 0.02824166667)
(0.352 -0.0175 0.02824166667)
(0.356 -0.0175 0.02824166667)
(0.36 -0.0175 0.02824166667)
(0.364 -0.0175 0.02824166667)
(0.368 -0.0175 0.02824166667)
(0.372 -0.0175 0.02824166667)
(0.376 -0.0175 0.02824166667)
(0.38 -0.0175 0.02824166667)
(0.384 -0.0175 0.02824166667)
(0.388 -0.0175 0.02824166667)
(0.392 -0.0175 0.02824166667)
(0.396 -0.0175 0.02824166667)
(0.4 -0.0175 0.02824166667)
(0.324 -0.013125 0.02824166667)
(0.328 -0.013125 0.02824166667)
(0.332 -0.013125 0.02824166667)
(0.336 -0.013125 0.02824166667)
(0.34 -0.013125 0.02824166667)
(0.344 -0.013125 0.02824166667)
(0.348 -0.013125 0.02824166667)
(0.352 -0.013125 0.02824166667)
(0.356 -0.013125 0.02824166667)
(0.36 -0.013125 0.02824166667)
(0.364 -0.013125 0.02824166667)
(0.368 -0.013125 0.02824166667)
(0.372 -0.013125 0.02824166667)
(0.376 -0.013125 0.02824166667)
(0.38 -0.013125 0.02824166667)
(0.384 -0.013125 0.02824166667)
(0.388 -0.013125 0.02824166667)
(0.392 -0.013125 0.02824166667)
(0.396 -0.013125 0.02824166667)
(0.4 -0.013125 0.02824166667)
(0.324 -0.00875 0.02824166667)
(0.328 -0.00875 0.02824166667)
(0.332 -0.00875 0.02824166667)
(0.336 -0.00875 0.02824166667)
(0.34 -0.00875 0.02824166667)
(0.344 -0.00875 0.02824166667)
(0.348 -0.00875 0.02824166667)
(0.352 -0.00875 0.02824166667)
(0.356 -0.00875 0.02824166667)
(0.36 -0.00875 0.02824166667)
(0.364 -0.00875 0.02824166667)
(0.368 -0.00875 0.02824166667)
(0.372 -0.00875 0.02824166667)
(0.376 -0.00875 0.02824166667)
(0.38 -0.00875 0.02824166667)
(0.384 -0.00875 0.02824166667)
(0.388 -0.00875 0.02824166667)
(0.392 -0.00875 0.02824166667)
(0.396 -0.00875 0.02824166667)
(0.4 -0.00875 0.02824166667)
(0.324 -0.004375 0.02824166667)
(0.328 -0.004375 0.02824166667)
(0.332 -0.004375 0.02824166667)
(0.336 -0.004375 0.02824166667)
(0.34 -0.004375 0.02824166667)
(0.344 -0.004375 0.02824166667)
(0.348 -0.004375 0.02824166667)
(0.352 -0.004375 0.02824166667)
(0.356 -0.004375 0.02824166667)
(0.36 -0.004375 0.02824166667)
(0.364 -0.004375 0.02824166667)
(0.324 0 0.02824166667)
(0.328 0 0.02824166667)
(0.332 1.156482317e-18 0.02824166667)
(0.336 0 0.02824166667)
(0.34 0 0.02824166667)
(0.344 1.156482317e-18 0.02824166667)
(0.348 0 0.02824166667)
(0.352 0 0.02824166667)
(0.356 1.156482317e-18 0.02824166667)
(0.324 0.004375 0.02824166667)
(0.328 0.004375 0.02824166667)
(0.332 0.004375 0.02824166667)
(0.336 0.004375 0.02824166667)
(0.34 0.004375 0.02824166667)
(0.324 0.00875 0.02824166667)
(0.328 0.00875 0.02824166667)
(0.332 0.00875 0.02824166667)
(0.324 -0.07 0.03148333333)
(0.328 -0.07 0.03148333333)
(0.332 -0.07 0.03148333333)
(0.336 -0.07 0.03148333333)
(0.34 -0.07 0.03148333333)
(0.344 -0.07 0.03148333333)
(0.348 -0.07 0.03148333333)
(0.352 -0.07 0.03148333333)
(0.356 -0.07 0.03148333333)
(0.36 -0.07 0.03148333333)
(0.364 -0.07 0.03148333333)
(0.368 -0.07 0.03148333333)
(0.372 -0.07 0.03148333333)
(0.376 -0.07 0.03148333333)
(0.38 -0.07 0.03148333333)
(0.384 -0.07 0.03148333333)
(0.388 -0.07 0.03148333333)
(0.392 -0.07 0.03148333333)
(0.396 -0.07 0.03148333333)
(0.4 -0.07 0.03148333333)
(0.324 -0.065625 0.03148333333)
(0.328 -0.065625 0.03148333333)
(0.332 -0.065625 0.03148333333)
(0.336 -0.065625 0.03148333333)
(0.34 -0.065625 0.03148333333)
(0.344 -0.065625 0.03148333333)
(0.348 -0.065625 0.03148333333)
(0.352 -0.065625 0.03148333333)
(0.356 -0.065625 0.03148333333)
(0.36 -0.065625 0.03148333333)
(0.364 -0.065625 0.03148333333)
(0.368 -0.065625 0.03148333333)
(0.372 -0.065625 0.03148333333)
(0.376 -0.065625 0.03148333333)
(0.38 -0.065625 0.03148333333)
(0.384 -0.065625 0.03148333333)
(0.388 -0.065625 0.03148333333)
(0.392 -0.065625 0.03148333333)
(0.396 -0.065625 0.03148333333)
(0.4 -0.065625 0.03148333333)
(0.324 -0.06125 0.03148333333)
(0.328 -0.06125 0.03148333333)
(0.332 -0.06125 0.03148333333)
(0.336 -0.06125 0.03148333333)
(0.34 -0.06125 0.03148333333)
(0.344 -0.06125 0.03148333333)
(0.348 -0.06125 0.03148333333)
(0.352 -0.06125 0.03148333333)
(0.356 -0.06125 0.03148333333)
(0.36 -0.06125 0.03148333333)
(0.364 -0.06125 0.03148333333)
(0.368 -0.06125 0.03148333333)
(0.372 -0.06125 0.03148333333)
(0.376 -0.06125 0.03148333333)
(0.38 -0.06125 0.03148333333)
(0.384 -0.06125 0.03148333333)
(0.388 -0.06125 0.03148333333)
(0.392 -0.06125 0.03148333333)
(0.396 -0.06125 0.03148333333)
(0.4 -0.06125 0.03148333333)
(0.324 -0.056875 0.03148333333)
(0.328 -0.056875 0.03148333333)
(0.332 -0.056875 0.03148333333)
(0.336 -0.056875 0.03148333333)
(0.34 -0.056875 0.03148333333)
(0.344 -0.056875 0.03148333333)
(0.348 -0.056875 0.03148333333)
(0.352 -0.056875 0.03148333333)
(0.356 -0.056875 0.03148333333)
(0.36 -0.056875 0.03148333333)
(0.364 -0.056875 0.03148333333)
(0.368 -0.056875 0.03148333333)
(0.372 -0.056875 0.03148333333)
(0.376 -0.056875 0.03148333333)
(0.38 -0.056875 0.03148333333)
(0.384 -0.056875 0.03148333333)
(0.388 -0.056875 0.03148333333)
(0.392 -0.056875 0.03148333333)
(0.396 -0.056875 0.03148333333)
(0.4 -0.056875 0.03148333333)
(0.324 -0.0525 0.03148333333)
(0.328 -0.0525 0.03148333333)
(0.332 -0.0525 0.03148333333)
(0.336 -0.0525 0.03148333333)
(0.34 -0.0525 0.03148333333)
(0.344 -0.0525 0.03148333333)
(0.348 -0.0525 0.03148333333)
(0.352 -0.0525 0.03148333333)
(0.356 -0.0525 0.03148333333)
(0.36 -0.0525 0.03148333333)
(0.364 -0.0525 0.03148333333)
(0.368 -0.0525 0.03148333333)
(0.372 -0.0525 0.03148333333)
(0.376 -0.0525 0.03148333333)
(0.38 -0.0525 0.03148333333)
(0.384 -0.0525 0.03148333333)
(0.388 -0.0525 0.03148333333)
(0.392 -0.0525 0.03148333333)
(0.396 -0.0525 0.03148333333)
(0.4 -0.0525 0.03148333333)
(0.324 -0.048125 0.03148333333)
(0.328 -0.048125 0.03148333333)
(0.332 -0.048125 0.03148333333)
(0.336 -0.048125 0.03148333333)
(0.34 -0.048125 0.03148333333)
(0.344 -0.048125 0.03148333333)
(0.348 -0.048125 0.03148333333)
(0.352 -0.048125 0.03148333333)
(0.356 -0.048125 0.03148333333)
(0.36 -0.048125 0.03148333333)
(0.364 -0.048125 0.03148333333)
(0.368 -0.048125 0.03148333333)
(0.372 -0.048125 0.03148333333)
(0.376 -0.048125 0.03148333333)
(0.38 -0.048125 0.03148333333)
(0.384 -0.048125 0.03148333333)
(0.388 -0.048125 0.03148333333)
(0.392 -0.048125 0.03148333333)
(0.396 -0.048125 0.03148333333)
(0.4 -0.048125 0.03148333333)
(0.324 -0.04375 0.03148333333)
(0.328 -0.04375 0.03148333333)
(0.332 -0.04375 0.03148333333)
(0.336 -0.04375 0.03148333333)
(0.34 -0.04375 0.03148333333)
(0.344 -0.04375 0.03148333333)
(0.348 -0.04375 0.03148333333)
(0.352 -0.04375 0.03148333333)
(0.356 -0.04375 0.03148333333)
(0.36 -0.04375 0.03148333333)
(0.364 -0.04375 0.03148333333)
(0.368 -0.04375 0.03148333333)
(0.372 -0.04375 0.03148333333)
(0.376 -0.04375 0.03148333333)
(0.38 -0.04375 0.03148333333)
(0.384 -0.04375 0.03148333333)
(0.388 -0.04375 0.03148333333)
(0.392 -0.04375 0.03148333333)
(0.396 -0.04375 0.03148333333)
(0.4 -0.04375 0.03148333333)
(0.324 -0.039375 0.03148333333)
(0.328 -0.039375 0.03148333333)
(0.332 -0.039375 0.03148333333)
(0.336 -0.039375 0.03148333333)
(0.34 -0.039375 0.03148333333)
(0.344 -0.039375 0.03148333333)
(0.348 -0.039375 0.03148333333)
(0.352 -0.039375 0.03148333333)
(0.356 -0.039375 0.03148333333)
(0.36 -0.039375 0.03148333333)
(0.364 -0.039375 0.03148333333)
(0.368 -0.039375 0.03148333333)
(0.372 -0.039375 0.03148333333)
(0.376 -0.039375 0.03148333333)
(0.38 -0.039375 0.03148333333)
(0.384 -0.039375 0.03148333333)
(0.388 -0.039375 0.03148333333)
(0.392 -0.039375 0.03148333333)
(0.396 -0.039375 0.03148333333)
(0.4 -0.039375 0.03148333333)
(0.324 -0.035 0.03148333333)
(0.328 -0.035 0.03148333333)
(0.332 -0.035 0.03148333333)
(0.336 -0.035 0.03148333333)
(0.34 -0.035 0.03148333333)
(0.344 -0.035 0.03148333333)
(0.348 -0.035 0.03148333333)
(0.352 -0.035 0.03148333333)
(0.356 -0.035 0.03148333333)
(0.36 -0.035 0.03148333333)
(0.364 -0.035 0.03148333333)
(0.368 -0.035 0.03148333333)
(0.372 -0.035 0.03148333333)
(0.376 -0.035 0.03148333333)
(0.38 -0.035 0.03148333333)
(0.384 -0.035 0.03148333333)
(0.388 -0.035 0.03148333333)
(0.392 -0.035 0.03148333333)
(0.396 -0.035 0.03148333333)
(0.4 -0.035 0.03148333333)
(0.324 -0.030625 0.03148333333)
(0.328 -0.030625 0.03148333333)
(0.332 -0.030625 0.03148333333)
(0.336 -0.030625 0.03148333333)
(0.34 -0.030625 0.03148333333)
(0.344 -0.030625 0.03148333333)
(0.348 -0.030625 0.03148333333)
(0.352 -0.030625 0.03148333333)
(0.356 -0.030625 0.03148333333)
(0.36 -0.030625 0.03148333333)
(0.364 -0.030625 0.03148333333)
(0.368 -0.030625 0.03148333333)
(0.372 -0.030625 0.03148333333)
(0.376 -0.030625 0.03148333333)
(0.38 -0.030625 0.03148333333)
(0.384 -0.030625 0.03148333333)
(0.388 -0.030625 0.03148333333)
(0.392 -0.030625 0.03148333333)
(0.396 -0.030625 0.03148333333)
(0.4 -0.030625 0.03148333333)
(0.324 -0.02625 0.03148333333)
(0.328 -0.02625 0.03148333333)
(0.332 -0.02625 0.03148333333)
(0.336 -0.02625 0.03148333333)
(0.34 -0.02625 0.03148333333)
(0.344 -0.02625 0.03148333333)
(0.348 -0.02625 0.03148333333)
(0.352 -0.02625 0.03148333333)
(0.356 -0.02625 0.03148333333)
(0.36 -0.02625 0.03148333333)
(0.364 -0.02625 0.03148333333)
(0.368 -0.02625 0.03148333333)
(0.372 -0.02625 0.03148333333)
(0.376 -0.02625 0.03148333333)
(0.38 -0.02625 0.03148333333)
(0.384 -0.02625 0.03148333333)
(0.388 -0.02625 0.03148333333)
(0.392 -0.02625 0.03148333333)
(0.396 -0.02625 0.03148333333)
(0.4 -0.02625 0.03148333333)
(0.324 -0.021875 0.03148333333)
(0.328 -0.021875 0.03148333333)
(0.332 -0.021875 0.03148333333)
(0.336 -0.021875 0.03148333333)
(0.34 -0.021875 0.03148333333)
(0.344 -0.021875 0.03148333333)
(0.348 -0.021875 0.03148333333)
(0.352 -0.021875 0.03148333333)
(0.356 -0.021875 0.03148333333)
(0.36 -0.021875 0.03148333333)
(0.364 -0.021875 0.03148333333)
(0.368 -0.021875 0.03148333333)
(0.372 -0.021875 0.03148333333)
(0.376 -0.021875 0.03148333333)
(0.38 -0.021875 0.03148333333)
(0.384 -0.021875 0.03148333333)
(0.388 -0.021875 0.03148333333)
(0.392 -0.021875 0.03148333333)
(0.396 -0.021875 0.03148333333)
(0.4 -0.021875 0.03148333333)
(0.324 -0.0175 0.03148333333)
(0.328 -0.0175 0.03148333333)
(0.332 -0.0175 0.03148333333)
(0.336 -0.0175 0.03148333333)
(0.34 -0.0175 0.03148333333)
(0.344 -0.0175 0.03148333333)
(0.348 -0.0175 0.03148333333)
(0.352 -0.0175 0.03148333333)
(0.356 -0.0175 0.03148333333)
(0.36 -0.0175 0.03148333333)
(0.364 -0.0175 0.03148333333)
(0.368 -0.0175 0.03148333333)
(0.372 -0.0175 0.03148333333)
(0.376 -0.0175 0.03148333333)
(0.38 -0.0175 0.03148333333)
(0.384 -0.0175 0.03148333333)
(0.388 -0.0175 0.03148333333)
(0.392 -0.0175 0.03148333333)
(0.396 -0.0175 0.03148333333)
(0.4 -0.0175 0.03148333333)
(0.324 -0.013125 0.03148333333)
(0.328 -0.013125 0.03148333333)
(0.332 -0.013125 0.03148333333)
(0.336 -0.013125 0.03148333333)
(0.34 -0.013125 0.03148333333)
(0.344 -0.013125 0.03148333333)
(0.348 -0.013125 0.03148333333)
(0.352 -0.013125 0.03148333333)
(0.356 -0.013125 0.03148333333)
(0.36 -0.013125 0.03148333333)
(0.364 -0.013125 0.03148333333)
(0.368 -0.013125 0.03148333333)
(0.372 -0.013125 0.03148333333)
(0.376 -0.013125 0.03148333333)
(0.38 -0.013125 0.03148333333)
(0.384 -0.013125 0.03148333333)
(0.388 -0.013125 0.03148333333)
(0.392 -0.013125 0.03148333333)
(0.396 -0.013125 0.03148333333)
(0.4 -0.013125 0.03148333333)
(0.324 -0.00875 0.03148333333)
(0.328 -0.00875 0.03148333333)
(0.332 -0.00875 0.03148333333)
(0.336 -0.00875 0.03148333333)
(0.34 -0.00875 0.03148333333)
(0.344 -0.00875 0.03148333333)
(0.348 -0.00875 0.03148333333)
(0.352 -0.00875 0.03148333333)
(0.356 -0.00875 0.03148333333)
(0.36 -0.00875 0.03148333333)
(0.364 -0.00875 0.03148333333)
(0.368 -0.00875 0.03148333333)
(0.372 -0.00875 0.03148333333)
(0.376 -0.00875 0.03148333333)
(0.38 -0.00875 0.03148333333)
(0.384 -0.00875 0.03148333333)
(0.388 -0.00875 0.03148333333)
(0.392 -0.00875 0.03148333333)
(0.396 -0.00875 0.03148333333)
(0.4 -0.00875 0.03148333333)
(0.324 -0.004375 0.03148333333)
(0.328 -0.004375 0.03148333333)
(0.332 -0.004375 0.03148333333)
(0.336 -0.004375 0.03148333333)
(0.34 -0.004375 0.03148333333)
(0.344 -0.004375 0.03148333333)
(0.348 -0.004375 0.03148333333)
(0.352 -0.004375 0.03148333333)
(0.356 -0.004375 0.03148333333)
(0.36 -0.004375 0.03148333333)
(0.364 -0.004375 0.03148333333)
(0.324 0 0.03148333333)
(0.328 0 0.03148333333)
(0.332 1.156482317e-18 0.03148333333)
(0.336 0 0.03148333333)
(0.34 0 0.03148333333)
(0.344 0 0.03148333333)
(0.348 1.156482317e-18 0.03148333333)
(0.352 0 0.03148333333)
(0.356 1.156482317e-18 0.03148333333)
(0.324 0.004375 0.03148333333)
(0.328 0.004375 0.03148333333)
(0.332 0.004375 0.03148333333)
(0.336 0.004375 0.03148333333)
(0.34 0.004375 0.03148333333)
(0.324 0.00875 0.03148333333)
(0.328 0.00875 0.03148333333)
(0.332 0.00875 0.03148333333)
(0.324 -0.07 0.034725)
(0.328 -0.07 0.034725)
(0.332 -0.07 0.034725)
(0.336 -0.07 0.034725)
(0.34 -0.07 0.034725)
(0.344 -0.07 0.034725)
(0.348 -0.07 0.034725)
(0.352 -0.07 0.034725)
(0.356 -0.07 0.034725)
(0.36 -0.07 0.034725)
(0.364 -0.07 0.034725)
(0.368 -0.07 0.034725)
(0.372 -0.07 0.034725)
(0.376 -0.07 0.034725)
(0.38 -0.07 0.034725)
(0.384 -0.07 0.034725)
(0.388 -0.07 0.034725)
(0.392 -0.07 0.034725)
(0.396 -0.07 0.034725)
(0.4 -0.07 0.034725)
(0.324 -0.065625 0.034725)
(0.328 -0.065625 0.034725)
(0.332 -0.065625 0.034725)
(0.336 -0.065625 0.034725)
(0.34 -0.065625 0.034725)
(0.344 -0.065625 0.034725)
(0.348 -0.065625 0.034725)
(0.352 -0.065625 0.034725)
(0.356 -0.065625 0.034725)
(0.36 -0.065625 0.034725)
(0.364 -0.065625 0.034725)
(0.368 -0.065625 0.034725)
(0.372 -0.065625 0.034725)
(0.376 -0.065625 0.034725)
(0.38 -0.065625 0.034725)
(0.384 -0.065625 0.034725)
(0.388 -0.065625 0.034725)
(0.392 -0.065625 0.034725)
(0.396 -0.065625 0.034725)
(0.4 -0.065625 0.034725)
(0.324 -0.06125 0.034725)
(0.328 -0.06125 0.034725)
(0.332 -0.06125 0.034725)
(0.336 -0.06125 0.034725)
(0.34 -0.06125 0.034725)
(0.344 -0.06125 0.034725)
(0.348 -0.06125 0.034725)
(0.352 -0.06125 0.034725)
(0.356 -0.06125 0.034725)
(0.36 -0.06125 0.034725)
(0.364 -0.06125 0.034725)
(0.368 -0.06125 0.034725)
(0.372 -0.06125 0.034725)
(0.376 -0.06125 0.034725)
(0.38 -0.06125 0.034725)
(0.384 -0.06125 0.034725)
(0.388 -0.06125 0.034725)
(0.392 -0.06125 0.034725)
(0.396 -0.06125 0.034725)
(0.4 -0.06125 0.034725)
(0.324 -0.056875 0.034725)
(0.328 -0.056875 0.034725)
(0.332 -0.056875 0.034725)
(0.336 -0.056875 0.034725)
(0.34 -0.056875 0.034725)
(0.344 -0.056875 0.034725)
(0.348 -0.056875 0.034725)
(0.352 -0.056875 0.034725)
(0.356 -0.056875 0.034725)
(0.36 -0.056875 0.034725)
(0.364 -0.056875 0.034725)
(0.368 -0.056875 0.034725)
(0.372 -0.056875 0.034725)
(0.376 -0.056875 0.034725)
(0.38 -0.056875 0.034725)
(0.384 -0.056875 0.034725)
(0.388 -0.056875 0.034725)
(0.392 -0.056875 0.034725)
(0.396 -0.056875 0.034725)
(0.4 -0.056875 0.034725)
(0.324 -0.0525 0.034725)
(0.328 -0.0525 0.034725)
(0.332 -0.0525 0.034725)
(0.336 -0.0525 0.034725)
(0.34 -0.0525 0.034725)
(0.344 -0.0525 0.034725)
(0.348 -0.0525 0.034725)
(0.352 -0.0525 0.034725)
(0.356 -0.0525 0.034725)
(0.36 -0.0525 0.034725)
(0.364 -0.0525 0.034725)
(0.368 -0.0525 0.034725)
(0.372 -0.0525 0.034725)
(0.376 -0.0525 0.034725)
(0.38 -0.0525 0.034725)
(0.384 -0.0525 0.034725)
(0.388 -0.0525 0.034725)
(0.392 -0.0525 0.034725)
(0.396 -0.0525 0.034725)
(0.4 -0.0525 0.034725)
(0.324 -0.048125 0.034725)
(0.328 -0.048125 0.034725)
(0.332 -0.048125 0.034725)
(0.336 -0.048125 0.034725)
(0.34 -0.048125 0.034725)
(0.344 -0.048125 0.034725)
(0.348 -0.048125 0.034725)
(0.352 -0.048125 0.034725)
(0.356 -0.048125 0.034725)
(0.36 -0.048125 0.034725)
(0.364 -0.048125 0.034725)
(0.368 -0.048125 0.034725)
(0.372 -0.048125 0.034725)
(0.376 -0.048125 0.034725)
(0.38 -0.048125 0.034725)
(0.384 -0.048125 0.034725)
(0.388 -0.048125 0.034725)
(0.392 -0.048125 0.034725)
(0.396 -0.048125 0.034725)
(0.4 -0.048125 0.034725)
(0.324 -0.04375 0.034725)
(0.328 -0.04375 0.034725)
(0.332 -0.04375 0.034725)
(0.336 -0.04375 0.034725)
(0.34 -0.04375 0.034725)
(0.344 -0.04375 0.034725)
(0.348 -0.04375 0.034725)
(0.352 -0.04375 0.034725)
(0.356 -0.04375 0.034725)
(0.36 -0.04375 0.034725)
(0.364 -0.04375 0.034725)
(0.368 -0.04375 0.034725)
(0.372 -0.04375 0.034725)
(0.376 -0.04375 0.034725)
(0.38 -0.04375 0.034725)
(0.384 -0.04375 0.034725)
(0.388 -0.04375 0.034725)
(0.392 -0.04375 0.034725)
(0.396 -0.04375 0.034725)
(0.4 -0.04375 0.034725)
(0.324 -0.039375 0.034725)
(0.328 -0.039375 0.034725)
(0.332 -0.039375 0.034725)
(0.336 -0.039375 0.034725)
(0.34 -0.039375 0.034725)
(0.344 -0.039375 0.034725)
(0.348 -0.039375 0.034725)
(0.352 -0.039375 0.034725)
(0.356 -0.039375 0.034725)
(0.36 -0.039375 0.034725)
(0.364 -0.039375 0.034725)
(0.368 -0.039375 0.034725)
(0.372 -0.039375 0.034725)
(0.376 -0.039375 0.034725)
(0.38 -0.039375 0.034725)
(0.384 -0.039375 0.034725)
(0.388 -0.039375 0.034725)
(0.392 -0.039375 0.034725)
(0.396 -0.039375 0.034725)
(0.4 -0.039375 0.034725)
(0.324 -0.035 0.034725)
(0.328 -0.035 0.034725)
(0.332 -0.035 0.034725)
(0.336 -0.035 0.034725)
(0.34 -0.035 0.034725)
(0.344 -0.035 0.034725)
(0.348 -0.035 0.034725)
(0.352 -0.035 0.034725)
(0.356 -0.035 0.034725)
(0.36 -0.035 0.034725)
(0.364 -0.035 0.034725)
(0.368 -0.035 0.034725)
(0.372 -0.035 0.034725)
(0.376 -0.035 0.034725)
(0.38 -0.035 0.034725)
(0.384 -0.035 0.034725)
(0.388 -0.035 0.034725)
(0.392 -0.035 0.034725)
(0.396 -0.035 0.034725)
(0.4 -0.035 0.034725)
(0.324 -0.030625 0.034725)
(0.328 -0.030625 0.034725)
(0.332 -0.030625 0.034725)
(0.336 -0.030625 0.034725)
(0.34 -0.030625 0.034725)
(0.344 -0.030625 0.034725)
(0.348 -0.030625 0.034725)
(0.352 -0.030625 0.034725)
(0.356 -0.030625 0.034725)
(0.36 -0.030625 0.034725)
(0.364 -0.030625 0.034725)
(0.368 -0.030625 0.034725)
(0.372 -0.030625 0.034725)
(0.376 -0.030625 0.034725)
(0.38 -0.030625 0.034725)
(0.384 -0.030625 0.034725)
(0.388 -0.030625 0.034725)
(0.392 -0.030625 0.034725)
(0.396 -0.030625 0.034725)
(0.4 -0.030625 0.034725)
(0.324 -0.02625 0.034725)
(0.328 -0.02625 0.034725)
(0.332 -0.02625 0.034725)
(0.336 -0.02625 0.034725)
(0.34 -0.02625 0.034725)
(0.344 -0.02625 0.034725)
(0.348 -0.02625 0.034725)
(0.352 -0.02625 0.034725)
(0.356 -0.02625 0.034725)
(0.36 -0.02625 0.034725)
(0.364 -0.02625 0.034725)
(0.368 -0.02625 0.034725)
(0.372 -0.02625 0.034725)
(0.376 -0.02625 0.034725)
(0.38 -0.02625 0.034725)
(0.384 -0.02625 0.034725)
(0.388 -0.02625 0.034725)
(0.392 -0.02625 0.034725)
(0.396 -0.02625 0.034725)
(0.4 -0.02625 0.034725)
(0.324 -0.021875 0.034725)
(0.328 -0.021875 0.034725)
(0.332 -0.021875 0.034725)
(0.336 -0.021875 0.034725)
(0.34 -0.021875 0.034725)
(0.344 -0.021875 0.034725)
(0.348 -0.021875 0.034725)
(0.352 -0.021875 0.034725)
(0.356 -0.021875 0.034725)
(0.36 -0.021875 0.034725)
(0.364 -0.021875 0.034725)
(0.368 -0.021875 0.034725)
(0.372 -0.021875 0.034725)
(0.376 -0.021875 0.034725)
(0.38 -0.021875 0.034725)
(0.384 -0.021875 0.034725)
(0.388 -0.021875 0.034725)
(0.392 -0.021875 0.034725)
(0.396 -0.021875 0.034725)
(0.4 -0.021875 0.034725)
(0.324 -0.0175 0.034725)
(0.328 -0.0175 0.034725)
(0.332 -0.0175 0.034725)
(0.336 -0.0175 0.034725)
(0.34 -0.0175 0.034725)
(0.344 -0.0175 0.034725)
(0.348 -0.0175 0.034725)
(0.352 -0.0175 0.034725)
(0.356 -0.0175 0.034725)
(0.36 -0.0175 0.034725)
(0.364 -0.0175 0.034725)
(0.368 -0.0175 0.034725)
(0.372 -0.0175 0.034725)
(0.376 -0.0175 0.034725)
(0.38 -0.0175 0.034725)
(0.384 -0.0175 0.034725)
(0.388 -0.0175 0.034725)
(0.392 -0.0175 0.034725)
(0.396 -0.0175 0.034725)
(0.4 -0.0175 0.034725)
(0.324 -0.013125 0.034725)
(0.328 -0.013125 0.034725)
(0.332 -0.013125 0.034725)
(0.336 -0.013125 0.034725)
(0.34 -0.013125 0.034725)
(0.344 -0.013125 0.034725)
(0.348 -0.013125 0.034725)
(0.352 -0.013125 0.034725)
(0.356 -0.013125 0.034725)
(0.36 -0.013125 0.034725)
(0.364 -0.013125 0.034725)
(0.368 -0.013125 0.034725)
(0.372 -0.013125 0.034725)
(0.376 -0.013125 0.034725)
(0.38 -0.013125 0.034725)
(0.384 -0.013125 0.034725)
(0.388 -0.013125 0.034725)
(0.392 -0.013125 0.034725)
(0.396 -0.013125 0.034725)
(0.4 -0.013125 0.034725)
(0.324 -0.00875 0.034725)
(0.328 -0.00875 0.034725)
(0.332 -0.00875 0.034725)
(0.336 -0.00875 0.034725)
(0.34 -0.00875 0.034725)
(0.344 -0.00875 0.034725)
(0.348 -0.00875 0.034725)
(0.352 -0.00875 0.034725)
(0.356 -0.00875 0.034725)
(0.36 -0.00875 0.034725)
(0.364 -0.00875 0.034725)
(0.368 -0.00875 0.034725)
(0.372 -0.00875 0.034725)
(0.376 -0.00875 0.034725)
(0.38 -0.00875 0.034725)
(0.384 -0.00875 0.034725)
(0.388 -0.00875 0.034725)
(0.392 -0.00875 0.034725)
(0.396 -0.00875 0.034725)
(0.4 -0.00875 0.034725)
(0.324 -0.004375 0.034725)
(0.328 -0.004375 0.034725)
(0.332 -0.004375 0.034725)
(0.336 -0.004375 0.034725)
(0.34 -0.004375 0.034725)
(0.344 -0.004375 0.034725)
(0.348 -0.004375 0.034725)
(0.352 -0.004375 0.034725)
(0.356 -0.004375 0.034725)
(0.36 -0.004375 0.034725)
(0.364 -0.004375 0.034725)
(0.324 0 0.034725)
(0.328 0 0.034725)
(0.332 0 0.034725)
(0.336 0 0.034725)
(0.34 0 0.034725)
(0.344 0 0.034725)
(0.348 0 0.034725)
(0.352 0 0.034725)
(0.356 1.156482317e-18 0.034725)
(0.324 0.004375 0.034725)
(0.328 0.004375 0.034725)
(0.332 0.004375 0.034725)
(0.336 0.004375 0.034725)
(0.34 0.004375 0.034725)
(0.324 0.00875 0.034725)
(0.328 0.00875 0.034725)
(0.332 0.00875 0.034725)
(0.324 -0.07 0.03796666667)
(0.328 -0.07 0.03796666667)
(0.332 -0.07 0.03796666667)
(0.336 -0.07 0.03796666667)
(0.34 -0.07 0.03796666667)
(0.344 -0.07 0.03796666667)
(0.348 -0.07 0.03796666667)
(0.352 -0.07 0.03796666667)
(0.356 -0.07 0.03796666667)
(0.36 -0.07 0.03796666667)
(0.364 -0.07 0.03796666667)
(0.368 -0.07 0.03796666667)
(0.372 -0.07 0.03796666667)
(0.376 -0.07 0.03796666667)
(0.38 -0.07 0.03796666667)
(0.384 -0.07 0.03796666667)
(0.388 -0.07 0.03796666667)
(0.392 -0.07 0.03796666667)
(0.396 -0.07 0.03796666667)
(0.4 -0.07 0.03796666667)
(0.324 -0.065625 0.03796666667)
(0.328 -0.065625 0.03796666667)
(0.332 -0.065625 0.03796666667)
(0.336 -0.065625 0.03796666667)
(0.34 -0.065625 0.03796666667)
(0.344 -0.065625 0.03796666667)
(0.348 -0.065625 0.03796666667)
(0.352 -0.065625 0.03796666667)
(0.356 -0.065625 0.03796666667)
(0.36 -0.065625 0.03796666667)
(0.364 -0.065625 0.03796666667)
(0.368 -0.065625 0.03796666667)
(0.372 -0.065625 0.03796666667)
(0.376 -0.065625 0.03796666667)
(0.38 -0.065625 0.03796666667)
(0.384 -0.065625 0.03796666667)
(0.388 -0.065625 0.03796666667)
(0.392 -0.065625 0.03796666667)
(0.396 -0.065625 0.03796666667)
(0.4 -0.065625 0.03796666667)
(0.324 -0.06125 0.03796666667)
(0.328 -0.06125 0.03796666667)
(0.332 -0.06125 0.03796666667)
(0.336 -0.06125 0.03796666667)
(0.34 -0.06125 0.03796666667)
(0.344 -0.06125 0.03796666667)
(0.348 -0.06125 0.03796666667)
(0.352 -0.06125 0.03796666667)
(0.356 -0.06125 0.03796666667)
(0.36 -0.06125 0.03796666667)
(0.364 -0.06125 0.03796666667)
(0.368 -0.06125 0.03796666667)
(0.372 -0.06125 0.03796666667)
(0.376 -0.06125 0.03796666667)
(0.38 -0.06125 0.03796666667)
(0.384 -0.06125 0.03796666667)
(0.388 -0.06125 0.03796666667)
(0.392 -0.06125 0.03796666667)
(0.396 -0.06125 0.03796666667)
(0.4 -0.06125 0.03796666667)
(0.324 -0.056875 0.03796666667)
(0.328 -0.056875 0.03796666667)
(0.332 -0.056875 0.03796666667)
(0.336 -0.056875 0.03796666667)
(0.34 -0.056875 0.03796666667)
(0.344 -0.056875 0.03796666667)
(0.348 -0.056875 0.03796666667)
(0.352 -0.056875 0.03796666667)
(0.356 -0.056875 0.03796666667)
(0.36 -0.056875 0.03796666667)
(0.364 -0.056875 0.03796666667)
(0.368 -0.056875 0.03796666667)
(0.372 -0.056875 0.03796666667)
(0.376 -0.056875 0.03796666667)
(0.38 -0.056875 0.03796666667)
(0.384 -0.056875 0.03796666667)
(0.388 -0.056875 0.03796666667)
(0.392 -0.056875 0.03796666667)
(0.396 -0.056875 0.03796666667)
(0.4 -0.056875 0.03796666667)
(0.324 -0.0525 0.03796666667)
(0.328 -0.0525 0.03796666667)
(0.332 -0.0525 0.03796666667)
(0.336 -0.0525 0.03796666667)
(0.34 -0.0525 0.03796666667)
(0.344 -0.0525 0.03796666667)
(0.348 -0.0525 0.03796666667)
(0.352 -0.0525 0.03796666667)
(0.356 -0.0525 0.03796666667)
(0.36 -0.0525 0.03796666667)
(0.364 -0.0525 0.03796666667)
(0.368 -0.0525 0.03796666667)
(0.372 -0.0525 0.03796666667)
(0.376 -0.0525 0.03796666667)
(0.38 -0.0525 0.03796666667)
(0.384 -0.0525 0.03796666667)
(0.388 -0.0525 0.03796666667)
(0.392 -0.0525 0.03796666667)
(0.396 -0.0525 0.03796666667)
(0.4 -0.0525 0.03796666667)
(0.324 -0.048125 0.03796666667)
(0.328 -0.048125 0.03796666667)
(0.332 -0.048125 0.03796666667)
(0.336 -0.048125 0.03796666667)
(0.34 -0.048125 0.03796666667)
(0.344 -0.048125 0.03796666667)
(0.348 -0.048125 0.03796666667)
(0.352 -0.048125 0.03796666667)
(0.356 -0.048125 0.03796666667)
(0.36 -0.048125 0.03796666667)
(0.364 -0.048125 0.03796666667)
(0.368 -0.048125 0.03796666667)
(0.372 -0.048125 0.03796666667)
(0.376 -0.048125 0.03796666667)
(0.38 -0.048125 0.03796666667)
(0.384 -0.048125 0.03796666667)
(0.388 -0.048125 0.03796666667)
(0.392 -0.048125 0.03796666667)
(0.396 -0.048125 0.03796666667)
(0.4 -0.048125 0.03796666667)
(0.324 -0.04375 0.03796666667)
(0.328 -0.04375 0.03796666667)
(0.332 -0.04375 0.03796666667)
(0.336 -0.04375 0.03796666667)
(0.34 -0.04375 0.03796666667)
(0.344 -0.04375 0.03796666667)
(0.348 -0.04375 0.03796666667)
(0.352 -0.04375 0.03796666667)
(0.356 -0.04375 0.03796666667)
(0.36 -0.04375 0.03796666667)
(0.364 -0.04375 0.03796666667)
(0.368 -0.04375 0.03796666667)
(0.372 -0.04375 0.03796666667)
(0.376 -0.04375 0.03796666667)
(0.38 -0.04375 0.03796666667)
(0.384 -0.04375 0.03796666667)
(0.388 -0.04375 0.03796666667)
(0.392 -0.04375 0.03796666667)
(0.396 -0.04375 0.03796666667)
(0.4 -0.04375 0.03796666667)
(0.324 -0.039375 0.03796666667)
(0.328 -0.039375 0.03796666667)
(0.332 -0.039375 0.03796666667)
(0.336 -0.039375 0.03796666667)
(0.34 -0.039375 0.03796666667)
(0.344 -0.039375 0.03796666667)
(0.348 -0.039375 0.03796666667)
(0.352 -0.039375 0.03796666667)
(0.356 -0.039375 0.03796666667)
(0.36 -0.039375 0.03796666667)
(0.364 -0.039375 0.03796666667)
(0.368 -0.039375 0.03796666667)
(0.372 -0.039375 0.03796666667)
(0.376 -0.039375 0.03796666667)
(0.38 -0.039375 0.03796666667)
(0.384 -0.039375 0.03796666667)
(0.388 -0.039375 0.03796666667)
(0.392 -0.039375 0.03796666667)
(0.396 -0.039375 0.03796666667)
(0.4 -0.039375 0.03796666667)
(0.324 -0.035 0.03796666667)
(0.328 -0.035 0.03796666667)
(0.332 -0.035 0.03796666667)
(0.336 -0.035 0.03796666667)
(0.34 -0.035 0.03796666667)
(0.344 -0.035 0.03796666667)
(0.348 -0.035 0.03796666667)
(0.352 -0.035 0.03796666667)
(0.356 -0.035 0.03796666667)
(0.36 -0.035 0.03796666667)
(0.364 -0.035 0.03796666667)
(0.368 -0.035 0.03796666667)
(0.372 -0.035 0.03796666667)
(0.376 -0.035 0.03796666667)
(0.38 -0.035 0.03796666667)
(0.384 -0.035 0.03796666667)
(0.388 -0.035 0.03796666667)
(0.392 -0.035 0.03796666667)
(0.396 -0.035 0.03796666667)
(0.4 -0.035 0.03796666667)
(0.324 -0.030625 0.03796666667)
(0.328 -0.030625 0.03796666667)
(0.332 -0.030625 0.03796666667)
(0.336 -0.030625 0.03796666667)
(0.34 -0.030625 0.03796666667)
(0.344 -0.030625 0.03796666667)
(0.348 -0.030625 0.03796666667)
(0.352 -0.030625 0.03796666667)
(0.356 -0.030625 0.03796666667)
(0.36 -0.030625 0.03796666667)
(0.364 -0.030625 0.03796666667)
(0.368 -0.030625 0.03796666667)
(0.372 -0.030625 0.03796666667)
(0.376 -0.030625 0.03796666667)
(0.38 -0.030625 0.03796666667)
(0.384 -0.030625 0.03796666667)
(0.388 -0.030625 0.03796666667)
(0.392 -0.030625 0.03796666667)
(0.396 -0.030625 0.03796666667)
(0.4 -0.030625 0.03796666667)
(0.324 -0.02625 0.03796666667)
(0.328 -0.02625 0.03796666667)
(0.332 -0.02625 0.03796666667)
(0.336 -0.02625 0.03796666667)
(0.34 -0.02625 0.03796666667)
(0.344 -0.02625 0.03796666667)
(0.348 -0.02625 0.03796666667)
(0.352 -0.02625 0.03796666667)
(0.356 -0.02625 0.03796666667)
(0.36 -0.02625 0.03796666667)
(0.364 -0.02625 0.03796666667)
(0.368 -0.02625 0.03796666667)
(0.372 -0.02625 0.03796666667)
(0.376 -0.02625 0.03796666667)
(0.38 -0.02625 0.03796666667)
(0.384 -0.02625 0.03796666667)
(0.388 -0.02625 0.03796666667)
(0.392 -0.02625 0.03796666667)
(0.396 -0.02625 0.03796666667)
(0.4 -0.02625 0.03796666667)
(0.324 -0.021875 0.03796666667)
(0.328 -0.021875 0.03796666667)
(0.332 -0.021875 0.03796666667)
(0.336 -0.021875 0.03796666667)
(0.34 -0.021875 0.03796666667)
(0.344 -0.021875 0.03796666667)
(0.348 -0.021875 0.03796666667)
(0.352 -0.021875 0.03796666667)
(0.356 -0.021875 0.03796666667)
(0.36 -0.021875 0.03796666667)
(0.364 -0.021875 0.03796666667)
(0.368 -0.021875 0.03796666667)
(0.372 -0.021875 0.03796666667)
(0.376 -0.021875 0.03796666667)
(0.38 -0.021875 0.03796666667)
(0.384 -0.021875 0.03796666667)
(0.388 -0.021875 0.03796666667)
(0.392 -0.021875 0.03796666667)
(0.396 -0.021875 0.03796666667)
(0.4 -0.021875 0.03796666667)
(0.324 -0.0175 0.03796666667)
(0.328 -0.0175 0.03796666667)
(0.332 -0.0175 0.03796666667)
(0.336 -0.0175 0.03796666667)
(0.34 -0.0175 0.03796666667)
(0.344 -0.0175 0.03796666667)
(0.348 -0.0175 0.03796666667)
(0.352 -0.0175 0.03796666667)
(0.356 -0.0175 0.03796666667)
(0.36 -0.0175 0.03796666667)
(0.364 -0.0175 0.03796666667)
(0.368 -0.0175 0.03796666667)
(0.372 -0.0175 0.03796666667)
(0.376 -0.0175 0.03796666667)
(0.38 -0.0175 0.03796666667)
(0.384 -0.0175 0.03796666667)
(0.388 -0.0175 0.03796666667)
(0.392 -0.0175 0.03796666667)
(0.396 -0.0175 0.03796666667)
(0.4 -0.0175 0.03796666667)
(0.324 -0.013125 0.03796666667)
(0.328 -0.013125 0.03796666667)
(0.332 -0.013125 0.03796666667)
(0.336 -0.013125 0.03796666667)
(0.34 -0.013125 0.03796666667)
(0.344 -0.013125 0.03796666667)
(0.348 -0.013125 0.03796666667)
(0.352 -0.013125 0.03796666667)
(0.356 -0.013125 0.03796666667)
(0.36 -0.013125 0.03796666667)
(0.364 -0.013125 0.03796666667)
(0.368 -0.013125 0.03796666667)
(0.372 -0.013125 0.03796666667)
(0.376 -0.013125 0.03796666667)
(0.38 -0.013125 0.03796666667)
(0.384 -0.013125 0.03796666667)
(0.388 -0.013125 0.03796666667)
(0.392 -0.013125 0.03796666667)
(0.396 -0.013125 0.03796666667)
(0.4 -0.013125 0.03796666667)
(0.324 -0.00875 0.03796666667)
(0.328 -0.00875 0.03796666667)
(0.332 -0.00875 0.03796666667)
(0.336 -0.00875 0.03796666667)
(0.34 -0.00875 0.03796666667)
(0.344 -0.00875 0.03796666667)
(0.348 -0.00875 0.03796666667)
(0.352 -0.00875 0.03796666667)
(0.356 -0.00875 0.03796666667)
(0.36 -0.00875 0.03796666667)
(0.364 -0.00875 0.03796666667)
(0.368 -0.00875 0.03796666667)
(0.372 -0.00875 0.03796666667)
(0.376 -0.00875 0.03796666667)
(0.38 -0.00875 0.03796666667)
(0.384 -0.00875 0.03796666667)
(0.388 -0.00875 0.03796666667)
(0.392 -0.00875 0.03796666667)
(0.396 -0.00875 0.03796666667)
(0.4 -0.00875 0.03796666667)
(0.324 -0.004375 0.03796666667)
(0.328 -0.004375 0.03796666667)
(0.332 -0.004375 0.03796666667)
(0.336 -0.004375 0.03796666667)
(0.34 -0.004375 0.03796666667)
(0.344 -0.004375 0.03796666667)
(0.348 -0.004375 0.03796666667)
(0.352 -0.004375 0.03796666667)
(0.356 -0.004375 0.03796666667)
(0.36 -0.004375 0.03796666667)
(0.364 -0.004375 0.03796666667)
(0.324 0 0.03796666667)
(0.328 0 0.03796666667)
(0.332 1.156482317e-18 0.03796666667)
(0.336 0 0.03796666667)
(0.34 0 0.03796666667)
(0.344 0 0.03796666667)
(0.348 0 0.03796666667)
(0.352 0 0.03796666667)
(0.356 1.156482317e-18 0.03796666667)
(0.324 0.004375 0.03796666667)
(0.328 0.004375 0.03796666667)
(0.332 0.004375 0.03796666667)
(0.336 0.004375 0.03796666667)
(0.34 0.004375 0.03796666667)
(0.324 0.00875 0.03796666667)
(0.328 0.00875 0.03796666667)
(0.332 0.00875 0.03796666667)
(0.324 -0.07 0.04120833333)
(0.328 -0.07 0.04120833333)
(0.332 -0.07 0.04120833333)
(0.336 -0.07 0.04120833333)
(0.34 -0.07 0.04120833333)
(0.344 -0.07 0.04120833333)
(0.348 -0.07 0.04120833333)
(0.352 -0.07 0.04120833333)
(0.356 -0.07 0.04120833333)
(0.36 -0.07 0.04120833333)
(0.364 -0.07 0.04120833333)
(0.368 -0.07 0.04120833333)
(0.372 -0.07 0.04120833333)
(0.376 -0.07 0.04120833333)
(0.38 -0.07 0.04120833333)
(0.384 -0.07 0.04120833333)
(0.388 -0.07 0.04120833333)
(0.392 -0.07 0.04120833333)
(0.396 -0.07 0.04120833333)
(0.4 -0.07 0.04120833333)
(0.324 -0.065625 0.04120833333)
(0.328 -0.065625 0.04120833333)
(0.332 -0.065625 0.04120833333)
(0.336 -0.065625 0.04120833333)
(0.34 -0.065625 0.04120833333)
(0.344 -0.065625 0.04120833333)
(0.348 -0.065625 0.04120833333)
(0.352 -0.065625 0.04120833333)
(0.356 -0.065625 0.04120833333)
(0.36 -0.065625 0.04120833333)
(0.364 -0.065625 0.04120833333)
(0.368 -0.065625 0.04120833333)
(0.372 -0.065625 0.04120833333)
(0.376 -0.065625 0.04120833333)
(0.38 -0.065625 0.04120833333)
(0.384 -0.065625 0.04120833333)
(0.388 -0.065625 0.04120833333)
(0.392 -0.065625 0.04120833333)
(0.396 -0.065625 0.04120833333)
(0.4 -0.065625 0.04120833333)
(0.324 -0.06125 0.04120833333)
(0.328 -0.06125 0.04120833333)
(0.332 -0.06125 0.04120833333)
(0.336 -0.06125 0.04120833333)
(0.34 -0.06125 0.04120833333)
(0.344 -0.06125 0.04120833333)
(0.348 -0.06125 0.04120833333)
(0.352 -0.06125 0.04120833333)
(0.356 -0.06125 0.04120833333)
(0.36 -0.06125 0.04120833333)
(0.364 -0.06125 0.04120833333)
(0.368 -0.06125 0.04120833333)
(0.372 -0.06125 0.04120833333)
(0.376 -0.06125 0.04120833333)
(0.38 -0.06125 0.04120833333)
(0.384 -0.06125 0.04120833333)
(0.388 -0.06125 0.04120833333)
(0.392 -0.06125 0.04120833333)
(0.396 -0.06125 0.04120833333)
(0.4 -0.06125 0.04120833333)
(0.324 -0.056875 0.04120833333)
(0.328 -0.056875 0.04120833333)
(0.332 -0.056875 0.04120833333)
(0.336 -0.056875 0.04120833333)
(0.34 -0.056875 0.04120833333)
(0.344 -0.056875 0.04120833333)
(0.348 -0.056875 0.04120833333)
(0.352 -0.056875 0.04120833333)
(0.356 -0.056875 0.04120833333)
(0.36 -0.056875 0.04120833333)
(0.364 -0.056875 0.04120833333)
(0.368 -0.056875 0.04120833333)
(0.372 -0.056875 0.04120833333)
(0.376 -0.056875 0.04120833333)
(0.38 -0.056875 0.04120833333)
(0.384 -0.056875 0.04120833333)
(0.388 -0.056875 0.04120833333)
(0.392 -0.056875 0.04120833333)
(0.396 -0.056875 0.04120833333)
(0.4 -0.056875 0.04120833333)
(0.324 -0.0525 0.04120833333)
(0.328 -0.0525 0.04120833333)
(0.332 -0.0525 0.04120833333)
(0.336 -0.0525 0.04120833333)
(0.34 -0.0525 0.04120833333)
(0.344 -0.0525 0.04120833333)
(0.348 -0.0525 0.04120833333)
(0.352 -0.0525 0.04120833333)
(0.356 -0.0525 0.04120833333)
(0.36 -0.0525 0.04120833333)
(0.364 -0.0525 0.04120833333)
(0.368 -0.0525 0.04120833333)
(0.372 -0.0525 0.04120833333)
(0.376 -0.0525 0.04120833333)
(0.38 -0.0525 0.04120833333)
(0.384 -0.0525 0.04120833333)
(0.388 -0.0525 0.04120833333)
(0.392 -0.0525 0.04120833333)
(0.396 -0.0525 0.04120833333)
(0.4 -0.0525 0.04120833333)
(0.324 -0.048125 0.04120833333)
(0.328 -0.048125 0.04120833333)
(0.332 -0.048125 0.04120833333)
(0.336 -0.048125 0.04120833333)
(0.34 -0.048125 0.04120833333)
(0.344 -0.048125 0.04120833333)
(0.348 -0.048125 0.04120833333)
(0.352 -0.048125 0.04120833333)
(0.356 -0.048125 0.04120833333)
(0.36 -0.048125 0.04120833333)
(0.364 -0.048125 0.04120833333)
(0.368 -0.048125 0.04120833333)
(0.372 -0.048125 0.04120833333)
(0.376 -0.048125 0.04120833333)
(0.38 -0.048125 0.04120833333)
(0.384 -0.048125 0.04120833333)
(0.388 -0.048125 0.04120833333)
(0.392 -0.048125 0.04120833333)
(0.396 -0.048125 0.04120833333)
(0.4 -0.048125 0.04120833333)
(0.324 -0.04375 0.04120833333)
(0.328 -0.04375 0.04120833333)
(0.332 -0.04375 0.04120833333)
(0.336 -0.04375 0.04120833333)
(0.34 -0.04375 0.04120833333)
(0.344 -0.04375 0.04120833333)
(0.348 -0.04375 0.04120833333)
(0.352 -0.04375 0.04120833333)
(0.356 -0.04375 0.04120833333)
(0.36 -0.04375 0.04120833333)
(0.364 -0.04375 0.04120833333)
(0.368 -0.04375 0.04120833333)
(0.372 -0.04375 0.04120833333)
(0.376 -0.04375 0.04120833333)
(0.38 -0.04375 0.04120833333)
(0.384 -0.04375 0.04120833333)
(0.388 -0.04375 0.04120833333)
(0.392 -0.04375 0.04120833333)
(0.396 -0.04375 0.04120833333)
(0.4 -0.04375 0.04120833333)
(0.324 -0.039375 0.04120833333)
(0.328 -0.039375 0.04120833333)
(0.332 -0.039375 0.04120833333)
(0.336 -0.039375 0.04120833333)
(0.34 -0.039375 0.04120833333)
(0.344 -0.039375 0.04120833333)
(0.348 -0.039375 0.04120833333)
(0.352 -0.039375 0.04120833333)
(0.356 -0.039375 0.04120833333)
(0.36 -0.039375 0.04120833333)
(0.364 -0.039375 0.04120833333)
(0.368 -0.039375 0.04120833333)
(0.372 -0.039375 0.04120833333)
(0.376 -0.039375 0.04120833333)
(0.38 -0.039375 0.04120833333)
(0.384 -0.039375 0.04120833333)
(0.388 -0.039375 0.04120833333)
(0.392 -0.039375 0.04120833333)
(0.396 -0.039375 0.04120833333)
(0.4 -0.039375 0.04120833333)
(0.324 -0.035 0.04120833333)
(0.328 -0.035 0.04120833333)
(0.332 -0.035 0.04120833333)
(0.336 -0.035 0.04120833333)
(0.34 -0.035 0.04120833333)
(0.344 -0.035 0.04120833333)
(0.348 -0.035 0.04120833333)
(0.352 -0.035 0.04120833333)
(0.356 -0.035 0.04120833333)
(0.36 -0.035 0.04120833333)
(0.364 -0.035 0.04120833333)
(0.368 -0.035 0.04120833333)
(0.372 -0.035 0.04120833333)
(0.376 -0.035 0.04120833333)
(0.38 -0.035 0.04120833333)
(0.384 -0.035 0.04120833333)
(0.388 -0.035 0.04120833333)
(0.392 -0.035 0.04120833333)
(0.396 -0.035 0.04120833333)
(0.4 -0.035 0.04120833333)
(0.324 -0.030625 0.04120833333)
(0.328 -0.030625 0.04120833333)
(0.332 -0.030625 0.04120833333)
(0.336 -0.030625 0.04120833333)
(0.34 -0.030625 0.04120833333)
(0.344 -0.030625 0.04120833333)
(0.348 -0.030625 0.04120833333)
(0.352 -0.030625 0.04120833333)
(0.356 -0.030625 0.04120833333)
(0.36 -0.030625 0.04120833333)
(0.364 -0.030625 0.04120833333)
(0.368 -0.030625 0.04120833333)
(0.372 -0.030625 0.04120833333)
(0.376 -0.030625 0.04120833333)
(0.38 -0.030625 0.04120833333)
(0.384 -0.030625 0.04120833333)
(0.388 -0.030625 0.04120833333)
(0.392 -0.030625 0.04120833333)
(0.396 -0.030625 0.04120833333)
(0.4 -0.030625 0.04120833333)
(0.324 -0.02625 0.04120833333)
(0.328 -0.02625 0.04120833333)
(0.332 -0.02625 0.04120833333)
(0.336 -0.02625 0.04120833333)
(0.34 -0.02625 0.04120833333)
(0.344 -0.02625 0.04120833333)
(0.348 -0.02625 0.04120833333)
(0.352 -0.02625 0.04120833333)
(0.356 -0.02625 0.04120833333)
(0.36 -0.02625 0.04120833333)
(0.364 -0.02625 0.04120833333)
(0.368 -0.02625 0.04120833333)
(0.372 -0.02625 0.04120833333)
(0.376 -0.02625 0.04120833333)
(0.38 -0.02625 0.04120833333)
(0.384 -0.02625 0.04120833333)
(0.388 -0.02625 0.04120833333)
(0.392 -0.02625 0.04120833333)
(0.396 -0.02625 0.04120833333)
(0.4 -0.02625 0.04120833333)
(0.324 -0.021875 0.04120833333)
(0.328 -0.021875 0.04120833333)
(0.332 -0.021875 0.04120833333)
(0.336 -0.021875 0.04120833333)
(0.34 -0.021875 0.04120833333)
(0.344 -0.021875 0.04120833333)
(0.348 -0.021875 0.04120833333)
(0.352 -0.021875 0.04120833333)
(0.356 -0.021875 0.04120833333)
(0.36 -0.021875 0.04120833333)
(0.364 -0.021875 0.04120833333)
(0.368 -0.021875 0.04120833333)
(0.372 -0.021875 0.04120833333)
(0.376 -0.021875 0.04120833333)
(0.38 -0.021875 0.04120833333)
(0.384 -0.021875 0.04120833333)
(0.388 -0.021875 0.04120833333)
(0.392 -0.021875 0.04120833333)
(0.396 -0.021875 0.04120833333)
(0.4 -0.021875 0.04120833333)
(0.324 -0.0175 0.04120833333)
(0.328 -0.0175 0.04120833333)
(0.332 -0.0175 0.04120833333)
(0.336 -0.0175 0.04120833333)
(0.34 -0.0175 0.04120833333)
(0.344 -0.0175 0.04120833333)
(0.348 -0.0175 0.04120833333)
(0.352 -0.0175 0.04120833333)
(0.356 -0.0175 0.04120833333)
(0.36 -0.0175 0.04120833333)
(0.364 -0.0175 0.04120833333)
(0.368 -0.0175 0.04120833333)
(0.372 -0.0175 0.04120833333)
(0.376 -0.0175 0.04120833333)
(0.38 -0.0175 0.04120833333)
(0.384 -0.0175 0.04120833333)
(0.388 -0.0175 0.04120833333)
(0.392 -0.0175 0.04120833333)
(0.396 -0.0175 0.04120833333)
(0.4 -0.0175 0.04120833333)
(0.324 -0.013125 0.04120833333)
(0.328 -0.013125 0.04120833333)
(0.332 -0.013125 0.04120833333)
(0.336 -0.013125 0.04120833333)
(0.34 -0.013125 0.04120833333)
(0.344 -0.013125 0.04120833333)
(0.348 -0.013125 0.04120833333)
(0.352 -0.013125 0.04120833333)
(0.356 -0.013125 0.04120833333)
(0.36 -0.013125 0.04120833333)
(0.364 -0.013125 0.04120833333)
(0.368 -0.013125 0.04120833333)
(0.372 -0.013125 0.04120833333)
(0.376 -0.013125 0.04120833333)
(0.38 -0.013125 0.04120833333)
(0.384 -0.013125 0.04120833333)
(0.388 -0.013125 0.04120833333)
(0.392 -0.013125 0.04120833333)
(0.396 -0.013125 0.04120833333)
(0.4 -0.013125 0.04120833333)
(0.324 -0.00875 0.04120833333)
(0.328 -0.00875 0.04120833333)
(0.332 -0.00875 0.04120833333)
(0.336 -0.00875 0.04120833333)
(0.34 -0.00875 0.04120833333)
(0.344 -0.00875 0.04120833333)
(0.348 -0.00875 0.04120833333)
(0.352 -0.00875 0.04120833333)
(0.356 -0.00875 0.04120833333)
(0.36 -0.00875 0.04120833333)
(0.364 -0.00875 0.04120833333)
(0.368 -0.00875 0.04120833333)
(0.372 -0.00875 0.04120833333)
(0.376 -0.00875 0.04120833333)
(0.38 -0.00875 0.04120833333)
(0.384 -0.00875 0.04120833333)
(0.388 -0.00875 0.04120833333)
(0.392 -0.00875 0.04120833333)
(0.396 -0.00875 0.04120833333)
(0.4 -0.00875 0.04120833333)
(0.324 -0.004375 0.04120833333)
(0.328 -0.004375 0.04120833333)
(0.332 -0.004375 0.04120833333)
(0.336 -0.004375 0.04120833333)
(0.34 -0.004375 0.04120833333)
(0.344 -0.004375 0.04120833333)
(0.348 -0.004375 0.04120833333)
(0.352 -0.004375 0.04120833333)
(0.356 -0.004375 0.04120833333)
(0.36 -0.004375 0.04120833333)
(0.364 -0.004375 0.04120833333)
(0.324 0 0.04120833333)
(0.328 0 0.04120833333)
(0.332 0 0.04120833333)
(0.336 0 0.04120833333)
(0.34 0 0.04120833333)
(0.344 0 0.04120833333)
(0.348 0 0.04120833333)
(0.352 0 0.04120833333)
(0.356 0 0.04120833333)
(0.324 0.004375 0.04120833333)
(0.328 0.004375 0.04120833333)
(0.332 0.004375 0.04120833333)
(0.336 0.004375 0.04120833333)
(0.34 0.004375 0.04120833333)
(0.324 0.00875 0.04120833333)
(0.328 0.00875 0.04120833333)
(0.332 0.00875 0.04120833333)
(0.324 -0.07 0.04445)
(0.328 -0.07 0.04445)
(0.332 -0.07 0.04445)
(0.336 -0.07 0.04445)
(0.34 -0.07 0.04445)
(0.344 -0.07 0.04445)
(0.348 -0.07 0.04445)
(0.352 -0.07 0.04445)
(0.356 -0.07 0.04445)
(0.36 -0.07 0.04445)
(0.364 -0.07 0.04445)
(0.368 -0.07 0.04445)
(0.372 -0.07 0.04445)
(0.376 -0.07 0.04445)
(0.38 -0.07 0.04445)
(0.384 -0.07 0.04445)
(0.388 -0.07 0.04445)
(0.392 -0.07 0.04445)
(0.396 -0.07 0.04445)
(0.4 -0.07 0.04445)
(0.324 -0.065625 0.04445)
(0.328 -0.065625 0.04445)
(0.332 -0.065625 0.04445)
(0.336 -0.065625 0.04445)
(0.34 -0.065625 0.04445)
(0.344 -0.065625 0.04445)
(0.348 -0.065625 0.04445)
(0.352 -0.065625 0.04445)
(0.356 -0.065625 0.04445)
(0.36 -0.065625 0.04445)
(0.364 -0.065625 0.04445)
(0.368 -0.065625 0.04445)
(0.372 -0.065625 0.04445)
(0.376 -0.065625 0.04445)
(0.38 -0.065625 0.04445)
(0.384 -0.065625 0.04445)
(0.388 -0.065625 0.04445)
(0.392 -0.065625 0.04445)
(0.396 -0.065625 0.04445)
(0.4 -0.065625 0.04445)
(0.324 -0.06125 0.04445)
(0.328 -0.06125 0.04445)
(0.332 -0.06125 0.04445)
(0.336 -0.06125 0.04445)
(0.34 -0.06125 0.04445)
(0.344 -0.06125 0.04445)
(0.348 -0.06125 0.04445)
(0.352 -0.06125 0.04445)
(0.356 -0.06125 0.04445)
(0.36 -0.06125 0.04445)
(0.364 -0.06125 0.04445)
(0.368 -0.06125 0.04445)
(0.372 -0.06125 0.04445)
(0.376 -0.06125 0.04445)
(0.38 -0.06125 0.04445)
(0.384 -0.06125 0.04445)
(0.388 -0.06125 0.04445)
(0.392 -0.06125 0.04445)
(0.396 -0.06125 0.04445)
(0.4 -0.06125 0.04445)
(0.324 -0.056875 0.04445)
(0.328 -0.056875 0.04445)
(0.332 -0.056875 0.04445)
(0.336 -0.056875 0.04445)
(0.34 -0.056875 0.04445)
(0.344 -0.056875 0.04445)
(0.348 -0.056875 0.04445)
(0.352 -0.056875 0.04445)
(0.356 -0.056875 0.04445)
(0.36 -0.056875 0.04445)
(0.364 -0.056875 0.04445)
(0.368 -0.056875 0.04445)
(0.372 -0.056875 0.04445)
(0.376 -0.056875 0.04445)
(0.38 -0.056875 0.04445)
(0.384 -0.056875 0.04445)
(0.388 -0.056875 0.04445)
(0.392 -0.056875 0.04445)
(0.396 -0.056875 0.04445)
(0.4 -0.056875 0.04445)
(0.324 -0.0525 0.04445)
(0.328 -0.0525 0.04445)
(0.332 -0.0525 0.04445)
(0.336 -0.0525 0.04445)
(0.34 -0.0525 0.04445)
(0.344 -0.0525 0.04445)
(0.348 -0.0525 0.04445)
(0.352 -0.0525 0.04445)
(0.356 -0.0525 0.04445)
(0.36 -0.0525 0.04445)
(0.364 -0.0525 0.04445)
(0.368 -0.0525 0.04445)
(0.372 -0.0525 0.04445)
(0.376 -0.0525 0.04445)
(0.38 -0.0525 0.04445)
(0.384 -0.0525 0.04445)
(0.388 -0.0525 0.04445)
(0.392 -0.0525 0.04445)
(0.396 -0.0525 0.04445)
(0.4 -0.0525 0.04445)
(0.324 -0.048125 0.04445)
(0.328 -0.048125 0.04445)
(0.332 -0.048125 0.04445)
(0.336 -0.048125 0.04445)
(0.34 -0.048125 0.04445)
(0.344 -0.048125 0.04445)
(0.348 -0.048125 0.04445)
(0.352 -0.048125 0.04445)
(0.356 -0.048125 0.04445)
(0.36 -0.048125 0.04445)
(0.364 -0.048125 0.04445)
(0.368 -0.048125 0.04445)
(0.372 -0.048125 0.04445)
(0.376 -0.048125 0.04445)
(0.38 -0.048125 0.04445)
(0.384 -0.048125 0.04445)
(0.388 -0.048125 0.04445)
(0.392 -0.048125 0.04445)
(0.396 -0.048125 0.04445)
(0.4 -0.048125 0.04445)
(0.324 -0.04375 0.04445)
(0.328 -0.04375 0.04445)
(0.332 -0.04375 0.04445)
(0.336 -0.04375 0.04445)
(0.34 -0.04375 0.04445)
(0.344 -0.04375 0.04445)
(0.348 -0.04375 0.04445)
(0.352 -0.04375 0.04445)
(0.356 -0.04375 0.04445)
(0.36 -0.04375 0.04445)
(0.364 -0.04375 0.04445)
(0.368 -0.04375 0.04445)
(0.372 -0.04375 0.04445)
(0.376 -0.04375 0.04445)
(0.38 -0.04375 0.04445)
(0.384 -0.04375 0.04445)
(0.388 -0.04375 0.04445)
(0.392 -0.04375 0.04445)
(0.396 -0.04375 0.04445)
(0.4 -0.04375 0.04445)
(0.324 -0.039375 0.04445)
(0.328 -0.039375 0.04445)
(0.332 -0.039375 0.04445)
(0.336 -0.039375 0.04445)
(0.34 -0.039375 0.04445)
(0.344 -0.039375 0.04445)
(0.348 -0.039375 0.04445)
(0.352 -0.039375 0.04445)
(0.356 -0.039375 0.04445)
(0.36 -0.039375 0.04445)
(0.364 -0.039375 0.04445)
(0.368 -0.039375 0.04445)
(0.372 -0.039375 0.04445)
(0.376 -0.039375 0.04445)
(0.38 -0.039375 0.04445)
(0.384 -0.039375 0.04445)
(0.388 -0.039375 0.04445)
(0.392 -0.039375 0.04445)
(0.396 -0.039375 0.04445)
(0.4 -0.039375 0.04445)
(0.324 -0.035 0.04445)
(0.328 -0.035 0.04445)
(0.332 -0.035 0.04445)
(0.336 -0.035 0.04445)
(0.34 -0.035 0.04445)
(0.344 -0.035 0.04445)
(0.348 -0.035 0.04445)
(0.352 -0.035 0.04445)
(0.356 -0.035 0.04445)
(0.36 -0.035 0.04445)
(0.364 -0.035 0.04445)
(0.368 -0.035 0.04445)
(0.372 -0.035 0.04445)
(0.376 -0.035 0.04445)
(0.38 -0.035 0.04445)
(0.384 -0.035 0.04445)
(0.388 -0.035 0.04445)
(0.392 -0.035 0.04445)
(0.396 -0.035 0.04445)
(0.4 -0.035 0.04445)
(0.324 -0.030625 0.04445)
(0.328 -0.030625 0.04445)
(0.332 -0.030625 0.04445)
(0.336 -0.030625 0.04445)
(0.34 -0.030625 0.04445)
(0.344 -0.030625 0.04445)
(0.348 -0.030625 0.04445)
(0.352 -0.030625 0.04445)
(0.356 -0.030625 0.04445)
(0.36 -0.030625 0.04445)
(0.364 -0.030625 0.04445)
(0.368 -0.030625 0.04445)
(0.372 -0.030625 0.04445)
(0.376 -0.030625 0.04445)
(0.38 -0.030625 0.04445)
(0.384 -0.030625 0.04445)
(0.388 -0.030625 0.04445)
(0.392 -0.030625 0.04445)
(0.396 -0.030625 0.04445)
(0.4 -0.030625 0.04445)
(0.324 -0.02625 0.04445)
(0.328 -0.02625 0.04445)
(0.332 -0.02625 0.04445)
(0.336 -0.02625 0.04445)
(0.34 -0.02625 0.04445)
(0.344 -0.02625 0.04445)
(0.348 -0.02625 0.04445)
(0.352 -0.02625 0.04445)
(0.356 -0.02625 0.04445)
(0.36 -0.02625 0.04445)
(0.364 -0.02625 0.04445)
(0.368 -0.02625 0.04445)
(0.372 -0.02625 0.04445)
(0.376 -0.02625 0.04445)
(0.38 -0.02625 0.04445)
(0.384 -0.02625 0.04445)
(0.388 -0.02625 0.04445)
(0.392 -0.02625 0.04445)
(0.396 -0.02625 0.04445)
(0.4 -0.02625 0.04445)
(0.324 -0.021875 0.04445)
(0.328 -0.021875 0.04445)
(0.332 -0.021875 0.04445)
(0.336 -0.021875 0.04445)
(0.34 -0.021875 0.04445)
(0.344 -0.021875 0.04445)
(0.348 -0.021875 0.04445)
(0.352 -0.021875 0.04445)
(0.356 -0.021875 0.04445)
(0.36 -0.021875 0.04445)
(0.364 -0.021875 0.04445)
(0.368 -0.021875 0.04445)
(0.372 -0.021875 0.04445)
(0.376 -0.021875 0.04445)
(0.38 -0.021875 0.04445)
(0.384 -0.021875 0.04445)
(0.388 -0.021875 0.04445)
(0.392 -0.021875 0.04445)
(0.396 -0.021875 0.04445)
(0.4 -0.021875 0.04445)
(0.324 -0.0175 0.04445)
(0.328 -0.0175 0.04445)
(0.332 -0.0175 0.04445)
(0.336 -0.0175 0.04445)
(0.34 -0.0175 0.04445)
(0.344 -0.0175 0.04445)
(0.348 -0.0175 0.04445)
(0.352 -0.0175 0.04445)
(0.356 -0.0175 0.04445)
(0.36 -0.0175 0.04445)
(0.364 -0.0175 0.04445)
(0.368 -0.0175 0.04445)
(0.372 -0.0175 0.04445)
(0.376 -0.0175 0.04445)
(0.38 -0.0175 0.04445)
(0.384 -0.0175 0.04445)
(0.388 -0.0175 0.04445)
(0.392 -0.0175 0.04445)
(0.396 -0.0175 0.04445)
(0.4 -0.0175 0.04445)
(0.324 -0.013125 0.04445)
(0.328 -0.013125 0.04445)
(0.332 -0.013125 0.04445)
(0.336 -0.013125 0.04445)
(0.34 -0.013125 0.04445)
(0.344 -0.013125 0.04445)
(0.348 -0.013125 0.04445)
(0.352 -0.013125 0.04445)
(0.356 -0.013125 0.04445)
(0.36 -0.013125 0.04445)
(0.364 -0.013125 0.04445)
(0.368 -0.013125 0.04445)
(0.372 -0.013125 0.04445)
(0.376 -0.013125 0.04445)
(0.38 -0.013125 0.04445)
(0.384 -0.013125 0.04445)
(0.388 -0.013125 0.04445)
(0.392 -0.013125 0.04445)
(0.396 -0.013125 0.04445)
(0.4 -0.013125 0.04445)
(0.324 -0.00875 0.04445)
(0.328 -0.00875 0.04445)
(0.332 -0.00875 0.04445)
(0.336 -0.00875 0.04445)
(0.34 -0.00875 0.04445)
(0.344 -0.00875 0.04445)
(0.348 -0.00875 0.04445)
(0.352 -0.00875 0.04445)
(0.356 -0.00875 0.04445)
(0.36 -0.00875 0.04445)
(0.364 -0.00875 0.04445)
(0.368 -0.00875 0.04445)
(0.372 -0.00875 0.04445)
(0.376 -0.00875 0.04445)
(0.38 -0.00875 0.04445)
(0.384 -0.00875 0.04445)
(0.388 -0.00875 0.04445)
(0.392 -0.00875 0.04445)
(0.396 -0.00875 0.04445)
(0.4 -0.00875 0.04445)
(0.324 -0.004375 0.04445)
(0.328 -0.004375 0.04445)
(0.332 -0.004375 0.04445)
(0.336 -0.004375 0.04445)
(0.34 -0.004375 0.04445)
(0.344 -0.004375 0.04445)
(0.348 -0.004375 0.04445)
(0.352 -0.004375 0.04445)
(0.356 -0.004375 0.04445)
(0.36 -0.004375 0.04445)
(0.364 -0.004375 0.04445)
(0.324 0 0.04445)
(0.328 0 0.04445)
(0.332 0 0.04445)
(0.336 0 0.04445)
(0.34 0 0.04445)
(0.344 0 0.04445)
(0.348 0 0.04445)
(0.352 0 0.04445)
(0.356 1.156482317e-18 0.04445)
(0.324 0.004375 0.04445)
(0.328 0.004375 0.04445)
(0.332 0.004375 0.04445)
(0.336 0.004375 0.04445)
(0.34 0.004375 0.04445)
(0.324 0.00875 0.04445)
(0.328 0.00875 0.04445)
(0.332 0.00875 0.04445)
)


// ************************************************************************* //
