/*--------------------------------*- C++ -*----------------------------------*\
| =========                 |                                                 |
| \\      /  F ield         | OpenFOAM: The Open Source CFD Toolbox           |
|  \\    /   O peration     | Version:  2406                                  |
|   \\  /    A nd           | Website:  www.openfoam.com                      |
|    \\/     M anipulation  |                                                 |
\*---------------------------------------------------------------------------*/
FoamFile
{
    version     2.0;
    format      ascii;
    arch        "LSB;label=32;scalar=64";
    class       volVectorField;
    location    "320";
    object      U;
}
// * * * * * * * * * * * * * * * * * * * * * * * * * * * * * * * * * * * * * //

dimensions      [0 1 -1 0 0 0 0];

internalField   nonuniform List<vector> 
5419
(
(0.002187558 3.41356e-06 7.212586e-08)
(0.002192568 3.284277e-06 2.633626e-08)
(0.002197386 3.160223e-06 -1.070488e-08)
(0.00220202 3.041272e-06 -4.037185e-08)
(0.002206478 2.927277e-06 -6.38268e-08)
(0.002210769 2.81808e-06 -8.205706e-08)
(0.002214899 2.713512e-06 -9.590371e-08)
(0.002218876 2.613398e-06 -1.060847e-07)
(0.002222706 2.51756e-06 -1.132142e-07)
(0.002226397 2.42582e-06 -1.178186e-07)
(0.002229954 2.338001e-06 -1.203498e-07)
(0.002233383 2.253928e-06 -1.21201e-07)
(0.002236689 2.173432e-06 -1.20706e-07)
(0.002239878 2.096345e-06 -1.191856e-07)
(0.002242955 2.022509e-06 -1.168322e-07)
(0.002245925 1.951772e-06 -1.141562e-07)
(0.002187558 -3.413538e-06 7.212584e-08)
(0.002192568 -3.284253e-06 2.633626e-08)
(0.002197386 -3.160197e-06 -1.070472e-08)
(0.00220202 -3.041244e-06 -4.037149e-08)
(0.002206478 -2.927247e-06 -6.382619e-08)
(0.002210769 -2.818048e-06 -8.20565e-08)
(0.002214899 -2.713477e-06 -9.590353e-08)
(0.002218876 -2.61336e-06 -1.060848e-07)
(0.002222706 -2.517519e-06 -1.132143e-07)
(0.002226397 -2.425775e-06 -1.17819e-07)
(0.002229954 -2.337952e-06 -1.203507e-07)
(0.002233383 -2.253876e-06 -1.21202e-07)
(0.002236689 -2.173376e-06 -1.207062e-07)
(0.002239878 -2.096286e-06 -1.191852e-07)
(0.002242955 -2.022446e-06 -1.168316e-07)
(0.002245925 -1.951704e-06 -1.141556e-07)
(0.002189611 -1.021179e-05 7.267526e-08)
(0.002194572 -9.822493e-06 2.778535e-08)
(0.002199339 -9.448928e-06 -8.423824e-09)
(0.002203919 -9.090714e-06 -3.732663e-08)
(0.002208322 -8.747413e-06 -6.008453e-08)
(0.002212556 -8.418549e-06 -7.768346e-08)
(0.002216627 -8.103618e-06 -9.096267e-08)
(0.002220543 -7.802098e-06 -1.00638e-07)
(0.002224312 -7.513461e-06 -1.073215e-07)
(0.002227939 -7.237173e-06 -1.115369e-07)
(0.00223143 -6.972707e-06 -1.137336e-07)
(0.002234793 -6.719542e-06 -1.14301e-07)
(0.002238031 -6.477168e-06 -1.135697e-07)
(0.002241152 -6.24509e-06 -1.118591e-07)
(0.002244158 -6.022829e-06 -1.093584e-07)
(0.002247057 -5.809931e-06 -1.065786e-07)
(0.00219365 -1.691216e-05 8.015068e-08)
(0.002198496 -1.625821e-05 3.693629e-08)
(0.002203142 -1.563069e-05 2.248711e-09)
(0.002207598 -1.502896e-05 -2.528404e-08)
(0.002211872 -1.44523e-05 -4.681966e-08)
(0.002215973 -1.389991e-05 -6.333927e-08)
(0.002219909 -1.337097e-05 -7.567659e-08)
(0.002223686 -1.28646e-05 -8.45414e-08)
(0.002227312 -1.237994e-05 -9.053893e-08)
(0.002230794 -1.19161e-05 -9.418619e-08)
(0.002234139 -1.14722e-05 -9.592528e-08)
(0.002237351 -1.104739e-05 -9.613829e-08)
(0.002240439 -1.064081e-05 -9.514851e-08)
(0.002243406 -1.025165e-05 -9.326869e-08)
(0.002246258 -9.879105e-06 -9.068076e-08)
(0.002249001 -9.522404e-06 -8.789454e-08)
(0.002199434 -2.340788e-05 1.086001e-07)
(0.002204058 -2.248086e-05 6.741749e-08)
(0.002208475 -2.159154e-05 3.449575e-08)
(0.002212696 -2.073899e-05 8.472359e-09)
(0.00221673 -1.992222e-05 -1.179901e-08)
(0.002220585 -1.91401e-05 -2.728699e-08)
(0.00222427 -1.839146e-05 -3.881195e-08)
(0.002227794 -1.767511e-05 -4.706972e-08)
(0.002231162 -1.698981e-05 -5.265125e-08)
(0.002234384 -1.633431e-05 -5.605906e-08)
(0.002237466 -1.57074e-05 -5.772072e-08)
(0.002240414 -1.510786e-05 -5.800401e-08)
(0.002243236 -1.453448e-05 -5.721817e-08)
(0.002245936 -1.398609e-05 -5.566271e-08)
(0.002248521 -1.346158e-05 -5.350685e-08)
(0.002250997 -1.295981e-05 -5.125243e-08)
(0.002206295 -2.951912e-05 1.812352e-07)
(0.002210525 -2.830734e-05 1.413985e-07)
(0.002214542 -2.714581e-05 1.094399e-07)
(0.002218355 -2.603329e-05 8.40199e-08)
(0.002221976 -2.496843e-05 6.401675e-08)
(0.002225414 -2.394976e-05 4.848738e-08)
(0.002228679 -2.297573e-05 3.663723e-08)
(0.002231781 -2.204473e-05 2.779623e-08)
(0.002234726 -2.115513e-05 2.139901e-08)
(0.002237525 -2.030528e-05 1.696815e-08)
(0.002240184 -1.949355e-05 1.410058e-08)
(0.002242711 -1.871831e-05 1.245229e-08)
(0.002245112 -1.797796e-05 1.17367e-08)
(0.002247396 -1.727093e-05 1.167645e-08)
(0.002249567 -1.659573e-05 1.212052e-08)
(0.002251634 -1.595078e-05 1.258916e-08)
(0.002212707 -3.495079e-05 3.297378e-07)
(0.002216282 -3.344327e-05 2.885675e-07)
(0.002219639 -3.20009e-05 2.548394e-07)
(0.002222792 -3.062202e-05 2.272543e-07)
(0.002225752 -2.930477e-05 2.047319e-07)
(0.002228532 -2.804716e-05 1.8637e-07)
(0.002231143 -2.684711e-05 1.714144e-07)
(0.002233595 -2.570247e-05 1.59234e-07)
(0.002235897 -2.461107e-05 1.493012e-07)
(0.002238059 -2.357073e-05 1.411746e-07)
(0.00224009 -2.257926e-05 1.344856e-07)
(0.002241998 -2.163451e-05 1.289229e-07)
(0.002243791 -2.073437e-05 1.242304e-07)
(0.002245476 -1.987673e-05 1.201615e-07)
(0.002247058 -1.905964e-05 1.165862e-07)
(0.002248547 -1.828097e-05 1.130681e-07)
(0.002215651 -3.92584e-05 5.882608e-07)
(0.002218212 -3.745531e-05 5.400983e-07)
(0.002220566 -3.573574e-05 4.990659e-07)
(0.002222728 -3.40972e-05 4.639188e-07)
(0.002224714 -3.253698e-05 4.336298e-07)
(0.002226536 -3.105226e-05 4.073487e-07)
(0.002228208 -2.964013e-05 3.843699e-07)
(0.00222974 -2.829761e-05 3.641092e-07)
(0.002231143 -2.702172e-05 3.460829e-07)
(0.002232427 -2.58095e-05 3.298913e-07)
(0.002233602 -2.465801e-05 3.152039e-07)
(0.002234676 -2.356437e-05 3.017453e-07)
(0.002235657 -2.252574e-05 2.892913e-07)
(0.002236552 -2.153937e-05 2.776295e-07)
(0.002237368 -2.060266e-05 2.666464e-07)
(0.002238112 -1.971278e-05 2.559723e-07)
(0.002254907 3.654659e-06 1.021798e-07)
(0.002260277 3.51865e-06 5.715154e-08)
(0.00226544 3.387723e-06 2.03221e-08)
(0.002270405 3.261807e-06 -9.559449e-09)
(0.002275182 3.140807e-06 -3.355614e-08)
(0.002279777 3.024606e-06 -5.257513e-08)
(0.002284201 2.913074e-06 -6.739261e-08)
(0.00228846 2.806068e-06 -7.867406e-08)
(0.002292562 2.703437e-06 -8.699123e-08)
(0.002296513 2.605026e-06 -9.283615e-08)
(0.00230032 2.510675e-06 -9.663304e-08)
(0.002303989 2.420227e-06 -9.875156e-08)
(0.002307527 2.33352e-06 -9.950866e-08)
(0.002310938 2.2504e-06 -9.920275e-08)
(0.002314228 2.170713e-06 -9.802757e-08)
(0.002317404 2.094311e-06 -9.643326e-08)
(0.002254907 -3.654637e-06 1.0218e-07)
(0.002260277 -3.518626e-06 5.715171e-08)
(0.00226544 -3.387697e-06 2.032236e-08)
(0.002270405 -3.261779e-06 -9.55904e-09)
(0.002275182 -3.140777e-06 -3.355552e-08)
(0.002279777 -3.024574e-06 -5.257454e-08)
(0.002284201 -2.913039e-06 -6.739237e-08)
(0.00228846 -2.80603e-06 -7.867406e-08)
(0.002292562 -2.703396e-06 -8.699135e-08)
(0.002296513 -2.604981e-06 -9.283647e-08)
(0.00230032 -2.510627e-06 -9.663388e-08)
(0.002303989 -2.420175e-06 -9.875244e-08)
(0.002307527 -2.333465e-06 -9.950885e-08)
(0.002310938 -2.250342e-06 -9.92024e-08)
(0.002314228 -2.17065e-06 -9.802708e-08)
(0.002317404 -2.094243e-06 -9.643271e-08)
(0.002257058 -1.093563e-05 1.026232e-07)
(0.00226238 -1.052588e-05 5.841303e-08)
(0.002267492 -1.013144e-05 2.23397e-08)
(0.002272403 -9.752085e-06 -6.847632e-09)
(0.002277124 -9.387539e-06 -3.021133e-08)
(0.002281662 -9.037452e-06 -4.865722e-08)
(0.002286026 -8.701432e-06 -6.295981e-08)
(0.002290223 -8.379054e-06 -7.378268e-08)
(0.002294261 -8.069869e-06 -8.169546e-08)
(0.002298146 -7.773411e-06 -8.718788e-08)
(0.002301886 -7.489207e-06 -9.068183e-08)
(0.002305487 -7.216782e-06 -9.254348e-08)
(0.002308955 -6.955659e-06 -9.308688e-08)
(0.002312295 -6.70537e-06 -9.260903e-08)
(0.002315513 -6.465456e-06 -9.130088e-08)
(0.002318615 -6.235473e-06 -8.96129e-08)
(0.002261299 -1.811959e-05 1.092266e-07)
(0.002266505 -1.743059e-05 6.654062e-08)
(0.002271496 -1.676737e-05 3.185125e-08)
(0.002276282 -1.612958e-05 3.909803e-09)
(0.002280872 -1.551673e-05 -1.834255e-08)
(0.002285276 -1.492825e-05 -3.58072e-08)
(0.0022895 -1.436349e-05 -4.925361e-08)
(0.002293555 -1.382175e-05 -5.933972e-08)
(0.002297447 -1.330228e-05 -6.66291e-08)
(0.002301183 -1.28043e-05 -7.160513e-08)
(0.002304772 -1.232704e-05 -7.468315e-08)
(0.002308218 -1.186971e-05 -7.622264e-08)
(0.002311529 -1.14315e-05 -7.653096e-08)
(0.00231471 -1.101164e-05 -7.589914e-08)
(0.002317768 -1.060936e-05 -7.451137e-08)
(0.002320708 -1.022391e-05 -7.281725e-08)
(0.002267394 -2.509722e-05 1.345581e-07)
(0.002272377 -2.411902e-05 9.372545e-08)
(0.002277136 -2.317775e-05 6.064779e-08)
(0.002281683 -2.22729e-05 3.408502e-08)
(0.002286027 -2.14038e-05 1.298859e-08)
(0.002290179 -2.056962e-05 -3.531475e-09)
(0.002294147 -1.976946e-05 -1.623247e-08)
(0.002297939 -1.900231e-05 -2.575976e-08)
(0.002301566 -1.826713e-05 -3.266391e-08)
(0.002305033 -1.756282e-05 -3.741516e-08)
(0.002308349 -1.688828e-05 -4.041564e-08)
(0.002311521 -1.624237e-05 -4.201186e-08)
(0.002314556 -1.562398e-05 -4.249839e-08)
(0.00231746 -1.503198e-05 -4.215436e-08)
(0.00232024 -1.446529e-05 -4.115223e-08)
(0.002322902 -1.39228e-05 -3.9935e-08)
(0.002274675 -3.168022e-05 1.99346e-07)
(0.002279257 -3.03989e-05 1.597613e-07)
(0.002283606 -2.916717e-05 1.275849e-07)
(0.002287734 -2.798429e-05 1.015972e-07)
(0.002291653 -2.684934e-05 8.077168e-08)
(0.002295375 -2.576121e-05 6.424139e-08)
(0.002298908 -2.471866e-05 5.127229e-08)
(0.002302264 -2.372034e-05 4.124234e-08)
(0.002305451 -2.276484e-05 3.362409e-08)
(0.002308478 -2.185069e-05 2.797002e-08)
(0.002311354 -2.097638e-05 2.390018e-08)
(0.002314087 -2.01404e-05 2.108952e-08)
(0.002316685 -1.934122e-05 1.926409e-08)
(0.002319154 -1.857733e-05 1.816441e-08)
(0.002321501 -1.784726e-05 1.763507e-08)
(0.002323735 -1.714947e-05 1.725129e-08)
(0.002281585 -3.75547e-05 3.317744e-07)
(0.002285491 -3.595661e-05 2.910519e-07)
(0.002289159 -3.442348e-05 2.573427e-07)
(0.002292604 -3.29542e-05 2.294632e-07)
(0.002295839 -3.154741e-05 2.064241e-07)
(0.002298876 -3.020154e-05 1.87395e-07)
(0.002301729 -2.891485e-05 1.716782e-07)
(0.002304408 -2.768548e-05 1.586866e-07)
(0.002306924 -2.65115e-05 1.479268e-07)
(0.002309287 -2.539089e-05 1.38984e-07)
(0.002311507 -2.432161e-05 1.315093e-07)
(0.002313593 -2.330162e-05 1.252071e-07)
(0.002315552 -2.232885e-05 1.198311e-07)
(0.002317394 -2.140126e-05 1.151492e-07)
(0.002319125 -2.05169e-05 1.11026e-07)
(0.002320753 -1.967361e-05 1.070723e-07)
(0.002285009 -4.224246e-05 5.620672e-07)
(0.002287862 -4.032555e-05 5.151694e-07)
(0.002290486 -3.849291e-05 4.75e-07)
(0.002292899 -3.674264e-05 4.404232e-07)
(0.002295116 -3.507257e-05 4.104976e-07)
(0.002297153 -3.34803e-05 3.844391e-07)
(0.002299023 -3.196324e-05 3.615935e-07)
(0.002300739 -3.051871e-05 3.414159e-07)
(0.002302313 -2.914394e-05 3.234528e-07)
(0.002303755 -2.783611e-05 3.073266e-07)
(0.002305077 -2.65924e-05 2.927234e-07)
(0.002306287 -2.540999e-05 2.7938e-07)
(0.002307394 -2.428608e-05 2.670794e-07)
(0.002308406 -2.32179e-05 2.556192e-07)
(0.00230933 -2.220284e-05 2.448804e-07)
(0.002310175 -2.123801e-05 2.345289e-07)
(0.002279484 -4.51105e-05 9.096999e-07)
(0.002280843 -4.290418e-05 8.487247e-07)
(0.002282013 -4.080542e-05 7.94554e-07)
(0.002283013 -3.881085e-05 7.460974e-07)
(0.00228386 -3.691686e-05 7.024571e-07)
(0.002284568 -3.511964e-05 6.628918e-07)
(0.002285154 -3.341529e-05 6.267882e-07)
(0.002285628 -3.179985e-05 5.936392e-07)
(0.002286004 -3.026932e-05 5.630251e-07)
(0.002286291 -2.881974e-05 5.345987e-07)
(0.002286499 -2.74472e-05 5.080726e-07)
(0.002286637 -2.614786e-05 4.832072e-07)
(0.002286713 -2.491797e-05 4.59805e-07)
(0.002286734 -2.375384e-05 4.376855e-07)
(0.002286705 -2.265206e-05 4.167324e-07)
(0.002286634 -2.160884e-05 3.9668e-07)
(0.002256541 -4.547311e-05 1.365722e-06)
(0.002256021 -4.306224e-05 1.281156e-06)
(0.002255393 -4.078349e-05 1.204078e-06)
(0.002254674 -3.863121e-05 1.133423e-06)
(0.00225388 -3.659967e-05 1.068319e-06)
(0.002253025 -3.468312e-05 1.008048e-06)
(0.00225212 -3.287586e-05 9.52015e-07)
(0.002251175 -3.117225e-05 8.997301e-07)
(0.0022502 -2.95668e-05 8.507854e-07)
(0.002249202 -2.805414e-05 8.048418e-07)
(0.002248188 -2.662909e-05 7.616154e-07)
(0.002247165 -2.528665e-05 7.208669e-07)
(0.002246136 -2.402203e-05 6.823949e-07)
(0.002245107 -2.283058e-05 6.460192e-07)
(0.002244082 -2.170801e-05 6.116009e-07)
(0.002243063 -2.064975e-05 5.789409e-07)
(0.00220455 -4.282043e-05 1.876647e-06)
(0.002201991 -4.035976e-05 1.760574e-06)
(0.002199448 -3.805071e-05 1.653334e-06)
(0.002196932 -3.588492e-05 1.553871e-06)
(0.002194452 -3.385427e-05 1.461312e-06)
(0.002192014 -3.195087e-05 1.374935e-06)
(0.002189625 -3.016713e-05 1.294136e-06)
(0.002187289 -2.849574e-05 1.21841e-06)
(0.002185009 -2.692974e-05 1.147328e-06)
(0.002182788 -2.546246e-05 1.080525e-06)
(0.002180627 -2.40876e-05 1.017685e-06)
(0.002178527 -2.279918e-05 9.585369e-07)
(0.002176489 -2.159153e-05 9.028401e-07)
(0.002174513 -2.045928e-05 8.503833e-07)
(0.002172598 -1.939749e-05 8.009729e-07)
(0.002170744 -1.84011e-05 7.544537e-07)
(0.002109307 -3.710493e-05 2.346396e-06)
(0.002104945 -3.480698e-05 2.196634e-06)
(0.002100745 -3.266663e-05 2.057456e-06)
(0.002096704 -3.067334e-05 1.927813e-06)
(0.002092821 -2.881713e-05 1.806826e-06)
(0.002089093 -2.708858e-05 1.69375e-06)
(0.002085517 -2.547881e-05 1.587948e-06)
(0.002082089 -2.397948e-05 1.488867e-06)
(0.002078803 -2.258277e-05 1.396027e-06)
(0.002075656 -2.128134e-05 1.309003e-06)
(0.002072642 -2.006836e-05 1.227414e-06)
(0.002069755 -1.893744e-05 1.15092e-06)
(0.002066992 -1.788262e-05 1.079212e-06)
(0.002064346 -1.689833e-05 1.012014e-06)
(0.002061814 -1.597948e-05 9.490528e-07)
(0.002059388 -1.512109e-05 8.901766e-07)
(0.00195514 -2.897719e-05 2.659783e-06)
(0.001949658 -2.706283e-05 2.483103e-06)
(0.00194446 -2.529224e-05 2.318613e-06)
(0.001939534 -2.365432e-05 2.165308e-06)
(0.001934866 -2.213876e-05 2.022315e-06)
(0.001930441 -2.073601e-05 1.888867e-06)
(0.001926247 -1.943724e-05 1.764283e-06)
(0.001922271 -1.823429e-05 1.647955e-06)
(0.0019185 -1.711962e-05 1.539329e-06)
(0.001914924 -1.608626e-05 1.437905e-06)
(0.00191153 -1.512781e-05 1.343221e-06)
(0.001908308 -1.423833e-05 1.254852e-06)
(0.001905249 -1.34124e-05 1.172404e-06)
(0.001902342 -1.2645e-05 1.095524e-06)
(0.00189958 -1.193153e-05 1.023852e-06)
(0.001896952 -1.126779e-05 9.572001e-07)
(0.00172568 -1.972136e-05 2.73e-06)
(0.001720063 -1.835005e-05 2.54181e-06)
(0.001714793 -1.708939e-05 2.36668e-06)
(0.001709846 -1.592988e-05 2.203684e-06)
(0.0017052 -1.486287e-05 2.051976e-06)
(0.001700833 -1.388041e-05 1.910782e-06)
(0.001696727 -1.297529e-05 1.77939e-06)
(0.001692863 -1.21409e-05 1.657143e-06)
(0.001689224 -1.13712e-05 1.543429e-06)
(0.001685794 -1.066069e-05 1.437681e-06)
(0.001682559 -1.000435e-05 1.339369e-06)
(0.001679506 -9.397616e-06 1.248002e-06)
(0.001676622 -8.836301e-06 1.163118e-06)
(0.001673895 -8.316626e-06 1.0843e-06)
(0.001671315 -7.835104e-06 1.011131e-06)
(0.001668872 -7.388808e-06 9.433668e-07)
(0.001403127 -1.097438e-05 2.520442e-06)
(0.001398375 -1.01829e-05 2.341933e-06)
(0.001393948 -9.458737e-06 2.176085e-06)
(0.001389819 -8.795693e-06 2.022073e-06)
(0.001385964 -8.188145e-06 1.879107e-06)
(0.001382361 -7.631006e-06 1.746442e-06)
(0.00137899 -7.11968e-06 1.623374e-06)
(0.001375833 -6.650006e-06 1.509245e-06)
(0.001372873 -6.218225e-06 1.403434e-06)
(0.001370095 -5.820934e-06 1.305362e-06)
(0.001367484 -5.455054e-06 1.214486e-06)
(0.001365028 -5.117805e-06 1.1303e-06)
(0.001362715 -4.806666e-06 1.052331e-06)
(0.001360535 -4.519395e-06 9.801485e-07)
(0.001358479 -4.253888e-06 9.133309e-07)
(0.001356535 -4.008616e-06 8.515945e-07)
(0.0009655419 -4.098004e-06 2.01597e-06)
(0.0009623961 -3.795687e-06 1.871487e-06)
(0.0009594777 -3.52006e-06 1.737521e-06)
(0.0009567665 -3.268511e-06 1.613382e-06)
(0.0009542443 -3.0387e-06 1.498401e-06)
(0.0009518947 -2.828538e-06 1.391943e-06)
(0.0009497028 -2.636152e-06 1.293404e-06)
(0.0009476552 -2.45986e-06 1.202218e-06)
(0.0009457399 -2.298154e-06 1.117851e-06)
(0.0009439458 -2.149678e-06 1.039809e-06)
(0.0009422631 -2.013215e-06 9.676259e-07)
(0.0009406828 -1.887672e-06 9.00872e-07)
(0.0009391968 -1.772065e-06 8.391473e-07)
(0.0009377977 -1.665549e-06 7.820856e-07)
(0.0009364789 -1.567285e-06 7.293382e-07)
(0.0009352338 -1.476857e-06 6.806385e-07)
(0.0003831859 -2.422157e-07 1.053121e-06)
(0.0003820571 -2.239266e-07 9.781185e-07)
(0.0003810125 -2.073397e-07 9.086405e-07)
(0.0003800441 -1.922668e-07 8.443115e-07)
(0.0003791448 -1.785476e-07 7.847708e-07)
(0.0003783083 -1.660424e-07 7.296769e-07)
(0.0003775289 -1.546291e-07 6.787078e-07)
(0.0003768015 -1.441994e-07 6.315622e-07)
(0.0003761217 -1.346574e-07 5.879581e-07)
(0.0003754853 -1.259183e-07 5.476328e-07)
(0.0003748886 -1.179063e-07 5.103414e-07)
(0.0003743283 -1.105578e-07 4.758562e-07)
(0.0003738015 -1.038114e-07 4.439662e-07)
(0.0003733054 -9.763914e-08 4.144752e-07)
(0.0003728376 -9.196305e-08 3.871961e-07)
(0.0003723957 -8.68873e-08 3.619695e-07)
(0.002307771 3.853645e-06 1.315317e-07)
(0.002313442 3.712339e-06 8.904173e-08)
(0.002318893 3.575954e-06 5.382429e-08)
(0.002324134 3.444468e-06 2.481503e-08)
(0.002329176 3.317831e-06 1.103146e-09)
(0.002334026 3.195967e-06 -1.80935e-08)
(0.002338694 3.078778e-06 -3.344856e-08)
(0.002343188 2.966152e-06 -4.554332e-08)
(0.002347515 2.857962e-06 -5.488031e-08)
(0.002351683 2.754076e-06 -6.189455e-08)
(0.002355699 2.654351e-06 -6.696365e-08)
(0.002359568 2.558642e-06 -7.041717e-08)
(0.002363299 2.466804e-06 -7.254205e-08)
(0.002366895 2.378687e-06 -7.360106e-08)
(0.002370363 2.294146e-06 -7.378394e-08)
(0.002373709 2.213037e-06 -7.345826e-08)
(0.002307771 -3.853623e-06 1.315321e-07)
(0.002313442 -3.712316e-06 8.904206e-08)
(0.002318893 -3.575928e-06 5.382464e-08)
(0.002324134 -3.44444e-06 2.481546e-08)
(0.002329176 -3.317801e-06 1.10373e-09)
(0.002334026 -3.195934e-06 -1.809294e-08)
(0.002338694 -3.078743e-06 -3.344827e-08)
(0.002343188 -2.966114e-06 -4.554324e-08)
(0.002347515 -2.857922e-06 -5.488038e-08)
(0.002351683 -2.754032e-06 -6.18948e-08)
(0.002355699 -2.654303e-06 -6.696431e-08)
(0.002359568 -2.558591e-06 -7.041791e-08)
(0.002363299 -2.466749e-06 -7.254228e-08)
(0.002366895 -2.378629e-06 -7.360085e-08)
(0.002370363 -2.294083e-06 -7.378354e-08)
(0.00237371 -2.212971e-06 -7.345779e-08)
(0.002310001 -1.153322e-05 1.318266e-07)
(0.002315624 -1.110733e-05 9.004175e-08)
(0.002321024 -1.069628e-05 5.547537e-08)
(0.002326212 -1.030001e-05 2.706325e-08)
(0.002331198 -9.918356e-06 3.895307e-09)
(0.00233599 -9.551094e-06 -1.480937e-08)
(0.002340597 -9.197933e-06 -2.972288e-08)
(0.002345029 -8.858536e-06 -4.142476e-08)
(0.002349291 -8.532528e-06 -5.041566e-08)
(0.002353392 -8.219508e-06 -5.712852e-08)
(0.00235734 -7.919055e-06 -6.193887e-08)
(0.002361139 -7.630736e-06 -6.517333e-08)
(0.002364798 -7.35411e-06 -6.711626e-08)
(0.002368321 -7.088736e-06 -6.802904e-08)
(0.002371715 -6.834174e-06 -6.809899e-08)
(0.002374986 -6.589994e-06 -6.769395e-08)
(0.002314404 -1.911698e-05 1.372296e-07)
(0.002319912 -1.840026e-05 9.675954e-08)
(0.002325191 -1.770859e-05 6.338597e-08)
(0.002330253 -1.704186e-05 3.604684e-08)
(0.002335107 -1.639982e-05 1.383529e-08)
(0.002339763 -1.578209e-05 -4.025593e-09)
(0.00234423 -1.518819e-05 -1.820332e-08)
(0.002348516 -1.461754e-05 -2.927247e-08)
(0.00235263 -1.406954e-05 -3.772831e-08)
(0.002356579 -1.354352e-05 -4.399823e-08)
(0.00236037 -1.303876e-05 -4.845198e-08)
(0.002364012 -1.255456e-05 -5.141039e-08)
(0.002367509 -1.209018e-05 -5.315196e-08)
(0.00237087 -1.164487e-05 -5.393289e-08)
(0.002374099 -1.121791e-05 -5.393465e-08)
(0.002377203 -1.080855e-05 -5.352424e-08)
(0.002320751 -2.649385e-05 1.582924e-07)
(0.002326035 -2.547502e-05 1.194264e-07)
(0.002331081 -2.449222e-05 8.744804e-08)
(0.002335901 -2.354529e-05 6.130282e-08)
(0.002340506 -2.263387e-05 4.009289e-08)
(0.002344905 -2.175741e-05 2.30514e-08)
(0.00234911 -2.091521e-05 9.521473e-09)
(0.002353129 -2.01065e-05 -1.060456e-09)
(0.00235697 -1.933037e-05 -9.178359e-09)
(0.002360643 -1.858588e-05 -1.524821e-08)
(0.002364156 -1.787203e-05 -1.962834e-08)
(0.002367515 -1.718779e-05 -2.262837e-08)
(0.002370729 -1.653212e-05 -2.451571e-08)
(0.002373804 -1.590393e-05 -2.553648e-08)
(0.002376746 -1.530219e-05 -2.586174e-08)
(0.002379563 -1.472582e-05 -2.585339e-08)
(0.002328375 -3.346885e-05 2.123651e-07)
(0.002333252 -3.213204e-05 1.746028e-07)
(0.002337881 -3.084393e-05 1.434296e-07)
(0.002342275 -2.960423e-05 1.17809e-07)
(0.002346446 -2.841241e-05 9.686195e-08)
(0.002350405 -2.726769e-05 7.984158e-08)
(0.002354164 -2.616911e-05 6.611103e-08)
(0.002357734 -2.511557e-05 5.512683e-08)
(0.002361124 -2.410586e-05 4.642494e-08)
(0.002364344 -2.313868e-05 3.960895e-08)
(0.002367403 -2.221265e-05 3.433962e-08)
(0.00237031 -2.132636e-05 3.03257e-08)
(0.002373071 -2.047839e-05 2.731754e-08)
(0.002375697 -1.966725e-05 2.508548e-08)
(0.002378192 -1.889154e-05 2.347373e-08)
(0.002380566 -1.814972e-05 2.21342e-08)
(0.002335697 -3.971266e-05 3.228965e-07)
(0.002339884 -3.804188e-05 2.842412e-07)
(0.002343816 -3.643548e-05 2.518359e-07)
(0.002347508 -3.489287e-05 2.246746e-07)
(0.002350975 -3.341315e-05 2.019102e-07)
(0.002354231 -3.199512e-05 1.828269e-07)
(0.002357289 -3.063737e-05 1.66819e-07)
(0.00236016 -2.933832e-05 1.533729e-07)
(0.002362857 -2.809623e-05 1.420538e-07)
(0.002365391 -2.690928e-05 1.32493e-07)
(0.002367771 -2.577558e-05 1.24378e-07)
(0.002370007 -2.469315e-05 1.174425e-07)
(0.002372108 -2.366005e-05 1.11461e-07)
(0.002374083 -2.267425e-05 1.062259e-07)
(0.002375938 -2.173383e-05 1.016002e-07)
(0.002377684 -2.083666e-05 9.726253e-08)
(0.002339527 -4.471907e-05 5.148215e-07)
(0.00234263 -4.271023e-05 4.710611e-07)
(0.002345486 -4.078582e-05 4.333043e-07)
(0.002348114 -3.894451e-05 4.005856e-07)
(0.00235053 -3.71846e-05 3.720987e-07)
(0.002352751 -3.550407e-05 3.471672e-07)
(0.002354791 -3.390068e-05 3.25222e-07)
(0.002356665 -3.2372e-05 3.057852e-07)
(0.002358385 -3.091548e-05 2.88456e-07)
(0.002359964 -2.952845e-05 2.72898e-07)
(0.002361411 -2.820821e-05 2.588283e-07)
(0.002362737 -2.695201e-05 2.460082e-07)
(0.002363952 -2.575711e-05 2.342373e-07)
(0.002365065 -2.462075e-05 2.233323e-07)
(0.002366083 -2.354032e-05 2.131724e-07)
(0.002367014 -2.251288e-05 2.034762e-07)
(0.002334239 -4.781316e-05 8.036984e-07)
(0.002335796 -4.549534e-05 7.482551e-07)
(0.002337146 -4.328649e-05 6.98871e-07)
(0.002338308 -4.118376e-05 6.546183e-07)
(0.002339301 -3.918399e-05 6.147278e-07)
(0.002340142 -3.728374e-05 5.785596e-07)
(0.002340848 -3.547937e-05 5.455798e-07)
(0.002341431 -3.376713e-05 5.153432e-07)
(0.002341905 -3.214319e-05 4.874778e-07)
(0.002342281 -3.060369e-05 4.616733e-07)
(0.002342569 -2.914479e-05 4.376694e-07)
(0.00234278 -2.776264e-05 4.152475e-07)
(0.002342921 -2.645352e-05 3.942241e-07)
(0.002343 -2.521369e-05 3.744332e-07)
(0.002343025 -2.403967e-05 3.557592e-07)
(0.002343001 -2.29276e-05 3.3797e-07)
(0.00231107 -4.825895e-05 1.181133e-06)
(0.002310673 -4.572023e-05 1.106134e-06)
(0.002310152 -4.331665e-05 1.037754e-06)
(0.002309525 -4.104301e-05 9.750885e-07)
(0.00230881 -3.889391e-05 9.173894e-07)
(0.002308022 -3.686385e-05 8.640371e-07)
(0.002307174 -3.49473e-05 8.145155e-07)
(0.002306277 -3.313874e-05 7.68394e-07)
(0.002305342 -3.143274e-05 7.253116e-07)
(0.002304377 -2.982394e-05 6.84965e-07)
(0.002303391 -2.830714e-05 6.47098e-07)
(0.002302389 -2.687728e-05 6.114921e-07)
(0.002301377 -2.552948e-05 5.779617e-07)
(0.00230036 -2.4259e-05 5.463392e-07)
(0.002299343 -2.306144e-05 5.164936e-07)
(0.00229833 -2.193204e-05 4.882388e-07)
(0.002257969 -4.5503e-05 1.601267e-06)
(0.002255445 -4.290622e-05 1.500259e-06)
(0.002252925 -4.046574e-05 1.406975e-06)
(0.002250421 -3.817346e-05 1.320518e-06)
(0.002247944 -3.602143e-05 1.240144e-06)
(0.002245502 -3.400184e-05 1.165233e-06)
(0.002243103 -3.210715e-05 1.095261e-06)
(0.002240752 -3.033002e-05 1.029786e-06)
(0.002238453 -2.866343e-05 9.684307e-07)
(0.002236209 -2.710064e-05 9.108711e-07)
(0.002234022 -2.563521e-05 8.568256e-07)
(0.002231895 -2.426101e-05 8.060476e-07)
(0.002229827 -2.297223e-05 7.583207e-07)
(0.00222782 -2.176332e-05 7.134485e-07)
(0.002225873 -2.062917e-05 6.712586e-07)
(0.002223985 -1.956449e-05 6.31591e-07)
(0.002160225 -3.948296e-05 1.983454e-06)
(0.002155813 -3.705322e-05 1.85482e-06)
(0.002151556 -3.478686e-05 1.735347e-06)
(0.002147454 -3.267342e-05 1.624149e-06)
(0.002143507 -3.070289e-05 1.520479e-06)
(0.002139714 -2.886579e-05 1.423698e-06)
(0.002136071 -2.715314e-05 1.333257e-06)
(0.002132575 -2.555645e-05 1.248677e-06)
(0.002129222 -2.406775e-05 1.169537e-06)
(0.002126007 -2.267952e-05 1.095463e-06)
(0.002122926 -2.138473e-05 1.026118e-06)
(0.002119973 -2.017676e-05 9.611999e-07)
(0.002117145 -1.904947e-05 9.004336e-07)
(0.002114436 -1.799706e-05 8.435677e-07)
(0.002111841 -1.701423e-05 7.903654e-07)
(0.002109355 -1.609575e-05 7.406617e-07)
(0.002001675 -3.088068e-05 2.231098e-06)
(0.001996081 -2.885291e-05 2.080787e-06)
(0.001990774 -2.697481e-05 1.940948e-06)
(0.001985739 -2.523515e-05 1.810735e-06)
(0.001980964 -2.36235e-05 1.689406e-06)
(0.001976435 -2.213013e-05 1.576306e-06)
(0.00197214 -2.074603e-05 1.470848e-06)
(0.001968066 -1.946283e-05 1.372505e-06)
(0.001964201 -1.827277e-05 1.280797e-06)
(0.001960533 -1.716866e-05 1.195285e-06)
(0.001957051 -1.614386e-05 1.115563e-06)
(0.001953744 -1.519223e-05 1.041259e-06)
(0.001950603 -1.430811e-05 9.720261e-07)
(0.001947618 -1.348626e-05 9.075473e-07)
(0.00194478 -1.272186e-05 8.475166e-07)
(0.00194208 -1.20105e-05 7.917348e-07)
(0.00176559 -2.105834e-05 2.274352e-06)
(0.001759841 -1.960296e-05 2.115468e-06)
(0.001754444 -1.82631e-05 1.967753e-06)
(0.001749376 -1.702911e-05 1.830422e-06)
(0.001744614 -1.589213e-05 1.702754e-06)
(0.001740137 -1.484406e-05 1.584084e-06)
(0.001735925 -1.387745e-05 1.473797e-06)
(0.00173196 -1.29855e-05 1.371323e-06)
(0.001728225 -1.216198e-05 1.276131e-06)
(0.001724704 -1.140119e-05 1.187726e-06)
(0.001721382 -1.06979e-05 1.105647e-06)
(0.001718246 -1.004734e-05 1.029464e-06)
(0.001715283 -9.445149e-06 9.587773e-07)
(0.001712481 -8.887366e-06 8.932162e-07)
(0.00170983 -8.370326e-06 8.324285e-07)
(0.001707318 -7.89094e-06 7.761715e-07)
(0.001434034 -1.175299e-05 2.083483e-06)
(0.001429169 -1.091085e-05 1.934092e-06)
(0.001424635 -1.013916e-05 1.795467e-06)
(0.001420405 -9.431587e-06 1.666901e-06)
(0.001416454 -8.78237e-06 1.547715e-06)
(0.001412761 -8.186282e-06 1.437267e-06)
(0.001409305 -7.638583e-06 1.334949e-06)
(0.001406068 -7.134974e-06 1.240189e-06)
(0.001403032 -6.671553e-06 1.152453e-06)
(0.001400181 -6.244782e-06 1.071237e-06)
(0.001397502 -5.851452e-06 9.960736e-07)
(0.001394982 -5.488653e-06 9.265245e-07)
(0.001392608 -5.153743e-06 8.621849e-07)
(0.001390371 -4.844364e-06 8.026786e-07)
(0.001388259 -4.558298e-06 7.476533e-07)
(0.001386263 -4.293924e-06 6.968419e-07)
(0.0009852197 -4.416097e-06 1.656691e-06)
(0.0009820037 -4.092803e-06 1.53677e-06)
(0.0009790193 -3.797528e-06 1.425728e-06)
(0.0009762462 -3.527595e-06 1.322969e-06)
(0.0009736658 -3.280606e-06 1.227918e-06)
(0.0009712615 -3.054406e-06 1.140026e-06)
(0.0009690181 -2.847062e-06 1.058772e-06)
(0.0009669222 -2.656831e-06 9.8367e-07)
(0.0009649612 -2.482146e-06 9.14263e-07)
(0.0009631242 -2.321591e-06 8.501259e-07)
(0.0009614009 -2.173892e-06 7.908624e-07)
(0.0009597824 -2.037904e-06 7.361052e-07)
(0.0009582602 -1.91259e-06 6.855157e-07)
(0.0009568268 -1.797057e-06 6.387803e-07)
(0.0009554757 -1.690419e-06 5.956119e-07)
(0.0009541998 -1.592226e-06 5.557717e-07)
(0.0003899493 -2.724247e-07 8.576543e-07)
(0.0003887989 -2.521901e-07 7.962696e-07)
(0.000387734 -2.337718e-07 7.394601e-07)
(0.0003867465 -2.169778e-07 6.869083e-07)
(0.0003858293 -2.016434e-07 6.383093e-07)
(0.0003849761 -1.87625e-07 5.933752e-07)
(0.0003841809 -1.747957e-07 5.518348e-07)
(0.0003834387 -1.630427e-07 5.134355e-07)
(0.0003827449 -1.522655e-07 4.779409e-07)
(0.0003820953 -1.423746e-07 4.451319e-07)
(0.0003814862 -1.332894e-07 4.148043e-07)
(0.0003809141 -1.249419e-07 3.867688e-07)
(0.0003803762 -1.172666e-07 3.608508e-07)
(0.0003798696 -1.102318e-07 3.368856e-07)
(0.0003793918 -1.037558e-07 3.147227e-07)
(0.0003789404 -9.794356e-08 2.942216e-07)
(0.002346393 4.005135e-06 1.590309e-07)
(0.002352295 3.859953e-06 1.207189e-07)
(0.002357969 3.719543e-06 8.842166e-08)
(0.002363423 3.583926e-06 6.13157e-08)
(0.002368669 3.453089e-06 3.868818e-08)
(0.002373716 3.326986e-06 1.99207e-08)
(0.002378572 3.205548e-06 4.475022e-09)
(0.002383247 3.088686e-06 -8.118229e-09)
(0.002387748 2.976297e-06 -1.826894e-08)
(0.002392083 2.868262e-06 -2.63352e-08)
(0.002396259 2.764457e-06 -3.263128e-08)
(0.002400282 2.664748e-06 -3.743217e-08)
(0.00240416 2.568998e-06 -4.098313e-08)
(0.002407899 2.477069e-06 -4.349912e-08)
(0.002411503 2.388818e-06 -4.516189e-08)
(0.002414981 2.30411e-06 -4.62348e-08)
(0.002346393 -4.005114e-06 1.590314e-07)
(0.002352295 -3.859929e-06 1.207193e-07)
(0.002357969 -3.719517e-06 8.842207e-08)
(0.002363423 -3.583899e-06 6.131615e-08)
(0.002368669 -3.453059e-06 3.86887e-08)
(0.002373716 -3.326954e-06 1.992121e-08)
(0.002378572 -3.205513e-06 4.475328e-09)
(0.002383247 -3.088649e-06 -8.118112e-09)
(0.002387748 -2.976257e-06 -1.826897e-08)
(0.002392083 -2.868219e-06 -2.63354e-08)
(0.002396259 -2.76441e-06 -3.263178e-08)
(0.002400282 -2.664698e-06 -3.743277e-08)
(0.00240416 -2.568944e-06 -4.098339e-08)
(0.002407899 -2.477011e-06 -4.349902e-08)
(0.002411503 -2.388757e-06 -4.516161e-08)
(0.002414981 -2.304044e-06 -4.623443e-08)
(0.002348681 -1.198827e-05 1.591427e-07)
(0.002354536 -1.155056e-05 1.213967e-07)
(0.002360159 -1.112726e-05 8.962088e-08)
(0.002365561 -1.071843e-05 6.299211e-08)
(0.002370751 -1.032402e-05 4.079834e-08)
(0.002375739 -9.94389e-06 2.242236e-08)
(0.002380535 -9.577846e-06 7.327307e-09)
(0.002385146 -9.225616e-06 -4.954622e-09)
(0.002389582 -8.886891e-06 -1.483165e-08)
(0.002393849 -8.561319e-06 -2.266011e-08)
(0.002397955 -8.248525e-06 -2.875244e-08)
(0.002401908 -7.948112e-06 -3.338131e-08)
(0.002405713 -7.65967e-06 -3.678979e-08)
(0.002409378 -7.382781e-06 -3.919157e-08)
(0.002412907 -7.117023e-06 -4.076649e-08)
(0.002416307 -6.861979e-06 -4.177788e-08)
(0.002353204 -1.987682e-05 1.630734e-07)
(0.002358946 -1.913974e-05 1.263836e-07)
(0.002364448 -1.842704e-05 9.556423e-08)
(0.002369723 -1.77388e-05 6.97943e-08)
(0.002374781 -1.707496e-05 4.836466e-08)
(0.002379632 -1.64353e-05 3.066168e-08)
(0.002384286 -1.581946e-05 1.615248e-08)
(0.002388751 -1.5227e-05 4.373535e-09)
(0.002393036 -1.465741e-05 -5.078858e-09)
(0.002397148 -1.411011e-05 -1.255636e-08)
(0.002401097 -1.358446e-05 -1.83666e-08)
(0.002404888 -1.307981e-05 -2.277748e-08)
(0.00240853 -1.259546e-05 -2.602726e-08)
(0.002412028 -1.213072e-05 -2.832541e-08)
(0.002415389 -1.168488e-05 -2.984697e-08)
(0.00241862 -1.125722e-05 -3.085442e-08)
(0.00235974 -2.75586e-05 1.789085e-07)
(0.002365257 -2.650981e-05 1.435136e-07)
(0.002370525 -2.549621e-05 1.1382e-07)
(0.002375557 -2.451792e-05 8.901315e-08)
(0.002380363 -2.357482e-05 6.839154e-08)
(0.002384955 -2.266658e-05 5.135001e-08)
(0.002389343 -2.179271e-05 3.736458e-08)
(0.002393537 -2.095257e-05 2.598087e-08)
(0.002397545 -2.014542e-05 1.680452e-08)
(0.002401377 -1.937041e-05 9.49322e-09)
(0.002405041 -1.862666e-05 3.748643e-09)
(0.002408545 -1.791321e-05 -6.880515e-10)
(0.002411896 -1.722907e-05 -4.046099e-09)
(0.002415103 -1.657322e-05 -6.527024e-09)
(0.002418171 -1.594466e-05 -8.297226e-09)
(0.002421108 -1.534232e-05 -9.615528e-09)
(0.002367622 -3.483364e-05 2.198721e-07)
(0.002372729 -3.345575e-05 1.853964e-07)
(0.002377576 -3.212567e-05 1.563822e-07)
(0.002382176 -3.084349e-05 1.320294e-07)
(0.002386542 -2.960898e-05 1.116523e-07)
(0.002390687 -2.842163e-05 9.466193e-08)
(0.002394622 -2.728072e-05 8.055063e-08)
(0.002398358 -2.618537e-05 6.888032e-08)
(0.002401905 -2.513451e-05 5.927277e-08)
(0.002405275 -2.412699e-05 5.140142e-08)
(0.002408475 -2.316155e-05 4.498333e-08)
(0.002411516 -2.223687e-05 3.977424e-08)
(0.002414406 -2.13516e-05 3.555925e-08)
(0.002417152 -2.050432e-05 3.214939e-08)
(0.002419762 -1.969364e-05 2.939134e-08)
(0.002422244 -1.891805e-05 2.703514e-08)
(0.002375257 -4.136096e-05 3.036431e-07)
(0.002379664 -3.963609e-05 2.685583e-07)
(0.002383802 -3.797492e-05 2.386636e-07)
(0.002387688 -3.637728e-05 2.131839e-07)
(0.002391337 -3.484264e-05 1.914589e-07)
(0.002394764 -3.337011e-05 1.729248e-07)
(0.002397982 -3.195855e-05 1.570986e-07)
(0.002401004 -3.060659e-05 1.435663e-07)
(0.002403842 -2.931271e-05 1.319728e-07)
(0.002406508 -2.807521e-05 1.220136e-07)
(0.002409013 -2.689233e-05 1.134271e-07)
(0.002411367 -2.576219e-05 1.059886e-07)
(0.002413578 -2.468291e-05 9.950241e-08)
(0.002415657 -2.365251e-05 9.379611e-08)
(0.00241761 -2.266911e-05 8.873294e-08)
(0.002419448 -2.173057e-05 8.407938e-08)
(0.002379403 -4.661288e-05 4.487338e-07)
(0.002382704 -4.453529e-05 4.098217e-07)
(0.002385743 -4.254198e-05 3.759014e-07)
(0.00238854 -4.063208e-05 3.462302e-07)
(0.002391113 -3.880427e-05 3.201805e-07)
(0.002393479 -3.705689e-05 2.972195e-07)
(0.002395654 -3.538795e-05 2.768926e-07)
(0.002397652 -3.379525e-05 2.588137e-07)
(0.002399488 -3.227641e-05 2.426548e-07)
(0.002401173 -3.082892e-05 2.28137e-07)
(0.00240272 -2.945016e-05 2.15022e-07)
(0.002404139 -2.813748e-05 2.031066e-07)
(0.002405439 -2.688817e-05 1.922153e-07)
(0.002406631 -2.569951e-05 1.821928e-07)
(0.002407722 -2.456888e-05 1.729183e-07)
(0.002408721 -2.349334e-05 1.641809e-07)
(0.00237431 -4.988211e-05 6.660108e-07)
(0.002376026 -4.748051e-05 6.182845e-07)
(0.00237752 -4.518865e-05 5.755852e-07)
(0.002378812 -4.300415e-05 5.371996e-07)
(0.002379924 -4.09242e-05 5.025289e-07)
(0.002380872 -3.894566e-05 4.710693e-07)
(0.002381675 -3.706515e-05 4.423947e-07)
(0.002382346 -3.52791e-05 4.161448e-07)
(0.002382899 -3.358382e-05 3.920142e-07)
(0.002383346 -3.197555e-05 3.697439e-07)
(0.0023837 -3.04505e-05 3.491135e-07)
(0.002383969 -2.900488e-05 3.299349e-07)
(0.002384163 -2.763494e-05 3.120467e-07)
(0.00238429 -2.633696e-05 2.95304e-07)
(0.002384357 -2.510742e-05 2.795951e-07)
(0.002384373 -2.394239e-05 2.647352e-07)
(0.002351 -5.039379e-05 9.47899e-07)
(0.002350706 -4.775858e-05 8.854467e-07)
(0.002350274 -4.526054e-05 8.284428e-07)
(0.002349724 -4.289484e-05 7.761921e-07)
(0.002349076 -4.065637e-05 7.281131e-07)
(0.002348346 -3.853985e-05 6.837181e-07)
(0.002347547 -3.653992e-05 6.425952e-07)
(0.002346692 -3.465117e-05 6.043956e-07)
(0.002345792 -3.286823e-05 5.688225e-07)
(0.002344857 -3.118578e-05 5.356227e-07)
(0.002343895 -2.959861e-05 5.045788e-07)
(0.002342913 -2.810164e-05 4.755024e-07)
(0.002341918 -2.668993e-05 4.48231e-07)
(0.002340914 -2.535868e-05 4.226155e-07)
(0.002339907 -2.41034e-05 3.985381e-07)
(0.0023389 -2.291923e-05 3.758341e-07)
(0.002297103 -4.756047e-05 1.258085e-06)
(0.002294615 -4.486063e-05 1.176176e-06)
(0.00229212 -4.232039e-05 1.100551e-06)
(0.002289633 -3.993191e-05 1.030522e-06)
(0.002287166 -3.768737e-05 9.65511e-07)
(0.002284728 -3.557911e-05 9.050289e-07)
(0.002282327 -3.35996e-05 8.486593e-07)
(0.00227997 -3.174154e-05 7.960446e-07)
(0.002277661 -2.999787e-05 7.468754e-07)
(0.002275405 -2.836181e-05 7.008817e-07)
(0.002273203 -2.682683e-05 6.578265e-07)
(0.002271058 -2.538671e-05 6.17499e-07)
(0.002268971 -2.403553e-05 5.797136e-07)
(0.002266943 -2.276762e-05 5.442956e-07)
(0.002264974 -2.157773e-05 5.111006e-07)
(0.002263064 -2.046043e-05 4.799689e-07)
(0.002197531 -4.130812e-05 1.534926e-06)
(0.002193089 -3.87783e-05 1.432573e-06)
(0.002188797 -3.641608e-05 1.337593e-06)
(0.002184657 -3.421106e-05 1.249306e-06)
(0.002180669 -3.215325e-05 1.167132e-06)
(0.002176832 -3.023316e-05 1.090568e-06)
(0.002173143 -2.844175e-05 1.019175e-06)
(0.002169601 -2.677045e-05 9.52567e-07)
(0.002166201 -2.521117e-05 8.903989e-07)
(0.002162939 -2.375628e-05 8.32361e-07)
(0.002159811 -2.23986e-05 7.781738e-07)
(0.002156813 -2.113139e-05 7.275811e-07)
(0.002153939 -1.994832e-05 6.803524e-07)
(0.002151184 -1.884344e-05 6.362673e-07)
(0.002148545 -1.78113e-05 5.951366e-07)
(0.002146015 -1.68465e-05 5.567839e-07)
(0.002035754 -3.234226e-05 1.704747e-06)
(0.002030084 -3.022821e-05 1.586837e-06)
(0.0020247 -2.826816e-05 1.477293e-06)
(0.00201959 -2.645085e-05 1.375463e-06)
(0.002014741 -2.476574e-05 1.280766e-06)
(0.002010139 -2.320301e-05 1.192682e-06)
(0.002005772 -2.175352e-05 1.110739e-06)
(0.002001629 -2.040876e-05 1.034511e-06)
(0.001997696 -1.916081e-05 9.636041e-07)
(0.001993962 -1.800233e-05 8.97656e-07)
(0.001990417 -1.692651e-05 8.363326e-07)
(0.001987049 -1.592706e-05 7.793219e-07)
(0.001983849 -1.499813e-05 7.263397e-07)
(0.001980807 -1.413432e-05 6.771119e-07)
(0.001977914 -1.333067e-05 6.313999e-07)
(0.001975161 -1.25826e-05 5.889946e-07)
(0.001794785 -2.208538e-05 1.718189e-06)
(0.001788944 -2.056594e-05 1.594998e-06)
(0.001783458 -1.916564e-05 1.480697e-06)
(0.001778304 -1.787472e-05 1.374666e-06)
(0.001773459 -1.66842e-05 1.276331e-06)
(0.001768903 -1.558585e-05 1.185155e-06)
(0.001764615 -1.457209e-05 1.100639e-06)
(0.001760578 -1.363597e-05 1.022317e-06)
(0.001756773 -1.277111e-05 9.49753e-07)
(0.001753186 -1.197165e-05 8.825412e-07)
(0.001749802 -1.123223e-05 8.203019e-07)
(0.001746605 -1.054794e-05 7.6268e-07)
(0.001743585 -9.914266e-06 7.0935e-07)
(0.001740729 -9.327118e-06 6.599997e-07)
(0.001738025 -8.782696e-06 6.143569e-07)
(0.001735464 -8.277789e-06 5.721818e-07)
(0.001456606 -1.235098e-05 1.553924e-06)
(0.001451661 -1.147022e-05 1.439689e-06)
(0.001447051 -1.066226e-05 1.333962e-06)
(0.001442748 -9.920649e-06 1.236171e-06)
(0.00143873 -9.239546e-06 1.145767e-06)
(0.001434972 -8.613622e-06 1.062223e-06)
(0.001431455 -8.038034e-06 9.850448e-07)
(0.001428159 -7.50838e-06 9.137646e-07)
(0.001425068 -7.020659e-06 8.479445e-07)
(0.001422166 -6.57123e-06 7.871757e-07)
(0.001419437 -6.156787e-06 7.310772e-07)
(0.00141687 -5.774326e-06 6.792938e-07)
(0.001414453 -5.421113e-06 6.315009e-07)
(0.001412173 -5.094703e-06 5.873885e-07)
(0.001410021 -4.792794e-06 5.46689e-07)
(0.001407988 -4.51369e-06 5.091555e-07)
(0.0009995622 -4.660752e-06 1.224822e-06)
(0.0009962962 -4.32145e-06 1.134269e-06)
(0.0009932649 -4.011158e-06 1.050666e-06)
(0.0009904476 -3.727159e-06 9.735258e-07)
(0.0009878256 -3.467009e-06 9.023745e-07)
(0.0009853821 -3.228511e-06 8.367635e-07)
(0.0009831018 -3.009685e-06 7.762695e-07)
(0.000980971 -2.808745e-06 7.204971e-07)
(0.0009789773 -2.624079e-06 6.690777e-07)
(0.0009771093 -2.454229e-06 6.216695e-07)
(0.0009753568 -2.297879e-06 5.779561e-07)
(0.0009737105 -2.153842e-06 5.376447e-07)
(0.0009721621 -2.021045e-06 5.004696e-07)
(0.000970704 -1.898557e-06 4.661788e-07)
(0.0009693293 -1.785458e-06 4.345603e-07)
(0.0009680312 -1.68127e-06 4.054071e-07)
(0.00039487 -2.960812e-07 6.252516e-07)
(0.0003937043 -2.743368e-07 5.799249e-07)
(0.000392625 -2.544956e-07 5.380782e-07)
(0.000391624 -2.363629e-07 4.994565e-07)
(0.0003906942 -2.19771e-07 4.638163e-07)
(0.0003898289 -2.045731e-07 4.309292e-07)
(0.0003890225 -1.906392e-07 4.005813e-07)
(0.0003882697 -1.778531e-07 3.725748e-07)
(0.0003875659 -1.661106e-07 3.467255e-07)
(0.0003869068 -1.553189e-07 3.228638e-07)
(0.0003862888 -1.453939e-07 3.008326e-07)
(0.0003857083 -1.36264e-07 2.804864e-07)
(0.0003851623 -1.27861e-07 2.616935e-07)
(0.0003846481 -1.201499e-07 2.443248e-07)
(0.0003841632 -1.130473e-07 2.28274e-07)
(0.0003837049 -1.066581e-07 2.134202e-07)
(0.00237096 4.105073e-06 1.838152e-07)
(0.002377019 3.957407e-06 1.510499e-07)
(0.002382843 3.814405e-06 1.227812e-07)
(0.002388441 3.676118e-06 9.846746e-08)
(0.002393825 3.542553e-06 7.762876e-08)
(0.002399003 3.41369e-06 5.984026e-08)
(0.002403987 3.289477e-06 4.472441e-08)
(0.002408783 3.169843e-06 3.194535e-08)
(0.0024134 3.054699e-06 2.120414e-08)
(0.002417846 2.943938e-06 1.223516e-08)
(0.00242213 2.837447e-06 4.800789e-09)
(0.002426256 2.735101e-06 -1.30803e-09)
(0.002430233 2.636771e-06 -6.285709e-09)
(0.002434066 2.542322e-06 -1.028913e-08)
(0.002437762 2.451619e-06 -1.349054e-08)
(0.002441327 2.364527e-06 -1.602714e-08)
(0.00237096 -4.105051e-06 1.838157e-07)
(0.002377019 -3.957384e-06 1.510504e-07)
(0.002382843 -3.81438e-06 1.227816e-07)
(0.002388441 -3.67609e-06 9.846788e-08)
(0.002393825 -3.542524e-06 7.762922e-08)
(0.002399003 -3.413658e-06 5.98407e-08)
(0.002403987 -3.289443e-06 4.47247e-08)
(0.002408783 -3.169807e-06 3.194548e-08)
(0.0024134 -3.054659e-06 2.120413e-08)
(0.002417847 -2.943896e-06 1.223501e-08)
(0.00242213 -2.837402e-06 4.800405e-09)
(0.002426256 -2.735052e-06 -1.308504e-09)
(0.002430233 -2.636718e-06 -6.28596e-09)
(0.002434066 -2.542266e-06 -1.028912e-08)
(0.002437762 -2.451559e-06 -1.349037e-08)
(0.002441327 -2.364462e-06 -1.602688e-08)
(0.002373286 -1.228852e-05 1.837181e-07)
(0.002379298 -1.184324e-05 1.513596e-07)
(0.002385072 -1.141204e-05 1.234638e-07)
(0.002390617 -1.099508e-05 9.948987e-08)
(0.002395945 -1.059238e-05 7.895863e-08)
(0.002401065 -1.020387e-05 6.144639e-08)
(0.002405987 -9.829407e-06 4.657686e-08)
(0.00241072 -9.468775e-06 3.401552e-08)
(0.002415271 -9.121704e-06 2.346482e-08)
(0.00241965 -8.787881e-06 1.466062e-08)
(0.002423863 -8.466963e-06 7.366744e-09)
(0.002427918 -8.158576e-06 1.375913e-09)
(0.002431821 -7.862334e-06 -3.504603e-09)
(0.00243558 -7.577835e-06 -7.430618e-09)
(0.002439199 -7.30467e-06 -1.057302e-08)
(0.002442686 -7.042434e-06 -1.306861e-08)
(0.002377887 -2.037837e-05 1.859715e-07)
(0.002383786 -1.962822e-05 1.543732e-07)
(0.002389439 -1.890193e-05 1.271631e-07)
(0.002394858 -1.819976e-05 1.038023e-07)
(0.002400054 -1.752174e-05 8.381452e-08)
(0.002405037 -1.686776e-05 6.677904e-08)
(0.002409816 -1.623757e-05 5.232295e-08)
(0.002414401 -1.563082e-05 4.011521e-08)
(0.002418801 -1.504706e-05 2.98619e-08)
(0.002423023 -1.448576e-05 2.130254e-08)
(0.002427077 -1.394634e-05 1.420468e-08)
(0.002430969 -1.34282e-05 8.364654e-09)
(0.002434707 -1.293066e-05 3.593378e-09)
(0.002438297 -1.245307e-05 -2.618347e-10)
(0.002441746 -1.199474e-05 -3.368356e-09)
(0.002445061 -1.155496e-05 -5.861883e-09)
(0.002384544 -2.826178e-05 1.958567e-07)
(0.002390219 -2.719369e-05 1.651987e-07)
(0.002395638 -2.616016e-05 1.388044e-07)
(0.002400813 -2.51615e-05 1.161405e-07)
(0.002405756 -2.419777e-05 9.673701e-08)
(0.002410478 -2.326877e-05 8.017991e-08)
(0.002414989 -2.237415e-05 6.610327e-08)
(0.0024193 -2.151339e-05 5.418313e-08)
(0.002423421 -2.068584e-05 4.413271e-08)
(0.00242736 -1.989075e-05 3.569855e-08)
(0.002431126 -1.912728e-05 2.865516e-08)
(0.002434727 -1.839453e-05 2.280551e-08)
(0.002438171 -1.769158e-05 1.796719e-08)
(0.002441466 -1.701743e-05 1.399305e-08)
(0.002444618 -1.637111e-05 1.072235e-08)
(0.002447635 -1.575156e-05 8.021507e-09)
(0.002392593 -3.573558e-05 2.219101e-07)
(0.002397858 -3.433113e-05 1.91956e-07)
(0.002402853 -3.297381e-05 1.660919e-07)
(0.002407593 -3.166397e-05 1.437961e-07)
(0.002412092 -3.040158e-05 1.246102e-07)
(0.002416362 -2.918633e-05 1.081328e-07)
(0.002420415 -2.801766e-05 9.400992e-08)
(0.002424264 -2.689482e-05 8.192985e-08)
(0.002427918 -2.581687e-05 7.161766e-08)
(0.002431388 -2.478275e-05 6.283137e-08)
(0.002434685 -2.37913e-05 5.535662e-08)
(0.002437816 -2.284126e-05 4.900671e-08)
(0.002440791 -2.19313e-05 4.360967e-08)
(0.002443619 -2.106008e-05 3.902647e-08)
(0.002446306 -2.022623e-05 3.5107e-08)
(0.002448862 -1.942825e-05 3.172098e-08)
(0.002400434 -4.245106e-05 2.752673e-07)
(0.002404992 -4.06911e-05 2.450162e-07)
(0.002409271 -3.899427e-05 2.18661e-07)
(0.00241329 -3.73607e-05 1.956981e-07)
(0.002417063 -3.57901e-05 1.756881e-07)
(0.002420605 -3.428182e-05 1.582477e-07)
(0.002423932 -3.283489e-05 1.43041e-07)
(0.002427057 -3.14481e-05 1.297733e-07)
(0.002429992 -3.012006e-05 1.181863e-07)
(0.002432748 -2.88492e-05 1.080538e-07)
(0.002435338 -2.763381e-05 9.91762e-08)
(0.002437771 -2.64721e-05 9.138045e-08)
(0.002440057 -2.536223e-05 8.450837e-08)
(0.002442206 -2.430228e-05 7.843077e-08)
(0.002444226 -2.329036e-05 7.301207e-08)
(0.002446125 -2.232436e-05 6.812649e-08)
(0.00240479 -4.78663e-05 3.671762e-07)
(0.002408228 -4.574393e-05 3.345298e-07)
(0.002411393 -4.370561e-05 3.056365e-07)
(0.002414307 -4.17508e-05 2.800161e-07)
(0.002416988 -3.987844e-05 2.572531e-07)
(0.002419454 -3.808709e-05 2.369861e-07)
(0.002421722 -3.637498e-05 2.188978e-07)
(0.002423806 -3.474006e-05 2.027132e-07)
(0.002425721 -3.318007e-05 1.881933e-07)
(0.00242748 -3.16926e-05 1.751295e-07)
(0.002429095 -3.027512e-05 1.633389e-07)
(0.002430577 -2.892502e-05 1.526623e-07)
(0.002431936 -2.763964e-05 1.429561e-07)
(0.002433182 -2.641628e-05 1.341001e-07)
(0.002434324 -2.525233e-05 1.259747e-07)
(0.00243537 -2.414482e-05 1.184563e-07)
(0.002399834 -5.125242e-05 5.032487e-07)
(0.002401662 -4.879605e-05 4.650089e-07)
(0.002403257 -4.644981e-05 4.305373e-07)
(0.002404641 -4.421161e-05 3.993741e-07)
(0.002405835 -4.207891e-05 3.711238e-07)
(0.002406859 -4.00488e-05 3.45445e-07)
(0.00240773 -3.811806e-05 3.220417e-07)
(0.002408462 -3.628325e-05 3.006564e-07)
(0.002409072 -3.454079e-05 2.810649e-07)
(0.00240957 -3.288698e-05 2.630718e-07)
(0.002409969 -3.13181e-05 2.46506e-07)
(0.00241028 -2.983039e-05 2.312179e-07)
(0.002410511 -2.84201e-05 2.170743e-07)
(0.002410672 -2.708351e-05 2.03958e-07)
(0.00241077 -2.581708e-05 1.917627e-07)
(0.002410813 -2.461684e-05 1.803634e-07)
(0.002376446 -5.180859e-05 6.769509e-07)
(0.002376227 -4.911012e-05 6.294027e-07)
(0.002375861 -4.655003e-05 5.85895e-07)
(0.002375369 -4.412374e-05 5.459807e-07)
(0.00237477 -4.182636e-05 5.092759e-07)
(0.002374083 -3.965278e-05 4.754504e-07)
(0.002373321 -3.759774e-05 4.442174e-07)
(0.002372498 -3.565594e-05 4.15327e-07)
(0.002371625 -3.382205e-05 3.885604e-07)
(0.002370713 -3.209079e-05 3.637255e-07)
(0.002369771 -3.045695e-05 3.406527e-07)
(0.002368805 -2.891543e-05 3.19191e-07)
(0.002367823 -2.746128e-05 2.992073e-07)
(0.00236683 -2.608965e-05 2.805762e-07)
(0.002365831 -2.4796e-05 2.631965e-07)
(0.002364831 -2.357541e-05 2.469325e-07)
(0.002322052 -4.892459e-05 8.629795e-07)
(0.002319594 -4.615701e-05 8.033056e-07)
(0.002317123 -4.35511e-05 7.482177e-07)
(0.002314654 -4.109918e-05 6.972727e-07)
(0.002312199 -3.879358e-05 6.500886e-07)
(0.002309769 -3.66267e-05 6.063335e-07)
(0.002307372 -3.459107e-05 5.657165e-07)
(0.002305015 -3.267941e-05 5.279805e-07)
(0.002302704 -3.088465e-05 4.928967e-07)
(0.002300442 -2.919998e-05 4.602606e-07)
(0.002298233 -2.761883e-05 4.298885e-07)
(0.00229608 -2.613494e-05 4.016123e-07)
(0.002293983 -2.47423e-05 3.752839e-07)
(0.002291944 -2.343516e-05 3.507551e-07)
(0.002289963 -2.220821e-05 3.279163e-07)
(0.002288041 -2.105591e-05 3.066099e-07)
(0.002221316 -4.251864e-05 1.021392e-06)
(0.002216862 -3.992291e-05 9.492704e-07)
(0.002212554 -3.749746e-05 8.824536e-07)
(0.002208395 -3.523195e-05 8.205009e-07)
(0.002204385 -3.311644e-05 7.630245e-07)
(0.002200524 -3.114143e-05 7.096794e-07)
(0.002196811 -2.929785e-05 6.601559e-07)
(0.002193242 -2.757709e-05 6.141738e-07)
(0.002189815 -2.5971e-05 5.714774e-07)
(0.002186526 -2.447187e-05 5.318327e-07)
(0.00218337 -2.307243e-05 4.950248e-07)
(0.002180344 -2.176584e-05 4.608529e-07)
(0.002177442 -2.05457e-05 4.291383e-07)
(0.00217466 -1.940595e-05 3.99697e-07)
(0.002171993 -1.834101e-05 3.72397e-07)
(0.002169436 -1.734539e-05 3.470485e-07)
(0.002057475 -3.33117e-05 1.104682e-06)
(0.002051762 -3.114074e-05 1.023755e-06)
(0.002046335 -2.912658e-05 9.487956e-07)
(0.00204118 -2.725792e-05 8.793682e-07)
(0.002036287 -2.552421e-05 8.150752e-07)
(0.002031641 -2.391555e-05 7.5555e-07)
(0.002027232 -2.242273e-05 7.004534e-07)
(0.002023046 -2.103714e-05 6.494703e-07)
(0.002019072 -1.975078e-05 6.023075e-07)
(0.002015298 -1.855621e-05 5.586911e-07)
(0.002011714 -1.744652e-05 5.183665e-07)
(0.002008309 -1.641529e-05 4.810931e-07)
(0.002005072 -1.545658e-05 4.466557e-07)
(0.002001994 -1.456489e-05 4.148317e-07)
(0.001999067 -1.373515e-05 3.854615e-07)
(0.001996281 -1.296265e-05 3.583227e-07)
(0.001813379 -2.276683e-05 1.086571e-06)
(0.001807482 -2.120508e-05 1.003893e-06)
(0.001801942 -1.976481e-05 9.275312e-07)
(0.001796736 -1.843621e-05 8.570512e-07)
(0.001791841 -1.721024e-05 7.920399e-07)
(0.001787237 -1.607858e-05 7.321052e-07)
(0.001782903 -1.503355e-05 6.768765e-07)
(0.001778821 -1.406812e-05 6.260048e-07)
(0.001774974 -1.317582e-05 5.791619e-07)
(0.001771346 -1.235069e-05 5.360404e-07)
(0.001767922 -1.158728e-05 4.963537e-07)
(0.001764689 -1.088058e-05 4.598321e-07)
(0.001761633 -1.022599e-05 4.26234e-07)
(0.001758742 -9.61933e-06 3.95313e-07)
(0.001756006 -9.056707e-06 3.668908e-07)
(0.001753414 -8.534831e-06 3.40728e-07)
(0.001470963 -1.274735e-05 9.55267e-07)
(0.001465969 -1.184111e-05 8.807092e-07)
(0.001461313 -1.100917e-05 8.121306e-07)
(0.001456967 -1.024507e-05 7.491077e-07)
(0.001452906 -9.54287e-06 6.912286e-07)
(0.001449109 -8.897198e-06 6.380993e-07)
(0.001445554 -8.303143e-06 5.893462e-07)
(0.001442222 -7.756235e-06 5.446185e-07)
(0.001439097 -7.252409e-06 5.035881e-07)
(0.001436162 -6.787959e-06 4.659497e-07)
(0.001433404 -6.359515e-06 4.314213e-07)
(0.001430807 -5.964011e-06 3.9974e-07)
(0.001428362 -5.598653e-06 3.706717e-07)
(0.001426056 -5.260938e-06 3.439813e-07)
(0.001423879 -4.948511e-06 3.194987e-07)
(0.001421822 -4.659623e-06 2.969965e-07)
(0.001008671 -4.823413e-06 7.39291e-07)
(0.001005374 -4.473515e-06 6.816633e-07)
(0.001002315 -4.153277e-06 6.288452e-07)
(0.0009994702 -3.859956e-06 5.804611e-07)
(0.0009968228 -3.591081e-06 5.361502e-07)
(0.0009943552 -3.344425e-06 4.955725e-07)
(0.0009920522 -3.117979e-06 4.584105e-07)
(0.0009899 -2.909929e-06 4.243699e-07)
(0.0009878859 -2.718633e-06 3.931792e-07)
(0.0009859986 -2.542607e-06 3.645891e-07)
(0.0009842279 -2.380506e-06 3.38372e-07)
(0.0009825644 -2.231118e-06 3.143179e-07)
(0.0009809997 -2.093343e-06 2.922426e-07)
(0.000979526 -1.966226e-06 2.719629e-07)
(0.0009781367 -1.848828e-06 2.533523e-07)
(0.0009768246 -1.740647e-06 2.362375e-07)
(0.0003979908 -3.124894e-07 3.656262e-07)
(0.0003968159 -2.897005e-07 3.381541e-07)
(0.0003957279 -2.688755e-07 3.129595e-07)
(0.0003947187 -2.498176e-07 2.898532e-07)
(0.0003937811 -2.323571e-07 2.686573e-07)
(0.0003929086 -2.163448e-07 2.492072e-07)
(0.0003920953 -2.016482e-07 2.313511e-07)
(0.000391336 -1.881488e-07 2.149503e-07)
(0.000390626 -1.7574e-07 1.998777e-07)
(0.000389961 -1.643263e-07 1.860175e-07)
(0.0003893374 -1.538213e-07 1.732645e-07)
(0.0003887517 -1.441512e-07 1.615213e-07)
(0.0003882008 -1.352455e-07 1.507032e-07)
(0.0003876818 -1.270674e-07 1.407205e-07)
(0.0003871923 -1.195331e-07 1.315162e-07)
(0.0003867298 -1.127471e-07 1.229886e-07)
(0.0023816 4.150809e-06 2.053187e-07)
(0.002387737 4.002028e-06 1.790858e-07)
(0.002393633 3.857859e-06 1.556621e-07)
(0.002399302 3.718364e-06 1.348132e-07)
(0.002404752 3.583565e-06 1.163135e-07)
(0.002409994 3.453449e-06 9.995002e-08)
(0.002415038 3.327975e-06 8.552179e-08)
(0.002419893 3.207079e-06 7.284002e-08)
(0.002424566 3.090679e-06 6.172837e-08)
(0.002429065 2.978675e-06 5.202377e-08)
(0.002433399 2.870957e-06 4.357384e-08)
(0.002437575 2.767405e-06 3.624302e-08)
(0.002441598 2.667893e-06 2.989354e-08)
(0.002445476 2.57229e-06 2.443444e-08)
(0.002449215 2.480463e-06 1.970033e-08)
(0.002452821 2.392278e-06 1.57064e-08)
(0.0023816 -4.150788e-06 2.053192e-07)
(0.002387737 -4.002005e-06 1.790863e-07)
(0.002393633 -3.857834e-06 1.556625e-07)
(0.002399302 -3.718337e-06 1.348136e-07)
(0.002404752 -3.583536e-06 1.163139e-07)
(0.002409994 -3.453417e-06 9.995039e-08)
(0.002415038 -3.327941e-06 8.552206e-08)
(0.002419893 -3.207043e-06 7.284016e-08)
(0.002424566 -3.09064e-06 6.172838e-08)
(0.002429065 -2.978633e-06 5.202366e-08)
(0.002433399 -2.870912e-06 4.357356e-08)
(0.002437575 -2.767357e-06 3.624265e-08)
(0.002441598 -2.667842e-06 2.989332e-08)
(0.002445476 -2.572235e-06 2.443441e-08)
(0.002449215 -2.480404e-06 1.970043e-08)
(0.002452821 -2.392215e-06 1.570658e-08)
(0.002383942 -1.242596e-05 2.049954e-07)
(0.002390032 -1.197727e-05 1.789972e-07)
(0.002395879 -1.154251e-05 1.557861e-07)
(0.002401494 -1.112187e-05 1.351284e-07)
(0.002406889 -1.071542e-05 1.167997e-07)
(0.002412073 -1.032311e-05 1.00588e-07)
(0.002417056 -9.944816e-06 8.629338e-08)
(0.002421847 -9.580357e-06 7.37282e-08)
(0.002426454 -9.22948e-06 6.271723e-08)
(0.002430885 -8.891891e-06 5.309852e-08)
(0.002435149 -8.567259e-06 4.472076e-08)
(0.002439252 -8.255226e-06 3.74496e-08)
(0.002443202 -7.955412e-06 3.114846e-08)
(0.002447005 -7.667426e-06 2.572712e-08)
(0.002450667 -7.390866e-06 2.102089e-08)
(0.002454195 -7.12533e-06 1.704599e-08)
(0.002388577 -2.060805e-05 2.054422e-07)
(0.002394554 -1.9852e-05 1.798843e-07)
(0.002400281 -1.911958e-05 1.57066e-07)
(0.00240577 -1.84111e-05 1.36756e-07)
(0.002411033 -1.772665e-05 1.187321e-07)
(0.002416079 -1.706616e-05 1.027849e-07)
(0.002420919 -1.642945e-05 8.871728e-08)
(0.002425562 -1.581618e-05 7.634412e-08)
(0.002430017 -1.522595e-05 6.54929e-08)
(0.002434292 -1.465825e-05 5.600424e-08)
(0.002438396 -1.411254e-05 4.772937e-08)
(0.002442336 -1.358822e-05 4.053634e-08)
(0.002446119 -1.308464e-05 3.429094e-08)
(0.002449753 -1.260116e-05 2.890493e-08)
(0.002453243 -1.21371e-05 2.421569e-08)
(0.002456598 -1.169175e-05 2.024094e-08)
(0.002395287 -2.858396e-05 2.089269e-07)
(0.00240104 -2.750716e-05 1.839256e-07)
(0.002406533 -2.646461e-05 1.615877e-07)
(0.002411778 -2.545671e-05 1.416864e-07)
(0.002416788 -2.44836e-05 1.240041e-07)
(0.002421573 -2.354515e-05 1.083366e-07)
(0.002426144 -2.264108e-05 9.449153e-08)
(0.002430512 -2.17709e-05 8.228873e-08)
(0.002434687 -2.093403e-05 7.156041e-08)
(0.002438677 -2.012975e-05 6.215177e-08)
(0.002442492 -1.935725e-05 5.391844e-08)
(0.002446139 -1.861567e-05 4.673251e-08)
(0.002449627 -1.790409e-05 4.046393e-08)
(0.002452964 -1.722154e-05 3.502737e-08)
(0.002456156 -1.656706e-05 3.026471e-08)
(0.002459211 -1.593962e-05 2.619416e-08)
(0.002403411 -3.614906e-05 2.189547e-07)
(0.002408753 -3.473258e-05 1.944226e-07)
(0.002413821 -3.336291e-05 1.724514e-07)
(0.00241863 -3.20405e-05 1.528223e-07)
(0.002423194 -3.076541e-05 1.353256e-07)
(0.002427525 -2.953744e-05 1.197653e-07)
(0.002431637 -2.835609e-05 1.059569e-07)
(0.00243554 -2.722068e-05 9.372795e-08)
(0.002439246 -2.613034e-05 8.291791e-08)
(0.002442765 -2.508404e-05 7.337889e-08)
(0.002446107 -2.408067e-05 6.497312e-08)
(0.002449282 -2.311898e-05 5.757843e-08)
(0.002452299 -2.219771e-05 5.107101e-08)
(0.002455165 -2.131549e-05 4.536887e-08)
(0.002457889 -2.047099e-05 4.032206e-08)
(0.00246048 -1.966272e-05 3.594566e-08)
(0.002411344 -4.295105e-05 2.39651e-07)
(0.002415977 -4.117515e-05 2.151517e-07)
(0.002420326 -3.94621e-05 1.931018e-07)
(0.00242441 -3.781216e-05 1.732941e-07)
(0.002428245 -3.622516e-05 1.555307e-07)
(0.002431845 -3.470054e-05 1.396266e-07)
(0.002435226 -3.323743e-05 1.254078e-07)
(0.002438401 -3.183471e-05 1.127119e-07)
(0.002441383 -3.049102e-05 1.013879e-07)
(0.002444183 -2.920485e-05 9.129661e-08)
(0.002446814 -2.797454e-05 8.230854e-08)
(0.002449286 -2.679835e-05 7.430837e-08)
(0.002451609 -2.567443e-05 6.718039e-08)
(0.002453792 -2.460089e-05 6.08451e-08)
(0.002455843 -2.357586e-05 5.516542e-08)
(0.002457773 -2.259723e-05 5.01467e-08)
(0.002415795 -4.844137e-05 2.745003e-07)
(0.002419302 -4.629862e-05 2.491327e-07)
(0.002422531 -4.423979e-05 2.261318e-07)
(0.002425504 -4.226447e-05 2.05304e-07)
(0.00242824 -4.037175e-05 1.864663e-07)
(0.002430756 -3.856029e-05 1.694453e-07)
(0.002433071 -3.682841e-05 1.540759e-07)
(0.002435198 -3.517413e-05 1.402068e-07)
(0.002437153 -3.359527e-05 1.276977e-07)
(0.002438949 -3.208945e-05 1.164189e-07)
(0.002440598 -3.065418e-05 1.062494e-07)
(0.002442112 -2.928689e-05 9.708023e-08)
(0.0024435 -2.798493e-05 8.880413e-08)
(0.002444773 -2.674561e-05 8.13413e-08)
(0.002445939 -2.556633e-05 7.457189e-08)
(0.002447008 -2.444412e-05 6.847872e-08)
(0.002410904 -5.188116e-05 3.235456e-07)
(0.002412791 -4.939982e-05 2.960198e-07)
(0.002414438 -4.702874e-05 2.70856e-07)
(0.002415871 -4.476599e-05 2.47872e-07)
(0.002417109 -4.260915e-05 2.268947e-07)
(0.002418172 -4.055542e-05 2.077622e-07)
(0.002419078 -3.860164e-05 1.903219e-07)
(0.002419844 -3.674446e-05 1.744306e-07)
(0.002420482 -3.498034e-05 1.599548e-07)
(0.002421007 -3.330562e-05 1.467704e-07)
(0.00242143 -3.17166e-05 1.34762e-07)
(0.002421763 -3.020953e-05 1.238238e-07)
(0.002422014 -2.878069e-05 1.13855e-07)
(0.002422192 -2.742633e-05 1.047703e-07)
(0.002422306 -2.614293e-05 9.646984e-08)
(0.002422363 -2.49265e-05 8.890067e-08)
(0.002387489 -5.245766e-05 3.814632e-07)
(0.002387312 -4.97303e-05 3.504027e-07)
(0.002386983 -4.714183e-05 3.21821e-07)
(0.002386524 -4.46878e-05 2.955424e-07)
(0.002385954 -4.236342e-05 2.713997e-07)
(0.002385291 -4.016367e-05 2.492358e-07)
(0.002384551 -3.808335e-05 2.289023e-07)
(0.002383747 -3.61172e-05 2.102588e-07)
(0.002382891 -3.425991e-05 1.931732e-07)
(0.002381994 -3.250621e-05 1.775218e-07)
(0.002381063 -3.085091e-05 1.631889e-07)
(0.002380108 -2.928891e-05 1.500659e-07)
(0.002379134 -2.781525e-05 1.380529e-07)
(0.002378148 -2.642504e-05 1.27052e-07)
(0.002377156 -2.511374e-05 1.169821e-07)
(0.00237616 -2.38764e-05 1.077411e-07)
(0.002332884 -4.955016e-05 4.348874e-07)
(0.002330449 -4.675159e-05 3.994982e-07)
(0.002327996 -4.411561e-05 3.668308e-07)
(0.002325541 -4.163462e-05 3.367097e-07)
(0.002323098 -3.930101e-05 3.089667e-07)
(0.002320677 -3.710723e-05 2.834417e-07)
(0.002318287 -3.504583e-05 2.599815e-07)
(0.002315934 -3.310955e-05 2.384395e-07)
(0.002313626 -3.129133e-05 2.186763e-07)
(0.002311366 -2.958432e-05 2.005595e-07)
(0.002309157 -2.798196e-05 1.839645e-07)
(0.002307003 -2.647794e-05 1.687712e-07)
(0.002304904 -2.506625e-05 1.548733e-07)
(0.002302862 -2.374109e-05 1.421523e-07)
(0.002300879 -2.249711e-05 1.3054e-07)
(0.002298952 -2.132872e-05 1.198772e-07)
(0.002231645 -4.307357e-05 4.672218e-07)
(0.002227193 -4.044763e-05 4.278652e-07)
(0.002222886 -3.799319e-05 3.915654e-07)
(0.002218724 -3.569993e-05 3.581403e-07)
(0.00221471 -3.355793e-05 3.274116e-07)
(0.002210844 -3.15577e-05 2.99205e-07)
(0.002207124 -2.969016e-05 2.733509e-07)
(0.002203548 -2.794668e-05 2.496849e-07)
(0.002200112 -2.631909e-05 2.280489e-07)
(0.002196814 -2.479963e-05 2.082908e-07)
(0.002193649 -2.338101e-05 1.902672e-07)
(0.002190612 -2.205635e-05 1.738377e-07)
(0.0021877 -2.081918e-05 1.588808e-07)
(0.002184908 -1.966341e-05 1.452518e-07)
(0.002182231 -1.858342e-05 1.32886e-07)
(0.002179664 -1.757367e-05 1.215704e-07)
(0.002066905 -3.375575e-05 4.591118e-07)
(0.002061179 -3.155867e-05 4.180632e-07)
(0.002055739 -2.951967e-05 3.803946e-07)
(0.00205057 -2.762744e-05 3.459052e-07)
(0.002045662 -2.587141e-05 3.143927e-07)
(0.002041002 -2.424167e-05 2.856552e-07)
(0.002036577 -2.272895e-05 2.594946e-07)
(0.002032376 -2.132463e-05 2.35718e-07)
(0.002028387 -2.002065e-05 2.141395e-07)
(0.002024598 -1.880952e-05 1.945804e-07)
(0.002020999 -1.768429e-05 1.768729e-07)
(0.002017578 -1.663849e-05 1.608536e-07)
(0.002014327 -1.566614e-05 1.463825e-07)
(0.002011236 -1.476167e-05 1.332922e-07)
(0.002008295 -1.391998e-05 1.215144e-07)
(0.002005495 -1.31363e-05 1.108003e-07)
(0.001821444 -2.307912e-05 4.088356e-07)
(0.001815528 -2.14979e-05 3.696818e-07)
(0.001809969 -2.003925e-05 3.340841e-07)
(0.001804745 -1.869333e-05 3.018042e-07)
(0.001799832 -1.745107e-05 2.726007e-07)
(0.001795209 -1.63041e-05 2.462342e-07)
(0.001790857 -1.524472e-05 2.224719e-07)
(0.001786759 -1.426584e-05 2.0109e-07)
(0.001782895 -1.336096e-05 1.818757e-07)
(0.001779251 -1.252406e-05 1.646279e-07)
(0.001775812 -1.174966e-05 1.491603e-07)
(0.001772563 -1.10327e-05 1.35295e-07)
(0.001769493 -1.036853e-05 1.228812e-07)
(0.001766588 -9.752936e-06 1.117429e-07)
(0.001763839 -9.181988e-06 1.018087e-07)
(0.001761233 -8.65235e-06 9.282669e-08)
(0.001477181 -1.292826e-05 3.148237e-07)
(0.00147217 -1.201034e-05 2.827346e-07)
(0.001467497 -1.116744e-05 2.539247e-07)
(0.001463134 -1.039304e-05 2.281252e-07)
(0.001459058 -9.681201e-06 2.050707e-07)
(0.001455245 -9.026508e-06 1.84505e-07)
(0.001451676 -8.424021e-06 1.661854e-07)
(0.00144833 -7.869241e-06 1.498849e-07)
(0.001445192 -7.358069e-06 1.353926e-07)
(0.001442244 -6.886772e-06 1.225144e-07)
(0.001439473 -6.451948e-06 1.110742e-07)
(0.001436865 -6.050503e-06 1.009079e-07)
(0.001434408 -5.679616e-06 9.187938e-08)
(0.001432091 -5.336753e-06 8.383284e-08)
(0.001429904 -5.019539e-06 7.670771e-08)
(0.001427837 -4.726192e-06 7.028653e-08)
(0.001012609 -4.898589e-06 2.219966e-07)
(0.001009302 -4.543782e-06 1.994351e-07)
(0.001006231 -4.218943e-06 1.794105e-07)
(0.001003377 -3.921314e-06 1.616645e-07)
(0.00100072 -3.64841e-06 1.459539e-07)
(0.0009982429 -3.39799e-06 1.320535e-07)
(0.0009959311 -3.168032e-06 1.197573e-07)
(0.0009937704 -2.956706e-06 1.088782e-07)
(0.0009917483 -2.762358e-06 9.924803e-08)
(0.0009898533 -2.583489e-06 9.071564e-08)
(0.0009880753 -2.418741e-06 8.314761e-08)
(0.0009864048 -2.266891e-06 7.642237e-08)
(0.0009848335 -2.126827e-06 7.04425e-08)
(0.0009833534 -1.997581e-06 6.509783e-08)
(0.000981958 -1.878206e-06 6.035582e-08)
(0.0009806401 -1.768185e-06 5.607482e-08)
(0.0003993382 -3.213411e-07 8.967041e-08)
(0.00039816 -2.979806e-07 8.11431e-08)
(0.0003970688 -2.766206e-07 7.362334e-08)
(0.0003960566 -2.570622e-07 6.699023e-08)
(0.0003951161 -2.391339e-07 6.11343e-08)
(0.0003942408 -2.226847e-07 5.595786e-08)
(0.0003934248 -2.075804e-07 5.137412e-08)
(0.0003926629 -1.937007e-07 4.730677e-08)
(0.0003919505 -1.809374e-07 4.368865e-08)
(0.0003912833 -1.691934e-07 4.046101e-08)
(0.0003906574 -1.583809e-07 3.757312e-08)
(0.0003900696 -1.484244e-07 3.497848e-08)
(0.0003895166 -1.392531e-07 3.264246e-08)
(0.0003889957 -1.308281e-07 3.051672e-08)
(0.0003885044 -1.230678e-07 2.859753e-08)
(0.00038804 -1.160762e-07 2.679774e-08)
(0.002378373 4.141154e-06 2.233026e-07)
(0.002384504 3.992611e-06 2.041084e-07)
(0.002390395 3.848691e-06 1.859755e-07)
(0.002396058 3.709454e-06 1.689832e-07)
(0.002401502 3.574918e-06 1.531659e-07)
(0.002406738 3.445069e-06 1.385275e-07)
(0.002411775 3.319864e-06 1.250482e-07)
(0.002416623 3.199237e-06 1.126908e-07)
(0.002421289 3.083103e-06 1.014052e-07)
(0.002425782 2.971363e-06 9.113447e-08)
(0.002430109 2.863905e-06 8.181457e-08)
(0.002434277 2.760608e-06 7.338637e-08)
(0.002438293 2.661346e-06 6.577076e-08)
(0.002442165 2.565987e-06 5.894738e-08)
(0.002445896 2.474396e-06 5.274964e-08)
(0.002449496 2.386441e-06 4.738046e-08)
(0.002378373 -4.141133e-06 2.23303e-07)
(0.002384504 -3.992588e-06 2.041088e-07)
(0.002390395 -3.848666e-06 1.859758e-07)
(0.002396058 -3.709427e-06 1.689836e-07)
(0.002401502 -3.574889e-06 1.531662e-07)
(0.002406738 -3.445038e-06 1.385278e-07)
(0.002411775 -3.319831e-06 1.250485e-07)
(0.002416623 -3.199201e-06 1.126909e-07)
(0.002421289 -3.083065e-06 1.014052e-07)
(0.002425782 -2.971322e-06 9.113439e-08)
(0.002430109 -2.863861e-06 8.181436e-08)
(0.002434277 -2.760561e-06 7.338609e-08)
(0.002438293 -2.661296e-06 6.577057e-08)
(0.002442165 -2.565933e-06 5.894732e-08)
(0.002445896 -2.474338e-06 5.27497e-08)
(0.002449496 -2.386379e-06 4.738057e-08)
(0.00238071 -1.239698e-05 2.227446e-07)
(0.002386794 -1.194902e-05 2.036082e-07)
(0.002392636 -1.151502e-05 1.85523e-07)
(0.002398245 -1.109516e-05 1.685697e-07)
(0.002403634 -1.06895e-05 1.527832e-07)
(0.002408812 -1.0298e-05 1.381689e-07)
(0.002413788 -9.920522e-06 1.247078e-07)
(0.002418572 -9.556875e-06 1.123634e-07)
(0.002423172 -9.206805e-06 1.010866e-07)
(0.002427597 -8.870014e-06 9.082108e-08)
(0.002431854 -8.546167e-06 8.150353e-08)
(0.002435951 -8.234904e-06 7.307549e-08)
(0.002439893 -7.935843e-06 6.545848e-08)
(0.00244369 -7.648592e-06 5.863258e-08)
(0.002447345 -7.372746e-06 5.243109e-08)
(0.002450866 -7.107903e-06 4.705878e-08)
(0.002385334 -2.055975e-05 2.213375e-07)
(0.002391306 -1.980494e-05 2.023127e-07)
(0.002397028 -1.907381e-05 1.843199e-07)
(0.002402511 -1.836666e-05 1.674416e-07)
(0.002407768 -1.768357e-05 1.517153e-07)
(0.002412808 -1.702446e-05 1.37148e-07)
(0.002417642 -1.638912e-05 1.237228e-07)
(0.002422278 -1.577723e-05 1.114051e-07)
(0.002426726 -1.518836e-05 1.001473e-07)
(0.002430995 -1.462201e-05 8.989455e-08)
(0.002435092 -1.407763e-05 8.058492e-08)
(0.002439026 -1.35546e-05 7.216103e-08)
(0.002442803 -1.30523e-05 6.454547e-08)
(0.00244643 -1.257005e-05 5.771911e-08)
(0.002449914 -1.210718e-05 5.151574e-08)
(0.002453263 -1.166301e-05 4.614227e-08)
(0.002392029 -2.851638e-05 2.182706e-07)
(0.002397777 -2.74414e-05 1.994085e-07)
(0.002403265 -2.640074e-05 1.815518e-07)
(0.002408504 -2.539477e-05 1.647865e-07)
(0.002413508 -2.442362e-05 1.491532e-07)
(0.002418287 -2.348716e-05 1.346619e-07)
(0.002422853 -2.258507e-05 1.212988e-07)
(0.002427215 -2.171687e-05 1.090315e-07)
(0.002431384 -2.088195e-05 9.781504e-08)
(0.002435368 -2.007958e-05 8.759652e-08)
(0.002439176 -1.930898e-05 7.831571e-08)
(0.002442818 -1.856924e-05 6.991663e-08)
(0.0024463 -1.785946e-05 6.232342e-08)
(0.002449631 -1.717867e-05 5.551718e-08)
(0.002452817 -1.652589e-05 4.933402e-08)
(0.002455867 -1.590009e-05 4.397945e-08)
(0.002400132 -3.606252e-05 2.119164e-07)
(0.002405469 -3.464853e-05 1.932824e-07)
(0.002410533 -3.328143e-05 1.756242e-07)
(0.002415337 -3.196162e-05 1.590325e-07)
(0.002419896 -3.068917e-05 1.435515e-07)
(0.002424223 -2.946384e-05 1.291955e-07)
(0.002428329 -2.828514e-05 1.159538e-07)
(0.002432227 -2.715234e-05 1.037974e-07)
(0.002435928 -2.606458e-05 9.268367e-08)
(0.002439442 -2.502082e-05 8.256203e-08)
(0.002442779 -2.401992e-05 7.337412e-08)
(0.002445949 -2.306065e-05 6.506498e-08)
(0.00244896 -2.214173e-05 5.756079e-08)
(0.002451822 -2.12618e-05 5.084089e-08)
(0.002454541 -2.041951e-05 4.474747e-08)
(0.002457127 -1.961338e-05 3.947499e-08)
(0.00240804 -4.284647e-05 1.992628e-07)
(0.00241267 -4.107385e-05 1.809974e-07)
(0.002417016 -3.936414e-05 1.636812e-07)
(0.002421097 -3.771758e-05 1.474095e-07)
(0.002424928 -3.613397e-05 1.322308e-07)
(0.002428524 -3.461273e-05 1.181631e-07)
(0.002431902 -3.315297e-05 1.051991e-07)
(0.002435073 -3.175354e-05 9.331213e-08)
(0.002438051 -3.041309e-05 8.246212e-08)
(0.002440848 -2.913009e-05 7.259992e-08)
(0.002443475 -2.790287e-05 6.366855e-08)
(0.002445944 -2.672968e-05 5.561313e-08)
(0.002448263 -2.560867e-05 4.836208e-08)
(0.002450442 -2.453794e-05 4.188951e-08)
(0.00245249 -2.351563e-05 3.604981e-08)
(0.002454416 -2.253961e-05 3.100936e-08)
(0.002412469 -4.832088e-05 1.759136e-07)
(0.002415975 -4.618232e-05 1.583374e-07)
(0.002419203 -4.412771e-05 1.41689e-07)
(0.002422174 -4.215661e-05 1.260676e-07)
(0.002424909 -4.026809e-05 1.115262e-07)
(0.002427424 -3.846077e-05 9.808451e-08)
(0.002429737 -3.673297e-05 8.573516e-08)
(0.002431863 -3.508269e-05 7.44543e-08)
(0.002433816 -3.350772e-05 6.420345e-08)
(0.00243561 -3.200569e-05 5.493399e-08)
(0.002437258 -3.05741e-05 4.658931e-08)
(0.002438769 -2.921036e-05 3.911286e-08)
(0.002440156 -2.791183e-05 3.243537e-08)
(0.002441427 -2.667581e-05 2.652084e-08)
(0.002442592 -2.54997e-05 2.124426e-08)
(0.00244366 -2.438055e-05 1.671815e-08)
(0.002407566 -5.174885e-05 1.362994e-07)
(0.002409455 -4.927266e-05 1.200644e-07)
(0.002411105 -4.690669e-05 1.047332e-07)
(0.002412539 -4.464899e-05 9.040693e-08)
(0.002413779 -4.249713e-05 7.713943e-08)
(0.002414844 -4.044827e-05 6.495231e-08)
(0.002415752 -3.849924e-05 5.384047e-08)
(0.002416518 -3.664668e-05 4.377853e-08)
(0.002417158 -3.488703e-05 3.47264e-08)
(0.002417684 -3.321663e-05 2.663398e-08)
(0.002418108 -3.163178e-05 1.944376e-08)
(0.002418441 -3.012872e-05 1.309608e-08)
(0.002418693 -2.870372e-05 7.524201e-09)
(0.002418872 -2.735306e-05 2.677257e-09)
(0.002418987 -2.607318e-05 -1.539876e-09)
(0.002419044 -2.486013e-05 -5.095022e-09)
(0.002384169 -5.232025e-05 7.641129e-08)
(0.002383999 -4.959884e-05 6.25194e-08)
(0.002383676 -4.701622e-05 4.949016e-08)
(0.002383222 -4.456791e-05 3.74249e-08)
(0.002382658 -4.22491e-05 2.637728e-08)
(0.002382001 -4.005475e-05 1.636775e-08)
(0.002381266 -3.797965e-05 7.38952e-09)
(0.002380466 -3.601853e-05 -5.849408e-10)
(0.002379615 -3.416608e-05 -7.598097e-09)
(0.002378721 -3.241704e-05 -1.370288e-08)
(0.002377794 -3.07662e-05 -1.895887e-08)
(0.002376842 -2.920846e-05 -2.343033e-08)
(0.002375872 -2.773887e-05 -2.718142e-08)
(0.00237489 -2.635255e-05 -3.02815e-08)
(0.0023739 -2.504494e-05 -3.278858e-08)
(0.002372907 -2.381113e-05 -3.477174e-08)
(0.002329634 -4.941663e-05 -4.867444e-09)
(0.002327211 -4.662446e-05 -1.516087e-08)
(0.002324768 -4.399468e-05 -2.465556e-08)
(0.002322324 -4.151968e-05 -3.325421e-08)
(0.00231989 -3.919185e-05 -4.090687e-08)
(0.002317478 -3.700363e-05 -4.759819e-08)
(0.002315096 -3.494758e-05 -5.334035e-08)
(0.002312752 -3.301641e-05 -5.81661e-08)
(0.002310451 -3.120307e-05 -6.212286e-08)
(0.002308198 -2.950073e-05 -6.526838e-08)
(0.002305996 -2.790282e-05 -6.766582e-08)
(0.002303847 -2.640303e-05 -6.938506e-08)
(0.002301754 -2.499535e-05 -7.048811e-08)
(0.002299718 -2.367401e-05 -7.106342e-08)
(0.002297739 -2.243363e-05 -7.112999e-08)
(0.002295817 -2.126868e-05 -7.086281e-08)
(0.002228548 -4.295434e-05 -1.003145e-07)
(0.002224113 -4.033458e-05 -1.059674e-07)
(0.00221982 -3.788608e-05 -1.108754e-07)
(0.002215672 -3.559853e-05 -1.149576e-07)
(0.002211671 -3.346199e-05 -1.181791e-07)
(0.002207816 -3.146697e-05 -1.205401e-07)
(0.002204107 -2.960441e-05 -1.220667e-07)
(0.002200541 -2.786567e-05 -1.228041e-07)
(0.002197115 -2.624259e-05 -1.228104e-07)
(0.002193826 -2.472741e-05 -1.221525e-07)
(0.002190669 -2.331285e-05 -1.209005e-07)
(0.00218764 -2.199203e-05 -1.191313e-07)
(0.002184735 -2.075849e-05 -1.169068e-07)
(0.00218195 -1.960617e-05 -1.143317e-07)
(0.002179279 -1.852942e-05 -1.113921e-07)
(0.002176718 -1.752274e-05 -1.083502e-07)
(0.002064075 -3.365934e-05 -2.005864e-07)
(0.002058367 -3.146758e-05 -2.007342e-07)
(0.002052942 -2.943365e-05 -2.001584e-07)
(0.002047789 -2.754627e-05 -1.988216e-07)
(0.002042895 -2.579486e-05 -1.967273e-07)
(0.002038248 -2.416951e-05 -1.939087e-07)
(0.002033835 -2.266097e-05 -1.904199e-07)
(0.002029645 -2.12606e-05 -1.863283e-07)
(0.002025666 -1.996037e-05 -1.817094e-07)
(0.002021887 -1.875279e-05 -1.766432e-07)
(0.002018296 -1.763091e-05 -1.712084e-07)
(0.002014884 -1.658827e-05 -1.65488e-07)
(0.002011641 -1.56189e-05 -1.595434e-07)
(0.002008556 -1.471724e-05 -1.534866e-07)
(0.002005622 -1.387819e-05 -1.472808e-07)
(0.002002828 -1.3097e-05 -1.412335e-07)
(0.001819014 -2.301164e-05 -2.825931e-07)
(0.001813115 -2.143429e-05 -2.771959e-07)
(0.001807571 -1.997933e-05 -2.710739e-07)
(0.001802361 -1.863694e-05 -2.642666e-07)
(0.001797461 -1.739802e-05 -2.568399e-07)
(0.00179285 -1.625423e-05 -2.488769e-07)
(0.001788509 -1.519787e-05 -2.404692e-07)
(0.001784421 -1.422185e-05 -2.317116e-07)
(0.001780567 -1.331966e-05 -2.226981e-07)
(0.001776931 -1.24853e-05 -2.135198e-07)
(0.0017735 -1.17133e-05 -2.042598e-07)
(0.001770258 -1.099858e-05 -1.950007e-07)
(0.001767195 -1.033654e-05 -1.85799e-07)
(0.001764296 -9.722929e-06 -1.767595e-07)
(0.001761553 -9.153846e-06 -1.678332e-07)
(0.001758953 -8.625948e-06 -1.593166e-07)
(0.001475295 -1.28875e-05 -3.374413e-07)
(0.001470297 -1.197202e-05 -3.261518e-07)
(0.001465636 -1.113145e-05 -3.143499e-07)
(0.001461284 -1.035926e-05 -3.021467e-07)
(0.001457218 -9.649528e-06 -2.896577e-07)
(0.001453414 -8.996825e-06 -2.769971e-07)
(0.001449853 -8.396217e-06 -2.642733e-07)
(0.001446515 -7.84321e-06 -2.515861e-07)
(0.001443384 -7.333706e-06 -2.390251e-07)
(0.001440443 -6.863977e-06 -2.266702e-07)
(0.001437678 -6.430624e-06 -2.145881e-07)
(0.001435075 -6.030557e-06 -2.028408e-07)
(0.001432623 -5.660959e-06 -1.914635e-07)
(0.001430311 -5.3193e-06 -1.805311e-07)
(0.001428128 -5.003212e-06 -1.699838e-07)
(0.001426065 -4.710899e-06 -1.600542e-07)
(0.001011404 -4.884151e-06 -3.033081e-07)
(0.001008105 -4.530221e-06 -2.901864e-07)
(0.001005042 -4.206223e-06 -2.768474e-07)
(0.001002194 -3.909399e-06 -2.63429e-07)
(0.0009995429 -3.637263e-06 -2.500547e-07)
(0.0009970716 -3.387571e-06 -2.368319e-07)
(0.0009947647 -3.158302e-06 -2.238525e-07)
(0.0009926085 -2.947626e-06 -2.111934e-07)
(0.0009905905 -2.753889e-06 -1.989174e-07)
(0.0009886994 -2.575594e-06 -1.870747e-07)
(0.0009869248 -2.411384e-06 -1.757023e-07)
(0.0009852575 -2.260037e-06 -1.648312e-07)
(0.0009836891 -2.120443e-06 -1.5447e-07)
(0.0009822118 -1.991633e-06 -1.446548e-07)
(0.0009808189 -1.87267e-06 -1.353171e-07)
(0.0009795033 -1.763022e-06 -1.26579e-07)
(0.0003989236 -3.229446e-07 -1.915763e-07)
(0.0003977479 -2.994575e-07 -1.807738e-07)
(0.0003966589 -2.779862e-07 -1.702633e-07)
(0.0003956488 -2.583302e-07 -1.600956e-07)
(0.0003947101 -2.403158e-07 -1.503096e-07)
(0.0003938364 -2.237902e-07 -1.409341e-07)
(0.0003930219 -2.08618e-07 -1.319892e-07)
(0.0003922614 -1.946776e-07 -1.234869e-07)
(0.0003915502 -1.818597e-07 -1.154328e-07)
(0.0003908841 -1.700664e-07 -1.078273e-07)
(0.0003902593 -1.592093e-07 -1.00665e-07)
(0.0003896724 -1.492122e-07 -9.394017e-08)
(0.0003891203 -1.400043e-07 -8.763627e-08)
(0.0003886002 -1.315456e-07 -8.175917e-08)
(0.0003881097 -1.237588e-07 -7.625615e-08)
(0.000387646 -1.167496e-07 -7.121472e-08)
(0.002348421 4.383992e-06 2.579045e-07)
(0.002354976 4.227957e-06 2.487083e-07)
(0.002361269 4.076395e-06 2.377345e-07)
(0.002367313 3.929444e-06 2.256025e-07)
(0.00237312 3.787191e-06 2.12829e-07)
(0.0023787 3.649675e-06 1.997965e-07)
(0.002384066 3.516898e-06 1.867892e-07)
(0.002389225 3.388832e-06 1.740204e-07)
(0.002394188 3.265421e-06 1.616456e-07)
(0.002398964 3.146587e-06 1.497736e-07)
(0.002403561 3.032237e-06 1.384773e-07)
(0.002407987 2.922262e-06 1.278028e-07)
(0.002412249 2.816543e-06 1.177723e-07)
(0.002416355 2.714955e-06 1.084009e-07)
(0.002420311 2.617366e-06 9.966839e-08)
(0.002424124 2.523639e-06 9.162015e-08)
(0.002427799 2.433639e-06 8.409557e-08)
(0.002431345 2.347229e-06 7.747555e-08)
(0.002348421 -4.383973e-06 2.579043e-07)
(0.002354976 -4.227937e-06 2.487083e-07)
(0.002361269 -4.076374e-06 2.377347e-07)
(0.002367313 -3.929422e-06 2.256027e-07)
(0.00237312 -3.787166e-06 2.128293e-07)
(0.0023787 -3.649648e-06 1.997968e-07)
(0.002384066 -3.51687e-06 1.867894e-07)
(0.002389225 -3.388802e-06 1.740207e-07)
(0.002394188 -3.265388e-06 1.616457e-07)
(0.002398964 -3.146552e-06 1.497737e-07)
(0.002403561 -3.032199e-06 1.384773e-07)
(0.002407987 -2.922221e-06 1.278027e-07)
(0.002412249 -2.8165e-06 1.177721e-07)
(0.002416355 -2.714909e-06 1.084007e-07)
(0.002420311 -2.617316e-06 9.96682e-08)
(0.002424124 -2.523586e-06 9.162005e-08)
(0.002427799 -2.433582e-06 8.409556e-08)
(0.002431345 -2.347168e-06 7.747557e-08)
(0.002350815 -1.313005e-05 2.573412e-07)
(0.00235733 -1.265949e-05 2.480293e-07)
(0.002363579 -1.220246e-05 2.369391e-07)
(0.002369577 -1.175935e-05 2.24691e-07)
(0.002375333 -1.133043e-05 2.118035e-07)
(0.002380861 -1.09158e-05 1.986604e-07)
(0.002386171 -1.051549e-05 1.855469e-07)
(0.002391272 -1.01294e-05 1.726773e-07)
(0.002396175 -9.757361e-06 1.602078e-07)
(0.002400887 -9.399148e-06 1.482479e-07)
(0.002405419 -9.054477e-06 1.368709e-07)
(0.002409777 -8.723027e-06 1.261232e-07)
(0.00241397 -8.404441e-06 1.160274e-07)
(0.002418004 -8.098342e-06 1.065985e-07)
(0.002421887 -7.804336e-06 9.781664e-08)
(0.002425626 -7.522015e-06 8.972715e-08)
(0.002429225 -7.250969e-06 8.216856e-08)
(0.002432693 -6.990787e-06 7.552431e-08)
(0.002362006 -2.100495e-05 2.450111e-07)
(0.002368149 -2.023491e-05 2.33704e-07)
(0.002374033 -1.948849e-05 2.212448e-07)
(0.002379671 -1.876608e-05 2.081548e-07)
(0.002385073 -1.80679e-05 1.9482e-07)
(0.002390251 -1.739394e-05 1.815273e-07)
(0.002395215 -1.674406e-05 1.684925e-07)
(0.002399975 -1.611799e-05 1.558728e-07)
(0.002404541 -1.551533e-05 1.437788e-07)
(0.002408922 -1.493563e-05 1.322842e-07)
(0.002413125 -1.437833e-05 1.214359e-07)
(0.002417159 -1.384286e-05 1.112564e-07)
(0.002421032 -1.332856e-05 1.017607e-07)
(0.00242475 -1.28348e-05 9.29286e-08)
(0.002428321 -1.236087e-05 8.480506e-08)
(0.002431751 -1.19061e-05 7.722753e-08)
(0.002435048 -1.146977e-05 7.058197e-08)
(0.002368828 -2.915794e-05 2.357616e-07)
(0.002374759 -2.806112e-05 2.242126e-07)
(0.00238042 -2.699849e-05 2.115303e-07)
(0.002385824 -2.597062e-05 1.982399e-07)
(0.002390983 -2.497775e-05 1.847296e-07)
(0.002395909 -2.401988e-05 1.712878e-07)
(0.002400614 -2.30968e-05 1.581315e-07)
(0.002405108 -2.220809e-05 1.454187e-07)
(0.002409401 -2.13532e-05 1.3326e-07)
(0.002413504 -2.053145e-05 1.217293e-07)
(0.002417425 -1.974207e-05 1.108726e-07)
(0.002421173 -1.898421e-05 1.007117e-07)
(0.002424756 -1.825695e-05 9.126046e-08)
(0.002428183 -1.755935e-05 8.249741e-08)
(0.00243146 -1.68904e-05 7.446528e-08)
(0.002434595 -1.624911e-05 6.700154e-08)
(0.002437595 -1.563445e-05 6.048857e-08)
(0.002377211 -3.692239e-05 2.134295e-07)
(0.002382747 -3.54787e-05 2.018353e-07)
(0.002387998 -3.40817e-05 1.891467e-07)
(0.00239298 -3.273206e-05 1.758927e-07)
(0.002397706 -3.143002e-05 1.624622e-07)
(0.002402191 -3.01755e-05 1.491435e-07)
(0.002406446 -2.896814e-05 1.361531e-07)
(0.002410485 -2.780733e-05 1.236481e-07)
(0.002414318 -2.669226e-05 1.117377e-07)
(0.002417957 -2.562198e-05 1.004936e-07)
(0.002421412 -2.459539e-05 8.995925e-08)
(0.002424693 -2.36113e-05 8.015384e-08)
(0.00242781 -2.266843e-05 7.10875e-08)
(0.00243077 -2.176546e-05 6.273662e-08)
(0.002433583 -2.090101e-05 5.513743e-08)
(0.002436256 -2.007371e-05 4.813113e-08)
(0.002438797 -1.928207e-05 4.208074e-08)
(0.00238567 -4.395363e-05 1.675735e-07)
(0.002390516 -4.214071e-05 1.566249e-07)
(0.002395064 -4.039056e-05 1.446376e-07)
(0.002399334 -3.870373e-05 1.321415e-07)
(0.002403342 -3.708025e-05 1.195232e-07)
(0.002407105 -3.551975e-05 1.070678e-07)
(0.002410637 -3.402152e-05 9.498821e-08)
(0.002413953 -3.258455e-05 8.343775e-08)
(0.002417067 -3.120758e-05 7.252102e-08)
(0.002419991 -2.988916e-05 6.230463e-08)
(0.002422736 -2.86277e-05 5.282663e-08)
(0.002425315 -2.742147e-05 4.410068e-08)
(0.002427737 -2.626867e-05 3.61304e-08)
(0.002430013 -2.516743e-05 2.88886e-08)
(0.002432151 -2.411581e-05 2.239909e-08)
(0.002434161 -2.311194e-05 1.651401e-08)
(0.00243605 -2.21537e-05 1.154886e-08)
(0.002391076 -4.970293e-05 8.532714e-08)
(0.002394805 -4.750887e-05 7.655429e-08)
(0.002398239 -4.539902e-05 6.678463e-08)
(0.002401401 -4.337329e-05 5.654455e-08)
(0.002404311 -4.143105e-05 4.621434e-08)
(0.002406988 -3.957119e-05 3.60708e-08)
(0.00240945 -3.779218e-05 2.632043e-08)
(0.002411714 -3.609219e-05 1.711198e-08)
(0.002413794 -3.446913e-05 8.543068e-09)
(0.002415704 -3.292072e-05 6.720265e-10)
(0.002417459 -3.144449e-05 -6.471645e-09)
(0.002419069 -3.003792e-05 -1.288204e-08)
(0.002420546 -2.869835e-05 -1.856493e-08)
(0.0024219 -2.742314e-05 -2.355144e-08)
(0.002423141 -2.620957e-05 -2.783662e-08)
(0.002424278 -2.505502e-05 -3.154535e-08)
(0.002425319 -2.395657e-05 -3.444596e-08)
(0.002387721 -5.34127e-05 -4.535902e-08)
(0.002389816 -5.086007e-05 -4.933112e-08)
(0.002391651 -4.841904e-05 -5.433781e-08)
(0.002393252 -4.608802e-05 -5.985814e-08)
(0.002394642 -4.386487e-05 -6.551878e-08)
(0.002395842 -4.174697e-05 -7.104917e-08)
(0.00239687 -3.973134e-05 -7.625205e-08)
(0.002397745 -3.78147e-05 -8.099057e-08)
(0.002398482 -3.59936e-05 -8.517691e-08)
(0.002399095 -3.426441e-05 -8.876109e-08)
(0.002399597 -3.262343e-05 -9.172175e-08)
(0.002399999 -3.106691e-05 -9.406002e-08)
(0.002400312 -2.959107e-05 -9.579071e-08)
(0.002400546 -2.819219e-05 -9.694645e-08)
(0.002400708 -2.686653e-05 -9.75452e-08)
(0.002400808 -2.561054e-05 -9.767371e-08)
(0.002400852 -2.442032e-05 -9.722425e-08)
(0.002366507 -5.422422e-05 -2.27996e-07)
(0.002366481 -5.140124e-05 -2.236929e-07)
(0.002366282 -4.872051e-05 -2.206139e-07)
(0.002365935 -4.617782e-05 -2.182464e-07)
(0.00236546 -4.376852e-05 -2.162231e-07)
(0.002364879 -4.148768e-05 -2.142794e-07)
(0.002364207 -3.933013e-05 -2.122248e-07)
(0.00236346 -3.72906e-05 -2.0993e-07)
(0.002362651 -3.536374e-05 -2.073139e-07)
(0.002361792 -3.354422e-05 -2.043326e-07)
(0.002360892 -3.182675e-05 -2.0097e-07)
(0.002359961 -3.020612e-05 -1.972311e-07)
(0.002359006 -2.867723e-05 -1.931365e-07)
(0.002358034 -2.723514e-05 -1.88715e-07)
(0.00235705 -2.587501e-05 -1.840072e-07)
(0.00235606 -2.45923e-05 -1.790467e-07)
(0.002355068 -2.338216e-05 -1.738776e-07)
(0.00231469 -5.144621e-05 -4.516586e-07)
(0.0023123 -4.852889e-05 -4.356689e-07)
(0.002309877 -4.578031e-05 -4.212547e-07)
(0.002307438 -4.319283e-05 -4.079199e-07)
(0.002304999 -4.075872e-05 -3.953056e-07)
(0.002302573 -3.847029e-05 -3.831527e-07)
(0.00230017 -3.631992e-05 -3.712775e-07)
(0.002297798 -3.430012e-05 -3.59556e-07)
(0.002295465 -3.240363e-05 -3.479112e-07)
(0.002293176 -3.062336e-05 -3.363009e-07)
(0.002290935 -2.895251e-05 -3.2471e-07)
(0.002288745 -2.738454e-05 -3.131412e-07)
(0.00228661 -2.591316e-05 -3.016148e-07)
(0.00228453 -2.453242e-05 -2.901491e-07)
(0.002282507 -2.323658e-05 -2.788006e-07)
(0.002280541 -2.202032e-05 -2.675402e-07)
(0.002278632 -2.087819e-05 -2.565658e-07)
(0.002216571 -4.492313e-05 -6.843729e-07)
(0.002212026 -4.216543e-05 -6.549452e-07)
(0.002207618 -3.958806e-05 -6.274902e-07)
(0.002203354 -3.718026e-05 -6.015556e-07)
(0.002199235 -3.493168e-05 -5.768077e-07)
(0.002195263 -3.283237e-05 -5.530062e-07)
(0.002191438 -3.087283e-05 -5.299828e-07)
(0.002187758 -2.9044e-05 -5.076245e-07)
(0.00218422 -2.73373e-05 -4.858603e-07)
(0.002180821 -2.574456e-05 -4.646502e-07)
(0.002177558 -2.42581e-05 -4.439775e-07)
(0.002174427 -2.287068e-05 -4.238394e-07)
(0.002171424 -2.157548e-05 -4.042498e-07)
(0.002168543 -2.03661e-05 -3.852117e-07)
(0.002165781 -1.923653e-05 -3.66787e-07)
(0.002163133 -1.818119e-05 -3.488864e-07)
(0.002160594 -1.719466e-05 -3.318271e-07)
(0.002054935 -3.534958e-05 -8.864591e-07)
(0.002048981 -3.302624e-05 -8.442413e-07)
(0.002043321 -3.087104e-05 -8.042658e-07)
(0.002037942 -2.887195e-05 -7.661781e-07)
(0.002032833 -2.701767e-05 -7.29711e-07)
(0.002027981 -2.529765e-05 -6.946737e-07)
(0.002023374 -2.370201e-05 -6.609356e-07)
(0.002019001 -2.222156e-05 -6.284091e-07)
(0.002014848 -2.08477e-05 -5.970383e-07)
(0.002010905 -1.957244e-05 -5.667896e-07)
(0.002007159 -1.838837e-05 -5.376452e-07)
(0.002003601 -1.72886e-05 -5.095949e-07)
(0.00200022 -1.626672e-05 -4.826415e-07)
(0.001997006 -1.531684e-05 -4.56769e-07)
(0.001993949 -1.443345e-05 -4.320303e-07)
(0.001991042 -1.361152e-05 -4.082885e-07)
(0.001988274 -1.284638e-05 -3.859151e-07)
(0.001812308 -2.424914e-05 -1.008158e-06)
(0.001806083 -2.256723e-05 -9.568029e-07)
(0.001800236 -2.101695e-05 -9.077173e-07)
(0.001794742 -1.958762e-05 -8.607008e-07)
(0.001789578 -1.826946e-05 -8.155983e-07)
(0.001784722 -1.705341e-05 -7.723025e-07)
(0.001780153 -1.593116e-05 -7.307418e-07)
(0.001775852 -1.489506e-05 -6.908678e-07)
(0.0017718 -1.393807e-05 -6.526472e-07)
(0.001767981 -1.305374e-05 -6.160557e-07)
(0.001764379 -1.223613e-05 -5.810744e-07)
(0.001760979 -1.14798e-05 -5.476834e-07)
(0.001757767 -1.077976e-05 -5.1587e-07)
(0.001754731 -1.013144e-05 -4.855978e-07)
(0.001751859 -9.530644e-06 -4.568964e-07)
(0.00174914 -8.973533e-06 -4.296028e-07)
(0.001746564 -8.456798e-06 -4.040633e-07)
(0.001470614 -1.36069e-05 -1.029019e-06)
(0.001465297 -1.262682e-05 -9.729633e-07)
(0.001460343 -1.172781e-05 -9.191787e-07)
(0.001455722 -1.090278e-05 -8.676162e-07)
(0.001451408 -1.014524e-05 -8.182294e-07)
(0.001447378 -9.449265e-06 -7.709843e-07)
(0.001443607 -8.809482e-06 -7.258534e-07)
(0.001440077 -8.220987e-06 -6.828107e-07)
(0.001436769 -7.679322e-06 -6.418286e-07)
(0.001433665 -7.180428e-06 -6.028762e-07)
(0.001430749 -6.720613e-06 -5.659187e-07)
(0.001428008 -6.296516e-06 -5.309142e-07)
(0.001425428 -5.905084e-06 -4.978225e-07)
(0.001422998 -5.543537e-06 -4.665796e-07)
(0.001420705 -5.209378e-06 -4.371762e-07)
(0.001418542 -4.900277e-06 -4.09438e-07)
(0.001416496 -4.614439e-06 -3.836187e-07)
(0.001008579 -5.161648e-06 -8.664104e-07)
(0.00100505 -4.781669e-06 -8.162378e-07)
(0.001001777 -4.434306e-06 -7.681044e-07)
(0.0009987389 -4.116504e-06 -7.220522e-07)
(0.0009959142 -3.825513e-06 -6.780979e-07)
(0.0009932845 -3.558857e-06 -6.362434e-07)
(0.0009908331 -3.314308e-06 -5.964779e-07)
(0.0009885449 -3.089856e-06 -5.587782e-07)
(0.0009864061 -2.883687e-06 -5.23111e-07)
(0.0009844043 -2.694162e-06 -4.894333e-07)
(0.0009825283 -2.519797e-06 -4.576944e-07)
(0.000980768 -2.359252e-06 -4.278353e-07)
(0.000979114 -2.21132e-06 -3.997964e-07)
(0.0009775581 -2.074905e-06 -3.734991e-07)
(0.0009760926 -1.949052e-06 -3.489033e-07)
(0.0009747108 -1.832844e-06 -3.258453e-07)
(0.0009734057 -1.725739e-06 -3.044345e-07)
(0.0003980063 -3.44154e-07 -4.989288e-07)
(0.0003967435 -3.186365e-07 -4.675003e-07)
(0.0003955759 -2.953759e-07 -4.376596e-07)
(0.0003944946 -2.741323e-07 -4.094036e-07)
(0.0003934915 -2.547026e-07 -3.82711e-07)
(0.0003925593 -2.369106e-07 -3.575495e-07)
(0.0003916917 -2.206016e-07 -3.33878e-07)
(0.0003908828 -2.056386e-07 -3.116491e-07)
(0.0003901276 -1.918989e-07 -2.908104e-07)
(0.0003894213 -1.792727e-07 -2.713059e-07)
(0.0003887598 -1.676612e-07 -2.530771e-07)
(0.0003881393 -1.569761e-07 -2.36063e-07)
(0.0003875564 -1.471409e-07 -2.202054e-07)
(0.0003870081 -1.380856e-07 -2.054373e-07)
(0.0003864916 -1.297692e-07 -1.917199e-07)
(0.0003860043 -1.221207e-07 -1.78948e-07)
(0.0003855438 -1.152547e-07 -1.67218e-07)
(0.002258728 4.967312e-06 -8.576299e-08)
(0.002261404 4.777269e-06 -8.039665e-08)
(0.002263977 4.595771e-06 -7.514924e-08)
(0.00226645 4.422347e-06 -7.005212e-08)
(0.002248968 1.879895e-06 -1.102017e-07)
(0.002252069 1.807194e-06 -1.045449e-07)
(0.00225505 1.737817e-06 -9.890452e-08)
(0.002257918 1.671595e-06 -9.342544e-08)
(0.002260677 1.608354e-06 -8.799481e-08)
(0.002263333 1.547933e-06 -8.265784e-08)
(0.002265889 1.490175e-06 -7.74517e-08)
(0.002248968 -1.879822e-06 -1.102012e-07)
(0.002252069 -1.807115e-06 -1.045443e-07)
(0.00225505 -1.737729e-06 -9.890385e-08)
(0.002257918 -1.6715e-06 -9.342466e-08)
(0.002260677 -1.608257e-06 -8.799401e-08)
(0.002263333 -1.547834e-06 -8.265721e-08)
(0.002265889 -1.490078e-06 -7.745252e-08)
(0.002250025 -5.593652e-06 -1.025501e-07)
(0.002253044 -5.374957e-06 -9.684941e-08)
(0.002255943 -5.166314e-06 -9.120727e-08)
(0.002258728 -4.967226e-06 -8.576167e-08)
(0.002261404 -4.777179e-06 -8.039442e-08)
(0.002263977 -4.595677e-06 -7.51472e-08)
(0.00226645 -4.422252e-06 -7.005485e-08)
(0.002251802 -9.160251e-06 -8.392928e-08)
(0.002254644 -8.794313e-06 -7.836397e-08)
(0.002257365 -8.445427e-06 -7.293218e-08)
(0.002259971 -8.112761e-06 -6.775752e-08)
(0.002262469 -7.795453e-06 -6.271143e-08)
(0.002264864 -7.492668e-06 -5.782813e-08)
(0.00226716 -7.203612e-06 -5.31363e-08)
(0.002253514 -1.245094e-05 -4.794468e-08)
(0.002256057 -1.193742e-05 -4.316984e-08)
(0.00225848 -1.144842e-05 -3.861108e-08)
(0.002260791 -1.098275e-05 -3.436861e-08)
(0.002262996 -1.053919e-05 -3.030121e-08)
(0.002265099 -1.011652e-05 -2.643226e-08)
(0.002267107 -9.713612e-06 -2.278044e-08)
(0.00225372 -1.529791e-05 1.39156e-08)
(0.002255812 -1.464041e-05 1.6498e-08)
(0.002257791 -1.401549e-05 1.882757e-08)
(0.002259664 -1.342156e-05 2.083553e-08)
(0.002261439 -1.285698e-05 2.267221e-08)
(0.002263119 -1.232013e-05 2.432624e-08)
(0.002264713 -1.180945e-05 2.579016e-08)
(0.002250033 -1.749482e-05 1.10145e-07)
(0.002251503 -1.670536e-05 1.081876e-07)
(0.002252875 -1.595704e-05 1.060744e-07)
(0.002254157 -1.524777e-05 1.037707e-07)
(0.002255356 -1.457541e-05 1.014218e-07)
(0.002256476 -1.393785e-05 9.902456e-08)
(0.002257524 -1.333305e-05 9.657921e-08)
(0.002238831 -1.881745e-05 2.455946e-07)
(0.002239516 -1.792165e-05 2.358439e-07)
(0.002240131 -1.707543e-05 2.262839e-07)
(0.002240682 -1.627611e-05 2.169043e-07)
(0.002241175 -1.552101e-05 2.078175e-07)
(0.002241616 -1.480742e-05 1.990153e-07)
(0.002242009 -1.413277e-05 1.904929e-07)
(0.002331094 5.324021e-06 -7.364163e-08)
(0.002333954 5.118302e-06 -6.928841e-08)
(0.002336702 4.921823e-06 -6.497173e-08)
(0.002339343 4.734094e-06 -6.073311e-08)
(0.002320657 2.016627e-06 -9.366765e-08)
(0.002323971 1.938008e-06 -8.935625e-08)
(0.002327155 1.862951e-06 -8.492065e-08)
(0.002330218 1.791287e-06 -8.0538e-08)
(0.002333164 1.722838e-06 -7.612534e-08)
(0.002335999 1.657437e-06 -7.172663e-08)
(0.002338727 1.594922e-06 -6.738816e-08)
(0.002320657 -2.016554e-06 -9.366712e-08)
(0.002323971 -1.937929e-06 -8.935564e-08)
(0.002327155 -1.862864e-06 -8.491999e-08)
(0.002330218 -1.791193e-06 -8.053719e-08)
(0.002333164 -1.722741e-06 -7.612445e-08)
(0.002335999 -1.657338e-06 -7.172574e-08)
(0.002338727 -1.594825e-06 -6.738715e-08)
(0.00232179 -6.001688e-06 -8.678073e-08)
(0.002325019 -5.76516e-06 -8.243003e-08)
(0.002328118 -5.53941e-06 -7.799328e-08)
(0.002331094 -5.323937e-06 -7.364148e-08)
(0.002333954 -5.118213e-06 -6.928663e-08)
(0.002336702 -4.921731e-06 -6.496951e-08)
(0.002339343 -4.734e-06 -6.073301e-08)
(0.002323709 -9.832321e-06 -7.004176e-08)
(0.002326754 -9.436431e-06 -6.581231e-08)
(0.002329667 -9.058838e-06 -6.156512e-08)
(0.002332458 -8.698699e-06 -5.745813e-08)
(0.002335132 -8.355133e-06 -5.339371e-08)
(0.002337694 -8.027277e-06 -4.940599e-08)
(0.00234015 -7.714303e-06 -4.553317e-08)
(0.002325607 -1.337231e-05 -3.77491e-08)
(0.002328339 -1.28165e-05 -3.422727e-08)
(0.002330942 -1.228703e-05 -3.076404e-08)
(0.002333424 -1.178269e-05 -2.749559e-08)
(0.002335791 -1.130222e-05 -2.431213e-08)
(0.002338048 -1.084437e-05 -2.123824e-08)
(0.002340203 -1.040796e-05 -1.830309e-08)
(0.002325989 -1.644269e-05 1.766219e-08)
(0.00232825 -1.573057e-05 1.922315e-08)
(0.002330388 -1.505351e-05 2.068813e-08)
(0.002332411 -1.440987e-05 2.19513e-08)
(0.002334327 -1.379795e-05 2.313185e-08)
(0.002336142 -1.321607e-05 2.421571e-08)
(0.002337861 -1.266261e-05 2.518411e-08)
(0.002322377 -1.882179e-05 1.036817e-07)
(0.002323985 -1.796601e-05 1.011877e-07)
(0.002325486 -1.715456e-05 9.867685e-08)
(0.002326888 -1.638529e-05 9.607816e-08)
(0.002328199 -1.565599e-05 9.350855e-08)
(0.002329424 -1.496442e-05 9.096084e-08)
(0.00233057 -1.430846e-05 8.842394e-08)
(0.002310992 -2.026682e-05 2.244795e-07)
(0.002311774 -1.929471e-05 2.150346e-07)
(0.002312477 -1.837615e-05 2.058712e-07)
(0.002313109 -1.750836e-05 1.969479e-07)
(0.002313677 -1.66885e-05 1.883546e-07)
(0.002314187 -1.591371e-05 1.800791e-07)
(0.002314643 -1.518129e-05 1.721065e-07)
(0.002286517 -2.056311e-05 3.767018e-07)
(0.002286353 -1.952086e-05 3.570609e-07)
(0.002286154 -1.854002e-05 3.383101e-07)
(0.002285923 -1.761711e-05 3.20418e-07)
(0.002285668 -1.674864e-05 3.034102e-07)
(0.002285391 -1.593109e-05 2.872487e-07)
(0.002285096 -1.516117e-05 2.718957e-07)
(0.00224199 -1.959374e-05 5.462375e-07)
(0.002240869 -1.854603e-05 5.137148e-07)
(0.002239765 -1.756441e-05 4.830304e-07)
(0.00223868 -1.664478e-05 4.541273e-07)
(0.002237617 -1.578304e-05 4.269246e-07)
(0.002236577 -1.497515e-05 4.013305e-07)
(0.00223556 -1.421734e-05 3.772579e-07)
(0.002168839 -1.741133e-05 7.079436e-07)
(0.002166894 -1.643373e-05 6.616393e-07)
(0.002165023 -1.552193e-05 6.18366e-07)
(0.002163221 -1.467146e-05 5.779979e-07)
(0.002161488 -1.387789e-05 5.403151e-07)
(0.002159821 -1.313692e-05 5.051454e-07)
(0.002158218 -1.244457e-05 4.723285e-07)
(0.002056923 -1.427197e-05 8.315324e-07)
(0.002054434 -1.343665e-05 7.733113e-07)
(0.002052063 -1.266091e-05 7.193229e-07)
(0.002049803 -1.194037e-05 6.693389e-07)
(0.002047648 -1.127067e-05 6.229958e-07)
(0.002045593 -1.064769e-05 5.800295e-07)
(0.002043632 -1.006767e-05 5.401946e-07)
(0.001894299 -1.061345e-05 8.910911e-07)
(0.001891637 -9.971729e-06 8.257358e-07)
(0.001889118 -9.378134e-06 7.655034e-07)
(0.00188673 -8.828834e-06 7.100577e-07)
(0.001884467 -8.320029e-06 6.589262e-07)
(0.001882319 -7.848244e-06 6.117668e-07)
(0.00188028 -7.410313e-06 5.682619e-07)
(0.001666415 -6.949786e-06 8.764113e-07)
(0.00166396 -6.519969e-06 8.105098e-07)
(0.001661645 -6.123787e-06 7.500367e-07)
(0.00165946 -5.75833e-06 6.945825e-07)
(0.001657395 -5.420731e-06 6.436363e-07)
(0.001655441 -5.108483e-06 5.96819e-07)
(0.001653592 -4.819306e-06 5.53776e-07)
(0.001354584 -3.767315e-06 7.907529e-07)
(0.00135264 -3.53104e-06 7.310917e-07)
(0.001350811 -3.314075e-06 6.764738e-07)
(0.001349087 -3.114496e-06 6.264862e-07)
(0.00134746 -2.930501e-06 5.806593e-07)
(0.001345924 -2.760628e-06 5.386288e-07)
(0.001344472 -2.603542e-06 5.000515e-07)
(0.0009339846 -1.387513e-06 6.327165e-07)
(0.0009327408 -1.299705e-06 5.858176e-07)
(0.0009315716 -1.219618e-06 5.428856e-07)
(0.00093047 -1.146152e-06 5.035951e-07)
(0.0009294311 -1.078496e-06 4.67585e-07)
(0.0009284501 -1.016088e-06 4.34561e-07)
(0.0009275227 -9.584079e-07 4.042453e-07)
(0.0003719519 -8.166646e-08 3.370857e-07)
(0.0003715104 -7.632213e-08 3.128051e-07)
(0.0003710953 -7.173947e-08 2.905816e-07)
(0.0003707038 -6.752221e-08 2.702315e-07)
(0.0003703343 -6.361719e-08 2.515624e-07)
(0.0003699851 -6.000958e-08 2.344211e-07)
(0.0003696546 -5.666809e-08 2.186626e-07)
(0.002388138 5.621175e-06 -5.763922e-08)
(0.00239115 5.40236e-06 -5.456679e-08)
(0.002394044 5.193357e-06 -5.143837e-08)
(0.002396824 4.993664e-06 -4.830447e-08)
(0.002377137 2.130523e-06 -7.21111e-08)
(0.002380628 2.046975e-06 -6.94298e-08)
(0.002383982 1.967183e-06 -6.647857e-08)
(0.002387206 1.890977e-06 -6.346724e-08)
(0.002390308 1.818178e-06 -6.034248e-08)
(0.002393291 1.748615e-06 -5.714272e-08)
(0.002396161 1.682121e-06 -5.392171e-08)
(0.002377137 -2.130451e-06 -7.211061e-08)
(0.002380628 -2.046897e-06 -6.942922e-08)
(0.002383982 -1.967097e-06 -6.647797e-08)
(0.002387206 -1.890884e-06 -6.346647e-08)
(0.002390308 -1.818082e-06 -6.034152e-08)
(0.002393291 -1.748517e-06 -5.714162e-08)
(0.002396161 -1.682025e-06 -5.391934e-08)
(0.002378333 -6.341642e-06 -6.62907e-08)
(0.002381736 -6.090259e-06 -6.357661e-08)
(0.002385002 -5.850243e-06 -6.062518e-08)
(0.002388138 -5.621092e-06 -5.764093e-08)
(0.00239115 -5.402273e-06 -5.456608e-08)
(0.002394044 -5.193267e-06 -5.143643e-08)
(0.002396824 -4.993571e-06 -4.830178e-08)
(0.002380371 -1.039246e-05 -5.216913e-08)
(0.002383584 -9.97161e-06 -4.955779e-08)
(0.002386659 -9.570066e-06 -4.676764e-08)
(0.002389603 -9.186986e-06 -4.399201e-08)
(0.002392423 -8.821476e-06 -4.11647e-08)
(0.002395125 -8.472653e-06 -3.831596e-08)
(0.002397714 -8.139668e-06 -3.549215e-08)
(0.002382426 -1.414064e-05 -2.499548e-08)
(0.002385316 -1.354956e-05 -2.297999e-08)
(0.00238807 -1.298631e-05 -2.085208e-08)
(0.002390694 -1.244966e-05 -1.87858e-08)
(0.002393196 -1.193833e-05 -1.670408e-08)
(0.002395583 -1.145105e-05 -1.462933e-08)
(0.002397859 -1.098658e-05 -1.26003e-08)
(0.002382962 -1.7398e-05 2.149887e-08)
(0.002385364 -1.664028e-05 2.186765e-08)
(0.002387635 -1.591964e-05 2.231328e-08)
(0.002389785 -1.523443e-05 2.268993e-08)
(0.002391819 -1.45829e-05 2.308356e-08)
(0.002393746 -1.396333e-05 2.347999e-08)
(0.002395571 -1.337402e-05 2.384941e-08)
(0.002379426 -1.993e-05 9.343785e-08)
(0.00238115 -1.901879e-05 9.041074e-08)
(0.00238276 -1.815454e-05 8.751955e-08)
(0.002384264 -1.733506e-05 8.465335e-08)
(0.002385669 -1.655806e-05 8.189758e-08)
(0.002386984 -1.582124e-05 7.924284e-08)
(0.002388213 -1.512237e-05 7.666651e-08)
(0.002367916 -2.147826e-05 1.940808e-07)
(0.00236878 -2.044231e-05 1.852488e-07)
(0.002369559 -1.946318e-05 1.76792e-07)
(0.002370262 -1.8538e-05 1.686339e-07)
(0.002370894 -1.766385e-05 1.608386e-07)
(0.002371462 -1.683774e-05 1.533906e-07)
(0.002371973 -1.605685e-05 1.462649e-07)
(0.002342929 -2.181246e-05 3.203014e-07)
(0.002342808 -2.070067e-05 3.029881e-07)
(0.002342645 -1.965416e-05 2.865439e-07)
(0.002342448 -1.866932e-05 2.709147e-07)
(0.002342221 -1.774251e-05 2.561118e-07)
(0.002341969 -1.687005e-05 2.420962e-07)
(0.002341696 -1.604846e-05 2.288244e-07)
(0.00229726 -2.080468e-05 4.600209e-07)
(0.002296138 -1.968585e-05 4.320461e-07)
(0.002295031 -1.863742e-05 4.057133e-07)
(0.002293942 -1.765507e-05 3.809636e-07)
(0.002292871 -1.673452e-05 3.577205e-07)
(0.002291822 -1.587152e-05 3.358974e-07)
(0.002290795 -1.506209e-05 3.15411e-07)
(0.002222044 -1.850657e-05 5.920208e-07)
(0.002220061 -1.74614e-05 5.527325e-07)
(0.002218151 -1.648641e-05 5.160572e-07)
(0.002216311 -1.557692e-05 4.818962e-07)
(0.00221454 -1.472825e-05 4.500571e-07)
(0.002212835 -1.393588e-05 4.203836e-07)
(0.002211195 -1.319559e-05 3.927328e-07)
(0.002106827 -1.518696e-05 6.912543e-07)
(0.002104273 -1.429271e-05 6.423217e-07)
(0.002101839 -1.346214e-05 5.969739e-07)
(0.002099519 -1.269061e-05 5.550426e-07)
(0.002097305 -1.197352e-05 5.162146e-07)
(0.002095194 -1.130651e-05 4.802558e-07)
(0.002093179 -1.068558e-05 4.469544e-07)
(0.001939353 -1.130905e-05 7.365111e-07)
(0.001936616 -1.0621e-05 6.820337e-07)
(0.001934025 -9.984455e-06 6.318451e-07)
(0.001931569 -9.39538e-06 5.856973e-07)
(0.001929241 -8.849743e-06 5.43186e-07)
(0.001927031 -8.343855e-06 5.040133e-07)
(0.001924932 -7.874344e-06 4.67909e-07)
(0.001704792 -7.41927e-06 7.206793e-07)
(0.001702268 -6.957423e-06 6.661619e-07)
(0.001699888 -6.531652e-06 6.161461e-07)
(0.00169764 -6.138883e-06 5.703278e-07)
(0.001695516 -5.776065e-06 5.282706e-07)
(0.001693507 -5.440529e-06 4.896503e-07)
(0.001691604 -5.129841e-06 4.541684e-07)
(0.00138426 -4.033796e-06 6.468361e-07)
(0.001382263 -3.779069e-06 5.978694e-07)
(0.001380385 -3.545106e-06 5.530431e-07)
(0.001378614 -3.329877e-06 5.120504e-07)
(0.001376943 -3.131464e-06 4.744916e-07)
(0.001375365 -2.948298e-06 4.400608e-07)
(0.001373873 -2.778955e-06 4.084717e-07)
(0.0009529198 -1.495223e-06 5.166092e-07)
(0.000951645 -1.399897e-06 4.783146e-07)
(0.0009504466 -1.312905e-06 4.432442e-07)
(0.0009493175 -1.233095e-06 4.111626e-07)
(0.0009482525 -1.159598e-06 3.81764e-07)
(0.0009472468 -1.091808e-06 3.548068e-07)
(0.000946296 -1.02917e-06 3.300614e-07)
(0.000378487 -9.199238e-08 2.740016e-07)
(0.000378036 -8.59188e-08 2.542864e-07)
(0.0003776119 -8.067416e-08 2.362293e-07)
(0.0003772118 -7.584916e-08 2.197007e-07)
(0.0003768342 -7.138218e-08 2.045338e-07)
(0.0003764773 -6.725603e-08 1.906067e-07)
(0.0003761394 -6.343636e-08 1.777995e-07)
(0.002418543 2.217895e-06 -4.647584e-08)
(0.002422169 2.130568e-06 -4.56419e-08)
(0.002425653 2.047142e-06 -4.438847e-08)
(0.002429002 1.967448e-06 -4.296302e-08)
(0.002432222 1.891307e-06 -4.133952e-08)
(0.002435319 1.818544e-06 -3.954631e-08)
(0.002438299 1.748989e-06 -3.764309e-08)
(0.002418543 -2.217824e-06 -4.647542e-08)
(0.002422169 -2.130492e-06 -4.56414e-08)
(0.002425653 -2.047058e-06 -4.4388e-08)
(0.002429002 -1.967358e-06 -4.296246e-08)
(0.002432222 -1.891212e-06 -4.133865e-08)
(0.002435319 -1.818446e-06 -3.954524e-08)
(0.002438299 -1.748894e-06 -3.76404e-08)
(0.002419786 -6.602468e-06 -4.197591e-08)
(0.002423324 -6.339694e-06 -4.111748e-08)
(0.002426718 -6.088728e-06 -3.986515e-08)
(0.002429976 -5.849072e-06 -3.846226e-08)
(0.002433105 -5.620188e-06 -3.687885e-08)
(0.002436111 -5.40155e-06 -3.514156e-08)
(0.002438998 -5.192649e-06 -3.330644e-08)
(0.002421916 -1.082235e-05 -3.109059e-08)
(0.002425259 -1.038235e-05 -3.031295e-08)
(0.002428457 -9.962412e-06 -2.91875e-08)
(0.00243152 -9.561706e-06 -2.794872e-08)
(0.002434452 -9.179324e-06 -2.655984e-08)
(0.002437261 -8.814373e-06 -2.504327e-08)
(0.002439952 -8.465987e-06 -2.345262e-08)
(0.002424092 -1.473055e-05 -1.023628e-08)
(0.002427105 -1.41124e-05 -9.918755e-09)
(0.002429974 -1.352319e-05 -9.306755e-09)
(0.002432708 -1.29617e-05 -8.618512e-09)
(0.002435315 -1.242664e-05 -7.808341e-09)
(0.0024378 -1.19167e-05 -6.892975e-09)
(0.002440171 -1.143063e-05 -5.920198e-09)
(0.00242475 -1.813183e-05 2.526577e-08)
(0.002427262 -1.733908e-05 2.431958e-08)
(0.002429636 -1.658495e-05 2.363615e-08)
(0.002431883 -1.586776e-05 2.302276e-08)
(0.002434009 -1.518575e-05 2.25326e-08)
(0.002436023 -1.453715e-05 2.215427e-08)
(0.00243793 -1.392022e-05 2.184702e-08)
(0.002421281 -2.078178e-05 7.987027e-08)
(0.002423096 -1.982795e-05 7.633286e-08)
(0.00242479 -1.892308e-05 7.309531e-08)
(0.002426373 -1.806494e-05 6.999977e-08)
(0.002427853 -1.725121e-05 6.709975e-08)
(0.002429236 -1.647952e-05 6.438572e-08)
(0.00243053 -1.574758e-05 6.182301e-08)
(0.00240969 -2.240994e-05 1.557336e-07)
(0.00241062 -2.132485e-05 1.477916e-07)
(0.002411459 -2.029908e-05 1.403205e-07)
(0.002412217 -1.93297e-05 1.332019e-07)
(0.0024129 -1.84137e-05 1.264732e-07)
(0.002413515 -1.754802e-05 1.201169e-07)
(0.002414068 -1.672973e-05 1.140975e-07)
(0.002384338 -2.277381e-05 2.500416e-07)
(0.002384251 -2.160845e-05 2.357131e-07)
(0.002384119 -2.051135e-05 2.222141e-07)
(0.002383949 -1.947876e-05 2.094627e-07)
(0.002383746 -1.850695e-05 1.974555e-07)
(0.002383515 -1.759211e-05 1.861528e-07)
(0.00238326 -1.673067e-05 1.755064e-07)
(0.002337834 -2.17369e-05 3.532516e-07)
(0.002336715 -2.056325e-05 3.309716e-07)
(0.002335608 -1.946329e-05 3.100853e-07)
(0.002334517 -1.843255e-05 2.905305e-07)
(0.002333443 -1.746662e-05 2.722356e-07)
(0.002332389 -1.656108e-05 2.551198e-07)
(0.002331355 -1.571179e-05 2.39106e-07)
(0.002261099 -1.934998e-05 4.490259e-07)
(0.00225909 -1.825268e-05 4.18437e-07)
(0.002257153 -1.722894e-05 3.899478e-07)
(0.002255286 -1.62739e-05 3.634904e-07)
(0.002253487 -1.53827e-05 3.389027e-07)
(0.002251755 -1.455063e-05 3.160459e-07)
(0.002250088 -1.377332e-05 2.948005e-07)
(0.002143442 -1.589167e-05 5.187872e-07)
(0.002140841 -1.495197e-05 4.81305e-07)
(0.002138362 -1.407908e-05 4.466199e-07)
(0.002135997 -1.326818e-05 4.146317e-07)
(0.002133742 -1.25145e-05 3.85084e-07)
(0.002131589 -1.181348e-05 3.577766e-07)
(0.002129534 -1.116095e-05 3.325396e-07)
(0.00197238 -1.184481e-05 5.471469e-07)
(0.001969589 -1.1121e-05 5.060143e-07)
(0.001966946 -1.045131e-05 4.681606e-07)
(0.00196444 -9.831528e-06 4.334403e-07)
(0.001962063 -9.257453e-06 4.015256e-07)
(0.001959808 -8.725228e-06 3.721694e-07)
(0.001957666 -8.231327e-06 3.451607e-07)
(0.001732888 -7.780933e-06 5.307014e-07)
(0.001730313 -7.294371e-06 4.900814e-07)
(0.001727885 -6.84576e-06 4.528461e-07)
(0.001725592 -6.431903e-06 4.188123e-07)
(0.001723424 -6.049613e-06 3.876294e-07)
(0.001721373 -5.696092e-06 3.590357e-07)
(0.001719432 -5.368791e-06 3.328025e-07)
(0.001405946 -4.239041e-06 4.723077e-07)
(0.001403911 -3.97008e-06 4.363169e-07)
(0.001401997 -3.722999e-06 4.033845e-07)
(0.001400191 -3.495692e-06 3.733242e-07)
(0.001398488 -3.286148e-06 3.458177e-07)
(0.001396879 -3.09272e-06 3.20626e-07)
(0.001395358 -2.913913e-06 2.975334e-07)
(0.0009667287 -1.578354e-06 3.768079e-07)
(0.0009654315 -1.477224e-06 3.488833e-07)
(0.0009642119 -1.384894e-06 3.232978e-07)
(0.0009630627 -1.30018e-06 2.999175e-07)
(0.0009619787 -1.222167e-06 2.785027e-07)
(0.0009609549 -1.150216e-06 2.58871e-07)
(0.000959987 -1.08374e-06 2.408524e-07)
(0.0003832446 -1.001378e-07 1.987725e-07)
(0.0003827867 -9.349381e-08 1.845131e-07)
(0.000382356 -8.772791e-08 1.714414e-07)
(0.0003819498 -8.242476e-08 1.594864e-07)
(0.0003815663 -7.751504e-08 1.48514e-07)
(0.0003812037 -7.297994e-08 1.384354e-07)
(0.0003808606 -6.878305e-08 1.291632e-07)
(0.002444978 2.275861e-06 -1.795795e-08)
(0.002448695 2.186029e-06 -1.911012e-08)
(0.002452265 2.100191e-06 -1.968866e-08)
(0.002455697 2.018182e-06 -1.999146e-08)
(0.002458996 1.93982e-06 -2.001314e-08)
(0.002462169 1.864931e-06 -1.976805e-08)
(0.002465221 1.793342e-06 -1.932153e-08)
(0.002444978 -2.275792e-06 -1.795763e-08)
(0.002448695 -2.185954e-06 -1.910973e-08)
(0.002452265 -2.10011e-06 -1.968833e-08)
(0.002455697 -2.018094e-06 -1.99911e-08)
(0.002458996 -1.939727e-06 -2.001245e-08)
(0.002462169 -1.864835e-06 -1.976712e-08)
(0.002465221 -1.793248e-06 -1.931935e-08)
(0.002446253 -6.775528e-06 -1.497146e-08)
(0.00244988 -6.5052e-06 -1.610877e-08)
(0.002453359 -6.246969e-06 -1.66899e-08)
(0.002456699 -6.000338e-06 -1.701001e-08)
(0.002459906 -5.764768e-06 -1.706062e-08)
(0.002462986 -5.53973e-06 -1.68551e-08)
(0.002465944 -5.324709e-06 -1.645644e-08)
(0.002448443 -1.110764e-05 -7.791707e-09)
(0.002451873 -1.065493e-05 -8.985178e-09)
(0.002455154 -1.022279e-05 -9.654122e-09)
(0.002458295 -9.810381e-06 -1.008751e-08)
(0.002461302 -9.416788e-06 -1.027188e-08)
(0.002464182 -9.041116e-06 -1.021798e-08)
(0.002466942 -8.68249e-06 -9.98738e-09)
(0.0024507 -1.512215e-05 5.835071e-09)
(0.002453795 -1.448603e-05 4.335316e-09)
(0.002456741 -1.387958e-05 3.322139e-09)
(0.002459549 -1.330159e-05 2.519462e-09)
(0.002462225 -1.275075e-05 1.94718e-09)
(0.002464777 -1.222575e-05 1.597693e-09)
(0.002467211 -1.172532e-05 1.413274e-09)
(0.002451441 -1.861913e-05 2.87781e-08)
(0.002454026 -1.780312e-05 2.644963e-08)
(0.00245647 -1.702674e-05 2.458112e-08)
(0.002458782 -1.628829e-05 2.291944e-08)
(0.00246097 -1.5586e-05 2.148973e-08)
(0.002463041 -1.491809e-05 2.028634e-08)
(0.002465003 -1.428279e-05 1.925646e-08)
(0.00244802 -2.13476e-05 6.359712e-08)
(0.002449897 -2.036544e-05 5.959181e-08)
(0.002451648 -1.943357e-05 5.605959e-08)
(0.002453285 -1.854972e-05 5.278326e-08)
(0.002454814 -1.771154e-05 4.978798e-08)
(0.002456244 -1.691664e-05 4.706629e-08)
(0.002457582 -1.61627e-05 4.457028e-08)
(0.002436384 -2.302901e-05 1.112056e-07)
(0.002437359 -2.191124e-05 1.043879e-07)
(0.002438239 -2.085445e-05 9.813767e-08)
(0.002439035 -1.985565e-05 9.2285e-08)
(0.002439753 -1.89118e-05 8.684249e-08)
(0.0024404 -1.801977e-05 8.179251e-08)
(0.002440982 -1.717659e-05 7.708795e-08)
(0.002410804 -2.341272e-05 1.691722e-07)
(0.002410742 -2.221172e-05 1.583481e-07)
(0.002410632 -2.108095e-05 1.482981e-07)
(0.002410481 -2.001658e-05 1.389068e-07)
(0.002410295 -1.90148e-05 1.301567e-07)
(0.002410079 -1.807175e-05 1.22009e-07)
(0.002409838 -1.718375e-05 1.144106e-07)
(0.00236377 -2.235649e-05 2.308758e-07)
(0.002362654 -2.114637e-05 2.151772e-07)
(0.002361549 -2.00121e-05 2.00581e-07)
(0.002360458 -1.894915e-05 1.870227e-07)
(0.002359383 -1.7953e-05 1.744353e-07)
(0.002358327 -1.701912e-05 1.627451e-07)
(0.002357291 -1.614328e-05 1.518834e-07)
(0.002286061 -1.99105e-05 2.85585e-07)
(0.002284036 -1.877851e-05 2.649822e-07)
(0.002282083 -1.772232e-05 2.458884e-07)
(0.0022802 -1.673694e-05 2.28275e-07)
(0.002278385 -1.581742e-05 2.120095e-07)
(0.002276636 -1.495892e-05 1.969741e-07)
(0.002274953 -1.415695e-05 1.830757e-07)
(0.002166835 -1.635994e-05 3.221133e-07)
(0.002164206 -1.538998e-05 2.97722e-07)
(0.002161698 -1.448893e-05 2.752274e-07)
(0.002159306 -1.365183e-05 2.546136e-07)
(0.002157024 -1.287379e-05 2.35681e-07)
(0.002154845 -1.215013e-05 2.182679e-07)
(0.002152766 -1.147656e-05 2.022526e-07)
(0.001993466 -1.22007e-05 3.317306e-07)
(0.001990641 -1.145311e-05 3.058032e-07)
(0.001987965 -1.076137e-05 2.820061e-07)
(0.001985428 -1.012116e-05 2.603164e-07)
(0.001983021 -9.52816e-06 2.404847e-07)
(0.001980736 -8.978412e-06 2.223212e-07)
(0.001978567 -8.468284e-06 2.056823e-07)
(0.001750805 -8.021228e-06 3.15172e-07)
(0.001748199 -7.518232e-06 2.903344e-07)
(0.00174574 -7.054431e-06 2.676159e-07)
(0.001743418 -6.626548e-06 2.469762e-07)
(0.001741223 -6.231306e-06 2.28153e-07)
(0.001739146 -5.865822e-06 2.109557e-07)
(0.00173718 -5.527469e-06 1.952343e-07)
(0.001419756 -4.375326e-06 2.75039e-07)
(0.001417697 -4.096913e-06 2.537255e-07)
(0.001415759 -3.841114e-06 2.342495e-07)
(0.001413933 -3.605782e-06 2.165653e-07)
(0.001412209 -3.388842e-06 2.004394e-07)
(0.001410581 -3.188595e-06 1.857079e-07)
(0.001409041 -3.003497e-06 1.722348e-07)
(0.000975508 -1.633797e-06 2.195386e-07)
(0.0009741966 -1.528807e-06 2.032906e-07)
(0.0009729636 -1.432919e-06 1.883868e-07)
(0.0009718017 -1.344937e-06 1.748109e-07)
(0.0009707057 -1.263914e-06 1.623931e-07)
(0.0009696705 -1.189186e-06 1.510174e-07)
(0.0009686918 -1.120152e-06 1.405804e-07)
(0.0003862652 -1.058403e-07 1.14581e-07)
(0.0003858029 -9.880569e-08 1.06434e-07)
(0.0003853681 -9.267768e-08 9.895081e-08)
(0.000384958 -8.704317e-08 9.212495e-08)
(0.0003845708 -8.182572e-08 8.58575e-08)
(0.0003842047 -7.700585e-08 8.009622e-08)
(0.0003838582 -7.254611e-08 7.479017e-08)
(0.002456514 2.302487e-06 1.205573e-08)
(0.002460273 2.211504e-06 8.862336e-09)
(0.002463883 2.124559e-06 6.408209e-09)
(0.002467353 2.041485e-06 4.315872e-09)
(0.002470689 1.962102e-06 2.582954e-09)
(0.002473897 1.886235e-06 1.213936e-09)
(0.002476982 1.813711e-06 1.357274e-10)
(0.002456514 -2.302419e-06 1.205599e-08)
(0.002460273 -2.211431e-06 8.862658e-09)
(0.002463883 -2.124479e-06 6.408474e-09)
(0.002467353 -2.041399e-06 4.316132e-09)
(0.002470689 -1.962012e-06 2.583501e-09)
(0.002473897 -1.886142e-06 1.214748e-09)
(0.002476982 -1.813618e-06 1.374683e-10)
(0.002457803 -6.85503e-06 1.340721e-08)
(0.002461472 -6.581232e-06 1.021837e-08)
(0.002464991 -6.319663e-06 7.760271e-09)
(0.002468368 -6.069825e-06 5.656459e-09)
(0.002471611 -5.83118e-06 3.906778e-09)
(0.002474726 -5.603198e-06 2.515998e-09)
(0.002477717 -5.385361e-06 1.412146e-09)
(0.002460021 -1.123872e-05 1.658752e-08)
(0.002463491 -1.078017e-05 1.336911e-08)
(0.002466811 -1.034242e-05 1.086546e-08)
(0.002469988 -9.924626e-06 8.70338e-09)
(0.00247303 -9.525876e-06 6.885786e-09)
(0.002475944 -9.14527e-06 5.418326e-09)
(0.002478734 -8.78193e-06 4.229251e-09)
(0.002462314 -1.53021e-05 2.24223e-08)
(0.002465448 -1.465771e-05 1.906322e-08)
(0.00246843 -1.404334e-05 1.639749e-08)
(0.002471273 -1.345775e-05 1.40616e-08)
(0.002473982 -1.289965e-05 1.20621e-08)
(0.002476564 -1.236772e-05 1.040493e-08)
(0.002479027 -1.186067e-05 9.020104e-09)
(0.002463094 -1.884307e-05 3.183993e-08)
(0.002465714 -1.801636e-05 2.812007e-08)
(0.00246819 -1.722973e-05 2.5072e-08)
(0.002470533 -1.64815e-05 2.235385e-08)
(0.00247275 -1.576988e-05 1.997435e-08)
(0.002474849 -1.509307e-05 1.793749e-08)
(0.002476837 -1.444931e-05 1.61761e-08)
(0.002459698 -2.160759e-05 4.537272e-08)
(0.002461604 -2.061239e-05 4.095881e-08)
(0.002463383 -1.966809e-05 3.7203e-08)
(0.002465045 -1.87724e-05 3.380376e-08)
(0.002466598 -1.792297e-05 3.076786e-08)
(0.00246805 -1.711738e-05 2.80931e-08)
(0.002469408 -1.63533e-05 2.571619e-08)
(0.002448046 -2.331338e-05 6.261544e-08)
(0.002449042 -2.218057e-05 5.710038e-08)
(0.002449943 -2.11095e-05 5.225327e-08)
(0.002450757 -2.009715e-05 4.783345e-08)
(0.002451492 -1.914047e-05 4.383647e-08)
(0.002452154 -1.823631e-05 4.024692e-08)
(0.002452751 -1.738166e-05 3.700474e-08)
(0.002422368 -2.370602e-05 8.157414e-08)
(0.002422319 -2.248862e-05 7.46085e-08)
(0.002422221 -2.134234e-05 6.835032e-08)
(0.00242208 -2.026335e-05 6.264141e-08)
(0.002421903 -1.924778e-05 5.745473e-08)
(0.002421695 -1.829174e-05 5.275386e-08)
(0.002421461 -1.739152e-05 4.84806e-08)
(0.002375104 -2.264066e-05 9.879338e-08)
(0.002373992 -2.141375e-05 9.025324e-08)
(0.002372889 -2.026372e-05 8.249133e-08)
(0.0023718 -1.918595e-05 7.54439e-08)
(0.002370726 -1.817589e-05 6.904905e-08)
(0.002369669 -1.722899e-05 6.32421e-08)
(0.002368633 -1.634095e-05 5.796357e-08)
(0.002296968 -2.016725e-05 1.095942e-07)
(0.002294937 -1.901931e-05 9.979417e-08)
(0.002292979 -1.794822e-05 9.085359e-08)
(0.002291089 -1.694891e-05 8.279957e-08)
(0.002289268 -1.601639e-05 7.552655e-08)
(0.002287514 -1.514576e-05 6.893882e-08)
(0.002285824 -1.433248e-05 6.297366e-08)
(0.002177052 -1.657416e-05 1.107316e-07)
(0.002174411 -1.559033e-05 1.004553e-07)
(0.002171892 -1.467636e-05 9.109114e-08)
(0.002169489 -1.382725e-05 8.273614e-08)
(0.002167195 -1.303805e-05 7.524136e-08)
(0.002165006 -1.230402e-05 6.848632e-08)
(0.002162916 -1.162082e-05 6.240313e-08)
(0.002002667 -1.236328e-05 1.006253e-07)
(0.001999827 -1.160481e-05 9.10487e-08)
(0.001997137 -1.090299e-05 8.235268e-08)
(0.001994587 -1.025344e-05 7.46717e-08)
(0.001992167 -9.651796e-06 6.782806e-08)
(0.001989871 -9.094042e-06 6.169295e-08)
(0.00198769 -8.576502e-06 5.619735e-08)
(0.001758612 -8.131091e-06 8.436227e-08)
(0.001755992 -7.62059e-06 7.645426e-08)
(0.001753521 -7.149848e-06 6.929459e-08)
(0.001751186 -6.715559e-06 6.302054e-08)
(0.00174898 -6.314405e-06 5.745234e-08)
(0.001746892 -5.94346e-06 5.247497e-08)
(0.001744915 -5.600063e-06 4.802482e-08)
(0.001425762 -4.437499e-06 6.42645e-08)
(0.001423692 -4.154787e-06 5.865156e-08)
(0.001421745 -3.895018e-06 5.356115e-08)
(0.001419909 -3.656035e-06 4.911594e-08)
(0.001418177 -3.435733e-06 4.51629e-08)
(0.00141654 -3.232384e-06 4.161905e-08)
(0.001414992 -3.044424e-06 3.84347e-08)
(0.0009793177 -1.659533e-06 5.207431e-08)
(0.0009780004 -1.552775e-06 4.827497e-08)
(0.0009767617 -1.455246e-06 4.475141e-08)
(0.0009755945 -1.36576e-06 4.162662e-08)
(0.0009744934 -1.283349e-06 3.879925e-08)
(0.0009734534 -1.20734e-06 3.622404e-08)
(0.00097247 -1.137123e-06 3.386947e-08)
(0.0003875736 -1.089783e-07 2.502211e-08)
(0.0003871096 -1.017439e-07 2.33782e-08)
(0.000386673 -9.542203e-08 2.184204e-08)
(0.0003862613 -8.961154e-08 2.047688e-08)
(0.0003858725 -8.422916e-08 1.921861e-08)
(0.0003855049 -7.925591e-08 1.805449e-08)
(0.000385157 -7.465446e-08 1.697191e-08)
(0.002453181 2.296886e-06 4.205402e-08)
(0.002456933 2.206145e-06 3.684681e-08)
(0.002460536 2.119431e-06 3.256998e-08)
(0.002463999 2.03658e-06 2.871529e-08)
(0.002467329 1.957411e-06 2.528778e-08)
(0.00247053 1.881748e-06 2.231936e-08)
(0.002473609 1.809421e-06 1.972635e-08)
(0.002453181 -2.29682e-06 4.205422e-08)
(0.002456933 -2.206073e-06 3.684707e-08)
(0.002460536 -2.119354e-06 3.257021e-08)
(0.002463999 -2.036496e-06 2.871549e-08)
(0.002467329 -1.957323e-06 2.52882e-08)
(0.00247053 -1.881657e-06 2.232005e-08)
(0.002473609 -1.809329e-06 1.972783e-08)
(0.002454467 -6.838315e-06 4.17281e-08)
(0.002458129 -6.565243e-06 3.651521e-08)
(0.002461641 -6.304373e-06 3.223346e-08)
(0.002465012 -6.055205e-06 2.837364e-08)
(0.002468248 -5.817203e-06 2.494214e-08)
(0.002471356 -5.589835e-06 2.197052e-08)
(0.002474341 -5.372586e-06 1.937521e-08)
(0.002456679 -1.121117e-05 4.081024e-08)
(0.002460142 -1.075384e-05 3.559562e-08)
(0.002463455 -1.031726e-05 3.131229e-08)
(0.002466626 -9.900585e-06 2.74511e-08)
(0.002469662 -9.502909e-06 2.401973e-08)
(0.002472569 -9.123331e-06 2.104881e-08)
(0.002475354 -8.760973e-06 1.845365e-08)
(0.002458964 -1.526426e-05 3.867128e-08)
(0.002462091 -1.462159e-05 3.348644e-08)
(0.002465068 -1.400887e-05 2.9228e-08)
(0.002467904 -1.342486e-05 2.539376e-08)
(0.002470608 -1.286827e-05 2.199212e-08)
(0.002473185 -1.233778e-05 1.905094e-08)
(0.002475643 -1.18321e-05 1.64852e-08)
(0.002459736 -1.879591e-05 3.426607e-08)
(0.002462351 -1.797141e-05 2.920037e-08)
(0.002464823 -1.718691e-05 2.504314e-08)
(0.002467161 -1.644071e-05 2.131476e-08)
(0.002469373 -1.573103e-05 1.802225e-08)
(0.002471468 -1.505607e-05 1.518709e-08)
(0.002473451 -1.441407e-05 1.272499e-08)
(0.002456337 -2.155264e-05 2.607055e-08)
(0.00245824 -2.056014e-05 2.131634e-08)
(0.002460015 -1.961842e-05 1.74264e-08)
(0.002461674 -1.872519e-05 1.397133e-08)
(0.002463224 -1.78781e-05 1.095252e-08)
(0.002464673 -1.707473e-05 8.379771e-09)
(0.002466028 -1.631276e-05 6.171966e-09)
(0.002444695 -2.325291e-05 1.235848e-08)
(0.00244569 -2.212321e-05 8.254123e-09)
(0.002446589 -2.105512e-05 4.930066e-09)
(0.002447401 -2.00456e-05 2.042252e-09)
(0.002448135 -1.909158e-05 -4.202505e-10)
(0.002448796 -1.818996e-05 -2.465298e-09)
(0.002449391 -1.733771e-05 -4.167581e-09)
(0.00241905 -2.364306e-05 -8.390971e-09)
(0.002419001 -2.242908e-05 -1.133625e-08)
(0.002418903 -2.128606e-05 -1.364222e-08)
(0.002418763 -2.021014e-05 -1.552651e-08)
(0.002418586 -1.919747e-05 -1.701951e-08)
(0.002418379 -1.824417e-05 -1.815175e-08)
(0.002418144 -1.734653e-05 -1.898709e-08)
(0.002371854 -2.257893e-05 -3.638474e-08)
(0.002370744 -2.135555e-05 -3.754041e-08)
(0.002369644 -2.020887e-05 -3.826074e-08)
(0.002368556 -1.913426e-05 -3.860549e-08)
(0.002367485 -1.812716e-05 -3.86304e-08)
(0.002366431 -1.718304e-05 -3.83902e-08)
(0.002365396 -1.629762e-05 -3.793377e-08)
(0.002293837 -2.011064e-05 -7.011899e-08)
(0.002291811 -1.896612e-05 -6.882727e-08)
(0.002289857 -1.789825e-05 -6.736262e-08)
(0.002287972 -1.690196e-05 -6.561812e-08)
(0.002286154 -1.597226e-05 -6.367744e-08)
(0.002284403 -1.510428e-05 -6.161484e-08)
(0.002282716 -1.429347e-05 -5.945994e-08)
(0.002174112 -1.652629e-05 -1.047636e-07)
(0.002171476 -1.554549e-05 -1.005898e-07)
(0.002168963 -1.463437e-05 -9.654007e-08)
(0.002166565 -1.378791e-05 -9.236406e-08)
(0.002164276 -1.300118e-05 -8.81696e-08)
(0.002162091 -1.226947e-05 -8.403815e-08)
(0.002160005 -1.158842e-05 -7.997929e-08)
(0.002000006 -1.232645e-05 -1.346488e-07)
(0.001997172 -1.157043e-05 -1.275248e-07)
(0.001994488 -1.087088e-05 -1.208287e-07)
(0.001991943 -1.022344e-05 -1.142197e-07)
(0.001989528 -9.623773e-06 -1.078168e-07)
(0.001987236 -9.06785e-06 -1.0169e-07)
(0.001985059 -8.552011e-06 -9.582843e-08)
(0.001756337 -8.106421e-06 -1.503682e-07)
(0.001753722 -7.597634e-06 -1.41018e-07)
(0.001751256 -7.128472e-06 -1.323456e-07)
(0.001748926 -6.695651e-06 -1.239895e-07)
(0.001746723 -6.295859e-06 -1.160607e-07)
(0.001744639 -5.926172e-06 -1.085999e-07)
(0.001742666 -5.58394e-06 -1.015791e-07)
(0.001423994 -4.42323e-06 -1.498704e-07)
(0.001421928 -4.141541e-06 -1.395062e-07)
(0.001419985 -3.882702e-06 -1.29979e-07)
(0.001418152 -3.64459e-06 -1.209619e-07)
(0.001416423 -3.425093e-06 -1.125384e-07)
(0.001414789 -3.222482e-06 -1.047108e-07)
(0.001413244 -3.035203e-06 -9.743824e-08)
(0.0009781832 -1.654761e-06 -1.176907e-07)
(0.0009768682 -1.548389e-06 -1.088521e-07)
(0.0009756316 -1.45119e-06 -1.008382e-07)
(0.0009744664 -1.362014e-06 -9.336135e-08)
(0.000973367 -1.279886e-06 -8.646092e-08)
(0.0009723287 -1.204132e-06 -8.011079e-08)
(0.0009713469 -1.134149e-06 -7.426849e-08)
(0.0003871803 -1.096597e-07 -6.626623e-08)
(0.0003867169 -1.024137e-07 -6.129098e-08)
(0.000386281 -9.606042e-08 -5.677011e-08)
(0.0003858699 -9.022416e-08 -5.257129e-08)
(0.0003854816 -8.481487e-08 -4.872575e-08)
(0.0003851146 -7.981518e-08 -4.520588e-08)
(0.0003847671 -7.518913e-08 -4.198487e-08)
(0.002434974 2.259263e-06 7.061113e-08)
(0.002438669 2.170146e-06 6.352045e-08)
(0.002442218 2.084995e-06 5.752933e-08)
(0.002445629 2.003644e-06 5.202647e-08)
(0.002448908 1.925915e-06 4.700452e-08)
(0.002452061 1.851631e-06 4.252499e-08)
(0.002455094 1.780624e-06 3.849912e-08)
(0.002434974 -2.259198e-06 7.061122e-08)
(0.002438669 -2.170075e-06 6.352059e-08)
(0.002442218 -2.084919e-06 5.752947e-08)
(0.002445629 -2.003563e-06 5.202657e-08)
(0.002448908 -1.925829e-06 4.700479e-08)
(0.002452061 -1.851542e-06 4.252546e-08)
(0.002455094 -1.780533e-06 3.850027e-08)
(0.002436239 -6.725991e-06 6.86399e-08)
(0.002439845 -6.457816e-06 6.153406e-08)
(0.002443303 -6.201655e-06 5.55378e-08)
(0.002446623 -5.957009e-06 5.003673e-08)
(0.00244981 -5.723341e-06 4.502392e-08)
(0.002452871 -5.500122e-06 4.055983e-08)
(0.00245581 -5.286841e-06 3.655502e-08)
(0.00243841 -1.102599e-05 6.370898e-08)
(0.00244182 -1.057689e-05 5.662964e-08)
(0.002445081 -1.014822e-05 5.067616e-08)
(0.002448203 -9.739136e-06 4.52307e-08)
(0.002451192 -9.348725e-06 4.028568e-08)
(0.002454054 -8.976095e-06 3.589903e-08)
(0.002456796 -8.620375e-06 3.197882e-08)
(0.002440643 -1.501004e-05 5.377737e-08)
(0.002443719 -1.4379e-05 4.68956e-08)
(0.002446648 -1.377745e-05 4.115176e-08)
(0.002449439 -1.320413e-05 3.593108e-08)
(0.002452099 -1.265776e-05 3.122409e-08)
(0.002454634 -1.213702e-05 2.708303e-08)
(0.002457053 -1.164066e-05 2.341348e-08)
(0.002441362 -1.847942e-05 3.588844e-08)
(0.002443932 -1.766997e-05 2.959533e-08)
(0.002446361 -1.689989e-05 2.442733e-08)
(0.002448659 -1.616745e-05 1.979075e-08)
(0.002450833 -1.54709e-05 1.567195e-08)
(0.002452892 -1.480845e-05 1.21125e-08)
(0.002454841 -1.417836e-05 9.016535e-09)
(0.002437935 -2.118483e-05 6.533265e-09)
(0.002439801 -2.021065e-05 1.531379e-09)
(0.002441542 -1.928643e-05 -2.415286e-09)
(0.002443168 -1.840986e-05 -5.846287e-09)
(0.002444688 -1.75786e-05 -8.782794e-09)
(0.002446109 -1.679027e-05 -1.120033e-08)
(0.002447437 -1.604258e-05 -1.319281e-08)
(0.002426329 -2.284991e-05 -3.726515e-08)
(0.002427298 -2.174136e-05 -3.991101e-08)
(0.002428174 -2.06934e-05 -4.167491e-08)
(0.002428964 -1.970295e-05 -4.299299e-08)
(0.002429678 -1.8767e-05 -4.389576e-08)
(0.00243032 -1.788247e-05 -4.438097e-08)
(0.002430898 -1.704639e-05 -4.453379e-08)
(0.002400845 -2.32263e-05 -9.653728e-08)
(0.002400784 -2.203542e-05 -9.548878e-08)
(0.002400676 -2.091428e-05 -9.387051e-08)
(0.002400526 -1.9859e-05 -9.195838e-08)
(0.002400341 -1.88658e-05 -8.979382e-08)
(0.002400126 -1.793086e-05 -8.739944e-08)
(0.002399885 -1.70505e-05 -8.484201e-08)
(0.002354015 -2.217373e-05 -1.683182e-07)
(0.002352908 -2.097406e-05 -1.622179e-07)
(0.00235181 -1.984973e-05 -1.560138e-07)
(0.002350726 -1.879609e-05 -1.497725e-07)
(0.002349658 -1.780869e-05 -1.435448e-07)
(0.002348608 -1.688306e-05 -1.373746e-07)
(0.002347577 -1.601497e-05 -1.312991e-07)
(0.002276666 -1.974294e-05 -2.450913e-07)
(0.002274655 -1.862104e-05 -2.329562e-07)
(0.002272714 -1.757439e-05 -2.213085e-07)
(0.002270843 -1.659793e-05 -2.099844e-07)
(0.002269039 -1.568676e-05 -1.990403e-07)
(0.002267301 -1.483609e-05 -1.885297e-07)
(0.002265628 -1.404145e-05 -1.784498e-07)
(0.00215801 -1.621826e-05 -3.142406e-07)
(0.002155398 -1.525727e-05 -2.959817e-07)
(0.002152907 -1.436464e-05 -2.788423e-07)
(0.002150529 -1.353539e-05 -2.624515e-07)
(0.002148261 -1.276467e-05 -2.468655e-07)
(0.002146095 -1.204785e-05 -2.321291e-07)
(0.002144028 -1.138066e-05 -2.18196e-07)
(0.001985478 -1.209172e-05 -3.630947e-07)
(0.00198267 -1.135137e-05 -3.39725e-07)
(0.00198001 -1.066636e-05 -3.180396e-07)
(0.001977488 -1.003241e-05 -2.975295e-07)
(0.001975096 -9.445243e-06 -2.782419e-07)
(0.001972825 -8.900909e-06 -2.60192e-07)
(0.001970668 -8.39581e-06 -2.432923e-07)
(0.001743972 -7.948309e-06 -3.782622e-07)
(0.001741381 -7.450382e-06 -3.521413e-07)
(0.001738937 -6.991246e-06 -3.280667e-07)
(0.001736628 -6.5677e-06 -3.054914e-07)
(0.001734446 -6.17648e-06 -2.844452e-07)
(0.001732381 -5.814712e-06 -2.648992e-07)
(0.001730425 -5.4798e-06 -2.467372e-07)
(0.001414443 -4.333161e-06 -3.577591e-07)
(0.001412395 -4.05777e-06 -3.318791e-07)
(0.001410468 -3.804718e-06 -3.081425e-07)
(0.001408652 -3.571954e-06 -2.860496e-07)
(0.001406937 -3.35739e-06 -2.656052e-07)
(0.001405317 -3.159322e-06 -2.467354e-07)
(0.001403786 -2.976235e-06 -2.293113e-07)
(0.0009720961 -1.620028e-06 -2.830702e-07)
(0.0009707914 -1.516161e-06 -2.619337e-07)
(0.0009695647 -1.421223e-06 -2.426771e-07)
(0.0009684087 -1.334137e-06 -2.248766e-07)
(0.000967318 -1.25393e-06 -2.085029e-07)
(0.000966288 -1.17994e-06 -1.93462e-07)
(0.0009653139 -1.11158e-06 -1.796391e-07)
(0.0003850813 -1.083568e-07 -1.55736e-07)
(0.0003846212 -1.012619e-07 -1.442901e-07)
(0.0003841883 -9.500914e-08 -1.338338e-07)
(0.00038378 -8.926975e-08 -1.241872e-07)
(0.0003833944 -8.394642e-08 -1.153443e-07)
(0.0003830299 -7.902401e-08 -1.072385e-07)
(0.0003826848 -7.446904e-08 -9.980412e-08)
(0.00229325 4.162069e-06 2.39402e-07)
(0.002299482 4.010718e-06 2.50689e-07)
(0.002305464 3.864199e-06 2.559055e-07)
(0.002311208 3.722579e-06 2.564113e-07)
(0.002316726 3.585878e-06 2.533329e-07)
(0.002322028 3.454078e-06 2.475685e-07)
(0.002327125 3.327128e-06 2.398315e-07)
(0.002332025 3.204954e-06 2.306926e-07)
(0.002336739 3.087459e-06 2.206063e-07)
(0.002341273 2.97453e-06 2.09933e-07)
(0.002345638 2.866043e-06 1.989562e-07)
(0.002349839 2.761865e-06 1.878994e-07)
(0.002353885 2.661854e-06 1.769346e-07)
(0.002357782 2.565866e-06 1.662027e-07)
(0.002361537 2.473754e-06 1.557944e-07)
(0.002365156 2.385372e-06 1.458428e-07)
(0.002368644 2.300573e-06 1.362786e-07)
(0.002372009 2.219214e-06 1.275683e-07)
(0.00229325 -4.162051e-06 2.394017e-07)
(0.002299482 -4.010698e-06 2.506889e-07)
(0.002305464 -3.864178e-06 2.559055e-07)
(0.002311208 -3.722556e-06 2.564114e-07)
(0.002316726 -3.585854e-06 2.53333e-07)
(0.002322028 -3.454052e-06 2.475686e-07)
(0.002327125 -3.3271e-06 2.398316e-07)
(0.002332025 -3.204924e-06 2.306927e-07)
(0.002336739 -3.087426e-06 2.206064e-07)
(0.002341273 -2.974495e-06 2.09933e-07)
(0.002345638 -2.866006e-06 1.989562e-07)
(0.002349839 -2.761825e-06 1.878993e-07)
(0.002353885 -2.661811e-06 1.769345e-07)
(0.002357782 -2.56582e-06 1.662025e-07)
(0.002361537 -2.473705e-06 1.557942e-07)
(0.002365156 -2.38532e-06 1.458427e-07)
(0.002368644 -2.300517e-06 1.362786e-07)
(0.002372009 -2.219154e-06 1.275683e-07)
(0.002295562 -1.246292e-05 2.390591e-07)
(0.002301752 -1.200671e-05 2.498874e-07)
(0.002307689 -1.156508e-05 2.546644e-07)
(0.002313386 -1.113823e-05 2.547523e-07)
(0.002318854 -1.072621e-05 2.512795e-07)
(0.002324103 -1.032897e-05 2.451459e-07)
(0.002329144 -9.946355e-06 2.37066e-07)
(0.002333987 -9.578141e-06 2.276111e-07)
(0.00233864 -9.22404e-06 2.172362e-07)
(0.002343112 -8.883717e-06 2.063017e-07)
(0.002347412 -8.5568e-06 1.95091e-07)
(0.002351547 -8.242888e-06 1.838271e-07)
(0.002355525 -7.941563e-06 1.726817e-07)
(0.002359352 -7.652391e-06 1.617947e-07)
(0.002363036 -7.374935e-06 1.51256e-07)
(0.002366582 -7.108752e-06 1.411982e-07)
(0.002369997 -6.853405e-06 1.315502e-07)
(0.002373287 -6.608463e-06 1.227808e-07)
(0.002306255 -1.991407e-05 2.442358e-07)
(0.002312084 -1.917068e-05 2.481887e-07)
(0.002317667 -1.845226e-05 2.475072e-07)
(0.002323015 -1.775888e-05 2.43323e-07)
(0.002328139 -1.709047e-05 2.365379e-07)
(0.002333049 -1.644675e-05 2.278674e-07)
(0.002337756 -1.582736e-05 2.178831e-07)
(0.002342269 -1.523182e-05 2.070399e-07)
(0.002346597 -1.465957e-05 1.956971e-07)
(0.002350749 -1.410999e-05 1.84137e-07)
(0.002354733 -1.358243e-05 1.725806e-07)
(0.002358556 -1.307617e-05 1.611977e-07)
(0.002362225 -1.25905e-05 1.501257e-07)
(0.002365749 -1.212469e-05 1.39452e-07)
(0.002369132 -1.1678e-05 1.293065e-07)
(0.002372382 -1.124969e-05 1.196151e-07)
(0.002375506 -1.083903e-05 1.108483e-07)
(0.002312805 -2.762719e-05 2.245122e-07)
(0.002318421 -2.656984e-05 2.274725e-07)
(0.002323781 -2.554844e-05 2.25905e-07)
(0.002328897 -2.456309e-05 2.209438e-07)
(0.00233378 -2.361363e-05 2.134906e-07)
(0.002338443 -2.269971e-05 2.042595e-07)
(0.002342895 -2.182078e-05 1.938198e-07)
(0.002347147 -2.097617e-05 1.82623e-07)
(0.002351209 -2.016508e-05 1.710247e-07)
(0.00235509 -1.938663e-05 1.593024e-07)
(0.002358798 -1.863988e-05 1.476723e-07)
(0.002362343 -1.792384e-05 1.362984e-07)
(0.002365731 -1.723746e-05 1.253124e-07)
(0.002368971 -1.65797e-05 1.147959e-07)
(0.00237207 -1.594951e-05 1.048724e-07)
(0.002375035 -1.534582e-05 9.546367e-08)
(0.002377872 -1.476757e-05 8.703428e-08)
(0.002320811 -3.495592e-05 1.748769e-07)
(0.002326036 -3.356687e-05 1.772689e-07)
(0.002330992 -3.222648e-05 1.753035e-07)
(0.002335692 -3.093482e-05 1.70112e-07)
(0.002340151 -2.969163e-05 1.625909e-07)
(0.002344381 -2.849636e-05 1.534468e-07)
(0.002348395 -2.734826e-05 1.432409e-07)
(0.002352203 -2.624638e-05 1.324157e-07)
(0.002355817 -2.518962e-05 1.213169e-07)
(0.002359248 -2.417676e-05 1.102121e-07)
(0.002362505 -2.320653e-05 9.930646e-08)
(0.002365597 -2.227754e-05 8.875322e-08)
(0.002368533 -2.138838e-05 7.867272e-08)
(0.002371323 -2.053764e-05 6.913653e-08)
(0.002373973 -1.972383e-05 6.025488e-08)
(0.002376491 -1.894554e-05 5.1946e-08)
(0.002378886 -1.820126e-05 4.465073e-08)
(0.002328807 -4.157086e-05 7.2272e-08)
(0.002333355 -3.983076e-05 7.575431e-08)
(0.002337623 -3.815527e-05 7.509035e-08)
(0.002341628 -3.654421e-05 7.140004e-08)
(0.002345388 -3.499704e-05 6.556542e-08)
(0.002348916 -3.351284e-05 5.827688e-08)
(0.002352228 -3.209044e-05 5.007887e-08)
(0.002355336 -3.072844e-05 4.13975e-08)
(0.002358254 -2.942525e-05 3.256128e-08)
(0.002360993 -2.817916e-05 2.381996e-08)
(0.002363564 -2.698834e-05 1.536122e-08)
(0.002365978 -2.585089e-05 7.321287e-09)
(0.002368246 -2.476487e-05 -1.971308e-10)
(0.002370375 -2.37283e-05 -7.137036e-09)
(0.002372375 -2.273919e-05 -1.340974e-08)
(0.002374254 -2.179558e-05 -1.909626e-08)
(0.002376021 -2.089539e-05 -2.381099e-08)
(0.002333731 -4.695309e-05 -1.10324e-07)
(0.002337193 -4.485296e-05 -1.021048e-07)
(0.002340379 -4.283821e-05 -9.787402e-08)
(0.002343311 -4.090799e-05 -9.653139e-08)
(0.002346008 -3.906101e-05 -9.721785e-08)
(0.002348487 -3.729557e-05 -9.92701e-08)
(0.002350765 -3.560967e-05 -1.021663e-07)
(0.002352858 -3.400109e-05 -1.054986e-07)
(0.002354779 -3.24674e-05 -1.089612e-07)
(0.002356542 -3.100605e-05 -1.123283e-07)
(0.002358159 -2.961439e-05 -1.154355e-07)
(0.002359641 -2.82897e-05 -1.181681e-07)
(0.002361 -2.702925e-05 -1.204452e-07)
(0.002362243 -2.583029e-05 -1.22226e-07)
(0.002363382 -2.469007e-05 -1.234498e-07)
(0.002364423 -2.360593e-05 -1.241863e-07)
(0.002365375 -2.257504e-05 -1.241412e-07)
(0.002330043 -5.039171e-05 -3.952402e-07)
(0.002331926 -4.795539e-05 -3.762462e-07)
(0.002333569 -4.563056e-05 -3.613041e-07)
(0.002334996 -4.341486e-05 -3.493345e-07)
(0.002336229 -4.130548e-05 -3.395014e-07)
(0.002337287 -3.929928e-05 -3.311622e-07)
(0.002338187 -3.739282e-05 -3.238213e-07)
(0.002338946 -3.558249e-05 -3.171008e-07)
(0.002339577 -3.386455e-05 -3.107192e-07)
(0.002340094 -3.223516e-05 -3.044716e-07)
(0.002340509 -3.069047e-05 -2.982135e-07)
(0.002340832 -2.922662e-05 -2.918477e-07)
(0.002341074 -2.783979e-05 -2.853115e-07)
(0.002341244 -2.652622e-05 -2.785745e-07)
(0.002341349 -2.52822e-05 -2.716045e-07)
(0.002341396 -2.410419e-05 -2.64442e-07)
(0.002341393 -2.298846e-05 -2.569233e-07)
(0.002308954 -5.108723e-05 -7.842608e-07)
(0.002308799 -4.840032e-05 -7.46791e-07)
(0.002308489 -4.585371e-05 -7.138344e-07)
(0.002308047 -4.344249e-05 -6.843276e-07)
(0.002307492 -4.11615e-05 -6.57451e-07)
(0.002306841 -3.900535e-05 -6.325779e-07)
(0.002306112 -3.696857e-05 -6.092284e-07)
(0.002305316 -3.504561e-05 -5.870407e-07)
(0.002304467 -3.323099e-05 -5.657473e-07)
(0.002303575 -3.151924e-05 -5.451546e-07)
(0.002302648 -2.990502e-05 -5.251273e-07)
(0.002301696 -2.838311e-05 -5.055744e-07)
(0.002300725 -2.694846e-05 -4.864391e-07)
(0.002299741 -2.559616e-05 -4.676879e-07)
(0.002298749 -2.432148e-05 -4.493075e-07)
(0.002297754 -2.311994e-05 -4.312868e-07)
(0.00229676 -2.198695e-05 -4.136144e-07)
(0.002258186 -4.840251e-05 -1.244953e-06)
(0.002255768 -4.563267e-05 -1.181942e-06)
(0.00225333 -4.30276e-05 -1.124329e-06)
(0.002250887 -4.057918e-05 -1.071069e-06)
(0.002248453 -3.827935e-05 -1.021357e-06)
(0.002246039 -3.612016e-05 -9.745755e-07)
(0.002243655 -3.409383e-05 -9.302515e-07)
(0.002241307 -3.219279e-05 -8.880274e-07)
(0.002239001 -3.040973e-05 -8.476356e-07)
(0.002236743 -2.873759e-05 -8.088787e-07)
(0.002234535 -2.716963e-05 -7.716133e-07)
(0.002232381 -2.569939e-05 -7.357361e-07)
(0.002230283 -2.432073e-05 -7.011776e-07)
(0.002228241 -2.302782e-05 -6.678815e-07)
(0.002226256 -2.181511e-05 -6.358342e-07)
(0.00222433 -2.06774e-05 -6.049523e-07)
(0.002222461 -1.960953e-05 -5.753679e-07)
(0.002162605 -4.220635e-05 -1.703557e-06)
(0.002158131 -3.959352e-05 -1.612016e-06)
(0.0021538 -3.715554e-05 -1.526934e-06)
(0.002149617 -3.488145e-05 -1.447328e-06)
(0.002145581 -3.276077e-05 -1.37243e-06)
(0.002141693 -3.07835e-05 -1.301647e-06)
(0.002137953 -2.894015e-05 -1.234519e-06)
(0.002134357 -2.722172e-05 -1.170691e-06)
(0.002130903 -2.561971e-05 -1.109889e-06)
(0.002127587 -2.412611e-05 -1.051902e-06)
(0.002124405 -2.27334e-05 -9.965641e-07)
(0.002121354 -2.14345e-05 -9.437444e-07)
(0.002118428 -2.022279e-05 -8.933421e-07)
(0.002115623 -1.909208e-05 -8.452611e-07)
(0.002112934 -1.803657e-05 -7.994651e-07)
(0.002110358 -1.705088e-05 -7.557888e-07)
(0.002107887 -1.612987e-05 -7.144634e-07)
(0.00200555 -3.316148e-05 -2.06833e-06)
(0.001999739 -3.096418e-05 -1.951476e-06)
(0.001994219 -2.892917e-05 -1.841907e-06)
(0.001988976 -2.704441e-05 -1.738791e-06)
(0.001984 -2.529866e-05 -1.641462e-06)
(0.001979277 -2.368146e-05 -1.549394e-06)
(0.001974795 -2.218305e-05 -1.462168e-06)
(0.001970541 -2.079439e-05 -1.379448e-06)
(0.001966503 -1.950707e-05 -1.300962e-06)
(0.00196267 -1.83133e-05 -1.226482e-06)
(0.001959031 -1.720585e-05 -1.155818e-06)
(0.001955574 -1.617806e-05 -1.088801e-06)
(0.00195229 -1.522375e-05 -1.02529e-06)
(0.001949169 -1.433722e-05 -9.651377e-07)
(0.001946201 -1.351322e-05 -9.08266e-07)
(0.001943379 -1.274689e-05 -8.544337e-07)
(0.001940692 -1.203381e-05 -8.038997e-07)
(0.001769941 -2.270782e-05 -2.247041e-06)
(0.001763883 -2.111986e-05 -2.114763e-06)
(0.001758194 -1.965859e-05 -1.990038e-06)
(0.001752851 -1.831344e-05 -1.872274e-06)
(0.001747831 -1.707473e-05 -1.760976e-06)
(0.001743111 -1.593355e-05 -1.655731e-06)
(0.001738671 -1.488174e-05 -1.556195e-06)
(0.001734492 -1.391182e-05 -1.462068e-06)
(0.001730556 -1.301694e-05 -1.373091e-06)
(0.001726847 -1.219082e-05 -1.289029e-06)
(0.001723349 -1.142773e-05 -1.209667e-06)
(0.001720047 -1.072241e-05 -1.134804e-06)
(0.001716929 -1.007006e-05 -1.064253e-06)
(0.001713982 -9.466287e-06 -9.978225e-07)
(0.001711194 -8.907093e-06 -9.353819e-07)
(0.001708555 -8.388811e-06 -8.766391e-07)
(0.001706054 -7.908271e-06 -8.218055e-07)
(0.001437828 -1.270377e-05 -2.19552e-06)
(0.001432653 -1.178086e-05 -2.061099e-06)
(0.001427832 -1.09358e-05 -1.934021e-06)
(0.001423337 -1.016158e-05 -1.813942e-06)
(0.001419141 -9.451809e-06 -1.700539e-06)
(0.001415221 -8.800691e-06 -1.59351e-06)
(0.001411555 -8.20296e-06 -1.492574e-06)
(0.001408123 -7.653843e-06 -1.397467e-06)
(0.001404906 -7.149009e-06 -1.307934e-06)
(0.001401888 -6.684531e-06 -1.223731e-06)
(0.001399054 -6.256846e-06 -1.144621e-06)
(0.001396389 -5.862722e-06 -1.070369e-06)
(0.001393882 -5.499232e-06 -1.000753e-06)
(0.001391519 -5.16372e-06 -9.355408e-07)
(0.001389291 -4.853797e-06 -8.745545e-07)
(0.001387188 -4.567267e-06 -8.174789e-07)
(0.0013852 -4.302359e-06 -7.644217e-07)
(0.0009877321 -4.804591e-06 -1.816994e-06)
(0.0009842915 -4.447507e-06 -1.70166e-06)
(0.0009811017 -4.121742e-06 -1.592649e-06)
(0.0009781404 -3.82427e-06 -1.489786e-06)
(0.0009753875 -3.552382e-06 -1.392862e-06)
(0.000972825 -3.303649e-06 -1.301658e-06)
(0.0009704362 -3.075888e-06 -1.215945e-06)
(0.0009682066 -2.867142e-06 -1.135493e-06)
(0.0009661227 -2.675648e-06 -1.06007e-06)
(0.0009641723 -2.499821e-06 -9.894409e-07)
(0.0009623445 -2.338229e-06 -9.233758e-07)
(0.0009606295 -2.189587e-06 -8.616442e-07)
(0.0009590181 -2.052735e-06 -8.040236e-07)
(0.0009575022 -1.926632e-06 -7.502852e-07)
(0.0009560745 -1.810363e-06 -7.002397e-07)
(0.0009547283 -1.70308e-06 -6.535991e-07)
(0.0009534568 -1.604223e-06 -6.103508e-07)
(0.0003908543 -3.274884e-07 -9.994736e-07)
(0.0003896187 -3.028648e-07 -9.333666e-07)
(0.0003884764 -2.804894e-07 -8.711938e-07)
(0.0003874186 -2.60114e-07 -8.128277e-07)
(0.0003864373 -2.415297e-07 -7.581197e-07)
(0.0003855255 -2.245551e-07 -7.069113e-07)
(0.0003846769 -2.090317e-07 -6.590391e-07)
(0.0003838857 -1.948195e-07 -6.143379e-07)
(0.0003831471 -1.817942e-07 -5.726428e-07)
(0.0003824563 -1.698448e-07 -5.337904e-07)
(0.0003818094 -1.588723e-07 -4.976208e-07)
(0.0003812026 -1.487886e-07 -4.639769e-07)
(0.0003806326 -1.395176e-07 -4.327088e-07)
(0.0003800964 -1.309917e-07 -4.036652e-07)
(0.0003795913 -1.231667e-07 -3.767214e-07)
(0.0003791148 -1.159872e-07 -3.517023e-07)
(0.0003786644 -1.09591e-07 -3.286297e-07)
(0.002119043 3.502999e-06 2.071104e-07)
(0.002124289 3.367508e-06 2.365717e-07)
(0.002129325 3.237636e-06 2.564145e-07)
(0.00213416 3.11326e-06 2.686208e-07)
(0.002138803 2.994226e-06 2.747939e-07)
(0.002143264 2.880365e-06 2.76237e-07)
(0.002147551 2.771493e-06 2.740058e-07)
(0.002151672 2.667417e-06 2.689557e-07)
(0.002155635 2.567941e-06 2.617811e-07)
(0.002159448 2.472865e-06 2.53045e-07)
(0.002163117 2.381992e-06 2.432037e-07)
(0.00216665 2.295126e-06 2.326266e-07)
(0.002170052 2.212077e-06 2.216127e-07)
(0.002173329 2.132659e-06 2.104079e-07)
(0.002176488 2.056693e-06 1.992063e-07)
(0.002179533 1.984007e-06 1.881987e-07)
(0.002182469 1.914435e-06 1.774662e-07)
(0.002185302 1.847823e-06 1.673683e-07)
(0.002119043 -3.502982e-06 2.071103e-07)
(0.002124289 -3.367489e-06 2.365716e-07)
(0.002129325 -3.237616e-06 2.564145e-07)
(0.00213416 -3.113238e-06 2.686208e-07)
(0.002138803 -2.994203e-06 2.747939e-07)
(0.002143264 -2.88034e-06 2.762371e-07)
(0.002147551 -2.771465e-06 2.740058e-07)
(0.002151672 -2.667388e-06 2.689557e-07)
(0.002155635 -2.567909e-06 2.617811e-07)
(0.002159448 -2.472831e-06 2.530451e-07)
(0.002163117 -2.381956e-06 2.432036e-07)
(0.00216665 -2.295088e-06 2.326266e-07)
(0.002170052 -2.212036e-06 2.216127e-07)
(0.002173329 -2.132615e-06 2.104079e-07)
(0.002176488 -2.056646e-06 1.992062e-07)
(0.002179533 -1.983956e-06 1.881986e-07)
(0.002182469 -1.914381e-06 1.774661e-07)
(0.002185302 -1.847766e-06 1.673683e-07)
(0.002121102 -1.04828e-05 2.070085e-07)
(0.002126304 -1.007498e-05 2.356649e-07)
(0.002131292 -9.684064e-06 2.547454e-07)
(0.002136078 -9.309662e-06 2.662347e-07)
(0.002140671 -8.95132e-06 2.717385e-07)
(0.002145079 -8.608527e-06 2.725611e-07)
(0.002149312 -8.280733e-06 2.69759e-07)
(0.002153377 -7.967362e-06 2.641878e-07)
(0.002157283 -7.667827e-06 2.565414e-07)
(0.002161037 -7.381535e-06 2.473822e-07)
(0.002164646 -7.107895e-06 2.371653e-07)
(0.002168116 -6.846324e-06 2.262589e-07)
(0.002171455 -6.596255e-06 2.149602e-07)
(0.002174668 -6.357132e-06 2.035134e-07)
(0.002177761 -6.12842e-06 1.921108e-07)
(0.00218074 -5.909606e-06 1.809413e-07)
(0.002183608 -5.700197e-06 1.70084e-07)
(0.002186373 -5.499729e-06 1.598993e-07)
(0.002130279 -1.66895e-05 2.275212e-07)
(0.002135157 -1.603327e-05 2.451746e-07)
(0.002139829 -1.540475e-05 2.553463e-07)
(0.002144303 -1.480317e-05 2.596441e-07)
(0.002148589 -1.422766e-05 2.593733e-07)
(0.002152696 -1.367732e-05 2.555897e-07)
(0.002156632 -1.31512e-05 2.491473e-07)
(0.002160406 -1.264831e-05 2.407376e-07)
(0.002164025 -1.21677e-05 2.309197e-07)
(0.002167496 -1.170837e-05 2.201448e-07)
(0.002170826 -1.126936e-05 2.087769e-07)
(0.002174022 -1.084973e-05 1.971085e-07)
(0.002177091 -1.044857e-05 1.853787e-07)
(0.002180038 -1.006499e-05 1.737745e-07)
(0.002182868 -9.698134e-06 1.624801e-07)
(0.002185588 -9.34718e-06 1.515697e-07)
(0.002188202 -9.011352e-06 1.414027e-07)
(0.002136009 -2.311017e-05 1.978825e-07)
(0.002140676 -2.218073e-05 2.138086e-07)
(0.00214513 -2.129067e-05 2.224551e-07)
(0.00214938 -2.043889e-05 2.254281e-07)
(0.002153437 -1.96242e-05 2.240291e-07)
(0.00215731 -1.884531e-05 2.193081e-07)
(0.002161007 -1.810091e-05 2.121118e-07)
(0.002164538 -1.738962e-05 2.031236e-07)
(0.002167911 -1.671009e-05 1.928933e-07)
(0.002171133 -1.606094e-05 1.818625e-07)
(0.002174211 -1.544084e-05 1.703848e-07)
(0.002177154 -1.484845e-05 1.587421e-07)
(0.002179968 -1.42825e-05 1.471626e-07)
(0.002182658 -1.374172e-05 1.358227e-07)
(0.002185232 -1.322492e-05 1.248959e-07)
(0.002187694 -1.273094e-05 1.144473e-07)
(0.002190052 -1.225866e-05 1.048293e-07)
(0.002142898 -2.916667e-05 1.224908e-07)
(0.002147189 -2.795262e-05 1.373583e-07)
(0.002151259 -2.679078e-05 1.452549e-07)
(0.002155119 -2.567972e-05 1.477747e-07)
(0.00215878 -2.461786e-05 1.46205e-07)
(0.002162252 -2.36035e-05 1.415793e-07)
(0.002165546 -2.263491e-05 1.347269e-07)
(0.002168671 -2.17103e-05 1.263123e-07)
(0.002171636 -2.082787e-05 1.168665e-07)
(0.002174449 -1.998583e-05 1.068115e-07)
(0.00217712 -1.918241e-05 9.648154e-08)
(0.002179656 -1.841585e-05 8.613917e-08)
(0.002182063 -1.768446e-05 7.59934e-08)
(0.00218435 -1.698657e-05 6.620234e-08)
(0.002186523 -1.632059e-05 5.692047e-08)
(0.002188588 -1.568497e-05 4.819933e-08)
(0.002190551 -1.507819e-05 4.037052e-08)
(0.002149544 -3.457659e-05 -3.333523e-08)
(0.002153203 -3.306645e-05 -1.689304e-08)
(0.002156636 -3.162364e-05 -7.052949e-09)
(0.002159858 -3.024623e-05 -2.248326e-09)
(0.00216288 -2.893212e-05 -1.221361e-09)
(0.002165715 -2.767908e-05 -2.96911e-09)
(0.002168374 -2.648481e-05 -6.69388e-09)
(0.002170868 -2.534698e-05 -1.176286e-08)
(0.002173208 -2.426322e-05 -1.76764e-08)
(0.002175402 -2.323118e-05 -2.404286e-08)
(0.002177461 -2.224856e-05 -3.055762e-08)
(0.002179393 -2.131305e-05 -3.698665e-08)
(0.002181206 -2.042244e-05 -4.314883e-08)
(0.002182908 -1.957455e-05 -4.891181e-08)
(0.002184506 -1.876727e-05 -5.414885e-08)
(0.002186006 -1.799858e-05 -5.882462e-08)
(0.002187415 -1.726647e-05 -6.264816e-08)
(0.002153112 -3.89086e-05 -3.094647e-07)
(0.002155784 -3.710065e-05 -2.857088e-07)
(0.002158238 -3.537859e-05 -2.682878e-07)
(0.002160493 -3.373965e-05 -2.556761e-07)
(0.002162561 -3.218084e-05 -2.466576e-07)
(0.002164458 -3.069911e-05 -2.402708e-07)
(0.002166197 -2.92913e-05 -2.3576e-07)
(0.002167788 -2.795425e-05 -2.325348e-07)
(0.002169245 -2.668477e-05 -2.301349e-07)
(0.002170576 -2.547975e-05 -2.282057e-07)
(0.002171793 -2.433607e-05 -2.264775e-07)
(0.002172903 -2.325074e-05 -2.247494e-07)
(0.002173917 -2.222081e-05 -2.228719e-07)
(0.00217484 -2.124344e-05 -2.207406e-07)
(0.002175681 -2.031585e-05 -2.182607e-07)
(0.002176446 -1.943543e-05 -2.154099e-07)
(0.002177142 -1.859952e-05 -2.119611e-07)
(0.00214859 -4.158589e-05 -7.371329e-07)
(0.002149852 -3.950626e-05 -6.966854e-07)
(0.002150935 -3.753468e-05 -6.626874e-07)
(0.002151855 -3.56669e-05 -6.336548e-07)
(0.00215263 -3.389855e-05 -6.084134e-07)
(0.002153273 -3.22252e-05 -5.860433e-07)
(0.002153799 -3.06424e-05 -5.65828e-07)
(0.002154218 -2.914577e-05 -5.472129e-07)
(0.002154543 -2.773097e-05 -5.297725e-07)
(0.002154784 -2.639377e-05 -5.131846e-07)
(0.002154949 -2.513004e-05 -4.972095e-07)
(0.002155048 -2.39358e-05 -4.816722e-07)
(0.002155087 -2.280721e-05 -4.664472e-07)
(0.002155074 -2.174057e-05 -4.514489e-07)
(0.002155014 -2.073233e-05 -4.366081e-07)
(0.002154914 -1.977912e-05 -4.219012e-07)
(0.002154779 -1.887758e-05 -4.071811e-07)
(0.002128126 -4.197462e-05 -1.315979e-06)
(0.002127599 -3.969995e-05 -1.247045e-06)
(0.00212697 -3.755673e-05 -1.185345e-06)
(0.002126254 -3.553853e-05 -1.129419e-06)
(0.002125467 -3.363892e-05 -1.078117e-06)
(0.00212462 -3.185161e-05 -1.030541e-06)
(0.002123726 -3.017044e-05 -9.85995e-07)
(0.002122793 -2.858943e-05 -9.439417e-07)
(0.002121832 -2.710279e-05 -9.039701e-07)
(0.002120848 -2.570497e-05 -8.657691e-07)
(0.00211985 -2.439064e-05 -8.291061e-07)
(0.002118842 -2.315472e-05 -7.938095e-07)
(0.002117829 -2.199235e-05 -7.597547e-07)
(0.002116817 -2.089896e-05 -7.268516e-07)
(0.002115808 -1.987016e-05 -6.950357e-07)
(0.002114806 -1.890186e-05 -6.642564e-07)
(0.002113813 -1.799e-05 -6.344457e-07)
(0.002080836 -3.95868e-05 -1.993232e-06)
(0.002078345 -3.72595e-05 -1.885172e-06)
(0.002075871 -3.508246e-05 -1.785868e-06)
(0.002073423 -3.304665e-05 -1.693868e-06)
(0.00207101 -3.114333e-05 -1.608028e-06)
(0.002068639 -2.936414e-05 -1.52745e-06)
(0.002066315 -2.77011e-05 -1.451434e-06)
(0.002064043 -2.614664e-05 -1.379432e-06)
(0.002061824 -2.469356e-05 -1.311018e-06)
(0.002059663 -2.333507e-05 -1.24586e-06)
(0.00205756 -2.206475e-05 -1.183701e-06)
(0.002055516 -2.087658e-05 -1.12434e-06)
(0.002053532 -1.97649e-05 -1.067618e-06)
(0.002051609 -1.872441e-05 -1.013407e-06)
(0.002049745 -1.775012e-05 -9.616158e-07)
(0.002047941 -1.683741e-05 -9.121345e-07)
(0.002046194 -1.598182e-05 -8.649486e-07)
(0.001993284 -3.435251e-05 -2.657335e-06)
(0.001989027 -3.217165e-05 -2.505842e-06)
(0.001984929 -3.014715e-05 -2.365011e-06)
(0.001980989 -2.826781e-05 -2.233431e-06)
(0.001977203 -2.652311e-05 -2.109978e-06)
(0.001973568 -2.49032e-05 -1.993757e-06)
(0.001970083 -2.339886e-05 -1.884056e-06)
(0.001966741 -2.200149e-05 -1.780303e-06)
(0.001963539 -2.070308e-05 -1.682035e-06)
(0.001960472 -1.949619e-05 -1.588875e-06)
(0.001957535 -1.837389e-05 -1.500512e-06)
(0.001954723 -1.732977e-05 -1.416685e-06)
(0.001952032 -1.635787e-05 -1.337171e-06)
(0.001949455 -1.545269e-05 -1.261773e-06)
(0.001946989 -1.460912e-05 -1.190338e-06)
(0.001944628 -1.382249e-05 -1.122673e-06)
(0.001942367 -1.308838e-05 -1.058769e-06)
(0.001850489 -2.684196e-05 -3.168618e-06)
(0.001845103 -2.501912e-05 -2.979339e-06)
(0.00184 -2.333947e-05 -2.802344e-06)
(0.001835165 -2.179126e-05 -2.636365e-06)
(0.001830586 -2.036367e-05 -2.48037e-06)
(0.001826247 -1.904676e-05 -2.333512e-06)
(0.001822136 -1.783136e-05 -2.19509e-06)
(0.00181824 -1.670906e-05 -2.064521e-06)
(0.001814547 -1.567214e-05 -1.941307e-06)
(0.001811045 -1.471351e-05 -1.825019e-06)
(0.001807723 -1.382668e-05 -1.715282e-06)
(0.001804571 -1.300569e-05 -1.611759e-06)
(0.001801579 -1.22451e-05 -1.514148e-06)
(0.001798737 -1.153992e-05 -1.422165e-06)
(0.001796038 -1.088559e-05 -1.335576e-06)
(0.001793472 -1.027794e-05 -1.254092e-06)
(0.00179103 -9.713221e-06 -1.177663e-06)
(0.001636634 -1.82489e-05 -3.399089e-06)
(0.00163107 -1.694014e-05 -3.187868e-06)
(0.001625854 -1.574215e-05 -2.989683e-06)
(0.001620961 -1.464486e-05 -2.803527e-06)
(0.001616368 -1.363914e-05 -2.628541e-06)
(0.001612055 -1.271669e-05 -2.463985e-06)
(0.001608002 -1.186999e-05 -2.309213e-06)
(0.00160419 -1.109219e-05 -2.163653e-06)
(0.001600602 -1.03771e-05 -2.026792e-06)
(0.001597223 -9.719085e-06 -1.898162e-06)
(0.001594038 -9.113049e-06 -1.777329e-06)
(0.001591033 -8.554367e-06 -1.66389e-06)
(0.001588197 -8.038851e-06 -1.557468e-06)
(0.001585517 -7.562704e-06 -1.457703e-06)
(0.001582983 -7.122498e-06 -1.364278e-06)
(0.001580585 -6.715118e-06 -1.276828e-06)
(0.001578314 -6.337894e-06 -1.19522e-06)
(0.001334304 -1.009292e-05 -3.280208e-06)
(0.001329554 -9.3394e-06 -3.069207e-06)
(0.001325133 -8.653441e-06 -2.87096e-06)
(0.001321014 -8.028426e-06 -2.684757e-06)
(0.001317172 -7.458406e-06 -2.509935e-06)
(0.001313584 -6.938029e-06 -2.345875e-06)
(0.001310231 -6.462484e-06 -2.191999e-06)
(0.001307093 -6.02745e-06 -2.047763e-06)
(0.001304153 -5.629046e-06 -1.912653e-06)
(0.001301396 -5.263785e-06 -1.786179e-06)
(0.001298808 -4.928533e-06 -1.667876e-06)
(0.001296375 -4.620476e-06 -1.557297e-06)
(0.001294086 -4.337085e-06 -1.454019e-06)
(0.00129193 -4.076091e-06 -1.357631e-06)
(0.001289898 -3.835467e-06 -1.267762e-06)
(0.00128798 -3.613375e-06 -1.184005e-06)
(0.001286166 -3.40832e-06 -1.106138e-06)
(0.0009216166 -3.73456e-06 -2.719971e-06)
(0.0009184423 -3.447919e-06 -2.539666e-06)
(0.0009155011 -3.188228e-06 -2.370419e-06)
(0.000912772 -2.952645e-06 -2.211738e-06)
(0.0009102362 -2.738655e-06 -2.063115e-06)
(0.0009078766 -2.544023e-06 -1.924044e-06)
(0.0009056779 -2.366765e-06 -1.794029e-06)
(0.0009036262 -2.205116e-06 -1.672583e-06)
(0.0009017092 -2.057508e-06 -1.559237e-06)
(0.0008999155 -1.922542e-06 -1.453533e-06)
(0.000898235 -1.798972e-06 -1.355034e-06)
(0.0008966584 -1.685688e-06 -1.263315e-06)
(0.0008951774 -1.581703e-06 -1.177972e-06)
(0.0008937844 -1.486139e-06 -1.098615e-06)
(0.0008924727 -1.398231e-06 -1.024887e-06)
(0.000891236 -1.31729e-06 -9.564097e-07)
(0.0008900682 -1.242852e-06 -8.929329e-07)
(0.0003680642 -2.263052e-07 -1.463702e-06)
(0.0003669116 -2.081179e-07 -1.363926e-06)
(0.0003658466 -1.918312e-07 -1.270605e-06)
(0.0003648607 -1.772028e-07 -1.183436e-06)
(0.0003639465 -1.640324e-07 -1.102107e-06)
(0.0003630974 -1.521479e-07 -1.0263e-06)
(0.0003623074 -1.414014e-07 -9.557029e-07)
(0.0003615711 -1.316646e-07 -8.900125e-07)
(0.0003608838 -1.228259e-07 -8.289337e-07)
(0.0003602413 -1.147877e-07 -7.721824e-07)
(0.0003596397 -1.074647e-07 -7.194856e-07)
(0.0003590756 -1.007827e-07 -6.70582e-07)
(0.0003585457 -9.46789e-08 -6.252231e-07)
(0.0003580475 -8.91003e-08 -5.831701e-07)
(0.0003575782 -8.401221e-08 -5.442027e-07)
(0.0003571356 -7.937966e-08 -5.080863e-07)
(0.0003567172 -7.534357e-08 -4.746391e-07)
(0.001844935 2.618106e-06 1.808479e-07)
(0.001848868 2.508592e-06 2.10094e-07)
(0.001852643 2.40504e-06 2.30265e-07)
(0.001856267 2.307131e-06 2.432278e-07)
(0.001859747 2.214544e-06 2.50464e-07)
(0.00186309 2.126966e-06 2.53179e-07)
(0.001866304 2.04409e-06 2.523525e-07)
(0.001869393 1.965621e-06 2.487788e-07)
(0.001872364 1.891278e-06 2.431043e-07)
(0.001875223 1.820793e-06 2.358562e-07)
(0.001877975 1.753912e-06 2.274641e-07)
(0.001880626 1.690398e-06 2.182793e-07)
(0.00188318 1.630027e-06 2.085887e-07)
(0.001885643 1.57259e-06 1.986306e-07)
(0.001888017 1.517894e-06 1.886002e-07)
(0.001890308 1.465759e-06 1.786825e-07)
(0.001892519 1.416017e-06 1.689903e-07)
(0.001894654 1.368519e-06 1.598421e-07)
(0.001844935 -2.618089e-06 1.808479e-07)
(0.001848868 -2.508574e-06 2.10094e-07)
(0.001852643 -2.405021e-06 2.30265e-07)
(0.001856267 -2.30711e-06 2.432278e-07)
(0.001859747 -2.214521e-06 2.50464e-07)
(0.00186309 -2.126941e-06 2.531791e-07)
(0.001866304 -2.044064e-06 2.523525e-07)
(0.001869393 -1.965593e-06 2.487788e-07)
(0.001872364 -1.891248e-06 2.431043e-07)
(0.001875223 -1.820761e-06 2.358562e-07)
(0.001877975 -1.753878e-06 2.274641e-07)
(0.001880626 -1.690361e-06 2.182792e-07)
(0.00188318 -1.629987e-06 2.085886e-07)
(0.001885643 -1.572548e-06 1.986305e-07)
(0.001888017 -1.517849e-06 1.886002e-07)
(0.001890308 -1.465711e-06 1.786825e-07)
(0.001892519 -1.415966e-06 1.689903e-07)
(0.001894654 -1.368464e-06 1.59842e-07)
(0.00184662 -7.826925e-06 1.810385e-07)
(0.001850508 -7.497952e-06 2.094047e-07)
(0.001854237 -7.186844e-06 2.287474e-07)
(0.001857814 -6.89264e-06 2.409363e-07)
(0.001861246 -6.614383e-06 2.474542e-07)
(0.001864541 -6.351131e-06 2.495074e-07)
(0.001867704 -6.10197e-06 2.480752e-07)
(0.001870743 -5.866021e-06 2.439516e-07)
(0.001873663 -5.642442e-06 2.377818e-07)
(0.00187647 -5.430437e-06 2.300915e-07)
(0.001879169 -5.22925e-06 2.21309e-07)
(0.001881766 -5.038173e-06 2.117832e-07)
(0.001884266 -4.85654e-06 2.017994e-07)
(0.001886673 -4.683732e-06 1.915933e-07)
(0.001888991 -4.51917e-06 1.813579e-07)
(0.001891226 -4.362317e-06 1.712761e-07)
(0.00189338 -4.212677e-06 1.614584e-07)
(0.001895457 -4.069801e-06 1.522232e-07)
(0.001853722 -1.239615e-05 2.014826e-07)
(0.001857345 -1.18759e-05 2.192766e-07)
(0.001860814 -1.13838e-05 2.300451e-07)
(0.001864137 -1.091824e-05 2.352715e-07)
(0.00186732 -1.047767e-05 2.361609e-07)
(0.00187037 -1.006058e-05 2.336904e-07)
(0.001873294 -9.66552e-06 2.286507e-07)
(0.001876097 -9.291101e-06 2.216829e-07)
(0.001878786 -8.93601e-06 2.133081e-07)
(0.001881366 -8.599006e-06 2.039493e-07)
(0.001883842 -8.278922e-06 1.939502e-07)
(0.001886219 -7.974665e-06 1.835898e-07)
(0.001888503 -7.685211e-06 1.730983e-07)
(0.001890698 -7.409609e-06 1.626626e-07)
(0.001892807 -7.146972e-06 1.524596e-07)
(0.001894836 -6.89648e-06 1.425945e-07)
(0.001896787 -6.657388e-06 1.333832e-07)
(0.001858291 -1.711375e-05 1.716231e-07)
(0.001861717 -1.63812e-05 1.875439e-07)
(0.001864987 -1.568814e-05 1.966714e-07)
(0.001868108 -1.503235e-05 2.004834e-07)
(0.001871086 -1.441167e-05 2.001774e-07)
(0.00187393 -1.382401e-05 1.96722e-07)
(0.001876645 -1.326735e-05 1.908974e-07)
(0.001879238 -1.273978e-05 1.833339e-07)
(0.001881715 -1.223948e-05 1.74541e-07)
(0.001884082 -1.176474e-05 1.649299e-07)
(0.001886345 -1.131394e-05 1.548319e-07)
(0.001888508 -1.088557e-05 1.445139e-07)
(0.001890577 -1.047822e-05 1.341937e-07)
(0.001892557 -1.009055e-05 1.24046e-07)
(0.001894452 -9.721339e-06 1.142361e-07)
(0.001896266 -9.369439e-06 1.048588e-07)
(0.001898004 -9.0338e-06 9.622072e-08)
(0.001863644 -2.151151e-05 9.488992e-08)
(0.001866733 -2.056215e-05 1.096514e-07)
(0.001869662 -1.966414e-05 1.179674e-07)
(0.00187244 -1.881462e-05 1.212967e-07)
(0.001875075 -1.801083e-05 1.20817e-07)
(0.001877574 -1.725006e-05 1.174752e-07)
(0.001879944 -1.652976e-05 1.120297e-07)
(0.001882192 -1.584746e-05 1.050882e-07)
(0.001884325 -1.520084e-05 9.713779e-08)
(0.001886349 -1.458771e-05 8.85673e-08)
(0.00188827 -1.400598e-05 7.968626e-08)
(0.001890094 -1.345372e-05 7.074006e-08)
(0.001891827 -1.29291e-05 6.192535e-08)
(0.001893473 -1.24304e-05 5.3397e-08)
(0.001895037 -1.195602e-05 4.530008e-08)
(0.001896524 -1.150449e-05 3.771322e-08)
(0.001897938 -1.10744e-05 3.092092e-08)
(0.001868517 -2.537237e-05 -6.415376e-08)
(0.001871057 -2.420294e-05 -4.775343e-08)
(0.001873439 -2.309788e-05 -3.739223e-08)
(0.001875673 -2.205363e-05 -3.164844e-08)
(0.001877766 -2.106673e-05 -2.938151e-08)
(0.001879729 -2.013383e-05 -2.968172e-08)
(0.001881567 -1.925172e-05 -3.18279e-08)
(0.00188329 -1.841737e-05 -3.524843e-08)
(0.001884904 -1.762788e-05 -3.94912e-08)
(0.001886417 -1.688049e-05 -4.420084e-08)
(0.001887835 -1.617262e-05 -4.91e-08)
(0.001889163 -1.550184e-05 -5.3974e-08)
(0.001890409 -1.486585e-05 -5.865553e-08)
(0.001891577 -1.42625e-05 -6.301707e-08)
(0.001892673 -1.368976e-05 -6.694169e-08)
(0.0018937 -1.314576e-05 -7.037106e-08)
(0.001894665 -1.262871e-05 -7.306074e-08)
(0.001870459 -2.837989e-05 -3.459893e-07)
(0.001872166 -2.699542e-05 -3.218823e-07)
(0.001873728 -2.569017e-05 -3.035299e-07)
(0.001875156 -2.445963e-05 -2.895639e-07)
(0.00187646 -2.329949e-05 -2.788947e-07)
(0.001877649 -2.220556e-05 -2.706615e-07)
(0.001878731 -2.117385e-05 -2.641901e-07)
(0.001879715 -2.020056e-05 -2.58954e-07)
(0.001880609 -1.928209e-05 -2.545429e-07)
(0.00188142 -1.841502e-05 -2.506403e-07)
(0.001882154 -1.759611e-05 -2.470053e-07)
(0.001882818 -1.682235e-05 -2.434565e-07)
(0.001883417 -1.609086e-05 -2.398581e-07)
(0.001883957 -1.539897e-05 -2.361111e-07)
(0.001884443 -1.474415e-05 -2.321293e-07)
(0.00188488 -1.412406e-05 -2.278728e-07)
(0.001885271 -1.353644e-05 -2.231561e-07)
(0.001865245 -3.012692e-05 -7.81879e-07)
(0.001865793 -2.855323e-05 -7.401804e-07)
(0.001866233 -2.707529e-05 -7.043911e-07)
(0.001866573 -2.568736e-05 -6.731941e-07)
(0.001866826 -2.43839e-05 -6.455471e-07)
(0.001866999 -2.315963e-05 -6.206337e-07)
(0.001867102 -2.20095e-05 -5.978202e-07)
(0.001867142 -2.092875e-05 -5.766167e-07)
(0.001867126 -1.991287e-05 -5.566464e-07)
(0.001867061 -1.895761e-05 -5.376231e-07)
(0.001866953 -1.805895e-05 -5.193324e-07)
(0.001866807 -1.721315e-05 -5.01616e-07)
(0.001866628 -1.641667e-05 -4.843587e-07)
(0.001866421 -1.566622e-05 -4.674788e-07)
(0.001866189 -1.49587e-05 -4.509111e-07)
(0.001865937 -1.429123e-05 -4.346209e-07)
(0.001865667 -1.366107e-05 -4.18492e-07)
(0.001846388 -3.018328e-05 -1.370854e-06)
(0.001845495 -2.848209e-05 -1.299116e-06)
(0.001844558 -2.689308e-05 -1.234217e-06)
(0.001843588 -2.540882e-05 -1.174862e-06)
(0.001842591 -2.402224e-05 -1.120027e-06)
(0.001841576 -2.272667e-05 -1.06891e-06)
(0.001840547 -2.151581e-05 -1.02089e-06)
(0.001839512 -2.038374e-05 -9.754866e-07)
(0.001838474 -1.932492e-05 -9.323275e-07)
(0.001837438 -1.833415e-05 -8.911288e-07)
(0.001836408 -1.74066e-05 -8.516744e-07)
(0.001835386 -1.653773e-05 -8.138011e-07)
(0.001834375 -1.572334e-05 -7.773865e-07)
(0.001833378 -1.49595e-05 -7.423386e-07)
(0.001832396 -1.424257e-05 -7.085888e-07)
(0.001831431 -1.356918e-05 -6.760811e-07)
(0.001830484 -1.293613e-05 -6.447611e-07)
(0.001804972 -2.823868e-05 -2.058553e-06)
(0.001802522 -2.65172e-05 -1.945483e-06)
(0.001800126 -2.491996e-05 -1.841068e-06)
(0.001797788 -2.343769e-05 -1.743992e-06)
(0.001795509 -2.206173e-05 -1.65321e-06)
(0.001793292 -2.078401e-05 -1.567899e-06)
(0.001791139 -1.959701e-05 -1.487408e-06)
(0.001789049 -1.849375e-05 -1.411225e-06)
(0.001787024 -1.746776e-05 -1.338941e-06)
(0.001785063 -1.651304e-05 -1.270236e-06)
(0.001783166 -1.562406e-05 -1.20485e-06)
(0.001781331 -1.47957e-05 -1.142576e-06)
(0.001779559 -1.402322e-05 -1.083244e-06)
(0.001777848 -1.330228e-05 -1.026715e-06)
(0.001776196 -1.262885e-05 -9.728788e-07)
(0.001774603 -1.199925e-05 -9.216245e-07)
(0.001773065 -1.141004e-05 -8.729284e-07)
(0.001729971 -2.428779e-05 -2.731878e-06)
(0.001726144 -2.269105e-05 -2.572725e-06)
(0.001722482 -2.122048e-05 -2.424582e-06)
(0.00171898 -1.98655e-05 -2.28611e-06)
(0.001715632 -1.861639e-05 -2.156235e-06)
(0.001712432 -1.746419e-05 -2.034088e-06)
(0.001709375 -1.640071e-05 -1.918965e-06)
(0.001706455 -1.541841e-05 -1.810294e-06)
(0.001703665 -1.45104e-05 -1.707598e-06)
(0.001701001 -1.367036e-05 -1.610482e-06)
(0.001698456 -1.289253e-05 -1.51861e-06)
(0.001696026 -1.217164e-05 -1.431693e-06)
(0.001693704 -1.150286e-05 -1.349477e-06)
(0.001691486 -1.08818e-05 -1.271741e-06)
(0.001689367 -1.030445e-05 -1.198298e-06)
(0.001687342 -9.767157e-06 -1.128952e-06)
(0.001685405 -9.266597e-06 -1.063662e-06)
(0.001608869 -1.877524e-05 -3.248955e-06)
(0.001604181 -1.745417e-05 -3.049496e-06)
(0.001599753 -1.624662e-05 -2.863205e-06)
(0.001595571 -1.514204e-05 -2.688793e-06)
(0.00159162 -1.413086e-05 -2.525202e-06)
(0.001587885 -1.320437e-05 -2.371546e-06)
(0.001584354 -1.235471e-05 -2.227082e-06)
(0.001581013 -1.157474e-05 -2.091177e-06)
(0.001577853 -1.085802e-05 -1.963283e-06)
(0.00157486 -1.019868e-05 -1.842919e-06)
(0.001572025 -9.591458e-06 -1.729655e-06)
(0.001569339 -9.031572e-06 -1.623105e-06)
(0.001566792 -8.514707e-06 -1.522917e-06)
(0.001564375 -8.036965e-06 -1.428766e-06)
(0.001562082 -7.594824e-06 -1.340371e-06)
(0.001559903 -7.185109e-06 -1.257436e-06)
(0.001557832 -6.805021e-06 -1.179856e-06)
(0.001427902 -1.257742e-05 -3.483334e-06)
(0.001423113 -1.164032e-05 -3.260133e-06)
(0.001418632 -1.078992e-05 -3.051333e-06)
(0.001414436 -1.001741e-05 -2.855809e-06)
(0.001410505 -9.314891e-06 -2.672597e-06)
(0.001406817 -8.675296e-06 -2.500853e-06)
(0.001403356 -8.092273e-06 -2.339835e-06)
(0.001400104 -7.560141e-06 -2.188877e-06)
(0.001397047 -7.073809e-06 -2.04738e-06)
(0.00139417 -6.628725e-06 -1.914792e-06)
(0.001391461 -6.220813e-06 -1.790606e-06)
(0.001388907 -5.846427e-06 -1.674347e-06)
(0.001386497 -5.502306e-06 -1.565574e-06)
(0.001384222 -5.185534e-06 -1.463874e-06)
(0.001382071 -4.89351e-06 -1.368874e-06)
(0.001380038 -4.623903e-06 -1.280196e-06)
(0.001378112 -4.374743e-06 -1.197639e-06)
(0.001170927 -6.790367e-06 -3.364993e-06)
(0.001166837 -6.260756e-06 -3.141702e-06)
(0.001163035 -5.783376e-06 -2.932769e-06)
(0.001159497 -5.352519e-06 -2.7373e-06)
(0.0011562 -4.963108e-06 -2.554472e-06)
(0.001153124 -4.610636e-06 -2.383523e-06)
(0.001150251 -4.291102e-06 -2.223743e-06)
(0.001147565 -4.000963e-06 -2.074471e-06)
(0.00114505 -3.737078e-06 -1.935085e-06)
(0.001142692 -3.496663e-06 -1.805001e-06)
(0.00114048 -3.277255e-06 -1.683666e-06)
(0.001138402 -3.076669e-06 -1.570558e-06)
(0.001136447 -2.892969e-06 -1.465183e-06)
(0.001134607 -2.724445e-06 -1.367076e-06)
(0.001132872 -2.569589e-06 -1.275811e-06)
(0.001131236 -2.427054e-06 -1.190962e-06)
(0.001129689 -2.295752e-06 -1.112237e-06)
(0.0008162055 -2.388521e-06 -2.810646e-06)
(0.0008134482 -2.194582e-06 -2.618702e-06)
(0.0008108957 -2.021096e-06 -2.439387e-06)
(0.0008085294 -1.865626e-06 -2.272008e-06)
(0.0008063323 -1.726044e-06 -2.115884e-06)
(0.0008042892 -1.600485e-06 -1.970357e-06)
(0.0008023866 -1.487315e-06 -1.834795e-06)
(0.0008006123 -1.385105e-06 -1.708593e-06)
(0.0007989551 -1.292603e-06 -1.591176e-06)
(0.0007974052 -1.208712e-06 -1.481995e-06)
(0.0007959537 -1.132471e-06 -1.380529e-06)
(0.0007945923 -1.063036e-06 -1.286283e-06)
(0.000793314 -9.996729e-07 -1.198791e-06)
(0.0007921119 -9.417378e-07 -1.117613e-06)
(0.0007909802 -8.886813e-07 -1.042343e-06)
(0.0007899135 -8.40017e-07 -9.725892e-07)
(0.0007889064 -7.954157e-07 -9.080509e-07)
(0.0003313324 -9.7581e-08 -1.522211e-06)
(0.0003303124 -8.814458e-08 -1.415569e-06)
(0.0003293709 -8.002512e-08 -1.31632e-06)
(0.0003285 -7.301395e-08 -1.224036e-06)
(0.0003276931 -6.69411e-08 -1.138293e-06)
(0.0003269441 -6.166402e-08 -1.058682e-06)
(0.0003262476 -5.706302e-08 -9.848068e-07)
(0.000325599 -5.30375e-08 -9.162911e-07)
(0.0003249938 -4.950258e-08 -8.527775e-07)
(0.0003244282 -4.638661e-08 -7.939266e-07)
(0.0003238989 -4.362927e-08 -7.39418e-07)
(0.0003234028 -4.118018e-08 -6.889491e-07)
(0.000322937 -3.899855e-08 -6.422354e-07)
(0.0003224991 -3.705244e-08 -5.990086e-07)
(0.0003220868 -3.532264e-08 -5.59019e-07)
(0.0003216981 -3.378972e-08 -5.22017e-07)
(0.0003213307 -3.256092e-08 -4.877637e-07)
(0.001464504 1.66434e-06 1.37721e-07)
(0.001467034 1.588848e-06 1.56194e-07)
(0.001469463 1.518654e-06 1.687328e-07)
(0.001471795 1.453338e-06 1.765789e-07)
(0.001474036 1.392502e-06 1.806981e-07)
(0.00147619 1.335773e-06 1.81875e-07)
(0.00147826 1.282802e-06 1.807471e-07)
(0.001480253 1.233267e-06 1.778311e-07)
(0.001482171 1.186869e-06 1.735473e-07)
(0.001484018 1.143335e-06 1.682398e-07)
(0.001485798 1.102413e-06 1.621901e-07)
(0.001487515 1.063874e-06 1.55629e-07)
(0.001489172 1.027511e-06 1.487468e-07)
(0.001490771 9.931326e-07 1.417031e-07)
(0.001492316 9.605684e-07 1.346316e-07)
(0.001493809 9.296633e-07 1.276625e-07)
(0.001495252 9.002781e-07 1.208857e-07)
(0.001496649 8.722923e-07 1.145337e-07)
(0.001464504 -1.664324e-06 1.37721e-07)
(0.001467034 -1.588831e-06 1.56194e-07)
(0.001469463 -1.518636e-06 1.687328e-07)
(0.001471795 -1.453319e-06 1.765789e-07)
(0.001474036 -1.392482e-06 1.806981e-07)
(0.00147619 -1.335751e-06 1.81875e-07)
(0.00147826 -1.282778e-06 1.807471e-07)
(0.001480253 -1.233241e-06 1.778311e-07)
(0.001482171 -1.186842e-06 1.735473e-07)
(0.001484018 -1.143305e-06 1.682398e-07)
(0.001485798 -1.102381e-06 1.6219e-07)
(0.001487515 -1.063841e-06 1.55629e-07)
(0.001489172 -1.027475e-06 1.487468e-07)
(0.001490771 -9.93094e-07 1.417031e-07)
(0.001492316 -9.605271e-07 1.346316e-07)
(0.001493809 -9.296193e-07 1.276625e-07)
(0.001495252 -9.002312e-07 1.208857e-07)
(0.001496649 -8.722422e-07 1.145337e-07)
(0.001465726 -4.968397e-06 1.382129e-07)
(0.001468217 -4.742183e-06 1.559907e-07)
(0.001470606 -4.531794e-06 1.678781e-07)
(0.001472899 -4.335971e-06 1.751184e-07)
(0.0014751 -4.153526e-06 1.786778e-07)
(0.001477214 -3.983344e-06 1.793406e-07)
(0.001479245 -3.824386e-06 1.77744e-07)
(0.001481197 -3.675693e-06 1.744036e-07)
(0.001483074 -3.536375e-06 1.697386e-07)
(0.00148488 -3.405619e-06 1.640916e-07)
(0.001486619 -3.282678e-06 1.577423e-07)
(0.001488294 -3.16687e-06 1.509201e-07)
(0.001489909 -3.057577e-06 1.438133e-07)
(0.001491466 -2.954236e-06 1.365796e-07)
(0.001492968 -2.856337e-06 1.293509e-07)
(0.001494418 -2.763419e-06 1.222554e-07)
(0.001495818 -2.67507e-06 1.153814e-07)
(0.001497171 -2.59093e-06 1.089612e-07)
(0.001470514 -7.817613e-06 1.506695e-07)
(0.001472815 -7.46747e-06 1.613374e-07)
(0.001475018 -7.141408e-06 1.674645e-07)
(0.00147713 -6.837465e-06 1.70016e-07)
(0.001479153 -6.553801e-06 1.697742e-07)
(0.001481093 -6.288708e-06 1.673734e-07)
(0.001482954 -6.040606e-06 1.633254e-07)
(0.00148474 -5.808038e-06 1.580456e-07)
(0.001486455 -5.589667e-06 1.518721e-07)
(0.001488101 -5.38427e-06 1.450801e-07)
(0.001489684 -5.190733e-06 1.378941e-07)
(0.001491205 -5.008041e-06 1.304977e-07)
(0.001492668 -4.83527e-06 1.230434e-07)
(0.001494076 -4.671588e-06 1.156584e-07)
(0.001495432 -4.516239e-06 1.084662e-07)
(0.001496738 -4.368544e-06 1.015507e-07)
(0.001497997 -4.227912e-06 9.514206e-08)
(0.001473724 -1.07454e-05 1.291633e-07)
(0.001475863 -1.025594e-05 1.383512e-07)
(0.001477905 -9.799888e-06 1.431884e-07)
(0.001479855 -9.374527e-06 1.446331e-07)
(0.001481717 -8.977324e-06 1.434597e-07)
(0.001483495 -8.605931e-06 1.402937e-07)
(0.001485194 -8.258174e-06 1.356373e-07)
(0.001486817 -7.932056e-06 1.298962e-07)
(0.00148837 -7.625746e-06 1.233982e-07)
(0.001489854 -7.337568e-06 1.164087e-07)
(0.001491275 -7.065995e-06 1.091419e-07)
(0.001492634 -6.809636e-06 1.017713e-07)
(0.001493936 -6.567227e-06 9.443964e-08)
(0.001495184 -6.337622e-06 8.72644e-08)
(0.001496379 -6.119782e-06 8.035969e-08)
(0.001497526 -5.912774e-06 7.380128e-08)
(0.001498626 -5.715776e-06 6.781159e-08)
(0.001477357 -1.342611e-05 7.268161e-08)
(0.001479226 -1.279794e-05 8.093695e-08)
(0.001481 -1.221245e-05 8.512226e-08)
(0.001482683 -1.166619e-05 8.617726e-08)
(0.001484279 -1.115596e-05 8.485753e-08)
(0.001485792 -1.06788e-05 8.176926e-08)
(0.001487228 -1.023196e-05 7.739556e-08)
(0.001488591 -9.81293e-06 7.212277e-08)
(0.001489884 -9.419406e-06 6.626027e-08)
(0.001491112 -9.049277e-06 6.00551e-08)
(0.001492277 -8.700617e-06 5.370399e-08)
(0.001493385 -8.37167e-06 4.736342e-08)
(0.001494438 -8.060837e-06 4.115962e-08)
(0.001495438 -7.766668e-06 3.519431e-08)
(0.001496391 -7.487842e-06 2.956586e-08)
(0.001497297 -7.22317e-06 2.433728e-08)
(0.00149816 -6.971592e-06 1.971295e-08)
(0.001480389 -1.571605e-05 -4.54832e-08)
(0.001481835 -1.495153e-05 -3.599332e-08)
(0.001483189 -1.423918e-05 -3.025125e-08)
(0.001484457 -1.357483e-05 -2.735153e-08)
(0.001485645 -1.29546e-05 -2.65714e-08)
(0.001486756 -1.237491e-05 -2.733652e-08)
(0.001487795 -1.183245e-05 -2.919458e-08)
(0.001488768 -1.132419e-05 -3.178871e-08)
(0.001489677 -1.084735e-05 -3.483746e-08)
(0.001490528 -1.039937e-05 -3.812018e-08)
(0.001491324 -9.977919e-06 -4.146512e-08)
(0.001492069 -9.580867e-06 -4.473934e-08)
(0.001492766 -9.206271e-06 -4.783898e-08)
(0.001493419 -8.852358e-06 -5.068327e-08)
(0.00149403 -8.517513e-06 -5.31955e-08)
(0.001494603 -8.200276e-06 -5.532882e-08)
(0.00149514 -7.899332e-06 -5.691105e-08)
(0.001480911 -1.741861e-05 -2.558448e-07)
(0.001481731 -1.652597e-05 -2.404145e-07)
(0.001482474 -1.569547e-05 -2.285193e-07)
(0.001483145 -1.492216e-05 -2.192999e-07)
(0.001483749 -1.420143e-05 -2.120763e-07)
(0.001484292 -1.352902e-05 -2.06314e-07)
(0.001484778 -1.290102e-05 -2.01598e-07)
(0.001485211 -1.231382e-05 -1.976063e-07)
(0.001485597 -1.176412e-05 -1.940893e-07)
(0.001485939 -1.124888e-05 -1.908558e-07)
(0.001486241 -1.076534e-05 -1.877607e-07)
(0.001486506 -1.031093e-05 -1.846959e-07)
(0.001486738 -9.883358e-06 -1.8158e-07)
(0.001486939 -9.480487e-06 -1.783534e-07)
(0.001487114 -9.100381e-06 -1.749624e-07)
(0.001487263 -8.741283e-06 -1.713748e-07)
(0.001487389 -8.401595e-06 -1.674651e-07)
(0.001475729 -1.829494e-05 -5.820032e-07)
(0.0014757 -1.729531e-05 -5.529515e-07)
(0.001475624 -1.636811e-05 -5.275951e-07)
(0.001475505 -1.550745e-05 -5.051147e-07)
(0.001475349 -1.470787e-05 -4.84866e-07)
(0.00147516 -1.396435e-05 -4.663473e-07)
(0.001474941 -1.327227e-05 -4.491726e-07)
(0.001474697 -1.262739e-05 -4.330453e-07)
(0.001474432 -1.20258e-05 -4.177384e-07)
(0.001474149 -1.146394e-05 -4.030802e-07)
(0.00147385 -1.093854e-05 -3.889426e-07)
(0.001473539 -1.044663e-05 -3.752316e-07)
(0.001473218 -9.985457e-06 -3.618785e-07)
(0.001472889 -9.552541e-06 -3.488343e-07)
(0.001472554 -9.145597e-06 -3.3606e-07)
(0.001472214 -8.762561e-06 -3.235277e-07)
(0.001471872 -8.401544e-06 -3.111662e-07)
(0.001460029 -1.810844e-05 -1.023441e-06)
(0.001458967 -1.70441e-05 -9.710481e-07)
(0.001457907 -1.606158e-05 -9.231704e-07)
(0.001456854 -1.51539e-05 -8.789942e-07)
(0.00145581 -1.431467e-05 -8.378794e-07)
(0.001454777 -1.353801e-05 -7.993264e-07)
(0.001453758 -1.281854e-05 -7.629495e-07)
(0.001452754 -1.215132e-05 -7.284496e-07)
(0.001451768 -1.153185e-05 -6.955956e-07)
(0.0014508 -1.095603e-05 -6.642094e-07)
(0.001449852 -1.042011e-05 -6.34154e-07)
(0.001448925 -9.920661e-06 -6.053249e-07)
(0.001448019 -9.454579e-06 -5.776421e-07)
(0.001447135 -9.019028e-06 -5.510444e-07)
(0.001446274 -8.611421e-06 -5.254862e-07)
(0.001445435 -8.229427e-06 -5.009237e-07)
(0.001444618 -7.870918e-06 -4.773321e-07)
(0.001427262 -1.670927e-05 -1.53964e-06)
(0.001425104 -1.564826e-05 -1.454991e-06)
(0.001423019 -1.467499e-05 -1.37645e-06)
(0.001421007 -1.378146e-05 -1.303157e-06)
(0.001419065 -1.296039e-05 -1.234431e-06)
(0.001417193 -1.220514e-05 -1.169731e-06)
(0.001415388 -1.150966e-05 -1.10863e-06)
(0.00141365 -1.086848e-05 -1.050785e-06)
(0.001411975 -1.027661e-05 -9.959242e-07)
(0.001410364 -9.729534e-06 -9.438243e-07)
(0.001408813 -9.223162e-06 -8.943043e-07)
(0.001407321 -8.753784e-06 -8.472146e-07)
(0.001405886 -8.318043e-06 -8.024304e-07)
(0.001404506 -7.912904e-06 -7.598466e-07)
(0.001403179 -7.535614e-06 -7.193817e-07)
(0.001401903 -7.183703e-06 -6.809477e-07)
(0.001400676 -6.854947e-06 -6.445408e-07)
(0.001369309 -1.413713e-05 -2.04633e-06)
(0.001366199 -1.316779e-05 -1.925471e-06)
(0.00136324 -1.228529e-05 -1.812831e-06)
(0.001360425 -1.148105e-05 -1.707479e-06)
(0.001357747 -1.074733e-05 -1.60866e-06)
(0.001355197 -1.007714e-05 -1.515763e-06)
(0.001352771 -9.464207e-06 -1.428285e-06)
(0.001350462 -8.902861e-06 -1.345812e-06)
(0.001348263 -8.38801e-06 -1.267994e-06)
(0.001346168 -7.915075e-06 -1.194531e-06)
(0.001344173 -7.479942e-06 -1.125167e-06)
(0.001342272 -7.078917e-06 -1.059674e-06)
(0.001340461 -6.708687e-06 -9.978543e-07)
(0.001338733 -6.366276e-06 -9.395288e-07)
(0.001337086 -6.049016e-06 -8.84551e-07)
(0.001335515 -5.754525e-06 -8.327649e-07)
(0.001334014 -5.480703e-06 -7.841483e-07)
(0.001276765 -1.069686e-05 -2.437822e-06)
(0.001273076 -9.908449e-06 -2.284947e-06)
(0.001269603 -9.196618e-06 -2.14232e-06)
(0.001266332 -8.553158e-06 -2.008969e-06)
(0.001263251 -7.970731e-06 -1.884089e-06)
(0.001260345 -7.44279e-06 -1.767008e-06)
(0.001257603 -6.963494e-06 -1.657149e-06)
(0.001255015 -6.52764e-06 -1.554018e-06)
(0.00125257 -6.130594e-06 -1.457179e-06)
(0.001250259 -5.768235e-06 -1.366247e-06)
(0.001248073 -5.436896e-06 -1.280874e-06)
(0.001246004 -5.133318e-06 -1.200743e-06)
(0.001244045 -4.854605e-06 -1.125566e-06)
(0.001242188 -4.598186e-06 -1.055079e-06)
(0.001240427 -4.36178e-06 -9.890546e-07)
(0.001238756 -4.143364e-06 -9.272573e-07)
(0.001237169 -3.941204e-06 -8.69606e-07)
(0.001138802 -6.940414e-06 -2.621518e-06)
(0.001135075 -6.394064e-06 -2.449195e-06)
(0.001131594 -5.905195e-06 -2.288425e-06)
(0.001128342 -5.467132e-06 -2.138281e-06)
(0.001125298 -5.073967e-06 -1.997969e-06)
(0.001122448 -4.72048e-06 -1.866797e-06)
(0.001119777 -4.402064e-06 -1.744146e-06)
(0.00111727 -4.114659e-06 -1.629466e-06)
(0.001114916 -3.85469e-06 -1.522254e-06)
(0.001112702 -3.619013e-06 -1.422049e-06)
(0.001110619 -3.40486e-06 -1.328426e-06)
(0.001108657 -3.2098e-06 -1.24099e-06)
(0.001106808 -3.031696e-06 -1.159374e-06)
(0.001105062 -2.868672e-06 -1.083238e-06)
(0.001103413 -2.719085e-06 -1.01228e-06)
(0.001101854 -2.581493e-06 -9.46198e-07)
(0.001100379 -2.454703e-06 -8.848272e-07)
(0.0009417998 -3.541415e-06 -2.54645e-06)
(0.0009386086 -3.244802e-06 -2.372825e-06)
(0.0009356463 -2.982107e-06 -2.210968e-06)
(0.0009328929 -2.749063e-06 -2.060074e-06)
(0.0009303303 -2.541926e-06 -1.919414e-06)
(0.0009279421 -2.357422e-06 -1.788318e-06)
(0.0009257135 -2.192697e-06 -1.666166e-06)
(0.0009236312 -2.045264e-06 -1.552385e-06)
(0.0009216831 -1.912961e-06 -1.446441e-06)
(0.0009198583 -1.793908e-06 -1.347831e-06)
(0.0009181468 -1.68647e-06 -1.256089e-06)
(0.0009165397 -1.58923e-06 -1.170773e-06)
(0.0009150289 -1.500958e-06 -1.091473e-06)
(0.0009136068 -1.420588e-06 -1.017804e-06)
(0.0009122668 -1.347203e-06 -9.494193e-07)
(0.0009110028 -1.280001e-06 -8.859788e-07)
(0.0009098086 -1.218346e-06 -8.27241e-07)
(0.0006657859 -1.086106e-06 -2.150619e-06)
(0.0006636052 -9.873539e-07 -1.999635e-06)
(0.0006615891 -9.013462e-07 -1.859217e-06)
(0.0006597221 -8.262895e-07 -1.728692e-06)
(0.0006579903 -7.606391e-07 -1.607418e-06)
(0.0006563813 -7.030662e-07 -1.494788e-06)
(0.0006548842 -6.524306e-07 -1.39023e-06)
(0.0006534888 -6.077561e-07 -1.293204e-06)
(0.0006521865 -5.682075e-07 -1.203203e-06)
(0.000650969 -5.330705e-07 -1.119749e-06)
(0.0006498294 -5.017351e-07 -1.042394e-06)
(0.000648761 -4.736809e-07 -9.707189e-07)
(0.0006477581 -4.484658e-07 -9.043305e-07)
(0.0006468153 -4.257162e-07 -8.42864e-07)
(0.0006459279 -4.051235e-07 -7.859875e-07)
(0.0006450916 -3.864218e-07 -7.33386e-07)
(0.0006443021 -3.694376e-07 -6.848127e-07)
(0.0002777825 2.434568e-08 -1.184753e-06)
(0.0002769522 2.480097e-08 -1.0993e-06)
(0.0002761867 2.466915e-08 -1.020197e-06)
(0.0002754795 2.409589e-08 -9.470097e-07)
(0.000274825 2.319633e-08 -8.793245e-07)
(0.0002742181 2.206299e-08 -8.167482e-07)
(0.0002736543 2.076965e-08 -7.589114e-07)
(0.0002731295 1.937472e-08 -7.05468e-07)
(0.0002726403 1.792406e-08 -6.560945e-07)
(0.0002721835 1.645346e-08 -6.104888e-07)
(0.0002717561 1.49901e-08 -5.683692e-07)
(0.0002713557 1.355413e-08 -5.294733e-07)
(0.0002709801 1.215897e-08 -4.935574e-07)
(0.000270627 1.081212e-08 -4.603949e-07)
(0.0002702947 9.513741e-09 -4.29776e-07)
(0.0002699814 8.268086e-09 -4.014947e-07)
(0.0002696856 7.002906e-09 -3.753421e-07)
(0.0009719152 8.070992e-07 7.396603e-08)
(0.00097318 7.675761e-07 8.041541e-08)
(0.0009743954 7.316279e-07 8.454728e-08)
(0.000975564 6.988874e-07 8.685592e-08)
(0.0009766882 6.690179e-07 8.77163e-08)
(0.0009777704 6.417123e-07 8.743588e-08)
(0.0009788129 6.166921e-07 8.626581e-08)
(0.0009798181 5.937053e-07 8.440941e-08)
(0.0009807879 5.725249e-07 8.203263e-08)
(0.0009817243 5.529476e-07 7.927177e-08)
(0.0009826293 5.347911e-07 7.623892e-08)
(0.0009835044 5.178932e-07 7.302657e-08)
(0.0009843514 5.021097e-07 6.971162e-08)
(0.0009851715 4.873127e-07 6.635984e-08)
(0.0009859663 4.733895e-07 6.302831e-08)
(0.000986737 4.602407e-07 5.97779e-08)
(0.0009874846 4.477798e-07 5.665653e-08)
(0.0009882105 4.359341e-07 5.378717e-08)
(0.0009719152 -8.070871e-07 7.396604e-08)
(0.00097318 -7.675631e-07 8.041542e-08)
(0.0009743954 -7.316138e-07 8.454729e-08)
(0.000975564 -6.988721e-07 8.685593e-08)
(0.0009766882 -6.690014e-07 8.77163e-08)
(0.0009777704 -6.416945e-07 8.743588e-08)
(0.0009788129 -6.16673e-07 8.626581e-08)
(0.0009798181 -5.936847e-07 8.440941e-08)
(0.0009807879 -5.725028e-07 8.203263e-08)
(0.0009817243 -5.529239e-07 7.927178e-08)
(0.0009826293 -5.347657e-07 7.623894e-08)
(0.0009835044 -5.17866e-07 7.302659e-08)
(0.0009843514 -5.020805e-07 6.971164e-08)
(0.0009851715 -4.872815e-07 6.635986e-08)
(0.0009859663 -4.73356e-07 6.302833e-08)
(0.000986737 -4.602049e-07 5.977791e-08)
(0.0009874846 -4.477416e-07 5.665654e-08)
(0.0009882105 -4.358932e-07 5.378717e-08)
(0.0009726352 -2.403953e-06 7.458142e-08)
(0.000973873 -2.285907e-06 8.067271e-08)
(0.0009750619 -2.178504e-06 8.447007e-08)
(0.0009762043 -2.080648e-06 8.646836e-08)
(0.0009773024 -1.991335e-06 8.704239e-08)
(0.0009783586 -1.90965e-06 8.64993e-08)
(0.0009793753 -1.834766e-06 8.50897e-08)
(0.0009803545 -1.765932e-06 8.301623e-08)
(0.0009812984 -1.702476e-06 8.044407e-08)
(0.0009822089 -1.643792e-06 7.750869e-08)
(0.0009830878 -1.589341e-06 7.432127e-08)
(0.0009839368 -1.538641e-06 7.097336e-08)
(0.0009847575 -1.491265e-06 6.754087e-08)
(0.0009855513 -1.446834e-06 6.408858e-08)
(0.0009863195 -1.405014e-06 6.067258e-08)
(0.0009870636 -1.36551e-06 5.735279e-08)
(0.0009877845 -1.328067e-06 5.417614e-08)
(0.0009884836 -1.292468e-06 5.126517e-08)
(0.0009752067 -3.75148e-06 7.883535e-08)
(0.0009763362 -3.573882e-06 8.200102e-08)
(0.0009774197 -3.411955e-06 8.342383e-08)
(0.0009784594 -3.26405e-06 8.347732e-08)
(0.0009794575 -3.128665e-06 8.246692e-08)
(0.0009804162 -3.004441e-06 8.064127e-08)
(0.0009813376 -2.890153e-06 7.820077e-08)
(0.0009822237 -2.7847e-06 7.530824e-08)
(0.0009830765 -2.687095e-06 7.20967e-08)
(0.0009838976 -2.596457e-06 6.867482e-08)
(0.0009846888 -2.512002e-06 6.513161e-08)
(0.0009854516 -2.433033e-06 6.154043e-08)
(0.0009861875 -2.358934e-06 5.796348e-08)
(0.0009868979 -2.289161e-06 5.445429e-08)
(0.000987584 -2.223234e-06 5.10703e-08)
(0.0009882471 -2.160736e-06 4.785598e-08)
(0.0009888883 -2.101316e-06 4.493171e-08)
(0.0009770332 -5.120785e-06 6.95536e-08)
(0.0009780572 -4.874936e-06 7.193784e-08)
(0.0009790361 -4.650575e-06 7.267919e-08)
(0.000979972 -4.445438e-06 7.214643e-08)
(0.000980867 -4.257471e-06 7.063994e-08)
(0.0009817234 -4.084819e-06 6.840307e-08)
(0.0009825429 -3.925811e-06 6.563075e-08)
(0.0009833278 -3.778949e-06 6.248031e-08)
(0.0009840797 -3.642892e-06 5.907933e-08)
(0.0009848005 -3.516444e-06 5.553114e-08)
(0.0009854919 -3.398541e-06 5.191944e-08)
(0.0009861554 -3.288237e-06 4.831241e-08)
(0.0009867926 -3.184697e-06 4.476716e-08)
(0.0009874047 -3.08718e-06 4.133223e-08)
(0.0009879933 -2.995036e-06 3.805995e-08)
(0.0009885595 -2.907699e-06 3.499015e-08)
(0.0009891045 -2.82469e-06 3.223684e-08)
(0.0009790169 -6.337273e-06 4.36499e-08)
(0.0009798683 -6.025853e-06 4.550239e-08)
(0.0009806767 -5.741408e-06 4.585883e-08)
(0.0009814442 -5.481101e-06 4.507682e-08)
(0.0009821728 -5.242369e-06 4.344579e-08)
(0.0009828645 -5.022901e-06 4.119828e-08)
(0.0009835214 -4.820617e-06 3.851859e-08)
(0.0009841454 -4.633658e-06 3.555378e-08)
(0.0009847385 -4.46036e-06 3.242156e-08)
(0.0009853023 -4.299237e-06 2.921582e-08)
(0.0009858387 -4.148971e-06 2.601123e-08)
(0.0009863491 -4.008388e-06 2.286729e-08)
(0.0009868353 -3.876449e-06 1.983271e-08)
(0.0009872985 -3.752234e-06 1.694793e-08)
(0.0009877402 -3.634932e-06 1.425666e-08)
(0.0009881616 -3.523837e-06 1.179131e-08)
(0.0009885641 -3.418347e-06 9.65202e-09)
(0.000980483 -7.326575e-06 -1.206379e-08)
(0.0009810687 -6.953641e-06 -9.677925e-09)
(0.0009816163 -6.612888e-06 -8.621297e-09)
(0.0009821279 -6.300954e-06 -8.555789e-09)
(0.0009826054 -6.014802e-06 -9.210156e-09)
(0.000983051 -5.751702e-06 -1.036917e-08)
(0.0009834665 -5.509201e-06 -1.186492e-08)
(0.000983854 -5.285103e-06 -1.356577e-08)
(0.0009842153 -5.077447e-06 -1.536836e-08)
(0.0009845522 -4.884482e-06 -1.719223e-08)
(0.0009848665 -4.70465e-06 -1.897524e-08)
(0.0009851596 -4.536562e-06 -2.066966e-08)
(0.0009854332 -4.378989e-06 -2.223798e-08)
(0.0009856886 -4.230839e-06 -2.365053e-08)
(0.0009859273 -4.091145e-06 -2.487549e-08)
(0.0009861504 -3.959065e-06 -2.589024e-08)
(0.000986359 -3.833877e-06 -2.661895e-08)
(0.0009802139 -7.9958e-06 -1.128372e-07)
(0.0009804165 -7.568463e-06 -1.075592e-07)
(0.0009805917 -7.178292e-06 -1.035058e-07)
(0.0009807412 -6.82142e-06 -1.003631e-07)
(0.0009808672 -6.494362e-06 -9.788246e-08)
(0.0009809713 -6.193987e-06 -9.586942e-08)
(0.0009810555 -5.917484e-06 -9.417518e-08)
(0.0009811216 -5.66234e-06 -9.268555e-08)
(0.0009811711 -5.426307e-06 -9.131303e-08)
(0.0009812059 -5.207376e-06 -8.999148e-08)
(0.0009812272 -5.003758e-06 -8.867173e-08)
(0.0009812366 -4.813857e-06 -8.731778e-08)
(0.0009812354 -4.636256e-06 -8.590327e-08)
(0.0009812247 -4.469693e-06 -8.440901e-08)
(0.0009812057 -4.313048e-06 -8.281615e-08)
(0.0009811794 -4.165343e-06 -8.111169e-08)
(0.0009811467 -4.025733e-06 -7.925552e-08)
(0.0009762216 -8.242327e-06 -2.707503e-07)
(0.0009759157 -7.773555e-06 -2.5868e-07)
(0.0009756023 -7.346587e-06 -2.479354e-07)
(0.0009752825 -6.95705e-06 -2.382206e-07)
(0.0009749577 -6.601013e-06 -2.293034e-07)
(0.0009746293 -6.274946e-06 -2.210044e-07)
(0.0009742984 -5.975691e-06 -2.131881e-07)
(0.0009739662 -5.700416e-06 -2.057514e-07)
(0.0009736339 -5.446593e-06 -1.986166e-07)
(0.0009733023 -5.211964e-06 -1.917257e-07)
(0.0009729725 -4.994512e-06 -1.850362e-07)
(0.0009726453 -4.792442e-06 -1.785179e-07)
(0.0009723213 -4.604154e-06 -1.721495e-07)
(0.0009720012 -4.428225e-06 -1.659167e-07)
(0.0009716856 -4.26339e-06 -1.598094e-07)
(0.000971375 -4.10854e-06 -1.538195e-07)
(0.0009710696 -3.962717e-06 -1.4795e-07)
(0.000965563 -7.976743e-06 -4.861495e-07)
(0.0009646497 -7.488472e-06 -4.622878e-07)
(0.0009637602 -7.045738e-06 -4.402203e-07)
(0.0009628944 -6.64367e-06 -4.196439e-07)
(0.0009620521 -6.277904e-06 -4.003218e-07)
(0.0009612332 -5.944533e-06 -3.820701e-07)
(0.0009604374 -5.640064e-06 -3.647481e-07)
(0.0009596648 -5.361379e-06 -3.48247e-07)
(0.000958915 -5.105695e-06 -3.324826e-07)
(0.0009581878 -4.870532e-06 -3.173897e-07)
(0.000957483 -4.653678e-06 -3.02918e-07)
(0.0009568002 -4.45317e-06 -2.890288e-07)
(0.000956139 -4.267257e-06 -2.756925e-07)
(0.0009554992 -4.094389e-06 -2.628873e-07)
(0.0009548802 -3.933187e-06 -2.50601e-07)
(0.0009542817 -3.782448e-06 -2.388201e-07)
(0.0009537028 -3.641126e-06 -2.275885e-07)
(0.0009442702 -7.160155e-06 -7.396821e-07)
(0.0009427244 -6.68468e-06 -6.993554e-07)
(0.0009412444 -6.256443e-06 -6.617316e-07)
(0.000939827 -5.870171e-06 -6.264635e-07)
(0.0009384694 -5.521164e-06 -5.932778e-07)
(0.0009371692 -5.205235e-06 -5.619575e-07)
(0.0009359237 -4.918657e-06 -5.3233e-07)
(0.0009347307 -4.658121e-06 -5.04256e-07)
(0.0009335879 -4.420685e-06 -4.776217e-07)
(0.0009324931 -4.203739e-06 -4.52333e-07)
(0.0009314443 -4.004971e-06 -4.283112e-07)
(0.0009304395 -3.822333e-06 -4.054896e-07)
(0.0009294768 -3.654015e-06 -3.838123e-07)
(0.0009285543 -3.498415e-06 -3.63233e-07)
(0.0009276702 -3.35412e-06 -3.437207e-07)
(0.0009268229 -3.2199e-06 -3.252425e-07)
(0.0009260103 -3.094697e-06 -3.078685e-07)
(0.0009074138 -5.844645e-06 -9.902681e-07)
(0.0009053277 -5.421677e-06 -9.312558e-07)
(0.0009033524 -5.044158e-06 -8.761721e-07)
(0.0009014813 -4.706697e-06 -8.245987e-07)
(0.0008997078 -4.404524e-06 -7.762011e-07)
(0.0008980261 -4.133419e-06 -7.307059e-07)
(0.0008964307 -3.889656e-06 -6.878861e-07)
(0.0008949166 -3.669948e-06 -6.475504e-07)
(0.0008934789 -3.471399e-06 -6.095349e-07)
(0.0008921131 -3.291457e-06 -5.73697e-07)
(0.0008908152 -3.127882e-06 -5.39911e-07)
(0.0008895811 -2.978704e-06 -5.080649e-07)
(0.0008884073 -2.842195e-06 -4.780596e-07)
(0.0008872902 -2.716843e-06 -4.498083e-07)
(0.0008862266 -2.601323e-06 -4.232459e-07)
(0.0008852136 -2.494489e-06 -3.983062e-07)
(0.0008842477 -2.395373e-06 -3.750613e-07)
(0.0008491723 -4.199309e-06 -1.186411e-06)
(0.0008467673 -3.867114e-06 -1.110613e-06)
(0.0008445103 -3.574032e-06 -1.039962e-06)
(0.0008423902 -3.315072e-06 -9.739787e-07)
(0.000840397 -3.085851e-06 -9.122707e-07)
(0.0008385217 -2.88253e-06 -8.545068e-07)
(0.0008367557 -2.701753e-06 -8.004016e-07)
(0.0008350916 -2.540584e-06 -7.497059e-07)
(0.000833522 -2.396468e-06 -7.021988e-07)
(0.0008320405 -2.267175e-06 -6.576815e-07)
(0.0008306411 -2.15077e-06 -6.159732e-07)
(0.0008293182 -2.045569e-06 -5.769092e-07)
(0.0008280667 -1.950112e-06 -5.403396e-07)
(0.0008268818 -1.863137e-06 -5.061296e-07)
(0.0008257592 -1.783552e-06 -4.741708e-07)
(0.0008246948 -1.71042e-06 -4.443572e-07)
(0.0008236843 -1.642967e-06 -4.16734e-07)
(0.0007625578 -2.496337e-06 -1.283783e-06)
(0.0007601504 -2.278715e-06 -1.197336e-06)
(0.0007579069 -2.089689e-06 -1.116892e-06)
(0.0007558137 -1.925288e-06 -1.041954e-06)
(0.0007538584 -1.782057e-06 -9.720997e-07)
(0.0007520299 -1.657001e-06 -9.069619e-07)
(0.0007503179 -1.547532e-06 -8.462122e-07)
(0.0007487133 -1.451416e-06 -7.89555e-07)
(0.0007472077 -1.366734e-06 -7.367211e-07)
(0.0007457935 -1.291833e-06 -6.874631e-07)
(0.0007444636 -1.225298e-06 -6.415523e-07)
(0.0007432118 -1.165917e-06 -5.987771e-07)
(0.0007420323 -1.112655e-06 -5.589426e-07)
(0.0007409197 -1.06463e-06 -5.218715e-07)
(0.0007398692 -1.021092e-06 -4.874146e-07)
(0.0007388765 -9.814076e-07 -4.554307e-07)
(0.0007379368 -9.450684e-07 -4.259181e-07)
(0.0006381704 -1.056491e-06 -1.259685e-06)
(0.0006360988 -9.511039e-07 -1.171467e-06)
(0.0006341789 -8.61895e-07 -1.08953e-06)
(0.0006323967 -7.863678e-07 -1.013405e-06)
(0.0006307399 -7.223753e-07 -9.426801e-07)
(0.0006291975 -6.680814e-07 -8.769754e-07)
(0.0006277596 -6.219225e-07 -8.159435e-07)
(0.000626417 -5.825724e-07 -7.592639e-07)
(0.0006251619 -5.48909e-07 -7.066392e-07)
(0.0006239869 -5.199851e-07 -6.577928e-07)
(0.0006228855 -4.950037e-07 -6.124668e-07)
(0.0006218517 -4.732954e-07 -5.704216e-07)
(0.0006208801 -4.543011e-07 -5.314355e-07)
(0.0006199659 -4.37555e-07 -4.953056e-07)
(0.0006191046 -4.226743e-07 -4.618552e-07)
(0.0006182923 -4.093377e-07 -4.309208e-07)
(0.0006175248 -3.972999e-07 -4.024504e-07)
(0.0004608561 -1.461661e-07 -1.083071e-06)
(0.0004594131 -1.22023e-07 -1.004801e-06)
(0.000458081 -1.033502e-07 -9.323562e-07)
(0.0004568489 -8.913085e-08 -8.65314e-07)
(0.0004557074 -7.851011e-08 -8.032847e-07)
(0.0004546479 -7.077442e-08 -7.459048e-07)
(0.000453663 -6.533171e-08 -6.928356e-07)
(0.0004527457 -6.169358e-08 -6.437624e-07)
(0.0004518901 -5.945882e-08 -5.983924e-07)
(0.0004510908 -5.82996e-08 -5.564533e-07)
(0.0004503429 -5.794941e-08 -5.17692e-07)
(0.000449642 -5.819354e-08 -4.818738e-07)
(0.0004489843 -5.886105e-08 -4.487826e-07)
(0.0004483662 -5.981867e-08 -4.182216e-07)
(0.0004477845 -6.096663e-08 -3.900177e-07)
(0.0004472363 -6.222464e-08 -3.640185e-07)
(0.0004467188 -6.354668e-08 -3.401599e-07)
(0.0002016326 9.771964e-08 -6.170091e-07)
(0.0002010574 9.199799e-08 -5.709502e-07)
(0.000200528 8.634815e-08 -5.28595e-07)
(0.0002000398 8.083725e-08 -4.896493e-07)
(0.0001995886 7.551325e-08 -4.538393e-07)
(0.0001991707 7.040952e-08 -4.20911e-07)
(0.0001987829 6.554785e-08 -3.906298e-07)
(0.0001984225 6.094076e-08 -3.627797e-07)
(0.0001980867 5.659384e-08 -3.37162e-07)
(0.0001977734 5.250711e-08 -3.135938e-07)
(0.0001974805 4.867653e-08 -2.919071e-07)
(0.0001972062 4.509457e-08 -2.719476e-07)
(0.000196949 4.175102e-08 -2.535744e-07)
(0.0001967074 3.863284e-08 -2.366591e-07)
(0.00019648 3.572507e-08 -2.210862e-07)
(0.0001962657 3.301972e-08 -2.0675e-07)
(0.0001960633 3.047403e-08 -1.935703e-07)
(0.0003632162 1.742956e-07 1.070555e-08)
(0.0003635152 1.648893e-07 1.082338e-08)
(0.0003638036 1.567124e-07 1.081622e-08)
(0.000364082 1.496042e-07 1.070822e-08)
(0.0003643511 1.434208e-07 1.051768e-08)
(0.0003646115 1.380343e-07 1.026333e-08)
(0.0003648638 1.333312e-07 9.960738e-09)
(0.0003651086 1.292117e-07 9.622242e-09)
(0.0003653463 1.255878e-07 9.258153e-09)
(0.0003655774 1.223824e-07 8.877177e-09)
(0.0003658023 1.195285e-07 8.486609e-09)
(0.0003660213 1.169678e-07 8.09261e-09)
(0.0003662349 1.146498e-07 7.700516e-09)
(0.0003664433 1.125312e-07 7.315428e-09)
(0.0003666468 1.10575e-07 6.941969e-09)
(0.0003668456 1.087498e-07 6.590027e-09)
(0.0003670399 1.070293e-07 6.270116e-09)
(0.00036723 1.053928e-07 6.004278e-09)
(0.0003632162 -1.742899e-07 1.070555e-08)
(0.0003635152 -1.648831e-07 1.082338e-08)
(0.0003638036 -1.567057e-07 1.081622e-08)
(0.000364082 -1.495969e-07 1.070822e-08)
(0.0003643511 -1.434128e-07 1.051768e-08)
(0.0003646115 -1.380257e-07 1.026333e-08)
(0.0003648638 -1.33322e-07 9.960743e-09)
(0.0003651086 -1.292017e-07 9.62225e-09)
(0.0003653463 -1.25577e-07 9.258164e-09)
(0.0003655774 -1.223708e-07 8.877192e-09)
(0.0003658023 -1.19516e-07 8.486627e-09)
(0.0003660214 -1.169543e-07 8.092631e-09)
(0.0003662349 -1.146352e-07 7.700538e-09)
(0.0003664433 -1.125155e-07 7.315451e-09)
(0.0003666468 -1.105581e-07 6.94199e-09)
(0.0003668456 -1.087315e-07 6.590046e-09)
(0.0003670399 -1.070097e-07 6.270128e-09)
(0.00036723 -1.053717e-07 6.004289e-09)
(0.0003634445 -5.163656e-07 1.09231e-08)
(0.000363734 -4.884603e-07 1.099436e-08)
(0.000364013 -4.641991e-07 1.094373e-08)
(0.0003642823 -4.431035e-07 1.07953e-08)
(0.0003645425 -4.24746e-07 1.056728e-08)
(0.0003647941 -4.087464e-07 1.027829e-08)
(0.0003650376 -3.947685e-07 9.943834e-09)
(0.0003652736 -3.825156e-07 9.576133e-09)
(0.0003655027 -3.717272e-07 9.185394e-09)
(0.0003657251 -3.621753e-07 8.780223e-09)
(0.0003659413 -3.536615e-07 8.367801e-09)
(0.0003661517 -3.460133e-07 7.954183e-09)
(0.0003663565 -3.39082e-07 7.544585e-09)
(0.0003665562 -3.327396e-07 7.143999e-09)
(0.0003667509 -3.268767e-07 6.756917e-09)
(0.0003669409 -3.21401e-07 6.3931e-09)
(0.0003671264 -3.162353e-07 6.062773e-09)
(0.0003673076 -3.113185e-07 5.787807e-09)
(0.0003641512 -7.929274e-07 1.10893e-08)
(0.0003644096 -7.533733e-07 1.095353e-08)
(0.0003646586 -7.189646e-07 1.072716e-08)
(0.0003648987 -6.890018e-07 1.042804e-08)
(0.0003651306 -6.628643e-07 1.007452e-08)
(0.0003653545 -6.400037e-07 9.681791e-09)
(0.0003655712 -6.199373e-07 9.261757e-09)
(0.0003657809 -6.022417e-07 8.824314e-09)
(0.000365984 -5.865473e-07 8.377759e-09)
(0.000366181 -5.725322e-07 7.928965e-09)
(0.0003663723 -5.599176e-07 7.48368e-09)
(0.000366558 -5.48463e-07 7.046814e-09)
(0.0003667385 -5.379618e-07 6.623045e-09)
(0.0003669141 -5.282379e-07 6.216546e-09)
(0.000367085 -5.191423e-07 5.836688e-09)
(0.0003672514 -5.105515e-07 5.493105e-09)
(0.0003674136 -5.023681e-07 5.20664e-09)
(0.0003647115 -1.063856e-06 1.051655e-08)
(0.0003649335 -1.010274e-06 1.026697e-08)
(0.0003651468 -9.636345e-07 9.939882e-09)
(0.0003653517 -9.229851e-07 9.552256e-09)
(0.0003655487 -8.874843e-07 9.121679e-09)
(0.0003657384 -8.5639e-07 8.662569e-09)
(0.000365921 -8.290505e-07 8.186091e-09)
(0.0003660969 -8.048955e-07 7.701412e-09)
(0.0003662667 -7.834278e-07 7.216132e-09)
(0.0003664305 -7.642156e-07 6.736452e-09)
(0.0003665888 -7.468849e-07 6.267466e-09)
(0.0003667418 -7.31114e-07 5.813443e-09)
(0.0003668898 -7.166266e-07 5.378417e-09)
(0.0003670331 -7.031875e-07 4.965911e-09)
(0.000367172 -6.905982e-07 4.584447e-09)
(0.0003673066 -6.78695e-07 4.242705e-09)
(0.0003674373 -6.673501e-07 3.958362e-09)
(0.0003652934 -1.284603e-06 8.209443e-09)
(0.0003654566 -1.218704e-06 7.860818e-09)
(0.0003656122 -1.161312e-06 7.454459e-09)
(0.0003657605 -1.111252e-06 7.005536e-09)
(0.0003659019 -1.067487e-06 6.530066e-09)
(0.0003660368 -1.029107e-06 6.04095e-09)
(0.0003661654 -9.953126e-07 5.547893e-09)
(0.0003662883 -9.654074e-07 5.058689e-09)
(0.0003664057 -9.387851e-07 4.57966e-09)
(0.0003665179 -9.149195e-07 4.115795e-09)
(0.0003666253 -8.933563e-07 3.671043e-09)
(0.0003667282 -8.737042e-07 3.248574e-09)
(0.0003668269 -8.556282e-07 2.851328e-09)
(0.0003669215 -8.388429e-07 2.481733e-09)
(0.0003670124 -8.231078e-07 2.146777e-09)
(0.0003670999 -8.082258e-07 1.85381e-09)
(0.000367184 -7.940448e-07 1.613349e-09)
(0.0003656591 -1.436382e-06 2.546318e-09)
(0.0003657331 -1.360365e-06 2.212006e-09)
(0.0003658016 -1.294166e-06 1.84324e-09)
(0.0003658649 -1.23642e-06 1.452264e-09)
(0.0003659232 -1.185926e-06 1.052513e-09)
(0.0003659769 -1.141632e-06 6.544595e-10)
(0.0003660263 -1.102618e-06 2.655623e-10)
(0.0003660717 -1.068084e-06 -1.08446e-10)
(0.0003661134 -1.037333e-06 -4.631223e-10)
(0.0003661517 -1.009761e-06 -7.952158e-10)
(0.0003661868 -9.848495e-07 -1.102377e-09)
(0.000366219 -9.621488e-07 -1.382959e-09)
(0.0003662487 -9.412757e-07 -1.635512e-09)
(0.000366276 -9.219035e-07 -1.859118e-09)
(0.0003663011 -9.03757e-07 -2.04909e-09)
(0.0003663242 -8.866117e-07 -2.199645e-09)
(0.0003663456 -8.702963e-07 -2.313443e-09)
(0.0003653886 -1.499799e-06 -8.460858e-09)
(0.0003653358 -1.416541e-06 -8.50005e-09)
(0.0003652816 -1.344148e-06 -8.557966e-09)
(0.0003652261 -1.281099e-06 -8.625704e-09)
(0.0003651695 -1.226063e-06 -8.693024e-09)
(0.000365112 -1.177872e-06 -8.752338e-09)
(0.0003650537 -1.135512e-06 -8.798817e-09)
(0.0003649949 -1.098097e-06 -8.829021e-09)
(0.0003649357 -1.06486e-06 -8.840625e-09)
(0.0003648763 -1.035136e-06 -8.832163e-09)
(0.0003648169 -1.008352e-06 -8.803004e-09)
(0.0003647577 -9.840142e-07 -8.752918e-09)
(0.0003646989 -9.617e-07 -8.682086e-09)
(0.0003646406 -9.410496e-07 -8.590994e-09)
(0.0003645828 -9.21759e-07 -8.477971e-09)
(0.0003645258 -9.035825e-07 -8.338443e-09)
(0.0003644696 -8.863336e-07 -8.195908e-09)
(0.0003638078 -1.45862e-06 -2.656502e-08)
(0.0003635892 -1.371985e-06 -2.581315e-08)
(0.0003633762 -1.296975e-06 -2.509254e-08)
(0.0003631688 -1.231948e-06 -2.439621e-08)
(0.0003629667 -1.175466e-06 -2.371611e-08)
(0.0003627698 -1.126276e-06 -2.304669e-08)
(0.0003625781 -1.083287e-06 -2.238468e-08)
(0.0003623915 -1.045551e-06 -2.172805e-08)
(0.0003622099 -1.012246e-06 -2.107551e-08)
(0.0003620334 -9.826613e-07 -2.042659e-08)
(0.0003618618 -9.561827e-07 -1.978128e-08)
(0.0003616952 -9.322833e-07 -1.914011e-08)
(0.0003615334 -9.105117e-07 -1.850379e-08)
(0.0003613764 -8.904837e-07 -1.787384e-08)
(0.0003612241 -8.718749e-07 -1.725098e-08)
(0.0003610764 -8.544241e-07 -1.663155e-08)
(0.0003609333 -8.379346e-07 -1.606622e-08)
(0.0003599312 -1.305582e-06 -5.213959e-08)
(0.0003595174 -1.220716e-06 -4.992665e-08)
(0.0003591199 -1.147865e-06 -4.78115e-08)
(0.000358738 -1.085295e-06 -4.578418e-08)
(0.0003583708 -1.031495e-06 -4.383531e-08)
(0.0003580179 -9.851497e-07 -4.1958e-08)
(0.0003576785 -9.451183e-07 -4.014761e-08)
(0.0003573522 -9.104108e-07 -3.840066e-08)
(0.0003570384 -8.801707e-07 -3.671449e-08)
(0.0003567366 -8.536593e-07 -3.508709e-08)
(0.0003564465 -8.30241e-07 -3.351702e-08)
(0.0003561674 -8.093709e-07 -3.200326e-08)
(0.0003558992 -7.905838e-07 -3.054545e-08)
(0.0003556412 -7.734846e-07 -2.914401e-08)
(0.0003553931 -7.577416e-07 -2.780117e-08)
(0.0003551546 -7.430877e-07 -2.651223e-08)
(0.000354925 -7.293249e-07 -2.535925e-08)
(0.0003524398 -1.049111e-06 -8.310057e-08)
(0.0003518258 -9.724143e-07 -7.876075e-08)
(0.0003512417 -9.075687e-07 -7.4654e-08)
(0.0003506859 -8.52797e-07 -7.076e-08)
(0.0003501568 -8.065572e-07 -6.706228e-08)
(0.0003496527 -7.675136e-07 -6.354751e-08)
(0.0003491723 -7.345113e-07 -6.020497e-08)
(0.0003487143 -7.065538e-07 -5.702557e-08)
(0.0003482776 -6.827835e-07 -5.400144e-08)
(0.000347861 -6.624644e-07 -5.112564e-08)
(0.0003474635 -6.449675e-07 -4.839202e-08)
(0.000347084 -6.297568e-07 -4.579516e-08)
(0.0003467216 -6.163778e-07 -4.333074e-08)
(0.0003463755 -6.044478e-07 -4.099576e-08)
(0.0003460448 -5.936475e-07 -3.879137e-08)
(0.0003457287 -5.837218e-07 -3.671014e-08)
(0.0003454261 -5.744835e-07 -3.486308e-08)
(0.0003396941 -7.178543e-07 -1.143986e-07)
(0.0003389119 -6.562632e-07 -1.075656e-07)
(0.0003381742 -6.055559e-07 -1.011564e-07)
(0.0003374779 -5.639966e-07 -9.513388e-08)
(0.0003368202 -5.30089e-07 -8.946888e-08)
(0.0003361985 -5.025464e-07 -8.413668e-08)
(0.0003356105 -4.802646e-07 -7.911602e-08)
(0.000335054 -4.622994e-07 -7.438825e-08)
(0.0003345269 -4.478457e-07 -6.993665e-08)
(0.0003340273 -4.362197e-07 -6.574606e-08)
(0.0003335536 -4.26843e-07 -6.180262e-08)
(0.0003331041 -4.192286e-07 -5.809375e-08)
(0.0003326773 -4.12969e-07 -5.460862e-08)
(0.0003322719 -4.077255e-07 -5.13384e-08)
(0.0003318865 -4.032201e-07 -4.828043e-08)
(0.0003315199 -3.992327e-07 -4.542321e-08)
(0.0003311706 -3.956048e-07 -4.289739e-08)
(0.0003197339 -3.615899e-07 -1.396974e-07)
(0.0003188558 -3.20889e-07 -1.305439e-07)
(0.0003180339 -2.891127e-07 -1.220138e-07)
(0.0003172638 -2.64705e-07 -1.140525e-07)
(0.0003165413 -2.463366e-07 -1.066171e-07)
(0.0003158629 -2.328764e-07 -9.966973e-08)
(0.0003152253 -2.233659e-07 -9.317718e-08)
(0.0003146255 -2.169964e-07 -8.710965e-08)
(0.0003140606 -2.130882e-07 -8.144006e-08)
(0.0003135282 -2.110732e-07 -7.614353e-08)
(0.0003130259 -2.104789e-07 -7.119716e-08)
(0.0003125516 -2.109151e-07 -6.65799e-08)
(0.0003121034 -2.120621e-07 -6.227313e-08)
(0.0003116795 -2.1366e-07 -5.826096e-08)
(0.0003112781 -2.155014e-07 -5.453477e-08)
(0.0003108977 -2.174248e-07 -5.107869e-08)
(0.0003105367 -2.193169e-07 -4.802829e-08)
(0.0002901372 -4.545396e-08 -1.536089e-07)
(0.000289265 -2.780352e-08 -1.428693e-07)
(0.0002884539 -1.623907e-08 -1.329083e-07)
(0.0002876984 -9.550706e-09 -1.236597e-07)
(0.0002869938 -6.718248e-09 -1.150697e-07)
(0.0002863359 -6.887294e-09 -1.070898e-07)
(0.0002857206 -9.346806e-09 -9.96764e-08)
(0.0002851447 -1.350875e-08 -9.278989e-08)
(0.0002846048 -1.888999e-08 -8.639394e-08)
(0.0002840981 -2.509638e-08 -8.045491e-08)
(0.0002836221 -3.180911e-08 -7.494172e-08)
(0.0002831743 -3.877293e-08 -6.982572e-08)
(0.0002827526 -4.578623e-08 -6.508122e-08)
(0.000282355 -5.269236e-08 -6.068589e-08)
(0.0002819798 -5.937263e-08 -5.662476e-08)
(0.0002816252 -6.573806e-08 -5.28788e-08)
(0.0002812894 -7.172989e-08 -4.957277e-08)
(0.0002474726 1.584448e-07 -1.551493e-07)
(0.0002467156 1.570057e-07 -1.438137e-07)
(0.0002460152 1.526187e-07 -1.333375e-07)
(0.000245366 1.460193e-07 -1.236521e-07)
(0.0002447635 1.378152e-07 -1.146979e-07)
(0.0002442031 1.285029e-07 -1.064201e-07)
(0.0002436813 1.184841e-07 -9.876841e-08)
(0.0002431946 1.080799e-07 -9.169637e-08)
(0.00024274 9.754432e-08 -8.516111e-08)
(0.0002423146 8.707571e-08 -7.912284e-08)
(0.0002419161 7.682617e-08 -7.354474e-08)
(0.0002415423 6.69096e-08 -6.83929e-08)
(0.0002411911 5.740841e-08 -6.36367e-08)
(0.0002408607 4.837913e-08 -5.924917e-08)
(0.0002405495 3.985727e-08 -5.520961e-08)
(0.0002402559 3.186533e-08 -5.149735e-08)
(0.0002399783 2.441214e-08 -4.821594e-08)
(0.0001856271 1.980332e-07 -1.430408e-07)
(0.0001850832 1.879407e-07 -1.32231e-07)
(0.0001845821 1.773467e-07 -1.222933e-07)
(0.0001841195 1.665231e-07 -1.131568e-07)
(0.0001836915 1.556834e-07 -1.047569e-07)
(0.0001832949 1.449924e-07 -9.703413e-08)
(0.0001829265 1.345739e-07 -8.993361e-08)
(0.0001825838 1.245183e-07 -8.340492e-08)
(0.0001822644 1.14889e-07 -7.740158e-08)
(0.0001819663 1.057281e-07 -7.18809e-08)
(0.0001816875 9.706026e-08 -6.68036e-08)
(0.0001814263 8.889653e-08 -6.213386e-08)
(0.0001811813 8.123695e-08 -5.78394e-08)
(0.0001809511 7.407284e-08 -5.389203e-08)
(0.0001807344 6.738856e-08 -5.026873e-08)
(0.0001805302 6.11684e-08 -4.695225e-08)
(0.0001803373 5.539966e-08 -4.402651e-08)
(8.99582e-05 8.735939e-08 -1.020131e-07)
(8.972064e-05 8.120925e-08 -9.404535e-08)
(8.950264e-05 7.544636e-08 -8.67807e-08)
(8.930208e-05 7.006588e-08 -8.015613e-08)
(8.911714e-05 6.505722e-08 -7.411389e-08)
(8.89462e-05 6.040595e-08 -6.860088e-08)
(8.878785e-05 5.609501e-08 -6.356873e-08)
(8.864085e-05 5.21057e-08 -5.897327e-08)
(8.85041e-05 4.841853e-08 -5.477446e-08)
(8.837664e-05 4.501378e-08 -5.093577e-08)
(8.825759e-05 4.18718e-08 -4.742423e-08)
(8.814619e-05 3.897343e-08 -4.420979e-08)
(8.804177e-05 3.629987e-08 -4.126572e-08)
(8.794369e-05 3.383305e-08 -3.856816e-08)
(8.785143e-05 3.155645e-08 -3.609659e-08)
(8.776445e-05 2.945913e-08 -3.383411e-08)
(8.768222e-05 2.751657e-08 -3.181429e-08)
(0.002375454 2.136441e-06 1.182906e-07)
(0.002378963 2.052629e-06 1.082502e-07)
(0.002382332 1.97258e-06 9.931252e-08)
(0.002385571 1.896129e-06 9.110371e-08)
(0.002388685 1.823098e-06 8.348682e-08)
(0.00239168 1.753313e-06 7.650532e-08)
(0.00239456 1.686608e-06 7.009888e-08)
(0.002375454 -2.136376e-06 1.182905e-07)
(0.002378963 -2.052559e-06 1.082502e-07)
(0.002382332 -1.972505e-06 9.931253e-08)
(0.002385571 -1.896049e-06 9.110369e-08)
(0.002388685 -1.823013e-06 8.34869e-08)
(0.00239168 -1.753224e-06 7.650551e-08)
(0.00239456 -1.686517e-06 7.009969e-08)
(0.002376651 -6.359328e-06 1.134592e-07)
(0.002380072 -6.107144e-06 1.033904e-07)
(0.002383354 -5.866359e-06 9.44486e-08)
(0.002386504 -5.63647e-06 8.625573e-08)
(0.002389529 -5.416944e-06 7.86725e-08)
(0.002392434 -5.20726e-06 7.174017e-08)
(0.002395226 -5.00692e-06 6.539671e-08)
(0.002378692 -1.04216e-05 1.015675e-07)
(0.002381924 -9.999384e-06 9.157956e-08)
(0.002385015 -9.596535e-06 8.276092e-08)
(0.002387973 -9.212204e-06 7.472631e-08)
(0.002390807 -8.845495e-06 6.733131e-08)
(0.002393521 -8.49553e-06 6.061213e-08)
(0.00239612 -8.161459e-06 5.450204e-08)
(0.002380753 -1.418048e-05 7.816491e-08)
(0.002383663 -1.358743e-05 6.867052e-08)
(0.002386433 -1.302232e-05 6.038791e-08)
(0.002389072 -1.248389e-05 5.292545e-08)
(0.002391588 -1.197086e-05 4.613217e-08)
(0.002393987 -1.148196e-05 4.003523e-08)
(0.002396274 -1.101596e-05 3.456155e-08)
(0.002381301 -1.744703e-05 3.70395e-08)
(0.002383722 -1.668673e-05 2.894685e-08)
(0.002386011 -1.596369e-05 2.207152e-08)
(0.002388175 -1.527617e-05 1.602401e-08)
(0.002390224 -1.462245e-05 1.064795e-08)
(0.002392163 -1.40008e-05 5.956719e-09)
(0.002394 -1.340953e-05 1.8705e-09)
(0.002377783 -1.998566e-05 -2.866304e-08)
(0.002379527 -1.90713e-05 -3.377961e-08)
(0.002381153 -1.820416e-05 -3.777041e-08)
(0.002382673 -1.738191e-05 -4.100313e-08)
(0.002384092 -1.660228e-05 -4.36341e-08)
(0.002385419 -1.586299e-05 -4.566771e-08)
(0.002386659 -1.516182e-05 -4.718731e-08)
(0.002366297 -2.153691e-05 -1.240051e-07)
(0.002367181 -2.049737e-05 -1.23855e-07)
(0.002367977 -1.9515e-05 -1.22857e-07)
(0.002368694 -1.858673e-05 -1.213198e-07)
(0.00236934 -1.770966e-05 -1.193845e-07)
(0.002369921 -1.688083e-05 -1.170722e-07)
(0.002370442 -1.60974e-05 -1.144604e-07)
(0.002341341 -2.186959e-05 -2.490794e-07)
(0.002341238 -2.075403e-05 -2.40922e-07)
(0.002341092 -1.970418e-05 -2.324517e-07)
(0.00234091 -1.871615e-05 -2.238714e-07)
(0.002340696 -1.778635e-05 -2.152859e-07)
(0.002340455 -1.691113e-05 -2.067263e-07)
(0.002340192 -1.6087e-05 -1.982493e-07)
(0.002295709 -2.085597e-05 -3.95435e-07)
(0.002294604 -1.973351e-05 -3.766938e-07)
(0.002293513 -1.868189e-05 -3.584656e-07)
(0.002292437 -1.769654e-05 -3.407964e-07)
(0.002291379 -1.67732e-05 -3.237307e-07)
(0.00229034 -1.590766e-05 -3.072939e-07)
(0.002289322 -1.50959e-05 -2.915013e-07)
(0.002220537 -1.854846e-05 -5.452076e-07)
(0.00221857 -1.750015e-05 -5.143713e-07)
(0.002216674 -1.652246e-05 -4.851088e-07)
(0.002214846 -1.561044e-05 -4.57273e-07)
(0.002213085 -1.475945e-05 -4.308283e-07)
(0.00221139 -1.396499e-05 -4.057732e-07)
(0.002209758 -1.322281e-05 -3.820609e-07)
(0.002105375 -1.521861e-05 -6.726458e-07)
(0.002102835 -1.432197e-05 -6.302277e-07)
(0.002100413 -1.348934e-05 -5.905127e-07)
(0.002098104 -1.271592e-05 -5.531569e-07)
(0.0020959 -1.199712e-05 -5.180398e-07)
(0.002093796 -1.132858e-05 -4.851119e-07)
(0.002091789 -1.070628e-05 -4.542526e-07)
(0.001937978 -1.133073e-05 -7.531008e-07)
(0.001935253 -1.064115e-05 -7.019696e-07)
(0.001932673 -1.000327e-05 -6.545112e-07)
(0.001930226 -9.412989e-06 -6.102232e-07)
(0.001927905 -8.86629e-06 -5.689149e-07)
(0.001925703 -8.359454e-06 -5.30474e-07)
(0.001923611 -7.8891e-06 -4.947086e-07)
(0.001703539 -7.435536e-06 -7.670285e-07)
(0.001701024 -6.972761e-06 -7.122958e-07)
(0.001698652 -6.546089e-06 -6.61793e-07)
(0.001696412 -6.152547e-06 -6.149411e-07)
(0.001694294 -5.789053e-06 -5.715109e-07)
(0.00169229 -5.452894e-06 -5.3133e-07)
(0.001690393 -5.141643e-06 -4.941552e-07)
(0.001383204 -4.041715e-06 -7.117019e-07)
(0.001381214 -3.78664e-06 -6.594116e-07)
(0.001379341 -3.552268e-06 -6.113742e-07)
(0.001377576 -3.336749e-06 -5.670192e-07)
(0.00137591 -3.138085e-06 -5.26112e-07)
(0.001374336 -2.954667e-06 -4.88437e-07)
(0.001372847 -2.785088e-06 -4.53732e-07)
(0.0009521811 -1.506726e-06 -5.67529e-07)
(0.0009509101 -1.410943e-06 -5.25319e-07)
(0.000949715 -1.323337e-06 -4.866977e-07)
(0.0009485889 -1.243018e-06 -4.511763e-07)
(0.0009475266 -1.169034e-06 -4.185411e-07)
(0.0009465232 -1.100764e-06 -3.885775e-07)
(0.0009455744 -1.037673e-06 -3.610546e-07)
(0.0003782124 -1.032701e-07 -3.059722e-07)
(0.0003777626 -9.666922e-08 -2.836179e-07)
(0.0003773394 -9.077323e-08 -2.631564e-07)
(0.0003769403 -8.537254e-08 -2.443586e-07)
(0.0003765633 -8.035687e-08 -2.271217e-07)
(0.000376207 -7.571404e-08 -2.113132e-07)
(0.0003758698 -7.14168e-08 -1.968039e-07)
(0.002188204 1.780173e-06 1.564777e-07)
(0.002191161 1.711775e-06 1.443913e-07)
(0.002194002 1.646524e-06 1.331446e-07)
(0.002196734 1.584256e-06 1.228761e-07)
(0.002199363 1.524802e-06 1.133353e-07)
(0.002201894 1.468e-06 1.044601e-07)
(0.002204329 1.413702e-06 9.622171e-08)
(0.002188204 -1.780111e-06 1.564777e-07)
(0.002191161 -1.711708e-06 1.443913e-07)
(0.002194002 -1.646453e-06 1.331446e-07)
(0.002196734 -1.58418e-06 1.228762e-07)
(0.002199364 -1.524721e-06 1.133355e-07)
(0.002201894 -1.467916e-06 1.044605e-07)
(0.002204329 -1.413614e-06 9.622246e-08)
(0.002189202 -5.296178e-06 1.489491e-07)
(0.00219208 -5.090439e-06 1.368293e-07)
(0.002194842 -4.894223e-06 1.255857e-07)
(0.002197495 -4.707034e-06 1.153523e-07)
(0.002200044 -4.528366e-06 1.058734e-07)
(0.002202494 -4.357738e-06 9.708364e-08)
(0.002204849 -4.194697e-06 8.895121e-08)
(0.00219087 -8.67055e-06 1.305353e-07)
(0.002193578 -8.326325e-06 1.185629e-07)
(0.002196169 -7.998255e-06 1.075314e-07)
(0.00219865 -7.685503e-06 9.756434e-08)
(0.002201027 -7.387224e-06 8.839631e-08)
(0.002203306 -7.102607e-06 7.99551e-08)
(0.002205491 -6.830888e-06 7.220264e-08)
(0.002192447 -1.177991e-05 9.463103e-08)
(0.002194866 -1.129696e-05 8.345216e-08)
(0.002197171 -1.083724e-05 7.328341e-08)
(0.002199367 -1.039954e-05 6.423023e-08)
(0.002201463 -9.982661e-06 5.601582e-08)
(0.002203462 -9.585442e-06 4.855824e-08)
(0.002205369 -9.206781e-06 4.181029e-08)
(0.002192532 -1.44642e-05 3.215403e-08)
(0.002194519 -1.384607e-05 2.316196e-08)
(0.002196396 -1.325881e-05 1.520411e-08)
(0.002198173 -1.270077e-05 8.358371e-09)
(0.002199855 -1.217035e-05 2.341866e-09)
(0.002201448 -1.166601e-05 -2.937641e-09)
(0.002202958 -1.118626e-05 -7.537658e-09)
(0.002188819 -1.65276e-05 -6.659161e-08)
(0.002190209 -1.578586e-05 -7.101803e-08)
(0.002191505 -1.508307e-05 -7.451709e-08)
(0.002192714 -1.441706e-05 -7.704483e-08)
(0.002193844 -1.378577e-05 -7.887355e-08)
(0.0021949 -1.318719e-05 -8.010074e-08)
(0.002195886 -1.261937e-05 -8.07911e-08)
(0.002177812 -1.775878e-05 -2.083171e-07)
(0.002178449 -1.691784e-05 -2.047999e-07)
(0.002179019 -1.612382e-05 -2.007047e-07)
(0.002179528 -1.537392e-05 -1.960201e-07)
(0.002179982 -1.466556e-05 -1.909772e-07)
(0.002180387 -1.399618e-05 -1.856655e-07)
(0.002180746 -1.336335e-05 -1.801462e-07)
(0.002154602 -1.797452e-05 -3.919636e-07)
(0.002154381 -1.707507e-05 -3.765212e-07)
(0.002154132 -1.622926e-05 -3.612059e-07)
(0.002153859 -1.543361e-05 -3.460217e-07)
(0.002153567 -1.4685e-05 -3.311129e-07)
(0.002153258 -1.398033e-05 -3.165366e-07)
(0.002152936 -1.331663e-05 -3.0233e-07)
(0.002112771 -1.708071e-05 -6.039365e-07)
(0.002111684 -1.617915e-05 -5.729555e-07)
(0.002110618 -1.53351e-05 -5.432094e-07)
(0.002109573 -1.454453e-05 -5.146834e-07)
(0.00210855 -1.380382e-05 -4.873852e-07)
(0.002107551 -1.310943e-05 -4.613075e-07)
(0.002106577 -1.245798e-05 -4.364358e-07)
(0.002044402 -1.51325e-05 -8.170435e-07)
(0.002042572 -1.429417e-05 -7.686255e-07)
(0.002040813 -1.351282e-05 -7.228775e-07)
(0.00203912 -1.278419e-05 -6.797192e-07)
(0.002037493 -1.210438e-05 -6.389839e-07)
(0.002035929 -1.146963e-05 -6.005699e-07)
(0.002034425 -1.087645e-05 -5.643822e-07)
(0.001940071 -1.236272e-05 -9.94342e-07)
(0.001937751 -1.164933e-05 -9.296158e-07)
(0.001935542 -1.098725e-05 -8.690898e-07)
(0.001933437 -1.037241e-05 -8.12575e-07)
(0.00193143 -9.801019e-06 -7.597248e-07)
(0.001929516 -9.269478e-06 -7.10327e-07)
(0.00192769 -8.774483e-06 -6.641888e-07)
(0.001788565 -9.156927e-06 -1.101074e-06)
(0.001786092 -8.611737e-06 -1.024622e-06)
(0.001783751 -8.107679e-06 -9.536693e-07)
(0.001781533 -7.641357e-06 -8.878932e-07)
(0.001779429 -7.209453e-06 -8.268045e-07)
(0.001777433 -6.808927e-06 -7.700878e-07)
(0.001775538 -6.437034e-06 -7.17455e-07)
(0.00157603 -5.967119e-06 -1.113889e-06)
(0.001573746 -5.604388e-06 -1.033214e-06)
(0.001571594 -5.27011e-06 -9.587592e-07)
(0.001569561 -4.961866e-06 -8.900884e-07)
(0.00156764 -4.677134e-06 -8.266452e-07)
(0.001565823 -4.413711e-06 -7.68046e-07)
(0.001564102 -4.169652e-06 -7.139348e-07)
(0.001284347 -3.2067e-06 -1.028883e-06)
(0.001282532 -3.009472e-06 -9.527088e-07)
(0.001280825 -2.828349e-06 -8.82702e-07)
(0.001279216 -2.661859e-06 -8.183703e-07)
(0.001277698 -2.508371e-06 -7.59175e-07)
(0.001276264 -2.366589e-06 -7.047118e-07)
(0.001274908 -2.235403e-06 -6.546016e-07)
(0.0008888966 -1.169504e-06 -8.302069e-07)
(0.0008877295 -1.097391e-06 -7.686179e-07)
(0.0008866322 -1.031463e-06 -7.121559e-07)
(0.0008855986 -9.710606e-07 -6.603924e-07)
(0.0008846235 -9.154072e-07 -6.128894e-07)
(0.0008837027 -8.640099e-07 -5.692885e-07)
(0.0008828322 -8.164638e-07 -5.292543e-07)
(0.0003562975 -7.140863e-08 -4.415739e-07)
(0.0003558799 -6.714576e-08 -4.093204e-07)
(0.0003554871 -6.33345e-08 -3.798521e-07)
(0.0003551167 -5.985173e-08 -3.528715e-07)
(0.000354767 -5.660348e-08 -3.281426e-07)
(0.0003544365 -5.358663e-08 -3.054619e-07)
(0.0003541237 -5.078704e-08 -2.846434e-07)
(0.001896844 1.320381e-06 1.49832e-07)
(0.001899078 1.271794e-06 1.38466e-07)
(0.001901226 1.225495e-06 1.27827e-07)
(0.001903295 1.181335e-06 1.182061e-07)
(0.001905288 1.13917e-06 1.092887e-07)
(0.001907209 1.098868e-06 1.009578e-07)
(0.00190906 1.060306e-06 9.319702e-08)
(0.001896844 -1.320322e-06 1.49832e-07)
(0.001899078 -1.271731e-06 1.38466e-07)
(0.001901226 -1.225427e-06 1.27827e-07)
(0.001903295 -1.181263e-06 1.182061e-07)
(0.001905288 -1.139094e-06 1.092889e-07)
(0.001907209 -1.098788e-06 1.009582e-07)
(0.00190906 -1.060222e-06 9.319764e-08)
(0.001897585 -3.925025e-06 1.421542e-07)
(0.001899753 -3.778938e-06 1.307579e-07)
(0.001901836 -3.639762e-06 1.201262e-07)
(0.001903838 -3.507058e-06 1.105449e-07)
(0.001905764 -3.380394e-06 1.016939e-07)
(0.001907618 -3.259371e-06 9.345305e-08)
(0.001909403 -3.143622e-06 8.580288e-08)
(0.001898781 -6.415236e-06 1.234047e-07)
(0.001900806 -6.171045e-06 1.121692e-07)
(0.001902746 -5.938555e-06 1.017644e-07)
(0.001904606 -5.717026e-06 9.246362e-08)
(0.001906391 -5.505741e-06 8.393685e-08)
(0.001908104 -5.304035e-06 7.605756e-08)
(0.001909748 -5.111293e-06 6.880034e-08)
(0.001899772 -8.694199e-06 8.693838e-08)
(0.00190156 -8.35215e-06 7.6533e-08)
(0.001903263 -8.026868e-06 6.702807e-08)
(0.001904889 -7.717298e-06 5.867317e-08)
(0.001906442 -7.422435e-06 5.112838e-08)
(0.001907925 -7.141336e-06 4.425948e-08)
(0.001909343 -6.873125e-06 3.803221e-08)
(0.001899367 -1.063997e-05 2.368031e-08)
(0.0019008 -1.020325e-05 1.553595e-08)
(0.001902156 -9.788702e-06 8.313324e-09)
(0.001903439 -9.394927e-06 2.223493e-09)
(0.001904656 -9.020609e-06 -3.074834e-09)
(0.001905809 -8.664504e-06 -7.721217e-09)
(0.001906902 -8.325445e-06 -1.175988e-08)
(0.001895626 -1.210774e-05 -7.592797e-08)
(0.001896576 -1.158547e-05 -7.938758e-08)
(0.001897461 -1.109102e-05 -8.20408e-08)
(0.001898287 -1.062259e-05 -8.372933e-08)
(0.001899057 -1.017851e-05 -8.477342e-08)
(0.001899777 -9.757201e-06 -8.530887e-08)
(0.00190045 -9.35717e-06 -8.538667e-08)
(0.001885643 -1.294632e-05 -2.183e-07)
(0.001885989 -1.235683e-05 -2.136591e-07)
(0.001886293 -1.180063e-05 -2.085787e-07)
(0.001886558 -1.127544e-05 -2.029607e-07)
(0.001886788 -1.077925e-05 -1.970651e-07)
(0.001886987 -1.031009e-05 -1.910048e-07)
(0.001887158 -9.866099e-06 -1.848266e-07)
(0.001865364 -1.303076e-05 -4.019238e-07)
(0.001865029 -1.240372e-05 -3.851987e-07)
(0.001864681 -1.181445e-05 -3.687644e-07)
(0.001864325 -1.126021e-05 -3.525741e-07)
(0.001863962 -1.07386e-05 -3.367732e-07)
(0.001863595 -1.024727e-05 -3.214215e-07)
(0.001863226 -9.784041e-06 -3.065417e-07)
(0.001829499 -1.23057e-05 -6.128084e-07)
(0.001828481 -1.168136e-05 -5.804366e-07)
(0.001827488 -1.109716e-05 -5.494935e-07)
(0.001826523 -1.055003e-05 -5.199531e-07)
(0.001825584 -1.003724e-05 -4.917889e-07)
(0.001824673 -9.556151e-06 -4.64973e-07)
(0.001823788 -9.104325e-06 -4.394752e-07)
(0.001771492 -1.08259e-05 -8.235912e-07)
(0.001769891 -1.024994e-05 -7.737877e-07)
(0.001768356 -9.713409e-06 -7.268756e-07)
(0.001766883 -9.213082e-06 -6.827996e-07)
(0.001765471 -8.746087e-06 -6.413215e-07)
(0.001764115 -8.309694e-06 -6.022955e-07)
(0.001762816 -7.901386e-06 -5.656114e-07)
(0.001683441 -8.77241e-06 -9.9794e-07)
(0.00168146 -8.28707e-06 -9.319689e-07)
(0.001679575 -7.836853e-06 -8.704361e-07)
(0.001677782 -7.418745e-06 -8.132016e-07)
(0.001676074 -7.029989e-06 -7.59816e-07)
(0.001674448 -6.668011e-06 -7.100061e-07)
(0.001672897 -6.330476e-06 -6.635636e-07)
(0.001555743 -6.431043e-06 -1.102214e-06)
(0.001553648 -6.064867e-06 -1.024769e-06)
(0.001551667 -5.726468e-06 -9.530576e-07)
(0.00154979 -5.413378e-06 -8.868133e-07)
(0.001548012 -5.123227e-06 -8.254269e-07)
(0.001546326 -4.853874e-06 -7.685162e-07)
(0.001544725 -4.603406e-06 -7.157791e-07)
(0.001376175 -4.130093e-06 -1.115449e-06)
(0.001374241 -3.890916e-06 -1.033988e-06)
(0.001372418 -3.670607e-06 -9.589609e-07)
(0.001370697 -3.467444e-06 -8.899775e-07)
(0.001369071 -3.279651e-06 -8.263631e-07)
(0.001367533 -3.105701e-06 -7.67674e-07)
(0.001366078 -2.944264e-06 -7.135415e-07)
(0.001128137 -2.166709e-06 -1.034206e-06)
(0.00112659 -2.040507e-06 -9.573215e-07)
(0.001125135 -1.924706e-06 -8.867779e-07)
(0.001123764 -1.818282e-06 -8.221175e-07)
(0.00112247 -1.720094e-06 -7.627036e-07)
(0.001121248 -1.629264e-06 -7.080857e-07)
(0.001120093 -1.545051e-06 -6.578736e-07)
(0.0007878961 -7.514164e-07 -8.443649e-07)
(0.00078689 -7.080959e-07 -7.818515e-07)
(0.0007859443 -6.685807e-07 -7.245801e-07)
(0.0007850536 -6.324143e-07 -6.721638e-07)
(0.0007842136 -5.990577e-07 -6.24104e-07)
(0.0007834204 -5.681894e-07 -5.800125e-07)
(0.0007826705 -5.395556e-07 -5.395437e-07)
(0.0003209623 -3.133945e-08 -4.538727e-07)
(0.0003205957 -2.98516e-08 -4.209018e-07)
(0.0003202511 -2.85824e-08 -3.908196e-07)
(0.0003199262 -2.743605e-08 -3.633194e-07)
(0.0003196196 -2.634674e-08 -3.381282e-07)
(0.0003193298 -2.531965e-08 -3.15028e-07)
(0.0003190556 -2.435289e-08 -2.938262e-07)
(0.001498084 8.439767e-07 1.074192e-07)
(0.001499551 8.154267e-07 9.913383e-08)
(0.001500965 7.882222e-07 9.148982e-08)
(0.00150233 7.622523e-07 8.470034e-08)
(0.001503647 7.37414e-07 7.84334e-08)
(0.001504919 7.136154e-07 7.256697e-08)
(0.001506148 6.907754e-07 6.709212e-08)
(0.001498084 -8.439228e-07 1.074192e-07)
(0.001499551 -8.153688e-07 9.913383e-08)
(0.001500965 -7.881603e-07 9.148983e-08)
(0.00150233 -7.621866e-07 8.470038e-08)
(0.001503647 -7.373445e-07 7.843357e-08)
(0.001504919 -7.135424e-07 7.256736e-08)
(0.001506148 -6.90699e-07 6.709276e-08)
(0.00149856 -2.505808e-06 1.017999e-07)
(0.001499977 -2.420002e-06 9.349026e-08)
(0.001501342 -2.338259e-06 8.584971e-08)
(0.001502657 -2.260248e-06 7.908692e-08)
(0.001503925 -2.18566e-06 7.286615e-08)
(0.001505147 -2.114222e-06 6.70633e-08)
(0.001506327 -2.045692e-06 6.166729e-08)
(0.001499285 -4.085697e-06 8.804431e-08)
(0.001500597 -3.942424e-06 7.985384e-08)
(0.001501855 -3.806015e-06 7.237978e-08)
(0.001503064 -3.675917e-06 6.58203e-08)
(0.001504227 -3.551624e-06 5.983391e-08)
(0.001505345 -3.432681e-06 5.429292e-08)
(0.001506421 -3.318684e-06 4.918192e-08)
(0.001499748 -5.516734e-06 6.12309e-08)
(0.001500883 -5.316444e-06 5.366434e-08)
(0.001501968 -5.12596e-06 4.685949e-08)
(0.001503005 -4.944503e-06 4.099575e-08)
(0.001503997 -4.771369e-06 3.572887e-08)
(0.001504947 -4.605925e-06 3.09277e-08)
(0.001505857 -4.447598e-06 2.657056e-08)
(0.001499032 -6.717803e-06 1.465728e-08)
(0.001499909 -6.462906e-06 8.792444e-09)
(0.00150074 -6.220925e-06 3.689109e-09)
(0.001501528 -5.990836e-06 -5.017437e-10)
(0.001502275 -5.771739e-06 -4.115197e-09)
(0.001502986 -5.562808e-06 -7.282226e-09)
(0.001503661 -5.363295e-06 -1.003149e-08)
(0.001495675 -7.59647e-06 -5.869866e-08)
(0.001496203 -7.293117e-06 -6.1042e-08)
(0.001496694 -7.005878e-06 -6.274024e-08)
(0.001497151 -6.733465e-06 -6.36784e-08)
(0.001497578 -6.474765e-06 -6.415753e-08)
(0.001497977 -6.228748e-06 -6.429896e-08)
(0.001498349 -5.994474e-06 -6.413573e-08)
(0.001487502 -8.060853e-06 -1.634877e-07)
(0.001487599 -7.720763e-06 -1.597552e-07)
(0.001487675 -7.399814e-06 -1.557001e-07)
(0.001487732 -7.096434e-06 -1.512437e-07)
(0.001487774 -6.809288e-06 -1.466131e-07)
(0.001487801 -6.537134e-06 -1.419026e-07)
(0.001487815 -6.278829e-06 -1.371417e-07)
(0.001471508 -8.040837e-06 -2.984643e-07)
(0.001471122 -7.682319e-06 -2.856947e-07)
(0.001470738 -7.345311e-06 -2.732139e-07)
(0.001470356 -7.027977e-06 -2.609659e-07)
(0.001469979 -6.728774e-06 -2.490531e-07)
(0.001469606 -6.446256e-06 -2.375184e-07)
(0.001469238 -6.179095e-06 -2.263719e-07)
(0.001443775 -7.514295e-06 -4.532007e-07)
(0.00144291 -7.161423e-06 -4.287705e-07)
(0.001442074 -6.83115e-06 -4.055557e-07)
(0.001441265 -6.521457e-06 -3.83493e-07)
(0.001440484 -6.230647e-06 -3.625116e-07)
(0.001439729 -5.957128e-06 -3.425748e-07)
(0.001439 -5.69945e-06 -3.236538e-07)
(0.001399424 -6.529395e-06 -6.075355e-07)
(0.001398155 -6.208688e-06 -5.701685e-07)
(0.001396941 -5.909836e-06 -5.351832e-07)
(0.00139578 -5.630797e-06 -5.024668e-07)
(0.001394669 -5.369826e-06 -4.717463e-07)
(0.001393605 -5.125305e-06 -4.428857e-07)
(0.001392587 -4.895773e-06 -4.15796e-07)
(0.001332494 -5.210691e-06 -7.350507e-07)
(0.001330964 -4.945733e-06 -6.857414e-07)
(0.00132951 -4.699858e-06 -6.40023e-07)
(0.001328129 -4.471214e-06 -5.976918e-07)
(0.001326815 -4.258166e-06 -5.582847e-07)
(0.001325565 -4.059224e-06 -5.21563e-07)
(0.001324374 -3.873059e-06 -4.873659e-07)
(0.001235569 -3.742535e-06 -8.117379e-07)
(0.001233966 -3.548129e-06 -7.539965e-07)
(0.001232451 -3.3684e-06 -7.008317e-07)
(0.001231017 -3.201882e-06 -6.51926e-07)
(0.001229659 -3.047206e-06 -6.066848e-07)
(0.001228371 -2.903161e-06 -5.647881e-07)
(0.00122715 -2.768686e-06 -5.260051e-07)
(0.001098895 -2.330334e-06 -8.235744e-07)
(0.001097414 -2.208751e-06 -7.628679e-07)
(0.001096019 -2.096722e-06 -7.072423e-07)
(0.001094702 -1.993273e-06 -6.56282e-07)
(0.001093458 -1.897403e-06 -6.093568e-07)
(0.001092282 -1.808273e-06 -5.66105e-07)
(0.001091169 -1.72517e-06 -5.262477e-07)
(0.0009086102 -1.157746e-06 -7.689085e-07)
(0.0009074161 -1.098386e-06 -7.114582e-07)
(0.000906293 -1.043942e-06 -6.5897e-07)
(0.0009052349 -9.938634e-07 -6.10997e-07)
(0.0009042367 -9.475228e-07 -5.669681e-07)
(0.000903294 -9.04456e-07 -5.265245e-07)
(0.0009024027 -8.642889e-07 -4.893692e-07)
(0.0006435102 -3.525854e-07 -6.36843e-07)
(0.0006427218 -3.358421e-07 -5.897755e-07)
(0.0006419809 -3.206514e-07 -5.467779e-07)
(0.0006412831 -3.067719e-07 -5.075017e-07)
(0.0006406251 -2.939105e-07 -4.715192e-07)
(0.0006400037 -2.819145e-07 -4.385238e-07)
(0.0006394163 -2.706737e-07 -4.082515e-07)
(0.0002693887 5.818116e-09 -3.494357e-07)
(0.0002690936 4.838274e-09 -3.242792e-07)
(0.0002688161 3.850329e-09 -3.013862e-07)
(0.0002685546 2.926e-09 -2.804914e-07)
(0.0002683079 2.10139e-09 -2.613626e-07)
(0.0002680747 1.364021e-09 -2.438261e-07)
(0.0002678541 7.050604e-10 -2.277316e-07)
(0.0009889593 4.239502e-07 5.045552e-08)
(0.0009897273 4.118521e-07 4.637088e-08)
(0.0009904699 4.002871e-07 4.276623e-08)
(0.000991189 3.891926e-07 3.967766e-08)
(0.0009918859 3.785148e-07 3.682386e-08)
(0.0009925614 3.68208e-07 3.413263e-08)
(0.0009932163 3.582344e-07 3.161347e-08)
(0.0009889593 -4.23906e-07 5.045552e-08)
(0.0009897273 -4.118046e-07 4.637086e-08)
(0.0009904699 -4.002365e-07 4.276621e-08)
(0.000991189 -3.89139e-07 3.967769e-08)
(0.0009918859 -3.784582e-07 3.682401e-08)
(0.0009925614 -3.681487e-07 3.413299e-08)
(0.0009932163 -3.58172e-07 3.161405e-08)
(0.0009892039 -1.256456e-06 4.790025e-08)
(0.0009899415 -1.220109e-06 4.379516e-08)
(0.0009906539 -1.18537e-06 4.018446e-08)
(0.0009913427 -1.152054e-06 3.710084e-08)
(0.0009920093 -1.12e-06 3.426149e-08)
(0.0009926546 -1.089072e-06 3.15935e-08)
(0.0009932794 -1.059158e-06 2.910527e-08)
(0.0009895472 -2.041224e-06 4.15753e-08)
(0.0009902202 -1.98061e-06 3.751125e-08)
(0.000990868 -1.922711e-06 3.396523e-08)
(0.0009914926 -1.867216e-06 3.096284e-08)
(0.0009920954 -1.813864e-06 2.821999e-08)
(0.0009926773 -1.762434e-06 2.566264e-08)
(0.0009932392 -1.71274e-06 2.329694e-08)
(0.0009896621 -2.740808e-06 2.909611e-08)
(0.0009902287 -2.6563e-06 2.531184e-08)
(0.0009907714 -2.575662e-06 2.206533e-08)
(0.0009912921 -2.49846e-06 1.937163e-08)
(0.0009917923 -2.424339e-06 1.694977e-08)
(0.0009922729 -2.352995e-06 1.472496e-08)
(0.0009927349 -2.28417e-06 1.269983e-08)
(0.0009889726 -3.31191e-06 7.203055e-09)
(0.0009893841 -3.204893e-06 4.219566e-09)
(0.0009897747 -3.102959e-06 1.764343e-09)
(0.0009901463 -3.005545e-06 -1.599876e-10)
(0.0009905004 -2.912205e-06 -1.820124e-09)
(0.0009908379 -2.822556e-06 -3.289464e-09)
(0.0009911598 -2.736265e-06 -4.569939e-09)
(0.0009865666 -3.707872e-06 -2.754086e-08)
(0.0009867711 -3.581547e-06 -2.883596e-08)
(0.0009869606 -3.461531e-06 -2.968101e-08)
(0.0009871367 -3.347129e-06 -3.008367e-08)
(0.0009873007 -3.237807e-06 -3.027629e-08)
(0.0009874537 -3.1331e-06 -3.032585e-08)
(0.0009875965 -3.032601e-06 -3.02387e-08)
(0.0009811062 -3.885682e-06 -7.744374e-08)
(0.0009810575 -3.745803e-06 -7.57991e-08)
(0.0009810032 -3.613351e-06 -7.389933e-08)
(0.0009809446 -3.487502e-06 -7.175391e-08)
(0.0009808826 -3.367638e-06 -6.953134e-08)
(0.0009808179 -3.253214e-06 -6.728401e-08)
(0.000980751 -3.143746e-06 -6.501978e-08)
(0.0009707515 -3.817041e-06 -1.419667e-07)
(0.0009704221 -3.672178e-06 -1.359291e-07)
(0.0009701003 -3.535546e-06 -1.299894e-07)
(0.0009697864 -3.406211e-06 -1.241418e-07)
(0.0009694808 -3.283483e-06 -1.184571e-07)
(0.0009691834 -3.166746e-06 -1.129614e-07)
(0.0009688943 -3.055453e-06 -1.076578e-07)
(0.0009531089 -3.500605e-06 -2.161145e-07)
(0.0009525035 -3.361523e-06 -2.043982e-07)
(0.0009519213 -3.230899e-06 -1.932984e-07)
(0.0009513614 -3.107747e-06 -1.827706e-07)
(0.000950823 -2.991334e-06 -1.727589e-07)
(0.0009503053 -2.881003e-06 -1.632507e-07)
(0.0009498077 -2.776172e-06 -1.542352e-07)
(0.0009251832 -2.970803e-06 -2.901936e-07)
(0.0009243472 -2.84873e-06 -2.721773e-07)
(0.0009235498 -2.734569e-06 -2.55413e-07)
(0.0009227887 -2.627368e-06 -2.397927e-07)
(0.000922062 -2.526401e-06 -2.251235e-07)
(0.0009213679 -2.431019e-06 -2.113451e-07)
(0.0009207047 -2.340653e-06 -1.984224e-07)
(0.0008832701 -2.297736e-06 -3.51554e-07)
(0.0008822876 -2.20189e-06 -3.277312e-07)
(0.0008813559 -2.112611e-06 -3.057991e-07)
(0.0008804712 -2.029081e-06 -2.855727e-07)
(0.0008796306 -1.950646e-06 -2.667401e-07)
(0.0008788315 -1.87673e-06 -2.49193e-07)
(0.0008780714 -1.806834e-06 -2.328648e-07)
(0.0008226657 -1.576754e-06 -3.889779e-07)
(0.0008216463 -1.511882e-06 -3.610548e-07)
(0.0008206836 -1.45166e-06 -3.355206e-07)
(0.000819773 -1.395492e-06 -3.121179e-07)
(0.0008189108 -1.342851e-06 -2.904653e-07)
(0.0008180938 -1.293287e-06 -2.704171e-07)
(0.0008173189 -1.246426e-06 -2.51873e-07)
(0.0007369923 -9.094395e-07 -3.964599e-07)
(0.0007360498 -8.744633e-07 -3.670525e-07)
(0.0007351622 -8.420894e-07 -3.402609e-07)
(0.0007343247 -8.119689e-07 -3.157879e-07)
(0.0007335335 -7.837302e-07 -2.932499e-07)
(0.0007327854 -7.570833e-07 -2.72482e-07)
(0.0007320774 -7.318e-07 -2.533581e-07)
(0.0006167544 -3.853885e-07 -3.742176e-07)
(0.0006159872 -3.735134e-07 -3.46231e-07)
(0.0006152658 -3.625955e-07 -3.207589e-07)
(0.0006145861 -3.524709e-07 -2.975231e-07)
(0.0006139447 -3.429125e-07 -2.761974e-07)
(0.0006133389 -3.337781e-07 -2.566151e-07)
(0.000612766 -3.249715e-07 -2.386361e-07)
(0.0004461996 -6.467573e-08 -3.167006e-07)
(0.0004456829 -6.554342e-08 -2.935125e-07)
(0.0004451974 -6.643021e-08 -2.723441e-07)
(0.0004447401 -6.726557e-08 -2.530227e-07)
(0.0004443088 -6.794504e-08 -2.353209e-07)
(0.0004439015 -6.843867e-08 -2.190921e-07)
(0.0004435163 -6.873972e-08 -2.042069e-07)
(0.0001958603 2.80557e-08 -1.805835e-07)
(0.0001956584 2.577819e-08 -1.67884e-07)
(0.0001954686 2.36208e-08 -1.563186e-07)
(0.0001952899 2.162765e-08 -1.457667e-07)
(0.0001951211 1.98117e-08 -1.361066e-07)
(0.0001949617 1.815724e-08 -1.272497e-07)
(0.0001948108 1.664989e-08 -1.191192e-07)
(0.0003674278 1.037264e-07 5.62419e-09)
(0.000367632 1.020179e-07 5.065777e-09)
(0.0003678306 1.003467e-07 4.70178e-09)
(0.0003680244 9.869711e-08 4.414956e-09)
(0.0003682136 9.705777e-08 4.12181e-09)
(0.0003683982 9.542006e-08 3.835312e-09)
(0.0003685785 9.377807e-08 3.567771e-09)
(0.0003674278 -1.037035e-07 5.624196e-09)
(0.000367632 -1.019934e-07 5.065781e-09)
(0.0003678306 -1.003206e-07 4.701784e-09)
(0.0003680244 -9.866965e-08 4.414997e-09)
(0.0003682136 -9.7029e-08 4.121917e-09)
(0.0003683983 -9.539007e-08 3.83556e-09)
(0.0003685785 -9.374657e-08 3.567977e-09)
(0.000367496 -3.063114e-07 5.398047e-09)
(0.0003676902 -3.011795e-07 4.83297e-09)
(0.0003678788 -2.961597e-07 4.46444e-09)
(0.0003680626 -2.912058e-07 4.174362e-09)
(0.0003682418 -2.862846e-07 3.879266e-09)
(0.0003684165 -2.813713e-07 3.592156e-09)
(0.0003685869 -2.764477e-07 3.324845e-09)
(0.0003675818 -4.940365e-07 4.805239e-09)
(0.0003677547 -4.855034e-07 4.236415e-09)
(0.0003679221 -4.771578e-07 3.867023e-09)
(0.0003680848 -4.689247e-07 3.577877e-09)
(0.000368243 -4.607523e-07 3.286143e-09)
(0.0003683969 -4.52602e-07 3.004601e-09)
(0.0003685466 -4.444453e-07 2.744614e-09)
(0.0003675722 -6.558104e-07 3.56122e-09)
(0.0003677103 -6.44009e-07 3.012955e-09)
(0.0003678433 -6.324733e-07 2.664554e-09)
(0.000367972 -6.211007e-07 2.397182e-09)
(0.0003680966 -6.098258e-07 2.130348e-09)
(0.0003682174 -5.985996e-07 1.876169e-09)
(0.0003683344 -5.873854e-07 1.645111e-09)
(0.0003672704 -7.796497e-07 1.266997e-09)
(0.0003673579 -7.649643e-07 7.986954e-10)
(0.0003674415 -7.506246e-07 5.226896e-10)
(0.0003675216 -7.365021e-07 3.246297e-10)
(0.0003675987 -7.225238e-07 1.296692e-10)
(0.0003676728 -7.086331e-07 -5.146192e-11)
(0.0003677442 -6.94787e-07 -2.098468e-10)
(0.0003663669 -8.537907e-07 -2.519033e-09)
(0.0003663875 -8.370113e-07 -2.800718e-09)
(0.000366406 -8.206505e-07 -2.913476e-09)
(0.0003664229 -8.045577e-07 -2.959594e-09)
(0.0003664385 -7.886568e-07 -3.00306e-09)
(0.000366453 -7.728868e-07 -3.035453e-09)
(0.0003664664 -7.571994e-07 -3.050144e-09)
(0.0003644111 -8.689674e-07 -8.122941e-09)
(0.0003643504 -8.51389e-07 -8.062952e-09)
(0.0003642906 -8.342753e-07 -7.881175e-09)
(0.0003642322 -8.174585e-07 -7.657591e-09)
(0.0003641752 -8.00864e-07 -7.438015e-09)
(0.0003641197 -7.844282e-07 -7.21797e-09)
(0.0003640656 -7.680993e-07 -6.993078e-09)
(0.0003607862 -8.214348e-07 -1.554285e-08)
(0.000360636 -8.048099e-07 -1.495617e-08)
(0.000360491 -7.886375e-07 -1.432465e-08)
(0.0003603512 -7.727428e-07 -1.369292e-08)
(0.0003602165 -7.570557e-07 -1.308283e-08)
(0.0003600868 -7.415129e-07 -1.249338e-08)
(0.0003599618 -7.260616e-07 -1.192341e-08)
(0.0003546907 -7.156555e-07 -2.422081e-08)
(0.0003544534 -7.019344e-07 -2.294132e-08)
(0.0003542262 -6.885648e-07 -2.17202e-08)
(0.0003540087 -6.75381e-07 -2.055806e-08)
(0.0003538004 -6.623197e-07 -1.944716e-08)
(0.0003536009 -6.493223e-07 -1.839129e-08)
(0.0003534098 -6.363397e-07 -1.739006e-08)
(0.000345119 -5.653912e-07 -3.301219e-08)
(0.0003448098 -5.562658e-07 -3.095623e-08)
(0.0003445155 -5.472924e-07 -2.907511e-08)
(0.0003442351 -5.383332e-07 -2.732249e-08)
(0.0003439679 -5.29335e-07 -2.566266e-08)
(0.0003437132 -5.202489e-07 -2.410144e-08)
(0.0003434702 -5.110369e-07 -2.263912e-08)
(0.0003308175 -3.92091e-07 -4.036646e-08)
(0.0003304637 -3.884869e-07 -3.759461e-08)
(0.0003301285 -3.847633e-07 -3.510311e-08)
(0.0003298105 -3.808278e-07 -3.280729e-08)
(0.0003295086 -3.766393e-07 -3.064998e-08)
(0.0003292218 -3.721645e-07 -2.863829e-08)
(0.0003289492 -3.673836e-07 -2.676924e-08)
(0.000310173 -2.212092e-07 -4.499089e-08)
(0.0003098098 -2.228995e-07 -4.171295e-08)
(0.0003094669 -2.241972e-07 -3.878441e-08)
(0.0003091426 -2.250611e-07 -3.610137e-08)
(0.0003088356 -2.254624e-07 -3.359886e-08)
(0.0003085448 -2.253875e-07 -3.128084e-08)
(0.000308269 -2.24838e-07 -2.914115e-08)
(0.0002809521 -7.758015e-08 -4.631512e-08)
(0.000280616 -8.311702e-08 -4.284813e-08)
(0.0002802995 -8.807534e-08 -3.974456e-08)
(0.0002800008 -9.245546e-08 -3.69078e-08)
(0.0002797186 -9.62386e-08 -3.427848e-08)
(0.0002794517 -9.943033e-08 -3.185645e-08)
(0.000279199 -1.020519e-07 -2.963023e-08)
(0.0002396998 1.719576e-08 -4.502733e-08)
(0.0002394229 1.032981e-08 -4.167242e-08)
(0.0002391624 4.052115e-09 -3.864153e-08)
(0.0002389168 -1.653783e-09 -3.587295e-08)
(0.000238685 -6.774651e-09 -3.332222e-08)
(0.000238466 -1.132806e-08 -3.098158e-08)
(0.0002382588 -1.534512e-08 -2.883629e-08)
(0.0001801438 4.987386e-08 -4.124876e-08)
(0.0001799516 4.458049e-08 -3.832352e-08)
(0.0001797708 3.968363e-08 -3.563158e-08)
(0.0001796005 3.518559e-08 -3.31685e-08)
(0.0001794397 3.109482e-08 -3.090711e-08)
(0.0001792878 2.739121e-08 -2.883452e-08)
(0.0001791441 2.404736e-08 -2.693465e-08)
(8.759981e-05 2.567439e-08 -2.988724e-08)
(8.751799e-05 2.388997e-08 -2.791454e-08)
(8.744103e-05 2.222489e-08 -2.609469e-08)
(8.736847e-05 2.068959e-08 -2.443015e-08)
(8.729995e-05 1.928398e-08 -2.290412e-08)
(8.723515e-05 1.799744e-08 -2.150389e-08)
(8.717378e-05 1.681882e-08 -2.02174e-08)
)
;

boundaryField
{
    inlet
    {
        type            fixedValue;
        value           nonuniform List<vector> 0();
    }
    outlet
    {
        type            zeroGradient;
    }
    chip_bases
    {
        type            noSlip;
    }
    walls
    {
        type            noSlip;
    }
    procBoundary11to5
    {
        type            processor;
        value           nonuniform List<vector> 10((0.002268828 4.256561e-06 -6.512342e-08) (0.002268351 1.434935e-06 -7.239473e-08) (0.002268351 -1.434841e-06 -7.239748e-08) (0.002268828 -4.25646e-06 -6.513132e-08) (0.002341882 4.554659e-06 -5.660037e-08) (0.002341353 1.53514e-06 -6.313724e-08) (0.002341353 -1.535046e-06 -6.313584e-08) (0.002341882 -4.554559e-06 -5.660088e-08) (0.002399497 4.802806e-06 -4.520258e-08) (0.002398924 1.61854e-06 -5.071549e-08));
    }
    procBoundary11to6
    {
        type            processor;
        value           nonuniform List<vector> 
19
(
(0.002269362 -6.927539e-06 -4.864185e-08)
(0.002269024 -9.329381e-06 -1.93435e-08)
(0.002266223 -1.132349e-05 2.707415e-08)
(0.002258505 -1.275913e-05 9.409852e-08)
(0.002242358 -1.349467e-05 1.822529e-07)
(0.002342505 -7.41543e-06 -4.179134e-08)
(0.002342259 -9.991831e-06 -1.551532e-08)
(0.002339491 -1.213601e-05 2.603628e-08)
(0.002331642 -1.368608e-05 8.590022e-08)
(0.00231505 -1.448868e-05 1.644319e-07)
(0.002284787 -1.443578e-05 2.573193e-07)
(0.002234568 -1.35061e-05 3.546232e-07)
(0.002156676 -1.179719e-05 4.417095e-07)
(0.002041762 -9.527148e-06 5.032571e-07)
(0.001878343 -7.003356e-06 5.281135e-07)
(0.001651841 -4.55114e-06 5.1418e-07)
(0.001343097 -2.458051e-06 4.646169e-07)
(0.000926645 -9.049986e-07 3.763918e-07)
(0.0003693415 -5.356593e-08 2.041633e-07)
)
;
    }
    procBoundary11to7
    {
        type            processor;
        value           nonuniform List<vector> 
203
(
(0.002398924 -1.618447e-06 -5.071115e-08)
(0.002399497 -4.802709e-06 -4.519571e-08)
(0.002400196 -7.82171e-06 -3.272e-08)
(0.002400032 -1.054374e-05 -1.063712e-08)
(0.002397301 -1.281337e-05 2.417892e-08)
(0.002389363 -1.445936e-05 7.415899e-08)
(0.00237243 -1.531848e-05 1.39447e-07)
(0.002341405 -1.52745e-05 2.16261e-07)
(0.002289791 -1.430251e-05 2.961823e-07)
(0.002209617 -1.250351e-05 3.669682e-07)
(0.002091256 -1.010705e-05 4.161077e-07)
(0.001922939 -7.438137e-06 4.3462e-07)
(0.001689802 -4.841799e-06 4.215495e-07)
(0.001372461 -2.622154e-06 3.794673e-07)
(0.0009453961 -9.711872e-07 3.073263e-07)
(0.0003758194 -5.989305e-08 1.660138e-07)
(0.002441165 1.682485e-06 -3.567434e-08)
(0.002441165 -1.682391e-06 -3.566876e-08)
(0.002441773 -4.992997e-06 -3.141573e-08)
(0.002442531 -8.133337e-06 -2.182498e-08)
(0.002442433 -1.096723e-05 -4.921282e-09)
(0.002439737 -1.333334e-05 2.15854e-08)
(0.00243174 -1.505324e-05 5.938998e-08)
(0.002414565 -1.595606e-05 1.083901e-07)
(0.002382985 -1.591922e-05 1.65477e-07)
(0.002330344 -1.491489e-05 2.241224e-07)
(0.002248484 -1.304671e-05 2.75052e-07)
(0.002127573 -1.055306e-05 3.092096e-07)
(0.001955631 -7.77253e-06 3.203005e-07)
(0.001717592 -5.065397e-06 3.087175e-07)
(0.001393918 -2.748379e-06 2.763467e-07)
(0.0009590709 -1.02222e-06 2.242992e-07)
(0.0003805355 -6.489171e-08 1.206276e-07)
(0.002468157 1.724896e-06 -1.87251e-08)
(0.002468157 -1.724801e-06 -1.872019e-08)
(0.002468787 -5.119212e-06 -1.591394e-08)
(0.002469586 -8.340068e-06 -9.625706e-09)
(0.002469533 -1.124822e-05 1.352449e-09)
(0.002466862 -1.367844e-05 1.836317e-08)
(0.002458833 -1.544749e-05 4.226625e-08)
(0.002441506 -1.637941e-05 7.269427e-08)
(0.002409574 -1.634733e-05 1.073185e-07)
(0.002356276 -1.532152e-05 1.417871e-07)
(0.002273332 -1.340734e-05 1.702252e-07)
(0.00215078 -1.084913e-05 1.875166e-07)
(0.001976505 -7.994458e-06 1.904304e-07)
(0.001735316 -5.213864e-06 1.808482e-07)
(0.001407583 -2.83216e-06 1.598986e-07)
(0.0009677653 -1.056271e-06 1.309947e-07)
(0.0003835299 -6.841221e-08 6.990085e-08)
(0.00247995 1.744372e-06 -7.085238e-10)
(0.002479951 -1.744277e-06 -7.047083e-10)
(0.002480591 -5.177174e-06 5.399025e-10)
(0.002481408 -8.43501e-06 3.265421e-09)
(0.002481377 -1.137727e-05 7.856871e-09)
(0.002478719 -1.383692e-05 1.464238e-08)
(0.002470679 -1.562848e-05 2.359183e-08)
(0.002453288 -1.657366e-05 3.406589e-08)
(0.002421204 -1.654361e-05 4.45887e-08)
(0.002367617 -1.550776e-05 5.316034e-08)
(0.002284196 -1.357232e-05 5.756882e-08)
(0.00216092 -1.098444e-05 5.692081e-08)
(0.001985617 -8.095815e-06 5.126833e-08)
(0.001743041 -5.281799e-06 4.403665e-08)
(0.001413527 -2.870447e-06 3.556375e-08)
(0.0009715391 -1.072151e-06 3.171088e-08)
(0.0003848273 -7.03897e-08 1.596542e-08)
(0.002476571 1.740269e-06 1.744658e-08)
(0.002476571 -1.740174e-06 1.744955e-08)
(0.002477209 -5.164961e-06 1.709443e-08)
(0.002478023 -8.414991e-06 1.617325e-08)
(0.002477987 -1.135002e-05 1.423452e-08)
(0.002475329 -1.380335e-05 1.057693e-08)
(0.002467296 -1.558994e-05 4.272028e-09)
(0.002449927 -1.653198e-05 -5.580656e-09)
(0.002417888 -1.650106e-05 -1.95745e-08)
(0.002364382 -1.54669e-05 -3.730365e-08)
(0.002281092 -1.353563e-05 -5.724638e-08)
(0.002158013 -1.095406e-05 -7.60147e-08)
(0.00198299 -8.072906e-06 -9.023799e-08)
(0.001740796 -5.266755e-06 -9.498621e-08)
(0.001411782 -2.861855e-06 -9.068956e-08)
(0.0009704175 -1.069393e-06 -6.889467e-08)
(0.0003844379 -7.090146e-08 -3.903434e-08)
(0.002458012 1.712734e-06 3.485859e-08)
(0.002458012 -1.712639e-06 3.486081e-08)
(0.002458635 -5.083007e-06 3.294049e-08)
(0.002459423 -8.28073e-06 2.845543e-08)
(0.002459359 -1.116745e-05 2.014481e-08)
(0.002456687 -1.357896e-05 6.313182e-09)
(0.00244868 -1.53333e-05 -1.482944e-08)
(0.002431418 -1.625594e-05 -4.441738e-08)
(0.002399623 -1.622129e-05 -8.217274e-08)
(0.002346568 -1.520049e-05 -1.253497e-07)
(0.002264016 -1.32987e-05 -1.68805e-07)
(0.002142054 -1.075918e-05 -2.05038e-07)
(0.001968618 -7.926661e-06 -2.274814e-07)
(0.001728572 -5.169381e-06 -2.298701e-07)
(0.001402336 -2.806754e-06 -2.132257e-07)
(0.0009643919 -1.048322e-06 -1.669324e-07)
(0.0003823579 -7.024676e-08 -9.297971e-08)
(0.002397333 1.62283e-06 6.41999e-08)
(0.002397333 -1.622735e-06 6.420116e-08)
(0.002397908 -4.815447e-06 5.957191e-08)
(0.002398612 -7.842473e-06 4.89277e-08)
(0.002398457 -1.057167e-05 2.963346e-08)
(0.00239574 -1.284704e-05 -1.692057e-09)
(0.002387819 -1.449663e-05 -4.827446e-08)
(0.002370909 -1.535668e-05 -1.11622e-07)
(0.002339911 -1.531069e-05 -1.899049e-07)
(0.002288326 -1.433419e-05 -2.763625e-07)
(0.002208187 -1.252902e-05 -3.596439e-07)
(0.002089872 -1.012653e-05 -4.253479e-07)
(0.001921622 -7.452145e-06 -4.614411e-07)
(0.001688595 -4.853095e-06 -4.597645e-07)
(0.001371438 -2.628073e-06 -4.21758e-07)
(0.0009446763 -9.79273e-07 -3.357619e-07)
(0.0003755502 -6.743198e-08 -1.83476e-07)
(0.002206675 1.361766e-06 8.856908e-08)
(0.002206675 -1.361673e-06 8.857011e-08)
(0.002207114 -4.038817e-06 8.142196e-08)
(0.002207586 -6.571348e-06 6.507928e-08)
(0.002207191 -8.845641e-06 3.570477e-08)
(0.002204388 -1.072968e-05 -1.153276e-08)
(0.002196809 -1.20805e-05 -8.102199e-08)
(0.002181064 -1.276476e-05 -1.744872e-07)
(0.002152605 -1.269116e-05 -2.885314e-07)
(0.002105627 -1.18464e-05 -4.127519e-07)
(0.00203298 -1.032161e-05 -5.303209e-07)
(0.001925949 -8.313029e-06 -6.21115e-07)
(0.001773738 -6.09129e-06 -6.686226e-07)
(0.001562472 -3.943197e-06 -6.639683e-07)
(0.001273624 -2.11381e-06 -6.084854e-07)
(0.0008820081 -7.723948e-07 -4.924756e-07)
(0.0003538274 -4.818254e-08 -2.655183e-07)
(0.001910845 1.023375e-06 8.596649e-08)
(0.001910845 -1.023286e-06 8.596724e-08)
(0.001911122 -3.032814e-06 7.870037e-08)
(0.001911326 -4.926953e-06 6.21165e-08)
(0.001910697 -6.616997e-06 3.239015e-08)
(0.00190794 -8.00236e-06 -1.525474e-08)
(0.001901079 -8.977043e-06 -8.507321e-08)
(0.001887304 -9.445589e-06 -1.785869e-07)
(0.001862856 -9.346894e-06 -2.921589e-07)
(0.00182293 -8.679536e-06 -4.152628e-07)
(0.001761569 -7.518886e-06 -5.311525e-07)
(0.00167142 -6.015283e-06 -6.202763e-07)
(0.001543206 -4.370111e-06 -6.669146e-07)
(0.001364699 -2.794147e-06 -6.63607e-07)
(0.001118999 -1.466795e-06 -6.116957e-07)
(0.0007819608 -5.129236e-07 -5.023768e-07)
(0.0003187959 -2.343789e-08 -2.743486e-07)
(0.001507336 6.688238e-07 6.198149e-08)
(0.001507336 -6.687415e-07 6.198204e-08)
(0.001507466 -1.979853e-06 5.664815e-08)
(0.001507457 -3.209274e-06 4.446683e-08)
(0.001506729 -4.295882e-06 2.261781e-08)
(0.001504303 -5.172535e-06 -1.240787e-08)
(0.001498697 -5.771105e-06 -6.371393e-08)
(0.001487819 -6.033353e-06 -1.32368e-07)
(0.001468877 -5.926108e-06 -2.156274e-07)
(0.001438297 -5.456323e-06 -3.057174e-07)
(0.001391612 -4.679933e-06 -3.903835e-07)
(0.001323241 -3.6985e-06 -4.555274e-07)
(0.001225991 -2.64285e-06 -4.901047e-07)
(0.001090114 -1.647469e-06 -4.895106e-07)
(0.000901559 -8.266966e-07 -4.55219e-07)
(0.0006388603 -2.600913e-07 -3.804565e-07)
(0.0002676451 1.202816e-10 -2.129443e-07)
(0.0009938514 3.485631e-07 2.925623e-08)
(0.0009938514 -3.484954e-07 2.92566e-08)
(0.0009938845 -1.030161e-06 2.6785e-08)
(0.000993782 -1.664623e-06 2.1109e-08)
(0.0009931793 -2.217644e-06 1.085765e-08)
(0.0009914671 -2.653051e-06 -5.681067e-09)
(0.0009877299 -2.935961e-06 -3.003525e-08)
(0.0009806825 -3.03882e-06 -6.275562e-08)
(0.0009686136 -2.949134e-06 -1.025522e-07)
(0.0009493292 -2.67634e-06 -1.456971e-07)
(0.000920071 -2.254817e-06 -1.8631e-07)
(0.0008773478 -1.740538e-06 -2.176749e-07)
(0.0008165836 -1.201954e-06 -2.347205e-07)
(0.0007314065 -7.076937e-07 -2.357437e-07)
(0.0006122237 -3.164189e-07 -2.221203e-07)
(0.0004431516 -6.884647e-08 -1.905422e-07)
(0.0001946678 1.527762e-08 -1.116453e-07)
(0.0003687545 9.212827e-08 3.315917e-09)
(0.0003687545 -9.20937e-08 3.316226e-09)
(0.000368753 -2.715014e-07 3.074249e-09)
(0.0003686922 -4.362634e-07 2.502787e-09)
(0.0003684477 -5.761588e-07 1.433413e-09)
(0.000367813 -6.80957e-07 -3.495111e-10)
(0.0003664788 -7.415627e-07 -3.05109e-09)
(0.0003640131 -7.518427e-07 -6.766893e-09)
(0.0003598414 -7.106669e-07 -1.137407e-08)
(0.0003532267 -6.233413e-07 -1.644227e-08)
(0.0003432384 -5.016781e-07 -2.126929e-08)
(0.0003286899 -3.622912e-07 -2.503251e-08)
(0.0003080073 -2.238265e-07 -2.716439e-08)
(0.0002789596 -1.041312e-07 -2.758264e-08)
(0.0002380625 -1.885973e-08 -2.686775e-08)
(0.0001790079 2.103616e-08 -2.519124e-08)
(8.71156e-05 1.573841e-08 -1.903321e-08)
)
;
    }
    procBoundary11to8
    {
        type            processor;
        value           nonuniform List<vector> 
327
(
(0.002257058 1.093566e-05 1.026232e-07)
(0.00226238 1.052591e-05 5.841271e-08)
(0.002267492 1.013146e-05 2.233915e-08)
(0.002272403 9.752113e-06 -6.848311e-09)
(0.002277124 9.387569e-06 -3.021205e-08)
(0.002281662 9.037484e-06 -4.865798e-08)
(0.002286026 8.701467e-06 -6.296058e-08)
(0.002290223 8.379091e-06 -7.37835e-08)
(0.002294261 8.069908e-06 -8.169627e-08)
(0.002298146 7.773453e-06 -8.718869e-08)
(0.002301886 7.489253e-06 -9.068247e-08)
(0.002305487 7.21683e-06 -9.254397e-08)
(0.002308955 6.955711e-06 -9.308735e-08)
(0.002312295 6.705426e-06 -9.26096e-08)
(0.002315513 6.465516e-06 -9.130152e-08)
(0.002318615 6.235537e-06 -8.961362e-08)
(0.002249319 3.795788e-06 1.568825e-07)
(0.002310001 1.153324e-05 1.318263e-07)
(0.002315624 1.110736e-05 9.004127e-08)
(0.002321024 1.069631e-05 5.547475e-08)
(0.002326212 1.030004e-05 2.706254e-08)
(0.002331198 9.918386e-06 3.894609e-09)
(0.00233599 9.551126e-06 -1.481011e-08)
(0.002340597 9.197967e-06 -2.972358e-08)
(0.002345029 8.858572e-06 -4.142552e-08)
(0.002349291 8.532567e-06 -5.041636e-08)
(0.002353392 8.21955e-06 -5.712922e-08)
(0.00235734 7.9191e-06 -6.193936e-08)
(0.002361139 7.630784e-06 -6.517371e-08)
(0.002364798 7.354161e-06 -6.711653e-08)
(0.002368321 7.088791e-06 -6.802939e-08)
(0.002371715 6.834233e-06 -6.809932e-08)
(0.002374986 6.590057e-06 -6.769435e-08)
(0.00230187 3.999851e-06 1.825398e-07)
(0.002348681 1.198829e-05 1.591423e-07)
(0.002354536 1.155059e-05 1.213961e-07)
(0.002360159 1.112729e-05 8.962023e-08)
(0.002365561 1.071846e-05 6.299145e-08)
(0.002370751 1.032405e-05 4.07977e-08)
(0.002375739 9.943922e-06 2.242172e-08)
(0.002380535 9.577879e-06 7.326692e-09)
(0.002385146 9.225653e-06 -4.955247e-09)
(0.002389582 8.886929e-06 -1.483222e-08)
(0.002393849 8.56136e-06 -2.266063e-08)
(0.002397955 8.248569e-06 -2.875278e-08)
(0.002401908 7.94816e-06 -3.33815e-08)
(0.002405713 7.659721e-06 -3.678987e-08)
(0.002409378 7.382835e-06 -3.919163e-08)
(0.002412906 7.117081e-06 -4.076649e-08)
(0.002416307 6.862041e-06 -4.177784e-08)
(0.002340249 4.155027e-06 2.043087e-07)
(0.002373286 1.228854e-05 1.837175e-07)
(0.002379298 1.184326e-05 1.51359e-07)
(0.002385072 1.141207e-05 1.234632e-07)
(0.002390617 1.09951e-05 9.948925e-08)
(0.002395945 1.059241e-05 7.895805e-08)
(0.002401065 1.02039e-05 6.144582e-08)
(0.002405987 9.829441e-06 4.657631e-08)
(0.00241072 9.468811e-06 3.401498e-08)
(0.002415271 9.121742e-06 2.346433e-08)
(0.00241965 8.787922e-06 1.46602e-08)
(0.002423863 8.467006e-06 7.366465e-09)
(0.002427918 8.158623e-06 1.375797e-09)
(0.002431821 7.862384e-06 -3.504608e-09)
(0.00243558 7.577888e-06 -7.430547e-09)
(0.002439199 7.304728e-06 -1.057289e-08)
(0.002442686 7.042495e-06 -1.306835e-08)
(0.002364653 4.257308e-06 2.216837e-07)
(0.002383942 1.242598e-05 2.049948e-07)
(0.002390032 1.197729e-05 1.789965e-07)
(0.002395879 1.154254e-05 1.557854e-07)
(0.002401494 1.11219e-05 1.351279e-07)
(0.002406889 1.071545e-05 1.167992e-07)
(0.002412073 1.032314e-05 1.005875e-07)
(0.002417056 9.944848e-06 8.629285e-08)
(0.002421847 9.580392e-06 7.372768e-08)
(0.002426454 9.229518e-06 6.271674e-08)
(0.002430885 8.891931e-06 5.309811e-08)
(0.002435149 8.567302e-06 4.472045e-08)
(0.002439252 8.255272e-06 3.744944e-08)
(0.002443202 7.955461e-06 3.114839e-08)
(0.002447005 7.667479e-06 2.572715e-08)
(0.002450667 7.390923e-06 2.102097e-08)
(0.002454195 7.12539e-06 1.704623e-08)
(0.002375212 4.304094e-06 2.345934e-07)
(0.00238071 1.2397e-05 2.22744e-07)
(0.002386794 1.194904e-05 2.036076e-07)
(0.002392636 1.151504e-05 1.855225e-07)
(0.002398245 1.109519e-05 1.685692e-07)
(0.002403634 1.068953e-05 1.527828e-07)
(0.002408812 1.029803e-05 1.381685e-07)
(0.002413788 9.920555e-06 1.247074e-07)
(0.002418572 9.55691e-06 1.12363e-07)
(0.002423172 9.206842e-06 1.010862e-07)
(0.002427597 8.870054e-06 9.082078e-08)
(0.002431854 8.546209e-06 8.150332e-08)
(0.002435951 8.234949e-06 7.307543e-08)
(0.002439893 7.935892e-06 6.545851e-08)
(0.00244369 7.648644e-06 5.863272e-08)
(0.002447345 7.372801e-06 5.243131e-08)
(0.002450866 7.107962e-06 4.705919e-08)
(0.002365341 4.451634e-06 2.642329e-07)
(0.00237199 4.294216e-06 2.43408e-07)
(0.00237199 4.294216e-06 2.43408e-07)
(0.002350815 1.313007e-05 2.573414e-07)
(0.00235733 1.265951e-05 2.480292e-07)
(0.002363579 1.220248e-05 2.369386e-07)
(0.002369577 1.175937e-05 2.246906e-07)
(0.002375333 1.133045e-05 2.118032e-07)
(0.002380861 1.091583e-05 1.986601e-07)
(0.002386171 1.051552e-05 1.855466e-07)
(0.002391272 1.012943e-05 1.726771e-07)
(0.002396175 9.757393e-06 1.602075e-07)
(0.002400887 9.399182e-06 1.482476e-07)
(0.002405419 9.054514e-06 1.368707e-07)
(0.002409777 8.723066e-06 1.261231e-07)
(0.00241397 8.404483e-06 1.160273e-07)
(0.002418004 8.098387e-06 1.065986e-07)
(0.002421887 7.804383e-06 9.78168e-08)
(0.002425626 7.522066e-06 8.972744e-08)
(0.002429225 7.251023e-06 8.216896e-08)
(0.002432693 6.990845e-06 7.552493e-08)
(0.002332458 8.698772e-06 -5.745863e-08)
(0.002335132 8.355211e-06 -5.339429e-08)
(0.002337694 8.027362e-06 -4.940689e-08)
(0.00234015 7.714397e-06 -4.553239e-08)
(0.002321789 6.001756e-06 -8.678139e-08)
(0.002325019 5.765234e-06 -8.243054e-08)
(0.002328118 5.53949e-06 -7.799273e-08)
(0.002328118 5.53949e-06 -7.799273e-08)
(0.002389603 9.187058e-06 -4.399169e-08)
(0.002392423 8.821553e-06 -4.116446e-08)
(0.002395125 8.472737e-06 -3.831643e-08)
(0.002397714 8.139759e-06 -3.549263e-08)
(0.002378333 6.341709e-06 -6.629089e-08)
(0.002381736 6.090332e-06 -6.357655e-08)
(0.002385002 5.850321e-06 -6.062339e-08)
(0.002385002 5.850321e-06 -6.062339e-08)
(0.002429976 5.849154e-06 -3.845879e-08)
(0.002433105 5.620274e-06 -3.687764e-08)
(0.002436111 5.40164e-06 -3.514243e-08)
(0.002438998 5.19274e-06 -3.331031e-08)
(0.002419786 6.602534e-06 -4.197562e-08)
(0.002423324 6.339765e-06 -4.111666e-08)
(0.002426718 6.088805e-06 -3.986212e-08)
(0.002429976 5.849154e-06 -3.845879e-08)
(0.002433105 5.620274e-06 -3.687764e-08)
(0.002436111 5.40164e-06 -3.514243e-08)
(0.002438998 5.19274e-06 -3.331031e-08)
(0.002446253 6.775594e-06 -1.497093e-08)
(0.00244988 6.505271e-06 -1.610759e-08)
(0.002453359 6.247045e-06 -1.668613e-08)
(0.002456699 6.000418e-06 -1.700481e-08)
(0.002459906 5.764853e-06 -1.705758e-08)
(0.002462986 5.539818e-06 -1.685454e-08)
(0.002465944 5.324799e-06 -1.646022e-08)
(0.002457803 6.855094e-06 1.34077e-08)
(0.002461472 6.581301e-06 1.02195e-08)
(0.002464991 6.319737e-06 7.763835e-09)
(0.002468368 6.069904e-06 5.661873e-09)
(0.002471611 5.831264e-06 3.910567e-09)
(0.002474726 5.603285e-06 2.517128e-09)
(0.002477717 5.38545e-06 1.408344e-09)
(0.002454467 6.838378e-06 4.172878e-08)
(0.002458129 6.565311e-06 3.65165e-08)
(0.002461641 6.304445e-06 3.223675e-08)
(0.002465012 6.055283e-06 2.837868e-08)
(0.002468248 5.817285e-06 2.494604e-08)
(0.002471356 5.58992e-06 2.197195e-08)
(0.002474341 5.372674e-06 1.937142e-08)
(0.002436239 6.726054e-06 6.864079e-08)
(0.002439845 6.457883e-06 6.153551e-08)
(0.002443303 6.201726e-06 5.55408e-08)
(0.002446623 5.957085e-06 5.004121e-08)
(0.00244981 5.723422e-06 4.502762e-08)
(0.00245287 5.500207e-06 4.056137e-08)
(0.00245581 5.286929e-06 3.655144e-08)
(0.002295562 1.246294e-05 2.390593e-07)
(0.002301752 1.200673e-05 2.498873e-07)
(0.002307689 1.15651e-05 2.546642e-07)
(0.002313386 1.113825e-05 2.547521e-07)
(0.002318854 1.072624e-05 2.512794e-07)
(0.002324103 1.0329e-05 2.451458e-07)
(0.002329144 9.946382e-06 2.370659e-07)
(0.002333987 9.57817e-06 2.27611e-07)
(0.00233864 9.224071e-06 2.172362e-07)
(0.002343112 8.883751e-06 2.063016e-07)
(0.002347412 8.556836e-06 1.95091e-07)
(0.002351547 8.242927e-06 1.838271e-07)
(0.002355525 7.941604e-06 1.726817e-07)
(0.002359352 7.652436e-06 1.617949e-07)
(0.002363036 7.374982e-06 1.512563e-07)
(0.002366582 7.108803e-06 1.411986e-07)
(0.002369997 6.853459e-06 1.315507e-07)
(0.002373287 6.60852e-06 1.227815e-07)
(0.002121102 1.048282e-05 2.070086e-07)
(0.002126304 1.0075e-05 2.356649e-07)
(0.002131292 9.684084e-06 2.547452e-07)
(0.002136078 9.309683e-06 2.662346e-07)
(0.002140671 8.951343e-06 2.717384e-07)
(0.002145079 8.608552e-06 2.725611e-07)
(0.002149312 8.280759e-06 2.69759e-07)
(0.002153377 7.967391e-06 2.641878e-07)
(0.002157283 7.667858e-06 2.565415e-07)
(0.002161037 7.381568e-06 2.473823e-07)
(0.002164646 7.10793e-06 2.371653e-07)
(0.002168116 6.846362e-06 2.262589e-07)
(0.002171455 6.596295e-06 2.149603e-07)
(0.002174668 6.357174e-06 2.035136e-07)
(0.002177761 6.128466e-06 1.92111e-07)
(0.00218074 5.909655e-06 1.809416e-07)
(0.002183608 5.700249e-06 1.700844e-07)
(0.002186373 5.499785e-06 1.598998e-07)
(0.00184662 7.826942e-06 1.810385e-07)
(0.001850508 7.49797e-06 2.094046e-07)
(0.001854237 7.186863e-06 2.287473e-07)
(0.001857814 6.892661e-06 2.409361e-07)
(0.001861246 6.614405e-06 2.474542e-07)
(0.001864541 6.351154e-06 2.495074e-07)
(0.001867704 6.101995e-06 2.480752e-07)
(0.001870743 5.866048e-06 2.439516e-07)
(0.001873663 5.642472e-06 2.377818e-07)
(0.00187647 5.430468e-06 2.300916e-07)
(0.001879169 5.229284e-06 2.21309e-07)
(0.001881766 5.038209e-06 2.117833e-07)
(0.001884266 4.856579e-06 2.017995e-07)
(0.001886673 4.683773e-06 1.915934e-07)
(0.001888991 4.519214e-06 1.813581e-07)
(0.001891226 4.362364e-06 1.712763e-07)
(0.00189338 4.212726e-06 1.614587e-07)
(0.001895457 4.069854e-06 1.522235e-07)
(0.001465726 4.968412e-06 1.382128e-07)
(0.001468217 4.742199e-06 1.559906e-07)
(0.001470606 4.531811e-06 1.67878e-07)
(0.001472899 4.33599e-06 1.751183e-07)
(0.0014751 4.153546e-06 1.786777e-07)
(0.001477214 3.983365e-06 1.793406e-07)
(0.001479245 3.82441e-06 1.77744e-07)
(0.001481197 3.675718e-06 1.744036e-07)
(0.001483074 3.536402e-06 1.697387e-07)
(0.00148488 3.405648e-06 1.640916e-07)
(0.001486619 3.282708e-06 1.577423e-07)
(0.001488294 3.166903e-06 1.509201e-07)
(0.001489909 3.057612e-06 1.438134e-07)
(0.001491466 2.954273e-06 1.365796e-07)
(0.001492968 2.856376e-06 1.293509e-07)
(0.001494418 2.763462e-06 1.222555e-07)
(0.001495818 2.675115e-06 1.153815e-07)
(0.001497171 2.590978e-06 1.089614e-07)
(0.0009726352 2.403965e-06 7.458136e-08)
(0.000973873 2.28592e-06 8.067263e-08)
(0.0009750619 2.178518e-06 8.447e-08)
(0.0009762042 2.080663e-06 8.646831e-08)
(0.0009773024 1.991351e-06 8.704237e-08)
(0.0009783586 1.909668e-06 8.649928e-08)
(0.0009793753 1.834784e-06 8.508969e-08)
(0.0009803545 1.765952e-06 8.301623e-08)
(0.0009812984 1.702497e-06 8.044407e-08)
(0.0009822089 1.643815e-06 7.750868e-08)
(0.0009830878 1.589366e-06 7.432125e-08)
(0.0009839368 1.538668e-06 7.097332e-08)
(0.0009847575 1.491294e-06 6.754082e-08)
(0.0009855513 1.446865e-06 6.408854e-08)
(0.0009863195 1.405046e-06 6.067256e-08)
(0.0009870636 1.365545e-06 5.735279e-08)
(0.0009877845 1.328104e-06 5.417619e-08)
(0.0009884835 1.292508e-06 5.126528e-08)
(0.0003634445 5.163712e-07 1.092309e-08)
(0.000363734 4.884663e-07 1.099435e-08)
(0.000364013 4.642057e-07 1.094372e-08)
(0.0003642823 4.431106e-07 1.079529e-08)
(0.0003645425 4.247537e-07 1.056726e-08)
(0.0003647941 4.087547e-07 1.027827e-08)
(0.0003650376 3.947775e-07 9.943811e-09)
(0.0003652736 3.825253e-07 9.576105e-09)
(0.0003655027 3.717376e-07 9.185358e-09)
(0.0003657251 3.621865e-07 8.780178e-09)
(0.0003659413 3.536735e-07 8.367748e-09)
(0.0003661517 3.460263e-07 7.954125e-09)
(0.0003663565 3.39096e-07 7.544524e-09)
(0.0003665562 3.327546e-07 7.143942e-09)
(0.0003667509 3.26893e-07 6.756866e-09)
(0.0003669409 3.214185e-07 6.393066e-09)
(0.0003671264 3.162541e-07 6.062761e-09)
(0.0003673076 3.113388e-07 5.787824e-09)
(0.002376651 6.35939e-06 1.134603e-07)
(0.002380072 6.107211e-06 1.033919e-07)
(0.002383354 5.86643e-06 9.445101e-08)
(0.002386504 5.636546e-06 8.625906e-08)
(0.002389529 5.417024e-06 7.867545e-08)
(0.002392434 5.207345e-06 7.174167e-08)
(0.002395226 5.007008e-06 6.539418e-08)
(0.002189202 5.296238e-06 1.489498e-07)
(0.00219208 5.090504e-06 1.368303e-07)
(0.002194842 4.894291e-06 1.255871e-07)
(0.002197495 4.707107e-06 1.153541e-07)
(0.002200044 4.528443e-06 1.058748e-07)
(0.002202494 4.357819e-06 9.708403e-08)
(0.002204849 4.194782e-06 8.89495e-08)
(0.001897585 3.925082e-06 1.421546e-07)
(0.001899753 3.778999e-06 1.307585e-07)
(0.001901836 3.639827e-06 1.20127e-07)
(0.001903838 3.507128e-06 1.105458e-07)
(0.001905764 3.380467e-06 1.016945e-07)
(0.001907618 3.259448e-06 9.34529e-08)
(0.001909403 3.143703e-06 8.58016e-08)
(0.00149856 2.50586e-06 1.018002e-07)
(0.001499977 2.420058e-06 9.349064e-08)
(0.001501342 2.338319e-06 8.585017e-08)
(0.001502657 2.260311e-06 7.908737e-08)
(0.001503924 2.185727e-06 7.286628e-08)
(0.001505147 2.114293e-06 6.706277e-08)
(0.001506327 2.045766e-06 6.166605e-08)
(0.0009892039 1.256498e-06 4.790042e-08)
(0.0009899415 1.220154e-06 4.37954e-08)
(0.0009906539 1.185419e-06 4.018476e-08)
(0.0009913427 1.152106e-06 3.710108e-08)
(0.0009920093 1.120054e-06 3.426144e-08)
(0.0009926545 1.08913e-06 3.159289e-08)
(0.0009932794 1.059219e-06 2.910414e-08)
(0.000367496 3.063333e-07 5.398086e-09)
(0.0003676902 3.012031e-07 4.833039e-09)
(0.0003678788 2.961848e-07 4.464505e-09)
(0.0003680626 2.912323e-07 4.174366e-09)
(0.0003682418 2.863124e-07 3.879103e-09)
(0.0003684165 2.814004e-07 3.59178e-09)
(0.0003685869 2.764783e-07 3.324261e-09)
)
;
    }
    procBoundary11to9
    {
        type            processor;
        value           nonuniform List<vector> 
41
(
(0.00210544 3.136928e-06 4.275565e-08)
(0.002110041 3.015772e-06 -2.025777e-09)
(0.002114467 2.89995e-06 -3.790182e-08)
(0.002118724 2.789275e-06 -6.630276e-08)
(0.00212282 2.683551e-06 -8.843339e-08)
(0.002126763 2.582574e-06 -1.053139e-07)
(0.002130559 2.486138e-06 -1.178106e-07)
(0.002134216 2.394036e-06 -1.266605e-07)
(0.002137738 2.306064e-06 -1.324922e-07)
(0.002141132 2.222023e-06 -1.358429e-07)
(0.002144404 2.141718e-06 -1.371722e-07)
(0.00210544 -3.136906e-06 4.275552e-08)
(0.002110041 -3.015748e-06 -2.025851e-09)
(0.002114467 -2.899924e-06 -3.790172e-08)
(0.002118724 -2.789247e-06 -6.630245e-08)
(0.00212282 -2.683521e-06 -8.843284e-08)
(0.002189611 1.021181e-05 7.267547e-08)
(0.002194572 9.822518e-06 2.778523e-08)
(0.002199339 9.448955e-06 -8.424238e-09)
(0.002203919 9.090742e-06 -3.732721e-08)
(0.002208322 8.747443e-06 -6.008519e-08)
(0.002212556 8.418581e-06 -7.768415e-08)
(0.002216627 8.103652e-06 -9.096338e-08)
(0.002220543 7.802135e-06 -1.006388e-07)
(0.002224312 7.513501e-06 -1.073222e-07)
(0.002227939 7.237216e-06 -1.115377e-07)
(0.00223143 6.972752e-06 -1.137342e-07)
(0.002234793 6.71959e-06 -1.143015e-07)
(0.002238031 6.47722e-06 -1.135702e-07)
(0.002241152 6.245146e-06 -1.118597e-07)
(0.002244158 6.022889e-06 -1.093591e-07)
(0.002247057 5.809996e-06 -1.065793e-07)
(0.002182346 3.548177e-06 1.282945e-07)
(0.002259971 8.112835e-06 -6.775842e-08)
(0.002262469 7.795533e-06 -6.271233e-08)
(0.002264864 7.492756e-06 -5.782898e-08)
(0.00226716 7.203708e-06 -5.313464e-08)
(0.002250025 5.593722e-06 -1.025508e-07)
(0.002253044 5.375032e-06 -9.685011e-08)
(0.002255943 5.166395e-06 -9.120763e-08)
(0.002255943 5.166395e-06 -9.120763e-08)
)
;
    }
    procBoundary11to10
    {
        type            processor;
        value           nonuniform List<vector> 
402
(
(0.00214756 2.064961e-06 -1.368798e-07)
(0.002150603 1.991571e-06 -1.353024e-07)
(0.002153539 1.921375e-06 -1.327698e-07)
(0.002156372 1.854209e-06 -1.294669e-07)
(0.002159108 1.789919e-06 -1.259426e-07)
(0.002126763 -2.582541e-06 -1.053134e-07)
(0.002130559 -2.486102e-06 -1.178105e-07)
(0.002134216 -2.393997e-06 -1.266606e-07)
(0.002137738 -2.306023e-06 -1.324923e-07)
(0.002141132 -2.221978e-06 -1.358432e-07)
(0.002144404 -2.141669e-06 -1.37173e-07)
(0.00214756 -2.064908e-06 -1.368806e-07)
(0.002150603 -1.991515e-06 -1.353025e-07)
(0.002153539 -1.921316e-06 -1.327694e-07)
(0.002156372 -1.854146e-06 -1.294664e-07)
(0.002159108 -1.789851e-06 -1.25942e-07)
(0.002107376 -9.381548e-06 4.336149e-08)
(0.002111929 -9.016933e-06 -4.731995e-10)
(0.002116303 -8.668344e-06 -3.547374e-08)
(0.002120507 -8.335221e-06 -6.307052e-08)
(0.002124549 -8.016975e-06 -8.446759e-08)
(0.002128436 -7.712998e-06 -1.006837e-07)
(0.002132175 -7.422674e-06 -1.125831e-07)
(0.002135772 -7.145387e-06 -1.209008e-07)
(0.002139235 -6.88053e-06 -1.262629e-07)
(0.002142567 -6.627506e-06 -1.29204e-07)
(0.002145777 -6.385736e-06 -1.30181e-07)
(0.002148868 -6.154658e-06 -1.295896e-07)
(0.002151846 -5.933734e-06 -1.277633e-07)
(0.002154716 -5.722446e-06 -1.250302e-07)
(0.002157482 -5.520302e-06 -1.21572e-07)
(0.002160151 -5.32684e-06 -1.179379e-07)
(0.002111178 -1.552819e-05 5.133982e-08)
(0.002115614 -1.491641e-05 9.267616e-09)
(0.00211987 -1.433148e-05 -2.413266e-08)
(0.002123952 -1.377247e-05 -5.028884e-08)
(0.002127868 -1.32384e-05 -7.040098e-08)
(0.002131626 -1.272826e-05 -8.548268e-08)
(0.002135233 -1.224104e-05 -9.63924e-08)
(0.002138695 -1.177572e-05 -1.038585e-07)
(0.00214202 -1.133129e-05 -1.085002e-07)
(0.002145214 -1.090677e-05 -1.108447e-07)
(0.002148282 -1.050121e-05 -1.113412e-07)
(0.002151229 -1.011366e-05 -1.103779e-07)
(0.002154063 -9.74325e-06 -1.082805e-07)
(0.002156786 -9.389106e-06 -1.053702e-07)
(0.002159405 -9.050416e-06 -1.018208e-07)
(0.002161925 -8.726401e-06 -9.818028e-08)
(0.002116595 -2.14735e-05 8.162185e-08)
(0.002120814 -2.06078e-05 4.168228e-08)
(0.002124846 -1.978021e-05 1.01338e-08)
(0.002128699 -1.898941e-05 -1.444114e-08)
(0.002132381 -1.823405e-05 -3.323054e-08)
(0.002135902 -1.751272e-05 -4.723465e-08)
(0.002139267 -1.682399e-05 -5.729764e-08)
(0.002142485 -1.616645e-05 -6.413308e-08)
(0.002145563 -1.553869e-05 -6.834493e-08)
(0.002148507 -1.493935e-05 -7.044512e-08)
(0.002151324 -1.436708e-05 -7.086761e-08)
(0.00215402 -1.382057e-05 -6.998529e-08)
(0.0021566 -1.329858e-05 -6.810917e-08)
(0.00215907 -1.279989e-05 -6.554618e-08)
(0.002161434 -1.232335e-05 -6.24572e-08)
(0.0021637 -1.186784e-05 -5.938059e-08)
(0.002122968 -2.704781e-05 1.589107e-07)
(0.002126805 -2.59189e-05 1.203652e-07)
(0.002130448 -2.48404e-05 8.980606e-08)
(0.002133907 -2.381059e-05 6.584063e-08)
(0.002137193 -2.28277e-05 4.730741e-08)
(0.002140313 -2.188987e-05 3.323346e-08)
(0.002143276 -2.099525e-05 2.28021e-08)
(0.002146091 -2.014198e-05 1.532718e-08)
(0.002148765 -1.932823e-05 1.02319e-08)
(0.002151306 -1.855219e-05 7.030923e-09)
(0.002153721 -1.78121e-05 5.316228e-09)
(0.002156016 -1.710624e-05 4.740083e-09)
(0.002158198 -1.643295e-05 5.015353e-09)
(0.002160273 -1.579062e-05 5.858854e-09)
(0.002162246 -1.517773e-05 7.128412e-09)
(0.002164124 -1.459275e-05 8.311046e-09)
(0.002128812 -3.197786e-05 3.170132e-07)
(0.002132018 -3.057753e-05 2.76997e-07)
(0.002135029 -2.924193e-05 2.445067e-07)
(0.002137856 -2.79688e-05 2.181934e-07)
(0.002140511 -2.67558e-05 1.9694e-07)
(0.002143004 -2.560051e-05 1.798174e-07)
(0.002145345 -2.450052e-05 1.660518e-07)
(0.002147543 -2.345342e-05 1.549988e-07)
(0.002149607 -2.245682e-05 1.461214e-07)
(0.002151545 -2.150837e-05 1.389727e-07)
(0.002153366 -2.060577e-05 1.331808e-07)
(0.002155076 -1.974678e-05 1.284327e-07)
(0.002156682 -1.892926e-05 1.244734e-07)
(0.002158191 -1.815108e-05 1.210527e-07)
(0.002159609 -1.741028e-05 1.180497e-07)
(0.002160943 -1.670479e-05 1.15001e-07)
(0.002131227 -3.585745e-05 5.925033e-07)
(0.002133466 -3.418817e-05 5.449664e-07)
(0.002135522 -3.260081e-05 5.046293e-07)
(0.00213741 -3.109228e-05 4.702017e-07)
(0.002139141 -2.965936e-05 4.406238e-07)
(0.002140727 -2.829882e-05 4.150215e-07)
(0.00214218 -2.700741e-05 3.926735e-07)
(0.002143509 -2.578193e-05 3.729847e-07)
(0.002144725 -2.461921e-05 3.554649e-07)
(0.002145835 -2.351614e-05 3.397105e-07)
(0.002146849 -2.246972e-05 3.253902e-07)
(0.002147774 -2.147702e-05 3.122287e-07)
(0.002148616 -2.053523e-05 3.00004e-07)
(0.002149384 -1.964159e-05 2.88503e-07)
(0.002150081 -1.879356e-05 2.776206e-07)
(0.002150715 -1.798844e-05 2.669699e-07)
(0.002209873 -4.185889e-05 9.792583e-07)
(0.002211006 -3.978981e-05 9.152001e-07)
(0.002211971 -3.782602e-05 8.583687e-07)
(0.002212785 -3.596358e-05 8.075702e-07)
(0.002213464 -3.41984e-05 7.618267e-07)
(0.002214021 -3.252632e-05 7.20335e-07)
(0.00221447 -3.094314e-05 6.824344e-07)
(0.002214821 -2.94447e-05 6.475819e-07)
(0.002215085 -2.802687e-05 6.153311e-07)
(0.002215271 -2.668558e-05 5.853151e-07)
(0.002215389 -2.54169e-05 5.572326e-07)
(0.002215446 -2.421698e-05 5.30834e-07)
(0.002215448 -2.308211e-05 5.05916e-07)
(0.002215403 -2.200868e-05 4.822916e-07)
(0.002215315 -2.099332e-05 4.598473e-07)
(0.002215191 -2.003242e-05 4.382981e-07)
(0.002209873 -4.185889e-05 9.792583e-07)
(0.002211006 -3.978981e-05 9.152001e-07)
(0.002211971 -3.782602e-05 8.583687e-07)
(0.002212785 -3.596358e-05 8.075702e-07)
(0.002213464 -3.41984e-05 7.618267e-07)
(0.002214021 -3.252632e-05 7.20335e-07)
(0.00221447 -3.094314e-05 6.824344e-07)
(0.002214821 -2.94447e-05 6.475819e-07)
(0.002215085 -2.802687e-05 6.153311e-07)
(0.002215271 -2.668558e-05 5.853151e-07)
(0.002215389 -2.54169e-05 5.572326e-07)
(0.002215446 -2.421698e-05 5.30834e-07)
(0.002215448 -2.308211e-05 5.05916e-07)
(0.002215403 -2.200868e-05 4.822916e-07)
(0.002215315 -2.099332e-05 4.598473e-07)
(0.002215191 -2.003242e-05 4.382981e-07)
(0.002187265 -4.21261e-05 1.493516e-06)
(0.002186609 -3.987179e-05 1.402798e-06)
(0.002185866 -3.774537e-05 1.320094e-06)
(0.002185048 -3.574076e-05 1.244237e-06)
(0.00218417 -3.385188e-05 1.174278e-06)
(0.002183244 -3.207276e-05 1.109436e-06)
(0.002182279 -3.039752e-05 1.049071e-06)
(0.002181285 -2.882045e-05 9.926562e-07)
(0.002180269 -2.733603e-05 9.397574e-07)
(0.002179239 -2.593891e-05 8.90015e-07)
(0.0021782 -2.462398e-05 8.431304e-07)
(0.002177156 -2.338632e-05 7.988533e-07)
(0.002176114 -2.222128e-05 7.569749e-07)
(0.002175075 -2.112436e-05 7.173097e-07)
(0.002174044 -2.009142e-05 6.797151e-07)
(0.002173023 -1.91181e-05 6.439901e-07)
(0.002136717 -3.960139e-05 2.072168e-06)
(0.002134133 -3.730669e-05 1.945736e-06)
(0.002131577 -3.515742e-05 1.828864e-06)
(0.002129059 -3.314504e-05 1.720391e-06)
(0.002126586 -3.126126e-05 1.619362e-06)
(0.002124164 -2.949815e-05 1.52499e-06)
(0.002121797 -2.784812e-05 1.436618e-06)
(0.002119488 -2.630395e-05 1.353701e-06)
(0.00211724 -2.485877e-05 1.275779e-06)
(0.002115054 -2.350609e-05 1.202459e-06)
(0.002112931 -2.223975e-05 1.133408e-06)
(0.002110872 -2.105398e-05 1.068335e-06)
(0.002108876 -1.994333e-05 1.006989e-06)
(0.002106943 -1.890266e-05 9.491489e-07)
(0.002105073 -1.792725e-05 8.946078e-07)
(0.002103263 -1.70123e-05 8.432225e-07)
(0.002044655 -3.425414e-05 2.607949e-06)
(0.002040371 -3.211637e-05 2.44314e-06)
(0.002036253 -3.012878e-05 2.289908e-06)
(0.002032298 -2.828082e-05 2.147095e-06)
(0.002028504 -2.656261e-05 2.013729e-06)
(0.002024867 -2.496485e-05 1.888992e-06)
(0.002021382 -2.347884e-05 1.772186e-06)
(0.002018044 -2.209643e-05 1.66271e-06)
(0.002014849 -2.081005e-05 1.56004e-06)
(0.002011791 -1.961261e-05 1.463716e-06)
(0.002008865 -1.849753e-05 1.37333e-06)
(0.002006065 -1.745869e-05 1.288514e-06)
(0.002003386 -1.649042e-05 1.208936e-06)
(0.002000823 -1.558743e-05 1.134305e-06)
(0.001998371 -1.474488e-05 1.064322e-06)
(0.001996024 -1.39581e-05 9.988532e-07)
(0.001896021 -2.669692e-05 2.972225e-06)
(0.001890688 -2.492006e-05 2.776356e-06)
(0.001885637 -2.327954e-05 2.593933e-06)
(0.001880855 -2.176443e-05 2.423833e-06)
(0.001876326 -2.036465e-05 2.265086e-06)
(0.001872037 -1.907091e-05 2.116841e-06)
(0.001867974 -1.787464e-05 1.978351e-06)
(0.001864125 -1.676796e-05 1.848945e-06)
(0.001860477 -1.574361e-05 1.728019e-06)
(0.001857018 -1.479493e-05 1.615027e-06)
(0.001853738 -1.391578e-05 1.509463e-06)
(0.001850625 -1.310055e-05 1.410868e-06)
(0.001847671 -1.234406e-05 1.318813e-06)
(0.001844865 -1.16416e-05 1.232918e-06)
(0.001842199 -1.098882e-05 1.152786e-06)
(0.001839663 -1.038179e-05 1.078245e-06)
(0.001674909 -1.812076e-05 3.065497e-06)
(0.001669464 -1.685119e-05 2.855655e-06)
(0.001664358 -1.568617e-05 2.660294e-06)
(0.001659568 -1.461646e-05 2.478375e-06)
(0.001655072 -1.363363e-05 2.308957e-06)
(0.001650848 -1.273003e-05 2.15118e-06)
(0.001646878 -1.189868e-05 2.004258e-06)
(0.001643143 -1.113325e-05 1.867467e-06)
(0.001639627 -1.042797e-05 1.740136e-06)
(0.001636314 -9.777588e-06 1.621642e-06)
(0.00163319 -9.177348e-06 1.511404e-06)
(0.001630243 -8.622915e-06 1.408883e-06)
(0.001627459 -8.11035e-06 1.313574e-06)
(0.001624828 -7.636095e-06 1.225026e-06)
(0.001622339 -7.196881e-06 1.142771e-06)
(0.001619982 -6.78998e-06 1.066574e-06)
(0.001363724 -1.00425e-05 2.846149e-06)
(0.001359119 -9.31227e-06 2.645799e-06)
(0.00135483 -8.645464e-06 2.459566e-06)
(0.001350831 -8.03606e-06 2.286523e-06)
(0.001347099 -7.478624e-06 2.125792e-06)
(0.001343612 -6.96826e-06 1.976544e-06)
(0.001340351 -6.500554e-06 1.838003e-06)
(0.001337297 -6.071531e-06 1.70944e-06)
(0.001334435 -5.677607e-06 1.590169e-06)
(0.001331748 -5.315553e-06 1.47955e-06)
(0.001329225 -4.982456e-06 1.376985e-06)
(0.001326851 -4.675695e-06 1.281915e-06)
(0.001324616 -4.3929e-06 1.193817e-06)
(0.00132251 -4.131974e-06 1.112218e-06)
(0.001320523 -3.89095e-06 1.036645e-06)
(0.001318645 -3.668412e-06 9.66806e-07)
(0.000940388 -3.717773e-06 2.287389e-06)
(0.0009373335 -3.440791e-06 2.124187e-06)
(0.0009345007 -3.188851e-06 1.972783e-06)
(0.0009318696 -2.959421e-06 1.832406e-06)
(0.0009294227 -2.750249e-06 1.702313e-06)
(0.0009271437 -2.559325e-06 1.581793e-06)
(0.0009250181 -2.384857e-06 1.470176e-06)
(0.0009230329 -2.225242e-06 1.366833e-06)
(0.0009211762 -2.079049e-06 1.271172e-06)
(0.0009194374 -1.944996e-06 1.182638e-06)
(0.0009178067 -1.821934e-06 1.100717e-06)
(0.0009162755 -1.70884e-06 1.024927e-06)
(0.0009148359 -1.604793e-06 9.548201e-07)
(0.0009134805 -1.509008e-06 8.899913e-07)
(0.0009122032 -1.420704e-06 8.300437e-07)
(0.0009109973 -1.339504e-06 7.746917e-07)
(0.0003745191 -2.064803e-07 1.203626e-06)
(0.0003734186 -1.905231e-07 1.117998e-06)
(0.0003724005 -1.761263e-07 1.03866e-06)
(0.0003714568 -1.631077e-07 9.651858e-07)
(0.0003705808 -1.513125e-07 8.971672e-07)
(0.0003697661 -1.40607e-07 8.342167e-07)
(0.0003690072 -1.308749e-07 7.759696e-07)
(0.0003682991 -1.220141e-07 7.220841e-07)
(0.0003676374 -1.139347e-07 6.722406e-07)
(0.000367018 -1.065579e-07 6.261405e-07)
(0.0003664374 -9.981371e-08 5.835058e-07)
(0.0003658923 -9.364407e-08 5.440779e-07)
(0.0003653799 -8.799308e-08 5.076164e-07)
(0.0003648973 -8.283701e-08 4.739004e-07)
(0.0003644424 -7.810329e-08 4.427133e-07)
(0.0003640126 -7.389448e-08 4.138808e-07)
(0.002170901 4.562257e-06 -9.354462e-08)
(0.002173369 4.389938e-06 -8.74733e-08)
(0.002175741 4.225366e-06 -8.158915e-08)
(0.002178024 4.068095e-06 -7.591407e-08)
(0.002161913 1.72464e-06 -1.210764e-07)
(0.002164771 1.658653e-06 -1.144111e-07)
(0.00216752 1.595711e-06 -1.078955e-07)
(0.002170165 1.535649e-06 -1.016393e-07)
(0.002172712 1.478299e-06 -9.550101e-08)
(0.002175164 1.423506e-06 -8.952368e-08)
(0.002177525 1.371121e-06 -8.373443e-08)
(0.002161913 -1.724567e-06 -1.210759e-07)
(0.002164771 -1.658574e-06 -1.144105e-07)
(0.00216752 -1.595623e-06 -1.078948e-07)
(0.002170165 -1.535555e-06 -1.016384e-07)
(0.002172712 -1.478201e-06 -9.550023e-08)
(0.002175164 -1.423406e-06 -8.952317e-08)
(0.002177525 -1.371023e-06 -8.373633e-08)
(0.002162883 -5.130446e-06 -1.129933e-07)
(0.002165664 -4.931978e-06 -1.062816e-07)
(0.002168334 -4.742715e-06 -9.976383e-08)
(0.002170901 -4.56217e-06 -9.354222e-08)
(0.002173369 -4.389847e-06 -8.747027e-08)
(0.002175742 -4.225272e-06 -8.158697e-08)
(0.002178024 -4.067998e-06 -7.591794e-08)
(0.002164498 -8.397661e-06 -9.330284e-08)
(0.00216711 -8.065679e-06 -8.673531e-08)
(0.002169612 -7.749299e-06 -8.043998e-08)
(0.00217201 -7.447708e-06 -7.4504e-08)
(0.002174308 -7.160076e-06 -6.87703e-08)
(0.002176512 -6.885606e-06 -6.326981e-08)
(0.002178626 -6.623545e-06 -5.802073e-08)
(0.002166005 -1.140619e-05 -5.520087e-08)
(0.002168333 -1.094057e-05 -4.94739e-08)
(0.002170553 -1.049736e-05 -4.410393e-08)
(0.00217267 -1.00754e-05 -3.915407e-08)
(0.002174691 -9.673509e-06 -3.445477e-08)
(0.00217662 -9.29055e-06 -3.002555e-08)
(0.002178461 -8.92544e-06 -2.58739e-08)
(0.00216602 -1.400093e-05 1.038742e-08)
(0.002167923 -1.340523e-05 1.378267e-08)
(0.002169723 -1.283925e-05 1.678739e-08)
(0.002171428 -1.230147e-05 1.936971e-08)
(0.002173043 -1.17903e-05 2.170693e-08)
(0.002174573 -1.130421e-05 2.379246e-08)
(0.002176024 -1.084176e-05 2.563005e-08)
(0.002162274 -1.599293e-05 1.125625e-07)
(0.002163591 -1.527843e-05 1.111266e-07)
(0.00216482 -1.460138e-05 1.09413e-07)
(0.002165968 -1.395977e-05 1.074211e-07)
(0.002167041 -1.335161e-05 1.053201e-07)
(0.002168044 -1.277488e-05 1.031121e-07)
(0.002168983 -1.222771e-05 1.008079e-07)
(0.002151325 -1.717881e-05 2.566043e-07)
(0.002151906 -1.636911e-05 2.46869e-07)
(0.002152424 -1.560444e-05 2.372387e-07)
(0.002152886 -1.488228e-05 2.277309e-07)
(0.002153298 -1.420009e-05 2.184752e-07)
(0.002153663 -1.355535e-05 2.09469e-07)
(0.002153988 -1.294568e-05 2.00716e-07)
(0.002215024 -1.906962e-05 4.167789e-07)
(0.002214813 -1.811038e-05 3.95571e-07)
(0.002214572 -1.720787e-05 3.752532e-07)
(0.002214306 -1.63588e-05 3.558135e-07)
(0.002214019 -1.555985e-05 3.372886e-07)
(0.002213715 -1.480772e-05 3.196429e-07)
(0.002213396 -1.409931e-05 3.028442e-07)
(0.002215024 -1.906962e-05 4.167789e-07)
(0.002214813 -1.811038e-05 3.95571e-07)
(0.002214572 -1.720787e-05 3.752532e-07)
(0.002214306 -1.63588e-05 3.558135e-07)
(0.002214019 -1.555985e-05 3.372886e-07)
(0.002213715 -1.480772e-05 3.196429e-07)
(0.002213396 -1.409931e-05 3.028442e-07)
(0.002171952 -1.814721e-05 6.081482e-07)
(0.002170836 -1.71843e-05 5.724228e-07)
(0.00216974 -1.628231e-05 5.386721e-07)
(0.002168666 -1.543738e-05 5.068395e-07)
(0.002167615 -1.464566e-05 4.768391e-07)
(0.002166589 -1.390337e-05 4.485759e-07)
(0.002165588 -1.320698e-05 4.219608e-07)
(0.002101406 -1.610376e-05 7.917625e-07)
(0.002099513 -1.520668e-05 7.40429e-07)
(0.002097692 -1.437012e-05 6.924337e-07)
(0.002095941 -1.35899e-05 6.476262e-07)
(0.002094257 -1.286187e-05 6.057619e-07)
(0.00209264 -1.218203e-05 5.66657e-07)
(0.002091085 -1.15467e-05 5.301381e-07)
(0.00199364 -1.318008e-05 9.335466e-07)
(0.001991233 -1.24149e-05 8.685991e-07)
(0.001988942 -1.170441e-05 8.083678e-07)
(0.001986759 -1.104451e-05 7.525725e-07)
(0.001984678 -1.043116e-05 7.008058e-07)
(0.001982695 -9.860537e-06 6.527811e-07)
(0.001980804 -9.329145e-06 6.082281e-07)
(0.001837104 -9.783536e-06 1.004211e-06)
(0.001834537 -9.196957e-06 9.309114e-07)
(0.001832108 -8.654448e-06 8.633623e-07)
(0.001829807 -8.152446e-06 8.011516e-07)
(0.001827626 -7.687425e-06 7.437491e-07)
(0.001825556 -7.256175e-06 6.907797e-07)
(0.001823593 -6.855776e-06 6.418894e-07)
(0.001617612 -6.389808e-06 9.911961e-07)
(0.001615245 -5.998094e-06 9.169112e-07)
(0.001613014 -5.637095e-06 8.487555e-07)
(0.001610907 -5.304107e-06 7.862306e-07)
(0.001608917 -4.996479e-06 7.287634e-07)
(0.001607034 -4.711904e-06 6.759333e-07)
(0.001605252 -4.448287e-06 6.273428e-07)
(0.001316761 -3.449512e-06 8.979129e-07)
(0.001314883 -3.235184e-06 8.30294e-07)
(0.001313117 -3.038427e-06 7.684061e-07)
(0.001311452 -2.857448e-06 7.117469e-07)
(0.001309882 -2.690588e-06 6.597897e-07)
(0.001308399 -2.536507e-06 6.121255e-07)
(0.001306997 -2.393984e-06 5.68367e-07)
(0.0009097876 -1.259264e-06 7.201852e-07)
(0.0009085832 -1.180388e-06 6.668142e-07)
(0.0009074512 -1.1085e-06 6.1798e-07)
(0.0009063847 -1.042563e-06 5.732822e-07)
(0.0009053791 -9.818377e-07 5.323149e-07)
(0.0009044295 -9.258122e-07 4.947432e-07)
(0.0009035319 -8.74015e-07 4.602522e-07)
(0.0003635812 -6.953556e-08 3.854363e-07)
(0.000363152 -6.505031e-08 3.576713e-07)
(0.0003627484 -6.124424e-08 3.322738e-07)
(0.0003623679 -5.774008e-08 3.090146e-07)
(0.0003620088 -5.449399e-08 2.876805e-07)
(0.0003616694 -5.149391e-08 2.68094e-07)
(0.0003613482 -4.871274e-08 2.500907e-07)
)
;
    }
    procBoundary11to13
    {
        type            processor;
        value           nonuniform List<vector> 
226
(
(0.002182346 -3.548156e-06 1.282946e-07)
(0.002184446 -1.061713e-05 1.278775e-07)
(0.002188596 -1.759307e-05 1.335229e-07)
(0.002194594 -2.437334e-05 1.596677e-07)
(0.002201839 -3.078214e-05 2.305542e-07)
(0.002208901 -3.652491e-05 3.799158e-07)
(0.002212868 -4.114726e-05 6.450656e-07)
(0.002249319 -3.795767e-06 1.568828e-07)
(0.002251517 -1.136081e-05 1.564467e-07)
(0.002255868 -1.883458e-05 1.61385e-07)
(0.002262178 -2.611265e-05 1.846154e-07)
(0.002269849 -3.301156e-05 2.477905e-07)
(0.002277426 -3.921851e-05 3.809276e-07)
(0.00228191 -4.424516e-05 6.170635e-07)
(0.002277915 -4.742742e-05 9.788056e-07)
(0.002256934 -4.802157e-05 1.459075e-06)
(0.002207111 -4.544122e-05 2.002842e-06)
(0.002113827 -3.957159e-05 2.507999e-06)
(0.001960922 -3.104731e-05 2.849821e-06)
(0.00173167 -2.121368e-05 2.932273e-06)
(0.001408232 -1.184004e-05 2.712474e-06)
(0.0009689373 -4.42993e-06 2.171666e-06)
(0.0003844077 -2.624296e-07 1.134028e-06)
(0.00230187 -3.999831e-06 1.825402e-07)
(0.002304145 -1.197388e-05 1.820757e-07)
(0.002308657 -1.985866e-05 1.860413e-07)
(0.002315219 -2.754863e-05 2.052855e-07)
(0.002323236 -3.485431e-05 2.579403e-07)
(0.002331238 -4.144799e-05 3.689962e-07)
(0.002336157 -4.681321e-05 5.657401e-07)
(0.00233245 -5.024232e-05 8.663188e-07)
(0.002311321 -5.093775e-05 1.263847e-06)
(0.002260482 -4.826422e-05 1.711086e-06)
(0.00216479 -4.20871e-05 2.122304e-06)
(0.002007568 -3.307016e-05 2.392861e-06)
(0.001771716 -2.263974e-05 2.445265e-06)
(0.001439258 -1.267257e-05 2.24437e-06)
(0.00098869 -4.770386e-06 1.786089e-06)
(0.0003911942 -2.947021e-07 9.239373e-07)
(0.002340249 -4.155006e-06 2.043091e-07)
(0.002342582 -1.244019e-05 2.038098e-07)
(0.002347213 -2.063797e-05 2.065834e-07)
(0.002353962 -2.864217e-05 2.20949e-07)
(0.002362239 -3.62589e-05 2.6074e-07)
(0.002370563 -4.314922e-05 3.448249e-07)
(0.002375819 -4.877508e-05 4.935131e-07)
(0.002372346 -5.23953e-05 7.19611e-07)
(0.002351132 -5.317064e-05 1.016631e-06)
(0.002299568 -5.042775e-05 1.347101e-06)
(0.002202118 -4.40164e-05 1.645454e-06)
(0.002041722 -3.462236e-05 1.831772e-06)
(0.001801008 -2.373455e-05 1.850938e-06)
(0.001461915 -1.331158e-05 1.677253e-06)
(0.001003086 -5.032081e-06 1.32282e-06)
(0.0003961312 -3.199578e-07 6.7432e-07)
(0.002364653 -4.257288e-06 2.216841e-07)
(0.002367022 -1.274761e-05 2.211455e-07)
(0.002371729 -2.115195e-05 2.225627e-07)
(0.002378599 -2.93638e-05 2.313783e-07)
(0.002387045 -3.718644e-05 2.56543e-07)
(0.002395579 -4.427352e-05 3.099847e-07)
(0.002401058 -5.007268e-05 4.041229e-07)
(0.002397746 -5.382037e-05 5.457839e-07)
(0.002376492 -5.464957e-05 7.29057e-07)
(0.002324477 -5.186144e-05 9.277541e-07)
(0.00222591 -4.529539e-05 1.099324e-06)
(0.002063485 -3.56515e-05 1.192062e-06)
(0.001819658 -2.446072e-05 1.176025e-06)
(0.001476322 -1.373501e-05 1.036237e-06)
(0.001012226 -5.206013e-06 8.021137e-07)
(0.0003992618 -3.374734e-07 3.955739e-07)
(0.002375212 -4.304074e-06 2.345936e-07)
(0.002377597 -1.288826e-05 2.340123e-07)
(0.002382337 -2.13872e-05 2.339693e-07)
(0.002389259 -2.969428e-05 2.368166e-07)
(0.00239778 -3.761149e-05 2.46264e-07)
(0.002406409 -4.478899e-05 2.668036e-07)
(0.002411989 -5.066781e-05 3.02424e-07)
(0.002408752 -5.447404e-05 3.536109e-07)
(0.002387487 -5.532788e-05 4.15176e-07)
(0.002335282 -5.251879e-05 4.731755e-07)
(0.002236233 -4.588167e-05 5.098212e-07)
(0.002072926 -3.612292e-05 5.037442e-07)
(0.001827742 -2.479358e-05 4.517853e-07)
(0.001482559 -1.392833e-05 3.504651e-07)
(0.001016176 -5.286419e-06 2.473674e-07)
(0.0004006127 -3.469352e-07 9.933814e-08)
(0.002365341 -4.451615e-06 2.642328e-07)
(0.00237199 -4.294196e-06 2.434081e-07)
(0.00237199 -4.294196e-06 2.434081e-07)
(0.002367761 -1.33334e-05 2.635241e-07)
(0.00237437 -1.28586e-05 2.427807e-07)
(0.00237437 -1.28586e-05 2.427807e-07)
(0.002379099 -2.133772e-05 2.412401e-07)
(0.002379099 -2.133772e-05 2.412401e-07)
(0.002386006 -2.962497e-05 2.379796e-07)
(0.002386006 -2.962497e-05 2.379796e-07)
(0.002394505 -3.752256e-05 2.313617e-07)
(0.002394505 -3.752256e-05 2.313617e-07)
(0.002403108 -4.468123e-05 2.183061e-07)
(0.002403108 -4.468123e-05 2.183061e-07)
(0.002408663 -5.054321e-05 1.942408e-07)
(0.002408663 -5.054321e-05 1.942408e-07)
(0.002405412 -5.433661e-05 1.53258e-07)
(0.002405412 -5.433661e-05 1.53258e-07)
(0.00238416 -5.518444e-05 9.098788e-08)
(0.00238416 -5.518444e-05 9.098788e-08)
(0.002332021 -5.23787e-05 6.057321e-09)
(0.002332021 -5.23787e-05 6.057321e-09)
(0.002233121 -4.575603e-05 -9.405682e-08)
(0.002233121 -4.575603e-05 -9.405682e-08)
(0.002070077 -3.602097e-05 -1.997955e-07)
(0.002070077 -3.602097e-05 -1.997955e-07)
(0.001825293 -2.472206e-05 -2.872484e-07)
(0.001825293 -2.472206e-05 -2.872484e-07)
(0.001480659 -1.3885e-05 -3.481071e-07)
(0.001480659 -1.3885e-05 -3.481071e-07)
(0.001014962 -5.271074e-06 -3.160543e-07)
(0.001014962 -5.271074e-06 -3.160543e-07)
(0.0004001953 -3.486836e-07 -2.026053e-07)
(0.0004001953 -3.486836e-07 -2.026053e-07)
(0.002355589 -2.179793e-05 2.545428e-07)
(0.002355589 -2.179793e-05 2.545428e-07)
(0.002362611 -3.028803e-05 2.45551e-07)
(0.002371373 -3.841168e-05 2.23301e-07)
(0.002380508 -4.58282e-05 1.768544e-07)
(0.002387028 -5.198058e-05 9.247593e-08)
(0.00238534 -5.607782e-05 -4.304963e-08)
(0.00236633 -5.719314e-05 -2.341552e-07)
(0.002317024 -5.453976e-05 -4.698556e-07)
(0.002221246 -4.787226e-05 -7.163735e-07)
(0.002061193 -3.78539e-05 -9.314111e-07)
(0.001818937 -2.607421e-05 -1.062075e-06)
(0.001476325 -1.467581e-05 -1.087417e-06)
(0.00101239 -5.57762e-06 -9.185498e-07)
(0.0003993746 -3.722223e-07 -5.31924e-07)
(0.002300166 -2.068211e-05 2.342828e-07)
(0.002300166 -2.068211e-05 2.342828e-07)
(0.002306917 -2.872008e-05 2.15656e-07)
(0.002315302 -3.639317e-05 1.667612e-07)
(0.002323963 -4.337522e-05 6.328743e-08)
(0.002329973 -4.913888e-05 -1.238697e-07)
(0.002327896 -5.294131e-05 -4.196107e-07)
(0.002308928 -5.391891e-05 -8.275655e-07)
(0.002260563 -5.13452e-05 -1.314678e-06)
(0.002167216 -4.500547e-05 -1.802818e-06)
(0.002011664 -3.553401e-05 -2.193546e-06)
(0.001776397 -2.443398e-05 -2.387624e-06)
(0.001443387 -1.371225e-05 -2.337675e-06)
(0.0009914481 -5.196355e-06 -1.938796e-06)
(0.0003921931 -3.54669e-07 -1.06961e-06)
(0.002125184 -1.737406e-05 2.003966e-07)
(0.002125184 -1.737406e-05 2.003966e-07)
(0.002131118 -2.407989e-05 1.726854e-07)
(0.002138374 -3.043419e-05 9.866853e-08)
(0.002145645 -3.615579e-05 -5.834061e-08)
(0.002150208 -4.080499e-05 -3.414789e-07)
(0.002147129 -4.377762e-05 -7.859133e-07)
(0.002128533 -4.438718e-05 -1.394008e-06)
(0.002083331 -4.207378e-05 -2.111894e-06)
(0.001997697 -3.670168e-05 -2.82127e-06)
(0.001856172 -2.882075e-05 -3.371752e-06)
(0.001642572 -1.967948e-05 -3.624542e-06)
(0.001339412 -1.092131e-05 -3.504733e-06)
(0.0009250473 -4.051339e-06 -2.911793e-06)
(0.0003693138 -2.466973e-07 -1.570201e-06)
(0.001849938 -1.294615e-05 1.747899e-07)
(0.001849938 -1.294615e-05 1.747899e-07)
(0.0018547 -1.788805e-05 1.470367e-07)
(0.001860388 -2.251514e-05 7.182442e-08)
(0.001865811 -2.660982e-05 -8.841842e-08)
(0.001868597 -2.984816e-05 -3.776224e-07)
(0.001864576 -3.180235e-05 -8.312014e-07)
(0.001847229 -3.200447e-05 -1.451114e-06)
(0.001807471 -3.00943e-05 -2.181957e-06)
(0.001733969 -2.602219e-05 -2.903705e-06)
(0.001613836 -2.022148e-05 -3.46313e-06)
(0.001433024 -1.361099e-05 -3.722228e-06)
(0.001175332 -7.378595e-06 -3.603599e-06)
(0.0008191887 -2.605673e-06 -3.015902e-06)
(0.0003324392 -1.085976e-07 -1.636658e-06)
(0.001468113 -8.193925e-06 1.342162e-07)
(0.001468113 -8.193925e-06 1.342162e-07)
(0.001471484 -1.127117e-05 1.143832e-07)
(0.001475386 -1.410064e-05 5.912978e-08)
(0.001478847 -1.65372e-05 -5.991434e-08)
(0.001480009 -1.837872e-05 -2.759544e-07)
(0.001475705 -1.937335e-05 -6.158451e-07)
(0.001461091 -1.926216e-05 -1.081425e-06)
(0.001429494 -1.786678e-05 -1.631501e-06)
(0.001372579 -1.520278e-05 -2.176562e-06)
(0.001280688 -1.157103e-05 -2.602102e-06)
(0.001142798 -7.551769e-06 -2.806455e-06)
(0.0009452424 -3.876781e-06 -2.732718e-06)
(0.0006681484 -1.19966e-06 -2.312861e-06)
(0.0002786849 2.311697e-08 -1.276996e-06)
(0.0009740289 -3.946555e-06 7.343191e-08)
(0.0009740289 -3.946555e-06 7.343191e-08)
(0.0009759622 -5.390604e-06 6.503452e-08)
(0.0009781205 -6.678783e-06 3.981894e-08)
(0.0009798573 -7.735403e-06 -1.624179e-08)
(0.000979982 -8.464586e-06 -1.197761e-07)
(0.0009765186 -8.75776e-06 -2.845602e-07)
(0.0009665004 -8.515984e-06 -5.122213e-07)
(0.0009458848 -7.688787e-06 -7.831682e-07)
(0.0009096184 -6.319153e-06 -1.053736e-06)
(0.0008517371 -4.576295e-06 -1.267942e-06)
(0.0007651443 -2.747104e-06 -1.376819e-06)
(0.0006404088 -1.18093e-06 -1.354707e-06)
(0.000462422 -1.769685e-07 -1.167616e-06)
(0.0002022591 1.034217e-07 -6.670824e-07)
(0.0003638828 -8.384114e-07 1.111063e-08)
(0.0003638828 -8.384114e-07 1.111063e-08)
(0.0003644803 -1.125449e-06 1.066558e-08)
(0.0003651223 -1.360337e-06 8.479078e-09)
(0.0003655795 -1.523765e-06 2.828075e-09)
(0.00036544 -1.595654e-06 -8.454807e-09)
(0.0003640324 -1.558761e-06 -2.736084e-08)
(0.0003603623 -1.404455e-06 -5.446731e-08)
(0.0003530859 -1.139711e-06 -8.770421e-08)
(0.0003405244 -7.923448e-07 -1.217086e-07)
(0.000320673 -4.130334e-07 -1.495495e-07)
(0.0002910763 -7.061339e-08 -1.65215e-07)
(0.0002482922 1.560624e-07 -1.674297e-07)
(0.0001862185 2.072913e-07 -1.548046e-07)
(9.02177e-05 9.389456e-08 -1.107527e-07)
)
;
    }
    procBoundary11to14
    {
        type            processor;
        value           nonuniform List<vector> 
21
(
(0.00234159 4.544297e-06 2.646007e-07)
(0.00234159 -4.54428e-06 2.646005e-07)
(0.002344021 -1.361352e-05 2.641517e-07)
(0.002286755 4.318129e-06 2.203475e-07)
(0.002286755 -4.318112e-06 2.203472e-07)
(0.002289106 -1.293335e-05 2.2048e-07)
(0.002113575 3.644201e-06 1.655209e-07)
(0.002113575 -3.644184e-06 1.655208e-07)
(0.002115677 -1.090779e-05 1.662608e-07)
(0.001840837 2.733897e-06 1.401282e-07)
(0.001840837 -2.733881e-06 1.401281e-07)
(0.001842567 -8.174707e-06 1.412446e-07)
(0.001461869 1.745571e-06 1.116787e-07)
(0.001461869 -1.745557e-06 1.116787e-07)
(0.00146313 -5.211757e-06 1.129056e-07)
(0.0009705987 8.505956e-07 6.451276e-08)
(0.0009705987 -8.505842e-07 6.451277e-08)
(0.0009713462 -2.533831e-06 6.550787e-08)
(0.0003629059 1.851108e-07 1.040357e-08)
(0.0003629059 -1.851054e-07 1.040356e-08)
(0.0003631441 -5.484493e-07 1.067049e-08)
)
;
    }
}


// ************************************************************************* //
