/*--------------------------------*- C++ -*----------------------------------*\
| =========                 |                                                 |
| \\      /  F ield         | OpenFOAM: The Open Source CFD Toolbox           |
|  \\    /   O peration     | Version:  2406                                  |
|   \\  /    A nd           | Website:  www.openfoam.com                      |
|    \\/     M anipulation  |                                                 |
\*---------------------------------------------------------------------------*/
FoamFile
{
    version     2.0;
    format      ascii;
    arch        "LSB;label=32;scalar=64";
    class       vectorField;
    location    "constant/polyMesh";
    object      points;
}
// * * * * * * * * * * * * * * * * * * * * * * * * * * * * * * * * * * * * * //


6528
(
(0.1166666667 -0.07 0)
(0.12 -0.07 0)
(0.1233333333 -0.07 0)
(0.1266666667 -0.07 0)
(0.13 -0.07 0)
(0.1333333333 -0.07 0)
(0.1366666667 -0.07 0)
(0.14 -0.07 0)
(0.1433333333 -0.07 0)
(0.1466666667 -0.07 0)
(0.15 -0.07 0)
(0.1533333333 -0.07 0)
(0.1566666667 -0.07 0)
(0.16 -0.07 0)
(0.1633333333 -0.07 0)
(0.1666666667 -0.07 0)
(0.17 -0.07 0)
(0.1733333333 -0.07 0)
(0.1766666667 -0.07 0)
(0.18 -0.07 0)
(0.1166666667 -0.065625 0)
(0.12 -0.065625 0)
(0.1233333333 -0.065625 0)
(0.1266666667 -0.065625 0)
(0.13 -0.065625 0)
(0.1333333333 -0.065625 0)
(0.1366666667 -0.065625 0)
(0.14 -0.065625 0)
(0.1433333333 -0.065625 0)
(0.1466666667 -0.065625 0)
(0.15 -0.065625 0)
(0.1533333333 -0.065625 0)
(0.1566666667 -0.065625 0)
(0.16 -0.065625 0)
(0.1633333333 -0.065625 0)
(0.1666666667 -0.065625 0)
(0.17 -0.065625 0)
(0.1733333333 -0.065625 0)
(0.1766666667 -0.065625 0)
(0.18 -0.065625 0)
(0.1166666667 -0.06125 0)
(0.12 -0.06125 0)
(0.1233333333 -0.06125 0)
(0.1266666667 -0.06125 0)
(0.13 -0.06125 0)
(0.1333333333 -0.06125 0)
(0.1366666667 -0.06125 0)
(0.14 -0.06125 0)
(0.1433333333 -0.06125 0)
(0.1466666667 -0.06125 0)
(0.15 -0.06125 0)
(0.1533333333 -0.06125 0)
(0.1566666667 -0.06125 0)
(0.16 -0.06125 0)
(0.1633333333 -0.06125 0)
(0.1666666667 -0.06125 0)
(0.17 -0.06125 0)
(0.1733333333 -0.06125 0)
(0.1766666667 -0.06125 0)
(0.18 -0.06125 0)
(0.1166666667 -0.056875 0)
(0.12 -0.056875 0)
(0.1233333333 -0.056875 0)
(0.1266666667 -0.056875 0)
(0.13 -0.056875 0)
(0.1333333333 -0.056875 0)
(0.1366666667 -0.056875 0)
(0.14 -0.056875 0)
(0.1433333333 -0.056875 0)
(0.1466666667 -0.056875 0)
(0.15 -0.056875 0)
(0.1533333333 -0.056875 0)
(0.1566666667 -0.056875 0)
(0.16 -0.056875 0)
(0.1633333333 -0.056875 0)
(0.1666666667 -0.056875 0)
(0.17 -0.056875 0)
(0.1733333333 -0.056875 0)
(0.1766666667 -0.056875 0)
(0.18 -0.056875 0)
(0.1166666667 -0.0525 0)
(0.12 -0.0525 0)
(0.1233333333 -0.0525 0)
(0.1266666667 -0.0525 0)
(0.13 -0.0525 0)
(0.1333333333 -0.0525 0)
(0.1366666667 -0.0525 0)
(0.14 -0.0525 0)
(0.1433333333 -0.0525 0)
(0.1466666667 -0.0525 0)
(0.15 -0.0525 0)
(0.1533333333 -0.0525 0)
(0.1566666667 -0.0525 0)
(0.16 -0.0525 0)
(0.1633333333 -0.0525 0)
(0.1666666667 -0.0525 0)
(0.17 -0.0525 0)
(0.1733333333 -0.0525 0)
(0.1766666667 -0.0525 0)
(0.18 -0.0525 0)
(0.1166666667 -0.048125 0)
(0.12 -0.048125 0)
(0.1233333333 -0.048125 0)
(0.1266666667 -0.048125 0)
(0.13 -0.048125 0)
(0.1333333333 -0.048125 0)
(0.1366666667 -0.048125 0)
(0.14 -0.048125 0)
(0.1433333333 -0.048125 0)
(0.1466666667 -0.048125 0)
(0.15 -0.048125 0)
(0.1533333333 -0.048125 0)
(0.1566666667 -0.048125 0)
(0.16 -0.048125 0)
(0.1633333333 -0.048125 0)
(0.1666666667 -0.048125 0)
(0.17 -0.048125 0)
(0.1733333333 -0.048125 0)
(0.1766666667 -0.048125 0)
(0.18 -0.048125 0)
(0.1166666667 -0.04375 0)
(0.12 -0.04375 0)
(0.1233333333 -0.04375 0)
(0.1266666667 -0.04375 0)
(0.13 -0.04375 0)
(0.1333333333 -0.04375 0)
(0.1366666667 -0.04375 0)
(0.14 -0.04375 0)
(0.1433333333 -0.04375 0)
(0.1466666667 -0.04375 0)
(0.15 -0.04375 0)
(0.1533333333 -0.04375 0)
(0.1566666667 -0.04375 0)
(0.16 -0.04375 0)
(0.1633333333 -0.04375 0)
(0.1666666667 -0.04375 0)
(0.17 -0.04375 0)
(0.1733333333 -0.04375 0)
(0.1766666667 -0.04375 0)
(0.18 -0.04375 0)
(0.1166666667 -0.039375 0)
(0.12 -0.039375 0)
(0.1233333333 -0.039375 0)
(0.1266666667 -0.039375 0)
(0.13 -0.039375 0)
(0.1333333333 -0.039375 0)
(0.1366666667 -0.039375 0)
(0.14 -0.039375 0)
(0.1433333333 -0.039375 0)
(0.1466666667 -0.039375 0)
(0.15 -0.039375 0)
(0.1533333333 -0.039375 0)
(0.1566666667 -0.039375 0)
(0.16 -0.039375 0)
(0.1633333333 -0.039375 0)
(0.1666666667 -0.039375 0)
(0.17 -0.039375 0)
(0.1733333333 -0.039375 0)
(0.1766666667 -0.039375 0)
(0.18 -0.039375 0)
(0.1166666667 -0.035 0)
(0.12 -0.035 0)
(0.1233333333 -0.035 0)
(0.1266666667 -0.035 0)
(0.13 -0.035 0)
(0.1333333333 -0.035 0)
(0.1366666667 -0.035 0)
(0.14 -0.035 0)
(0.1433333333 -0.035 0)
(0.1466666667 -0.035 0)
(0.15 -0.035 0)
(0.1533333333 -0.035 0)
(0.1566666667 -0.035 0)
(0.16 -0.035 0)
(0.1633333333 -0.035 0)
(0.1666666667 -0.035 0)
(0.17 -0.035 0)
(0.1733333333 -0.035 0)
(0.1766666667 -0.035 0)
(0.18 -0.035 0)
(0.1166666667 -0.030625 0)
(0.12 -0.030625 0)
(0.1233333333 -0.030625 0)
(0.1266666667 -0.030625 0)
(0.13 -0.030625 0)
(0.1333333333 -0.030625 0)
(0.1366666667 -0.030625 0)
(0.14 -0.030625 0)
(0.1433333333 -0.030625 0)
(0.1466666667 -0.030625 0)
(0.15 -0.030625 0)
(0.1533333333 -0.030625 0)
(0.1566666667 -0.030625 0)
(0.16 -0.030625 0)
(0.1633333333 -0.030625 0)
(0.1666666667 -0.030625 0)
(0.17 -0.030625 0)
(0.1733333333 -0.030625 0)
(0.1766666667 -0.030625 0)
(0.18 -0.030625 0)
(0.1166666667 -0.02625 0)
(0.12 -0.02625 0)
(0.1233333333 -0.02625 0)
(0.1266666667 -0.02625 0)
(0.13 -0.02625 0)
(0.1333333333 -0.02625 0)
(0.1366666667 -0.02625 0)
(0.14 -0.02625 0)
(0.1433333333 -0.02625 0)
(0.1466666667 -0.02625 0)
(0.15 -0.02625 0)
(0.1533333333 -0.02625 0)
(0.1566666667 -0.02625 0)
(0.16 -0.02625 0)
(0.1633333333 -0.02625 0)
(0.1666666667 -0.02625 0)
(0.17 -0.02625 0)
(0.1733333333 -0.02625 0)
(0.1766666667 -0.02625 0)
(0.18 -0.02625 0)
(0.1166666667 -0.021875 0)
(0.12 -0.021875 0)
(0.1233333333 -0.021875 0)
(0.1266666667 -0.021875 0)
(0.13 -0.021875 0)
(0.1333333333 -0.021875 0)
(0.1366666667 -0.021875 0)
(0.14 -0.021875 0)
(0.1433333333 -0.021875 0)
(0.1466666667 -0.021875 0)
(0.15 -0.021875 0)
(0.1533333333 -0.021875 0)
(0.1566666667 -0.021875 0)
(0.16 -0.021875 0)
(0.1633333333 -0.021875 0)
(0.1666666667 -0.021875 0)
(0.17 -0.021875 0)
(0.1733333333 -0.021875 0)
(0.1766666667 -0.021875 0)
(0.18 -0.021875 0)
(0.1166666667 -0.0175 0)
(0.12 -0.0175 0)
(0.1233333333 -0.0175 0)
(0.1266666667 -0.0175 0)
(0.13 -0.0175 0)
(0.1333333333 -0.0175 0)
(0.1366666667 -0.0175 0)
(0.14 -0.0175 0)
(0.1433333333 -0.0175 0)
(0.1466666667 -0.0175 0)
(0.15 -0.0175 0)
(0.1533333333 -0.0175 0)
(0.1566666667 -0.0175 0)
(0.16 -0.0175 0)
(0.1633333333 -0.0175 0)
(0.1666666667 -0.0175 0)
(0.17 -0.0175 0)
(0.1733333333 -0.0175 0)
(0.1766666667 -0.0175 0)
(0.18 -0.0175 0)
(0.1166666667 -0.013125 0)
(0.12 -0.013125 0)
(0.1233333333 -0.013125 0)
(0.1266666667 -0.013125 0)
(0.13 -0.013125 0)
(0.1333333333 -0.013125 0)
(0.1366666667 -0.013125 0)
(0.14 -0.013125 0)
(0.1433333333 -0.013125 0)
(0.1466666667 -0.013125 0)
(0.15 -0.013125 0)
(0.1533333333 -0.013125 0)
(0.1566666667 -0.013125 0)
(0.16 -0.013125 0)
(0.1633333333 -0.013125 0)
(0.1666666667 -0.013125 0)
(0.17 -0.013125 0)
(0.1733333333 -0.013125 0)
(0.1766666667 -0.013125 0)
(0.18 -0.013125 0)
(0.1166666667 -0.00875 0)
(0.12 -0.00875 0)
(0.1233333333 -0.00875 0)
(0.1266666667 -0.00875 0)
(0.13 -0.00875 0)
(0.1333333333 -0.00875 0)
(0.1366666667 -0.00875 0)
(0.14 -0.00875 0)
(0.1433333333 -0.00875 0)
(0.1466666667 -0.00875 0)
(0.15 -0.00875 0)
(0.1533333333 -0.00875 0)
(0.1566666667 -0.00875 0)
(0.16 -0.00875 0)
(0.1633333333 -0.00875 0)
(0.1666666667 -0.00875 0)
(0.17 -0.00875 0)
(0.1733333333 -0.00875 0)
(0.1766666667 -0.00875 0)
(0.18 -0.00875 0)
(0.1166666667 -0.004375 0)
(0.12 -0.004375 0)
(0.1233333333 -0.004375 0)
(0.1266666667 -0.004375 0)
(0.13 -0.004375 0)
(0.1333333333 -0.004375 0)
(0.1366666667 -0.004375 0)
(0.14 -0.004375 0)
(0.1433333333 -0.004375 0)
(0.1466666667 -0.004375 0)
(0.15 -0.004375 0)
(0.1533333333 -0.004375 0)
(0.1566666667 -0.004375 0)
(0.16 -0.004375 0)
(0.1633333333 -0.004375 0)
(0.1666666667 -0.004375 0)
(0.17 -0.004375 0)
(0.1733333333 -0.004375 0)
(0.1766666667 -0.004375 0)
(0.18 -0.004375 0)
(0.12 0 0)
(0.1233333333 -1.156482317e-18 0)
(0.1266666667 0 0)
(0.13 0 0)
(0.1333333333 0 0)
(0.1366666667 0 0)
(0.14 0 0)
(0.1433333333 0 0)
(0.1466666667 0 0)
(0.15 0 0)
(0.1533333333 0 0)
(0.1566666667 0 0)
(0.16 0 0)
(0.1633333333 0 0)
(0.12 0.004375 0)
(0.1233333333 0.004375 0)
(0.1266666667 0.004375 0)
(0.13 0.004375 0)
(0.1333333333 0.004375 0)
(0.1366666667 0.004375 0)
(0.14 0.004375 0)
(0.1433333333 0.004375 0)
(0.1166666667 -0.07 0.00125)
(0.12 -0.07 0.00125)
(0.1233333333 -0.07 0.00125)
(0.1266666667 -0.07 0.00125)
(0.13 -0.07 0.00125)
(0.1333333333 -0.07 0.00125)
(0.1366666667 -0.07 0.00125)
(0.14 -0.07 0.00125)
(0.1433333333 -0.07 0.00125)
(0.1466666667 -0.07 0.00125)
(0.15 -0.07 0.00125)
(0.1533333333 -0.07 0.00125)
(0.1566666667 -0.07 0.00125)
(0.16 -0.07 0.00125)
(0.1633333333 -0.07 0.00125)
(0.1666666667 -0.07 0.00125)
(0.17 -0.07 0.00125)
(0.1733333333 -0.07 0.00125)
(0.1766666667 -0.07 0.00125)
(0.18 -0.07 0.00125)
(0.1166666667 -0.065625 0.00125)
(0.12 -0.065625 0.00125)
(0.1233333333 -0.065625 0.00125)
(0.1266666667 -0.065625 0.00125)
(0.13 -0.065625 0.00125)
(0.1333333333 -0.065625 0.00125)
(0.1366666667 -0.065625 0.00125)
(0.14 -0.065625 0.00125)
(0.1433333333 -0.065625 0.00125)
(0.1466666667 -0.065625 0.00125)
(0.15 -0.065625 0.00125)
(0.1533333333 -0.065625 0.00125)
(0.1566666667 -0.065625 0.00125)
(0.16 -0.065625 0.00125)
(0.1633333333 -0.065625 0.00125)
(0.1666666667 -0.065625 0.00125)
(0.17 -0.065625 0.00125)
(0.1733333333 -0.065625 0.00125)
(0.1766666667 -0.065625 0.00125)
(0.18 -0.065625 0.00125)
(0.1166666667 -0.06125 0.00125)
(0.12 -0.06125 0.00125)
(0.1233333333 -0.06125 0.00125)
(0.1266666667 -0.06125 0.00125)
(0.13 -0.06125 0.00125)
(0.1333333333 -0.06125 0.00125)
(0.1366666667 -0.06125 0.00125)
(0.14 -0.06125 0.00125)
(0.1433333333 -0.06125 0.00125)
(0.1466666667 -0.06125 0.00125)
(0.15 -0.06125 0.00125)
(0.1533333333 -0.06125 0.00125)
(0.1566666667 -0.06125 0.00125)
(0.16 -0.06125 0.00125)
(0.1633333333 -0.06125 0.00125)
(0.1666666667 -0.06125 0.00125)
(0.17 -0.06125 0.00125)
(0.1733333333 -0.06125 0.00125)
(0.1766666667 -0.06125 0.00125)
(0.18 -0.06125 0.00125)
(0.1166666667 -0.056875 0.00125)
(0.12 -0.056875 0.00125)
(0.1233333333 -0.056875 0.00125)
(0.1266666667 -0.056875 0.00125)
(0.13 -0.056875 0.00125)
(0.1333333333 -0.056875 0.00125)
(0.1366666667 -0.056875 0.00125)
(0.14 -0.056875 0.00125)
(0.1433333333 -0.056875 0.00125)
(0.1466666667 -0.056875 0.00125)
(0.15 -0.056875 0.00125)
(0.1533333333 -0.056875 0.00125)
(0.1566666667 -0.056875 0.00125)
(0.16 -0.056875 0.00125)
(0.1633333333 -0.056875 0.00125)
(0.1666666667 -0.056875 0.00125)
(0.17 -0.056875 0.00125)
(0.1733333333 -0.056875 0.00125)
(0.1766666667 -0.056875 0.00125)
(0.18 -0.056875 0.00125)
(0.1166666667 -0.0525 0.00125)
(0.12 -0.0525 0.00125)
(0.1233333333 -0.0525 0.00125)
(0.1266666667 -0.0525 0.00125)
(0.13 -0.0525 0.00125)
(0.1333333333 -0.0525 0.00125)
(0.1366666667 -0.0525 0.00125)
(0.14 -0.0525 0.00125)
(0.1433333333 -0.0525 0.00125)
(0.1466666667 -0.0525 0.00125)
(0.15 -0.0525 0.00125)
(0.1533333333 -0.0525 0.00125)
(0.1566666667 -0.0525 0.00125)
(0.16 -0.0525 0.00125)
(0.1633333333 -0.0525 0.00125)
(0.1666666667 -0.0525 0.00125)
(0.17 -0.0525 0.00125)
(0.1733333333 -0.0525 0.00125)
(0.1766666667 -0.0525 0.00125)
(0.18 -0.0525 0.00125)
(0.1166666667 -0.048125 0.00125)
(0.12 -0.048125 0.00125)
(0.1233333333 -0.048125 0.00125)
(0.1266666667 -0.048125 0.00125)
(0.13 -0.048125 0.00125)
(0.1333333333 -0.048125 0.00125)
(0.1366666667 -0.048125 0.00125)
(0.14 -0.048125 0.00125)
(0.1433333333 -0.048125 0.00125)
(0.1466666667 -0.048125 0.00125)
(0.15 -0.048125 0.00125)
(0.1533333333 -0.048125 0.00125)
(0.1566666667 -0.048125 0.00125)
(0.16 -0.048125 0.00125)
(0.1633333333 -0.048125 0.00125)
(0.1666666667 -0.048125 0.00125)
(0.17 -0.048125 0.00125)
(0.1733333333 -0.048125 0.00125)
(0.1766666667 -0.048125 0.00125)
(0.18 -0.048125 0.00125)
(0.1166666667 -0.04375 0.00125)
(0.12 -0.04375 0.00125)
(0.1233333333 -0.04375 0.00125)
(0.1266666667 -0.04375 0.00125)
(0.13 -0.04375 0.00125)
(0.1333333333 -0.04375 0.00125)
(0.1366666667 -0.04375 0.00125)
(0.14 -0.04375 0.00125)
(0.1433333333 -0.04375 0.00125)
(0.1466666667 -0.04375 0.00125)
(0.15 -0.04375 0.00125)
(0.1533333333 -0.04375 0.00125)
(0.1566666667 -0.04375 0.00125)
(0.16 -0.04375 0.00125)
(0.1633333333 -0.04375 0.00125)
(0.1666666667 -0.04375 0.00125)
(0.17 -0.04375 0.00125)
(0.1733333333 -0.04375 0.00125)
(0.1766666667 -0.04375 0.00125)
(0.18 -0.04375 0.00125)
(0.1166666667 -0.039375 0.00125)
(0.12 -0.039375 0.00125)
(0.1233333333 -0.039375 0.00125)
(0.1266666667 -0.039375 0.00125)
(0.13 -0.039375 0.00125)
(0.1333333333 -0.039375 0.00125)
(0.1366666667 -0.039375 0.00125)
(0.14 -0.039375 0.00125)
(0.1433333333 -0.039375 0.00125)
(0.1466666667 -0.039375 0.00125)
(0.15 -0.039375 0.00125)
(0.1533333333 -0.039375 0.00125)
(0.1566666667 -0.039375 0.00125)
(0.16 -0.039375 0.00125)
(0.1633333333 -0.039375 0.00125)
(0.1666666667 -0.039375 0.00125)
(0.17 -0.039375 0.00125)
(0.1733333333 -0.039375 0.00125)
(0.1766666667 -0.039375 0.00125)
(0.18 -0.039375 0.00125)
(0.1166666667 -0.035 0.00125)
(0.12 -0.035 0.00125)
(0.1233333333 -0.035 0.00125)
(0.1266666667 -0.035 0.00125)
(0.13 -0.035 0.00125)
(0.1333333333 -0.035 0.00125)
(0.1366666667 -0.035 0.00125)
(0.14 -0.035 0.00125)
(0.1433333333 -0.035 0.00125)
(0.1466666667 -0.035 0.00125)
(0.15 -0.035 0.00125)
(0.1533333333 -0.035 0.00125)
(0.1566666667 -0.035 0.00125)
(0.16 -0.035 0.00125)
(0.1633333333 -0.035 0.00125)
(0.1666666667 -0.035 0.00125)
(0.17 -0.035 0.00125)
(0.1733333333 -0.035 0.00125)
(0.1766666667 -0.035 0.00125)
(0.18 -0.035 0.00125)
(0.1166666667 -0.030625 0.00125)
(0.12 -0.030625 0.00125)
(0.1233333333 -0.030625 0.00125)
(0.1266666667 -0.030625 0.00125)
(0.13 -0.030625 0.00125)
(0.1333333333 -0.030625 0.00125)
(0.1366666667 -0.030625 0.00125)
(0.14 -0.030625 0.00125)
(0.1433333333 -0.030625 0.00125)
(0.1466666667 -0.030625 0.00125)
(0.15 -0.030625 0.00125)
(0.1533333333 -0.030625 0.00125)
(0.1566666667 -0.030625 0.00125)
(0.16 -0.030625 0.00125)
(0.1633333333 -0.030625 0.00125)
(0.1666666667 -0.030625 0.00125)
(0.17 -0.030625 0.00125)
(0.1733333333 -0.030625 0.00125)
(0.1766666667 -0.030625 0.00125)
(0.18 -0.030625 0.00125)
(0.1166666667 -0.02625 0.00125)
(0.12 -0.02625 0.00125)
(0.1233333333 -0.02625 0.00125)
(0.1266666667 -0.02625 0.00125)
(0.13 -0.02625 0.00125)
(0.1333333333 -0.02625 0.00125)
(0.1366666667 -0.02625 0.00125)
(0.14 -0.02625 0.00125)
(0.1433333333 -0.02625 0.00125)
(0.1466666667 -0.02625 0.00125)
(0.15 -0.02625 0.00125)
(0.1533333333 -0.02625 0.00125)
(0.1566666667 -0.02625 0.00125)
(0.16 -0.02625 0.00125)
(0.1633333333 -0.02625 0.00125)
(0.1666666667 -0.02625 0.00125)
(0.17 -0.02625 0.00125)
(0.1733333333 -0.02625 0.00125)
(0.1766666667 -0.02625 0.00125)
(0.18 -0.02625 0.00125)
(0.1166666667 -0.021875 0.00125)
(0.12 -0.021875 0.00125)
(0.1233333333 -0.021875 0.00125)
(0.1266666667 -0.021875 0.00125)
(0.13 -0.021875 0.00125)
(0.1333333333 -0.021875 0.00125)
(0.1366666667 -0.021875 0.00125)
(0.14 -0.021875 0.00125)
(0.1433333333 -0.021875 0.00125)
(0.1466666667 -0.021875 0.00125)
(0.15 -0.021875 0.00125)
(0.1533333333 -0.021875 0.00125)
(0.1566666667 -0.021875 0.00125)
(0.16 -0.021875 0.00125)
(0.1633333333 -0.021875 0.00125)
(0.1666666667 -0.021875 0.00125)
(0.17 -0.021875 0.00125)
(0.1733333333 -0.021875 0.00125)
(0.1766666667 -0.021875 0.00125)
(0.18 -0.021875 0.00125)
(0.1166666667 -0.0175 0.00125)
(0.12 -0.0175 0.00125)
(0.1233333333 -0.0175 0.00125)
(0.1266666667 -0.0175 0.00125)
(0.13 -0.0175 0.00125)
(0.1333333333 -0.0175 0.00125)
(0.1366666667 -0.0175 0.00125)
(0.14 -0.0175 0.00125)
(0.1433333333 -0.0175 0.00125)
(0.1466666667 -0.0175 0.00125)
(0.15 -0.0175 0.00125)
(0.1533333333 -0.0175 0.00125)
(0.1566666667 -0.0175 0.00125)
(0.16 -0.0175 0.00125)
(0.1633333333 -0.0175 0.00125)
(0.1666666667 -0.0175 0.00125)
(0.17 -0.0175 0.00125)
(0.1733333333 -0.0175 0.00125)
(0.1766666667 -0.0175 0.00125)
(0.18 -0.0175 0.00125)
(0.1166666667 -0.013125 0.00125)
(0.12 -0.013125 0.00125)
(0.1233333333 -0.013125 0.00125)
(0.1266666667 -0.013125 0.00125)
(0.13 -0.013125 0.00125)
(0.1333333333 -0.013125 0.00125)
(0.1366666667 -0.013125 0.00125)
(0.14 -0.013125 0.00125)
(0.1433333333 -0.013125 0.00125)
(0.1466666667 -0.013125 0.00125)
(0.15 -0.013125 0.00125)
(0.1533333333 -0.013125 0.00125)
(0.1566666667 -0.013125 0.00125)
(0.16 -0.013125 0.00125)
(0.1633333333 -0.013125 0.00125)
(0.1666666667 -0.013125 0.00125)
(0.17 -0.013125 0.00125)
(0.1733333333 -0.013125 0.00125)
(0.1766666667 -0.013125 0.00125)
(0.18 -0.013125 0.00125)
(0.1166666667 -0.00875 0.00125)
(0.12 -0.00875 0.00125)
(0.1233333333 -0.00875 0.00125)
(0.1266666667 -0.00875 0.00125)
(0.13 -0.00875 0.00125)
(0.1333333333 -0.00875 0.00125)
(0.1366666667 -0.00875 0.00125)
(0.14 -0.00875 0.00125)
(0.1433333333 -0.00875 0.00125)
(0.1466666667 -0.00875 0.00125)
(0.15 -0.00875 0.00125)
(0.1533333333 -0.00875 0.00125)
(0.1566666667 -0.00875 0.00125)
(0.16 -0.00875 0.00125)
(0.1633333333 -0.00875 0.00125)
(0.1666666667 -0.00875 0.00125)
(0.17 -0.00875 0.00125)
(0.1733333333 -0.00875 0.00125)
(0.1766666667 -0.00875 0.00125)
(0.18 -0.00875 0.00125)
(0.1166666667 -0.004375 0.00125)
(0.12 -0.004375 0.00125)
(0.1233333333 -0.004375 0.00125)
(0.1266666667 -0.004375 0.00125)
(0.13 -0.004375 0.00125)
(0.1333333333 -0.004375 0.00125)
(0.1366666667 -0.004375 0.00125)
(0.14 -0.004375 0.00125)
(0.1433333333 -0.004375 0.00125)
(0.1466666667 -0.004375 0.00125)
(0.15 -0.004375 0.00125)
(0.1533333333 -0.004375 0.00125)
(0.1566666667 -0.004375 0.00125)
(0.16 -0.004375 0.00125)
(0.1633333333 -0.004375 0.00125)
(0.1666666667 -0.004375 0.00125)
(0.17 -0.004375 0.00125)
(0.1733333333 -0.004375 0.00125)
(0.1766666667 -0.004375 0.00125)
(0.18 -0.004375 0.00125)
(0.12 -1.156482317e-18 0.00125)
(0.1233333333 -1.156482317e-18 0.00125)
(0.1266666667 0 0.00125)
(0.13 -1.156482317e-18 0.00125)
(0.1333333333 1.156482317e-18 0.00125)
(0.1366666667 0 0.00125)
(0.14 0 0.00125)
(0.1433333333 0 0.00125)
(0.1466666667 -5.782411587e-19 0.00125)
(0.15 -5.782411587e-19 0.00125)
(0.1533333333 0 0.00125)
(0.1566666667 0 0.00125)
(0.16 5.782411587e-19 0.00125)
(0.1633333333 0 0.00125)
(0.12 0.004375 0.00125)
(0.1233333333 0.004375 0.00125)
(0.1266666667 0.004375 0.00125)
(0.13 0.004375 0.00125)
(0.1333333333 0.004375 0.00125)
(0.1366666667 0.004375 0.00125)
(0.14 0.004375 0.00125)
(0.1433333333 0.004375 0.00125)
(0.1166666667 -0.07 0.0025)
(0.12 -0.07 0.0025)
(0.1233333333 -0.07 0.0025)
(0.1266666667 -0.07 0.0025)
(0.13 -0.07 0.0025)
(0.1333333333 -0.07 0.0025)
(0.1366666667 -0.07 0.0025)
(0.14 -0.07 0.0025)
(0.1433333333 -0.07 0.0025)
(0.1466666667 -0.07 0.0025)
(0.15 -0.07 0.0025)
(0.1533333333 -0.07 0.0025)
(0.1566666667 -0.07 0.0025)
(0.16 -0.07 0.0025)
(0.1633333333 -0.07 0.0025)
(0.1666666667 -0.07 0.0025)
(0.17 -0.07 0.0025)
(0.1733333333 -0.07 0.0025)
(0.1766666667 -0.07 0.0025)
(0.18 -0.07 0.0025)
(0.1166666667 -0.065625 0.0025)
(0.12 -0.065625 0.0025)
(0.1233333333 -0.065625 0.0025)
(0.1266666667 -0.065625 0.0025)
(0.13 -0.065625 0.0025)
(0.1333333333 -0.065625 0.0025)
(0.1366666667 -0.065625 0.0025)
(0.14 -0.065625 0.0025)
(0.1433333333 -0.065625 0.0025)
(0.1466666667 -0.065625 0.0025)
(0.15 -0.065625 0.0025)
(0.1533333333 -0.065625 0.0025)
(0.1566666667 -0.065625 0.0025)
(0.16 -0.065625 0.0025)
(0.1633333333 -0.065625 0.0025)
(0.1666666667 -0.065625 0.0025)
(0.17 -0.065625 0.0025)
(0.1733333333 -0.065625 0.0025)
(0.1766666667 -0.065625 0.0025)
(0.18 -0.065625 0.0025)
(0.1166666667 -0.06125 0.0025)
(0.12 -0.06125 0.0025)
(0.1233333333 -0.06125 0.0025)
(0.1266666667 -0.06125 0.0025)
(0.13 -0.06125 0.0025)
(0.1333333333 -0.06125 0.0025)
(0.1366666667 -0.06125 0.0025)
(0.14 -0.06125 0.0025)
(0.1433333333 -0.06125 0.0025)
(0.1466666667 -0.06125 0.0025)
(0.15 -0.06125 0.0025)
(0.1533333333 -0.06125 0.0025)
(0.1566666667 -0.06125 0.0025)
(0.16 -0.06125 0.0025)
(0.1633333333 -0.06125 0.0025)
(0.1666666667 -0.06125 0.0025)
(0.17 -0.06125 0.0025)
(0.1733333333 -0.06125 0.0025)
(0.1766666667 -0.06125 0.0025)
(0.18 -0.06125 0.0025)
(0.1166666667 -0.056875 0.0025)
(0.12 -0.056875 0.0025)
(0.1233333333 -0.056875 0.0025)
(0.1266666667 -0.056875 0.0025)
(0.13 -0.056875 0.0025)
(0.1333333333 -0.056875 0.0025)
(0.1366666667 -0.056875 0.0025)
(0.14 -0.056875 0.0025)
(0.1433333333 -0.056875 0.0025)
(0.1466666667 -0.056875 0.0025)
(0.15 -0.056875 0.0025)
(0.1533333333 -0.056875 0.0025)
(0.1566666667 -0.056875 0.0025)
(0.16 -0.056875 0.0025)
(0.1633333333 -0.056875 0.0025)
(0.1666666667 -0.056875 0.0025)
(0.17 -0.056875 0.0025)
(0.1733333333 -0.056875 0.0025)
(0.1766666667 -0.056875 0.0025)
(0.18 -0.056875 0.0025)
(0.1166666667 -0.0525 0.0025)
(0.12 -0.0525 0.0025)
(0.1233333333 -0.0525 0.0025)
(0.1266666667 -0.0525 0.0025)
(0.13 -0.0525 0.0025)
(0.1333333333 -0.0525 0.0025)
(0.1366666667 -0.0525 0.0025)
(0.14 -0.0525 0.0025)
(0.1433333333 -0.0525 0.0025)
(0.1466666667 -0.0525 0.0025)
(0.15 -0.0525 0.0025)
(0.1533333333 -0.0525 0.0025)
(0.1566666667 -0.0525 0.0025)
(0.16 -0.0525 0.0025)
(0.1633333333 -0.0525 0.0025)
(0.1666666667 -0.0525 0.0025)
(0.17 -0.0525 0.0025)
(0.1733333333 -0.0525 0.0025)
(0.1766666667 -0.0525 0.0025)
(0.18 -0.0525 0.0025)
(0.1166666667 -0.048125 0.0025)
(0.12 -0.048125 0.0025)
(0.1233333333 -0.048125 0.0025)
(0.1266666667 -0.048125 0.0025)
(0.13 -0.048125 0.0025)
(0.1333333333 -0.048125 0.0025)
(0.1366666667 -0.048125 0.0025)
(0.14 -0.048125 0.0025)
(0.1433333333 -0.048125 0.0025)
(0.1466666667 -0.048125 0.0025)
(0.15 -0.048125 0.0025)
(0.1533333333 -0.048125 0.0025)
(0.1566666667 -0.048125 0.0025)
(0.16 -0.048125 0.0025)
(0.1633333333 -0.048125 0.0025)
(0.1666666667 -0.048125 0.0025)
(0.17 -0.048125 0.0025)
(0.1733333333 -0.048125 0.0025)
(0.1766666667 -0.048125 0.0025)
(0.18 -0.048125 0.0025)
(0.1166666667 -0.04375 0.0025)
(0.12 -0.04375 0.0025)
(0.1233333333 -0.04375 0.0025)
(0.1266666667 -0.04375 0.0025)
(0.13 -0.04375 0.0025)
(0.1333333333 -0.04375 0.0025)
(0.1366666667 -0.04375 0.0025)
(0.14 -0.04375 0.0025)
(0.1433333333 -0.04375 0.0025)
(0.1466666667 -0.04375 0.0025)
(0.15 -0.04375 0.0025)
(0.1533333333 -0.04375 0.0025)
(0.1566666667 -0.04375 0.0025)
(0.16 -0.04375 0.0025)
(0.1633333333 -0.04375 0.0025)
(0.1666666667 -0.04375 0.0025)
(0.17 -0.04375 0.0025)
(0.1733333333 -0.04375 0.0025)
(0.1766666667 -0.04375 0.0025)
(0.18 -0.04375 0.0025)
(0.1166666667 -0.039375 0.0025)
(0.12 -0.039375 0.0025)
(0.1233333333 -0.039375 0.0025)
(0.1266666667 -0.039375 0.0025)
(0.13 -0.039375 0.0025)
(0.1333333333 -0.039375 0.0025)
(0.1366666667 -0.039375 0.0025)
(0.14 -0.039375 0.0025)
(0.1433333333 -0.039375 0.0025)
(0.1466666667 -0.039375 0.0025)
(0.15 -0.039375 0.0025)
(0.1533333333 -0.039375 0.0025)
(0.1566666667 -0.039375 0.0025)
(0.16 -0.039375 0.0025)
(0.1633333333 -0.039375 0.0025)
(0.1666666667 -0.039375 0.0025)
(0.17 -0.039375 0.0025)
(0.1733333333 -0.039375 0.0025)
(0.1766666667 -0.039375 0.0025)
(0.18 -0.039375 0.0025)
(0.1166666667 -0.035 0.0025)
(0.12 -0.035 0.0025)
(0.1233333333 -0.035 0.0025)
(0.1266666667 -0.035 0.0025)
(0.13 -0.035 0.0025)
(0.1333333333 -0.035 0.0025)
(0.1366666667 -0.035 0.0025)
(0.14 -0.035 0.0025)
(0.1433333333 -0.035 0.0025)
(0.1466666667 -0.035 0.0025)
(0.15 -0.035 0.0025)
(0.1533333333 -0.035 0.0025)
(0.1566666667 -0.035 0.0025)
(0.16 -0.035 0.0025)
(0.1633333333 -0.035 0.0025)
(0.1666666667 -0.035 0.0025)
(0.17 -0.035 0.0025)
(0.1733333333 -0.035 0.0025)
(0.1766666667 -0.035 0.0025)
(0.18 -0.035 0.0025)
(0.1166666667 -0.030625 0.0025)
(0.12 -0.030625 0.0025)
(0.1233333333 -0.030625 0.0025)
(0.1266666667 -0.030625 0.0025)
(0.13 -0.030625 0.0025)
(0.1333333333 -0.030625 0.0025)
(0.1366666667 -0.030625 0.0025)
(0.14 -0.030625 0.0025)
(0.1433333333 -0.030625 0.0025)
(0.1466666667 -0.030625 0.0025)
(0.15 -0.030625 0.0025)
(0.1533333333 -0.030625 0.0025)
(0.1566666667 -0.030625 0.0025)
(0.16 -0.030625 0.0025)
(0.1633333333 -0.030625 0.0025)
(0.1666666667 -0.030625 0.0025)
(0.17 -0.030625 0.0025)
(0.1733333333 -0.030625 0.0025)
(0.1766666667 -0.030625 0.0025)
(0.18 -0.030625 0.0025)
(0.1166666667 -0.02625 0.0025)
(0.12 -0.02625 0.0025)
(0.1233333333 -0.02625 0.0025)
(0.1266666667 -0.02625 0.0025)
(0.13 -0.02625 0.0025)
(0.1333333333 -0.02625 0.0025)
(0.1366666667 -0.02625 0.0025)
(0.14 -0.02625 0.0025)
(0.1433333333 -0.02625 0.0025)
(0.1466666667 -0.02625 0.0025)
(0.15 -0.02625 0.0025)
(0.1533333333 -0.02625 0.0025)
(0.1566666667 -0.02625 0.0025)
(0.16 -0.02625 0.0025)
(0.1633333333 -0.02625 0.0025)
(0.1666666667 -0.02625 0.0025)
(0.17 -0.02625 0.0025)
(0.1733333333 -0.02625 0.0025)
(0.1766666667 -0.02625 0.0025)
(0.18 -0.02625 0.0025)
(0.1166666667 -0.021875 0.0025)
(0.12 -0.021875 0.0025)
(0.1233333333 -0.021875 0.0025)
(0.1266666667 -0.021875 0.0025)
(0.13 -0.021875 0.0025)
(0.1333333333 -0.021875 0.0025)
(0.1366666667 -0.021875 0.0025)
(0.14 -0.021875 0.0025)
(0.1433333333 -0.021875 0.0025)
(0.1466666667 -0.021875 0.0025)
(0.15 -0.021875 0.0025)
(0.1533333333 -0.021875 0.0025)
(0.1566666667 -0.021875 0.0025)
(0.16 -0.021875 0.0025)
(0.1633333333 -0.021875 0.0025)
(0.1666666667 -0.021875 0.0025)
(0.17 -0.021875 0.0025)
(0.1733333333 -0.021875 0.0025)
(0.1766666667 -0.021875 0.0025)
(0.18 -0.021875 0.0025)
(0.1166666667 -0.0175 0.0025)
(0.12 -0.0175 0.0025)
(0.1233333333 -0.0175 0.0025)
(0.1266666667 -0.0175 0.0025)
(0.13 -0.0175 0.0025)
(0.1333333333 -0.0175 0.0025)
(0.1366666667 -0.0175 0.0025)
(0.14 -0.0175 0.0025)
(0.1433333333 -0.0175 0.0025)
(0.1466666667 -0.0175 0.0025)
(0.15 -0.0175 0.0025)
(0.1533333333 -0.0175 0.0025)
(0.1566666667 -0.0175 0.0025)
(0.16 -0.0175 0.0025)
(0.1633333333 -0.0175 0.0025)
(0.1666666667 -0.0175 0.0025)
(0.17 -0.0175 0.0025)
(0.1733333333 -0.0175 0.0025)
(0.1766666667 -0.0175 0.0025)
(0.18 -0.0175 0.0025)
(0.1166666667 -0.013125 0.0025)
(0.12 -0.013125 0.0025)
(0.1233333333 -0.013125 0.0025)
(0.1266666667 -0.013125 0.0025)
(0.13 -0.013125 0.0025)
(0.1333333333 -0.013125 0.0025)
(0.1366666667 -0.013125 0.0025)
(0.14 -0.013125 0.0025)
(0.1433333333 -0.013125 0.0025)
(0.1466666667 -0.013125 0.0025)
(0.15 -0.013125 0.0025)
(0.1533333333 -0.013125 0.0025)
(0.1566666667 -0.013125 0.0025)
(0.16 -0.013125 0.0025)
(0.1633333333 -0.013125 0.0025)
(0.1666666667 -0.013125 0.0025)
(0.17 -0.013125 0.0025)
(0.1733333333 -0.013125 0.0025)
(0.1766666667 -0.013125 0.0025)
(0.18 -0.013125 0.0025)
(0.1166666667 -0.00875 0.0025)
(0.12 -0.00875 0.0025)
(0.1233333333 -0.00875 0.0025)
(0.1266666667 -0.00875 0.0025)
(0.13 -0.00875 0.0025)
(0.1333333333 -0.00875 0.0025)
(0.1366666667 -0.00875 0.0025)
(0.14 -0.00875 0.0025)
(0.1433333333 -0.00875 0.0025)
(0.1466666667 -0.00875 0.0025)
(0.15 -0.00875 0.0025)
(0.1533333333 -0.00875 0.0025)
(0.1566666667 -0.00875 0.0025)
(0.16 -0.00875 0.0025)
(0.1633333333 -0.00875 0.0025)
(0.1666666667 -0.00875 0.0025)
(0.17 -0.00875 0.0025)
(0.1733333333 -0.00875 0.0025)
(0.1766666667 -0.00875 0.0025)
(0.18 -0.00875 0.0025)
(0.1166666667 -0.004375 0.0025)
(0.12 -0.004375 0.0025)
(0.1233333333 -0.004375 0.0025)
(0.1266666667 -0.004375 0.0025)
(0.13 -0.004375 0.0025)
(0.1333333333 -0.004375 0.0025)
(0.1366666667 -0.004375 0.0025)
(0.14 -0.004375 0.0025)
(0.1433333333 -0.004375 0.0025)
(0.1466666667 -0.004375 0.0025)
(0.15 -0.004375 0.0025)
(0.1533333333 -0.004375 0.0025)
(0.1566666667 -0.004375 0.0025)
(0.16 -0.004375 0.0025)
(0.1633333333 -0.004375 0.0025)
(0.1666666667 -0.004375 0.0025)
(0.17 -0.004375 0.0025)
(0.1733333333 -0.004375 0.0025)
(0.1766666667 -0.004375 0.0025)
(0.18 -0.004375 0.0025)
(0.12 0 0.0025)
(0.1233333333 -1.156482317e-18 0.0025)
(0.1266666667 0 0.0025)
(0.13 0 0.0025)
(0.1333333333 0 0.0025)
(0.1366666667 0 0.0025)
(0.14 0 0.0025)
(0.1433333333 0 0.0025)
(0.1466666667 5.782411587e-19 0.0025)
(0.15 0 0.0025)
(0.1533333333 0 0.0025)
(0.1566666667 0 0.0025)
(0.16 0 0.0025)
(0.1633333333 1.156482317e-18 0.0025)
(0.12 0.004375 0.0025)
(0.1233333333 0.004375 0.0025)
(0.1266666667 0.004375 0.0025)
(0.13 0.004375 0.0025)
(0.1333333333 0.004375 0.0025)
(0.1366666667 0.004375 0.0025)
(0.14 0.004375 0.0025)
(0.1433333333 0.004375 0.0025)
(0.1166666667 -0.07 0.00375)
(0.12 -0.07 0.00375)
(0.1233333333 -0.07 0.00375)
(0.1266666667 -0.07 0.00375)
(0.13 -0.07 0.00375)
(0.1333333333 -0.07 0.00375)
(0.1366666667 -0.07 0.00375)
(0.14 -0.07 0.00375)
(0.1433333333 -0.07 0.00375)
(0.1466666667 -0.07 0.00375)
(0.15 -0.07 0.00375)
(0.1533333333 -0.07 0.00375)
(0.1566666667 -0.07 0.00375)
(0.16 -0.07 0.00375)
(0.1633333333 -0.07 0.00375)
(0.1666666667 -0.07 0.00375)
(0.17 -0.07 0.00375)
(0.1733333333 -0.07 0.00375)
(0.1766666667 -0.07 0.00375)
(0.18 -0.07 0.00375)
(0.1166666667 -0.065625 0.00375)
(0.12 -0.065625 0.00375)
(0.1233333333 -0.065625 0.00375)
(0.1266666667 -0.065625 0.00375)
(0.13 -0.065625 0.00375)
(0.1333333333 -0.065625 0.00375)
(0.1366666667 -0.065625 0.00375)
(0.14 -0.065625 0.00375)
(0.1433333333 -0.065625 0.00375)
(0.1466666667 -0.065625 0.00375)
(0.15 -0.065625 0.00375)
(0.1533333333 -0.065625 0.00375)
(0.1566666667 -0.065625 0.00375)
(0.16 -0.065625 0.00375)
(0.1633333333 -0.065625 0.00375)
(0.1666666667 -0.065625 0.00375)
(0.17 -0.065625 0.00375)
(0.1733333333 -0.065625 0.00375)
(0.1766666667 -0.065625 0.00375)
(0.18 -0.065625 0.00375)
(0.1166666667 -0.06125 0.00375)
(0.12 -0.06125 0.00375)
(0.1233333333 -0.06125 0.00375)
(0.1266666667 -0.06125 0.00375)
(0.13 -0.06125 0.00375)
(0.1333333333 -0.06125 0.00375)
(0.1366666667 -0.06125 0.00375)
(0.14 -0.06125 0.00375)
(0.1433333333 -0.06125 0.00375)
(0.1466666667 -0.06125 0.00375)
(0.15 -0.06125 0.00375)
(0.1533333333 -0.06125 0.00375)
(0.1566666667 -0.06125 0.00375)
(0.16 -0.06125 0.00375)
(0.1633333333 -0.06125 0.00375)
(0.1666666667 -0.06125 0.00375)
(0.17 -0.06125 0.00375)
(0.1733333333 -0.06125 0.00375)
(0.1766666667 -0.06125 0.00375)
(0.18 -0.06125 0.00375)
(0.1166666667 -0.056875 0.00375)
(0.12 -0.056875 0.00375)
(0.1233333333 -0.056875 0.00375)
(0.1266666667 -0.056875 0.00375)
(0.13 -0.056875 0.00375)
(0.1333333333 -0.056875 0.00375)
(0.1366666667 -0.056875 0.00375)
(0.14 -0.056875 0.00375)
(0.1433333333 -0.056875 0.00375)
(0.1466666667 -0.056875 0.00375)
(0.15 -0.056875 0.00375)
(0.1533333333 -0.056875 0.00375)
(0.1566666667 -0.056875 0.00375)
(0.16 -0.056875 0.00375)
(0.1633333333 -0.056875 0.00375)
(0.1666666667 -0.056875 0.00375)
(0.17 -0.056875 0.00375)
(0.1733333333 -0.056875 0.00375)
(0.1766666667 -0.056875 0.00375)
(0.18 -0.056875 0.00375)
(0.1166666667 -0.0525 0.00375)
(0.12 -0.0525 0.00375)
(0.1233333333 -0.0525 0.00375)
(0.1266666667 -0.0525 0.00375)
(0.13 -0.0525 0.00375)
(0.1333333333 -0.0525 0.00375)
(0.1366666667 -0.0525 0.00375)
(0.14 -0.0525 0.00375)
(0.1433333333 -0.0525 0.00375)
(0.1466666667 -0.0525 0.00375)
(0.15 -0.0525 0.00375)
(0.1533333333 -0.0525 0.00375)
(0.1566666667 -0.0525 0.00375)
(0.16 -0.0525 0.00375)
(0.1633333333 -0.0525 0.00375)
(0.1666666667 -0.0525 0.00375)
(0.17 -0.0525 0.00375)
(0.1733333333 -0.0525 0.00375)
(0.1766666667 -0.0525 0.00375)
(0.18 -0.0525 0.00375)
(0.1166666667 -0.048125 0.00375)
(0.12 -0.048125 0.00375)
(0.1233333333 -0.048125 0.00375)
(0.1266666667 -0.048125 0.00375)
(0.13 -0.048125 0.00375)
(0.1333333333 -0.048125 0.00375)
(0.1366666667 -0.048125 0.00375)
(0.14 -0.048125 0.00375)
(0.1433333333 -0.048125 0.00375)
(0.1466666667 -0.048125 0.00375)
(0.15 -0.048125 0.00375)
(0.1533333333 -0.048125 0.00375)
(0.1566666667 -0.048125 0.00375)
(0.16 -0.048125 0.00375)
(0.1633333333 -0.048125 0.00375)
(0.1666666667 -0.048125 0.00375)
(0.17 -0.048125 0.00375)
(0.1733333333 -0.048125 0.00375)
(0.1766666667 -0.048125 0.00375)
(0.18 -0.048125 0.00375)
(0.1166666667 -0.04375 0.00375)
(0.12 -0.04375 0.00375)
(0.1233333333 -0.04375 0.00375)
(0.1266666667 -0.04375 0.00375)
(0.13 -0.04375 0.00375)
(0.1333333333 -0.04375 0.00375)
(0.1366666667 -0.04375 0.00375)
(0.14 -0.04375 0.00375)
(0.1433333333 -0.04375 0.00375)
(0.1466666667 -0.04375 0.00375)
(0.15 -0.04375 0.00375)
(0.1533333333 -0.04375 0.00375)
(0.1566666667 -0.04375 0.00375)
(0.16 -0.04375 0.00375)
(0.1633333333 -0.04375 0.00375)
(0.1666666667 -0.04375 0.00375)
(0.17 -0.04375 0.00375)
(0.1733333333 -0.04375 0.00375)
(0.1766666667 -0.04375 0.00375)
(0.18 -0.04375 0.00375)
(0.1166666667 -0.039375 0.00375)
(0.12 -0.039375 0.00375)
(0.1233333333 -0.039375 0.00375)
(0.1266666667 -0.039375 0.00375)
(0.13 -0.039375 0.00375)
(0.1333333333 -0.039375 0.00375)
(0.1366666667 -0.039375 0.00375)
(0.14 -0.039375 0.00375)
(0.1433333333 -0.039375 0.00375)
(0.1466666667 -0.039375 0.00375)
(0.15 -0.039375 0.00375)
(0.1533333333 -0.039375 0.00375)
(0.1566666667 -0.039375 0.00375)
(0.16 -0.039375 0.00375)
(0.1633333333 -0.039375 0.00375)
(0.1666666667 -0.039375 0.00375)
(0.17 -0.039375 0.00375)
(0.1733333333 -0.039375 0.00375)
(0.1766666667 -0.039375 0.00375)
(0.18 -0.039375 0.00375)
(0.1166666667 -0.035 0.00375)
(0.12 -0.035 0.00375)
(0.1233333333 -0.035 0.00375)
(0.1266666667 -0.035 0.00375)
(0.13 -0.035 0.00375)
(0.1333333333 -0.035 0.00375)
(0.1366666667 -0.035 0.00375)
(0.14 -0.035 0.00375)
(0.1433333333 -0.035 0.00375)
(0.1466666667 -0.035 0.00375)
(0.15 -0.035 0.00375)
(0.1533333333 -0.035 0.00375)
(0.1566666667 -0.035 0.00375)
(0.16 -0.035 0.00375)
(0.1633333333 -0.035 0.00375)
(0.1666666667 -0.035 0.00375)
(0.17 -0.035 0.00375)
(0.1733333333 -0.035 0.00375)
(0.1766666667 -0.035 0.00375)
(0.18 -0.035 0.00375)
(0.1166666667 -0.030625 0.00375)
(0.12 -0.030625 0.00375)
(0.1233333333 -0.030625 0.00375)
(0.1266666667 -0.030625 0.00375)
(0.13 -0.030625 0.00375)
(0.1333333333 -0.030625 0.00375)
(0.1366666667 -0.030625 0.00375)
(0.14 -0.030625 0.00375)
(0.1433333333 -0.030625 0.00375)
(0.1466666667 -0.030625 0.00375)
(0.15 -0.030625 0.00375)
(0.1533333333 -0.030625 0.00375)
(0.1566666667 -0.030625 0.00375)
(0.16 -0.030625 0.00375)
(0.1633333333 -0.030625 0.00375)
(0.1666666667 -0.030625 0.00375)
(0.17 -0.030625 0.00375)
(0.1733333333 -0.030625 0.00375)
(0.1766666667 -0.030625 0.00375)
(0.18 -0.030625 0.00375)
(0.1166666667 -0.02625 0.00375)
(0.12 -0.02625 0.00375)
(0.1233333333 -0.02625 0.00375)
(0.1266666667 -0.02625 0.00375)
(0.13 -0.02625 0.00375)
(0.1333333333 -0.02625 0.00375)
(0.1366666667 -0.02625 0.00375)
(0.14 -0.02625 0.00375)
(0.1433333333 -0.02625 0.00375)
(0.1466666667 -0.02625 0.00375)
(0.15 -0.02625 0.00375)
(0.1533333333 -0.02625 0.00375)
(0.1566666667 -0.02625 0.00375)
(0.16 -0.02625 0.00375)
(0.1633333333 -0.02625 0.00375)
(0.1666666667 -0.02625 0.00375)
(0.17 -0.02625 0.00375)
(0.1733333333 -0.02625 0.00375)
(0.1766666667 -0.02625 0.00375)
(0.18 -0.02625 0.00375)
(0.1166666667 -0.021875 0.00375)
(0.12 -0.021875 0.00375)
(0.1233333333 -0.021875 0.00375)
(0.1266666667 -0.021875 0.00375)
(0.13 -0.021875 0.00375)
(0.1333333333 -0.021875 0.00375)
(0.1366666667 -0.021875 0.00375)
(0.14 -0.021875 0.00375)
(0.1433333333 -0.021875 0.00375)
(0.1466666667 -0.021875 0.00375)
(0.15 -0.021875 0.00375)
(0.1533333333 -0.021875 0.00375)
(0.1566666667 -0.021875 0.00375)
(0.16 -0.021875 0.00375)
(0.1633333333 -0.021875 0.00375)
(0.1666666667 -0.021875 0.00375)
(0.17 -0.021875 0.00375)
(0.1733333333 -0.021875 0.00375)
(0.1766666667 -0.021875 0.00375)
(0.18 -0.021875 0.00375)
(0.1166666667 -0.0175 0.00375)
(0.12 -0.0175 0.00375)
(0.1233333333 -0.0175 0.00375)
(0.1266666667 -0.0175 0.00375)
(0.13 -0.0175 0.00375)
(0.1333333333 -0.0175 0.00375)
(0.1366666667 -0.0175 0.00375)
(0.14 -0.0175 0.00375)
(0.1433333333 -0.0175 0.00375)
(0.1466666667 -0.0175 0.00375)
(0.15 -0.0175 0.00375)
(0.1533333333 -0.0175 0.00375)
(0.1566666667 -0.0175 0.00375)
(0.16 -0.0175 0.00375)
(0.1633333333 -0.0175 0.00375)
(0.1666666667 -0.0175 0.00375)
(0.17 -0.0175 0.00375)
(0.1733333333 -0.0175 0.00375)
(0.1766666667 -0.0175 0.00375)
(0.18 -0.0175 0.00375)
(0.1166666667 -0.013125 0.00375)
(0.12 -0.013125 0.00375)
(0.1233333333 -0.013125 0.00375)
(0.1266666667 -0.013125 0.00375)
(0.13 -0.013125 0.00375)
(0.1333333333 -0.013125 0.00375)
(0.1366666667 -0.013125 0.00375)
(0.14 -0.013125 0.00375)
(0.1433333333 -0.013125 0.00375)
(0.1466666667 -0.013125 0.00375)
(0.15 -0.013125 0.00375)
(0.1533333333 -0.013125 0.00375)
(0.1566666667 -0.013125 0.00375)
(0.16 -0.013125 0.00375)
(0.1633333333 -0.013125 0.00375)
(0.1666666667 -0.013125 0.00375)
(0.17 -0.013125 0.00375)
(0.1733333333 -0.013125 0.00375)
(0.1766666667 -0.013125 0.00375)
(0.18 -0.013125 0.00375)
(0.1166666667 -0.00875 0.00375)
(0.12 -0.00875 0.00375)
(0.1233333333 -0.00875 0.00375)
(0.1266666667 -0.00875 0.00375)
(0.13 -0.00875 0.00375)
(0.1333333333 -0.00875 0.00375)
(0.1366666667 -0.00875 0.00375)
(0.14 -0.00875 0.00375)
(0.1433333333 -0.00875 0.00375)
(0.1466666667 -0.00875 0.00375)
(0.15 -0.00875 0.00375)
(0.1533333333 -0.00875 0.00375)
(0.1566666667 -0.00875 0.00375)
(0.16 -0.00875 0.00375)
(0.1633333333 -0.00875 0.00375)
(0.1666666667 -0.00875 0.00375)
(0.17 -0.00875 0.00375)
(0.1733333333 -0.00875 0.00375)
(0.1766666667 -0.00875 0.00375)
(0.18 -0.00875 0.00375)
(0.1166666667 -0.004375 0.00375)
(0.12 -0.004375 0.00375)
(0.1233333333 -0.004375 0.00375)
(0.1266666667 -0.004375 0.00375)
(0.13 -0.004375 0.00375)
(0.1333333333 -0.004375 0.00375)
(0.1366666667 -0.004375 0.00375)
(0.14 -0.004375 0.00375)
(0.1433333333 -0.004375 0.00375)
(0.1466666667 -0.004375 0.00375)
(0.15 -0.004375 0.00375)
(0.1533333333 -0.004375 0.00375)
(0.1566666667 -0.004375 0.00375)
(0.16 -0.004375 0.00375)
(0.1633333333 -0.004375 0.00375)
(0.1666666667 -0.004375 0.00375)
(0.17 -0.004375 0.00375)
(0.1733333333 -0.004375 0.00375)
(0.1766666667 -0.004375 0.00375)
(0.18 -0.004375 0.00375)
(0.12 0 0.00375)
(0.1233333333 -1.156482317e-18 0.00375)
(0.1266666667 0 0.00375)
(0.13 0 0.00375)
(0.1333333333 0 0.00375)
(0.1366666667 0 0.00375)
(0.14 0 0.00375)
(0.1433333333 0 0.00375)
(0.1466666667 0 0.00375)
(0.15 0 0.00375)
(0.1533333333 0 0.00375)
(0.1566666667 5.782411587e-19 0.00375)
(0.16 0 0.00375)
(0.1633333333 0 0.00375)
(0.12 0.004375 0.00375)
(0.1233333333 0.004375 0.00375)
(0.1266666667 0.004375 0.00375)
(0.13 0.004375 0.00375)
(0.1333333333 0.004375 0.00375)
(0.1366666667 0.004375 0.00375)
(0.14 0.004375 0.00375)
(0.1433333333 0.004375 0.00375)
(0.1166666667 -0.07 0.005)
(0.12 -0.07 0.005)
(0.1233333333 -0.07 0.005)
(0.1266666667 -0.07 0.005)
(0.13 -0.07 0.005)
(0.1333333333 -0.07 0.005)
(0.1366666667 -0.07 0.005)
(0.14 -0.07 0.005)
(0.1433333333 -0.07 0.005)
(0.1466666667 -0.07 0.005)
(0.15 -0.07 0.005)
(0.1533333333 -0.07 0.005)
(0.1566666667 -0.07 0.005)
(0.16 -0.07 0.005)
(0.1633333333 -0.07 0.005)
(0.1666666667 -0.07 0.005)
(0.17 -0.07 0.005)
(0.1733333333 -0.07 0.005)
(0.1766666667 -0.07 0.005)
(0.18 -0.07 0.005)
(0.1166666667 -0.065625 0.005)
(0.12 -0.065625 0.005)
(0.1233333333 -0.065625 0.005)
(0.1266666667 -0.065625 0.005)
(0.13 -0.065625 0.005)
(0.1333333333 -0.065625 0.005)
(0.1366666667 -0.065625 0.005)
(0.14 -0.065625 0.005)
(0.1433333333 -0.065625 0.005)
(0.1466666667 -0.065625 0.005)
(0.15 -0.065625 0.005)
(0.1533333333 -0.065625 0.005)
(0.1566666667 -0.065625 0.005)
(0.16 -0.065625 0.005)
(0.1633333333 -0.065625 0.005)
(0.1666666667 -0.065625 0.005)
(0.17 -0.065625 0.005)
(0.1733333333 -0.065625 0.005)
(0.1766666667 -0.065625 0.005)
(0.18 -0.065625 0.005)
(0.1166666667 -0.06125 0.005)
(0.12 -0.06125 0.005)
(0.1233333333 -0.06125 0.005)
(0.1266666667 -0.06125 0.005)
(0.13 -0.06125 0.005)
(0.1333333333 -0.06125 0.005)
(0.1366666667 -0.06125 0.005)
(0.14 -0.06125 0.005)
(0.1433333333 -0.06125 0.005)
(0.1466666667 -0.06125 0.005)
(0.15 -0.06125 0.005)
(0.1533333333 -0.06125 0.005)
(0.1566666667 -0.06125 0.005)
(0.16 -0.06125 0.005)
(0.1633333333 -0.06125 0.005)
(0.1666666667 -0.06125 0.005)
(0.17 -0.06125 0.005)
(0.1733333333 -0.06125 0.005)
(0.1766666667 -0.06125 0.005)
(0.18 -0.06125 0.005)
(0.1166666667 -0.056875 0.005)
(0.12 -0.056875 0.005)
(0.1233333333 -0.056875 0.005)
(0.1266666667 -0.056875 0.005)
(0.13 -0.056875 0.005)
(0.1333333333 -0.056875 0.005)
(0.1366666667 -0.056875 0.005)
(0.14 -0.056875 0.005)
(0.1433333333 -0.056875 0.005)
(0.1466666667 -0.056875 0.005)
(0.15 -0.056875 0.005)
(0.1533333333 -0.056875 0.005)
(0.1566666667 -0.056875 0.005)
(0.16 -0.056875 0.005)
(0.1633333333 -0.056875 0.005)
(0.1666666667 -0.056875 0.005)
(0.17 -0.056875 0.005)
(0.1733333333 -0.056875 0.005)
(0.1766666667 -0.056875 0.005)
(0.18 -0.056875 0.005)
(0.1166666667 -0.0525 0.005)
(0.12 -0.0525 0.005)
(0.1233333333 -0.0525 0.005)
(0.1266666667 -0.0525 0.005)
(0.13 -0.0525 0.005)
(0.1333333333 -0.0525 0.005)
(0.1366666667 -0.0525 0.005)
(0.14 -0.0525 0.005)
(0.1433333333 -0.0525 0.005)
(0.1466666667 -0.0525 0.005)
(0.15 -0.0525 0.005)
(0.1533333333 -0.0525 0.005)
(0.1566666667 -0.0525 0.005)
(0.16 -0.0525 0.005)
(0.1633333333 -0.0525 0.005)
(0.1666666667 -0.0525 0.005)
(0.17 -0.0525 0.005)
(0.1733333333 -0.0525 0.005)
(0.1766666667 -0.0525 0.005)
(0.18 -0.0525 0.005)
(0.1166666667 -0.048125 0.005)
(0.12 -0.048125 0.005)
(0.1233333333 -0.048125 0.005)
(0.1266666667 -0.048125 0.005)
(0.13 -0.048125 0.005)
(0.1333333333 -0.048125 0.005)
(0.1366666667 -0.048125 0.005)
(0.14 -0.048125 0.005)
(0.1433333333 -0.048125 0.005)
(0.1466666667 -0.048125 0.005)
(0.15 -0.048125 0.005)
(0.1533333333 -0.048125 0.005)
(0.1566666667 -0.048125 0.005)
(0.16 -0.048125 0.005)
(0.1633333333 -0.048125 0.005)
(0.1666666667 -0.048125 0.005)
(0.17 -0.048125 0.005)
(0.1733333333 -0.048125 0.005)
(0.1766666667 -0.048125 0.005)
(0.18 -0.048125 0.005)
(0.1166666667 -0.04375 0.005)
(0.12 -0.04375 0.005)
(0.1233333333 -0.04375 0.005)
(0.1266666667 -0.04375 0.005)
(0.13 -0.04375 0.005)
(0.1333333333 -0.04375 0.005)
(0.1366666667 -0.04375 0.005)
(0.14 -0.04375 0.005)
(0.1433333333 -0.04375 0.005)
(0.1466666667 -0.04375 0.005)
(0.15 -0.04375 0.005)
(0.1533333333 -0.04375 0.005)
(0.1566666667 -0.04375 0.005)
(0.16 -0.04375 0.005)
(0.1633333333 -0.04375 0.005)
(0.1666666667 -0.04375 0.005)
(0.17 -0.04375 0.005)
(0.1733333333 -0.04375 0.005)
(0.1766666667 -0.04375 0.005)
(0.18 -0.04375 0.005)
(0.1166666667 -0.039375 0.005)
(0.12 -0.039375 0.005)
(0.1233333333 -0.039375 0.005)
(0.1266666667 -0.039375 0.005)
(0.13 -0.039375 0.005)
(0.1333333333 -0.039375 0.005)
(0.1366666667 -0.039375 0.005)
(0.14 -0.039375 0.005)
(0.1433333333 -0.039375 0.005)
(0.1466666667 -0.039375 0.005)
(0.15 -0.039375 0.005)
(0.1533333333 -0.039375 0.005)
(0.1566666667 -0.039375 0.005)
(0.16 -0.039375 0.005)
(0.1633333333 -0.039375 0.005)
(0.1666666667 -0.039375 0.005)
(0.17 -0.039375 0.005)
(0.1733333333 -0.039375 0.005)
(0.1766666667 -0.039375 0.005)
(0.18 -0.039375 0.005)
(0.1166666667 -0.035 0.005)
(0.12 -0.035 0.005)
(0.1233333333 -0.035 0.005)
(0.1266666667 -0.035 0.005)
(0.13 -0.035 0.005)
(0.1333333333 -0.035 0.005)
(0.1366666667 -0.035 0.005)
(0.14 -0.035 0.005)
(0.1433333333 -0.035 0.005)
(0.1466666667 -0.035 0.005)
(0.15 -0.035 0.005)
(0.1533333333 -0.035 0.005)
(0.1566666667 -0.035 0.005)
(0.16 -0.035 0.005)
(0.1633333333 -0.035 0.005)
(0.1666666667 -0.035 0.005)
(0.17 -0.035 0.005)
(0.1733333333 -0.035 0.005)
(0.1766666667 -0.035 0.005)
(0.18 -0.035 0.005)
(0.1166666667 -0.030625 0.005)
(0.12 -0.030625 0.005)
(0.1233333333 -0.030625 0.005)
(0.1266666667 -0.030625 0.005)
(0.13 -0.030625 0.005)
(0.1333333333 -0.030625 0.005)
(0.1366666667 -0.030625 0.005)
(0.14 -0.030625 0.005)
(0.1433333333 -0.030625 0.005)
(0.1466666667 -0.030625 0.005)
(0.15 -0.030625 0.005)
(0.1533333333 -0.030625 0.005)
(0.1566666667 -0.030625 0.005)
(0.16 -0.030625 0.005)
(0.1633333333 -0.030625 0.005)
(0.1666666667 -0.030625 0.005)
(0.17 -0.030625 0.005)
(0.1733333333 -0.030625 0.005)
(0.1766666667 -0.030625 0.005)
(0.18 -0.030625 0.005)
(0.1166666667 -0.02625 0.005)
(0.12 -0.02625 0.005)
(0.1233333333 -0.02625 0.005)
(0.1266666667 -0.02625 0.005)
(0.13 -0.02625 0.005)
(0.1333333333 -0.02625 0.005)
(0.1366666667 -0.02625 0.005)
(0.14 -0.02625 0.005)
(0.1433333333 -0.02625 0.005)
(0.1466666667 -0.02625 0.005)
(0.15 -0.02625 0.005)
(0.1533333333 -0.02625 0.005)
(0.1566666667 -0.02625 0.005)
(0.16 -0.02625 0.005)
(0.1633333333 -0.02625 0.005)
(0.1666666667 -0.02625 0.005)
(0.17 -0.02625 0.005)
(0.1733333333 -0.02625 0.005)
(0.1766666667 -0.02625 0.005)
(0.18 -0.02625 0.005)
(0.1166666667 -0.021875 0.005)
(0.12 -0.021875 0.005)
(0.1233333333 -0.021875 0.005)
(0.1266666667 -0.021875 0.005)
(0.13 -0.021875 0.005)
(0.1333333333 -0.021875 0.005)
(0.1366666667 -0.021875 0.005)
(0.14 -0.021875 0.005)
(0.1433333333 -0.021875 0.005)
(0.1466666667 -0.021875 0.005)
(0.15 -0.021875 0.005)
(0.1533333333 -0.021875 0.005)
(0.1566666667 -0.021875 0.005)
(0.16 -0.021875 0.005)
(0.1633333333 -0.021875 0.005)
(0.1666666667 -0.021875 0.005)
(0.17 -0.021875 0.005)
(0.1733333333 -0.021875 0.005)
(0.1766666667 -0.021875 0.005)
(0.18 -0.021875 0.005)
(0.1166666667 -0.0175 0.005)
(0.12 -0.0175 0.005)
(0.1233333333 -0.0175 0.005)
(0.1266666667 -0.0175 0.005)
(0.13 -0.0175 0.005)
(0.1333333333 -0.0175 0.005)
(0.1366666667 -0.0175 0.005)
(0.14 -0.0175 0.005)
(0.1433333333 -0.0175 0.005)
(0.1466666667 -0.0175 0.005)
(0.15 -0.0175 0.005)
(0.1533333333 -0.0175 0.005)
(0.1566666667 -0.0175 0.005)
(0.16 -0.0175 0.005)
(0.1633333333 -0.0175 0.005)
(0.1666666667 -0.0175 0.005)
(0.17 -0.0175 0.005)
(0.1733333333 -0.0175 0.005)
(0.1766666667 -0.0175 0.005)
(0.18 -0.0175 0.005)
(0.1166666667 -0.013125 0.005)
(0.12 -0.013125 0.005)
(0.1233333333 -0.013125 0.005)
(0.1266666667 -0.013125 0.005)
(0.13 -0.013125 0.005)
(0.1333333333 -0.013125 0.005)
(0.1366666667 -0.013125 0.005)
(0.14 -0.013125 0.005)
(0.1433333333 -0.013125 0.005)
(0.1466666667 -0.013125 0.005)
(0.15 -0.013125 0.005)
(0.1533333333 -0.013125 0.005)
(0.1566666667 -0.013125 0.005)
(0.16 -0.013125 0.005)
(0.1633333333 -0.013125 0.005)
(0.1666666667 -0.013125 0.005)
(0.17 -0.013125 0.005)
(0.1733333333 -0.013125 0.005)
(0.1766666667 -0.013125 0.005)
(0.18 -0.013125 0.005)
(0.1166666667 -0.00875 0.005)
(0.12 -0.00875 0.005)
(0.1233333333 -0.00875 0.005)
(0.1266666667 -0.00875 0.005)
(0.13 -0.00875 0.005)
(0.1333333333 -0.00875 0.005)
(0.1366666667 -0.00875 0.005)
(0.14 -0.00875 0.005)
(0.1433333333 -0.00875 0.005)
(0.1466666667 -0.00875 0.005)
(0.15 -0.00875 0.005)
(0.1533333333 -0.00875 0.005)
(0.1566666667 -0.00875 0.005)
(0.16 -0.00875 0.005)
(0.1633333333 -0.00875 0.005)
(0.1666666667 -0.00875 0.005)
(0.17 -0.00875 0.005)
(0.1733333333 -0.00875 0.005)
(0.1766666667 -0.00875 0.005)
(0.18 -0.00875 0.005)
(0.1166666667 -0.004375 0.005)
(0.12 -0.004375 0.005)
(0.1233333333 -0.004375 0.005)
(0.1266666667 -0.004375 0.005)
(0.13 -0.004375 0.005)
(0.1333333333 -0.004375 0.005)
(0.1366666667 -0.004375 0.005)
(0.14 -0.004375 0.005)
(0.1433333333 -0.004375 0.005)
(0.1466666667 -0.004375 0.005)
(0.15 -0.004375 0.005)
(0.1533333333 -0.004375 0.005)
(0.1566666667 -0.004375 0.005)
(0.16 -0.004375 0.005)
(0.1633333333 -0.004375 0.005)
(0.1666666667 -0.004375 0.005)
(0.17 -0.004375 0.005)
(0.1733333333 -0.004375 0.005)
(0.1766666667 -0.004375 0.005)
(0.18 -0.004375 0.005)
(0.12 1.156482317e-18 0.005)
(0.1233333333 -1.156482317e-18 0.005)
(0.1266666667 0 0.005)
(0.13 1.156482317e-18 0.005)
(0.1333333333 0 0.005)
(0.1366666667 1.156482317e-18 0.005)
(0.14 0 0.005)
(0.1433333333 1.156482317e-18 0.005)
(0.1466666667 0 0.005)
(0.15 5.782411587e-19 0.005)
(0.1533333333 0 0.005)
(0.1566666667 1.156482317e-18 0.005)
(0.16 1.156482317e-18 0.005)
(0.1633333333 2.891205793e-19 0.005)
(0.12 0.004375 0.005)
(0.1233333333 0.004375 0.005)
(0.1266666667 0.004375 0.005)
(0.13 0.004375 0.005)
(0.1333333333 0.004375 0.005)
(0.1366666667 0.004375 0.005)
(0.14 0.004375 0.005)
(0.1433333333 0.004375 0.005)
(0.1166666667 -0.07 0.00625)
(0.12 -0.07 0.00625)
(0.1233333333 -0.07 0.00625)
(0.1266666667 -0.07 0.00625)
(0.13 -0.07 0.00625)
(0.1333333333 -0.07 0.00625)
(0.1366666667 -0.07 0.00625)
(0.14 -0.07 0.00625)
(0.1433333333 -0.07 0.00625)
(0.1466666667 -0.07 0.00625)
(0.15 -0.07 0.00625)
(0.1533333333 -0.07 0.00625)
(0.1566666667 -0.07 0.00625)
(0.16 -0.07 0.00625)
(0.1633333333 -0.07 0.00625)
(0.1666666667 -0.07 0.00625)
(0.17 -0.07 0.00625)
(0.1733333333 -0.07 0.00625)
(0.1766666667 -0.07 0.00625)
(0.18 -0.07 0.00625)
(0.1166666667 -0.065625 0.00625)
(0.12 -0.065625 0.00625)
(0.1233333333 -0.065625 0.00625)
(0.1266666667 -0.065625 0.00625)
(0.13 -0.065625 0.00625)
(0.1333333333 -0.065625 0.00625)
(0.1366666667 -0.065625 0.00625)
(0.14 -0.065625 0.00625)
(0.1433333333 -0.065625 0.00625)
(0.1466666667 -0.065625 0.00625)
(0.15 -0.065625 0.00625)
(0.1533333333 -0.065625 0.00625)
(0.1566666667 -0.065625 0.00625)
(0.16 -0.065625 0.00625)
(0.1633333333 -0.065625 0.00625)
(0.1666666667 -0.065625 0.00625)
(0.17 -0.065625 0.00625)
(0.1733333333 -0.065625 0.00625)
(0.1766666667 -0.065625 0.00625)
(0.18 -0.065625 0.00625)
(0.1166666667 -0.06125 0.00625)
(0.12 -0.06125 0.00625)
(0.1233333333 -0.06125 0.00625)
(0.1266666667 -0.06125 0.00625)
(0.13 -0.06125 0.00625)
(0.1333333333 -0.06125 0.00625)
(0.1366666667 -0.06125 0.00625)
(0.14 -0.06125 0.00625)
(0.1433333333 -0.06125 0.00625)
(0.1466666667 -0.06125 0.00625)
(0.15 -0.06125 0.00625)
(0.1533333333 -0.06125 0.00625)
(0.1566666667 -0.06125 0.00625)
(0.16 -0.06125 0.00625)
(0.1633333333 -0.06125 0.00625)
(0.1666666667 -0.06125 0.00625)
(0.17 -0.06125 0.00625)
(0.1733333333 -0.06125 0.00625)
(0.1766666667 -0.06125 0.00625)
(0.18 -0.06125 0.00625)
(0.1166666667 -0.056875 0.00625)
(0.12 -0.056875 0.00625)
(0.1233333333 -0.056875 0.00625)
(0.1266666667 -0.056875 0.00625)
(0.13 -0.056875 0.00625)
(0.1333333333 -0.056875 0.00625)
(0.1366666667 -0.056875 0.00625)
(0.14 -0.056875 0.00625)
(0.1433333333 -0.056875 0.00625)
(0.1466666667 -0.056875 0.00625)
(0.15 -0.056875 0.00625)
(0.1533333333 -0.056875 0.00625)
(0.1566666667 -0.056875 0.00625)
(0.16 -0.056875 0.00625)
(0.1633333333 -0.056875 0.00625)
(0.1666666667 -0.056875 0.00625)
(0.17 -0.056875 0.00625)
(0.1733333333 -0.056875 0.00625)
(0.1766666667 -0.056875 0.00625)
(0.18 -0.056875 0.00625)
(0.1166666667 -0.0525 0.00625)
(0.12 -0.0525 0.00625)
(0.1233333333 -0.0525 0.00625)
(0.1266666667 -0.0525 0.00625)
(0.13 -0.0525 0.00625)
(0.1333333333 -0.0525 0.00625)
(0.1366666667 -0.0525 0.00625)
(0.14 -0.0525 0.00625)
(0.1433333333 -0.0525 0.00625)
(0.1466666667 -0.0525 0.00625)
(0.15 -0.0525 0.00625)
(0.1533333333 -0.0525 0.00625)
(0.1566666667 -0.0525 0.00625)
(0.16 -0.0525 0.00625)
(0.1633333333 -0.0525 0.00625)
(0.1666666667 -0.0525 0.00625)
(0.17 -0.0525 0.00625)
(0.1733333333 -0.0525 0.00625)
(0.1766666667 -0.0525 0.00625)
(0.18 -0.0525 0.00625)
(0.1166666667 -0.048125 0.00625)
(0.12 -0.048125 0.00625)
(0.1233333333 -0.048125 0.00625)
(0.1266666667 -0.048125 0.00625)
(0.13 -0.048125 0.00625)
(0.1333333333 -0.048125 0.00625)
(0.1366666667 -0.048125 0.00625)
(0.14 -0.048125 0.00625)
(0.1433333333 -0.048125 0.00625)
(0.1466666667 -0.048125 0.00625)
(0.15 -0.048125 0.00625)
(0.1533333333 -0.048125 0.00625)
(0.1566666667 -0.048125 0.00625)
(0.16 -0.048125 0.00625)
(0.1633333333 -0.048125 0.00625)
(0.1666666667 -0.048125 0.00625)
(0.17 -0.048125 0.00625)
(0.1733333333 -0.048125 0.00625)
(0.1766666667 -0.048125 0.00625)
(0.18 -0.048125 0.00625)
(0.1166666667 -0.04375 0.00625)
(0.12 -0.04375 0.00625)
(0.1233333333 -0.04375 0.00625)
(0.1266666667 -0.04375 0.00625)
(0.13 -0.04375 0.00625)
(0.1333333333 -0.04375 0.00625)
(0.1366666667 -0.04375 0.00625)
(0.14 -0.04375 0.00625)
(0.1433333333 -0.04375 0.00625)
(0.1466666667 -0.04375 0.00625)
(0.15 -0.04375 0.00625)
(0.1533333333 -0.04375 0.00625)
(0.1566666667 -0.04375 0.00625)
(0.16 -0.04375 0.00625)
(0.1633333333 -0.04375 0.00625)
(0.1666666667 -0.04375 0.00625)
(0.17 -0.04375 0.00625)
(0.1733333333 -0.04375 0.00625)
(0.1766666667 -0.04375 0.00625)
(0.18 -0.04375 0.00625)
(0.1166666667 -0.039375 0.00625)
(0.12 -0.039375 0.00625)
(0.1233333333 -0.039375 0.00625)
(0.1266666667 -0.039375 0.00625)
(0.13 -0.039375 0.00625)
(0.1333333333 -0.039375 0.00625)
(0.1366666667 -0.039375 0.00625)
(0.14 -0.039375 0.00625)
(0.1433333333 -0.039375 0.00625)
(0.1466666667 -0.039375 0.00625)
(0.15 -0.039375 0.00625)
(0.1533333333 -0.039375 0.00625)
(0.1566666667 -0.039375 0.00625)
(0.16 -0.039375 0.00625)
(0.1633333333 -0.039375 0.00625)
(0.1666666667 -0.039375 0.00625)
(0.17 -0.039375 0.00625)
(0.1733333333 -0.039375 0.00625)
(0.1766666667 -0.039375 0.00625)
(0.18 -0.039375 0.00625)
(0.1166666667 -0.035 0.00625)
(0.12 -0.035 0.00625)
(0.1233333333 -0.035 0.00625)
(0.1266666667 -0.035 0.00625)
(0.13 -0.035 0.00625)
(0.1333333333 -0.035 0.00625)
(0.1366666667 -0.035 0.00625)
(0.14 -0.035 0.00625)
(0.1433333333 -0.035 0.00625)
(0.1466666667 -0.035 0.00625)
(0.15 -0.035 0.00625)
(0.1533333333 -0.035 0.00625)
(0.1566666667 -0.035 0.00625)
(0.16 -0.035 0.00625)
(0.1633333333 -0.035 0.00625)
(0.1666666667 -0.035 0.00625)
(0.17 -0.035 0.00625)
(0.1733333333 -0.035 0.00625)
(0.1766666667 -0.035 0.00625)
(0.18 -0.035 0.00625)
(0.1166666667 -0.030625 0.00625)
(0.12 -0.030625 0.00625)
(0.1233333333 -0.030625 0.00625)
(0.1266666667 -0.030625 0.00625)
(0.13 -0.030625 0.00625)
(0.1333333333 -0.030625 0.00625)
(0.1366666667 -0.030625 0.00625)
(0.14 -0.030625 0.00625)
(0.1433333333 -0.030625 0.00625)
(0.1466666667 -0.030625 0.00625)
(0.15 -0.030625 0.00625)
(0.1533333333 -0.030625 0.00625)
(0.1566666667 -0.030625 0.00625)
(0.16 -0.030625 0.00625)
(0.1633333333 -0.030625 0.00625)
(0.1666666667 -0.030625 0.00625)
(0.17 -0.030625 0.00625)
(0.1733333333 -0.030625 0.00625)
(0.1766666667 -0.030625 0.00625)
(0.18 -0.030625 0.00625)
(0.1166666667 -0.02625 0.00625)
(0.12 -0.02625 0.00625)
(0.1233333333 -0.02625 0.00625)
(0.1266666667 -0.02625 0.00625)
(0.13 -0.02625 0.00625)
(0.1333333333 -0.02625 0.00625)
(0.1366666667 -0.02625 0.00625)
(0.14 -0.02625 0.00625)
(0.1433333333 -0.02625 0.00625)
(0.1466666667 -0.02625 0.00625)
(0.15 -0.02625 0.00625)
(0.1533333333 -0.02625 0.00625)
(0.1566666667 -0.02625 0.00625)
(0.16 -0.02625 0.00625)
(0.1633333333 -0.02625 0.00625)
(0.1666666667 -0.02625 0.00625)
(0.17 -0.02625 0.00625)
(0.1733333333 -0.02625 0.00625)
(0.1766666667 -0.02625 0.00625)
(0.18 -0.02625 0.00625)
(0.1166666667 -0.021875 0.00625)
(0.12 -0.021875 0.00625)
(0.1233333333 -0.021875 0.00625)
(0.1266666667 -0.021875 0.00625)
(0.13 -0.021875 0.00625)
(0.1333333333 -0.021875 0.00625)
(0.1366666667 -0.021875 0.00625)
(0.14 -0.021875 0.00625)
(0.1433333333 -0.021875 0.00625)
(0.1466666667 -0.021875 0.00625)
(0.15 -0.021875 0.00625)
(0.1533333333 -0.021875 0.00625)
(0.1566666667 -0.021875 0.00625)
(0.16 -0.021875 0.00625)
(0.1633333333 -0.021875 0.00625)
(0.1666666667 -0.021875 0.00625)
(0.17 -0.021875 0.00625)
(0.1733333333 -0.021875 0.00625)
(0.1766666667 -0.021875 0.00625)
(0.18 -0.021875 0.00625)
(0.1166666667 -0.0175 0.00625)
(0.12 -0.0175 0.00625)
(0.1233333333 -0.0175 0.00625)
(0.1266666667 -0.0175 0.00625)
(0.13 -0.0175 0.00625)
(0.1333333333 -0.0175 0.00625)
(0.1366666667 -0.0175 0.00625)
(0.14 -0.0175 0.00625)
(0.1433333333 -0.0175 0.00625)
(0.1466666667 -0.0175 0.00625)
(0.15 -0.0175 0.00625)
(0.1533333333 -0.0175 0.00625)
(0.1566666667 -0.0175 0.00625)
(0.16 -0.0175 0.00625)
(0.1633333333 -0.0175 0.00625)
(0.1666666667 -0.0175 0.00625)
(0.17 -0.0175 0.00625)
(0.1733333333 -0.0175 0.00625)
(0.1766666667 -0.0175 0.00625)
(0.18 -0.0175 0.00625)
(0.1166666667 -0.013125 0.00625)
(0.12 -0.013125 0.00625)
(0.1233333333 -0.013125 0.00625)
(0.1266666667 -0.013125 0.00625)
(0.13 -0.013125 0.00625)
(0.1333333333 -0.013125 0.00625)
(0.1366666667 -0.013125 0.00625)
(0.14 -0.013125 0.00625)
(0.1433333333 -0.013125 0.00625)
(0.1466666667 -0.013125 0.00625)
(0.15 -0.013125 0.00625)
(0.1533333333 -0.013125 0.00625)
(0.1566666667 -0.013125 0.00625)
(0.16 -0.013125 0.00625)
(0.1633333333 -0.013125 0.00625)
(0.1666666667 -0.013125 0.00625)
(0.17 -0.013125 0.00625)
(0.1733333333 -0.013125 0.00625)
(0.1766666667 -0.013125 0.00625)
(0.18 -0.013125 0.00625)
(0.1166666667 -0.00875 0.00625)
(0.12 -0.00875 0.00625)
(0.1233333333 -0.00875 0.00625)
(0.1266666667 -0.00875 0.00625)
(0.13 -0.00875 0.00625)
(0.1333333333 -0.00875 0.00625)
(0.1366666667 -0.00875 0.00625)
(0.14 -0.00875 0.00625)
(0.1433333333 -0.00875 0.00625)
(0.1466666667 -0.00875 0.00625)
(0.15 -0.00875 0.00625)
(0.1533333333 -0.00875 0.00625)
(0.1566666667 -0.00875 0.00625)
(0.16 -0.00875 0.00625)
(0.1633333333 -0.00875 0.00625)
(0.1666666667 -0.00875 0.00625)
(0.17 -0.00875 0.00625)
(0.1733333333 -0.00875 0.00625)
(0.1766666667 -0.00875 0.00625)
(0.18 -0.00875 0.00625)
(0.1166666667 -0.004375 0.00625)
(0.12 -0.004375 0.00625)
(0.1233333333 -0.004375 0.00625)
(0.1266666667 -0.004375 0.00625)
(0.13 -0.004375 0.00625)
(0.1333333333 -0.004375 0.00625)
(0.1366666667 -0.004375 0.00625)
(0.14 -0.004375 0.00625)
(0.1433333333 -0.004375 0.00625)
(0.1466666667 -0.004375 0.00625)
(0.15 -0.004375 0.00625)
(0.1533333333 -0.004375 0.00625)
(0.1566666667 -0.004375 0.00625)
(0.16 -0.004375 0.00625)
(0.1633333333 -0.004375 0.00625)
(0.1666666667 -0.004375 0.00625)
(0.17 -0.004375 0.00625)
(0.1733333333 -0.004375 0.00625)
(0.1766666667 -0.004375 0.00625)
(0.18 -0.004375 0.00625)
(0.12 0 0.00625)
(0.1233333333 -1.156482317e-18 0.00625)
(0.1266666667 0 0.00625)
(0.13 0 0.00625)
(0.1333333333 0 0.00625)
(0.1366666667 0 0.00625)
(0.14 0 0.00625)
(0.1433333333 0 0.00625)
(0.1466666667 0 0.00625)
(0.15 0 0.00625)
(0.1533333333 0 0.00625)
(0.1566666667 0 0.00625)
(0.16 0 0.00625)
(0.1633333333 0 0.00625)
(0.12 0.004375 0.00625)
(0.1233333333 0.004375 0.00625)
(0.1266666667 0.004375 0.00625)
(0.13 0.004375 0.00625)
(0.1333333333 0.004375 0.00625)
(0.1366666667 0.004375 0.00625)
(0.14 0.004375 0.00625)
(0.1433333333 0.004375 0.00625)
(0.1166666667 -0.07 0.0075)
(0.12 -0.07 0.0075)
(0.1233333333 -0.07 0.0075)
(0.1266666667 -0.07 0.0075)
(0.13 -0.07 0.0075)
(0.1333333333 -0.07 0.0075)
(0.1366666667 -0.07 0.0075)
(0.14 -0.07 0.0075)
(0.1433333333 -0.07 0.0075)
(0.1466666667 -0.07 0.0075)
(0.15 -0.07 0.0075)
(0.1533333333 -0.07 0.0075)
(0.1566666667 -0.07 0.0075)
(0.16 -0.07 0.0075)
(0.1633333333 -0.07 0.0075)
(0.1666666667 -0.07 0.0075)
(0.17 -0.07 0.0075)
(0.1733333333 -0.07 0.0075)
(0.1766666667 -0.07 0.0075)
(0.18 -0.07 0.0075)
(0.1166666667 -0.065625 0.0075)
(0.12 -0.065625 0.0075)
(0.1233333333 -0.065625 0.0075)
(0.1266666667 -0.065625 0.0075)
(0.13 -0.065625 0.0075)
(0.1333333333 -0.065625 0.0075)
(0.1366666667 -0.065625 0.0075)
(0.14 -0.065625 0.0075)
(0.1433333333 -0.065625 0.0075)
(0.1466666667 -0.065625 0.0075)
(0.15 -0.065625 0.0075)
(0.1533333333 -0.065625 0.0075)
(0.1566666667 -0.065625 0.0075)
(0.16 -0.065625 0.0075)
(0.1633333333 -0.065625 0.0075)
(0.1666666667 -0.065625 0.0075)
(0.17 -0.065625 0.0075)
(0.1733333333 -0.065625 0.0075)
(0.1766666667 -0.065625 0.0075)
(0.18 -0.065625 0.0075)
(0.1166666667 -0.06125 0.0075)
(0.12 -0.06125 0.0075)
(0.1233333333 -0.06125 0.0075)
(0.1266666667 -0.06125 0.0075)
(0.13 -0.06125 0.0075)
(0.1333333333 -0.06125 0.0075)
(0.1366666667 -0.06125 0.0075)
(0.14 -0.06125 0.0075)
(0.1433333333 -0.06125 0.0075)
(0.1466666667 -0.06125 0.0075)
(0.15 -0.06125 0.0075)
(0.1533333333 -0.06125 0.0075)
(0.1566666667 -0.06125 0.0075)
(0.16 -0.06125 0.0075)
(0.1633333333 -0.06125 0.0075)
(0.1666666667 -0.06125 0.0075)
(0.17 -0.06125 0.0075)
(0.1733333333 -0.06125 0.0075)
(0.1766666667 -0.06125 0.0075)
(0.18 -0.06125 0.0075)
(0.1166666667 -0.056875 0.0075)
(0.12 -0.056875 0.0075)
(0.1233333333 -0.056875 0.0075)
(0.1266666667 -0.056875 0.0075)
(0.13 -0.056875 0.0075)
(0.1333333333 -0.056875 0.0075)
(0.1366666667 -0.056875 0.0075)
(0.14 -0.056875 0.0075)
(0.1433333333 -0.056875 0.0075)
(0.1466666667 -0.056875 0.0075)
(0.15 -0.056875 0.0075)
(0.1533333333 -0.056875 0.0075)
(0.1566666667 -0.056875 0.0075)
(0.16 -0.056875 0.0075)
(0.1633333333 -0.056875 0.0075)
(0.1666666667 -0.056875 0.0075)
(0.17 -0.056875 0.0075)
(0.1733333333 -0.056875 0.0075)
(0.1766666667 -0.056875 0.0075)
(0.18 -0.056875 0.0075)
(0.1166666667 -0.0525 0.0075)
(0.12 -0.0525 0.0075)
(0.1233333333 -0.0525 0.0075)
(0.1266666667 -0.0525 0.0075)
(0.13 -0.0525 0.0075)
(0.1333333333 -0.0525 0.0075)
(0.1366666667 -0.0525 0.0075)
(0.14 -0.0525 0.0075)
(0.1433333333 -0.0525 0.0075)
(0.1466666667 -0.0525 0.0075)
(0.15 -0.0525 0.0075)
(0.1533333333 -0.0525 0.0075)
(0.1566666667 -0.0525 0.0075)
(0.16 -0.0525 0.0075)
(0.1633333333 -0.0525 0.0075)
(0.1666666667 -0.0525 0.0075)
(0.17 -0.0525 0.0075)
(0.1733333333 -0.0525 0.0075)
(0.1766666667 -0.0525 0.0075)
(0.18 -0.0525 0.0075)
(0.1166666667 -0.048125 0.0075)
(0.12 -0.048125 0.0075)
(0.1233333333 -0.048125 0.0075)
(0.1266666667 -0.048125 0.0075)
(0.13 -0.048125 0.0075)
(0.1333333333 -0.048125 0.0075)
(0.1366666667 -0.048125 0.0075)
(0.14 -0.048125 0.0075)
(0.1433333333 -0.048125 0.0075)
(0.1466666667 -0.048125 0.0075)
(0.15 -0.048125 0.0075)
(0.1533333333 -0.048125 0.0075)
(0.1566666667 -0.048125 0.0075)
(0.16 -0.048125 0.0075)
(0.1633333333 -0.048125 0.0075)
(0.1666666667 -0.048125 0.0075)
(0.17 -0.048125 0.0075)
(0.1733333333 -0.048125 0.0075)
(0.1766666667 -0.048125 0.0075)
(0.18 -0.048125 0.0075)
(0.1166666667 -0.04375 0.0075)
(0.12 -0.04375 0.0075)
(0.1233333333 -0.04375 0.0075)
(0.1266666667 -0.04375 0.0075)
(0.13 -0.04375 0.0075)
(0.1333333333 -0.04375 0.0075)
(0.1366666667 -0.04375 0.0075)
(0.14 -0.04375 0.0075)
(0.1433333333 -0.04375 0.0075)
(0.1466666667 -0.04375 0.0075)
(0.15 -0.04375 0.0075)
(0.1533333333 -0.04375 0.0075)
(0.1566666667 -0.04375 0.0075)
(0.16 -0.04375 0.0075)
(0.1633333333 -0.04375 0.0075)
(0.1666666667 -0.04375 0.0075)
(0.17 -0.04375 0.0075)
(0.1733333333 -0.04375 0.0075)
(0.1766666667 -0.04375 0.0075)
(0.18 -0.04375 0.0075)
(0.1166666667 -0.039375 0.0075)
(0.12 -0.039375 0.0075)
(0.1233333333 -0.039375 0.0075)
(0.1266666667 -0.039375 0.0075)
(0.13 -0.039375 0.0075)
(0.1333333333 -0.039375 0.0075)
(0.1366666667 -0.039375 0.0075)
(0.14 -0.039375 0.0075)
(0.1433333333 -0.039375 0.0075)
(0.1466666667 -0.039375 0.0075)
(0.15 -0.039375 0.0075)
(0.1533333333 -0.039375 0.0075)
(0.1566666667 -0.039375 0.0075)
(0.16 -0.039375 0.0075)
(0.1633333333 -0.039375 0.0075)
(0.1666666667 -0.039375 0.0075)
(0.17 -0.039375 0.0075)
(0.1733333333 -0.039375 0.0075)
(0.1766666667 -0.039375 0.0075)
(0.18 -0.039375 0.0075)
(0.1166666667 -0.035 0.0075)
(0.12 -0.035 0.0075)
(0.1233333333 -0.035 0.0075)
(0.1266666667 -0.035 0.0075)
(0.13 -0.035 0.0075)
(0.1333333333 -0.035 0.0075)
(0.1366666667 -0.035 0.0075)
(0.14 -0.035 0.0075)
(0.1433333333 -0.035 0.0075)
(0.1466666667 -0.035 0.0075)
(0.15 -0.035 0.0075)
(0.1533333333 -0.035 0.0075)
(0.1566666667 -0.035 0.0075)
(0.16 -0.035 0.0075)
(0.1633333333 -0.035 0.0075)
(0.1666666667 -0.035 0.0075)
(0.17 -0.035 0.0075)
(0.1733333333 -0.035 0.0075)
(0.1766666667 -0.035 0.0075)
(0.18 -0.035 0.0075)
(0.1166666667 -0.030625 0.0075)
(0.12 -0.030625 0.0075)
(0.1233333333 -0.030625 0.0075)
(0.1266666667 -0.030625 0.0075)
(0.13 -0.030625 0.0075)
(0.1333333333 -0.030625 0.0075)
(0.1366666667 -0.030625 0.0075)
(0.14 -0.030625 0.0075)
(0.1433333333 -0.030625 0.0075)
(0.1466666667 -0.030625 0.0075)
(0.15 -0.030625 0.0075)
(0.1533333333 -0.030625 0.0075)
(0.1566666667 -0.030625 0.0075)
(0.16 -0.030625 0.0075)
(0.1633333333 -0.030625 0.0075)
(0.1666666667 -0.030625 0.0075)
(0.17 -0.030625 0.0075)
(0.1733333333 -0.030625 0.0075)
(0.1766666667 -0.030625 0.0075)
(0.18 -0.030625 0.0075)
(0.1166666667 -0.02625 0.0075)
(0.12 -0.02625 0.0075)
(0.1233333333 -0.02625 0.0075)
(0.1266666667 -0.02625 0.0075)
(0.13 -0.02625 0.0075)
(0.1333333333 -0.02625 0.0075)
(0.1366666667 -0.02625 0.0075)
(0.14 -0.02625 0.0075)
(0.1433333333 -0.02625 0.0075)
(0.1466666667 -0.02625 0.0075)
(0.15 -0.02625 0.0075)
(0.1533333333 -0.02625 0.0075)
(0.1566666667 -0.02625 0.0075)
(0.16 -0.02625 0.0075)
(0.1633333333 -0.02625 0.0075)
(0.1666666667 -0.02625 0.0075)
(0.17 -0.02625 0.0075)
(0.1733333333 -0.02625 0.0075)
(0.1766666667 -0.02625 0.0075)
(0.18 -0.02625 0.0075)
(0.1166666667 -0.021875 0.0075)
(0.12 -0.021875 0.0075)
(0.1233333333 -0.021875 0.0075)
(0.1266666667 -0.021875 0.0075)
(0.13 -0.021875 0.0075)
(0.1333333333 -0.021875 0.0075)
(0.1366666667 -0.021875 0.0075)
(0.14 -0.021875 0.0075)
(0.1433333333 -0.021875 0.0075)
(0.1466666667 -0.021875 0.0075)
(0.15 -0.021875 0.0075)
(0.1533333333 -0.021875 0.0075)
(0.1566666667 -0.021875 0.0075)
(0.16 -0.021875 0.0075)
(0.1633333333 -0.021875 0.0075)
(0.1666666667 -0.021875 0.0075)
(0.17 -0.021875 0.0075)
(0.1733333333 -0.021875 0.0075)
(0.1766666667 -0.021875 0.0075)
(0.18 -0.021875 0.0075)
(0.1166666667 -0.0175 0.0075)
(0.12 -0.0175 0.0075)
(0.1233333333 -0.0175 0.0075)
(0.1266666667 -0.0175 0.0075)
(0.13 -0.0175 0.0075)
(0.1333333333 -0.0175 0.0075)
(0.1366666667 -0.0175 0.0075)
(0.14 -0.0175 0.0075)
(0.1433333333 -0.0175 0.0075)
(0.1466666667 -0.0175 0.0075)
(0.15 -0.0175 0.0075)
(0.1533333333 -0.0175 0.0075)
(0.1566666667 -0.0175 0.0075)
(0.16 -0.0175 0.0075)
(0.1633333333 -0.0175 0.0075)
(0.1666666667 -0.0175 0.0075)
(0.17 -0.0175 0.0075)
(0.1733333333 -0.0175 0.0075)
(0.1766666667 -0.0175 0.0075)
(0.18 -0.0175 0.0075)
(0.1166666667 -0.013125 0.0075)
(0.12 -0.013125 0.0075)
(0.1233333333 -0.013125 0.0075)
(0.1266666667 -0.013125 0.0075)
(0.13 -0.013125 0.0075)
(0.1333333333 -0.013125 0.0075)
(0.1366666667 -0.013125 0.0075)
(0.14 -0.013125 0.0075)
(0.1433333333 -0.013125 0.0075)
(0.1466666667 -0.013125 0.0075)
(0.15 -0.013125 0.0075)
(0.1533333333 -0.013125 0.0075)
(0.1566666667 -0.013125 0.0075)
(0.16 -0.013125 0.0075)
(0.1633333333 -0.013125 0.0075)
(0.1666666667 -0.013125 0.0075)
(0.17 -0.013125 0.0075)
(0.1733333333 -0.013125 0.0075)
(0.1766666667 -0.013125 0.0075)
(0.18 -0.013125 0.0075)
(0.1166666667 -0.00875 0.0075)
(0.12 -0.00875 0.0075)
(0.1233333333 -0.00875 0.0075)
(0.1266666667 -0.00875 0.0075)
(0.13 -0.00875 0.0075)
(0.1333333333 -0.00875 0.0075)
(0.1366666667 -0.00875 0.0075)
(0.14 -0.00875 0.0075)
(0.1433333333 -0.00875 0.0075)
(0.1466666667 -0.00875 0.0075)
(0.15 -0.00875 0.0075)
(0.1533333333 -0.00875 0.0075)
(0.1566666667 -0.00875 0.0075)
(0.16 -0.00875 0.0075)
(0.1633333333 -0.00875 0.0075)
(0.1666666667 -0.00875 0.0075)
(0.17 -0.00875 0.0075)
(0.1733333333 -0.00875 0.0075)
(0.1766666667 -0.00875 0.0075)
(0.18 -0.00875 0.0075)
(0.1166666667 -0.004375 0.0075)
(0.12 -0.004375 0.0075)
(0.1233333333 -0.004375 0.0075)
(0.1266666667 -0.004375 0.0075)
(0.13 -0.004375 0.0075)
(0.1333333333 -0.004375 0.0075)
(0.1366666667 -0.004375 0.0075)
(0.14 -0.004375 0.0075)
(0.1433333333 -0.004375 0.0075)
(0.1466666667 -0.004375 0.0075)
(0.15 -0.004375 0.0075)
(0.1533333333 -0.004375 0.0075)
(0.1566666667 -0.004375 0.0075)
(0.16 -0.004375 0.0075)
(0.1633333333 -0.004375 0.0075)
(0.1666666667 -0.004375 0.0075)
(0.17 -0.004375 0.0075)
(0.1733333333 -0.004375 0.0075)
(0.1766666667 -0.004375 0.0075)
(0.18 -0.004375 0.0075)
(0.12 -1.156482317e-18 0.0075)
(0.1233333333 -1.156482317e-18 0.0075)
(0.1266666667 0 0.0075)
(0.13 -1.156482317e-18 0.0075)
(0.1333333333 0 0.0075)
(0.1366666667 0 0.0075)
(0.14 0 0.0075)
(0.1433333333 -1.156482317e-18 0.0075)
(0.1466666667 0 0.0075)
(0.15 -5.782411587e-19 0.0075)
(0.1533333333 0 0.0075)
(0.1566666667 0 0.0075)
(0.16 5.782411587e-19 0.0075)
(0.1633333333 -1.156482317e-18 0.0075)
(0.12 0.004375 0.0075)
(0.1233333333 0.004375 0.0075)
(0.1266666667 0.004375 0.0075)
(0.13 0.004375 0.0075)
(0.1333333333 0.004375 0.0075)
(0.1366666667 0.004375 0.0075)
(0.14 0.004375 0.0075)
(0.1433333333 0.004375 0.0075)
(0.1166666667 -0.07 0.00875)
(0.12 -0.07 0.00875)
(0.1233333333 -0.07 0.00875)
(0.1266666667 -0.07 0.00875)
(0.13 -0.07 0.00875)
(0.1333333333 -0.07 0.00875)
(0.1366666667 -0.07 0.00875)
(0.14 -0.07 0.00875)
(0.1433333333 -0.07 0.00875)
(0.1466666667 -0.07 0.00875)
(0.15 -0.07 0.00875)
(0.1533333333 -0.07 0.00875)
(0.1566666667 -0.07 0.00875)
(0.16 -0.07 0.00875)
(0.1633333333 -0.07 0.00875)
(0.1666666667 -0.07 0.00875)
(0.17 -0.07 0.00875)
(0.1733333333 -0.07 0.00875)
(0.1766666667 -0.07 0.00875)
(0.18 -0.07 0.00875)
(0.1166666667 -0.065625 0.00875)
(0.12 -0.065625 0.00875)
(0.1233333333 -0.065625 0.00875)
(0.1266666667 -0.065625 0.00875)
(0.13 -0.065625 0.00875)
(0.1333333333 -0.065625 0.00875)
(0.1366666667 -0.065625 0.00875)
(0.14 -0.065625 0.00875)
(0.1433333333 -0.065625 0.00875)
(0.1466666667 -0.065625 0.00875)
(0.15 -0.065625 0.00875)
(0.1533333333 -0.065625 0.00875)
(0.1566666667 -0.065625 0.00875)
(0.16 -0.065625 0.00875)
(0.1633333333 -0.065625 0.00875)
(0.1666666667 -0.065625 0.00875)
(0.17 -0.065625 0.00875)
(0.1733333333 -0.065625 0.00875)
(0.1766666667 -0.065625 0.00875)
(0.18 -0.065625 0.00875)
(0.1166666667 -0.06125 0.00875)
(0.12 -0.06125 0.00875)
(0.1233333333 -0.06125 0.00875)
(0.1266666667 -0.06125 0.00875)
(0.13 -0.06125 0.00875)
(0.1333333333 -0.06125 0.00875)
(0.1366666667 -0.06125 0.00875)
(0.14 -0.06125 0.00875)
(0.1433333333 -0.06125 0.00875)
(0.1466666667 -0.06125 0.00875)
(0.15 -0.06125 0.00875)
(0.1533333333 -0.06125 0.00875)
(0.1566666667 -0.06125 0.00875)
(0.16 -0.06125 0.00875)
(0.1633333333 -0.06125 0.00875)
(0.1666666667 -0.06125 0.00875)
(0.17 -0.06125 0.00875)
(0.1733333333 -0.06125 0.00875)
(0.1766666667 -0.06125 0.00875)
(0.18 -0.06125 0.00875)
(0.1166666667 -0.056875 0.00875)
(0.12 -0.056875 0.00875)
(0.1233333333 -0.056875 0.00875)
(0.1266666667 -0.056875 0.00875)
(0.13 -0.056875 0.00875)
(0.1333333333 -0.056875 0.00875)
(0.1366666667 -0.056875 0.00875)
(0.14 -0.056875 0.00875)
(0.1433333333 -0.056875 0.00875)
(0.1466666667 -0.056875 0.00875)
(0.15 -0.056875 0.00875)
(0.1533333333 -0.056875 0.00875)
(0.1566666667 -0.056875 0.00875)
(0.16 -0.056875 0.00875)
(0.1633333333 -0.056875 0.00875)
(0.1666666667 -0.056875 0.00875)
(0.17 -0.056875 0.00875)
(0.1733333333 -0.056875 0.00875)
(0.1766666667 -0.056875 0.00875)
(0.18 -0.056875 0.00875)
(0.1166666667 -0.0525 0.00875)
(0.12 -0.0525 0.00875)
(0.1233333333 -0.0525 0.00875)
(0.1266666667 -0.0525 0.00875)
(0.13 -0.0525 0.00875)
(0.1333333333 -0.0525 0.00875)
(0.1366666667 -0.0525 0.00875)
(0.14 -0.0525 0.00875)
(0.1433333333 -0.0525 0.00875)
(0.1466666667 -0.0525 0.00875)
(0.15 -0.0525 0.00875)
(0.1533333333 -0.0525 0.00875)
(0.1566666667 -0.0525 0.00875)
(0.16 -0.0525 0.00875)
(0.1633333333 -0.0525 0.00875)
(0.1666666667 -0.0525 0.00875)
(0.17 -0.0525 0.00875)
(0.1733333333 -0.0525 0.00875)
(0.1766666667 -0.0525 0.00875)
(0.18 -0.0525 0.00875)
(0.1166666667 -0.048125 0.00875)
(0.12 -0.048125 0.00875)
(0.1233333333 -0.048125 0.00875)
(0.1266666667 -0.048125 0.00875)
(0.13 -0.048125 0.00875)
(0.1333333333 -0.048125 0.00875)
(0.1366666667 -0.048125 0.00875)
(0.14 -0.048125 0.00875)
(0.1433333333 -0.048125 0.00875)
(0.1466666667 -0.048125 0.00875)
(0.15 -0.048125 0.00875)
(0.1533333333 -0.048125 0.00875)
(0.1566666667 -0.048125 0.00875)
(0.16 -0.048125 0.00875)
(0.1633333333 -0.048125 0.00875)
(0.1666666667 -0.048125 0.00875)
(0.17 -0.048125 0.00875)
(0.1733333333 -0.048125 0.00875)
(0.1766666667 -0.048125 0.00875)
(0.18 -0.048125 0.00875)
(0.1166666667 -0.04375 0.00875)
(0.12 -0.04375 0.00875)
(0.1233333333 -0.04375 0.00875)
(0.1266666667 -0.04375 0.00875)
(0.13 -0.04375 0.00875)
(0.1333333333 -0.04375 0.00875)
(0.1366666667 -0.04375 0.00875)
(0.14 -0.04375 0.00875)
(0.1433333333 -0.04375 0.00875)
(0.1466666667 -0.04375 0.00875)
(0.15 -0.04375 0.00875)
(0.1533333333 -0.04375 0.00875)
(0.1566666667 -0.04375 0.00875)
(0.16 -0.04375 0.00875)
(0.1633333333 -0.04375 0.00875)
(0.1666666667 -0.04375 0.00875)
(0.17 -0.04375 0.00875)
(0.1733333333 -0.04375 0.00875)
(0.1766666667 -0.04375 0.00875)
(0.18 -0.04375 0.00875)
(0.1166666667 -0.039375 0.00875)
(0.12 -0.039375 0.00875)
(0.1233333333 -0.039375 0.00875)
(0.1266666667 -0.039375 0.00875)
(0.13 -0.039375 0.00875)
(0.1333333333 -0.039375 0.00875)
(0.1366666667 -0.039375 0.00875)
(0.14 -0.039375 0.00875)
(0.1433333333 -0.039375 0.00875)
(0.1466666667 -0.039375 0.00875)
(0.15 -0.039375 0.00875)
(0.1533333333 -0.039375 0.00875)
(0.1566666667 -0.039375 0.00875)
(0.16 -0.039375 0.00875)
(0.1633333333 -0.039375 0.00875)
(0.1666666667 -0.039375 0.00875)
(0.17 -0.039375 0.00875)
(0.1733333333 -0.039375 0.00875)
(0.1766666667 -0.039375 0.00875)
(0.18 -0.039375 0.00875)
(0.1166666667 -0.035 0.00875)
(0.12 -0.035 0.00875)
(0.1233333333 -0.035 0.00875)
(0.1266666667 -0.035 0.00875)
(0.13 -0.035 0.00875)
(0.1333333333 -0.035 0.00875)
(0.1366666667 -0.035 0.00875)
(0.14 -0.035 0.00875)
(0.1433333333 -0.035 0.00875)
(0.1466666667 -0.035 0.00875)
(0.15 -0.035 0.00875)
(0.1533333333 -0.035 0.00875)
(0.1566666667 -0.035 0.00875)
(0.16 -0.035 0.00875)
(0.1633333333 -0.035 0.00875)
(0.1666666667 -0.035 0.00875)
(0.17 -0.035 0.00875)
(0.1733333333 -0.035 0.00875)
(0.1766666667 -0.035 0.00875)
(0.18 -0.035 0.00875)
(0.1166666667 -0.030625 0.00875)
(0.12 -0.030625 0.00875)
(0.1233333333 -0.030625 0.00875)
(0.1266666667 -0.030625 0.00875)
(0.13 -0.030625 0.00875)
(0.1333333333 -0.030625 0.00875)
(0.1366666667 -0.030625 0.00875)
(0.14 -0.030625 0.00875)
(0.1433333333 -0.030625 0.00875)
(0.1466666667 -0.030625 0.00875)
(0.15 -0.030625 0.00875)
(0.1533333333 -0.030625 0.00875)
(0.1566666667 -0.030625 0.00875)
(0.16 -0.030625 0.00875)
(0.1633333333 -0.030625 0.00875)
(0.1666666667 -0.030625 0.00875)
(0.17 -0.030625 0.00875)
(0.1733333333 -0.030625 0.00875)
(0.1766666667 -0.030625 0.00875)
(0.18 -0.030625 0.00875)
(0.1166666667 -0.02625 0.00875)
(0.12 -0.02625 0.00875)
(0.1233333333 -0.02625 0.00875)
(0.1266666667 -0.02625 0.00875)
(0.13 -0.02625 0.00875)
(0.1333333333 -0.02625 0.00875)
(0.1366666667 -0.02625 0.00875)
(0.14 -0.02625 0.00875)
(0.1433333333 -0.02625 0.00875)
(0.1466666667 -0.02625 0.00875)
(0.15 -0.02625 0.00875)
(0.1533333333 -0.02625 0.00875)
(0.1566666667 -0.02625 0.00875)
(0.16 -0.02625 0.00875)
(0.1633333333 -0.02625 0.00875)
(0.1666666667 -0.02625 0.00875)
(0.17 -0.02625 0.00875)
(0.1733333333 -0.02625 0.00875)
(0.1766666667 -0.02625 0.00875)
(0.18 -0.02625 0.00875)
(0.1166666667 -0.021875 0.00875)
(0.12 -0.021875 0.00875)
(0.1233333333 -0.021875 0.00875)
(0.1266666667 -0.021875 0.00875)
(0.13 -0.021875 0.00875)
(0.1333333333 -0.021875 0.00875)
(0.1366666667 -0.021875 0.00875)
(0.14 -0.021875 0.00875)
(0.1433333333 -0.021875 0.00875)
(0.1466666667 -0.021875 0.00875)
(0.15 -0.021875 0.00875)
(0.1533333333 -0.021875 0.00875)
(0.1566666667 -0.021875 0.00875)
(0.16 -0.021875 0.00875)
(0.1633333333 -0.021875 0.00875)
(0.1666666667 -0.021875 0.00875)
(0.17 -0.021875 0.00875)
(0.1733333333 -0.021875 0.00875)
(0.1766666667 -0.021875 0.00875)
(0.18 -0.021875 0.00875)
(0.1166666667 -0.0175 0.00875)
(0.12 -0.0175 0.00875)
(0.1233333333 -0.0175 0.00875)
(0.1266666667 -0.0175 0.00875)
(0.13 -0.0175 0.00875)
(0.1333333333 -0.0175 0.00875)
(0.1366666667 -0.0175 0.00875)
(0.14 -0.0175 0.00875)
(0.1433333333 -0.0175 0.00875)
(0.1466666667 -0.0175 0.00875)
(0.15 -0.0175 0.00875)
(0.1533333333 -0.0175 0.00875)
(0.1566666667 -0.0175 0.00875)
(0.16 -0.0175 0.00875)
(0.1633333333 -0.0175 0.00875)
(0.1666666667 -0.0175 0.00875)
(0.17 -0.0175 0.00875)
(0.1733333333 -0.0175 0.00875)
(0.1766666667 -0.0175 0.00875)
(0.18 -0.0175 0.00875)
(0.1166666667 -0.013125 0.00875)
(0.12 -0.013125 0.00875)
(0.1233333333 -0.013125 0.00875)
(0.1266666667 -0.013125 0.00875)
(0.13 -0.013125 0.00875)
(0.1333333333 -0.013125 0.00875)
(0.1366666667 -0.013125 0.00875)
(0.14 -0.013125 0.00875)
(0.1433333333 -0.013125 0.00875)
(0.1466666667 -0.013125 0.00875)
(0.15 -0.013125 0.00875)
(0.1533333333 -0.013125 0.00875)
(0.1566666667 -0.013125 0.00875)
(0.16 -0.013125 0.00875)
(0.1633333333 -0.013125 0.00875)
(0.1666666667 -0.013125 0.00875)
(0.17 -0.013125 0.00875)
(0.1733333333 -0.013125 0.00875)
(0.1766666667 -0.013125 0.00875)
(0.18 -0.013125 0.00875)
(0.1166666667 -0.00875 0.00875)
(0.12 -0.00875 0.00875)
(0.1233333333 -0.00875 0.00875)
(0.1266666667 -0.00875 0.00875)
(0.13 -0.00875 0.00875)
(0.1333333333 -0.00875 0.00875)
(0.1366666667 -0.00875 0.00875)
(0.14 -0.00875 0.00875)
(0.1433333333 -0.00875 0.00875)
(0.1466666667 -0.00875 0.00875)
(0.15 -0.00875 0.00875)
(0.1533333333 -0.00875 0.00875)
(0.1566666667 -0.00875 0.00875)
(0.16 -0.00875 0.00875)
(0.1633333333 -0.00875 0.00875)
(0.1666666667 -0.00875 0.00875)
(0.17 -0.00875 0.00875)
(0.1733333333 -0.00875 0.00875)
(0.1766666667 -0.00875 0.00875)
(0.18 -0.00875 0.00875)
(0.1166666667 -0.004375 0.00875)
(0.12 -0.004375 0.00875)
(0.1233333333 -0.004375 0.00875)
(0.1266666667 -0.004375 0.00875)
(0.13 -0.004375 0.00875)
(0.1333333333 -0.004375 0.00875)
(0.1366666667 -0.004375 0.00875)
(0.14 -0.004375 0.00875)
(0.1433333333 -0.004375 0.00875)
(0.1466666667 -0.004375 0.00875)
(0.15 -0.004375 0.00875)
(0.1533333333 -0.004375 0.00875)
(0.1566666667 -0.004375 0.00875)
(0.16 -0.004375 0.00875)
(0.1633333333 -0.004375 0.00875)
(0.1666666667 -0.004375 0.00875)
(0.17 -0.004375 0.00875)
(0.1733333333 -0.004375 0.00875)
(0.1766666667 -0.004375 0.00875)
(0.18 -0.004375 0.00875)
(0.12 0 0.00875)
(0.1233333333 -1.156482317e-18 0.00875)
(0.1266666667 0 0.00875)
(0.13 0 0.00875)
(0.1333333333 0 0.00875)
(0.1366666667 0 0.00875)
(0.14 0 0.00875)
(0.1433333333 0 0.00875)
(0.1466666667 0 0.00875)
(0.15 0 0.00875)
(0.1533333333 0 0.00875)
(0.1566666667 0 0.00875)
(0.16 0 0.00875)
(0.1633333333 -1.156482317e-18 0.00875)
(0.12 0.004375 0.00875)
(0.1233333333 0.004375 0.00875)
(0.1266666667 0.004375 0.00875)
(0.13 0.004375 0.00875)
(0.1333333333 0.004375 0.00875)
(0.1366666667 0.004375 0.00875)
(0.14 0.004375 0.00875)
(0.1433333333 0.004375 0.00875)
(0.1166666667 -0.07 0.01)
(0.12 -0.07 0.01)
(0.1233333333 -0.07 0.01)
(0.1266666667 -0.07 0.01)
(0.13 -0.07 0.01)
(0.1333333333 -0.07 0.01)
(0.1366666667 -0.07 0.01)
(0.14 -0.07 0.01)
(0.1433333333 -0.07 0.01)
(0.1466666667 -0.07 0.01)
(0.15 -0.07 0.01)
(0.1533333333 -0.07 0.01)
(0.1566666667 -0.07 0.01)
(0.16 -0.07 0.01)
(0.1633333333 -0.07 0.01)
(0.1666666667 -0.07 0.01)
(0.17 -0.07 0.01)
(0.1733333333 -0.07 0.01)
(0.1766666667 -0.07 0.01)
(0.18 -0.07 0.01)
(0.1166666667 -0.065625 0.01)
(0.12 -0.065625 0.01)
(0.1233333333 -0.065625 0.01)
(0.1266666667 -0.065625 0.01)
(0.13 -0.065625 0.01)
(0.1333333333 -0.065625 0.01)
(0.1366666667 -0.065625 0.01)
(0.14 -0.065625 0.01)
(0.1433333333 -0.065625 0.01)
(0.1466666667 -0.065625 0.01)
(0.15 -0.065625 0.01)
(0.1533333333 -0.065625 0.01)
(0.1566666667 -0.065625 0.01)
(0.16 -0.065625 0.01)
(0.1633333333 -0.065625 0.01)
(0.1666666667 -0.065625 0.01)
(0.17 -0.065625 0.01)
(0.1733333333 -0.065625 0.01)
(0.1766666667 -0.065625 0.01)
(0.18 -0.065625 0.01)
(0.1166666667 -0.06125 0.01)
(0.12 -0.06125 0.01)
(0.1233333333 -0.06125 0.01)
(0.1266666667 -0.06125 0.01)
(0.13 -0.06125 0.01)
(0.1333333333 -0.06125 0.01)
(0.1366666667 -0.06125 0.01)
(0.14 -0.06125 0.01)
(0.1433333333 -0.06125 0.01)
(0.1466666667 -0.06125 0.01)
(0.15 -0.06125 0.01)
(0.1533333333 -0.06125 0.01)
(0.1566666667 -0.06125 0.01)
(0.16 -0.06125 0.01)
(0.1633333333 -0.06125 0.01)
(0.1666666667 -0.06125 0.01)
(0.17 -0.06125 0.01)
(0.1733333333 -0.06125 0.01)
(0.1766666667 -0.06125 0.01)
(0.18 -0.06125 0.01)
(0.1166666667 -0.056875 0.01)
(0.12 -0.056875 0.01)
(0.1233333333 -0.056875 0.01)
(0.1266666667 -0.056875 0.01)
(0.13 -0.056875 0.01)
(0.1333333333 -0.056875 0.01)
(0.1366666667 -0.056875 0.01)
(0.14 -0.056875 0.01)
(0.1433333333 -0.056875 0.01)
(0.1466666667 -0.056875 0.01)
(0.15 -0.056875 0.01)
(0.1533333333 -0.056875 0.01)
(0.1566666667 -0.056875 0.01)
(0.16 -0.056875 0.01)
(0.1633333333 -0.056875 0.01)
(0.1666666667 -0.056875 0.01)
(0.17 -0.056875 0.01)
(0.1733333333 -0.056875 0.01)
(0.1766666667 -0.056875 0.01)
(0.18 -0.056875 0.01)
(0.1166666667 -0.0525 0.01)
(0.12 -0.0525 0.01)
(0.1233333333 -0.0525 0.01)
(0.1266666667 -0.0525 0.01)
(0.13 -0.0525 0.01)
(0.1333333333 -0.0525 0.01)
(0.1366666667 -0.0525 0.01)
(0.14 -0.0525 0.01)
(0.1433333333 -0.0525 0.01)
(0.1466666667 -0.0525 0.01)
(0.15 -0.0525 0.01)
(0.1533333333 -0.0525 0.01)
(0.1566666667 -0.0525 0.01)
(0.16 -0.0525 0.01)
(0.1633333333 -0.0525 0.01)
(0.1666666667 -0.0525 0.01)
(0.17 -0.0525 0.01)
(0.1733333333 -0.0525 0.01)
(0.1766666667 -0.0525 0.01)
(0.18 -0.0525 0.01)
(0.1166666667 -0.048125 0.01)
(0.12 -0.048125 0.01)
(0.1233333333 -0.048125 0.01)
(0.1266666667 -0.048125 0.01)
(0.13 -0.048125 0.01)
(0.1333333333 -0.048125 0.01)
(0.1366666667 -0.048125 0.01)
(0.14 -0.048125 0.01)
(0.1433333333 -0.048125 0.01)
(0.1466666667 -0.048125 0.01)
(0.15 -0.048125 0.01)
(0.1533333333 -0.048125 0.01)
(0.1566666667 -0.048125 0.01)
(0.16 -0.048125 0.01)
(0.1633333333 -0.048125 0.01)
(0.1666666667 -0.048125 0.01)
(0.17 -0.048125 0.01)
(0.1733333333 -0.048125 0.01)
(0.1766666667 -0.048125 0.01)
(0.18 -0.048125 0.01)
(0.1166666667 -0.04375 0.01)
(0.12 -0.04375 0.01)
(0.1233333333 -0.04375 0.01)
(0.1266666667 -0.04375 0.01)
(0.13 -0.04375 0.01)
(0.1333333333 -0.04375 0.01)
(0.1366666667 -0.04375 0.01)
(0.14 -0.04375 0.01)
(0.1433333333 -0.04375 0.01)
(0.1466666667 -0.04375 0.01)
(0.15 -0.04375 0.01)
(0.1533333333 -0.04375 0.01)
(0.1566666667 -0.04375 0.01)
(0.16 -0.04375 0.01)
(0.1633333333 -0.04375 0.01)
(0.1666666667 -0.04375 0.01)
(0.17 -0.04375 0.01)
(0.1733333333 -0.04375 0.01)
(0.1766666667 -0.04375 0.01)
(0.18 -0.04375 0.01)
(0.1166666667 -0.039375 0.01)
(0.12 -0.039375 0.01)
(0.1233333333 -0.039375 0.01)
(0.1266666667 -0.039375 0.01)
(0.13 -0.039375 0.01)
(0.1333333333 -0.039375 0.01)
(0.1366666667 -0.039375 0.01)
(0.14 -0.039375 0.01)
(0.1433333333 -0.039375 0.01)
(0.1466666667 -0.039375 0.01)
(0.15 -0.039375 0.01)
(0.1533333333 -0.039375 0.01)
(0.1566666667 -0.039375 0.01)
(0.16 -0.039375 0.01)
(0.1633333333 -0.039375 0.01)
(0.1666666667 -0.039375 0.01)
(0.17 -0.039375 0.01)
(0.1733333333 -0.039375 0.01)
(0.1766666667 -0.039375 0.01)
(0.18 -0.039375 0.01)
(0.1166666667 -0.035 0.01)
(0.12 -0.035 0.01)
(0.1233333333 -0.035 0.01)
(0.1266666667 -0.035 0.01)
(0.13 -0.035 0.01)
(0.1333333333 -0.035 0.01)
(0.1366666667 -0.035 0.01)
(0.14 -0.035 0.01)
(0.1433333333 -0.035 0.01)
(0.1466666667 -0.035 0.01)
(0.15 -0.035 0.01)
(0.1533333333 -0.035 0.01)
(0.1566666667 -0.035 0.01)
(0.16 -0.035 0.01)
(0.1633333333 -0.035 0.01)
(0.1666666667 -0.035 0.01)
(0.17 -0.035 0.01)
(0.1733333333 -0.035 0.01)
(0.1766666667 -0.035 0.01)
(0.18 -0.035 0.01)
(0.1166666667 -0.030625 0.01)
(0.12 -0.030625 0.01)
(0.1233333333 -0.030625 0.01)
(0.1266666667 -0.030625 0.01)
(0.13 -0.030625 0.01)
(0.1333333333 -0.030625 0.01)
(0.1366666667 -0.030625 0.01)
(0.14 -0.030625 0.01)
(0.1433333333 -0.030625 0.01)
(0.1466666667 -0.030625 0.01)
(0.15 -0.030625 0.01)
(0.1533333333 -0.030625 0.01)
(0.1566666667 -0.030625 0.01)
(0.16 -0.030625 0.01)
(0.1633333333 -0.030625 0.01)
(0.1666666667 -0.030625 0.01)
(0.17 -0.030625 0.01)
(0.1733333333 -0.030625 0.01)
(0.1766666667 -0.030625 0.01)
(0.18 -0.030625 0.01)
(0.1166666667 -0.02625 0.01)
(0.12 -0.02625 0.01)
(0.1233333333 -0.02625 0.01)
(0.1266666667 -0.02625 0.01)
(0.13 -0.02625 0.01)
(0.1333333333 -0.02625 0.01)
(0.1366666667 -0.02625 0.01)
(0.14 -0.02625 0.01)
(0.1433333333 -0.02625 0.01)
(0.1466666667 -0.02625 0.01)
(0.15 -0.02625 0.01)
(0.1533333333 -0.02625 0.01)
(0.1566666667 -0.02625 0.01)
(0.16 -0.02625 0.01)
(0.1633333333 -0.02625 0.01)
(0.1666666667 -0.02625 0.01)
(0.17 -0.02625 0.01)
(0.1733333333 -0.02625 0.01)
(0.1766666667 -0.02625 0.01)
(0.18 -0.02625 0.01)
(0.1166666667 -0.021875 0.01)
(0.12 -0.021875 0.01)
(0.1233333333 -0.021875 0.01)
(0.1266666667 -0.021875 0.01)
(0.13 -0.021875 0.01)
(0.1333333333 -0.021875 0.01)
(0.1366666667 -0.021875 0.01)
(0.14 -0.021875 0.01)
(0.1433333333 -0.021875 0.01)
(0.1466666667 -0.021875 0.01)
(0.15 -0.021875 0.01)
(0.1533333333 -0.021875 0.01)
(0.1566666667 -0.021875 0.01)
(0.16 -0.021875 0.01)
(0.1633333333 -0.021875 0.01)
(0.1666666667 -0.021875 0.01)
(0.17 -0.021875 0.01)
(0.1733333333 -0.021875 0.01)
(0.1766666667 -0.021875 0.01)
(0.18 -0.021875 0.01)
(0.1166666667 -0.0175 0.01)
(0.12 -0.0175 0.01)
(0.1233333333 -0.0175 0.01)
(0.1266666667 -0.0175 0.01)
(0.13 -0.0175 0.01)
(0.1333333333 -0.0175 0.01)
(0.1366666667 -0.0175 0.01)
(0.14 -0.0175 0.01)
(0.1433333333 -0.0175 0.01)
(0.1466666667 -0.0175 0.01)
(0.15 -0.0175 0.01)
(0.1533333333 -0.0175 0.01)
(0.1566666667 -0.0175 0.01)
(0.16 -0.0175 0.01)
(0.1633333333 -0.0175 0.01)
(0.1666666667 -0.0175 0.01)
(0.17 -0.0175 0.01)
(0.1733333333 -0.0175 0.01)
(0.1766666667 -0.0175 0.01)
(0.18 -0.0175 0.01)
(0.1166666667 -0.013125 0.01)
(0.12 -0.013125 0.01)
(0.1233333333 -0.013125 0.01)
(0.1266666667 -0.013125 0.01)
(0.13 -0.013125 0.01)
(0.1333333333 -0.013125 0.01)
(0.1366666667 -0.013125 0.01)
(0.14 -0.013125 0.01)
(0.1433333333 -0.013125 0.01)
(0.1466666667 -0.013125 0.01)
(0.15 -0.013125 0.01)
(0.1533333333 -0.013125 0.01)
(0.1566666667 -0.013125 0.01)
(0.16 -0.013125 0.01)
(0.1633333333 -0.013125 0.01)
(0.1666666667 -0.013125 0.01)
(0.17 -0.013125 0.01)
(0.1733333333 -0.013125 0.01)
(0.1766666667 -0.013125 0.01)
(0.18 -0.013125 0.01)
(0.1166666667 -0.00875 0.01)
(0.12 -0.00875 0.01)
(0.1233333333 -0.00875 0.01)
(0.1266666667 -0.00875 0.01)
(0.13 -0.00875 0.01)
(0.1333333333 -0.00875 0.01)
(0.1366666667 -0.00875 0.01)
(0.14 -0.00875 0.01)
(0.1433333333 -0.00875 0.01)
(0.1466666667 -0.00875 0.01)
(0.15 -0.00875 0.01)
(0.1533333333 -0.00875 0.01)
(0.1566666667 -0.00875 0.01)
(0.16 -0.00875 0.01)
(0.1633333333 -0.00875 0.01)
(0.1666666667 -0.00875 0.01)
(0.17 -0.00875 0.01)
(0.1733333333 -0.00875 0.01)
(0.1766666667 -0.00875 0.01)
(0.18 -0.00875 0.01)
(0.1166666667 -0.004375 0.01)
(0.12 -0.004375 0.01)
(0.1233333333 -0.004375 0.01)
(0.1266666667 -0.004375 0.01)
(0.13 -0.004375 0.01)
(0.1333333333 -0.004375 0.01)
(0.1366666667 -0.004375 0.01)
(0.14 -0.004375 0.01)
(0.1433333333 -0.004375 0.01)
(0.1466666667 -0.004375 0.01)
(0.15 -0.004375 0.01)
(0.1533333333 -0.004375 0.01)
(0.1566666667 -0.004375 0.01)
(0.16 -0.004375 0.01)
(0.1633333333 -0.004375 0.01)
(0.1666666667 -0.004375 0.01)
(0.17 -0.004375 0.01)
(0.1733333333 -0.004375 0.01)
(0.1766666667 -0.004375 0.01)
(0.18 -0.004375 0.01)
(0.12 0 0.01)
(0.1233333333 -1.156482317e-18 0.01)
(0.1266666667 0 0.01)
(0.13 0 0.01)
(0.1333333333 0 0.01)
(0.1366666667 0 0.01)
(0.14 0 0.01)
(0.1433333333 0 0.01)
(0.1466666667 0 0.01)
(0.15 0 0.01)
(0.1533333333 0 0.01)
(0.1566666667 0 0.01)
(0.16 0 0.01)
(0.1633333333 0 0.01)
(0.12 0.004375 0.01)
(0.1233333333 0.004375 0.01)
(0.1266666667 0.004375 0.01)
(0.13 0.004375 0.01)
(0.1333333333 0.004375 0.01)
(0.1366666667 0.004375 0.01)
(0.14 0.004375 0.01)
(0.1433333333 0.004375 0.01)
(0.12 -0.07 0.01125)
(0.1233333333 -0.07 0.01125)
(0.1266666667 -0.07 0.01125)
(0.13 -0.07 0.01125)
(0.1333333333 -0.07 0.01125)
(0.1366666667 -0.07 0.01125)
(0.14 -0.07 0.01125)
(0.1433333333 -0.07 0.01125)
(0.1466666667 -0.07 0.01125)
(0.15 -0.07 0.01125)
(0.1533333333 -0.07 0.01125)
(0.1566666667 -0.07 0.01125)
(0.16 -0.07 0.01125)
(0.1633333333 -0.07 0.01125)
(0.1666666667 -0.07 0.01125)
(0.17 -0.07 0.01125)
(0.1733333333 -0.07 0.01125)
(0.1766666667 -0.07 0.01125)
(0.18 -0.07 0.01125)
(0.12 -0.065625 0.01125)
(0.1233333333 -0.065625 0.01125)
(0.1266666667 -0.065625 0.01125)
(0.13 -0.065625 0.01125)
(0.1333333333 -0.065625 0.01125)
(0.1366666667 -0.065625 0.01125)
(0.14 -0.065625 0.01125)
(0.1433333333 -0.065625 0.01125)
(0.1466666667 -0.065625 0.01125)
(0.15 -0.065625 0.01125)
(0.1533333333 -0.065625 0.01125)
(0.1566666667 -0.065625 0.01125)
(0.16 -0.065625 0.01125)
(0.1633333333 -0.065625 0.01125)
(0.1666666667 -0.065625 0.01125)
(0.17 -0.065625 0.01125)
(0.1733333333 -0.065625 0.01125)
(0.1766666667 -0.065625 0.01125)
(0.18 -0.065625 0.01125)
(0.12 -0.06125 0.01125)
(0.1233333333 -0.06125 0.01125)
(0.1266666667 -0.06125 0.01125)
(0.13 -0.06125 0.01125)
(0.1333333333 -0.06125 0.01125)
(0.1366666667 -0.06125 0.01125)
(0.14 -0.06125 0.01125)
(0.1433333333 -0.06125 0.01125)
(0.1466666667 -0.06125 0.01125)
(0.15 -0.06125 0.01125)
(0.1533333333 -0.06125 0.01125)
(0.1566666667 -0.06125 0.01125)
(0.16 -0.06125 0.01125)
(0.1633333333 -0.06125 0.01125)
(0.1666666667 -0.06125 0.01125)
(0.17 -0.06125 0.01125)
(0.1733333333 -0.06125 0.01125)
(0.1766666667 -0.06125 0.01125)
(0.18 -0.06125 0.01125)
(0.12 -0.056875 0.01125)
(0.1233333333 -0.056875 0.01125)
(0.1266666667 -0.056875 0.01125)
(0.13 -0.056875 0.01125)
(0.1333333333 -0.056875 0.01125)
(0.1366666667 -0.056875 0.01125)
(0.14 -0.056875 0.01125)
(0.1433333333 -0.056875 0.01125)
(0.1466666667 -0.056875 0.01125)
(0.15 -0.056875 0.01125)
(0.1533333333 -0.056875 0.01125)
(0.1566666667 -0.056875 0.01125)
(0.16 -0.056875 0.01125)
(0.1633333333 -0.056875 0.01125)
(0.1666666667 -0.056875 0.01125)
(0.17 -0.056875 0.01125)
(0.1733333333 -0.056875 0.01125)
(0.1766666667 -0.056875 0.01125)
(0.18 -0.056875 0.01125)
(0.12 -0.0525 0.01125)
(0.1233333333 -0.0525 0.01125)
(0.1266666667 -0.0525 0.01125)
(0.13 -0.0525 0.01125)
(0.1333333333 -0.0525 0.01125)
(0.1366666667 -0.0525 0.01125)
(0.14 -0.0525 0.01125)
(0.1433333333 -0.0525 0.01125)
(0.1466666667 -0.0525 0.01125)
(0.15 -0.0525 0.01125)
(0.1533333333 -0.0525 0.01125)
(0.1566666667 -0.0525 0.01125)
(0.16 -0.0525 0.01125)
(0.1633333333 -0.0525 0.01125)
(0.1666666667 -0.0525 0.01125)
(0.17 -0.0525 0.01125)
(0.1733333333 -0.0525 0.01125)
(0.1766666667 -0.0525 0.01125)
(0.18 -0.0525 0.01125)
(0.12 -0.048125 0.01125)
(0.1233333333 -0.048125 0.01125)
(0.1266666667 -0.048125 0.01125)
(0.13 -0.048125 0.01125)
(0.1333333333 -0.048125 0.01125)
(0.1366666667 -0.048125 0.01125)
(0.14 -0.048125 0.01125)
(0.1433333333 -0.048125 0.01125)
(0.1466666667 -0.048125 0.01125)
(0.15 -0.048125 0.01125)
(0.1533333333 -0.048125 0.01125)
(0.1566666667 -0.048125 0.01125)
(0.16 -0.048125 0.01125)
(0.1633333333 -0.048125 0.01125)
(0.1666666667 -0.048125 0.01125)
(0.17 -0.048125 0.01125)
(0.1733333333 -0.048125 0.01125)
(0.1766666667 -0.048125 0.01125)
(0.18 -0.048125 0.01125)
(0.12 -0.04375 0.01125)
(0.1233333333 -0.04375 0.01125)
(0.1266666667 -0.04375 0.01125)
(0.13 -0.04375 0.01125)
(0.1333333333 -0.04375 0.01125)
(0.1366666667 -0.04375 0.01125)
(0.14 -0.04375 0.01125)
(0.1433333333 -0.04375 0.01125)
(0.1466666667 -0.04375 0.01125)
(0.15 -0.04375 0.01125)
(0.1533333333 -0.04375 0.01125)
(0.1566666667 -0.04375 0.01125)
(0.16 -0.04375 0.01125)
(0.1633333333 -0.04375 0.01125)
(0.1666666667 -0.04375 0.01125)
(0.17 -0.04375 0.01125)
(0.1733333333 -0.04375 0.01125)
(0.1766666667 -0.04375 0.01125)
(0.18 -0.04375 0.01125)
(0.12 -0.039375 0.01125)
(0.1233333333 -0.039375 0.01125)
(0.1266666667 -0.039375 0.01125)
(0.13 -0.039375 0.01125)
(0.1333333333 -0.039375 0.01125)
(0.1366666667 -0.039375 0.01125)
(0.14 -0.039375 0.01125)
(0.1433333333 -0.039375 0.01125)
(0.1466666667 -0.039375 0.01125)
(0.15 -0.039375 0.01125)
(0.1533333333 -0.039375 0.01125)
(0.1566666667 -0.039375 0.01125)
(0.16 -0.039375 0.01125)
(0.1633333333 -0.039375 0.01125)
(0.1666666667 -0.039375 0.01125)
(0.17 -0.039375 0.01125)
(0.1733333333 -0.039375 0.01125)
(0.1766666667 -0.039375 0.01125)
(0.18 -0.039375 0.01125)
(0.12 -0.035 0.01125)
(0.1233333333 -0.035 0.01125)
(0.1266666667 -0.035 0.01125)
(0.13 -0.035 0.01125)
(0.1333333333 -0.035 0.01125)
(0.1366666667 -0.035 0.01125)
(0.14 -0.035 0.01125)
(0.1433333333 -0.035 0.01125)
(0.1466666667 -0.035 0.01125)
(0.15 -0.035 0.01125)
(0.1533333333 -0.035 0.01125)
(0.1566666667 -0.035 0.01125)
(0.16 -0.035 0.01125)
(0.1633333333 -0.035 0.01125)
(0.1666666667 -0.035 0.01125)
(0.17 -0.035 0.01125)
(0.1733333333 -0.035 0.01125)
(0.1766666667 -0.035 0.01125)
(0.18 -0.035 0.01125)
(0.12 -0.030625 0.01125)
(0.1233333333 -0.030625 0.01125)
(0.1266666667 -0.030625 0.01125)
(0.13 -0.030625 0.01125)
(0.1333333333 -0.030625 0.01125)
(0.1366666667 -0.030625 0.01125)
(0.14 -0.030625 0.01125)
(0.1433333333 -0.030625 0.01125)
(0.1466666667 -0.030625 0.01125)
(0.15 -0.030625 0.01125)
(0.1533333333 -0.030625 0.01125)
(0.1566666667 -0.030625 0.01125)
(0.16 -0.030625 0.01125)
(0.1633333333 -0.030625 0.01125)
(0.1666666667 -0.030625 0.01125)
(0.17 -0.030625 0.01125)
(0.1733333333 -0.030625 0.01125)
(0.1766666667 -0.030625 0.01125)
(0.18 -0.030625 0.01125)
(0.12 -0.02625 0.01125)
(0.1233333333 -0.02625 0.01125)
(0.1266666667 -0.02625 0.01125)
(0.13 -0.02625 0.01125)
(0.1333333333 -0.02625 0.01125)
(0.1366666667 -0.02625 0.01125)
(0.14 -0.02625 0.01125)
(0.1433333333 -0.02625 0.01125)
(0.1466666667 -0.02625 0.01125)
(0.15 -0.02625 0.01125)
(0.1533333333 -0.02625 0.01125)
(0.1566666667 -0.02625 0.01125)
(0.16 -0.02625 0.01125)
(0.1633333333 -0.02625 0.01125)
(0.1666666667 -0.02625 0.01125)
(0.17 -0.02625 0.01125)
(0.1733333333 -0.02625 0.01125)
(0.1766666667 -0.02625 0.01125)
(0.18 -0.02625 0.01125)
(0.12 -0.021875 0.01125)
(0.1233333333 -0.021875 0.01125)
(0.1266666667 -0.021875 0.01125)
(0.13 -0.021875 0.01125)
(0.1333333333 -0.021875 0.01125)
(0.1366666667 -0.021875 0.01125)
(0.14 -0.021875 0.01125)
(0.1433333333 -0.021875 0.01125)
(0.1466666667 -0.021875 0.01125)
(0.15 -0.021875 0.01125)
(0.1533333333 -0.021875 0.01125)
(0.1566666667 -0.021875 0.01125)
(0.16 -0.021875 0.01125)
(0.1633333333 -0.021875 0.01125)
(0.1666666667 -0.021875 0.01125)
(0.17 -0.021875 0.01125)
(0.1733333333 -0.021875 0.01125)
(0.1766666667 -0.021875 0.01125)
(0.18 -0.021875 0.01125)
(0.12 -0.0175 0.01125)
(0.1233333333 -0.0175 0.01125)
(0.1266666667 -0.0175 0.01125)
(0.13 -0.0175 0.01125)
(0.1333333333 -0.0175 0.01125)
(0.1366666667 -0.0175 0.01125)
(0.14 -0.0175 0.01125)
(0.1433333333 -0.0175 0.01125)
(0.1466666667 -0.0175 0.01125)
(0.15 -0.0175 0.01125)
(0.1533333333 -0.0175 0.01125)
(0.1566666667 -0.0175 0.01125)
(0.16 -0.0175 0.01125)
(0.1633333333 -0.0175 0.01125)
(0.1666666667 -0.0175 0.01125)
(0.17 -0.0175 0.01125)
(0.1733333333 -0.0175 0.01125)
(0.1766666667 -0.0175 0.01125)
(0.18 -0.0175 0.01125)
(0.12 -0.013125 0.01125)
(0.1233333333 -0.013125 0.01125)
(0.1266666667 -0.013125 0.01125)
(0.13 -0.013125 0.01125)
(0.1333333333 -0.013125 0.01125)
(0.1366666667 -0.013125 0.01125)
(0.14 -0.013125 0.01125)
(0.1433333333 -0.013125 0.01125)
(0.1466666667 -0.013125 0.01125)
(0.15 -0.013125 0.01125)
(0.1533333333 -0.013125 0.01125)
(0.1566666667 -0.013125 0.01125)
(0.16 -0.013125 0.01125)
(0.1633333333 -0.013125 0.01125)
(0.1666666667 -0.013125 0.01125)
(0.17 -0.013125 0.01125)
(0.1733333333 -0.013125 0.01125)
(0.1766666667 -0.013125 0.01125)
(0.18 -0.013125 0.01125)
(0.12 -0.00875 0.01125)
(0.1233333333 -0.00875 0.01125)
(0.1266666667 -0.00875 0.01125)
(0.13 -0.00875 0.01125)
(0.1333333333 -0.00875 0.01125)
(0.1366666667 -0.00875 0.01125)
(0.14 -0.00875 0.01125)
(0.1433333333 -0.00875 0.01125)
(0.1466666667 -0.00875 0.01125)
(0.15 -0.00875 0.01125)
(0.1533333333 -0.00875 0.01125)
(0.1566666667 -0.00875 0.01125)
(0.16 -0.00875 0.01125)
(0.1633333333 -0.00875 0.01125)
(0.1666666667 -0.00875 0.01125)
(0.17 -0.00875 0.01125)
(0.1733333333 -0.00875 0.01125)
(0.1766666667 -0.00875 0.01125)
(0.18 -0.00875 0.01125)
(0.12 -0.004375 0.01125)
(0.1233333333 -0.004375 0.01125)
(0.1266666667 -0.004375 0.01125)
(0.13 -0.004375 0.01125)
(0.1333333333 -0.004375 0.01125)
(0.1366666667 -0.004375 0.01125)
(0.14 -0.004375 0.01125)
(0.1433333333 -0.004375 0.01125)
(0.1466666667 -0.004375 0.01125)
(0.15 -0.004375 0.01125)
(0.1533333333 -0.004375 0.01125)
(0.1566666667 -0.004375 0.01125)
(0.16 -0.004375 0.01125)
(0.1633333333 -0.004375 0.01125)
(0.1666666667 -0.004375 0.01125)
(0.17 -0.004375 0.01125)
(0.1733333333 -0.004375 0.01125)
(0.1766666667 -0.004375 0.01125)
(0.18 -0.004375 0.01125)
(0.12 0 0.01125)
(0.1233333333 -1.156482317e-18 0.01125)
(0.1266666667 1.156482317e-18 0.01125)
(0.13 0 0.01125)
(0.1333333333 0 0.01125)
(0.1366666667 0 0.01125)
(0.14 0 0.01125)
(0.1433333333 0 0.01125)
(0.1466666667 0 0.01125)
(0.15 0 0.01125)
(0.1533333333 1.156482317e-18 0.01125)
(0.1566666667 1.156482317e-18 0.01125)
(0.16 0 0.01125)
(0.1633333333 1.156482317e-18 0.01125)
(0.12 0.004375 0.01125)
(0.1233333333 0.004375 0.01125)
(0.1266666667 0.004375 0.01125)
(0.13 0.004375 0.01125)
(0.1333333333 0.004375 0.01125)
(0.1366666667 0.004375 0.01125)
(0.14 0.004375 0.01125)
(0.1433333333 0.004375 0.01125)
(0.12 -0.07 0.0125)
(0.1233333333 -0.07 0.0125)
(0.1266666667 -0.07 0.0125)
(0.13 -0.07 0.0125)
(0.1333333333 -0.07 0.0125)
(0.1366666667 -0.07 0.0125)
(0.14 -0.07 0.0125)
(0.1433333333 -0.07 0.0125)
(0.1466666667 -0.07 0.0125)
(0.15 -0.07 0.0125)
(0.1533333333 -0.07 0.0125)
(0.1566666667 -0.07 0.0125)
(0.16 -0.07 0.0125)
(0.1633333333 -0.07 0.0125)
(0.1666666667 -0.07 0.0125)
(0.17 -0.07 0.0125)
(0.1733333333 -0.07 0.0125)
(0.1766666667 -0.07 0.0125)
(0.18 -0.07 0.0125)
(0.12 -0.065625 0.0125)
(0.1233333333 -0.065625 0.0125)
(0.1266666667 -0.065625 0.0125)
(0.13 -0.065625 0.0125)
(0.1333333333 -0.065625 0.0125)
(0.1366666667 -0.065625 0.0125)
(0.14 -0.065625 0.0125)
(0.1433333333 -0.065625 0.0125)
(0.1466666667 -0.065625 0.0125)
(0.15 -0.065625 0.0125)
(0.1533333333 -0.065625 0.0125)
(0.1566666667 -0.065625 0.0125)
(0.16 -0.065625 0.0125)
(0.1633333333 -0.065625 0.0125)
(0.1666666667 -0.065625 0.0125)
(0.17 -0.065625 0.0125)
(0.1733333333 -0.065625 0.0125)
(0.1766666667 -0.065625 0.0125)
(0.18 -0.065625 0.0125)
(0.12 -0.06125 0.0125)
(0.1233333333 -0.06125 0.0125)
(0.1266666667 -0.06125 0.0125)
(0.13 -0.06125 0.0125)
(0.1333333333 -0.06125 0.0125)
(0.1366666667 -0.06125 0.0125)
(0.14 -0.06125 0.0125)
(0.1433333333 -0.06125 0.0125)
(0.1466666667 -0.06125 0.0125)
(0.15 -0.06125 0.0125)
(0.1533333333 -0.06125 0.0125)
(0.1566666667 -0.06125 0.0125)
(0.16 -0.06125 0.0125)
(0.1633333333 -0.06125 0.0125)
(0.1666666667 -0.06125 0.0125)
(0.17 -0.06125 0.0125)
(0.1733333333 -0.06125 0.0125)
(0.1766666667 -0.06125 0.0125)
(0.18 -0.06125 0.0125)
(0.12 -0.056875 0.0125)
(0.1233333333 -0.056875 0.0125)
(0.1266666667 -0.056875 0.0125)
(0.13 -0.056875 0.0125)
(0.1333333333 -0.056875 0.0125)
(0.1366666667 -0.056875 0.0125)
(0.14 -0.056875 0.0125)
(0.1433333333 -0.056875 0.0125)
(0.1466666667 -0.056875 0.0125)
(0.15 -0.056875 0.0125)
(0.1533333333 -0.056875 0.0125)
(0.1566666667 -0.056875 0.0125)
(0.16 -0.056875 0.0125)
(0.1633333333 -0.056875 0.0125)
(0.1666666667 -0.056875 0.0125)
(0.17 -0.056875 0.0125)
(0.1733333333 -0.056875 0.0125)
(0.1766666667 -0.056875 0.0125)
(0.18 -0.056875 0.0125)
(0.12 -0.0525 0.0125)
(0.1233333333 -0.0525 0.0125)
(0.1266666667 -0.0525 0.0125)
(0.13 -0.0525 0.0125)
(0.1333333333 -0.0525 0.0125)
(0.1366666667 -0.0525 0.0125)
(0.14 -0.0525 0.0125)
(0.1433333333 -0.0525 0.0125)
(0.1466666667 -0.0525 0.0125)
(0.15 -0.0525 0.0125)
(0.1533333333 -0.0525 0.0125)
(0.1566666667 -0.0525 0.0125)
(0.16 -0.0525 0.0125)
(0.1633333333 -0.0525 0.0125)
(0.1666666667 -0.0525 0.0125)
(0.17 -0.0525 0.0125)
(0.1733333333 -0.0525 0.0125)
(0.1766666667 -0.0525 0.0125)
(0.18 -0.0525 0.0125)
(0.12 -0.048125 0.0125)
(0.1233333333 -0.048125 0.0125)
(0.1266666667 -0.048125 0.0125)
(0.13 -0.048125 0.0125)
(0.1333333333 -0.048125 0.0125)
(0.1366666667 -0.048125 0.0125)
(0.14 -0.048125 0.0125)
(0.1433333333 -0.048125 0.0125)
(0.1466666667 -0.048125 0.0125)
(0.15 -0.048125 0.0125)
(0.1533333333 -0.048125 0.0125)
(0.1566666667 -0.048125 0.0125)
(0.16 -0.048125 0.0125)
(0.1633333333 -0.048125 0.0125)
(0.1666666667 -0.048125 0.0125)
(0.17 -0.048125 0.0125)
(0.1733333333 -0.048125 0.0125)
(0.1766666667 -0.048125 0.0125)
(0.18 -0.048125 0.0125)
(0.12 -0.04375 0.0125)
(0.1233333333 -0.04375 0.0125)
(0.1266666667 -0.04375 0.0125)
(0.13 -0.04375 0.0125)
(0.1333333333 -0.04375 0.0125)
(0.1366666667 -0.04375 0.0125)
(0.14 -0.04375 0.0125)
(0.1433333333 -0.04375 0.0125)
(0.1466666667 -0.04375 0.0125)
(0.15 -0.04375 0.0125)
(0.1533333333 -0.04375 0.0125)
(0.1566666667 -0.04375 0.0125)
(0.16 -0.04375 0.0125)
(0.1633333333 -0.04375 0.0125)
(0.1666666667 -0.04375 0.0125)
(0.17 -0.04375 0.0125)
(0.1733333333 -0.04375 0.0125)
(0.1766666667 -0.04375 0.0125)
(0.18 -0.04375 0.0125)
(0.12 -0.039375 0.0125)
(0.1233333333 -0.039375 0.0125)
(0.1266666667 -0.039375 0.0125)
(0.13 -0.039375 0.0125)
(0.1333333333 -0.039375 0.0125)
(0.1366666667 -0.039375 0.0125)
(0.14 -0.039375 0.0125)
(0.1433333333 -0.039375 0.0125)
(0.1466666667 -0.039375 0.0125)
(0.15 -0.039375 0.0125)
(0.1533333333 -0.039375 0.0125)
(0.1566666667 -0.039375 0.0125)
(0.16 -0.039375 0.0125)
(0.1633333333 -0.039375 0.0125)
(0.1666666667 -0.039375 0.0125)
(0.17 -0.039375 0.0125)
(0.1733333333 -0.039375 0.0125)
(0.1766666667 -0.039375 0.0125)
(0.18 -0.039375 0.0125)
(0.12 -0.035 0.0125)
(0.1233333333 -0.035 0.0125)
(0.1266666667 -0.035 0.0125)
(0.13 -0.035 0.0125)
(0.1333333333 -0.035 0.0125)
(0.1366666667 -0.035 0.0125)
(0.14 -0.035 0.0125)
(0.1433333333 -0.035 0.0125)
(0.1466666667 -0.035 0.0125)
(0.15 -0.035 0.0125)
(0.1533333333 -0.035 0.0125)
(0.1566666667 -0.035 0.0125)
(0.16 -0.035 0.0125)
(0.1633333333 -0.035 0.0125)
(0.1666666667 -0.035 0.0125)
(0.17 -0.035 0.0125)
(0.1733333333 -0.035 0.0125)
(0.1766666667 -0.035 0.0125)
(0.18 -0.035 0.0125)
(0.12 -0.030625 0.0125)
(0.1233333333 -0.030625 0.0125)
(0.1266666667 -0.030625 0.0125)
(0.13 -0.030625 0.0125)
(0.1333333333 -0.030625 0.0125)
(0.1366666667 -0.030625 0.0125)
(0.14 -0.030625 0.0125)
(0.1433333333 -0.030625 0.0125)
(0.1466666667 -0.030625 0.0125)
(0.15 -0.030625 0.0125)
(0.1533333333 -0.030625 0.0125)
(0.1566666667 -0.030625 0.0125)
(0.16 -0.030625 0.0125)
(0.1633333333 -0.030625 0.0125)
(0.1666666667 -0.030625 0.0125)
(0.17 -0.030625 0.0125)
(0.1733333333 -0.030625 0.0125)
(0.1766666667 -0.030625 0.0125)
(0.18 -0.030625 0.0125)
(0.12 -0.02625 0.0125)
(0.1233333333 -0.02625 0.0125)
(0.1266666667 -0.02625 0.0125)
(0.13 -0.02625 0.0125)
(0.1333333333 -0.02625 0.0125)
(0.1366666667 -0.02625 0.0125)
(0.14 -0.02625 0.0125)
(0.1433333333 -0.02625 0.0125)
(0.1466666667 -0.02625 0.0125)
(0.15 -0.02625 0.0125)
(0.1533333333 -0.02625 0.0125)
(0.1566666667 -0.02625 0.0125)
(0.16 -0.02625 0.0125)
(0.1633333333 -0.02625 0.0125)
(0.1666666667 -0.02625 0.0125)
(0.17 -0.02625 0.0125)
(0.1733333333 -0.02625 0.0125)
(0.1766666667 -0.02625 0.0125)
(0.18 -0.02625 0.0125)
(0.12 -0.021875 0.0125)
(0.1233333333 -0.021875 0.0125)
(0.1266666667 -0.021875 0.0125)
(0.13 -0.021875 0.0125)
(0.1333333333 -0.021875 0.0125)
(0.1366666667 -0.021875 0.0125)
(0.14 -0.021875 0.0125)
(0.1433333333 -0.021875 0.0125)
(0.1466666667 -0.021875 0.0125)
(0.15 -0.021875 0.0125)
(0.1533333333 -0.021875 0.0125)
(0.1566666667 -0.021875 0.0125)
(0.16 -0.021875 0.0125)
(0.1633333333 -0.021875 0.0125)
(0.1666666667 -0.021875 0.0125)
(0.17 -0.021875 0.0125)
(0.1733333333 -0.021875 0.0125)
(0.1766666667 -0.021875 0.0125)
(0.18 -0.021875 0.0125)
(0.12 -0.0175 0.0125)
(0.1233333333 -0.0175 0.0125)
(0.1266666667 -0.0175 0.0125)
(0.13 -0.0175 0.0125)
(0.1333333333 -0.0175 0.0125)
(0.1366666667 -0.0175 0.0125)
(0.14 -0.0175 0.0125)
(0.1433333333 -0.0175 0.0125)
(0.1466666667 -0.0175 0.0125)
(0.15 -0.0175 0.0125)
(0.1533333333 -0.0175 0.0125)
(0.1566666667 -0.0175 0.0125)
(0.16 -0.0175 0.0125)
(0.1633333333 -0.0175 0.0125)
(0.1666666667 -0.0175 0.0125)
(0.17 -0.0175 0.0125)
(0.1733333333 -0.0175 0.0125)
(0.1766666667 -0.0175 0.0125)
(0.18 -0.0175 0.0125)
(0.12 -0.013125 0.0125)
(0.1233333333 -0.013125 0.0125)
(0.1266666667 -0.013125 0.0125)
(0.13 -0.013125 0.0125)
(0.1333333333 -0.013125 0.0125)
(0.1366666667 -0.013125 0.0125)
(0.14 -0.013125 0.0125)
(0.1433333333 -0.013125 0.0125)
(0.1466666667 -0.013125 0.0125)
(0.15 -0.013125 0.0125)
(0.1533333333 -0.013125 0.0125)
(0.1566666667 -0.013125 0.0125)
(0.16 -0.013125 0.0125)
(0.1633333333 -0.013125 0.0125)
(0.1666666667 -0.013125 0.0125)
(0.17 -0.013125 0.0125)
(0.1733333333 -0.013125 0.0125)
(0.1766666667 -0.013125 0.0125)
(0.18 -0.013125 0.0125)
(0.12 -0.00875 0.0125)
(0.1233333333 -0.00875 0.0125)
(0.1266666667 -0.00875 0.0125)
(0.13 -0.00875 0.0125)
(0.1333333333 -0.00875 0.0125)
(0.1366666667 -0.00875 0.0125)
(0.14 -0.00875 0.0125)
(0.1433333333 -0.00875 0.0125)
(0.1466666667 -0.00875 0.0125)
(0.15 -0.00875 0.0125)
(0.1533333333 -0.00875 0.0125)
(0.1566666667 -0.00875 0.0125)
(0.16 -0.00875 0.0125)
(0.1633333333 -0.00875 0.0125)
(0.1666666667 -0.00875 0.0125)
(0.17 -0.00875 0.0125)
(0.1733333333 -0.00875 0.0125)
(0.1766666667 -0.00875 0.0125)
(0.18 -0.00875 0.0125)
(0.12 -0.004375 0.0125)
(0.1233333333 -0.004375 0.0125)
(0.1266666667 -0.004375 0.0125)
(0.13 -0.004375 0.0125)
(0.1333333333 -0.004375 0.0125)
(0.1366666667 -0.004375 0.0125)
(0.14 -0.004375 0.0125)
(0.1433333333 -0.004375 0.0125)
(0.1466666667 -0.004375 0.0125)
(0.15 -0.004375 0.0125)
(0.1533333333 -0.004375 0.0125)
(0.1566666667 -0.004375 0.0125)
(0.16 -0.004375 0.0125)
(0.1633333333 -0.004375 0.0125)
(0.1666666667 -0.004375 0.0125)
(0.17 -0.004375 0.0125)
(0.1733333333 -0.004375 0.0125)
(0.1766666667 -0.004375 0.0125)
(0.18 -0.004375 0.0125)
(0.12 0 0.0125)
(0.1233333333 -1.156482317e-18 0.0125)
(0.1266666667 0 0.0125)
(0.13 0 0.0125)
(0.1333333333 0 0.0125)
(0.1366666667 0 0.0125)
(0.14 0 0.0125)
(0.1433333333 0 0.0125)
(0.1466666667 0 0.0125)
(0.15 0 0.0125)
(0.1533333333 0 0.0125)
(0.1566666667 0 0.0125)
(0.16 0 0.0125)
(0.1633333333 0 0.0125)
(0.12 0.004375 0.0125)
(0.1233333333 0.004375 0.0125)
(0.1266666667 0.004375 0.0125)
(0.13 0.004375 0.0125)
(0.1333333333 0.004375 0.0125)
(0.1366666667 0.004375 0.0125)
(0.14 0.004375 0.0125)
(0.1433333333 0.004375 0.0125)
(0.12 -0.07 0.01375)
(0.1233333333 -0.07 0.01375)
(0.1266666667 -0.07 0.01375)
(0.13 -0.07 0.01375)
(0.1333333333 -0.07 0.01375)
(0.1366666667 -0.07 0.01375)
(0.14 -0.07 0.01375)
(0.1433333333 -0.07 0.01375)
(0.1466666667 -0.07 0.01375)
(0.15 -0.07 0.01375)
(0.1533333333 -0.07 0.01375)
(0.1566666667 -0.07 0.01375)
(0.16 -0.07 0.01375)
(0.1633333333 -0.07 0.01375)
(0.1666666667 -0.07 0.01375)
(0.17 -0.07 0.01375)
(0.1733333333 -0.07 0.01375)
(0.1766666667 -0.07 0.01375)
(0.18 -0.07 0.01375)
(0.12 -0.065625 0.01375)
(0.1233333333 -0.065625 0.01375)
(0.1266666667 -0.065625 0.01375)
(0.13 -0.065625 0.01375)
(0.1333333333 -0.065625 0.01375)
(0.1366666667 -0.065625 0.01375)
(0.14 -0.065625 0.01375)
(0.1433333333 -0.065625 0.01375)
(0.1466666667 -0.065625 0.01375)
(0.15 -0.065625 0.01375)
(0.1533333333 -0.065625 0.01375)
(0.1566666667 -0.065625 0.01375)
(0.16 -0.065625 0.01375)
(0.1633333333 -0.065625 0.01375)
(0.1666666667 -0.065625 0.01375)
(0.17 -0.065625 0.01375)
(0.1733333333 -0.065625 0.01375)
(0.1766666667 -0.065625 0.01375)
(0.18 -0.065625 0.01375)
(0.12 -0.06125 0.01375)
(0.1233333333 -0.06125 0.01375)
(0.1266666667 -0.06125 0.01375)
(0.13 -0.06125 0.01375)
(0.1333333333 -0.06125 0.01375)
(0.1366666667 -0.06125 0.01375)
(0.14 -0.06125 0.01375)
(0.1433333333 -0.06125 0.01375)
(0.1466666667 -0.06125 0.01375)
(0.15 -0.06125 0.01375)
(0.1533333333 -0.06125 0.01375)
(0.1566666667 -0.06125 0.01375)
(0.16 -0.06125 0.01375)
(0.1633333333 -0.06125 0.01375)
(0.1666666667 -0.06125 0.01375)
(0.17 -0.06125 0.01375)
(0.1733333333 -0.06125 0.01375)
(0.1766666667 -0.06125 0.01375)
(0.18 -0.06125 0.01375)
(0.12 -0.056875 0.01375)
(0.1233333333 -0.056875 0.01375)
(0.1266666667 -0.056875 0.01375)
(0.13 -0.056875 0.01375)
(0.1333333333 -0.056875 0.01375)
(0.1366666667 -0.056875 0.01375)
(0.14 -0.056875 0.01375)
(0.1433333333 -0.056875 0.01375)
(0.1466666667 -0.056875 0.01375)
(0.15 -0.056875 0.01375)
(0.1533333333 -0.056875 0.01375)
(0.1566666667 -0.056875 0.01375)
(0.16 -0.056875 0.01375)
(0.1633333333 -0.056875 0.01375)
(0.1666666667 -0.056875 0.01375)
(0.17 -0.056875 0.01375)
(0.1733333333 -0.056875 0.01375)
(0.1766666667 -0.056875 0.01375)
(0.18 -0.056875 0.01375)
(0.12 -0.0525 0.01375)
(0.1233333333 -0.0525 0.01375)
(0.1266666667 -0.0525 0.01375)
(0.13 -0.0525 0.01375)
(0.1333333333 -0.0525 0.01375)
(0.1366666667 -0.0525 0.01375)
(0.14 -0.0525 0.01375)
(0.1433333333 -0.0525 0.01375)
(0.1466666667 -0.0525 0.01375)
(0.15 -0.0525 0.01375)
(0.1533333333 -0.0525 0.01375)
(0.1566666667 -0.0525 0.01375)
(0.16 -0.0525 0.01375)
(0.1633333333 -0.0525 0.01375)
(0.1666666667 -0.0525 0.01375)
(0.17 -0.0525 0.01375)
(0.1733333333 -0.0525 0.01375)
(0.1766666667 -0.0525 0.01375)
(0.18 -0.0525 0.01375)
(0.12 -0.048125 0.01375)
(0.1233333333 -0.048125 0.01375)
(0.1266666667 -0.048125 0.01375)
(0.13 -0.048125 0.01375)
(0.1333333333 -0.048125 0.01375)
(0.1366666667 -0.048125 0.01375)
(0.14 -0.048125 0.01375)
(0.1433333333 -0.048125 0.01375)
(0.1466666667 -0.048125 0.01375)
(0.15 -0.048125 0.01375)
(0.1533333333 -0.048125 0.01375)
(0.1566666667 -0.048125 0.01375)
(0.16 -0.048125 0.01375)
(0.1633333333 -0.048125 0.01375)
(0.1666666667 -0.048125 0.01375)
(0.17 -0.048125 0.01375)
(0.1733333333 -0.048125 0.01375)
(0.1766666667 -0.048125 0.01375)
(0.18 -0.048125 0.01375)
(0.12 -0.04375 0.01375)
(0.1233333333 -0.04375 0.01375)
(0.1266666667 -0.04375 0.01375)
(0.13 -0.04375 0.01375)
(0.1333333333 -0.04375 0.01375)
(0.1366666667 -0.04375 0.01375)
(0.14 -0.04375 0.01375)
(0.1433333333 -0.04375 0.01375)
(0.1466666667 -0.04375 0.01375)
(0.15 -0.04375 0.01375)
(0.1533333333 -0.04375 0.01375)
(0.1566666667 -0.04375 0.01375)
(0.16 -0.04375 0.01375)
(0.1633333333 -0.04375 0.01375)
(0.1666666667 -0.04375 0.01375)
(0.17 -0.04375 0.01375)
(0.1733333333 -0.04375 0.01375)
(0.1766666667 -0.04375 0.01375)
(0.18 -0.04375 0.01375)
(0.12 -0.039375 0.01375)
(0.1233333333 -0.039375 0.01375)
(0.1266666667 -0.039375 0.01375)
(0.13 -0.039375 0.01375)
(0.1333333333 -0.039375 0.01375)
(0.1366666667 -0.039375 0.01375)
(0.14 -0.039375 0.01375)
(0.1433333333 -0.039375 0.01375)
(0.1466666667 -0.039375 0.01375)
(0.15 -0.039375 0.01375)
(0.1533333333 -0.039375 0.01375)
(0.1566666667 -0.039375 0.01375)
(0.16 -0.039375 0.01375)
(0.1633333333 -0.039375 0.01375)
(0.1666666667 -0.039375 0.01375)
(0.17 -0.039375 0.01375)
(0.1733333333 -0.039375 0.01375)
(0.1766666667 -0.039375 0.01375)
(0.18 -0.039375 0.01375)
(0.12 -0.035 0.01375)
(0.1233333333 -0.035 0.01375)
(0.1266666667 -0.035 0.01375)
(0.13 -0.035 0.01375)
(0.1333333333 -0.035 0.01375)
(0.1366666667 -0.035 0.01375)
(0.14 -0.035 0.01375)
(0.1433333333 -0.035 0.01375)
(0.1466666667 -0.035 0.01375)
(0.15 -0.035 0.01375)
(0.1533333333 -0.035 0.01375)
(0.1566666667 -0.035 0.01375)
(0.16 -0.035 0.01375)
(0.1633333333 -0.035 0.01375)
(0.1666666667 -0.035 0.01375)
(0.17 -0.035 0.01375)
(0.1733333333 -0.035 0.01375)
(0.1766666667 -0.035 0.01375)
(0.18 -0.035 0.01375)
(0.12 -0.030625 0.01375)
(0.1233333333 -0.030625 0.01375)
(0.1266666667 -0.030625 0.01375)
(0.13 -0.030625 0.01375)
(0.1333333333 -0.030625 0.01375)
(0.1366666667 -0.030625 0.01375)
(0.14 -0.030625 0.01375)
(0.1433333333 -0.030625 0.01375)
(0.1466666667 -0.030625 0.01375)
(0.15 -0.030625 0.01375)
(0.1533333333 -0.030625 0.01375)
(0.1566666667 -0.030625 0.01375)
(0.16 -0.030625 0.01375)
(0.1633333333 -0.030625 0.01375)
(0.1666666667 -0.030625 0.01375)
(0.17 -0.030625 0.01375)
(0.1733333333 -0.030625 0.01375)
(0.1766666667 -0.030625 0.01375)
(0.18 -0.030625 0.01375)
(0.12 -0.02625 0.01375)
(0.1233333333 -0.02625 0.01375)
(0.1266666667 -0.02625 0.01375)
(0.13 -0.02625 0.01375)
(0.1333333333 -0.02625 0.01375)
(0.1366666667 -0.02625 0.01375)
(0.14 -0.02625 0.01375)
(0.1433333333 -0.02625 0.01375)
(0.1466666667 -0.02625 0.01375)
(0.15 -0.02625 0.01375)
(0.1533333333 -0.02625 0.01375)
(0.1566666667 -0.02625 0.01375)
(0.16 -0.02625 0.01375)
(0.1633333333 -0.02625 0.01375)
(0.1666666667 -0.02625 0.01375)
(0.17 -0.02625 0.01375)
(0.1733333333 -0.02625 0.01375)
(0.1766666667 -0.02625 0.01375)
(0.18 -0.02625 0.01375)
(0.12 -0.021875 0.01375)
(0.1233333333 -0.021875 0.01375)
(0.1266666667 -0.021875 0.01375)
(0.13 -0.021875 0.01375)
(0.1333333333 -0.021875 0.01375)
(0.1366666667 -0.021875 0.01375)
(0.14 -0.021875 0.01375)
(0.1433333333 -0.021875 0.01375)
(0.1466666667 -0.021875 0.01375)
(0.15 -0.021875 0.01375)
(0.1533333333 -0.021875 0.01375)
(0.1566666667 -0.021875 0.01375)
(0.16 -0.021875 0.01375)
(0.1633333333 -0.021875 0.01375)
(0.1666666667 -0.021875 0.01375)
(0.17 -0.021875 0.01375)
(0.1733333333 -0.021875 0.01375)
(0.1766666667 -0.021875 0.01375)
(0.18 -0.021875 0.01375)
(0.12 -0.0175 0.01375)
(0.1233333333 -0.0175 0.01375)
(0.1266666667 -0.0175 0.01375)
(0.13 -0.0175 0.01375)
(0.1333333333 -0.0175 0.01375)
(0.1366666667 -0.0175 0.01375)
(0.14 -0.0175 0.01375)
(0.1433333333 -0.0175 0.01375)
(0.1466666667 -0.0175 0.01375)
(0.15 -0.0175 0.01375)
(0.1533333333 -0.0175 0.01375)
(0.1566666667 -0.0175 0.01375)
(0.16 -0.0175 0.01375)
(0.1633333333 -0.0175 0.01375)
(0.1666666667 -0.0175 0.01375)
(0.17 -0.0175 0.01375)
(0.1733333333 -0.0175 0.01375)
(0.1766666667 -0.0175 0.01375)
(0.18 -0.0175 0.01375)
(0.12 -0.013125 0.01375)
(0.1233333333 -0.013125 0.01375)
(0.1266666667 -0.013125 0.01375)
(0.13 -0.013125 0.01375)
(0.1333333333 -0.013125 0.01375)
(0.1366666667 -0.013125 0.01375)
(0.14 -0.013125 0.01375)
(0.1433333333 -0.013125 0.01375)
(0.1466666667 -0.013125 0.01375)
(0.15 -0.013125 0.01375)
(0.1533333333 -0.013125 0.01375)
(0.1566666667 -0.013125 0.01375)
(0.16 -0.013125 0.01375)
(0.1633333333 -0.013125 0.01375)
(0.1666666667 -0.013125 0.01375)
(0.17 -0.013125 0.01375)
(0.1733333333 -0.013125 0.01375)
(0.1766666667 -0.013125 0.01375)
(0.18 -0.013125 0.01375)
(0.12 -0.00875 0.01375)
(0.1233333333 -0.00875 0.01375)
(0.1266666667 -0.00875 0.01375)
(0.13 -0.00875 0.01375)
(0.1333333333 -0.00875 0.01375)
(0.1366666667 -0.00875 0.01375)
(0.14 -0.00875 0.01375)
(0.1433333333 -0.00875 0.01375)
(0.1466666667 -0.00875 0.01375)
(0.15 -0.00875 0.01375)
(0.1533333333 -0.00875 0.01375)
(0.1566666667 -0.00875 0.01375)
(0.16 -0.00875 0.01375)
(0.1633333333 -0.00875 0.01375)
(0.1666666667 -0.00875 0.01375)
(0.17 -0.00875 0.01375)
(0.1733333333 -0.00875 0.01375)
(0.1766666667 -0.00875 0.01375)
(0.18 -0.00875 0.01375)
(0.12 -0.004375 0.01375)
(0.1233333333 -0.004375 0.01375)
(0.1266666667 -0.004375 0.01375)
(0.13 -0.004375 0.01375)
(0.1333333333 -0.004375 0.01375)
(0.1366666667 -0.004375 0.01375)
(0.14 -0.004375 0.01375)
(0.1433333333 -0.004375 0.01375)
(0.1466666667 -0.004375 0.01375)
(0.15 -0.004375 0.01375)
(0.1533333333 -0.004375 0.01375)
(0.1566666667 -0.004375 0.01375)
(0.16 -0.004375 0.01375)
(0.1633333333 -0.004375 0.01375)
(0.1666666667 -0.004375 0.01375)
(0.17 -0.004375 0.01375)
(0.1733333333 -0.004375 0.01375)
(0.1766666667 -0.004375 0.01375)
(0.18 -0.004375 0.01375)
(0.12 0 0.01375)
(0.1233333333 -1.156482317e-18 0.01375)
(0.1266666667 0 0.01375)
(0.13 0 0.01375)
(0.1333333333 0 0.01375)
(0.1366666667 0 0.01375)
(0.14 0 0.01375)
(0.1433333333 0 0.01375)
(0.1466666667 0 0.01375)
(0.15 0 0.01375)
(0.1533333333 0 0.01375)
(0.1566666667 0 0.01375)
(0.16 0 0.01375)
(0.1633333333 0 0.01375)
(0.12 0.004375 0.01375)
(0.1233333333 0.004375 0.01375)
(0.1266666667 0.004375 0.01375)
(0.13 0.004375 0.01375)
(0.1333333333 0.004375 0.01375)
(0.1366666667 0.004375 0.01375)
(0.14 0.004375 0.01375)
(0.1433333333 0.004375 0.01375)
(0.12 -0.07 0.015)
(0.1233333333 -0.07 0.015)
(0.1266666667 -0.07 0.015)
(0.13 -0.07 0.015)
(0.1333333333 -0.07 0.015)
(0.1366666667 -0.07 0.015)
(0.14 -0.07 0.015)
(0.1433333333 -0.07 0.015)
(0.1466666667 -0.07 0.015)
(0.15 -0.07 0.015)
(0.1533333333 -0.07 0.015)
(0.1566666667 -0.07 0.015)
(0.16 -0.07 0.015)
(0.1633333333 -0.07 0.015)
(0.1666666667 -0.07 0.015)
(0.17 -0.07 0.015)
(0.1733333333 -0.07 0.015)
(0.1766666667 -0.07 0.015)
(0.18 -0.07 0.015)
(0.12 -0.065625 0.015)
(0.1233333333 -0.065625 0.015)
(0.1266666667 -0.065625 0.015)
(0.13 -0.065625 0.015)
(0.1333333333 -0.065625 0.015)
(0.1366666667 -0.065625 0.015)
(0.14 -0.065625 0.015)
(0.1433333333 -0.065625 0.015)
(0.1466666667 -0.065625 0.015)
(0.15 -0.065625 0.015)
(0.1533333333 -0.065625 0.015)
(0.1566666667 -0.065625 0.015)
(0.16 -0.065625 0.015)
(0.1633333333 -0.065625 0.015)
(0.1666666667 -0.065625 0.015)
(0.17 -0.065625 0.015)
(0.1733333333 -0.065625 0.015)
(0.1766666667 -0.065625 0.015)
(0.18 -0.065625 0.015)
(0.12 -0.06125 0.015)
(0.1233333333 -0.06125 0.015)
(0.1266666667 -0.06125 0.015)
(0.13 -0.06125 0.015)
(0.1333333333 -0.06125 0.015)
(0.1366666667 -0.06125 0.015)
(0.14 -0.06125 0.015)
(0.1433333333 -0.06125 0.015)
(0.1466666667 -0.06125 0.015)
(0.15 -0.06125 0.015)
(0.1533333333 -0.06125 0.015)
(0.1566666667 -0.06125 0.015)
(0.16 -0.06125 0.015)
(0.1633333333 -0.06125 0.015)
(0.1666666667 -0.06125 0.015)
(0.17 -0.06125 0.015)
(0.1733333333 -0.06125 0.015)
(0.1766666667 -0.06125 0.015)
(0.18 -0.06125 0.015)
(0.12 -0.056875 0.015)
(0.1233333333 -0.056875 0.015)
(0.1266666667 -0.056875 0.015)
(0.13 -0.056875 0.015)
(0.1333333333 -0.056875 0.015)
(0.1366666667 -0.056875 0.015)
(0.14 -0.056875 0.015)
(0.1433333333 -0.056875 0.015)
(0.1466666667 -0.056875 0.015)
(0.15 -0.056875 0.015)
(0.1533333333 -0.056875 0.015)
(0.1566666667 -0.056875 0.015)
(0.16 -0.056875 0.015)
(0.1633333333 -0.056875 0.015)
(0.1666666667 -0.056875 0.015)
(0.17 -0.056875 0.015)
(0.1733333333 -0.056875 0.015)
(0.1766666667 -0.056875 0.015)
(0.18 -0.056875 0.015)
(0.12 -0.0525 0.015)
(0.1233333333 -0.0525 0.015)
(0.1266666667 -0.0525 0.015)
(0.13 -0.0525 0.015)
(0.1333333333 -0.0525 0.015)
(0.1366666667 -0.0525 0.015)
(0.14 -0.0525 0.015)
(0.1433333333 -0.0525 0.015)
(0.1466666667 -0.0525 0.015)
(0.15 -0.0525 0.015)
(0.1533333333 -0.0525 0.015)
(0.1566666667 -0.0525 0.015)
(0.16 -0.0525 0.015)
(0.1633333333 -0.0525 0.015)
(0.1666666667 -0.0525 0.015)
(0.17 -0.0525 0.015)
(0.1733333333 -0.0525 0.015)
(0.1766666667 -0.0525 0.015)
(0.18 -0.0525 0.015)
(0.12 -0.048125 0.015)
(0.1233333333 -0.048125 0.015)
(0.1266666667 -0.048125 0.015)
(0.13 -0.048125 0.015)
(0.1333333333 -0.048125 0.015)
(0.1366666667 -0.048125 0.015)
(0.14 -0.048125 0.015)
(0.1433333333 -0.048125 0.015)
(0.1466666667 -0.048125 0.015)
(0.15 -0.048125 0.015)
(0.1533333333 -0.048125 0.015)
(0.1566666667 -0.048125 0.015)
(0.16 -0.048125 0.015)
(0.1633333333 -0.048125 0.015)
(0.1666666667 -0.048125 0.015)
(0.17 -0.048125 0.015)
(0.1733333333 -0.048125 0.015)
(0.1766666667 -0.048125 0.015)
(0.18 -0.048125 0.015)
(0.12 -0.04375 0.015)
(0.1233333333 -0.04375 0.015)
(0.1266666667 -0.04375 0.015)
(0.13 -0.04375 0.015)
(0.1333333333 -0.04375 0.015)
(0.1366666667 -0.04375 0.015)
(0.14 -0.04375 0.015)
(0.1433333333 -0.04375 0.015)
(0.1466666667 -0.04375 0.015)
(0.15 -0.04375 0.015)
(0.1533333333 -0.04375 0.015)
(0.1566666667 -0.04375 0.015)
(0.16 -0.04375 0.015)
(0.1633333333 -0.04375 0.015)
(0.1666666667 -0.04375 0.015)
(0.17 -0.04375 0.015)
(0.1733333333 -0.04375 0.015)
(0.1766666667 -0.04375 0.015)
(0.18 -0.04375 0.015)
(0.12 -0.039375 0.015)
(0.1233333333 -0.039375 0.015)
(0.1266666667 -0.039375 0.015)
(0.13 -0.039375 0.015)
(0.1333333333 -0.039375 0.015)
(0.1366666667 -0.039375 0.015)
(0.14 -0.039375 0.015)
(0.1433333333 -0.039375 0.015)
(0.1466666667 -0.039375 0.015)
(0.15 -0.039375 0.015)
(0.1533333333 -0.039375 0.015)
(0.1566666667 -0.039375 0.015)
(0.16 -0.039375 0.015)
(0.1633333333 -0.039375 0.015)
(0.1666666667 -0.039375 0.015)
(0.17 -0.039375 0.015)
(0.1733333333 -0.039375 0.015)
(0.1766666667 -0.039375 0.015)
(0.18 -0.039375 0.015)
(0.12 -0.035 0.015)
(0.1233333333 -0.035 0.015)
(0.1266666667 -0.035 0.015)
(0.13 -0.035 0.015)
(0.1333333333 -0.035 0.015)
(0.1366666667 -0.035 0.015)
(0.14 -0.035 0.015)
(0.1433333333 -0.035 0.015)
(0.1466666667 -0.035 0.015)
(0.15 -0.035 0.015)
(0.1533333333 -0.035 0.015)
(0.1566666667 -0.035 0.015)
(0.16 -0.035 0.015)
(0.1633333333 -0.035 0.015)
(0.1666666667 -0.035 0.015)
(0.17 -0.035 0.015)
(0.1733333333 -0.035 0.015)
(0.1766666667 -0.035 0.015)
(0.18 -0.035 0.015)
(0.12 -0.030625 0.015)
(0.1233333333 -0.030625 0.015)
(0.1266666667 -0.030625 0.015)
(0.13 -0.030625 0.015)
(0.1333333333 -0.030625 0.015)
(0.1366666667 -0.030625 0.015)
(0.14 -0.030625 0.015)
(0.1433333333 -0.030625 0.015)
(0.1466666667 -0.030625 0.015)
(0.15 -0.030625 0.015)
(0.1533333333 -0.030625 0.015)
(0.1566666667 -0.030625 0.015)
(0.16 -0.030625 0.015)
(0.1633333333 -0.030625 0.015)
(0.1666666667 -0.030625 0.015)
(0.17 -0.030625 0.015)
(0.1733333333 -0.030625 0.015)
(0.1766666667 -0.030625 0.015)
(0.18 -0.030625 0.015)
(0.12 -0.02625 0.015)
(0.1233333333 -0.02625 0.015)
(0.1266666667 -0.02625 0.015)
(0.13 -0.02625 0.015)
(0.1333333333 -0.02625 0.015)
(0.1366666667 -0.02625 0.015)
(0.14 -0.02625 0.015)
(0.1433333333 -0.02625 0.015)
(0.1466666667 -0.02625 0.015)
(0.15 -0.02625 0.015)
(0.1533333333 -0.02625 0.015)
(0.1566666667 -0.02625 0.015)
(0.16 -0.02625 0.015)
(0.1633333333 -0.02625 0.015)
(0.1666666667 -0.02625 0.015)
(0.17 -0.02625 0.015)
(0.1733333333 -0.02625 0.015)
(0.1766666667 -0.02625 0.015)
(0.18 -0.02625 0.015)
(0.12 -0.021875 0.015)
(0.1233333333 -0.021875 0.015)
(0.1266666667 -0.021875 0.015)
(0.13 -0.021875 0.015)
(0.1333333333 -0.021875 0.015)
(0.1366666667 -0.021875 0.015)
(0.14 -0.021875 0.015)
(0.1433333333 -0.021875 0.015)
(0.1466666667 -0.021875 0.015)
(0.15 -0.021875 0.015)
(0.1533333333 -0.021875 0.015)
(0.1566666667 -0.021875 0.015)
(0.16 -0.021875 0.015)
(0.1633333333 -0.021875 0.015)
(0.1666666667 -0.021875 0.015)
(0.17 -0.021875 0.015)
(0.1733333333 -0.021875 0.015)
(0.1766666667 -0.021875 0.015)
(0.18 -0.021875 0.015)
(0.12 -0.0175 0.015)
(0.1233333333 -0.0175 0.015)
(0.1266666667 -0.0175 0.015)
(0.13 -0.0175 0.015)
(0.1333333333 -0.0175 0.015)
(0.1366666667 -0.0175 0.015)
(0.14 -0.0175 0.015)
(0.1433333333 -0.0175 0.015)
(0.1466666667 -0.0175 0.015)
(0.15 -0.0175 0.015)
(0.1533333333 -0.0175 0.015)
(0.1566666667 -0.0175 0.015)
(0.16 -0.0175 0.015)
(0.1633333333 -0.0175 0.015)
(0.1666666667 -0.0175 0.015)
(0.17 -0.0175 0.015)
(0.1733333333 -0.0175 0.015)
(0.1766666667 -0.0175 0.015)
(0.18 -0.0175 0.015)
(0.12 -0.013125 0.015)
(0.1233333333 -0.013125 0.015)
(0.1266666667 -0.013125 0.015)
(0.13 -0.013125 0.015)
(0.1333333333 -0.013125 0.015)
(0.1366666667 -0.013125 0.015)
(0.14 -0.013125 0.015)
(0.1433333333 -0.013125 0.015)
(0.1466666667 -0.013125 0.015)
(0.15 -0.013125 0.015)
(0.1533333333 -0.013125 0.015)
(0.1566666667 -0.013125 0.015)
(0.16 -0.013125 0.015)
(0.1633333333 -0.013125 0.015)
(0.1666666667 -0.013125 0.015)
(0.17 -0.013125 0.015)
(0.1733333333 -0.013125 0.015)
(0.1766666667 -0.013125 0.015)
(0.18 -0.013125 0.015)
(0.12 -0.00875 0.015)
(0.1233333333 -0.00875 0.015)
(0.1266666667 -0.00875 0.015)
(0.13 -0.00875 0.015)
(0.1333333333 -0.00875 0.015)
(0.1366666667 -0.00875 0.015)
(0.14 -0.00875 0.015)
(0.1433333333 -0.00875 0.015)
(0.1466666667 -0.00875 0.015)
(0.15 -0.00875 0.015)
(0.1533333333 -0.00875 0.015)
(0.1566666667 -0.00875 0.015)
(0.16 -0.00875 0.015)
(0.1633333333 -0.00875 0.015)
(0.1666666667 -0.00875 0.015)
(0.17 -0.00875 0.015)
(0.1733333333 -0.00875 0.015)
(0.1766666667 -0.00875 0.015)
(0.18 -0.00875 0.015)
(0.12 -0.004375 0.015)
(0.1233333333 -0.004375 0.015)
(0.1266666667 -0.004375 0.015)
(0.13 -0.004375 0.015)
(0.1333333333 -0.004375 0.015)
(0.1366666667 -0.004375 0.015)
(0.14 -0.004375 0.015)
(0.1433333333 -0.004375 0.015)
(0.1466666667 -0.004375 0.015)
(0.15 -0.004375 0.015)
(0.1533333333 -0.004375 0.015)
(0.1566666667 -0.004375 0.015)
(0.16 -0.004375 0.015)
(0.1633333333 -0.004375 0.015)
(0.1666666667 -0.004375 0.015)
(0.17 -0.004375 0.015)
(0.1733333333 -0.004375 0.015)
(0.1766666667 -0.004375 0.015)
(0.18 -0.004375 0.015)
(0.12 0 0.015)
(0.1233333333 -1.156482317e-18 0.015)
(0.1266666667 0 0.015)
(0.13 0 0.015)
(0.1333333333 0 0.015)
(0.1366666667 0 0.015)
(0.14 0 0.015)
(0.1433333333 0 0.015)
(0.1466666667 0 0.015)
(0.15 0 0.015)
(0.1533333333 0 0.015)
(0.1566666667 0 0.015)
(0.16 0 0.015)
(0.1633333333 0 0.015)
(0.1266666667 0.004375 0.015)
(0.13 0.004375 0.015)
(0.1333333333 0.004375 0.015)
(0.1366666667 0.004375 0.015)
(0.14 0.004375 0.015)
(0.1433333333 0.004375 0.015)
(0.12 -0.07 0.01625)
(0.1233333333 -0.07 0.01625)
(0.1266666667 -0.07 0.01625)
(0.13 -0.07 0.01625)
(0.1333333333 -0.07 0.01625)
(0.1366666667 -0.07 0.01625)
(0.14 -0.07 0.01625)
(0.1433333333 -0.07 0.01625)
(0.1466666667 -0.07 0.01625)
(0.15 -0.07 0.01625)
(0.1533333333 -0.07 0.01625)
(0.1566666667 -0.07 0.01625)
(0.16 -0.07 0.01625)
(0.1633333333 -0.07 0.01625)
(0.1666666667 -0.07 0.01625)
(0.17 -0.07 0.01625)
(0.1733333333 -0.07 0.01625)
(0.1766666667 -0.07 0.01625)
(0.18 -0.07 0.01625)
(0.12 -0.065625 0.01625)
(0.1233333333 -0.065625 0.01625)
(0.1266666667 -0.065625 0.01625)
(0.13 -0.065625 0.01625)
(0.1333333333 -0.065625 0.01625)
(0.1366666667 -0.065625 0.01625)
(0.14 -0.065625 0.01625)
(0.1433333333 -0.065625 0.01625)
(0.1466666667 -0.065625 0.01625)
(0.15 -0.065625 0.01625)
(0.1533333333 -0.065625 0.01625)
(0.1566666667 -0.065625 0.01625)
(0.16 -0.065625 0.01625)
(0.1633333333 -0.065625 0.01625)
(0.1666666667 -0.065625 0.01625)
(0.17 -0.065625 0.01625)
(0.1733333333 -0.065625 0.01625)
(0.1766666667 -0.065625 0.01625)
(0.18 -0.065625 0.01625)
(0.12 -0.06125 0.01625)
(0.1233333333 -0.06125 0.01625)
(0.1266666667 -0.06125 0.01625)
(0.13 -0.06125 0.01625)
(0.1333333333 -0.06125 0.01625)
(0.1366666667 -0.06125 0.01625)
(0.14 -0.06125 0.01625)
(0.1433333333 -0.06125 0.01625)
(0.1466666667 -0.06125 0.01625)
(0.15 -0.06125 0.01625)
(0.1533333333 -0.06125 0.01625)
(0.1566666667 -0.06125 0.01625)
(0.16 -0.06125 0.01625)
(0.1633333333 -0.06125 0.01625)
(0.1666666667 -0.06125 0.01625)
(0.17 -0.06125 0.01625)
(0.1733333333 -0.06125 0.01625)
(0.1766666667 -0.06125 0.01625)
(0.18 -0.06125 0.01625)
(0.12 -0.056875 0.01625)
(0.1233333333 -0.056875 0.01625)
(0.1266666667 -0.056875 0.01625)
(0.13 -0.056875 0.01625)
(0.1333333333 -0.056875 0.01625)
(0.1366666667 -0.056875 0.01625)
(0.14 -0.056875 0.01625)
(0.1433333333 -0.056875 0.01625)
(0.1466666667 -0.056875 0.01625)
(0.15 -0.056875 0.01625)
(0.1533333333 -0.056875 0.01625)
(0.1566666667 -0.056875 0.01625)
(0.16 -0.056875 0.01625)
(0.1633333333 -0.056875 0.01625)
(0.1666666667 -0.056875 0.01625)
(0.17 -0.056875 0.01625)
(0.1733333333 -0.056875 0.01625)
(0.1766666667 -0.056875 0.01625)
(0.18 -0.056875 0.01625)
(0.12 -0.0525 0.01625)
(0.1233333333 -0.0525 0.01625)
(0.1266666667 -0.0525 0.01625)
(0.13 -0.0525 0.01625)
(0.1333333333 -0.0525 0.01625)
(0.1366666667 -0.0525 0.01625)
(0.14 -0.0525 0.01625)
(0.1433333333 -0.0525 0.01625)
(0.1466666667 -0.0525 0.01625)
(0.15 -0.0525 0.01625)
(0.1533333333 -0.0525 0.01625)
(0.1566666667 -0.0525 0.01625)
(0.16 -0.0525 0.01625)
(0.1633333333 -0.0525 0.01625)
(0.1666666667 -0.0525 0.01625)
(0.17 -0.0525 0.01625)
(0.1733333333 -0.0525 0.01625)
(0.1766666667 -0.0525 0.01625)
(0.18 -0.0525 0.01625)
(0.12 -0.048125 0.01625)
(0.1233333333 -0.048125 0.01625)
(0.1266666667 -0.048125 0.01625)
(0.13 -0.048125 0.01625)
(0.1333333333 -0.048125 0.01625)
(0.1366666667 -0.048125 0.01625)
(0.14 -0.048125 0.01625)
(0.1433333333 -0.048125 0.01625)
(0.1466666667 -0.048125 0.01625)
(0.15 -0.048125 0.01625)
(0.1533333333 -0.048125 0.01625)
(0.1566666667 -0.048125 0.01625)
(0.16 -0.048125 0.01625)
(0.1633333333 -0.048125 0.01625)
(0.1666666667 -0.048125 0.01625)
(0.17 -0.048125 0.01625)
(0.1733333333 -0.048125 0.01625)
(0.1766666667 -0.048125 0.01625)
(0.18 -0.048125 0.01625)
(0.12 -0.04375 0.01625)
(0.1233333333 -0.04375 0.01625)
(0.1266666667 -0.04375 0.01625)
(0.13 -0.04375 0.01625)
(0.1333333333 -0.04375 0.01625)
(0.1366666667 -0.04375 0.01625)
(0.14 -0.04375 0.01625)
(0.1433333333 -0.04375 0.01625)
(0.1466666667 -0.04375 0.01625)
(0.15 -0.04375 0.01625)
(0.1533333333 -0.04375 0.01625)
(0.1566666667 -0.04375 0.01625)
(0.16 -0.04375 0.01625)
(0.1633333333 -0.04375 0.01625)
(0.1666666667 -0.04375 0.01625)
(0.17 -0.04375 0.01625)
(0.1733333333 -0.04375 0.01625)
(0.1766666667 -0.04375 0.01625)
(0.18 -0.04375 0.01625)
(0.12 -0.039375 0.01625)
(0.1233333333 -0.039375 0.01625)
(0.1266666667 -0.039375 0.01625)
(0.13 -0.039375 0.01625)
(0.1333333333 -0.039375 0.01625)
(0.1366666667 -0.039375 0.01625)
(0.14 -0.039375 0.01625)
(0.1433333333 -0.039375 0.01625)
(0.1466666667 -0.039375 0.01625)
(0.15 -0.039375 0.01625)
(0.1533333333 -0.039375 0.01625)
(0.1566666667 -0.039375 0.01625)
(0.16 -0.039375 0.01625)
(0.1633333333 -0.039375 0.01625)
(0.1666666667 -0.039375 0.01625)
(0.17 -0.039375 0.01625)
(0.1733333333 -0.039375 0.01625)
(0.1766666667 -0.039375 0.01625)
(0.18 -0.039375 0.01625)
(0.12 -0.035 0.01625)
(0.1233333333 -0.035 0.01625)
(0.1266666667 -0.035 0.01625)
(0.13 -0.035 0.01625)
(0.1333333333 -0.035 0.01625)
(0.1366666667 -0.035 0.01625)
(0.14 -0.035 0.01625)
(0.1433333333 -0.035 0.01625)
(0.1466666667 -0.035 0.01625)
(0.15 -0.035 0.01625)
(0.1533333333 -0.035 0.01625)
(0.1566666667 -0.035 0.01625)
(0.16 -0.035 0.01625)
(0.1633333333 -0.035 0.01625)
(0.1666666667 -0.035 0.01625)
(0.17 -0.035 0.01625)
(0.1733333333 -0.035 0.01625)
(0.1766666667 -0.035 0.01625)
(0.18 -0.035 0.01625)
(0.12 -0.030625 0.01625)
(0.1233333333 -0.030625 0.01625)
(0.1266666667 -0.030625 0.01625)
(0.13 -0.030625 0.01625)
(0.1333333333 -0.030625 0.01625)
(0.1366666667 -0.030625 0.01625)
(0.14 -0.030625 0.01625)
(0.1433333333 -0.030625 0.01625)
(0.1466666667 -0.030625 0.01625)
(0.15 -0.030625 0.01625)
(0.1533333333 -0.030625 0.01625)
(0.1566666667 -0.030625 0.01625)
(0.16 -0.030625 0.01625)
(0.1633333333 -0.030625 0.01625)
(0.1666666667 -0.030625 0.01625)
(0.17 -0.030625 0.01625)
(0.1733333333 -0.030625 0.01625)
(0.1766666667 -0.030625 0.01625)
(0.18 -0.030625 0.01625)
(0.12 -0.02625 0.01625)
(0.1233333333 -0.02625 0.01625)
(0.1266666667 -0.02625 0.01625)
(0.13 -0.02625 0.01625)
(0.1333333333 -0.02625 0.01625)
(0.1366666667 -0.02625 0.01625)
(0.14 -0.02625 0.01625)
(0.1433333333 -0.02625 0.01625)
(0.1466666667 -0.02625 0.01625)
(0.15 -0.02625 0.01625)
(0.1533333333 -0.02625 0.01625)
(0.1566666667 -0.02625 0.01625)
(0.16 -0.02625 0.01625)
(0.1633333333 -0.02625 0.01625)
(0.1666666667 -0.02625 0.01625)
(0.17 -0.02625 0.01625)
(0.1733333333 -0.02625 0.01625)
(0.1766666667 -0.02625 0.01625)
(0.18 -0.02625 0.01625)
(0.12 -0.021875 0.01625)
(0.1233333333 -0.021875 0.01625)
(0.1266666667 -0.021875 0.01625)
(0.13 -0.021875 0.01625)
(0.1333333333 -0.021875 0.01625)
(0.1366666667 -0.021875 0.01625)
(0.14 -0.021875 0.01625)
(0.1433333333 -0.021875 0.01625)
(0.1466666667 -0.021875 0.01625)
(0.15 -0.021875 0.01625)
(0.1533333333 -0.021875 0.01625)
(0.1566666667 -0.021875 0.01625)
(0.16 -0.021875 0.01625)
(0.1633333333 -0.021875 0.01625)
(0.1666666667 -0.021875 0.01625)
(0.17 -0.021875 0.01625)
(0.1733333333 -0.021875 0.01625)
(0.1766666667 -0.021875 0.01625)
(0.18 -0.021875 0.01625)
(0.12 -0.0175 0.01625)
(0.1233333333 -0.0175 0.01625)
(0.1266666667 -0.0175 0.01625)
(0.13 -0.0175 0.01625)
(0.1333333333 -0.0175 0.01625)
(0.1366666667 -0.0175 0.01625)
(0.14 -0.0175 0.01625)
(0.1433333333 -0.0175 0.01625)
(0.1466666667 -0.0175 0.01625)
(0.15 -0.0175 0.01625)
(0.1533333333 -0.0175 0.01625)
(0.1566666667 -0.0175 0.01625)
(0.16 -0.0175 0.01625)
(0.1633333333 -0.0175 0.01625)
(0.1666666667 -0.0175 0.01625)
(0.17 -0.0175 0.01625)
(0.1733333333 -0.0175 0.01625)
(0.1766666667 -0.0175 0.01625)
(0.18 -0.0175 0.01625)
(0.12 -0.013125 0.01625)
(0.1233333333 -0.013125 0.01625)
(0.1266666667 -0.013125 0.01625)
(0.13 -0.013125 0.01625)
(0.1333333333 -0.013125 0.01625)
(0.1366666667 -0.013125 0.01625)
(0.14 -0.013125 0.01625)
(0.1433333333 -0.013125 0.01625)
(0.1466666667 -0.013125 0.01625)
(0.15 -0.013125 0.01625)
(0.1533333333 -0.013125 0.01625)
(0.1566666667 -0.013125 0.01625)
(0.16 -0.013125 0.01625)
(0.1633333333 -0.013125 0.01625)
(0.1666666667 -0.013125 0.01625)
(0.17 -0.013125 0.01625)
(0.1733333333 -0.013125 0.01625)
(0.1766666667 -0.013125 0.01625)
(0.18 -0.013125 0.01625)
(0.12 -0.00875 0.01625)
(0.1233333333 -0.00875 0.01625)
(0.1266666667 -0.00875 0.01625)
(0.13 -0.00875 0.01625)
(0.1333333333 -0.00875 0.01625)
(0.1366666667 -0.00875 0.01625)
(0.14 -0.00875 0.01625)
(0.1433333333 -0.00875 0.01625)
(0.1466666667 -0.00875 0.01625)
(0.15 -0.00875 0.01625)
(0.1533333333 -0.00875 0.01625)
(0.1566666667 -0.00875 0.01625)
(0.16 -0.00875 0.01625)
(0.1633333333 -0.00875 0.01625)
(0.1666666667 -0.00875 0.01625)
(0.17 -0.00875 0.01625)
(0.1733333333 -0.00875 0.01625)
(0.1766666667 -0.00875 0.01625)
(0.18 -0.00875 0.01625)
(0.12 -0.004375 0.01625)
(0.1233333333 -0.004375 0.01625)
(0.1266666667 -0.004375 0.01625)
(0.13 -0.004375 0.01625)
(0.1333333333 -0.004375 0.01625)
(0.1366666667 -0.004375 0.01625)
(0.14 -0.004375 0.01625)
(0.1433333333 -0.004375 0.01625)
(0.1466666667 -0.004375 0.01625)
(0.15 -0.004375 0.01625)
(0.1533333333 -0.004375 0.01625)
(0.1566666667 -0.004375 0.01625)
(0.16 -0.004375 0.01625)
(0.1633333333 -0.004375 0.01625)
(0.1666666667 -0.004375 0.01625)
(0.17 -0.004375 0.01625)
(0.1733333333 -0.004375 0.01625)
(0.1766666667 -0.004375 0.01625)
(0.18 -0.004375 0.01625)
(0.12 0 0.01625)
(0.1233333333 -1.156482317e-18 0.01625)
(0.1266666667 0 0.01625)
(0.18375 -0.07 0)
(0.1875 -0.07 0)
(0.19125 -0.07 0)
(0.195 -0.07 0)
(0.19875 -0.07 0)
(0.2025 -0.07 0)
(0.20625 -0.07 0)
(0.21 -0.07 0)
(0.21375 -0.07 0)
(0.18375 -0.065625 0)
(0.1875 -0.065625 0)
(0.19125 -0.065625 0)
(0.195 -0.065625 0)
(0.19875 -0.065625 0)
(0.2025 -0.065625 0)
(0.20625 -0.065625 0)
(0.21 -0.065625 0)
(0.21375 -0.065625 0)
(0.18375 -0.06125 0)
(0.1875 -0.06125 0)
(0.19125 -0.06125 0)
(0.195 -0.06125 0)
(0.19875 -0.06125 0)
(0.2025 -0.06125 0)
(0.20625 -0.06125 0)
(0.21 -0.06125 0)
(0.21375 -0.06125 0)
(0.18375 -0.056875 0)
(0.1875 -0.056875 0)
(0.19125 -0.056875 0)
(0.195 -0.056875 0)
(0.19875 -0.056875 0)
(0.2025 -0.056875 0)
(0.20625 -0.056875 0)
(0.21 -0.056875 0)
(0.21375 -0.056875 0)
(0.18375 -0.0525 0)
(0.1875 -0.0525 0)
(0.19125 -0.0525 0)
(0.195 -0.0525 0)
(0.19875 -0.0525 0)
(0.2025 -0.0525 0)
(0.20625 -0.0525 0)
(0.21 -0.0525 0)
(0.21375 -0.0525 0)
(0.18375 -0.048125 0)
(0.1875 -0.048125 0)
(0.19125 -0.048125 0)
(0.195 -0.048125 0)
(0.19875 -0.048125 0)
(0.2025 -0.048125 0)
(0.20625 -0.048125 0)
(0.21 -0.048125 0)
(0.21375 -0.048125 0)
(0.18375 -0.04375 0)
(0.1875 -0.04375 0)
(0.19125 -0.04375 0)
(0.195 -0.04375 0)
(0.19875 -0.04375 0)
(0.2025 -0.04375 0)
(0.20625 -0.04375 0)
(0.21 -0.04375 0)
(0.21375 -0.04375 0)
(0.18375 -0.039375 0)
(0.1875 -0.039375 0)
(0.19125 -0.039375 0)
(0.195 -0.039375 0)
(0.19875 -0.039375 0)
(0.2025 -0.039375 0)
(0.20625 -0.039375 0)
(0.21 -0.039375 0)
(0.21375 -0.039375 0)
(0.18375 -0.035 0)
(0.1875 -0.035 0)
(0.19125 -0.035 0)
(0.195 -0.035 0)
(0.19875 -0.035 0)
(0.2025 -0.035 0)
(0.20625 -0.035 0)
(0.21 -0.035 0)
(0.21375 -0.035 0)
(0.18375 -0.030625 0)
(0.1875 -0.030625 0)
(0.19125 -0.030625 0)
(0.195 -0.030625 0)
(0.19875 -0.030625 0)
(0.2025 -0.030625 0)
(0.20625 -0.030625 0)
(0.21 -0.030625 0)
(0.18375 -0.02625 0)
(0.1875 -0.02625 0)
(0.19125 -0.02625 0)
(0.195 -0.02625 0)
(0.19875 -0.02625 0)
(0.2025 -0.02625 0)
(0.20625 -0.02625 0)
(0.21 -0.02625 0)
(0.18375 -0.021875 0)
(0.1875 -0.021875 0)
(0.19125 -0.021875 0)
(0.195 -0.021875 0)
(0.19875 -0.021875 0)
(0.2025 -0.021875 0)
(0.20625 -0.021875 0)
(0.21 -0.021875 0)
(0.18375 -0.0175 0)
(0.1875 -0.0175 0)
(0.19125 -0.0175 0)
(0.195 -0.0175 0)
(0.19875 -0.0175 0)
(0.2025 -0.0175 0)
(0.20625 -0.0175 0)
(0.21 -0.0175 0)
(0.18375 -0.013125 0)
(0.1875 -0.013125 0)
(0.19125 -0.013125 0)
(0.195 -0.013125 0)
(0.19875 -0.013125 0)
(0.2025 -0.013125 0)
(0.20625 -0.013125 0)
(0.21 -0.013125 0)
(0.18375 -0.00875 0)
(0.1875 -0.00875 0)
(0.19125 -0.00875 0)
(0.195 -0.00875 0)
(0.19875 -0.00875 0)
(0.2025 -0.00875 0)
(0.20625 -0.00875 0)
(0.21 -0.00875 0)
(0.18375 -0.004375 0)
(0.1875 -0.004375 0)
(0.19125 -0.004375 0)
(0.18375 -0.07 0.00125)
(0.1875 -0.07 0.00125)
(0.19125 -0.07 0.00125)
(0.195 -0.07 0.00125)
(0.19875 -0.07 0.00125)
(0.2025 -0.07 0.00125)
(0.20625 -0.07 0.00125)
(0.21 -0.07 0.00125)
(0.21375 -0.07 0.00125)
(0.18375 -0.065625 0.00125)
(0.1875 -0.065625 0.00125)
(0.19125 -0.065625 0.00125)
(0.195 -0.065625 0.00125)
(0.19875 -0.065625 0.00125)
(0.2025 -0.065625 0.00125)
(0.20625 -0.065625 0.00125)
(0.21 -0.065625 0.00125)
(0.21375 -0.065625 0.00125)
(0.18375 -0.06125 0.00125)
(0.1875 -0.06125 0.00125)
(0.19125 -0.06125 0.00125)
(0.195 -0.06125 0.00125)
(0.19875 -0.06125 0.00125)
(0.2025 -0.06125 0.00125)
(0.20625 -0.06125 0.00125)
(0.21 -0.06125 0.00125)
(0.21375 -0.06125 0.00125)
(0.18375 -0.056875 0.00125)
(0.1875 -0.056875 0.00125)
(0.19125 -0.056875 0.00125)
(0.195 -0.056875 0.00125)
(0.19875 -0.056875 0.00125)
(0.2025 -0.056875 0.00125)
(0.20625 -0.056875 0.00125)
(0.21 -0.056875 0.00125)
(0.21375 -0.056875 0.00125)
(0.18375 -0.0525 0.00125)
(0.1875 -0.0525 0.00125)
(0.19125 -0.0525 0.00125)
(0.195 -0.0525 0.00125)
(0.19875 -0.0525 0.00125)
(0.2025 -0.0525 0.00125)
(0.20625 -0.0525 0.00125)
(0.21 -0.0525 0.00125)
(0.21375 -0.0525 0.00125)
(0.18375 -0.048125 0.00125)
(0.1875 -0.048125 0.00125)
(0.19125 -0.048125 0.00125)
(0.195 -0.048125 0.00125)
(0.19875 -0.048125 0.00125)
(0.2025 -0.048125 0.00125)
(0.20625 -0.048125 0.00125)
(0.21 -0.048125 0.00125)
(0.21375 -0.048125 0.00125)
(0.18375 -0.04375 0.00125)
(0.1875 -0.04375 0.00125)
(0.19125 -0.04375 0.00125)
(0.195 -0.04375 0.00125)
(0.19875 -0.04375 0.00125)
(0.2025 -0.04375 0.00125)
(0.20625 -0.04375 0.00125)
(0.21 -0.04375 0.00125)
(0.21375 -0.04375 0.00125)
(0.18375 -0.039375 0.00125)
(0.1875 -0.039375 0.00125)
(0.19125 -0.039375 0.00125)
(0.195 -0.039375 0.00125)
(0.19875 -0.039375 0.00125)
(0.2025 -0.039375 0.00125)
(0.20625 -0.039375 0.00125)
(0.21 -0.039375 0.00125)
(0.21375 -0.039375 0.00125)
(0.18375 -0.035 0.00125)
(0.1875 -0.035 0.00125)
(0.19125 -0.035 0.00125)
(0.195 -0.035 0.00125)
(0.19875 -0.035 0.00125)
(0.2025 -0.035 0.00125)
(0.20625 -0.035 0.00125)
(0.21 -0.035 0.00125)
(0.21375 -0.035 0.00125)
(0.18375 -0.030625 0.00125)
(0.1875 -0.030625 0.00125)
(0.19125 -0.030625 0.00125)
(0.195 -0.030625 0.00125)
(0.19875 -0.030625 0.00125)
(0.2025 -0.030625 0.00125)
(0.20625 -0.030625 0.00125)
(0.21 -0.030625 0.00125)
(0.18375 -0.02625 0.00125)
(0.1875 -0.02625 0.00125)
(0.19125 -0.02625 0.00125)
(0.195 -0.02625 0.00125)
(0.19875 -0.02625 0.00125)
(0.2025 -0.02625 0.00125)
(0.20625 -0.02625 0.00125)
(0.21 -0.02625 0.00125)
(0.18375 -0.021875 0.00125)
(0.1875 -0.021875 0.00125)
(0.19125 -0.021875 0.00125)
(0.195 -0.021875 0.00125)
(0.19875 -0.021875 0.00125)
(0.2025 -0.021875 0.00125)
(0.20625 -0.021875 0.00125)
(0.21 -0.021875 0.00125)
(0.18375 -0.0175 0.00125)
(0.1875 -0.0175 0.00125)
(0.19125 -0.0175 0.00125)
(0.195 -0.0175 0.00125)
(0.19875 -0.0175 0.00125)
(0.2025 -0.0175 0.00125)
(0.20625 -0.0175 0.00125)
(0.21 -0.0175 0.00125)
(0.18375 -0.013125 0.00125)
(0.1875 -0.013125 0.00125)
(0.19125 -0.013125 0.00125)
(0.195 -0.013125 0.00125)
(0.19875 -0.013125 0.00125)
(0.2025 -0.013125 0.00125)
(0.20625 -0.013125 0.00125)
(0.21 -0.013125 0.00125)
(0.18375 -0.00875 0.00125)
(0.1875 -0.00875 0.00125)
(0.19125 -0.00875 0.00125)
(0.195 -0.00875 0.00125)
(0.19875 -0.00875 0.00125)
(0.2025 -0.00875 0.00125)
(0.20625 -0.00875 0.00125)
(0.21 -0.00875 0.00125)
(0.18375 -0.004375 0.00125)
(0.1875 -0.004375 0.00125)
(0.19125 -0.004375 0.00125)
(0.18375 -0.07 0.0025)
(0.1875 -0.07 0.0025)
(0.19125 -0.07 0.0025)
(0.195 -0.07 0.0025)
(0.19875 -0.07 0.0025)
(0.2025 -0.07 0.0025)
(0.20625 -0.07 0.0025)
(0.21 -0.07 0.0025)
(0.21375 -0.07 0.0025)
(0.18375 -0.065625 0.0025)
(0.1875 -0.065625 0.0025)
(0.19125 -0.065625 0.0025)
(0.195 -0.065625 0.0025)
(0.19875 -0.065625 0.0025)
(0.2025 -0.065625 0.0025)
(0.20625 -0.065625 0.0025)
(0.21 -0.065625 0.0025)
(0.21375 -0.065625 0.0025)
(0.18375 -0.06125 0.0025)
(0.1875 -0.06125 0.0025)
(0.19125 -0.06125 0.0025)
(0.195 -0.06125 0.0025)
(0.19875 -0.06125 0.0025)
(0.2025 -0.06125 0.0025)
(0.20625 -0.06125 0.0025)
(0.21 -0.06125 0.0025)
(0.21375 -0.06125 0.0025)
(0.18375 -0.056875 0.0025)
(0.1875 -0.056875 0.0025)
(0.19125 -0.056875 0.0025)
(0.195 -0.056875 0.0025)
(0.19875 -0.056875 0.0025)
(0.2025 -0.056875 0.0025)
(0.20625 -0.056875 0.0025)
(0.21 -0.056875 0.0025)
(0.21375 -0.056875 0.0025)
(0.18375 -0.0525 0.0025)
(0.1875 -0.0525 0.0025)
(0.19125 -0.0525 0.0025)
(0.195 -0.0525 0.0025)
(0.19875 -0.0525 0.0025)
(0.2025 -0.0525 0.0025)
(0.20625 -0.0525 0.0025)
(0.21 -0.0525 0.0025)
(0.21375 -0.0525 0.0025)
(0.18375 -0.048125 0.0025)
(0.1875 -0.048125 0.0025)
(0.19125 -0.048125 0.0025)
(0.195 -0.048125 0.0025)
(0.19875 -0.048125 0.0025)
(0.2025 -0.048125 0.0025)
(0.20625 -0.048125 0.0025)
(0.21 -0.048125 0.0025)
(0.21375 -0.048125 0.0025)
(0.18375 -0.04375 0.0025)
(0.1875 -0.04375 0.0025)
(0.19125 -0.04375 0.0025)
(0.195 -0.04375 0.0025)
(0.19875 -0.04375 0.0025)
(0.2025 -0.04375 0.0025)
(0.20625 -0.04375 0.0025)
(0.21 -0.04375 0.0025)
(0.21375 -0.04375 0.0025)
(0.18375 -0.039375 0.0025)
(0.1875 -0.039375 0.0025)
(0.19125 -0.039375 0.0025)
(0.195 -0.039375 0.0025)
(0.19875 -0.039375 0.0025)
(0.2025 -0.039375 0.0025)
(0.20625 -0.039375 0.0025)
(0.21 -0.039375 0.0025)
(0.21375 -0.039375 0.0025)
(0.18375 -0.035 0.0025)
(0.1875 -0.035 0.0025)
(0.19125 -0.035 0.0025)
(0.195 -0.035 0.0025)
(0.19875 -0.035 0.0025)
(0.2025 -0.035 0.0025)
(0.20625 -0.035 0.0025)
(0.21 -0.035 0.0025)
(0.21375 -0.035 0.0025)
(0.18375 -0.030625 0.0025)
(0.1875 -0.030625 0.0025)
(0.19125 -0.030625 0.0025)
(0.195 -0.030625 0.0025)
(0.19875 -0.030625 0.0025)
(0.2025 -0.030625 0.0025)
(0.20625 -0.030625 0.0025)
(0.21 -0.030625 0.0025)
(0.18375 -0.02625 0.0025)
(0.1875 -0.02625 0.0025)
(0.19125 -0.02625 0.0025)
(0.195 -0.02625 0.0025)
(0.19875 -0.02625 0.0025)
(0.2025 -0.02625 0.0025)
(0.20625 -0.02625 0.0025)
(0.21 -0.02625 0.0025)
(0.18375 -0.021875 0.0025)
(0.1875 -0.021875 0.0025)
(0.19125 -0.021875 0.0025)
(0.195 -0.021875 0.0025)
(0.19875 -0.021875 0.0025)
(0.2025 -0.021875 0.0025)
(0.20625 -0.021875 0.0025)
(0.21 -0.021875 0.0025)
(0.18375 -0.0175 0.0025)
(0.1875 -0.0175 0.0025)
(0.19125 -0.0175 0.0025)
(0.195 -0.0175 0.0025)
(0.19875 -0.0175 0.0025)
(0.2025 -0.0175 0.0025)
(0.20625 -0.0175 0.0025)
(0.21 -0.0175 0.0025)
(0.18375 -0.013125 0.0025)
(0.1875 -0.013125 0.0025)
(0.19125 -0.013125 0.0025)
(0.195 -0.013125 0.0025)
(0.19875 -0.013125 0.0025)
(0.2025 -0.013125 0.0025)
(0.20625 -0.013125 0.0025)
(0.21 -0.013125 0.0025)
(0.18375 -0.00875 0.0025)
(0.1875 -0.00875 0.0025)
(0.19125 -0.00875 0.0025)
(0.195 -0.00875 0.0025)
(0.19875 -0.00875 0.0025)
(0.2025 -0.00875 0.0025)
(0.20625 -0.00875 0.0025)
(0.21 -0.00875 0.0025)
(0.18375 -0.004375 0.0025)
(0.1875 -0.004375 0.0025)
(0.19125 -0.004375 0.0025)
(0.18375 -0.07 0.00375)
(0.1875 -0.07 0.00375)
(0.19125 -0.07 0.00375)
(0.195 -0.07 0.00375)
(0.19875 -0.07 0.00375)
(0.2025 -0.07 0.00375)
(0.20625 -0.07 0.00375)
(0.21 -0.07 0.00375)
(0.21375 -0.07 0.00375)
(0.18375 -0.065625 0.00375)
(0.1875 -0.065625 0.00375)
(0.19125 -0.065625 0.00375)
(0.195 -0.065625 0.00375)
(0.19875 -0.065625 0.00375)
(0.2025 -0.065625 0.00375)
(0.20625 -0.065625 0.00375)
(0.21 -0.065625 0.00375)
(0.21375 -0.065625 0.00375)
(0.18375 -0.06125 0.00375)
(0.1875 -0.06125 0.00375)
(0.19125 -0.06125 0.00375)
(0.195 -0.06125 0.00375)
(0.19875 -0.06125 0.00375)
(0.2025 -0.06125 0.00375)
(0.20625 -0.06125 0.00375)
(0.21 -0.06125 0.00375)
(0.21375 -0.06125 0.00375)
(0.18375 -0.056875 0.00375)
(0.1875 -0.056875 0.00375)
(0.19125 -0.056875 0.00375)
(0.195 -0.056875 0.00375)
(0.19875 -0.056875 0.00375)
(0.2025 -0.056875 0.00375)
(0.20625 -0.056875 0.00375)
(0.21 -0.056875 0.00375)
(0.21375 -0.056875 0.00375)
(0.18375 -0.0525 0.00375)
(0.1875 -0.0525 0.00375)
(0.19125 -0.0525 0.00375)
(0.195 -0.0525 0.00375)
(0.19875 -0.0525 0.00375)
(0.2025 -0.0525 0.00375)
(0.20625 -0.0525 0.00375)
(0.21 -0.0525 0.00375)
(0.21375 -0.0525 0.00375)
(0.18375 -0.048125 0.00375)
(0.1875 -0.048125 0.00375)
(0.19125 -0.048125 0.00375)
(0.195 -0.048125 0.00375)
(0.19875 -0.048125 0.00375)
(0.2025 -0.048125 0.00375)
(0.20625 -0.048125 0.00375)
(0.21 -0.048125 0.00375)
(0.21375 -0.048125 0.00375)
(0.18375 -0.04375 0.00375)
(0.1875 -0.04375 0.00375)
(0.19125 -0.04375 0.00375)
(0.195 -0.04375 0.00375)
(0.19875 -0.04375 0.00375)
(0.2025 -0.04375 0.00375)
(0.20625 -0.04375 0.00375)
(0.21 -0.04375 0.00375)
(0.21375 -0.04375 0.00375)
(0.18375 -0.039375 0.00375)
(0.1875 -0.039375 0.00375)
(0.19125 -0.039375 0.00375)
(0.195 -0.039375 0.00375)
(0.19875 -0.039375 0.00375)
(0.2025 -0.039375 0.00375)
(0.20625 -0.039375 0.00375)
(0.21 -0.039375 0.00375)
(0.21375 -0.039375 0.00375)
(0.18375 -0.035 0.00375)
(0.1875 -0.035 0.00375)
(0.19125 -0.035 0.00375)
(0.195 -0.035 0.00375)
(0.19875 -0.035 0.00375)
(0.2025 -0.035 0.00375)
(0.20625 -0.035 0.00375)
(0.21 -0.035 0.00375)
(0.21375 -0.035 0.00375)
(0.18375 -0.030625 0.00375)
(0.1875 -0.030625 0.00375)
(0.19125 -0.030625 0.00375)
(0.195 -0.030625 0.00375)
(0.19875 -0.030625 0.00375)
(0.2025 -0.030625 0.00375)
(0.20625 -0.030625 0.00375)
(0.21 -0.030625 0.00375)
(0.18375 -0.02625 0.00375)
(0.1875 -0.02625 0.00375)
(0.19125 -0.02625 0.00375)
(0.195 -0.02625 0.00375)
(0.19875 -0.02625 0.00375)
(0.2025 -0.02625 0.00375)
(0.20625 -0.02625 0.00375)
(0.21 -0.02625 0.00375)
(0.18375 -0.021875 0.00375)
(0.1875 -0.021875 0.00375)
(0.19125 -0.021875 0.00375)
(0.195 -0.021875 0.00375)
(0.19875 -0.021875 0.00375)
(0.2025 -0.021875 0.00375)
(0.20625 -0.021875 0.00375)
(0.21 -0.021875 0.00375)
(0.18375 -0.0175 0.00375)
(0.1875 -0.0175 0.00375)
(0.19125 -0.0175 0.00375)
(0.195 -0.0175 0.00375)
(0.19875 -0.0175 0.00375)
(0.2025 -0.0175 0.00375)
(0.20625 -0.0175 0.00375)
(0.21 -0.0175 0.00375)
(0.18375 -0.013125 0.00375)
(0.1875 -0.013125 0.00375)
(0.19125 -0.013125 0.00375)
(0.195 -0.013125 0.00375)
(0.19875 -0.013125 0.00375)
(0.2025 -0.013125 0.00375)
(0.20625 -0.013125 0.00375)
(0.21 -0.013125 0.00375)
(0.18375 -0.00875 0.00375)
(0.1875 -0.00875 0.00375)
(0.19125 -0.00875 0.00375)
(0.195 -0.00875 0.00375)
(0.19875 -0.00875 0.00375)
(0.2025 -0.00875 0.00375)
(0.20625 -0.00875 0.00375)
(0.21 -0.00875 0.00375)
(0.18375 -0.004375 0.00375)
(0.1875 -0.004375 0.00375)
(0.19125 -0.004375 0.00375)
(0.18375 -0.07 0.005)
(0.1875 -0.07 0.005)
(0.19125 -0.07 0.005)
(0.195 -0.07 0.005)
(0.19875 -0.07 0.005)
(0.2025 -0.07 0.005)
(0.20625 -0.07 0.005)
(0.21 -0.07 0.005)
(0.21375 -0.07 0.005)
(0.18375 -0.065625 0.005)
(0.1875 -0.065625 0.005)
(0.19125 -0.065625 0.005)
(0.195 -0.065625 0.005)
(0.19875 -0.065625 0.005)
(0.2025 -0.065625 0.005)
(0.20625 -0.065625 0.005)
(0.21 -0.065625 0.005)
(0.21375 -0.065625 0.005)
(0.18375 -0.06125 0.005)
(0.1875 -0.06125 0.005)
(0.19125 -0.06125 0.005)
(0.195 -0.06125 0.005)
(0.19875 -0.06125 0.005)
(0.2025 -0.06125 0.005)
(0.20625 -0.06125 0.005)
(0.21 -0.06125 0.005)
(0.21375 -0.06125 0.005)
(0.18375 -0.056875 0.005)
(0.1875 -0.056875 0.005)
(0.19125 -0.056875 0.005)
(0.195 -0.056875 0.005)
(0.19875 -0.056875 0.005)
(0.2025 -0.056875 0.005)
(0.20625 -0.056875 0.005)
(0.21 -0.056875 0.005)
(0.21375 -0.056875 0.005)
(0.18375 -0.0525 0.005)
(0.1875 -0.0525 0.005)
(0.19125 -0.0525 0.005)
(0.195 -0.0525 0.005)
(0.19875 -0.0525 0.005)
(0.2025 -0.0525 0.005)
(0.20625 -0.0525 0.005)
(0.21 -0.0525 0.005)
(0.21375 -0.0525 0.005)
(0.18375 -0.048125 0.005)
(0.1875 -0.048125 0.005)
(0.19125 -0.048125 0.005)
(0.195 -0.048125 0.005)
(0.19875 -0.048125 0.005)
(0.2025 -0.048125 0.005)
(0.20625 -0.048125 0.005)
(0.21 -0.048125 0.005)
(0.21375 -0.048125 0.005)
(0.18375 -0.04375 0.005)
(0.1875 -0.04375 0.005)
(0.19125 -0.04375 0.005)
(0.195 -0.04375 0.005)
(0.19875 -0.04375 0.005)
(0.2025 -0.04375 0.005)
(0.20625 -0.04375 0.005)
(0.21 -0.04375 0.005)
(0.21375 -0.04375 0.005)
(0.18375 -0.039375 0.005)
(0.1875 -0.039375 0.005)
(0.19125 -0.039375 0.005)
(0.195 -0.039375 0.005)
(0.19875 -0.039375 0.005)
(0.2025 -0.039375 0.005)
(0.20625 -0.039375 0.005)
(0.21 -0.039375 0.005)
(0.21375 -0.039375 0.005)
(0.18375 -0.035 0.005)
(0.1875 -0.035 0.005)
(0.19125 -0.035 0.005)
(0.195 -0.035 0.005)
(0.19875 -0.035 0.005)
(0.2025 -0.035 0.005)
(0.20625 -0.035 0.005)
(0.21 -0.035 0.005)
(0.21375 -0.035 0.005)
(0.18375 -0.030625 0.005)
(0.1875 -0.030625 0.005)
(0.19125 -0.030625 0.005)
(0.195 -0.030625 0.005)
(0.19875 -0.030625 0.005)
(0.2025 -0.030625 0.005)
(0.20625 -0.030625 0.005)
(0.21 -0.030625 0.005)
(0.18375 -0.02625 0.005)
(0.1875 -0.02625 0.005)
(0.19125 -0.02625 0.005)
(0.195 -0.02625 0.005)
(0.19875 -0.02625 0.005)
(0.2025 -0.02625 0.005)
(0.20625 -0.02625 0.005)
(0.21 -0.02625 0.005)
(0.18375 -0.021875 0.005)
(0.1875 -0.021875 0.005)
(0.19125 -0.021875 0.005)
(0.195 -0.021875 0.005)
(0.19875 -0.021875 0.005)
(0.2025 -0.021875 0.005)
(0.20625 -0.021875 0.005)
(0.21 -0.021875 0.005)
(0.18375 -0.0175 0.005)
(0.1875 -0.0175 0.005)
(0.19125 -0.0175 0.005)
(0.195 -0.0175 0.005)
(0.19875 -0.0175 0.005)
(0.2025 -0.0175 0.005)
(0.20625 -0.0175 0.005)
(0.21 -0.0175 0.005)
(0.18375 -0.013125 0.005)
(0.1875 -0.013125 0.005)
(0.19125 -0.013125 0.005)
(0.195 -0.013125 0.005)
(0.19875 -0.013125 0.005)
(0.2025 -0.013125 0.005)
(0.20625 -0.013125 0.005)
(0.21 -0.013125 0.005)
(0.18375 -0.00875 0.005)
(0.1875 -0.00875 0.005)
(0.19125 -0.00875 0.005)
(0.195 -0.00875 0.005)
(0.19875 -0.00875 0.005)
(0.2025 -0.00875 0.005)
(0.20625 -0.00875 0.005)
(0.21 -0.00875 0.005)
(0.18375 -0.004375 0.005)
(0.1875 -0.004375 0.005)
(0.19125 -0.004375 0.005)
(0.18375 -0.07 0.00625)
(0.1875 -0.07 0.00625)
(0.19125 -0.07 0.00625)
(0.195 -0.07 0.00625)
(0.19875 -0.07 0.00625)
(0.2025 -0.07 0.00625)
(0.20625 -0.07 0.00625)
(0.21 -0.07 0.00625)
(0.21375 -0.07 0.00625)
(0.18375 -0.065625 0.00625)
(0.1875 -0.065625 0.00625)
(0.19125 -0.065625 0.00625)
(0.195 -0.065625 0.00625)
(0.19875 -0.065625 0.00625)
(0.2025 -0.065625 0.00625)
(0.20625 -0.065625 0.00625)
(0.21 -0.065625 0.00625)
(0.21375 -0.065625 0.00625)
(0.18375 -0.06125 0.00625)
(0.1875 -0.06125 0.00625)
(0.19125 -0.06125 0.00625)
(0.195 -0.06125 0.00625)
(0.19875 -0.06125 0.00625)
(0.2025 -0.06125 0.00625)
(0.20625 -0.06125 0.00625)
(0.21 -0.06125 0.00625)
(0.21375 -0.06125 0.00625)
(0.18375 -0.056875 0.00625)
(0.1875 -0.056875 0.00625)
(0.19125 -0.056875 0.00625)
(0.195 -0.056875 0.00625)
(0.19875 -0.056875 0.00625)
(0.2025 -0.056875 0.00625)
(0.20625 -0.056875 0.00625)
(0.21 -0.056875 0.00625)
(0.21375 -0.056875 0.00625)
(0.18375 -0.0525 0.00625)
(0.1875 -0.0525 0.00625)
(0.19125 -0.0525 0.00625)
(0.195 -0.0525 0.00625)
(0.19875 -0.0525 0.00625)
(0.2025 -0.0525 0.00625)
(0.20625 -0.0525 0.00625)
(0.21 -0.0525 0.00625)
(0.21375 -0.0525 0.00625)
(0.18375 -0.048125 0.00625)
(0.1875 -0.048125 0.00625)
(0.19125 -0.048125 0.00625)
(0.195 -0.048125 0.00625)
(0.19875 -0.048125 0.00625)
(0.2025 -0.048125 0.00625)
(0.20625 -0.048125 0.00625)
(0.21 -0.048125 0.00625)
(0.21375 -0.048125 0.00625)
(0.18375 -0.04375 0.00625)
(0.1875 -0.04375 0.00625)
(0.19125 -0.04375 0.00625)
(0.195 -0.04375 0.00625)
(0.19875 -0.04375 0.00625)
(0.2025 -0.04375 0.00625)
(0.20625 -0.04375 0.00625)
(0.21 -0.04375 0.00625)
(0.21375 -0.04375 0.00625)
(0.18375 -0.039375 0.00625)
(0.1875 -0.039375 0.00625)
(0.19125 -0.039375 0.00625)
(0.195 -0.039375 0.00625)
(0.19875 -0.039375 0.00625)
(0.2025 -0.039375 0.00625)
(0.20625 -0.039375 0.00625)
(0.21 -0.039375 0.00625)
(0.21375 -0.039375 0.00625)
(0.18375 -0.035 0.00625)
(0.1875 -0.035 0.00625)
(0.19125 -0.035 0.00625)
(0.195 -0.035 0.00625)
(0.19875 -0.035 0.00625)
(0.2025 -0.035 0.00625)
(0.20625 -0.035 0.00625)
(0.21 -0.035 0.00625)
(0.21375 -0.035 0.00625)
(0.18375 -0.030625 0.00625)
(0.1875 -0.030625 0.00625)
(0.19125 -0.030625 0.00625)
(0.195 -0.030625 0.00625)
(0.19875 -0.030625 0.00625)
(0.2025 -0.030625 0.00625)
(0.20625 -0.030625 0.00625)
(0.21 -0.030625 0.00625)
(0.18375 -0.02625 0.00625)
(0.1875 -0.02625 0.00625)
(0.19125 -0.02625 0.00625)
(0.195 -0.02625 0.00625)
(0.19875 -0.02625 0.00625)
(0.2025 -0.02625 0.00625)
(0.20625 -0.02625 0.00625)
(0.21 -0.02625 0.00625)
(0.18375 -0.021875 0.00625)
(0.1875 -0.021875 0.00625)
(0.19125 -0.021875 0.00625)
(0.195 -0.021875 0.00625)
(0.19875 -0.021875 0.00625)
(0.2025 -0.021875 0.00625)
(0.20625 -0.021875 0.00625)
(0.21 -0.021875 0.00625)
(0.18375 -0.0175 0.00625)
(0.1875 -0.0175 0.00625)
(0.19125 -0.0175 0.00625)
(0.195 -0.0175 0.00625)
(0.19875 -0.0175 0.00625)
(0.2025 -0.0175 0.00625)
(0.20625 -0.0175 0.00625)
(0.21 -0.0175 0.00625)
(0.18375 -0.013125 0.00625)
(0.1875 -0.013125 0.00625)
(0.19125 -0.013125 0.00625)
(0.195 -0.013125 0.00625)
(0.19875 -0.013125 0.00625)
(0.2025 -0.013125 0.00625)
(0.20625 -0.013125 0.00625)
(0.21 -0.013125 0.00625)
(0.18375 -0.00875 0.00625)
(0.1875 -0.00875 0.00625)
(0.19125 -0.00875 0.00625)
(0.195 -0.00875 0.00625)
(0.19875 -0.00875 0.00625)
(0.2025 -0.00875 0.00625)
(0.20625 -0.00875 0.00625)
(0.21 -0.00875 0.00625)
(0.18375 -0.004375 0.00625)
(0.1875 -0.004375 0.00625)
(0.19125 -0.004375 0.00625)
(0.18375 -0.07 0.0075)
(0.1875 -0.07 0.0075)
(0.19125 -0.07 0.0075)
(0.195 -0.07 0.0075)
(0.19875 -0.07 0.0075)
(0.2025 -0.07 0.0075)
(0.20625 -0.07 0.0075)
(0.21 -0.07 0.0075)
(0.21375 -0.07 0.0075)
(0.18375 -0.065625 0.0075)
(0.1875 -0.065625 0.0075)
(0.19125 -0.065625 0.0075)
(0.195 -0.065625 0.0075)
(0.19875 -0.065625 0.0075)
(0.2025 -0.065625 0.0075)
(0.20625 -0.065625 0.0075)
(0.21 -0.065625 0.0075)
(0.21375 -0.065625 0.0075)
(0.18375 -0.06125 0.0075)
(0.1875 -0.06125 0.0075)
(0.19125 -0.06125 0.0075)
(0.195 -0.06125 0.0075)
(0.19875 -0.06125 0.0075)
(0.2025 -0.06125 0.0075)
(0.20625 -0.06125 0.0075)
(0.21 -0.06125 0.0075)
(0.21375 -0.06125 0.0075)
(0.18375 -0.056875 0.0075)
(0.1875 -0.056875 0.0075)
(0.19125 -0.056875 0.0075)
(0.195 -0.056875 0.0075)
(0.19875 -0.056875 0.0075)
(0.2025 -0.056875 0.0075)
(0.20625 -0.056875 0.0075)
(0.21 -0.056875 0.0075)
(0.21375 -0.056875 0.0075)
(0.18375 -0.0525 0.0075)
(0.1875 -0.0525 0.0075)
(0.19125 -0.0525 0.0075)
(0.195 -0.0525 0.0075)
(0.19875 -0.0525 0.0075)
(0.2025 -0.0525 0.0075)
(0.20625 -0.0525 0.0075)
(0.21 -0.0525 0.0075)
(0.21375 -0.0525 0.0075)
(0.18375 -0.048125 0.0075)
(0.1875 -0.048125 0.0075)
(0.19125 -0.048125 0.0075)
(0.195 -0.048125 0.0075)
(0.19875 -0.048125 0.0075)
(0.2025 -0.048125 0.0075)
(0.20625 -0.048125 0.0075)
(0.21 -0.048125 0.0075)
(0.21375 -0.048125 0.0075)
(0.18375 -0.04375 0.0075)
(0.1875 -0.04375 0.0075)
(0.19125 -0.04375 0.0075)
(0.195 -0.04375 0.0075)
(0.19875 -0.04375 0.0075)
(0.2025 -0.04375 0.0075)
(0.20625 -0.04375 0.0075)
(0.21 -0.04375 0.0075)
(0.21375 -0.04375 0.0075)
(0.18375 -0.039375 0.0075)
(0.1875 -0.039375 0.0075)
(0.19125 -0.039375 0.0075)
(0.195 -0.039375 0.0075)
(0.19875 -0.039375 0.0075)
(0.2025 -0.039375 0.0075)
(0.20625 -0.039375 0.0075)
(0.21 -0.039375 0.0075)
(0.21375 -0.039375 0.0075)
(0.18375 -0.035 0.0075)
(0.1875 -0.035 0.0075)
(0.19125 -0.035 0.0075)
(0.195 -0.035 0.0075)
(0.19875 -0.035 0.0075)
(0.2025 -0.035 0.0075)
(0.20625 -0.035 0.0075)
(0.21 -0.035 0.0075)
(0.21375 -0.035 0.0075)
(0.18375 -0.030625 0.0075)
(0.1875 -0.030625 0.0075)
(0.19125 -0.030625 0.0075)
(0.195 -0.030625 0.0075)
(0.19875 -0.030625 0.0075)
(0.2025 -0.030625 0.0075)
(0.20625 -0.030625 0.0075)
(0.21 -0.030625 0.0075)
(0.18375 -0.02625 0.0075)
(0.1875 -0.02625 0.0075)
(0.19125 -0.02625 0.0075)
(0.195 -0.02625 0.0075)
(0.19875 -0.02625 0.0075)
(0.2025 -0.02625 0.0075)
(0.20625 -0.02625 0.0075)
(0.21 -0.02625 0.0075)
(0.18375 -0.021875 0.0075)
(0.1875 -0.021875 0.0075)
(0.19125 -0.021875 0.0075)
(0.195 -0.021875 0.0075)
(0.19875 -0.021875 0.0075)
(0.2025 -0.021875 0.0075)
(0.20625 -0.021875 0.0075)
(0.21 -0.021875 0.0075)
(0.18375 -0.0175 0.0075)
(0.1875 -0.0175 0.0075)
(0.19125 -0.0175 0.0075)
(0.195 -0.0175 0.0075)
(0.19875 -0.0175 0.0075)
(0.2025 -0.0175 0.0075)
(0.20625 -0.0175 0.0075)
(0.21 -0.0175 0.0075)
(0.18375 -0.013125 0.0075)
(0.1875 -0.013125 0.0075)
(0.19125 -0.013125 0.0075)
(0.195 -0.013125 0.0075)
(0.19875 -0.013125 0.0075)
(0.2025 -0.013125 0.0075)
(0.20625 -0.013125 0.0075)
(0.21 -0.013125 0.0075)
(0.18375 -0.00875 0.0075)
(0.1875 -0.00875 0.0075)
(0.19125 -0.00875 0.0075)
(0.195 -0.00875 0.0075)
(0.19875 -0.00875 0.0075)
(0.2025 -0.00875 0.0075)
(0.20625 -0.00875 0.0075)
(0.21 -0.00875 0.0075)
(0.18375 -0.004375 0.0075)
(0.1875 -0.004375 0.0075)
(0.19125 -0.004375 0.0075)
(0.18375 -0.07 0.00875)
(0.1875 -0.07 0.00875)
(0.19125 -0.07 0.00875)
(0.195 -0.07 0.00875)
(0.19875 -0.07 0.00875)
(0.2025 -0.07 0.00875)
(0.20625 -0.07 0.00875)
(0.21 -0.07 0.00875)
(0.21375 -0.07 0.00875)
(0.18375 -0.065625 0.00875)
(0.1875 -0.065625 0.00875)
(0.19125 -0.065625 0.00875)
(0.195 -0.065625 0.00875)
(0.19875 -0.065625 0.00875)
(0.2025 -0.065625 0.00875)
(0.20625 -0.065625 0.00875)
(0.21 -0.065625 0.00875)
(0.21375 -0.065625 0.00875)
(0.18375 -0.06125 0.00875)
(0.1875 -0.06125 0.00875)
(0.19125 -0.06125 0.00875)
(0.195 -0.06125 0.00875)
(0.19875 -0.06125 0.00875)
(0.2025 -0.06125 0.00875)
(0.20625 -0.06125 0.00875)
(0.21 -0.06125 0.00875)
(0.21375 -0.06125 0.00875)
(0.18375 -0.056875 0.00875)
(0.1875 -0.056875 0.00875)
(0.19125 -0.056875 0.00875)
(0.195 -0.056875 0.00875)
(0.19875 -0.056875 0.00875)
(0.2025 -0.056875 0.00875)
(0.20625 -0.056875 0.00875)
(0.21 -0.056875 0.00875)
(0.21375 -0.056875 0.00875)
(0.18375 -0.0525 0.00875)
(0.1875 -0.0525 0.00875)
(0.19125 -0.0525 0.00875)
(0.195 -0.0525 0.00875)
(0.19875 -0.0525 0.00875)
(0.2025 -0.0525 0.00875)
(0.20625 -0.0525 0.00875)
(0.21 -0.0525 0.00875)
(0.21375 -0.0525 0.00875)
(0.18375 -0.048125 0.00875)
(0.1875 -0.048125 0.00875)
(0.19125 -0.048125 0.00875)
(0.195 -0.048125 0.00875)
(0.19875 -0.048125 0.00875)
(0.2025 -0.048125 0.00875)
(0.20625 -0.048125 0.00875)
(0.21 -0.048125 0.00875)
(0.21375 -0.048125 0.00875)
(0.18375 -0.04375 0.00875)
(0.1875 -0.04375 0.00875)
(0.19125 -0.04375 0.00875)
(0.195 -0.04375 0.00875)
(0.19875 -0.04375 0.00875)
(0.2025 -0.04375 0.00875)
(0.20625 -0.04375 0.00875)
(0.21 -0.04375 0.00875)
(0.21375 -0.04375 0.00875)
(0.18375 -0.039375 0.00875)
(0.1875 -0.039375 0.00875)
(0.19125 -0.039375 0.00875)
(0.195 -0.039375 0.00875)
(0.19875 -0.039375 0.00875)
(0.2025 -0.039375 0.00875)
(0.20625 -0.039375 0.00875)
(0.21 -0.039375 0.00875)
(0.21375 -0.039375 0.00875)
(0.18375 -0.035 0.00875)
(0.1875 -0.035 0.00875)
(0.19125 -0.035 0.00875)
(0.195 -0.035 0.00875)
(0.19875 -0.035 0.00875)
(0.2025 -0.035 0.00875)
(0.20625 -0.035 0.00875)
(0.21 -0.035 0.00875)
(0.21375 -0.035 0.00875)
(0.18375 -0.030625 0.00875)
(0.1875 -0.030625 0.00875)
(0.19125 -0.030625 0.00875)
(0.195 -0.030625 0.00875)
(0.19875 -0.030625 0.00875)
(0.2025 -0.030625 0.00875)
(0.20625 -0.030625 0.00875)
(0.21 -0.030625 0.00875)
(0.18375 -0.02625 0.00875)
(0.1875 -0.02625 0.00875)
(0.19125 -0.02625 0.00875)
(0.195 -0.02625 0.00875)
(0.19875 -0.02625 0.00875)
(0.2025 -0.02625 0.00875)
(0.20625 -0.02625 0.00875)
(0.21 -0.02625 0.00875)
(0.18375 -0.021875 0.00875)
(0.1875 -0.021875 0.00875)
(0.19125 -0.021875 0.00875)
(0.195 -0.021875 0.00875)
(0.19875 -0.021875 0.00875)
(0.2025 -0.021875 0.00875)
(0.20625 -0.021875 0.00875)
(0.21 -0.021875 0.00875)
(0.18375 -0.0175 0.00875)
(0.1875 -0.0175 0.00875)
(0.19125 -0.0175 0.00875)
(0.195 -0.0175 0.00875)
(0.19875 -0.0175 0.00875)
(0.2025 -0.0175 0.00875)
(0.20625 -0.0175 0.00875)
(0.21 -0.0175 0.00875)
(0.18375 -0.013125 0.00875)
(0.1875 -0.013125 0.00875)
(0.19125 -0.013125 0.00875)
(0.195 -0.013125 0.00875)
(0.19875 -0.013125 0.00875)
(0.2025 -0.013125 0.00875)
(0.20625 -0.013125 0.00875)
(0.21 -0.013125 0.00875)
(0.18375 -0.00875 0.00875)
(0.1875 -0.00875 0.00875)
(0.19125 -0.00875 0.00875)
(0.195 -0.00875 0.00875)
(0.19875 -0.00875 0.00875)
(0.2025 -0.00875 0.00875)
(0.20625 -0.00875 0.00875)
(0.21 -0.00875 0.00875)
(0.18375 -0.004375 0.00875)
(0.1875 -0.004375 0.00875)
(0.19125 -0.004375 0.00875)
(0.18375 -0.07 0.01)
(0.1875 -0.07 0.01)
(0.19125 -0.07 0.01)
(0.195 -0.07 0.01)
(0.19875 -0.07 0.01)
(0.2025 -0.07 0.01)
(0.20625 -0.07 0.01)
(0.21 -0.07 0.01)
(0.21375 -0.07 0.01)
(0.18375 -0.065625 0.01)
(0.1875 -0.065625 0.01)
(0.19125 -0.065625 0.01)
(0.195 -0.065625 0.01)
(0.19875 -0.065625 0.01)
(0.2025 -0.065625 0.01)
(0.20625 -0.065625 0.01)
(0.21 -0.065625 0.01)
(0.21375 -0.065625 0.01)
(0.18375 -0.06125 0.01)
(0.1875 -0.06125 0.01)
(0.19125 -0.06125 0.01)
(0.195 -0.06125 0.01)
(0.19875 -0.06125 0.01)
(0.2025 -0.06125 0.01)
(0.20625 -0.06125 0.01)
(0.21 -0.06125 0.01)
(0.21375 -0.06125 0.01)
(0.18375 -0.056875 0.01)
(0.1875 -0.056875 0.01)
(0.19125 -0.056875 0.01)
(0.195 -0.056875 0.01)
(0.19875 -0.056875 0.01)
(0.2025 -0.056875 0.01)
(0.20625 -0.056875 0.01)
(0.21 -0.056875 0.01)
(0.21375 -0.056875 0.01)
(0.18375 -0.0525 0.01)
(0.1875 -0.0525 0.01)
(0.19125 -0.0525 0.01)
(0.195 -0.0525 0.01)
(0.19875 -0.0525 0.01)
(0.2025 -0.0525 0.01)
(0.20625 -0.0525 0.01)
(0.21 -0.0525 0.01)
(0.21375 -0.0525 0.01)
(0.18375 -0.048125 0.01)
(0.1875 -0.048125 0.01)
(0.19125 -0.048125 0.01)
(0.195 -0.048125 0.01)
(0.19875 -0.048125 0.01)
(0.2025 -0.048125 0.01)
(0.20625 -0.048125 0.01)
(0.21 -0.048125 0.01)
(0.21375 -0.048125 0.01)
(0.18375 -0.04375 0.01)
(0.1875 -0.04375 0.01)
(0.19125 -0.04375 0.01)
(0.195 -0.04375 0.01)
(0.19875 -0.04375 0.01)
(0.2025 -0.04375 0.01)
(0.20625 -0.04375 0.01)
(0.21 -0.04375 0.01)
(0.21375 -0.04375 0.01)
(0.18375 -0.039375 0.01)
(0.1875 -0.039375 0.01)
(0.19125 -0.039375 0.01)
(0.195 -0.039375 0.01)
(0.19875 -0.039375 0.01)
(0.2025 -0.039375 0.01)
(0.20625 -0.039375 0.01)
(0.21 -0.039375 0.01)
(0.21375 -0.039375 0.01)
(0.18375 -0.035 0.01)
(0.1875 -0.035 0.01)
(0.19125 -0.035 0.01)
(0.195 -0.035 0.01)
(0.19875 -0.035 0.01)
(0.2025 -0.035 0.01)
(0.20625 -0.035 0.01)
(0.21 -0.035 0.01)
(0.21375 -0.035 0.01)
(0.18375 -0.030625 0.01)
(0.1875 -0.030625 0.01)
(0.19125 -0.030625 0.01)
(0.195 -0.030625 0.01)
(0.19875 -0.030625 0.01)
(0.2025 -0.030625 0.01)
(0.20625 -0.030625 0.01)
(0.21 -0.030625 0.01)
(0.18375 -0.02625 0.01)
(0.1875 -0.02625 0.01)
(0.19125 -0.02625 0.01)
(0.195 -0.02625 0.01)
(0.19875 -0.02625 0.01)
(0.2025 -0.02625 0.01)
(0.20625 -0.02625 0.01)
(0.21 -0.02625 0.01)
(0.18375 -0.021875 0.01)
(0.1875 -0.021875 0.01)
(0.19125 -0.021875 0.01)
(0.195 -0.021875 0.01)
(0.19875 -0.021875 0.01)
(0.2025 -0.021875 0.01)
(0.20625 -0.021875 0.01)
(0.21 -0.021875 0.01)
(0.18375 -0.0175 0.01)
(0.1875 -0.0175 0.01)
(0.19125 -0.0175 0.01)
(0.195 -0.0175 0.01)
(0.19875 -0.0175 0.01)
(0.2025 -0.0175 0.01)
(0.20625 -0.0175 0.01)
(0.21 -0.0175 0.01)
(0.18375 -0.013125 0.01)
(0.1875 -0.013125 0.01)
(0.19125 -0.013125 0.01)
(0.195 -0.013125 0.01)
(0.19875 -0.013125 0.01)
(0.2025 -0.013125 0.01)
(0.20625 -0.013125 0.01)
(0.21 -0.013125 0.01)
(0.18375 -0.00875 0.01)
(0.1875 -0.00875 0.01)
(0.19125 -0.00875 0.01)
(0.195 -0.00875 0.01)
(0.19875 -0.00875 0.01)
(0.2025 -0.00875 0.01)
(0.20625 -0.00875 0.01)
(0.21 -0.00875 0.01)
(0.18375 -0.004375 0.01)
(0.1875 -0.004375 0.01)
(0.19125 -0.004375 0.01)
(0.18375 -0.07 0.01125)
(0.1875 -0.07 0.01125)
(0.19125 -0.07 0.01125)
(0.195 -0.07 0.01125)
(0.19875 -0.07 0.01125)
(0.2025 -0.07 0.01125)
(0.20625 -0.07 0.01125)
(0.21 -0.07 0.01125)
(0.21375 -0.07 0.01125)
(0.18375 -0.065625 0.01125)
(0.1875 -0.065625 0.01125)
(0.19125 -0.065625 0.01125)
(0.195 -0.065625 0.01125)
(0.19875 -0.065625 0.01125)
(0.2025 -0.065625 0.01125)
(0.20625 -0.065625 0.01125)
(0.21 -0.065625 0.01125)
(0.21375 -0.065625 0.01125)
(0.18375 -0.06125 0.01125)
(0.1875 -0.06125 0.01125)
(0.19125 -0.06125 0.01125)
(0.195 -0.06125 0.01125)
(0.19875 -0.06125 0.01125)
(0.2025 -0.06125 0.01125)
(0.20625 -0.06125 0.01125)
(0.21 -0.06125 0.01125)
(0.21375 -0.06125 0.01125)
(0.18375 -0.056875 0.01125)
(0.1875 -0.056875 0.01125)
(0.19125 -0.056875 0.01125)
(0.195 -0.056875 0.01125)
(0.19875 -0.056875 0.01125)
(0.2025 -0.056875 0.01125)
(0.20625 -0.056875 0.01125)
(0.21 -0.056875 0.01125)
(0.21375 -0.056875 0.01125)
(0.18375 -0.0525 0.01125)
(0.1875 -0.0525 0.01125)
(0.19125 -0.0525 0.01125)
(0.195 -0.0525 0.01125)
(0.19875 -0.0525 0.01125)
(0.2025 -0.0525 0.01125)
(0.20625 -0.0525 0.01125)
(0.21 -0.0525 0.01125)
(0.21375 -0.0525 0.01125)
(0.18375 -0.048125 0.01125)
(0.1875 -0.048125 0.01125)
(0.19125 -0.048125 0.01125)
(0.195 -0.048125 0.01125)
(0.19875 -0.048125 0.01125)
(0.2025 -0.048125 0.01125)
(0.20625 -0.048125 0.01125)
(0.21 -0.048125 0.01125)
(0.21375 -0.048125 0.01125)
(0.18375 -0.04375 0.01125)
(0.1875 -0.04375 0.01125)
(0.19125 -0.04375 0.01125)
(0.195 -0.04375 0.01125)
(0.19875 -0.04375 0.01125)
(0.2025 -0.04375 0.01125)
(0.20625 -0.04375 0.01125)
(0.21 -0.04375 0.01125)
(0.21375 -0.04375 0.01125)
(0.18375 -0.039375 0.01125)
(0.1875 -0.039375 0.01125)
(0.19125 -0.039375 0.01125)
(0.195 -0.039375 0.01125)
(0.19875 -0.039375 0.01125)
(0.2025 -0.039375 0.01125)
(0.20625 -0.039375 0.01125)
(0.21 -0.039375 0.01125)
(0.21375 -0.039375 0.01125)
(0.18375 -0.035 0.01125)
(0.1875 -0.035 0.01125)
(0.19125 -0.035 0.01125)
(0.195 -0.035 0.01125)
(0.19875 -0.035 0.01125)
(0.2025 -0.035 0.01125)
(0.20625 -0.035 0.01125)
(0.21 -0.035 0.01125)
(0.21375 -0.035 0.01125)
(0.18375 -0.030625 0.01125)
(0.1875 -0.030625 0.01125)
(0.19125 -0.030625 0.01125)
(0.195 -0.030625 0.01125)
(0.19875 -0.030625 0.01125)
(0.2025 -0.030625 0.01125)
(0.20625 -0.030625 0.01125)
(0.21 -0.030625 0.01125)
(0.18375 -0.02625 0.01125)
(0.1875 -0.02625 0.01125)
(0.19125 -0.02625 0.01125)
(0.195 -0.02625 0.01125)
(0.19875 -0.02625 0.01125)
(0.2025 -0.02625 0.01125)
(0.20625 -0.02625 0.01125)
(0.21 -0.02625 0.01125)
(0.18375 -0.021875 0.01125)
(0.1875 -0.021875 0.01125)
(0.19125 -0.021875 0.01125)
(0.195 -0.021875 0.01125)
(0.19875 -0.021875 0.01125)
(0.2025 -0.021875 0.01125)
(0.20625 -0.021875 0.01125)
(0.21 -0.021875 0.01125)
(0.18375 -0.0175 0.01125)
(0.1875 -0.0175 0.01125)
(0.19125 -0.0175 0.01125)
(0.195 -0.0175 0.01125)
(0.19875 -0.0175 0.01125)
(0.2025 -0.0175 0.01125)
(0.20625 -0.0175 0.01125)
(0.21 -0.0175 0.01125)
(0.18375 -0.013125 0.01125)
(0.1875 -0.013125 0.01125)
(0.19125 -0.013125 0.01125)
(0.195 -0.013125 0.01125)
(0.19875 -0.013125 0.01125)
(0.2025 -0.013125 0.01125)
(0.20625 -0.013125 0.01125)
(0.21 -0.013125 0.01125)
(0.18375 -0.00875 0.01125)
(0.1875 -0.00875 0.01125)
(0.19125 -0.00875 0.01125)
(0.195 -0.00875 0.01125)
(0.19875 -0.00875 0.01125)
(0.2025 -0.00875 0.01125)
(0.20625 -0.00875 0.01125)
(0.21 -0.00875 0.01125)
(0.18375 -0.004375 0.01125)
(0.1875 -0.004375 0.01125)
(0.19125 -0.004375 0.01125)
(0.18375 -0.07 0.0125)
(0.1875 -0.07 0.0125)
(0.19125 -0.07 0.0125)
(0.195 -0.07 0.0125)
(0.19875 -0.07 0.0125)
(0.2025 -0.07 0.0125)
(0.20625 -0.07 0.0125)
(0.21 -0.07 0.0125)
(0.21375 -0.07 0.0125)
(0.18375 -0.065625 0.0125)
(0.1875 -0.065625 0.0125)
(0.19125 -0.065625 0.0125)
(0.195 -0.065625 0.0125)
(0.19875 -0.065625 0.0125)
(0.2025 -0.065625 0.0125)
(0.20625 -0.065625 0.0125)
(0.21 -0.065625 0.0125)
(0.21375 -0.065625 0.0125)
(0.18375 -0.06125 0.0125)
(0.1875 -0.06125 0.0125)
(0.19125 -0.06125 0.0125)
(0.195 -0.06125 0.0125)
(0.19875 -0.06125 0.0125)
(0.2025 -0.06125 0.0125)
(0.20625 -0.06125 0.0125)
(0.21 -0.06125 0.0125)
(0.21375 -0.06125 0.0125)
(0.18375 -0.056875 0.0125)
(0.1875 -0.056875 0.0125)
(0.19125 -0.056875 0.0125)
(0.195 -0.056875 0.0125)
(0.19875 -0.056875 0.0125)
(0.2025 -0.056875 0.0125)
(0.20625 -0.056875 0.0125)
(0.21 -0.056875 0.0125)
(0.21375 -0.056875 0.0125)
(0.18375 -0.0525 0.0125)
(0.1875 -0.0525 0.0125)
(0.19125 -0.0525 0.0125)
(0.195 -0.0525 0.0125)
(0.19875 -0.0525 0.0125)
(0.2025 -0.0525 0.0125)
(0.20625 -0.0525 0.0125)
(0.21 -0.0525 0.0125)
(0.21375 -0.0525 0.0125)
(0.18375 -0.048125 0.0125)
(0.1875 -0.048125 0.0125)
(0.19125 -0.048125 0.0125)
(0.195 -0.048125 0.0125)
(0.19875 -0.048125 0.0125)
(0.2025 -0.048125 0.0125)
(0.20625 -0.048125 0.0125)
(0.21 -0.048125 0.0125)
(0.21375 -0.048125 0.0125)
(0.18375 -0.04375 0.0125)
(0.1875 -0.04375 0.0125)
(0.19125 -0.04375 0.0125)
(0.195 -0.04375 0.0125)
(0.19875 -0.04375 0.0125)
(0.2025 -0.04375 0.0125)
(0.20625 -0.04375 0.0125)
(0.21 -0.04375 0.0125)
(0.21375 -0.04375 0.0125)
(0.18375 -0.039375 0.0125)
(0.1875 -0.039375 0.0125)
(0.19125 -0.039375 0.0125)
(0.195 -0.039375 0.0125)
(0.19875 -0.039375 0.0125)
(0.2025 -0.039375 0.0125)
(0.20625 -0.039375 0.0125)
(0.21 -0.039375 0.0125)
(0.21375 -0.039375 0.0125)
(0.18375 -0.035 0.0125)
(0.1875 -0.035 0.0125)
(0.19125 -0.035 0.0125)
(0.195 -0.035 0.0125)
(0.19875 -0.035 0.0125)
(0.2025 -0.035 0.0125)
(0.20625 -0.035 0.0125)
(0.21 -0.035 0.0125)
(0.21375 -0.035 0.0125)
(0.18375 -0.030625 0.0125)
(0.1875 -0.030625 0.0125)
(0.19125 -0.030625 0.0125)
(0.195 -0.030625 0.0125)
(0.19875 -0.030625 0.0125)
(0.2025 -0.030625 0.0125)
(0.20625 -0.030625 0.0125)
(0.21 -0.030625 0.0125)
(0.18375 -0.02625 0.0125)
(0.1875 -0.02625 0.0125)
(0.19125 -0.02625 0.0125)
(0.195 -0.02625 0.0125)
(0.19875 -0.02625 0.0125)
(0.2025 -0.02625 0.0125)
(0.20625 -0.02625 0.0125)
(0.21 -0.02625 0.0125)
(0.18375 -0.021875 0.0125)
(0.1875 -0.021875 0.0125)
(0.19125 -0.021875 0.0125)
(0.195 -0.021875 0.0125)
(0.19875 -0.021875 0.0125)
(0.2025 -0.021875 0.0125)
(0.20625 -0.021875 0.0125)
(0.21 -0.021875 0.0125)
(0.18375 -0.0175 0.0125)
(0.1875 -0.0175 0.0125)
(0.19125 -0.0175 0.0125)
(0.195 -0.0175 0.0125)
(0.19875 -0.0175 0.0125)
(0.2025 -0.0175 0.0125)
(0.20625 -0.0175 0.0125)
(0.21 -0.0175 0.0125)
(0.18375 -0.013125 0.0125)
(0.1875 -0.013125 0.0125)
(0.19125 -0.013125 0.0125)
(0.195 -0.013125 0.0125)
(0.19875 -0.013125 0.0125)
(0.2025 -0.013125 0.0125)
(0.20625 -0.013125 0.0125)
(0.21 -0.013125 0.0125)
(0.18375 -0.00875 0.0125)
(0.1875 -0.00875 0.0125)
(0.19125 -0.00875 0.0125)
(0.195 -0.00875 0.0125)
(0.19875 -0.00875 0.0125)
(0.2025 -0.00875 0.0125)
(0.20625 -0.00875 0.0125)
(0.21 -0.00875 0.0125)
(0.18375 -0.004375 0.0125)
(0.1875 -0.004375 0.0125)
(0.19125 -0.004375 0.0125)
(0.18375 -0.07 0.01375)
(0.1875 -0.07 0.01375)
(0.19125 -0.07 0.01375)
(0.195 -0.07 0.01375)
(0.19875 -0.07 0.01375)
(0.2025 -0.07 0.01375)
(0.20625 -0.07 0.01375)
(0.21 -0.07 0.01375)
(0.21375 -0.07 0.01375)
(0.18375 -0.065625 0.01375)
(0.1875 -0.065625 0.01375)
(0.19125 -0.065625 0.01375)
(0.195 -0.065625 0.01375)
(0.19875 -0.065625 0.01375)
(0.2025 -0.065625 0.01375)
(0.20625 -0.065625 0.01375)
(0.21 -0.065625 0.01375)
(0.21375 -0.065625 0.01375)
(0.18375 -0.06125 0.01375)
(0.1875 -0.06125 0.01375)
(0.19125 -0.06125 0.01375)
(0.195 -0.06125 0.01375)
(0.19875 -0.06125 0.01375)
(0.2025 -0.06125 0.01375)
(0.20625 -0.06125 0.01375)
(0.21 -0.06125 0.01375)
(0.21375 -0.06125 0.01375)
(0.18375 -0.056875 0.01375)
(0.1875 -0.056875 0.01375)
(0.19125 -0.056875 0.01375)
(0.195 -0.056875 0.01375)
(0.19875 -0.056875 0.01375)
(0.2025 -0.056875 0.01375)
(0.20625 -0.056875 0.01375)
(0.21 -0.056875 0.01375)
(0.21375 -0.056875 0.01375)
(0.18375 -0.0525 0.01375)
(0.1875 -0.0525 0.01375)
(0.19125 -0.0525 0.01375)
(0.195 -0.0525 0.01375)
(0.19875 -0.0525 0.01375)
(0.2025 -0.0525 0.01375)
(0.20625 -0.0525 0.01375)
(0.21 -0.0525 0.01375)
(0.21375 -0.0525 0.01375)
(0.18375 -0.048125 0.01375)
(0.1875 -0.048125 0.01375)
(0.19125 -0.048125 0.01375)
(0.195 -0.048125 0.01375)
(0.19875 -0.048125 0.01375)
(0.2025 -0.048125 0.01375)
(0.20625 -0.048125 0.01375)
(0.21 -0.048125 0.01375)
(0.21375 -0.048125 0.01375)
(0.18375 -0.04375 0.01375)
(0.1875 -0.04375 0.01375)
(0.19125 -0.04375 0.01375)
(0.195 -0.04375 0.01375)
(0.19875 -0.04375 0.01375)
(0.2025 -0.04375 0.01375)
(0.20625 -0.04375 0.01375)
(0.21 -0.04375 0.01375)
(0.21375 -0.04375 0.01375)
(0.18375 -0.039375 0.01375)
(0.1875 -0.039375 0.01375)
(0.19125 -0.039375 0.01375)
(0.195 -0.039375 0.01375)
(0.19875 -0.039375 0.01375)
(0.2025 -0.039375 0.01375)
(0.20625 -0.039375 0.01375)
(0.21 -0.039375 0.01375)
(0.21375 -0.039375 0.01375)
(0.18375 -0.035 0.01375)
(0.1875 -0.035 0.01375)
(0.19125 -0.035 0.01375)
(0.195 -0.035 0.01375)
(0.19875 -0.035 0.01375)
(0.2025 -0.035 0.01375)
(0.20625 -0.035 0.01375)
(0.21 -0.035 0.01375)
(0.21375 -0.035 0.01375)
(0.18375 -0.030625 0.01375)
(0.1875 -0.030625 0.01375)
(0.19125 -0.030625 0.01375)
(0.195 -0.030625 0.01375)
(0.19875 -0.030625 0.01375)
(0.2025 -0.030625 0.01375)
(0.20625 -0.030625 0.01375)
(0.21 -0.030625 0.01375)
(0.18375 -0.02625 0.01375)
(0.1875 -0.02625 0.01375)
(0.19125 -0.02625 0.01375)
(0.195 -0.02625 0.01375)
(0.19875 -0.02625 0.01375)
(0.2025 -0.02625 0.01375)
(0.20625 -0.02625 0.01375)
(0.21 -0.02625 0.01375)
(0.18375 -0.021875 0.01375)
(0.1875 -0.021875 0.01375)
(0.19125 -0.021875 0.01375)
(0.195 -0.021875 0.01375)
(0.19875 -0.021875 0.01375)
(0.2025 -0.021875 0.01375)
(0.20625 -0.021875 0.01375)
(0.21 -0.021875 0.01375)
(0.18375 -0.0175 0.01375)
(0.1875 -0.0175 0.01375)
(0.19125 -0.0175 0.01375)
(0.195 -0.0175 0.01375)
(0.19875 -0.0175 0.01375)
(0.2025 -0.0175 0.01375)
(0.20625 -0.0175 0.01375)
(0.21 -0.0175 0.01375)
(0.18375 -0.013125 0.01375)
(0.1875 -0.013125 0.01375)
(0.19125 -0.013125 0.01375)
(0.195 -0.013125 0.01375)
(0.19875 -0.013125 0.01375)
(0.2025 -0.013125 0.01375)
(0.20625 -0.013125 0.01375)
(0.21 -0.013125 0.01375)
(0.18375 -0.00875 0.01375)
(0.1875 -0.00875 0.01375)
(0.19125 -0.00875 0.01375)
(0.195 -0.00875 0.01375)
(0.19875 -0.00875 0.01375)
(0.2025 -0.00875 0.01375)
(0.20625 -0.00875 0.01375)
(0.21 -0.00875 0.01375)
(0.18375 -0.004375 0.01375)
(0.1875 -0.004375 0.01375)
(0.19125 -0.004375 0.01375)
(0.18375 -0.07 0.015)
(0.1875 -0.07 0.015)
(0.19125 -0.07 0.015)
(0.195 -0.07 0.015)
(0.19875 -0.07 0.015)
(0.2025 -0.07 0.015)
(0.20625 -0.07 0.015)
(0.21 -0.07 0.015)
(0.21375 -0.07 0.015)
(0.18375 -0.065625 0.015)
(0.1875 -0.065625 0.015)
(0.19125 -0.065625 0.015)
(0.195 -0.065625 0.015)
(0.19875 -0.065625 0.015)
(0.2025 -0.065625 0.015)
(0.20625 -0.065625 0.015)
(0.21 -0.065625 0.015)
(0.21375 -0.065625 0.015)
(0.18375 -0.06125 0.015)
(0.1875 -0.06125 0.015)
(0.19125 -0.06125 0.015)
(0.195 -0.06125 0.015)
(0.19875 -0.06125 0.015)
(0.2025 -0.06125 0.015)
(0.20625 -0.06125 0.015)
(0.21 -0.06125 0.015)
(0.21375 -0.06125 0.015)
(0.18375 -0.056875 0.015)
(0.1875 -0.056875 0.015)
(0.19125 -0.056875 0.015)
(0.195 -0.056875 0.015)
(0.19875 -0.056875 0.015)
(0.2025 -0.056875 0.015)
(0.20625 -0.056875 0.015)
(0.21 -0.056875 0.015)
(0.21375 -0.056875 0.015)
(0.18375 -0.0525 0.015)
(0.1875 -0.0525 0.015)
(0.19125 -0.0525 0.015)
(0.195 -0.0525 0.015)
(0.19875 -0.0525 0.015)
(0.2025 -0.0525 0.015)
(0.20625 -0.0525 0.015)
(0.21 -0.0525 0.015)
(0.21375 -0.0525 0.015)
(0.18375 -0.048125 0.015)
(0.1875 -0.048125 0.015)
(0.19125 -0.048125 0.015)
(0.195 -0.048125 0.015)
(0.19875 -0.048125 0.015)
(0.2025 -0.048125 0.015)
(0.20625 -0.048125 0.015)
(0.21 -0.048125 0.015)
(0.21375 -0.048125 0.015)
(0.18375 -0.04375 0.015)
(0.1875 -0.04375 0.015)
(0.19125 -0.04375 0.015)
(0.195 -0.04375 0.015)
(0.19875 -0.04375 0.015)
(0.2025 -0.04375 0.015)
(0.20625 -0.04375 0.015)
(0.21 -0.04375 0.015)
(0.21375 -0.04375 0.015)
(0.18375 -0.039375 0.015)
(0.1875 -0.039375 0.015)
(0.19125 -0.039375 0.015)
(0.195 -0.039375 0.015)
(0.19875 -0.039375 0.015)
(0.2025 -0.039375 0.015)
(0.20625 -0.039375 0.015)
(0.21 -0.039375 0.015)
(0.21375 -0.039375 0.015)
(0.18375 -0.035 0.015)
(0.1875 -0.035 0.015)
(0.19125 -0.035 0.015)
(0.195 -0.035 0.015)
(0.19875 -0.035 0.015)
(0.2025 -0.035 0.015)
(0.20625 -0.035 0.015)
(0.21 -0.035 0.015)
(0.18375 -0.030625 0.015)
(0.1875 -0.030625 0.015)
(0.19125 -0.030625 0.015)
(0.195 -0.030625 0.015)
(0.19875 -0.030625 0.015)
(0.2025 -0.030625 0.015)
(0.20625 -0.030625 0.015)
(0.21 -0.030625 0.015)
(0.18375 -0.02625 0.015)
(0.1875 -0.02625 0.015)
(0.19125 -0.02625 0.015)
(0.195 -0.02625 0.015)
(0.19875 -0.02625 0.015)
(0.2025 -0.02625 0.015)
(0.20625 -0.02625 0.015)
(0.21 -0.02625 0.015)
(0.18375 -0.021875 0.015)
(0.1875 -0.021875 0.015)
(0.19125 -0.021875 0.015)
(0.195 -0.021875 0.015)
(0.19875 -0.021875 0.015)
(0.2025 -0.021875 0.015)
(0.20625 -0.021875 0.015)
(0.21 -0.021875 0.015)
(0.18375 -0.0175 0.015)
(0.1875 -0.0175 0.015)
(0.19125 -0.0175 0.015)
(0.195 -0.0175 0.015)
(0.19875 -0.0175 0.015)
(0.2025 -0.0175 0.015)
(0.20625 -0.0175 0.015)
(0.21 -0.0175 0.015)
(0.18375 -0.013125 0.015)
(0.1875 -0.013125 0.015)
(0.19125 -0.013125 0.015)
(0.195 -0.013125 0.015)
(0.19875 -0.013125 0.015)
(0.2025 -0.013125 0.015)
(0.20625 -0.013125 0.015)
(0.18375 -0.00875 0.015)
(0.1875 -0.00875 0.015)
(0.19125 -0.00875 0.015)
(0.195 -0.00875 0.015)
(0.19875 -0.00875 0.015)
(0.2025 -0.00875 0.015)
(0.20625 -0.00875 0.015)
(0.18375 -0.004375 0.015)
(0.1875 -0.004375 0.015)
(0.19125 -0.004375 0.015)
(0.18375 -0.07 0.01625)
(0.1875 -0.07 0.01625)
(0.19125 -0.07 0.01625)
(0.195 -0.07 0.01625)
(0.19875 -0.07 0.01625)
(0.2025 -0.07 0.01625)
(0.20625 -0.07 0.01625)
(0.21 -0.07 0.01625)
(0.21375 -0.07 0.01625)
(0.18375 -0.065625 0.01625)
(0.1875 -0.065625 0.01625)
(0.19125 -0.065625 0.01625)
(0.195 -0.065625 0.01625)
(0.19875 -0.065625 0.01625)
(0.2025 -0.065625 0.01625)
(0.20625 -0.065625 0.01625)
(0.21 -0.065625 0.01625)
(0.21375 -0.065625 0.01625)
(0.18375 -0.06125 0.01625)
(0.1875 -0.06125 0.01625)
(0.19125 -0.06125 0.01625)
(0.195 -0.06125 0.01625)
(0.19875 -0.06125 0.01625)
(0.2025 -0.06125 0.01625)
(0.20625 -0.06125 0.01625)
(0.21 -0.06125 0.01625)
(0.21375 -0.06125 0.01625)
(0.18375 -0.056875 0.01625)
(0.1875 -0.056875 0.01625)
(0.19125 -0.056875 0.01625)
(0.195 -0.056875 0.01625)
(0.19875 -0.056875 0.01625)
(0.2025 -0.056875 0.01625)
(0.20625 -0.056875 0.01625)
(0.21 -0.056875 0.01625)
(0.21375 -0.056875 0.01625)
(0.18375 -0.0525 0.01625)
(0.1875 -0.0525 0.01625)
(0.19125 -0.0525 0.01625)
(0.195 -0.0525 0.01625)
(0.19875 -0.0525 0.01625)
(0.2025 -0.0525 0.01625)
(0.20625 -0.0525 0.01625)
(0.21 -0.0525 0.01625)
(0.21375 -0.0525 0.01625)
(0.18375 -0.048125 0.01625)
(0.1875 -0.048125 0.01625)
(0.19125 -0.048125 0.01625)
(0.195 -0.048125 0.01625)
(0.19875 -0.048125 0.01625)
(0.2025 -0.048125 0.01625)
(0.20625 -0.048125 0.01625)
(0.21 -0.048125 0.01625)
(0.21375 -0.048125 0.01625)
(0.18375 -0.04375 0.01625)
(0.1875 -0.04375 0.01625)
(0.19125 -0.04375 0.01625)
(0.195 -0.04375 0.01625)
(0.19875 -0.04375 0.01625)
(0.2025 -0.04375 0.01625)
(0.20625 -0.04375 0.01625)
(0.21 -0.04375 0.01625)
(0.21375 -0.04375 0.01625)
(0.18375 -0.039375 0.01625)
(0.1875 -0.039375 0.01625)
(0.19125 -0.039375 0.01625)
(0.195 -0.039375 0.01625)
(0.19875 -0.039375 0.01625)
(0.2025 -0.039375 0.01625)
(0.20625 -0.039375 0.01625)
(0.21 -0.039375 0.01625)
(0.18375 -0.035 0.01625)
(0.1875 -0.035 0.01625)
(0.19125 -0.035 0.01625)
(0.195 -0.035 0.01625)
(0.19875 -0.035 0.01625)
(0.2025 -0.035 0.01625)
(0.20625 -0.035 0.01625)
(0.21 -0.035 0.01625)
(0.18375 -0.030625 0.01625)
(0.1875 -0.030625 0.01625)
(0.19125 -0.030625 0.01625)
(0.195 -0.030625 0.01625)
(0.19875 -0.030625 0.01625)
(0.2025 -0.030625 0.01625)
(0.20625 -0.030625 0.01625)
(0.21 -0.030625 0.01625)
(0.18375 -0.02625 0.01625)
(0.1875 -0.02625 0.01625)
(0.19125 -0.02625 0.01625)
(0.195 -0.02625 0.01625)
(0.19875 -0.02625 0.01625)
(0.2025 -0.02625 0.01625)
(0.20625 -0.02625 0.01625)
(0.21 -0.02625 0.01625)
(0.18375 -0.021875 0.01625)
(0.1875 -0.021875 0.01625)
(0.19125 -0.021875 0.01625)
(0.195 -0.021875 0.01625)
(0.19875 -0.021875 0.01625)
(0.2025 -0.021875 0.01625)
(0.20625 -0.021875 0.01625)
(0.21 -0.021875 0.01625)
(0.18375 -0.0175 0.01625)
(0.1875 -0.0175 0.01625)
(0.19125 -0.0175 0.01625)
(0.195 -0.0175 0.01625)
(0.19875 -0.0175 0.01625)
(0.2025 -0.0175 0.01625)
(0.20625 -0.0175 0.01625)
(0.21 -0.0175 0.01625)
(0.18375 -0.013125 0.01625)
(0.1875 -0.013125 0.01625)
(0.19125 -0.013125 0.01625)
(0.195 -0.013125 0.01625)
(0.19875 -0.013125 0.01625)
(0.2025 -0.013125 0.01625)
(0.20625 -0.013125 0.01625)
(0.18375 -0.00875 0.01625)
(0.1875 -0.00875 0.01625)
(0.19125 -0.00875 0.01625)
(0.195 -0.00875 0.01625)
(0.19875 -0.00875 0.01625)
(0.2025 -0.00875 0.01625)
(0.20625 -0.00875 0.01625)
(0.18375 -0.004375 0.01625)
(0.1875 -0.004375 0.01625)
(0.19125 -0.004375 0.01625)
)


// ************************************************************************* //
