case_id,A_wetted,A_wetted_cell_m2,A_wetted_full_m2,D_h,D_h_m,D_h_over_L,H_fin,H_fin_m,Nu,Nu_cell,Nu_field,Nu_lmtd,OR,P_TDP,P_sink_W,Phi_in,Phi_mid,Phi_out,Pr,Pr_film,Pr_inlet,Q_LPM,Q_full_sink_LPM,Q_in_W,Q_wall_fluid_W,R_TIM_K_W,R_base_K_W,R_spread_K_W,R_th_K_W,Re_active,Re_ch,Re_label,Re_recomputed_ch_Eq1_140mm,Rth_field,T_base_max_K,T_base_mean_K,T_ch_in_K,T_ch_out_K,T_chip_max_C,T_cl_out_K,T_in_K,T_out_bulk_K,T_out_over_T_wall_mean,T_wall_max_K,T_wall_mean_K,Tchip_field,W_pump_W,accepted,cells,clearance_m,converged,dH_W,dT_lmtd_K,dT_wall_bulk_am_K,dT_wall_chbulk_K,dp_field,dp_sink_Pa,energy_balance_pct,fluid,geometry_label,grid,h_W_m2K,h_cell_W_m2K,h_lmtd_W_m2K,iterations,k,k_film,m_in_kg_s,mass_split_closure_pct,partitions,passed_energy,passed_mass_split,passed_validity_envelope,phi_field,res_Ux_initial,res_Uy_initial,res_Uz_initial,res_h_initial,res_p_rgh_initial,residuals_met,run,stationarity_max_var,stationary,t_fin,thermal_data_source,u_in_m_s
C001,1.1161679,0.004770150000000001,1.1161679,0.0018558679706601469,0.0018558679706601469,0.015727694666611416,0.039950000000000006,0.039950000000000006,2.6165125425096645,2.4210497692110855,2.6165125425096645,nan,0.0,700.0,700.0,0.0,0.0,0.0,67.54263703321114,38.8117675392091,67.54263703321114,0.6501092434627032,0.6501092434627032,3.00000132,2.99816856,0.006,0.05498458142857146,MISSING,0.06098458142857146,2.0,2,2,2,0.06098458142857146,336.639207,328.855586,299.289502,330.529571,67.68920700000002,nan,298.15,330.545203,1.3657451426342073,336.239412,321.869801,67.68920700000002,8.515347573952108e-05,True,51800,0.0,True,2.99618939136,nan,7.522199499999999,6.960264499999994,7.85899999999674,7.85899999999674,0.12706423209173107,FC-40,Plate-Fin,medium,90.30218649324206,83.5562926669642,nan,4000,0.06405049961374999,0.06405049961374999,8.58938229e-05,0.0,calibration,True,True,y,0.0,1.4028875e-05,2.9043693e-07,5.6959389e-05,3.5195527e-07,8.6664463e-07,True,rc=0 wall_s=2312 iterations=4000 end=2026-09-04_09:35:31,2.1527440914842514e-06,True,0.00025,chtMultiRegionSimpleFoam unit cell (this campaign),0.0019317512377850727
C002,1.1161679,0.004770150000000001,1.1161679,0.0018558679706601469,0.0018558679706601469,0.015727694666611416,0.039950000000000006,0.039950000000000006,5.847864602060519,5.636037844795507,5.847864602060519,nan,0.0,700.0,700.0,0.0,0.0,0.0,67.54263703321114,55.98386038433375,67.54263703321114,1.6252731086567578,1.6252731086567578,3.00000132,2.99881363,0.006,0.029466030000000063,MISSING,0.035466030000000065,5.0,5,5,5,0.035466030000000065,318.776221,314.66282,298.41793,311.253924,49.82622100000005,nan,298.15,311.290648,1.3461356747699833,318.358949,307.911756,49.82622100000005,0.0008680583673336311,True,51800,0.0,True,2.9988681065,nan,3.1914320000000203,3.0758290000000557,32.046000000002095,32.046000000002095,0.03777376671288179,FC-40,Plate-Fin,medium,204.38793361711132,196.9844049535109,nan,4000,0.06486419323999999,0.06486419323999999,0.00021473478,0.0,calibration,True,True,y,0.0,7.5668815e-06,4.2674532e-07,6.0228893e-05,4.8852823e-07,8.1298654e-07,True,rc=0 wall_s=2082 iterations=4000 end=2026-09-04_09:31:41,1.411750086966437e-06,True,0.00025,chtMultiRegionSimpleFoam unit cell (this campaign),0.004829378094462681
C003,1.1161679,0.004770150000000001,1.1161679,0.0018558679706601469,0.0018558679706601469,0.015727694666611416,0.039950000000000006,0.039950000000000006,7.412512864514305,7.319910659286122,7.412512864514305,nan,0.0,700.0,700.0,0.0,0.0,0.0,67.54263703321114,61.17257480252013,67.54263703321114,3.2505462173135156,3.2505462173135156,3.00000132,2.99881401,0.006,0.020839958571428625,MISSING,0.026839958571428624,10.0,10,10,10,0.026839958571428624,312.737971,310.24314,298.264596,304.697029,43.78797100000004,nan,298.15,304.750466,1.148301547053117,312.31134,303.898025,43.78797100000004,0.003861594730397897,True,51800,0.0,True,2.9988394896,nan,2.4477919999999926,2.417212500000062,71.278999999995,71.278999999995,0.03872766295983041,FC-40,Plate-Fin,medium,260.0774293247475,256.8283633297536,nan,4000,0.06511548509899999,0.06511548509899999,0.000429469559,0.0,calibration,True,True,y,0.0,1.6248462e-06,9.8266956e-08,1.1642697e-05,1.6969667e-07,2.3299895e-07,True,rc=0 wall_s=1146 iterations=4000 end=2026-09-04_09:16:05,7.392381183521786e-06,True,0.00025,chtMultiRegionSimpleFoam unit cell (this campaign),0.009658756188925362
C004,1.1161679,0.004770150000000001,1.1161679,0.0018558679706601469,0.0018558679706601469,0.015727694666611416,0.039950000000000006,0.039950000000000006,8.120942752268787,8.140972327262547,8.120942752268787,10.593002728392657,0.0,700.0,700.0,0.0,0.0,0.0,67.54263703321114,63.67721541742508,67.54263703321114,6.501092434627031,6.501092434627031,3.00000132,2.99870561,0.006,0.016201058571428624,MISSING,0.022201058571428622,20.0,20,20,20,0.022201058571428622,309.490741,307.912228,298.204034,301.393178,40.54074100000004,nan,298.15,301.458048,0.8590683502569283,309.057735,302.000739,40.54074100000004,0.016194654660819024,True,51800,0.0,True,2.9987286847,1.6882272651501495,2.1967149999999833,2.2021330000000603,149.46400000000722,149.46400000000722,0.042421158001353154,FC-40,Plate-Fin,medium,285.46853822152457,286.1726206992726,372.3667431845955,3115,0.06523773567649999,0.06523773567649999,0.000858938229,0.0,calibration,True,True,y,0.0,8.4491493e-07,3.0224096e-08,9.975103e-06,1.6287293e-07,1.4639053e-07,True,rc=0 wall_s=1335 iterations=3115 end=2026-09-04_09:19:14,2.308625374914614e-06,True,0.00025,chtMultiRegionSimpleFoam unit cell (this campaign),0.019317512377850725
C005,1.1161679,0.004770150000000001,1.1161679,0.0018558679706601469,0.0018558679706601469,0.015727694666611416,0.039950000000000006,0.039950000000000006,8.798042502816365,8.889669602806483,8.798042502816365,9.45127033921085,0.0,700.0,700.0,0.0,0.0,0.0,67.54263703321114,64.97191317743277,67.54263703321114,13.002184869254062,13.002184869254062,3.00000132,2.99855869,0.006,0.01357875285714288,MISSING,0.019578752857142882,40.0,40,40,40,0.019578752857142882,307.655127,306.52191,298.176131,299.738253,38.70512700000002,nan,298.15,299.806243,0.5836416148713758,307.21832,300.987774,38.70512700000002,0.06642036118609763,True,51800,0.0,True,2.9985727379,1.890237618887735,2.0096525000000156,2.030582000000038,306.5040000000008,306.5040000000008,0.0476193823808039,FC-40,Plate-Fin,medium,309.5707972440221,312.79481831280174,332.5554852618278,2191,0.06530117660524999,0.06530117660524999,0.00171787646,0.0,calibration,True,True,y,0.0,5.2404792e-07,2.0737395e-08,8.4125585e-06,1.0592249e-07,1.3122852e-07,True,rc=0 wall_s=482 iterations=2191 end=2026-09-04_08:26:34,6.6990896568756395e-06,True,0.00025,chtMultiRegionSimpleFoam unit cell (this campaign),0.03863502475570145
C006,1.1161679,0.004770150000000001,1.1161679,0.0018558679706601469,0.0018558679706601469,0.015727694666611416,0.039950000000000006,0.039950000000000006,9.67313588358817,9.798571308479602,9.67313588358817,10.028547053439903,0.0,700.0,700.0,0.0,0.0,0.0,67.54263703321114,65.60182704636925,67.54263703321114,22.75382352119461,22.75382352119461,3.00000132,2.99843306,0.006,0.012183860000000013,MISSING,0.018183860000000013,70.0,70,70,70,0.018183860000000013,306.678702,305.706804,298.164019,299.035861,37.72870200000001,nan,298.15,299.097141,0.4125410356244017,306.240594,300.445871,37.72870200000001,0.20626985713629398,True,51800,0.0,True,2.998440349,1.78051130433726,1.822300499999983,1.8459310000000073,543.9170000000013,543.9170000000013,0.05203234377243429,FC-40,Plate-Fin,medium,340.5233196210275,344.93902180862665,353.0348559878061,1573,0.06533210426825,0.06533210426825,0.00300628602,0.0,calibration,True,True,y,0.0,4.9240079e-07,2.1701359e-08,8.8716109e-06,9.3172258e-08,1.4046465e-07,True,rc=0 wall_s=268 iterations=1573 end=2026-09-04_09:36:09,2.4318446668185352e-05,True,0.00025,chtMultiRegionSimpleFoam unit cell (this campaign),0.06761129332247755
C007,1.1161679,0.004770150000000001,1.1161679,0.0018558679706601469,0.0018558679706601469,0.015727694666611416,0.039950000000000006,0.039950000000000006,10.456822452416379,10.592680822469266,10.456822452416379,10.732707620487286,0.0,700.0,700.0,0.0,0.0,0.0,67.54263703321114,65.89725768503541,67.54263703321114,32.505462173135165,32.505462173135165,3.00000132,2.99834911,0.006,0.011449997142857212,MISSING,0.017449997142857214,100.0,100,100,100,0.017449997142857214,306.164998,305.257899,298.159221,298.760322,37.21499800000005,nan,298.15,298.813334,0.32888267923758524,305.726507,300.166932,37.21499800000005,0.42427321095322745,True,51800,0.0,True,2.998351718,1.6632777932198748,1.6852649999999585,1.7071604999999863,783.1420000000071,783.1420000000071,0.05498670913918409,FC-40,Plate-Fin,medium,368.1932383534449,372.97692225501424,377.9073799015056,1400,0.06534662333449999,0.06534662333449999,0.00429469559,0.0,calibration,True,True,y,0.0,2.5516232e-07,1.087389e-08,5.353445e-06,5.502813e-08,7.594133e-08,True,rc=0 wall_s=265 iterations=1400 end=2026-09-04_09:39:56,2.3993672676024914e-05,True,0.00025,chtMultiRegionSimpleFoam unit cell (this campaign),0.09658756188925363
C008,1.1161679,0.004770150000000001,1.1161679,0.0018558679706601469,0.0018558679706601469,0.015727694666611416,0.039950000000000006,0.039950000000000006,11.582900378421265,11.721112359551341,11.582900378421265,11.804709200681152,0.0,700.0,700.0,0.0,0.0,0.0,67.54263703321114,66.16619249206886,67.54263703321114,48.75819325970274,48.75819325970274,3.00000132,2.99824747,0.006,0.01069816000000003,MISSING,0.01669816000000003,150.0,150,150,150,0.01669816000000003,305.638712,304.791816,298.155619,298.550659,36.688712000000024,nan,298.15,298.592616,0.2537983803592867,305.199924,299.893967,36.688712000000024,0.9630466415324702,True,51800,0.0,True,2.9982422310000003,1.5118760590266795,1.522658999999976,1.5408279999999763,1185.0890000000072,1185.0890000000072,0.05863627420002797,FC-40,Plate-Fin,medium,407.92589787960594,412.79343922574765,415.7375478137233,1201,0.0653598480125,0.0653598480125,0.0064420256,0.0,calibration,True,True,y,0.0,1.6593168e-07,6.7194768e-09,3.6532075e-06,4.997217e-08,4.8084226e-08,True,rc=0 wall_s=239 iterations=1201 end=2026-09-04_09:40:08,3.2734884905035284e-05,True,0.00025,chtMultiRegionSimpleFoam unit cell (this campaign),0.14488134283388046
C009,1.1161679,0.004770150000000001,1.1161679,0.0018558679706601469,0.0018558679706601469,0.015727694666611416,0.039950000000000006,0.039950000000000006,13.375871595272883,13.507635898381047,13.375871595272883,13.553645858476717,0.0,700.0,700.0,0.0,0.0,0.0,67.54263703321114,66.43130279462733,67.54263703321114,81.26365543283791,81.26365543283791,3.00000132,2.99810657,0.006,0.009841771428571471,MISSING,0.01584177142857147,250.0,250,250,250,0.01584177142857147,305.03924,304.258301,298.152948,298.387273,36.08924000000003,nan,298.15,298.416246,0.1831041030377671,304.600139,299.604069,36.08924000000003,2.7078214769282694,True,51800,0.0,True,2.9980766269999997,1.3164618432363329,1.3209459999999922,1.3339584999999943,1999.2859999999928,1999.2859999999928,0.06415640510452543,FC-40,Plate-Fin,medium,471.16466331061036,475.8060568129415,477.4267562345083,1327,0.065372891876,0.065372891876,0.010736739,0.0,calibration,True,True,y,0.0,9.1646222e-09,7.4270363e-10,2.6431183e-07,8.1924072e-08,2.8073133e-09,True,pass2 rc=0 wall_s=147 iterations_this_pass=417 end=2026-09-04_20:04:43,2.0844652808404718e-06,True,0.00025,chtMultiRegionSimpleFoam unit cell (this campaign),0.2414689047231341
C010,1.0058579600000002,0.0042987400000000005,1.0058579600000002,0.0018510906381249154,0.0018510906381249154,0.015687208797668776,0.03595500000000001,0.03595500000000001,1.1408199110324118,0.6050423653487499,1.1408199110324118,0.6715565905750173,0.1,700.0,700.0,0.4100412528083697,0.5230241842341867,0.5035462630925339,67.54263703321114,16.77031722941462,67.54263703321114,0.5866083528115175,0.5866083528115175,3.00000132,2.99208317,0.006,0.09982061857142858,MISSING,0.10582061857142859,1.1799174943832607,2,2,2,0.10582061857142859,368.024433,356.451178,302.172702,361.195533,99.07443300000001,305.57557,298.15,333.490824,0.686914265690999,367.635631,349.598668,99.07443300000001,1.8859458542926706e-05,False,66080,0.0039949999999999986,False,3.08101974457,30.432693527877195,33.778256,17.91455049999996,1.9290000000037253,1.9290000000037253,2.7006129640636245,FC-40,Plate-Fin,medium,38.85317973510601,20.60607422864377,22.87136529050714,4000,0.06304304174,0.06304304174,7.75038628e-05,1.748626025394544e-14,calibration,False,True,n,0.4100412528083697,3.6598468e-05,1.6772462e-06,0.00017203622,1.7529214e-05,2.8071793e-05,False,rc=0 wall_s=1122 iterations=4000 end=2026-09-04_09:58:38,0.00016480100859985074,True,0.00025,chtMultiRegionSimpleFoam unit cell (this campaign),0.0017430630667593671
C011,1.0058579600000002,0.0042987400000000005,1.0058579600000002,0.0018510906381249154,0.0018510906381249154,0.015687208797668776,0.03595500000000001,0.03595500000000001,2.4746099674785333,1.2162064828817731,2.4746099674785333,1.3037674582540677,0.1,700.0,700.0,0.43578547738702356,0.6135603093495072,0.5384938392290768,67.54263703321114,45.45253485527019,67.54263703321114,1.4665208820287936,1.4665208820287936,3.00000132,2.99729213,0.006,0.05382629714285721,MISSING,0.059826297142857206,2.8210726130648824,5,5,5,0.059826297142857206,335.828408,328.585054,299.078141,328.391274,66.87840800000005,298.863224,298.15,312.549848,0.6078878246002226,335.422075,321.838331,66.87840800000005,0.0001926764018839228,True,66080,0.0039949999999999986,True,2.9966777156,15.381046181845548,16.488406999999995,8.10362349999997,7.88300000000163,7.88300000000163,0.11078676458714995,FC-40,Plate-Fin,medium,86.04163206311013,42.28722590150584,45.33170132392829,8457,0.06436200520249999,0.06436200520249999,0.000193760102,4.12881691175687e-07,calibration,True,True,y,0.43578547738702356,1.4808578e-06,1.2442266e-07,5.5851151e-06,9.7651351e-07,1.3269589e-06,True,pass2 rc=0 wall_s=1254 iterations_this_pass=4457 end=2026-09-04_20:23:10,8.89587570528651e-05,True,0.00025,chtMultiRegionSimpleFoam unit cell (this campaign),0.004357657666898418
C012,1.0058579600000002,0.0042987400000000005,1.0058579600000002,0.0018510906381249154,0.0018510906381249154,0.015687208797668776,0.03595500000000001,0.03595500000000001,4.906087654595211,1.97596320315187,4.906087654595211,2.0688092844283377,0.1,700.0,700.0,0.3696857244885372,0.6579911938165454,0.6516752624636708,67.54263703321114,55.259770926492976,67.54263703321114,2.933041764057587,2.933041764057587,3.00000132,2.99848019,0.006,0.037141950000000014,MISSING,0.04314195000000001,6.303142755114628,10,10,10,0.04314195000000001,324.149365,318.216633,298.432219,317.170624,55.199365000000014,299.075396,298.15,305.413077,0.5297263168059455,323.741573,311.860999,55.199365000000014,0.0010459715770922,True,66080,0.0039949999999999986,True,2.9983192781,9.627104443861855,10.079460499999982,4.059577500000046,21.396999999997206,21.396999999997206,0.05606803866339957,FC-40,Plate-Fin,medium,171.8221577423339,69.20264884933461,72.45432618288176,17571,0.06482933245625,0.06482933245625,0.000387520203,0.0,calibration,True,True,y,0.3696857244885372,8.8813005e-08,5.2422689e-09,3.6072977e-07,9.9853192e-07,5.3401236e-08,True,pass3 rc=0 wall_s=3097 iterations_this_pass=5571 end=2026-09-04_23:38:42,3.149726814861302e-05,True,0.00025,chtMultiRegionSimpleFoam unit cell (this campaign),0.008715315333796835
C013,1.0058579600000002,0.0042987400000000005,1.0058579600000002,0.0018510906381249154,0.0018510906381249154,0.015687208797668776,0.03595500000000001,0.03595500000000001,7.957790427176684,3.564371585828289,7.957790427176684,3.7013499331981046,0.1,700.0,700.0,0.29187952680985596,0.6233415207274031,0.672789181289684,67.54263703321114,61.05321325907576,67.54263703321114,5.866083528115174,5.866083528115174,3.00000132,2.99868974,0.006,0.024272312857142913,MISSING,0.030272312857142915,14.16240946380288,20,20,20,0.030272312857142915,315.140619,311.512244,298.248189,307.84815,46.19061900000004,298.827332,298.15,301.802644,0.4942448621872334,314.722299,305.540353,46.19061900000004,0.005487330068316913,True,66080,0.0039949999999999986,True,2.9984012316,5.3581191611169645,5.564031,2.49218350000001,56.12600000000384,56.12600000000384,0.05333625653204822,FC-40,Plate-Fin,medium,279.90479529871396,125.37207510424282,130.19010802830252,11934,0.0651096747125,0.0651096747125,0.000775038628,0.0,calibration,True,True,y,0.29187952680985596,6.2249986e-07,4.29247e-08,9.233323e-06,9.7955086e-07,1.010505e-06,True,pass2 rc=0 wall_s=1794 iterations_this_pass=7934 end=2026-09-04_20:34:37,5.950255019474347e-06,True,0.00025,chtMultiRegionSimpleFoam unit cell (this campaign),0.01743063066759367
C014,1.0058579600000002,0.0042987400000000005,1.0058579600000002,0.0018510906381249154,0.0018510906381249154,0.015687208797668776,0.03595500000000001,0.03595500000000001,8.818607683685112,5.684429702856049,8.818607683685112,5.821401467969262,0.1,700.0,700.0,0.2289956026730834,0.5403991131042976,0.624182632277792,67.54263703321114,63.811621975695914,67.54263703321114,11.732167056230349,11.732167056230349,3.00000132,2.99861055,0.006,0.017067742857142888,MISSING,0.023067742857142887,30.840175893076665,40,40,40,0.023067742857142887,310.09742,308.092819,298.190619,302.416635,41.147420000000025,298.472845,298.15,299.982508,0.4166837394456697,309.66815,302.547839,41.147420000000025,0.028019739044278496,True,66080,0.0039949999999999986,True,2.9984992316,3.3996667805703162,3.4815850000000523,2.2442120000000045,143.29700000000594,143.29700000000594,0.05006959130271653,FC-40,Plate-Fin,medium,310.82432975907994,200.355783569057,205.18354761235344,6712,0.0652443137915,0.0652443137915,0.0015500817,2.580508993284905e-07,calibration,True,True,y,0.2289956026730834,4.4490086e-07,5.8280535e-08,7.6537085e-06,8.2574889e-07,1.2588951e-06,True,pass2 rc=0 wall_s=597 iterations_this_pass=2712 end=2026-09-04_20:33:07,9.865739454774151e-05,True,0.00025,chtMultiRegionSimpleFoam unit cell (this campaign),0.03486126133518734
C015,1.0058579600000002,0.0042987400000000005,1.0058579600000002,0.0018510906381249154,0.0018510906381249154,0.015687208797668776,0.03595500000000001,0.03595500000000001,9.121977524217417,7.32948405053084,9.121977524217417,7.42392154924455,0.1,700.0,700.0,0.19273024101886954,0.46374756950761065,0.5542193875777764,67.54263703321114,64.91524374557315,67.54263703321114,20.531292348403113,20.531292348403113,3.00000132,2.99848569,0.006,0.01405339000000002,MISSING,0.020053390000000018,56.50888312867913,70,70,70,0.020053390000000018,307.987373,306.61076,298.170819,300.238107,39.03737300000002,298.299727,298.15,299.198669,0.3254560926982965,307.552458,301.372152,39.03737300000002,0.10091267064522282,True,66080,0.0039949999999999986,True,2.998208241,2.6634993657099497,2.697817500000042,2.1676889999999958,294.903999999995,294.903999999995,0.059769273701520596,FC-40,Plate-Fin,medium,321.78354229638717,258.552198218338,261.8835408774305,3543,0.06529839621575,0.06529839621575,0.00271263964,7.372892302084012e-08,calibration,True,True,y,0.19273024101886954,4.513659e-07,2.5527361e-08,5.8862661e-06,8.3872573e-07,4.8906238e-07,True,rc=0 wall_s=762 iterations=3543 end=2026-09-04_10:13:38,6.871500008540257e-05,True,0.00025,chtMultiRegionSimpleFoam unit cell (this campaign),0.06100720733657786
C016,1.0058579600000002,0.0042987400000000005,1.0058579600000002,0.0018510906381249154,0.0018510906381249154,0.015687208797668776,0.03595500000000001,0.03595500000000001,9.580035378945572,8.36829727370437,9.580035378945572,8.436733613323659,0.1,700.0,700.0,0.17555365278565688,0.41714861143085075,0.5048026025110232,67.54263703321114,65.3720444247804,67.54263703321114,29.33041764057587,29.33041764057587,3.00000132,2.99839984,0.006,0.012819097142857215,MISSING,0.018819097142857216,82.44463472143431,100,100,100,0.018819097142857216,307.123368,305.942556,298.163437,299.468641,38.17336800000005,298.237637,298.15,298.884549,0.26913309749882447,306.68673,300.879315,38.17336800000005,0.22423397590396932,True,66080,0.0039949999999999986,True,2.9979958150000003,2.3428803115596604,2.3620405000000346,2.0632760000000303,458.7060000000056,458.7060000000056,0.06685013725259394,FC-40,Plate-Fin,medium,338.05786237452685,295.2983549810701,297.7133192025259,1871,0.06532081766225,0.06532081766225,0.00387520203,5.161020103840948e-08,calibration,True,True,y,0.17555365278565688,5.2574925e-07,3.3059769e-08,7.1163989e-06,9.2318931e-07,5.8356707e-07,True,rc=0 wall_s=457 iterations=1871 end=2026-09-04_10:08:58,0.00026636134996286593,True,0.00025,chtMultiRegionSimpleFoam unit cell (this campaign),0.08715315333796836
C017,1.0058579600000002,0.0042987400000000005,1.0058579600000002,0.0018510906381249154,0.0018510906381249154,0.015687208797668776,0.03595500000000001,0.03595500000000001,10.436588281109108,9.657328483991748,10.436588281109108,9.703901965244548,0.1,700.0,700.0,0.16060080524834622,0.36878234185570435,0.4494167017555362,67.54263703321114,65.76559999601409,67.54263703321114,43.99562646086382,43.99562646086382,3.00000132,2.99829904,0.006,0.011722145714285748,MISSING,0.01772214571428575,125.90987921274807,150,150,150,0.01772214571428575,306.355502,305.313277,298.15805,298.937587,37.40550200000003,298.196126,298.15,298.64009,0.21390726771427446,305.917927,300.441133,37.40550200000003,0.5472080695344962,True,66080,0.0039949999999999986,True,2.997880738,2.036267884189792,2.0460879999999975,1.893314499999974,746.2670000000071,746.2670000000071,0.07068603556480672,FC-40,Plate-Fin,medium,368.39269192582395,340.8862303660384,342.53019002689155,1299,0.065340151859,0.065340151859,0.00581281194,3.440675550237041e-08,calibration,True,True,y,0.16060080524834622,1.1317322e-07,5.5816802e-09,1.2351688e-06,1.8075828e-07,7.1311912e-08,True,pass2 rc=0 wall_s=76 iterations_this_pass=264 end=2026-09-04_20:34:23,0.00013979694601474728,True,0.00025,chtMultiRegionSimpleFoam unit cell (this campaign),0.13072973000695257
C018,1.0058579600000002,0.0042987400000000005,1.0058579600000002,0.0018510906381249154,0.0018510906381249154,0.015687208797668776,0.03595500000000001,0.03595500000000001,12.012118682357492,11.554643481435784,12.012118682357492,11.5833424046084,0.1,700.0,700.0,0.14716712039544055,0.31616360795715026,0.38516365641707534,67.54263703321114,66.13900445252332,67.54263703321114,73.32604410143968,73.32604410143968,3.00000132,2.9981632,0.006,0.010585391428571468,MISSING,0.016585391428571468,213.20821990113987,250,250,250,0.016585391428571468,305.559774,304.642205,298.15414,298.570557,36.60977400000003,298.169686,298.15,298.444482,0.15859685178124652,305.121551,300.006796,36.60977400000003,1.650779454049828,True,66080,0.0039949999999999986,True,2.996837354,1.7053194015094837,1.709555000000023,1.6444475000000125,1350.7719999999972,1350.7719999999972,0.10546548692851229,FC-40,Plate-Fin,medium,424.12520032411123,407.9726158912581,408.98592060972953,1204,0.06535851072349999,0.06535851072349999,0.00968800508,1.7905889413270283e-14,calibration,True,True,y,0.14716712039544055,9.7258106e-09,1.1720341e-09,1.2073577e-07,3.1730752e-08,8.4327624e-09,True,pass2 rc=0 wall_s=130 iterations_this_pass=528 end=2026-09-04_20:36:33,1.2764602756604017e-05,True,0.00025,chtMultiRegionSimpleFoam unit cell (this campaign),0.21788288334492087
C019,0.8955480200000002,0.003827330000000001,0.8955480200000002,0.0018451534487997569,0.0018451534487997569,0.015636893633896247,0.03196000000000001,0.03196000000000001,0.39797332703917937,0.17234348182352177,0.39797332703917937,0.17346642387560426,0.2,700.0,700.0,0.7043529163860213,0.9184920386736745,0.8823500164423949,67.54263703321114,16.092063695440135,67.54263703321114,0.5231074621603317,0.5231074621603317,3.00000132,2.95840407,0.006,0.24728265428571433,MISSING,0.25328265428571434,0.5912941672279575,2,2,2,0.25328265428571434,471.247858,454.472797,318.765108,462.9613,202.29785800000002,317.405237,298.15,334.65949,0.24406857121739975,470.870266,447.737019,202.29785800000002,3.74021835447885e-06,False,66080,0.007989999999999997,False,2.94113124912,130.48208910556772,131.33227399999998,56.87381499999998,0.4290000000037253,0.4290000000037253,1.9623348325726686,FC-40,Plate-Fin,medium,13.590931411351056,5.885591524645866,5.923940397225643,4000,0.06301265,0.06301265,6.91139027e-05,1.4468869665123193e-07,calibration,False,True,n,0.7043529163860213,2.9508524e-05,6.836109e-06,0.00013423996,1.5633894e-05,0.0001765472,False,rc=0 wall_s=896 iterations=4000 end=2026-09-04_10:28:04,0.004038971378732028,True,0.00025,chtMultiRegionSimpleFoam unit cell (this campaign),0.0015543748957336614
C020,0.8955480200000002,0.003827330000000001,0.8955480200000002,0.0018451534487997569,0.0018451534487997569,0.015636893633896247,0.03196000000000001,0.03196000000000001,1.0569178967580986,0.4182191676356564,1.0569178967580986,0.4211605974500212,0.2,700.0,700.0,0.6584174766287955,0.883894487287405,0.8843964845132298,67.54263703321114,16.092063695440135,67.54263703321114,1.3077686554008292,1.3077686554008292,3.00000132,2.98846154,0.006,0.12002452000000005,MISSING,0.12602452000000006,1.7079126168560226,5,5,5,0.12602452000000006,382.167164,366.846672,301.768776,376.388985,113.21716400000004,305.928254,298.15,313.932731,0.25227422302994257,381.790315,360.711806,113.21716400000004,3.0144067507024637e-05,False,66080,0.007989999999999997,False,2.96939095304,54.288616405759505,54.67044050000004,21.632925500000056,1.3830000000016298,1.3830000000016298,1.0203451163814812,FC-40,Plate-Fin,medium,36.094124068909245,14.28233410649896,14.382784986350009,4000,0.06301265,0.06301265,0.000172785424,1.157505103224802e-07,calibration,False,True,n,0.6584174766287955,7.7731787e-05,1.9442598e-05,0.00036217009,6.2770222e-05,0.00078230147,False,rc=0 wall_s=880 iterations=4000 end=2026-09-04_10:28:18,0.004010852385661788,True,0.00025,chtMultiRegionSimpleFoam unit cell (this campaign),0.0038859372393341535
C021,0.8955480200000002,0.003827330000000001,0.8955480200000002,0.0018451534487997569,0.0018451534487997569,0.015636893633896247,0.03196000000000001,0.03196000000000001,1.9058465410298726,0.6986882158039529,1.9058465410298726,0.702075166340987,0.2,700.0,700.0,0.6642526298967858,0.8768261125388755,0.8698345682761225,67.54263703321114,38.737665605598735,67.54263703321114,2.6155373108016584,2.6155373108016584,3.00000132,2.99519851,0.006,0.07714392428571436,MISSING,0.08314392428571436,3.3574737010321423,10,10,10,0.08314392428571436,352.150747,340.270845,299.318716,345.607898,83.20074700000005,300.244012,298.15,305.898959,0.21439695481116913,351.763981,334.293046,83.20074700000005,0.00017040225579871283,False,66080,0.007989999999999997,False,2.8600092192999997,32.11289650357201,32.26856650000002,11.829739000000018,3.9089999999996508,3.9089999999996508,4.666401303450101,FC-40,Plate-Fin,medium,66.15376079505738,24.25213788390513,24.369702184507513,4000,0.06404704537025,0.06404704537025,0.000345570403,8.681299139564046e-07,calibration,False,True,n,0.6642526298967858,0.00019663018,0.0001725041,0.0010939253,0.00034645693,0.0033015194,False,rc=0 wall_s=854 iterations=4000 end=2026-09-04_10:29:29,0.18170000044956325,False,0.00025,chtMultiRegionSimpleFoam unit cell (this campaign),0.007771874478668307
C022,0.8955480200000002,0.003827330000000001,0.8955480200000002,0.0018451534487997569,0.0018451534487997569,0.015636893633896247,0.03196000000000001,0.03196000000000001,4.328885375578786,1.2255072780234295,4.328885375578786,1.2306156038557512,0.2,700.0,700.0,0.5954406247123996,0.8974074189547439,0.9068921518932631,67.54263703321114,51.68921128896016,67.54263703321114,5.231074621603317,5.231074621603317,3.00000132,2.99796623,0.006,0.05092770714285718,MISSING,0.05692770714285718,8.091187505752009,20,20,20,0.05692770714285718,333.799395,324.140094,298.451433,328.065194,64.84939500000003,299.537064,298.15,302.214158,0.2004808788929472,333.410242,318.422048,64.84939500000003,0.001204367747047005,True,66080,0.007989999999999997,True,2.9978872244,18.164254288979375,18.23996900000003,5.163734500000032,13.813999999998487,13.813999999998487,0.07046982232661443,FC-40,Plate-Fin,medium,151.69348278792842,42.9444189569174,43.12342571489071,17221,0.0646581576185,0.0646581576185,0.000691139027,0.0,calibration,True,True,y,0.5954406247123996,1.6396692e-07,1.9916071e-08,5.1233018e-07,9.9711586e-07,5.0790625e-07,True,pass3 rc=0 wall_s=2677 iterations_this_pass=5221 end=2026-09-04_23:31:42,9.382838362670597e-05,True,0.00025,chtMultiRegionSimpleFoam unit cell (this campaign),0.015543748957336614
C023,0.8955480200000002,0.003827330000000001,0.8955480200000002,0.0018451534487997569,0.0018451534487997569,0.015636893633896247,0.03196000000000001,0.03196000000000001,10.342583372793527,2.596933480073751,10.342583372793527,2.6094184630067896,0.2,700.0,700.0,0.4988648340697361,0.8584153588598346,0.9143829926846481,67.54263703321114,60.070491754453656,67.54263703321114,10.462149243206634,10.462149243206634,3.00000132,2.99848393,0.006,0.029427470000000053,MISSING,0.03542747000000005,20.045406637210554,40,40,40,0.03542747000000005,318.749229,313.17901,298.233725,312.927129,49.79922900000004,298.995128,298.15,300.196119,0.21361210423247176,318.346251,307.728666,49.79922900000004,0.0083955260293654,True,66080,0.007989999999999997,True,2.9986407041,8.51467147840468,8.555606499999953,2.1482389999999896,48.14800000000105,48.14800000000105,0.045353843377639494,FC-40,Plate-Fin,medium,364.6894663518837,91.5703795524379,92.01061209387811,18504,0.06506189047024999,0.06506189047024999,0.0013822825,0.0,calibration,True,True,y,0.4988648340697361,4.5028301e-08,4.5725827e-09,3.1720288e-07,9.74393e-07,5.8229186e-08,True,pass3 rc=0 wall_s=3438 iterations_this_pass=6504 end=2026-09-04_23:44:23,0.0002037204838882955,True,0.00025,chtMultiRegionSimpleFoam unit cell (this campaign),0.031087497914673228
C024,0.8955480200000002,0.003827330000000001,0.8955480200000002,0.0018451534487997569,0.0018451534487997569,0.015636893633896247,0.03196000000000001,0.03196000000000001,10.341378510817469,4.563972782864267,10.341378510817469,4.586365743302145,0.2,700.0,700.0,0.4257656096156299,0.7908082207909743,0.8761467483889779,67.54263703321114,63.30701039380408,67.54263703321114,18.308761175611608,18.308761175611608,3.00000132,2.9984929,0.006,0.01924243000000006,MISSING,0.02524243000000006,40.196407326905906,70,70,70,0.02524243000000006,311.619701,308.758185,298.186349,304.71316,42.669701000000046,298.550972,298.15,299.323223,0.21554498632569205,311.19845,303.593054,42.669701000000046,0.0379226318770253,True,66080,0.007989999999999997,True,2.9980843769999996,4.832730888048842,4.856442500000014,2.143299499999955,124.27700000000186,124.27700000000186,0.06389807188485962,FC-40,Plate-Fin,medium,365.5310320264193,161.3202417565306,162.11175344236844,9168,0.06521962654025,0.06521962654025,0.00241899326,0.0,calibration,True,True,y,0.4257656096156299,3.816983e-07,1.7066913e-08,5.3531832e-06,9.5099889e-07,4.8793558e-07,True,pass2 rc=0 wall_s=1132 iterations_this_pass=5168 end=2026-09-04_20:56:49,2.9977779526200813e-05,True,0.00025,chtMultiRegionSimpleFoam unit cell (this campaign),0.05440312135067815
C025,0.8955480200000002,0.003827330000000001,0.8955480200000002,0.0018451534487997569,0.0018451534487997569,0.015636893633896247,0.03196000000000001,0.03196000000000001,9.74126536576928,5.928793299043993,9.74126536576928,5.952921890237823,0.2,700.0,700.0,0.3865157514661347,0.7374326393592113,0.835044087962591,67.54263703321114,64.34424906045479,67.54263703321114,26.155373108016583,26.155373108016583,3.00000132,2.99842688,0.006,0.015847612857142913,MISSING,0.021847612857142915,61.34842485338653,100,100,100,0.021847612857142915,309.243329,307.276641,298.172297,301.874141,40.29332900000004,298.382936,298.15,298.972496,0.19834776114327846,308.813974,302.296737,40.29332900000004,0.09532979613544243,True,66080,0.007989999999999997,True,2.9978765340000004,3.7203481853459928,3.7354890000000296,2.2735179999999673,218.68499999999767,218.68499999999767,0.07082616883647057,FC-40,Plate-Fin,medium,344.5872117808603,209.7249459317322,210.57846995058287,5646,0.0652703995175,0.0652703995175,0.00345570403,0.0,calibration,True,True,y,0.3865157514661347,5.2205887e-07,2.9932413e-08,3.4969889e-06,9.2296026e-07,6.4279039e-07,True,pass2 rc=0 wall_s=301 iterations_this_pass=1646 end=2026-09-04_21:01:50,5.429608808329098e-05,True,0.00025,chtMultiRegionSimpleFoam unit cell (this campaign),0.07771874478668307
C026,0.8955480200000002,0.003827330000000001,0.8955480200000002,0.0018451534487997569,0.0018451534487997569,0.015636893633896247,0.03196000000000001,0.03196000000000001,9.751499414786595,7.430827615786726,9.751499414786595,7.451976392324437,0.2,700.0,700.0,0.3497664568471028,0.6734876286092076,0.777227153397242,67.54263703321114,65.06902491206444,67.54263703321114,39.23305966202488,39.23305966202488,3.00000132,2.99832989,0.006,0.01357877285714291,MISSING,0.01957877285714291,97.53503147293458,150,150,150,0.01957877285714291,307.655141,306.189582,298.162818,300.104001,38.70514100000004,298.271097,298.15,298.699073,0.16877769553478417,307.220796,301.403232,38.70514100000004,0.26155503884881676,True,66080,0.007989999999999997,True,2.998174687,2.9702419351754843,2.978695500000015,2.269822500000032,400.00199999999313,400.00199999999313,0.0608877398760563,FC-40,Plate-Fin,medium,345.1370700253295,263.00099729145717,263.7495208218773,2717,0.06530594198675,0.06530594198675,0.00518355382,1.929178379793879e-07,calibration,True,True,y,0.3497664568471028,6.7259413e-07,3.0162088e-08,4.1647741e-06,9.8570412e-07,5.6747443e-07,True,rc=0 wall_s=608 iterations=2717 end=2026-09-04_10:53:55,0.00022824970842544177,True,0.00025,chtMultiRegionSimpleFoam unit cell (this campaign),0.11657811718002462
C027,0.8955480200000002,0.003827330000000001,0.8955480200000002,0.0018451534487997569,0.0018451534487997569,0.015636893633896247,0.03196000000000001,0.03196000000000001,10.725160388873995,9.420395640147515,10.725160388873995,9.435920917416421,0.2,700.0,700.0,0.314579787273213,0.5947514371229634,0.6964752725819634,67.54263703321114,65.66588292893611,67.54263703321114,65.38843277004146,65.38843277004146,3.00000132,2.99819884,0.006,0.011772065714285743,MISSING,0.017772065714285745,171.35505318169675,250,250,250,0.017772065714285745,306.390446,305.223828,298.156335,299.044834,37.44044600000002,298.20098,298.15,298.479771,0.13120879470664462,305.953786,300.66333,37.44044600000002,0.8846510050180193,True,66080,0.007989999999999997,True,2.996555527,2.344580515516397,2.348444499999971,2.0627455000000054,811.75,811.75,0.11485971612839257,FC-40,Plate-Fin,medium,379.7684428579918,333.56787718310625,334.11761351893455,1329,0.06533525156525,0.06533525156525,0.00863927118,0.0,calibration,True,True,y,0.314579787273213,4.6959206e-08,9.2436059e-09,5.5509109e-07,8.7668738e-08,1.5095816e-07,True,pass2 rc=0 wall_s=79 iterations_this_pass=306 end=2026-09-04_21:03:09,0.0003688475637798132,True,0.00025,chtMultiRegionSimpleFoam unit cell (this campaign),0.1942968619667077
C028,0.7852380800000001,0.0033559200000000005,0.7852380800000001,0.0018375756527753762,0.0018375756527753762,0.015572675023520138,0.027965000000000004,0.027965000000000004,0.23504458424090818,0.09884840069371431,0.23504458424090818,0.0990442101334142,0.3,700.0,700.0,0.8557412151970157,0.9797697943443373,0.9541275868080512,67.54263703321114,16.092063695440135,67.54263703321114,0.45960657150914586,0.45960657150914586,3.00000132,2.90379477,0.006,0.42613875857142863,MISSING,0.43213875857142864,0.2885175696059685,2,2,2,0.43213875857142864,596.447131,579.439012,360.504658,570.915719,327.497131,322.470407,298.15,337.437225,0.14290680236048234,596.052739,573.06501,327.497131,1.0953956620691531e-06,False,66080,0.011985000000000003,False,2.9230412163999997,254.7667284310201,255.27139750000003,107.35482150000007,0.14299999999639113,0.14299999999639113,2.5653356579189865,FC-40,Plate-Fin,medium,8.059957748568582,3.389628974766444,3.396343512843758,4000,0.06301265,0.06301265,6.07243872e-05,3.952283647988207e-07,calibration,False,True,n,0.8557412151970157,2.1043882e-05,2.5114902e-05,9.3176107e-05,1.7893587e-05,0.00050152753,False,rc=0 wall_s=872 iterations=4000 end=2026-09-04_11:03:45,0.010683095411902249,False,0.00025,chtMultiRegionSimpleFoam unit cell (this campaign),0.0013656867247079556
C029,0.7852380800000001,0.0033559200000000005,0.7852380800000001,0.0018375756527753762,0.0018375756527753762,0.015572675023520138,0.027965000000000004,0.027965000000000004,0.5246358352670023,0.22340978821138985,0.5246358352670023,0.22382250782801302,0.3,700.0,700.0,0.7824226123587692,0.9706770960520094,0.9573778901070811,67.54263703321114,16.092063695440135,67.54263703321114,1.1490164287728644,1.1490164287728644,3.00000132,2.96359552,0.006,0.21253547857142857,MISSING,0.21853547857142858,1.087886938206154,5,5,5,0.21853547857142858,446.924835,427.842052,309.053927,436.749725,177.97483499999998,309.845957,298.15,315.284379,0.1383602682802302,446.553725,421.988868,177.97483499999998,8.44527075159871e-06,False,66080,0.011985000000000003,False,2.88813126855,115.05912220519436,115.27167850000001,49.087042,0.44100000000617,0.44100000000617,3.729000074239966,FC-40,Plate-Fin,medium,17.99038543812179,7.660986784340723,7.675139429817459,4000,0.06301265,0.06301265,0.000151810746,3.9522894052805007e-07,calibration,False,True,n,0.7824226123587692,4.9497804e-05,2.337668e-05,0.00020541622,2.6198203e-05,0.00061866182,False,rc=0 wall_s=863 iterations=4000 end=2026-09-04_11:08:18,0.002858978812836983,True,0.00025,chtMultiRegionSimpleFoam unit cell (this campaign),0.003414216811769888
C030,0.7852380800000001,0.0033559200000000005,0.7852380800000001,0.0018375756527753762,0.0018375756527753762,0.015572675023520138,0.027965000000000004,0.027965000000000004,1.0614280351975671,0.42186482101747264,1.0614280351975671,0.4226876595014277,0.3,700.0,700.0,0.7577348042711037,0.9595359201016983,0.962291567504885,67.54263703321114,16.092063695440135,67.54263703321114,2.2980328575457287,2.2980328575457287,3.00000132,2.98785695,0.006,0.12833659142857146,MISSING,0.13433659142857146,2.422651957288963,10,10,10,0.13433659142857146,387.985614,369.783438,301.006044,378.860964,119.03561400000002,304.331987,298.15,307.549226,0.14188676877840334,387.616786,364.394556,119.03561400000002,4.841189219879392e-05,False,66080,0.011985000000000003,False,3.0901489063,61.42513456354615,61.544943000000046,24.461052000000052,1.2639999999955762,1.2639999999955762,3.004918221169319,FC-40,Plate-Fin,medium,36.39762704793943,14.466245389101328,14.494461497274987,4110,0.06301265,0.06301265,0.000303621047,1.6467896509233058e-07,calibration,False,True,n,0.7577348042711037,0.00010402758,0.00010068827,0.00036267633,0.00012163888,0.0024671175,False,rc=0 wall_s=805 iterations=4110 end=2026-09-04_11:11:38,0.0207959815082555,False,0.00025,chtMultiRegionSimpleFoam unit cell (this campaign),0.006828433623539776
C031,0.7852380800000001,0.0033559200000000005,0.7852380800000001,0.0018375756527753762,0.0018375756527753762,0.015572675023520138,0.027965000000000004,0.027965000000000004,2.0771813319711363,0.6778439886842428,2.0771813319711363,0.6786650558078072,0.3,700.0,700.0,0.7512902410977315,0.9526640983521761,0.9590909924278286,67.54263703321114,36.9980945687391,67.54263703321114,4.5960657150914574,4.5960657150914574,3.00000132,2.99404018,0.006,0.08647660857142861,MISSING,0.09247660857142861,4.97419517804537,20,20,20,0.09247660857142861,358.683626,343.472703,299.053507,352.743688,89.73362600000003,300.522121,298.15,302.703587,0.11359195933468205,358.309754,338.23723,89.73362600000003,0.00030686398757714256,False,66080,0.011985000000000003,False,2.9398275292,37.76469242334228,37.81043649999998,12.33863249999996,4.005999999993946,4.005999999993946,2.005792144118122,FC-40,Plate-Fin,medium,72.30677566760038,23.595779758386573,23.62436114191715,4093,0.06396609118925,0.06396609118925,0.000607243872,0.0,calibration,False,True,n,0.7512902410977315,0.00024777416,0.00044210379,0.0016744151,0.00048008587,0.005592661,False,rc=0 wall_s=804 iterations=4093 end=2026-09-04_11:17:09,0.15224962252053278,False,0.00025,chtMultiRegionSimpleFoam unit cell (this campaign),0.013656867247079553
C032,0.7852380800000001,0.0033559200000000005,0.7852380800000001,0.0018375756527753762,0.0018375756527753762,0.015572675023520138,0.027965000000000004,0.027965000000000004,5.401265855371553,1.2162455863723878,5.401265855371553,1.2174919889236695,0.3,700.0,700.0,0.6874705731852724,0.9532748350854108,0.9677316105567091,67.54263703321114,51.04490938289922,67.54263703321114,9.192131430182915,9.192131430182915,3.00000132,2.99764241,0.006,0.055780715714285764,MISSING,0.06178071571428576,12.501177072589105,40,40,40,0.06178071571428576,337.196501,325.245606,298.370941,332.602564,68.24650100000004,299.38145,298.15,300.463579,0.10497680606801935,336.821077,320.188954,68.24650100000004,0.002460886786049649,True,66080,0.011985000000000003,True,2.9952651445,20.860786467663175,20.882164500000044,4.702201500000058,16.062999999994645,16.062999999994645,0.15787244720279528,FC-40,Plate-Fin,medium,189.96211197954474,42.775265365493716,42.81910124903623,11615,0.06462739684925,0.06462739684925,0.0012144833,1.6467908550149634e-07,calibration,True,True,y,0.6874705731852724,2.7007185e-07,3.1794755e-08,9.5515722e-07,9.8769943e-07,8.2127514e-07,True,rc=0 wall_s=2697 iterations=11615 end=2026-09-04_11:53:16,0.00011811735486626801,True,0.00025,chtMultiRegionSimpleFoam unit cell (this campaign),0.027313734494159105
C033,0.7852380800000001,0.0033559200000000005,0.7852380800000001,0.0018375756527753762,0.0018375756527753762,0.015572675023520138,0.027965000000000004,0.027965000000000004,12.99934188520822,2.2999780003392303,12.99934188520822,2.3027961758504705,0.3,700.0,700.0,0.6162105956647167,0.932366497402313,0.9685681143508881,67.54263703321114,58.85500926981373,67.54263703321114,16.086230002820106,16.086230002820106,3.00000132,2.99821582,0.006,0.03429826428571435,MISSING,0.04029826428571435,26.86525830346983,70,70,70,0.04029826428571435,322.158785,314.713728,298.224211,317.482034,53.20878500000005,298.891219,298.15,299.480069,0.11420836329358729,321.769868,309.795986,53.20878500000005,0.012694716510560426,True,66080,0.011985000000000003,True,2.998439576,10.96751294693484,10.980951500000003,1.9428634999999872,47.35000000000582,47.35000000000582,0.05205811042776395,FC-40,Plate-Fin,medium,459.842388881508,81.36007094746586,81.459761883424,11752,0.06500291979275,0.06500291979275,0.00212534688,2.3525569371245963e-07,calibration,True,True,y,0.6162105956647167,1.8252135e-07,1.7837603e-08,8.1107993e-07,9.7891584e-07,3.3063106e-07,True,rc=0 wall_s=2722 iterations=11752 end=2026-09-04_11:57:00,0.00012377252899877596,True,0.00025,chtMultiRegionSimpleFoam unit cell (this campaign),0.04779903536477844
C034,0.7852380800000001,0.0033559200000000005,0.7852380800000001,0.0018375756527753762,0.0018375756527753762,0.015572675023520138,0.027965000000000004,0.027965000000000004,13.31730252869093,3.52082309661311,13.31730252869093,3.525826026317669,0.3,700.0,700.0,0.569896330572552,0.9057378396470241,0.9580251575353077,67.54263703321114,61.85048384775453,67.54263703321114,22.98032857545729,22.98032857545729,3.00000132,2.99831726,0.006,0.024400782857142887,MISSING,0.030400782857142886,43.0103669427448,100,100,100,0.030400782857142886,315.230548,310.566598,298.19085,309.573028,46.280548000000024,298.620213,298.15,299.083444,0.12243107215524845,314.825121,305.774241,46.280548000000024,0.03517100987926032,True,66080,0.011985000000000003,True,2.9983766299999997,7.147362921921095,7.157519000000036,1.8923020000000292,91.8289999999979,91.8289999999979,0.05415630950456773,FC-40,Plate-Fin,medium,472.14515457431855,124.82554643463769,125.002917866547,14255,0.0651485117765,0.0651485117765,0.00303621047,3.2935793018466116e-07,calibration,True,True,y,0.569896330572552,3.9428675e-08,3.7121603e-09,2.1704894e-07,9.2259205e-07,4.6559093e-08,True,pass2 rc=0 wall_s=783 iterations_this_pass=2255 end=2026-09-04_23:44:45,0.0004684598232911756,True,0.00025,chtMultiRegionSimpleFoam unit cell (this campaign),0.06828433623539777
C035,0.7852380800000001,0.0033559200000000005,0.7852380800000001,0.0018375756527753762,0.0018375756527753762,0.015572675023520138,0.027965000000000004,0.027965000000000004,10.982874536057972,5.225172851902123,10.982874536057972,5.232492574052597,0.3,700.0,700.0,0.5215528060161408,0.8628087434871813,0.9339560957760742,67.54263703321114,63.723064945484,67.54263703321114,34.47049286318594,34.47049286318594,3.00000132,2.99829967,0.006,0.017783187142857173,MISSING,0.023783187142857175,71.76707909757887,150,150,150,0.023783187142857175,310.598231,307.898213,298.171941,303.801304,41.648231000000024,298.41211,298.15,298.773641,0.12161708892480108,310.176168,303.277906,41.648231000000024,0.10820804767147127,True,66080,0.011985000000000003,True,2.99769176,4.809348288773401,4.816085499999986,2.291283499999963,188.34900000000198,188.34900000000198,0.07698529945980304,FC-40,Plate-Fin,medium,389.9281685603785,185.5108217675127,185.7706959783247,7334,0.06523997943575,0.06523997943575,0.00455434016,0.0,calibration,True,True,y,0.5215528060161408,8.1368877e-07,5.3438559e-08,9.4555138e-06,9.9464582e-07,1.3364439e-06,True,rc=0 wall_s=2243 iterations=7334 end=2026-09-04_12:30:39,4.132185863595462e-05,True,0.00025,chtMultiRegionSimpleFoam unit cell (this campaign),0.10242650435309666
C036,0.7852380800000001,0.0033559200000000005,0.7852380800000001,0.0018375756527753762,0.0018375756527753762,0.015572675023520138,0.027965000000000004,0.027965000000000004,10.196274828894612,7.385818590640076,10.196274828894612,7.393295307375406,0.3,700.0,700.0,0.4709644038913615,0.7944850301822113,0.8844853737315571,67.54263703321114,64.89243550021003,67.54263703321114,57.450821438643224,57.450821438643224,3.00000132,2.99819122,0.006,0.013817330000000051,MISSING,0.01981733000000005,132.25889902715963,250,250,250,0.01981733000000005,307.822131,306.14636,298.160299,300.391114,38.87213100000004,298.268313,298.15,298.524844,0.10436982005837002,307.389683,301.741498,38.87213100000004,0.41843252529775715,True,66080,0.011985000000000003,True,2.996630849,3.4006335144858735,3.404076000000032,2.465791499999966,436.99899999999616,436.99899999999616,0.11234898389977255,FC-40,Plate-Fin,medium,362.3192239818363,262.4511505562706,262.7168317242399,3021,0.06529727726,0.06529727726,0.00759053729,1.1426881982795759e-14,calibration,True,True,y,0.4709644038913615,6.4151834e-07,6.1119827e-08,3.4588989e-06,9.3184215e-07,1.1470898e-06,True,rc=0 wall_s=611 iterations=3021 end=2026-09-04_12:07:11,0.00022898138186327343,True,0.00025,chtMultiRegionSimpleFoam unit cell (this campaign),0.17071084058849442
C037,0.6749281400000001,0.0028845100000000003,0.6749281400000001,0.0018275682182985553,0.0018275682182985553,0.01548786625676742,0.02397,0.02397,0.18816858350848198,0.07573476514162301,0.18816858350848198,0.07580323258545871,0.4,700.0,700.0,0.9205154447333315,0.9930918052410972,0.9759782755578315,67.54263703321114,16.092063695440135,67.54263703321114,0.39610568085795994,0.39610568085795994,3.00000132,2.83056418,0.006,0.5948514557142858,MISSING,0.6008514557142858,0.15896911053333707,2,2,2,0.6008514557142858,714.546019,699.303733,420.601432,663.896083,445.596019,326.122423,298.15,337.259601,0.09892392912280852,714.110995,693.500259,445.596019,3.96105680842589e-07,False,66080,0.015980000000000005,False,2.6288981393,375.4560303045132,375.79545850000005,151.25150150000002,0.059999999997671694,0.059999999997671694,12.37010058048908,FC-40,Plate-Fin,medium,6.487856910017005,2.6112558759334297,2.6136165621346974,4013,0.06301265,0.06301265,5.23344271e-05,7.64315093110157e-08,calibration,False,True,n,0.9205154447333315,1.7042594e-05,1.4791407e-05,5.518793e-05,2.4544208e-05,0.0002729676,False,rc=0 wall_s=2656 iterations=4013 end=2026-09-04_12:51:27,0.023416740312752402,False,0.00025,chtMultiRegionSimpleFoam unit cell (this campaign),0.0011769985536822494
C038,0.6749281400000001,0.0028845100000000003,0.6749281400000001,0.0018275682182985553,0.0018275682182985553,0.01548786625676742,0.02397,0.02397,0.31543881759213505,0.1403439272848037,0.31543881759213505,0.14044167867056265,0.4,700.0,700.0,0.873282129567882,0.9905922054548476,0.9796403540875948,67.54263703321114,16.092063695440135,67.54263703321114,0.9902642021448997,0.9902642021448997,3.00000132,2.92273922,0.006,0.3488107185714286,MISSING,0.3548107185714286,0.6335893521605901,5,5,5,0.3548107185714286,542.317503,522.430216,328.842204,519.055025,273.367503,312.740845,298.15,317.281692,0.08737418778705958,541.936448,517.112745,273.367503,2.9542882031271014e-06,False,66080,0.015980000000000005,False,2.88512440488,209.25115282803287,209.39689900000002,93.16413050000006,0.1790000000037253,0.1790000000037253,3.8292288191393187,FC-40,Plate-Fin,medium,10.876002115998693,4.838912540214738,4.842282906254249,4014,0.06301265,0.06301265,0.000130836068,7.643152729217648e-08,calibration,False,True,n,0.873282129567882,2.8121026e-05,1.2928384e-05,0.00012909716,1.6959784e-05,0.00054880046,False,rc=0 wall_s=1961 iterations=4014 end=2026-09-04_12:40:43,0.0033492926070701158,True,0.00025,chtMultiRegionSimpleFoam unit cell (this campaign),0.0029424963842056237
C039,0.6749281400000001,0.0028845100000000003,0.6749281400000001,0.0018275682182985553,0.0018275682182985553,0.01548786625676742,0.02397,0.02397,0.6522447579635224,0.282887621670844,0.6522447579635224,0.2831033168908267,0.4,700.0,700.0,0.8262051342301963,0.9875772196408257,0.9795947259231023,67.54263703321114,16.092063695440135,67.54263703321114,1.9805284042897995,1.9805284042897995,3.00000132,2.9596105,0.006,0.19465459857142856,MISSING,0.20065459857142856,1.7379486576980374,10,10,10,0.20065459857142856,434.408219,413.378313,305.010089,420.486081,165.45821899999999,305.822449,298.15,308.205425,0.09122838459513757,434.039838,408.372548,165.45821899999999,1.5910244847913847e-05,False,66080,0.015980000000000005,False,2.8790944309,105.11468799966904,105.19483550000001,45.62446299999999,0.4820000000036089,0.4820000000036089,4.030227863366408,FC-40,Plate-Fin,medium,22.488720386127895,9.753670760521675,9.761107707207085,4083,0.06301265,0.06301265,0.000261671691,1.9107913282147843e-07,calibration,False,True,n,0.8262051342301963,5.9662754e-05,2.4554459e-05,0.00031527013,4.2939724e-05,0.0012398181,False,rc=0 wall_s=1626 iterations=4083 end=2026-09-04_12:57:45,0.0024877199664584556,True,0.00025,chtMultiRegionSimpleFoam unit cell (this campaign),0.005884992768411247
C040,0.6749281400000001,0.0028845100000000003,0.6749281400000001,0.0018275682182985553,0.0018275682182985553,0.01548786625676742,0.02397,0.02397,1.3623949572569205,0.503610994144015,1.3623949572569205,0.5039345222386444,0.4,700.0,700.0,0.8170360659719812,0.9840507594298837,0.9806547323768372,67.54263703321114,19.91556476759081,67.54263703321114,3.961056808579599,3.961056808579599,3.00000132,3.00210813,0.006,0.12220013000000003,MISSING,0.12820013000000002,3.659278680560376,20,20,20,0.12820013000000002,383.690091,365.263269,300.085744,376.81827,114.74009100000002,301.896656,298.15,303.395303,0.08406195371901186,383.309849,360.548062,114.74009100000002,9.77720855584244e-05,False,66080,0.015980000000000005,False,2.9465452521,59.73703443364353,59.77541050000002,22.096055000000035,1.4809999999997672,1.4809999999997672,1.7818681459780163,FC-40,Plate-Fin,medium,47.10202075234674,17.411320682691024,17.42250600523353,4005,0.06318443538424999,0.06318443538424999,0.000523344271,7.643152743822094e-08,calibration,False,True,n,0.8170360659719812,0.00021685946,0.00024138048,0.0011346786,0.00022321722,0.0053107017,False,rc=0 wall_s=1428 iterations=4005 end=2026-09-04_13:04:32,0.047065120796248805,False,0.00025,chtMultiRegionSimpleFoam unit cell (this campaign),0.011769985536822495
C041,0.6749281400000001,0.0028845100000000003,0.6749281400000001,0.0018275682182985553,0.0018275682182985553,0.01548786625676742,0.02397,0.02397,2.09204088437527,0.7862177767775744,2.09204088437527,0.786550108632236,0.4,700.0,700.0,0.7957722671463199,0.9793243263970712,0.9815612216166386,67.54263703321114,38.72689358401779,67.54263703321114,7.922113617159198,7.922113617159198,3.00000132,2.97014222,0.006,0.08454833857142863,MISSING,0.09054833857142863,8.169109314147205,40,40,40,0.09054833857142863,357.333837,341.468134,298.727405,346.886719,88.38383700000004,299.782898,298.15,300.810604,0.06874630071895746,356.941559,336.851777,88.38383700000004,0.0006530462325073313,False,66080,0.015980000000000005,False,2.9574913186000003,37.35568486601888,37.37147500000003,14.044715000000053,4.945999999996275,4.945999999996275,1.4169994231869112,FC-40,Plate-Fin,medium,73.31490320941627,27.552750348463366,27.564396811943066,4023,0.06404654327449999,0.06404654327449999,0.00104668854,1.6241698731192139e-06,calibration,False,True,n,0.7957722671463199,0.00035518391,0.00075398809,0.0018579498,0.00062670252,0.0085660271,False,rc=0 wall_s=1539 iterations=4023 end=2026-09-04_13:17:07,0.2389001837612821,False,0.00025,chtMultiRegionSimpleFoam unit cell (this campaign),0.02353997107364499
C042,0.6749281400000001,0.0028845100000000003,0.6749281400000001,0.0018275682182985553,0.0018275682182985553,0.01548786625676742,0.02397,0.02397,6.167546611808043,1.2188842531209296,6.167546611808043,1.2192957612646311,0.4,700.0,700.0,0.7479108725755598,0.9761028952434821,0.9874594469271262,67.54263703321114,49.25033241490864,67.54263703321114,13.8636988300286,13.8636988300286,3.00000132,2.9970461,0.006,0.06256385142857149,MISSING,0.06856385142857149,17.646238919710814,70,70,70,0.06856385142857149,341.944696,327.511558,298.334125,338.23608,72.99469600000005,299.187917,298.15,299.68588,0.06166868504181129,341.581382,323.055347,72.99469600000005,0.004222189478685452,True,66080,0.015980000000000005,True,2.9960601416,24.129260707800928,24.137406999999996,4.77024449999999,18.273000000001048,18.273000000001048,0.1313725555294041,FC-40,Plate-Fin,medium,217.81146437587057,43.04579775184387,43.0603304659073,10955,0.0645419215985,0.0645419215985,0.0018317005,5.459406596022454e-08,calibration,True,True,y,0.7479108725755598,1.2980509e-07,3.1583238e-08,5.98349e-07,9.9567248e-07,1.1176879e-06,True,pass2 rc=0 wall_s=588 iterations_this_pass=2465 end=2026-09-04_23:48:30,0.00017510213413359445,True,0.00025,chtMultiRegionSimpleFoam unit cell (this campaign),0.041194949378878735
C043,0.6749281400000001,0.0028845100000000003,0.6749281400000001,0.0018275682182985553,0.0018275682182985553,0.01548786625676742,0.02397,0.02397,12.196653808811067,1.796642992105673,12.196653808811067,1.7972981058877384,0.4,700.0,700.0,0.7096983290334618,0.9697837357900867,0.9872435307057988,67.54263703321114,55.229317885659135,67.54263703321114,19.805284042898,19.805284042898,3.00000132,2.99769877,0.006,0.04624417571428572,MISSING,0.05224417571428572,29.030167096653827,100,100,100,0.05224417571428572,330.520923,319.396449,298.238866,326.948678,61.57092300000001,298.866276,298.15,299.228305,0.06401012712329729,330.151081,314.99585,61.57092300000001,0.012172987748898873,True,66080,0.015980000000000005,True,2.996642008,16.300753721259483,16.30669750000004,2.402078000000074,36.87799999999697,36.87799999999697,0.11197701739678467,FC-40,Plate-Fin,medium,432.64215698888074,63.73088157032201,63.75411989816085,8704,0.06482786741374999,0.06482786741374999,0.00261671691,7.643165312859137e-08,calibration,True,True,y,0.7096983290334618,4.9150807e-07,2.8672787e-08,1.1089621e-06,9.8060371e-07,9.9529468e-07,True,rc=0 wall_s=4347 iterations=8704 end=2026-09-04_14:16:59,0.0002621299026944316,True,0.00025,chtMultiRegionSimpleFoam unit cell (this campaign),0.05884992768411248
C044,0.6749281400000001,0.0028845100000000003,0.6749281400000001,0.0018275682182985553,0.0018275682182985553,0.01548786625676742,0.02397,0.02397,17.420527134184795,2.975783346292654,17.420527134184795,2.9771254184732876,0.4,700.0,700.0,0.6637252513522924,0.9544012738634301,0.9833111175703658,67.54263703321114,60.120068878661826,67.54263703321114,29.707926064347,29.707926064347,3.00000132,2.9980111,0.006,0.030564640000000053,MISSING,0.03656464000000005,50.441212297156135,150,150,150,0.03656464000000005,319.545248,312.642995,298.191869,315.098873,50.59524800000004,298.593719,298.15,298.871427,0.07092837780070112,319.157499,308.321204,50.59524800000004,0.03993190881939444,True,66080,0.015980000000000005,True,2.998591416,9.80606798346895,9.810490500000071,1.6758330000000115,80.64900000000489,80.64900000000489,0.04699677932141583,FC-40,Plate-Fin,medium,620.1981256672537,105.94256072429104,105.99034060170392,10952,0.06506429884625,0.06506429884625,0.00392507759,0.0,calibration,True,True,y,0.6637252513522924,6.9429935e-08,1.1681275e-08,2.5631295e-07,9.1824752e-07,2.2870885e-07,True,rc=0 wall_s=4238 iterations=10952 end=2026-09-04_14:27:45,0.0009340259204702715,True,0.00025,chtMultiRegionSimpleFoam unit cell (this campaign),0.08827489152616873
C045,0.6749281400000001,0.0028845100000000003,0.6749281400000001,0.0018275682182985553,0.0018275682182985553,0.01548786625676742,0.02397,0.02397,12.339873964614457,5.242559629977173,12.339873964614457,5.245229557227578,0.4,700.0,700.0,0.6091632417586308,0.9172329029088921,0.9690021102881234,67.54263703321114,63.33535370974644,67.54263703321114,49.513210107244994,49.513210107244994,3.00000132,2.9980889,0.006,0.01883516000000002,MISSING,0.024835160000000023,97.7091895603423,250,250,250,0.024835160000000023,311.334612,308.087818,298.167991,304.95651,42.38461200000002,298.37722,298.15,298.584095,0.07520123621793072,310.918361,303.922445,42.38461200000002,0.17177452938473037,True,66080,0.015980000000000005,True,2.997423995,5.552569691033698,5.55539749999997,2.3601944999999773,208.15600000000268,208.15600000000268,0.08591079553257838,FC-40,Plate-Fin,medium,440.3770355296477,187.09290508615715,187.18818763531323,5986,0.06522101250875,0.06522101250875,0.00654180339,0.0,calibration,True,True,y,0.6091632417586308,6.4283854e-07,2.4006408e-08,7.5187212e-06,8.5389175e-07,9.7631733e-07,True,rc=0 wall_s=1332 iterations=5986 end=2026-09-04_14:33:03,0.0005322181409454052,True,0.00025,chtMultiRegionSimpleFoam unit cell (this campaign),0.1471248192102812
C046,0.5646182000000001,0.0024131000000000005,0.5646182000000001,0.0018137395459976106,0.0018137395459976106,0.01537067411862382,0.019975000000000003,0.019975000000000003,0.20141844867271327,0.07301295887207843,0.20141844867271327,0.07307026676505088,0.5,700.0,700.0,0.9523081804479067,0.9969546389740007,0.9842818670096876,67.54263703321114,16.092063695440135,67.54263703321114,0.3326047902067742,0.3326047902067742,3.00000132,2.78184263,0.006,0.7033300485714287,MISSING,0.7093300485714287,0.09538363910418668,2,2,2,0.7093300485714287,790.481034,779.853435,480.193312,739.63582,521.5310340000001,331.519313,298.15,342.225341,0.09249675623258528,790.034474,774.656883,521.5310340000001,1.6630239509693372e-07,False,66080,0.019975000000000003,False,2.5900164502200003,454.1127792455141,454.4692125,164.74231700000007,0.029999999998835847,0.029999999998835847,13.666156312891214,FC-40,Plate-Fin,medium,6.997647615813394,2.5366045709391694,2.5385955526157167,4027,0.06301265,0.06301265,4.3944467e-05,2.275598526746248e-08,calibration,False,True,n,0.9523081804479067,1.8168419e-05,1.3009876e-05,3.8782271e-05,2.7951614e-05,0.00019927653,False,rc=0 wall_s=1566 iterations=4027 end=2026-09-04_14:43:05,0.029954307373190416,False,0.00025,chtMultiRegionSimpleFoam unit cell (this campaign),0.0009883103826565439
C047,0.5646182000000001,0.0024131000000000005,0.5646182000000001,0.0018137395459976106,0.0018137395459976106,0.01537067411862382,0.019975000000000003,0.019975000000000003,0.27959850221553934,0.11951257783495643,0.27959850221553934,0.1195687299106917,0.5,700.0,700.0,0.9254610387785493,0.9960794400868414,0.9873847584742991,67.54263703321114,16.092063695440135,67.54263703321114,0.8315119755169355,0.8315119755169355,3.00000132,2.89750959,0.006,0.46160997857142855,MISSING,0.46760997857142855,0.37269480610725325,5,5,5,0.46760997857142855,621.276985,603.053878,358.868828,590.291581,352.326985,314.541125,298.15,319.855323,0.07234081271102326,620.878134,598.192565,352.326985,1.1779752987377258e-06,False,66080,0.019975000000000003,False,2.86736784532,289.05409363252596,289.18990349999996,123.61236049999997,0.08500000000640284,0.08500000000640284,4.42111387737656,FC-40,Plate-Fin,medium,9.71376656560766,4.152086915858529,4.154037742316985,4017,0.06301265,0.06301265,0.00010986139,1.092285450732058e-07,calibration,False,True,n,0.9254610387785493,2.2505249e-05,1.6143777e-05,8.5357019e-05,1.5234273e-05,0.00070773905,False,rc=0 wall_s=736 iterations=4017 end=2026-09-04_14:40:01,0.007125649618050513,False,0.00025,chtMultiRegionSimpleFoam unit cell (this campaign),0.00247077595664136
C048,0.5646182000000001,0.0024131000000000005,0.5646182000000001,0.0018137395459976106,0.0018137395459976106,0.01537067411862382,0.019975000000000003,0.019975000000000003,0.4401381856238068,0.20186220310600184,0.4401381856238068,0.20193418572893063,0.5,700.0,700.0,0.8916229919571587,0.9954482645917327,0.9891390921093466,67.54263703321114,16.092063695440135,67.54263703321114,1.663023951033871,1.663023951033871,3.00000132,2.93303667,0.006,0.29459530000000006,MISSING,0.30059530000000007,1.0837700804284134,10,10,10,0.30059530000000007,504.36671,481.63619,315.132927,480.153799,235.41671000000002,307.516787,298.15,309.483706,0.0633234684386926,503.995273,477.131131,235.41671000000002,5.737432630924881e-06,False,66080,0.019975000000000003,False,2.7903897801,173.25249739422287,173.314278,79.48776799999996,0.20699999999487773,0.20699999999487773,6.9870482556987685,FC-40,Plate-Fin,medium,15.291210639118141,7.013064461552059,7.015565270356003,4103,0.06301265,0.06301265,0.000219722335,1.3653595478094542e-07,calibration,False,True,n,0.8916229919571587,3.3263137e-05,1.7307542e-05,0.00016278737,2.1915576e-05,0.0008850213,False,rc=0 wall_s=842 iterations=4103 end=2026-09-04_14:47:05,0.002757321108914343,True,0.00025,chtMultiRegionSimpleFoam unit cell (this campaign),0.00494155191328272
C049,0.5646182000000001,0.0024131000000000005,0.5646182000000001,0.0018137395459976106,0.0018137395459976106,0.01537067411862382,0.019975000000000003,0.019975000000000003,0.801729495735361,0.3595505992907291,0.801729495735361,0.3596708606297152,0.5,700.0,700.0,0.8567942127633028,0.9958185716262798,0.9910781061521006,67.54263703321114,16.092063695440135,67.54263703321114,3.326047902067742,3.326047902067742,3.00000132,2.96491727,0.006,0.18432166142857145,MISSING,0.19032166142857146,2.864115744733944,20,20,20,0.19032166142857146,427.175163,403.834219,302.300198,408.728213,158.225163,303.319592,298.15,304.379703,0.06139078657546761,426.811459,399.626188,158.225163,3.4590898181291555e-05,False,66080,0.019975000000000003,False,2.9520705114,98.32844791399882,98.36133650000005,44.11198250000001,0.6239999999961583,0.6239999999961583,1.5976929170151124,FC-40,Plate-Fin,medium,27.85355825809146,12.491449569147129,12.495627669403468,4081,0.06301265,0.06301265,0.00043944467,2.275600068752339e-08,calibration,False,True,n,0.8567942127633028,6.2579106e-05,6.4951879e-05,0.00042264464,8.0108268e-05,0.0027237848,False,rc=0 wall_s=877 iterations=4081 end=2026-09-04_14:54:38,0.03452429538631962,False,0.00025,chtMultiRegionSimpleFoam unit cell (this campaign),0.00988310382656544
C050,0.5646182000000001,0.0024131000000000005,0.5646182000000001,0.0018137395459976106,0.0018137395459976106,0.01537067411862382,0.019975000000000003,0.019975000000000003,1.5273494060857808,0.6012662044613004,1.5273494060857808,0.6014040063223131,0.5,700.0,700.0,0.8522616134652757,0.9942367016477568,0.9877385290559872,67.54263703321114,22.077577948798446,67.54263703321114,6.652095804135484,6.652095804135484,3.00000132,2.99143359,0.006,0.12089363285714293,MISSING,0.12689363285714292,5.909535461388971,40,40,40,0.12689363285714292,382.775543,362.859014,299.417443,371.640268,113.82554300000005,300.399348,298.15,301.248323,0.051092416959114144,382.394099,358.791543,113.82554300000005,0.0002485666465476819,False,66080,0.019975000000000003,False,2.9001017588,59.07884145028838,59.09238149999999,23.262687500000027,2.24199999999837,2.24199999999837,3.3299839081404135,FC-40,Plate-Fin,medium,53.28980850905047,20.978409243514474,20.98321720347196,4000,0.06328207069474999,0.06328207069474999,0.00087888934,7.96459777342344e-07,calibration,False,True,n,0.8522616134652757,0.00025606784,0.00044454905,0.0015346894,0.00037115021,0.0078189122,False,rc=0 wall_s=781 iterations=4000 end=2026-09-04_08:31:33,0.05170297359379812,False,0.00025,chtMultiRegionSimpleFoam unit cell (this campaign),0.01976620765313088
C051,0.5646182000000001,0.0024131000000000005,0.5646182000000001,0.0018137395459976106,0.0018137395459976106,0.01537067411862382,0.019975000000000003,0.019975000000000003,2.7369379337228312,0.833957053129802,2.7369379337228312,0.8340744880738311,0.5,700.0,700.0,0.8304867219496332,0.9909931321690838,0.9921292831070945,67.54263703321114,35.57537166907336,67.54263703321114,11.641167657237096,11.641167657237096,3.00000132,3.0153372,0.006,0.09480450000000003,MISSING,0.10080450000000003,11.865929463525672,70,70,70,0.10080450000000003,364.51315,345.519443,298.620436,358.56878,95.56315000000002,299.496784,298.15,299.898046,0.040274273487239,364.139702,341.553539,95.56315000000002,0.0013063330306015784,False,66080,0.019975000000000003,False,2.8517525134,42.52352798405843,42.529516,12.958931000000007,6.732999999992899,6.732999999992899,4.941624712351788,FC-40,Plate-Fin,medium,96.42538653801095,29.381240331877123,29.3853776963864,4087,0.06390007411099999,0.06390007411099999,0.00153805857,7.802043554199868e-07,calibration,False,True,n,0.8304867219496332,0.00024206989,0.00079411438,0.0021286467,0.00062114247,0.011427146,False,rc=0 wall_s=975 iterations=4087 end=2026-09-04_14:59:20,0.19659846722856,False,0.00025,chtMultiRegionSimpleFoam unit cell (this campaign),0.03459086339297904
C052,0.5646182000000001,0.0024131000000000005,0.5646182000000001,0.0018137395459976106,0.0018137395459976106,0.01537067411862382,0.019975000000000003,0.019975000000000003,2.996074891265315,1.051850813133645,2.996074891265315,1.0519734168096484,0.5,700.0,700.0,0.8061314234510909,0.9888474687038691,0.9960519347756766,67.54263703321114,42.770047210405366,67.54263703321114,16.630239510338708,16.630239510338708,3.00000132,2.99380126,0.006,0.08070521571428571,MISSING,0.08670521571428572,19.38685765489091,100,100,100,0.08670521571428572,354.643651,335.948834,298.380408,342.388065,85.693651,299.206561,298.15,299.395408,0.03670915476932969,354.278864,332.07636,85.693651,0.0043094493984444475,False,66080,0.019975000000000003,False,2.90014487,33.29977458000909,33.303656000000046,11.692123500000037,15.547999999995227,15.547999999995227,3.328546868772707,FC-40,Plate-Fin,medium,106.10949635239581,37.25252674586278,37.256868898440345,4056,0.064235707292,0.064235707292,0.00219722335,1.8204794628715325e-07,calibration,False,True,n,0.8061314234510909,8.5151298e-05,9.1231773e-05,0.00061972838,0.00017422097,0.0019692267,False,rc=0 wall_s=1055 iterations=4056 end=2026-09-04_15:04:40,0.10773825393111132,False,0.00025,chtMultiRegionSimpleFoam unit cell (this campaign),0.04941551913282719
C053,0.5646182000000001,0.0024131000000000005,0.5646182000000001,0.0018137395459976106,0.0018137395459976106,0.01537067411862382,0.019975000000000003,0.019975000000000003,10.062802892349795,1.551326818727747,10.062802892349795,1.5515138869628335,0.5,700.0,700.0,0.7721282146271805,0.986187563508419,0.9941446130612344,67.54263703321114,50.95304554328171,67.54263703321114,24.94535926550807,24.94535926550807,3.00000132,2.99680773,0.006,0.05974139000000004,MISSING,0.06574139000000004,34.180767805922926,150,150,150,0.06574139000000004,339.968973,324.886521,298.248557,336.914813,71.01897300000003,298.778523,298.15,299.004594,0.0373258810330309,339.614518,321.045481,71.01897300000003,0.013755702610974875,True,66080,0.019975000000000003,True,2.991688805,22.465474979112862,22.468184000000008,3.463796000000002,33.08599999999569,33.08599999999569,0.27708371141650284,FC-40,Plate-Fin,medium,358.5347495049897,55.27332476876572,55.2799899557444,6918,0.064623014159,0.064623014159,0.00329583725,6.068260779589145e-08,calibration,True,True,y,0.7721282146271805,4.4696915e-07,1.2152127e-07,2.074828e-06,8.7929402e-07,5.8070619e-06,True,rc=0 wall_s=1731 iterations=6918 end=2026-09-04_15:23:29,0.0004992078774358288,True,0.00025,chtMultiRegionSimpleFoam unit cell (this campaign),0.0741232786992408
C054,0.5646182000000001,0.0024131000000000005,0.5646182000000001,0.0018137395459976106,0.0018137395459976106,0.01537067411862382,0.019975000000000003,0.019975000000000003,22.554148705046494,2.8724076493509503,22.554148705046494,2.8728441402696827,0.5,700.0,700.0,0.725179635402719,0.975298179579591,0.9924820634092717,67.54263703321114,58.66076659187638,67.54263703321114,41.57559877584678,41.57559877584678,3.00000132,2.99757352,0.006,0.035911611428571424,MISSING,0.04191161142857142,68.70509114932025,250,250,250,0.04191161142857142,323.288128,314.259363,298.186022,319.692276,54.338128,298.50422,298.15,298.665287,0.041804388817072144,322.916565,310.476146,54.338128,0.062037029713376296,True,66080,0.019975000000000003,True,2.997393982,12.066668849622006,12.06850250000008,1.5369970000000421,89.528999999995,89.528999999995,0.08691122842571924,FC-40,Plate-Fin,medium,808.2049465141531,102.9298024487661,102.94544365625485,5013,0.06499350926225,0.06499350926225,0.00549306949,1.5790110421275655e-14,calibration,True,True,y,0.725179635402719,5.2609363e-07,6.3175433e-08,2.959298e-06,9.4389486e-07,2.7609759e-06,True,rc=0 wall_s=1305 iterations=5013 end=2026-09-04_15:21:05,0.0002999217840735886,True,0.00025,chtMultiRegionSimpleFoam unit cell (this campaign),0.12353879783206799
C055,0.4543082600000001,0.0019416900000000005,0.4543082600000001,0.0017933845245126994,0.0017933845245126994,0.015198173936548301,0.015980000000000005,0.015980000000000005,0.19121651428643227,0.06601914943033087,0.19121651428643227,0.06605725535303962,0.6,700.0,700.0,0.9701292433031283,0.9985329396275167,0.9884214508385049,67.54263703321114,16.092063695440135,67.54263703321114,0.26910389955558844,0.26910389955558844,3.00000132,2.69118541,0.006,0.9151946714285714,MISSING,0.9211946714285714,0.05974151339374334,2,2,2,0.9211946714285714,938.78627,924.827246,573.288083,855.13177,669.83627,335.891098,298.15,347.851082,0.07985999334326017,938.32815,920.502694,669.83627,7.176103989610989e-08,False,66080,0.02397,False,2.45583319575,597.1574766924718,597.502153,206.29276750000008,0.01600000000325963,0.01600000000325963,18.138929493871025,FC-40,Plate-Fin,medium,6.718614510306953,2.319659559614807,2.3209984555056513,4002,0.06301265,0.06301265,3.55545958e-05,5.625151741714752e-08,calibration,False,True,n,0.9701292433031283,2.0091886e-05,1.8485144e-05,3.197054e-05,3.2047499e-05,0.00021803337,False,rc=0 wall_s=3318 iterations=4002 end=2026-09-04_15:59:58,0.04218241262946411,False,0.00025,chtMultiRegionSimpleFoam unit cell (this campaign),0.0007996222116308382
C056,0.4543082600000001,0.0019416900000000005,0.4543082600000001,0.0017933845245126994,0.0017933845245126994,0.015198173936548301,0.015980000000000005,0.015980000000000005,0.23676245018725714,0.0989555640583898,0.23676245018725714,0.0989840714104449,0.6,700.0,700.0,0.955645901268122,0.9982299460690552,0.9912845982154083,67.54263703321114,16.092063695440135,67.54263703321114,0.672759748888971,0.672759748888971,3.00000132,2.84721391,0.006,0.6531218871428572,MISSING,0.6591218871428572,0.22177049365939006,5,5,5,0.6591218871428572,755.335321,736.421593,415.875756,696.160582,486.38532100000003,316.849795,298.15,322.940314,0.057102645780148634,754.905196,732.285996,486.38532100000003,5.045698116471484e-07,False,66080,0.02397,False,2.77962065104,421.6193778961873,421.74083899999994,176.267827,0.04499999999825377,0.04499999999825377,7.346019066418273,FC-40,Plate-Fin,medium,8.31892391334529,3.4769187747163155,3.477920413669324,4051,0.06301265,0.06301265,8.88867118e-05,2.2500552218971967e-07,calibration,False,True,n,0.955645901268122,2.0598582e-05,1.1213214e-05,5.99852e-05,1.6442851e-05,0.00044862763,False,rc=0 wall_s=1153 iterations=4051 end=2026-09-04_15:40:18,0.014868612853469541,False,0.00025,chtMultiRegionSimpleFoam unit cell (this campaign),0.0019990555290770955
C057,0.4543082600000001,0.0019416900000000005,0.4543082600000001,0.0017933845245126994,0.0017933845245126994,0.015198173936548301,0.015980000000000005,0.015980000000000005,0.3537972661542143,0.1567667274321231,0.3537972661542143,0.1567981727070496,0.6,700.0,700.0,0.9366153010841302,0.9978478898413581,0.9929086773784729,67.54263703321114,16.092063695440135,67.54263703321114,1.345519497777942,1.345519497777942,3.00000132,2.89610328,0.006,0.4353124171428572,MISSING,0.4413124171428572,0.6338469891586984,10,10,10,0.4413124171428572,602.868692,579.486063,338.705467,572.479855,333.918692,309.206212,298.15,311.432778,0.04787842409896496,602.490309,575.577218,333.918692,2.2649578211498885e-06,False,66080,0.02397,False,2.74134405064,270.7315239357758,270.78582900000004,119.984557,0.10099999999511056,0.10099999999511056,8.621905185028385,FC-40,Plate-Fin,medium,12.431078220210486,5.508181202806973,5.509286069095275,4056,0.06301265,0.06301265,0.000177772979,4.500121545841848e-07,calibration,False,True,n,0.9366153010841302,2.3832616e-05,1.2747937e-05,9.7742568e-05,1.5360929e-05,0.00058546736,False,rc=0 wall_s=992 iterations=4056 end=2026-09-04_15:40:01,0.006054855805980482,False,0.00025,chtMultiRegionSimpleFoam unit cell (this campaign),0.003998111058154191
C058,0.4543082600000001,0.0019416900000000005,0.4543082600000001,0.0017933845245126994,0.0017933845245126994,0.015198173936548301,0.015980000000000005,0.015980000000000005,0.5712362634276485,0.27053947736360007,0.5712362634276485,0.27058587545924256,0.6,700.0,700.0,0.91128902563838,0.9981622997499985,0.9939389463955834,67.54263703321114,16.092063695440135,67.54263703321114,2.691038995555884,2.691038995555884,3.00000132,2.92748351,0.006,0.2730923614285715,MISSING,0.2790923614285715,1.7742194872324002,20,20,20,0.2790923614285715,489.314653,464.035504,308.94087,461.536552,220.36465300000003,304.340365,298.15,305.34429,0.04435258255435919,488.945779,460.356789,220.36465300000003,1.1750870280703675e-05,False,66080,0.02397,False,2.8235105804000002,158.58244677316898,158.609644,75.11807800000003,0.2620000000024447,0.2620000000024447,5.883022064803616,FC-40,Plate-Fin,medium,20.071050152757874,9.50571902750616,9.50734927853232,4080,0.06301265,0.06301265,0.000355545958,1.1250304245779736e-07,calibration,False,True,n,0.91128902563838,3.5144933e-05,1.459794e-05,0.00019951741,2.6368403e-05,0.0011563795,False,rc=0 wall_s=887 iterations=4080 end=2026-09-04_15:54:48,0.006142385030926113,False,0.00025,chtMultiRegionSimpleFoam unit cell (this campaign),0.007996222116308382
C059,0.4543082600000001,0.0019416900000000005,0.4543082600000001,0.0017933845245126994,0.0017933845245126994,0.015198173936548301,0.015980000000000005,0.015980000000000005,1.0753209772407382,0.45940439248311127,1.0753209772407382,0.45946624337251757,0.6,700.0,700.0,0.8831267902869233,0.9995949953946969,0.9940688439893488,67.54263703321114,16.092063695440135,67.54263703321114,5.382077991111768,5.382077991111768,3.00000132,2.96629497,0.006,0.1787287228571429,MISSING,0.1847287228571429,4.6749283885230675,40,40,40,0.1847287228571429,423.260106,398.198537,300.803374,407.717597,154.31010600000002,301.375008,298.15,301.953631,0.03939788229511442,422.899986,394.694047,154.31010600000002,8.73690660558919e-05,False,66080,0.02397,False,2.9129217434,94.62949126874668,94.64223150000004,40.433561499999996,0.9740000000019791,0.9740000000019791,2.9026512761667678,FC-40,Plate-Fin,medium,37.78265254906229,16.141707367451932,16.143880570350184,4068,0.06301265,0.06301265,0.000711090138,2.8125838563235674e-08,calibration,False,True,n,0.8831267902869233,3.9999951e-05,8.0957082e-05,0.00034603329,7.0323668e-05,0.0032717836,False,rc=0 wall_s=868 iterations=4068 end=2026-09-04_15:54:46,0.04409643017695914,False,0.00025,chtMultiRegionSimpleFoam unit cell (this campaign),0.015992444232616764
C060,0.4543082600000001,0.0019416900000000005,0.4543082600000001,0.0017933845245126994,0.0017933845245126994,0.015198173936548301,0.015980000000000005,0.015980000000000005,1.4979679094378604,0.6602926449585443,1.4979679094378604,0.6603606671106018,0.6,700.0,700.0,0.8784052266129042,0.9988865519744408,0.995038051459556,67.54263703321114,17.08979506268621,67.54263703321114,9.418636484445594,9.418636484445594,3.00000132,2.99194362,0.006,0.13406045142857148,MISSING,0.1400604514285715,8.511634137096705,70,70,70,0.1400604514285715,391.992316,369.110062,299.21082,373.652257,123.04231600000004,299.98919,298.15,300.483361,0.03454931717613236,391.616732,365.687109,123.04231600000004,0.000458216664967401,False,66080,0.02397,False,3.0959166726,66.3635918429967,66.37042850000006,29.255570500000033,2.918999999994412,2.918999999994412,3.1971770132421162,FC-40,Plate-Fin,medium,52.6701966685533,23.216614487967735,23.21900622153166,4039,0.06305736926225,0.06305736926225,0.00124441219,1.6071845069344704e-07,calibration,False,True,n,0.8784052266129042,0.00010661361,0.00030687218,0.0010280584,0.00020820456,0.0080164595,False,rc=0 wall_s=951 iterations=4039 end=2026-09-04_16:10:37,0.1795551866477986,False,0.00025,chtMultiRegionSimpleFoam unit cell (this campaign),0.02798677740707934
C061,0.4543082600000001,0.0019416900000000005,0.4543082600000001,0.0017933845245126994,0.0017933845245126994,0.015198173936548301,0.015980000000000005,0.015980000000000005,2.149845029814305,0.8464449546672765,2.149845029814305,0.8465009150242617,0.6,700.0,700.0,0.8693480337031174,0.99826109007782,0.9932698245862568,67.54263703321114,28.459638789731187,67.54263703321114,13.45519497777942,13.45519497777942,3.00000132,3.0471043,0.006,0.10829606714285717,MISSING,0.11429606714285717,13.06519662968826,100,100,100,0.11429606714285717,373.957247,354.63612,298.728671,362.46258,105.00724700000002,299.303348,298.15,299.623055,0.027773616185520603,373.596023,351.187926,105.00724700000002,0.0013204031338208302,False,66080,0.02397,False,2.7716146605,52.29794096690236,52.301398500000005,20.59230050000002,5.888000000006286,5.888000000006286,7.612885300330466,FC-40,Plate-Fin,medium,76.20835002871556,30.005034079547528,30.007017779029916,4101,0.06357243135424999,0.06357243135424999,0.00177772979,1.6875456673609695e-07,calibration,False,True,n,0.8693480337031174,0.00024435829,0.00064391535,0.0023579152,0.00041691099,0.011845621,False,rc=0 wall_s=1058 iterations=4101 end=2026-09-04_16:12:26,0.11262671173782911,False,0.00025,chtMultiRegionSimpleFoam unit cell (this campaign),0.03998111058154191
C062,0.4543082600000001,0.0019416900000000005,0.4543082600000001,0.0017933845245126994,0.0017933845245126994,0.015198173936548301,0.015980000000000005,0.015980000000000005,4.568546785443595,0.9873770987759625,4.568546785443595,0.9874364290169431,0.6,700.0,700.0,0.8493774275702465,0.9962600059570247,0.9991711777538068,67.54263703321114,35.12982467824029,67.54263703321114,20.182792466669135,20.182792466669135,3.00000132,2.98438752,0.006,0.09975482285714293,MISSING,0.10575482285714294,22.593385864463027,150,150,150,0.10575482285714294,367.978376,345.753834,298.425471,367.562323,99.02837600000005,299.118993,298.15,299.32346,0.026495480385304925,367.595292,342.439063,99.02837600000005,0.004120653461944948,False,66080,0.02397,False,3.3140046379999997,43.69970713987159,43.70233300000001,9.445165999999972,12.25,12.25,10.466772661286685,FC-40,Plate-Fin,medium,162.72928871790643,35.169864844573596,35.17197815726747,4023,0.06387943514149999,0.06387943514149999,0.00266659691,1.0500274794737683e-06,calibration,False,True,n,0.8493774275702465,0.00018919834,0.00045896568,0.0020199178,0.00046481782,0.0082912878,False,rc=0 wall_s=1126 iterations=4023 end=2026-09-04_16:18:44,0.1786183900336679,False,0.00025,chtMultiRegionSimpleFoam unit cell (this campaign),0.059971665872312875
C063,0.4543082600000001,0.0019416900000000005,0.4543082600000001,0.0017933845245126994,0.0017933845245126994,0.015198173936548301,0.015980000000000005,0.015980000000000005,7.4926385358943355,1.4592917406465458,7.4926385358943355,1.4593482964909463,0.6,700.0,700.0,0.8169675408654825,0.9936886006163879,0.9979812586742349,67.54263703321114,46.04613098126937,67.54263703321114,33.63798744444855,33.63798744444855,3.00000132,2.99513545,0.006,0.07538274000000002,MISSING,0.08138274000000002,45.758114783629374,250,250,250,0.08138274000000002,350.917918,331.159549,298.24585,346.102603,81.96791800000001,298.683051,298.15,298.784881,0.02133464945187756,350.578623,327.908211,81.96791800000001,0.02000955683133368,False,66080,0.02397,False,2.992070822,29.439629547124408,29.440770500000042,5.733984499999963,35.69100000000617,35.69100000000617,0.2643498170194104,FC-40,Plate-Fin,medium,269.017206634519,52.39470526342431,52.39673585587937,4005,0.06439004002325,0.06439004002325,0.0044443267,1.3500357604280495e-07,calibration,True,True,n,0.8169675408654825,6.4409116e-06,4.4758747e-06,3.7614492e-05,8.9977491e-06,0.00011935777,False,rc=0 wall_s=1237 iterations=4005 end=2026-09-04_16:31:14,0.006032713945296516,False,0.00025,chtMultiRegionSimpleFoam unit cell (this campaign),0.09995277645385478
C064,0.3439983200000001,0.0014702800000000005,0.3439983200000001,0.0017604561267877852,0.0017604561267877852,0.014919119718540553,0.011985000000000004,0.011985000000000004,0.2635417078164936,0.08051421406737068,0.2635417078164936,0.08057941958635552,0.7,700.0,700.0,0.9808053277547285,0.9991512111767245,0.9909293249123606,67.54263703321114,16.092063695440135,67.54263703321114,0.2056030089044026,0.2056030089044026,3.00000132,2.73240395,0.006,0.9840594742857143,MISSING,0.9900594742857143,0.03838934449054299,2,2,2,0.9900594742857143,986.991632,978.309135,636.386246,919.148089,718.041632,349.84588,298.15,361.675761,0.09388562019029939,986.533778,974.779295,718.041632,3.084045135440974e-08,False,66080,0.027965000000000004,False,2.44471233106,644.3445833742707,644.8664145,197.01212750000002,0.00900000000547152,0.00900000000547152,18.50962482043175,FC-40,Plate-Fin,medium,9.433044733323712,2.8818747106805245,2.8842086356692476,4023,0.06301265,0.06301265,2.71647246e-05,3.2026829694046503e-07,calibration,False,True,n,0.9808053277547285,2.1370672e-05,1.4967943e-05,2.6689645e-05,2.3486843e-05,0.00016271582,False,rc=0 wall_s=2479 iterations=4023 end=2026-09-04_16:53:46,0.03681807145300539,False,0.00025,chtMultiRegionSimpleFoam unit cell (this campaign),0.0006109340406051325
C065,0.3439983200000001,0.0014702800000000005,0.3439983200000001,0.0017604561267877852,0.0017604561267877852,0.014919119718540553,0.011985000000000004,0.011985000000000004,0.2464589553362796,0.09571431434406717,0.2464589553362796,0.09573708124695103,0.7,700.0,700.0,0.9737956300400514,0.9990897701510721,0.9934601720615833,67.54263703321114,16.092063695440135,67.54263703321114,0.5140075222610064,0.5140075222610064,3.00000132,2.79586846,0.006,0.8449029514285715,MISSING,0.8509029514285715,0.13102184979974285,5,5,5,0.8509029514285715,889.582066,871.422919,493.596729,811.343278,620.6320660000001,321.152639,298.15,327.798208,0.052025290353630065,889.142021,868.030683,620.6320660000001,2.1416980089222073e-07,False,66080,0.027965000000000004,False,2.6373488651,554.9245829221527,555.0565789999999,215.56067949999988,0.024999999994179234,0.024999999994179234,12.088409844433006,FC-40,Plate-Fin,medium,8.821595526102362,3.4259374590365574,3.426752363118048,4010,0.06301265,0.06301265,6.79120339e-05,5.889974214215657e-08,calibration,False,True,n,0.9737956300400514,2.0973364e-05,8.9843339e-06,4.484897e-05,1.6566718e-05,0.00017793933,False,rc=0 wall_s=2044 iterations=4010 end=2026-09-04_16:52:48,0.018268220047187252,False,0.00025,chtMultiRegionSimpleFoam unit cell (this campaign),0.001527335101512831
C066,0.3439983200000001,0.0014702800000000005,0.3439983200000001,0.0017604561267877852,0.0017604561267877852,0.014919119718540553,0.011985000000000004,0.011985000000000004,0.3350557197104814,0.1442954107931622,0.3350557197104814,0.144318649591702,0.7,700.0,700.0,0.9648470955897266,0.9986958650121672,0.9951047233254267,67.54263703321114,16.092063695440135,67.54263703321114,1.0280150445220129,1.0280150445220129,3.00000132,2.86226979,0.006,0.5810336242857144,MISSING,0.5870336242857144,0.3515290441027341,10,10,10,0.5870336242857144,704.873537,686.637651,382.235144,659.829375,435.92353700000007,311.710139,298.15,314.717757,0.043009750384367065,704.443215,683.359327,435.92353700000007,9.252135401336392e-07,False,66080,0.027965000000000004,False,2.73435725203,376.8647543722002,376.9254485,162.3270675,0.05400000000372529,0.05400000000372529,8.854798369555379,FC-40,Plate-Fin,medium,11.99277191595682,5.164818411865939,5.16565020668123,4021,0.06301265,0.06301265,0.000135823623,1.2516232202473031e-07,calibration,False,True,n,0.9648470955897266,2.14739e-05,9.5256324e-06,6.6831904e-05,1.2719344e-05,0.00028736553,False,rc=0 wall_s=1150 iterations=4021 end=2026-09-04_16:50:24,0.008280259782259386,False,0.00025,chtMultiRegionSimpleFoam unit cell (this campaign),0.003054670203025662
C067,0.3439983200000001,0.0014702800000000005,0.3439983200000001,0.0017604561267877852,0.0017604561267877852,0.014919119718540553,0.011985000000000004,0.011985000000000004,0.41650991439976,0.18484248428536876,0.41650991439976,0.18486299760370498,0.7,700.0,700.0,0.9518599402023683,0.9981288595909262,0.995257073649345,67.54263703321114,16.092063695440135,67.54263703321114,2.0560300890440257,2.0560300890440257,3.00000132,2.85368435,0.006,0.47284591714285723,MISSING,0.47884591714285724,0.9628011959526339,20,20,20,0.47884591714285724,629.142142,599.919632,331.842005,601.503138,360.19214200000005,308.07933,298.15,308.854487,0.035835394924174126,628.772033,596.862684,360.19214200000005,4.249128850559342e-06,False,66080,0.027965000000000004,False,3.3718522239,293.3278877653736,293.3604405,130.19011249999994,0.1239999999961583,0.1239999999961583,12.395024676189143,FC-40,Plate-Fin,medium,14.908291696817615,6.616134642705858,6.616868883411429,4039,0.06301265,0.06301265,0.000271647246,2.57687115972032e-07,calibration,False,True,n,0.9518599402023683,2.3068379e-05,1.5701368e-05,0.00010354648,2.3146942e-05,0.00089436519,False,rc=0 wall_s=839 iterations=4039 end=2026-09-04_17:04:23,0.02350652480996489,False,0.00025,chtMultiRegionSimpleFoam unit cell (this campaign),0.006109340406051324
C068,0.3439983200000001,0.0014702800000000005,0.3439983200000001,0.0017604561267877852,0.0017604561267877852,0.014919119718540553,0.011985000000000004,0.011985000000000004,0.7897471837034409,0.3485263597727829,0.7897471837034409,0.3485533518397499,0.7,700.0,700.0,0.9331361222577078,0.9997009800029734,0.9958573841092352,67.54263703321114,16.092063695440135,67.54263703321114,4.1120601780880515,4.1120601780880515,3.00000132,2.93730023,0.006,0.27566960714285715,MISSING,0.28166960714285716,2.6745551096916875,40,40,40,0.28166960714285716,491.118725,463.660521,306.440556,473.681387,222.168725,302.281302,298.15,303.031696,0.030025566067447714,490.767086,460.734645,222.168725,2.2273659297777486e-05,False,66080,0.027965000000000004,False,2.8641480609,160.1313954205283,160.143797,70.6736735,0.3249999999970896,0.3249999999970896,4.528439977486414,FC-40,Plate-Fin,medium,28.267709781551094,12.474931462341301,12.475897599266094,4056,0.06301265,0.06301265,0.000543295382,1.9956035122078477e-14,calibration,False,True,n,0.9331361222577078,2.4347517e-05,1.1590678e-05,0.00016654437,1.552963e-05,0.0010843511,False,rc=0 wall_s=951 iterations=4056 end=2026-09-04_17:08:39,0.0021911043717758242,True,0.00025,chtMultiRegionSimpleFoam unit cell (this campaign),0.012218680812102648
C069,0.3439983200000001,0.0014702800000000005,0.3439983200000001,0.0017604561267877852,0.0017604561267877852,0.014919119718540553,0.011985000000000004,0.011985000000000004,1.2454202648052304,0.5370815713135917,1.2454202648052304,0.5371146085948001,0.7,700.0,700.0,0.9152859406522599,0.9987765895099461,0.9956139461451283,67.54263703321114,16.092063695440135,67.54263703321114,7.196105311654091,7.196105311654091,3.00000132,2.9554279,0.006,0.19164816714285718,MISSING,0.19764816714285718,5.929984154341809,70,70,70,0.19764816714285718,432.303717,407.010369,300.775252,417.306721,163.35371700000002,300.505554,298.15,300.990705,0.026803344012035383,431.940971,404.133231,163.35371700000002,0.0001103402814451533,False,66080,0.027965000000000004,False,2.9132813565,104.55644696161754,104.56287850000001,45.09224449999999,0.9199999999982538,0.9199999999982538,2.890664178107754,FC-40,Plate-Fin,medium,44.57778302732981,19.223957109561642,19.2251396250507,4040,0.06301265,0.06301265,0.000950765807,0.0,calibration,False,True,n,0.9152859406522599,2.8991528e-05,4.1101957e-05,0.0003294975,3.3870714e-05,0.0034587725,False,rc=0 wall_s=909 iterations=4040 end=2026-09-04_17:08:55,0.04824995472812918,False,0.00025,chtMultiRegionSimpleFoam unit cell (this campaign),0.02138269142117964
C070,0.3439983200000001,0.0014702800000000005,0.3439983200000001,0.0017604561267877852,0.0017604561267877852,0.014919119718540553,0.011985000000000004,0.011985000000000004,1.6127851747703927,0.670886173727082,1.6127851747703927,0.670917689546514,0.7,700.0,700.0,0.904779358279468,0.9990045928927029,0.9965454184429237,67.54263703321114,16.092063695440135,67.54263703321114,10.28015044522013,10.28015044522013,3.00000132,2.97844702,0.006,0.16189732428571427,MISSING,0.16789732428571427,9.522064172053202,100,100,100,0.16789732428571427,411.478127,386.342462,299.464083,397.375079,142.52812699999998,299.846178,298.15,300.15286,0.02346318982631513,411.132782,383.511795,142.52812699999998,0.0003949291129360099,False,66080,0.027965000000000004,False,2.8954407,84.35640223963165,84.360365,35.09221400000001,2.304999999993015,2.304999999993015,3.4853524664449145,FC-40,Plate-Fin,medium,57.727009606554155,24.013274180277136,24.014402237528387,4047,0.06301265,0.06301265,0.00135823623,4.417493690346622e-07,calibration,False,True,n,0.904779358279468,0.00015140672,0.00028348875,0.001295109,0.00015049203,0.0088069456,False,rc=0 wall_s=916 iterations=4047 end=2026-09-04_17:19:39,0.08936062716148079,False,0.00025,chtMultiRegionSimpleFoam unit cell (this campaign),0.030546702030256622
C071,0.3439983200000001,0.0014702800000000005,0.3439983200000001,0.0017604561267877852,0.0017604561267877852,0.014919119718540553,0.011985000000000004,0.011985000000000004,2.315395286843388,0.9399985312873701,2.315395286843388,0.9400370725703039,0.7,700.0,700.0,0.90310994771949,0.9995741899645527,0.9976836834633126,67.54263703321114,21.948735945244692,67.54263703321114,15.420225667830195,15.420225667830195,3.00000132,3.03053091,0.006,0.11886880714285715,MISSING,0.12486880714285715,14.533507842076492,150,150,150,0.12486880714285715,381.358165,362.675248,298.849469,371.282139,112.40816500000001,299.357142,298.15,299.503163,0.021937348804742417,381.025538,359.833069,112.40816500000001,0.0008966861225846849,False,66080,0.027965000000000004,False,2.9276107330000003,61.00398624939608,61.00648750000005,24.767265000000066,3.489000000001397,3.489000000001397,2.4130185049385138,FC-40,Plate-Fin,medium,83.22247308542937,33.786456643028345,33.78784193602771,4064,0.06327624205775,0.06327624205775,0.00203735657,2.944992577330331e-07,calibration,False,True,n,0.90310994771949,0.0001897577,0.00039792684,0.001576481,0.00023864923,0.0085528778,False,rc=0 wall_s=1003 iterations=4064 end=2026-09-04_17:25:22,0.11405337287015449,False,0.00025,chtMultiRegionSimpleFoam unit cell (this campaign),0.04582005304538494
C072,0.3439983200000001,0.0014702800000000005,0.3439983200000001,0.0017604561267877852,0.0017604561267877852,0.014919119718540553,0.011985000000000004,0.011985000000000004,2.112585170736667,1.2571756170818784,2.112585170736667,1.2572174423977276,0.7,700.0,700.0,0.8871550683761213,0.9995765837673081,0.9938892564188656,67.54263703321114,34.728830436109234,67.54263703321114,25.70037611305033,25.70037611305033,3.00000132,2.985394,0.006,0.08863975857142861,MISSING,0.09463975857142862,28.211232905969663,250,250,250,0.09463975857142862,360.197831,345.918355,298.436958,334.809334,91.24783100000003,298.733305,298.15,299.039601,0.019782544361461436,359.835869,343.118988,91.24783100000003,0.005003863229211198,False,66080,0.027965000000000004,False,3.1956122369999997,44.52270626203563,44.52418749999998,26.495841999999982,11.682000000000698,11.682000000000698,6.520361031041139,FC-40,Plate-Fin,medium,76.6344210325529,45.604279953227625,45.60579717435982,4032,0.06386087429675,0.06386087429675,0.0033955928,8.834981591469365e-08,calibration,False,True,n,0.8871550683761213,0.00018678352,0.00058721524,0.0021214715,0.00039178667,0.010325644,False,rc=0 wall_s=1062 iterations=4032 end=2026-09-04_17:26:37,0.1509955829381495,False,0.00025,chtMultiRegionSimpleFoam unit cell (this campaign),0.07636675507564156
C073,0.23368837999999995,0.0009988699999999998,0.23368837999999995,0.0016980984340044744,0.0016980984340044744,0.014390664694953174,0.007989999999999999,0.007989999999999999,0.3540153968883434,0.09787341593666599,0.3540153968883434,0.09796727713685591,0.8,700.0,700.0,0.9879905287326313,0.9994968173164502,0.9928050347433509,67.54263703321114,16.092063695440135,67.54263703321114,0.14210211825321675,0.14210211825321675,3.00000132,2.76570607,0.006,1.1640811428571431,MISSING,1.1700811428571432,0.024018942534737464,2,2,2,1.1700811428571432,1113.0068,1103.97525,742.508082,1038.70999,844.0568000000002,372.413901,298.15,379.863551,0.10173124589539856,1112.54825,1101.37963,844.0568000000002,1.1841843198796638e-08,False,66080,0.03196000000000001,False,2.2294256862900004,761.6424347802028,762.3728544999999,210.77059399999985,0.005000000004656613,0.005000000004656613,25.685843155228998,FC-40,Plate-Fin,medium,13.136722731750362,3.631864430955188,3.6353474109978703,4022,0.06301265,0.06301265,1.87748534e-05,2.0239837747834081e-07,calibration,False,True,n,0.9879905287326313,2.1920279e-05,1.6094332e-05,2.4863451e-05,1.5711115e-05,0.00013075966,False,rc=0 wall_s=2667 iterations=4022 end=2026-09-04_18:04:06,0.02754552927884606,False,0.00025,chtMultiRegionSimpleFoam unit cell (this campaign),0.00042224586957942655
C074,0.23368837999999995,0.0009988699999999998,0.23368837999999995,0.0016980984340044744,0.0016980984340044744,0.014390664694953174,0.007989999999999999,0.007989999999999999,0.3536389342614218,0.12055428043601796,0.3536389342614218,0.12059457869174056,0.8,700.0,700.0,0.9856402069321557,0.9994647181401001,0.9946142522782758,67.54263703321114,16.092063695440135,67.54263703321114,0.35525529563304187,0.35525529563304187,3.00000132,2.81116977,0.006,0.9454821500000001,MISSING,0.9514821500000001,0.07179896533922148,5,5,5,0.9514821500000001,959.987505,949.752104,574.796451,890.641311,691.0375050000001,331.783576,298.15,337.982942,0.061372822788892424,959.551979,947.182262,691.0375050000001,8.289290228818356e-08,False,66080,0.03196000000000001,False,2.5235932724800003,628.9055637302515,629.1157910000001,214.46338100000003,0.013999999995576218,0.013999999995576218,15.880261263351699,FC-40,Plate-Fin,medium,13.122753042318196,4.473500785936554,4.474996164433235,4007,0.06301265,0.06301265,4.69369113e-05,7.243765392478586e-08,calibration,False,True,n,0.9856402069321557,2.1063084e-05,8.9307837e-06,3.497319e-05,1.0025612e-05,0.0001283732,False,rc=0 wall_s=2386 iterations=4007 end=2026-09-04_18:05:08,0.012741526337921858,False,0.00025,chtMultiRegionSimpleFoam unit cell (this campaign),0.0010556146739485663
C075,0.23368837999999995,0.0009988699999999998,0.23368837999999995,0.0016980984340044744,0.0016980984340044744,0.014390664694953174,0.007989999999999999,0.007989999999999999,nan,23366505589.578312,nan,23368298303.667404,0.8,700.0,700.0,0.9821066438463829,0.9999107106555138,nan,67.54263703321114,16.092063695440135,67.54263703321114,0.7105105912660837,0.7105105912660837,3.00000132,-1576577120000.0,0.006,3.6835776857142855,MISSING,3.6895776857142852,0.1789335615361709,10,10,10,3.6895776857142852,2876.65438,2126.5091,nan,nan,2607.7043799999997,nan,298.15,353.37896,0.029886870194727976,3285.37327,2146.08388,2607.7043799999997,-1.7715397409408334e-06,False,66080,0.03196000000000001,False,7.428942688729999,1820.1797530221747,1820.3194,nan,-0.14960000000428408,-0.14960000000428408,147.63131399988848,FC-40,Plate-Fin,medium,nan,867078968424.078,867145492050.2612,1647,0.06301265,0.06301265,9.38742672e-05,4.544376351733691e-05,calibration,False,True,n,0.9821066438463829,0.0064956311,0.15241668,0.05533711,0.99059057,0.94955135,False,rc=1 wall_s=680 iterations=1648 end=2026-09-04_17:37:57,0.692561944824251,False,0.00025,chtMultiRegionSimpleFoam unit cell (this campaign),0.0021112293478971326
C076,0.23368837999999995,0.0009988699999999998,0.23368837999999995,0.0016980984340044744,0.0016980984340044744,0.014390664694953174,0.007989999999999999,0.007989999999999999,0.3995338962730076,0.18153593216203445,0.3995338962730076,0.18154832525356676,0.8,700.0,700.0,0.9772193308602205,0.9991630306424879,0.9964811450691551,67.54263703321114,16.092063695440135,67.54263703321114,1.4210211825321675,1.4210211825321675,3.00000132,2.85117479,0.006,0.6513364414285715,MISSING,0.6573364414285715,0.45561338279558994,20,20,20,0.6573364414285715,754.085509,730.336244,380.239587,690.585856,485.135509,308.042086,298.15,310.277181,0.028216407715091617,753.662118,727.941812,485.135509,1.4683885554100682e-06,False,66080,0.03196000000000001,False,2.7281749271,423.69929640456587,423.7282215,192.52909050000005,0.062000000005355105,0.062000000005355105,9.060875776547991,FC-40,Plate-Fin,medium,14.825812841495734,6.736394031513417,6.736853911531857,4027,0.06301265,0.06301265,0.000187748534,1.278305564763562e-07,calibration,False,True,n,0.9772193308602205,1.9453562e-05,7.9422645e-06,6.7952641e-05,7.3627232e-06,0.0001589537,False,rc=0 wall_s=1591 iterations=4027 end=2026-09-04_18:04:28,0.008040903753794341,False,0.00025,chtMultiRegionSimpleFoam unit cell (this campaign),0.004222458695794265
C077,0.23368837999999995,0.0009988699999999998,0.23368837999999995,0.0016980984340044744,0.0016980984340044744,0.014390664694953174,0.007989999999999999,0.007989999999999999,0.5406459825624154,0.2682519292368738,0.5406459825624154,0.26826324478993396,0.8,700.0,700.0,0.9698231897356424,0.9991539214604904,0.9964155722553905,67.54263703321114,16.092063695440135,67.54263703321114,2.842042365064335,2.842042365064335,3.00000132,2.88803835,0.006,0.46024541428571425,MISSING,0.46624541428571425,1.2070724105743036,40,40,40,0.46624541428571425,620.32179,594.173081,328.019389,567.500613,351.37179,303.488187,298.15,304.684718,0.02224756749970907,619.922354,591.877303,351.37179,6.584064812189499e-06,False,66080,0.03196000000000001,False,2.7907050486,290.44769217284136,290.459944,144.117302,0.13899999999557622,0.13899999999557622,6.976539310322702,FC-40,Plate-Fin,medium,20.06216800563978,9.954231504098637,9.954651399064828,4013,0.06301265,0.06301265,0.000375497069,5.326273533252563e-08,calibration,False,True,n,0.9698231897356424,1.9188127e-05,6.853506e-06,8.2112094e-05,4.8381965e-06,0.00030458014,False,rc=0 wall_s=1281 iterations=4013 end=2026-09-04_18:25:27,0.0043893250952862835,True,0.00025,chtMultiRegionSimpleFoam unit cell (this campaign),0.00844491739158853
C078,0.23368837999999995,0.0009988699999999998,0.23368837999999995,0.0016980984340044744,0.0016980984340044744,0.014390664694953174,0.007989999999999999,0.007989999999999999,0.8042504899191425,0.39599163583134894,0.8042504899191425,0.39600473616176846,0.8,700.0,700.0,0.9604625378648864,0.9991953647061058,0.9968449193139686,67.54263703321114,16.092063695440135,67.54263703321114,4.973574138862586,4.973574138862586,3.00000132,2.91489185,0.006,0.3278275385714286,MISSING,0.3338275385714286,2.767622349457949,70,70,70,0.3338275385714286,527.629277,500.95246,309.233555,492.644699,258.679277,301.410552,298.15,302.106748,0.019727442416654643,527.248569,498.720754,258.679277,2.4453406182596297e-05,False,66080,0.03196000000000001,False,2.8649948513,198.5858103164603,198.59238,97.78162700000001,0.29499999999825377,0.29499999999825377,4.500213643239326,FC-40,Plate-Fin,medium,29.843944036915545,14.694367447666172,14.694853571744188,4012,0.06301265,0.06301265,0.000657119426,9.13075998332265e-08,calibration,False,True,n,0.9604625378648864,1.6653472e-05,3.1120271e-06,0.00010083964,4.5370113e-06,0.00024493785,False,rc=0 wall_s=1213 iterations=4012 end=2026-09-04_18:24:41,0.0038239881625928202,True,0.00025,chtMultiRegionSimpleFoam unit cell (this campaign),0.014778605435279929
C079,0.23368837999999995,0.0009988699999999998,0.23368837999999995,0.0016980984340044744,0.0016980984340044744,0.014390664694953174,0.007989999999999999,0.007989999999999999,1.0048013605821877,0.4945298204383308,1.0048013605821877,0.49454316799273157,0.8,700.0,700.0,0.9538106822395664,0.9996438460007531,0.996601940126145,67.54263703321114,16.092063695440135,67.54263703321114,7.105105912660837,7.105105912660837,3.00000132,2.92658891,0.006,0.2705498,MISSING,0.2765498,4.618931776043356,100,100,100,0.2765498,487.53486,461.439821,304.120939,457.213392,218.58486,300.46372,298.15,301.023294,0.017835869987763805,487.153851,459.246375,218.58486,6.216967673509303e-05,False,66080,0.03196000000000001,False,2.9360892612,159.65541883743748,159.65972800000003,78.57920949999999,0.5249999999941792,0.5249999999941792,2.130401022623556,FC-40,Plate-Fin,medium,37.28594007626437,18.350899963059078,18.35139526106829,4051,0.06301265,0.06301265,0.000938742672,6.391527665831674e-08,calibration,False,True,n,0.9538106822395664,2.2403559e-05,1.8286193e-05,0.00024236237,2.3352947e-05,0.0021090419,False,rc=0 wall_s=1191 iterations=4051 end=2026-09-04_18:24:59,0.02006318915935749,False,0.00025,chtMultiRegionSimpleFoam unit cell (this campaign),0.021112293478971325
C080,0.23368837999999995,0.0009988699999999998,0.23368837999999995,0.0016980984340044744,0.0016980984340044744,0.014390664694953174,0.007989999999999999,0.007989999999999999,1.3468897279505605,0.6591486041232052,1.3468897279505605,0.6591627313916966,0.8,700.0,700.0,0.9451775536900474,0.999425460013937,0.9968102601113183,67.54263703321114,16.092063695440135,67.54263703321114,10.657658868991255,10.657658868991255,3.00000132,2.93932363,0.006,0.21378021142857148,MISSING,0.2197802114285715,8.223366946492888,150,150,150,0.2197802114285715,447.796148,421.59998,300.773766,420.31633,178.84614800000003,299.683058,298.15,300.079345,0.015909304779349542,447.429497,419.421484,178.84614800000003,0.00019308125317647556,False,66080,0.03196000000000001,False,2.9239036499999997,120.30423306747275,120.30681150000004,58.87643600000001,1.0869999999995343,1.0869999999995343,2.5365878839013387,FC-40,Plate-Fin,medium,49.98007731259722,24.459536301235794,24.460060532697923,4015,0.06301265,0.06301265,0.00140811179,5.255264486987135e-07,calibration,False,True,n,0.9451775536900474,1.0287647e-05,9.7664761e-06,7.1239493e-05,1.0520575e-05,0.00083452836,False,rc=0 wall_s=1131 iterations=4015 end=2026-09-04_18:45:09,0.01872901696628303,False,0.00025,chtMultiRegionSimpleFoam unit cell (this campaign),0.031668440218456995
C081,0.23368837999999995,0.0009988699999999998,0.23368837999999995,0.0016980984340044744,0.0016980984340044744,0.014390664694953174,0.007989999999999999,0.007989999999999999,1.8973185401820807,0.9930440058883464,1.8973185401820807,0.9930607377528778,0.8,700.0,700.0,0.9325431282781914,0.998607765230223,0.9965081889777743,67.54263703321114,16.092063695440135,67.54263703321114,17.762764781652095,17.762764781652095,3.00000132,2.9588664,0.006,0.14778779285714286,MISSING,0.15378779285714286,16.864217930452146,250,250,250,0.15378779285714286,401.601455,381.287174,299.035923,375.032553,132.651455,299.040839,298.15,299.293023,0.014118717446929076,401.195408,379.107991,132.651455,0.0007862983876685922,False,66080,0.03196000000000001,False,2.845718362,80.3851250856787,80.38647950000001,42.07375300000001,2.6560000000026776,2.6560000000026776,5.142763003850946,FC-40,Plate-Fin,medium,70.40526433386333,36.8496508356567,36.85027171787557,4011,0.06301265,0.06301265,0.00234685446,4.6871247066446975e-07,calibration,False,True,n,0.9325431282781914,0.00011711064,0.00040421676,0.0016273759,0.0001637772,0.012532794,False,rc=0 wall_s=1190 iterations=4011 end=2026-09-04_18:46:08,0.0522482627703816,False,0.00025,chtMultiRegionSimpleFoam unit cell (this campaign),0.05278073369742832
C082,0.12337843999999996,0.0005274599999999999,0.12337843999999996,0.0015349848331648128,0.0015349848331648128,0.013008346043769601,0.003994999999999999,0.003994999999999999,0.6092744274088129,0.14017552621051457,0.6092744274088129,0.1403154446282774,0.9,700.0,700.0,0.993811705588934,0.9997182237128556,0.9948676399701328,67.54263703321114,16.092063695440135,67.54263703321114,0.07860122760203096,0.07860122760203096,3.00000132,2.81317544,0.006,1.4138815142857144,MISSING,1.4198815142857144,0.012376588822132106,2,2,2,1.4198815142857144,1287.86706,1277.27911,900.199369,1224.67472,1018.9170600000001,427.609219,298.15,399.497601,0.10367743725977861,1287.41185,1275.67803,1018.9170600000001,2.620040911069818e-09,False,66080,0.03595500000000001,False,1.390695671461,925.9299978330442,926.8542295000001,213.24098550000008,0.001999999993131496,0.001999999993131496,53.643498014827536,FC-40,Plate-Fin,medium,25.011319603142784,5.75434439534986,5.760088185188399,4024,0.06301265,0.06301265,1.03849823e-05,2.705830440831771e-07,calibration,False,True,n,0.993811705588934,2.1997553e-05,2.6540298e-05,3.0819528e-05,1.1491676e-05,0.00023631573,False,rc=0 wall_s=2659 iterations=4024 end=2026-09-04_19:10:37,0.026274016337947785,False,0.00025,chtMultiRegionSimpleFoam unit cell (this campaign),0.00023355769855372085
C083,0.12337843999999996,0.0005274599999999999,0.12337843999999996,0.0015349848331648128,0.0015349848331648128,0.013008346043769601,0.003994999999999999,0.003994999999999999,nan,4.104504616151355e+26,nan,4.104623673747846e+26,0.9,700.0,700.0,0.9919546518942054,0.9999804834182511,nan,67.54263703321114,16.092063695440135,67.54263703321114,0.19650306900507744,0.19650306900507744,3.00000132,-1.73612233e+28,0.006,4.698842871428571,MISSING,4.704842871428571,0.040226740528973015,5,5,5,4.704842871428571,3587.34001,2299.41678,nan,nan,3318.3900099999996,nan,298.15,334.594656,0.01848396182541246,4006.84968,2269.84072,3318.3900099999996,-7.794621735691591e-08,False,66080,0.03595500000000001,False,1.06425266643,1953.4117302277994,1953.4683920000002,nan,-0.023799999995389953,-0.023799999995389953,64.52492672803224,FC-40,Plate-Fin,medium,nan,1.684939858771619e+28,1.6849887330959473e+28,740,0.06301265,0.06301265,2.59624112e-05,3.3144070993561974e-05,calibration,False,True,n,0.9919546518942054,0.0047555501,0.19816948,0.021315617,0.9974575,0.99994737,False,rc=1 wall_s=371 iterations=741 end=2026-09-04_18:51:20,0.980235570841843,False,0.00025,chtMultiRegionSimpleFoam unit cell (this campaign),0.0005838942463843021
C084,0.12337843999999996,0.0005274599999999999,0.12337843999999996,0.0015349848331648128,0.0015349848331648128,0.013008346043769601,0.003994999999999999,0.003994999999999999,0.547854346172354,0.19070092434392258,0.547854346172354,0.19073459830529232,0.9,700.0,700.0,0.9928218920206138,0.9996738737623115,0.9966243407180564,67.54263703321114,16.092063695440135,67.54263703321114,0.3930061380101549,0.3930061380101549,3.00000132,2.81722866,0.006,1.0134965,MISSING,1.0194965,0.07178107979386228,10,10,10,1.0194965,1007.59755,997.70322,594.882357,922.380163,738.64755,329.529316,298.15,329.551358,0.04498952516505268,1007.16685,996.120425,738.64755,8.515132994337696e-08,False,66080,0.03595500000000001,False,2.151717827,682.149292106083,682.2697459999999,237.48916499999996,0.013000000006286427,0.013000000006286427,28.276103991847574,FC-40,Plate-Fin,medium,22.48996434392179,7.828462106419941,7.829844455936406,4028,0.06301265,0.06301265,5.19249113e-05,2.3302880098606015e-07,calibration,False,True,n,0.9928218920206138,1.9928056e-05,8.0790442e-06,3.9380317e-05,5.5153742e-06,0.00012860528,False,rc=0 wall_s=2342 iterations=4028 end=2026-09-04_19:25:10,0.0076247872972695415,False,0.00025,chtMultiRegionSimpleFoam unit cell (this campaign),0.0011677884927686042
C085,0.12337843999999996,0.0005274599999999999,0.12337843999999996,0.0015349848331648128,0.0015349848331648128,0.013008346043769601,0.003994999999999999,0.003994999999999999,0.4660651832557995,0.19466576913888098,0.4660651832557995,0.1946769141266437,0.9,700.0,700.0,0.9915301030795822,0.9996033558225891,0.9975674777154334,67.54263703321114,16.092063695440135,67.54263703321114,0.7860122760203098,0.7860122760203098,3.00000132,2.80011031,0.006,0.9947448814285714,MISSING,1.0007448814285713,0.1693979384083555,20,20,20,1.0007448814285713,994.471417,972.726807,510.13527,877.26197,725.521417,314.462012,298.15,315.561477,0.025870739262547772,994.05296,971.168147,725.521417,3.6680572888420605e-07,False,66080,0.03595500000000001,False,2.23936674319,664.2743775208437,664.3124085,277.46952699999997,0.02800000000570435,0.02800000000570435,25.354474737697775,FC-40,Plate-Fin,medium,19.132438077015372,7.991222918104269,7.9916804309069835,4012,0.06301265,0.06301265,0.000103849823,6.836795583730636e-07,calibration,False,True,n,0.9915301030795822,1.9032044e-05,5.3036977e-06,4.7793927e-05,4.7221688e-06,0.00012423322,False,rc=0 wall_s=2407 iterations=4012 end=2026-09-04_19:31:27,0.008344106083040847,False,0.00025,chtMultiRegionSimpleFoam unit cell (this campaign),0.0023355769855372085
C086,0.12337843999999996,0.0005274599999999999,0.12337843999999996,0.0015349848331648128,0.0015349848331648128,0.013008346043769601,0.003994999999999999,0.003994999999999999,nan,12706579.234906748,nan,12706755.481557533,0.9,700.0,700.0,0.9852877169164679,0.9994990714796705,nan,67.54263703321114,16.092063695440135,67.54263703321114,1.5720245520406195,1.5720245520406195,3.00000132,-603447379.0,0.006,6.117813228571429,MISSING,6.1238132285714295,0.5884913233412847,40,40,40,6.1238132285714295,4580.61926,2479.88281,nan,nan,4311.669260000001,nan,298.15,326.44625,0.0128185482573307,5471.37733,2505.59576,4311.669260000001,-2.882569020260496e-05,False,66080,0.03595500000000001,False,7.4238187151999995,2193.2672132796083,2193.297635,nan,-1.1002000000007683,-1.1002000000007683,147.4605149573734,FC-40,Plate-Fin,medium,nan,521617681.6389934,521624916.7388326,1134,0.06301265,0.06301265,0.000207699201,2.1227813961895686e-05,calibration,False,True,n,0.9852877169164679,0.0014275416,0.071839306,0.01700566,0.88491268,0.61588562,False,rc=1 wall_s=592 iterations=1135 end=2026-09-04_19:20:29,0.8320096820271414,False,0.00025,chtMultiRegionSimpleFoam unit cell (this campaign),0.004671153971074417
C087,0.12337843999999996,0.0005274599999999999,0.12337843999999996,0.0015349848331648128,0.0015349848331648128,0.013008346043769601,0.003994999999999999,0.003994999999999999,0.6112769651340865,0.29710184187751937,0.6112769651340865,0.29710708722668683,0.9,700.0,700.0,0.9889393121600689,0.9994878414826163,0.9979237757503926,67.54263703321114,16.092063695440135,67.54263703321114,2.7510429660710836,2.7510429660710836,3.00000132,2.83382967,0.006,0.6698288557142859,MISSING,0.6758288557142859,0.7742481487951758,70,70,70,0.6758288557142859,767.030199,743.368618,361.7983,693.726493,498.08019900000005,303.386063,298.15,304.561704,0.014450040863478578,766.623086,741.865285,498.08019900000005,5.089429487434338e-06,False,66080,0.03595500000000001,False,2.6803049539,440.50165591932097,440.50943299999994,214.10288849999995,0.11100000000442378,0.11100000000442378,10.656540847788698,FC-40,Plate-Fin,medium,25.09352576314392,12.196325313511004,12.196540640297352,4010,0.06301265,0.06301265,0.000363473935,7.428318221122135e-08,calibration,False,True,n,0.9889393121600689,1.6033743e-05,6.5360009e-06,6.066858e-05,2.8752774e-06,0.00020428313,False,rc=0 wall_s=1493 iterations=4010 end=2026-09-04_19:45:22,0.0056607067174939745,False,0.00025,chtMultiRegionSimpleFoam unit cell (this campaign),0.008174519449380229
C088,0.12337843999999996,0.0005274599999999999,0.12337843999999996,0.0015349848331648128,0.0015349848331648128,0.013008346043769601,0.003994999999999999,0.003994999999999999,0.554872042968058,0.28400896273174536,0.554872042968058,0.28401480235087984,0.9,700.0,700.0,0.9878874396130303,0.9995029071616987,0.9977409173843869,67.54263703321114,16.092063695440135,67.54263703321114,3.930061380101548,3.930061380101548,3.00000132,2.77682446,0.006,0.6710606942857142,MISSING,0.6770606942857142,1.2112560386969728,100,100,100,0.6770606942857142,767.892486,754.729839,349.312034,694.929977,498.942486,304.201257,298.15,305.242707,0.015585161079700224,767.474405,753.243596,498.942486,1.1135173910173339e-05,False,66080,0.03595500000000001,False,4.281398846,451.53795825180026,451.54724250000004,231.1225905,0.16999999999825377,0.16999999999825377,42.713232072844555,FC-40,Plate-Fin,medium,22.77804775845436,11.658849637348167,11.659089359506135,4014,0.06301265,0.06301265,0.000519249113,4.622058327586329e-08,calibration,False,True,n,0.9878874396130303,1.4248629e-05,5.9748626e-06,5.7726153e-05,9.5148024e-06,0.00016598496,False,rc=0 wall_s=1412 iterations=4014 end=2026-09-04_19:48:42,0.0388775646020428,False,0.00025,chtMultiRegionSimpleFoam unit cell (this campaign),0.01167788492768604
C089,0.12337843999999996,0.0005274599999999999,0.12337843999999996,0.0015349848331648128,0.0015349848331648128,0.013008346043769601,0.003994999999999999,0.003994999999999999,0.7823514368459615,0.4274401497637297,0.7823514368459615,0.4274441716473905,0.9,700.0,700.0,0.9858982619596639,0.9994205116646543,0.997746582566526,67.54263703321114,16.092063695440135,67.54263703321114,5.895092070152323,5.895092070152323,3.00000132,2.86486946,0.006,0.4838558442857144,MISSING,0.4898558442857144,2.1152607060504147,150,150,150,0.4898558442857144,636.849091,610.799142,321.202041,559.230509,367.89909100000006,300.693602,298.15,301.439125,0.010569702710113751,636.435655,609.334249,367.89909100000006,2.8296441936776906e-05,False,66080,0.03595500000000001,False,2.8387788593999996,309.53677399659006,309.5396865,169.117974,0.28800000000046566,0.28800000000046566,5.374079655404963,FC-40,Plate-Fin,medium,32.11630252093735,17.54684213880929,17.547007241122994,4051,0.06301265,0.06301265,0.000778871447,1.1555181923468791e-07,calibration,False,True,n,0.9858982619596639,1.1876747e-05,1.4271452e-06,8.7815141e-05,8.6702469e-07,0.00010523109,False,rc=0 wall_s=1275 iterations=4051 end=2026-09-04_19:52:42,0.0028288857471713024,True,0.00025,chtMultiRegionSimpleFoam unit cell (this campaign),0.017516827391529065
C090,0.12337843999999996,0.0005274599999999999,0.12337843999999996,0.0015349848331648128,0.0015349848331648128,0.013008346043769601,0.003994999999999999,0.003994999999999999,1.0058465276696456,0.5786960546210674,1.0058465276696456,0.5786997208175546,0.9,700.0,700.0,0.9824449955854802,0.9994170268937039,0.9975405982901538,67.54263703321114,16.092063695440135,67.54263703321114,9.82515345025387,9.82515345025387,3.00000132,2.88122818,0.006,0.3684217542857143,MISSING,0.3744217542857143,4.3887511036299625,250,250,250,0.3744217542857143,556.045228,530.534318,308.35707,485.243687,287.09522799999996,299.625934,298.15,300.154863,0.0086812356501926,555.62527,529.092124,287.09522799999996,9.792402938722523e-05,False,66080,0.03595500000000001,False,2.8369873554000002,229.93823577890169,229.93969250000004,132.2917455,0.5979999999981374,0.5979999999981374,5.433796429129561,FC-40,Plate-Fin,medium,41.29099769089211,23.75604706857902,23.75619756958143,4091,0.06301265,0.06301265,0.00129812056,1.694757802650585e-07,calibration,False,True,n,0.9824449955854802,6.0710849e-06,1.3014176e-06,4.3792813e-05,4.1288866e-07,0.00015850749,False,rc=0 wall_s=1010 iterations=4091 end=2026-09-04_20:02:12,0.0014271745531435702,True,0.00025,chtMultiRegionSimpleFoam unit cell (this campaign),0.029194712319215107
