/*--------------------------------*- C++ -*----------------------------------*\
| =========                 |                                                 |
| \\      /  F ield         | OpenFOAM: The Open Source CFD Toolbox           |
|  \\    /   O peration     | Version:  2406                                  |
|   \\  /    A nd           | Website:  www.openfoam.com                      |
|    \\/     M anipulation  |                                                 |
\*---------------------------------------------------------------------------*/
FoamFile
{
    version     2.0;
    format      ascii;
    arch        "LSB;label=32;scalar=64";
    class       vectorField;
    location    "constant/polyMesh";
    object      points;
}
// * * * * * * * * * * * * * * * * * * * * * * * * * * * * * * * * * * * * * //


6441
(
(0.095 7.228014483e-20 0.0125)
(0.1 0 0.0125)
(0.095 0.004375 0.0125)
(0.1 0.004375 0.0125)
(0.095 0.00875 0.0125)
(0.1 0.00875 0.0125)
(0.095 0.013125 0.0125)
(0.1 0.013125 0.0125)
(0.095 0.0175 0.0125)
(0.1 0.0175 0.0125)
(0.095 0.021875 0.0125)
(0.1 0.021875 0.0125)
(0.095 0.02625 0.0125)
(0.1 0.02625 0.0125)
(0.095 0.030625 0.0125)
(0.1 0.030625 0.0125)
(0.095 0.035 0.0125)
(0.1 0.035 0.0125)
(0.095 0.039375 0.0125)
(0.1 0.039375 0.0125)
(0.095 0.04375 0.0125)
(0.1 0.04375 0.0125)
(0.095 0.048125 0.0125)
(0.1 0.048125 0.0125)
(0.095 0.0525 0.0125)
(0.1 0.0525 0.0125)
(0.095 0.056875 0.0125)
(0.1 0.056875 0.0125)
(0.095 0.06125 0.0125)
(0.1 0.06125 0.0125)
(0.095 0.065625 0.0125)
(0.1 0.065625 0.0125)
(0.095 0.07 0.0125)
(0.1 0.07 0.0125)
(0.075 0 0.01375)
(0.08 0 0.01375)
(0.085 0 0.01375)
(0.09 1.156482317e-18 0.01375)
(0.095 7.228014483e-20 0.01375)
(0.1 0 0.01375)
(0.075 0.004375 0.01375)
(0.08 0.004375 0.01375)
(0.085 0.004375 0.01375)
(0.09 0.004375 0.01375)
(0.095 0.004375 0.01375)
(0.1 0.004375 0.01375)
(0.075 0.00875 0.01375)
(0.08 0.00875 0.01375)
(0.085 0.00875 0.01375)
(0.09 0.00875 0.01375)
(0.095 0.00875 0.01375)
(0.1 0.00875 0.01375)
(0.075 0.013125 0.01375)
(0.08 0.013125 0.01375)
(0.085 0.013125 0.01375)
(0.09 0.013125 0.01375)
(0.095 0.013125 0.01375)
(0.1 0.013125 0.01375)
(0.075 0.0175 0.01375)
(0.08 0.0175 0.01375)
(0.085 0.0175 0.01375)
(0.09 0.0175 0.01375)
(0.095 0.0175 0.01375)
(0.1 0.0175 0.01375)
(0.075 0.021875 0.01375)
(0.08 0.021875 0.01375)
(0.085 0.021875 0.01375)
(0.09 0.021875 0.01375)
(0.095 0.021875 0.01375)
(0.1 0.021875 0.01375)
(0.075 0.02625 0.01375)
(0.08 0.02625 0.01375)
(0.085 0.02625 0.01375)
(0.09 0.02625 0.01375)
(0.095 0.02625 0.01375)
(0.1 0.02625 0.01375)
(0.075 0.030625 0.01375)
(0.08 0.030625 0.01375)
(0.085 0.030625 0.01375)
(0.09 0.030625 0.01375)
(0.095 0.030625 0.01375)
(0.1 0.030625 0.01375)
(0.075 0.035 0.01375)
(0.08 0.035 0.01375)
(0.085 0.035 0.01375)
(0.09 0.035 0.01375)
(0.095 0.035 0.01375)
(0.1 0.035 0.01375)
(0.075 0.039375 0.01375)
(0.08 0.039375 0.01375)
(0.085 0.039375 0.01375)
(0.09 0.039375 0.01375)
(0.095 0.039375 0.01375)
(0.1 0.039375 0.01375)
(0.075 0.04375 0.01375)
(0.08 0.04375 0.01375)
(0.085 0.04375 0.01375)
(0.09 0.04375 0.01375)
(0.095 0.04375 0.01375)
(0.1 0.04375 0.01375)
(0.075 0.048125 0.01375)
(0.08 0.048125 0.01375)
(0.085 0.048125 0.01375)
(0.09 0.048125 0.01375)
(0.095 0.048125 0.01375)
(0.1 0.048125 0.01375)
(0.075 0.0525 0.01375)
(0.08 0.0525 0.01375)
(0.085 0.0525 0.01375)
(0.09 0.0525 0.01375)
(0.095 0.0525 0.01375)
(0.1 0.0525 0.01375)
(0.075 0.056875 0.01375)
(0.08 0.056875 0.01375)
(0.085 0.056875 0.01375)
(0.09 0.056875 0.01375)
(0.095 0.056875 0.01375)
(0.1 0.056875 0.01375)
(0.075 0.06125 0.01375)
(0.08 0.06125 0.01375)
(0.085 0.06125 0.01375)
(0.09 0.06125 0.01375)
(0.095 0.06125 0.01375)
(0.1 0.06125 0.01375)
(0.075 0.065625 0.01375)
(0.08 0.065625 0.01375)
(0.085 0.065625 0.01375)
(0.09 0.065625 0.01375)
(0.095 0.065625 0.01375)
(0.1 0.065625 0.01375)
(0.075 0.07 0.01375)
(0.08 0.07 0.01375)
(0.085 0.07 0.01375)
(0.09 0.07 0.01375)
(0.095 0.07 0.01375)
(0.1 0.07 0.01375)
(0.075 0 0.015)
(0.08 0 0.015)
(0.085 1.156482317e-18 0.015)
(0.09 1.156482317e-18 0.015)
(0.095 7.228014483e-20 0.015)
(0.1 0 0.015)
(0.075 0.004375 0.015)
(0.08 0.004375 0.015)
(0.085 0.004375 0.015)
(0.09 0.004375 0.015)
(0.095 0.004375 0.015)
(0.1 0.004375 0.015)
(0.075 0.00875 0.015)
(0.08 0.00875 0.015)
(0.085 0.00875 0.015)
(0.09 0.00875 0.015)
(0.095 0.00875 0.015)
(0.1 0.00875 0.015)
(0.075 0.013125 0.015)
(0.08 0.013125 0.015)
(0.085 0.013125 0.015)
(0.09 0.013125 0.015)
(0.095 0.013125 0.015)
(0.1 0.013125 0.015)
(0.075 0.0175 0.015)
(0.08 0.0175 0.015)
(0.085 0.0175 0.015)
(0.09 0.0175 0.015)
(0.095 0.0175 0.015)
(0.1 0.0175 0.015)
(0.075 0.021875 0.015)
(0.08 0.021875 0.015)
(0.085 0.021875 0.015)
(0.09 0.021875 0.015)
(0.095 0.021875 0.015)
(0.1 0.021875 0.015)
(0.075 0.02625 0.015)
(0.08 0.02625 0.015)
(0.085 0.02625 0.015)
(0.09 0.02625 0.015)
(0.095 0.02625 0.015)
(0.1 0.02625 0.015)
(0.075 0.030625 0.015)
(0.08 0.030625 0.015)
(0.085 0.030625 0.015)
(0.09 0.030625 0.015)
(0.095 0.030625 0.015)
(0.1 0.030625 0.015)
(0.075 0.035 0.015)
(0.08 0.035 0.015)
(0.085 0.035 0.015)
(0.09 0.035 0.015)
(0.095 0.035 0.015)
(0.1 0.035 0.015)
(0.075 0.039375 0.015)
(0.08 0.039375 0.015)
(0.085 0.039375 0.015)
(0.09 0.039375 0.015)
(0.095 0.039375 0.015)
(0.1 0.039375 0.015)
(0.075 0.04375 0.015)
(0.08 0.04375 0.015)
(0.085 0.04375 0.015)
(0.09 0.04375 0.015)
(0.095 0.04375 0.015)
(0.1 0.04375 0.015)
(0.075 0.048125 0.015)
(0.08 0.048125 0.015)
(0.085 0.048125 0.015)
(0.09 0.048125 0.015)
(0.095 0.048125 0.015)
(0.1 0.048125 0.015)
(0.075 0.0525 0.015)
(0.08 0.0525 0.015)
(0.085 0.0525 0.015)
(0.09 0.0525 0.015)
(0.095 0.0525 0.015)
(0.1 0.0525 0.015)
(0.075 0.056875 0.015)
(0.08 0.056875 0.015)
(0.085 0.056875 0.015)
(0.09 0.056875 0.015)
(0.095 0.056875 0.015)
(0.1 0.056875 0.015)
(0.075 0.06125 0.015)
(0.08 0.06125 0.015)
(0.085 0.06125 0.015)
(0.09 0.06125 0.015)
(0.095 0.06125 0.015)
(0.1 0.06125 0.015)
(0.075 0.065625 0.015)
(0.08 0.065625 0.015)
(0.085 0.065625 0.015)
(0.09 0.065625 0.015)
(0.095 0.065625 0.015)
(0.1 0.065625 0.015)
(0.075 0.07 0.015)
(0.08 0.07 0.015)
(0.085 0.07 0.015)
(0.09 0.07 0.015)
(0.095 0.07 0.015)
(0.1 0.07 0.015)
(0.075 0 0.01625)
(0.08 0 0.01625)
(0.085 0 0.01625)
(0.09 1.156482317e-18 0.01625)
(0.095 7.228014483e-20 0.01625)
(0.1 0 0.01625)
(0.075 0.004375 0.01625)
(0.08 0.004375 0.01625)
(0.085 0.004375 0.01625)
(0.09 0.004375 0.01625)
(0.095 0.004375 0.01625)
(0.1 0.004375 0.01625)
(0.065 0.00875 0.01625)
(0.07 0.00875 0.01625)
(0.075 0.00875 0.01625)
(0.08 0.00875 0.01625)
(0.085 0.00875 0.01625)
(0.09 0.00875 0.01625)
(0.095 0.00875 0.01625)
(0.1 0.00875 0.01625)
(0.065 0.013125 0.01625)
(0.07 0.013125 0.01625)
(0.075 0.013125 0.01625)
(0.08 0.013125 0.01625)
(0.085 0.013125 0.01625)
(0.09 0.013125 0.01625)
(0.095 0.013125 0.01625)
(0.1 0.013125 0.01625)
(0.065 0.0175 0.01625)
(0.07 0.0175 0.01625)
(0.075 0.0175 0.01625)
(0.08 0.0175 0.01625)
(0.085 0.0175 0.01625)
(0.09 0.0175 0.01625)
(0.095 0.0175 0.01625)
(0.1 0.0175 0.01625)
(0.065 0.021875 0.01625)
(0.07 0.021875 0.01625)
(0.075 0.021875 0.01625)
(0.08 0.021875 0.01625)
(0.085 0.021875 0.01625)
(0.09 0.021875 0.01625)
(0.095 0.021875 0.01625)
(0.1 0.021875 0.01625)
(0.065 0.02625 0.01625)
(0.07 0.02625 0.01625)
(0.075 0.02625 0.01625)
(0.08 0.02625 0.01625)
(0.085 0.02625 0.01625)
(0.09 0.02625 0.01625)
(0.095 0.02625 0.01625)
(0.1 0.02625 0.01625)
(0.065 0.030625 0.01625)
(0.07 0.030625 0.01625)
(0.075 0.030625 0.01625)
(0.08 0.030625 0.01625)
(0.085 0.030625 0.01625)
(0.09 0.030625 0.01625)
(0.095 0.030625 0.01625)
(0.1 0.030625 0.01625)
(0.065 0.035 0.01625)
(0.07 0.035 0.01625)
(0.075 0.035 0.01625)
(0.08 0.035 0.01625)
(0.085 0.035 0.01625)
(0.09 0.035 0.01625)
(0.095 0.035 0.01625)
(0.1 0.035 0.01625)
(0.065 0.039375 0.01625)
(0.07 0.039375 0.01625)
(0.075 0.039375 0.01625)
(0.08 0.039375 0.01625)
(0.085 0.039375 0.01625)
(0.09 0.039375 0.01625)
(0.095 0.039375 0.01625)
(0.1 0.039375 0.01625)
(0.065 0.04375 0.01625)
(0.07 0.04375 0.01625)
(0.075 0.04375 0.01625)
(0.08 0.04375 0.01625)
(0.085 0.04375 0.01625)
(0.09 0.04375 0.01625)
(0.095 0.04375 0.01625)
(0.1 0.04375 0.01625)
(0.065 0.048125 0.01625)
(0.07 0.048125 0.01625)
(0.075 0.048125 0.01625)
(0.08 0.048125 0.01625)
(0.085 0.048125 0.01625)
(0.09 0.048125 0.01625)
(0.095 0.048125 0.01625)
(0.1 0.048125 0.01625)
(0.065 0.0525 0.01625)
(0.07 0.0525 0.01625)
(0.075 0.0525 0.01625)
(0.08 0.0525 0.01625)
(0.085 0.0525 0.01625)
(0.09 0.0525 0.01625)
(0.095 0.0525 0.01625)
(0.1 0.0525 0.01625)
(0.065 0.056875 0.01625)
(0.07 0.056875 0.01625)
(0.075 0.056875 0.01625)
(0.08 0.056875 0.01625)
(0.085 0.056875 0.01625)
(0.09 0.056875 0.01625)
(0.095 0.056875 0.01625)
(0.1 0.056875 0.01625)
(0.065 0.06125 0.01625)
(0.07 0.06125 0.01625)
(0.075 0.06125 0.01625)
(0.08 0.06125 0.01625)
(0.085 0.06125 0.01625)
(0.09 0.06125 0.01625)
(0.095 0.06125 0.01625)
(0.1 0.06125 0.01625)
(0.065 0.065625 0.01625)
(0.07 0.065625 0.01625)
(0.075 0.065625 0.01625)
(0.08 0.065625 0.01625)
(0.085 0.065625 0.01625)
(0.09 0.065625 0.01625)
(0.095 0.065625 0.01625)
(0.1 0.065625 0.01625)
(0.065 0.07 0.01625)
(0.07 0.07 0.01625)
(0.075 0.07 0.01625)
(0.08 0.07 0.01625)
(0.085 0.07 0.01625)
(0.09 0.07 0.01625)
(0.095 0.07 0.01625)
(0.1 0.07 0.01625)
(0.075 0 0.0175)
(0.08 0 0.0175)
(0.085 0 0.0175)
(0.09 1.156482317e-18 0.0175)
(0.095 7.228014483e-20 0.0175)
(0.1 0 0.0175)
(0.075 0.004375 0.0175)
(0.08 0.004375 0.0175)
(0.085 0.004375 0.0175)
(0.09 0.004375 0.0175)
(0.095 0.004375 0.0175)
(0.1 0.004375 0.0175)
(0.055 0.00875 0.0175)
(0.06 0.00875 0.0175)
(0.065 0.00875 0.0175)
(0.07 0.00875 0.0175)
(0.075 0.00875 0.0175)
(0.08 0.00875 0.0175)
(0.085 0.00875 0.0175)
(0.09 0.00875 0.0175)
(0.095 0.00875 0.0175)
(0.1 0.00875 0.0175)
(0 0.013125 0.0175)
(0.005 0.013125 0.0175)
(0.01 0.013125 0.0175)
(0.015 0.013125 0.0175)
(0.02 0.013125 0.0175)
(0.025 0.013125 0.0175)
(0.03 0.013125 0.0175)
(0.035 0.013125 0.0175)
(0.04 0.013125 0.0175)
(0.045 0.013125 0.0175)
(0.05 0.013125 0.0175)
(0.055 0.013125 0.0175)
(0.06 0.013125 0.0175)
(0.065 0.013125 0.0175)
(0.07 0.013125 0.0175)
(0.075 0.013125 0.0175)
(0.08 0.013125 0.0175)
(0.085 0.013125 0.0175)
(0.09 0.013125 0.0175)
(0.095 0.013125 0.0175)
(0.1 0.013125 0.0175)
(0 0.0175 0.0175)
(0.005 0.0175 0.0175)
(0.01 0.0175 0.0175)
(0.015 0.0175 0.0175)
(0.02 0.0175 0.0175)
(0.025 0.0175 0.0175)
(0.03 0.0175 0.0175)
(0.035 0.0175 0.0175)
(0.04 0.0175 0.0175)
(0.045 0.0175 0.0175)
(0.05 0.0175 0.0175)
(0.055 0.0175 0.0175)
(0.06 0.0175 0.0175)
(0.065 0.0175 0.0175)
(0.07 0.0175 0.0175)
(0.075 0.0175 0.0175)
(0.08 0.0175 0.0175)
(0.085 0.0175 0.0175)
(0.09 0.0175 0.0175)
(0.095 0.0175 0.0175)
(0.1 0.0175 0.0175)
(0 0.021875 0.0175)
(0.005 0.021875 0.0175)
(0.01 0.021875 0.0175)
(0.015 0.021875 0.0175)
(0.02 0.021875 0.0175)
(0.025 0.021875 0.0175)
(0.03 0.021875 0.0175)
(0.035 0.021875 0.0175)
(0.04 0.021875 0.0175)
(0.045 0.021875 0.0175)
(0.05 0.021875 0.0175)
(0.055 0.021875 0.0175)
(0.06 0.021875 0.0175)
(0.065 0.021875 0.0175)
(0.07 0.021875 0.0175)
(0.075 0.021875 0.0175)
(0.08 0.021875 0.0175)
(0.085 0.021875 0.0175)
(0.09 0.021875 0.0175)
(0.095 0.021875 0.0175)
(0.1 0.021875 0.0175)
(0 0.02625 0.0175)
(0.005 0.02625 0.0175)
(0.01 0.02625 0.0175)
(0.015 0.02625 0.0175)
(0.02 0.02625 0.0175)
(0.025 0.02625 0.0175)
(0.03 0.02625 0.0175)
(0.035 0.02625 0.0175)
(0.04 0.02625 0.0175)
(0.045 0.02625 0.0175)
(0.05 0.02625 0.0175)
(0.055 0.02625 0.0175)
(0.06 0.02625 0.0175)
(0.065 0.02625 0.0175)
(0.07 0.02625 0.0175)
(0.075 0.02625 0.0175)
(0.08 0.02625 0.0175)
(0.085 0.02625 0.0175)
(0.09 0.02625 0.0175)
(0.095 0.02625 0.0175)
(0.1 0.02625 0.0175)
(0 0.030625 0.0175)
(0.005 0.030625 0.0175)
(0.01 0.030625 0.0175)
(0.015 0.030625 0.0175)
(0.02 0.030625 0.0175)
(0.025 0.030625 0.0175)
(0.03 0.030625 0.0175)
(0.035 0.030625 0.0175)
(0.04 0.030625 0.0175)
(0.045 0.030625 0.0175)
(0.05 0.030625 0.0175)
(0.055 0.030625 0.0175)
(0.06 0.030625 0.0175)
(0.065 0.030625 0.0175)
(0.07 0.030625 0.0175)
(0.075 0.030625 0.0175)
(0.08 0.030625 0.0175)
(0.085 0.030625 0.0175)
(0.09 0.030625 0.0175)
(0.095 0.030625 0.0175)
(0.1 0.030625 0.0175)
(0 0.035 0.0175)
(0.005 0.035 0.0175)
(0.01 0.035 0.0175)
(0.015 0.035 0.0175)
(0.02 0.035 0.0175)
(0.025 0.035 0.0175)
(0.03 0.035 0.0175)
(0.035 0.035 0.0175)
(0.04 0.035 0.0175)
(0.045 0.035 0.0175)
(0.05 0.035 0.0175)
(0.055 0.035 0.0175)
(0.06 0.035 0.0175)
(0.065 0.035 0.0175)
(0.07 0.035 0.0175)
(0.075 0.035 0.0175)
(0.08 0.035 0.0175)
(0.085 0.035 0.0175)
(0.09 0.035 0.0175)
(0.095 0.035 0.0175)
(0.1 0.035 0.0175)
(0 0.039375 0.0175)
(0.005 0.039375 0.0175)
(0.01 0.039375 0.0175)
(0.015 0.039375 0.0175)
(0.02 0.039375 0.0175)
(0.025 0.039375 0.0175)
(0.03 0.039375 0.0175)
(0.035 0.039375 0.0175)
(0.04 0.039375 0.0175)
(0.045 0.039375 0.0175)
(0.05 0.039375 0.0175)
(0.055 0.039375 0.0175)
(0.06 0.039375 0.0175)
(0.065 0.039375 0.0175)
(0.07 0.039375 0.0175)
(0.075 0.039375 0.0175)
(0.08 0.039375 0.0175)
(0.085 0.039375 0.0175)
(0.09 0.039375 0.0175)
(0.095 0.039375 0.0175)
(0.1 0.039375 0.0175)
(0 0.04375 0.0175)
(0.005 0.04375 0.0175)
(0.01 0.04375 0.0175)
(0.015 0.04375 0.0175)
(0.02 0.04375 0.0175)
(0.025 0.04375 0.0175)
(0.03 0.04375 0.0175)
(0.035 0.04375 0.0175)
(0.04 0.04375 0.0175)
(0.045 0.04375 0.0175)
(0.05 0.04375 0.0175)
(0.055 0.04375 0.0175)
(0.06 0.04375 0.0175)
(0.065 0.04375 0.0175)
(0.07 0.04375 0.0175)
(0.075 0.04375 0.0175)
(0.08 0.04375 0.0175)
(0.085 0.04375 0.0175)
(0.09 0.04375 0.0175)
(0.095 0.04375 0.0175)
(0.1 0.04375 0.0175)
(0 0.048125 0.0175)
(0.005 0.048125 0.0175)
(0.01 0.048125 0.0175)
(0.015 0.048125 0.0175)
(0.02 0.048125 0.0175)
(0.025 0.048125 0.0175)
(0.03 0.048125 0.0175)
(0.035 0.048125 0.0175)
(0.04 0.048125 0.0175)
(0.045 0.048125 0.0175)
(0.05 0.048125 0.0175)
(0.055 0.048125 0.0175)
(0.06 0.048125 0.0175)
(0.065 0.048125 0.0175)
(0.07 0.048125 0.0175)
(0.075 0.048125 0.0175)
(0.08 0.048125 0.0175)
(0.085 0.048125 0.0175)
(0.09 0.048125 0.0175)
(0.095 0.048125 0.0175)
(0.1 0.048125 0.0175)
(0 0.0525 0.0175)
(0.005 0.0525 0.0175)
(0.01 0.0525 0.0175)
(0.015 0.0525 0.0175)
(0.02 0.0525 0.0175)
(0.025 0.0525 0.0175)
(0.03 0.0525 0.0175)
(0.035 0.0525 0.0175)
(0.04 0.0525 0.0175)
(0.045 0.0525 0.0175)
(0.05 0.0525 0.0175)
(0.055 0.0525 0.0175)
(0.06 0.0525 0.0175)
(0.065 0.0525 0.0175)
(0.07 0.0525 0.0175)
(0.075 0.0525 0.0175)
(0.08 0.0525 0.0175)
(0.085 0.0525 0.0175)
(0.09 0.0525 0.0175)
(0.095 0.0525 0.0175)
(0.1 0.0525 0.0175)
(0 0.056875 0.0175)
(0.005 0.056875 0.0175)
(0.01 0.056875 0.0175)
(0.015 0.056875 0.0175)
(0.02 0.056875 0.0175)
(0.025 0.056875 0.0175)
(0.03 0.056875 0.0175)
(0.035 0.056875 0.0175)
(0.04 0.056875 0.0175)
(0.045 0.056875 0.0175)
(0.05 0.056875 0.0175)
(0.055 0.056875 0.0175)
(0.06 0.056875 0.0175)
(0.065 0.056875 0.0175)
(0.07 0.056875 0.0175)
(0.075 0.056875 0.0175)
(0.08 0.056875 0.0175)
(0.085 0.056875 0.0175)
(0.09 0.056875 0.0175)
(0.095 0.056875 0.0175)
(0.1 0.056875 0.0175)
(0 0.06125 0.0175)
(0.005 0.06125 0.0175)
(0.01 0.06125 0.0175)
(0.015 0.06125 0.0175)
(0.02 0.06125 0.0175)
(0.025 0.06125 0.0175)
(0.03 0.06125 0.0175)
(0.035 0.06125 0.0175)
(0.04 0.06125 0.0175)
(0.045 0.06125 0.0175)
(0.05 0.06125 0.0175)
(0.055 0.06125 0.0175)
(0.06 0.06125 0.0175)
(0.065 0.06125 0.0175)
(0.07 0.06125 0.0175)
(0.075 0.06125 0.0175)
(0.08 0.06125 0.0175)
(0.085 0.06125 0.0175)
(0.09 0.06125 0.0175)
(0.095 0.06125 0.0175)
(0.1 0.06125 0.0175)
(0 0.065625 0.0175)
(0.005 0.065625 0.0175)
(0.01 0.065625 0.0175)
(0.015 0.065625 0.0175)
(0.02 0.065625 0.0175)
(0.025 0.065625 0.0175)
(0.03 0.065625 0.0175)
(0.035 0.065625 0.0175)
(0.04 0.065625 0.0175)
(0.045 0.065625 0.0175)
(0.05 0.065625 0.0175)
(0.055 0.065625 0.0175)
(0.06 0.065625 0.0175)
(0.065 0.065625 0.0175)
(0.07 0.065625 0.0175)
(0.075 0.065625 0.0175)
(0.08 0.065625 0.0175)
(0.085 0.065625 0.0175)
(0.09 0.065625 0.0175)
(0.095 0.065625 0.0175)
(0.1 0.065625 0.0175)
(0 0.07 0.0175)
(0.005 0.07 0.0175)
(0.01 0.07 0.0175)
(0.015 0.07 0.0175)
(0.02 0.07 0.0175)
(0.025 0.07 0.0175)
(0.03 0.07 0.0175)
(0.035 0.07 0.0175)
(0.04 0.07 0.0175)
(0.045 0.07 0.0175)
(0.05 0.07 0.0175)
(0.055 0.07 0.0175)
(0.06 0.07 0.0175)
(0.065 0.07 0.0175)
(0.07 0.07 0.0175)
(0.075 0.07 0.0175)
(0.08 0.07 0.0175)
(0.085 0.07 0.0175)
(0.09 0.07 0.0175)
(0.095 0.07 0.0175)
(0.1 0.07 0.0175)
(0.075 0 0.01875)
(0.08 0 0.01875)
(0.085 0 0.01875)
(0.09 1.156482317e-18 0.01875)
(0.095 7.228014483e-20 0.01875)
(0.1 0 0.01875)
(0.075 0.004375 0.01875)
(0.08 0.004375 0.01875)
(0.085 0.004375 0.01875)
(0.09 0.004375 0.01875)
(0.095 0.004375 0.01875)
(0.1 0.004375 0.01875)
(0.055 0.00875 0.01875)
(0.06 0.00875 0.01875)
(0.065 0.00875 0.01875)
(0.07 0.00875 0.01875)
(0.075 0.00875 0.01875)
(0.08 0.00875 0.01875)
(0.085 0.00875 0.01875)
(0.09 0.00875 0.01875)
(0.095 0.00875 0.01875)
(0.1 0.00875 0.01875)
(0 0.013125 0.01875)
(0.005 0.013125 0.01875)
(0.01 0.013125 0.01875)
(0.015 0.013125 0.01875)
(0.02 0.013125 0.01875)
(0.025 0.013125 0.01875)
(0.03 0.013125 0.01875)
(0.035 0.013125 0.01875)
(0.04 0.013125 0.01875)
(0.045 0.013125 0.01875)
(0.05 0.013125 0.01875)
(0.055 0.013125 0.01875)
(0.06 0.013125 0.01875)
(0.065 0.013125 0.01875)
(0.07 0.013125 0.01875)
(0.075 0.013125 0.01875)
(0.08 0.013125 0.01875)
(0.085 0.013125 0.01875)
(0.09 0.013125 0.01875)
(0.095 0.013125 0.01875)
(0.1 0.013125 0.01875)
(0 0.0175 0.01875)
(0.005 0.0175 0.01875)
(0.01 0.0175 0.01875)
(0.015 0.0175 0.01875)
(0.02 0.0175 0.01875)
(0.025 0.0175 0.01875)
(0.03 0.0175 0.01875)
(0.035 0.0175 0.01875)
(0.04 0.0175 0.01875)
(0.045 0.0175 0.01875)
(0.05 0.0175 0.01875)
(0.055 0.0175 0.01875)
(0.06 0.0175 0.01875)
(0.065 0.0175 0.01875)
(0.07 0.0175 0.01875)
(0.075 0.0175 0.01875)
(0.08 0.0175 0.01875)
(0.085 0.0175 0.01875)
(0.09 0.0175 0.01875)
(0.095 0.0175 0.01875)
(0.1 0.0175 0.01875)
(0 0.021875 0.01875)
(0.005 0.021875 0.01875)
(0.01 0.021875 0.01875)
(0.015 0.021875 0.01875)
(0.02 0.021875 0.01875)
(0.025 0.021875 0.01875)
(0.03 0.021875 0.01875)
(0.035 0.021875 0.01875)
(0.04 0.021875 0.01875)
(0.045 0.021875 0.01875)
(0.05 0.021875 0.01875)
(0.055 0.021875 0.01875)
(0.06 0.021875 0.01875)
(0.065 0.021875 0.01875)
(0.07 0.021875 0.01875)
(0.075 0.021875 0.01875)
(0.08 0.021875 0.01875)
(0.085 0.021875 0.01875)
(0.09 0.021875 0.01875)
(0.095 0.021875 0.01875)
(0.1 0.021875 0.01875)
(0 0.02625 0.01875)
(0.005 0.02625 0.01875)
(0.01 0.02625 0.01875)
(0.015 0.02625 0.01875)
(0.02 0.02625 0.01875)
(0.025 0.02625 0.01875)
(0.03 0.02625 0.01875)
(0.035 0.02625 0.01875)
(0.04 0.02625 0.01875)
(0.045 0.02625 0.01875)
(0.05 0.02625 0.01875)
(0.055 0.02625 0.01875)
(0.06 0.02625 0.01875)
(0.065 0.02625 0.01875)
(0.07 0.02625 0.01875)
(0.075 0.02625 0.01875)
(0.08 0.02625 0.01875)
(0.085 0.02625 0.01875)
(0.09 0.02625 0.01875)
(0.095 0.02625 0.01875)
(0.1 0.02625 0.01875)
(0 0.030625 0.01875)
(0.005 0.030625 0.01875)
(0.01 0.030625 0.01875)
(0.015 0.030625 0.01875)
(0.02 0.030625 0.01875)
(0.025 0.030625 0.01875)
(0.03 0.030625 0.01875)
(0.035 0.030625 0.01875)
(0.04 0.030625 0.01875)
(0.045 0.030625 0.01875)
(0.05 0.030625 0.01875)
(0.055 0.030625 0.01875)
(0.06 0.030625 0.01875)
(0.065 0.030625 0.01875)
(0.07 0.030625 0.01875)
(0.075 0.030625 0.01875)
(0.08 0.030625 0.01875)
(0.085 0.030625 0.01875)
(0.09 0.030625 0.01875)
(0.095 0.030625 0.01875)
(0.1 0.030625 0.01875)
(0 0.035 0.01875)
(0.005 0.035 0.01875)
(0.01 0.035 0.01875)
(0.015 0.035 0.01875)
(0.02 0.035 0.01875)
(0.025 0.035 0.01875)
(0.03 0.035 0.01875)
(0.035 0.035 0.01875)
(0.04 0.035 0.01875)
(0.045 0.035 0.01875)
(0.05 0.035 0.01875)
(0.055 0.035 0.01875)
(0.06 0.035 0.01875)
(0.065 0.035 0.01875)
(0.07 0.035 0.01875)
(0.075 0.035 0.01875)
(0.08 0.035 0.01875)
(0.085 0.035 0.01875)
(0.09 0.035 0.01875)
(0.095 0.035 0.01875)
(0.1 0.035 0.01875)
(0 0.039375 0.01875)
(0.005 0.039375 0.01875)
(0.01 0.039375 0.01875)
(0.015 0.039375 0.01875)
(0.02 0.039375 0.01875)
(0.025 0.039375 0.01875)
(0.03 0.039375 0.01875)
(0.035 0.039375 0.01875)
(0.04 0.039375 0.01875)
(0.045 0.039375 0.01875)
(0.05 0.039375 0.01875)
(0.055 0.039375 0.01875)
(0.06 0.039375 0.01875)
(0.065 0.039375 0.01875)
(0.07 0.039375 0.01875)
(0.075 0.039375 0.01875)
(0.08 0.039375 0.01875)
(0.085 0.039375 0.01875)
(0.09 0.039375 0.01875)
(0.095 0.039375 0.01875)
(0.1 0.039375 0.01875)
(0 0.04375 0.01875)
(0.005 0.04375 0.01875)
(0.01 0.04375 0.01875)
(0.015 0.04375 0.01875)
(0.02 0.04375 0.01875)
(0.025 0.04375 0.01875)
(0.03 0.04375 0.01875)
(0.035 0.04375 0.01875)
(0.04 0.04375 0.01875)
(0.045 0.04375 0.01875)
(0.05 0.04375 0.01875)
(0.055 0.04375 0.01875)
(0.06 0.04375 0.01875)
(0.065 0.04375 0.01875)
(0.07 0.04375 0.01875)
(0.075 0.04375 0.01875)
(0.08 0.04375 0.01875)
(0.085 0.04375 0.01875)
(0.09 0.04375 0.01875)
(0.095 0.04375 0.01875)
(0.1 0.04375 0.01875)
(0 0.048125 0.01875)
(0.005 0.048125 0.01875)
(0.01 0.048125 0.01875)
(0.015 0.048125 0.01875)
(0.02 0.048125 0.01875)
(0.025 0.048125 0.01875)
(0.03 0.048125 0.01875)
(0.035 0.048125 0.01875)
(0.04 0.048125 0.01875)
(0.045 0.048125 0.01875)
(0.05 0.048125 0.01875)
(0.055 0.048125 0.01875)
(0.06 0.048125 0.01875)
(0.065 0.048125 0.01875)
(0.07 0.048125 0.01875)
(0.075 0.048125 0.01875)
(0.08 0.048125 0.01875)
(0.085 0.048125 0.01875)
(0.09 0.048125 0.01875)
(0.095 0.048125 0.01875)
(0.1 0.048125 0.01875)
(0 0.0525 0.01875)
(0.005 0.0525 0.01875)
(0.01 0.0525 0.01875)
(0.015 0.0525 0.01875)
(0.02 0.0525 0.01875)
(0.025 0.0525 0.01875)
(0.03 0.0525 0.01875)
(0.035 0.0525 0.01875)
(0.04 0.0525 0.01875)
(0.045 0.0525 0.01875)
(0.05 0.0525 0.01875)
(0.055 0.0525 0.01875)
(0.06 0.0525 0.01875)
(0.065 0.0525 0.01875)
(0.07 0.0525 0.01875)
(0.075 0.0525 0.01875)
(0.08 0.0525 0.01875)
(0.085 0.0525 0.01875)
(0.09 0.0525 0.01875)
(0.095 0.0525 0.01875)
(0.1 0.0525 0.01875)
(0 0.056875 0.01875)
(0.005 0.056875 0.01875)
(0.01 0.056875 0.01875)
(0.015 0.056875 0.01875)
(0.02 0.056875 0.01875)
(0.025 0.056875 0.01875)
(0.03 0.056875 0.01875)
(0.035 0.056875 0.01875)
(0.04 0.056875 0.01875)
(0.045 0.056875 0.01875)
(0.05 0.056875 0.01875)
(0.055 0.056875 0.01875)
(0.06 0.056875 0.01875)
(0.065 0.056875 0.01875)
(0.07 0.056875 0.01875)
(0.075 0.056875 0.01875)
(0.08 0.056875 0.01875)
(0.085 0.056875 0.01875)
(0.09 0.056875 0.01875)
(0.095 0.056875 0.01875)
(0.1 0.056875 0.01875)
(0 0.06125 0.01875)
(0.005 0.06125 0.01875)
(0.01 0.06125 0.01875)
(0.015 0.06125 0.01875)
(0.02 0.06125 0.01875)
(0.025 0.06125 0.01875)
(0.03 0.06125 0.01875)
(0.035 0.06125 0.01875)
(0.04 0.06125 0.01875)
(0.045 0.06125 0.01875)
(0.05 0.06125 0.01875)
(0.055 0.06125 0.01875)
(0.06 0.06125 0.01875)
(0.065 0.06125 0.01875)
(0.07 0.06125 0.01875)
(0.075 0.06125 0.01875)
(0.08 0.06125 0.01875)
(0.085 0.06125 0.01875)
(0.09 0.06125 0.01875)
(0.095 0.06125 0.01875)
(0.1 0.06125 0.01875)
(0 0.065625 0.01875)
(0.005 0.065625 0.01875)
(0.01 0.065625 0.01875)
(0.015 0.065625 0.01875)
(0.02 0.065625 0.01875)
(0.025 0.065625 0.01875)
(0.03 0.065625 0.01875)
(0.035 0.065625 0.01875)
(0.04 0.065625 0.01875)
(0.045 0.065625 0.01875)
(0.05 0.065625 0.01875)
(0.055 0.065625 0.01875)
(0.06 0.065625 0.01875)
(0.065 0.065625 0.01875)
(0.07 0.065625 0.01875)
(0.075 0.065625 0.01875)
(0.08 0.065625 0.01875)
(0.085 0.065625 0.01875)
(0.09 0.065625 0.01875)
(0.095 0.065625 0.01875)
(0.1 0.065625 0.01875)
(0 0.07 0.01875)
(0.005 0.07 0.01875)
(0.01 0.07 0.01875)
(0.015 0.07 0.01875)
(0.02 0.07 0.01875)
(0.025 0.07 0.01875)
(0.03 0.07 0.01875)
(0.035 0.07 0.01875)
(0.04 0.07 0.01875)
(0.045 0.07 0.01875)
(0.05 0.07 0.01875)
(0.055 0.07 0.01875)
(0.06 0.07 0.01875)
(0.065 0.07 0.01875)
(0.07 0.07 0.01875)
(0.075 0.07 0.01875)
(0.08 0.07 0.01875)
(0.085 0.07 0.01875)
(0.09 0.07 0.01875)
(0.095 0.07 0.01875)
(0.1 0.07 0.01875)
(0.075 0 0.02)
(0.08 0 0.02)
(0.085 0 0.02)
(0.09 1.156482317e-18 0.02)
(0.095 7.228014483e-20 0.02)
(0.1 0 0.02)
(0.075 0.004375 0.02)
(0.08 0.004375 0.02)
(0.085 0.004375 0.02)
(0.09 0.004375 0.02)
(0.095 0.004375 0.02)
(0.1 0.004375 0.02)
(0.055 0.00875 0.02)
(0.06 0.00875 0.02)
(0.065 0.00875 0.02)
(0.07 0.00875 0.02)
(0.075 0.00875 0.02)
(0.08 0.00875 0.02)
(0.085 0.00875 0.02)
(0.09 0.00875 0.02)
(0.095 0.00875 0.02)
(0.1 0.00875 0.02)
(0 0.013125 0.02)
(0.005 0.013125 0.02)
(0.01 0.013125 0.02)
(0.015 0.013125 0.02)
(0.02 0.013125 0.02)
(0.025 0.013125 0.02)
(0.03 0.013125 0.02)
(0.035 0.013125 0.02)
(0.04 0.013125 0.02)
(0.045 0.013125 0.02)
(0.05 0.013125 0.02)
(0.055 0.013125 0.02)
(0.06 0.013125 0.02)
(0.065 0.013125 0.02)
(0.07 0.013125 0.02)
(0.075 0.013125 0.02)
(0.08 0.013125 0.02)
(0.085 0.013125 0.02)
(0.09 0.013125 0.02)
(0.095 0.013125 0.02)
(0.1 0.013125 0.02)
(0 0.0175 0.02)
(0.005 0.0175 0.02)
(0.01 0.0175 0.02)
(0.015 0.0175 0.02)
(0.02 0.0175 0.02)
(0.025 0.0175 0.02)
(0.03 0.0175 0.02)
(0.035 0.0175 0.02)
(0.04 0.0175 0.02)
(0.045 0.0175 0.02)
(0.05 0.0175 0.02)
(0.055 0.0175 0.02)
(0.06 0.0175 0.02)
(0.065 0.0175 0.02)
(0.07 0.0175 0.02)
(0.075 0.0175 0.02)
(0.08 0.0175 0.02)
(0.085 0.0175 0.02)
(0.09 0.0175 0.02)
(0.095 0.0175 0.02)
(0.1 0.0175 0.02)
(0 0.021875 0.02)
(0.005 0.021875 0.02)
(0.01 0.021875 0.02)
(0.015 0.021875 0.02)
(0.02 0.021875 0.02)
(0.025 0.021875 0.02)
(0.03 0.021875 0.02)
(0.035 0.021875 0.02)
(0.04 0.021875 0.02)
(0.045 0.021875 0.02)
(0.05 0.021875 0.02)
(0.055 0.021875 0.02)
(0.06 0.021875 0.02)
(0.065 0.021875 0.02)
(0.07 0.021875 0.02)
(0.075 0.021875 0.02)
(0.08 0.021875 0.02)
(0.085 0.021875 0.02)
(0.09 0.021875 0.02)
(0.095 0.021875 0.02)
(0.1 0.021875 0.02)
(0 0.02625 0.02)
(0.005 0.02625 0.02)
(0.01 0.02625 0.02)
(0.015 0.02625 0.02)
(0.02 0.02625 0.02)
(0.025 0.02625 0.02)
(0.03 0.02625 0.02)
(0.035 0.02625 0.02)
(0.04 0.02625 0.02)
(0.045 0.02625 0.02)
(0.05 0.02625 0.02)
(0.055 0.02625 0.02)
(0.06 0.02625 0.02)
(0.065 0.02625 0.02)
(0.07 0.02625 0.02)
(0.075 0.02625 0.02)
(0.08 0.02625 0.02)
(0.085 0.02625 0.02)
(0.09 0.02625 0.02)
(0.095 0.02625 0.02)
(0.1 0.02625 0.02)
(0 0.030625 0.02)
(0.005 0.030625 0.02)
(0.01 0.030625 0.02)
(0.015 0.030625 0.02)
(0.02 0.030625 0.02)
(0.025 0.030625 0.02)
(0.03 0.030625 0.02)
(0.035 0.030625 0.02)
(0.04 0.030625 0.02)
(0.045 0.030625 0.02)
(0.05 0.030625 0.02)
(0.055 0.030625 0.02)
(0.06 0.030625 0.02)
(0.065 0.030625 0.02)
(0.07 0.030625 0.02)
(0.075 0.030625 0.02)
(0.08 0.030625 0.02)
(0.085 0.030625 0.02)
(0.09 0.030625 0.02)
(0.095 0.030625 0.02)
(0.1 0.030625 0.02)
(0 0.035 0.02)
(0.005 0.035 0.02)
(0.01 0.035 0.02)
(0.015 0.035 0.02)
(0.02 0.035 0.02)
(0.025 0.035 0.02)
(0.03 0.035 0.02)
(0.035 0.035 0.02)
(0.04 0.035 0.02)
(0.045 0.035 0.02)
(0.05 0.035 0.02)
(0.055 0.035 0.02)
(0.06 0.035 0.02)
(0.065 0.035 0.02)
(0.07 0.035 0.02)
(0.075 0.035 0.02)
(0.08 0.035 0.02)
(0.085 0.035 0.02)
(0.09 0.035 0.02)
(0.095 0.035 0.02)
(0.1 0.035 0.02)
(0 0.039375 0.02)
(0.005 0.039375 0.02)
(0.01 0.039375 0.02)
(0.015 0.039375 0.02)
(0.02 0.039375 0.02)
(0.025 0.039375 0.02)
(0.03 0.039375 0.02)
(0.035 0.039375 0.02)
(0.04 0.039375 0.02)
(0.045 0.039375 0.02)
(0.05 0.039375 0.02)
(0.055 0.039375 0.02)
(0.06 0.039375 0.02)
(0.065 0.039375 0.02)
(0.07 0.039375 0.02)
(0.075 0.039375 0.02)
(0.08 0.039375 0.02)
(0.085 0.039375 0.02)
(0.09 0.039375 0.02)
(0.095 0.039375 0.02)
(0.1 0.039375 0.02)
(0 0.04375 0.02)
(0.005 0.04375 0.02)
(0.01 0.04375 0.02)
(0.015 0.04375 0.02)
(0.02 0.04375 0.02)
(0.025 0.04375 0.02)
(0.03 0.04375 0.02)
(0.035 0.04375 0.02)
(0.04 0.04375 0.02)
(0.045 0.04375 0.02)
(0.05 0.04375 0.02)
(0.055 0.04375 0.02)
(0.06 0.04375 0.02)
(0.065 0.04375 0.02)
(0.07 0.04375 0.02)
(0.075 0.04375 0.02)
(0.08 0.04375 0.02)
(0.085 0.04375 0.02)
(0.09 0.04375 0.02)
(0.095 0.04375 0.02)
(0.1 0.04375 0.02)
(0 0.048125 0.02)
(0.005 0.048125 0.02)
(0.01 0.048125 0.02)
(0.015 0.048125 0.02)
(0.02 0.048125 0.02)
(0.025 0.048125 0.02)
(0.03 0.048125 0.02)
(0.035 0.048125 0.02)
(0.04 0.048125 0.02)
(0.045 0.048125 0.02)
(0.05 0.048125 0.02)
(0.055 0.048125 0.02)
(0.06 0.048125 0.02)
(0.065 0.048125 0.02)
(0.07 0.048125 0.02)
(0.075 0.048125 0.02)
(0.08 0.048125 0.02)
(0.085 0.048125 0.02)
(0.09 0.048125 0.02)
(0.095 0.048125 0.02)
(0.1 0.048125 0.02)
(0 0.0525 0.02)
(0.005 0.0525 0.02)
(0.01 0.0525 0.02)
(0.015 0.0525 0.02)
(0.02 0.0525 0.02)
(0.025 0.0525 0.02)
(0.03 0.0525 0.02)
(0.035 0.0525 0.02)
(0.04 0.0525 0.02)
(0.045 0.0525 0.02)
(0.05 0.0525 0.02)
(0.055 0.0525 0.02)
(0.06 0.0525 0.02)
(0.065 0.0525 0.02)
(0.07 0.0525 0.02)
(0.075 0.0525 0.02)
(0.08 0.0525 0.02)
(0.085 0.0525 0.02)
(0.09 0.0525 0.02)
(0.095 0.0525 0.02)
(0.1 0.0525 0.02)
(0 0.056875 0.02)
(0.005 0.056875 0.02)
(0.01 0.056875 0.02)
(0.015 0.056875 0.02)
(0.02 0.056875 0.02)
(0.025 0.056875 0.02)
(0.03 0.056875 0.02)
(0.035 0.056875 0.02)
(0.04 0.056875 0.02)
(0.045 0.056875 0.02)
(0.05 0.056875 0.02)
(0.055 0.056875 0.02)
(0.06 0.056875 0.02)
(0.065 0.056875 0.02)
(0.07 0.056875 0.02)
(0.075 0.056875 0.02)
(0.08 0.056875 0.02)
(0.085 0.056875 0.02)
(0.09 0.056875 0.02)
(0.095 0.056875 0.02)
(0.1 0.056875 0.02)
(0 0.06125 0.02)
(0.005 0.06125 0.02)
(0.01 0.06125 0.02)
(0.015 0.06125 0.02)
(0.02 0.06125 0.02)
(0.025 0.06125 0.02)
(0.03 0.06125 0.02)
(0.035 0.06125 0.02)
(0.04 0.06125 0.02)
(0.045 0.06125 0.02)
(0.05 0.06125 0.02)
(0.055 0.06125 0.02)
(0.06 0.06125 0.02)
(0.065 0.06125 0.02)
(0.07 0.06125 0.02)
(0.075 0.06125 0.02)
(0.08 0.06125 0.02)
(0.085 0.06125 0.02)
(0.09 0.06125 0.02)
(0.095 0.06125 0.02)
(0.1 0.06125 0.02)
(0 0.065625 0.02)
(0.005 0.065625 0.02)
(0.01 0.065625 0.02)
(0.015 0.065625 0.02)
(0.02 0.065625 0.02)
(0.025 0.065625 0.02)
(0.03 0.065625 0.02)
(0.035 0.065625 0.02)
(0.04 0.065625 0.02)
(0.045 0.065625 0.02)
(0.05 0.065625 0.02)
(0.055 0.065625 0.02)
(0.06 0.065625 0.02)
(0.065 0.065625 0.02)
(0.07 0.065625 0.02)
(0.075 0.065625 0.02)
(0.08 0.065625 0.02)
(0.085 0.065625 0.02)
(0.09 0.065625 0.02)
(0.095 0.065625 0.02)
(0.1 0.065625 0.02)
(0 0.07 0.02)
(0.005 0.07 0.02)
(0.01 0.07 0.02)
(0.015 0.07 0.02)
(0.02 0.07 0.02)
(0.025 0.07 0.02)
(0.03 0.07 0.02)
(0.035 0.07 0.02)
(0.04 0.07 0.02)
(0.045 0.07 0.02)
(0.05 0.07 0.02)
(0.055 0.07 0.02)
(0.06 0.07 0.02)
(0.065 0.07 0.02)
(0.07 0.07 0.02)
(0.075 0.07 0.02)
(0.08 0.07 0.02)
(0.085 0.07 0.02)
(0.09 0.07 0.02)
(0.095 0.07 0.02)
(0.1 0.07 0.02)
(0.075 0 0.02125)
(0.08 0 0.02125)
(0.085 -8.67361738e-19 0.02125)
(0.09 1.156482317e-18 0.02125)
(0.095 7.228014483e-20 0.02125)
(0.1 0 0.02125)
(0.075 0.004375 0.02125)
(0.08 0.004375 0.02125)
(0.085 0.004375 0.02125)
(0.09 0.004375 0.02125)
(0.095 0.004375 0.02125)
(0.1 0.004375 0.02125)
(0.055 0.00875 0.02125)
(0.06 0.00875 0.02125)
(0.065 0.00875 0.02125)
(0.07 0.00875 0.02125)
(0.075 0.00875 0.02125)
(0.08 0.00875 0.02125)
(0.085 0.00875 0.02125)
(0.09 0.00875 0.02125)
(0.095 0.00875 0.02125)
(0.1 0.00875 0.02125)
(0 0.013125 0.02125)
(0.005 0.013125 0.02125)
(0.01 0.013125 0.02125)
(0.015 0.013125 0.02125)
(0.02 0.013125 0.02125)
(0.025 0.013125 0.02125)
(0.03 0.013125 0.02125)
(0.035 0.013125 0.02125)
(0.04 0.013125 0.02125)
(0.045 0.013125 0.02125)
(0.05 0.013125 0.02125)
(0.055 0.013125 0.02125)
(0.06 0.013125 0.02125)
(0.065 0.013125 0.02125)
(0.07 0.013125 0.02125)
(0.075 0.013125 0.02125)
(0.08 0.013125 0.02125)
(0.085 0.013125 0.02125)
(0.09 0.013125 0.02125)
(0.095 0.013125 0.02125)
(0.1 0.013125 0.02125)
(0 0.0175 0.02125)
(0.005 0.0175 0.02125)
(0.01 0.0175 0.02125)
(0.015 0.0175 0.02125)
(0.02 0.0175 0.02125)
(0.025 0.0175 0.02125)
(0.03 0.0175 0.02125)
(0.035 0.0175 0.02125)
(0.04 0.0175 0.02125)
(0.045 0.0175 0.02125)
(0.05 0.0175 0.02125)
(0.055 0.0175 0.02125)
(0.06 0.0175 0.02125)
(0.065 0.0175 0.02125)
(0.07 0.0175 0.02125)
(0.075 0.0175 0.02125)
(0.08 0.0175 0.02125)
(0.085 0.0175 0.02125)
(0.09 0.0175 0.02125)
(0.095 0.0175 0.02125)
(0.1 0.0175 0.02125)
(0 0.021875 0.02125)
(0.005 0.021875 0.02125)
(0.01 0.021875 0.02125)
(0.015 0.021875 0.02125)
(0.02 0.021875 0.02125)
(0.025 0.021875 0.02125)
(0.03 0.021875 0.02125)
(0.035 0.021875 0.02125)
(0.04 0.021875 0.02125)
(0.045 0.021875 0.02125)
(0.05 0.021875 0.02125)
(0.055 0.021875 0.02125)
(0.06 0.021875 0.02125)
(0.065 0.021875 0.02125)
(0.07 0.021875 0.02125)
(0.075 0.021875 0.02125)
(0.08 0.021875 0.02125)
(0.085 0.021875 0.02125)
(0.09 0.021875 0.02125)
(0.095 0.021875 0.02125)
(0.1 0.021875 0.02125)
(0 0.02625 0.02125)
(0.005 0.02625 0.02125)
(0.01 0.02625 0.02125)
(0.015 0.02625 0.02125)
(0.02 0.02625 0.02125)
(0.025 0.02625 0.02125)
(0.03 0.02625 0.02125)
(0.035 0.02625 0.02125)
(0.04 0.02625 0.02125)
(0.045 0.02625 0.02125)
(0.05 0.02625 0.02125)
(0.055 0.02625 0.02125)
(0.06 0.02625 0.02125)
(0.065 0.02625 0.02125)
(0.07 0.02625 0.02125)
(0.075 0.02625 0.02125)
(0.08 0.02625 0.02125)
(0.085 0.02625 0.02125)
(0.09 0.02625 0.02125)
(0.095 0.02625 0.02125)
(0.1 0.02625 0.02125)
(0 0.030625 0.02125)
(0.005 0.030625 0.02125)
(0.01 0.030625 0.02125)
(0.015 0.030625 0.02125)
(0.02 0.030625 0.02125)
(0.025 0.030625 0.02125)
(0.03 0.030625 0.02125)
(0.035 0.030625 0.02125)
(0.04 0.030625 0.02125)
(0.045 0.030625 0.02125)
(0.05 0.030625 0.02125)
(0.055 0.030625 0.02125)
(0.06 0.030625 0.02125)
(0.065 0.030625 0.02125)
(0.07 0.030625 0.02125)
(0.075 0.030625 0.02125)
(0.08 0.030625 0.02125)
(0.085 0.030625 0.02125)
(0.09 0.030625 0.02125)
(0.095 0.030625 0.02125)
(0.1 0.030625 0.02125)
(0 0.035 0.02125)
(0.005 0.035 0.02125)
(0.01 0.035 0.02125)
(0.015 0.035 0.02125)
(0.02 0.035 0.02125)
(0.025 0.035 0.02125)
(0.03 0.035 0.02125)
(0.035 0.035 0.02125)
(0.04 0.035 0.02125)
(0.045 0.035 0.02125)
(0.05 0.035 0.02125)
(0.055 0.035 0.02125)
(0.06 0.035 0.02125)
(0.065 0.035 0.02125)
(0.07 0.035 0.02125)
(0.075 0.035 0.02125)
(0.08 0.035 0.02125)
(0.085 0.035 0.02125)
(0.09 0.035 0.02125)
(0.095 0.035 0.02125)
(0.1 0.035 0.02125)
(0 0.039375 0.02125)
(0.005 0.039375 0.02125)
(0.01 0.039375 0.02125)
(0.015 0.039375 0.02125)
(0.02 0.039375 0.02125)
(0.025 0.039375 0.02125)
(0.03 0.039375 0.02125)
(0.035 0.039375 0.02125)
(0.04 0.039375 0.02125)
(0.045 0.039375 0.02125)
(0.05 0.039375 0.02125)
(0.055 0.039375 0.02125)
(0.06 0.039375 0.02125)
(0.065 0.039375 0.02125)
(0.07 0.039375 0.02125)
(0.075 0.039375 0.02125)
(0.08 0.039375 0.02125)
(0.085 0.039375 0.02125)
(0.09 0.039375 0.02125)
(0.095 0.039375 0.02125)
(0.1 0.039375 0.02125)
(0 0.04375 0.02125)
(0.005 0.04375 0.02125)
(0.01 0.04375 0.02125)
(0.015 0.04375 0.02125)
(0.02 0.04375 0.02125)
(0.025 0.04375 0.02125)
(0.03 0.04375 0.02125)
(0.035 0.04375 0.02125)
(0.04 0.04375 0.02125)
(0.045 0.04375 0.02125)
(0.05 0.04375 0.02125)
(0.055 0.04375 0.02125)
(0.06 0.04375 0.02125)
(0.065 0.04375 0.02125)
(0.07 0.04375 0.02125)
(0.075 0.04375 0.02125)
(0.08 0.04375 0.02125)
(0.085 0.04375 0.02125)
(0.09 0.04375 0.02125)
(0.095 0.04375 0.02125)
(0.1 0.04375 0.02125)
(0 0.048125 0.02125)
(0.005 0.048125 0.02125)
(0.01 0.048125 0.02125)
(0.015 0.048125 0.02125)
(0.02 0.048125 0.02125)
(0.025 0.048125 0.02125)
(0.03 0.048125 0.02125)
(0.035 0.048125 0.02125)
(0.04 0.048125 0.02125)
(0.045 0.048125 0.02125)
(0.05 0.048125 0.02125)
(0.055 0.048125 0.02125)
(0.06 0.048125 0.02125)
(0.065 0.048125 0.02125)
(0.07 0.048125 0.02125)
(0.075 0.048125 0.02125)
(0.08 0.048125 0.02125)
(0.085 0.048125 0.02125)
(0.09 0.048125 0.02125)
(0.095 0.048125 0.02125)
(0.1 0.048125 0.02125)
(0 0.0525 0.02125)
(0.005 0.0525 0.02125)
(0.01 0.0525 0.02125)
(0.015 0.0525 0.02125)
(0.02 0.0525 0.02125)
(0.025 0.0525 0.02125)
(0.03 0.0525 0.02125)
(0.035 0.0525 0.02125)
(0.04 0.0525 0.02125)
(0.045 0.0525 0.02125)
(0.05 0.0525 0.02125)
(0.055 0.0525 0.02125)
(0.06 0.0525 0.02125)
(0.065 0.0525 0.02125)
(0.07 0.0525 0.02125)
(0.075 0.0525 0.02125)
(0.08 0.0525 0.02125)
(0.085 0.0525 0.02125)
(0.09 0.0525 0.02125)
(0.095 0.0525 0.02125)
(0.1 0.0525 0.02125)
(0 0.056875 0.02125)
(0.005 0.056875 0.02125)
(0.01 0.056875 0.02125)
(0.015 0.056875 0.02125)
(0.02 0.056875 0.02125)
(0.025 0.056875 0.02125)
(0.03 0.056875 0.02125)
(0.035 0.056875 0.02125)
(0.04 0.056875 0.02125)
(0.045 0.056875 0.02125)
(0.05 0.056875 0.02125)
(0.055 0.056875 0.02125)
(0.06 0.056875 0.02125)
(0.065 0.056875 0.02125)
(0.07 0.056875 0.02125)
(0.075 0.056875 0.02125)
(0.08 0.056875 0.02125)
(0.085 0.056875 0.02125)
(0.09 0.056875 0.02125)
(0.095 0.056875 0.02125)
(0.1 0.056875 0.02125)
(0 0.06125 0.02125)
(0.005 0.06125 0.02125)
(0.01 0.06125 0.02125)
(0.015 0.06125 0.02125)
(0.02 0.06125 0.02125)
(0.025 0.06125 0.02125)
(0.03 0.06125 0.02125)
(0.035 0.06125 0.02125)
(0.04 0.06125 0.02125)
(0.045 0.06125 0.02125)
(0.05 0.06125 0.02125)
(0.055 0.06125 0.02125)
(0.06 0.06125 0.02125)
(0.065 0.06125 0.02125)
(0.07 0.06125 0.02125)
(0.075 0.06125 0.02125)
(0.08 0.06125 0.02125)
(0.085 0.06125 0.02125)
(0.09 0.06125 0.02125)
(0.095 0.06125 0.02125)
(0.1 0.06125 0.02125)
(0 0.065625 0.02125)
(0.005 0.065625 0.02125)
(0.01 0.065625 0.02125)
(0.015 0.065625 0.02125)
(0.02 0.065625 0.02125)
(0.025 0.065625 0.02125)
(0.03 0.065625 0.02125)
(0.035 0.065625 0.02125)
(0.04 0.065625 0.02125)
(0.045 0.065625 0.02125)
(0.05 0.065625 0.02125)
(0.055 0.065625 0.02125)
(0.06 0.065625 0.02125)
(0.065 0.065625 0.02125)
(0.07 0.065625 0.02125)
(0.075 0.065625 0.02125)
(0.08 0.065625 0.02125)
(0.085 0.065625 0.02125)
(0.09 0.065625 0.02125)
(0.095 0.065625 0.02125)
(0.1 0.065625 0.02125)
(0 0.07 0.02125)
(0.005 0.07 0.02125)
(0.01 0.07 0.02125)
(0.015 0.07 0.02125)
(0.02 0.07 0.02125)
(0.025 0.07 0.02125)
(0.03 0.07 0.02125)
(0.035 0.07 0.02125)
(0.04 0.07 0.02125)
(0.045 0.07 0.02125)
(0.05 0.07 0.02125)
(0.055 0.07 0.02125)
(0.06 0.07 0.02125)
(0.065 0.07 0.02125)
(0.07 0.07 0.02125)
(0.075 0.07 0.02125)
(0.08 0.07 0.02125)
(0.085 0.07 0.02125)
(0.09 0.07 0.02125)
(0.095 0.07 0.02125)
(0.1 0.07 0.02125)
(0.09 1.156482317e-18 0.0225)
(0.095 7.228014483e-20 0.0225)
(0.1 0 0.0225)
(0.075 0.004375 0.0225)
(0.08 0.004375 0.0225)
(0.085 0.004375 0.0225)
(0.09 0.004375 0.0225)
(0.095 0.004375 0.0225)
(0.1 0.004375 0.0225)
(0.055 0.00875 0.0225)
(0.06 0.00875 0.0225)
(0.065 0.00875 0.0225)
(0.07 0.00875 0.0225)
(0.075 0.00875 0.0225)
(0.08 0.00875 0.0225)
(0.085 0.00875 0.0225)
(0.09 0.00875 0.0225)
(0.095 0.00875 0.0225)
(0.1 0.00875 0.0225)
(0 0.013125 0.0225)
(0.005 0.013125 0.0225)
(0.01 0.013125 0.0225)
(0.015 0.013125 0.0225)
(0.02 0.013125 0.0225)
(0.025 0.013125 0.0225)
(0.03 0.013125 0.0225)
(0.035 0.013125 0.0225)
(0.04 0.013125 0.0225)
(0.045 0.013125 0.0225)
(0.05 0.013125 0.0225)
(0.055 0.013125 0.0225)
(0.06 0.013125 0.0225)
(0.065 0.013125 0.0225)
(0.07 0.013125 0.0225)
(0.075 0.013125 0.0225)
(0.08 0.013125 0.0225)
(0.085 0.013125 0.0225)
(0.09 0.013125 0.0225)
(0.095 0.013125 0.0225)
(0.1 0.013125 0.0225)
(0 0.0175 0.0225)
(0.005 0.0175 0.0225)
(0.01 0.0175 0.0225)
(0.015 0.0175 0.0225)
(0.02 0.0175 0.0225)
(0.025 0.0175 0.0225)
(0.03 0.0175 0.0225)
(0.035 0.0175 0.0225)
(0.04 0.0175 0.0225)
(0.045 0.0175 0.0225)
(0.05 0.0175 0.0225)
(0.055 0.0175 0.0225)
(0.06 0.0175 0.0225)
(0.065 0.0175 0.0225)
(0.07 0.0175 0.0225)
(0.075 0.0175 0.0225)
(0.08 0.0175 0.0225)
(0.085 0.0175 0.0225)
(0.09 0.0175 0.0225)
(0.095 0.0175 0.0225)
(0.1 0.0175 0.0225)
(0 0.021875 0.0225)
(0.005 0.021875 0.0225)
(0.01 0.021875 0.0225)
(0.015 0.021875 0.0225)
(0.02 0.021875 0.0225)
(0.025 0.021875 0.0225)
(0.03 0.021875 0.0225)
(0.035 0.021875 0.0225)
(0.04 0.021875 0.0225)
(0.045 0.021875 0.0225)
(0.05 0.021875 0.0225)
(0.055 0.021875 0.0225)
(0.06 0.021875 0.0225)
(0.065 0.021875 0.0225)
(0.07 0.021875 0.0225)
(0.075 0.021875 0.0225)
(0.08 0.021875 0.0225)
(0.085 0.021875 0.0225)
(0.09 0.021875 0.0225)
(0.095 0.021875 0.0225)
(0.1 0.021875 0.0225)
(0 0.02625 0.0225)
(0.005 0.02625 0.0225)
(0.01 0.02625 0.0225)
(0.015 0.02625 0.0225)
(0.02 0.02625 0.0225)
(0.025 0.02625 0.0225)
(0.03 0.02625 0.0225)
(0.035 0.02625 0.0225)
(0.04 0.02625 0.0225)
(0.045 0.02625 0.0225)
(0.05 0.02625 0.0225)
(0.055 0.02625 0.0225)
(0.06 0.02625 0.0225)
(0.065 0.02625 0.0225)
(0.07 0.02625 0.0225)
(0.075 0.02625 0.0225)
(0.08 0.02625 0.0225)
(0.085 0.02625 0.0225)
(0.09 0.02625 0.0225)
(0.095 0.02625 0.0225)
(0.1 0.02625 0.0225)
(0 0.030625 0.0225)
(0.005 0.030625 0.0225)
(0.01 0.030625 0.0225)
(0.015 0.030625 0.0225)
(0.02 0.030625 0.0225)
(0.025 0.030625 0.0225)
(0.03 0.030625 0.0225)
(0.035 0.030625 0.0225)
(0.04 0.030625 0.0225)
(0.045 0.030625 0.0225)
(0.05 0.030625 0.0225)
(0.055 0.030625 0.0225)
(0.06 0.030625 0.0225)
(0.065 0.030625 0.0225)
(0.07 0.030625 0.0225)
(0.075 0.030625 0.0225)
(0.08 0.030625 0.0225)
(0.085 0.030625 0.0225)
(0.09 0.030625 0.0225)
(0.095 0.030625 0.0225)
(0.1 0.030625 0.0225)
(0 0.035 0.0225)
(0.005 0.035 0.0225)
(0.01 0.035 0.0225)
(0.015 0.035 0.0225)
(0.02 0.035 0.0225)
(0.025 0.035 0.0225)
(0.03 0.035 0.0225)
(0.035 0.035 0.0225)
(0.04 0.035 0.0225)
(0.045 0.035 0.0225)
(0.05 0.035 0.0225)
(0.055 0.035 0.0225)
(0.06 0.035 0.0225)
(0.065 0.035 0.0225)
(0.07 0.035 0.0225)
(0.075 0.035 0.0225)
(0.08 0.035 0.0225)
(0.085 0.035 0.0225)
(0.09 0.035 0.0225)
(0.095 0.035 0.0225)
(0.1 0.035 0.0225)
(0 0.039375 0.0225)
(0.005 0.039375 0.0225)
(0.01 0.039375 0.0225)
(0.015 0.039375 0.0225)
(0.02 0.039375 0.0225)
(0.025 0.039375 0.0225)
(0.03 0.039375 0.0225)
(0.035 0.039375 0.0225)
(0.04 0.039375 0.0225)
(0.045 0.039375 0.0225)
(0.05 0.039375 0.0225)
(0.055 0.039375 0.0225)
(0.06 0.039375 0.0225)
(0.065 0.039375 0.0225)
(0.07 0.039375 0.0225)
(0.075 0.039375 0.0225)
(0.08 0.039375 0.0225)
(0.085 0.039375 0.0225)
(0.09 0.039375 0.0225)
(0.095 0.039375 0.0225)
(0.1 0.039375 0.0225)
(0 0.04375 0.0225)
(0.005 0.04375 0.0225)
(0.01 0.04375 0.0225)
(0.015 0.04375 0.0225)
(0.02 0.04375 0.0225)
(0.025 0.04375 0.0225)
(0.03 0.04375 0.0225)
(0.035 0.04375 0.0225)
(0.04 0.04375 0.0225)
(0.045 0.04375 0.0225)
(0.05 0.04375 0.0225)
(0.055 0.04375 0.0225)
(0.06 0.04375 0.0225)
(0.065 0.04375 0.0225)
(0.07 0.04375 0.0225)
(0.075 0.04375 0.0225)
(0.08 0.04375 0.0225)
(0.085 0.04375 0.0225)
(0.09 0.04375 0.0225)
(0.095 0.04375 0.0225)
(0.1 0.04375 0.0225)
(0 0.048125 0.0225)
(0.005 0.048125 0.0225)
(0.01 0.048125 0.0225)
(0.015 0.048125 0.0225)
(0.02 0.048125 0.0225)
(0.025 0.048125 0.0225)
(0.03 0.048125 0.0225)
(0.035 0.048125 0.0225)
(0.04 0.048125 0.0225)
(0.045 0.048125 0.0225)
(0.05 0.048125 0.0225)
(0.055 0.048125 0.0225)
(0.06 0.048125 0.0225)
(0.065 0.048125 0.0225)
(0.07 0.048125 0.0225)
(0.075 0.048125 0.0225)
(0.08 0.048125 0.0225)
(0.085 0.048125 0.0225)
(0.09 0.048125 0.0225)
(0.095 0.048125 0.0225)
(0.1 0.048125 0.0225)
(0 0.0525 0.0225)
(0.005 0.0525 0.0225)
(0.01 0.0525 0.0225)
(0.015 0.0525 0.0225)
(0.02 0.0525 0.0225)
(0.025 0.0525 0.0225)
(0.03 0.0525 0.0225)
(0.035 0.0525 0.0225)
(0.04 0.0525 0.0225)
(0.045 0.0525 0.0225)
(0.05 0.0525 0.0225)
(0.055 0.0525 0.0225)
(0.06 0.0525 0.0225)
(0.065 0.0525 0.0225)
(0.07 0.0525 0.0225)
(0.075 0.0525 0.0225)
(0.08 0.0525 0.0225)
(0.085 0.0525 0.0225)
(0.09 0.0525 0.0225)
(0.095 0.0525 0.0225)
(0.1 0.0525 0.0225)
(0 0.056875 0.0225)
(0.005 0.056875 0.0225)
(0.01 0.056875 0.0225)
(0.015 0.056875 0.0225)
(0.02 0.056875 0.0225)
(0.025 0.056875 0.0225)
(0.03 0.056875 0.0225)
(0.035 0.056875 0.0225)
(0.04 0.056875 0.0225)
(0.045 0.056875 0.0225)
(0.05 0.056875 0.0225)
(0.055 0.056875 0.0225)
(0.06 0.056875 0.0225)
(0.065 0.056875 0.0225)
(0.07 0.056875 0.0225)
(0.075 0.056875 0.0225)
(0.08 0.056875 0.0225)
(0.085 0.056875 0.0225)
(0.09 0.056875 0.0225)
(0.095 0.056875 0.0225)
(0.1 0.056875 0.0225)
(0 0.06125 0.0225)
(0.005 0.06125 0.0225)
(0.01 0.06125 0.0225)
(0.015 0.06125 0.0225)
(0.02 0.06125 0.0225)
(0.025 0.06125 0.0225)
(0.03 0.06125 0.0225)
(0.035 0.06125 0.0225)
(0.04 0.06125 0.0225)
(0.045 0.06125 0.0225)
(0.05 0.06125 0.0225)
(0.055 0.06125 0.0225)
(0.06 0.06125 0.0225)
(0.065 0.06125 0.0225)
(0.07 0.06125 0.0225)
(0.075 0.06125 0.0225)
(0.08 0.06125 0.0225)
(0.085 0.06125 0.0225)
(0.09 0.06125 0.0225)
(0.095 0.06125 0.0225)
(0.1 0.06125 0.0225)
(0 0.065625 0.0225)
(0.005 0.065625 0.0225)
(0.01 0.065625 0.0225)
(0.015 0.065625 0.0225)
(0.02 0.065625 0.0225)
(0.025 0.065625 0.0225)
(0.03 0.065625 0.0225)
(0.035 0.065625 0.0225)
(0.04 0.065625 0.0225)
(0.045 0.065625 0.0225)
(0.05 0.065625 0.0225)
(0.055 0.065625 0.0225)
(0.06 0.065625 0.0225)
(0.065 0.065625 0.0225)
(0.07 0.065625 0.0225)
(0.075 0.065625 0.0225)
(0.08 0.065625 0.0225)
(0.085 0.065625 0.0225)
(0.09 0.065625 0.0225)
(0.095 0.065625 0.0225)
(0.1 0.065625 0.0225)
(0 0.07 0.0225)
(0.005 0.07 0.0225)
(0.01 0.07 0.0225)
(0.015 0.07 0.0225)
(0.02 0.07 0.0225)
(0.025 0.07 0.0225)
(0.03 0.07 0.0225)
(0.035 0.07 0.0225)
(0.04 0.07 0.0225)
(0.045 0.07 0.0225)
(0.05 0.07 0.0225)
(0.055 0.07 0.0225)
(0.06 0.07 0.0225)
(0.065 0.07 0.0225)
(0.07 0.07 0.0225)
(0.075 0.07 0.0225)
(0.08 0.07 0.0225)
(0.085 0.07 0.0225)
(0.09 0.07 0.0225)
(0.095 0.07 0.0225)
(0.1 0.07 0.0225)
(0.075 0.004375 0.02375)
(0.08 0.004375 0.02375)
(0.085 0.004375 0.02375)
(0.09 0.004375 0.02375)
(0.095 0.004375 0.02375)
(0.1 0.004375 0.02375)
(0.055 0.00875 0.02375)
(0.06 0.00875 0.02375)
(0.065 0.00875 0.02375)
(0.07 0.00875 0.02375)
(0.075 0.00875 0.02375)
(0.08 0.00875 0.02375)
(0.085 0.00875 0.02375)
(0.09 0.00875 0.02375)
(0.095 0.00875 0.02375)
(0.1 0.00875 0.02375)
(0 0.013125 0.02375)
(0.005 0.013125 0.02375)
(0.01 0.013125 0.02375)
(0.015 0.013125 0.02375)
(0.02 0.013125 0.02375)
(0.025 0.013125 0.02375)
(0.03 0.013125 0.02375)
(0.035 0.013125 0.02375)
(0.04 0.013125 0.02375)
(0.045 0.013125 0.02375)
(0.05 0.013125 0.02375)
(0.055 0.013125 0.02375)
(0.06 0.013125 0.02375)
(0.065 0.013125 0.02375)
(0.07 0.013125 0.02375)
(0.075 0.013125 0.02375)
(0.08 0.013125 0.02375)
(0.085 0.013125 0.02375)
(0.09 0.013125 0.02375)
(0.095 0.013125 0.02375)
(0.1 0.013125 0.02375)
(0 0.0175 0.02375)
(0.005 0.0175 0.02375)
(0.01 0.0175 0.02375)
(0.015 0.0175 0.02375)
(0.02 0.0175 0.02375)
(0.025 0.0175 0.02375)
(0.03 0.0175 0.02375)
(0.035 0.0175 0.02375)
(0.04 0.0175 0.02375)
(0.045 0.0175 0.02375)
(0.05 0.0175 0.02375)
(0.055 0.0175 0.02375)
(0.06 0.0175 0.02375)
(0.065 0.0175 0.02375)
(0.07 0.0175 0.02375)
(0.075 0.0175 0.02375)
(0.08 0.0175 0.02375)
(0.085 0.0175 0.02375)
(0.09 0.0175 0.02375)
(0.095 0.0175 0.02375)
(0.1 0.0175 0.02375)
(0 0.021875 0.02375)
(0.005 0.021875 0.02375)
(0.01 0.021875 0.02375)
(0.015 0.021875 0.02375)
(0.02 0.021875 0.02375)
(0.025 0.021875 0.02375)
(0.03 0.021875 0.02375)
(0.035 0.021875 0.02375)
(0.04 0.021875 0.02375)
(0.045 0.021875 0.02375)
(0.05 0.021875 0.02375)
(0.055 0.021875 0.02375)
(0.06 0.021875 0.02375)
(0.065 0.021875 0.02375)
(0.07 0.021875 0.02375)
(0.075 0.021875 0.02375)
(0.08 0.021875 0.02375)
(0.085 0.021875 0.02375)
(0.09 0.021875 0.02375)
(0.095 0.021875 0.02375)
(0.1 0.021875 0.02375)
(0 0.02625 0.02375)
(0.005 0.02625 0.02375)
(0.01 0.02625 0.02375)
(0.015 0.02625 0.02375)
(0.02 0.02625 0.02375)
(0.025 0.02625 0.02375)
(0.03 0.02625 0.02375)
(0.035 0.02625 0.02375)
(0.04 0.02625 0.02375)
(0.045 0.02625 0.02375)
(0.05 0.02625 0.02375)
(0.055 0.02625 0.02375)
(0.06 0.02625 0.02375)
(0.065 0.02625 0.02375)
(0.07 0.02625 0.02375)
(0.075 0.02625 0.02375)
(0.08 0.02625 0.02375)
(0.085 0.02625 0.02375)
(0.09 0.02625 0.02375)
(0.095 0.02625 0.02375)
(0.1 0.02625 0.02375)
(0 0.030625 0.02375)
(0.005 0.030625 0.02375)
(0.01 0.030625 0.02375)
(0.015 0.030625 0.02375)
(0.02 0.030625 0.02375)
(0.025 0.030625 0.02375)
(0.03 0.030625 0.02375)
(0.035 0.030625 0.02375)
(0.04 0.030625 0.02375)
(0.045 0.030625 0.02375)
(0.05 0.030625 0.02375)
(0.055 0.030625 0.02375)
(0.06 0.030625 0.02375)
(0.065 0.030625 0.02375)
(0.07 0.030625 0.02375)
(0.075 0.030625 0.02375)
(0.08 0.030625 0.02375)
(0.085 0.030625 0.02375)
(0.09 0.030625 0.02375)
(0.095 0.030625 0.02375)
(0.1 0.030625 0.02375)
(0 0.035 0.02375)
(0.005 0.035 0.02375)
(0.01 0.035 0.02375)
(0.015 0.035 0.02375)
(0.02 0.035 0.02375)
(0.025 0.035 0.02375)
(0.03 0.035 0.02375)
(0.035 0.035 0.02375)
(0.04 0.035 0.02375)
(0.045 0.035 0.02375)
(0.05 0.035 0.02375)
(0.055 0.035 0.02375)
(0.06 0.035 0.02375)
(0.065 0.035 0.02375)
(0.07 0.035 0.02375)
(0.075 0.035 0.02375)
(0.08 0.035 0.02375)
(0.085 0.035 0.02375)
(0.09 0.035 0.02375)
(0.095 0.035 0.02375)
(0.1 0.035 0.02375)
(0 0.039375 0.02375)
(0.005 0.039375 0.02375)
(0.01 0.039375 0.02375)
(0.015 0.039375 0.02375)
(0.02 0.039375 0.02375)
(0.025 0.039375 0.02375)
(0.03 0.039375 0.02375)
(0.035 0.039375 0.02375)
(0.04 0.039375 0.02375)
(0.045 0.039375 0.02375)
(0.05 0.039375 0.02375)
(0.055 0.039375 0.02375)
(0.06 0.039375 0.02375)
(0.065 0.039375 0.02375)
(0.07 0.039375 0.02375)
(0.075 0.039375 0.02375)
(0.08 0.039375 0.02375)
(0.085 0.039375 0.02375)
(0.09 0.039375 0.02375)
(0.095 0.039375 0.02375)
(0.1 0.039375 0.02375)
(0 0.04375 0.02375)
(0.005 0.04375 0.02375)
(0.01 0.04375 0.02375)
(0.015 0.04375 0.02375)
(0.02 0.04375 0.02375)
(0.025 0.04375 0.02375)
(0.03 0.04375 0.02375)
(0.035 0.04375 0.02375)
(0.04 0.04375 0.02375)
(0.045 0.04375 0.02375)
(0.05 0.04375 0.02375)
(0.055 0.04375 0.02375)
(0.06 0.04375 0.02375)
(0.065 0.04375 0.02375)
(0.07 0.04375 0.02375)
(0.075 0.04375 0.02375)
(0.08 0.04375 0.02375)
(0.085 0.04375 0.02375)
(0.09 0.04375 0.02375)
(0.095 0.04375 0.02375)
(0.1 0.04375 0.02375)
(0 0.048125 0.02375)
(0.005 0.048125 0.02375)
(0.01 0.048125 0.02375)
(0.015 0.048125 0.02375)
(0.02 0.048125 0.02375)
(0.025 0.048125 0.02375)
(0.03 0.048125 0.02375)
(0.035 0.048125 0.02375)
(0.04 0.048125 0.02375)
(0.045 0.048125 0.02375)
(0.05 0.048125 0.02375)
(0.055 0.048125 0.02375)
(0.06 0.048125 0.02375)
(0.065 0.048125 0.02375)
(0.07 0.048125 0.02375)
(0.075 0.048125 0.02375)
(0.08 0.048125 0.02375)
(0.085 0.048125 0.02375)
(0.09 0.048125 0.02375)
(0.095 0.048125 0.02375)
(0.1 0.048125 0.02375)
(0 0.0525 0.02375)
(0.005 0.0525 0.02375)
(0.01 0.0525 0.02375)
(0.015 0.0525 0.02375)
(0.02 0.0525 0.02375)
(0.025 0.0525 0.02375)
(0.03 0.0525 0.02375)
(0.035 0.0525 0.02375)
(0.04 0.0525 0.02375)
(0.045 0.0525 0.02375)
(0.05 0.0525 0.02375)
(0.055 0.0525 0.02375)
(0.06 0.0525 0.02375)
(0.065 0.0525 0.02375)
(0.07 0.0525 0.02375)
(0.075 0.0525 0.02375)
(0.08 0.0525 0.02375)
(0.085 0.0525 0.02375)
(0.09 0.0525 0.02375)
(0.095 0.0525 0.02375)
(0.1 0.0525 0.02375)
(0 0.056875 0.02375)
(0.005 0.056875 0.02375)
(0.01 0.056875 0.02375)
(0.015 0.056875 0.02375)
(0.02 0.056875 0.02375)
(0.025 0.056875 0.02375)
(0.03 0.056875 0.02375)
(0.035 0.056875 0.02375)
(0.04 0.056875 0.02375)
(0.045 0.056875 0.02375)
(0.05 0.056875 0.02375)
(0.055 0.056875 0.02375)
(0.06 0.056875 0.02375)
(0.065 0.056875 0.02375)
(0.07 0.056875 0.02375)
(0.075 0.056875 0.02375)
(0.08 0.056875 0.02375)
(0.085 0.056875 0.02375)
(0.09 0.056875 0.02375)
(0.095 0.056875 0.02375)
(0.1 0.056875 0.02375)
(0 0.06125 0.02375)
(0.005 0.06125 0.02375)
(0.01 0.06125 0.02375)
(0.015 0.06125 0.02375)
(0.02 0.06125 0.02375)
(0.025 0.06125 0.02375)
(0.03 0.06125 0.02375)
(0.035 0.06125 0.02375)
(0.04 0.06125 0.02375)
(0.045 0.06125 0.02375)
(0.05 0.06125 0.02375)
(0.055 0.06125 0.02375)
(0.06 0.06125 0.02375)
(0.065 0.06125 0.02375)
(0.07 0.06125 0.02375)
(0.075 0.06125 0.02375)
(0.08 0.06125 0.02375)
(0.085 0.06125 0.02375)
(0.09 0.06125 0.02375)
(0.095 0.06125 0.02375)
(0.1 0.06125 0.02375)
(0 0.065625 0.02375)
(0.005 0.065625 0.02375)
(0.01 0.065625 0.02375)
(0.015 0.065625 0.02375)
(0.02 0.065625 0.02375)
(0.025 0.065625 0.02375)
(0.03 0.065625 0.02375)
(0.035 0.065625 0.02375)
(0.04 0.065625 0.02375)
(0.045 0.065625 0.02375)
(0.05 0.065625 0.02375)
(0.055 0.065625 0.02375)
(0.06 0.065625 0.02375)
(0.065 0.065625 0.02375)
(0.07 0.065625 0.02375)
(0.075 0.065625 0.02375)
(0.08 0.065625 0.02375)
(0.085 0.065625 0.02375)
(0.09 0.065625 0.02375)
(0.095 0.065625 0.02375)
(0.1 0.065625 0.02375)
(0 0.07 0.02375)
(0.005 0.07 0.02375)
(0.01 0.07 0.02375)
(0.015 0.07 0.02375)
(0.02 0.07 0.02375)
(0.025 0.07 0.02375)
(0.03 0.07 0.02375)
(0.035 0.07 0.02375)
(0.04 0.07 0.02375)
(0.045 0.07 0.02375)
(0.05 0.07 0.02375)
(0.055 0.07 0.02375)
(0.06 0.07 0.02375)
(0.065 0.07 0.02375)
(0.07 0.07 0.02375)
(0.075 0.07 0.02375)
(0.08 0.07 0.02375)
(0.085 0.07 0.02375)
(0.09 0.07 0.02375)
(0.095 0.07 0.02375)
(0.1 0.07 0.02375)
(0.055 0.00875 0.025)
(0.06 0.00875 0.025)
(0.065 0.00875 0.025)
(0.07 0.00875 0.025)
(0.075 0.00875 0.025)
(0.08 0.00875 0.025)
(0.085 0.00875 0.025)
(0.09 0.00875 0.025)
(0.095 0.00875 0.025)
(0.1 0.00875 0.025)
(0 0.013125 0.025)
(0.005 0.013125 0.025)
(0.01 0.013125 0.025)
(0.015 0.013125 0.025)
(0.02 0.013125 0.025)
(0.025 0.013125 0.025)
(0.03 0.013125 0.025)
(0.035 0.013125 0.025)
(0.04 0.013125 0.025)
(0.045 0.013125 0.025)
(0.05 0.013125 0.025)
(0.055 0.013125 0.025)
(0.06 0.013125 0.025)
(0.065 0.013125 0.025)
(0.07 0.013125 0.025)
(0.075 0.013125 0.025)
(0.08 0.013125 0.025)
(0.085 0.013125 0.025)
(0.09 0.013125 0.025)
(0.095 0.013125 0.025)
(0.1 0.013125 0.025)
(0 0.0175 0.025)
(0.005 0.0175 0.025)
(0.01 0.0175 0.025)
(0.015 0.0175 0.025)
(0.02 0.0175 0.025)
(0.025 0.0175 0.025)
(0.03 0.0175 0.025)
(0.035 0.0175 0.025)
(0.04 0.0175 0.025)
(0.045 0.0175 0.025)
(0.05 0.0175 0.025)
(0.055 0.0175 0.025)
(0.06 0.0175 0.025)
(0.065 0.0175 0.025)
(0.07 0.0175 0.025)
(0.075 0.0175 0.025)
(0.08 0.0175 0.025)
(0.085 0.0175 0.025)
(0.09 0.0175 0.025)
(0.095 0.0175 0.025)
(0.1 0.0175 0.025)
(0 0.021875 0.025)
(0.005 0.021875 0.025)
(0.01 0.021875 0.025)
(0.015 0.021875 0.025)
(0.02 0.021875 0.025)
(0.025 0.021875 0.025)
(0.03 0.021875 0.025)
(0.035 0.021875 0.025)
(0.04 0.021875 0.025)
(0.045 0.021875 0.025)
(0.05 0.021875 0.025)
(0.055 0.021875 0.025)
(0.06 0.021875 0.025)
(0.065 0.021875 0.025)
(0.07 0.021875 0.025)
(0.075 0.021875 0.025)
(0.08 0.021875 0.025)
(0.085 0.021875 0.025)
(0.09 0.021875 0.025)
(0.095 0.021875 0.025)
(0.1 0.021875 0.025)
(0 0.02625 0.025)
(0.005 0.02625 0.025)
(0.01 0.02625 0.025)
(0.015 0.02625 0.025)
(0.02 0.02625 0.025)
(0.025 0.02625 0.025)
(0.03 0.02625 0.025)
(0.035 0.02625 0.025)
(0.04 0.02625 0.025)
(0.045 0.02625 0.025)
(0.05 0.02625 0.025)
(0.055 0.02625 0.025)
(0.06 0.02625 0.025)
(0.065 0.02625 0.025)
(0.07 0.02625 0.025)
(0.075 0.02625 0.025)
(0.08 0.02625 0.025)
(0.085 0.02625 0.025)
(0.09 0.02625 0.025)
(0.095 0.02625 0.025)
(0.1 0.02625 0.025)
(0 0.030625 0.025)
(0.005 0.030625 0.025)
(0.01 0.030625 0.025)
(0.015 0.030625 0.025)
(0.02 0.030625 0.025)
(0.025 0.030625 0.025)
(0.03 0.030625 0.025)
(0.035 0.030625 0.025)
(0.04 0.030625 0.025)
(0.045 0.030625 0.025)
(0.05 0.030625 0.025)
(0.055 0.030625 0.025)
(0.06 0.030625 0.025)
(0.065 0.030625 0.025)
(0.07 0.030625 0.025)
(0.075 0.030625 0.025)
(0.08 0.030625 0.025)
(0.085 0.030625 0.025)
(0.09 0.030625 0.025)
(0.095 0.030625 0.025)
(0.1 0.030625 0.025)
(0 0.035 0.025)
(0.005 0.035 0.025)
(0.01 0.035 0.025)
(0.015 0.035 0.025)
(0.02 0.035 0.025)
(0.025 0.035 0.025)
(0.03 0.035 0.025)
(0.035 0.035 0.025)
(0.04 0.035 0.025)
(0.045 0.035 0.025)
(0.05 0.035 0.025)
(0.055 0.035 0.025)
(0.06 0.035 0.025)
(0.065 0.035 0.025)
(0.07 0.035 0.025)
(0.075 0.035 0.025)
(0.08 0.035 0.025)
(0.085 0.035 0.025)
(0.09 0.035 0.025)
(0.095 0.035 0.025)
(0.1 0.035 0.025)
(0 0.039375 0.025)
(0.005 0.039375 0.025)
(0.01 0.039375 0.025)
(0.015 0.039375 0.025)
(0.02 0.039375 0.025)
(0.025 0.039375 0.025)
(0.03 0.039375 0.025)
(0.035 0.039375 0.025)
(0.04 0.039375 0.025)
(0.045 0.039375 0.025)
(0.05 0.039375 0.025)
(0.055 0.039375 0.025)
(0.06 0.039375 0.025)
(0.065 0.039375 0.025)
(0.07 0.039375 0.025)
(0.075 0.039375 0.025)
(0.08 0.039375 0.025)
(0.085 0.039375 0.025)
(0.09 0.039375 0.025)
(0.095 0.039375 0.025)
(0.1 0.039375 0.025)
(0 0.04375 0.025)
(0.005 0.04375 0.025)
(0.01 0.04375 0.025)
(0.015 0.04375 0.025)
(0.02 0.04375 0.025)
(0.025 0.04375 0.025)
(0.03 0.04375 0.025)
(0.035 0.04375 0.025)
(0.04 0.04375 0.025)
(0.045 0.04375 0.025)
(0.05 0.04375 0.025)
(0.055 0.04375 0.025)
(0.06 0.04375 0.025)
(0.065 0.04375 0.025)
(0.07 0.04375 0.025)
(0.075 0.04375 0.025)
(0.08 0.04375 0.025)
(0.085 0.04375 0.025)
(0.09 0.04375 0.025)
(0.095 0.04375 0.025)
(0.1 0.04375 0.025)
(0 0.048125 0.025)
(0.005 0.048125 0.025)
(0.01 0.048125 0.025)
(0.015 0.048125 0.025)
(0.02 0.048125 0.025)
(0.025 0.048125 0.025)
(0.03 0.048125 0.025)
(0.035 0.048125 0.025)
(0.04 0.048125 0.025)
(0.045 0.048125 0.025)
(0.05 0.048125 0.025)
(0.055 0.048125 0.025)
(0.06 0.048125 0.025)
(0.065 0.048125 0.025)
(0.07 0.048125 0.025)
(0.075 0.048125 0.025)
(0.08 0.048125 0.025)
(0.085 0.048125 0.025)
(0.09 0.048125 0.025)
(0.095 0.048125 0.025)
(0.1 0.048125 0.025)
(0 0.0525 0.025)
(0.005 0.0525 0.025)
(0.01 0.0525 0.025)
(0.015 0.0525 0.025)
(0.02 0.0525 0.025)
(0.025 0.0525 0.025)
(0.03 0.0525 0.025)
(0.035 0.0525 0.025)
(0.04 0.0525 0.025)
(0.045 0.0525 0.025)
(0.05 0.0525 0.025)
(0.055 0.0525 0.025)
(0.06 0.0525 0.025)
(0.065 0.0525 0.025)
(0.07 0.0525 0.025)
(0.075 0.0525 0.025)
(0.08 0.0525 0.025)
(0.085 0.0525 0.025)
(0.09 0.0525 0.025)
(0.095 0.0525 0.025)
(0.1 0.0525 0.025)
(0 0.056875 0.025)
(0.005 0.056875 0.025)
(0.01 0.056875 0.025)
(0.015 0.056875 0.025)
(0.02 0.056875 0.025)
(0.025 0.056875 0.025)
(0.03 0.056875 0.025)
(0.035 0.056875 0.025)
(0.04 0.056875 0.025)
(0.045 0.056875 0.025)
(0.05 0.056875 0.025)
(0.055 0.056875 0.025)
(0.06 0.056875 0.025)
(0.065 0.056875 0.025)
(0.07 0.056875 0.025)
(0.075 0.056875 0.025)
(0.08 0.056875 0.025)
(0.085 0.056875 0.025)
(0.09 0.056875 0.025)
(0.095 0.056875 0.025)
(0.1 0.056875 0.025)
(0 0.06125 0.025)
(0.005 0.06125 0.025)
(0.01 0.06125 0.025)
(0.015 0.06125 0.025)
(0.02 0.06125 0.025)
(0.025 0.06125 0.025)
(0.03 0.06125 0.025)
(0.035 0.06125 0.025)
(0.04 0.06125 0.025)
(0.045 0.06125 0.025)
(0.05 0.06125 0.025)
(0.055 0.06125 0.025)
(0.06 0.06125 0.025)
(0.065 0.06125 0.025)
(0.07 0.06125 0.025)
(0.075 0.06125 0.025)
(0.08 0.06125 0.025)
(0.085 0.06125 0.025)
(0.09 0.06125 0.025)
(0.095 0.06125 0.025)
(0.1 0.06125 0.025)
(0 0.065625 0.025)
(0.005 0.065625 0.025)
(0.01 0.065625 0.025)
(0.015 0.065625 0.025)
(0.02 0.065625 0.025)
(0.025 0.065625 0.025)
(0.03 0.065625 0.025)
(0.035 0.065625 0.025)
(0.04 0.065625 0.025)
(0.045 0.065625 0.025)
(0.05 0.065625 0.025)
(0.055 0.065625 0.025)
(0.06 0.065625 0.025)
(0.065 0.065625 0.025)
(0.07 0.065625 0.025)
(0.075 0.065625 0.025)
(0.08 0.065625 0.025)
(0.085 0.065625 0.025)
(0.09 0.065625 0.025)
(0.095 0.065625 0.025)
(0.1 0.065625 0.025)
(0 0.07 0.025)
(0.005 0.07 0.025)
(0.01 0.07 0.025)
(0.015 0.07 0.025)
(0.02 0.07 0.025)
(0.025 0.07 0.025)
(0.03 0.07 0.025)
(0.035 0.07 0.025)
(0.04 0.07 0.025)
(0.045 0.07 0.025)
(0.05 0.07 0.025)
(0.055 0.07 0.025)
(0.06 0.07 0.025)
(0.065 0.07 0.025)
(0.07 0.07 0.025)
(0.075 0.07 0.025)
(0.08 0.07 0.025)
(0.085 0.07 0.025)
(0.09 0.07 0.025)
(0.095 0.07 0.025)
(0.1 0.07 0.025)
(0.1033333333 0 0.0125)
(0.1066666667 0 0.0125)
(0.11 0 0.0125)
(0.1133333333 0 0.0125)
(0.1166666667 0 0.0125)
(0.12 0 0.0125)
(0.1033333333 0.004375 0.0125)
(0.1066666667 0.004375 0.0125)
(0.11 0.004375 0.0125)
(0.1133333333 0.004375 0.0125)
(0.1166666667 0.004375 0.0125)
(0.12 0.004375 0.0125)
(0.1033333333 0.00875 0.0125)
(0.1066666667 0.00875 0.0125)
(0.11 0.00875 0.0125)
(0.1133333333 0.00875 0.0125)
(0.1166666667 0.00875 0.0125)
(0.12 0.00875 0.0125)
(0.1033333333 0.013125 0.0125)
(0.1066666667 0.013125 0.0125)
(0.11 0.013125 0.0125)
(0.1133333333 0.013125 0.0125)
(0.1166666667 0.013125 0.0125)
(0.12 0.013125 0.0125)
(0.1033333333 0.0175 0.0125)
(0.1066666667 0.0175 0.0125)
(0.11 0.0175 0.0125)
(0.1133333333 0.0175 0.0125)
(0.1166666667 0.0175 0.0125)
(0.12 0.0175 0.0125)
(0.1033333333 0.021875 0.0125)
(0.1066666667 0.021875 0.0125)
(0.11 0.021875 0.0125)
(0.1133333333 0.021875 0.0125)
(0.1166666667 0.021875 0.0125)
(0.12 0.021875 0.0125)
(0.1033333333 0.02625 0.0125)
(0.1066666667 0.02625 0.0125)
(0.11 0.02625 0.0125)
(0.1133333333 0.02625 0.0125)
(0.1166666667 0.02625 0.0125)
(0.12 0.02625 0.0125)
(0.1033333333 0.030625 0.0125)
(0.1066666667 0.030625 0.0125)
(0.11 0.030625 0.0125)
(0.1133333333 0.030625 0.0125)
(0.1166666667 0.030625 0.0125)
(0.12 0.030625 0.0125)
(0.1033333333 0.035 0.0125)
(0.1066666667 0.035 0.0125)
(0.11 0.035 0.0125)
(0.1133333333 0.035 0.0125)
(0.1166666667 0.035 0.0125)
(0.12 0.035 0.0125)
(0.1033333333 0.039375 0.0125)
(0.1066666667 0.039375 0.0125)
(0.11 0.039375 0.0125)
(0.1133333333 0.039375 0.0125)
(0.1166666667 0.039375 0.0125)
(0.12 0.039375 0.0125)
(0.1033333333 0.04375 0.0125)
(0.1066666667 0.04375 0.0125)
(0.11 0.04375 0.0125)
(0.1133333333 0.04375 0.0125)
(0.1166666667 0.04375 0.0125)
(0.12 0.04375 0.0125)
(0.1033333333 0.048125 0.0125)
(0.1066666667 0.048125 0.0125)
(0.11 0.048125 0.0125)
(0.1133333333 0.048125 0.0125)
(0.1166666667 0.048125 0.0125)
(0.12 0.048125 0.0125)
(0.1033333333 0.0525 0.0125)
(0.1066666667 0.0525 0.0125)
(0.11 0.0525 0.0125)
(0.1133333333 0.0525 0.0125)
(0.1166666667 0.0525 0.0125)
(0.12 0.0525 0.0125)
(0.1033333333 0.056875 0.0125)
(0.1066666667 0.056875 0.0125)
(0.11 0.056875 0.0125)
(0.1133333333 0.056875 0.0125)
(0.1166666667 0.056875 0.0125)
(0.12 0.056875 0.0125)
(0.1033333333 0.06125 0.0125)
(0.1066666667 0.06125 0.0125)
(0.11 0.06125 0.0125)
(0.1133333333 0.06125 0.0125)
(0.1166666667 0.06125 0.0125)
(0.12 0.06125 0.0125)
(0.1033333333 0.065625 0.0125)
(0.1066666667 0.065625 0.0125)
(0.11 0.065625 0.0125)
(0.1133333333 0.065625 0.0125)
(0.1166666667 0.065625 0.0125)
(0.12 0.065625 0.0125)
(0.1033333333 0.07 0.0125)
(0.1066666667 0.07 0.0125)
(0.11 0.07 0.0125)
(0.1133333333 0.07 0.0125)
(0.1166666667 0.07 0.0125)
(0.12 0.07 0.0125)
(0.1033333333 0 0.01375)
(0.1066666667 0 0.01375)
(0.11 0 0.01375)
(0.1133333333 0 0.01375)
(0.1166666667 0 0.01375)
(0.12 0 0.01375)
(0.1233333333 -1.156482317e-18 0.01375)
(0.1266666667 0 0.01375)
(0.1033333333 0.004375 0.01375)
(0.1066666667 0.004375 0.01375)
(0.11 0.004375 0.01375)
(0.1133333333 0.004375 0.01375)
(0.1166666667 0.004375 0.01375)
(0.12 0.004375 0.01375)
(0.1233333333 0.004375 0.01375)
(0.1266666667 0.004375 0.01375)
(0.1033333333 0.00875 0.01375)
(0.1066666667 0.00875 0.01375)
(0.11 0.00875 0.01375)
(0.1133333333 0.00875 0.01375)
(0.1166666667 0.00875 0.01375)
(0.12 0.00875 0.01375)
(0.1233333333 0.00875 0.01375)
(0.1266666667 0.00875 0.01375)
(0.1033333333 0.013125 0.01375)
(0.1066666667 0.013125 0.01375)
(0.11 0.013125 0.01375)
(0.1133333333 0.013125 0.01375)
(0.1166666667 0.013125 0.01375)
(0.12 0.013125 0.01375)
(0.1233333333 0.013125 0.01375)
(0.1266666667 0.013125 0.01375)
(0.1033333333 0.0175 0.01375)
(0.1066666667 0.0175 0.01375)
(0.11 0.0175 0.01375)
(0.1133333333 0.0175 0.01375)
(0.1166666667 0.0175 0.01375)
(0.12 0.0175 0.01375)
(0.1233333333 0.0175 0.01375)
(0.1266666667 0.0175 0.01375)
(0.1033333333 0.021875 0.01375)
(0.1066666667 0.021875 0.01375)
(0.11 0.021875 0.01375)
(0.1133333333 0.021875 0.01375)
(0.1166666667 0.021875 0.01375)
(0.12 0.021875 0.01375)
(0.1233333333 0.021875 0.01375)
(0.1266666667 0.021875 0.01375)
(0.1033333333 0.02625 0.01375)
(0.1066666667 0.02625 0.01375)
(0.11 0.02625 0.01375)
(0.1133333333 0.02625 0.01375)
(0.1166666667 0.02625 0.01375)
(0.12 0.02625 0.01375)
(0.1233333333 0.02625 0.01375)
(0.1266666667 0.02625 0.01375)
(0.1033333333 0.030625 0.01375)
(0.1066666667 0.030625 0.01375)
(0.11 0.030625 0.01375)
(0.1133333333 0.030625 0.01375)
(0.1166666667 0.030625 0.01375)
(0.12 0.030625 0.01375)
(0.1233333333 0.030625 0.01375)
(0.1266666667 0.030625 0.01375)
(0.1033333333 0.035 0.01375)
(0.1066666667 0.035 0.01375)
(0.11 0.035 0.01375)
(0.1133333333 0.035 0.01375)
(0.1166666667 0.035 0.01375)
(0.12 0.035 0.01375)
(0.1233333333 0.035 0.01375)
(0.1266666667 0.035 0.01375)
(0.1033333333 0.039375 0.01375)
(0.1066666667 0.039375 0.01375)
(0.11 0.039375 0.01375)
(0.1133333333 0.039375 0.01375)
(0.1166666667 0.039375 0.01375)
(0.12 0.039375 0.01375)
(0.1233333333 0.039375 0.01375)
(0.1266666667 0.039375 0.01375)
(0.1033333333 0.04375 0.01375)
(0.1066666667 0.04375 0.01375)
(0.11 0.04375 0.01375)
(0.1133333333 0.04375 0.01375)
(0.1166666667 0.04375 0.01375)
(0.12 0.04375 0.01375)
(0.1233333333 0.04375 0.01375)
(0.1266666667 0.04375 0.01375)
(0.1033333333 0.048125 0.01375)
(0.1066666667 0.048125 0.01375)
(0.11 0.048125 0.01375)
(0.1133333333 0.048125 0.01375)
(0.1166666667 0.048125 0.01375)
(0.12 0.048125 0.01375)
(0.1233333333 0.048125 0.01375)
(0.1266666667 0.048125 0.01375)
(0.1033333333 0.0525 0.01375)
(0.1066666667 0.0525 0.01375)
(0.11 0.0525 0.01375)
(0.1133333333 0.0525 0.01375)
(0.1166666667 0.0525 0.01375)
(0.12 0.0525 0.01375)
(0.1233333333 0.0525 0.01375)
(0.1266666667 0.0525 0.01375)
(0.1033333333 0.056875 0.01375)
(0.1066666667 0.056875 0.01375)
(0.11 0.056875 0.01375)
(0.1133333333 0.056875 0.01375)
(0.1166666667 0.056875 0.01375)
(0.12 0.056875 0.01375)
(0.1233333333 0.056875 0.01375)
(0.1266666667 0.056875 0.01375)
(0.1033333333 0.06125 0.01375)
(0.1066666667 0.06125 0.01375)
(0.11 0.06125 0.01375)
(0.1133333333 0.06125 0.01375)
(0.1166666667 0.06125 0.01375)
(0.12 0.06125 0.01375)
(0.1233333333 0.06125 0.01375)
(0.1266666667 0.06125 0.01375)
(0.1033333333 0.065625 0.01375)
(0.1066666667 0.065625 0.01375)
(0.11 0.065625 0.01375)
(0.1133333333 0.065625 0.01375)
(0.1166666667 0.065625 0.01375)
(0.12 0.065625 0.01375)
(0.1233333333 0.065625 0.01375)
(0.1266666667 0.065625 0.01375)
(0.1033333333 0.07 0.01375)
(0.1066666667 0.07 0.01375)
(0.11 0.07 0.01375)
(0.1133333333 0.07 0.01375)
(0.1166666667 0.07 0.01375)
(0.12 0.07 0.01375)
(0.1233333333 0.07 0.01375)
(0.1266666667 0.07 0.01375)
(0.1033333333 0 0.015)
(0.1066666667 0 0.015)
(0.11 0 0.015)
(0.1133333333 0 0.015)
(0.1166666667 0 0.015)
(0.12 0 0.015)
(0.1233333333 -1.156482317e-18 0.015)
(0.1266666667 0 0.015)
(0.1033333333 0.004375 0.015)
(0.1066666667 0.004375 0.015)
(0.11 0.004375 0.015)
(0.1133333333 0.004375 0.015)
(0.1166666667 0.004375 0.015)
(0.12 0.004375 0.015)
(0.1233333333 0.004375 0.015)
(0.1266666667 0.004375 0.015)
(0.1033333333 0.00875 0.015)
(0.1066666667 0.00875 0.015)
(0.11 0.00875 0.015)
(0.1133333333 0.00875 0.015)
(0.1166666667 0.00875 0.015)
(0.12 0.00875 0.015)
(0.1233333333 0.00875 0.015)
(0.1266666667 0.00875 0.015)
(0.1033333333 0.013125 0.015)
(0.1066666667 0.013125 0.015)
(0.11 0.013125 0.015)
(0.1133333333 0.013125 0.015)
(0.1166666667 0.013125 0.015)
(0.12 0.013125 0.015)
(0.1233333333 0.013125 0.015)
(0.1266666667 0.013125 0.015)
(0.1033333333 0.0175 0.015)
(0.1066666667 0.0175 0.015)
(0.11 0.0175 0.015)
(0.1133333333 0.0175 0.015)
(0.1166666667 0.0175 0.015)
(0.12 0.0175 0.015)
(0.1233333333 0.0175 0.015)
(0.1266666667 0.0175 0.015)
(0.1033333333 0.021875 0.015)
(0.1066666667 0.021875 0.015)
(0.11 0.021875 0.015)
(0.1133333333 0.021875 0.015)
(0.1166666667 0.021875 0.015)
(0.12 0.021875 0.015)
(0.1233333333 0.021875 0.015)
(0.1266666667 0.021875 0.015)
(0.1033333333 0.02625 0.015)
(0.1066666667 0.02625 0.015)
(0.11 0.02625 0.015)
(0.1133333333 0.02625 0.015)
(0.1166666667 0.02625 0.015)
(0.12 0.02625 0.015)
(0.1233333333 0.02625 0.015)
(0.1266666667 0.02625 0.015)
(0.1033333333 0.030625 0.015)
(0.1066666667 0.030625 0.015)
(0.11 0.030625 0.015)
(0.1133333333 0.030625 0.015)
(0.1166666667 0.030625 0.015)
(0.12 0.030625 0.015)
(0.1233333333 0.030625 0.015)
(0.1266666667 0.030625 0.015)
(0.1033333333 0.035 0.015)
(0.1066666667 0.035 0.015)
(0.11 0.035 0.015)
(0.1133333333 0.035 0.015)
(0.1166666667 0.035 0.015)
(0.12 0.035 0.015)
(0.1233333333 0.035 0.015)
(0.1266666667 0.035 0.015)
(0.1033333333 0.039375 0.015)
(0.1066666667 0.039375 0.015)
(0.11 0.039375 0.015)
(0.1133333333 0.039375 0.015)
(0.1166666667 0.039375 0.015)
(0.12 0.039375 0.015)
(0.1233333333 0.039375 0.015)
(0.1266666667 0.039375 0.015)
(0.1033333333 0.04375 0.015)
(0.1066666667 0.04375 0.015)
(0.11 0.04375 0.015)
(0.1133333333 0.04375 0.015)
(0.1166666667 0.04375 0.015)
(0.12 0.04375 0.015)
(0.1233333333 0.04375 0.015)
(0.1266666667 0.04375 0.015)
(0.1033333333 0.048125 0.015)
(0.1066666667 0.048125 0.015)
(0.11 0.048125 0.015)
(0.1133333333 0.048125 0.015)
(0.1166666667 0.048125 0.015)
(0.12 0.048125 0.015)
(0.1233333333 0.048125 0.015)
(0.1266666667 0.048125 0.015)
(0.1033333333 0.0525 0.015)
(0.1066666667 0.0525 0.015)
(0.11 0.0525 0.015)
(0.1133333333 0.0525 0.015)
(0.1166666667 0.0525 0.015)
(0.12 0.0525 0.015)
(0.1233333333 0.0525 0.015)
(0.1266666667 0.0525 0.015)
(0.1033333333 0.056875 0.015)
(0.1066666667 0.056875 0.015)
(0.11 0.056875 0.015)
(0.1133333333 0.056875 0.015)
(0.1166666667 0.056875 0.015)
(0.12 0.056875 0.015)
(0.1233333333 0.056875 0.015)
(0.1266666667 0.056875 0.015)
(0.1033333333 0.06125 0.015)
(0.1066666667 0.06125 0.015)
(0.11 0.06125 0.015)
(0.1133333333 0.06125 0.015)
(0.1166666667 0.06125 0.015)
(0.12 0.06125 0.015)
(0.1233333333 0.06125 0.015)
(0.1266666667 0.06125 0.015)
(0.1033333333 0.065625 0.015)
(0.1066666667 0.065625 0.015)
(0.11 0.065625 0.015)
(0.1133333333 0.065625 0.015)
(0.1166666667 0.065625 0.015)
(0.12 0.065625 0.015)
(0.1233333333 0.065625 0.015)
(0.1266666667 0.065625 0.015)
(0.1033333333 0.07 0.015)
(0.1066666667 0.07 0.015)
(0.11 0.07 0.015)
(0.1133333333 0.07 0.015)
(0.1166666667 0.07 0.015)
(0.12 0.07 0.015)
(0.1233333333 0.07 0.015)
(0.1266666667 0.07 0.015)
(0.1033333333 0 0.01625)
(0.1066666667 0 0.01625)
(0.11 0 0.01625)
(0.1133333333 -1.156482317e-18 0.01625)
(0.1166666667 0 0.01625)
(0.12 0 0.01625)
(0.1233333333 -1.156482317e-18 0.01625)
(0.1266666667 0 0.01625)
(0.1033333333 0.004375 0.01625)
(0.1066666667 0.004375 0.01625)
(0.11 0.004375 0.01625)
(0.1133333333 0.004375 0.01625)
(0.1166666667 0.004375 0.01625)
(0.12 0.004375 0.01625)
(0.1233333333 0.004375 0.01625)
(0.1266666667 0.004375 0.01625)
(0.1033333333 0.00875 0.01625)
(0.1066666667 0.00875 0.01625)
(0.11 0.00875 0.01625)
(0.1133333333 0.00875 0.01625)
(0.1166666667 0.00875 0.01625)
(0.12 0.00875 0.01625)
(0.1233333333 0.00875 0.01625)
(0.1266666667 0.00875 0.01625)
(0.1033333333 0.013125 0.01625)
(0.1066666667 0.013125 0.01625)
(0.11 0.013125 0.01625)
(0.1133333333 0.013125 0.01625)
(0.1166666667 0.013125 0.01625)
(0.12 0.013125 0.01625)
(0.1233333333 0.013125 0.01625)
(0.1266666667 0.013125 0.01625)
(0.1033333333 0.0175 0.01625)
(0.1066666667 0.0175 0.01625)
(0.11 0.0175 0.01625)
(0.1133333333 0.0175 0.01625)
(0.1166666667 0.0175 0.01625)
(0.12 0.0175 0.01625)
(0.1233333333 0.0175 0.01625)
(0.1266666667 0.0175 0.01625)
(0.1033333333 0.021875 0.01625)
(0.1066666667 0.021875 0.01625)
(0.11 0.021875 0.01625)
(0.1133333333 0.021875 0.01625)
(0.1166666667 0.021875 0.01625)
(0.12 0.021875 0.01625)
(0.1233333333 0.021875 0.01625)
(0.1266666667 0.021875 0.01625)
(0.1033333333 0.02625 0.01625)
(0.1066666667 0.02625 0.01625)
(0.11 0.02625 0.01625)
(0.1133333333 0.02625 0.01625)
(0.1166666667 0.02625 0.01625)
(0.12 0.02625 0.01625)
(0.1233333333 0.02625 0.01625)
(0.1266666667 0.02625 0.01625)
(0.1033333333 0.030625 0.01625)
(0.1066666667 0.030625 0.01625)
(0.11 0.030625 0.01625)
(0.1133333333 0.030625 0.01625)
(0.1166666667 0.030625 0.01625)
(0.12 0.030625 0.01625)
(0.1233333333 0.030625 0.01625)
(0.1266666667 0.030625 0.01625)
(0.1033333333 0.035 0.01625)
(0.1066666667 0.035 0.01625)
(0.11 0.035 0.01625)
(0.1133333333 0.035 0.01625)
(0.1166666667 0.035 0.01625)
(0.12 0.035 0.01625)
(0.1233333333 0.035 0.01625)
(0.1266666667 0.035 0.01625)
(0.1033333333 0.039375 0.01625)
(0.1066666667 0.039375 0.01625)
(0.11 0.039375 0.01625)
(0.1133333333 0.039375 0.01625)
(0.1166666667 0.039375 0.01625)
(0.12 0.039375 0.01625)
(0.1233333333 0.039375 0.01625)
(0.1266666667 0.039375 0.01625)
(0.1033333333 0.04375 0.01625)
(0.1066666667 0.04375 0.01625)
(0.11 0.04375 0.01625)
(0.1133333333 0.04375 0.01625)
(0.1166666667 0.04375 0.01625)
(0.12 0.04375 0.01625)
(0.1233333333 0.04375 0.01625)
(0.1266666667 0.04375 0.01625)
(0.1033333333 0.048125 0.01625)
(0.1066666667 0.048125 0.01625)
(0.11 0.048125 0.01625)
(0.1133333333 0.048125 0.01625)
(0.1166666667 0.048125 0.01625)
(0.12 0.048125 0.01625)
(0.1233333333 0.048125 0.01625)
(0.1266666667 0.048125 0.01625)
(0.1033333333 0.0525 0.01625)
(0.1066666667 0.0525 0.01625)
(0.11 0.0525 0.01625)
(0.1133333333 0.0525 0.01625)
(0.1166666667 0.0525 0.01625)
(0.12 0.0525 0.01625)
(0.1233333333 0.0525 0.01625)
(0.1266666667 0.0525 0.01625)
(0.1033333333 0.056875 0.01625)
(0.1066666667 0.056875 0.01625)
(0.11 0.056875 0.01625)
(0.1133333333 0.056875 0.01625)
(0.1166666667 0.056875 0.01625)
(0.12 0.056875 0.01625)
(0.1233333333 0.056875 0.01625)
(0.1266666667 0.056875 0.01625)
(0.1033333333 0.06125 0.01625)
(0.1066666667 0.06125 0.01625)
(0.11 0.06125 0.01625)
(0.1133333333 0.06125 0.01625)
(0.1166666667 0.06125 0.01625)
(0.12 0.06125 0.01625)
(0.1233333333 0.06125 0.01625)
(0.1266666667 0.06125 0.01625)
(0.1033333333 0.065625 0.01625)
(0.1066666667 0.065625 0.01625)
(0.11 0.065625 0.01625)
(0.1133333333 0.065625 0.01625)
(0.1166666667 0.065625 0.01625)
(0.12 0.065625 0.01625)
(0.1233333333 0.065625 0.01625)
(0.1266666667 0.065625 0.01625)
(0.1033333333 0.07 0.01625)
(0.1066666667 0.07 0.01625)
(0.11 0.07 0.01625)
(0.1133333333 0.07 0.01625)
(0.1166666667 0.07 0.01625)
(0.12 0.07 0.01625)
(0.1233333333 0.07 0.01625)
(0.1266666667 0.07 0.01625)
(0.1033333333 0 0.0175)
(0.1066666667 0 0.0175)
(0.11 0 0.0175)
(0.1133333333 -1.156482317e-18 0.0175)
(0.1166666667 0 0.0175)
(0.12 0 0.0175)
(0.1233333333 -1.156482317e-18 0.0175)
(0.1266666667 0 0.0175)
(0.1033333333 0.004375 0.0175)
(0.1066666667 0.004375 0.0175)
(0.11 0.004375 0.0175)
(0.1133333333 0.004375 0.0175)
(0.1166666667 0.004375 0.0175)
(0.12 0.004375 0.0175)
(0.1233333333 0.004375 0.0175)
(0.1266666667 0.004375 0.0175)
(0.1033333333 0.00875 0.0175)
(0.1066666667 0.00875 0.0175)
(0.11 0.00875 0.0175)
(0.1133333333 0.00875 0.0175)
(0.1166666667 0.00875 0.0175)
(0.12 0.00875 0.0175)
(0.1233333333 0.00875 0.0175)
(0.1266666667 0.00875 0.0175)
(0.1033333333 0.013125 0.0175)
(0.1066666667 0.013125 0.0175)
(0.11 0.013125 0.0175)
(0.1133333333 0.013125 0.0175)
(0.1166666667 0.013125 0.0175)
(0.12 0.013125 0.0175)
(0.1233333333 0.013125 0.0175)
(0.1266666667 0.013125 0.0175)
(0.1033333333 0.0175 0.0175)
(0.1066666667 0.0175 0.0175)
(0.11 0.0175 0.0175)
(0.1133333333 0.0175 0.0175)
(0.1166666667 0.0175 0.0175)
(0.12 0.0175 0.0175)
(0.1233333333 0.0175 0.0175)
(0.1266666667 0.0175 0.0175)
(0.1033333333 0.021875 0.0175)
(0.1066666667 0.021875 0.0175)
(0.11 0.021875 0.0175)
(0.1133333333 0.021875 0.0175)
(0.1166666667 0.021875 0.0175)
(0.12 0.021875 0.0175)
(0.1233333333 0.021875 0.0175)
(0.1266666667 0.021875 0.0175)
(0.1033333333 0.02625 0.0175)
(0.1066666667 0.02625 0.0175)
(0.11 0.02625 0.0175)
(0.1133333333 0.02625 0.0175)
(0.1166666667 0.02625 0.0175)
(0.12 0.02625 0.0175)
(0.1233333333 0.02625 0.0175)
(0.1266666667 0.02625 0.0175)
(0.1033333333 0.030625 0.0175)
(0.1066666667 0.030625 0.0175)
(0.11 0.030625 0.0175)
(0.1133333333 0.030625 0.0175)
(0.1166666667 0.030625 0.0175)
(0.12 0.030625 0.0175)
(0.1233333333 0.030625 0.0175)
(0.1266666667 0.030625 0.0175)
(0.1033333333 0.035 0.0175)
(0.1066666667 0.035 0.0175)
(0.11 0.035 0.0175)
(0.1133333333 0.035 0.0175)
(0.1166666667 0.035 0.0175)
(0.12 0.035 0.0175)
(0.1233333333 0.035 0.0175)
(0.1266666667 0.035 0.0175)
(0.1033333333 0.039375 0.0175)
(0.1066666667 0.039375 0.0175)
(0.11 0.039375 0.0175)
(0.1133333333 0.039375 0.0175)
(0.1166666667 0.039375 0.0175)
(0.12 0.039375 0.0175)
(0.1233333333 0.039375 0.0175)
(0.1266666667 0.039375 0.0175)
(0.1033333333 0.04375 0.0175)
(0.1066666667 0.04375 0.0175)
(0.11 0.04375 0.0175)
(0.1133333333 0.04375 0.0175)
(0.1166666667 0.04375 0.0175)
(0.12 0.04375 0.0175)
(0.1233333333 0.04375 0.0175)
(0.1266666667 0.04375 0.0175)
(0.1033333333 0.048125 0.0175)
(0.1066666667 0.048125 0.0175)
(0.11 0.048125 0.0175)
(0.1133333333 0.048125 0.0175)
(0.1166666667 0.048125 0.0175)
(0.12 0.048125 0.0175)
(0.1233333333 0.048125 0.0175)
(0.1266666667 0.048125 0.0175)
(0.1033333333 0.0525 0.0175)
(0.1066666667 0.0525 0.0175)
(0.11 0.0525 0.0175)
(0.1133333333 0.0525 0.0175)
(0.1166666667 0.0525 0.0175)
(0.12 0.0525 0.0175)
(0.1233333333 0.0525 0.0175)
(0.1266666667 0.0525 0.0175)
(0.1033333333 0.056875 0.0175)
(0.1066666667 0.056875 0.0175)
(0.11 0.056875 0.0175)
(0.1133333333 0.056875 0.0175)
(0.1166666667 0.056875 0.0175)
(0.12 0.056875 0.0175)
(0.1233333333 0.056875 0.0175)
(0.1266666667 0.056875 0.0175)
(0.1033333333 0.06125 0.0175)
(0.1066666667 0.06125 0.0175)
(0.11 0.06125 0.0175)
(0.1133333333 0.06125 0.0175)
(0.1166666667 0.06125 0.0175)
(0.12 0.06125 0.0175)
(0.1233333333 0.06125 0.0175)
(0.1266666667 0.06125 0.0175)
(0.1033333333 0.065625 0.0175)
(0.1066666667 0.065625 0.0175)
(0.11 0.065625 0.0175)
(0.1133333333 0.065625 0.0175)
(0.1166666667 0.065625 0.0175)
(0.12 0.065625 0.0175)
(0.1233333333 0.065625 0.0175)
(0.1266666667 0.065625 0.0175)
(0.1033333333 0.07 0.0175)
(0.1066666667 0.07 0.0175)
(0.11 0.07 0.0175)
(0.1133333333 0.07 0.0175)
(0.1166666667 0.07 0.0175)
(0.12 0.07 0.0175)
(0.1233333333 0.07 0.0175)
(0.1266666667 0.07 0.0175)
(0.1033333333 0 0.01875)
(0.1066666667 0 0.01875)
(0.11 0 0.01875)
(0.1133333333 0 0.01875)
(0.1166666667 0 0.01875)
(0.12 0 0.01875)
(0.1233333333 -1.156482317e-18 0.01875)
(0.1266666667 0 0.01875)
(0.1033333333 0.004375 0.01875)
(0.1066666667 0.004375 0.01875)
(0.11 0.004375 0.01875)
(0.1133333333 0.004375 0.01875)
(0.1166666667 0.004375 0.01875)
(0.12 0.004375 0.01875)
(0.1233333333 0.004375 0.01875)
(0.1266666667 0.004375 0.01875)
(0.1033333333 0.00875 0.01875)
(0.1066666667 0.00875 0.01875)
(0.11 0.00875 0.01875)
(0.1133333333 0.00875 0.01875)
(0.1166666667 0.00875 0.01875)
(0.12 0.00875 0.01875)
(0.1233333333 0.00875 0.01875)
(0.1266666667 0.00875 0.01875)
(0.1033333333 0.013125 0.01875)
(0.1066666667 0.013125 0.01875)
(0.11 0.013125 0.01875)
(0.1133333333 0.013125 0.01875)
(0.1166666667 0.013125 0.01875)
(0.12 0.013125 0.01875)
(0.1233333333 0.013125 0.01875)
(0.1266666667 0.013125 0.01875)
(0.1033333333 0.0175 0.01875)
(0.1066666667 0.0175 0.01875)
(0.11 0.0175 0.01875)
(0.1133333333 0.0175 0.01875)
(0.1166666667 0.0175 0.01875)
(0.12 0.0175 0.01875)
(0.1233333333 0.0175 0.01875)
(0.1266666667 0.0175 0.01875)
(0.1033333333 0.021875 0.01875)
(0.1066666667 0.021875 0.01875)
(0.11 0.021875 0.01875)
(0.1133333333 0.021875 0.01875)
(0.1166666667 0.021875 0.01875)
(0.12 0.021875 0.01875)
(0.1233333333 0.021875 0.01875)
(0.1266666667 0.021875 0.01875)
(0.1033333333 0.02625 0.01875)
(0.1066666667 0.02625 0.01875)
(0.11 0.02625 0.01875)
(0.1133333333 0.02625 0.01875)
(0.1166666667 0.02625 0.01875)
(0.12 0.02625 0.01875)
(0.1233333333 0.02625 0.01875)
(0.1266666667 0.02625 0.01875)
(0.1033333333 0.030625 0.01875)
(0.1066666667 0.030625 0.01875)
(0.11 0.030625 0.01875)
(0.1133333333 0.030625 0.01875)
(0.1166666667 0.030625 0.01875)
(0.12 0.030625 0.01875)
(0.1233333333 0.030625 0.01875)
(0.1266666667 0.030625 0.01875)
(0.1033333333 0.035 0.01875)
(0.1066666667 0.035 0.01875)
(0.11 0.035 0.01875)
(0.1133333333 0.035 0.01875)
(0.1166666667 0.035 0.01875)
(0.12 0.035 0.01875)
(0.1233333333 0.035 0.01875)
(0.1266666667 0.035 0.01875)
(0.1033333333 0.039375 0.01875)
(0.1066666667 0.039375 0.01875)
(0.11 0.039375 0.01875)
(0.1133333333 0.039375 0.01875)
(0.1166666667 0.039375 0.01875)
(0.12 0.039375 0.01875)
(0.1233333333 0.039375 0.01875)
(0.1266666667 0.039375 0.01875)
(0.1033333333 0.04375 0.01875)
(0.1066666667 0.04375 0.01875)
(0.11 0.04375 0.01875)
(0.1133333333 0.04375 0.01875)
(0.1166666667 0.04375 0.01875)
(0.12 0.04375 0.01875)
(0.1233333333 0.04375 0.01875)
(0.1266666667 0.04375 0.01875)
(0.1033333333 0.048125 0.01875)
(0.1066666667 0.048125 0.01875)
(0.11 0.048125 0.01875)
(0.1133333333 0.048125 0.01875)
(0.1166666667 0.048125 0.01875)
(0.12 0.048125 0.01875)
(0.1233333333 0.048125 0.01875)
(0.1266666667 0.048125 0.01875)
(0.1033333333 0.0525 0.01875)
(0.1066666667 0.0525 0.01875)
(0.11 0.0525 0.01875)
(0.1133333333 0.0525 0.01875)
(0.1166666667 0.0525 0.01875)
(0.12 0.0525 0.01875)
(0.1233333333 0.0525 0.01875)
(0.1266666667 0.0525 0.01875)
(0.1033333333 0.056875 0.01875)
(0.1066666667 0.056875 0.01875)
(0.11 0.056875 0.01875)
(0.1133333333 0.056875 0.01875)
(0.1166666667 0.056875 0.01875)
(0.12 0.056875 0.01875)
(0.1233333333 0.056875 0.01875)
(0.1266666667 0.056875 0.01875)
(0.1033333333 0.06125 0.01875)
(0.1066666667 0.06125 0.01875)
(0.11 0.06125 0.01875)
(0.1133333333 0.06125 0.01875)
(0.1166666667 0.06125 0.01875)
(0.12 0.06125 0.01875)
(0.1233333333 0.06125 0.01875)
(0.1266666667 0.06125 0.01875)
(0.1033333333 0.065625 0.01875)
(0.1066666667 0.065625 0.01875)
(0.11 0.065625 0.01875)
(0.1133333333 0.065625 0.01875)
(0.1166666667 0.065625 0.01875)
(0.12 0.065625 0.01875)
(0.1233333333 0.065625 0.01875)
(0.1266666667 0.065625 0.01875)
(0.1033333333 0.07 0.01875)
(0.1066666667 0.07 0.01875)
(0.11 0.07 0.01875)
(0.1133333333 0.07 0.01875)
(0.1166666667 0.07 0.01875)
(0.12 0.07 0.01875)
(0.1233333333 0.07 0.01875)
(0.1266666667 0.07 0.01875)
(0.1033333333 0 0.02)
(0.1066666667 0 0.02)
(0.11 0 0.02)
(0.1133333333 0 0.02)
(0.1166666667 0 0.02)
(0.12 0 0.02)
(0.1233333333 -1.156482317e-18 0.02)
(0.1266666667 0 0.02)
(0.1033333333 0.004375 0.02)
(0.1066666667 0.004375 0.02)
(0.11 0.004375 0.02)
(0.1133333333 0.004375 0.02)
(0.1166666667 0.004375 0.02)
(0.12 0.004375 0.02)
(0.1233333333 0.004375 0.02)
(0.1266666667 0.004375 0.02)
(0.1033333333 0.00875 0.02)
(0.1066666667 0.00875 0.02)
(0.11 0.00875 0.02)
(0.1133333333 0.00875 0.02)
(0.1166666667 0.00875 0.02)
(0.12 0.00875 0.02)
(0.1233333333 0.00875 0.02)
(0.1266666667 0.00875 0.02)
(0.1033333333 0.013125 0.02)
(0.1066666667 0.013125 0.02)
(0.11 0.013125 0.02)
(0.1133333333 0.013125 0.02)
(0.1166666667 0.013125 0.02)
(0.12 0.013125 0.02)
(0.1233333333 0.013125 0.02)
(0.1266666667 0.013125 0.02)
(0.1033333333 0.0175 0.02)
(0.1066666667 0.0175 0.02)
(0.11 0.0175 0.02)
(0.1133333333 0.0175 0.02)
(0.1166666667 0.0175 0.02)
(0.12 0.0175 0.02)
(0.1233333333 0.0175 0.02)
(0.1266666667 0.0175 0.02)
(0.1033333333 0.021875 0.02)
(0.1066666667 0.021875 0.02)
(0.11 0.021875 0.02)
(0.1133333333 0.021875 0.02)
(0.1166666667 0.021875 0.02)
(0.12 0.021875 0.02)
(0.1233333333 0.021875 0.02)
(0.1266666667 0.021875 0.02)
(0.1033333333 0.02625 0.02)
(0.1066666667 0.02625 0.02)
(0.11 0.02625 0.02)
(0.1133333333 0.02625 0.02)
(0.1166666667 0.02625 0.02)
(0.12 0.02625 0.02)
(0.1233333333 0.02625 0.02)
(0.1266666667 0.02625 0.02)
(0.1033333333 0.030625 0.02)
(0.1066666667 0.030625 0.02)
(0.11 0.030625 0.02)
(0.1133333333 0.030625 0.02)
(0.1166666667 0.030625 0.02)
(0.12 0.030625 0.02)
(0.1233333333 0.030625 0.02)
(0.1266666667 0.030625 0.02)
(0.1033333333 0.035 0.02)
(0.1066666667 0.035 0.02)
(0.11 0.035 0.02)
(0.1133333333 0.035 0.02)
(0.1166666667 0.035 0.02)
(0.12 0.035 0.02)
(0.1233333333 0.035 0.02)
(0.1266666667 0.035 0.02)
(0.1033333333 0.039375 0.02)
(0.1066666667 0.039375 0.02)
(0.11 0.039375 0.02)
(0.1133333333 0.039375 0.02)
(0.1166666667 0.039375 0.02)
(0.12 0.039375 0.02)
(0.1233333333 0.039375 0.02)
(0.1266666667 0.039375 0.02)
(0.1033333333 0.04375 0.02)
(0.1066666667 0.04375 0.02)
(0.11 0.04375 0.02)
(0.1133333333 0.04375 0.02)
(0.1166666667 0.04375 0.02)
(0.12 0.04375 0.02)
(0.1233333333 0.04375 0.02)
(0.1266666667 0.04375 0.02)
(0.1033333333 0.048125 0.02)
(0.1066666667 0.048125 0.02)
(0.11 0.048125 0.02)
(0.1133333333 0.048125 0.02)
(0.1166666667 0.048125 0.02)
(0.12 0.048125 0.02)
(0.1233333333 0.048125 0.02)
(0.1266666667 0.048125 0.02)
(0.1033333333 0.0525 0.02)
(0.1066666667 0.0525 0.02)
(0.11 0.0525 0.02)
(0.1133333333 0.0525 0.02)
(0.1166666667 0.0525 0.02)
(0.12 0.0525 0.02)
(0.1233333333 0.0525 0.02)
(0.1266666667 0.0525 0.02)
(0.1033333333 0.056875 0.02)
(0.1066666667 0.056875 0.02)
(0.11 0.056875 0.02)
(0.1133333333 0.056875 0.02)
(0.1166666667 0.056875 0.02)
(0.12 0.056875 0.02)
(0.1233333333 0.056875 0.02)
(0.1266666667 0.056875 0.02)
(0.1033333333 0.06125 0.02)
(0.1066666667 0.06125 0.02)
(0.11 0.06125 0.02)
(0.1133333333 0.06125 0.02)
(0.1166666667 0.06125 0.02)
(0.12 0.06125 0.02)
(0.1233333333 0.06125 0.02)
(0.1266666667 0.06125 0.02)
(0.1033333333 0.065625 0.02)
(0.1066666667 0.065625 0.02)
(0.11 0.065625 0.02)
(0.1133333333 0.065625 0.02)
(0.1166666667 0.065625 0.02)
(0.12 0.065625 0.02)
(0.1233333333 0.065625 0.02)
(0.1266666667 0.065625 0.02)
(0.1033333333 0.07 0.02)
(0.1066666667 0.07 0.02)
(0.11 0.07 0.02)
(0.1133333333 0.07 0.02)
(0.1166666667 0.07 0.02)
(0.12 0.07 0.02)
(0.1233333333 0.07 0.02)
(0.1266666667 0.07 0.02)
(0.1033333333 0 0.02125)
(0.1066666667 0 0.02125)
(0.11 0 0.02125)
(0.1133333333 0 0.02125)
(0.1166666667 0 0.02125)
(0.12 0 0.02125)
(0.1233333333 -1.156482317e-18 0.02125)
(0.1266666667 0 0.02125)
(0.1033333333 0.004375 0.02125)
(0.1066666667 0.004375 0.02125)
(0.11 0.004375 0.02125)
(0.1133333333 0.004375 0.02125)
(0.1166666667 0.004375 0.02125)
(0.12 0.004375 0.02125)
(0.1233333333 0.004375 0.02125)
(0.1266666667 0.004375 0.02125)
(0.1033333333 0.00875 0.02125)
(0.1066666667 0.00875 0.02125)
(0.11 0.00875 0.02125)
(0.1133333333 0.00875 0.02125)
(0.1166666667 0.00875 0.02125)
(0.12 0.00875 0.02125)
(0.1233333333 0.00875 0.02125)
(0.1266666667 0.00875 0.02125)
(0.1033333333 0.013125 0.02125)
(0.1066666667 0.013125 0.02125)
(0.11 0.013125 0.02125)
(0.1133333333 0.013125 0.02125)
(0.1166666667 0.013125 0.02125)
(0.12 0.013125 0.02125)
(0.1233333333 0.013125 0.02125)
(0.1266666667 0.013125 0.02125)
(0.1033333333 0.0175 0.02125)
(0.1066666667 0.0175 0.02125)
(0.11 0.0175 0.02125)
(0.1133333333 0.0175 0.02125)
(0.1166666667 0.0175 0.02125)
(0.12 0.0175 0.02125)
(0.1233333333 0.0175 0.02125)
(0.1266666667 0.0175 0.02125)
(0.1033333333 0.021875 0.02125)
(0.1066666667 0.021875 0.02125)
(0.11 0.021875 0.02125)
(0.1133333333 0.021875 0.02125)
(0.1166666667 0.021875 0.02125)
(0.12 0.021875 0.02125)
(0.1233333333 0.021875 0.02125)
(0.1266666667 0.021875 0.02125)
(0.1033333333 0.02625 0.02125)
(0.1066666667 0.02625 0.02125)
(0.11 0.02625 0.02125)
(0.1133333333 0.02625 0.02125)
(0.1166666667 0.02625 0.02125)
(0.12 0.02625 0.02125)
(0.1233333333 0.02625 0.02125)
(0.1266666667 0.02625 0.02125)
(0.1033333333 0.030625 0.02125)
(0.1066666667 0.030625 0.02125)
(0.11 0.030625 0.02125)
(0.1133333333 0.030625 0.02125)
(0.1166666667 0.030625 0.02125)
(0.12 0.030625 0.02125)
(0.1233333333 0.030625 0.02125)
(0.1266666667 0.030625 0.02125)
(0.1033333333 0.035 0.02125)
(0.1066666667 0.035 0.02125)
(0.11 0.035 0.02125)
(0.1133333333 0.035 0.02125)
(0.1166666667 0.035 0.02125)
(0.12 0.035 0.02125)
(0.1233333333 0.035 0.02125)
(0.1266666667 0.035 0.02125)
(0.1033333333 0.039375 0.02125)
(0.1066666667 0.039375 0.02125)
(0.11 0.039375 0.02125)
(0.1133333333 0.039375 0.02125)
(0.1166666667 0.039375 0.02125)
(0.12 0.039375 0.02125)
(0.1233333333 0.039375 0.02125)
(0.1266666667 0.039375 0.02125)
(0.1033333333 0.04375 0.02125)
(0.1066666667 0.04375 0.02125)
(0.11 0.04375 0.02125)
(0.1133333333 0.04375 0.02125)
(0.1166666667 0.04375 0.02125)
(0.12 0.04375 0.02125)
(0.1233333333 0.04375 0.02125)
(0.1266666667 0.04375 0.02125)
(0.1033333333 0.048125 0.02125)
(0.1066666667 0.048125 0.02125)
(0.11 0.048125 0.02125)
(0.1133333333 0.048125 0.02125)
(0.1166666667 0.048125 0.02125)
(0.12 0.048125 0.02125)
(0.1233333333 0.048125 0.02125)
(0.1266666667 0.048125 0.02125)
(0.1033333333 0.0525 0.02125)
(0.1066666667 0.0525 0.02125)
(0.11 0.0525 0.02125)
(0.1133333333 0.0525 0.02125)
(0.1166666667 0.0525 0.02125)
(0.12 0.0525 0.02125)
(0.1233333333 0.0525 0.02125)
(0.1266666667 0.0525 0.02125)
(0.1033333333 0.056875 0.02125)
(0.1066666667 0.056875 0.02125)
(0.11 0.056875 0.02125)
(0.1133333333 0.056875 0.02125)
(0.1166666667 0.056875 0.02125)
(0.12 0.056875 0.02125)
(0.1233333333 0.056875 0.02125)
(0.1266666667 0.056875 0.02125)
(0.1033333333 0.06125 0.02125)
(0.1066666667 0.06125 0.02125)
(0.11 0.06125 0.02125)
(0.1133333333 0.06125 0.02125)
(0.1166666667 0.06125 0.02125)
(0.12 0.06125 0.02125)
(0.1233333333 0.06125 0.02125)
(0.1266666667 0.06125 0.02125)
(0.1033333333 0.065625 0.02125)
(0.1066666667 0.065625 0.02125)
(0.11 0.065625 0.02125)
(0.1133333333 0.065625 0.02125)
(0.1166666667 0.065625 0.02125)
(0.12 0.065625 0.02125)
(0.1233333333 0.065625 0.02125)
(0.1266666667 0.065625 0.02125)
(0.1033333333 0.07 0.02125)
(0.1066666667 0.07 0.02125)
(0.11 0.07 0.02125)
(0.1133333333 0.07 0.02125)
(0.1166666667 0.07 0.02125)
(0.12 0.07 0.02125)
(0.1233333333 0.07 0.02125)
(0.1266666667 0.07 0.02125)
(0.1033333333 0 0.0225)
(0.1066666667 0 0.0225)
(0.11 0 0.0225)
(0.1133333333 1.156482317e-18 0.0225)
(0.1166666667 0 0.0225)
(0.12 0 0.0225)
(0.1233333333 -1.156482317e-18 0.0225)
(0.1266666667 0 0.0225)
(0.1033333333 0.004375 0.0225)
(0.1066666667 0.004375 0.0225)
(0.11 0.004375 0.0225)
(0.1133333333 0.004375 0.0225)
(0.1166666667 0.004375 0.0225)
(0.12 0.004375 0.0225)
(0.1233333333 0.004375 0.0225)
(0.1266666667 0.004375 0.0225)
(0.1033333333 0.00875 0.0225)
(0.1066666667 0.00875 0.0225)
(0.11 0.00875 0.0225)
(0.1133333333 0.00875 0.0225)
(0.1166666667 0.00875 0.0225)
(0.12 0.00875 0.0225)
(0.1233333333 0.00875 0.0225)
(0.1266666667 0.00875 0.0225)
(0.1033333333 0.013125 0.0225)
(0.1066666667 0.013125 0.0225)
(0.11 0.013125 0.0225)
(0.1133333333 0.013125 0.0225)
(0.1166666667 0.013125 0.0225)
(0.12 0.013125 0.0225)
(0.1233333333 0.013125 0.0225)
(0.1266666667 0.013125 0.0225)
(0.1033333333 0.0175 0.0225)
(0.1066666667 0.0175 0.0225)
(0.11 0.0175 0.0225)
(0.1133333333 0.0175 0.0225)
(0.1166666667 0.0175 0.0225)
(0.12 0.0175 0.0225)
(0.1233333333 0.0175 0.0225)
(0.1266666667 0.0175 0.0225)
(0.1033333333 0.021875 0.0225)
(0.1066666667 0.021875 0.0225)
(0.11 0.021875 0.0225)
(0.1133333333 0.021875 0.0225)
(0.1166666667 0.021875 0.0225)
(0.12 0.021875 0.0225)
(0.1233333333 0.021875 0.0225)
(0.1266666667 0.021875 0.0225)
(0.1033333333 0.02625 0.0225)
(0.1066666667 0.02625 0.0225)
(0.11 0.02625 0.0225)
(0.1133333333 0.02625 0.0225)
(0.1166666667 0.02625 0.0225)
(0.12 0.02625 0.0225)
(0.1233333333 0.02625 0.0225)
(0.1266666667 0.02625 0.0225)
(0.1033333333 0.030625 0.0225)
(0.1066666667 0.030625 0.0225)
(0.11 0.030625 0.0225)
(0.1133333333 0.030625 0.0225)
(0.1166666667 0.030625 0.0225)
(0.12 0.030625 0.0225)
(0.1233333333 0.030625 0.0225)
(0.1266666667 0.030625 0.0225)
(0.1033333333 0.035 0.0225)
(0.1066666667 0.035 0.0225)
(0.11 0.035 0.0225)
(0.1133333333 0.035 0.0225)
(0.1166666667 0.035 0.0225)
(0.12 0.035 0.0225)
(0.1233333333 0.035 0.0225)
(0.1266666667 0.035 0.0225)
(0.1033333333 0.039375 0.0225)
(0.1066666667 0.039375 0.0225)
(0.11 0.039375 0.0225)
(0.1133333333 0.039375 0.0225)
(0.1166666667 0.039375 0.0225)
(0.12 0.039375 0.0225)
(0.1233333333 0.039375 0.0225)
(0.1266666667 0.039375 0.0225)
(0.1033333333 0.04375 0.0225)
(0.1066666667 0.04375 0.0225)
(0.11 0.04375 0.0225)
(0.1133333333 0.04375 0.0225)
(0.1166666667 0.04375 0.0225)
(0.12 0.04375 0.0225)
(0.1233333333 0.04375 0.0225)
(0.1266666667 0.04375 0.0225)
(0.1033333333 0.048125 0.0225)
(0.1066666667 0.048125 0.0225)
(0.11 0.048125 0.0225)
(0.1133333333 0.048125 0.0225)
(0.1166666667 0.048125 0.0225)
(0.12 0.048125 0.0225)
(0.1233333333 0.048125 0.0225)
(0.1266666667 0.048125 0.0225)
(0.1033333333 0.0525 0.0225)
(0.1066666667 0.0525 0.0225)
(0.11 0.0525 0.0225)
(0.1133333333 0.0525 0.0225)
(0.1166666667 0.0525 0.0225)
(0.12 0.0525 0.0225)
(0.1233333333 0.0525 0.0225)
(0.1266666667 0.0525 0.0225)
(0.1033333333 0.056875 0.0225)
(0.1066666667 0.056875 0.0225)
(0.11 0.056875 0.0225)
(0.1133333333 0.056875 0.0225)
(0.1166666667 0.056875 0.0225)
(0.12 0.056875 0.0225)
(0.1233333333 0.056875 0.0225)
(0.1266666667 0.056875 0.0225)
(0.1033333333 0.06125 0.0225)
(0.1066666667 0.06125 0.0225)
(0.11 0.06125 0.0225)
(0.1133333333 0.06125 0.0225)
(0.1166666667 0.06125 0.0225)
(0.12 0.06125 0.0225)
(0.1233333333 0.06125 0.0225)
(0.1266666667 0.06125 0.0225)
(0.1033333333 0.065625 0.0225)
(0.1066666667 0.065625 0.0225)
(0.11 0.065625 0.0225)
(0.1133333333 0.065625 0.0225)
(0.1166666667 0.065625 0.0225)
(0.12 0.065625 0.0225)
(0.1233333333 0.065625 0.0225)
(0.1266666667 0.065625 0.0225)
(0.1033333333 0.07 0.0225)
(0.1066666667 0.07 0.0225)
(0.11 0.07 0.0225)
(0.1133333333 0.07 0.0225)
(0.1166666667 0.07 0.0225)
(0.12 0.07 0.0225)
(0.1233333333 0.07 0.0225)
(0.1266666667 0.07 0.0225)
(0.12 0 0.02375)
(0.1233333333 -1.156482317e-18 0.02375)
(0.1266666667 0 0.02375)
(0.1033333333 0.004375 0.02375)
(0.1066666667 0.004375 0.02375)
(0.11 0.004375 0.02375)
(0.1133333333 0.004375 0.02375)
(0.1166666667 0.004375 0.02375)
(0.12 0.004375 0.02375)
(0.1233333333 0.004375 0.02375)
(0.1266666667 0.004375 0.02375)
(0.1033333333 0.00875 0.02375)
(0.1066666667 0.00875 0.02375)
(0.11 0.00875 0.02375)
(0.1133333333 0.00875 0.02375)
(0.1166666667 0.00875 0.02375)
(0.12 0.00875 0.02375)
(0.1233333333 0.00875 0.02375)
(0.1266666667 0.00875 0.02375)
(0.1033333333 0.013125 0.02375)
(0.1066666667 0.013125 0.02375)
(0.11 0.013125 0.02375)
(0.1133333333 0.013125 0.02375)
(0.1166666667 0.013125 0.02375)
(0.12 0.013125 0.02375)
(0.1233333333 0.013125 0.02375)
(0.1266666667 0.013125 0.02375)
(0.1033333333 0.0175 0.02375)
(0.1066666667 0.0175 0.02375)
(0.11 0.0175 0.02375)
(0.1133333333 0.0175 0.02375)
(0.1166666667 0.0175 0.02375)
(0.12 0.0175 0.02375)
(0.1233333333 0.0175 0.02375)
(0.1266666667 0.0175 0.02375)
(0.1033333333 0.021875 0.02375)
(0.1066666667 0.021875 0.02375)
(0.11 0.021875 0.02375)
(0.1133333333 0.021875 0.02375)
(0.1166666667 0.021875 0.02375)
(0.12 0.021875 0.02375)
(0.1233333333 0.021875 0.02375)
(0.1266666667 0.021875 0.02375)
(0.1033333333 0.02625 0.02375)
(0.1066666667 0.02625 0.02375)
(0.11 0.02625 0.02375)
(0.1133333333 0.02625 0.02375)
(0.1166666667 0.02625 0.02375)
(0.12 0.02625 0.02375)
(0.1233333333 0.02625 0.02375)
(0.1266666667 0.02625 0.02375)
(0.1033333333 0.030625 0.02375)
(0.1066666667 0.030625 0.02375)
(0.11 0.030625 0.02375)
(0.1133333333 0.030625 0.02375)
(0.1166666667 0.030625 0.02375)
(0.12 0.030625 0.02375)
(0.1233333333 0.030625 0.02375)
(0.1266666667 0.030625 0.02375)
(0.1033333333 0.035 0.02375)
(0.1066666667 0.035 0.02375)
(0.11 0.035 0.02375)
(0.1133333333 0.035 0.02375)
(0.1166666667 0.035 0.02375)
(0.12 0.035 0.02375)
(0.1233333333 0.035 0.02375)
(0.1266666667 0.035 0.02375)
(0.1033333333 0.039375 0.02375)
(0.1066666667 0.039375 0.02375)
(0.11 0.039375 0.02375)
(0.1133333333 0.039375 0.02375)
(0.1166666667 0.039375 0.02375)
(0.12 0.039375 0.02375)
(0.1233333333 0.039375 0.02375)
(0.1266666667 0.039375 0.02375)
(0.1033333333 0.04375 0.02375)
(0.1066666667 0.04375 0.02375)
(0.11 0.04375 0.02375)
(0.1133333333 0.04375 0.02375)
(0.1166666667 0.04375 0.02375)
(0.12 0.04375 0.02375)
(0.1233333333 0.04375 0.02375)
(0.1266666667 0.04375 0.02375)
(0.1033333333 0.048125 0.02375)
(0.1066666667 0.048125 0.02375)
(0.11 0.048125 0.02375)
(0.1133333333 0.048125 0.02375)
(0.1166666667 0.048125 0.02375)
(0.12 0.048125 0.02375)
(0.1233333333 0.048125 0.02375)
(0.1266666667 0.048125 0.02375)
(0.1033333333 0.0525 0.02375)
(0.1066666667 0.0525 0.02375)
(0.11 0.0525 0.02375)
(0.1133333333 0.0525 0.02375)
(0.1166666667 0.0525 0.02375)
(0.12 0.0525 0.02375)
(0.1233333333 0.0525 0.02375)
(0.1266666667 0.0525 0.02375)
(0.1033333333 0.056875 0.02375)
(0.1066666667 0.056875 0.02375)
(0.11 0.056875 0.02375)
(0.1133333333 0.056875 0.02375)
(0.1166666667 0.056875 0.02375)
(0.12 0.056875 0.02375)
(0.1233333333 0.056875 0.02375)
(0.1266666667 0.056875 0.02375)
(0.1033333333 0.06125 0.02375)
(0.1066666667 0.06125 0.02375)
(0.11 0.06125 0.02375)
(0.1133333333 0.06125 0.02375)
(0.1166666667 0.06125 0.02375)
(0.12 0.06125 0.02375)
(0.1233333333 0.06125 0.02375)
(0.1266666667 0.06125 0.02375)
(0.1033333333 0.065625 0.02375)
(0.1066666667 0.065625 0.02375)
(0.11 0.065625 0.02375)
(0.1133333333 0.065625 0.02375)
(0.1166666667 0.065625 0.02375)
(0.12 0.065625 0.02375)
(0.1233333333 0.065625 0.02375)
(0.1266666667 0.065625 0.02375)
(0.1033333333 0.07 0.02375)
(0.1066666667 0.07 0.02375)
(0.11 0.07 0.02375)
(0.1133333333 0.07 0.02375)
(0.1166666667 0.07 0.02375)
(0.12 0.07 0.02375)
(0.1233333333 0.07 0.02375)
(0.1266666667 0.07 0.02375)
(0.1033333333 0.00875 0.025)
(0.1066666667 0.00875 0.025)
(0.11 0.00875 0.025)
(0.1133333333 0.00875 0.025)
(0.1166666667 0.00875 0.025)
(0.12 0.00875 0.025)
(0.1233333333 0.00875 0.025)
(0.1033333333 0.013125 0.025)
(0.1066666667 0.013125 0.025)
(0.11 0.013125 0.025)
(0.1133333333 0.013125 0.025)
(0.1166666667 0.013125 0.025)
(0.12 0.013125 0.025)
(0.1233333333 0.013125 0.025)
(0.1033333333 0.0175 0.025)
(0.1066666667 0.0175 0.025)
(0.11 0.0175 0.025)
(0.1133333333 0.0175 0.025)
(0.1166666667 0.0175 0.025)
(0.12 0.0175 0.025)
(0.1233333333 0.0175 0.025)
(0.1033333333 0.021875 0.025)
(0.1066666667 0.021875 0.025)
(0.11 0.021875 0.025)
(0.1133333333 0.021875 0.025)
(0.1166666667 0.021875 0.025)
(0.12 0.021875 0.025)
(0.1233333333 0.021875 0.025)
(0.1033333333 0.02625 0.025)
(0.1066666667 0.02625 0.025)
(0.11 0.02625 0.025)
(0.1133333333 0.02625 0.025)
(0.1166666667 0.02625 0.025)
(0.12 0.02625 0.025)
(0.1233333333 0.02625 0.025)
(0.1033333333 0.030625 0.025)
(0.1066666667 0.030625 0.025)
(0.11 0.030625 0.025)
(0.1133333333 0.030625 0.025)
(0.1166666667 0.030625 0.025)
(0.12 0.030625 0.025)
(0.1233333333 0.030625 0.025)
(0.1033333333 0.035 0.025)
(0.1066666667 0.035 0.025)
(0.11 0.035 0.025)
(0.1133333333 0.035 0.025)
(0.1166666667 0.035 0.025)
(0.12 0.035 0.025)
(0.1233333333 0.035 0.025)
(0.1033333333 0.039375 0.025)
(0.1066666667 0.039375 0.025)
(0.11 0.039375 0.025)
(0.1133333333 0.039375 0.025)
(0.1166666667 0.039375 0.025)
(0.12 0.039375 0.025)
(0.1233333333 0.039375 0.025)
(0.1033333333 0.04375 0.025)
(0.1066666667 0.04375 0.025)
(0.11 0.04375 0.025)
(0.1133333333 0.04375 0.025)
(0.1166666667 0.04375 0.025)
(0.12 0.04375 0.025)
(0.1233333333 0.04375 0.025)
(0.1033333333 0.048125 0.025)
(0.1066666667 0.048125 0.025)
(0.11 0.048125 0.025)
(0.1133333333 0.048125 0.025)
(0.1166666667 0.048125 0.025)
(0.12 0.048125 0.025)
(0.1233333333 0.048125 0.025)
(0.1033333333 0.0525 0.025)
(0.1066666667 0.0525 0.025)
(0.11 0.0525 0.025)
(0.1133333333 0.0525 0.025)
(0.1166666667 0.0525 0.025)
(0.12 0.0525 0.025)
(0.1233333333 0.0525 0.025)
(0.1033333333 0.056875 0.025)
(0.1066666667 0.056875 0.025)
(0.11 0.056875 0.025)
(0.1133333333 0.056875 0.025)
(0.1166666667 0.056875 0.025)
(0.12 0.056875 0.025)
(0.1233333333 0.056875 0.025)
(0.1033333333 0.06125 0.025)
(0.1066666667 0.06125 0.025)
(0.11 0.06125 0.025)
(0.1133333333 0.06125 0.025)
(0.1166666667 0.06125 0.025)
(0.12 0.06125 0.025)
(0.1233333333 0.06125 0.025)
(0.1033333333 0.065625 0.025)
(0.1066666667 0.065625 0.025)
(0.11 0.065625 0.025)
(0.1133333333 0.065625 0.025)
(0.1166666667 0.065625 0.025)
(0.12 0.065625 0.025)
(0.1233333333 0.065625 0.025)
(0.1033333333 0.07 0.025)
(0.1066666667 0.07 0.025)
(0.11 0.07 0.025)
(0.1133333333 0.07 0.025)
(0.1166666667 0.07 0.025)
(0.12 0.07 0.025)
(0.1233333333 0.07 0.025)
(0.055 0.00875 0.02824166667)
(0.06 0.00875 0.02824166667)
(0.065 0.00875 0.02824166667)
(0.07 0.00875 0.02824166667)
(0.075 0.00875 0.02824166667)
(0.08 0.00875 0.02824166667)
(0.085 0.00875 0.02824166667)
(0.09 0.00875 0.02824166667)
(0.095 0.00875 0.02824166667)
(0.1 0.00875 0.02824166667)
(0 0.013125 0.02824166667)
(0.005 0.013125 0.02824166667)
(0.01 0.013125 0.02824166667)
(0.015 0.013125 0.02824166667)
(0.02 0.013125 0.02824166667)
(0.025 0.013125 0.02824166667)
(0.03 0.013125 0.02824166667)
(0.035 0.013125 0.02824166667)
(0.04 0.013125 0.02824166667)
(0.045 0.013125 0.02824166667)
(0.05 0.013125 0.02824166667)
(0.055 0.013125 0.02824166667)
(0.06 0.013125 0.02824166667)
(0.065 0.013125 0.02824166667)
(0.07 0.013125 0.02824166667)
(0.075 0.013125 0.02824166667)
(0.08 0.013125 0.02824166667)
(0.085 0.013125 0.02824166667)
(0.09 0.013125 0.02824166667)
(0.095 0.013125 0.02824166667)
(0.1 0.013125 0.02824166667)
(0 0.0175 0.02824166667)
(0.005 0.0175 0.02824166667)
(0.01 0.0175 0.02824166667)
(0.015 0.0175 0.02824166667)
(0.02 0.0175 0.02824166667)
(0.025 0.0175 0.02824166667)
(0.03 0.0175 0.02824166667)
(0.035 0.0175 0.02824166667)
(0.04 0.0175 0.02824166667)
(0.045 0.0175 0.02824166667)
(0.05 0.0175 0.02824166667)
(0.055 0.0175 0.02824166667)
(0.06 0.0175 0.02824166667)
(0.065 0.0175 0.02824166667)
(0.07 0.0175 0.02824166667)
(0.075 0.0175 0.02824166667)
(0.08 0.0175 0.02824166667)
(0.085 0.0175 0.02824166667)
(0.09 0.0175 0.02824166667)
(0.095 0.0175 0.02824166667)
(0.1 0.0175 0.02824166667)
(0 0.021875 0.02824166667)
(0.005 0.021875 0.02824166667)
(0.01 0.021875 0.02824166667)
(0.015 0.021875 0.02824166667)
(0.02 0.021875 0.02824166667)
(0.025 0.021875 0.02824166667)
(0.03 0.021875 0.02824166667)
(0.035 0.021875 0.02824166667)
(0.04 0.021875 0.02824166667)
(0.045 0.021875 0.02824166667)
(0.05 0.021875 0.02824166667)
(0.055 0.021875 0.02824166667)
(0.06 0.021875 0.02824166667)
(0.065 0.021875 0.02824166667)
(0.07 0.021875 0.02824166667)
(0.075 0.021875 0.02824166667)
(0.08 0.021875 0.02824166667)
(0.085 0.021875 0.02824166667)
(0.09 0.021875 0.02824166667)
(0.095 0.021875 0.02824166667)
(0.1 0.021875 0.02824166667)
(0 0.02625 0.02824166667)
(0.005 0.02625 0.02824166667)
(0.01 0.02625 0.02824166667)
(0.015 0.02625 0.02824166667)
(0.02 0.02625 0.02824166667)
(0.025 0.02625 0.02824166667)
(0.03 0.02625 0.02824166667)
(0.035 0.02625 0.02824166667)
(0.04 0.02625 0.02824166667)
(0.045 0.02625 0.02824166667)
(0.05 0.02625 0.02824166667)
(0.055 0.02625 0.02824166667)
(0.06 0.02625 0.02824166667)
(0.065 0.02625 0.02824166667)
(0.07 0.02625 0.02824166667)
(0.075 0.02625 0.02824166667)
(0.08 0.02625 0.02824166667)
(0.085 0.02625 0.02824166667)
(0.09 0.02625 0.02824166667)
(0.095 0.02625 0.02824166667)
(0.1 0.02625 0.02824166667)
(0 0.030625 0.02824166667)
(0.005 0.030625 0.02824166667)
(0.01 0.030625 0.02824166667)
(0.015 0.030625 0.02824166667)
(0.02 0.030625 0.02824166667)
(0.025 0.030625 0.02824166667)
(0.03 0.030625 0.02824166667)
(0.035 0.030625 0.02824166667)
(0.04 0.030625 0.02824166667)
(0.045 0.030625 0.02824166667)
(0.05 0.030625 0.02824166667)
(0.055 0.030625 0.02824166667)
(0.06 0.030625 0.02824166667)
(0.065 0.030625 0.02824166667)
(0.07 0.030625 0.02824166667)
(0.075 0.030625 0.02824166667)
(0.08 0.030625 0.02824166667)
(0.085 0.030625 0.02824166667)
(0.09 0.030625 0.02824166667)
(0.095 0.030625 0.02824166667)
(0.1 0.030625 0.02824166667)
(0 0.035 0.02824166667)
(0.005 0.035 0.02824166667)
(0.01 0.035 0.02824166667)
(0.015 0.035 0.02824166667)
(0.02 0.035 0.02824166667)
(0.025 0.035 0.02824166667)
(0.03 0.035 0.02824166667)
(0.035 0.035 0.02824166667)
(0.04 0.035 0.02824166667)
(0.045 0.035 0.02824166667)
(0.05 0.035 0.02824166667)
(0.055 0.035 0.02824166667)
(0.06 0.035 0.02824166667)
(0.065 0.035 0.02824166667)
(0.07 0.035 0.02824166667)
(0.075 0.035 0.02824166667)
(0.08 0.035 0.02824166667)
(0.085 0.035 0.02824166667)
(0.09 0.035 0.02824166667)
(0.095 0.035 0.02824166667)
(0.1 0.035 0.02824166667)
(0 0.039375 0.02824166667)
(0.005 0.039375 0.02824166667)
(0.01 0.039375 0.02824166667)
(0.015 0.039375 0.02824166667)
(0.02 0.039375 0.02824166667)
(0.025 0.039375 0.02824166667)
(0.03 0.039375 0.02824166667)
(0.035 0.039375 0.02824166667)
(0.04 0.039375 0.02824166667)
(0.045 0.039375 0.02824166667)
(0.05 0.039375 0.02824166667)
(0.055 0.039375 0.02824166667)
(0.06 0.039375 0.02824166667)
(0.065 0.039375 0.02824166667)
(0.07 0.039375 0.02824166667)
(0.075 0.039375 0.02824166667)
(0.08 0.039375 0.02824166667)
(0.085 0.039375 0.02824166667)
(0.09 0.039375 0.02824166667)
(0.095 0.039375 0.02824166667)
(0.1 0.039375 0.02824166667)
(0 0.04375 0.02824166667)
(0.005 0.04375 0.02824166667)
(0.01 0.04375 0.02824166667)
(0.015 0.04375 0.02824166667)
(0.02 0.04375 0.02824166667)
(0.025 0.04375 0.02824166667)
(0.03 0.04375 0.02824166667)
(0.035 0.04375 0.02824166667)
(0.04 0.04375 0.02824166667)
(0.045 0.04375 0.02824166667)
(0.05 0.04375 0.02824166667)
(0.055 0.04375 0.02824166667)
(0.06 0.04375 0.02824166667)
(0.065 0.04375 0.02824166667)
(0.07 0.04375 0.02824166667)
(0.075 0.04375 0.02824166667)
(0.08 0.04375 0.02824166667)
(0.085 0.04375 0.02824166667)
(0.09 0.04375 0.02824166667)
(0.095 0.04375 0.02824166667)
(0.1 0.04375 0.02824166667)
(0 0.048125 0.02824166667)
(0.005 0.048125 0.02824166667)
(0.01 0.048125 0.02824166667)
(0.015 0.048125 0.02824166667)
(0.02 0.048125 0.02824166667)
(0.025 0.048125 0.02824166667)
(0.03 0.048125 0.02824166667)
(0.035 0.048125 0.02824166667)
(0.04 0.048125 0.02824166667)
(0.045 0.048125 0.02824166667)
(0.05 0.048125 0.02824166667)
(0.055 0.048125 0.02824166667)
(0.06 0.048125 0.02824166667)
(0.065 0.048125 0.02824166667)
(0.07 0.048125 0.02824166667)
(0.075 0.048125 0.02824166667)
(0.08 0.048125 0.02824166667)
(0.085 0.048125 0.02824166667)
(0.09 0.048125 0.02824166667)
(0.095 0.048125 0.02824166667)
(0.1 0.048125 0.02824166667)
(0 0.0525 0.02824166667)
(0.005 0.0525 0.02824166667)
(0.01 0.0525 0.02824166667)
(0.015 0.0525 0.02824166667)
(0.02 0.0525 0.02824166667)
(0.025 0.0525 0.02824166667)
(0.03 0.0525 0.02824166667)
(0.035 0.0525 0.02824166667)
(0.04 0.0525 0.02824166667)
(0.045 0.0525 0.02824166667)
(0.05 0.0525 0.02824166667)
(0.055 0.0525 0.02824166667)
(0.06 0.0525 0.02824166667)
(0.065 0.0525 0.02824166667)
(0.07 0.0525 0.02824166667)
(0.075 0.0525 0.02824166667)
(0.08 0.0525 0.02824166667)
(0.085 0.0525 0.02824166667)
(0.09 0.0525 0.02824166667)
(0.095 0.0525 0.02824166667)
(0.1 0.0525 0.02824166667)
(0 0.056875 0.02824166667)
(0.005 0.056875 0.02824166667)
(0.01 0.056875 0.02824166667)
(0.015 0.056875 0.02824166667)
(0.02 0.056875 0.02824166667)
(0.025 0.056875 0.02824166667)
(0.03 0.056875 0.02824166667)
(0.035 0.056875 0.02824166667)
(0.04 0.056875 0.02824166667)
(0.045 0.056875 0.02824166667)
(0.05 0.056875 0.02824166667)
(0.055 0.056875 0.02824166667)
(0.06 0.056875 0.02824166667)
(0.065 0.056875 0.02824166667)
(0.07 0.056875 0.02824166667)
(0.075 0.056875 0.02824166667)
(0.08 0.056875 0.02824166667)
(0.085 0.056875 0.02824166667)
(0.09 0.056875 0.02824166667)
(0.095 0.056875 0.02824166667)
(0.1 0.056875 0.02824166667)
(0 0.06125 0.02824166667)
(0.005 0.06125 0.02824166667)
(0.01 0.06125 0.02824166667)
(0.015 0.06125 0.02824166667)
(0.02 0.06125 0.02824166667)
(0.025 0.06125 0.02824166667)
(0.03 0.06125 0.02824166667)
(0.035 0.06125 0.02824166667)
(0.04 0.06125 0.02824166667)
(0.045 0.06125 0.02824166667)
(0.05 0.06125 0.02824166667)
(0.055 0.06125 0.02824166667)
(0.06 0.06125 0.02824166667)
(0.065 0.06125 0.02824166667)
(0.07 0.06125 0.02824166667)
(0.075 0.06125 0.02824166667)
(0.08 0.06125 0.02824166667)
(0.085 0.06125 0.02824166667)
(0.09 0.06125 0.02824166667)
(0.095 0.06125 0.02824166667)
(0.1 0.06125 0.02824166667)
(0 0.065625 0.02824166667)
(0.005 0.065625 0.02824166667)
(0.01 0.065625 0.02824166667)
(0.015 0.065625 0.02824166667)
(0.02 0.065625 0.02824166667)
(0.025 0.065625 0.02824166667)
(0.03 0.065625 0.02824166667)
(0.035 0.065625 0.02824166667)
(0.04 0.065625 0.02824166667)
(0.045 0.065625 0.02824166667)
(0.05 0.065625 0.02824166667)
(0.055 0.065625 0.02824166667)
(0.06 0.065625 0.02824166667)
(0.065 0.065625 0.02824166667)
(0.07 0.065625 0.02824166667)
(0.075 0.065625 0.02824166667)
(0.08 0.065625 0.02824166667)
(0.085 0.065625 0.02824166667)
(0.09 0.065625 0.02824166667)
(0.095 0.065625 0.02824166667)
(0.1 0.065625 0.02824166667)
(0 0.07 0.02824166667)
(0.005 0.07 0.02824166667)
(0.01 0.07 0.02824166667)
(0.015 0.07 0.02824166667)
(0.02 0.07 0.02824166667)
(0.025 0.07 0.02824166667)
(0.03 0.07 0.02824166667)
(0.035 0.07 0.02824166667)
(0.04 0.07 0.02824166667)
(0.045 0.07 0.02824166667)
(0.05 0.07 0.02824166667)
(0.055 0.07 0.02824166667)
(0.06 0.07 0.02824166667)
(0.065 0.07 0.02824166667)
(0.07 0.07 0.02824166667)
(0.075 0.07 0.02824166667)
(0.08 0.07 0.02824166667)
(0.085 0.07 0.02824166667)
(0.09 0.07 0.02824166667)
(0.095 0.07 0.02824166667)
(0.1 0.07 0.02824166667)
(0.055 0.00875 0.03148333333)
(0.06 0.00875 0.03148333333)
(0.065 0.00875 0.03148333333)
(0.07 0.00875 0.03148333333)
(0.075 0.00875 0.03148333333)
(0.08 0.00875 0.03148333333)
(0.085 0.00875 0.03148333333)
(0.09 0.00875 0.03148333333)
(0.095 0.00875 0.03148333333)
(0.1 0.00875 0.03148333333)
(0 0.013125 0.03148333333)
(0.005 0.013125 0.03148333333)
(0.01 0.013125 0.03148333333)
(0.015 0.013125 0.03148333333)
(0.02 0.013125 0.03148333333)
(0.025 0.013125 0.03148333333)
(0.03 0.013125 0.03148333333)
(0.035 0.013125 0.03148333333)
(0.04 0.013125 0.03148333333)
(0.045 0.013125 0.03148333333)
(0.05 0.013125 0.03148333333)
(0.055 0.013125 0.03148333333)
(0.06 0.013125 0.03148333333)
(0.065 0.013125 0.03148333333)
(0.07 0.013125 0.03148333333)
(0.075 0.013125 0.03148333333)
(0.08 0.013125 0.03148333333)
(0.085 0.013125 0.03148333333)
(0.09 0.013125 0.03148333333)
(0.095 0.013125 0.03148333333)
(0.1 0.013125 0.03148333333)
(0 0.0175 0.03148333333)
(0.005 0.0175 0.03148333333)
(0.01 0.0175 0.03148333333)
(0.015 0.0175 0.03148333333)
(0.02 0.0175 0.03148333333)
(0.025 0.0175 0.03148333333)
(0.03 0.0175 0.03148333333)
(0.035 0.0175 0.03148333333)
(0.04 0.0175 0.03148333333)
(0.045 0.0175 0.03148333333)
(0.05 0.0175 0.03148333333)
(0.055 0.0175 0.03148333333)
(0.06 0.0175 0.03148333333)
(0.065 0.0175 0.03148333333)
(0.07 0.0175 0.03148333333)
(0.075 0.0175 0.03148333333)
(0.08 0.0175 0.03148333333)
(0.085 0.0175 0.03148333333)
(0.09 0.0175 0.03148333333)
(0.095 0.0175 0.03148333333)
(0.1 0.0175 0.03148333333)
(0 0.021875 0.03148333333)
(0.005 0.021875 0.03148333333)
(0.01 0.021875 0.03148333333)
(0.015 0.021875 0.03148333333)
(0.02 0.021875 0.03148333333)
(0.025 0.021875 0.03148333333)
(0.03 0.021875 0.03148333333)
(0.035 0.021875 0.03148333333)
(0.04 0.021875 0.03148333333)
(0.045 0.021875 0.03148333333)
(0.05 0.021875 0.03148333333)
(0.055 0.021875 0.03148333333)
(0.06 0.021875 0.03148333333)
(0.065 0.021875 0.03148333333)
(0.07 0.021875 0.03148333333)
(0.075 0.021875 0.03148333333)
(0.08 0.021875 0.03148333333)
(0.085 0.021875 0.03148333333)
(0.09 0.021875 0.03148333333)
(0.095 0.021875 0.03148333333)
(0.1 0.021875 0.03148333333)
(0 0.02625 0.03148333333)
(0.005 0.02625 0.03148333333)
(0.01 0.02625 0.03148333333)
(0.015 0.02625 0.03148333333)
(0.02 0.02625 0.03148333333)
(0.025 0.02625 0.03148333333)
(0.03 0.02625 0.03148333333)
(0.035 0.02625 0.03148333333)
(0.04 0.02625 0.03148333333)
(0.045 0.02625 0.03148333333)
(0.05 0.02625 0.03148333333)
(0.055 0.02625 0.03148333333)
(0.06 0.02625 0.03148333333)
(0.065 0.02625 0.03148333333)
(0.07 0.02625 0.03148333333)
(0.075 0.02625 0.03148333333)
(0.08 0.02625 0.03148333333)
(0.085 0.02625 0.03148333333)
(0.09 0.02625 0.03148333333)
(0.095 0.02625 0.03148333333)
(0.1 0.02625 0.03148333333)
(0 0.030625 0.03148333333)
(0.005 0.030625 0.03148333333)
(0.01 0.030625 0.03148333333)
(0.015 0.030625 0.03148333333)
(0.02 0.030625 0.03148333333)
(0.025 0.030625 0.03148333333)
(0.03 0.030625 0.03148333333)
(0.035 0.030625 0.03148333333)
(0.04 0.030625 0.03148333333)
(0.045 0.030625 0.03148333333)
(0.05 0.030625 0.03148333333)
(0.055 0.030625 0.03148333333)
(0.06 0.030625 0.03148333333)
(0.065 0.030625 0.03148333333)
(0.07 0.030625 0.03148333333)
(0.075 0.030625 0.03148333333)
(0.08 0.030625 0.03148333333)
(0.085 0.030625 0.03148333333)
(0.09 0.030625 0.03148333333)
(0.095 0.030625 0.03148333333)
(0.1 0.030625 0.03148333333)
(0 0.035 0.03148333333)
(0.005 0.035 0.03148333333)
(0.01 0.035 0.03148333333)
(0.015 0.035 0.03148333333)
(0.02 0.035 0.03148333333)
(0.025 0.035 0.03148333333)
(0.03 0.035 0.03148333333)
(0.035 0.035 0.03148333333)
(0.04 0.035 0.03148333333)
(0.045 0.035 0.03148333333)
(0.05 0.035 0.03148333333)
(0.055 0.035 0.03148333333)
(0.06 0.035 0.03148333333)
(0.065 0.035 0.03148333333)
(0.07 0.035 0.03148333333)
(0.075 0.035 0.03148333333)
(0.08 0.035 0.03148333333)
(0.085 0.035 0.03148333333)
(0.09 0.035 0.03148333333)
(0.095 0.035 0.03148333333)
(0.1 0.035 0.03148333333)
(0 0.039375 0.03148333333)
(0.005 0.039375 0.03148333333)
(0.01 0.039375 0.03148333333)
(0.015 0.039375 0.03148333333)
(0.02 0.039375 0.03148333333)
(0.025 0.039375 0.03148333333)
(0.03 0.039375 0.03148333333)
(0.035 0.039375 0.03148333333)
(0.04 0.039375 0.03148333333)
(0.045 0.039375 0.03148333333)
(0.05 0.039375 0.03148333333)
(0.055 0.039375 0.03148333333)
(0.06 0.039375 0.03148333333)
(0.065 0.039375 0.03148333333)
(0.07 0.039375 0.03148333333)
(0.075 0.039375 0.03148333333)
(0.08 0.039375 0.03148333333)
(0.085 0.039375 0.03148333333)
(0.09 0.039375 0.03148333333)
(0.095 0.039375 0.03148333333)
(0.1 0.039375 0.03148333333)
(0 0.04375 0.03148333333)
(0.005 0.04375 0.03148333333)
(0.01 0.04375 0.03148333333)
(0.015 0.04375 0.03148333333)
(0.02 0.04375 0.03148333333)
(0.025 0.04375 0.03148333333)
(0.03 0.04375 0.03148333333)
(0.035 0.04375 0.03148333333)
(0.04 0.04375 0.03148333333)
(0.045 0.04375 0.03148333333)
(0.05 0.04375 0.03148333333)
(0.055 0.04375 0.03148333333)
(0.06 0.04375 0.03148333333)
(0.065 0.04375 0.03148333333)
(0.07 0.04375 0.03148333333)
(0.075 0.04375 0.03148333333)
(0.08 0.04375 0.03148333333)
(0.085 0.04375 0.03148333333)
(0.09 0.04375 0.03148333333)
(0.095 0.04375 0.03148333333)
(0.1 0.04375 0.03148333333)
(0 0.048125 0.03148333333)
(0.005 0.048125 0.03148333333)
(0.01 0.048125 0.03148333333)
(0.015 0.048125 0.03148333333)
(0.02 0.048125 0.03148333333)
(0.025 0.048125 0.03148333333)
(0.03 0.048125 0.03148333333)
(0.035 0.048125 0.03148333333)
(0.04 0.048125 0.03148333333)
(0.045 0.048125 0.03148333333)
(0.05 0.048125 0.03148333333)
(0.055 0.048125 0.03148333333)
(0.06 0.048125 0.03148333333)
(0.065 0.048125 0.03148333333)
(0.07 0.048125 0.03148333333)
(0.075 0.048125 0.03148333333)
(0.08 0.048125 0.03148333333)
(0.085 0.048125 0.03148333333)
(0.09 0.048125 0.03148333333)
(0.095 0.048125 0.03148333333)
(0.1 0.048125 0.03148333333)
(0 0.0525 0.03148333333)
(0.005 0.0525 0.03148333333)
(0.01 0.0525 0.03148333333)
(0.015 0.0525 0.03148333333)
(0.02 0.0525 0.03148333333)
(0.025 0.0525 0.03148333333)
(0.03 0.0525 0.03148333333)
(0.035 0.0525 0.03148333333)
(0.04 0.0525 0.03148333333)
(0.045 0.0525 0.03148333333)
(0.05 0.0525 0.03148333333)
(0.055 0.0525 0.03148333333)
(0.06 0.0525 0.03148333333)
(0.065 0.0525 0.03148333333)
(0.07 0.0525 0.03148333333)
(0.075 0.0525 0.03148333333)
(0.08 0.0525 0.03148333333)
(0.085 0.0525 0.03148333333)
(0.09 0.0525 0.03148333333)
(0.095 0.0525 0.03148333333)
(0.1 0.0525 0.03148333333)
(0 0.056875 0.03148333333)
(0.005 0.056875 0.03148333333)
(0.01 0.056875 0.03148333333)
(0.015 0.056875 0.03148333333)
(0.02 0.056875 0.03148333333)
(0.025 0.056875 0.03148333333)
(0.03 0.056875 0.03148333333)
(0.035 0.056875 0.03148333333)
(0.04 0.056875 0.03148333333)
(0.045 0.056875 0.03148333333)
(0.05 0.056875 0.03148333333)
(0.055 0.056875 0.03148333333)
(0.06 0.056875 0.03148333333)
(0.065 0.056875 0.03148333333)
(0.07 0.056875 0.03148333333)
(0.075 0.056875 0.03148333333)
(0.08 0.056875 0.03148333333)
(0.085 0.056875 0.03148333333)
(0.09 0.056875 0.03148333333)
(0.095 0.056875 0.03148333333)
(0.1 0.056875 0.03148333333)
(0 0.06125 0.03148333333)
(0.005 0.06125 0.03148333333)
(0.01 0.06125 0.03148333333)
(0.015 0.06125 0.03148333333)
(0.02 0.06125 0.03148333333)
(0.025 0.06125 0.03148333333)
(0.03 0.06125 0.03148333333)
(0.035 0.06125 0.03148333333)
(0.04 0.06125 0.03148333333)
(0.045 0.06125 0.03148333333)
(0.05 0.06125 0.03148333333)
(0.055 0.06125 0.03148333333)
(0.06 0.06125 0.03148333333)
(0.065 0.06125 0.03148333333)
(0.07 0.06125 0.03148333333)
(0.075 0.06125 0.03148333333)
(0.08 0.06125 0.03148333333)
(0.085 0.06125 0.03148333333)
(0.09 0.06125 0.03148333333)
(0.095 0.06125 0.03148333333)
(0.1 0.06125 0.03148333333)
(0 0.065625 0.03148333333)
(0.005 0.065625 0.03148333333)
(0.01 0.065625 0.03148333333)
(0.015 0.065625 0.03148333333)
(0.02 0.065625 0.03148333333)
(0.025 0.065625 0.03148333333)
(0.03 0.065625 0.03148333333)
(0.035 0.065625 0.03148333333)
(0.04 0.065625 0.03148333333)
(0.045 0.065625 0.03148333333)
(0.05 0.065625 0.03148333333)
(0.055 0.065625 0.03148333333)
(0.06 0.065625 0.03148333333)
(0.065 0.065625 0.03148333333)
(0.07 0.065625 0.03148333333)
(0.075 0.065625 0.03148333333)
(0.08 0.065625 0.03148333333)
(0.085 0.065625 0.03148333333)
(0.09 0.065625 0.03148333333)
(0.095 0.065625 0.03148333333)
(0.1 0.065625 0.03148333333)
(0 0.07 0.03148333333)
(0.005 0.07 0.03148333333)
(0.01 0.07 0.03148333333)
(0.015 0.07 0.03148333333)
(0.02 0.07 0.03148333333)
(0.025 0.07 0.03148333333)
(0.03 0.07 0.03148333333)
(0.035 0.07 0.03148333333)
(0.04 0.07 0.03148333333)
(0.045 0.07 0.03148333333)
(0.05 0.07 0.03148333333)
(0.055 0.07 0.03148333333)
(0.06 0.07 0.03148333333)
(0.065 0.07 0.03148333333)
(0.07 0.07 0.03148333333)
(0.075 0.07 0.03148333333)
(0.08 0.07 0.03148333333)
(0.085 0.07 0.03148333333)
(0.09 0.07 0.03148333333)
(0.095 0.07 0.03148333333)
(0.1 0.07 0.03148333333)
(0.055 0.00875 0.034725)
(0.06 0.00875 0.034725)
(0.065 0.00875 0.034725)
(0.07 0.00875 0.034725)
(0.075 0.00875 0.034725)
(0.08 0.00875 0.034725)
(0.085 0.00875 0.034725)
(0.09 0.00875 0.034725)
(0.095 0.00875 0.034725)
(0.1 0.00875 0.034725)
(0 0.013125 0.034725)
(0.005 0.013125 0.034725)
(0.01 0.013125 0.034725)
(0.015 0.013125 0.034725)
(0.02 0.013125 0.034725)
(0.025 0.013125 0.034725)
(0.03 0.013125 0.034725)
(0.035 0.013125 0.034725)
(0.04 0.013125 0.034725)
(0.045 0.013125 0.034725)
(0.05 0.013125 0.034725)
(0.055 0.013125 0.034725)
(0.06 0.013125 0.034725)
(0.065 0.013125 0.034725)
(0.07 0.013125 0.034725)
(0.075 0.013125 0.034725)
(0.08 0.013125 0.034725)
(0.085 0.013125 0.034725)
(0.09 0.013125 0.034725)
(0.095 0.013125 0.034725)
(0.1 0.013125 0.034725)
(0 0.0175 0.034725)
(0.005 0.0175 0.034725)
(0.01 0.0175 0.034725)
(0.015 0.0175 0.034725)
(0.02 0.0175 0.034725)
(0.025 0.0175 0.034725)
(0.03 0.0175 0.034725)
(0.035 0.0175 0.034725)
(0.04 0.0175 0.034725)
(0.045 0.0175 0.034725)
(0.05 0.0175 0.034725)
(0.055 0.0175 0.034725)
(0.06 0.0175 0.034725)
(0.065 0.0175 0.034725)
(0.07 0.0175 0.034725)
(0.075 0.0175 0.034725)
(0.08 0.0175 0.034725)
(0.085 0.0175 0.034725)
(0.09 0.0175 0.034725)
(0.095 0.0175 0.034725)
(0.1 0.0175 0.034725)
(0 0.021875 0.034725)
(0.005 0.021875 0.034725)
(0.01 0.021875 0.034725)
(0.015 0.021875 0.034725)
(0.02 0.021875 0.034725)
(0.025 0.021875 0.034725)
(0.03 0.021875 0.034725)
(0.035 0.021875 0.034725)
(0.04 0.021875 0.034725)
(0.045 0.021875 0.034725)
(0.05 0.021875 0.034725)
(0.055 0.021875 0.034725)
(0.06 0.021875 0.034725)
(0.065 0.021875 0.034725)
(0.07 0.021875 0.034725)
(0.075 0.021875 0.034725)
(0.08 0.021875 0.034725)
(0.085 0.021875 0.034725)
(0.09 0.021875 0.034725)
(0.095 0.021875 0.034725)
(0.1 0.021875 0.034725)
(0 0.02625 0.034725)
(0.005 0.02625 0.034725)
(0.01 0.02625 0.034725)
(0.015 0.02625 0.034725)
(0.02 0.02625 0.034725)
(0.025 0.02625 0.034725)
(0.03 0.02625 0.034725)
(0.035 0.02625 0.034725)
(0.04 0.02625 0.034725)
(0.045 0.02625 0.034725)
(0.05 0.02625 0.034725)
(0.055 0.02625 0.034725)
(0.06 0.02625 0.034725)
(0.065 0.02625 0.034725)
(0.07 0.02625 0.034725)
(0.075 0.02625 0.034725)
(0.08 0.02625 0.034725)
(0.085 0.02625 0.034725)
(0.09 0.02625 0.034725)
(0.095 0.02625 0.034725)
(0.1 0.02625 0.034725)
(0 0.030625 0.034725)
(0.005 0.030625 0.034725)
(0.01 0.030625 0.034725)
(0.015 0.030625 0.034725)
(0.02 0.030625 0.034725)
(0.025 0.030625 0.034725)
(0.03 0.030625 0.034725)
(0.035 0.030625 0.034725)
(0.04 0.030625 0.034725)
(0.045 0.030625 0.034725)
(0.05 0.030625 0.034725)
(0.055 0.030625 0.034725)
(0.06 0.030625 0.034725)
(0.065 0.030625 0.034725)
(0.07 0.030625 0.034725)
(0.075 0.030625 0.034725)
(0.08 0.030625 0.034725)
(0.085 0.030625 0.034725)
(0.09 0.030625 0.034725)
(0.095 0.030625 0.034725)
(0.1 0.030625 0.034725)
(0 0.035 0.034725)
(0.005 0.035 0.034725)
(0.01 0.035 0.034725)
(0.015 0.035 0.034725)
(0.02 0.035 0.034725)
(0.025 0.035 0.034725)
(0.03 0.035 0.034725)
(0.035 0.035 0.034725)
(0.04 0.035 0.034725)
(0.045 0.035 0.034725)
(0.05 0.035 0.034725)
(0.055 0.035 0.034725)
(0.06 0.035 0.034725)
(0.065 0.035 0.034725)
(0.07 0.035 0.034725)
(0.075 0.035 0.034725)
(0.08 0.035 0.034725)
(0.085 0.035 0.034725)
(0.09 0.035 0.034725)
(0.095 0.035 0.034725)
(0.1 0.035 0.034725)
(0 0.039375 0.034725)
(0.005 0.039375 0.034725)
(0.01 0.039375 0.034725)
(0.015 0.039375 0.034725)
(0.02 0.039375 0.034725)
(0.025 0.039375 0.034725)
(0.03 0.039375 0.034725)
(0.035 0.039375 0.034725)
(0.04 0.039375 0.034725)
(0.045 0.039375 0.034725)
(0.05 0.039375 0.034725)
(0.055 0.039375 0.034725)
(0.06 0.039375 0.034725)
(0.065 0.039375 0.034725)
(0.07 0.039375 0.034725)
(0.075 0.039375 0.034725)
(0.08 0.039375 0.034725)
(0.085 0.039375 0.034725)
(0.09 0.039375 0.034725)
(0.095 0.039375 0.034725)
(0.1 0.039375 0.034725)
(0 0.04375 0.034725)
(0.005 0.04375 0.034725)
(0.01 0.04375 0.034725)
(0.015 0.04375 0.034725)
(0.02 0.04375 0.034725)
(0.025 0.04375 0.034725)
(0.03 0.04375 0.034725)
(0.035 0.04375 0.034725)
(0.04 0.04375 0.034725)
(0.045 0.04375 0.034725)
(0.05 0.04375 0.034725)
(0.055 0.04375 0.034725)
(0.06 0.04375 0.034725)
(0.065 0.04375 0.034725)
(0.07 0.04375 0.034725)
(0.075 0.04375 0.034725)
(0.08 0.04375 0.034725)
(0.085 0.04375 0.034725)
(0.09 0.04375 0.034725)
(0.095 0.04375 0.034725)
(0.1 0.04375 0.034725)
(0 0.048125 0.034725)
(0.005 0.048125 0.034725)
(0.01 0.048125 0.034725)
(0.015 0.048125 0.034725)
(0.02 0.048125 0.034725)
(0.025 0.048125 0.034725)
(0.03 0.048125 0.034725)
(0.035 0.048125 0.034725)
(0.04 0.048125 0.034725)
(0.045 0.048125 0.034725)
(0.05 0.048125 0.034725)
(0.055 0.048125 0.034725)
(0.06 0.048125 0.034725)
(0.065 0.048125 0.034725)
(0.07 0.048125 0.034725)
(0.075 0.048125 0.034725)
(0.08 0.048125 0.034725)
(0.085 0.048125 0.034725)
(0.09 0.048125 0.034725)
(0.095 0.048125 0.034725)
(0.1 0.048125 0.034725)
(0 0.0525 0.034725)
(0.005 0.0525 0.034725)
(0.01 0.0525 0.034725)
(0.015 0.0525 0.034725)
(0.02 0.0525 0.034725)
(0.025 0.0525 0.034725)
(0.03 0.0525 0.034725)
(0.035 0.0525 0.034725)
(0.04 0.0525 0.034725)
(0.045 0.0525 0.034725)
(0.05 0.0525 0.034725)
(0.055 0.0525 0.034725)
(0.06 0.0525 0.034725)
(0.065 0.0525 0.034725)
(0.07 0.0525 0.034725)
(0.075 0.0525 0.034725)
(0.08 0.0525 0.034725)
(0.085 0.0525 0.034725)
(0.09 0.0525 0.034725)
(0.095 0.0525 0.034725)
(0.1 0.0525 0.034725)
(0 0.056875 0.034725)
(0.005 0.056875 0.034725)
(0.01 0.056875 0.034725)
(0.015 0.056875 0.034725)
(0.02 0.056875 0.034725)
(0.025 0.056875 0.034725)
(0.03 0.056875 0.034725)
(0.035 0.056875 0.034725)
(0.04 0.056875 0.034725)
(0.045 0.056875 0.034725)
(0.05 0.056875 0.034725)
(0.055 0.056875 0.034725)
(0.06 0.056875 0.034725)
(0.065 0.056875 0.034725)
(0.07 0.056875 0.034725)
(0.075 0.056875 0.034725)
(0.08 0.056875 0.034725)
(0.085 0.056875 0.034725)
(0.09 0.056875 0.034725)
(0.095 0.056875 0.034725)
(0.1 0.056875 0.034725)
(0 0.06125 0.034725)
(0.005 0.06125 0.034725)
(0.01 0.06125 0.034725)
(0.015 0.06125 0.034725)
(0.02 0.06125 0.034725)
(0.025 0.06125 0.034725)
(0.03 0.06125 0.034725)
(0.035 0.06125 0.034725)
(0.04 0.06125 0.034725)
(0.045 0.06125 0.034725)
(0.05 0.06125 0.034725)
(0.055 0.06125 0.034725)
(0.06 0.06125 0.034725)
(0.065 0.06125 0.034725)
(0.07 0.06125 0.034725)
(0.075 0.06125 0.034725)
(0.08 0.06125 0.034725)
(0.085 0.06125 0.034725)
(0.09 0.06125 0.034725)
(0.095 0.06125 0.034725)
(0.1 0.06125 0.034725)
(0 0.065625 0.034725)
(0.005 0.065625 0.034725)
(0.01 0.065625 0.034725)
(0.015 0.065625 0.034725)
(0.02 0.065625 0.034725)
(0.025 0.065625 0.034725)
(0.03 0.065625 0.034725)
(0.035 0.065625 0.034725)
(0.04 0.065625 0.034725)
(0.045 0.065625 0.034725)
(0.05 0.065625 0.034725)
(0.055 0.065625 0.034725)
(0.06 0.065625 0.034725)
(0.065 0.065625 0.034725)
(0.07 0.065625 0.034725)
(0.075 0.065625 0.034725)
(0.08 0.065625 0.034725)
(0.085 0.065625 0.034725)
(0.09 0.065625 0.034725)
(0.095 0.065625 0.034725)
(0.1 0.065625 0.034725)
(0 0.07 0.034725)
(0.005 0.07 0.034725)
(0.01 0.07 0.034725)
(0.015 0.07 0.034725)
(0.02 0.07 0.034725)
(0.025 0.07 0.034725)
(0.03 0.07 0.034725)
(0.035 0.07 0.034725)
(0.04 0.07 0.034725)
(0.045 0.07 0.034725)
(0.05 0.07 0.034725)
(0.055 0.07 0.034725)
(0.06 0.07 0.034725)
(0.065 0.07 0.034725)
(0.07 0.07 0.034725)
(0.075 0.07 0.034725)
(0.08 0.07 0.034725)
(0.085 0.07 0.034725)
(0.09 0.07 0.034725)
(0.095 0.07 0.034725)
(0.1 0.07 0.034725)
(0.055 0.00875 0.03796666667)
(0.06 0.00875 0.03796666667)
(0.065 0.00875 0.03796666667)
(0.07 0.00875 0.03796666667)
(0.075 0.00875 0.03796666667)
(0.08 0.00875 0.03796666667)
(0.085 0.00875 0.03796666667)
(0.09 0.00875 0.03796666667)
(0.095 0.00875 0.03796666667)
(0.1 0.00875 0.03796666667)
(0 0.013125 0.03796666667)
(0.005 0.013125 0.03796666667)
(0.01 0.013125 0.03796666667)
(0.015 0.013125 0.03796666667)
(0.02 0.013125 0.03796666667)
(0.025 0.013125 0.03796666667)
(0.03 0.013125 0.03796666667)
(0.035 0.013125 0.03796666667)
(0.04 0.013125 0.03796666667)
(0.045 0.013125 0.03796666667)
(0.05 0.013125 0.03796666667)
(0.055 0.013125 0.03796666667)
(0.06 0.013125 0.03796666667)
(0.065 0.013125 0.03796666667)
(0.07 0.013125 0.03796666667)
(0.075 0.013125 0.03796666667)
(0.08 0.013125 0.03796666667)
(0.085 0.013125 0.03796666667)
(0.09 0.013125 0.03796666667)
(0.095 0.013125 0.03796666667)
(0.1 0.013125 0.03796666667)
(0 0.0175 0.03796666667)
(0.005 0.0175 0.03796666667)
(0.01 0.0175 0.03796666667)
(0.015 0.0175 0.03796666667)
(0.02 0.0175 0.03796666667)
(0.025 0.0175 0.03796666667)
(0.03 0.0175 0.03796666667)
(0.035 0.0175 0.03796666667)
(0.04 0.0175 0.03796666667)
(0.045 0.0175 0.03796666667)
(0.05 0.0175 0.03796666667)
(0.055 0.0175 0.03796666667)
(0.06 0.0175 0.03796666667)
(0.065 0.0175 0.03796666667)
(0.07 0.0175 0.03796666667)
(0.075 0.0175 0.03796666667)
(0.08 0.0175 0.03796666667)
(0.085 0.0175 0.03796666667)
(0.09 0.0175 0.03796666667)
(0.095 0.0175 0.03796666667)
(0.1 0.0175 0.03796666667)
(0 0.021875 0.03796666667)
(0.005 0.021875 0.03796666667)
(0.01 0.021875 0.03796666667)
(0.015 0.021875 0.03796666667)
(0.02 0.021875 0.03796666667)
(0.025 0.021875 0.03796666667)
(0.03 0.021875 0.03796666667)
(0.035 0.021875 0.03796666667)
(0.04 0.021875 0.03796666667)
(0.045 0.021875 0.03796666667)
(0.05 0.021875 0.03796666667)
(0.055 0.021875 0.03796666667)
(0.06 0.021875 0.03796666667)
(0.065 0.021875 0.03796666667)
(0.07 0.021875 0.03796666667)
(0.075 0.021875 0.03796666667)
(0.08 0.021875 0.03796666667)
(0.085 0.021875 0.03796666667)
(0.09 0.021875 0.03796666667)
(0.095 0.021875 0.03796666667)
(0.1 0.021875 0.03796666667)
(0 0.02625 0.03796666667)
(0.005 0.02625 0.03796666667)
(0.01 0.02625 0.03796666667)
(0.015 0.02625 0.03796666667)
(0.02 0.02625 0.03796666667)
(0.025 0.02625 0.03796666667)
(0.03 0.02625 0.03796666667)
(0.035 0.02625 0.03796666667)
(0.04 0.02625 0.03796666667)
(0.045 0.02625 0.03796666667)
(0.05 0.02625 0.03796666667)
(0.055 0.02625 0.03796666667)
(0.06 0.02625 0.03796666667)
(0.065 0.02625 0.03796666667)
(0.07 0.02625 0.03796666667)
(0.075 0.02625 0.03796666667)
(0.08 0.02625 0.03796666667)
(0.085 0.02625 0.03796666667)
(0.09 0.02625 0.03796666667)
(0.095 0.02625 0.03796666667)
(0.1 0.02625 0.03796666667)
(0 0.030625 0.03796666667)
(0.005 0.030625 0.03796666667)
(0.01 0.030625 0.03796666667)
(0.015 0.030625 0.03796666667)
(0.02 0.030625 0.03796666667)
(0.025 0.030625 0.03796666667)
(0.03 0.030625 0.03796666667)
(0.035 0.030625 0.03796666667)
(0.04 0.030625 0.03796666667)
(0.045 0.030625 0.03796666667)
(0.05 0.030625 0.03796666667)
(0.055 0.030625 0.03796666667)
(0.06 0.030625 0.03796666667)
(0.065 0.030625 0.03796666667)
(0.07 0.030625 0.03796666667)
(0.075 0.030625 0.03796666667)
(0.08 0.030625 0.03796666667)
(0.085 0.030625 0.03796666667)
(0.09 0.030625 0.03796666667)
(0.095 0.030625 0.03796666667)
(0.1 0.030625 0.03796666667)
(0 0.035 0.03796666667)
(0.005 0.035 0.03796666667)
(0.01 0.035 0.03796666667)
(0.015 0.035 0.03796666667)
(0.02 0.035 0.03796666667)
(0.025 0.035 0.03796666667)
(0.03 0.035 0.03796666667)
(0.035 0.035 0.03796666667)
(0.04 0.035 0.03796666667)
(0.045 0.035 0.03796666667)
(0.05 0.035 0.03796666667)
(0.055 0.035 0.03796666667)
(0.06 0.035 0.03796666667)
(0.065 0.035 0.03796666667)
(0.07 0.035 0.03796666667)
(0.075 0.035 0.03796666667)
(0.08 0.035 0.03796666667)
(0.085 0.035 0.03796666667)
(0.09 0.035 0.03796666667)
(0.095 0.035 0.03796666667)
(0.1 0.035 0.03796666667)
(0 0.039375 0.03796666667)
(0.005 0.039375 0.03796666667)
(0.01 0.039375 0.03796666667)
(0.015 0.039375 0.03796666667)
(0.02 0.039375 0.03796666667)
(0.025 0.039375 0.03796666667)
(0.03 0.039375 0.03796666667)
(0.035 0.039375 0.03796666667)
(0.04 0.039375 0.03796666667)
(0.045 0.039375 0.03796666667)
(0.05 0.039375 0.03796666667)
(0.055 0.039375 0.03796666667)
(0.06 0.039375 0.03796666667)
(0.065 0.039375 0.03796666667)
(0.07 0.039375 0.03796666667)
(0.075 0.039375 0.03796666667)
(0.08 0.039375 0.03796666667)
(0.085 0.039375 0.03796666667)
(0.09 0.039375 0.03796666667)
(0.095 0.039375 0.03796666667)
(0.1 0.039375 0.03796666667)
(0 0.04375 0.03796666667)
(0.005 0.04375 0.03796666667)
(0.01 0.04375 0.03796666667)
(0.015 0.04375 0.03796666667)
(0.02 0.04375 0.03796666667)
(0.025 0.04375 0.03796666667)
(0.03 0.04375 0.03796666667)
(0.035 0.04375 0.03796666667)
(0.04 0.04375 0.03796666667)
(0.045 0.04375 0.03796666667)
(0.05 0.04375 0.03796666667)
(0.055 0.04375 0.03796666667)
(0.06 0.04375 0.03796666667)
(0.065 0.04375 0.03796666667)
(0.07 0.04375 0.03796666667)
(0.075 0.04375 0.03796666667)
(0.08 0.04375 0.03796666667)
(0.085 0.04375 0.03796666667)
(0.09 0.04375 0.03796666667)
(0.095 0.04375 0.03796666667)
(0.1 0.04375 0.03796666667)
(0 0.048125 0.03796666667)
(0.005 0.048125 0.03796666667)
(0.01 0.048125 0.03796666667)
(0.015 0.048125 0.03796666667)
(0.02 0.048125 0.03796666667)
(0.025 0.048125 0.03796666667)
(0.03 0.048125 0.03796666667)
(0.035 0.048125 0.03796666667)
(0.04 0.048125 0.03796666667)
(0.045 0.048125 0.03796666667)
(0.05 0.048125 0.03796666667)
(0.055 0.048125 0.03796666667)
(0.06 0.048125 0.03796666667)
(0.065 0.048125 0.03796666667)
(0.07 0.048125 0.03796666667)
(0.075 0.048125 0.03796666667)
(0.08 0.048125 0.03796666667)
(0.085 0.048125 0.03796666667)
(0.09 0.048125 0.03796666667)
(0.095 0.048125 0.03796666667)
(0.1 0.048125 0.03796666667)
(0 0.0525 0.03796666667)
(0.005 0.0525 0.03796666667)
(0.01 0.0525 0.03796666667)
(0.015 0.0525 0.03796666667)
(0.02 0.0525 0.03796666667)
(0.025 0.0525 0.03796666667)
(0.03 0.0525 0.03796666667)
(0.035 0.0525 0.03796666667)
(0.04 0.0525 0.03796666667)
(0.045 0.0525 0.03796666667)
(0.05 0.0525 0.03796666667)
(0.055 0.0525 0.03796666667)
(0.06 0.0525 0.03796666667)
(0.065 0.0525 0.03796666667)
(0.07 0.0525 0.03796666667)
(0.075 0.0525 0.03796666667)
(0.08 0.0525 0.03796666667)
(0.085 0.0525 0.03796666667)
(0.09 0.0525 0.03796666667)
(0.095 0.0525 0.03796666667)
(0.1 0.0525 0.03796666667)
(0 0.056875 0.03796666667)
(0.005 0.056875 0.03796666667)
(0.01 0.056875 0.03796666667)
(0.015 0.056875 0.03796666667)
(0.02 0.056875 0.03796666667)
(0.025 0.056875 0.03796666667)
(0.03 0.056875 0.03796666667)
(0.035 0.056875 0.03796666667)
(0.04 0.056875 0.03796666667)
(0.045 0.056875 0.03796666667)
(0.05 0.056875 0.03796666667)
(0.055 0.056875 0.03796666667)
(0.06 0.056875 0.03796666667)
(0.065 0.056875 0.03796666667)
(0.07 0.056875 0.03796666667)
(0.075 0.056875 0.03796666667)
(0.08 0.056875 0.03796666667)
(0.085 0.056875 0.03796666667)
(0.09 0.056875 0.03796666667)
(0.095 0.056875 0.03796666667)
(0.1 0.056875 0.03796666667)
(0 0.06125 0.03796666667)
(0.005 0.06125 0.03796666667)
(0.01 0.06125 0.03796666667)
(0.015 0.06125 0.03796666667)
(0.02 0.06125 0.03796666667)
(0.025 0.06125 0.03796666667)
(0.03 0.06125 0.03796666667)
(0.035 0.06125 0.03796666667)
(0.04 0.06125 0.03796666667)
(0.045 0.06125 0.03796666667)
(0.05 0.06125 0.03796666667)
(0.055 0.06125 0.03796666667)
(0.06 0.06125 0.03796666667)
(0.065 0.06125 0.03796666667)
(0.07 0.06125 0.03796666667)
(0.075 0.06125 0.03796666667)
(0.08 0.06125 0.03796666667)
(0.085 0.06125 0.03796666667)
(0.09 0.06125 0.03796666667)
(0.095 0.06125 0.03796666667)
(0.1 0.06125 0.03796666667)
(0 0.065625 0.03796666667)
(0.005 0.065625 0.03796666667)
(0.01 0.065625 0.03796666667)
(0.015 0.065625 0.03796666667)
(0.02 0.065625 0.03796666667)
(0.025 0.065625 0.03796666667)
(0.03 0.065625 0.03796666667)
(0.035 0.065625 0.03796666667)
(0.04 0.065625 0.03796666667)
(0.045 0.065625 0.03796666667)
(0.05 0.065625 0.03796666667)
(0.055 0.065625 0.03796666667)
(0.06 0.065625 0.03796666667)
(0.065 0.065625 0.03796666667)
(0.07 0.065625 0.03796666667)
(0.075 0.065625 0.03796666667)
(0.08 0.065625 0.03796666667)
(0.085 0.065625 0.03796666667)
(0.09 0.065625 0.03796666667)
(0.095 0.065625 0.03796666667)
(0.1 0.065625 0.03796666667)
(0 0.07 0.03796666667)
(0.005 0.07 0.03796666667)
(0.01 0.07 0.03796666667)
(0.015 0.07 0.03796666667)
(0.02 0.07 0.03796666667)
(0.025 0.07 0.03796666667)
(0.03 0.07 0.03796666667)
(0.035 0.07 0.03796666667)
(0.04 0.07 0.03796666667)
(0.045 0.07 0.03796666667)
(0.05 0.07 0.03796666667)
(0.055 0.07 0.03796666667)
(0.06 0.07 0.03796666667)
(0.065 0.07 0.03796666667)
(0.07 0.07 0.03796666667)
(0.075 0.07 0.03796666667)
(0.08 0.07 0.03796666667)
(0.085 0.07 0.03796666667)
(0.09 0.07 0.03796666667)
(0.095 0.07 0.03796666667)
(0.1 0.07 0.03796666667)
(0.055 0.00875 0.04120833333)
(0.06 0.00875 0.04120833333)
(0.065 0.00875 0.04120833333)
(0.07 0.00875 0.04120833333)
(0.075 0.00875 0.04120833333)
(0.08 0.00875 0.04120833333)
(0.085 0.00875 0.04120833333)
(0.09 0.00875 0.04120833333)
(0.095 0.00875 0.04120833333)
(0.1 0.00875 0.04120833333)
(0 0.013125 0.04120833333)
(0.005 0.013125 0.04120833333)
(0.01 0.013125 0.04120833333)
(0.015 0.013125 0.04120833333)
(0.02 0.013125 0.04120833333)
(0.025 0.013125 0.04120833333)
(0.03 0.013125 0.04120833333)
(0.035 0.013125 0.04120833333)
(0.04 0.013125 0.04120833333)
(0.045 0.013125 0.04120833333)
(0.05 0.013125 0.04120833333)
(0.055 0.013125 0.04120833333)
(0.06 0.013125 0.04120833333)
(0.065 0.013125 0.04120833333)
(0.07 0.013125 0.04120833333)
(0.075 0.013125 0.04120833333)
(0.08 0.013125 0.04120833333)
(0.085 0.013125 0.04120833333)
(0.09 0.013125 0.04120833333)
(0.095 0.013125 0.04120833333)
(0.1 0.013125 0.04120833333)
(0 0.0175 0.04120833333)
(0.005 0.0175 0.04120833333)
(0.01 0.0175 0.04120833333)
(0.015 0.0175 0.04120833333)
(0.02 0.0175 0.04120833333)
(0.025 0.0175 0.04120833333)
(0.03 0.0175 0.04120833333)
(0.035 0.0175 0.04120833333)
(0.04 0.0175 0.04120833333)
(0.045 0.0175 0.04120833333)
(0.05 0.0175 0.04120833333)
(0.055 0.0175 0.04120833333)
(0.06 0.0175 0.04120833333)
(0.065 0.0175 0.04120833333)
(0.07 0.0175 0.04120833333)
(0.075 0.0175 0.04120833333)
(0.08 0.0175 0.04120833333)
(0.085 0.0175 0.04120833333)
(0.09 0.0175 0.04120833333)
(0.095 0.0175 0.04120833333)
(0.1 0.0175 0.04120833333)
(0 0.021875 0.04120833333)
(0.005 0.021875 0.04120833333)
(0.01 0.021875 0.04120833333)
(0.015 0.021875 0.04120833333)
(0.02 0.021875 0.04120833333)
(0.025 0.021875 0.04120833333)
(0.03 0.021875 0.04120833333)
(0.035 0.021875 0.04120833333)
(0.04 0.021875 0.04120833333)
(0.045 0.021875 0.04120833333)
(0.05 0.021875 0.04120833333)
(0.055 0.021875 0.04120833333)
(0.06 0.021875 0.04120833333)
(0.065 0.021875 0.04120833333)
(0.07 0.021875 0.04120833333)
(0.075 0.021875 0.04120833333)
(0.08 0.021875 0.04120833333)
(0.085 0.021875 0.04120833333)
(0.09 0.021875 0.04120833333)
(0.095 0.021875 0.04120833333)
(0.1 0.021875 0.04120833333)
(0 0.02625 0.04120833333)
(0.005 0.02625 0.04120833333)
(0.01 0.02625 0.04120833333)
(0.015 0.02625 0.04120833333)
(0.02 0.02625 0.04120833333)
(0.025 0.02625 0.04120833333)
(0.03 0.02625 0.04120833333)
(0.035 0.02625 0.04120833333)
(0.04 0.02625 0.04120833333)
(0.045 0.02625 0.04120833333)
(0.05 0.02625 0.04120833333)
(0.055 0.02625 0.04120833333)
(0.06 0.02625 0.04120833333)
(0.065 0.02625 0.04120833333)
(0.07 0.02625 0.04120833333)
(0.075 0.02625 0.04120833333)
(0.08 0.02625 0.04120833333)
(0.085 0.02625 0.04120833333)
(0.09 0.02625 0.04120833333)
(0.095 0.02625 0.04120833333)
(0.1 0.02625 0.04120833333)
(0 0.030625 0.04120833333)
(0.005 0.030625 0.04120833333)
(0.01 0.030625 0.04120833333)
(0.015 0.030625 0.04120833333)
(0.02 0.030625 0.04120833333)
(0.025 0.030625 0.04120833333)
(0.03 0.030625 0.04120833333)
(0.035 0.030625 0.04120833333)
(0.04 0.030625 0.04120833333)
(0.045 0.030625 0.04120833333)
(0.05 0.030625 0.04120833333)
(0.055 0.030625 0.04120833333)
(0.06 0.030625 0.04120833333)
(0.065 0.030625 0.04120833333)
(0.07 0.030625 0.04120833333)
(0.075 0.030625 0.04120833333)
(0.08 0.030625 0.04120833333)
(0.085 0.030625 0.04120833333)
(0.09 0.030625 0.04120833333)
(0.095 0.030625 0.04120833333)
(0.1 0.030625 0.04120833333)
(0 0.035 0.04120833333)
(0.005 0.035 0.04120833333)
(0.01 0.035 0.04120833333)
(0.015 0.035 0.04120833333)
(0.02 0.035 0.04120833333)
(0.025 0.035 0.04120833333)
(0.03 0.035 0.04120833333)
(0.035 0.035 0.04120833333)
(0.04 0.035 0.04120833333)
(0.045 0.035 0.04120833333)
(0.05 0.035 0.04120833333)
(0.055 0.035 0.04120833333)
(0.06 0.035 0.04120833333)
(0.065 0.035 0.04120833333)
(0.07 0.035 0.04120833333)
(0.075 0.035 0.04120833333)
(0.08 0.035 0.04120833333)
(0.085 0.035 0.04120833333)
(0.09 0.035 0.04120833333)
(0.095 0.035 0.04120833333)
(0.1 0.035 0.04120833333)
(0 0.039375 0.04120833333)
(0.005 0.039375 0.04120833333)
(0.01 0.039375 0.04120833333)
(0.015 0.039375 0.04120833333)
(0.02 0.039375 0.04120833333)
(0.025 0.039375 0.04120833333)
(0.03 0.039375 0.04120833333)
(0.035 0.039375 0.04120833333)
(0.04 0.039375 0.04120833333)
(0.045 0.039375 0.04120833333)
(0.05 0.039375 0.04120833333)
(0.055 0.039375 0.04120833333)
(0.06 0.039375 0.04120833333)
(0.065 0.039375 0.04120833333)
(0.07 0.039375 0.04120833333)
(0.075 0.039375 0.04120833333)
(0.08 0.039375 0.04120833333)
(0.085 0.039375 0.04120833333)
(0.09 0.039375 0.04120833333)
(0.095 0.039375 0.04120833333)
(0.1 0.039375 0.04120833333)
(0 0.04375 0.04120833333)
(0.005 0.04375 0.04120833333)
(0.01 0.04375 0.04120833333)
(0.015 0.04375 0.04120833333)
(0.02 0.04375 0.04120833333)
(0.025 0.04375 0.04120833333)
(0.03 0.04375 0.04120833333)
(0.035 0.04375 0.04120833333)
(0.04 0.04375 0.04120833333)
(0.045 0.04375 0.04120833333)
(0.05 0.04375 0.04120833333)
(0.055 0.04375 0.04120833333)
(0.06 0.04375 0.04120833333)
(0.065 0.04375 0.04120833333)
(0.07 0.04375 0.04120833333)
(0.075 0.04375 0.04120833333)
(0.08 0.04375 0.04120833333)
(0.085 0.04375 0.04120833333)
(0.09 0.04375 0.04120833333)
(0.095 0.04375 0.04120833333)
(0.1 0.04375 0.04120833333)
(0 0.048125 0.04120833333)
(0.005 0.048125 0.04120833333)
(0.01 0.048125 0.04120833333)
(0.015 0.048125 0.04120833333)
(0.02 0.048125 0.04120833333)
(0.025 0.048125 0.04120833333)
(0.03 0.048125 0.04120833333)
(0.035 0.048125 0.04120833333)
(0.04 0.048125 0.04120833333)
(0.045 0.048125 0.04120833333)
(0.05 0.048125 0.04120833333)
(0.055 0.048125 0.04120833333)
(0.06 0.048125 0.04120833333)
(0.065 0.048125 0.04120833333)
(0.07 0.048125 0.04120833333)
(0.075 0.048125 0.04120833333)
(0.08 0.048125 0.04120833333)
(0.085 0.048125 0.04120833333)
(0.09 0.048125 0.04120833333)
(0.095 0.048125 0.04120833333)
(0.1 0.048125 0.04120833333)
(0 0.0525 0.04120833333)
(0.005 0.0525 0.04120833333)
(0.01 0.0525 0.04120833333)
(0.015 0.0525 0.04120833333)
(0.02 0.0525 0.04120833333)
(0.025 0.0525 0.04120833333)
(0.03 0.0525 0.04120833333)
(0.035 0.0525 0.04120833333)
(0.04 0.0525 0.04120833333)
(0.045 0.0525 0.04120833333)
(0.05 0.0525 0.04120833333)
(0.055 0.0525 0.04120833333)
(0.06 0.0525 0.04120833333)
(0.065 0.0525 0.04120833333)
(0.07 0.0525 0.04120833333)
(0.075 0.0525 0.04120833333)
(0.08 0.0525 0.04120833333)
(0.085 0.0525 0.04120833333)
(0.09 0.0525 0.04120833333)
(0.095 0.0525 0.04120833333)
(0.1 0.0525 0.04120833333)
(0 0.056875 0.04120833333)
(0.005 0.056875 0.04120833333)
(0.01 0.056875 0.04120833333)
(0.015 0.056875 0.04120833333)
(0.02 0.056875 0.04120833333)
(0.025 0.056875 0.04120833333)
(0.03 0.056875 0.04120833333)
(0.035 0.056875 0.04120833333)
(0.04 0.056875 0.04120833333)
(0.045 0.056875 0.04120833333)
(0.05 0.056875 0.04120833333)
(0.055 0.056875 0.04120833333)
(0.06 0.056875 0.04120833333)
(0.065 0.056875 0.04120833333)
(0.07 0.056875 0.04120833333)
(0.075 0.056875 0.04120833333)
(0.08 0.056875 0.04120833333)
(0.085 0.056875 0.04120833333)
(0.09 0.056875 0.04120833333)
(0.095 0.056875 0.04120833333)
(0.1 0.056875 0.04120833333)
(0 0.06125 0.04120833333)
(0.005 0.06125 0.04120833333)
(0.01 0.06125 0.04120833333)
(0.015 0.06125 0.04120833333)
(0.02 0.06125 0.04120833333)
(0.025 0.06125 0.04120833333)
(0.03 0.06125 0.04120833333)
(0.035 0.06125 0.04120833333)
(0.04 0.06125 0.04120833333)
(0.045 0.06125 0.04120833333)
(0.05 0.06125 0.04120833333)
(0.055 0.06125 0.04120833333)
(0.06 0.06125 0.04120833333)
(0.065 0.06125 0.04120833333)
(0.07 0.06125 0.04120833333)
(0.075 0.06125 0.04120833333)
(0.08 0.06125 0.04120833333)
(0.085 0.06125 0.04120833333)
(0.09 0.06125 0.04120833333)
(0.095 0.06125 0.04120833333)
(0.1 0.06125 0.04120833333)
(0 0.065625 0.04120833333)
(0.005 0.065625 0.04120833333)
(0.01 0.065625 0.04120833333)
(0.015 0.065625 0.04120833333)
(0.02 0.065625 0.04120833333)
(0.025 0.065625 0.04120833333)
(0.03 0.065625 0.04120833333)
(0.035 0.065625 0.04120833333)
(0.04 0.065625 0.04120833333)
(0.045 0.065625 0.04120833333)
(0.05 0.065625 0.04120833333)
(0.055 0.065625 0.04120833333)
(0.06 0.065625 0.04120833333)
(0.065 0.065625 0.04120833333)
(0.07 0.065625 0.04120833333)
(0.075 0.065625 0.04120833333)
(0.08 0.065625 0.04120833333)
(0.085 0.065625 0.04120833333)
(0.09 0.065625 0.04120833333)
(0.095 0.065625 0.04120833333)
(0.1 0.065625 0.04120833333)
(0 0.07 0.04120833333)
(0.005 0.07 0.04120833333)
(0.01 0.07 0.04120833333)
(0.015 0.07 0.04120833333)
(0.02 0.07 0.04120833333)
(0.025 0.07 0.04120833333)
(0.03 0.07 0.04120833333)
(0.035 0.07 0.04120833333)
(0.04 0.07 0.04120833333)
(0.045 0.07 0.04120833333)
(0.05 0.07 0.04120833333)
(0.055 0.07 0.04120833333)
(0.06 0.07 0.04120833333)
(0.065 0.07 0.04120833333)
(0.07 0.07 0.04120833333)
(0.075 0.07 0.04120833333)
(0.08 0.07 0.04120833333)
(0.085 0.07 0.04120833333)
(0.09 0.07 0.04120833333)
(0.095 0.07 0.04120833333)
(0.1 0.07 0.04120833333)
(0.055 0.00875 0.04445)
(0.06 0.00875 0.04445)
(0.065 0.00875 0.04445)
(0.07 0.00875 0.04445)
(0.075 0.00875 0.04445)
(0.08 0.00875 0.04445)
(0.085 0.00875 0.04445)
(0.09 0.00875 0.04445)
(0.095 0.00875 0.04445)
(0.1 0.00875 0.04445)
(0 0.013125 0.04445)
(0.005 0.013125 0.04445)
(0.01 0.013125 0.04445)
(0.015 0.013125 0.04445)
(0.02 0.013125 0.04445)
(0.025 0.013125 0.04445)
(0.03 0.013125 0.04445)
(0.035 0.013125 0.04445)
(0.04 0.013125 0.04445)
(0.045 0.013125 0.04445)
(0.05 0.013125 0.04445)
(0.055 0.013125 0.04445)
(0.06 0.013125 0.04445)
(0.065 0.013125 0.04445)
(0.07 0.013125 0.04445)
(0.075 0.013125 0.04445)
(0.08 0.013125 0.04445)
(0.085 0.013125 0.04445)
(0.09 0.013125 0.04445)
(0.095 0.013125 0.04445)
(0.1 0.013125 0.04445)
(0 0.0175 0.04445)
(0.005 0.0175 0.04445)
(0.01 0.0175 0.04445)
(0.015 0.0175 0.04445)
(0.02 0.0175 0.04445)
(0.025 0.0175 0.04445)
(0.03 0.0175 0.04445)
(0.035 0.0175 0.04445)
(0.04 0.0175 0.04445)
(0.045 0.0175 0.04445)
(0.05 0.0175 0.04445)
(0.055 0.0175 0.04445)
(0.06 0.0175 0.04445)
(0.065 0.0175 0.04445)
(0.07 0.0175 0.04445)
(0.075 0.0175 0.04445)
(0.08 0.0175 0.04445)
(0.085 0.0175 0.04445)
(0.09 0.0175 0.04445)
(0.095 0.0175 0.04445)
(0.1 0.0175 0.04445)
(0 0.021875 0.04445)
(0.005 0.021875 0.04445)
(0.01 0.021875 0.04445)
(0.015 0.021875 0.04445)
(0.02 0.021875 0.04445)
(0.025 0.021875 0.04445)
(0.03 0.021875 0.04445)
(0.035 0.021875 0.04445)
(0.04 0.021875 0.04445)
(0.045 0.021875 0.04445)
(0.05 0.021875 0.04445)
(0.055 0.021875 0.04445)
(0.06 0.021875 0.04445)
(0.065 0.021875 0.04445)
(0.07 0.021875 0.04445)
(0.075 0.021875 0.04445)
(0.08 0.021875 0.04445)
(0.085 0.021875 0.04445)
(0.09 0.021875 0.04445)
(0.095 0.021875 0.04445)
(0.1 0.021875 0.04445)
(0 0.02625 0.04445)
(0.005 0.02625 0.04445)
(0.01 0.02625 0.04445)
(0.015 0.02625 0.04445)
(0.02 0.02625 0.04445)
(0.025 0.02625 0.04445)
(0.03 0.02625 0.04445)
(0.035 0.02625 0.04445)
(0.04 0.02625 0.04445)
(0.045 0.02625 0.04445)
(0.05 0.02625 0.04445)
(0.055 0.02625 0.04445)
(0.06 0.02625 0.04445)
(0.065 0.02625 0.04445)
(0.07 0.02625 0.04445)
(0.075 0.02625 0.04445)
(0.08 0.02625 0.04445)
(0.085 0.02625 0.04445)
(0.09 0.02625 0.04445)
(0.095 0.02625 0.04445)
(0.1 0.02625 0.04445)
(0 0.030625 0.04445)
(0.005 0.030625 0.04445)
(0.01 0.030625 0.04445)
(0.015 0.030625 0.04445)
(0.02 0.030625 0.04445)
(0.025 0.030625 0.04445)
(0.03 0.030625 0.04445)
(0.035 0.030625 0.04445)
(0.04 0.030625 0.04445)
(0.045 0.030625 0.04445)
(0.05 0.030625 0.04445)
(0.055 0.030625 0.04445)
(0.06 0.030625 0.04445)
(0.065 0.030625 0.04445)
(0.07 0.030625 0.04445)
(0.075 0.030625 0.04445)
(0.08 0.030625 0.04445)
(0.085 0.030625 0.04445)
(0.09 0.030625 0.04445)
(0.095 0.030625 0.04445)
(0.1 0.030625 0.04445)
(0 0.035 0.04445)
(0.005 0.035 0.04445)
(0.01 0.035 0.04445)
(0.015 0.035 0.04445)
(0.02 0.035 0.04445)
(0.025 0.035 0.04445)
(0.03 0.035 0.04445)
(0.035 0.035 0.04445)
(0.04 0.035 0.04445)
(0.045 0.035 0.04445)
(0.05 0.035 0.04445)
(0.055 0.035 0.04445)
(0.06 0.035 0.04445)
(0.065 0.035 0.04445)
(0.07 0.035 0.04445)
(0.075 0.035 0.04445)
(0.08 0.035 0.04445)
(0.085 0.035 0.04445)
(0.09 0.035 0.04445)
(0.095 0.035 0.04445)
(0.1 0.035 0.04445)
(0 0.039375 0.04445)
(0.005 0.039375 0.04445)
(0.01 0.039375 0.04445)
(0.015 0.039375 0.04445)
(0.02 0.039375 0.04445)
(0.025 0.039375 0.04445)
(0.03 0.039375 0.04445)
(0.035 0.039375 0.04445)
(0.04 0.039375 0.04445)
(0.045 0.039375 0.04445)
(0.05 0.039375 0.04445)
(0.055 0.039375 0.04445)
(0.06 0.039375 0.04445)
(0.065 0.039375 0.04445)
(0.07 0.039375 0.04445)
(0.075 0.039375 0.04445)
(0.08 0.039375 0.04445)
(0.085 0.039375 0.04445)
(0.09 0.039375 0.04445)
(0.095 0.039375 0.04445)
(0.1 0.039375 0.04445)
(0 0.04375 0.04445)
(0.005 0.04375 0.04445)
(0.01 0.04375 0.04445)
(0.015 0.04375 0.04445)
(0.02 0.04375 0.04445)
(0.025 0.04375 0.04445)
(0.03 0.04375 0.04445)
(0.035 0.04375 0.04445)
(0.04 0.04375 0.04445)
(0.045 0.04375 0.04445)
(0.05 0.04375 0.04445)
(0.055 0.04375 0.04445)
(0.06 0.04375 0.04445)
(0.065 0.04375 0.04445)
(0.07 0.04375 0.04445)
(0.075 0.04375 0.04445)
(0.08 0.04375 0.04445)
(0.085 0.04375 0.04445)
(0.09 0.04375 0.04445)
(0.095 0.04375 0.04445)
(0.1 0.04375 0.04445)
(0 0.048125 0.04445)
(0.005 0.048125 0.04445)
(0.01 0.048125 0.04445)
(0.015 0.048125 0.04445)
(0.02 0.048125 0.04445)
(0.025 0.048125 0.04445)
(0.03 0.048125 0.04445)
(0.035 0.048125 0.04445)
(0.04 0.048125 0.04445)
(0.045 0.048125 0.04445)
(0.05 0.048125 0.04445)
(0.055 0.048125 0.04445)
(0.06 0.048125 0.04445)
(0.065 0.048125 0.04445)
(0.07 0.048125 0.04445)
(0.075 0.048125 0.04445)
(0.08 0.048125 0.04445)
(0.085 0.048125 0.04445)
(0.09 0.048125 0.04445)
(0.095 0.048125 0.04445)
(0.1 0.048125 0.04445)
(0 0.0525 0.04445)
(0.005 0.0525 0.04445)
(0.01 0.0525 0.04445)
(0.015 0.0525 0.04445)
(0.02 0.0525 0.04445)
(0.025 0.0525 0.04445)
(0.03 0.0525 0.04445)
(0.035 0.0525 0.04445)
(0.04 0.0525 0.04445)
(0.045 0.0525 0.04445)
(0.05 0.0525 0.04445)
(0.055 0.0525 0.04445)
(0.06 0.0525 0.04445)
(0.065 0.0525 0.04445)
(0.07 0.0525 0.04445)
(0.075 0.0525 0.04445)
(0.08 0.0525 0.04445)
(0.085 0.0525 0.04445)
(0.09 0.0525 0.04445)
(0.095 0.0525 0.04445)
(0.1 0.0525 0.04445)
(0 0.056875 0.04445)
(0.005 0.056875 0.04445)
(0.01 0.056875 0.04445)
(0.015 0.056875 0.04445)
(0.02 0.056875 0.04445)
(0.025 0.056875 0.04445)
(0.03 0.056875 0.04445)
(0.035 0.056875 0.04445)
(0.04 0.056875 0.04445)
(0.045 0.056875 0.04445)
(0.05 0.056875 0.04445)
(0.055 0.056875 0.04445)
(0.06 0.056875 0.04445)
(0.065 0.056875 0.04445)
(0.07 0.056875 0.04445)
(0.075 0.056875 0.04445)
(0.08 0.056875 0.04445)
(0.085 0.056875 0.04445)
(0.09 0.056875 0.04445)
(0.095 0.056875 0.04445)
(0.1 0.056875 0.04445)
(0 0.06125 0.04445)
(0.005 0.06125 0.04445)
(0.01 0.06125 0.04445)
(0.015 0.06125 0.04445)
(0.02 0.06125 0.04445)
(0.025 0.06125 0.04445)
(0.03 0.06125 0.04445)
(0.035 0.06125 0.04445)
(0.04 0.06125 0.04445)
(0.045 0.06125 0.04445)
(0.05 0.06125 0.04445)
(0.055 0.06125 0.04445)
(0.06 0.06125 0.04445)
(0.065 0.06125 0.04445)
(0.07 0.06125 0.04445)
(0.075 0.06125 0.04445)
(0.08 0.06125 0.04445)
(0.085 0.06125 0.04445)
(0.09 0.06125 0.04445)
(0.095 0.06125 0.04445)
(0.1 0.06125 0.04445)
(0 0.065625 0.04445)
(0.005 0.065625 0.04445)
(0.01 0.065625 0.04445)
(0.015 0.065625 0.04445)
(0.02 0.065625 0.04445)
(0.025 0.065625 0.04445)
(0.03 0.065625 0.04445)
(0.035 0.065625 0.04445)
(0.04 0.065625 0.04445)
(0.045 0.065625 0.04445)
(0.05 0.065625 0.04445)
(0.055 0.065625 0.04445)
(0.06 0.065625 0.04445)
(0.065 0.065625 0.04445)
(0.07 0.065625 0.04445)
(0.075 0.065625 0.04445)
(0.08 0.065625 0.04445)
(0.085 0.065625 0.04445)
(0.09 0.065625 0.04445)
(0.095 0.065625 0.04445)
(0.1 0.065625 0.04445)
(0 0.07 0.04445)
(0.005 0.07 0.04445)
(0.01 0.07 0.04445)
(0.015 0.07 0.04445)
(0.02 0.07 0.04445)
(0.025 0.07 0.04445)
(0.03 0.07 0.04445)
(0.035 0.07 0.04445)
(0.04 0.07 0.04445)
(0.045 0.07 0.04445)
(0.05 0.07 0.04445)
(0.055 0.07 0.04445)
(0.06 0.07 0.04445)
(0.065 0.07 0.04445)
(0.07 0.07 0.04445)
(0.075 0.07 0.04445)
(0.08 0.07 0.04445)
(0.085 0.07 0.04445)
(0.09 0.07 0.04445)
(0.095 0.07 0.04445)
(0.1 0.07 0.04445)
(0.1033333333 0.00875 0.02824166667)
(0.1066666667 0.00875 0.02824166667)
(0.11 0.00875 0.02824166667)
(0.1133333333 0.00875 0.02824166667)
(0.1166666667 0.00875 0.02824166667)
(0.12 0.00875 0.02824166667)
(0.1233333333 0.00875 0.02824166667)
(0.1033333333 0.013125 0.02824166667)
(0.1066666667 0.013125 0.02824166667)
(0.11 0.013125 0.02824166667)
(0.1133333333 0.013125 0.02824166667)
(0.1166666667 0.013125 0.02824166667)
(0.12 0.013125 0.02824166667)
(0.1233333333 0.013125 0.02824166667)
(0.1033333333 0.0175 0.02824166667)
(0.1066666667 0.0175 0.02824166667)
(0.11 0.0175 0.02824166667)
(0.1133333333 0.0175 0.02824166667)
(0.1166666667 0.0175 0.02824166667)
(0.12 0.0175 0.02824166667)
(0.1233333333 0.0175 0.02824166667)
(0.1033333333 0.021875 0.02824166667)
(0.1066666667 0.021875 0.02824166667)
(0.11 0.021875 0.02824166667)
(0.1133333333 0.021875 0.02824166667)
(0.1166666667 0.021875 0.02824166667)
(0.12 0.021875 0.02824166667)
(0.1233333333 0.021875 0.02824166667)
(0.1033333333 0.02625 0.02824166667)
(0.1066666667 0.02625 0.02824166667)
(0.11 0.02625 0.02824166667)
(0.1133333333 0.02625 0.02824166667)
(0.1166666667 0.02625 0.02824166667)
(0.12 0.02625 0.02824166667)
(0.1233333333 0.02625 0.02824166667)
(0.1033333333 0.030625 0.02824166667)
(0.1066666667 0.030625 0.02824166667)
(0.11 0.030625 0.02824166667)
(0.1133333333 0.030625 0.02824166667)
(0.1166666667 0.030625 0.02824166667)
(0.12 0.030625 0.02824166667)
(0.1233333333 0.030625 0.02824166667)
(0.1033333333 0.035 0.02824166667)
(0.1066666667 0.035 0.02824166667)
(0.11 0.035 0.02824166667)
(0.1133333333 0.035 0.02824166667)
(0.1166666667 0.035 0.02824166667)
(0.12 0.035 0.02824166667)
(0.1233333333 0.035 0.02824166667)
(0.1033333333 0.039375 0.02824166667)
(0.1066666667 0.039375 0.02824166667)
(0.11 0.039375 0.02824166667)
(0.1133333333 0.039375 0.02824166667)
(0.1166666667 0.039375 0.02824166667)
(0.12 0.039375 0.02824166667)
(0.1233333333 0.039375 0.02824166667)
(0.1033333333 0.04375 0.02824166667)
(0.1066666667 0.04375 0.02824166667)
(0.11 0.04375 0.02824166667)
(0.1133333333 0.04375 0.02824166667)
(0.1166666667 0.04375 0.02824166667)
(0.12 0.04375 0.02824166667)
(0.1233333333 0.04375 0.02824166667)
(0.1033333333 0.048125 0.02824166667)
(0.1066666667 0.048125 0.02824166667)
(0.11 0.048125 0.02824166667)
(0.1133333333 0.048125 0.02824166667)
(0.1166666667 0.048125 0.02824166667)
(0.12 0.048125 0.02824166667)
(0.1233333333 0.048125 0.02824166667)
(0.1033333333 0.0525 0.02824166667)
(0.1066666667 0.0525 0.02824166667)
(0.11 0.0525 0.02824166667)
(0.1133333333 0.0525 0.02824166667)
(0.1166666667 0.0525 0.02824166667)
(0.12 0.0525 0.02824166667)
(0.1233333333 0.0525 0.02824166667)
(0.1033333333 0.056875 0.02824166667)
(0.1066666667 0.056875 0.02824166667)
(0.11 0.056875 0.02824166667)
(0.1133333333 0.056875 0.02824166667)
(0.1166666667 0.056875 0.02824166667)
(0.12 0.056875 0.02824166667)
(0.1233333333 0.056875 0.02824166667)
(0.1033333333 0.06125 0.02824166667)
(0.1066666667 0.06125 0.02824166667)
(0.11 0.06125 0.02824166667)
(0.1133333333 0.06125 0.02824166667)
(0.1166666667 0.06125 0.02824166667)
(0.12 0.06125 0.02824166667)
(0.1233333333 0.06125 0.02824166667)
(0.1033333333 0.065625 0.02824166667)
(0.1066666667 0.065625 0.02824166667)
(0.11 0.065625 0.02824166667)
(0.1133333333 0.065625 0.02824166667)
(0.1166666667 0.065625 0.02824166667)
(0.12 0.065625 0.02824166667)
(0.1233333333 0.065625 0.02824166667)
(0.1033333333 0.07 0.02824166667)
(0.1066666667 0.07 0.02824166667)
(0.11 0.07 0.02824166667)
(0.1133333333 0.07 0.02824166667)
(0.1166666667 0.07 0.02824166667)
(0.12 0.07 0.02824166667)
(0.1233333333 0.07 0.02824166667)
(0.1033333333 0.00875 0.03148333333)
(0.1066666667 0.00875 0.03148333333)
(0.11 0.00875 0.03148333333)
(0.1133333333 0.00875 0.03148333333)
(0.1166666667 0.00875 0.03148333333)
(0.12 0.00875 0.03148333333)
(0.1233333333 0.00875 0.03148333333)
(0.1033333333 0.013125 0.03148333333)
(0.1066666667 0.013125 0.03148333333)
(0.11 0.013125 0.03148333333)
(0.1133333333 0.013125 0.03148333333)
(0.1166666667 0.013125 0.03148333333)
(0.12 0.013125 0.03148333333)
(0.1233333333 0.013125 0.03148333333)
(0.1033333333 0.0175 0.03148333333)
(0.1066666667 0.0175 0.03148333333)
(0.11 0.0175 0.03148333333)
(0.1133333333 0.0175 0.03148333333)
(0.1166666667 0.0175 0.03148333333)
(0.12 0.0175 0.03148333333)
(0.1233333333 0.0175 0.03148333333)
(0.1033333333 0.021875 0.03148333333)
(0.1066666667 0.021875 0.03148333333)
(0.11 0.021875 0.03148333333)
(0.1133333333 0.021875 0.03148333333)
(0.1166666667 0.021875 0.03148333333)
(0.12 0.021875 0.03148333333)
(0.1233333333 0.021875 0.03148333333)
(0.1033333333 0.02625 0.03148333333)
(0.1066666667 0.02625 0.03148333333)
(0.11 0.02625 0.03148333333)
(0.1133333333 0.02625 0.03148333333)
(0.1166666667 0.02625 0.03148333333)
(0.12 0.02625 0.03148333333)
(0.1233333333 0.02625 0.03148333333)
(0.1033333333 0.030625 0.03148333333)
(0.1066666667 0.030625 0.03148333333)
(0.11 0.030625 0.03148333333)
(0.1133333333 0.030625 0.03148333333)
(0.1166666667 0.030625 0.03148333333)
(0.12 0.030625 0.03148333333)
(0.1233333333 0.030625 0.03148333333)
(0.1033333333 0.035 0.03148333333)
(0.1066666667 0.035 0.03148333333)
(0.11 0.035 0.03148333333)
(0.1133333333 0.035 0.03148333333)
(0.1166666667 0.035 0.03148333333)
(0.12 0.035 0.03148333333)
(0.1233333333 0.035 0.03148333333)
(0.1033333333 0.039375 0.03148333333)
(0.1066666667 0.039375 0.03148333333)
(0.11 0.039375 0.03148333333)
(0.1133333333 0.039375 0.03148333333)
(0.1166666667 0.039375 0.03148333333)
(0.12 0.039375 0.03148333333)
(0.1233333333 0.039375 0.03148333333)
(0.1033333333 0.04375 0.03148333333)
(0.1066666667 0.04375 0.03148333333)
(0.11 0.04375 0.03148333333)
(0.1133333333 0.04375 0.03148333333)
(0.1166666667 0.04375 0.03148333333)
(0.12 0.04375 0.03148333333)
(0.1233333333 0.04375 0.03148333333)
(0.1033333333 0.048125 0.03148333333)
(0.1066666667 0.048125 0.03148333333)
(0.11 0.048125 0.03148333333)
(0.1133333333 0.048125 0.03148333333)
(0.1166666667 0.048125 0.03148333333)
(0.12 0.048125 0.03148333333)
(0.1233333333 0.048125 0.03148333333)
(0.1033333333 0.0525 0.03148333333)
(0.1066666667 0.0525 0.03148333333)
(0.11 0.0525 0.03148333333)
(0.1133333333 0.0525 0.03148333333)
(0.1166666667 0.0525 0.03148333333)
(0.12 0.0525 0.03148333333)
(0.1233333333 0.0525 0.03148333333)
(0.1033333333 0.056875 0.03148333333)
(0.1066666667 0.056875 0.03148333333)
(0.11 0.056875 0.03148333333)
(0.1133333333 0.056875 0.03148333333)
(0.1166666667 0.056875 0.03148333333)
(0.12 0.056875 0.03148333333)
(0.1233333333 0.056875 0.03148333333)
(0.1033333333 0.06125 0.03148333333)
(0.1066666667 0.06125 0.03148333333)
(0.11 0.06125 0.03148333333)
(0.1133333333 0.06125 0.03148333333)
(0.1166666667 0.06125 0.03148333333)
(0.12 0.06125 0.03148333333)
(0.1233333333 0.06125 0.03148333333)
(0.1033333333 0.065625 0.03148333333)
(0.1066666667 0.065625 0.03148333333)
(0.11 0.065625 0.03148333333)
(0.1133333333 0.065625 0.03148333333)
(0.1166666667 0.065625 0.03148333333)
(0.12 0.065625 0.03148333333)
(0.1233333333 0.065625 0.03148333333)
(0.1033333333 0.07 0.03148333333)
(0.1066666667 0.07 0.03148333333)
(0.11 0.07 0.03148333333)
(0.1133333333 0.07 0.03148333333)
(0.1166666667 0.07 0.03148333333)
(0.12 0.07 0.03148333333)
(0.1233333333 0.07 0.03148333333)
(0.1033333333 0.00875 0.034725)
(0.1066666667 0.00875 0.034725)
(0.11 0.00875 0.034725)
(0.1133333333 0.00875 0.034725)
(0.1166666667 0.00875 0.034725)
(0.12 0.00875 0.034725)
(0.1233333333 0.00875 0.034725)
(0.1033333333 0.013125 0.034725)
(0.1066666667 0.013125 0.034725)
(0.11 0.013125 0.034725)
(0.1133333333 0.013125 0.034725)
(0.1166666667 0.013125 0.034725)
(0.12 0.013125 0.034725)
(0.1233333333 0.013125 0.034725)
(0.1033333333 0.0175 0.034725)
(0.1066666667 0.0175 0.034725)
(0.11 0.0175 0.034725)
(0.1133333333 0.0175 0.034725)
(0.1166666667 0.0175 0.034725)
(0.12 0.0175 0.034725)
(0.1233333333 0.0175 0.034725)
(0.1033333333 0.021875 0.034725)
(0.1066666667 0.021875 0.034725)
(0.11 0.021875 0.034725)
(0.1133333333 0.021875 0.034725)
(0.1166666667 0.021875 0.034725)
(0.12 0.021875 0.034725)
(0.1233333333 0.021875 0.034725)
(0.1033333333 0.02625 0.034725)
(0.1066666667 0.02625 0.034725)
(0.11 0.02625 0.034725)
(0.1133333333 0.02625 0.034725)
(0.1166666667 0.02625 0.034725)
(0.12 0.02625 0.034725)
(0.1233333333 0.02625 0.034725)
(0.1033333333 0.030625 0.034725)
(0.1066666667 0.030625 0.034725)
(0.11 0.030625 0.034725)
(0.1133333333 0.030625 0.034725)
(0.1166666667 0.030625 0.034725)
(0.12 0.030625 0.034725)
(0.1233333333 0.030625 0.034725)
(0.1033333333 0.035 0.034725)
(0.1066666667 0.035 0.034725)
(0.11 0.035 0.034725)
(0.1133333333 0.035 0.034725)
(0.1166666667 0.035 0.034725)
(0.12 0.035 0.034725)
(0.1233333333 0.035 0.034725)
(0.1033333333 0.039375 0.034725)
(0.1066666667 0.039375 0.034725)
(0.11 0.039375 0.034725)
(0.1133333333 0.039375 0.034725)
(0.1166666667 0.039375 0.034725)
(0.12 0.039375 0.034725)
(0.1233333333 0.039375 0.034725)
(0.1033333333 0.04375 0.034725)
(0.1066666667 0.04375 0.034725)
(0.11 0.04375 0.034725)
(0.1133333333 0.04375 0.034725)
(0.1166666667 0.04375 0.034725)
(0.12 0.04375 0.034725)
(0.1233333333 0.04375 0.034725)
(0.1033333333 0.048125 0.034725)
(0.1066666667 0.048125 0.034725)
(0.11 0.048125 0.034725)
(0.1133333333 0.048125 0.034725)
(0.1166666667 0.048125 0.034725)
(0.12 0.048125 0.034725)
(0.1233333333 0.048125 0.034725)
(0.1033333333 0.0525 0.034725)
(0.1066666667 0.0525 0.034725)
(0.11 0.0525 0.034725)
(0.1133333333 0.0525 0.034725)
(0.1166666667 0.0525 0.034725)
(0.12 0.0525 0.034725)
(0.1233333333 0.0525 0.034725)
(0.1033333333 0.056875 0.034725)
(0.1066666667 0.056875 0.034725)
(0.11 0.056875 0.034725)
(0.1133333333 0.056875 0.034725)
(0.1166666667 0.056875 0.034725)
(0.12 0.056875 0.034725)
(0.1233333333 0.056875 0.034725)
(0.1033333333 0.06125 0.034725)
(0.1066666667 0.06125 0.034725)
(0.11 0.06125 0.034725)
(0.1133333333 0.06125 0.034725)
(0.1166666667 0.06125 0.034725)
(0.12 0.06125 0.034725)
(0.1233333333 0.06125 0.034725)
(0.1033333333 0.065625 0.034725)
(0.1066666667 0.065625 0.034725)
(0.11 0.065625 0.034725)
(0.1133333333 0.065625 0.034725)
(0.1166666667 0.065625 0.034725)
(0.12 0.065625 0.034725)
(0.1233333333 0.065625 0.034725)
(0.1033333333 0.07 0.034725)
(0.1066666667 0.07 0.034725)
(0.11 0.07 0.034725)
(0.1133333333 0.07 0.034725)
(0.1166666667 0.07 0.034725)
(0.12 0.07 0.034725)
(0.1233333333 0.07 0.034725)
(0.1033333333 0.00875 0.03796666667)
(0.1066666667 0.00875 0.03796666667)
(0.11 0.00875 0.03796666667)
(0.1133333333 0.00875 0.03796666667)
(0.1166666667 0.00875 0.03796666667)
(0.12 0.00875 0.03796666667)
(0.1233333333 0.00875 0.03796666667)
(0.1033333333 0.013125 0.03796666667)
(0.1066666667 0.013125 0.03796666667)
(0.11 0.013125 0.03796666667)
(0.1133333333 0.013125 0.03796666667)
(0.1166666667 0.013125 0.03796666667)
(0.12 0.013125 0.03796666667)
(0.1233333333 0.013125 0.03796666667)
(0.1033333333 0.0175 0.03796666667)
(0.1066666667 0.0175 0.03796666667)
(0.11 0.0175 0.03796666667)
(0.1133333333 0.0175 0.03796666667)
(0.1166666667 0.0175 0.03796666667)
(0.12 0.0175 0.03796666667)
(0.1233333333 0.0175 0.03796666667)
(0.1033333333 0.021875 0.03796666667)
(0.1066666667 0.021875 0.03796666667)
(0.11 0.021875 0.03796666667)
(0.1133333333 0.021875 0.03796666667)
(0.1166666667 0.021875 0.03796666667)
(0.12 0.021875 0.03796666667)
(0.1233333333 0.021875 0.03796666667)
(0.1033333333 0.02625 0.03796666667)
(0.1066666667 0.02625 0.03796666667)
(0.11 0.02625 0.03796666667)
(0.1133333333 0.02625 0.03796666667)
(0.1166666667 0.02625 0.03796666667)
(0.12 0.02625 0.03796666667)
(0.1233333333 0.02625 0.03796666667)
(0.1033333333 0.030625 0.03796666667)
(0.1066666667 0.030625 0.03796666667)
(0.11 0.030625 0.03796666667)
(0.1133333333 0.030625 0.03796666667)
(0.1166666667 0.030625 0.03796666667)
(0.12 0.030625 0.03796666667)
(0.1233333333 0.030625 0.03796666667)
(0.1033333333 0.035 0.03796666667)
(0.1066666667 0.035 0.03796666667)
(0.11 0.035 0.03796666667)
(0.1133333333 0.035 0.03796666667)
(0.1166666667 0.035 0.03796666667)
(0.12 0.035 0.03796666667)
(0.1233333333 0.035 0.03796666667)
(0.1033333333 0.039375 0.03796666667)
(0.1066666667 0.039375 0.03796666667)
(0.11 0.039375 0.03796666667)
(0.1133333333 0.039375 0.03796666667)
(0.1166666667 0.039375 0.03796666667)
(0.12 0.039375 0.03796666667)
(0.1233333333 0.039375 0.03796666667)
(0.1033333333 0.04375 0.03796666667)
(0.1066666667 0.04375 0.03796666667)
(0.11 0.04375 0.03796666667)
(0.1133333333 0.04375 0.03796666667)
(0.1166666667 0.04375 0.03796666667)
(0.12 0.04375 0.03796666667)
(0.1233333333 0.04375 0.03796666667)
(0.1033333333 0.048125 0.03796666667)
(0.1066666667 0.048125 0.03796666667)
(0.11 0.048125 0.03796666667)
(0.1133333333 0.048125 0.03796666667)
(0.1166666667 0.048125 0.03796666667)
(0.12 0.048125 0.03796666667)
(0.1233333333 0.048125 0.03796666667)
(0.1033333333 0.0525 0.03796666667)
(0.1066666667 0.0525 0.03796666667)
(0.11 0.0525 0.03796666667)
(0.1133333333 0.0525 0.03796666667)
(0.1166666667 0.0525 0.03796666667)
(0.12 0.0525 0.03796666667)
(0.1233333333 0.0525 0.03796666667)
(0.1033333333 0.056875 0.03796666667)
(0.1066666667 0.056875 0.03796666667)
(0.11 0.056875 0.03796666667)
(0.1133333333 0.056875 0.03796666667)
(0.1166666667 0.056875 0.03796666667)
(0.12 0.056875 0.03796666667)
(0.1233333333 0.056875 0.03796666667)
(0.1033333333 0.06125 0.03796666667)
(0.1066666667 0.06125 0.03796666667)
(0.11 0.06125 0.03796666667)
(0.1133333333 0.06125 0.03796666667)
(0.1166666667 0.06125 0.03796666667)
(0.12 0.06125 0.03796666667)
(0.1233333333 0.06125 0.03796666667)
(0.1033333333 0.065625 0.03796666667)
(0.1066666667 0.065625 0.03796666667)
(0.11 0.065625 0.03796666667)
(0.1133333333 0.065625 0.03796666667)
(0.1166666667 0.065625 0.03796666667)
(0.12 0.065625 0.03796666667)
(0.1233333333 0.065625 0.03796666667)
(0.1033333333 0.07 0.03796666667)
(0.1066666667 0.07 0.03796666667)
(0.11 0.07 0.03796666667)
(0.1133333333 0.07 0.03796666667)
(0.1166666667 0.07 0.03796666667)
(0.12 0.07 0.03796666667)
(0.1233333333 0.07 0.03796666667)
(0.1033333333 0.00875 0.04120833333)
(0.1066666667 0.00875 0.04120833333)
(0.11 0.00875 0.04120833333)
(0.1133333333 0.00875 0.04120833333)
(0.1166666667 0.00875 0.04120833333)
(0.12 0.00875 0.04120833333)
(0.1233333333 0.00875 0.04120833333)
(0.1033333333 0.013125 0.04120833333)
(0.1066666667 0.013125 0.04120833333)
(0.11 0.013125 0.04120833333)
(0.1133333333 0.013125 0.04120833333)
(0.1166666667 0.013125 0.04120833333)
(0.12 0.013125 0.04120833333)
(0.1233333333 0.013125 0.04120833333)
(0.1033333333 0.0175 0.04120833333)
(0.1066666667 0.0175 0.04120833333)
(0.11 0.0175 0.04120833333)
(0.1133333333 0.0175 0.04120833333)
(0.1166666667 0.0175 0.04120833333)
(0.12 0.0175 0.04120833333)
(0.1233333333 0.0175 0.04120833333)
(0.1033333333 0.021875 0.04120833333)
(0.1066666667 0.021875 0.04120833333)
(0.11 0.021875 0.04120833333)
(0.1133333333 0.021875 0.04120833333)
(0.1166666667 0.021875 0.04120833333)
(0.12 0.021875 0.04120833333)
(0.1233333333 0.021875 0.04120833333)
(0.1033333333 0.02625 0.04120833333)
(0.1066666667 0.02625 0.04120833333)
(0.11 0.02625 0.04120833333)
(0.1133333333 0.02625 0.04120833333)
(0.1166666667 0.02625 0.04120833333)
(0.12 0.02625 0.04120833333)
(0.1233333333 0.02625 0.04120833333)
(0.1033333333 0.030625 0.04120833333)
(0.1066666667 0.030625 0.04120833333)
(0.11 0.030625 0.04120833333)
(0.1133333333 0.030625 0.04120833333)
(0.1166666667 0.030625 0.04120833333)
(0.12 0.030625 0.04120833333)
(0.1233333333 0.030625 0.04120833333)
(0.1033333333 0.035 0.04120833333)
(0.1066666667 0.035 0.04120833333)
(0.11 0.035 0.04120833333)
(0.1133333333 0.035 0.04120833333)
(0.1166666667 0.035 0.04120833333)
(0.12 0.035 0.04120833333)
(0.1233333333 0.035 0.04120833333)
(0.1033333333 0.039375 0.04120833333)
(0.1066666667 0.039375 0.04120833333)
(0.11 0.039375 0.04120833333)
(0.1133333333 0.039375 0.04120833333)
(0.1166666667 0.039375 0.04120833333)
(0.12 0.039375 0.04120833333)
(0.1233333333 0.039375 0.04120833333)
(0.1033333333 0.04375 0.04120833333)
(0.1066666667 0.04375 0.04120833333)
(0.11 0.04375 0.04120833333)
(0.1133333333 0.04375 0.04120833333)
(0.1166666667 0.04375 0.04120833333)
(0.12 0.04375 0.04120833333)
(0.1233333333 0.04375 0.04120833333)
(0.1033333333 0.048125 0.04120833333)
(0.1066666667 0.048125 0.04120833333)
(0.11 0.048125 0.04120833333)
(0.1133333333 0.048125 0.04120833333)
(0.1166666667 0.048125 0.04120833333)
(0.12 0.048125 0.04120833333)
(0.1233333333 0.048125 0.04120833333)
(0.1033333333 0.0525 0.04120833333)
(0.1066666667 0.0525 0.04120833333)
(0.11 0.0525 0.04120833333)
(0.1133333333 0.0525 0.04120833333)
(0.1166666667 0.0525 0.04120833333)
(0.12 0.0525 0.04120833333)
(0.1233333333 0.0525 0.04120833333)
(0.1033333333 0.056875 0.04120833333)
(0.1066666667 0.056875 0.04120833333)
(0.11 0.056875 0.04120833333)
(0.1133333333 0.056875 0.04120833333)
(0.1166666667 0.056875 0.04120833333)
(0.12 0.056875 0.04120833333)
(0.1233333333 0.056875 0.04120833333)
(0.1033333333 0.06125 0.04120833333)
(0.1066666667 0.06125 0.04120833333)
(0.11 0.06125 0.04120833333)
(0.1133333333 0.06125 0.04120833333)
(0.1166666667 0.06125 0.04120833333)
(0.12 0.06125 0.04120833333)
(0.1233333333 0.06125 0.04120833333)
(0.1033333333 0.065625 0.04120833333)
(0.1066666667 0.065625 0.04120833333)
(0.11 0.065625 0.04120833333)
(0.1133333333 0.065625 0.04120833333)
(0.1166666667 0.065625 0.04120833333)
(0.12 0.065625 0.04120833333)
(0.1233333333 0.065625 0.04120833333)
(0.1033333333 0.07 0.04120833333)
(0.1066666667 0.07 0.04120833333)
(0.11 0.07 0.04120833333)
(0.1133333333 0.07 0.04120833333)
(0.1166666667 0.07 0.04120833333)
(0.12 0.07 0.04120833333)
(0.1233333333 0.07 0.04120833333)
(0.1033333333 0.00875 0.04445)
(0.1066666667 0.00875 0.04445)
(0.11 0.00875 0.04445)
(0.1133333333 0.00875 0.04445)
(0.1166666667 0.00875 0.04445)
(0.12 0.00875 0.04445)
(0.1233333333 0.00875 0.04445)
(0.1033333333 0.013125 0.04445)
(0.1066666667 0.013125 0.04445)
(0.11 0.013125 0.04445)
(0.1133333333 0.013125 0.04445)
(0.1166666667 0.013125 0.04445)
(0.12 0.013125 0.04445)
(0.1233333333 0.013125 0.04445)
(0.1033333333 0.0175 0.04445)
(0.1066666667 0.0175 0.04445)
(0.11 0.0175 0.04445)
(0.1133333333 0.0175 0.04445)
(0.1166666667 0.0175 0.04445)
(0.12 0.0175 0.04445)
(0.1233333333 0.0175 0.04445)
(0.1033333333 0.021875 0.04445)
(0.1066666667 0.021875 0.04445)
(0.11 0.021875 0.04445)
(0.1133333333 0.021875 0.04445)
(0.1166666667 0.021875 0.04445)
(0.12 0.021875 0.04445)
(0.1233333333 0.021875 0.04445)
(0.1033333333 0.02625 0.04445)
(0.1066666667 0.02625 0.04445)
(0.11 0.02625 0.04445)
(0.1133333333 0.02625 0.04445)
(0.1166666667 0.02625 0.04445)
(0.12 0.02625 0.04445)
(0.1233333333 0.02625 0.04445)
(0.1033333333 0.030625 0.04445)
(0.1066666667 0.030625 0.04445)
(0.11 0.030625 0.04445)
(0.1133333333 0.030625 0.04445)
(0.1166666667 0.030625 0.04445)
(0.12 0.030625 0.04445)
(0.1233333333 0.030625 0.04445)
(0.1033333333 0.035 0.04445)
(0.1066666667 0.035 0.04445)
(0.11 0.035 0.04445)
(0.1133333333 0.035 0.04445)
(0.1166666667 0.035 0.04445)
(0.12 0.035 0.04445)
(0.1233333333 0.035 0.04445)
(0.1033333333 0.039375 0.04445)
(0.1066666667 0.039375 0.04445)
(0.11 0.039375 0.04445)
(0.1133333333 0.039375 0.04445)
(0.1166666667 0.039375 0.04445)
(0.12 0.039375 0.04445)
(0.1233333333 0.039375 0.04445)
(0.1033333333 0.04375 0.04445)
(0.1066666667 0.04375 0.04445)
(0.11 0.04375 0.04445)
(0.1133333333 0.04375 0.04445)
(0.1166666667 0.04375 0.04445)
(0.12 0.04375 0.04445)
(0.1233333333 0.04375 0.04445)
(0.1033333333 0.048125 0.04445)
(0.1066666667 0.048125 0.04445)
(0.11 0.048125 0.04445)
(0.1133333333 0.048125 0.04445)
(0.1166666667 0.048125 0.04445)
(0.12 0.048125 0.04445)
(0.1233333333 0.048125 0.04445)
(0.1033333333 0.0525 0.04445)
(0.1066666667 0.0525 0.04445)
(0.11 0.0525 0.04445)
(0.1133333333 0.0525 0.04445)
(0.1166666667 0.0525 0.04445)
(0.12 0.0525 0.04445)
(0.1233333333 0.0525 0.04445)
(0.1033333333 0.056875 0.04445)
(0.1066666667 0.056875 0.04445)
(0.11 0.056875 0.04445)
(0.1133333333 0.056875 0.04445)
(0.1166666667 0.056875 0.04445)
(0.12 0.056875 0.04445)
(0.1233333333 0.056875 0.04445)
(0.1033333333 0.06125 0.04445)
(0.1066666667 0.06125 0.04445)
(0.11 0.06125 0.04445)
(0.1133333333 0.06125 0.04445)
(0.1166666667 0.06125 0.04445)
(0.12 0.06125 0.04445)
(0.1233333333 0.06125 0.04445)
(0.1033333333 0.065625 0.04445)
(0.1066666667 0.065625 0.04445)
(0.11 0.065625 0.04445)
(0.1133333333 0.065625 0.04445)
(0.1166666667 0.065625 0.04445)
(0.12 0.065625 0.04445)
(0.1233333333 0.065625 0.04445)
(0.1033333333 0.07 0.04445)
(0.1066666667 0.07 0.04445)
(0.11 0.07 0.04445)
(0.1133333333 0.07 0.04445)
(0.1166666667 0.07 0.04445)
(0.12 0.07 0.04445)
(0.1233333333 0.07 0.04445)
)


// ************************************************************************* //
