/*--------------------------------*- C++ -*----------------------------------*\
| =========                 |                                                 |
| \\      /  F ield         | OpenFOAM: The Open Source CFD Toolbox           |
|  \\    /   O peration     | Version:  2406                                  |
|   \\  /    A nd           | Website:  www.openfoam.com                      |
|    \\/     M anipulation  |                                                 |
\*---------------------------------------------------------------------------*/
FoamFile
{
    version     2.0;
    format      ascii;
    arch        "LSB;label=32;scalar=64";
    class       surfaceScalarField;
    location    "320";
    object      phi;
}
// * * * * * * * * * * * * * * * * * * * * * * * * * * * * * * * * * * * * * //

dimensions      [0 3 -1 0 0 0 0];

oriented        oriented;

internalField   nonuniform List<scalar> 
15097
(
6.466473e-09
1.357694e-09
6.299935e-10
5.378327e-09
1.398741e-09
7.702541e-10
4.549913e-09
1.087277e-09
8.212117e-10
3.978341e-09
7.609578e-10
6.055204e-10
3.586329e-09
5.202504e-10
4.01467e-10
3.305686e-09
3.653628e-10
2.667589e-10
3.095896e-09
2.679393e-10
1.814795e-10
2.932377e-09
2.057169e-10
1.325732e-10
2.800807e-09
1.641052e-10
1.046368e-10
2.692676e-09
1.346863e-10
8.821005e-11
2.602639e-09
1.126975e-10
7.773754e-11
2.527052e-09
9.551603e-11
7.020145e-11
2.463234e-09
8.166108e-11
6.405167e-11
2.409109e-09
7.025073e-11
5.856542e-11
2.363018e-09
6.072217e-11
5.344436e-11
2.323618e-09
5.268829e-11
4.860555e-11
2.289811e-09
4.586874e-11
4.402548e-11
2.2607e-09
4.003977e-11
3.975231e-11
2.235546e-09
3.504846e-11
3.575278e-11
3.066303e-11
3.209907e-11
2.213799e-09
8.308221e-09
9.589915e-10
6.25846e-10
8.639842e-09
1.560544e-09
1.159047e-09
8.645833e-09
1.5973e-09
1.419242e-09
8.455763e-09
1.396557e-09
1.325499e-09
8.173577e-09
1.146199e-09
1.078598e-09
7.861274e-09
9.26002e-10
8.19682e-10
7.553296e-09
7.508004e-10
5.991628e-10
7.266666e-09
6.161689e-10
4.352801e-10
7.008099e-09
5.126674e-10
3.226045e-10
6.778905e-09
4.318398e-10
2.480099e-10
6.577735e-09
3.673707e-10
1.988699e-10
6.402118e-09
3.149075e-10
1.656917e-10
6.24924e-09
2.71508e-10
1.421791e-10
6.11631e-09
2.351549e-10
1.244644e-10
6.000733e-09
2.044214e-10
1.10284e-10
5.900168e-09
1.782608e-10
9.837125e-11
5.812556e-09
1.558758e-10
8.800162e-11
5.736084e-09
1.366382e-10
7.881669e-11
5.669216e-09
1.20054e-10
7.053551e-11
1.056348e-10
6.306495e-11
5.610559e-09
8.279894e-09
5.692549e-10
6.917532e-10
9.123638e-09
1.198568e-09
1.340257e-09
9.795292e-09
1.480359e-09
1.630211e-09
1.019101e-08
1.519465e-09
1.609767e-09
1.034296e-08
1.426759e-09
1.408434e-09
1.032242e-08
1.283664e-09
1.149931e-09
1.019477e-08
1.131379e-09
8.968977e-10
1.000956e-08
9.884549e-10
6.82481e-10
9.79976e-09
8.612617e-10
5.162545e-10
9.585558e-09
7.506365e-10
3.942733e-10
9.378394e-09
6.552109e-10
3.074399e-10
9.184212e-09
5.730053e-10
2.462161e-10
9.005664e-09
5.02078e-10
2.02669e-10
8.84349e-09
4.407302e-10
1.70941e-10
8.69736e-09
3.875353e-10
1.470085e-10
8.566363e-09
3.413108e-10
1.282482e-10
8.449317e-09
3.010662e-10
1.12971e-10
8.344914e-09
2.659815e-10
1.001567e-10
8.25189e-09
2.353378e-10
8.909836e-11
2.085785e-10
7.941422e-11
8.168851e-09
8.108121e-09
3.57479e-10
6.300178e-10
8.906759e-09
8.799257e-10
1.255348e-09
9.738829e-09
1.200116e-09
1.549138e-09
1.042372e-08
1.353502e-09
1.567962e-09
1.090255e-08
1.388129e-09
1.41444e-09
1.118892e-08
1.349959e-09
1.198248e-09
1.132212e-08
1.271455e-09
9.74385e-10
1.134535e-08
1.173897e-09
7.725771e-10
1.129542e-08
1.070242e-09
6.052148e-10
1.120021e-08
9.679196e-10
4.735452e-10
1.107944e-08
8.70883e-10
3.733315e-10
1.094646e-08
7.809992e-10
2.984445e-10
1.081e-08
6.989368e-10
2.428193e-10
1.06756e-08
6.247015e-10
2.01304e-10
1.054664e-08
5.579506e-10
1.698868e-10
1.042503e-08
4.981793e-10
1.456257e-10
1.031173e-08
4.448075e-10
1.264172e-10
1.020705e-08
3.972715e-10
1.108396e-10
1.011093e-08
3.549585e-10
9.785676e-11
3.175097e-10
8.686889e-11
1.002287e-08
8.00594e-09
2.440333e-10
6.281982e-10
8.70174e-09
6.506528e-10
1.250104e-09
9.496403e-09
9.387283e-10
1.513237e-09
1.022764e-08
1.118717e-09
1.507159e-09
1.082118e-08
1.211739e-09
1.344654e-09
1.126307e-08
1.241083e-09
1.135001e-09
1.156739e-08
1.226077e-09
9.278008e-10
1.175924e-08
1.181672e-09
7.450415e-10
1.186459e-08
1.119022e-09
5.936937e-10
1.190615e-08
1.046232e-09
4.728189e-10
1.190223e-08
9.690087e-10
3.783301e-10
1.186695e-08
8.91231e-10
3.053625e-10
1.181089e-08
8.154308e-10
2.493237e-10
1.174186e-08
7.431745e-10
2.062734e-10
1.16655e-08
6.753541e-10
1.730164e-10
1.158585e-08
6.124106e-10
1.470713e-10
1.150572e-08
5.54471e-10
1.265435e-10
1.142705e-08
5.015031e-10
1.100589e-10
1.135112e-08
4.532623e-10
9.65449e-11
4.097401e-10
8.54083e-11
1.127867e-08
7.958934e-09
1.775095e-10
6.136929e-10
8.577975e-09
4.957082e-10
1.220683e-09
9.305187e-09
7.386732e-10
1.467583e-09
1.000035e-08
9.081569e-10
1.444727e-09
1.05968e-08
1.015242e-09
1.268635e-09
1.107783e-08
1.073131e-09
1.052559e-09
1.14495e-08
1.093459e-09
8.477896e-10
1.17272e-08
1.085676e-09
6.742234e-10
1.192785e-08
1.057407e-09
5.352384e-10
1.206689e-08
1.014809e-09
4.268077e-10
1.21575e-08
9.628016e-10
3.429941e-10
1.221057e-08
9.052332e-10
2.782515e-10
1.223497e-08
8.450352e-10
2.28083e-10
1.22378e-08
7.843731e-10
1.890094e-10
1.222472e-08
7.247908e-10
1.583809e-10
1.220019e-08
6.67352e-10
1.341936e-10
1.216769e-08
6.127387e-10
1.149174e-10
1.212992e-08
5.61393e-10
9.942025e-11
1.208893e-08
5.134665e-10
8.677669e-11
4.692599e-10
7.655109e-11
1.204632e-08
7.934486e-09
1.349472e-10
6.113638e-10
8.508062e-09
3.849855e-10
1.216543e-09
9.18572e-09
5.85748e-10
1.457354e-09
9.838333e-09
7.350322e-10
1.422798e-09
1.040627e-08
8.384763e-10
1.232977e-09
1.087639e-08
9.040807e-10
1.004743e-09
1.125551e-08
9.394793e-10
7.923922e-10
1.155741e-08
9.510662e-10
6.167085e-10
1.17959e-08
9.441188e-10
4.800932e-10
1.198267e-08
9.230343e-10
3.768076e-10
1.21272e-08
8.915036e-10
2.99281e-10
1.223716e-08
8.526064e-10
2.407938e-10
1.231888e-08
8.088729e-10
1.961967e-10
1.237759e-08
7.623391e-10
1.617667e-10
1.241768e-08
7.146024e-10
1.348658e-10
1.244285e-08
6.668885e-10
1.136254e-10
1.245616e-08
6.200998e-10
9.669387e-11
1.246016e-08
5.749105e-10
8.31027e-11
1.245695e-08
5.31723e-10
7.206314e-11
4.909896e-10
6.328781e-11
1.244837e-08
7.922013e-09
1.050507e-10
6.090267e-10
8.467573e-09
3.031822e-10
1.212533e-09
9.11149e-09
4.676598e-10
1.452635e-09
9.731008e-09
5.951485e-10
1.414467e-09
1.027037e-08
6.88405e-10
1.218527e-09
1.071891e-08
7.523521e-10
9.829288e-10
1.108509e-08
7.921249e-10
7.639038e-10
1.138352e-08
8.122478e-10
5.836718e-10
1.162793e-08
8.165723e-10
4.450222e-10
1.182914e-08
8.083705e-10
3.418888e-10
1.199528e-08
7.904377e-10
2.660497e-10
1.213243e-08
7.651592e-10
2.101074e-10
1.224525e-08
7.345541e-10
1.683713e-10
1.233754e-08
7.003099e-10
1.3676e-10
1.24124e-08
6.638126e-10
1.124425e-10
1.247251e-08
6.261829e-10
9.347417e-11
1.252014e-08
5.883004e-10
7.850657e-11
1.25573e-08
5.508607e-10
6.660531e-11
1.258568e-08
5.1435e-10
5.703862e-11
4.792253e-10
4.957867e-11
1.26069e-08
7.914621e-09
8.277409e-11
6.091563e-10
8.442638e-09
2.400348e-10
1.214037e-09
9.064195e-09
3.736951e-10
1.456117e-09
9.660256e-09
4.804575e-10
1.417594e-09
1.017736e-08
5.615201e-10
1.219082e-09
1.060627e-08
6.198695e-10
9.792799e-10
1.095657e-08
6.58921e-10
7.555227e-10
1.124369e-08
6.81869e-10
5.710925e-10
1.148186e-08
6.915626e-10
4.293327e-10
1.168206e-08
6.905042e-10
3.243064e-10
1.185222e-08
6.808812e-10
2.476539e-10
1.199796e-08
6.645897e-10
1.917192e-10
1.212333e-08
6.432557e-10
1.505379e-10
1.223136e-08
6.18257e-10
1.197955e-10
1.232445e-08
5.907451e-10
9.649e-11
1.240454e-08
5.616702e-10
7.856411e-11
1.247328e-08
5.318e-10
6.460873e-11
1.253214e-08
5.017538e-10
5.365625e-11
1.258234e-08
4.720009e-10
4.497565e-11
4.42932e-10
3.832356e-11
1.262516e-08
7.910202e-09
6.522515e-11
6.094355e-10
8.426728e-09
1.896235e-10
1.215696e-09
9.03294e-09
2.970882e-10
1.4602e-09
9.612267e-09
3.84816e-10
1.422865e-09
1.01128e-08
4.53251e-10
1.224024e-09
1.052626e-08
5.042062e-10
9.825176e-10
1.086291e-08
5.399256e-10
7.56253e-10
1.113866e-08
5.626229e-10
5.691847e-10
1.136811e-08
5.743699e-10
4.250831e-10
1.156247e-08
5.770627e-10
3.182086e-10
1.172976e-08
5.724133e-10
2.402372e-10
1.187555e-08
5.619412e-10
1.834587e-10
1.200373e-08
5.469706e-10
1.418163e-10
1.211709e-08
5.286368e-10
1.108972e-10
1.22177e-08
5.078966e-10
8.761366e-11
1.230717e-08
4.85546e-10
6.983897e-11
1.23868e-08
4.622351e-10
5.611626e-11
1.24577e-08
4.384894e-10
4.544002e-11
1.252079e-08
4.147248e-10
3.706648e-11
3.91257e-10
3.070809e-11
1.257702e-08
7.907299e-09
5.084625e-11
6.100592e-10
8.416119e-09
1.479622e-10
1.217996e-09
9.011715e-09
2.328274e-10
1.464894e-09
9.579093e-09
3.03231e-10
1.429095e-09
1.006743e-08
3.592698e-10
1.230663e-09
1.046915e-08
4.02043e-10
9.884907e-10
1.079501e-08
4.330087e-10
7.608486e-10
1.106126e-08
4.536718e-10
5.721409e-10
1.128274e-08
4.65503e-10
4.264392e-10
1.14708e-08
4.699037e-10
3.181603e-10
1.163352e-08
4.681839e-10
2.390347e-10
1.17765e-08
4.615386e-10
1.813489e-10
1.190359e-08
4.510315e-10
1.390172e-10
1.20175e-08
4.375883e-10
1.075895e-10
1.212019e-08
4.21998e-10
8.394181e-11
1.221312e-08
4.049214e-10
6.5915e-11
1.229745e-08
3.869021e-10
5.202743e-11
1.23741e-08
3.683789e-10
4.124973e-11
1.244383e-08
3.497066e-10
3.282977e-11
3.311406e-10
2.643778e-11
1.25074e-08
7.905384e-09
3.860998e-11
6.105913e-10
8.408943e-09
1.124147e-10
1.219899e-09
8.997097e-09
1.774262e-10
1.46874e-09
9.555894e-09
2.319929e-10
1.43438e-09
1.003527e-08
2.760764e-10
1.236605e-09
1.04282e-08
3.103436e-10
9.943023e-10
1.074579e-08
3.357313e-10
7.659672e-10
1.10046e-08
3.532405e-10
5.763077e-10
1.121961e-08
3.638861e-10
4.296074e-10
1.140226e-08
3.686706e-10
3.203993e-10
1.156068e-08
3.685607e-10
2.4046e-10
1.170045e-08
3.644618e-10
1.820833e-10
1.18254e-08
3.57197e-10
1.391738e-10
1.19382e-08
3.474947e-10
1.07266e-10
1.204076e-08
3.359839e-10
8.322076e-11
1.213446e-08
3.231963e-10
6.486518e-11
1.222039e-08
3.095727e-10
5.070707e-11
1.22994e-08
2.954695e-10
3.970525e-11
1.237217e-08
2.811783e-10
3.110517e-11
2.669055e-10
2.454695e-11
1.243935e-08
7.904082e-09
2.78481e-11
6.110586e-10
8.40405e-09
8.109616e-11
1.221498e-09
8.987038e-09
1.282581e-10
1.471849e-09
9.539763e-09
1.68173e-10
1.438662e-09
1.001269e-08
2.007668e-10
1.241505e-09
1.039916e-08
2.264377e-10
9.992434e-10
1.071062e-08
2.457711e-10
7.705282e-10
1.09638e-08
2.594093e-10
5.80279e-10
1.117384e-08
2.680234e-10
4.329314e-10
1.135225e-08
2.722959e-10
3.231046e-10
1.150717e-08
2.729027e-10
2.426105e-10
1.164417e-08
2.704907e-10
1.8375e-10
1.176706e-08
2.656588e-10
1.40422e-10
1.187846e-08
2.589452e-10
1.08152e-10
1.198023e-08
2.508202e-10
8.379188e-11
1.207372e-08
2.416848e-10
6.516091e-11
1.215997e-08
2.318748e-10
5.076138e-11
1.223979e-08
2.216624e-10
3.954585e-11
1.231381e-08
2.112722e-10
3.075961e-11
2.008641e-10
2.402321e-11
1.238262e-08
7.903226e-09
1.806692e-11
6.113955e-10
8.400807e-09
5.2619e-11
1.222651e-09
8.980314e-09
8.333068e-11
1.474064e-09
9.528893e-09
1.094671e-10
1.44174e-09
9.997346e-09
1.309641e-10
1.245073e-09
1.03793e-08
1.480457e-10
1.002906e-09
1.068641e-08
1.610523e-10
7.739893e-10
1.093557e-08
1.703644e-10
5.833842e-10
1.114202e-08
1.76388e-10
4.356302e-10
1.131732e-08
1.795457e-10
3.254076e-10
1.146964e-08
1.80264e-10
2.445545e-10
1.160455e-08
1.789581e-10
1.853778e-10
1.172581e-08
1.760177e-10
1.417735e-10
1.183602e-08
1.717968e-10
1.092611e-10
1.193699e-08
1.666078e-10
8.468628e-11
1.203006e-08
1.607192e-10
6.586338e-11
1.211621e-08
1.543571e-10
5.129096e-11
1.219622e-08
1.477062e-10
3.991779e-11
1.22707e-08
1.409191e-10
3.09892e-11
1.341059e-10
2.411373e-11
1.234022e-08
7.902701e-09
8.889807e-12
6.11619e-10
8.39882e-09
2.589205e-11
1.223414e-09
8.976178e-09
4.103461e-11
1.475503e-09
9.522172e-09
5.396227e-11
1.443742e-09
9.987813e-09
6.463969e-11
1.247406e-09
1.03669e-08
7.316763e-11
1.005318e-09
1.067122e-08
7.970236e-11
7.76293e-10
1.091778e-08
8.442056e-11
5.854785e-10
1.11219e-08
8.751315e-11
4.374797e-10
1.129518e-08
8.918179e-11
3.270163e-10
1.14458e-08
8.963258e-11
2.459441e-10
1.157931e-08
8.906812e-11
1.865743e-10
1.169947e-08
8.768017e-11
1.428016e-10
1.180886e-08
8.564413e-11
1.101414e-10
1.190925e-08
8.311573e-11
8.543571e-11
1.200196e-08
8.022948e-11
6.649529e-11
1.208794e-08
7.709921e-11
5.181616e-11
1.216796e-08
7.381808e-11
4.034462e-11
1.224259e-08
7.046346e-11
3.132577e-11
6.709156e-11
2.436112e-11
1.231241e-08
7.902452e-09
1.796683e-18
6.117264e-10
8.397877e-09
3.457855e-18
1.223789e-09
8.974208e-09
4.563945e-18
1.476199e-09
9.51896e-09
5.532325e-18
1.444714e-09
9.983242e-09
6.457132e-18
1.248544e-09
1.036094e-08
7.485898e-18
1.006499e-09
1.066389e-08
8.622797e-18
7.774282e-10
1.090919e-08
9.910569e-18
5.865178e-10
1.111216e-08
1.128763e-17
4.384049e-10
1.128444e-08
1.282618e-17
3.278284e-10
1.143421e-08
1.444498e-17
2.46653e-10
1.156703e-08
1.626557e-17
1.871922e-10
1.168665e-08
1.826575e-17
1.433402e-10
1.179562e-08
2.040363e-17
1.106106e-10
1.189571e-08
2.263332e-17
8.584348e-11
1.198822e-08
6.684793e-11
1.20741e-08
5.211866e-11
1.215409e-08
4.060071e-11
1.222878e-08
3.153902e-11
2.453177e-11
1.22987e-08
7.902452e-09
-8.889804e-12
6.117264e-10
8.397877e-09
-2.589204e-11
1.223789e-09
8.974208e-09
-4.10346e-11
1.476199e-09
9.51896e-09
-5.396226e-11
1.444714e-09
9.983242e-09
-6.463968e-11
1.248544e-09
1.036094e-08
-7.316761e-11
1.006499e-09
1.066389e-08
-7.970234e-11
7.774282e-10
1.090919e-08
-8.442054e-11
5.865178e-10
1.111216e-08
-8.751313e-11
4.384049e-10
1.128444e-08
-8.918177e-11
3.278284e-10
1.143421e-08
-8.963256e-11
2.46653e-10
1.156703e-08
-8.906809e-11
1.871922e-10
1.168665e-08
-8.768013e-11
1.433402e-10
1.179562e-08
-8.564409e-11
1.106106e-10
-8.311569e-11
8.584348e-11
7.902701e-09
-1.806691e-11
6.11619e-10
8.39882e-09
-5.261899e-11
1.223414e-09
8.976178e-09
-8.333067e-11
1.475503e-09
9.522172e-09
-1.094671e-10
1.443742e-09
9.987813e-09
-1.30964e-10
1.247406e-09
1.03669e-08
-1.480457e-10
1.005318e-09
1.067122e-08
-1.610523e-10
7.76293e-10
1.091778e-08
-1.703644e-10
5.854785e-10
1.11219e-08
-1.76388e-10
4.374797e-10
1.129518e-08
-1.795456e-10
3.270163e-10
1.14458e-08
-1.802639e-10
2.459441e-10
1.157931e-08
1.865743e-10
1.169947e-08
1.428016e-10
1.180886e-08
1.101414e-10
8.543571e-11
7.903226e-09
6.113955e-10
8.400807e-09
1.222651e-09
8.980314e-09
1.474064e-09
9.528893e-09
1.44174e-09
9.997346e-09
1.245073e-09
1.03793e-08
1.002906e-09
1.068641e-08
7.739893e-10
1.093557e-08
5.833842e-10
1.114202e-08
4.356302e-10
1.131732e-08
3.254076e-10
2.445545e-10
6.440974e-09
1.352887e-09
4.814449e-10
5.348171e-09
1.396045e-09
4.670124e-10
4.523666e-09
1.080301e-09
5.654158e-10
3.964661e-09
7.534413e-10
4.110837e-10
3.587117e-09
5.134827e-10
2.655287e-10
3.317964e-09
3.603017e-10
1.756104e-10
3.11603e-09
2.648125e-10
1.186007e-10
2.957392e-09
2.042822e-10
8.692892e-11
2.82859e-09
1.63991e-10
6.944724e-11
2.72187e-09
1.355103e-10
5.941973e-11
2.63243e-09
1.141378e-10
5.304055e-11
2.556975e-09
9.732558e-11
4.833028e-11
2.493042e-09
8.366071e-11
4.432444e-11
2.438678e-09
7.231607e-11
4.061311e-11
2.392297e-09
6.277023e-11
3.705515e-11
2.352593e-09
5.466605e-11
3.364373e-11
2.318489e-09
4.774418e-11
3.038472e-11
2.289097e-09
4.179537e-11
2.734919e-11
2.263684e-09
3.667611e-11
2.448939e-11
3.216116e-11
2.192358e-11
2.241699e-09
8.281832e-09
9.585502e-10
3.836636e-10
8.596e-09
1.560084e-09
6.808398e-10
8.598547e-09
1.590362e-09
9.06634e-10
8.423341e-09
1.386609e-09
8.67537e-10
8.167367e-09
1.135844e-09
7.1221e-10
7.882969e-09
9.177138e-10
5.466678e-10
7.598514e-09
7.45928e-10
4.025022e-10
7.329007e-09
6.14804e-10
2.942659e-10
7.081635e-09
5.142682e-10
2.196989e-10
6.859125e-09
4.356458e-10
1.703843e-10
6.661571e-09
3.726496e-10
1.379124e-10
6.487628e-09
3.210567e-10
1.159032e-10
6.335257e-09
2.780741e-10
1.001371e-10
6.202165e-09
2.418164e-10
8.805626e-11
6.086062e-09
2.109614e-10
7.819534e-11
5.984793e-09
1.845398e-10
6.976692e-11
5.896404e-09
1.618102e-10
6.232443e-11
5.819145e-09
1.421833e-10
5.568791e-11
5.751515e-09
1.251915e-10
4.965006e-11
1.103659e-10
4.42426e-11
5.692132e-09
8.251686e-09
5.67586e-10
4.763442e-10
9.073791e-09
1.197024e-09
8.812114e-10
9.739159e-09
1.47532e-09
1.079885e-09
1.014781e-08
1.511976e-09
1.075753e-09
1.032745e-08
1.418571e-09
9.460641e-10
1.034085e-08
1.277106e-09
7.771371e-10
1.024594e-08
1.128269e-09
6.094616e-10
1.008794e-08
9.894474e-10
4.658408e-10
9.898496e-09
8.661027e-10
3.538654e-10
9.698321e-09
7.585746e-10
2.715198e-10
9.500174e-09
6.653465e-10
2.128904e-10
9.31139e-09
5.845015e-10
1.715547e-10
9.13578e-09
5.142509e-10
1.421025e-10
8.974941e-09
4.530652e-10
1.205307e-10
8.829137e-09
3.99668e-10
1.041058e-10
8.697854e-09
3.52997e-10
9.107438e-11
8.580166e-09
3.121531e-10
8.031618e-11
8.474928e-09
2.763825e-10
7.119574e-11
8.38098e-09
2.450128e-10
6.322457e-11
2.175245e-10
5.624632e-11
8.29699e-09
8.07999e-09
3.565339e-10
4.063923e-10
8.856666e-09
8.792506e-10
7.964458e-10
9.682363e-09
1.198402e-09
1.000359e-09
1.037915e-08
1.350813e-09
1.032334e-09
1.08844e-08
1.385194e-09
9.425674e-10
1.120463e-08
1.348201e-09
8.069303e-10
1.137259e-08
1.272384e-09
6.623033e-10
1.14271e-08
1.178413e-09
5.291085e-10
1.140282e-08
1.078495e-09
4.171021e-10
1.132723e-08
9.794857e-10
3.282207e-10
1.122067e-08
8.850261e-10
2.602074e-10
1.109752e-08
7.968994e-10
2.092034e-10
1.096755e-08
7.158358e-10
1.712037e-10
1.083722e-08
6.419699e-10
1.427312e-10
1.071061e-08
5.75104e-10
1.210553e-10
1.059019e-08
5.148674e-10
1.041812e-10
1.047728e-08
4.607917e-10
9.068271e-11
1.037247e-08
4.12401e-10
7.962754e-11
1.02759e-08
3.691486e-10
7.029886e-11
3.307307e-10
6.237386e-11
1.018719e-08
7.977775e-09
2.435478e-10
4.08722e-10
8.650765e-09
6.509767e-10
8.053872e-10
9.439327e-09
9.3951e-10
9.835673e-10
1.018304e-08
1.119725e-09
9.945292e-10
1.0803e-08
1.213156e-09
8.967413e-10
1.127814e-08
1.24358e-09
7.644734e-10
1.161675e-08
1.230619e-09
6.309555e-10
1.184021e-08
1.189043e-09
5.109515e-10
1.197267e-08
1.12957e-09
4.101643e-10
1.203627e-08
1.059846e-09
3.288587e-10
1.204957e-08
9.852355e-10
2.648217e-10
1.202731e-08
9.094377e-10
2.150807e-10
1.198084e-08
8.349409e-10
1.766919e-10
1.191867e-08
7.633598e-10
1.47054e-10
1.184708e-08
6.956824e-10
1.240229e-10
1.177063e-08
6.324603e-10
1.059264e-10
1.169256e-08
5.739274e-10
9.148189e-11
1.16151e-08
5.201445e-10
7.9776e-11
1.153978e-08
4.709434e-10
7.007175e-11
4.263823e-10
6.202078e-11
1.146751e-08
7.930594e-09
1.773958e-10
3.945636e-10
8.526567e-09
4.965423e-10
7.791436e-10
9.247956e-09
7.406627e-10
9.450423e-10
9.956272e-09
9.110737e-10
9.450624e-10
1.057959e-08
1.019011e-09
8.394566e-10
1.109369e-08
1.077988e-09
7.040594e-10
1.149889e-08
1.099936e-09
5.732687e-10
1.180733e-08
1.094343e-09
4.60485e-10
1.203456e-08
1.068636e-09
3.689432e-10
1.219576e-08
1.028672e-09
2.967812e-10
1.230439e-08
9.790896e-10
2.4051e-10
1.237184e-08
9.235351e-10
1.96699e-10
1.240753e-08
8.648354e-10
1.624996e-10
1.24191e-08
8.051342e-10
1.356653e-10
1.241269e-08
7.460112e-10
1.144615e-10
1.239318e-08
6.885979e-10
9.756855e-11
1.236439e-08
6.336573e-10
8.397281e-11
1.232932e-08
5.817118e-10
7.292867e-11
1.229023e-08
5.329862e-10
6.381793e-11
4.878479e-10
5.637108e-11
1.224895e-08
7.906144e-09
1.350207e-10
3.929078e-10
8.456405e-09
3.860939e-10
7.767297e-10
9.128248e-09
5.882092e-10
9.379649e-10
9.794447e-09
7.386273e-10
9.29045e-10
1.038979e-08
8.430305e-10
8.136101e-10
1.089319e-08
9.096346e-10
6.697067e-10
1.130549e-08
9.463277e-10
5.336934e-10
1.163735e-08
9.596123e-10
4.195785e-10
1.19015e-08
9.546943e-10
3.298838e-10
1.210967e-08
9.35793e-10
2.615241e-10
1.22718e-08
9.063927e-10
2.098434e-10
1.239617e-08
8.693952e-10
1.705693e-10
1.24896e-08
8.272097e-10
1.403867e-10
1.255781e-08
7.81812e-10
1.168793e-10
1.260557e-08
7.347903e-10
9.832894e-11
1.263688e-08
6.873974e-10
8.351892e-11
1.265507e-08
6.405841e-10
7.157201e-11
1.266295e-08
5.950825e-10
6.185704e-11
1.266277e-08
5.513548e-10
5.386941e-11
5.099096e-10
4.741761e-11
1.265658e-08
7.893628e-09
1.052116e-10
3.905204e-10
8.415782e-09
3.043049e-10
7.721673e-10
9.053924e-09
4.700704e-10
9.326323e-10
9.68735e-09
5.986694e-10
9.20999e-10
1.025458e-08
6.92831e-10
8.014991e-10
1.073669e-08
7.576333e-10
6.528142e-10
1.113602e-08
7.984264e-10
5.12475e-10
1.146397e-08
8.198607e-10
3.954757e-10
1.17333e-08
8.257788e-10
3.046108e-10
1.195506e-08
8.193482e-10
2.365719e-10
1.213803e-08
8.032187e-10
1.862537e-10
1.228899e-08
7.796337e-10
1.489103e-10
1.241322e-08
7.504998e-10
1.208477e-10
1.251496e-08
7.174328e-10
9.940046e-11
1.259769e-08
6.817861e-10
8.271956e-11
1.266434e-08
6.446796e-10
6.953949e-11
1.271742e-08
6.070148e-10
5.89927e-11
1.275912e-08
5.695226e-10
5.047191e-11
1.279125e-08
5.32732e-10
4.352626e-11
4.971419e-10
3.798889e-11
1.281561e-08
7.886229e-09
8.295242e-11
3.904993e-10
8.390784e-09
2.410634e-10
7.727233e-10
9.006579e-09
3.758493e-10
9.345434e-10
9.616773e-09
4.835899e-10
9.2248e-10
1.01621e-08
5.654262e-10
8.011581e-10
1.062493e-08
6.244634e-10
6.496237e-10
1.100851e-08
6.64298e-10
5.06072e-10
1.132498e-08
6.88248e-10
3.862287e-10
1.158764e-08
6.991814e-10
2.932745e-10
1.180776e-08
6.995387e-10
2.239906e-10
1.199406e-08
6.914038e-10
1.731758e-10
1.215295e-08
6.76562e-10
1.359023e-10
1.228916e-08
6.565442e-10
1.082829e-10
1.240624e-08
6.326596e-10
8.74878e-11
1.250695e-08
6.060191e-10
7.154878e-11
1.259351e-08
5.775581e-10
5.912194e-11
1.266778e-08
5.480495e-10
4.930056e-11
1.273138e-08
5.18131e-10
4.145289e-11
1.278565e-08
4.883e-10
3.513616e-11
4.589753e-10
3.016359e-11
1.283198e-08
7.881793e-09
6.539195e-11
3.905157e-10
8.37483e-09
1.905006e-10
7.732216e-10
8.975303e-09
2.988965e-10
9.366803e-10
9.568936e-09
3.874385e-10
9.253833e-10
1.009799e-08
4.565028e-10
8.038925e-10
1.054567e-08
5.079921e-10
6.513118e-10
1.091577e-08
5.44301e-10
5.061471e-10
1.122087e-08
5.677551e-10
3.845772e-10
1.14746e-08
5.804569e-10
2.900798e-10
1.16885e-08
5.842662e-10
2.195759e-10
1.187143e-08
5.808201e-10
1.678938e-10
1.202983e-08
5.715521e-10
1.30071e-10
1.216832e-08
5.577087e-10
1.021581e-10
1.229026e-08
5.403645e-10
8.125889e-11
1.23981e-08
5.204372e-10
6.534713e-11
1.249377e-08
4.987026e-10
5.303204e-11
1.257875e-08
4.758073e-10
4.337591e-11
1.265431e-08
4.522852e-10
3.572053e-11
1.272149e-08
4.285692e-10
2.961765e-11
4.049937e-10
2.484715e-11
1.278134e-08
7.878881e-09
5.098708e-11
3.908959e-10
8.364195e-09
1.486758e-10
7.745067e-10
8.954067e-09
2.342832e-10
9.39635e-10
9.535878e-09
3.053366e-10
9.29386e-10
1.005296e-08
3.618677e-10
8.082156e-10
1.048914e-08
4.050429e-10
6.552556e-10
1.084864e-08
4.364427e-10
5.092101e-10
1.114431e-08
4.576678e-10
3.865616e-10
1.138998e-08
4.702229e-10
2.909978e-10
1.159737e-08
4.754885e-10
2.195502e-10
1.177542e-08
4.747201e-10
1.670875e-10
1.193063e-08
4.690466e-10
1.286468e-10
1.206762e-08
4.59469e-10
1.002601e-10
1.218971e-08
4.468626e-10
7.900645e-11
1.229927e-08
4.319814e-10
6.283631e-11
1.239808e-08
4.154658e-10
5.033765e-11
1.248751e-08
3.978526e-10
4.055719e-11
1.256864e-08
3.795829e-10
3.28209e-11
1.264234e-08
3.610221e-10
2.667575e-11
3.424379e-10
2.187351e-11
1.270946e-08
7.876956e-09
3.872133e-11
3.912133e-10
8.356999e-09
1.129677e-10
7.755645e-10
8.939443e-09
1.785466e-10
9.420325e-10
9.512768e-09
2.336107e-10
9.327802e-10
1.002106e-08
2.780649e-10
8.121114e-10
1.044865e-08
3.126255e-10
6.591392e-10
1.080004e-08
3.383245e-10
5.126869e-10
1.108834e-08
3.56241e-10
3.89438e-10
1.132752e-08
3.674214e-10
2.932266e-10
1.152939e-08
3.728568e-10
2.211663e-10
1.170293e-08
3.73475e-10
1.681597e-10
1.185468e-08
3.701316e-10
1.292505e-10
1.198926e-08
3.636012e-10
1.004657e-10
1.210994e-08
3.545716e-10
7.887523e-11
1.221908e-08
3.436428e-10
6.242068e-11
1.23184e-08
3.313282e-10
4.968209e-11
1.24092e-08
3.180611e-10
3.970033e-11
1.249249e-08
3.041976e-10
3.179458e-11
1.256907e-08
2.900355e-10
2.551028e-11
2.757894e-10
2.058123e-11
1.263969e-08
7.875649e-09
2.79297e-11
3.915142e-10
8.352092e-09
8.14989e-11
7.765236e-10
8.92938e-09
1.290701e-10
9.440375e-10
9.496702e-09
1.69344e-10
9.356069e-10
9.998669e-09
2.022018e-10
8.154016e-10
1.041995e-08
2.280764e-10
6.62513e-10
1.076533e-08
2.476231e-10
5.158483e-10
1.104807e-08
2.615432e-10
3.922316e-10
1.128229e-08
2.705336e-10
2.95602e-10
1.147985e-08
2.752712e-10
2.231341e-10
1.164977e-08
2.764052e-10
1.697563e-10
1.179859e-08
2.745469e-10
1.305182e-10
1.193091e-08
2.702597e-10
1.014439e-10
1.204998e-08
2.640511e-10
7.959773e-11
1.215813e-08
2.56369e-10
6.291641e-11
1.225705e-08
2.476001e-10
4.997578e-11
1.234798e-08
2.38073e-10
3.981386e-11
1.243192e-08
2.280589e-10
3.17468e-11
1.250961e-08
2.177859e-10
2.531978e-11
2.07419e-10
2.025581e-11
1.258175e-08
7.874788e-09
1.812016e-11
3.917298e-10
8.348839e-09
5.288132e-11
7.772169e-10
8.922655e-09
8.385766e-11
9.454612e-10
9.485876e-09
1.102265e-10
9.376356e-10
9.983461e-09
1.318928e-10
8.177981e-10
1.040032e-08
1.491027e-10
6.650154e-10
1.074144e-08
1.622424e-10
5.182501e-10
1.102022e-08
1.717317e-10
3.944189e-10
1.125086e-08
1.779948e-10
2.975321e-10
1.144528e-08
1.814518e-10
2.248074e-10
1.161253e-08
1.825128e-10
1.711923e-10
1.175915e-08
1.815699e-10
1.317413e-10
1.188971e-08
1.789894e-10
1.02477e-10
1.200746e-08
1.75105e-10
8.046035e-11
1.211468e-08
1.702138e-10
6.362461e-11
1.221302e-08
1.645744e-10
5.054305e-11
1.230373e-08
1.584076e-10
4.025186e-11
1.238774e-08
1.518968e-10
3.206565e-11
1.246579e-08
1.451966e-10
2.552937e-11
1.384202e-10
2.035996e-11
1.253854e-08
7.87426e-09
8.915985e-12
3.918757e-10
8.346846e-09
2.602141e-11
7.776876e-10
8.918518e-09
4.129368e-11
9.46396e-10
9.479184e-09
5.433551e-11
9.389666e-10
9.974011e-09
6.509564e-11
8.193768e-10
1.038807e-08
7.368542e-11
6.666743e-10
1.072646e-08
8.028402e-11
5.198582e-10
1.100269e-08
8.50877e-11
3.959018e-10
1.1231e-08
8.829674e-11
2.988604e-10
1.142338e-08
9.011193e-11
2.259796e-10
1.158888e-08
9.073143e-11
1.722198e-10
1.173404e-08
9.03466e-11
1.326389e-10
1.186344e-08
8.913758e-11
1.032587e-10
1.198028e-08
8.726969e-11
8.113803e-11
1.208683e-08
8.48909e-11
6.420794e-11
1.218473e-08
8.213059e-11
5.103985e-11
1.227518e-08
7.909983e-11
4.066858e-11
1.235912e-08
7.5891e-11
3.240772e-11
1.243726e-08
7.258229e-11
2.580189e-11
6.923137e-11
2.056461e-11
1.251025e-08
7.874009e-09
1.801997e-18
3.919454e-10
8.3459e-09
3.503946e-18
7.779197e-10
8.916547e-09
4.626864e-18
9.468462e-10
9.475986e-09
5.600009e-18
9.396109e-10
9.96948e-09
6.526434e-18
8.201454e-10
1.038218e-08
7.542981e-18
6.674856e-10
1.071924e-08
8.657889e-18
5.206496e-10
1.099421e-08
9.916611e-18
3.966371e-10
1.122139e-08
1.126568e-17
2.995243e-10
1.141276e-08
1.277062e-17
2.265708e-10
1.15774e-08
1.436029e-17
1.727433e-10
1.172183e-08
1.615485e-17
1.331015e-10
1.185065e-08
1.812551e-17
1.03667e-10
1.196703e-08
2.023686e-17
8.149769e-11
1.207324e-08
2.244171e-17
6.452342e-11
1.21709e-08
5.131476e-11
1.226122e-08
4.090582e-11
1.23451e-08
3.26097e-11
1.242325e-08
2.597078e-11
2.0701e-11
1.249631e-08
7.874009e-09
-8.915982e-12
3.919454e-10
8.3459e-09
-2.60214e-11
7.779197e-10
8.916547e-09
-4.129367e-11
9.468462e-10
9.475986e-09
-5.433549e-11
9.396109e-10
9.96948e-09
-6.509562e-11
8.201454e-10
1.038218e-08
-7.368541e-11
6.674856e-10
1.071924e-08
-8.0284e-11
5.206496e-10
1.099421e-08
-8.508768e-11
3.966371e-10
1.122139e-08
-8.829671e-11
2.995243e-10
1.141276e-08
-9.01119e-11
2.265708e-10
1.15774e-08
-9.073141e-11
1.727433e-10
1.172183e-08
-9.034656e-11
1.331015e-10
1.185065e-08
-8.913755e-11
1.03667e-10
1.196703e-08
-8.726965e-11
8.149769e-11
-8.489086e-11
6.452342e-11
7.87426e-09
-1.812015e-11
3.918757e-10
8.346846e-09
-5.288132e-11
7.776876e-10
8.918518e-09
-8.385765e-11
9.46396e-10
9.479184e-09
-1.102265e-10
9.389666e-10
9.974011e-09
-1.318928e-10
8.193768e-10
1.038807e-08
-1.491026e-10
6.666743e-10
1.072646e-08
-1.622423e-10
5.198582e-10
1.100269e-08
-1.717317e-10
3.959018e-10
1.1231e-08
-1.779948e-10
2.988604e-10
1.142338e-08
-1.814518e-10
2.259796e-10
1.158888e-08
-1.825127e-10
1.722198e-10
1.173404e-08
1.326389e-10
1.186344e-08
1.032587e-10
1.198028e-08
8.113803e-11
6.420794e-11
7.874788e-09
3.917298e-10
8.348839e-09
7.772169e-10
8.922655e-09
9.454612e-10
9.485876e-09
9.376356e-10
9.983461e-09
8.177981e-10
1.040032e-08
6.650154e-10
1.074144e-08
5.182501e-10
1.102022e-08
3.944189e-10
1.125086e-08
2.975321e-10
1.144528e-08
2.248074e-10
1.711923e-10
6.419876e-09
1.34582e-09
3.61061e-10
5.326899e-09
1.394095e-09
1.658951e-10
4.504501e-09
1.074684e-09
3.131297e-10
3.953281e-09
7.478827e-10
2.144203e-10
3.585498e-09
5.085931e-10
1.247186e-10
3.324177e-09
3.565886e-10
8.034362e-11
3.127656e-09
2.624346e-10
5.268723e-11
2.972442e-09
2.030759e-10
3.906639e-11
2.845622e-09
1.637172e-10
3.25503e-11
2.739946e-09
1.359118e-10
2.918426e-11
2.650982e-09
1.149921e-10
2.701179e-11
2.575682e-09
9.845816e-11
2.517284e-11
2.511726e-09
8.494368e-11
2.333614e-11
2.457252e-09
7.365966e-11
2.142811e-11
2.410719e-09
6.411395e-11
1.947346e-11
2.37085e-09
5.597086e-11
1.754227e-11
2.336582e-09
4.898612e-11
1.566702e-11
2.307031e-09
4.296106e-11
1.393888e-11
2.281472e-09
3.775869e-11
1.228987e-11
3.315932e-11
1.088729e-11
2.259349e-09
8.264367e-09
9.581635e-10
1.522658e-10
8.568046e-09
1.561372e-09
2.098837e-10
8.56616e-09
1.585708e-09
3.974967e-10
8.398259e-09
1.379715e-09
4.036058e-10
8.158162e-09
1.128401e-09
3.32499e-10
7.891781e-09
9.113793e-10
2.582578e-10
7.623103e-09
7.417993e-10
1.918154e-10
7.365425e-09
6.13059e-10
1.419608e-10
7.12599e-09
5.146144e-10
1.082368e-10
6.908346e-09
4.376007e-10
8.633905e-11
6.713529e-09
3.757179e-10
7.200414e-11
6.540957e-09
3.248159e-10
6.211698e-11
6.389127e-09
2.821984e-10
5.471273e-11
6.256092e-09
2.460703e-10
4.867988e-11
6.139779e-09
2.151829e-10
4.343959e-11
6.038159e-09
1.88623e-10
3.873496e-11
5.949355e-09
1.656896e-10
3.442478e-11
5.87166e-09
1.458221e-10
3.052245e-11
5.803599e-09
1.285723e-10
2.689712e-11
1.134866e-10
2.371505e-11
5.743799e-09
8.232054e-09
5.658738e-10
2.818923e-10
9.039662e-09
1.196352e-09
4.386226e-10
9.699162e-09
1.471578e-09
5.345149e-10
1.011392e-08
1.506403e-09
5.343053e-10
1.030997e-08
1.412307e-09
4.661146e-10
1.034488e-08
1.271656e-09
3.819497e-10
1.02716e-08
1.124982e-09
2.99559e-10
1.013212e-08
9.888946e-10
2.29481e-10
9.956871e-09
8.682192e-10
1.755099e-10
9.76669e-09
7.629183e-10
1.363835e-10
9.575111e-09
6.713325e-10
1.088542e-10
9.390379e-09
5.915593e-10
8.954351e-11
9.217088e-09
5.218996e-10
7.569241e-11
9.05743e-09
4.60934e-10
6.532532e-11
8.912081e-09
4.074886e-10
5.714818e-11
8.780806e-09
3.605859e-10
5.038664e-11
8.662859e-09
3.193919e-10
4.456132e-11
8.557208e-09
2.832007e-10
3.946786e-11
8.462771e-09
2.513746e-10
3.485976e-11
2.23421e-10
3.08298e-11
8.378253e-09
8.060922e-09
3.555616e-10
2.010949e-10
8.822785e-09
8.787517e-10
3.521834e-10
9.642522e-09
1.196904e-09
4.552958e-10
1.034453e-08
1.348508e-09
4.882169e-10
1.086497e-08
1.382558e-09
4.518767e-10
1.120619e-08
1.34611e-09
3.91261e-10
1.139668e-08
1.271901e-09
3.248905e-10
1.147208e-08
1.180235e-09
2.623686e-10
1.146535e-08
1.082826e-09
2.092297e-10
1.140344e-08
9.861235e-10
1.66923e-10
1.130696e-08
8.935246e-10
1.344985e-10
1.119088e-08
8.067258e-10
1.101139e-10
1.106568e-08
7.264768e-10
9.182273e-11
1.093843e-08
6.529875e-10
7.792931e-11
1.081371e-08
5.861534e-10
6.711638e-11
1.069433e-08
5.256935e-10
5.845274e-11
1.05819e-08
4.712171e-10
5.128053e-11
1.04772e-08
4.223095e-10
4.52221e-11
1.038048e-08
3.78472e-10
3.992153e-11
3.394387e-10
3.536552e-11
1.029147e-08
7.959007e-09
2.430523e-10
2.075368e-10
8.616315e-09
6.511506e-10
3.756802e-10
9.398992e-09
9.398535e-10
4.579405e-10
1.014835e-08
1.120085e-09
4.735945e-10
1.078354e-08
1.213664e-09
4.304442e-10
1.127927e-08
1.244633e-09
3.702232e-10
1.163996e-08
1.232856e-09
3.093057e-10
1.188436e-08
1.193034e-09
2.537565e-10
1.203513e-08
1.135619e-09
2.06599e-10
1.211386e-08
1.067952e-09
1.682974e-10
1.213914e-08
9.951534e-10
1.379205e-10
1.212604e-08
9.207793e-10
1.141245e-10
1.208638e-08
8.472683e-10
9.555989e-11
1.202915e-08
7.762528e-10
8.101435e-11
1.196107e-08
7.087758e-10
6.948374e-11
1.188704e-08
6.454586e-10
6.019722e-11
1.181056e-08
5.866058e-10
5.256382e-11
1.173411e-08
5.32341e-10
4.619438e-11
1.165938e-08
4.825496e-10
4.073365e-11
4.37334e-10
3.610835e-11
1.158739e-08
7.911784e-09
1.772355e-10
1.939093e-10
8.491925e-09
4.970062e-10
3.531463e-10
9.207644e-09
7.418754e-10
4.273015e-10
9.922088e-09
9.128616e-10
4.378416e-10
1.056101e-08
1.021316e-09
3.928861e-10
1.10956e-08
1.080911e-09
3.331877e-10
1.152239e-08
1.103797e-09
2.75543e-10
1.185111e-08
1.099526e-09
2.252664e-10
1.20962e-08
1.075424e-09
1.840473e-10
1.227249e-08
1.037167e-09
1.512831e-10
1.23935e-08
9.892032e-10
1.254482e-10
1.247091e-08
9.35034e-10
1.05031e-10
1.251448e-08
8.774018e-10
8.879939e-11
1.253219e-08
8.184221e-10
7.578189e-11
1.253051e-08
7.596882e-10
6.522828e-11
1.25146e-08
7.023702e-10
5.657419e-11
1.248851e-08
6.472816e-10
4.93862e-11
1.245542e-08
5.949962e-10
4.335657e-11
1.241778e-08
5.457892e-10
3.821702e-11
5.000707e-10
3.388432e-11
1.237753e-08
7.8874e-09
1.350272e-10
1.930289e-10
8.42164e-09
3.867754e-10
3.527202e-10
9.087777e-09
5.898199e-10
4.238838e-10
9.760396e-09
7.409952e-10
4.282924e-10
1.037174e-08
8.460221e-10
3.775579e-10
1.089585e-08
9.132287e-10
3.132836e-10
1.132959e-08
9.506765e-10
2.530748e-10
1.168126e-08
9.649695e-10
2.024598e-10
1.196266e-08
9.612944e-10
1.626202e-10
1.218534e-08
9.437708e-10
1.322313e-10
1.235952e-08
9.157524e-10
1.091204e-10
1.249378e-08
8.800202e-10
9.132273e-11
1.259531e-08
8.388943e-10
7.736598e-11
1.26701e-08
7.943004e-10
6.620314e-11
1.27232e-08
7.478118e-10
5.710935e-11
1.275881e-08
7.006919e-10
4.958688e-11
1.278046e-08
6.539196e-10
4.328905e-11
1.279108e-08
6.082621e-10
3.796535e-11
1.279309e-08
5.642212e-10
3.343366e-11
5.223408e-10
2.96091e-11
1.278862e-08
7.874865e-09
1.053e-10
1.906951e-10
8.380945e-09
3.050148e-10
3.47848e-10
9.013389e-09
4.716785e-10
4.183296e-10
9.653441e-09
6.010446e-10
4.208977e-10
1.023698e-08
6.958184e-10
3.681585e-10
1.074007e-08
7.611571e-10
3.018026e-10
1.116086e-08
8.025518e-10
2.398073e-10
1.150838e-08
8.247586e-10
1.881663e-10
1.179449e-08
8.316377e-10
1.48156e-10
1.203022e-08
8.263051e-10
1.183078e-10
1.222469e-08
8.113233e-10
9.621019e-11
1.238513e-08
7.888423e-10
7.965495e-11
1.25172e-08
7.606906e-10
6.697982e-11
1.262545e-08
7.284295e-10
5.701782e-11
1.271361e-08
6.93384e-10
4.898735e-11
1.27848e-08
6.566672e-10
4.237396e-11
1.284168e-08
6.19191e-10
3.684796e-11
1.288653e-08
5.817061e-10
3.217022e-11
1.292131e-08
5.447688e-10
2.820774e-11
5.089034e-10
2.486072e-11
1.294787e-08
7.867469e-09
8.306236e-11
1.905806e-10
8.355913e-09
2.417294e-10
3.475642e-10
8.965995e-09
3.773061e-10
4.188343e-10
9.582945e-09
4.857341e-10
4.208407e-10
1.014484e-08
5.681045e-10
3.669815e-10
1.062887e-08
6.275819e-10
2.991597e-10
1.103404e-08
6.678806e-10
2.355749e-10
1.137003e-08
6.924162e-10
1.825822e-10
1.164922e-08
7.040884e-10
1.416316e-10
1.188293e-08
7.053124e-10
1.112765e-10
1.208027e-08
6.981123e-10
8.90445e-11
1.224819e-08
6.842029e-10
7.262839e-11
1.239184e-08
6.650504e-10
6.026467e-11
1.251515e-08
6.419141e-10
5.070266e-11
1.26211e-08
6.158734e-10
4.310256e-11
1.271213e-08
5.878489e-10
3.691188e-11
1.279022e-08
5.586129e-10
3.178627e-11
1.28571e-08
5.288125e-10
2.747215e-11
1.291419e-08
4.989616e-10
2.385226e-11
4.694961e-10
2.080213e-11
1.296296e-08
7.86302e-09
6.549959e-11
1.903705e-10
8.339932e-09
1.910758e-10
3.469639e-10
8.934691e-09
3.001274e-10
4.191001e-10
9.53518e-09
3.892475e-10
4.213809e-10
1.008099e-08
4.587527e-10
3.674367e-10
1.055009e-08
5.10589e-10
2.992038e-10
1.094193e-08
5.472479e-10
2.349397e-10
1.126657e-08
5.711408e-10
1.812113e-10
1.153673e-08
5.844062e-10
1.39606e-10
1.176398e-08
5.888925e-10
1.087375e-10
1.195765e-08
5.861955e-10
8.614615e-11
1.212472e-08
5.77695e-10
6.950909e-11
1.227031e-08
5.645853e-10
5.703486e-11
1.239814e-08
5.478985e-10
4.744304e-11
1.251097e-08
5.285225e-10
3.986895e-11
1.261089e-08
5.072161e-10
3.373942e-11
1.269956e-08
4.846206e-10
2.869863e-11
1.277834e-08
4.612724e-10
2.447956e-11
1.284834e-08
4.376144e-10
2.096753e-11
4.139917e-10
1.801712e-11
1.291067e-08
7.860102e-09
5.107953e-11
1.905266e-10
8.329279e-09
1.491483e-10
3.472566e-10
8.913436e-09
2.35279e-10
4.203271e-10
9.502173e-09
3.067968e-10
4.230991e-10
1.003615e-08
3.636763e-10
3.693137e-10
1.049393e-08
4.071152e-10
3.0095e-10
1.08753e-08
4.387722e-10
2.363121e-10
1.119058e-08
4.603205e-10
1.821109e-10
1.145265e-08
4.73299e-10
1.400322e-10
1.167327e-08
4.790849e-10
1.087382e-10
1.186186e-08
4.789048e-10
8.578717e-11
1.20255e-08
4.738467e-10
6.885643e-11
1.216933e-08
4.648704e-10
5.614727e-11
1.229704e-08
4.528159e-10
4.636989e-11
1.241134e-08
4.384113e-10
3.865125e-11
1.25142e-08
4.22281e-10
3.241043e-11
1.260714e-08
4.049545e-10
2.72868e-11
1.269135e-08
3.868727e-10
2.300676e-11
1.276778e-08
3.684061e-10
1.945485e-11
3.498294e-10
1.647355e-11
1.283735e-08
7.85817e-09
3.879519e-11
1.906403e-10
8.322068e-09
1.133362e-10
3.474779e-10
8.898798e-09
1.793152e-10
4.212665e-10
9.479103e-09
2.347363e-10
4.245365e-10
1.00044e-08
2.794548e-10
3.710326e-10
1.045371e-08
3.142092e-10
3.027366e-10
1.08271e-08
3.400922e-10
2.379748e-10
1.113507e-08
3.582409e-10
1.835489e-10
1.139065e-08
3.697316e-10
1.412112e-10
1.160569e-08
3.755561e-10
1.096603e-10
1.178966e-08
3.766222e-10
8.646956e-11
1.194968e-08
3.737552e-10
6.93204e-11
1.209091e-08
3.676976e-10
5.641364e-11
1.221703e-08
3.591096e-10
4.645782e-11
1.233072e-08
3.485698e-10
3.857885e-11
1.243391e-08
3.365778e-10
3.219483e-11
1.252806e-08
3.235595e-10
2.694486e-11
1.26143e-08
3.098696e-10
2.255436e-11
1.26935e-08
2.958085e-10
1.890733e-11
2.815953e-10
1.584192e-11
1.276647e-08
7.856857e-09
2.798408e-11
1.907808e-10
8.317152e-09
8.17684e-11
3.477966e-10
8.888726e-09
1.296282e-10
4.221502e-10
9.463064e-09
1.701605e-10
4.258446e-10
9.982112e-09
2.032076e-10
3.726007e-10
1.042522e-08
2.292174e-10
3.043981e-10
1.079268e-08
2.488897e-10
2.395848e-10
1.109516e-08
2.629694e-10
1.850269e-10
1.134579e-08
2.721767e-10
1.425245e-10
1.155649e-08
2.771909e-10
1.108037e-10
1.173677e-08
2.786479e-10
8.74495e-11
1.189376e-08
2.771375e-10
7.014622e-11
1.203261e-08
2.731998e-10
5.709437e-11
1.215699e-08
2.673216e-10
4.700157e-11
1.226955e-08
2.599345e-10
3.899336e-11
1.23722e-08
2.514143e-10
3.248801e-11
1.246637e-08
2.420836e-10
2.712505e-11
1.255314e-08
2.322114e-10
2.263061e-11
1.263335e-08
2.220272e-10
1.888828e-11
2.116989e-10
1.573532e-11
1.270777e-08
7.855992e-09
1.815573e-11
1.908784e-10
8.313891e-09
5.305738e-11
3.480288e-10
8.881994e-09
8.422024e-11
4.227665e-10
9.452258e-09
1.107566e-10
4.267754e-10
9.966978e-09
1.32545e-10
3.737406e-10
1.040574e-08
1.498402e-10
3.056314e-10
1.076901e-08
1.63058e-10
2.408114e-10
1.106756e-08
1.726469e-10
1.86188e-10
1.131463e-08
1.790474e-10
1.43593e-10
1.152218e-08
1.826819e-10
1.117719e-10
1.169975e-08
1.839522e-10
8.831839e-11
1.185447e-08
1.832368e-10
7.091901e-11
1.199148e-08
1.808868e-10
5.777431e-11
1.211445e-08
1.772221e-10
4.759144e-11
1.222599e-08
1.725289e-10
3.949582e-11
1.232798e-08
1.670581e-10
3.290604e-11
1.242183e-08
1.610263e-10
2.746196e-11
1.25086e-08
1.546151e-10
2.289077e-11
1.25891e-08
1.479797e-10
1.907558e-11
1.412351e-10
1.585419e-11
1.266407e-08
7.855462e-09
8.933495e-12
1.909484e-10
8.311894e-09
2.61084e-11
3.482051e-10
8.877853e-09
4.147203e-11
4.231846e-10
9.445578e-09
5.459627e-11
4.27402e-10
9.957575e-09
6.54161e-11
3.745092e-10
1.039358e-08
7.404714e-11
3.064651e-10
1.075416e-08
8.068315e-11
2.416468e-10
1.105019e-08
8.55347e-11
1.869868e-10
1.129495e-08
8.881031e-11
1.443366e-10
1.150045e-08
9.071217e-11
1.124547e-10
1.167624e-08
9.143458e-11
8.89408e-11
1.182947e-08
9.116218e-11
7.148294e-11
1.196527e-08
9.006763e-11
5.828173e-11
1.208728e-08
8.830937e-11
4.804397e-11
1.219809e-08
8.602988e-11
3.989482e-11
1.229958e-08
8.335466e-11
3.325298e-11
1.239312e-08
8.039251e-11
2.775836e-11
1.247977e-08
7.72349e-11
2.313881e-11
1.256032e-08
7.396021e-11
1.927696e-11
7.062688e-11
1.601124e-11
1.263548e-08
7.85521e-09
1.813902e-18
1.90981e-10
8.310945e-09
3.571766e-18
3.482938e-10
8.87588e-09
4.718778e-18
4.233825e-10
9.442386e-09
5.699692e-18
4.277019e-10
9.953066e-09
6.629841e-18
3.74881e-10
1.038773e-08
7.636213e-18
3.068706e-10
1.0747e-08
8.728315e-18
2.420562e-10
1.104179e-08
9.954605e-18
1.873816e-10
1.128542e-08
1.126997e-17
1.447072e-10
1.148991e-08
1.273759e-17
1.127981e-10
1.166483e-08
1.429362e-17
8.925671e-11
1.181732e-08
1.60564e-17
7.177209e-11
1.195251e-08
1.799707e-17
5.854487e-11
1.207404e-08
2.008164e-17
4.828172e-11
1.218448e-08
2.225487e-17
4.01077e-11
1.228571e-08
3.344153e-11
1.237908e-08
2.792313e-11
1.246565e-08
2.328069e-11
1.254618e-08
1.939657e-11
1.610951e-11
1.26214e-08
7.85521e-09
-8.933491e-12
1.90981e-10
8.310945e-09
-2.610839e-11
3.482938e-10
8.87588e-09
-4.147202e-11
4.233825e-10
9.442386e-09
-5.459625e-11
4.277019e-10
9.953066e-09
-6.541609e-11
3.74881e-10
1.038773e-08
-7.404713e-11
3.068706e-10
1.0747e-08
-8.068313e-11
2.420562e-10
1.104179e-08
-8.553468e-11
1.873816e-10
1.128542e-08
-8.881029e-11
1.447072e-10
1.148991e-08
-9.071215e-11
1.127981e-10
1.166483e-08
-9.143456e-11
8.925671e-11
1.181732e-08
-9.116215e-11
7.177209e-11
1.195251e-08
-9.00676e-11
5.854487e-11
1.207404e-08
-8.830933e-11
4.828172e-11
-8.602983e-11
4.010769e-11
7.855462e-09
-1.815573e-11
1.909484e-10
8.311894e-09
-5.305737e-11
3.482051e-10
8.877853e-09
-8.422023e-11
4.231846e-10
9.445578e-09
-1.107566e-10
4.27402e-10
9.957575e-09
-1.325449e-10
3.745092e-10
1.039358e-08
-1.498401e-10
3.064651e-10
1.075416e-08
-1.63058e-10
2.416468e-10
1.105019e-08
-1.726469e-10
1.869868e-10
1.129495e-08
-1.790474e-10
1.443366e-10
1.150045e-08
-1.826819e-10
1.124547e-10
1.167624e-08
-1.839522e-10
8.89408e-11
1.182947e-08
7.148294e-11
1.196527e-08
5.828173e-11
1.208728e-08
4.804397e-11
3.989482e-11
7.855992e-09
1.908784e-10
8.313891e-09
3.480288e-10
8.881994e-09
4.227665e-10
9.452258e-09
4.267754e-10
9.966978e-09
3.737406e-10
1.040574e-08
3.056314e-10
1.076901e-08
2.408114e-10
1.106756e-08
1.86188e-10
1.131463e-08
1.43593e-10
1.152218e-08
1.117719e-10
8.831839e-11
6.401128e-09
1.33541e-09
2.698354e-10
5.313792e-09
1.392916e-09
-1.396848e-10
4.492939e-09
1.070269e-09
6.371385e-11
3.945438e-09
7.443197e-10
1.7602e-11
3.58294e-09
5.058508e-10
-1.86349e-11
3.325666e-09
3.546072e-10
-1.698909e-11
3.131838e-09
2.612074e-10
-1.469264e-11
2.978325e-09
2.024557e-10
-9.875817e-12
2.85249e-09
1.635703e-10
-5.185141e-12
2.747344e-09
1.36104e-10
-1.773741e-12
2.658643e-09
1.154092e-10
3.02888e-13
2.583456e-09
9.901182e-11
1.34882e-12
2.519532e-09
8.55696e-11
1.689875e-12
2.465048e-09
7.431317e-11
1.599294e-12
2.418486e-09
6.476529e-11
1.270531e-12
2.378577e-09
5.660115e-11
8.497752e-13
2.344266e-09
4.958399e-11
3.939029e-13
2.314672e-09
4.352049e-11
1.234714e-14
2.289073e-09
3.827639e-11
-3.876487e-13
3.36358e-11
-5.842973e-13
2.266909e-09
8.255261e-09
9.57749e-10
-8.00211e-11
8.555852e-09
1.564558e-09
-2.6235e-10
8.549997e-09
1.583353e-09
-1.097319e-10
8.383556e-09
1.37614e-09
-6.17746e-11
8.150059e-09
1.124477e-09
-5.262904e-11
7.891916e-09
9.078423e-10
-3.683424e-11
7.630711e-09
7.393291e-10
-2.510143e-11
7.378783e-09
6.117765e-10
-1.543236e-11
7.143297e-09
5.143988e-10
-7.105125e-12
6.92814e-09
4.382266e-10
-6.271069e-13
6.734785e-09
3.769405e-10
3.827702e-12
6.563017e-09
3.264202e-10
6.476791e-12
6.411587e-09
2.84016e-10
7.696154e-12
6.278716e-09
2.47978e-10
7.886274e-12
6.162429e-09
2.170954e-10
7.396109e-12
6.060759e-09
1.90484e-10
6.522112e-12
5.971865e-09
1.674639e-10
5.439642e-12
5.894057e-09
1.474897e-10
4.361219e-12
5.825877e-09
1.301231e-10
3.230265e-12
1.149195e-10
2.356511e-12
5.765951e-09
8.219801e-09
5.641864e-10
1.009668e-10
9.020624e-09
1.19675e-09
5.607716e-12
9.67662e-09
1.469308e-09
-7.436301e-12
1.009306e-08
1.50313e-09
-9.125308e-12
1.029599e-08
1.40869e-09
-2.102997e-11
1.034064e-08
1.268321e-09
-2.318139e-11
1.027752e-08
1.122663e-09
-2.065579e-11
1.014698e-08
9.879136e-10
-1.611203e-11
9.978724e-09
8.685794e-10
-1.041385e-11
9.793569e-09
7.6443e-10
-4.665064e-12
9.60538e-09
6.7372e-10
2.640297e-13
9.42282e-09
5.945412e-10
3.982371e-12
9.250858e-09
5.252328e-10
6.437557e-12
9.09197e-09
4.644271e-10
7.764082e-12
8.947032e-09
4.110013e-10
8.180287e-12
8.815939e-09
3.640204e-10
7.943584e-12
8.69803e-09
3.226843e-10
7.249425e-12
8.59233e-09
2.863118e-10
6.346376e-12
8.497792e-09
2.542836e-10
5.237082e-12
2.261208e-10
4.28156e-12
8.413139e-09
8.049803e-09
3.545314e-10
6.25968e-12
8.804537e-09
8.785011e-10
-8.430215e-11
9.620725e-09
1.195799e-09
-8.738343e-11
1.032379e-08
1.346935e-09
-5.865448e-11
1.08502e-08
1.380827e-09
-4.66646e-11
1.120051e-08
1.34455e-09
-3.52781e-11
1.140122e-08
1.271034e-09
-2.419137e-11
1.148639e-08
1.18043e-09
-1.531714e-11
1.148805e-08
1.084219e-09
-8.075604e-12
1.143283e-08
9.886534e-10
-2.076552e-12
1.134137e-08
8.970026e-10
2.678463e-12
1.12289e-08
8.109066e-10
6.212945e-12
1.110622e-08
7.311147e-10
8.623481e-12
1.098067e-08
6.578666e-10
1.004238e-11
1.085706e-08
5.911003e-10
1.062788e-11
1.073838e-08
5.305775e-10
1.056953e-11
1.062638e-08
4.759457e-10
1.00212e-11
1.05219e-08
4.268202e-10
9.192013e-12
1.042528e-08
3.827281e-10
8.103474e-12
3.434203e-10
7.074063e-12
1.033627e-08
7.948567e-09
2.42564e-10
1.624956e-11
8.597871e-09
6.512666e-10
-4.63894e-11
9.376879e-09
9.399213e-10
-6.518944e-11
1.012753e-08
1.120044e-09
-5.016113e-11
1.076876e-08
1.213666e-09
-4.362936e-11
1.127339e-08
1.244824e-09
-3.468032e-11
1.164402e-08
1.233523e-09
-2.38114e-11
1.189808e-08
1.194459e-09
-1.433208e-11
1.205748e-08
1.13797e-09
-6.553598e-12
1.214346e-08
1.071261e-09
-2.932825e-13
1.217456e-08
9.993342e-10
4.48945e-12
1.2166e-08
9.256684e-10
7.928604e-12
1.212977e-08
8.526692e-10
1.022807e-11
1.20751e-08
7.819695e-10
1.158169e-11
1.200889e-08
7.146334e-10
1.216511e-11
1.19362e-08
6.513127e-10
1.215287e-11
1.186068e-08
5.92345e-10
1.168407e-11
1.178488e-08
5.378824e-10
1.092464e-11
1.171059e-08
4.878386e-10
9.92128e-12
4.423339e-10
8.894363e-12
1.163889e-08
7.901448e-09
1.770462e-10
3.291617e-12
8.473565e-09
4.971614e-10
-6.486526e-11
9.185784e-09
7.424106e-10
-8.740688e-11
9.901795e-09
9.136555e-10
-7.178145e-11
1.054694e-08
1.022372e-09
-6.09635e-11
1.10904e-08
1.082233e-09
-4.767763e-11
1.152685e-08
1.105493e-09
-3.28788e-11
1.186487e-08
1.101764e-09
-2.006338e-11
1.211829e-08
1.078343e-09
-9.744942e-12
1.230171e-08
1.040835e-09
-1.704845e-12
1.242865e-08
9.936042e-10
4.238576e-12
1.251089e-08
9.400816e-10
8.376985e-12
1.255832e-08
8.829638e-10
1.10658e-11
1.257911e-08
8.243465e-10
1.262209e-11
1.257984e-08
7.658238e-10
1.330961e-11
1.256579e-08
7.085799e-10
1.335239e-11
1.254114e-08
6.5345e-10
1.292714e-11
1.250916e-08
6.010303e-10
1.21887e-11
1.247236e-08
5.516206e-10
1.123842e-11
5.056479e-10
1.018945e-11
1.243274e-08
7.877201e-09
1.349812e-10
3.205112e-12
8.403307e-09
3.870702e-10
-6.329464e-11
9.065887e-09
5.906339e-10
-8.691927e-11
9.740218e-09
7.421946e-10
-7.457743e-11
1.035801e-08
8.475455e-10
-6.540714e-11
1.089112e-08
9.150301e-10
-5.262595e-11
1.13345e-08
9.527831e-10
-3.759072e-11
1.169527e-08
9.674761e-10
-2.402371e-11
1.198469e-08
9.643055e-10
-1.276893e-11
1.221423e-08
9.473586e-10
-3.82546e-12
1.239413e-08
9.19937e-10
2.88772e-12
1.253314e-08
8.847668e-10
7.626113e-12
1.263859e-08
8.441242e-10
1.075208e-11
1.271662e-08
7.999075e-10
1.261173e-11
1.277237e-08
7.536782e-10
1.35054e-11
1.281015e-08
7.067011e-10
1.368503e-11
1.283357e-08
6.599655e-10
1.33605e-11
1.284563e-08
6.142525e-10
1.268206e-11
1.284879e-08
5.700827e-10
1.180874e-11
5.280133e-10
1.076447e-11
1.284527e-08
7.864673e-09
1.053264e-10
9.889007e-13
8.362616e-09
3.05337e-10
-6.836174e-11
8.991504e-09
4.725085e-10
-9.243292e-11
9.633371e-09
6.022889e-10
-8.106296e-11
1.022352e-08
6.973948e-10
-7.183994e-11
1.073575e-08
7.629971e-10
-5.839141e-11
1.116622e-08
8.046433e-10
-4.252193e-11
1.152274e-08
8.271536e-10
-2.803881e-11
1.181669e-08
8.344124e-10
-1.589794e-11
1.205901e-08
8.295253e-10
-6.175984e-12
1.225895e-08
8.150233e-10
1.18332e-12
1.242392e-08
7.930169e-10
6.434109e-12
1.255977e-08
7.652977e-10
9.950785e-12
1.26712e-08
7.333999e-10
1.209874e-11
1.276203e-08
6.986319e-10
1.320161e-11
1.283548e-08
6.621008e-10
1.352898e-11
1.289426e-08
6.247207e-10
1.331522e-11
1.294072e-08
5.872493e-10
1.270799e-11
1.297685e-08
5.50255e-10
1.191073e-11
5.142718e-10
1.088852e-11
1.300456e-08
7.857292e-09
8.311127e-11
8.159741e-13
8.337594e-09
2.420483e-10
-6.944894e-11
8.944095e-09
3.780739e-10
-9.323141e-11
9.562909e-09
4.86883e-10
-8.256806e-11
1.013152e-08
5.695499e-10
-7.378206e-11
1.062482e-08
6.29251e-10
-6.040117e-11
1.103975e-08
6.697475e-10
-4.445213e-11
1.138474e-08
6.945113e-10
-2.976691e-11
1.167167e-08
7.064701e-10
-1.735985e-11
1.19118e-08
7.080385e-10
-7.366741e-12
1.211441e-08
7.012212e-10
2.386257e-13
1.228665e-08
6.877045e-10
5.697284e-12
1.243391e-08
6.689253e-10
9.380394e-12
1.256024e-08
6.461188e-10
1.165606e-11
1.266877e-08
6.203478e-10
1.285526e-11
1.276201e-08
5.925237e-10
1.325274e-11
1.2842e-08
5.634167e-10
1.309436e-11
1.291052e-08
5.33676e-10
1.252362e-11
1.296904e-08
5.038227e-10
1.176789e-11
4.74299e-10
1.076171e-11
1.301905e-08
7.852836e-09
6.555316e-11
4.049141e-13
8.321609e-09
1.91359e-10
-7.111979e-11
8.912779e-09
3.007815e-10
-9.477757e-11
9.515172e-09
3.902272e-10
-8.435651e-11
1.006778e-08
4.599822e-10
-7.560612e-11
1.054625e-08
5.119998e-10
-6.201427e-11
1.094793e-08
5.488106e-10
-4.579631e-11
1.12816e-08
5.728738e-10
-3.082196e-11
1.155946e-08
5.863548e-10
-1.814139e-11
1.179305e-08
5.911063e-10
-7.920182e-12
1.199184e-08
5.88712e-10
-1.413268e-13
1.216309e-08
5.805306e-10
5.43898e-12
1.231212e-08
5.677337e-10
9.199899e-12
1.244283e-08
5.513331e-10
1.151923e-11
1.25581e-08
5.322016e-10
1.273852e-11
1.266014e-08
5.110886e-10
1.314e-11
1.275064e-08
4.886311e-10
1.297875e-11
1.283103e-08
4.653657e-10
1.239871e-11
1.290245e-08
4.417384e-10
1.163809e-11
4.180986e-10
1.062364e-11
1.296604e-08
7.849914e-09
5.112719e-11
3.511779e-13
8.310955e-09
1.493862e-10
-7.181199e-11
8.891515e-09
2.358122e-10
-9.52628e-11
9.482181e-09
3.075942e-10
-8.493403e-11
1.002302e-08
3.646739e-10
-7.622062e-11
1.049025e-08
4.082532e-10
-6.253035e-11
1.088153e-08
4.400231e-10
-4.617686e-11
1.120587e-08
4.616957e-10
-3.105044e-11
1.147564e-08
4.748341e-10
-1.822377e-11
1.170255e-08
4.808215e-10
-7.883438e-12
1.189619e-08
4.808768e-10
-2.161125e-14
1.20639e-08
4.760726e-10
5.605159e-12
1.221105e-08
4.673506e-10
9.38067e-12
1.234153e-08
4.555346e-10
1.16896e-11
1.245816e-08
4.413399e-10
1.288156e-11
1.256303e-08
4.253821e-10
1.324539e-11
1.265772e-08
4.081863e-10
1.304293e-11
1.274348e-08
3.901919e-10
1.242136e-11
1.282128e-08
3.717711e-10
1.162214e-11
3.532013e-10
1.057707e-11
1.289208e-08
7.847976e-09
3.883408e-11
2.702602e-13
8.30374e-09
1.135243e-10
-7.242456e-11
8.876869e-09
1.797284e-10
-9.577881e-11
9.459121e-09
2.353537e-10
-8.547464e-11
9.991331e-09
2.80226e-10
-7.67301e-11
1.045015e-08
3.150853e-10
-6.291235e-11
1.08335e-08
3.410496e-10
-4.640376e-11
1.115057e-08
3.59287e-10
-3.111676e-11
1.141387e-08
3.708935e-10
-1.814386e-11
1.163517e-08
3.768674e-10
-7.686844e-12
1.182415e-08
3.781115e-10
2.554455e-13
1.198818e-08
3.754398e-10
5.926576e-12
1.213265e-08
3.695813e-10
9.714665e-12
1.226144e-08
3.611833e-10
1.201073e-11
1.237738e-08
3.50814e-10
1.31716e-11
1.24825e-08
3.389658e-10
1.349275e-11
1.257832e-08
3.260603e-10
1.324173e-11
1.266605e-08
3.124506e-10
1.257089e-11
1.274657e-08
2.984375e-10
1.172204e-11
2.84242e-10
1.063731e-11
1.282073e-08
7.846659e-09
2.801294e-11
2.556198e-13
8.29882e-09
8.190745e-11
-7.274775e-11
8.866791e-09
1.299292e-10
-9.602134e-11
9.443089e-09
1.706099e-10
-8.57099e-11
9.96908e-09
2.037681e-10
-7.693265e-11
1.042174e-08
2.298519e-10
-6.302842e-11
1.079921e-08
2.495801e-10
-4.641538e-11
1.111082e-08
2.637201e-10
-3.101962e-11
1.136918e-08
2.730075e-10
-1.794728e-11
1.158614e-08
2.781271e-10
-7.410171e-12
1.17714e-08
2.797118e-10
5.877051e-13
1.193235e-08
2.783435e-10
6.288971e-12
1.207439e-08
2.745525e-10
1.008393e-11
1.220139e-08
2.688161e-10
1.236751e-11
1.231614e-08
2.61558e-10
1.350129e-11
1.242066e-08
2.531484e-10
1.378556e-11
1.251645e-08
2.439063e-10
1.349175e-11
1.260465e-08
2.340994e-10
1.277696e-11
1.268614e-08
2.239571e-10
1.188229e-11
2.136484e-10
1.075961e-11
1.276171e-08
7.845791e-09
1.817472e-11
2.383552e-13
8.295556e-09
5.314888e-11
-7.297823e-11
8.860054e-09
8.441609e-11
-9.621821e-11
9.432287e-09
1.11049e-10
-8.589694e-11
9.953973e-09
1.329093e-10
-7.708658e-11
1.040232e-08
1.502517e-10
-6.311437e-11
1.077563e-08
1.635043e-10
-4.641863e-11
1.108334e-08
1.731307e-10
-3.093669e-11
1.133814e-08
1.795816e-10
-1.778575e-11
1.155194e-08
1.832832e-10
-7.184466e-12
1.173448e-08
1.84636e-10
8.594868e-13
1.189314e-08
1.840133e-10
6.587825e-12
1.203332e-08
1.817598e-10
1.039226e-11
1.215886e-08
1.781892e-10
1.267042e-11
1.227255e-08
1.735825e-10
1.378718e-11
1.237637e-08
1.681865e-10
1.404631e-11
1.24718e-08
1.622156e-10
1.372194e-11
1.255996e-08
1.558501e-10
1.297493e-11
1.264171e-08
1.492452e-10
1.204557e-11
1.425163e-10
1.089334e-11
1.27178e-08
7.845259e-09
8.942853e-12
2.341129e-13
8.293556e-09
2.615386e-11
-7.309761e-11
8.855911e-09
4.156842e-11
-9.632178e-11
9.42561e-09
5.474021e-11
-8.598886e-11
9.944587e-09
6.559542e-11
-7.715342e-11
1.039019e-08
7.424935e-11
-6.313964e-11
1.076084e-08
8.090206e-11
-4.639291e-11
1.106604e-08
8.577152e-11
-3.08577e-11
1.131854e-08
8.907141e-11
-1.765856e-11
1.153029e-08
9.100597e-11
-7.017842e-12
1.171105e-08
9.176882e-11
1.054677e-12
1.18682e-08
9.154215e-11
6.799987e-12
1.200714e-08
9.049549e-11
1.061054e-11
1.21317e-08
8.878416e-11
1.288554e-11
1.224464e-08
8.6548e-11
1.399177e-11
1.234793e-08
8.391055e-11
1.423515e-11
1.244304e-08
8.097932e-11
1.389134e-11
1.253106e-08
7.784522e-11
1.312366e-11
1.261282e-08
7.458646e-11
1.217172e-11
7.12618e-11
1.099996e-11
1.268909e-08
7.845006e-09
1.823665e-18
2.303794e-13
8.292606e-09
3.65494e-18
-7.315268e-11
8.853936e-09
4.83943e-18
-9.637916e-11
9.422419e-09
5.831584e-18
-8.604073e-11
9.940086e-09
6.769695e-18
-7.71908e-11
1.038436e-08
7.771539e-18
-6.315669e-11
1.075371e-08
8.848102e-18
-4.63839e-11
1.105768e-08
1.004556e-17
-3.082108e-11
1.130906e-08
1.132917e-17
-1.759715e-11
1.15198e-08
1.275703e-17
-6.936046e-12
1.169967e-08
1.428007e-17
1.151495e-12
1.185608e-08
1.60079e-17
6.906058e-12
1.19944e-08
1.791676e-17
1.072044e-11
1.211847e-08
1.997491e-17
1.299463e-11
1.223103e-08
2.212165e-17
1.409633e-11
1.233405e-08
2.452092e-17
1.433251e-11
1.242897e-08
2.721366e-17
1.397957e-11
1.251689e-08
3.008769e-17
1.320205e-11
1.259864e-08
1.223926e-11
1.105794e-11
1.267495e-08
7.845006e-09
-8.942849e-12
2.303791e-13
8.292606e-09
-2.615385e-11
-7.315268e-11
8.853936e-09
-4.156841e-11
-9.637916e-11
9.422419e-09
-5.47402e-11
-8.604073e-11
9.940086e-09
-6.559541e-11
-7.71908e-11
1.038436e-08
-7.424934e-11
-6.315669e-11
1.075371e-08
-8.090204e-11
-4.63839e-11
1.105768e-08
-8.57715e-11
-3.082108e-11
1.130906e-08
-8.907139e-11
-1.759715e-11
1.15198e-08
-9.100595e-11
-6.936046e-12
1.169967e-08
-9.176879e-11
1.151495e-12
1.185608e-08
-9.154212e-11
6.906058e-12
1.19944e-08
-9.049546e-11
1.072044e-11
1.211847e-08
-8.878412e-11
1.299463e-11
1.223103e-08
-8.654796e-11
1.409633e-11
1.233405e-08
1.433251e-11
1.242897e-08
1.397957e-11
1.320205e-11
7.845259e-09
-1.817472e-11
2.341128e-13
8.293556e-09
-5.314888e-11
-7.309761e-11
8.855911e-09
-8.441608e-11
-9.632178e-11
9.42561e-09
-1.11049e-10
-8.598886e-11
9.944587e-09
-1.329093e-10
-7.715342e-11
1.039019e-08
-1.502516e-10
-6.313964e-11
1.076084e-08
-1.635043e-10
-4.639291e-11
1.106604e-08
-1.731307e-10
-3.08577e-11
1.131854e-08
-1.795815e-10
-1.765857e-11
1.153029e-08
-1.832832e-10
-7.017843e-12
1.171105e-08
-1.846359e-10
1.054676e-12
1.18682e-08
6.799986e-12
1.200714e-08
1.061053e-11
1.21317e-08
1.288554e-11
1.399177e-11
7.845791e-09
2.383541e-13
8.295556e-09
-7.297823e-11
8.860054e-09
-9.621821e-11
9.432287e-09
-8.589694e-11
9.953973e-09
-7.708658e-11
1.040232e-08
-6.311438e-11
1.077563e-08
-4.641863e-11
1.108334e-08
-3.093669e-11
1.133814e-08
-1.778575e-11
1.155194e-08
-7.184467e-12
8.594852e-13
6.381251e-09
1.318626e-09
2.152714e-10
5.308252e-09
1.393044e-09
-4.597305e-10
4.489033e-09
1.066795e-09
-1.838623e-10
3.9416e-09
7.426521e-10
-1.776171e-10
3.580082e-09
5.054048e-10
-1.625213e-10
3.32305e-09
3.545753e-10
-1.145331e-10
3.129078e-09
2.613648e-10
-8.208483e-11
2.975415e-09
2.02638e-10
-5.88511e-11
2.849472e-09
1.637304e-10
-4.297252e-11
2.744274e-09
1.362266e-10
-3.28025e-11
2.655577e-09
1.154926e-10
-2.649241e-11
2.580432e-09
9.906001e-11
-2.256623e-11
2.516575e-09
8.558893e-11
-2.004258e-11
2.46217e-09
7.431002e-11
-1.830504e-11
2.415689e-09
6.474536e-11
-1.699447e-11
2.375861e-09
5.656927e-11
-1.58908e-11
2.341625e-09
4.9544e-11
-1.491419e-11
2.312099e-09
4.347564e-11
-1.393729e-11
2.286564e-09
3.822833e-11
-1.30812e-11
3.358768e-11
-1.205971e-11
2.264452e-09
8.254914e-09
9.575973e-10
-3.285943e-10
8.559591e-09
1.570189e-09
-7.44171e-10
8.550525e-09
1.583359e-09
-6.172299e-10
8.380423e-09
1.375977e-09
-5.249973e-10
8.144805e-09
1.12434e-09
-4.359461e-10
7.885258e-09
9.074877e-10
-3.301988e-10
7.62302e-09
7.389539e-10
-2.404526e-10
7.370422e-09
6.113771e-10
-1.715734e-10
7.134564e-09
5.139799e-10
-1.214968e-10
6.919253e-09
4.378027e-10
-8.689182e-11
6.7259e-09
3.765194e-10
-6.384633e-11
6.554242e-09
3.260054e-10
-4.881045e-11
6.402989e-09
2.836104e-10
-3.907256e-11
6.270331e-09
2.475841e-10
-3.272943e-11
6.15427e-09
2.167154e-10
-2.851358e-11
6.052825e-09
1.901197e-10
-2.558322e-11
5.964144e-09
1.671172e-10
-2.345269e-11
5.886533e-09
1.471618e-10
-2.171416e-11
5.818535e-09
1.298145e-10
-2.035769e-11
1.14633e-10
-1.892012e-11
5.758766e-09
8.214014e-09
5.624869e-10
-7.262459e-11
9.015965e-09
1.198352e-09
-4.245055e-10
9.671764e-09
1.468528e-09
-5.48405e-10
1.008659e-08
1.502239e-09
-5.50212e-10
1.028783e-08
1.407996e-09
-5.059233e-10
1.033088e-08
1.267539e-09
-4.262848e-10
1.026639e-08
1.121837e-09
-3.390533e-10
1.013482e-08
9.870399e-10
-2.602005e-10
9.965885e-09
8.676654e-10
-1.951667e-10
9.780356e-09
7.635033e-10
-1.44837e-10
9.592031e-09
6.72804e-10
-1.076952e-10
9.409511e-09
5.936506e-10
-8.114287e-11
9.23771e-09
5.243765e-10
-6.252765e-11
9.07906e-09
4.6361e-10
-4.961141e-11
8.934401e-09
4.10226e-10
-4.067152e-11
8.803603e-09
3.63288e-10
-3.442698e-11
8.685989e-09
3.219956e-10
-3.001499e-11
8.580571e-09
2.856661e-10
-2.673903e-11
8.486299e-09
2.536814e-10
-2.435859e-11
2.255607e-10
-2.223161e-11
8.401885e-09
8.04589e-09
3.533927e-10
-1.852233e-10
8.801274e-09
8.785545e-10
-5.198895e-10
9.617286e-09
1.195197e-09
-6.300636e-10
1.031841e-08
1.346251e-09
-6.037937e-10
1.084257e-08
1.380268e-09
-5.430898e-10
1.119063e-08
1.343903e-09
-4.597087e-10
1.138932e-08
1.27025e-09
-3.712927e-10
1.147285e-08
1.179496e-09
-2.913061e-10
1.147333e-08
1.083147e-09
-2.240298e-10
1.141731e-08
9.874853e-10
-1.700458e-10
1.13254e-08
8.957836e-10
-1.283836e-10
1.121274e-08
8.09675e-10
-9.715131e-11
1.109005e-08
7.298989e-10
-7.421116e-11
1.096462e-08
6.566861e-10
-5.760845e-11
1.084123e-08
5.899676e-10
-4.571645e-11
1.072282e-08
5.294997e-10
-3.723195e-11
1.06111e-08
4.749275e-10
-3.119629e-11
1.050692e-08
4.258623e-10
-2.681849e-11
1.041058e-08
3.818329e-10
-2.371086e-11
3.425835e-10
-2.120979e-11
1.032184e-08
7.945828e-09
2.420728e-10
-1.729457e-10
8.594834e-09
6.513665e-10
-4.682074e-10
9.373318e-09
9.398085e-10
-5.882855e-10
1.012207e-08
1.119722e-09
-5.72387e-10
1.076115e-08
1.213341e-09
-5.15784e-10
1.126358e-08
1.244409e-09
-4.376126e-10
1.163211e-08
1.232944e-09
-3.550381e-10
1.188436e-08
1.193682e-09
-2.807633e-10
1.204231e-08
1.136993e-09
-2.183569e-10
1.212723e-08
1.070113e-09
-1.678345e-10
1.215759e-08
9.980617e-10
-1.281539e-10
1.214858e-08
9.243194e-10
-9.769745e-11
1.211212e-08
8.512863e-10
-7.470764e-11
1.205739e-08
7.805865e-10
-5.758855e-11
1.199124e-08
7.132755e-10
-4.499047e-11
1.19187e-08
6.499975e-10
-3.579937e-11
1.184337e-08
5.910849e-10
-2.915192e-11
1.176781e-08
5.366836e-10
-2.43315e-11
1.169375e-08
4.867081e-10
-2.089811e-11
4.412686e-10
-1.833042e-11
1.162229e-08
7.898965e-09
1.768404e-10
-1.851289e-10
8.470902e-09
4.97047e-10
-4.824821e-10
9.18272e-09
7.423402e-10
-6.017573e-10
9.896904e-09
9.135351e-10
-5.797778e-10
1.053987e-08
1.022281e-09
-5.128715e-10
1.108109e-08
1.082097e-09
-4.265823e-10
1.15154e-08
1.105216e-09
-3.39464e-10
1.185154e-08
1.101287e-09
-2.638118e-10
1.210342e-08
1.077644e-09
-2.022675e-10
1.228562e-08
1.039921e-09
-1.537178e-10
1.241166e-08
9.925096e-10
-1.162487e-10
1.249327e-08
9.388506e-10
-8.77625e-11
1.25403e-08
8.816415e-10
-6.6318e-11
1.256085e-08
8.229735e-10
-5.031445e-11
1.256148e-08
7.644343e-10
-3.848019e-11
1.254744e-08
7.072003e-10
-2.980851e-11
1.252286e-08
6.521009e-10
-2.351795e-11
1.249101e-08
5.997249e-10
-1.899545e-11
1.245436e-08
5.503718e-10
-1.577511e-11
5.044572e-10
-1.354808e-11
1.241491e-08
7.874926e-09
1.348918e-10
-1.844601e-10
8.400838e-09
3.870004e-10
-4.7916e-10
9.062944e-09
5.906913e-10
-5.973764e-10
9.735444e-09
7.422653e-10
-5.758077e-10
1.035107e-08
8.476464e-10
-5.064028e-10
1.088198e-08
9.151061e-10
-4.165439e-10
1.132328e-08
9.527474e-10
-3.264129e-10
1.168222e-08
9.672656e-10
-2.489458e-10
1.197014e-08
9.638854e-10
-1.869276e-10
1.219847e-08
9.467226e-10
-1.389575e-10
1.237744e-08
9.191027e-10
-1.026773e-10
1.251576e-08
8.837663e-10
-7.56101e-11
1.262072e-08
8.429956e-10
-5.556292e-11
1.269842e-08
7.986889e-10
-4.080298e-11
1.275397e-08
7.524047e-10
-3.001181e-11
1.279164e-08
7.054025e-10
-2.219417e-11
1.281503e-08
6.586666e-10
-1.658911e-11
1.282711e-08
6.129717e-10
-1.265051e-11
1.283034e-08
5.688366e-10
-9.880499e-12
5.268092e-10
-8.153977e-12
1.28269e-08
7.862429e-09
1.052991e-10
-1.86535e-10
8.360238e-09
3.052886e-10
-4.844591e-10
8.988652e-09
4.725848e-10
-6.027399e-10
9.628693e-09
6.024199e-10
-5.812586e-10
1.021667e-08
6.975747e-10
-5.097498e-10
1.07267e-08
7.631779e-10
-4.164862e-10
1.11551e-08
8.047481e-10
-3.229276e-10
1.150984e-08
8.271204e-10
-2.42635e-10
1.180233e-08
8.342019e-10
-1.787023e-10
1.204349e-08
8.291218e-10
-1.297376e-10
1.224254e-08
8.144322e-10
-9.319307e-11
1.240684e-08
7.92258e-10
-6.635224e-11
1.254219e-08
7.643993e-10
-4.680955e-11
1.265326e-08
7.323929e-10
-3.26752e-11
1.274385e-08
6.975471e-10
-2.252857e-11
1.281714e-08
6.609661e-10
-1.532328e-11
1.287583e-08
6.23561e-10
-1.026693e-11
1.292225e-08
5.860844e-10
-6.83052e-12
1.295837e-08
5.491026e-10
-4.475009e-12
5.131431e-10
-3.182656e-12
1.298611e-08
7.855072e-09
8.310496e-11
-1.867492e-10
8.335274e-09
2.420314e-10
-4.863939e-10
8.941273e-09
3.781651e-10
-6.048105e-10
9.55824e-09
4.870406e-10
-5.841557e-10
1.012466e-08
5.6976e-10
-5.123875e-10
1.061575e-08
6.294728e-10
-4.177872e-10
1.102862e-08
6.699177e-10
-3.224876e-10
1.137185e-08
6.945754e-10
-2.404552e-10
1.165737e-08
7.063906e-10
-1.750675e-10
1.18964e-08
7.077966e-10
-1.250695e-10
1.209816e-08
7.008154e-10
-8.791117e-11
1.226978e-08
6.871463e-10
-6.080289e-11
1.241657e-08
6.682342e-10
-4.12448e-11
1.254256e-08
6.453184e-10
-2.725866e-11
1.265085e-08
6.194627e-10
-1.735169e-11
1.274392e-08
5.915776e-10
-1.042965e-11
1.28238e-08
5.624315e-10
-5.663001e-12
1.289226e-08
5.326704e-10
-2.517053e-12
1.295074e-08
5.028132e-10
-4.202173e-13
4.732984e-10
6.069588e-13
1.300074e-08
7.850611e-09
6.5557e-11
-1.873458e-10
8.319315e-09
1.913582e-10
-4.891503e-10
8.909974e-09
3.008657e-10
-6.081377e-10
9.510505e-09
3.903758e-10
-5.882225e-10
1.006091e-08
4.601823e-10
-5.164307e-10
1.053714e-08
5.122175e-10
-4.209938e-10
1.093675e-08
5.489947e-10
-3.24482e-10
1.126867e-08
5.729783e-10
-2.411464e-10
1.154514e-08
5.863464e-10
-1.745694e-10
1.177767e-08
5.909663e-10
-1.236134e-10
1.197567e-08
5.884356e-10
-8.575855e-11
1.214632e-08
5.801239e-10
-5.819361e-11
1.229492e-08
5.672099e-10
-3.837486e-11
1.242532e-08
5.507095e-10
-2.427527e-11
1.254038e-08
5.314974e-10
-1.435644e-11
1.264227e-08
5.103228e-10
-7.488937e-12
1.273267e-08
4.878219e-10
-2.813531e-12
1.281299e-08
4.645291e-10
2.184196e-13
1.288436e-08
4.408887e-10
2.197549e-12
4.172482e-10
3.108342e-12
1.294792e-08
7.847687e-09
5.113312e-11
-1.87599e-10
8.308678e-09
1.49395e-10
-4.908404e-10
8.888718e-09
2.358863e-10
-6.103228e-10
9.477506e-09
3.077242e-10
-5.910703e-10
1.001612e-08
3.648493e-10
-5.195029e-10
1.04811e-08
4.084467e-10
-4.237344e-10
1.08703e-08
4.401945e-10
-3.26579e-10
1.119289e-08
4.618079e-10
-2.424717e-10
1.146129e-08
4.748591e-10
-1.75136e-10
1.168715e-08
4.807426e-10
-1.235232e-10
1.188003e-08
4.806881e-10
-8.514864e-11
1.204718e-08
4.757771e-10
-5.720188e-11
1.219394e-08
4.669573e-10
-3.71226e-11
1.232414e-08
4.550561e-10
-2.286075e-11
1.244058e-08
4.407907e-10
-1.285367e-11
1.254532e-08
4.247772e-10
-5.951145e-12
1.263993e-08
4.075399e-10
-1.275865e-12
1.272562e-08
3.895174e-10
1.733791e-12
1.280338e-08
3.710801e-10
3.675312e-12
3.525045e-10
4.555811e-12
1.287415e-08
7.845743e-09
3.884018e-11
-1.878671e-10
8.301471e-09
1.135361e-10
-4.922937e-10
8.874076e-09
1.797881e-10
-6.122854e-10
9.454438e-09
2.354584e-10
-5.935715e-10
9.984407e-09
2.80368e-10
-5.222173e-10
1.044096e-08
3.152436e-10
-4.262591e-10
1.082222e-08
3.411938e-10
-3.286707e-10
1.113755e-08
3.593881e-10
-2.440213e-10
1.139947e-08
3.709293e-10
-1.76139e-10
1.161975e-08
3.768238e-10
-1.240405e-10
1.180798e-08
3.77983e-10
-8.526941e-11
1.197147e-08
3.752275e-10
-5.701871e-11
1.211557e-08
3.692913e-10
-3.6719e-11
1.224412e-08
3.608246e-10
-2.230604e-11
1.235989e-08
3.503975e-10
-1.220176e-11
1.246489e-08
3.385025e-10
-5.241915e-12
1.256065e-08
3.255614e-10
-5.37623e-13
1.264833e-08
3.119264e-10
2.483961e-12
1.272881e-08
2.978973e-10
4.421209e-12
2.836943e-10
5.306582e-12
1.280295e-08
7.844422e-09
2.801779e-11
-1.88032e-10
8.296556e-09
8.191882e-11
-4.93264e-10
8.863999e-09
1.299741e-10
-6.136506e-10
9.4384e-09
1.706883e-10
-5.953408e-10
9.962138e-09
2.038749e-10
-5.24177e-10
1.041252e-08
2.299716e-10
-4.281375e-10
1.07879e-08
2.496908e-10
-3.302893e-10
1.109776e-08
2.638008e-10
-2.452926e-10
1.135475e-08
2.730415e-10
-1.770498e-10
1.157068e-08
2.781038e-10
-1.246243e-10
1.175521e-08
2.796265e-10
-8.558123e-11
1.191564e-08
2.781965e-10
-5.711817e-11
1.205733e-08
2.743476e-10
-3.666106e-11
1.21841e-08
2.685597e-10
-2.213697e-11
1.22987e-08
2.612577e-10
-1.195811e-11
1.240313e-08
2.528122e-10
-4.950876e-12
1.249886e-08
2.435422e-10
-2.191171e-13
1.258703e-08
2.337151e-10
2.818698e-12
1.266849e-08
2.235594e-10
4.759579e-12
2.132437e-10
5.656946e-12
1.274404e-08
7.843551e-09
1.817806e-11
-1.881609e-10
8.293295e-09
5.315763e-11
-4.939602e-10
8.857263e-09
8.44457e-11
-6.146585e-10
9.427594e-09
1.111008e-10
-5.966398e-10
9.947018e-09
1.329801e-10
-5.25616e-10
1.039308e-08
1.503313e-10
-4.295329e-10
1.076428e-08
1.635787e-10
-3.315131e-10
1.107024e-08
1.731862e-10
-2.462802e-10
1.132368e-08
1.79607e-10
-1.777898e-10
1.153647e-08
1.832714e-10
-1.251379e-10
1.171827e-08
1.845837e-10
-8.590506e-11
1.187643e-08
1.839204e-10
-5.729312e-11
1.201627e-08
1.816286e-10
-3.672514e-11
1.21416e-08
1.780237e-10
-2.212236e-11
1.225514e-08
1.733875e-10
-1.189039e-11
1.235888e-08
1.679673e-10
-4.848994e-12
1.245427e-08
1.619773e-10
-9.712068e-14
1.254241e-08
1.555979e-10
2.953248e-12
1.262413e-08
1.489835e-10
4.897713e-12
1.422494e-10
5.804791e-12
1.270021e-08
7.843018e-09
8.944506e-12
-1.882375e-10
8.291296e-09
2.61587e-11
-4.943769e-10
8.85312e-09
4.158305e-11
-6.152832e-10
9.420913e-09
5.476588e-11
-5.974474e-10
9.937623e-09
6.563069e-11
-5.265135e-10
1.038094e-08
7.428907e-11
-4.304118e-10
1.074948e-08
8.093938e-11
-3.32292e-10
1.105292e-08
8.579967e-11
-2.469169e-10
1.130406e-08
8.908486e-11
-1.782762e-10
1.15148e-08
9.10011e-11
-1.25486e-10
1.169483e-08
9.174392e-11
-8.613672e-11
1.185149e-08
9.149712e-11
-5.743319e-11
1.199009e-08
9.043143e-11
-3.679703e-11
1.211444e-08
8.870296e-11
-2.214598e-11
1.222725e-08
8.645202e-11
-1.188165e-11
1.233047e-08
8.380235e-11
-4.819683e-12
1.242554e-08
8.08615e-11
-5.601332e-14
1.251354e-08
7.772027e-11
3.001569e-12
1.259529e-08
7.445661e-11
4.947717e-12
7.112918e-11
5.860319e-12
1.267155e-08
7.842764e-09
1.853024e-18
-1.882767e-10
8.290346e-09
3.80742e-18
-4.945759e-10
8.851146e-09
5.064598e-18
-6.155959e-10
9.417721e-09
6.080167e-18
-5.978498e-10
9.933118e-09
7.031252e-18
-5.269579e-10
1.03751e-08
8.035808e-18
-4.30849e-10
1.074234e-08
9.106773e-18
-3.326811e-10
1.104455e-08
1.028297e-17
-2.472366e-10
1.129456e-08
1.153916e-17
-1.785229e-10
1.150429e-08
1.292686e-17
-1.256652e-10
1.168345e-08
1.441317e-17
-8.625897e-11
1.183936e-08
1.609844e-17
-5.751057e-11
1.197735e-08
1.796972e-17
-3.6841e-11
1.210122e-08
1.99947e-17
-2.216633e-11
1.221365e-08
2.210842e-17
-1.188622e-11
1.23166e-08
2.445545e-17
-4.814305e-12
1.241149e-08
2.709482e-17
-4.503583e-14
1.249939e-08
2.994026e-17
3.015873e-12
1.258113e-08
3.315083e-17
4.962672e-12
3.666683e-17
5.877646e-12
1.265744e-08
7.842764e-09
-8.944502e-12
-1.882767e-10
8.290346e-09
-2.615869e-11
-4.945759e-10
8.851146e-09
-4.158304e-11
-6.155959e-10
9.417721e-09
-5.476587e-11
-5.978498e-10
9.933118e-09
-6.563068e-11
-5.269579e-10
1.03751e-08
-7.428905e-11
-4.30849e-10
1.074234e-08
-8.093936e-11
-3.326811e-10
1.104455e-08
-8.579965e-11
-2.472366e-10
1.129456e-08
-8.908484e-11
-1.785229e-10
1.150429e-08
-9.100107e-11
-1.256652e-10
1.168345e-08
-9.174389e-11
-8.625897e-11
1.183936e-08
-9.149709e-11
-5.751057e-11
1.197735e-08
-9.043139e-11
-3.6841e-11
1.210122e-08
-8.870292e-11
-2.216633e-11
1.221365e-08
-8.645197e-11
-1.188622e-11
1.23166e-08
-4.814306e-12
1.241149e-08
-4.50364e-14
1.249939e-08
3.015873e-12
1.258113e-08
4.962671e-12
5.877645e-12
1.265744e-08
7.843018e-09
-1.817806e-11
-1.882375e-10
8.291296e-09
-5.315763e-11
-4.943769e-10
8.85312e-09
-8.444569e-11
-6.152832e-10
9.420913e-09
-1.111008e-10
-5.974474e-10
9.937623e-09
-1.329801e-10
-5.265135e-10
1.038094e-08
-1.503313e-10
-4.304118e-10
1.074948e-08
-1.635787e-10
-3.32292e-10
1.105292e-08
-1.731862e-10
-2.469169e-10
1.130406e-08
-1.79607e-10
-1.782762e-10
1.15148e-08
-1.832714e-10
-1.25486e-10
1.169483e-08
-1.845836e-10
-8.613672e-11
1.185149e-08
-5.743319e-11
1.199009e-08
-3.679703e-11
1.211444e-08
-2.214598e-11
-1.188165e-11
7.843551e-09
-1.881609e-10
8.293295e-09
-4.939602e-10
8.857263e-09
-6.146585e-10
9.427594e-09
-5.966398e-10
9.947018e-09
-5.25616e-10
1.039308e-08
-4.295329e-10
1.076428e-08
-3.315131e-10
1.107024e-08
-2.462802e-10
1.132368e-08
-1.777898e-10
1.153647e-08
-1.251379e-10
-8.590506e-11
6.380822e-09
1.319416e-09
1.603456e-10
5.30179e-09
1.401388e-09
-7.820864e-10
4.491579e-09
1.065371e-09
-4.39022e-10
3.941438e-09
7.426304e-10
-3.701067e-10
3.576414e-09
5.067798e-10
-3.042769e-10
3.316047e-09
3.559888e-10
-2.101553e-10
3.119191e-09
2.624656e-10
-1.476936e-10
2.963591e-09
2.032655e-10
-1.065168e-10
2.836485e-09
1.639077e-10
-7.977457e-11
2.730679e-09
1.36041e-10
-6.303766e-11
2.641742e-09
1.150426e-10
-5.259764e-11
2.566581e-09
9.843424e-11
-4.583903e-11
2.502832e-09
8.485879e-11
-4.115317e-11
2.448598e-09
7.352868e-11
-3.759895e-11
2.402313e-09
6.395052e-11
-3.466068e-11
2.362685e-09
5.578662e-11
-3.20491e-11
2.328641e-09
4.879023e-11
-2.966048e-11
2.299295e-09
4.276116e-11
-2.735285e-11
2.273925e-09
3.755808e-11
-2.526878e-11
3.296581e-11
2.251961e-09
-2.306195e-11
8.27118e-09
9.467989e-10
-5.818447e-10
8.579203e-09
1.575106e-09
-1.225912e-09
8.567689e-09
1.583983e-09
-1.124329e-09
8.38848e-09
1.378193e-09
-9.813513e-10
8.141769e-09
1.127482e-09
-8.099365e-10
7.871255e-09
9.100748e-10
-6.13771e-10
7.599594e-09
7.405975e-10
-4.469233e-10
7.340019e-09
6.118783e-10
-3.206113e-10
7.099562e-09
5.134187e-10
-2.305508e-10
6.881522e-09
4.364062e-10
-1.692172e-10
6.686759e-09
3.745331e-10
-1.285738e-10
6.51455e-09
3.236454e-10
-1.018124e-10
6.363271e-09
2.81049e-10
-8.398436e-11
6.230888e-09
2.449494e-10
-7.176729e-11
6.115261e-09
2.140977e-10
-6.303371e-11
6.01432e-09
1.8758e-10
-5.643501e-11
5.926158e-09
1.646947e-10
-5.119582e-11
5.849056e-09
1.448796e-10
-4.673066e-11
5.781535e-09
1.27684e-10
-4.296235e-11
1.12661e-10
5.722208e-09
-3.928792e-11
8.215353e-09
5.608874e-10
-2.567534e-10
9.026672e-09
1.203365e-09
-8.640833e-10
9.68422e-09
1.470431e-09
-1.092401e-09
1.009388e-08
1.504254e-09
-1.085931e-09
1.028472e-08
1.410423e-09
-9.797016e-10
1.031481e-08
1.269298e-09
-8.156052e-10
1.023754e-08
1.122416e-09
-6.435946e-10
1.009512e-08
9.861874e-10
-4.920929e-10
9.917979e-09
8.654198e-10
-3.70028e-10
9.726787e-09
7.601111e-10
-2.773498e-10
9.534883e-09
6.685803e-10
-2.09838e-10
9.350328e-09
5.88898e-10
-1.618406e-10
9.177559e-09
5.193496e-10
-1.280592e-10
9.018638e-09
4.585061e-10
-1.042474e-10
8.874143e-09
4.051883e-10
-8.726695e-11
8.743764e-09
3.584152e-10
-7.488303e-11
8.626703e-09
3.173522e-10
-6.561228e-11
8.521901e-09
2.812899e-10
-5.834726e-11
8.428257e-09
2.495934e-10
-5.262373e-11
2.217649e-10
8.344459e-09
-4.753806e-11
8.048725e-09
3.512719e-10
-3.790205e-10
8.814063e-09
8.785172e-10
-9.603797e-10
9.631986e-09
1.194899e-09
-1.172455e-09
1.032786e-08
1.346326e-09
-1.141741e-09
1.08414e-08
1.380794e-09
-1.026996e-09
1.117578e-08
1.344066e-09
-8.688602e-10
1.136025e-08
1.26943e-09
-7.027754e-10
1.143087e-08
1.177318e-09
-5.530553e-10
1.142069e-08
1.079519e-09
-4.279536e-10
1.135655e-08
9.825541e-10
-3.283407e-10
1.12588e-08
8.898292e-10
-2.518871e-10
1.114221e-08
8.030141e-10
-1.946811e-10
1.101706e-08
7.228285e-10
-1.525345e-10
1.089023e-08
6.49456e-10
-1.217275e-10
1.076617e-08
5.827724e-10
-9.92401e-11
1.06476e-08
5.22482e-10
-8.272674e-11
1.053604e-08
4.681868e-10
-7.047951e-11
1.043223e-08
4.194615e-10
-6.117153e-11
1.033637e-08
3.75813e-10
-5.407457e-11
3.369546e-10
1.024817e-08
-4.820304e-11
7.950079e-09
2.414475e-10
-3.678874e-10
8.608155e-09
6.515854e-10
-8.993522e-10
9.388114e-09
9.397677e-10
-1.113113e-09
1.013144e-08
1.11932e-09
-1.08871e-09
1.076004e-08
1.212809e-09
-9.764013e-10
1.124906e-08
1.243423e-09
-8.259815e-10
1.160349e-08
1.231087e-09
-6.71125e-10
1.184255e-08
1.190635e-09
-5.331393e-10
1.198911e-08
1.13261e-09
-4.180172e-10
1.206476e-08
1.064439e-09
-3.25365e-10
1.208794e-08
9.912838e-10
-2.52784e-10
1.207357e-08
9.16699e-10
-1.970124e-10
1.203328e-08
8.431028e-10
-1.547006e-10
1.197593e-08
7.721004e-10
-1.228758e-10
1.190806e-08
7.047089e-10
-9.906451e-11
1.183449e-08
6.415271e-10
-8.126852e-11
1.175863e-08
5.828447e-10
-6.79488e-11
1.168287e-08
5.287671e-10
-5.787984e-11
1.160886e-08
4.791834e-10
-5.025837e-11
4.341641e-10
1.15376e-08
-4.427996e-11
7.903555e-09
1.764646e-10
-3.783886e-10
8.484711e-09
4.965701e-10
-9.086224e-10
9.198224e-09
7.416683e-10
-1.117171e-09
9.906852e-09
9.125282e-10
-1.081614e-09
1.053913e-08
1.021062e-09
-9.534019e-10
1.106691e-08
1.080493e-09
-7.914318e-10
1.14873e-08
1.102922e-09
-6.316868e-10
1.181047e-08
1.09803e-09
-4.943857e-10
1.205104e-08
1.073251e-09
-3.834729e-10
1.222381e-08
1.034357e-09
-2.964018e-10
1.234222e-08
9.858644e-10
-2.292388e-10
1.241781e-08
9.31302e-10
-1.779635e-10
1.246021e-08
8.734117e-10
-1.390284e-10
1.247728e-08
8.142941e-10
-1.095736e-10
1.247535e-08
7.555219e-10
-8.736101e-11
1.245947e-08
6.982423e-10
-7.064555e-11
1.243363e-08
6.432518e-10
-5.80812e-11
1.240092e-08
5.911025e-10
-4.862972e-11
1.236376e-08
5.420687e-10
-4.149127e-11
4.965263e-10
1.232401e-08
-3.616863e-11
7.879798e-09
1.347131e-10
-3.771941e-10
8.414903e-09
3.865557e-10
-9.042504e-10
9.078693e-09
5.900406e-10
-1.109539e-09
9.745496e-09
7.412688e-10
-1.071352e-09
1.035026e-08
8.463695e-10
-9.364702e-10
1.086767e-08
9.134705e-10
-7.669384e-10
1.129519e-08
9.505495e-10
-6.015534e-10
1.164148e-08
9.642932e-10
-4.615013e-10
1.191845e-08
9.599769e-10
-3.506269e-10
1.213764e-08
9.418049e-10
-2.655894e-10
1.230912e-08
9.13199e-10
-2.01492e-10
1.244138e-08
8.769797e-10
-1.535508e-10
1.254149e-08
8.354824e-10
-1.177452e-10
1.261534e-08
7.906314e-10
-9.099348e-11
1.266787e-08
7.439891e-10
-7.100476e-11
1.27032e-08
6.96803e-10
-5.608311e-11
1.272478e-08
6.500372e-10
-4.495397e-11
1.273549e-08
6.044394e-10
-3.670237e-11
1.27377e-08
5.605069e-10
-3.052261e-11
5.187548e-10
1.27335e-08
-2.618658e-11
7.867385e-09
1.051755e-10
-3.790703e-10
8.374413e-09
3.048344e-10
-9.097651e-10
9.004551e-09
4.719089e-10
-1.114746e-09
9.638812e-09
6.014556e-10
-1.075707e-09
1.021576e-08
6.963707e-10
-9.366953e-10
1.071216e-08
7.616949e-10
-7.611135e-10
1.11268e-08
8.028404e-10
-5.898542e-10
1.146906e-08
8.246164e-10
-4.452225e-10
1.17509e-08
8.309545e-10
-3.315241e-10
1.198327e-08
8.250421e-10
-2.4534e-10
1.217515e-08
8.095027e-10
-1.813734e-10
1.233362e-08
7.865278e-10
-1.343744e-10
1.246425e-08
7.579681e-10
-9.992575e-11
1.257148e-08
7.253925e-10
-7.466399e-11
1.265894e-08
6.901238e-10
-5.612557e-11
1.272969e-08
6.532664e-10
-4.253385e-11
1.278631e-08
6.157223e-10
-3.257761e-11
1.283107e-08
5.782276e-10
-2.537185e-11
1.286584e-08
5.413323e-10
-2.007432e-11
5.055411e-10
1.289248e-08
-1.660799e-11
7.860086e-09
8.302226e-11
-3.793697e-10
8.349515e-09
2.416637e-10
-9.126524e-10
8.957233e-09
3.775885e-10
-1.118208e-09
9.568332e-09
4.862262e-10
-1.080025e-09
1.012356e-08
5.687488e-10
-9.39998e-10
1.06009e-08
6.282465e-10
-7.616701e-10
1.099994e-08
6.683724e-10
-5.8706e-10
1.133076e-08
6.925747e-10
-4.392362e-10
1.160582e-08
7.038075e-10
-3.229812e-10
1.183632e-08
7.045423e-10
-2.350691e-10
1.203122e-08
6.968538e-10
-1.701619e-10
1.21973e-08
6.824938e-10
-1.228523e-10
1.233961e-08
6.62951e-10
-8.853757e-11
1.246194e-08
6.394957e-10
-6.368681e-11
1.25672e-08
6.132097e-10
-4.570533e-11
1.265776e-08
5.850103e-10
-3.272983e-11
1.273555e-08
5.556638e-10
-2.338894e-11
1.280223e-08
5.258079e-10
-1.678252e-11
1.285922e-08
4.959499e-10
-1.202855e-11
4.665143e-10
1.290795e-08
-9.095303e-12
7.855644e-09
6.549417e-11
-3.801496e-10
8.333587e-09
1.910585e-10
-9.164872e-10
8.925968e-09
3.003795e-10
-1.12331e-09
9.520565e-09
3.897009e-10
-1.086294e-09
1.005966e-08
4.593574e-10
-9.461316e-10
1.0522e-08
5.112359e-10
-7.663267e-10
1.09077e-08
5.47781e-10
-5.895874e-10
1.12272e-08
5.714242e-10
-4.395022e-10
1.14933e-08
5.843441e-10
-3.212064e-10
1.171746e-08
5.884338e-10
-2.316642e-10
1.190881e-08
5.853299e-10
-1.655815e-10
1.207418e-08
5.764435e-10
-1.175093e-10
1.221853e-08
5.629893e-10
-8.27672e-11
1.234548e-08
5.460108e-10
-5.773972e-11
1.245769e-08
5.264002e-10
-3.975472e-11
1.255718e-08
5.04916e-10
-2.688851e-11
1.264556e-08
4.82196e-10
-1.77216e-11
1.272414e-08
4.587712e-10
-1.132743e-11
1.279401e-08
4.35078e-10
-6.797507e-12
4.114562e-10
1.285626e-08
-4.083604e-12
7.852734e-09
5.108667e-11
-3.806125e-10
8.322972e-09
1.49166e-10
-9.191862e-10
8.904729e-09
2.355024e-10
-1.127203e-09
9.487529e-09
3.071936e-10
-1.091363e-09
1.001474e-08
3.642063e-10
-9.515587e-10
1.046571e-08
4.076909e-10
-7.711615e-10
1.084091e-08
4.392713e-10
-5.932738e-10
1.115106e-08
4.606329e-10
-4.418247e-10
1.140912e-08
4.73344e-10
-3.22196e-10
1.162671e-08
4.788162e-10
-2.314976e-10
1.181307e-08
4.783082e-10
-1.644909e-10
1.197511e-08
4.729334e-10
-1.157261e-10
1.21178e-08
4.636688e-10
-8.049465e-11
1.224473e-08
4.513646e-10
-5.51432e-11
1.235848e-08
4.367539e-10
-3.696078e-11
1.246098e-08
4.204619e-10
-2.39901e-11
1.255366e-08
4.030162e-10
-1.478339e-11
1.263771e-08
3.848544e-10
-8.392341e-12
1.271402e-08
3.663419e-10
-3.898011e-12
3.477509e-10
1.278349e-08
-1.21436e-12
7.850795e-09
3.880566e-11
-3.81069e-10
8.315776e-09
1.133648e-10
-9.214727e-10
8.890097e-09
1.79494e-10
-1.130599e-09
9.464433e-09
2.350537e-10
-1.095767e-09
9.982919e-09
2.798823e-10
-9.563789e-10
1.042538e-08
3.146791e-10
-7.757067e-10
1.079257e-08
3.405118e-10
-5.971068e-10
1.109541e-08
3.585246e-10
-4.447509e-10
1.1347e-08
3.698147e-10
-3.242011e-10
1.155905e-08
3.753997e-10
-2.32675e-10
1.174086e-08
3.76212e-10
-1.649793e-10
1.189935e-08
3.730964e-10
-1.156698e-10
1.203951e-08
3.668094e-10
-8.002418e-11
1.216492e-08
3.5802e-10
-5.436772e-11
1.227813e-08
3.47311e-10
-3.596681e-11
1.238101e-08
3.351834e-10
-2.284359e-11
1.247496e-08
3.220623e-10
-1.353346e-11
1.256107e-08
3.083003e-10
-7.071568e-12
1.264017e-08
2.941939e-10
-2.537434e-12
2.79961e-10
1.271308e-08
1.930548e-13
7.849479e-09
2.799351e-11
-3.813867e-10
8.310869e-09
8.179839e-11
-9.230875e-10
8.880028e-09
1.29763e-10
-1.133078e-09
9.448372e-09
1.703983e-10
-1.09903e-09
9.960572e-09
2.03529e-10
-9.600232e-10
1.03968e-08
2.295727e-10
-7.792552e-10
1.075804e-08
2.492125e-10
-6.002361e-10
1.105538e-08
2.631971e-10
-4.473036e-10
1.130203e-08
2.72261e-10
-3.261486e-10
1.150977e-08
2.771019e-10
-2.340663e-10
1.168793e-08
2.783734e-10
-1.65898e-10
1.184343e-08
2.766797e-10
-1.16207e-10
1.198127e-08
2.725713e-10
-8.026341e-11
1.2105e-08
2.665416e-10
-5.437964e-11
1.221713e-08
2.59026e-10
-3.580791e-11
1.231952e-08
2.504015e-10
-2.2557e-11
1.241352e-08
2.409902e-10
-1.315202e-11
1.25002e-08
2.310601e-10
-6.616051e-12
1.258034e-08
2.208379e-10
-2.030548e-12
2.104908e-10
1.265471e-08
7.597349e-13
7.84861e-09
1.816248e-11
-3.816277e-10
8.307612e-09
5.3081e-11
-9.242449e-10
8.873296e-09
8.430895e-11
-1.134888e-09
9.43755e-09
1.109133e-10
-1.101409e-09
9.945398e-09
1.327578e-10
-9.626926e-10
1.037725e-08
1.500764e-10
-7.818913e-10
1.073429e-08
1.632749e-10
-6.026085e-10
1.102769e-08
1.728037e-10
-4.492956e-10
1.127079e-08
1.791119e-10
-3.277347e-10
1.147539e-08
1.826338e-10
-2.352756e-10
1.165086e-08
1.837829e-10
-1.667849e-10
1.180414e-08
1.829469e-10
-1.168321e-10
1.194018e-08
1.804838e-10
-8.06832e-11
1.206252e-08
1.767182e-10
-5.464183e-11
1.217367e-08
1.719388e-10
-3.595063e-11
1.227544e-08
1.663974e-10
-2.26091e-11
1.236915e-08
1.603105e-10
-1.31354e-11
1.245585e-08
1.538592e-10
-6.543846e-12
1.253631e-08
1.471969e-10
-1.917686e-12
1.40438e-10
1.261125e-08
9.199932e-13
7.848078e-09
8.936882e-12
-3.817772e-10
8.305617e-09
2.612178e-11
-9.249564e-10
8.869155e-09
4.15159e-11
-1.136029e-09
9.430859e-09
5.467401e-11
-1.102912e-09
9.935968e-09
6.552217e-11
-9.643864e-10
1.036505e-08
7.416502e-11
-7.835803e-10
1.071938e-08
8.079199e-11
-6.041459e-10
1.101026e-08
8.56144e-11
-4.506052e-10
1.125105e-08
8.88448e-11
-3.287984e-10
1.145362e-08
9.069123e-11
-2.361094e-10
1.162733e-08
9.135369e-11
-1.67421e-10
1.177913e-08
9.102145e-11
-1.173075e-10
1.191398e-08
8.987065e-11
-8.103256e-11
1.203538e-08
8.806197e-11
-5.489466e-11
1.214583e-08
8.573923e-11
-3.613055e-11
1.224712e-08
8.302846e-11
-2.273384e-11
1.234055e-08
8.003843e-11
-1.321838e-11
1.242714e-08
7.686036e-11
-6.592782e-12
1.250766e-08
7.357173e-11
-1.941384e-12
7.023082e-11
1.25828e-08
9.259232e-13
7.847825e-09
1.962796e-18
-3.818521e-10
8.304668e-09
4.14121e-18
-9.252973e-10
8.867182e-09
5.536622e-18
-1.136594e-09
9.427662e-09
6.598106e-18
-1.103655e-09
9.931447e-09
7.560112e-18
-9.652208e-10
1.035918e-08
8.563121e-18
-7.844162e-10
1.07122e-08
9.626928e-18
-6.049104e-10
1.100184e-08
1.078036e-17
-4.5126e-10
1.124149e-08
1.200309e-17
-3.293349e-10
1.144306e-08
1.334032e-17
-2.365349e-10
1.16159e-08
1.477772e-17
-1.677509e-10
1.176697e-08
1.641243e-17
-1.175595e-10
1.190123e-08
1.824147e-17
-8.122366e-11
1.202216e-08
2.02326e-17
-5.503924e-11
1.213225e-08
2.232756e-17
-3.624017e-11
1.223328e-08
2.462477e-17
-2.281718e-11
1.232656e-08
2.720779e-17
-1.3282e-11
1.241308e-08
2.999427e-17
-6.64042e-12
1.249359e-08
3.313645e-17
-1.97717e-12
3.661719e-17
1.256879e-08
9.039774e-13
7.847825e-09
-8.936878e-12
-3.818521e-10
8.304668e-09
-2.612177e-11
-9.252973e-10
8.867182e-09
-4.151589e-11
-1.136594e-09
9.427662e-09
-5.4674e-11
-1.103655e-09
9.931447e-09
-6.552215e-11
-9.652208e-10
1.035918e-08
-7.416501e-11
-7.844162e-10
1.07122e-08
-8.079197e-11
-6.049104e-10
1.100184e-08
-8.561438e-11
-4.5126e-10
1.124149e-08
-8.884477e-11
-3.293349e-10
1.144306e-08
-9.069121e-11
-2.365349e-10
1.16159e-08
-9.135366e-11
-1.677509e-10
1.176697e-08
-9.102142e-11
-1.175595e-10
1.190123e-08
-8.987061e-11
-8.122366e-11
1.202216e-08
-8.806193e-11
-5.503924e-11
1.213225e-08
-8.573918e-11
-3.624017e-11
1.223328e-08
-8.302841e-11
-2.281718e-11
1.232656e-08
-8.003838e-11
-1.3282e-11
1.241308e-08
-7.68603e-11
-6.64042e-12
1.249359e-08
-7.357166e-11
-1.97717e-12
-7.023074e-11
1.256879e-08
9.039763e-13
7.848078e-09
-1.816247e-11
-3.817772e-10
8.305617e-09
-5.308099e-11
-9.249564e-10
8.869155e-09
-8.430894e-11
-1.136029e-09
9.430859e-09
-1.109133e-10
-1.102912e-09
9.935968e-09
-1.327578e-10
-9.643864e-10
1.036505e-08
-1.500764e-10
-7.835803e-10
1.071938e-08
-1.632749e-10
-6.041459e-10
1.101026e-08
-1.728037e-10
-4.506052e-10
1.125105e-08
-1.791119e-10
-3.287984e-10
1.145362e-08
-1.826338e-10
-2.361094e-10
1.162733e-08
-1.837828e-10
-1.67421e-10
1.177913e-08
-1.173075e-10
1.191398e-08
-8.103256e-11
1.203538e-08
-5.489466e-11
1.214583e-08
-3.613055e-11
1.224712e-08
-2.273384e-11
1.234055e-08
-1.321838e-11
1.242714e-08
-6.592782e-12
1.250766e-08
-1.941384e-12
1.25828e-08
9.259202e-13
7.84861e-09
-3.816277e-10
8.307612e-09
-9.242449e-10
8.873296e-09
-1.134888e-09
9.43755e-09
-1.101409e-09
9.945398e-09
-9.626926e-10
1.037725e-08
-7.818913e-10
1.073429e-08
-6.026085e-10
1.102769e-08
-4.492956e-10
1.127079e-08
-3.277347e-10
1.147539e-08
-2.352756e-10
-1.667849e-10
2.200871e-09
1.838892e-11
1.956255e-11
2.189006e-09
1.697716e-11
1.820809e-11
2.178148e-09
1.563135e-11
1.693391e-11
1.439242e-11
1.572823e-11
5.57552e-09
6.341299e-11
3.829809e-11
5.543386e-09
5.846586e-11
3.558779e-11
5.513844e-09
5.392099e-11
3.306132e-11
4.975337e-11
3.068373e-11
8.118618e-09
1.257864e-10
4.8158e-11
8.072206e-09
1.162326e-10
4.472736e-11
8.029239e-09
1.075033e-10
4.15551e-11
9.949894e-11
3.858352e-11
9.968542e-09
1.927927e-10
5.255e-11
9.917626e-09
1.789697e-10
4.872583e-11
9.869894e-09
1.662707e-10
4.524639e-11
1.545635e-10
4.202623e-11
1.123256e-08
2.508543e-10
5.15346e-11
1.118836e-08
2.342755e-10
4.766805e-11
1.114609e-08
2.188875e-10
4.421227e-11
2.045746e-10
4.106724e-11
1.201754e-08
2.898123e-10
4.606541e-11
1.198876e-08
2.72457e-10
4.246819e-11
1.196024e-08
2.561487e-10
3.930335e-11
2.408169e-10
3.647709e-11
1.244026e-08
3.057853e-10
3.791627e-11
1.243058e-08
2.893479e-10
3.477675e-11
1.241968e-08
2.73708e-10
3.205225e-11
2.588416e-10
2.966732e-11
1.261759e-08
3.006692e-10
2.942767e-11
1.26258e-08
2.861652e-10
2.674505e-11
1.263189e-08
2.722104e-10
2.444702e-11
2.588121e-10
2.247673e-11
1.264998e-08
2.795656e-10
2.235032e-11
1.267205e-08
2.673527e-10
1.999279e-11
1.269166e-08
2.554999e-10
1.799702e-11
2.44028e-10
1.631829e-11
1.261099e-08
2.480609e-10
1.745391e-11
1.264229e-08
2.380847e-10
1.525829e-11
1.267117e-08
2.283458e-10
1.341459e-11
2.188674e-10
1.188357e-11
1.254658e-08
2.106091e-10
1.461951e-11
1.258333e-08
2.026571e-10
1.246298e-11
1.261782e-08
1.948675e-10
1.065735e-11
1.265021e-08
1.872606e-10
9.164614e-12
1.798555e-10
7.909667e-12
1.248123e-08
1.701114e-10
1.329439e-11
1.252089e-08
1.639679e-10
1.111265e-11
1.255847e-08
1.579387e-10
9.284303e-12
1.259411e-08
1.520402e-10
7.77076e-12
1.462884e-10
6.500254e-12
1.242579e-08
1.281915e-10
1.286563e-11
1.24669e-08
1.236957e-10
1.063942e-11
1.250607e-08
1.192791e-10
8.769278e-12
1.254343e-08
1.149543e-10
7.215556e-12
1.107333e-10
5.908813e-12
1.238399e-08
8.565578e-11
1.286061e-11
1.242578e-08
8.270539e-11
1.059431e-11
1.246574e-08
7.980525e-11
8.685842e-12
1.250396e-08
7.6964e-11
7.094632e-12
7.41897e-11
5.752744e-12
1.235644e-08
4.28711e-11
1.298264e-11
1.239855e-08
4.140862e-11
1.068898e-11
1.243887e-08
3.997056e-11
8.754053e-12
1.247751e-08
3.856134e-11
7.136689e-12
1.251454e-08
3.718502e-11
5.76982e-12
3.584447e-11
4.612627e-12
1.234283e-08
1.307571e-11
1.238507e-08
1.076862e-11
1.242554e-08
8.820631e-12
1.246433e-08
7.190263e-12
1.250155e-08
5.810853e-12
4.641694e-12
2.228623e-09
1.931728e-11
1.332052e-11
2.216619e-09
1.785167e-11
1.236038e-11
2.205632e-09
1.645362e-11
1.146818e-11
1.516399e-11
1.062344e-11
5.656638e-09
6.634496e-11
2.676434e-11
5.624074e-09
6.122593e-11
2.477771e-11
5.594125e-09
5.651616e-11
2.294784e-11
5.219014e-11
2.122879e-11
8.246125e-09
1.313478e-10
3.401992e-11
8.199098e-09
1.214783e-10
3.150221e-11
8.155533e-09
1.124452e-10
2.91911e-11
1.041493e-10
2.702528e-11
1.013234e-08
2.010613e-10
3.767766e-11
1.008088e-08
1.86803e-10
3.486073e-11
1.003259e-08
1.736803e-10
3.230533e-11
1.615632e-10
2.993605e-11
1.142136e-08
2.613473e-10
3.740511e-11
1.1377e-08
2.442773e-10
3.455484e-11
1.133448e-08
2.284018e-10
3.200307e-11
2.136106e-10
2.967364e-11
1.222078e-08
3.016418e-10
3.393417e-11
1.219244e-08
2.838133e-10
3.127202e-11
1.216421e-08
2.670235e-10
2.891391e-11
2.512094e-10
2.679886e-11
1.264975e-08
3.179426e-10
2.844626e-11
1.264113e-08
3.011057e-10
2.610792e-11
1.26311e-08
2.850461e-10
2.405346e-11
2.697483e-10
2.224374e-11
1.282808e-08
3.12287e-10
2.26164e-11
1.283784e-08
2.974809e-10
2.060221e-11
1.28453e-08
2.831956e-10
1.884537e-11
2.694469e-10
1.732524e-11
1.285886e-08
2.90052e-10
1.7699e-11
1.288279e-08
2.776299e-10
1.59152e-11
1.290408e-08
2.655367e-10
1.437056e-11
2.538005e-10
1.305512e-11
1.281747e-08
2.570982e-10
1.427972e-11
1.285076e-08
2.46987e-10
1.26087e-11
1.288146e-08
2.370829e-10
1.117006e-11
2.274149e-10
9.957539e-12
1.27508e-08
2.180791e-10
1.230161e-11
1.278955e-08
2.100443e-10
1.065442e-11
1.28259e-08
2.021453e-10
9.240038e-12
1.286002e-08
1.944072e-10
8.052017e-12
1.868528e-10
7.038353e-12
1.268366e-08
1.760074e-10
1.138886e-11
1.272529e-08
1.698153e-10
9.718915e-12
1.276472e-08
1.637159e-10
8.284935e-12
1.280209e-08
1.57729e-10
7.078917e-12
1.518733e-10
6.051282e-12
1.262695e-08
1.325534e-10
1.111019e-11
1.266998e-08
1.280305e-10
9.404059e-12
1.271095e-08
1.235704e-10
7.936982e-12
1.275001e-08
1.191881e-10
6.699233e-12
1.148976e-10
5.642903e-12
1.25843e-08
8.85317e-11
1.112907e-11
1.262796e-08
8.55673e-11
9.39082e-12
1.266968e-08
8.264213e-11
7.893693e-12
1.270957e-08
7.976642e-11
6.626657e-12
7.694957e-11
5.54287e-12
1.255623e-08
4.429897e-11
1.123223e-11
1.260018e-08
4.283063e-11
9.472104e-12
1.264225e-08
4.138118e-11
7.954235e-12
1.268253e-08
3.995582e-11
6.666775e-12
1.272112e-08
3.855929e-11
5.563499e-12
3.719503e-11
4.613175e-12
1.254238e-08
1.130706e-11
1.258644e-08
9.536196e-12
1.262863e-08
8.008058e-12
1.266907e-08
6.710429e-12
1.270784e-08
5.597362e-12
4.63775e-12
2.246187e-09
1.993576e-11
6.546011e-12
2.234103e-09
1.843406e-11
6.010845e-12
2.223038e-09
1.700158e-11
5.530932e-12
1.56783e-11
5.075489e-12
5.708041e-09
6.828162e-11
1.417685e-11
5.675226e-09
6.305027e-11
1.297622e-11
5.645038e-09
5.823284e-11
1.190512e-11
5.380304e-11
1.090187e-11
8.327031e-09
1.350193e-10
1.850425e-11
8.279651e-09
1.249447e-10
1.698754e-11
8.235739e-09
1.157136e-10
1.562201e-11
1.07227e-10
1.43381e-11
1.023637e-08
2.065168e-10
2.127881e-11
1.018462e-08
1.919772e-10
1.957549e-11
1.013602e-08
1.785789e-10
1.804185e-11
1.661946e-10
1.661003e-11
1.154129e-08
2.68265e-10
2.175545e-11
1.149691e-08
2.508792e-10
2.003763e-11
1.145431e-08
2.346882e-10
1.8492e-11
2.195861e-10
1.706737e-11
1.234987e-08
3.09435e-10
2.042571e-11
1.232191e-08
2.913044e-10
1.881392e-11
1.229394e-08
2.742044e-10
1.736008e-11
2.580783e-10
1.604067e-11
1.278273e-08
3.259453e-10
1.782992e-11
1.277489e-08
3.088557e-10
1.639839e-11
1.276552e-08
2.925277e-10
1.510054e-11
2.769524e-10
1.394057e-11
1.29616e-08
3.199279e-10
1.490803e-11
1.297247e-08
3.04933e-10
1.36555e-11
1.298089e-08
2.904386e-10
1.251425e-11
2.764662e-10
1.15081e-11
1.299128e-08
2.969417e-10
1.236243e-11
1.30165e-08
2.843915e-10
1.123555e-11
1.303895e-08
2.721481e-10
1.020724e-11
2.602448e-10
9.310634e-12
1.29483e-08
2.630294e-10
1.056898e-11
1.298296e-08
2.528376e-10
9.500084e-12
1.301492e-08
2.428322e-10
8.526707e-12
2.330461e-10
7.683706e-12
1.288017e-08
2.22976e-10
9.534755e-12
1.292029e-08
2.148939e-10
8.472389e-12
1.295793e-08
2.069296e-10
7.507856e-12
1.299324e-08
1.991109e-10
6.674052e-12
1.914631e-10
5.943113e-12
1.281189e-08
1.798685e-10
9.076858e-12
1.285486e-08
1.736504e-10
7.994218e-12
1.289555e-08
1.675101e-10
7.013547e-12
1.293411e-08
1.614697e-10
6.164801e-12
1.555499e-10
5.421641e-12
1.275438e-08
1.354073e-10
8.963676e-12
1.279871e-08
1.30871e-10
7.85398e-12
1.284092e-08
1.263863e-10
6.84989e-12
1.288114e-08
1.219698e-10
5.978732e-12
1.17637e-10
5.215204e-12
1.271119e-08
9.041212e-11
9.008686e-12
1.275613e-08
8.744146e-11
7.875731e-12
1.279906e-08
8.450258e-11
6.850826e-12
1.284009e-08
8.160668e-11
5.959456e-12
7.876406e-11
5.176976e-12
1.26828e-08
4.523218e-11
9.090776e-12
1.272801e-08
4.376148e-11
7.94206e-12
1.277126e-08
4.230592e-11
6.902794e-12
1.281266e-08
4.087121e-11
5.997355e-12
1.285233e-08
3.94625e-11
5.201473e-12
3.808365e-11
4.494207e-12
1.266879e-08
9.145311e-12
1.27141e-08
7.988853e-12
1.275747e-08
6.942455e-12
1.279903e-08
6.029996e-12
1.283886e-08
5.227373e-12
4.513794e-12
2.253721e-09
2.022933e-11
-4.949656e-13
2.241611e-09
1.87092e-11
-5.88934e-13
2.230522e-09
1.72603e-11
-6.401487e-13
1.592071e-11
-6.916374e-13
5.730111e-09
6.917097e-11
1.075324e-12
5.697219e-09
6.388727e-11
6.904961e-13
5.666953e-09
5.90204e-11
4.113982e-13
5.454268e-11
1.527939e-13
8.361817e-09
1.367015e-10
2.296156e-12
8.314334e-09
1.265332e-10
1.824001e-12
8.270315e-09
1.172113e-10
1.450166e-12
1.086373e-10
1.087535e-12
1.028113e-08
2.090139e-10
4.100983e-12
1.022933e-08
1.94347e-10
3.564402e-12
1.018065e-08
1.80823e-10
3.105577e-12
1.683166e-10
2.656447e-12
1.159291e-08
2.714273e-10
5.321498e-12
1.15486e-08
2.539e-10
4.794639e-12
1.150604e-08
2.375657e-10
4.309396e-12
2.223225e-10
3.836359e-12
1.24054e-08
3.129957e-10
6.194688e-12
1.23777e-08
2.947305e-10
5.692433e-12
1.234994e-08
2.774906e-10
5.193723e-12
2.612234e-10
4.714747e-12
1.283989e-08
3.296017e-10
6.598972e-12
1.283249e-08
3.123999e-10
6.129577e-12
1.28235e-08
2.959513e-10
5.632783e-12
2.80251e-10
5.1627e-12
1.301895e-08
3.234194e-10
6.704746e-12
1.30304e-08
3.083411e-10
6.263558e-12
1.303933e-08
2.937532e-10
5.775705e-12
2.796803e-10
5.3184e-12
1.304811e-08
3.0009e-10
6.634641e-12
1.307399e-08
2.874835e-10
6.209543e-12
1.309705e-08
2.751735e-10
5.730483e-12
2.631954e-10
5.283442e-12
1.300442e-08
2.65739e-10
6.540826e-12
1.303977e-08
2.555123e-10
6.116021e-12
1.307237e-08
2.454623e-10
5.638324e-12
2.356235e-10
5.19319e-12
1.293564e-08
2.252119e-10
6.494297e-12
1.297646e-08
2.171097e-10
6.05758e-12
1.301474e-08
2.091169e-10
5.572647e-12
1.305066e-08
2.012626e-10
5.120653e-12
1.935734e-10
4.696165e-12
1.286688e-08
1.816301e-10
6.512527e-12
1.291052e-08
1.754012e-10
6.058037e-12
1.295185e-08
1.692435e-10
5.560818e-12
1.2991e-08
1.631798e-10
5.097092e-12
1.572316e-10
4.66223e-12
1.280902e-08
1.367084e-10
6.572461e-12
1.285401e-08
1.321669e-10
6.100507e-12
1.289684e-08
1.276719e-10
5.590227e-12
1.293764e-08
1.232407e-10
5.113884e-12
1.188892e-10
4.667403e-12
1.27656e-08
9.126881e-11
6.644527e-12
1.281119e-08
8.829591e-11
6.158659e-12
1.285473e-08
8.535141e-11
5.637423e-12
1.289633e-08
8.244688e-11
5.15043e-12
7.959303e-11
4.693946e-12
1.273708e-08
4.565716e-11
6.704221e-12
1.278293e-08
4.418568e-11
6.209066e-12
1.282677e-08
4.272766e-11
5.68028e-12
1.286874e-08
4.128897e-11
5.185926e-12
1.290894e-08
3.987499e-11
4.722458e-12
3.848972e-11
4.27916e-12
1.272302e-08
6.737293e-12
1.276895e-08
6.237576e-12
1.281292e-08
5.705007e-12
1.285503e-08
5.206961e-12
1.289539e-08
4.739975e-12
4.293505e-12
2.251293e-09
2.01947e-11
-7.531264e-12
2.239213e-09
1.867325e-11
-7.182091e-12
2.228149e-09
1.722589e-11
-6.802059e-12
1.588717e-11
-6.448779e-12
5.723023e-09
6.899123e-11
-1.197746e-11
5.690222e-09
6.371501e-11
-1.155059e-11
5.660036e-09
5.885728e-11
-1.103363e-11
5.438788e-11
-1.054837e-11
8.350709e-09
1.363513e-10
-1.388824e-11
8.303367e-09
1.262006e-10
-1.331904e-11
8.259472e-09
1.168958e-10
-1.269374e-11
1.083383e-10
-1.213432e-11
1.026687e-08
2.08489e-10
-1.307167e-11
1.021524e-08
1.938486e-10
-1.244453e-11
1.016671e-08
1.803487e-10
-1.182117e-11
1.678665e-10
-1.128599e-11
1.157647e-08
2.707552e-10
-1.112093e-11
1.153231e-08
2.532594e-10
-1.045946e-11
1.14899e-08
2.369539e-10
-9.880134e-12
2.217398e-10
-9.399736e-12
1.238768e-08
3.122378e-10
-8.065263e-12
1.236009e-08
2.940034e-10
-7.458445e-12
1.233245e-08
2.767923e-10
-7.000988e-12
2.605547e-10
-6.636873e-12
1.282159e-08
3.28827e-10
-4.680126e-12
1.281426e-08
3.116506e-10
-4.185584e-12
1.280534e-08
2.95227e-10
-3.882654e-12
2.795529e-10
-3.659408e-12
1.300052e-08
3.226854e-10
-1.562233e-12
1.3012e-08
3.076251e-10
-1.188743e-12
1.302097e-08
2.930564e-10
-1.02573e-12
2.790043e-10
-9.302078e-13
1.302979e-08
2.99433e-10
8.334957e-13
1.305567e-08
2.868377e-10
1.114136e-12
1.307874e-08
2.745411e-10
1.181465e-12
2.625781e-10
1.188122e-12
1.298628e-08
2.651762e-10
2.434414e-12
1.302162e-08
2.549557e-10
2.657701e-12
1.305422e-08
2.449144e-10
2.672976e-12
2.35086e-10
2.629734e-12
1.291769e-08
2.247481e-10
3.373343e-12
1.295849e-08
2.166489e-10
3.566014e-12
1.299676e-08
2.086615e-10
3.558442e-12
1.303266e-08
2.00814e-10
3.492366e-12
1.931329e-10
3.378743e-12
1.284908e-08
1.81264e-10
3.866695e-12
1.289271e-08
1.750364e-10
4.044114e-12
1.293402e-08
1.688819e-10
4.028665e-12
1.297316e-08
1.628226e-10
3.954094e-12
1.5688e-10
3.831959e-12
1.279134e-08
1.364371e-10
4.09927e-12
1.283631e-08
1.31896e-10
4.268863e-12
1.287913e-08
1.274028e-10
4.251116e-12
1.291992e-08
1.229744e-10
4.173762e-12
1.186266e-10
4.048793e-12
1.274801e-08
9.108957e-11
4.197973e-12
1.279358e-08
8.811669e-11
4.363062e-12
1.28371e-08
8.517315e-11
4.344512e-12
1.287869e-08
8.227026e-11
4.266131e-12
7.941865e-11
4.140165e-12
1.271954e-08
4.556801e-11
4.234903e-12
1.276537e-08
4.409649e-11
4.397239e-12
1.280921e-08
4.263888e-11
4.378139e-12
1.285116e-08
4.120095e-11
4.299164e-12
1.289134e-08
3.978802e-11
4.172686e-12
3.840408e-11
3.997566e-12
1.27055e-08
2.651003e-17
4.246298e-12
1.275142e-08
2.835683e-17
4.407287e-12
1.279538e-08
3.033883e-17
4.387843e-12
1.283748e-08
3.259565e-17
4.308538e-12
1.287782e-08
3.505803e-17
4.181796e-12
3.783003e-17
4.006679e-12
1.27055e-08
4.246297e-12
1.275142e-08
4.407285e-12
1.279538e-08
4.387841e-12
1.283748e-08
4.308535e-12
1.287782e-08
4.181793e-12
4.006674e-12
2.238889e-09
1.980668e-11
-1.426607e-11
2.22689e-09
1.830391e-11
-1.348674e-11
2.215902e-09
1.687787e-11
-1.269168e-11
1.555887e-11
-1.194759e-11
5.68674e-09
6.776262e-11
-2.446607e-11
5.654195e-09
6.255268e-11
-2.32541e-11
5.624248e-09
5.776146e-11
-2.196999e-11
5.335542e-11
-2.076633e-11
8.293679e-09
1.339835e-10
-2.932905e-11
8.246711e-09
1.239615e-10
-2.775958e-11
8.203175e-09
1.147809e-10
-2.617665e-11
1.063433e-10
-2.473073e-11
1.019358e-08
2.049597e-10
-2.945926e-11
1.014232e-08
1.904993e-10
-2.771837e-11
1.009417e-08
1.771729e-10
-2.605993e-11
1.648605e-10
-2.458017e-11
1.149197e-08
2.662668e-10
-2.679915e-11
1.144804e-08
2.489759e-10
-2.500759e-11
1.140588e-08
2.328707e-10
-2.341353e-11
2.178557e-10
-2.202179e-11
1.22967e-08
3.071808e-10
-2.166501e-11
1.226908e-08
2.89143e-10
-2.000869e-11
1.224146e-08
2.721294e-10
-1.864152e-11
2.560921e-10
-1.747412e-11
1.27278e-08
3.236404e-10
-1.544417e-11
1.272018e-08
3.066275e-10
-1.404136e-11
1.271103e-08
2.903747e-10
-1.297841e-11
2.748783e-10
-1.209653e-11
1.290628e-08
3.177435e-10
-9.46395e-12
1.291724e-08
3.028035e-10
-8.325416e-12
1.292576e-08
2.883671e-10
-7.544165e-12
2.744573e-10
-6.924784e-12
1.293627e-08
2.949857e-10
-4.724111e-12
1.29615e-08
2.824702e-10
-3.782263e-12
1.298397e-08
2.702676e-10
-3.196172e-12
2.5841e-10
-2.760462e-12
1.289383e-08
2.613532e-10
-1.511234e-12
1.292846e-08
2.511811e-10
-6.813273e-13
1.29604e-08
2.412024e-10
-1.983036e-13
2.314478e-10
1.379607e-13
1.282626e-08
2.215939e-10
3.651498e-13
1.286634e-08
2.135218e-10
1.146922e-12
1.290393e-08
2.055743e-10
1.592529e-12
1.29392e-08
1.977766e-10
1.891247e-12
1.901539e-10
2.072621e-12
1.275845e-08
1.787772e-10
1.310527e-12
1.280137e-08
1.725636e-10
2.080373e-12
1.284202e-08
1.664335e-10
2.522428e-12
1.288053e-08
1.60407e-10
2.81594e-12
1.545043e-10
2.990648e-12
1.270128e-08
1.345984e-10
1.70736e-12
1.274557e-08
1.300638e-10
2.479073e-12
1.278774e-08
1.255851e-10
2.929121e-12
1.282792e-08
1.211774e-10
3.229405e-12
1.168559e-10
3.409774e-12
1.265833e-08
8.987746e-11
1.831015e-12
1.270325e-08
8.690728e-11
2.607552e-12
1.274614e-08
8.397167e-11
3.066529e-12
1.278712e-08
8.108099e-11
3.375127e-12
7.82453e-11
3.563218e-12
1.26301e-08
4.496624e-11
1.845792e-12
1.267528e-08
4.349558e-11
2.626039e-12
1.27185e-08
4.204147e-11
3.091195e-12
1.275987e-08
4.060918e-11
3.405776e-12
1.279948e-08
3.920377e-11
3.599633e-12
3.782898e-11
3.680635e-12
1.261617e-08
2.642131e-17
1.836246e-12
1.266145e-08
2.819335e-17
2.618324e-12
1.27048e-08
3.009976e-17
3.086448e-12
1.274631e-08
3.223835e-17
3.403968e-12
1.278609e-08
3.46018e-17
3.600721e-12
3.724664e-17
3.684795e-12
1.261617e-08
-4.496619e-11
1.836245e-12
1.266145e-08
-4.349553e-11
2.618323e-12
1.27048e-08
-4.204141e-11
3.086446e-12
1.274631e-08
-4.060912e-11
3.403966e-12
1.278609e-08
-3.92037e-11
3.600718e-12
-3.782891e-11
3.684791e-12
1.26301e-08
1.845789e-12
1.267528e-08
2.626036e-12
1.27185e-08
3.091192e-12
1.275987e-08
3.405772e-12
1.279948e-08
3.599629e-12
3.680629e-12
1.682451e-08
3.707727e-09
-5.450506e-10
1.369249e-08
3.767997e-09
-1.418063e-09
1.165672e-08
2.774994e-09
-1.178239e-09
1.023573e-08
1.931486e-09
-8.806075e-10
9.246947e-09
1.322824e-09
-6.383171e-10
8.539592e-09
9.299995e-10
-4.327994e-10
8.005236e-09
6.84464e-10
-2.978016e-10
7.585655e-09
5.273643e-10
-2.143002e-10
7.246591e-09
4.220917e-10
-1.628019e-10
6.967414e-09
3.473441e-10
-1.312056e-10
6.734935e-09
2.911925e-10
-1.113112e-10
6.53993e-09
2.471228e-10
-9.79567e-11
6.37548e-09
2.114638e-10
-8.816719e-11
6.236172e-09
1.820197e-10
-8.030986e-11
6.117662e-09
1.573837e-10
-7.353483e-11
6.01644e-09
1.365833e-10
-6.741068e-11
5.929628e-09
1.189088e-10
-6.175736e-11
5.854923e-09
1.037934e-10
-5.644094e-11
5.790347e-09
9.083139e-11
-5.152371e-11
7.947004e-11
-4.678047e-11
5.734595e-09
2.166289e-08
2.30966e-09
-1.019828e-09
2.24168e-08
4.07482e-09
-2.286645e-09
2.236264e-08
4.102499e-09
-2.397674e-09
2.183397e-08
3.589217e-09
-2.110404e-09
2.109515e-08
2.949032e-09
-1.697325e-09
2.029669e-08
2.381866e-09
-1.267184e-09
1.951189e-08
1.934489e-09
-9.121427e-10
1.877999e-08
1.590953e-09
-6.523006e-10
1.811802e-08
1.326506e-09
-4.730002e-10
1.753001e-08
1.119602e-09
-3.534602e-10
1.701328e-08
9.540844e-10
-2.747389e-10
1.656205e-08
8.189348e-10
-2.223931e-10
1.616934e-08
7.067867e-10
-1.865942e-10
1.582804e-08
6.125978e-10
-1.610471e-10
1.553145e-08
5.327978e-10
-1.418624e-10
1.527352e-08
4.64757e-10
-1.266745e-10
1.504887e-08
4.064635e-10
-1.140981e-10
1.485284e-08
3.563209e-10
-1.032359e-10
1.468136e-08
3.130615e-10
-9.371166e-11
2.754703e-10
-8.492045e-11
1.453099e-08
2.135711e-08
1.424553e-09
-9.019142e-10
2.355185e-08
3.163317e-09
-2.147323e-09
2.525006e-08
3.8419e-09
-2.530006e-09
2.626176e-08
3.926514e-09
-2.434925e-09
2.66612e-08
3.683116e-09
-2.113233e-09
2.662235e-08
3.309292e-09
-1.704182e-09
2.631023e-08
2.916612e-09
-1.313595e-09
2.584818e-08
2.550206e-09
-9.892928e-10
2.531943e-08
2.224752e-09
-7.395228e-10
2.477612e-08
1.941742e-09
-5.561778e-10
2.424853e-08
1.697273e-09
-4.25441e-10
2.375282e-08
1.486169e-09
-3.333631e-10
2.329643e-08
1.303549e-09
-2.68436e-10
2.288166e-08
1.145198e-09
-2.220741e-10
2.250783e-08
1.00759e-09
-1.882312e-10
2.21727e-08
8.877928e-10
-1.627851e-10
2.187322e-08
7.833448e-10
-1.430203e-10
2.16061e-08
6.921777e-10
-1.270824e-10
2.136796e-08
6.124966e-10
-1.139157e-10
5.428662e-10
-1.024449e-10
2.115547e-08
2.091836e-08
8.964637e-10
-9.424477e-10
2.301163e-08
2.280396e-09
-2.170724e-09
2.512994e-08
3.100303e-09
-2.549169e-09
2.688238e-08
3.495099e-09
-2.46277e-09
2.811904e-08
3.586905e-09
-2.167447e-09
2.886447e-08
3.487425e-09
-1.792415e-09
2.921956e-08
3.284439e-09
-1.4257e-09
2.929284e-08
3.033392e-09
-1.109523e-09
2.917674e-08
2.76719e-09
-8.542876e-10
2.894222e-08
2.504648e-09
-6.567242e-10
2.864001e-08
2.255599e-09
-5.080089e-10
2.830475e-08
2.024623e-09
-3.97875e-10
2.795929e-08
1.813379e-09
-3.169055e-10
2.761821e-08
1.621923e-09
-2.573691e-10
2.72904e-08
1.449456e-09
-2.132971e-10
2.698095e-08
1.294768e-09
-1.802477e-10
2.669239e-08
1.156455e-09
-1.550294e-10
2.642561e-08
1.033108e-09
-1.353207e-10
2.618039e-08
9.232503e-10
-1.196147e-10
8.259006e-10
-1.065851e-10
2.595574e-08
2.066828e-08
6.203668e-10
-9.332261e-10
2.247856e-08
1.689826e-09
-2.119065e-09
2.449974e-08
2.437221e-09
-2.471207e-09
2.637309e-08
2.900548e-09
-2.367509e-09
2.790882e-08
3.141121e-09
-2.066348e-09
2.905749e-08
3.215747e-09
-1.702971e-09
2.985423e-08
3.175565e-09
-1.358999e-09
3.0362e-08
3.060063e-09
-1.067576e-09
3.064612e-08
2.898056e-09
-8.330006e-10
3.076458e-08
2.710333e-09
-6.495131e-10
3.076452e-08
2.511401e-09
-5.085219e-10
3.068238e-08
2.311038e-09
-4.012968e-10
3.054562e-08
2.11563e-09
-3.201922e-10
3.037448e-08
1.929152e-09
-2.589591e-10
3.018363e-08
1.753906e-09
-2.126641e-10
2.998356e-08
1.591058e-09
-1.774911e-10
2.978163e-08
1.440992e-09
-1.505537e-10
2.958287e-08
1.303645e-09
-1.296611e-10
2.939062e-08
1.178498e-09
-1.132503e-10
1.065434e-09
-1.001143e-10
2.920692e-08
2.054885e-08
4.541186e-10
-9.341428e-10
2.21593e-08
1.283441e-09
-2.112692e-09
2.401127e-08
1.917619e-09
-2.449541e-09
2.57933e-08
2.357743e-09
-2.320841e-09
2.733693e-08
2.636596e-09
-1.992505e-09
2.858655e-08
2.786709e-09
-1.612012e-09
2.955637e-08
2.838498e-09
-1.264437e-09
3.028453e-08
2.817369e-09
-9.798529e-10
3.081334e-08
2.743445e-09
-7.576739e-10
3.118236e-08
2.632786e-09
-5.878773e-10
3.142564e-08
2.498099e-09
-4.592117e-10
3.157132e-08
2.349219e-09
-3.618303e-10
3.164231e-08
2.193601e-09
-2.87989e-10
3.165699e-08
2.036748e-09
-2.318478e-10
3.162997e-08
1.882603e-09
-1.890388e-10
3.157278e-08
1.733891e-09
-1.562822e-10
3.14944e-08
1.592394e-09
-1.311056e-10
3.140181e-08
1.459243e-09
-1.116431e-10
3.130036e-08
1.334922e-09
-9.646476e-11
1.220103e-09
-8.468511e-11
3.119421e-08
2.048895e-08
3.474473e-10
-9.326334e-10
2.197868e-08
9.981648e-10
-2.108704e-09
2.370261e-08
1.523653e-09
-2.439502e-09
2.537516e-08
1.912645e-09
-2.298797e-09
2.684584e-08
2.182246e-09
-1.952799e-09
2.806827e-08
2.352661e-09
-1.555325e-09
2.905801e-08
2.443689e-09
-1.196481e-09
2.98489e-08
2.472603e-09
-9.076311e-10
3.04753e-08
2.453507e-09
-6.870864e-10
3.096721e-08
2.398003e-09
-5.227115e-10
3.134928e-08
2.315723e-09
-4.011868e-10
3.16415e-08
2.214612e-09
-3.111687e-10
3.186027e-08
2.101143e-09
-2.440551e-10
3.201916e-08
1.980508e-09
-1.936482e-10
3.212952e-08
1.856782e-09
-1.555392e-10
3.220081e-08
1.733092e-09
-1.26577e-10
3.224095e-08
1.611766e-09
-1.044674e-10
3.225653e-08
1.49452e-09
-8.755454e-11
3.225299e-08
1.382453e-09
-7.451465e-11
1.276646e-09
-6.475187e-11
3.223501e-08
2.045763e-08
2.713328e-10
-9.337467e-10
2.187369e-08
7.861973e-10
-2.11385e-09
2.351093e-08
1.216985e-09
-2.445324e-09
2.509846e-08
1.550088e-09
-2.300678e-09
2.649556e-08
1.793653e-09
-1.9452e-09
2.766255e-08
1.960201e-09
-1.535647e-09
2.861918e-08
2.063002e-09
-1.165794e-09
2.940128e-08
2.114304e-09
-8.690281e-10
3.004297e-08
2.12449e-09
-6.441953e-10
3.057207e-08
2.102277e-09
-4.787136e-10
3.100976e-08
2.055027e-09
-3.583674e-10
3.137194e-08
1.988948e-09
-2.70891e-10
3.167087e-08
1.909238e-09
-2.069432e-10
3.191631e-08
1.820221e-09
-1.598252e-10
3.211637e-08
1.725438e-09
-1.248375e-10
3.227788e-08
1.62775e-09
-9.869946e-11
3.240673e-08
1.529418e-09
-7.908007e-11
3.250803e-08
1.432213e-09
-6.436443e-11
3.258623e-08
1.33742e-09
-5.324141e-11
1.246164e-09
-4.526062e-11
3.264536e-08
2.043935e-08
2.14282e-10
-9.348226e-10
2.180914e-08
6.231062e-10
-2.119358e-09
2.338836e-08
9.732435e-10
-2.45368e-09
2.491519e-08
1.252527e-09
-2.309294e-09
2.625471e-08
1.464389e-09
-1.950252e-09
2.737114e-08
1.616451e-09
-1.53435e-09
2.828697e-08
1.717555e-09
-1.157448e-09
2.904009e-08
1.776366e-09
-8.544121e-10
2.966583e-08
1.800603e-09
-6.248394e-10
3.01924e-08
1.796967e-09
-4.563291e-10
3.064049e-08
1.771249e-09
-3.344756e-10
3.102485e-08
1.728404e-09
-2.466642e-10
3.13561e-08
1.672639e-09
-1.831851e-10
3.164216e-08
1.607495e-09
-1.370236e-10
3.188921e-08
1.535921e-09
-1.032421e-10
3.210229e-08
1.460347e-09
-7.840172e-11
3.228565e-08
1.382742e-09
-6.007252e-11
3.244299e-08
1.304685e-09
-4.659914e-11
3.257762e-08
1.227397e-09
-3.6634e-11
1.151862e-09
-2.974849e-11
3.269257e-08
2.042819e-08
1.690543e-10
-9.362654e-10
2.176782e-08
4.925009e-10
-2.125518e-09
2.33073e-08
7.739239e-10
-2.463464e-09
2.479083e-08
1.00356e-09
-2.320861e-09
2.608745e-08
1.182521e-09
-1.960887e-09
2.716396e-08
1.315387e-09
-1.541768e-09
2.804456e-08
1.407981e-09
-1.160617e-09
2.876839e-08
1.466328e-09
-8.532948e-10
2.937171e-08
1.496065e-09
-6.199877e-10
2.988328e-08
1.502293e-09
-4.485539e-10
3.0324e-08
1.48956e-09
-3.246155e-10
3.070851e-08
1.461849e-09
-2.354606e-10
3.104701e-08
1.422597e-09
-1.712339e-10
3.134681e-08
1.37473e-09
-1.247693e-10
3.161327e-08
1.320703e-09
-9.099538e-11
3.185054e-08
1.262554e-09
-6.636751e-11
3.206199e-08
1.201951e-09
-4.83756e-11
3.225042e-08
1.140237e-09
-3.531233e-11
3.241833e-08
1.078482e-09
-2.579135e-11
1.017497e-09
-1.934373e-11
3.256795e-08
2.042089e-08
1.318887e-10
-9.374971e-10
2.174032e-08
3.845226e-10
-2.130632e-09
2.32522e-08
6.067049e-10
-2.47187e-09
2.470472e-08
7.910355e-10
-2.331353e-09
2.596969e-08
9.376023e-10
-1.971613e-09
2.70158e-08
1.04914e-09
-1.551026e-09
2.786854e-08
1.129447e-09
-1.167477e-09
2.85679e-08
1.18264e-09
-8.57492e-10
2.91507e-08
1.21274e-09
-6.216751e-10
2.964605e-08
1.223533e-09
-4.48094e-10
3.007505e-08
1.218506e-09
-3.22435e-10
3.045235e-08
1.200799e-09
-2.319699e-10
3.078806e-08
1.173175e-09
-1.6679e-10
3.108929e-08
1.138025e-09
-1.196644e-10
3.136111e-08
1.097377e-09
-8.545764e-11
3.160732e-08
1.052923e-09
-6.0569e-11
3.183087e-08
1.006058e-09
-4.244218e-11
3.203414e-08
9.579075e-10
-2.933262e-11
3.221918e-08
9.093768e-10
-1.983096e-11
8.611318e-10
-1.341415e-11
3.238775e-08
2.041603e-08
1.001919e-10
-9.385548e-10
2.172167e-08
2.922411e-10
-2.134839e-09
2.321424e-08
4.623876e-10
-2.478848e-09
2.464448e-08
6.052606e-10
-2.34023e-09
2.58862e-08
7.205668e-10
-1.981069e-09
2.690952e-08
8.099254e-10
-1.559808e-09
2.774091e-08
8.757871e-10
-1.174836e-09
2.842104e-08
9.209046e-10
-8.631492e-10
2.898717e-08
9.480663e-10
-6.256527e-10
2.946861e-08
9.599904e-10
-4.505732e-10
2.988653e-08
9.592566e-10
-3.236541e-10
3.025558e-08
9.482466e-10
-2.321685e-10
3.058582e-08
9.291025e-10
-1.66183e-10
3.08842e-08
9.037064e-10
-1.184335e-10
3.115568e-08
8.736765e-10
-8.375027e-11
3.140389e-08
8.403768e-10
-5.850168e-11
3.163158e-08
8.049378e-10
-4.010561e-11
3.184094e-08
7.682742e-10
-2.679346e-11
3.203379e-08
7.311293e-10
-1.71453e-11
6.940441e-10
-1.05913e-11
3.221166e-08
2.041272e-08
7.228387e-11
-9.393555e-10
2.170897e-08
2.108854e-10
-2.137985e-09
2.318812e-08
3.342847e-10
-2.484118e-09
2.460257e-08
4.387935e-10
-2.347016e-09
2.582753e-08
5.240458e-10
-1.988458e-09
2.683412e-08
5.909815e-10
-1.566909e-09
2.764962e-08
6.411415e-10
-1.181088e-09
2.831524e-08
6.76302e-10
-8.683151e-10
2.886855e-08
6.983145e-10
-6.297135e-10
2.933907e-08
7.09037e-10
-4.53626e-10
2.974799e-08
7.102763e-10
-3.258417e-10
3.010993e-08
7.037362e-10
-2.33639e-10
3.043487e-08
6.909767e-10
-1.670711e-10
3.072966e-08
6.733888e-10
-1.188532e-10
3.099914e-08
6.521829e-10
-8.379443e-11
3.124681e-08
6.283893e-10
-5.824389e-11
3.147533e-08
6.028683e-10
-3.960375e-11
3.168676e-08
5.763198e-10
-2.608946e-11
3.188282e-08
5.493157e-10
-1.627666e-11
5.222748e-10
-9.561301e-12
3.206491e-08
2.041053e-08
4.690105e-11
-9.399328e-10
2.170055e-08
1.368579e-10
-2.140234e-09
2.317065e-08
2.171932e-10
-2.487902e-09
2.457432e-08
2.856238e-10
-2.351907e-09
2.578767e-08
3.41851e-10
-1.993842e-09
2.678254e-08
3.863869e-10
-1.572174e-09
2.758677e-08
4.201344e-10
-1.185832e-09
2.824199e-08
4.441499e-10
-8.723602e-10
2.878604e-08
4.595575e-10
-6.330328e-10
2.924857e-08
4.675109e-10
-4.562753e-10
2.965082e-08
4.691526e-10
-3.279115e-10
3.000737e-08
4.655769e-10
-2.352257e-10
3.032813e-08
4.57799e-10
-1.68263e-10
3.061987e-08
4.467347e-10
-1.197251e-10
3.088732e-08
4.331883e-10
-8.440688e-11
3.113389e-08
4.178494e-10
-5.864399e-11
3.136216e-08
4.012981e-10
-3.982804e-11
3.157409e-08
3.840086e-10
-2.616331e-11
3.177134e-08
3.663702e-10
-1.622313e-11
3.486709e-10
-9.38018e-12
3.195524e-08
2.040919e-08
2.307798e-11
-9.402956e-10
2.169539e-08
6.735504e-11
-2.141659e-09
2.315992e-08
1.069536e-10
-2.490316e-09
2.455686e-08
1.408018e-10
-2.355028e-09
2.576289e-08
1.687304e-10
-1.997298e-09
2.675032e-08
1.909623e-10
-1.575587e-09
2.754733e-08
2.079177e-10
-1.188945e-09
2.819585e-08
2.200877e-10
-8.750552e-10
2.873389e-08
2.280018e-10
-6.35288e-10
2.91912e-08
2.322119e-10
-4.581215e-10
2.958907e-08
2.332708e-10
-3.294025e-10
2.994204e-08
2.317125e-10
-2.364203e-10
3.025999e-08
2.280368e-10
-1.692157e-10
3.054961e-08
2.226976e-10
-1.204821e-10
3.081558e-08
2.160959e-10
-8.500549e-11
3.106123e-08
2.085773e-10
-5.911291e-11
3.128907e-08
2.004336e-10
-4.018918e-11
3.150101e-08
1.919044e-10
-2.64313e-11
3.169866e-08
1.831868e-10
-1.641112e-11
1.744278e-10
-9.487022e-12
3.188332e-08
2.040854e-08
5.966503e-18
-9.404668e-10
2.169295e-08
1.3042e-17
-2.142353e-09
2.315481e-08
1.753167e-17
-2.4915e-09
2.454851e-08
2.05872e-17
-2.356554e-09
2.575101e-08
2.307285e-17
-1.998991e-09
2.673482e-08
2.556731e-17
-1.577267e-09
2.752831e-08
2.819853e-17
-1.190486e-09
2.817354e-08
3.099759e-17
-8.763986e-10
2.870863e-08
3.391877e-17
-6.364224e-10
2.916337e-08
3.706231e-17
-4.590604e-10
2.955906e-08
4.049507e-17
-3.301712e-10
2.991026e-08
4.449887e-17
-2.370469e-10
3.02268e-08
4.911201e-17
-1.697266e-10
3.051536e-08
5.42076e-17
-1.208997e-10
3.078056e-08
5.960734e-17
-8.534785e-11
3.102571e-08
6.552908e-17
-5.9394e-11
3.125328e-08
7.20551e-17
-4.041953e-11
3.146517e-08
7.921866e-17
-2.66178e-11
3.166294e-08
8.704999e-17
-1.655988e-11
9.599657e-17
-9.597307e-12
3.184786e-08
2.040854e-08
-2.307796e-11
-9.404668e-10
2.169295e-08
-6.735502e-11
-2.142353e-09
2.315481e-08
-1.069536e-10
-2.4915e-09
2.454851e-08
-1.408018e-10
-2.356554e-09
2.575101e-08
-1.687303e-10
-1.998991e-09
2.673482e-08
-1.909622e-10
-1.577267e-09
2.752831e-08
-2.079176e-10
-1.190486e-09
2.817354e-08
-2.200876e-10
-8.763986e-10
2.870863e-08
-2.280017e-10
-6.364224e-10
2.916337e-08
-2.322119e-10
-4.590604e-10
2.955906e-08
-2.332707e-10
-3.301712e-10
2.991026e-08
-2.317124e-10
-2.370469e-10
3.02268e-08
-2.280367e-10
-1.697266e-10
3.051536e-08
-2.226975e-10
-1.208997e-10
3.078056e-08
-2.160958e-10
-8.534785e-11
3.102571e-08
-2.085772e-10
-5.9394e-11
3.125328e-08
-2.004335e-10
-4.041953e-11
3.146517e-08
-1.919042e-10
-2.66178e-11
3.166294e-08
-1.831866e-10
-1.655988e-11
-1.744276e-10
-9.597307e-12
3.184786e-08
2.040919e-08
-4.690104e-11
-9.402956e-10
2.169539e-08
-1.368578e-10
-2.141659e-09
2.315992e-08
-2.171932e-10
-2.490316e-09
2.455686e-08
-2.856238e-10
-2.355028e-09
2.576289e-08
-3.41851e-10
-1.997298e-09
2.675032e-08
-3.863868e-10
-1.575587e-09
2.754733e-08
-4.201343e-10
-1.188945e-09
2.819585e-08
-4.441499e-10
-8.750552e-10
2.873389e-08
-4.595574e-10
-6.35288e-10
2.91912e-08
-4.675108e-10
-4.581215e-10
2.958907e-08
-4.691525e-10
-3.294025e-10
2.994204e-08
-2.364203e-10
3.025999e-08
-1.692157e-10
3.054961e-08
-1.204821e-10
3.081558e-08
-8.500549e-11
3.106123e-08
-5.911291e-11
3.128907e-08
-4.018918e-11
3.150101e-08
-2.64313e-11
3.169866e-08
-1.641112e-11
-9.487024e-12
3.188332e-08
2.041053e-08
-9.399328e-10
2.170055e-08
-2.140234e-09
2.317065e-08
-2.487902e-09
2.457432e-08
-2.351907e-09
2.578767e-08
-1.993842e-09
2.678254e-08
-1.572174e-09
2.758677e-08
-1.185832e-09
2.824199e-08
-8.723602e-10
2.878604e-08
-6.330328e-10
2.924857e-08
-4.562753e-10
-3.279115e-10
1.691141e-08
3.640688e-09
-1.270303e-09
1.393301e-08
3.795053e-09
-2.234715e-09
1.180314e-08
2.808945e-09
-1.85732e-09
1.025591e-08
1.9758e-09
-1.309171e-09
9.132317e-09
1.365366e-09
-8.80094e-10
8.318221e-09
9.597555e-10
-5.78459e-10
7.713018e-09
6.992341e-10
-3.918323e-10
7.250674e-09
5.288106e-10
-2.807675e-10
6.888627e-09
4.134519e-10
-2.142064e-10
6.599157e-09
3.317655e-10
-1.735013e-10
6.363964e-09
2.712672e-10
-1.473849e-10
6.170475e-09
2.248358e-10
-1.293038e-10
6.009707e-09
1.882438e-10
-1.156431e-10
5.875031e-09
1.588442e-10
-1.044782e-10
5.761423e-09
1.348916e-10
-9.481876e-11
5.665004e-09
1.151703e-10
-8.616193e-11
5.582718e-09
9.879951e-11
-7.827051e-11
5.512171e-09
8.509872e-11
-7.099223e-11
5.451385e-09
7.35787e-11
-6.431658e-11
6.365253e-11
-5.806028e-11
5.399012e-09
2.188501e-08
2.316735e-09
-1.754046e-09
2.282246e-08
4.123618e-09
-3.552653e-09
2.269353e-08
4.161452e-09
-3.621252e-09
2.192916e-08
3.663654e-09
-3.033887e-09
2.088165e-08
3.016004e-09
-2.300453e-09
1.97934e-08
2.420595e-09
-1.639777e-09
1.878421e-08
1.940071e-09
-1.143794e-09
1.789887e-08
1.566459e-09
-8.046051e-10
1.714252e-08
1.278714e-09
-5.81912e-10
1.650266e-08
1.055963e-09
-4.377975e-10
1.596204e-08
8.810259e-10
-3.438749e-10
1.550413e-08
7.414231e-10
-2.810758e-10
1.511476e-08
6.28403e-10
-2.37386e-10
1.478225e-08
5.357811e-10
-2.054685e-10
1.449708e-08
4.59119e-10
-1.809207e-10
1.425153e-08
3.951583e-10
-1.611143e-10
1.403929e-08
3.414468e-10
-1.444996e-10
1.385516e-08
2.960866e-10
-1.300994e-10
1.369483e-08
2.576065e-10
-1.174078e-10
2.246678e-10
-1.058187e-10
1.355471e-08
2.155936e-08
1.409319e-09
-1.727011e-09
2.394601e-08
3.181728e-09
-3.592088e-09
2.560478e-08
3.872884e-09
-3.900205e-09
2.638156e-08
3.96841e-09
-3.516463e-09
2.643162e-08
3.719966e-09
-2.86725e-09
2.60214e-08
3.319497e-09
-2.192864e-09
2.538318e-08
2.889341e-09
-1.624649e-09
2.466782e-08
2.484793e-09
-1.192266e-09
2.39598e-08
2.127106e-09
-8.798975e-10
2.329953e-08
1.820623e-09
-6.60568e-10
2.270186e-08
1.561471e-09
-5.082128e-10
2.216883e-08
1.343145e-09
-4.020538e-10
2.169685e-08
1.159038e-09
-3.270901e-10
2.128024e-08
1.003307e-09
-2.72996e-10
2.091291e-08
8.710782e-10
-2.328561e-10
2.0589e-08
7.583857e-10
-2.021035e-10
2.030318e-08
6.620146e-10
-1.777631e-10
2.005067e-08
5.793571e-10
-1.57844e-10
1.982723e-08
5.082599e-10
-1.41132e-10
4.469926e-10
-1.265185e-10
1.962898e-08
2.113043e-08
8.964228e-10
-1.733142e-09
2.341924e-08
2.288575e-09
-3.566381e-09
2.550105e-08
3.10695e-09
-3.86504e-09
2.701801e-08
3.499692e-09
-3.511016e-09
2.790029e-08
3.582481e-09
-2.912244e-09
2.825433e-08
3.4593e-09
-2.286257e-09
2.824394e-08
3.221715e-09
-1.747678e-09
2.800994e-08
2.932489e-09
-1.323224e-09
2.765443e-08
2.630993e-09
-1.00266e-09
2.72445e-08
2.340172e-09
-7.66346e-10
2.682058e-08
2.071432e-09
-5.940495e-10
2.640541e-08
1.829085e-09
-4.686436e-10
2.601095e-08
1.613568e-09
-3.769767e-10
2.564285e-08
1.423394e-09
-3.093585e-10
2.530317e-08
1.256267e-09
-2.588087e-10
2.499198e-08
1.109695e-09
-2.203622e-10
2.470823e-08
9.812614e-10
-1.905294e-10
2.445032e-08
8.687756e-10
-1.668255e-10
2.421633e-08
7.70218e-10
-1.475837e-10
6.84106e-10
-1.314109e-10
2.400404e-08
2.089439e-08
6.183854e-10
-1.722732e-09
2.289705e-08
1.68505e-09
-3.518201e-09
2.487743e-08
2.424659e-09
-3.769294e-09
2.651103e-08
2.878468e-09
-3.379891e-09
2.769309e-08
3.106295e-09
-2.77222e-09
2.845331e-08
3.15981e-09
-2.163699e-09
2.888207e-08
3.090225e-09
-1.656266e-09
2.906979e-08
2.940824e-09
-1.263636e-09
2.909107e-08
2.745115e-09
-9.684009e-10
2.90029e-08
2.527862e-09
-7.490311e-10
2.884614e-08
2.305978e-09
-5.863124e-10
2.8649e-08
2.090076e-09
-4.651492e-10
2.843056e-08
1.886229e-09
-3.744044e-10
2.82035e-08
1.697462e-09
-3.05971e-10
2.797618e-08
1.524868e-09
-2.539447e-10
2.775399e-08
1.368403e-09
-2.140088e-10
2.754032e-08
1.227377e-09
-1.830018e-10
2.73372e-08
1.100815e-09
-1.585808e-10
2.714571e-08
9.875175e-10
-1.390565e-10
8.867035e-10
-1.231399e-10
2.696614e-08
2.077891e-08
4.526407e-10
-1.720463e-09
2.258432e-08
1.274278e-09
-3.507329e-09
2.439474e-08
1.897205e-09
-3.732516e-09
2.593324e-08
2.324561e-09
-3.305433e-09
2.712174e-08
2.589186e-09
-2.663896e-09
2.798701e-08
2.720481e-09
-2.037946e-09
2.859588e-08
2.747751e-09
-1.530836e-09
2.900928e-08
2.697987e-09
-1.150421e-09
2.927503e-08
2.5942e-09
-8.725095e-10
2.943021e-08
2.455504e-09
-6.706991e-10
2.950319e-08
2.297002e-09
-5.232091e-10
2.95156e-08
2.129919e-09
-4.140885e-10
2.948403e-08
1.962142e-09
-3.323294e-10
2.942112e-08
1.798904e-09
-2.703843e-10
2.933651e-08
1.64345e-09
-2.230046e-10
2.923747e-08
1.497619e-09
-1.864633e-10
2.912952e-08
1.362277e-09
-1.580542e-10
2.901678e-08
1.237693e-09
-1.357813e-10
2.890233e-08
1.123642e-09
-1.181334e-10
1.020087e-09
-1.041409e-10
2.87884e-08
2.072133e-08
3.45329e-10
-1.719804e-09
2.240736e-08
9.868275e-10
-3.50729e-09
2.408827e-08
1.500599e-09
-3.723802e-09
2.551368e-08
1.877032e-09
-3.276673e-09
2.662653e-08
2.133423e-09
-2.609891e-09
2.746629e-08
2.28795e-09
-1.962549e-09
2.810149e-08
2.359105e-09
-1.443035e-09
2.858658e-08
2.364656e-09
-1.059393e-09
2.895836e-08
2.320378e-09
-7.850475e-10
2.924183e-08
2.240013e-09
-5.906935e-10
2.945463e-08
2.13519e-09
-4.521689e-10
2.961004e-08
2.015309e-09
-3.519671e-10
2.971874e-08
1.887644e-09
-2.782575e-10
2.978958e-08
1.7576e-09
-2.231867e-10
2.982997e-08
1.629026e-09
-1.815052e-10
2.984611e-08
1.504546e-09
-1.496395e-10
2.984315e-08
1.385849e-09
-1.25083e-10
2.982537e-08
1.273971e-09
-1.060576e-10
2.979631e-08
1.169382e-09
-9.118991e-11
1.072536e-09
-7.979784e-11
2.975891e-08
2.069076e-08
2.692959e-10
-1.721627e-09
2.230396e-08
7.752825e-10
-3.515504e-09
2.389688e-08
1.195225e-09
-3.732873e-09
2.523414e-08
1.517167e-09
-3.278079e-09
2.627018e-08
1.749433e-09
-2.59724e-09
2.705381e-08
1.903072e-09
-1.934405e-09
2.76591e-08
1.990097e-09
-1.402073e-09
2.814204e-08
2.022723e-09
-1.010032e-09
2.853762e-08
2.012292e-09
-7.316942e-10
2.886679e-08
1.968988e-09
-5.368554e-10
2.914211e-08
1.901716e-09
-4.002127e-10
2.93718e-08
1.817966e-09
-3.032392e-10
2.956203e-08
1.72381e-09
-2.333398e-10
2.971795e-08
1.624011e-09
-1.821617e-10
2.984413e-08
1.522185e-09
-1.44172e-10
2.994465e-08
1.420992e-09
-1.156708e-10
3.002322e-08
1.322318e-09
-9.411795e-11
3.008314e-08
1.227464e-09
-7.777236e-11
3.012733e-08
1.137231e-09
-6.52863e-11
1.052255e-09
-5.611799e-11
3.015847e-08
2.067286e-08
2.123596e-10
-1.723899e-09
2.22402e-08
6.13395e-10
-3.524817e-09
2.377383e-08
9.54178e-10
-3.746262e-09
2.504761e-08
1.224132e-09
-3.290035e-09
2.602279e-08
1.426833e-09
-2.602832e-09
2.675397e-08
1.568749e-09
-1.931212e-09
2.731923e-08
1.657575e-09
-1.390187e-09
2.777682e-08
1.701702e-09
-9.909768e-10
2.816239e-08
1.70939e-09
-7.075097e-10
2.84962e-08
1.688367e-09
-5.095241e-10
2.878923e-08
1.645597e-09
-3.713856e-10
2.904759e-08
1.5871e-09
-2.741525e-10
2.927517e-08
1.517882e-09
-2.048362e-10
2.947493e-08
1.441982e-09
-1.547601e-10
2.964947e-08
1.362561e-09
-1.1815e-10
2.980117e-08
1.282028e-09
-9.11436e-11
2.993235e-08
1.202166e-09
-7.109785e-11
3.004517e-08
1.124261e-09
-5.622291e-11
3.014172e-08
1.049188e-09
-4.513558e-11
9.775793e-10
-3.730956e-11
3.022396e-08
2.066181e-08
1.67428e-10
-1.726303e-09
2.219923e-08
4.844178e-10
-3.533959e-09
2.369212e-08
7.581211e-10
-3.760295e-09
2.492034e-08
9.802301e-10
-3.305176e-09
2.584975e-08
1.15199e-09
-2.615458e-09
2.653882e-08
1.27705e-09
-1.939135e-09
2.706834e-08
1.360232e-09
-1.392793e-09
2.74982e-08
1.407187e-09
-9.886399e-10
2.786481e-08
1.423843e-09
-7.010593e-10
2.818851e-08
1.416031e-09
-4.999138e-10
2.847981e-08
1.389197e-09
-3.595186e-10
2.874407e-08
1.348184e-09
-2.608051e-10
2.898424e-08
1.297117e-09
-1.906324e-10
2.920223e-08
1.239392e-09
-1.401741e-10
2.939961e-08
1.177718e-09
-1.035251e-10
2.957778e-08
1.114201e-09
-7.67169e-11
2.973817e-08
1.05043e-09
-5.702491e-11
2.988214e-08
9.875749e-10
-4.260245e-11
3.00111e-08
9.264682e-10
-3.202451e-11
8.676782e-10
-2.472047e-11
3.012637e-08
2.065458e-08
1.305623e-10
-1.728371e-09
2.217192e-08
3.780527e-10
-3.541599e-09
2.363643e-08
5.940937e-10
-3.772356e-09
2.483184e-08
7.725394e-10
-3.319076e-09
2.572725e-08
9.135966e-10
-2.628631e-09
2.638389e-08
1.019258e-09
-1.949874e-09
2.688459e-08
1.092481e-09
-1.400419e-09
2.729044e-08
1.136991e-09
-9.931453e-10
2.763842e-08
1.156951e-09
-7.027681e-10
2.794897e-08
1.15666e-09
-4.992697e-10
2.823241e-08
1.140295e-09
-3.569773e-10
2.849374e-08
1.111675e-09
-2.567876e-10
2.873543e-08
1.074139e-09
-1.855054e-10
2.895891e-08
1.030488e-09
-1.342445e-10
2.916522e-08
9.829954e-10
-9.704085e-11
2.935527e-08
9.334551e-10
-6.987321e-11
2.952999e-08
8.832428e-10
-4.997179e-11
2.96903e-08
8.33381e-10
-3.545164e-11
2.983718e-08
7.846146e-10
-2.486161e-11
7.374405e-10
-1.757584e-11
2.997158e-08
2.064973e-08
9.917298e-11
-1.730056e-09
2.215336e-08
2.872927e-10
-3.547708e-09
2.359797e-08
4.527431e-10
-3.782109e-09
2.476976e-08
5.911748e-10
-3.330656e-09
2.56401e-08
7.02395e-10
-2.640205e-09
2.627226e-08
7.874502e-10
-1.960155e-09
2.67506e-08
8.481174e-10
-1.408819e-09
2.713721e-08
8.867939e-10
-9.995553e-10
2.746951e-08
9.063211e-10
-7.07322e-10
2.776801e-08
9.097768e-10
-5.021964e-10
2.804293e-08
9.002515e-10
-3.585258e-10
2.829897e-08
8.806545e-10
-2.571947e-10
2.853833e-08
8.535835e-10
-1.849832e-10
2.87621e-08
8.212609e-10
-1.329763e-10
2.897101e-08
7.855214e-10
-9.518103e-11
2.916568e-08
7.478319e-10
-6.75494e-11
2.934677e-08
7.093324e-10
-4.728803e-11
2.951497e-08
6.708798e-10
-3.248911e-11
2.967102e-08
6.331075e-10
-2.168892e-11
5.96439e-10
-1.421559e-11
2.981564e-08
2.064644e-08
7.154683e-11
-1.731323e-09
2.214071e-08
2.073157e-10
-3.552286e-09
2.357148e-08
3.273252e-10
-3.789463e-09
2.472649e-08
4.286623e-10
-3.339519e-09
2.55787e-08
5.110351e-10
-2.649303e-09
2.619283e-08
5.749664e-10
-1.968554e-09
2.665442e-08
6.214941e-10
-1.416059e-09
2.702631e-08
6.521065e-10
-1.005518e-09
2.734632e-08
6.686631e-10
-7.120642e-10
2.763506e-08
6.732622e-10
-5.058484e-10
2.790263e-08
6.680732e-10
-3.612368e-10
2.815357e-08
6.551843e-10
-2.591091e-10
2.838982e-08
6.36496e-10
-1.862307e-10
2.861223e-08
6.136607e-10
-1.336687e-10
2.882131e-08
5.880614e-10
-9.54126e-11
2.901748e-08
5.608177e-10
-6.739802e-11
2.920122e-08
5.328098e-10
-4.681771e-11
2.937305e-08
5.047062e-10
-3.174948e-11
2.95336e-08
4.770065e-10
-2.072384e-11
4.500496e-10
-1.303597e-11
2.968346e-08
2.064425e-08
4.642599e-11
-1.732216e-09
2.213232e-08
1.345497e-10
-3.555536e-09
2.355375e-08
2.126875e-10
-3.794696e-09
2.469729e-08
2.790813e-10
-3.345867e-09
2.553692e-08
3.334756e-10
-2.655914e-09
2.613838e-08
3.761103e-10
-1.974779e-09
2.658805e-08
4.075567e-10
-1.421563e-09
2.694933e-08
4.286696e-10
-1.010201e-09
2.726034e-08
4.405645e-10
-7.159504e-10
2.75418e-08
4.445422e-10
-5.090155e-10
2.780377e-08
4.419769e-10
-3.637797e-10
2.805063e-08
4.342141e-10
-2.611212e-10
2.828417e-08
4.224954e-10
-1.877961e-10
2.850505e-08
4.079133e-10
-1.348596e-10
2.87136e-08
3.913917e-10
-9.628897e-11
2.89101e-08
3.736857e-10
-6.800829e-11
2.909489e-08
3.553942e-10
-4.720085e-11
2.926839e-08
3.369759e-10
-3.193448e-11
2.943113e-08
3.187764e-10
-2.073644e-11
3.010337e-10
-1.287986e-11
2.958365e-08
2.06429e-08
2.284596e-11
-1.73277e-09
2.212717e-08
6.622212e-11
-3.557607e-09
2.354284e-08
1.047386e-10
-3.798033e-09
2.467922e-08
1.375943e-10
-3.349917e-09
2.551093e-08
1.646328e-10
-2.660166e-09
2.610433e-08
1.859438e-10
-1.978825e-09
2.654634e-08
2.017839e-10
-1.425185e-09
2.690075e-08
2.125403e-10
-1.013332e-09
2.720589e-08
2.187345e-10
-7.185982e-10
2.748255e-08
2.209882e-10
-5.112249e-10
2.774076e-08
2.19967e-10
-3.656077e-10
2.798485e-08
2.163291e-10
-2.626251e-10
2.821647e-08
2.10687e-10
-1.89028e-10
2.843618e-08
2.035839e-10
-1.358642e-10
2.864419e-08
1.954819e-10
-9.710299e-11
2.884066e-08
1.867609e-10
-6.866093e-11
2.902586e-08
1.777239e-10
-4.7715e-11
2.920013e-08
1.686042e-10
-3.232645e-11
2.936393e-08
1.595786e-10
-2.102044e-11
1.507697e-10
-1.305655e-11
2.951777e-08
2.064225e-08
6.122559e-18
-1.733023e-09
2.212474e-08
1.378723e-17
-3.558625e-09
2.353765e-08
1.881024e-17
-3.799668e-09
2.467057e-08
2.215676e-17
-3.351885e-09
2.549846e-08
2.480276e-17
-2.662241e-09
2.608794e-08
2.744609e-17
-1.98081e-09
2.652621e-08
3.024232e-17
-1.426973e-09
2.687724e-08
3.314728e-17
-1.014889e-09
2.717948e-08
3.608601e-17
-7.199272e-10
2.745376e-08
3.912554e-17
-5.123454e-10
2.77101e-08
4.239829e-17
-3.665465e-10
2.795279e-08
4.618394e-17
-2.634095e-10
2.818343e-08
5.057627e-17
-1.896832e-10
2.840253e-08
5.545781e-17
-1.364118e-10
2.861023e-08
6.07368e-17
-9.75609e-11
2.880664e-08
6.643423e-17
-6.904316e-11
2.899197e-08
7.271693e-17
-4.803242e-11
2.916655e-08
7.950793e-17
-3.258662e-11
2.933079e-08
8.716181e-17
-2.12298e-11
9.571804e-17
-1.321503e-11
2.948518e-08
2.064225e-08
-2.284594e-11
-1.733023e-09
2.212474e-08
-6.622209e-11
-3.558625e-09
2.353765e-08
-1.047385e-10
-3.799668e-09
2.467057e-08
-1.375943e-10
-3.351885e-09
2.549846e-08
-1.646328e-10
-2.662241e-09
2.608794e-08
-1.859437e-10
-1.98081e-09
2.652621e-08
-2.017838e-10
-1.426973e-09
2.687724e-08
-2.125403e-10
-1.014889e-09
2.717948e-08
-2.187344e-10
-7.199272e-10
2.745376e-08
-2.209882e-10
-5.123454e-10
2.77101e-08
-2.19967e-10
-3.665465e-10
2.795279e-08
-2.16329e-10
-2.634095e-10
2.818343e-08
-2.106869e-10
-1.896832e-10
2.840253e-08
-2.035838e-10
-1.364118e-10
2.861023e-08
-1.954818e-10
-9.75609e-11
2.880664e-08
-1.867608e-10
-6.904316e-11
2.899197e-08
-1.777238e-10
-4.803242e-11
2.916655e-08
-1.686041e-10
-3.258662e-11
2.933079e-08
-1.595784e-10
-2.12298e-11
-1.507695e-10
-1.321503e-11
2.948518e-08
2.06429e-08
-4.642598e-11
-1.73277e-09
2.212717e-08
-1.345497e-10
-3.557607e-09
2.354284e-08
-2.126874e-10
-3.798033e-09
2.467922e-08
-2.790812e-10
-3.349917e-09
2.551093e-08
-3.334755e-10
-2.660166e-09
2.610433e-08
-3.761103e-10
-1.978825e-09
2.654634e-08
-4.075567e-10
-1.425185e-09
2.690075e-08
-4.286696e-10
-1.013332e-09
2.720589e-08
-4.405644e-10
-7.185982e-10
2.748255e-08
-4.445421e-10
-5.112249e-10
2.774076e-08
-4.419768e-10
-3.656077e-10
2.798485e-08
-2.626251e-10
2.821647e-08
-1.89028e-10
2.843618e-08
-1.358642e-10
2.864419e-08
-9.710299e-11
2.884066e-08
-6.866093e-11
2.902586e-08
-4.7715e-11
2.920013e-08
-3.232645e-11
2.936393e-08
-2.102044e-11
-1.305655e-11
2.951777e-08
2.064425e-08
-1.732216e-09
2.213232e-08
-3.555536e-09
2.355375e-08
-3.794696e-09
2.469729e-08
-3.345867e-09
2.553692e-08
-2.655914e-09
2.613838e-08
-1.974779e-09
2.658805e-08
-1.421563e-09
2.694933e-08
-1.010201e-09
2.726034e-08
-7.159504e-10
2.75418e-08
-5.090155e-10
-3.637797e-10
1.714593e-08
3.581785e-09
-2.171171e-09
1.4253e-08
3.7958e-09
-3.137591e-09
1.189323e-08
2.85261e-09
-2.350156e-09
1.00789e-08
2.015729e-09
-1.510567e-09
8.752981e-09
1.385435e-09
-9.396134e-10
7.811046e-09
9.587152e-10
-5.952399e-10
7.135991e-09
6.810041e-10
-3.977814e-10
6.640776e-09
4.988676e-10
-2.8442e-10
6.267425e-09
3.767103e-10
-2.175655e-10
5.978454e-09
2.917808e-10
-1.763113e-10
5.749745e-09
2.304737e-10
-1.491494e-10
5.565407e-09
1.84837e-10
-1.298027e-10
5.414638e-09
1.500264e-10
-1.149009e-10
5.289861e-09
1.229629e-10
-1.026638e-10
5.18559e-09
1.016115e-10
-9.215875e-11
5.097747e-09
8.456967e-11
-8.288862e-11
5.023225e-09
7.083911e-11
-7.458794e-11
4.95964e-09
5.967292e-11
-6.708017e-11
4.905083e-09
5.053883e-11
-6.029842e-11
4.285727e-11
-5.40579e-11
4.858223e-09
2.221428e-08
2.322218e-09
-2.881912e-09
2.327003e-08
4.165641e-09
-4.978246e-09
2.280554e-08
4.218111e-09
-4.522264e-09
2.150942e-08
3.700062e-09
-3.4221e-09
1.995559e-08
3.008984e-09
-2.370172e-09
1.849156e-08
2.365343e-09
-1.582377e-09
1.724544e-08
1.845516e-09
-1.06218e-09
1.6229e-08
1.445839e-09
-7.351424e-10
1.541119e-08
1.144142e-09
-5.315279e-10
1.47518e-08
9.165081e-10
-4.031412e-10
1.421535e-08
7.42824e-10
-3.197719e-10
1.377414e-08
6.083575e-10
-2.633874e-10
1.340741e-08
5.027454e-10
-2.233743e-10
1.309969e-08
4.187038e-10
-1.934911e-10
1.283938e-08
3.510724e-10
-1.700657e-10
1.261762e-08
2.961327e-10
-1.509181e-10
1.242755e-08
2.511502e-10
-1.347475e-10
1.226379e-08
2.140635e-10
-1.207229e-10
1.212198e-08
1.833123e-10
-1.083776e-10
1.575303e-10
-9.715009e-11
1.199864e-08
2.191698e-08
1.407696e-09
-2.902626e-09
2.440045e-08
3.191195e-09
-5.101111e-09
2.569437e-08
3.880049e-09
-4.856068e-09
2.585985e-08
3.949813e-09
-3.931692e-09
2.526866e-08
3.653602e-09
-2.920678e-09
2.432386e-08
3.195311e-09
-2.07803e-09
2.32995e-08
2.712248e-09
-1.467019e-09
2.23323e-08
2.268507e-09
-1.047737e-09
2.14747e-08
1.887365e-09
-7.655212e-10
2.07354e-08
1.571112e-09
-5.758702e-10
2.010442e-08
1.312459e-09
-4.468694e-10
1.956645e-08
1.101622e-09
-3.573449e-10
1.910638e-08
9.293744e-10
-2.93647e-10
1.871112e-08
7.879582e-10
-2.46997e-10
1.836991e-08
6.711798e-10
-2.117481e-10
1.807399e-08
5.741976e-10
-1.842494e-10
1.781627e-08
4.932363e-10
-1.62134e-10
1.759097e-08
4.253401e-10
-1.438133e-10
1.739328e-08
3.681616e-10
-1.282959e-10
3.198231e-10
-1.14618e-10
1.721909e-08
2.150115e-08
8.978789e-10
-2.897634e-09
2.388496e-08
2.28428e-09
-5.043268e-09
2.559243e-08
3.083338e-09
-4.775808e-09
2.648093e-08
3.441779e-09
-3.891476e-09
2.668551e-08
3.475538e-09
-2.938756e-09
2.644281e-08
3.293612e-09
-2.141867e-09
2.596445e-08
2.997939e-09
-1.555008e-09
2.538996e-08
2.66045e-09
-1.140677e-09
2.480083e-08
2.325141e-09
-8.512989e-10
2.423912e-08
2.015382e-09
-6.489102e-10
2.372274e-08
1.740521e-09
-5.057301e-10
2.325663e-08
1.501922e-09
-4.028322e-10
2.283954e-08
1.297126e-09
-3.276398e-10
2.246764e-08
1.122214e-09
-2.717167e-10
2.213633e-08
9.730232e-10
-2.293424e-10
2.184105e-08
8.457047e-10
-1.965912e-10
2.157761e-08
7.368954e-10
-1.707482e-10
2.134226e-08
6.437568e-10
-1.498857e-10
2.113167e-08
5.638661e-10
-1.327022e-10
4.95382e-10
-1.180233e-10
2.094273e-08
2.127643e-08
6.170631e-10
-2.891506e-09
2.337466e-08
1.669571e-09
-5.001721e-09
2.497553e-08
2.383722e-09
-4.670542e-09
2.597923e-08
2.802171e-09
-3.74399e-09
2.648463e-08
2.984711e-09
-2.786794e-09
2.664206e-08
2.984866e-09
-2.012376e-09
2.658189e-08
2.85984e-09
-1.458e-09
2.639268e-08
2.660036e-09
-1.074009e-09
2.613306e-08
2.424185e-09
-8.078309e-10
2.584118e-08
2.179386e-09
-6.21147e-10
2.554053e-08
1.942436e-09
-4.875826e-10
2.524492e-08
1.722338e-09
-3.899573e-10
2.496195e-08
1.522948e-09
-3.172552e-10
2.469539e-08
1.345043e-09
-2.622366e-10
2.444673e-08
1.18774e-09
-2.200052e-10
2.42162e-08
1.049381e-09
-1.871542e-10
2.400331e-08
9.280408e-10
-1.612555e-10
2.38072e-08
8.218127e-10
-1.405272e-10
2.362685e-08
7.288507e-10
-1.236886e-10
6.477896e-10
-1.096784e-10
2.346098e-08
2.11647e-08
4.501331e-10
-2.891386e-09
2.306711e-08
1.255049e-09
-4.995218e-09
2.449551e-08
1.852446e-09
-4.629642e-09
2.54046e-08
2.247521e-09
-3.659876e-09
2.592395e-08
2.472973e-09
-2.671512e-09
2.619774e-08
2.558729e-09
-1.885592e-09
2.63256e-08
2.537294e-09
-1.336155e-09
2.636098e-08
2.440449e-09
-9.662098e-10
2.633394e-08
2.295645e-09
-7.169299e-10
2.626405e-08
2.12493e-09
-5.463514e-10
2.616521e-08
1.944568e-09
-4.265048e-10
2.604777e-08
1.765513e-09
-3.398187e-10
2.59194e-08
1.594487e-09
-2.755024e-10
2.578569e-08
1.435157e-09
-2.267885e-10
2.565058e-08
1.289138e-09
-1.892931e-10
2.55168e-08
1.156769e-09
-1.600666e-10
2.538618e-08
1.03764e-09
-1.37041e-10
2.525996e-08
9.309735e-10
-1.187155e-10
2.51389e-08
8.357451e-10
-1.039682e-10
7.51196e-10
-9.202218e-11
2.502337e-08
2.110874e-08
3.419633e-10
-2.893527e-09
2.289152e-08
9.670697e-10
-5.002094e-09
2.418685e-08
1.457928e-09
-4.624617e-09
2.498085e-08
1.806993e-09
-3.630146e-09
2.542872e-08
2.031185e-09
-2.615974e-09
2.568783e-08
2.148521e-09
-1.81145e-09
2.585603e-08
2.179121e-09
-1.253056e-09
2.597553e-08
2.143826e-09
-8.82273e-10
2.606178e-08
2.06176e-09
-6.374125e-10
2.612059e-08
1.949361e-09
-4.739378e-10
2.61552e-08
1.819872e-09
-3.620795e-10
2.61687e-08
1.683223e-09
-2.831801e-10
2.616445e-08
1.54638e-09
-2.258982e-10
2.614578e-08
1.413914e-09
-1.832685e-10
2.611574e-08
1.288583e-09
-1.509138e-10
2.607701e-08
1.17186e-09
-1.259964e-10
2.603181e-08
1.064347e-09
-1.065945e-10
2.598199e-08
9.661067e-10
-9.137161e-11
2.592905e-08
8.76809e-10
-7.931496e-11
7.96173e-10
-6.989851e-11
2.587418e-08
2.107849e-08
2.659444e-10
-2.897252e-09
2.278756e-08
7.57375e-10
-5.014887e-09
2.399127e-08
1.157881e-09
-4.636528e-09
2.469368e-08
1.457438e-09
-3.630936e-09
2.506518e-08
1.663911e-09
-2.601471e-09
2.527424e-08
1.787842e-09
-1.782778e-09
2.542321e-08
1.842001e-09
-1.21393e-09
2.555335e-08
1.840582e-09
-8.369242e-10
2.567552e-08
1.797371e-09
-5.894723e-10
2.578932e-08
1.724769e-09
-4.260668e-10
2.589173e-08
1.633261e-09
-3.160102e-10
2.598044e-08
1.531163e-09
-2.398955e-10
2.60546e-08
1.424718e-09
-1.858366e-10
2.61145e-08
1.318369e-09
-1.465107e-10
2.616113e-08
1.21511e-09
-1.173301e-10
2.619585e-08
1.116826e-09
-9.535461e-11
2.622011e-08
1.024587e-09
-7.862713e-11
2.623537e-08
9.389101e-10
-6.582978e-11
2.624296e-08
8.598946e-10
-5.596281e-11
7.875335e-10
-4.862532e-11
2.624411e-08
2.106063e-08
2.093071e-10
-2.901043e-09
2.272285e-08
5.980681e-10
-5.027737e-09
2.386396e-08
9.229209e-10
-4.652413e-09
2.449914e-08
1.175e-09
-3.642769e-09
2.480827e-08
1.357414e-09
-2.605469e-09
2.496724e-08
1.475963e-09
-1.778301e-09
2.508248e-08
1.538605e-09
-1.202037e-09
2.519639e-08
1.555014e-09
-8.19315e-10
2.531891e-08
1.53525e-09
-5.679055e-10
2.544742e-08
1.488809e-09
-4.020802e-10
2.55761e-08
1.424041e-09
-2.908431e-10
2.569977e-08
1.347829e-09
-2.144846e-10
2.581495e-08
1.265545e-09
-1.608429e-10
2.591973e-08
1.181192e-09
-1.223661e-10
2.601336e-08
1.097615e-09
-9.429015e-11
2.609586e-08
1.016736e-09
-7.354909e-11
2.616768e-08
9.397678e-10
-5.810072e-11
2.622954e-08
8.674074e-10
-4.658172e-11
2.628229e-08
7.999675e-10
-3.795669e-11
7.37566e-10
-3.184364e-11
2.632679e-08
2.104947e-08
1.648612e-10
-2.904487e-09
2.268089e-08
4.718812e-10
-5.039192e-09
2.37786e-08
7.328576e-10
-4.667938e-09
2.436489e-08
9.409442e-10
-3.657413e-09
2.462617e-08
1.096967e-09
-2.616286e-09
2.474347e-08
1.203881e-09
-1.78435e-09
2.482627e-08
1.26649e-09
-1.20348e-09
2.491814e-08
1.291272e-09
-8.167715e-10
2.502897e-08
1.285489e-09
-5.621239e-10
2.515528e-08
1.256373e-09
-3.937866e-10
2.528996e-08
1.210536e-09
-2.806963e-10
2.542643e-08
1.153618e-09
-2.030594e-10
2.555979e-08
1.090164e-09
-1.486192e-10
2.568687e-08
1.023668e-09
-1.097277e-10
2.58058e-08
9.566973e-10
-8.153144e-11
2.591565e-08
8.910564e-10
-6.088717e-11
2.601613e-08
8.279443e-10
-4.568915e-11
2.610736e-08
7.681015e-10
-3.452673e-11
2.618971e-08
7.119273e-10
-2.63266e-11
6.595922e-10
-2.067408e-11
2.626363e-08
2.104214e-08
1.28499e-10
-2.907307e-09
2.265277e-08
3.681343e-10
-5.048477e-09
2.372002e-08
5.742523e-10
-4.681009e-09
2.42708e-08
7.419119e-10
-3.670823e-09
2.449605e-08
8.709686e-10
-2.627875e-09
2.458056e-08
9.627713e-10
-1.79328e-09
2.463618e-08
1.020121e-09
-1.209664e-09
2.470747e-08
1.047263e-09
-8.204326e-10
2.480444e-08
1.049338e-09
-5.635849e-10
2.492318e-08
1.031741e-09
-3.933765e-10
2.505586e-08
9.996034e-10
-2.787297e-10
2.519509e-08
9.574394e-10
-1.998324e-10
2.533516e-08
9.089914e-10
-1.444022e-10
2.547213e-08
8.572122e-10
-1.047603e-10
2.560347e-08
8.043308e-10
-7.601868e-11
2.57277e-08
7.519567e-10
-5.499983e-11
2.584404e-08
7.011964e-10
-3.956533e-11
2.59522e-08
6.527616e-10
-2.82748e-11
2.605223e-08
6.0707e-10
-2.003207e-11
5.643148e-10
-1.437926e-11
2.614431e-08
2.10372e-08
9.759688e-11
-2.909506e-09
2.263357e-08
2.79749e-10
-5.055698e-09
2.367937e-08
4.377088e-10
-4.691365e-09
2.420443e-08
5.680788e-10
-3.681883e-09
2.440289e-08
6.703859e-10
-2.638079e-09
2.446232e-08
7.451344e-10
-1.80195e-09
2.449638e-08
7.938961e-10
-1.216652e-09
2.455052e-08
8.193858e-10
-8.258204e-10
2.463492e-08
8.251455e-10
-5.675292e-10
2.474543e-08
8.150819e-10
-3.960443e-10
2.487375e-08
7.930388e-10
-2.802833e-10
2.501193e-08
7.624949e-10
-2.004278e-10
2.515372e-08
7.264046e-10
-1.441869e-10
2.529467e-08
6.871518e-10
-1.0387e-10
2.543182e-08
6.46575e-10
-7.457555e-11
2.556331e-08
6.060318e-10
-5.311083e-11
2.568806e-08
5.664788e-10
-3.732229e-11
2.580553e-08
5.285497e-10
-2.575316e-11
2.591558e-08
4.926359e-10
-1.729682e-11
4.589321e-10
-1.145899e-11
2.60182e-08
2.103383e-08
7.041551e-11
-2.911125e-09
2.262045e-08
2.018939e-10
-5.061054e-09
2.365126e-08
3.16541e-10
-4.699109e-09
2.415799e-08
4.121503e-10
-3.690319e-09
2.433698e-08
4.882169e-10
-2.646118e-09
2.437778e-08
5.448493e-10
-1.809076e-09
2.439545e-08
5.828917e-10
-1.222724e-09
2.443617e-08
6.040159e-10
-8.308661e-10
2.451032e-08
6.105618e-10
-5.716328e-10
2.461364e-08
6.05222e-10
-3.993021e-10
2.473751e-08
5.907222e-10
-2.827909e-10
2.487359e-08
5.695855e-10
-2.022769e-10
2.501523e-08
5.439973e-10
-1.45464e-10
2.515761e-08
5.157525e-10
-1.046544e-10
2.529745e-08
4.862591e-10
-7.493859e-11
2.543263e-08
4.565751e-10
-5.311506e-11
2.556185e-08
4.274601e-10
-3.702202e-11
2.568441e-08
3.994286e-10
-2.519293e-11
2.580003e-08
3.728088e-10
-1.651675e-11
3.477747e-10
-1.047312e-11
2.590863e-08
2.103158e-08
4.570164e-11
-2.912243e-09
2.261172e-08
1.310507e-10
-5.064827e-09
2.363241e-08
2.057313e-10
-4.704577e-09
2.412657e-08
2.684543e-10
-3.696332e-09
2.429201e-08
3.18815e-10
-2.651954e-09
2.431966e-08
3.567793e-10
-1.814361e-09
2.432556e-08
3.827727e-10
-1.227344e-09
2.435646e-08
3.977468e-10
-8.348276e-10
2.442294e-08
4.031168e-10
-5.749822e-10
2.452068e-08
4.005666e-10
-4.020986e-10
2.464088e-08
3.918367e-10
-2.850954e-10
2.477492e-08
3.785653e-10
-2.041489e-10
2.491589e-08
3.621916e-10
-1.469588e-10
2.50587e-08
3.439129e-10
-1.058224e-10
2.519981e-08
3.246802e-10
-7.582369e-11
2.533691e-08
3.052167e-10
-5.375485e-11
2.546857e-08
2.860486e-10
-3.74483e-11
2.559396e-08
2.675382e-10
-2.543075e-11
2.57127e-08
2.499212e-10
-1.658882e-11
2.333284e-10
-1.038482e-11
2.582465e-08
2.10302e-08
2.2497e-11
-2.912924e-09
2.260637e-08
6.450849e-11
-5.067231e-09
2.362079e-08
1.01329e-10
-4.708051e-09
2.410709e-08
1.323937e-10
-3.700159e-09
2.426399e-08
1.574632e-10
-2.655708e-09
2.428324e-08
1.764952e-10
-1.817798e-09
2.428155e-08
1.896686e-10
-1.230387e-09
2.430603e-08
1.974108e-10
-8.374758e-10
2.436742e-08
2.003872e-10
-5.772597e-10
2.446139e-08
1.994071e-10
-4.040399e-10
2.457904e-08
1.953177e-10
-2.867378e-10
2.471159e-08
1.889239e-10
-2.055292e-10
2.485193e-08
1.809396e-10
-1.481118e-10
2.499479e-08
1.719631e-10
-1.067791e-10
2.513651e-08
1.62473e-10
-7.661101e-11
2.527462e-08
1.528361e-10
-5.439501e-11
2.540759e-08
1.433215e-10
-3.795951e-11
2.553451e-08
1.341158e-10
-2.582671e-11
2.565495e-08
1.253423e-10
-1.688167e-11
1.17071e-10
-1.057612e-11
2.576873e-08
2.102954e-08
6.038742e-18
-2.913219e-09
2.260383e-08
1.369418e-17
-5.068415e-09
2.361524e-08
1.87973e-17
-4.709748e-09
2.409776e-08
2.22464e-17
-3.702013e-09
2.425053e-08
2.502171e-17
-2.657539e-09
2.426569e-08
2.779368e-17
-1.819485e-09
2.426028e-08
3.069738e-17
-1.231889e-09
2.428159e-08
3.363108e-17
-8.387928e-10
2.434046e-08
3.652653e-17
-5.784015e-10
2.443254e-08
3.943181e-17
-4.050218e-10
2.454889e-08
4.254741e-17
-2.875776e-10
2.468065e-08
4.614254e-17
-2.062446e-10
2.482062e-08
5.034095e-17
-1.487197e-10
2.496347e-08
5.502733e-17
-1.072948e-10
2.510543e-08
6.003015e-17
-7.704747e-11
2.524398e-08
6.548159e-17
-5.476293e-11
2.537754e-08
7.139139e-17
-3.826748e-11
2.550515e-08
7.793539e-17
-2.608094e-11
2.562635e-08
8.505049e-17
-1.708759e-11
9.309982e-17
-1.073403e-11
2.574094e-08
2.102954e-08
-2.249698e-11
-2.913219e-09
2.260383e-08
-6.450847e-11
-5.068415e-09
2.361524e-08
-1.013289e-10
-4.709748e-09
2.409776e-08
-1.323937e-10
-3.702013e-09
2.425053e-08
-1.574632e-10
-2.657539e-09
2.426569e-08
-1.764951e-10
-1.819485e-09
2.426028e-08
-1.896685e-10
-1.231889e-09
2.428159e-08
-1.974107e-10
-8.387928e-10
2.434046e-08
-2.003871e-10
-5.784015e-10
2.443254e-08
-1.994071e-10
-4.050218e-10
2.454889e-08
-1.953176e-10
-2.875776e-10
2.468065e-08
-1.889238e-10
-2.062446e-10
2.482062e-08
-1.809395e-10
-1.487197e-10
2.496347e-08
-1.71963e-10
-1.072948e-10
2.510543e-08
-1.624729e-10
-7.704747e-11
2.524398e-08
-1.52836e-10
-5.476293e-11
2.537754e-08
-1.433213e-10
-3.826748e-11
2.550515e-08
-1.341157e-10
-2.608094e-11
2.562635e-08
-1.253422e-10
-1.708759e-11
-1.170708e-10
-1.073403e-11
2.574094e-08
2.10302e-08
-4.570163e-11
-2.912924e-09
2.260637e-08
-1.310507e-10
-5.067231e-09
2.362079e-08
-2.057313e-10
-4.708051e-09
2.410709e-08
-2.684543e-10
-3.700159e-09
2.426399e-08
-3.18815e-10
-2.655708e-09
2.428324e-08
-3.567792e-10
-1.817798e-09
2.428155e-08
-3.827726e-10
-1.230387e-09
2.430603e-08
-3.977467e-10
-8.374758e-10
2.436742e-08
-4.031167e-10
-5.772597e-10
2.446139e-08
-4.005665e-10
-4.040399e-10
2.457904e-08
-3.918367e-10
-2.867378e-10
2.471159e-08
-2.055292e-10
2.485193e-08
-1.481118e-10
2.499479e-08
-1.067791e-10
2.513651e-08
-7.6611e-11
2.527462e-08
-5.439501e-11
2.540759e-08
-3.795951e-11
2.553451e-08
-2.582671e-11
2.565495e-08
-1.688167e-11
-1.057612e-11
2.576873e-08
2.103158e-08
-2.912243e-09
2.261172e-08
-5.064827e-09
2.363241e-08
-4.704577e-09
2.412657e-08
-3.696332e-09
2.429201e-08
-2.651954e-09
2.431966e-08
-1.814361e-09
2.432556e-08
-1.227344e-09
2.435646e-08
-8.348276e-10
2.442294e-08
-5.749822e-10
2.452068e-08
-4.020986e-10
-2.850954e-10
1.749065e-08
3.524942e-09
-3.359923e-09
1.433635e-08
3.789829e-09
-3.773118e-09
1.148646e-08
2.83741e-09
-2.337676e-09
9.321795e-09
1.953225e-09
-1.299124e-09
7.822786e-09
1.297536e-09
-7.3814e-10
6.81611e-09
8.63815e-10
-4.523794e-10
6.130552e-09
5.876626e-10
-2.998858e-10
5.649182e-09
4.115104e-10
-2.145606e-10
5.298958e-09
2.97083e-10
-1.64424e-10
5.035398e-09
2.201441e-10
-1.328953e-10
4.831316e-09
1.665097e-10
-1.115777e-10
4.669596e-09
1.279876e-10
-9.606987e-11
4.539069e-09
9.963569e-11
-8.401017e-11
4.432179e-09
7.835995e-11
-7.413367e-11
4.34362e-09
6.215462e-11
-6.575392e-11
4.269545e-09
4.966743e-11
-5.848159e-11
4.207087e-09
3.995768e-11
-5.208733e-11
4.154075e-09
3.234028e-11
-4.640867e-11
4.108806e-09
2.633495e-11
-4.136374e-11
2.144492e-11
-3.677913e-11
4.070082e-09
2.258988e-08
2.312226e-09
-4.432234e-09
2.31469e-08
4.144393e-09
-5.889833e-09
2.173062e-08
4.128892e-09
-4.397456e-09
1.959336e-08
3.511609e-09
-2.84323e-09
1.751753e-08
2.749898e-09
-1.746702e-09
1.580839e-08
2.075227e-09
-1.08465e-09
1.448549e-08
1.553141e-09
-7.04759e-10
1.347772e-08
1.168294e-09
-4.841538e-10
1.270622e-08
8.893721e-10
-3.523158e-10
1.21066e-08
6.867394e-10
-2.701163e-10
1.163212e-08
5.375055e-10
-2.162886e-10
1.125017e-08
4.257736e-10
-1.792286e-10
1.093803e-08
3.407697e-10
-1.523666e-10
1.067964e-08
2.751618e-10
-1.319051e-10
1.046345e-08
2.239037e-10
-1.156242e-10
1.028095e-08
1.834541e-10
-1.021976e-10
1.01257e-08
1.512717e-10
-9.081964e-11
9.992794e-09
1.25485e-10
-8.095801e-11
9.878351e-09
1.047053e-10
-7.230523e-11
8.774483e-11
-6.442239e-11
9.779323e-09
2.2317e-08
1.401069e-09
-4.481626e-09
2.419774e-08
3.13697e-09
-5.974431e-09
2.436673e-08
3.734446e-09
-4.630606e-09
2.34544e-08
3.687885e-09
-3.195639e-09
2.208927e-08
3.290622e-09
-2.09627e-09
2.069151e-08
2.767728e-09
-1.372777e-09
1.944664e-08
2.257879e-09
-9.268839e-10
1.840062e-08
1.817112e-09
-6.505334e-10
1.754201e-08
1.457879e-09
-4.754218e-10
1.684073e-08
1.173185e-09
-3.610312e-10
1.626539e-08
9.496087e-10
-2.836397e-10
1.578945e-08
7.738828e-10
-2.295132e-10
1.5392e-08
6.349974e-10
-1.904168e-10
1.5057e-08
5.244042e-10
-1.612483e-10
1.477229e-08
4.35658e-10
-1.387904e-10
1.452853e-08
3.639384e-10
-1.209732e-10
1.43185e-08
3.05621e-10
-1.064477e-10
1.41365e-08
2.579527e-10
-9.428953e-11
1.397803e-08
2.188074e-10
-8.392238e-11
1.864947e-10
-7.466547e-11
1.383933e-08
2.191588e-08
8.937324e-10
-4.479335e-09
2.368536e-08
2.228403e-09
-5.904176e-09
2.423653e-08
2.937133e-09
-4.52967e-09
2.398485e-08
3.182863e-09
-3.134768e-09
2.331217e-08
3.106855e-09
-2.082316e-09
2.248857e-08
2.83821e-09
-1.388747e-09
2.166124e-08
2.488153e-09
-9.579469e-10
2.089566e-08
2.128271e-09
-6.862578e-10
2.021581e-08
1.796151e-09
-5.097189e-10
1.962424e-08
1.506891e-09
-3.910538e-10
1.911383e-08
1.262613e-09
-3.083246e-10
1.867426e-08
1.059438e-09
-2.488181e-10
1.829502e-08
8.914954e-10
-2.04894e-10
1.796661e-08
7.528204e-10
-1.717217e-10
1.768094e-08
6.381223e-10
-1.461404e-10
1.743132e-08
5.429874e-10
-1.260139e-10
1.721223e-08
4.638291e-10
-1.098659e-10
1.701915e-08
3.977734e-10
-9.66303e-11
1.684836e-08
3.424821e-10
-8.559155e-11
2.96162e-10
-7.59629e-11
1.669664e-08
2.169982e-08
6.117475e-10
-4.482502e-09
2.318704e-08
1.61742e-09
-5.877955e-09
2.363677e-08
2.254373e-09
-4.437512e-09
2.35078e-08
2.577351e-09
-3.00951e-09
2.312798e-08
2.66055e-09
-1.96066e-09
2.266961e-08
2.571847e-09
-1.287643e-09
2.220168e-08
2.378953e-09
-8.808784e-10
2.174942e-08
2.136736e-09
-6.302131e-10
2.132471e-08
1.882797e-09
-4.697702e-10
2.093335e-08
1.639709e-09
-3.625986e-10
2.057728e-08
1.418742e-09
-2.876466e-10
2.025603e-08
1.223877e-09
-2.331454e-10
1.996756e-08
1.055025e-09
-1.923168e-10
1.970904e-08
9.101316e-10
-1.610225e-10
1.947736e-08
7.864058e-10
-1.366077e-10
1.92695e-08
6.809722e-10
-1.172793e-10
1.908268e-08
5.911628e-10
-1.017716e-10
1.891442e-08
5.146454e-10
-8.914322e-11
1.876257e-08
4.493751e-10
-7.872349e-11
3.937968e-10
-6.983075e-11
1.862508e-08
2.158974e-08
4.442679e-10
-4.486806e-09
2.288101e-08
1.209501e-09
-5.878566e-09
2.316366e-08
1.744473e-09
-4.402387e-09
2.295793e-08
2.062873e-09
-2.93967e-09
2.261411e-08
2.20564e-09
-1.872788e-09
2.228494e-08
2.211984e-09
-1.196552e-09
2.200073e-08
2.122899e-09
-7.958921e-10
2.175129e-08
1.975627e-09
-5.55658e-10
2.152436e-08
1.79936e-09
-4.065705e-10
2.131286e-08
1.614832e-09
-3.099659e-10
2.111392e-08
1.435268e-09
-2.44095e-10
2.092694e-08
1.268051e-09
-1.970155e-10
2.075196e-08
1.116571e-09
-1.62065e-10
2.058893e-08
9.817266e-10
-1.353521e-10
2.043754e-08
8.630021e-10
-1.14501e-10
2.029725e-08
7.591763e-10
-9.797947e-11
2.016736e-08
6.687424e-10
-8.473609e-11
2.004713e-08
5.901692e-10
-7.400643e-11
1.993581e-08
5.219552e-10
-6.522432e-11
4.629292e-10
-5.79188e-11
1.983257e-08
2.153324e-08
3.360797e-10
-4.491731e-09
2.270187e-08
9.284355e-10
-5.889666e-09
2.285134e-08
1.369675e-09
-4.399289e-09
2.254098e-08
1.658239e-09
-2.915151e-09
2.214588e-08
1.815921e-09
-1.831153e-09
2.182452e-08
1.866678e-09
-1.144786e-09
2.159767e-08
1.836842e-09
-7.40144e-10
2.143936e-08
1.75205e-09
-5.003911e-10
2.132181e-08
1.633978e-09
-3.544739e-10
2.122566e-08
1.499424e-09
-2.623844e-10
2.113995e-08
1.360388e-09
-2.01491e-10
2.105941e-08
1.22471e-09
-1.59298e-10
2.098189e-08
1.09703e-09
-1.288384e-10
2.090672e-08
9.79721e-10
-1.060923e-10
2.083382e-08
8.736596e-10
-8.866537e-11
2.076327e-08
7.787976e-10
-7.507069e-11
2.069519e-08
6.94559e-10
-6.432827e-11
2.062963e-08
6.201198e-10
-5.576493e-11
2.056663e-08
5.545147e-10
-4.887355e-11
4.969284e-10
-4.336741e-11
2.05061e-08
2.150182e-08
2.606633e-10
-4.496814e-09
2.259322e-08
7.255725e-10
-5.903423e-09
2.264838e-08
1.086918e-09
-4.408927e-09
2.22505e-08
1.338969e-09
-2.913793e-09
2.179148e-08
1.492559e-09
-1.81908e-09
2.143779e-08
1.562102e-09
-1.124519e-09
2.121011e-08
1.564879e-09
-7.142809e-10
2.107755e-08
1.518971e-09
-4.712875e-10
2.100541e-08
1.440668e-09
-3.240268e-10
2.096741e-08
1.343346e-09
-2.319858e-10
2.094669e-08
1.237195e-09
-1.720979e-10
2.093358e-08
1.12943e-09
-1.315026e-10
2.092291e-08
1.024803e-09
-1.029467e-10
2.091214e-08
9.261885e-10
-8.220774e-11
2.090012e-08
8.351101e-10
-6.675979e-11
2.088644e-08
7.521722e-10
-5.504175e-11
2.087102e-08
6.773844e-10
-4.603863e-11
2.085398e-08
6.104096e-10
-3.907892e-11
2.08355e-08
5.506884e-10
-3.365268e-11
4.976654e-10
-2.957147e-11
2.081571e-08
2.148293e-08
2.04813e-10
-4.501283e-09
2.252434e-08
5.723619e-10
-5.915936e-09
2.251368e-08
8.664524e-10
-4.421285e-09
2.204943e-08
1.081357e-09
-2.920904e-09
2.153482e-08
1.222009e-09
-1.820315e-09
2.114262e-08
1.296753e-09
-1.120752e-09
2.089508e-08
1.316833e-09
-7.064465e-10
2.076003e-08
1.295019e-09
-4.603143e-10
2.069998e-08
1.243599e-09
-3.107904e-10
2.06853e-08
1.173202e-09
-2.172567e-10
2.069587e-08
1.092324e-09
-1.565388e-10
2.071917e-08
1.007303e-09
-1.156544e-10
2.074777e-08
9.225783e-10
-8.722199e-11
2.077743e-08
8.410619e-10
-6.68999e-11
2.080581e-08
7.64505e-10
-5.206163e-11
2.083168e-08
6.938207e-10
-4.106793e-11
2.085447e-08
6.293429e-10
-3.284614e-11
2.087395e-08
5.71031e-10
-2.669148e-11
2.089015e-08
5.185975e-10
-2.206409e-11
4.716626e-10
-1.880054e-11
2.090311e-08
2.147095e-08
1.61206e-10
-4.504986e-09
2.247903e-08
4.514846e-10
-5.926399e-09
2.242206e-08
6.884651e-10
-4.432978e-09
2.190854e-08
8.67633e-10
-2.930171e-09
2.134975e-08
9.90944e-10
-1.826426e-09
2.092315e-08
1.063025e-09
-1.124023e-09
2.065266e-08
1.091061e-09
-7.072219e-10
2.050586e-08
1.083969e-09
-4.589215e-10
2.044399e-08
1.050912e-09
-3.075586e-10
2.043568e-08
1.000228e-09
-2.125072e-10
2.045903e-08
9.388742e-10
-1.505938e-10
2.049984e-08
8.722573e-10
-1.088258e-10
2.054926e-08
8.04336e-10
-7.9793e-11
2.060186e-08
7.378433e-10
-5.911353e-11
2.065441e-08
6.745397e-10
-4.411604e-11
2.070501e-08
6.15452e-10
-3.311766e-11
2.075259e-08
5.610773e-10
-2.500634e-11
2.07966e-08
5.115478e-10
-1.904671e-11
2.083679e-08
4.667515e-10
-1.467144e-11
4.264346e-10
-1.170416e-11
2.087304e-08
2.1463e-08
1.256232e-10
-4.507883e-09
2.244836e-08
3.522687e-10
-5.934621e-09
2.235857e-08
5.399166e-10
-4.442666e-09
2.180876e-08
6.85363e-10
-2.938745e-09
2.121594e-08
7.891621e-10
-1.833276e-09
2.07612e-08
8.537583e-10
-1.129266e-09
2.046994e-08
8.836593e-10
-7.11005e-10
2.030985e-08
8.849872e-10
-4.613665e-10
2.024152e-08
8.644463e-10
-3.087837e-10
2.023257e-08
8.284309e-10
-2.1263e-10
2.025998e-08
7.824795e-10
-1.497455e-10
2.030851e-08
7.310508e-10
-1.071511e-10
2.036835e-08
6.775252e-10
-7.744066e-11
2.043334e-08
6.243268e-10
-5.6227e-11
2.04996e-08
5.730902e-10
-4.082641e-11
2.056475e-08
5.248328e-10
-2.953948e-11
2.062739e-08
4.801101e-10
-2.123593e-11
2.068668e-08
4.391466e-10
-1.516252e-11
2.07422e-08
4.019405e-10
-1.073641e-11
3.683349e-10
-7.757995e-12
2.079367e-08
2.145761e-08
9.542195e-11
-4.510071e-09
2.242729e-08
2.677748e-10
-5.94088e-09
2.231419e-08
4.118824e-10
-4.450239e-09
2.173787e-08
5.25616e-10
-2.945814e-09
2.11194e-08
6.089289e-10
-1.839371e-09
2.064258e-08
6.630426e-10
-1.134413e-09
2.033413e-08
6.907265e-10
-7.152723e-10
2.016201e-08
6.960918e-10
-4.648061e-10
2.008646e-08
6.839116e-10
-3.114443e-10
2.007448e-08
6.589278e-10
-2.145594e-10
2.010229e-08
6.253815e-10
-1.509998e-10
2.015393e-08
5.867867e-10
-1.077975e-10
2.021893e-08
5.458837e-10
-7.755304e-11
2.029058e-08
5.046952e-10
-5.588147e-11
2.036456e-08
4.646316e-10
-4.009693e-11
2.043816e-08
4.266089e-10
-2.849462e-11
2.050973e-08
3.911638e-10
-1.993709e-11
2.057823e-08
3.585515e-10
-1.366206e-11
2.064312e-08
3.28832e-10
-9.080106e-12
3.019208e-10
-5.970787e-12
2.070405e-08
2.145393e-08
6.886098e-11
-4.511652e-09
2.241282e-08
1.933104e-10
-5.945475e-09
2.228337e-08
2.980764e-10
-4.455859e-09
2.168804e-08
3.818279e-10
-2.951198e-09
2.105073e-08
4.443084e-10
-1.844188e-09
2.055725e-08
4.860927e-10
-1.13865e-09
2.023539e-08
5.088314e-10
-7.189619e-10
2.00534e-08
5.151811e-10
-4.679732e-10
1.997141e-08
5.083886e-10
-3.141128e-10
1.9956e-08
4.917898e-10
-2.167542e-10
1.998289e-08
4.684443e-10
-1.52751e-10
2.00356e-08
4.409452e-10
-1.091415e-10
2.010319e-08
4.113588e-10
-7.853024e-11
2.017852e-08
3.812439e-10
-5.653365e-11
2.025697e-08
3.517136e-10
-4.0465e-11
2.033556e-08
3.235129e-10
-2.861688e-11
2.041246e-08
2.970976e-10
-1.984844e-11
2.04865e-08
2.727044e-10
-1.339234e-11
2.055706e-08
2.504152e-10
-8.656782e-12
2.301939e-10
-5.406093e-12
2.062372e-08
2.145148e-08
4.470386e-11
-4.512727e-09
2.240316e-08
1.255043e-10
-5.948696e-09
2.226263e-08
1.938342e-10
-4.459802e-09
2.165421e-08
2.489359e-10
-2.955025e-09
2.100372e-08
2.905337e-10
-1.847685e-09
2.049835e-08
3.18886e-10
-1.141788e-09
2.016668e-08
3.34913e-10
-7.217557e-10
1.997728e-08
3.401916e-10
-4.704336e-10
1.98902e-08
3.367329e-10
-3.162522e-10
1.987183e-08
3.266554e-10
-2.185882e-10
1.989754e-08
3.119381e-10
-1.542992e-10
1.995047e-08
2.942849e-10
-1.104273e-10
2.001938e-08
2.750748e-10
-7.95793e-11
2.009681e-08
2.553641e-10
-5.73716e-11
2.017789e-08
2.359195e-10
-4.111617e-11
2.025949e-08
2.17264e-10
-2.910338e-11
2.03396e-08
1.997266e-10
-2.01899e-11
2.0417e-08
1.834871e-10
-1.360497e-11
2.049096e-08
1.68618e-10
-8.7557e-12
1.551095e-10
-5.396287e-12
2.056106e-08
2.144999e-08
2.201079e-11
-4.513374e-09
2.239723e-08
6.178052e-11
-5.950754e-09
2.224981e-08
9.550188e-11
-4.462295e-09
2.16332e-08
1.22841e-10
-2.957451e-09
2.097435e-08
1.436098e-10
-1.849933e-09
2.046134e-08
1.579191e-10
-1.143827e-09
2.012328e-08
1.661798e-10
-7.2359e-10
1.992894e-08
1.691209e-10
-4.720683e-10
1.98384e-08
1.677033e-10
-3.176928e-10
1.981791e-08
1.629554e-10
-2.198441e-10
1.984264e-08
1.558474e-10
-1.55383e-10
1.989553e-08
1.472233e-10
-1.113541e-10
1.996509e-08
1.37772e-10
-8.036528e-11
2.004368e-08
1.280262e-10
-5.803269e-11
2.012628e-08
1.183762e-10
-4.166703e-11
2.020961e-08
1.090913e-10
-2.955682e-11
2.029159e-08
1.003434e-10
-2.05569e-11
2.037092e-08
9.222893e-11
-1.38941e-11
2.044684e-08
8.478966e-11
-8.974841e-12
7.802512e-11
-5.547196e-12
2.051889e-08
2.144929e-08
5.894773e-18
-4.513651e-09
2.239443e-08
1.327982e-17
-5.951773e-09
2.224368e-08
1.822532e-17
-4.463498e-09
2.162312e-08
2.162246e-17
-2.958617e-09
2.096022e-08
2.436898e-17
-1.851028e-09
2.044348e-08
2.705461e-17
-1.144826e-09
2.010227e-08
2.976723e-17
-7.244942e-10
1.990547e-08
3.242817e-17
-4.728793e-10
1.981319e-08
3.498221e-17
-3.184118e-10
1.97916e-08
3.752686e-17
-2.204753e-10
1.98158e-08
4.026549e-17
-1.559325e-10
1.986861e-08
4.349278e-17
-1.118294e-10
1.993843e-08
4.729712e-17
-8.077439e-11
2.001755e-08
5.150883e-17
-5.838354e-11
2.010084e-08
5.602949e-17
-4.196679e-11
2.018498e-08
6.077833e-17
-2.98116e-11
2.026783e-08
6.60485e-17
-2.077182e-11
2.034805e-08
7.172668e-17
-1.407299e-11
2.042487e-08
7.82635e-17
-9.121144e-12
8.545639e-17
-5.661434e-12
2.049783e-08
2.144929e-08
-2.201078e-11
-4.513651e-09
2.239443e-08
-6.178049e-11
-5.951773e-09
2.224368e-08
-9.550184e-11
-4.463498e-09
2.162312e-08
-1.228409e-10
-2.958617e-09
2.096022e-08
-1.436097e-10
-1.851028e-09
2.044348e-08
-1.579191e-10
-1.144826e-09
2.010227e-08
-1.661798e-10
-7.244942e-10
1.990547e-08
-1.691208e-10
-4.728793e-10
1.981319e-08
-1.677032e-10
-3.184118e-10
1.97916e-08
-1.629553e-10
-2.204753e-10
1.98158e-08
-1.558474e-10
-1.559325e-10
1.986861e-08
-1.472232e-10
-1.118294e-10
1.993843e-08
-1.377719e-10
-8.077439e-11
2.001755e-08
-1.280261e-10
-5.838354e-11
2.010084e-08
-1.183761e-10
-4.196679e-11
2.018498e-08
-1.090912e-10
-2.98116e-11
2.026783e-08
-1.003433e-10
-2.077182e-11
2.034805e-08
-9.222879e-11
-1.407299e-11
2.042487e-08
-8.47895e-11
-9.121144e-12
-7.802495e-11
-5.661434e-12
2.049783e-08
2.144999e-08
-4.470385e-11
-4.513374e-09
2.239723e-08
-1.255043e-10
-5.950754e-09
2.224981e-08
-1.938342e-10
-4.462295e-09
2.16332e-08
-2.489359e-10
-2.957451e-09
2.097435e-08
-2.905336e-10
-1.849933e-09
2.046134e-08
-3.188859e-10
-1.143827e-09
2.012328e-08
-3.349129e-10
-7.2359e-10
1.992894e-08
-3.401916e-10
-4.720683e-10
1.98384e-08
-3.367328e-10
-3.176928e-10
1.981791e-08
-3.266554e-10
-2.198441e-10
1.984264e-08
-3.11938e-10
-1.55383e-10
1.989553e-08
-1.113541e-10
1.996509e-08
-8.036528e-11
2.004368e-08
-5.803269e-11
2.012628e-08
-4.166703e-11
2.020961e-08
-2.955682e-11
2.029159e-08
-2.05569e-11
2.037092e-08
-1.38941e-11
2.044684e-08
-8.974841e-12
-5.547196e-12
2.051889e-08
2.145148e-08
-4.512727e-09
2.240316e-08
-5.948696e-09
2.226263e-08
-4.459802e-09
2.165421e-08
-2.955025e-09
2.100372e-08
-1.847685e-09
2.049835e-08
-1.141788e-09
2.016668e-08
-7.217557e-10
1.997728e-08
-4.704336e-10
1.98902e-08
-3.162522e-10
1.987183e-08
-2.185882e-10
-1.542992e-10
1.740869e-08
3.373779e-09
-4.315545e-09
1.314747e-08
3.580243e-09
-3.092141e-09
9.687314e-09
2.531455e-09
-1.408978e-09
7.398574e-09
1.618004e-09
-6.283883e-10
5.981818e-09
1.006465e-09
-3.278489e-10
5.097034e-09
6.313827e-10
-1.989778e-10
4.523882e-09
4.049315e-10
-1.316657e-10
4.136312e-09
2.674105e-10
-9.440114e-11
3.862056e-09
1.821965e-10
-7.236411e-11
3.659917e-09
1.27383e-10
-5.813974e-11
3.505875e-09
9.076415e-11
-4.829932e-11
3.385318e-09
6.553324e-11
-4.104623e-11
3.288988e-09
4.771005e-11
-3.539012e-11
3.210764e-09
3.487863e-11
-3.078874e-11
3.146429e-09
2.551751e-11
-2.693631e-11
3.092969e-09
1.86278e-11
-2.36491e-11
3.048162e-09
1.353086e-11
-2.081123e-11
3.010344e-09
9.743414e-12
-1.833468e-11
2.97822e-09
6.934788e-12
-1.617434e-11
4.764363e-12
-1.421615e-11
2.950893e-09
2.202048e-08
2.211489e-09
-5.463576e-09
2.047724e-08
3.764433e-09
-4.530786e-09
1.758192e-08
3.513905e-09
-2.484587e-09
1.485338e-08
2.784002e-09
-1.280692e-09
1.275997e-08
2.041238e-09
-6.880591e-10
1.125798e-08
1.453303e-09
-4.045869e-10
1.018433e-08
1.032137e-09
-2.583131e-10
9.405597e-09
7.397358e-10
-1.777433e-10
8.8282e-09
5.38105e-10
-1.308268e-10
8.389226e-09
3.976899e-10
-1.014499e-10
8.047512e-09
2.980717e-10
-8.188193e-11
7.775953e-09
2.260111e-10
-6.814753e-11
7.556341e-09
1.729547e-10
-5.799862e-11
7.376153e-09
1.333009e-10
-5.014007e-11
7.226548e-09
1.033135e-10
-4.381517e-11
7.101108e-09
8.043646e-11
-3.856578e-11
6.995054e-09
6.287444e-11
-3.410952e-11
6.904759e-09
4.93285e-11
-3.024812e-11
6.827414e-09
3.885028e-11
-2.687533e-11
3.063689e-11
-2.375438e-11
6.760873e-09
2.171777e-08
1.341033e-09
-5.502096e-09
2.119607e-08
2.800269e-09
-4.488571e-09
1.947807e-08
3.117231e-09
-2.515925e-09
1.75623e-08
2.878795e-09
-1.374666e-09
1.58742e-08
2.411242e-09
-7.781754e-10
1.451493e-08
1.914731e-09
-4.749395e-10
1.344904e-08
1.483617e-09
-3.124729e-10
1.261737e-08
1.140005e-09
-2.191279e-10
1.196546e-08
8.768712e-10
-1.622808e-10
1.144894e-08
6.784738e-10
-1.252913e-10
1.103428e-08
5.290005e-10
-9.991514e-11
1.069694e-08
4.156733e-10
-8.183357e-11
1.041901e-08
3.28968e-10
-6.85002e-11
1.018742e-08
2.619953e-10
-5.834581e-11
9.992504e-09
2.098183e-10
-5.038291e-11
9.827054e-09
1.688818e-10
-4.396856e-11
9.685569e-09
1.365897e-10
-3.867849e-11
9.5638e-09
1.110145e-10
-3.420688e-11
9.458412e-09
9.069465e-11
-3.037819e-11
7.447358e-11
-2.686406e-11
9.366774e-09
2.13401e-08
8.57564e-10
-5.509119e-09
2.070329e-08
1.982524e-09
-4.449623e-09
1.930121e-08
2.443833e-09
-2.454193e-09
1.789639e-08
2.483117e-09
-1.334266e-09
1.670135e-08
2.280286e-09
-7.563234e-10
1.572291e-08
1.968428e-09
-4.640079e-10
1.491827e-08
1.639215e-09
-3.08905e-10
1.425325e-08
1.338723e-09
-2.199488e-10
1.370223e-08
1.083479e-09
-1.653087e-10
1.324402e-08
8.747596e-10
-1.291277e-10
1.286116e-08
7.071921e-10
-1.036626e-10
1.253943e-08
5.736004e-10
-8.501296e-11
1.226728e-08
4.671682e-10
-7.094515e-11
1.203548e-08
3.821528e-10
-6.007777e-11
1.18367e-08
3.139783e-10
-5.151733e-11
1.166513e-08
2.590889e-10
-4.465328e-11
1.151617e-08
2.147389e-10
-3.90562e-11
1.138615e-08
1.788091e-10
-3.439809e-11
1.12721e-08
1.496261e-10
-3.047477e-11
1.259089e-10
-2.692829e-11
1.117163e-08
2.113369e-08
5.862335e-10
-5.518022e-09
2.024498e-08
1.437203e-09
-4.443922e-09
1.8779e-08
1.879451e-09
-2.407152e-09
1.750446e-08
2.022808e-09
-1.274662e-09
1.655501e-08
1.970893e-09
-7.018077e-10
1.585074e-08
1.803805e-09
-4.187524e-10
1.529622e-08
1.586187e-09
-2.733273e-10
1.483731e-08
1.360319e-09
-1.92906e-10
1.444698e-08
1.149142e-09
-1.45099e-10
1.411047e-08
9.627869e-10
-1.141153e-10
1.381872e-08
8.037215e-10
-9.242366e-11
1.356511e-08
6.704695e-10
-7.640864e-11
1.334416e-08
5.599424e-10
-6.41383e-11
1.31511e-08
4.686784e-10
-5.449125e-11
1.298182e-08
3.93423e-10
-4.677568e-11
1.283281e-08
3.313518e-10
-4.052639e-11
1.270108e-08
2.801031e-10
-3.540947e-11
1.258416e-08
2.37751e-10
-3.116009e-11
1.247996e-08
2.026956e-10
-2.760186e-11
1.737227e-10
-2.443793e-11
1.238676e-08
2.102402e-08
4.245242e-10
-5.52227e-09
1.995434e-08
1.074345e-09
-4.446033e-09
1.835901e-08
1.459893e-09
-2.387501e-09
1.705186e-08
1.632417e-09
-1.242125e-09
1.6162e-08
1.653708e-09
-6.657477e-10
1.557774e-08
1.574641e-09
-3.831294e-10
1.516925e-08
1.439145e-09
-2.403524e-10
1.485786e-08
1.279818e-09
-1.637742e-10
1.46029e-08
1.117634e-09
-1.200953e-10
1.438405e-08
9.647098e-10
-9.303891e-11
1.419155e-08
8.269514e-10
-7.482692e-11
1.402044e-08
7.063072e-10
-6.174154e-11
1.386768e-08
6.024906e-10
-5.185681e-11
1.373101e-08
5.141107e-10
-4.411585e-11
1.36085e-08
4.393471e-10
-3.791347e-11
1.349842e-08
3.763248e-10
-3.287292e-11
1.339923e-08
3.232935e-10
-2.873654e-11
1.330957e-08
2.787144e-10
-2.530786e-11
1.322826e-08
2.412278e-10
-2.244761e-11
2.097796e-10
-1.996391e-11
1.315425e-08
2.096516e-08
3.203098e-10
-5.525834e-09
1.977783e-08
8.248019e-10
-4.452796e-09
1.807184e-08
1.150791e-09
-2.384189e-09
1.669636e-08
1.32283e-09
-1.230085e-09
1.579032e-08
1.377702e-09
-6.491044e-10
1.523526e-08
1.348905e-09
-3.639926e-10
1.488736e-08
1.267057e-09
-2.201599e-10
1.465384e-08
1.156704e-09
-1.437527e-10
1.448283e-08
1.03523e-09
-1.010617e-10
1.434663e-08
9.140004e-10
-7.547258e-11
1.42313e-08
7.997441e-10
-5.895249e-11
1.413001e-08
6.958836e-10
-4.758974e-11
1.403931e-08
6.036885e-10
-3.933582e-11
1.395727e-08
5.231345e-10
-3.307105e-11
1.388263e-08
4.534889e-10
-2.816831e-11
1.381445e-08
3.936893e-10
-2.425582e-11
1.375194e-08
3.425685e-10
-2.109337e-11
1.369441e-08
2.989938e-10
-1.851535e-11
1.364127e-08
2.618894e-10
-1.639675e-11
2.303756e-10
-1.463939e-11
1.359195e-08
2.093126e-08
2.480561e-10
-5.528977e-09
1.966767e-08
6.450045e-10
-4.460031e-09
1.787971e-08
9.16667e-10
-2.38685e-09
1.644074e-08
1.075866e-09
-1.227853e-09
1.549897e-08
1.144344e-09
-6.43957e-10
1.493602e-08
1.144149e-09
-3.568065e-10
1.46033e-08
1.096852e-09
-2.113586e-10
1.440163e-08
1.020948e-09
-1.338652e-10
1.427291e-08
9.305228e-10
-9.059934e-11
1.418427e-08
8.35527e-10
-6.487447e-11
1.411802e-08
7.424696e-10
-4.856754e-11
1.406484e-08
6.552147e-10
-3.766086e-11
1.401984e-08
5.757527e-10
-3.000913e-11
1.398036e-08
5.048285e-10
-2.441702e-11
1.394488e-08
4.42408e-10
-2.020339e-11
1.391248e-08
3.880083e-10
-1.696252e-11
1.388253e-08
3.409171e-10
-1.44346e-11
1.385456e-08
3.003418e-10
-1.245168e-11
1.382821e-08
2.654662e-10
-1.088018e-11
2.355653e-10
-9.678256e-12
1.380312e-08
2.09104e-08
1.947663e-10
-5.531553e-09
1.959643e-08
5.092625e-10
-4.466224e-09
1.774962e-08
7.331626e-10
-2.390965e-09
1.625972e-08
8.741896e-10
-1.229334e-09
1.528238e-08
9.45245e-10
-6.438668e-10
1.470063e-08
9.607084e-10
-3.55564e-10
1.436432e-08
9.357139e-10
-2.090001e-10
1.417136e-08
8.840977e-10
-1.305064e-10
1.406042e-08
8.170941e-10
-8.641941e-11
1.399563e-08
7.431405e-10
-6.008139e-11
1.39568e-08
6.681364e-10
-4.33776e-11
1.393273e-08
5.959019e-10
-3.227065e-11
1.391716e-08
5.286876e-10
-2.458032e-11
1.390653e-08
4.676281e-10
-1.907286e-11
1.38988e-08
4.131036e-10
-1.503085e-11
1.389275e-08
3.650139e-10
-1.201833e-11
1.38876e-08
3.229733e-10
-9.751386e-12
1.388284e-08
2.864515e-10
-8.048623e-12
1.387816e-08
2.548464e-10
-6.760638e-12
2.275677e-10
-5.868211e-12
1.387323e-08
2.089694e-08
1.532819e-10
-5.533601e-09
1.954891e-08
4.021106e-10
-4.471216e-09
1.765991e-08
5.841974e-10
-2.395011e-09
1.613094e-08
7.049194e-10
-1.231928e-09
1.512333e-08
7.720518e-10
-6.456247e-10
1.452184e-08
7.949164e-10
-3.567401e-10
1.417585e-08
7.84036e-10
-2.095512e-10
1.398181e-08
7.496198e-10
-1.304092e-10
1.38766e-08
7.004448e-10
-8.569734e-11
1.382257e-08
6.434555e-10
-5.879417e-11
1.379796e-08
5.837654e-10
-4.161476e-11
1.379028e-08
5.248904e-10
-3.013497e-11
1.379228e-08
4.69072e-10
-2.217392e-11
1.379969e-08
4.175956e-10
-1.648892e-11
1.380996e-08
3.710636e-10
-1.23487e-11
1.382155e-08
3.296145e-10
-9.302102e-12
1.383347e-08
2.930893e-10
-7.050251e-12
1.384512e-08
2.611542e-10
-5.400477e-12
1.385611e-08
2.333791e-10
-4.191068e-12
2.092953e-10
-3.40576e-12
1.386609e-08
2.088794e-08
1.194724e-10
-5.535167e-09
1.951645e-08
3.140329e-10
-4.475057e-09
1.759718e-08
4.591919e-10
-2.398389e-09
1.603878e-08
5.590368e-10
-1.234464e-09
1.500691e-08
6.183446e-10
-6.47702e-10
1.438795e-08
6.431452e-10
-3.58532e-10
1.403132e-08
6.40677e-10
-2.110181e-10
1.383274e-08
6.183408e-10
-1.315053e-10
1.372798e-08
5.828245e-10
-8.640302e-11
1.367826e-08
5.396568e-10
-5.911277e-11
1.366077e-08
4.930826e-10
-4.157198e-11
1.366213e-08
4.461548e-10
-2.977184e-11
1.367437e-08
4.009278e-10
-2.153947e-11
1.36927e-08
3.586719e-10
-1.563451e-11
1.371419e-08
3.200722e-10
-1.132368e-11
1.373702e-08
2.853978e-10
-8.151027e-12
1.376005e-08
2.546365e-10
-5.811448e-12
1.378255e-08
2.275981e-10
-4.106119e-12
1.380407e-08
2.03988e-10
-2.867031e-12
1.834482e-10
-2.07329e-12
1.382423e-08
2.088179e-08
9.078211e-11
-5.536331e-09
1.9494e-08
2.388888e-10
-4.477943e-09
1.755306e-08
3.509227e-10
-2.401032e-09
1.597284e-08
4.300396e-10
-1.236596e-09
1.492219e-08
4.792022e-10
-6.495711e-10
1.428887e-08
5.023006e-10
-3.60253e-10
1.392261e-08
5.04233e-10
-2.125632e-10
1.371875e-08
4.902306e-10
-1.328355e-10
1.36124e-08
4.652252e-10
-8.749612e-11
1.356401e-08
4.334424e-10
-5.996066e-11
1.355004e-08
3.982357e-10
-4.217986e-11
1.355645e-08
3.621011e-10
-3.015497e-11
1.357476e-08
3.26785e-10
-2.171968e-11
1.359977e-08
2.934221e-10
-1.563713e-11
1.362824e-08
2.626742e-10
-1.117503e-11
1.365817e-08
2.34855e-10
-7.876542e-12
1.368827e-08
2.100346e-10
-5.434509e-12
1.371773e-08
1.881203e-10
-3.647195e-12
1.374606e-08
1.689208e-10
-2.344293e-12
1.521761e-10
-1.499104e-12
1.377286e-08
2.08776e-08
6.553715e-11
-5.537164e-09
1.947853e-08
1.725403e-10
-4.480051e-09
1.752229e-08
2.542887e-10
-2.40299e-09
1.592626e-08
3.130989e-10
-1.23823e-09
1.486155e-08
3.507688e-10
-6.51046e-10
1.421708e-08
3.697752e-10
-3.616465e-10
1.384288e-08
3.733228e-10
-2.138562e-10
1.363419e-08
3.649497e-10
-1.339988e-10
1.35257e-08
3.481096e-10
-8.851307e-11
1.347737e-08
3.258457e-10
-6.082438e-11
1.346511e-08
3.006337e-10
-4.289138e-11
1.347443e-08
2.743645e-10
-3.072123e-11
1.349644e-08
2.483982e-10
-2.21515e-11
1.352562e-08
2.236487e-10
-1.594749e-11
1.355854e-08
2.006754e-10
-1.137771e-11
1.359299e-08
1.797699e-10
-7.985073e-12
1.362761e-08
1.610312e-10
-5.461666e-12
1.366151e-08
1.444261e-10
-3.604182e-12
1.369418e-08
1.298379e-10
-2.241735e-12
1.170898e-10
-1.342992e-12
1.37252e-08
2.087482e-08
4.255959e-11
-5.537728e-09
1.946817e-08
1.120318e-10
-4.481531e-09
1.750152e-08
1.654977e-10
-2.40436e-09
1.589454e-08
2.044445e-10
-1.239392e-09
1.481987e-08
2.298676e-10
-6.521119e-10
1.416726e-08
2.43265e-10
-3.626671e-10
1.378707e-08
2.465682e-10
-2.148176e-10
1.357451e-08
2.419555e-10
-1.348788e-10
1.346405e-08
2.316142e-10
-8.930023e-11
1.341532e-08
2.1751e-10
-6.151474e-11
1.340387e-08
2.012697e-10
-4.34859e-11
1.341487e-08
1.841581e-10
-3.122443e-11
1.343916e-08
1.671025e-10
-2.257011e-11
1.347098e-08
1.507396e-10
-1.628924e-11
1.350672e-08
1.354711e-10
-1.165051e-11
1.354407e-08
1.215176e-10
-8.19644e-12
1.358156e-08
1.089672e-10
-5.618551e-12
1.361828e-08
9.781531e-11
-3.712438e-12
1.365367e-08
8.79975e-11
-2.307073e-12
7.940531e-11
-1.368007e-12
1.368733e-08
2.087315e-08
2.095627e-11
-5.538072e-09
1.94618e-08
5.512098e-11
-4.482493e-09
1.748865e-08
8.157161e-11
-2.405225e-09
1.587479e-08
1.009815e-10
-1.240127e-09
1.479375e-08
1.137669e-10
-6.52791e-10
1.413584e-08
1.20668e-10
-3.633238e-10
1.375167e-08
1.225902e-10
-2.154419e-10
1.353645e-08
1.205658e-10
-1.354544e-10
1.342453e-08
1.156553e-10
-8.981982e-11
1.337535e-08
1.088225e-10
-6.197642e-11
1.336426e-08
1.008725e-10
-4.389062e-11
1.33762e-08
9.243817e-11
-3.157531e-11
1.340182e-08
8.39885e-11
-2.287152e-11
1.343522e-08
7.584969e-11
-1.654601e-11
1.347266e-08
6.823081e-11
-1.186733e-11
1.351175e-08
6.124988e-11
-8.377588e-12
1.355097e-08
5.495763e-11
-5.76782e-12
1.358937e-08
4.935702e-11
-3.832831e-12
1.362637e-08
4.441994e-11
-2.401502e-12
4.009516e-11
-1.437538e-12
1.366157e-08
2.087241e-08
5.60588e-18
-5.538258e-09
1.945876e-08
1.214109e-17
-4.483004e-09
1.748247e-08
1.63494e-17
-2.405641e-09
1.586531e-08
1.917374e-17
-1.240474e-09
1.478117e-08
2.137473e-17
-6.531146e-10
1.412065e-08
2.342138e-17
-3.63642e-10
1.373449e-08
2.5385e-17
-2.157481e-10
1.351792e-08
2.724419e-17
-1.357377e-10
1.340524e-08
2.89886e-17
-9.007639e-11
1.335579e-08
3.074013e-17
-6.220559e-11
1.334482e-08
3.270883e-17
-4.409292e-11
1.335719e-08
3.515036e-17
-3.175235e-11
1.338342e-08
3.810009e-17
-2.302554e-11
1.341757e-08
4.139263e-17
-1.667941e-11
1.345582e-08
4.476187e-17
-1.198243e-11
1.349573e-08
4.841439e-17
-8.476393e-12
1.353577e-08
5.234594e-17
-5.852087e-12
1.357496e-08
5.687614e-17
-3.903877e-12
1.361272e-08
6.200135e-17
-2.460583e-12
6.736417e-17
-1.485042e-12
1.364864e-08
2.087241e-08
-2.095626e-11
-5.538258e-09
1.945876e-08
-5.512096e-11
-4.483004e-09
1.748247e-08
-8.157158e-11
-2.405641e-09
1.586531e-08
-1.009815e-10
-1.240474e-09
1.478117e-08
-1.137668e-10
-6.531146e-10
1.412065e-08
-1.20668e-10
-3.63642e-10
1.373449e-08
-1.225902e-10
-2.157481e-10
1.351792e-08
-1.205657e-10
-1.357377e-10
1.340524e-08
-1.156553e-10
-9.007639e-11
1.335579e-08
-1.088225e-10
-6.220559e-11
1.334482e-08
-1.008725e-10
-4.409292e-11
1.335719e-08
-9.24381e-11
-3.175235e-11
1.338342e-08
-8.398842e-11
-2.302554e-11
1.341757e-08
-7.584961e-11
-1.667941e-11
1.345582e-08
-6.823072e-11
-1.198243e-11
1.349573e-08
-6.124979e-11
-8.476393e-12
1.353577e-08
-5.495753e-11
-5.852087e-12
1.357496e-08
-4.935691e-11
-3.903877e-12
1.361272e-08
-4.441982e-11
-2.460583e-12
-4.009503e-11
-1.485041e-12
1.364864e-08
2.087315e-08
-4.255958e-11
-5.538072e-09
1.94618e-08
-1.120318e-10
-4.482493e-09
1.748865e-08
-1.654977e-10
-2.405225e-09
1.587479e-08
-2.044445e-10
-1.240127e-09
1.479375e-08
-2.298676e-10
-6.52791e-10
1.413584e-08
-2.432649e-10
-3.633238e-10
1.375167e-08
-2.465682e-10
-2.154419e-10
1.353645e-08
-2.419555e-10
-1.354544e-10
1.342453e-08
-2.316142e-10
-8.981982e-11
1.337535e-08
-2.175099e-10
-6.197642e-11
1.336426e-08
-2.012696e-10
-4.389062e-11
1.33762e-08
-3.157531e-11
1.340182e-08
-2.287152e-11
1.343522e-08
-1.654601e-11
1.347266e-08
-1.186733e-11
1.351175e-08
-8.377587e-12
1.355097e-08
-5.76782e-12
1.358937e-08
-3.832831e-12
1.362637e-08
-2.401502e-12
-1.437539e-12
1.366157e-08
2.087482e-08
-5.537728e-09
1.946817e-08
-4.481531e-09
1.750152e-08
-2.40436e-09
1.589454e-08
-1.239392e-09
1.481987e-08
-6.521119e-10
1.416726e-08
-3.626671e-10
1.378707e-08
-2.148176e-10
1.357451e-08
-1.348788e-10
1.346405e-08
-8.930023e-11
1.341532e-08
-6.151474e-11
-4.34859e-11
1.305167e-08
2.459627e-09
7.741057e-09
2.218475e-09
4.973961e-09
1.358118e-09
3.558765e-09
7.86807e-10
2.779015e-09
4.519011e-10
2.319655e-09
2.603822e-10
2.03575e-09
1.522395e-10
1.85009e-09
9.1259e-11
1.721631e-09
5.609492e-11
1.628538e-09
3.495372e-11
1.55851e-09
2.17285e-11
1.504262e-09
1.320153e-11
1.461288e-09
7.583432e-12
1.426663e-09
3.836597e-12
1.398393e-09
1.333595e-12
1.375067e-09
-3.231344e-13
1.355652e-09
-1.395685e-12
1.339383e-09
-2.065695e-12
1.325658e-09
-2.449999e-12
-2.682254e-12
1.314124e-09
1.528088e-08
1.542012e-09
1.084289e-08
2.125682e-09
8.021503e-09
1.694917e-09
6.319191e-09
1.208426e-09
5.265776e-09
8.17257e-10
4.579323e-09
5.422485e-10
4.113147e-09
3.601016e-10
3.785076e-09
2.415869e-10
3.545971e-09
1.643733e-10
3.366286e-09
1.131883e-10
3.227668e-09
7.846457e-11
3.118317e-09
5.440589e-11
3.030452e-09
3.744918e-11
2.958796e-09
2.53524e-11
2.899649e-09
1.666617e-11
2.850337e-09
1.042233e-11
2.808879e-09
5.953493e-12
2.773781e-09
2.783514e-12
2.743884e-09
5.714804e-13
-9.756811e-13
2.718424e-09
1.49193e-08
9.474614e-10
1.096424e-08
1.592173e-09
8.639565e-09
1.503665e-09
7.237741e-09
1.235584e-09
6.330916e-09
9.45907e-10
5.701052e-09
6.971727e-10
5.242704e-09
5.059768e-10
4.899233e-09
3.659302e-10
4.635826e-09
2.654992e-10
4.429984e-09
1.937388e-10
4.266436e-09
1.420981e-10
4.134483e-09
1.045248e-10
4.026553e-09
7.687882e-11
3.937215e-09
5.634473e-11
3.862503e-09
4.099535e-11
3.799468e-09
2.948867e-11
3.745875e-09
2.086795e-11
3.700017e-09
1.443472e-11
3.660545e-09
9.665248e-12
6.147167e-12
3.626558e-09
1.46501e-08
6.15082e-10
1.064256e-08
1.150098e-09
8.48904e-09
1.202987e-09
7.309055e-09
1.081302e-09
6.596448e-09
9.021912e-10
6.11017e-09
7.194428e-10
5.747581e-09
5.596613e-10
5.463712e-09
4.298502e-10
5.235475e-09
3.284273e-10
5.049334e-09
2.507525e-10
4.896085e-09
1.916841e-10
4.768842e-09
1.467543e-10
4.662323e-09
1.124533e-10
4.572445e-09
8.614459e-11
4.496038e-09
6.588525e-11
4.430624e-09
5.024895e-11
4.374257e-09
3.817868e-11
4.32541e-09
2.888362e-11
4.282852e-09
2.174922e-11
1.63154e-11
4.245755e-09
1.450165e-08
4.222565e-10
1.036385e-08
8.439719e-10
8.214523e-09
9.451629e-10
7.118279e-09
9.02885e-10
6.519307e-09
7.993553e-10
6.145183e-09
6.748142e-10
5.878255e-09
5.532616e-10
5.669717e-09
4.454823e-10
5.498191e-09
3.548551e-10
5.353773e-09
2.81055e-10
5.230995e-09
2.220385e-10
5.126066e-09
1.752747e-10
5.036019e-09
1.383618e-10
4.958421e-09
1.09251e-10
4.891245e-09
8.628634e-11
4.832802e-09
6.816559e-11
4.781697e-09
5.387382e-11
4.736794e-09
4.262599e-11
4.697152e-09
3.378997e-11
2.690403e-11
4.662125e-09
1.442073e-08
3.060985e-10
1.018209e-08
6.365816e-10
7.991457e-09
7.482943e-10
6.905029e-09
7.471884e-10
6.348542e-09
6.90094e-10
6.033123e-09
6.071042e-10
5.828457e-09
5.175746e-10
5.678083e-09
4.320819e-10
5.557179e-09
3.556641e-10
5.455068e-09
2.901268e-10
5.366901e-09
2.353795e-10
5.290043e-09
1.903912e-10
5.222752e-09
1.537953e-10
5.163679e-09
1.242083e-10
5.111675e-09
1.003766e-10
5.065739e-09
8.122897e-11
5.025e-09
6.587656e-11
4.988717e-09
5.360046e-11
4.956261e-09
4.379898e-11
3.602786e-11
4.927173e-09
1.437611e-08
2.309963e-10
1.00681e-08
4.917939e-10
7.833577e-09
5.986324e-10
6.732243e-09
6.184373e-10
6.183262e-09
5.899712e-10
5.890796e-09
5.355776e-10
5.717786e-09
4.704238e-10
5.602304e-09
4.038112e-10
5.515873e-09
3.410338e-10
5.445751e-09
2.847767e-10
5.386176e-09
2.360017e-10
5.334336e-09
1.946417e-10
5.288696e-09
1.60099e-10
5.24828e-09
1.315528e-10
5.212352e-09
1.081365e-10
5.180294e-09
8.903166e-11
5.151568e-09
7.350854e-11
5.12571e-09
6.094382e-11
5.102318e-09
5.079443e-11
4.264115e-11
5.081065e-09
1.434994e-08
1.789229e-10
9.995384e-09
3.863188e-10
7.724998e-09
4.821693e-10
6.604112e-09
5.114702e-10
6.049537e-09
5.005886e-10
5.762447e-09
4.658612e-10
5.602565e-09
4.189476e-10
5.504881e-09
3.6763e-10
5.43845e-09
3.168653e-10
5.388771e-09
2.695818e-10
5.348959e-09
2.272457e-10
5.315583e-09
1.903568e-10
5.28684e-09
1.58833e-10
5.261701e-09
1.322751e-10
5.239497e-09
1.101369e-10
5.219735e-09
9.183112e-11
5.202021e-09
7.678831e-11
5.186022e-09
6.449107e-11
5.171466e-09
5.446998e-11
4.633871e-11
5.15809e-09
1.433368e-08
1.405359e-10
9.947737e-09
3.060359e-10
7.650082e-09
3.888589e-10
6.511237e-09
4.209814e-10
5.947467e-09
4.204914e-10
5.658582e-09
3.99182e-10
5.502678e-09
3.658514e-10
5.413022e-09
3.267799e-10
5.357151e-09
2.863167e-10
5.319363e-09
2.472882e-10
5.291896e-09
2.113357e-10
5.270727e-09
1.792555e-10
5.253694e-09
1.512858e-10
5.239576e-09
1.273201e-10
5.227625e-09
1.070571e-10
5.217335e-09
9.010194e-11
5.208342e-09
7.603023e-11
5.200356e-09
6.442893e-11
5.193157e-09
5.490765e-11
4.712232e-11
5.186505e-09
1.432312e-08
1.106632e-10
9.915685e-09
2.422495e-10
7.597774e-09
3.117588e-10
6.444044e-09
3.427838e-10
5.871014e-09
3.478963e-10
5.577915e-09
3.355409e-10
5.421973e-09
3.12242e-10
5.335428e-09
2.829158e-10
5.28485e-09
2.511981e-10
5.253723e-09
2.196201e-10
5.233656e-09
1.897888e-10
5.220165e-09
1.626107e-10
5.21078e-09
1.384968e-10
5.204084e-09
1.175271e-10
5.199218e-09
9.95744e-11
5.195625e-09
8.439361e-11
5.192922e-09
7.168312e-11
5.190824e-09
6.11257e-11
5.189132e-09
5.240848e-11
4.523776e-11
5.187611e-09
1.431603e-08
8.631289e-11
9.893675e-09
1.89544e-10
7.560882e-09
2.461625e-10
6.395376e-09
2.738268e-10
5.814215e-09
2.813546e-10
5.51647e-09
2.747544e-10
5.358916e-09
2.587781e-10
5.273162e-09
2.37164e-10
5.225131e-09
2.128266e-10
5.197735e-09
1.879032e-10
5.182115e-09
1.638363e-10
5.173441e-09
1.415132e-10
5.16899e-09
1.214078e-10
5.167182e-09
1.037006e-10
5.167056e-09
8.837686e-11
5.167999e-09
7.530017e-11
5.169604e-09
6.426667e-11
5.171581e-09
5.504218e-11
5.173737e-09
4.738521e-11
4.105654e-11
5.175845e-09
1.431119e-08
6.563975e-11
9.878396e-09
1.443901e-10
7.53478e-09
1.887461e-10
6.360242e-09
2.117688e-10
5.772411e-09
2.196139e-10
5.470404e-09
2.165088e-10
5.310791e-09
2.058282e-10
5.224801e-09
1.903186e-10
5.177917e-09
1.722142e-10
5.152641e-09
1.53219e-10
5.139762e-09
1.345345e-10
5.134177e-09
1.169433e-10
5.132964e-09
1.009012e-10
5.134405e-09
8.66232e-11
5.137451e-09
7.415571e-11
5.14144e-09
6.343467e-11
5.145942e-09
5.432962e-11
5.150662e-09
4.667512e-11
5.155411e-09
4.029253e-11
3.499698e-11
5.159971e-09
1.430788e-08
4.743702e-11
9.86783e-09
1.043919e-10
7.516489e-09
1.37097e-10
6.335255e-09
1.547733e-10
5.742242e-09
1.61581e-10
5.436692e-09
1.604116e-10
5.275108e-09
1.535562e-10
5.188499e-09
1.42929e-10
5.142059e-09
1.301408e-10
5.117997e-09
1.164569e-10
5.106843e-09
1.02797e-10
5.103281e-09
8.978371e-11
5.104231e-09
7.779972e-11
5.107862e-09
6.704493e-11
5.113053e-09
5.758728e-11
5.119097e-09
4.9405e-11
5.125545e-09
4.241986e-11
5.132095e-09
3.652141e-11
5.138561e-09
3.158499e-11
2.747706e-11
5.144738e-09
1.43057e-08
3.085558e-11
9.860731e-09
6.78268e-11
7.504094e-09
8.937405e-11
6.31815e-09
1.013257e-10
5.721367e-09
1.062512e-10
5.413126e-09
1.059859e-10
5.249923e-09
1.019415e-10
5.162651e-09
9.532204e-11
5.116322e-09
8.716965e-11
5.092946e-09
7.83183e-11
5.08287e-09
6.938716e-11
5.080624e-09
6.080581e-11
5.083006e-09
5.284728e-11
5.088099e-09
4.566239e-11
5.094724e-09
3.931182e-11
5.102139e-09
3.379349e-11
5.109876e-09
2.906474e-11
5.117626e-09
2.50587e-11
5.125207e-09
2.169693e-11
1.889333e-11
5.132423e-09
1.430438e-08
1.52432e-11
9.856338e-09
3.338016e-11
7.496388e-09
4.409846e-11
6.307461e-09
5.012665e-11
5.708233e-09
5.268815e-11
5.398192e-09
5.27028e-11
5.233857e-09
5.083439e-11
5.146063e-09
4.766144e-11
5.099717e-09
4.369628e-11
5.076706e-09
3.935254e-11
5.067262e-09
3.494089e-11
5.065812e-09
3.068005e-11
5.069076e-09
2.67116e-11
5.075077e-09
2.311603e-11
5.082593e-09
1.992821e-11
5.090858e-09
1.715081e-11
5.09939e-09
1.476536e-11
5.107875e-09
1.27405e-11
5.116132e-09
1.103847e-11
9.617157e-12
5.123971e-09
1.430383e-08
4.162928e-18
9.854205e-09
7.817639e-18
7.492662e-09
9.700489e-18
6.302315e-09
1.078855e-17
5.701888e-09
1.155725e-17
5.390949e-09
1.222213e-17
5.226035e-09
1.282513e-17
5.137959e-09
1.335684e-17
5.091579e-09
1.384951e-17
5.068726e-09
1.438115e-17
5.059574e-09
1.511258e-17
5.058501e-09
1.618297e-17
5.062187e-09
1.758208e-17
5.068624e-09
1.910657e-17
5.07657e-09
2.067773e-17
5.085244e-09
2.231727e-17
5.094157e-09
2.41819e-17
5.102994e-09
2.63681e-17
5.111572e-09
2.878922e-17
3.153452e-17
5.119704e-09
1.430383e-08
-1.52432e-11
9.854205e-09
-3.338014e-11
7.492662e-09
-4.409844e-11
6.302315e-09
-5.012663e-11
5.701888e-09
-5.268813e-11
5.390949e-09
-5.270278e-11
5.226035e-09
-5.083436e-11
5.137959e-09
-4.766142e-11
5.091579e-09
-4.369625e-11
5.068726e-09
-3.935251e-11
5.059574e-09
-3.494086e-11
5.058501e-09
-3.068001e-11
5.062187e-09
-2.671156e-11
5.068624e-09
-2.311599e-11
5.07657e-09
-1.992817e-11
5.085244e-09
-1.715076e-11
5.094157e-09
-1.476531e-11
5.102994e-09
-1.274045e-11
5.111572e-09
-1.103842e-11
-9.617094e-12
5.119704e-09
1.430438e-08
-3.085557e-11
9.856338e-09
-6.782678e-11
7.496388e-09
-8.937403e-11
6.307461e-09
-1.013257e-10
5.708233e-09
-1.062512e-10
5.398192e-09
-1.059859e-10
5.233857e-09
-1.019415e-10
5.146063e-09
-9.532201e-11
5.099717e-09
-8.716962e-11
5.076706e-09
-7.831827e-11
5.067262e-09
-6.938713e-11
5.065812e-09
5.069076e-09
5.075077e-09
5.082593e-09
5.090858e-09
5.09939e-09
5.107875e-09
5.116132e-09
5.123971e-09
1.43057e-08
9.860731e-09
7.504094e-09
6.31815e-09
5.721367e-09
5.413126e-09
5.249923e-09
5.162651e-09
5.116322e-09
5.092946e-09
5.701367e-09
4.775998e-11
-2.879813e-11
5.670865e-09
4.4077e-11
-2.706168e-11
5.642965e-09
4.058339e-11
-2.537518e-11
3.735381e-11
-2.37627e-11
1.444118e-08
1.653303e-10
-5.222426e-11
1.435873e-08
1.523998e-10
-4.912854e-11
1.428295e-08
1.405445e-10
-4.61473e-11
1.296624e-10
-4.329622e-11
2.102684e-08
3.273656e-10
-6.273677e-11
2.090789e-08
3.024865e-10
-5.88975e-11
2.079779e-08
2.797497e-10
-5.52799e-11
2.589e-10
-5.186618e-11
2.581699e-08
5.01517e-10
-6.486346e-11
2.568684e-08
4.655706e-10
-6.06489e-11
2.556481e-08
4.325134e-10
-5.67978e-11
4.020469e-10
-5.324091e-11
2.908983e-08
6.523543e-10
-6.055027e-11
2.897744e-08
6.092795e-10
-5.632058e-11
2.886986e-08
5.692478e-10
-5.257472e-11
5.320244e-10
-4.920689e-11
3.112219e-08
7.536081e-10
-5.09018e-11
3.104998e-08
7.085309e-10
-4.704654e-11
3.09782e-08
6.661219e-10
-4.37344e-11
6.2626e-10
-4.084764e-11
3.221658e-08
7.951586e-10
-3.856842e-11
3.219392e-08
7.524641e-10
-3.531496e-11
3.216787e-08
7.118024e-10
-3.260744e-11
6.731541e-10
-3.033367e-11
3.267561e-08
7.819039e-10
-2.645159e-11
3.269931e-08
7.442226e-10
-2.379065e-11
3.271728e-08
7.079463e-10
-2.165444e-11
6.731144e-10
-1.994077e-11
3.275938e-08
7.270561e-10
-1.668606e-11
3.281895e-08
6.95319e-10
-1.444915e-11
3.287191e-08
6.645097e-10
-1.271631e-11
6.346862e-10
-1.139279e-11
3.265839e-08
6.45126e-10
-1.001364e-11
3.274183e-08
6.191973e-10
-8.001814e-12
3.281874e-08
5.938857e-10
-6.482492e-12
5.692461e-10
-5.364402e-12
3.249165e-08
5.477052e-10
-6.116564e-12
3.258914e-08
5.270371e-10
-4.182835e-12
3.268056e-08
5.067944e-10
-2.737332e-12
3.276636e-08
4.870225e-10
-1.689356e-12
4.677728e-10
-9.115253e-13
3.232252e-08
4.423588e-10
-4.194052e-12
3.24275e-08
4.263925e-10
-2.260513e-12
3.252691e-08
4.107269e-10
-8.140875e-13
3.262111e-08
3.953981e-10
2.364339e-13
3.804482e-10
1.012518e-12
3.217909e-08
3.33325e-10
-3.443047e-12
3.228781e-08
3.216425e-10
-1.482477e-12
3.23913e-08
3.101685e-10
-8.793326e-15
3.248993e-08
2.98931e-10
1.070183e-12
2.879617e-10
1.871666e-12
3.207096e-08
2.227085e-10
-3.2673e-12
3.218144e-08
2.150427e-10
-1.278697e-12
3.228695e-08
2.075092e-10
2.233031e-13
3.238779e-08
2.001275e-10
1.331719e-12
1.929187e-10
2.160997e-12
3.199971e-08
1.114616e-10
-3.302443e-12
3.211102e-08
1.076621e-10
-1.294236e-12
3.221746e-08
1.039268e-10
2.277178e-13
3.231937e-08
1.002658e-10
1.357012e-12
3.241699e-08
9.668988e-11
2.206499e-12
9.320667e-11
2.826282e-12
3.196452e-08
6.896076e-17
-3.358665e-12
3.207614e-08
7.331967e-17
-1.340839e-12
3.218296e-08
7.795051e-17
1.90978e-13
3.22853e-08
8.30477e-17
1.330638e-12
3.23834e-08
8.873578e-17
2.190289e-12
9.497225e-17
2.820005e-12
3.196452e-08
-1.114615e-10
-3.358665e-12
3.207614e-08
-1.076619e-10
-1.34084e-12
3.218296e-08
-1.039266e-10
1.909771e-13
3.22853e-08
-1.002657e-10
1.330637e-12
3.23834e-08
-9.66897e-11
2.190288e-12
-9.320648e-11
2.820002e-12
3.199971e-08
-3.302444e-12
3.211102e-08
-1.294237e-12
3.221746e-08
2.277157e-13
3.231937e-08
1.35701e-12
3.241699e-08
2.206496e-12
2.826278e-12
5.36786e-09
3.794349e-11
-3.558939e-11
5.339305e-09
3.482401e-11
-3.333128e-11
5.313196e-09
3.189703e-11
-3.116276e-11
2.921081e-11
-2.909113e-11
1.347127e-08
1.33949e-10
-6.47885e-11
1.339479e-08
1.229033e-10
-6.073095e-11
1.332456e-08
1.128593e-10
-5.687482e-11
1.03704e-10
-5.318988e-11
1.95095e-08
2.679719e-10
-7.728103e-11
1.939931e-08
2.465819e-10
-7.238589e-11
1.92975e-08
2.271809e-10
-6.779076e-11
2.095116e-10
-6.34318e-11
2.387389e-08
4.131811e-10
-7.991791e-11
2.375238e-08
3.820937e-10
-7.464979e-11
2.363886e-08
3.537163e-10
-6.981661e-11
3.277434e-10
-6.530961e-11
2.685321e-08
5.401289e-10
-7.457096e-11
2.674577e-08
5.026064e-10
-6.939596e-11
2.664367e-08
4.680067e-10
-6.47633e-11
4.36068e-10
-6.054467e-11
2.871356e-08
6.268668e-10
-6.280459e-11
2.864007e-08
5.872222e-10
-5.817174e-11
2.856822e-08
5.50247e-10
-5.412328e-11
5.157684e-10
-5.054354e-11
2.973042e-08
6.645929e-10
-4.780528e-11
2.969969e-08
6.265846e-10
-4.395292e-11
2.966726e-08
5.907421e-10
-4.067283e-11
5.569771e-10
-3.787743e-11
3.017297e-08
6.567517e-10
-3.311059e-11
3.018304e-08
6.227264e-10
-2.999548e-11
3.018921e-08
5.903364e-10
-2.742297e-11
5.595472e-10
-2.53302e-11
3.02716e-08
6.136934e-10
-2.12744e-11
3.031395e-08
5.846014e-10
-1.867403e-11
3.035145e-08
5.567127e-10
-1.659393e-11
5.300171e-10
-1.498497e-11
3.019619e-08
5.470605e-10
-1.319533e-11
3.02607e-08
5.229489e-10
-1.08601e-11
3.032024e-08
4.997305e-10
-9.03626e-12
4.774024e-10
-7.678634e-12
3.005467e-08
4.663509e-10
-8.488929e-12
3.013278e-08
4.4689e-10
-6.23765e-12
3.020617e-08
4.281031e-10
-4.497686e-12
3.027511e-08
4.099893e-10
-3.222336e-12
3.925614e-10
-2.267293e-12
2.990605e-08
3.779349e-10
-6.187481e-12
2.999186e-08
3.627507e-10
-3.925802e-12
3.007325e-08
3.48074e-10
-2.178281e-12
3.015047e-08
3.33905e-10
-8.948064e-13
3.202558e-10
6.237285e-14
2.977773e-08
2.855344e-10
-5.312564e-12
2.986767e-08
2.743418e-10
-3.009181e-12
2.995344e-08
2.63516e-10
-1.222502e-12
3.003525e-08
2.530587e-10
1.008507e-13
2.429797e-10
1.093818e-12
2.967991e-08
1.911355e-10
-5.133976e-12
2.977201e-08
1.837542e-10
-2.789933e-12
2.98601e-08
1.766119e-10
-9.640691e-13
2.994438e-08
1.697109e-10
3.995191e-13
1.63058e-10
1.430608e-12
2.961504e-08
9.576673e-11
-5.202989e-12
2.970823e-08
9.209752e-11
-2.830869e-12
2.97975e-08
8.854628e-11
-9.775259e-13
2.988304e-08
8.511452e-11
4.145315e-13
2.996503e-08
8.180582e-11
1.47323e-12
7.86219e-11
2.270487e-12
2.958287e-08
6.84159e-17
-5.285271e-12
2.967653e-08
7.236434e-17
-2.89941e-12
2.97663e-08
7.653558e-17
-1.03248e-12
2.985237e-08
8.104478e-17
3.737309e-13
2.993492e-08
8.614545e-17
1.446313e-12
9.18019e-17
2.256972e-12
2.958287e-08
-9.576659e-11
-5.285272e-12
2.967653e-08
-9.209738e-11
-2.89941e-12
2.97663e-08
-8.854613e-11
-1.032481e-12
2.985237e-08
-8.511435e-11
3.737301e-13
2.993492e-08
-8.180565e-11
1.446312e-12
-7.862171e-11
2.256971e-12
2.961504e-08
-5.20299e-12
2.970823e-08
-2.83087e-12
2.97975e-08
-9.775272e-13
2.988304e-08
4.145299e-13
2.996503e-08
1.473228e-12
2.270485e-12
4.830435e-09
2.518654e-11
-3.298799e-11
4.805004e-09
2.289873e-11
-3.079873e-11
4.78177e-09
2.077493e-11
-2.870346e-11
1.884998e-11
-2.670913e-11
1.192541e-08
9.289366e-11
-5.926214e-11
1.185842e-08
8.457868e-11
-5.542294e-11
1.179699e-08
7.710261e-11
-5.176852e-11
7.036214e-11
-4.827799e-11
1.711461e-08
1.89953e-10
-6.986436e-11
1.701855e-08
1.736252e-10
-6.537501e-11
1.693001e-08
1.589758e-10
-6.111767e-11
1.457699e-10
-5.70562e-11
2.082778e-08
2.967176e-10
-7.174192e-11
2.072105e-08
2.727465e-10
-6.703211e-11
2.062175e-08
2.510985e-10
-6.264149e-11
2.314819e-10
-5.850223e-11
2.335808e-08
3.915422e-10
-6.650369e-11
2.326113e-08
3.622983e-10
-6.19883e-11
2.31697e-08
3.356309e-10
-5.786865e-11
3.112659e-10
-5.406162e-11
2.494963e-08
4.581522e-10
-5.567138e-11
2.487863e-08
4.26842e-10
-5.171682e-11
2.481034e-08
3.97991e-10
-4.819201e-11
3.713833e-10
-4.502425e-11
2.5837e-08
4.896212e-10
-4.209775e-11
2.579966e-08
4.591073e-10
-3.887574e-11
2.576234e-08
4.307174e-10
-3.608082e-11
4.042975e-10
-3.366298e-11
2.62418e-08
4.877388e-10
-2.892257e-11
2.623737e-08
4.599036e-10
-2.636474e-11
2.623109e-08
4.33802e-10
-2.421963e-11
4.093253e-10
-2.24571e-11
2.635228e-08
4.593481e-10
-1.836861e-11
2.637469e-08
4.35076e-10
-1.626253e-11
2.639427e-08
4.121893e-10
-1.455994e-11
3.906072e-10
-1.324144e-11
2.630851e-08
4.124739e-10
-1.119762e-11
2.635006e-08
3.919789e-10
-9.317205e-12
2.638847e-08
3.725898e-10
-7.839641e-12
3.542424e-10
-6.748217e-12
2.620145e-08
3.538884e-10
-7.043592e-12
2.625534e-08
3.370782e-10
-5.22818e-12
2.630611e-08
3.211487e-10
-3.819794e-12
2.635388e-08
3.060482e-10
-2.799928e-12
2.917461e-10
-2.043969e-12
2.608261e-08
2.883299e-10
-5.033912e-12
2.614392e-08
2.750446e-10
-3.201377e-12
2.620222e-08
2.624461e-10
-1.780717e-12
2.625763e-08
2.504945e-10
-7.50096e-13
2.391674e-10
1.029422e-14
2.597719e-08
2.18743e-10
-4.290943e-12
2.604279e-08
2.088563e-10
-2.415424e-12
2.610549e-08
1.994774e-10
-9.552952e-13
2.616539e-08
1.90578e-10
1.144426e-13
1.821423e-10
9.097521e-13
2.589556e-08
1.468572e-10
-4.160767e-12
2.596358e-08
1.402946e-10
-2.245013e-12
2.602877e-08
1.340677e-10
-7.46636e-13
2.609123e-08
1.281587e-10
3.617893e-13
1.225576e-10
1.193628e-12
2.584092e-08
7.371052e-11
-4.241815e-12
2.591024e-08
7.043593e-11
-2.29858e-12
2.597678e-08
6.732846e-11
-7.736185e-13
2.604061e-08
6.437955e-11
3.620316e-13
2.610184e-08
6.158435e-11
1.220213e-12
5.893746e-11
1.867186e-12
2.581369e-08
6.624987e-17
-4.324844e-12
2.58836e-08
6.982984e-17
-2.368205e-12
2.595072e-08
7.3565e-17
-8.301438e-13
2.601516e-08
7.772712e-17
3.190133e-13
2.6077e-08
8.242041e-17
1.190421e-12
8.763899e-17
1.850093e-12
2.581369e-08
-7.371039e-11
-4.324844e-12
2.58836e-08
-7.043579e-11
-2.368205e-12
2.595072e-08
-6.732832e-11
-8.301442e-13
2.601516e-08
-6.43794e-11
3.190128e-13
2.6077e-08
-6.158419e-11
1.190421e-12
-5.893729e-11
1.850092e-12
2.584092e-08
-4.241816e-12
2.591024e-08
-2.298581e-12
2.597678e-08
-7.736194e-13
2.604061e-08
3.620306e-13
2.610184e-08
1.220212e-12
1.867185e-12
4.047214e-09
1.223173e-11
-2.235186e-11
4.026314e-09
1.090213e-11
-2.080066e-11
4.007238e-09
9.685517e-12
-1.931343e-11
8.604814e-12
-1.790536e-11
9.720723e-09
5.075872e-11
-3.918852e-11
9.6672e-09
4.558749e-11
-3.658556e-11
9.618183e-09
4.101371e-11
-3.407974e-11
3.695793e-11
-3.168727e-11
1.375654e-08
1.091489e-10
-4.546767e-11
1.36806e-08
9.869633e-11
-4.25424e-11
1.361074e-08
8.945839e-11
-3.970052e-11
8.125333e-11
-3.697071e-11
1.660501e-08
1.752376e-10
-4.620101e-11
1.652026e-08
1.596296e-10
-4.322216e-11
1.644171e-08
1.457308e-10
-4.03569e-11
1.333092e-10
-3.762e-11
1.854079e-08
2.3546e-10
-4.243486e-11
1.846195e-08
2.161368e-10
-3.965187e-11
1.838808e-08
1.987594e-10
-3.702719e-11
1.830968e-10
-3.455903e-11
1.976805e-08
2.794912e-10
-3.517976e-11
1.970681e-08
2.584608e-10
-3.279865e-11
1.964862e-08
2.393627e-10
-3.061033e-11
2.219956e-10
-2.860671e-11
2.046719e-08
3.025762e-10
-2.627978e-11
2.042948e-08
2.816803e-10
-2.438305e-11
2.039292e-08
2.625444e-10
-2.269793e-11
2.450024e-10
-2.121765e-11
2.080196e-08
3.051478e-10
-1.774488e-11
2.078788e-08
2.856667e-10
-1.627054e-11
2.077351e-08
2.677133e-10
-1.501834e-11
2.511505e-10
-1.398414e-11
2.09101e-08
2.90758e-10
-1.09698e-11
2.09159e-08
2.733838e-10
-9.774382e-12
2.092055e-08
2.573071e-10
-8.809545e-12
2.424118e-10
-8.071954e-12
2.089512e-08
2.638879e-10
-6.407594e-12
2.091563e-08
2.489029e-10
-5.345755e-12
2.093462e-08
2.350075e-10
-4.522646e-12
2.221024e-10
-3.933639e-12
2.082579e-08
2.285221e-10
-3.795302e-12
2.085623e-08
2.160041e-10
-2.766371e-12
2.088501e-08
2.043862e-10
-1.983201e-12
2.091217e-08
1.935855e-10
-1.43875e-12
1.835435e-10
-1.045457e-12
2.074247e-08
1.876234e-10
-2.55634e-12
2.07792e-08
1.77584e-10
-1.510265e-12
2.081425e-08
1.682642e-10
-7.150919e-13
2.084765e-08
1.595978e-10
-1.611224e-13
1.51539e-10
2.370435e-13
2.066598e-08
1.431909e-10
-2.119876e-12
2.070655e-08
1.356374e-10
-1.042168e-12
2.074546e-08
1.286248e-10
-2.186028e-13
2.07827e-08
1.221041e-10
3.628988e-13
1.160416e-10
7.855765e-13
2.060561e-08
9.653931e-11
-2.064492e-12
2.064847e-08
9.148761e-11
-9.584244e-13
2.068966e-08
8.679736e-11
-1.083196e-13
2.072919e-08
8.243652e-11
4.997167e-13
7.838285e-11
9.474026e-13
2.056475e-08
4.857632e-11
-2.133577e-12
2.06089e-08
4.604462e-11
-1.008408e-12
2.065137e-08
4.369392e-11
-1.40116e-13
2.069218e-08
4.150843e-11
4.863914e-13
2.073135e-08
3.947712e-11
9.51941e-13
3.758962e-11
1.299722e-12
2.054427e-08
6.059165e-17
-2.194729e-12
2.058901e-08
6.36893e-17
-1.060291e-12
2.063206e-08
6.701989e-17
-1.830991e-13
2.067343e-08
7.075261e-17
4.525171e-13
2.071317e-08
7.506609e-17
9.269911e-13
7.980546e-17
1.283319e-12
2.054427e-08
-4.85762e-11
-2.194729e-12
2.058901e-08
-4.604449e-11
-1.060291e-12
2.063206e-08
-4.369379e-11
-1.830993e-13
2.067343e-08
-4.150829e-11
4.525168e-13
2.071317e-08
-3.947697e-11
9.269909e-13
-3.758946e-11
1.283318e-12
2.056475e-08
-2.133577e-12
2.06089e-08
-1.008408e-12
2.065137e-08
-1.401166e-13
2.069218e-08
4.863909e-13
2.073135e-08
9.519407e-13
1.299722e-12
2.934825e-09
2.336489e-12
-8.62105e-12
2.920151e-09
1.862159e-12
-7.988726e-12
2.906775e-09
1.440858e-12
-7.377592e-12
1.083601e-12
-6.806081e-12
6.721603e-09
1.687086e-11
-1.445312e-11
6.68575e-09
1.460275e-11
-1.347292e-11
6.65296e-09
1.265485e-11
-1.250352e-11
1.0981e-11
-1.158407e-11
9.31228e-09
4.230035e-11
-1.640285e-11
9.262322e-09
3.73798e-11
-1.536225e-11
9.216437e-09
3.313669e-11
-1.429673e-11
2.94644e-11
-1.327216e-11
1.111128e-08
7.289893e-11
-1.644787e-11
1.105556e-08
6.52978e-11
-1.542566e-11
1.100404e-08
5.867172e-11
-1.437554e-11
5.288333e-11
-1.336479e-11
1.233008e-08
1.020779e-10
-1.493797e-11
1.227729e-08
9.244792e-11
-1.400905e-11
1.222805e-08
8.395636e-11
-1.307172e-11
7.646316e-11
-1.217917e-11
1.310862e-08
1.247494e-10
-1.221984e-11
1.306567e-08
1.140399e-10
-1.144342e-11
1.30252e-08
1.045013e-10
-1.068655e-11
9.600429e-11
-9.984058e-12
1.356106e-08
1.383176e-10
-8.960587e-12
1.353165e-08
1.274231e-10
-8.355448e-12
1.35036e-08
1.176442e-10
-7.796272e-12
1.088648e-10
-7.30109e-12
1.37871e-08
1.424818e-10
-5.883206e-12
1.377161e-08
1.320604e-10
-5.421296e-12
1.375661e-08
1.226576e-10
-5.026321e-12
1.141677e-10
-4.703478e-12
1.386983e-08
1.383876e-10
-3.476965e-12
1.386637e-08
1.28846e-10
-3.105745e-12
1.386282e-08
1.202122e-10
-2.816342e-12
1.123892e-10
-2.605324e-12
1.38722e-08
1.277473e-10
-1.884908e-12
1.387794e-08
1.193126e-10
-1.553883e-12
1.388328e-08
1.11671e-10
-1.314343e-12
1.047352e-10
-1.157546e-12
1.383694e-08
1.122391e-10
-9.952506e-13
1.384911e-08
1.050412e-10
-6.707494e-13
1.386073e-08
9.851825e-11
-4.435186e-13
1.387173e-08
9.259437e-11
-3.016373e-13
8.721185e-11
-2.035728e-13
1.378989e-08
9.32422e-11
-5.905337e-13
1.380631e-08
8.736983e-11
-2.566733e-13
1.382209e-08
8.204819e-11
-2.336297e-14
1.383718e-08
7.721524e-11
1.233651e-13
7.282458e-11
2.245619e-13
1.374498e-08
7.180496e-11
-4.623468e-13
1.37641e-08
6.732957e-11
-1.153318e-13
1.378252e-08
6.327403e-11
1.293124e-13
1.380022e-08
5.959142e-11
2.870125e-13
5.624676e-11
3.980474e-13
1.370881e-08
4.871792e-11
-4.603046e-13
1.372958e-08
4.569828e-11
-1.021336e-13
1.374964e-08
4.296184e-11
1.526229e-13
1.376893e-08
4.047729e-11
3.204756e-13
3.822127e-11
4.411088e-13
1.368405e-08
2.460546e-11
-4.948784e-13
1.370578e-08
2.308434e-11
-1.293442e-13
1.372677e-08
2.17058e-11
1.321792e-13
1.374697e-08
2.045422e-11
3.069484e-13
1.376639e-08
1.931791e-11
4.343002e-13
1.828625e-11
5.28485e-13
1.367157e-08
4.774409e-17
-5.210091e-13
1.369374e-08
5.010433e-17
-1.519265e-13
1.371515e-08
5.284268e-17
1.128649e-13
1.373577e-08
5.58508e-17
2.910023e-13
1.375559e-08
5.939501e-17
4.216739e-13
6.322698e-17
5.190317e-13
1.367157e-08
-2.460536e-11
-5.210093e-13
1.369374e-08
-2.308424e-11
-1.519265e-13
1.371515e-08
-2.17057e-11
1.128646e-13
1.373577e-08
-2.045411e-11
2.910022e-13
1.375559e-08
-1.931779e-11
4.216737e-13
-1.828613e-11
5.190316e-13
1.368405e-08
-4.948785e-13
1.370578e-08
-1.293445e-13
1.372677e-08
1.321789e-13
1.374697e-08
3.069482e-13
1.376639e-08
4.343001e-13
5.284845e-13
1.307323e-09
-1.819707e-12
1.301116e-09
-1.781499e-12
1.295479e-09
-1.740425e-12
-1.69369e-12
2.703349e-09
-1.198181e-12
2.689574e-09
-1.479217e-12
2.677017e-09
-1.687331e-12
-1.833592e-12
3.60631e-09
2.6475e-12
3.587717e-09
1.751725e-12
3.570691e-09
1.041164e-12
4.837733e-13
4.223459e-09
8.495596e-12
4.202855e-09
6.930419e-12
4.183871e-09
5.649388e-12
4.608719e-12
4.640859e-09
1.482367e-11
4.621067e-09
1.271359e-11
4.602696e-09
1.094907e-11
9.48383e-12
4.909327e-09
2.044983e-11
4.892603e-09
1.79941e-11
4.876957e-09
1.590863e-11
1.414835e-11
5.067898e-09
2.46558e-11
5.05549e-09
2.204687e-11
5.043795e-09
1.980762e-11
1.789427e-11
5.149742e-09
2.71207e-11
5.141856e-09
2.45115e-11
5.134381e-09
2.225672e-11
2.031336e-11
5.182349e-09
2.780023e-11
5.178451e-09
2.530411e-11
5.174753e-09
2.313835e-11
2.126119e-11
5.1867e-09
2.682695e-11
5.18592e-09
2.452993e-11
5.185212e-09
2.253237e-11
2.079513e-11
5.177249e-09
2.442766e-11
5.178709e-09
2.239954e-11
5.180164e-09
2.063338e-11
5.181564e-09
1.909434e-11
1.775405e-11
5.162943e-09
2.086503e-11
5.165921e-09
1.916515e-11
5.168848e-09
1.768334e-11
5.171675e-09
1.639053e-11
1.526359e-11
5.148738e-09
1.640203e-11
5.152708e-09
1.508037e-11
5.156593e-09
1.39273e-11
5.16035e-09
1.292048e-11
1.204228e-11
5.137078e-09
1.128622e-11
5.141674e-09
1.038225e-11
5.146161e-09
9.593058e-12
5.150498e-09
8.903566e-12
8.301891e-12
5.129015e-09
5.747096e-12
5.13398e-09
5.28813e-12
5.138818e-09
4.887256e-12
5.143491e-09
4.536903e-12
5.147996e-09
4.231086e-12
3.964542e-12
5.12493e-09
2.2302e-17
5.130066e-09
2.359876e-17
5.135066e-09
2.495162e-17
5.139894e-09
2.660231e-17
5.144547e-09
2.847363e-17
3.056034e-17
5.12493e-09
-5.747052e-12
5.130066e-09
-5.288083e-12
5.135066e-09
-4.887207e-12
5.139894e-09
-4.53685e-12
5.144547e-09
-4.231029e-12
-3.964482e-12
5.129015e-09
5.13398e-09
5.138818e-09
5.143491e-09
5.147996e-09
)
;

boundaryField
{
    inlet
    {
        type            calculated;
        value           nonuniform List<scalar> 
228
(
-7.645312e-09
-7.645312e-09
-7.645312e-09
-7.645312e-09
-7.645312e-09
-7.645312e-09
-7.645312e-09
-7.645312e-09
-7.645312e-09
-7.645312e-09
-7.645312e-09
-7.645312e-09
-7.645312e-09
-7.645312e-09
-7.645312e-09
-7.645312e-09
-7.645312e-09
-7.645312e-09
-7.645312e-09
-7.645313e-09
-7.645313e-09
-7.645313e-09
-7.645313e-09
-7.645313e-09
-7.645313e-09
-7.645313e-09
-7.645313e-09
-7.645313e-09
-7.645313e-09
-7.645313e-09
-7.645313e-09
-7.645313e-09
-7.645313e-09
-7.645313e-09
-7.645313e-09
-7.645313e-09
-7.645313e-09
-7.645313e-09
-7.645313e-09
-7.645313e-09
-7.645313e-09
-7.645313e-09
-7.645313e-09
-7.645313e-09
-7.645313e-09
-7.645313e-09
-7.645313e-09
-7.645313e-09
-7.645313e-09
-7.645313e-09
-7.645313e-09
-7.645313e-09
-7.645313e-09
-7.645313e-09
-7.645313e-09
-7.645313e-09
-7.645313e-09
-7.645312e-09
-7.645312e-09
-7.645312e-09
-7.645312e-09
-7.645312e-09
-7.645312e-09
-7.645312e-09
-7.645312e-09
-7.645312e-09
-7.645312e-09
-7.645312e-09
-7.645312e-09
-7.645312e-09
-7.645312e-09
-7.645312e-09
-7.645312e-09
-7.645312e-09
-7.645312e-09
-7.645312e-09
-7.645313e-09
-7.645313e-09
-7.645313e-09
-7.645313e-09
-7.645313e-09
-7.645313e-09
-7.645313e-09
-7.645313e-09
-7.645313e-09
-7.645313e-09
-7.645313e-09
-7.645313e-09
-7.645313e-09
-7.645313e-09
-7.645313e-09
-7.645313e-09
-7.645313e-09
-7.645313e-09
-7.645313e-09
-7.645313e-09
-7.645313e-09
-7.645313e-09
-7.645313e-09
-7.645313e-09
-7.645313e-09
-7.645313e-09
-7.645313e-09
-7.645313e-09
-7.645313e-09
-7.645313e-09
-7.645313e-09
-7.645313e-09
-7.645313e-09
-7.645313e-09
-7.645313e-09
-7.645313e-09
-7.645313e-09
-7.645313e-09
-1.982684e-08
-1.982684e-08
-1.982684e-08
-1.982684e-08
-1.982684e-08
-1.982684e-08
-1.982684e-08
-1.982684e-08
-1.982684e-08
-1.982684e-08
-1.982684e-08
-1.982684e-08
-1.982684e-08
-1.982684e-08
-1.982684e-08
-1.982684e-08
-1.982684e-08
-1.982684e-08
-1.982684e-08
-1.982684e-08
-1.982684e-08
-1.982684e-08
-1.982684e-08
-1.982684e-08
-1.982684e-08
-1.982684e-08
-1.982684e-08
-1.982684e-08
-1.982684e-08
-1.982684e-08
-1.982684e-08
-1.982684e-08
-1.982684e-08
-1.982684e-08
-1.982684e-08
-1.982684e-08
-1.982684e-08
-1.982684e-08
-1.982684e-08
-1.982684e-08
-1.982684e-08
-1.982684e-08
-1.982684e-08
-1.982684e-08
-1.982684e-08
-1.982684e-08
-1.982684e-08
-1.982684e-08
-1.982684e-08
-1.982684e-08
-1.982684e-08
-1.982684e-08
-1.982684e-08
-1.982684e-08
-1.982684e-08
-1.982684e-08
-1.982684e-08
-1.982684e-08
-1.982684e-08
-1.982684e-08
-1.982684e-08
-1.982684e-08
-1.982684e-08
-1.982684e-08
-1.982684e-08
-1.982684e-08
-1.982684e-08
-1.982684e-08
-1.982684e-08
-1.982684e-08
-1.982684e-08
-1.982684e-08
-1.982684e-08
-1.982684e-08
-1.982684e-08
-1.982684e-08
-1.982684e-08
-1.982684e-08
-1.982684e-08
-1.982684e-08
-1.982684e-08
-1.982684e-08
-1.982684e-08
-1.982684e-08
-1.982684e-08
-1.982684e-08
-1.982684e-08
-1.982684e-08
-1.982684e-08
-1.982684e-08
-1.982684e-08
-1.982684e-08
-1.982684e-08
-1.982684e-08
-1.982684e-08
-1.982684e-08
-1.982684e-08
-1.982684e-08
-1.982684e-08
-1.982684e-08
-1.982684e-08
-1.982684e-08
-1.982684e-08
-1.982684e-08
-1.982684e-08
-1.982684e-08
-1.982684e-08
-1.982684e-08
-1.982684e-08
-1.982684e-08
-1.982684e-08
-1.982684e-08
-1.982684e-08
-1.982684e-08
)
;
    }
    outlet
    {
        type            calculated;
        value           nonuniform List<scalar> 0();
    }
    chip_bases
    {
        type            calculated;
        value           nonuniform List<scalar> 0();
    }
    walls
    {
        type            calculated;
        value           uniform 0;
    }
    procBoundary14to8
    {
        type            processor;
        value           nonuniform List<scalar> 
209
(
2.16821e-09
5.486656e-09
7.989412e-09
9.825139e-09
1.110574e-08
1.193214e-08
1.240784e-08
1.263615e-08
1.270906e-08
1.26978e-08
-2.096695e-10
1.268061e-08
1.262791e-08
1.257906e-08
1.254053e-08
-7.148799e-11
1.255005e-08
1.253726e-08
2.195572e-09
5.566554e-09
8.115132e-09
9.987267e-09
1.129383e-08
1.213629e-08
1.261999e-08
1.285075e-08
1.292299e-08
1.290977e-08
-2.180081e-10
1.289205e-08
1.283751e-08
1.278725e-08
1.274773e-08
-7.41984e-11
1.275813e-08
1.274504e-08
2.212908e-09
5.61724e-09
8.195003e-09
1.009038e-08
1.141353e-08
1.226621e-08
1.275495e-08
1.298719e-08
1.305892e-08
1.304439e-08
-2.235073e-10
1.302638e-08
1.297065e-08
1.291948e-08
1.287933e-08
-7.598233e-11
1.289034e-08
1.287707e-08
2.220369e-09
5.63908e-09
8.229471e-09
1.013493e-08
1.146526e-08
1.232236e-08
1.281325e-08
1.304609e-08
1.311756e-08
1.310244e-08
-2.260257e-10
1.308435e-08
1.30281e-08
1.297653e-08
1.293611e-08
-7.679784e-11
1.294746e-08
1.29341e-08
2.218019e-09
5.632236e-09
8.218743e-09
1.012112e-08
1.144926e-08
1.230498e-08
1.279517e-08
1.302776e-08
1.309926e-08
1.308427e-08
-2.254999e-10
1.306634e-08
1.301024e-08
1.295879e-08
1.291845e-08
-7.662621e-11
1.292985e-08
1.291651e-08
2.205842e-09
5.596669e-09
8.162783e-09
1.004894e-08
1.136551e-08
1.221407e-08
1.270068e-08
1.293218e-08
1.300397e-08
1.298985e-08
-2.219448e-10
1.29723e-08
1.291702e-08
1.28662e-08
1.282631e-08
-7.547203e-11
1.283744e-08
5.617427e-09
1.421317e-08
2.069569e-08
2.545033e-08
2.876707e-08
3.090734e-08
3.213922e-08
3.273033e-08
3.291897e-08
3.288968e-08
-5.453337e-10
3.284691e-08
3.271041e-08
3.258395e-08
3.248424e-08
-1.858981e-10
3.251054e-08
5.289314e-09
1.325996e-08
1.920326e-08
2.35327e-08
2.654668e-08
2.849822e-08
2.96336e-08
3.019203e-08
3.038458e-08
3.037517e-08
-4.559726e-10
3.033988e-08
3.022372e-08
3.011331e-08
3.002504e-08
-1.566563e-10
3.004362e-08
4.760538e-09
1.174056e-08
1.684823e-08
2.052923e-08
2.308343e-08
2.47447e-08
2.572521e-08
2.622318e-08
2.641125e-08
2.64239e-08
-3.368933e-10
2.63988e-08
2.631026e-08
2.62226e-08
2.615105e-08
-1.172533e-10
2.616056e-08
3.98983e-09
9.573239e-09
1.354636e-08
1.636877e-08
1.831879e-08
1.959331e-08
2.035747e-08
2.075889e-08
2.092412e-08
2.095211e-08
-2.101142e-10
2.093774e-08
2.087943e-08
2.081832e-08
2.07671e-08
-7.461548e-11
2.076894e-08
2.894592e-09
6.622959e-09
9.174255e-09
1.095637e-08
1.218209e-08
1.298704e-08
1.347683e-08
1.374202e-08
1.385914e-08
1.388816e-08
-9.843575e-11
1.388211e-08
1.385158e-08
1.381719e-08
1.378746e-08
-3.617259e-11
1.378505e-08
1.290366e-09
2.665573e-09
3.555102e-09
4.166381e-09
4.585641e-09
4.862308e-09
5.032748e-09
5.127258e-09
5.1712e-09
5.18452e-09
-1.928473e-11
5.182891e-09
5.17439e-09
5.16397e-09
5.15468e-09
-7.777582e-12
5.152338e-09
)
;
    }
    procBoundary14to11
    {
        type            processor;
        value           nonuniform List<scalar> 
21
(
1.282425e-08
1.282425e-08
1.283744e-08
3.247747e-08
3.247747e-08
3.251054e-08
3.001411e-08
3.001411e-08
3.004362e-08
2.613634e-08
2.613634e-08
2.616056e-08
2.075133e-08
2.075133e-08
2.076894e-08
1.377464e-08
1.377464e-08
1.378505e-08
5.14903e-09
5.14903e-09
5.152338e-09
)
;
    }
    procBoundary14to12
    {
        type            processor;
        value           nonuniform List<scalar> 
56
(
-8.59976e-10
-1.693322e-09
-2.011496e-09
-1.935504e-09
-1.648186e-09
-1.311025e-09
-1.000682e-09
-7.473925e-10
-5.538639e-10
-4.109272e-10
-3.067912e-10
-2.309443e-10
-1.752771e-10
-1.339341e-10
-1.028261e-10
-8.59976e-10
-1.693322e-09
-2.011496e-09
-1.935504e-09
-1.648186e-09
-1.311025e-09
-1.000682e-09
-7.473925e-10
-5.538639e-10
-4.109272e-10
-3.067912e-10
-2.309443e-10
-1.752771e-10
-1.339341e-10
-1.028261e-10
-8.598304e-10
-1.692806e-09
-2.010565e-09
-1.934231e-09
-1.646723e-09
-1.309528e-09
-9.992589e-10
-7.461013e-10
-5.527229e-10
-4.099322e-10
-3.059281e-10
-2.301966e-10
-1.746292e-10
-1.333726e-10
-1.023404e-10
-8.595279e-10
-1.691755e-09
-2.008644e-09
-1.931612e-09
-1.643724e-09
-1.306471e-09
-9.963728e-10
-7.435006e-10
-5.504429e-10
-4.07962e-10
-3.042371e-10
)
;
    }
    procBoundary14to13
    {
        type            processor;
        value           nonuniform List<scalar> 
356
(
2.515706e-17
2.798931e-17
3.094803e-17
3.435285e-17
3.810963e-17
1.189571e-08
-1.78958e-10
-1.760177e-10
-1.717968e-10
1.190925e-08
-1.666078e-10
-2.78481e-11
-8.109615e-11
-1.282581e-10
-1.68173e-10
-2.007668e-10
-2.264377e-10
-2.45771e-10
-2.594093e-10
-2.680234e-10
-2.722959e-10
1.146964e-08
-2.729027e-10
2.492839e-17
2.771191e-17
3.064046e-17
3.400958e-17
3.773709e-17
1.207324e-08
-1.815698e-10
-1.789893e-10
-1.75105e-10
1.208683e-08
-1.702138e-10
-2.79297e-11
-8.149889e-11
-1.290701e-10
-1.69344e-10
-2.022018e-10
-2.280764e-10
-2.476231e-10
-2.615432e-10
-2.705336e-10
-2.752712e-10
1.161253e-08
-2.764052e-10
2.471852e-17
2.74753e-17
3.04021e-17
3.36944e-17
3.734522e-17
1.218448e-08
-3.344153e-11
-2.792313e-11
-2.328069e-11
-1.832368e-10
-1.808868e-10
-1.772221e-10
1.219809e-08
-1.725288e-10
-2.798407e-11
-8.176839e-11
-1.296282e-10
-1.701604e-10
-2.032076e-10
-2.292174e-10
-2.488897e-10
-2.629694e-10
-2.721767e-10
-2.771909e-10
1.169975e-08
-2.786479e-10
3.336542e-17
3.69571e-17
-8.39105e-11
-8.097927e-11
1.251689e-08
-7.784516e-11
-1.223926e-11
-1.105794e-11
-1.840132e-10
-1.817597e-10
-1.781892e-10
1.224464e-08
-1.735824e-10
-2.801294e-11
-8.190744e-11
-1.299292e-10
-1.706099e-10
-2.037681e-10
-2.298519e-10
-2.495801e-10
-2.6372e-10
-2.730075e-10
-2.781271e-10
1.173448e-08
-2.797118e-10
-8.38023e-11
-8.086145e-11
-7.772021e-11
-7.445654e-11
-7.112911e-11
-1.839203e-10
-1.816286e-10
-1.780237e-10
1.222725e-08
-1.733874e-10
4.819683e-12
5.601444e-14
-3.001568e-12
-4.947716e-12
-5.860315e-12
-2.801779e-11
-8.191882e-11
-1.299741e-10
-1.706883e-10
-2.038749e-10
-2.299716e-10
-2.496908e-10
-2.638008e-10
-2.730415e-10
-2.781038e-10
1.171827e-08
-2.796264e-10
-1.829468e-10
-1.804838e-10
-1.767182e-10
-1.719387e-10
-1.663973e-10
-1.603105e-10
-1.538592e-10
-1.471968e-10
-1.404379e-10
-2.799351e-11
-8.179839e-11
-1.297629e-10
-1.703983e-10
-2.03529e-10
-2.295727e-10
-2.492125e-10
-2.631971e-10
-2.72261e-10
-2.771019e-10
1.165086e-08
-2.783734e-10
2.770871e-17
2.968764e-17
3.188958e-17
3.429289e-17
3.701543e-17
3.999022e-17
2.740601e-17
2.937438e-17
3.153203e-17
3.39299e-17
3.660083e-17
3.955219e-17
2.708002e-17
2.901961e-17
3.113068e-17
3.350321e-17
3.61234e-17
3.905364e-17
2.676461e-17
2.8666e-17
3.072372e-17
3.30573e-17
3.561769e-17
3.84877e-17
-6.737291e-12
-6.237574e-12
-5.705005e-12
-5.206958e-12
-4.739972e-12
-4.293501e-12
-4.556796e-11
-4.409643e-11
-4.263882e-11
-4.120089e-11
-3.978795e-11
1.291651e-08
-3.840401e-11
-4.2349e-12
-4.397236e-12
-4.378135e-12
-4.299161e-12
-4.172682e-12
-3.99756e-12
-8.987741e-11
-8.690722e-11
-8.397161e-11
-8.108092e-11
-7.824523e-11
-7.547196e-11
-4.655768e-10
-4.57799e-10
-4.467346e-10
-4.331882e-10
-4.178493e-10
-4.012979e-10
-3.840084e-10
-3.6637e-10
-3.486707e-10
-7.228386e-11
-2.108854e-10
-3.342847e-10
-4.387934e-10
-5.240458e-10
-5.909815e-10
-6.411414e-10
-6.763019e-10
-6.983145e-10
-7.090369e-10
2.965082e-08
-7.102763e-10
-4.34214e-10
-4.224953e-10
-4.079132e-10
-3.913916e-10
-3.736856e-10
-3.553941e-10
-3.369757e-10
-3.187762e-10
-3.010335e-10
-7.154682e-11
-2.073157e-10
-3.273252e-10
-4.286622e-10
-5.110351e-10
-5.749664e-10
-6.21494e-10
-6.521064e-10
-6.68663e-10
-6.732622e-10
2.780377e-08
-6.680731e-10
-3.785652e-10
-3.621915e-10
-3.439128e-10
-3.246801e-10
-3.052166e-10
-2.860485e-10
-2.67538e-10
-2.49921e-10
-2.333282e-10
-7.04155e-11
-2.018938e-10
-3.16541e-10
-4.121502e-10
-4.882169e-10
-5.448493e-10
-5.828917e-10
-6.040159e-10
-6.105617e-10
-6.052219e-10
2.464088e-08
-5.907221e-10
-2.942848e-10
-2.750747e-10
-2.55364e-10
-2.359194e-10
-2.172638e-10
-1.997265e-10
-1.83487e-10
-1.686179e-10
-1.551094e-10
-6.886096e-11
-1.933104e-10
-2.980764e-10
-3.818278e-10
-4.443083e-10
-4.860927e-10
-5.088313e-10
-5.151811e-10
-5.083886e-10
-4.917897e-10
1.989754e-08
-4.684442e-10
-1.84158e-10
-1.671024e-10
-1.507395e-10
-1.35471e-10
-1.215175e-10
-1.089671e-10
-9.78152e-11
-8.799737e-11
-7.940518e-11
-6.553714e-11
-1.725403e-10
-2.542887e-10
-3.130989e-10
-3.507687e-10
-3.697752e-10
-3.733228e-10
-3.649496e-10
-3.481095e-10
-3.258456e-10
1.340387e-08
-3.006337e-10
-6.080578e-11
-5.284724e-11
-4.566235e-11
-3.931178e-11
-3.379345e-11
-2.906469e-11
-2.505865e-11
-2.169688e-11
-1.889326e-11
-4.743701e-11
-1.043919e-10
-1.37097e-10
-1.547733e-10
-1.61581e-10
-1.604116e-10
-1.535562e-10
-1.429289e-10
-1.301408e-10
-1.164568e-10
5.08287e-09
-1.02797e-10
-2.227083e-10
-2.150425e-10
-2.075091e-10
-2.001273e-10
-1.929185e-10
-1.858979e-10
-1.911354e-10
-1.83754e-10
-1.766118e-10
-1.697107e-10
-1.630578e-10
-1.566561e-10
-1.468571e-10
-1.402944e-10
-1.340675e-10
-1.281586e-10
-1.225575e-10
-1.172531e-10
-9.653919e-11
-9.148748e-11
-8.679723e-11
-8.243638e-11
-7.838271e-11
-7.461532e-11
-4.871782e-11
-4.569818e-11
-4.296174e-11
-4.047718e-11
-3.822115e-11
-3.617247e-11
-1.128618e-11
-1.038221e-11
-9.59301e-12
-8.903515e-12
-8.301836e-12
-7.777525e-12
)
;
    }
    procBoundary14to15
    {
        type            processor;
        value           nonuniform List<scalar> 
377
(
-8.088481e-10
-1.080848e-09
-1.080075e-09
-7.94906e-10
-5.29705e-10
-3.514789e-10
-2.396293e-10
-1.747714e-10
-1.371721e-10
-1.14765e-10
-1.00398e-10
-9.013032e-11
-8.189497e-11
-7.469084e-11
-6.807589e-11
-6.189345e-11
-5.608783e-11
-5.068081e-11
-4.564733e-11
-4.101471e-11
-8.90052e-10
-1.652471e-09
-1.935257e-09
-1.771027e-09
-1.42236e-09
-1.068019e-09
-7.74046e-10
-5.591017e-10
-4.125992e-10
-3.159699e-10
-2.523731e-10
-2.094664e-10
-1.791474e-10
-1.564387e-10
-1.384061e-10
-1.23379e-10
-1.103961e-10
-9.894327e-11
-8.867341e-11
-7.937906e-11
-9.365978e-10
-1.822026e-09
-2.184924e-09
-2.128393e-09
-1.840943e-09
-1.487057e-09
-1.149827e-09
-8.69549e-10
-6.550519e-10
-4.988684e-10
-3.881158e-10
-3.101322e-10
-2.546909e-10
-2.143428e-10
-1.839919e-10
-1.603011e-10
-1.411156e-10
-1.250972e-10
-1.11358e-10
-9.931941e-11
-8.810502e-10
-1.735344e-09
-2.100964e-09
-2.086892e-09
-1.854637e-09
-1.550917e-09
-1.247655e-09
-9.812499e-10
-7.642697e-10
-5.956176e-10
-4.682321e-10
-3.734541e-10
-3.032177e-10
-2.508783e-10
-2.113406e-10
-1.808855e-10
-1.568608e-10
-1.374488e-10
-1.213551e-10
-1.077449e-10
-8.753799e-10
-1.716631e-09
-2.046512e-09
-2.003616e-09
-1.7618e-09
-1.468016e-09
-1.186742e-09
-9.446603e-10
-7.478298e-10
-5.926919e-10
-4.725334e-10
-3.803105e-10
-3.097636e-10
-2.557159e-10
-2.140621e-10
-1.81648e-10
-1.560824e-10
-1.3562e-10
-1.189201e-10
-1.051845e-10
-8.607909e-10
-1.684779e-09
-1.99474e-09
-1.929335e-09
-1.668587e-09
-1.365632e-09
-1.086844e-09
-8.559285e-10
-6.742724e-10
-5.344237e-10
-4.273955e-10
-3.45328e-10
-2.820824e-10
-2.330367e-10
-1.94738e-10
-1.646065e-10
-1.406882e-10
-1.215392e-10
-1.059876e-10
-9.346034e-11
-8.579745e-10
-1.679396e-09
-1.982087e-09
-1.902286e-09
-1.624151e-09
-1.305815e-09
-1.017529e-09
-7.839988e-10
-6.052975e-10
-4.718028e-10
-3.72509e-10
-2.981314e-10
-2.41747e-10
-1.984417e-10
-1.647756e-10
-1.383297e-10
-1.173606e-10
-1.006257e-10
-8.710666e-11
-7.643787e-11
-8.558302e-10
-1.676289e-09
-1.978464e-09
-1.894101e-09
-1.607822e-09
-1.279736e-09
-9.82732e-10
-7.432837e-10
-5.618806e-10
-4.28441e-10
-3.311243e-10
-2.598011e-10
-2.068822e-10
-1.670136e-10
-1.365158e-10
-1.128737e-10
-9.434117e-11
-7.971711e-11
-6.804101e-11
-5.903679e-11
-8.561885e-10
-1.678907e-09
-1.98371e-09
-1.898964e-09
-1.609297e-09
-1.275711e-09
-9.726232e-10
-7.278334e-10
-5.424881e-10
-4.066387e-10
-3.082571e-10
-2.368897e-10
-1.846102e-10
-1.457792e-10
-1.16507e-10
-9.413933e-11
-7.685276e-11
-6.34057e-11
-5.283145e-11
-4.484299e-11
-8.567765e-10
-1.68181e-09
-1.989805e-09
-1.90655e-09
-1.616288e-09
-1.28032e-09
-9.739023e-10
-7.256891e-10
-5.373386e-10
-3.991269e-10
-2.990569e-10
-2.266006e-10
-1.737152e-10
-1.34639e-10
-1.053755e-10
-8.318398e-11
-6.618002e-11
-5.307507e-11
-4.288339e-11
-3.526533e-11
-8.576672e-10
-1.685154e-09
-1.996229e-09
-1.914888e-09
-1.625015e-09
-1.288052e-09
-9.797862e-10
-7.294457e-10
-5.390508e-10
-3.990581e-10
-2.975284e-10
-2.239256e-10
-1.701696e-10
-1.304521e-10
-1.00731e-10
-7.822476e-11
-6.101738e-11
-4.779008e-11
-3.754575e-11
-2.989105e-11
-8.584268e-10
-1.68791e-09
-2.001494e-09
-1.921938e-09
-1.632789e-09
-1.295528e-09
-9.862873e-10
-7.346852e-10
-5.429981e-10
-4.018173e-10
-2.992538e-10
-2.24777e-10
-1.702933e-10
-1.299743e-10
-9.97584e-11
-7.684616e-11
-5.930741e-11
-4.580771e-11
-3.534689e-11
-2.749137e-11
-8.590666e-10
-1.690147e-09
-2.005669e-09
-1.927568e-09
-1.639118e-09
-1.301815e-09
-9.920231e-10
-7.396338e-10
-5.471077e-10
-4.05136e-10
-3.018688e-10
-2.267816e-10
-1.717729e-10
-1.310025e-10
-1.00397e-10
-7.714656e-11
-5.931361e-11
-4.55549e-11
-3.487027e-11
-2.679915e-11
-8.595279e-10
-1.691755e-09
-2.008644e-09
-1.931612e-09
-1.643724e-09
-1.306471e-09
-9.963728e-10
-7.435006e-10
-5.504429e-10
-4.07962e-10
-3.042371e-10
-2.287497e-10
-1.733938e-10
-1.323211e-10
-1.014503e-10
-7.796472e-11
-5.992169e-11
-4.59724e-11
-3.511705e-11
-2.687796e-11
-8.598304e-10
-1.692806e-09
-2.010565e-09
-1.934231e-09
-1.646723e-09
-1.309528e-09
-9.992589e-10
-7.461013e-10
-5.527229e-10
-4.099322e-10
-3.059281e-10
-2.301966e-10
-1.746292e-10
-1.333726e-10
-1.023404e-10
-7.871125e-11
-6.053899e-11
-4.647116e-11
-3.550792e-11
-2.716144e-11
-7.912961e-11
-6.08967e-11
-4.677304e-11
-3.575869e-11
-2.736102e-11
-2.502388e-11
-2.331986e-11
-2.170741e-11
-2.018231e-11
-4.828359e-11
-4.494261e-11
-4.180907e-11
-3.885676e-11
-6.029756e-11
-5.608299e-11
-5.216954e-11
-4.85022e-11
-6.522437e-11
-6.05472e-11
-5.628202e-11
-5.233493e-11
-6.348978e-11
-5.877382e-11
-5.455858e-11
-5.072476e-11
-5.62437e-11
-5.187505e-11
-4.804143e-11
-4.462287e-11
-4.577776e-11
-4.198538e-11
-3.871312e-11
-3.585693e-11
-3.499715e-11
-3.177582e-11
-2.90416e-11
-2.670927e-11
-2.606883e-11
-2.32527e-11
-2.089764e-11
-1.893185e-11
-1.991104e-11
-1.729785e-11
-1.513379e-11
-1.335399e-11
-1.634703e-11
-1.378535e-11
-1.167084e-11
-9.940983e-12
-8.500668e-12
-1.467096e-11
-1.208175e-11
-9.941723e-12
-8.188589e-12
-6.731355e-12
-1.41145e-11
-1.147372e-11
-9.284486e-12
-7.483952e-12
-5.984054e-12
-1.408905e-11
-1.140143e-11
-9.166856e-12
-7.321856e-12
-5.780281e-12
-1.422696e-11
-1.150737e-11
-9.241524e-12
-7.365513e-12
-5.794296e-12
-4.478924e-12
-1.433541e-11
-1.160016e-11
-9.31889e-12
-7.427478e-12
-5.841393e-12
-4.511788e-12
)
;
    }
}


// ************************************************************************* //
