/*--------------------------------*- C++ -*----------------------------------*\
| =========                 |                                                 |
| \\      /  F ield         | OpenFOAM: The Open Source CFD Toolbox           |
|  \\    /   O peration     | Version:  2406                                  |
|   \\  /    A nd           | Website:  www.openfoam.com                      |
|    \\/     M anipulation  |                                                 |
\*---------------------------------------------------------------------------*/
FoamFile
{
    version     2.0;
    format      ascii;
    arch        "LSB;label=32;scalar=64";
    class       volVectorField;
    location    "320";
    object      U;
}
// * * * * * * * * * * * * * * * * * * * * * * * * * * * * * * * * * * * * * //

dimensions      [0 1 -1 0 0 0 0];

internalField   nonuniform List<vector> 
5364
(
(0.001215258 0.0001552531 3.257174e-05)
(0.001095681 0.0001435242 4.217966e-05)
(0.0008930013 8.357952e-05 4.343291e-05)
(0.000769633 4.237915e-05 3.208533e-05)
(0.0006860219 2.063463e-05 2.139206e-05)
(0.0006262949 1.07215e-05 1.422296e-05)
(0.0005828923 6.312321e-06 9.693684e-06)
(0.0005495196 4.264437e-06 7.07514e-06)
(0.0005230009 3.203169e-06 5.565513e-06)
(0.000501365 2.572119e-06 4.671256e-06)
(0.0004834323 2.1409e-06 4.099964e-06)
(0.0004684232 1.81574e-06 3.691079e-06)
(0.0004557799 1.555834e-06 3.360997e-06)
(0.000445078 1.341352e-06 3.069828e-06)
(0.000435981 1.161356e-06 2.800433e-06)
(0.0004282191 1.008626e-06 2.547274e-06)
(0.0004215685 8.784652e-07 2.308551e-06)
(0.0004158557 7.656302e-07 2.085889e-06)
(0.0004109168 6.695152e-07 1.878017e-06)
(0.0004066637 5.767306e-07 1.687203e-06)
(0.001454136 0.000225462 3.435941e-05)
(0.001571762 0.0002950082 6.403005e-05)
(0.001591093 0.0002613606 7.663771e-05)
(0.001569383 0.0002009644 7.095991e-05)
(0.001523109 0.0001466142 5.748123e-05)
(0.001466453 0.0001071166 4.348706e-05)
(0.001408687 8.027812e-05 3.168389e-05)
(0.00135382 6.228309e-05 2.29609e-05)
(0.001303809 4.990856e-05 1.697837e-05)
(0.001259225 4.102497e-05 1.30208e-05)
(0.001219968 3.433855e-05 1.041407e-05)
(0.00118564 2.909981e-05 8.655434e-06)
(0.001155732 2.487242e-05 7.412145e-06)
(0.001129723 2.139145e-05 6.479388e-06)
(0.001107113 1.848584e-05 5.73666e-06)
(0.001087452 1.603743e-05 5.115825e-06)
(0.001070332 1.396001e-05 4.577792e-06)
(0.001055411 1.218643e-05 4.102301e-06)
(0.001042358 1.066731e-05 3.674877e-06)
(0.001030967 9.342216e-06 3.28852e-06)
(0.00143161 0.0001068902 3.68714e-05)
(0.001592915 0.000212662 7.197144e-05)
(0.001741889 0.0002533853 8.715535e-05)
(0.001839871 0.0002478088 8.566906e-05)
(0.001887022 0.0002210695 7.468882e-05)
(0.001895696 0.0001895218 6.076291e-05)
(0.001879499 0.000160016 4.72487e-05)
(0.001849023 0.0001348088 3.587061e-05)
(0.001811723 0.0001140192 2.708622e-05)
(0.001772266 9.703083e-05 2.065506e-05)
(0.001733364 8.309502e-05 1.608175e-05)
(0.001696486 7.155842e-05 1.285838e-05)
(0.001662338 6.19115e-05 1.056662e-05)
(0.001631182 5.377192e-05 8.898764e-06)
(0.001603024 4.685375e-05 7.643504e-06)
(0.001577736 4.094019e-05 6.662554e-06)
(0.001555113 3.586248e-05 5.866698e-06)
(0.001534931 3.148706e-05 5.201159e-06)
(0.001516924 2.770511e-05 4.62897e-06)
(0.001500925 2.442225e-05 4.127823e-06)
(0.001417748 7.159918e-05 3.420486e-05)
(0.001546589 0.0001656847 6.806421e-05)
(0.001708687 0.0002176548 8.339781e-05)
(0.001852484 0.0002369523 8.378117e-05)
(0.001959377 0.0002348181 7.516345e-05)
(0.002027834 0.0002210419 6.336738e-05)
(0.002064171 0.0002020202 5.131377e-05)
(0.002076585 0.0001815569 4.055246e-05)
(0.002072656 0.0001616517 3.168779e-05)
(0.002058309 0.0001432283 2.474476e-05)
(0.00203782 0.0001266135 1.947546e-05)
(0.002014127 0.0001118323 1.554462e-05)
(0.001989176 9.877359e-05 1.262808e-05)
(0.001964215 8.727565e-05 1.045363e-05)
(0.00194002 7.716712e-05 8.810453e-06)
(0.001917048 6.828575e-05 7.54407e-06)
(0.001895542 6.048301e-05 6.544086e-06)
(0.001875614 5.36298e-05 5.735248e-06)
(0.001857252 4.76047e-05 5.063469e-06)
(0.001840474 4.232404e-05 4.495428e-06)
(0.001411612 4.508738e-05 3.403018e-05)
(0.001516458 0.0001175354 6.750831e-05)
(0.001663814 0.0001673601 8.132538e-05)
(0.001808679 0.0001966229 8.047998e-05)
(0.00193146 0.0002095902 7.143332e-05)
(0.002025934 0.0002110477 6.001115e-05)
(0.002093152 0.0002049094 4.88444e-05)
(0.002137279 0.0001941434 3.908234e-05)
(0.00216331 0.0001808733 3.105292e-05)
(0.002175798 0.0001665473 2.467194e-05)
(0.002178498 0.0001521031 1.97018e-05)
(0.002174352 0.0001381142 1.587347e-05)
(0.002165585 0.0001249067 1.293874e-05)
(0.002153846 0.0001126443 1.068765e-05)
(0.002140335 0.0001013886 8.951417e-06)
(0.002125917 9.114019e-05 7.599394e-06)
(0.002111201 8.186171e-05 6.532111e-06)
(0.002096614 7.350158e-05 5.677087e-06)
(0.002082426 6.59852e-05 4.978288e-06)
(0.002068853 5.92805e-05 4.403378e-06)
(0.001409651 3.284546e-05 3.336202e-05)
(0.001501352 9.003517e-05 6.60984e-05)
(0.001633925 0.0001324443 7.908588e-05)
(0.001768671 0.0001609123 7.734041e-05)
(0.001888353 0.000177847 6.754457e-05)
(0.001986961 0.0001858992 5.575867e-05)
(0.002064356 0.0001873248 4.469979e-05)
(0.002122942 0.0001839415 3.540329e-05)
(0.002165918 0.0001772018 2.800744e-05)
(0.002196316 0.0001682574 2.226636e-05)
(0.002216759 0.0001580018 1.784626e-05)
(0.002229443 0.0001471066 1.444278e-05)
(0.002236162 0.0001360591 1.181235e-05)
(0.002238359 0.0001251983 9.768443e-06)
(0.002237192 0.0001147492 8.169979e-06)
(0.002233573 0.0001048532 6.910731e-06)
(0.002228219 9.558845e-05 5.909834e-06)
(0.002221687 8.699636e-05 5.107433e-06)
(0.002214404 7.907354e-05 4.454792e-06)
(0.002206694 7.184833e-05 3.928451e-06)
(0.00140868 2.432485e-05 3.324216e-05)
(0.001493396 6.889399e-05 6.587441e-05)
(0.001616496 0.0001041221 7.85538e-05)
(0.001742421 0.0001297848 7.621085e-05)
(0.001855363 0.000147053 6.570043e-05)
(0.001950267 0.0001574961 5.327929e-05)
(0.002027372 0.0001625659 4.182411e-05)
(0.00208897 0.0001634598 3.241574e-05)
(0.002137786 0.0001611595 2.514086e-05)
(0.002176185 0.0001564796 1.966443e-05)
(0.002206084 0.0001500987 1.556808e-05)
(0.002229033 0.0001425764 1.248704e-05)
(0.002246293 0.0001343635 1.014423e-05)
(0.002258911 0.000125814 8.340514e-06)
(0.002267761 0.0001171974 6.935346e-06)
(0.002273573 0.0001087129 5.829337e-06)
(0.002276963 0.000100501 4.950649e-06)
(0.002278437 9.266164e-05 4.2479e-06)
(0.002278429 8.52471e-05 3.679082e-06)
(0.002277254 7.832474e-05 3.228987e-06)
(0.001408317 1.889896e-05 3.313813e-05)
(0.001489123 5.425913e-05 6.570745e-05)
(0.001606099 8.323142e-05 7.835754e-05)
(0.001725691 0.000105329 7.582834e-05)
(0.001832859 0.0001211681 6.499138e-05)
(0.001923076 0.0001317327 5.217625e-05)
(0.001996966 0.0001380076 4.036513e-05)
(0.002057047 0.0001408378 3.071361e-05)
(0.00210611 0.0001409288 2.332791e-05)
(0.002146425 0.0001388729 1.785531e-05)
(0.002179692 0.0001351725 1.38432e-05)
(0.002207178 0.0001302541 1.08915e-05)
(0.002229841 0.0001244768 8.695051e-06)
(0.002248437 0.0001181386 7.036136e-06)
(0.002263587 0.0001114816 5.764101e-06)
(0.002275813 0.0001046989 4.775547e-06)
(0.002285567 9.793912e-05 3.998629e-06)
(0.002293231 9.131813e-05 3.383733e-06)
(0.002299161 8.491266e-05 2.891505e-06)
(0.002303596 7.880009e-05 2.510203e-06)
(0.001408109 1.480921e-05 3.314841e-05)
(0.001486571 4.284263e-05 6.579964e-05)
(0.001599617 6.647119e-05 7.855492e-05)
(0.00171489 8.514135e-05 7.601025e-05)
(0.001817798 9.912325e-05 6.503788e-05)
(0.001904125 0.0001090093 5.200002e-05)
(0.001974723 0.000115456 3.993936e-05)
(0.002032287 0.000119064 3.006696e-05)
(0.00207973 0.0001203582 2.251758e-05)
(0.002119383 0.0001197922 1.694493e-05)
(0.002152941 0.0001177573 1.288904e-05)
(0.002181606 0.0001145897 9.936366e-06)
(0.002206234 0.0001105761 7.767562e-06)
(0.002227452 0.0001059584 6.152839e-06)
(0.002245742 0.0001009382 4.932677e-06)
(0.002261492 9.568088e-05 3.997816e-06)
(0.002275031 9.031932e-05 3.273201e-06)
(0.00228663 8.49604e-05 2.70751e-06)
(0.00229656 7.968296e-05 2.261262e-06)
(0.002304976 7.455619e-05 1.922105e-06)
(0.001408009 1.171175e-05 3.316774e-05)
(0.001485006 3.398715e-05 6.590295e-05)
(0.001595419 5.310993e-05 7.878703e-05)
(0.001707669 6.859092e-05 7.630519e-05)
(0.00180748 8.054182e-05 6.531307e-05)
(0.00189084 8.932496e-05 5.218194e-05)
(0.00195875 9.537525e-05 3.99868e-05)
(0.002014005 9.911292e-05 2.997414e-05)
(0.002059598 0.0001009237 2.230075e-05)
(0.002097913 0.0001011542 1.663036e-05)
(0.002130673 0.0001001129 1.250467e-05)
(0.002159086 9.807003e-05 9.507178e-06)
(0.002183986 9.525915e-05 7.313681e-06)
(0.002205961 9.187923e-05 5.689263e-06)
(0.002225441 8.809733e-05 4.469897e-06)
(0.002242753 8.405202e-05 3.542702e-06)
(0.002258161 7.985619e-05 2.830088e-06)
(0.002271872 7.56012e-05 2.278765e-06)
(0.002284094 7.135835e-05 1.84851e-06)
(0.002294931 6.718381e-05 1.52473e-06)
(0.001407943 9.19389e-06 3.32021e-05)
(0.001483976 2.672433e-05 6.603164e-05)
(0.001592603 4.197901e-05 7.904148e-05)
(0.001702731 5.45602e-05 7.664001e-05)
(0.001800294 6.449969e-05 6.566748e-05)
(0.001881438 7.201606e-05 5.249888e-05)
(0.001947268 7.739241e-05 4.022959e-05)
(0.002000655 8.091631e-05 3.012984e-05)
(0.002044643 8.286438e-05 2.237196e-05)
(0.002081647 8.349614e-05 1.662766e-05)
(0.002113412 8.305076e-05 1.244134e-05)
(0.002141151 8.174386e-05 9.39625e-06)
(0.002165697 7.976548e-05 7.166657e-06)
(0.002187627 7.72798e-05 5.515671e-06)
(0.002207353 7.442597e-05 4.27736e-06)
(0.002225179 7.132003e-05 3.337129e-06)
(0.00224134 6.805721e-05 2.61607e-06)
(0.002256014 6.47143e-05 2.059634e-06)
(0.002269377 6.135301e-05 1.62714e-06)
(0.002281504 5.801848e-05 1.301774e-06)
(0.001407903 7.095642e-06 3.32315e-05)
(0.001483291 2.06394e-05 6.613805e-05)
(0.001590686 3.2534e-05 7.92503e-05)
(0.001699308 4.247532e-05 7.692375e-05)
(0.00179524 5.046308e-05 6.598397e-05)
(0.001874737 5.663068e-05 5.280615e-05)
(0.001938992 6.116155e-05 4.049863e-05)
(0.001990934 6.424926e-05 3.034769e-05)
(0.002033643 6.608739e-05 2.253669e-05)
(0.002069559 6.68646e-05 1.674324e-05)
(0.002100435 6.676064e-05 1.251405e-05)
(0.002127488 6.594214e-05 9.432678e-06)
(0.002151546 6.455931e-05 7.172855e-06)
(0.002173182 6.274414e-05 5.496862e-06)
(0.002192797 6.060997e-05 4.237948e-06)
(0.002210684 5.825213e-05 3.28077e-06)
(0.002227067 5.574945e-05 2.545842e-06)
(0.002242108 5.316549e-05 1.977974e-06)
(0.002255967 5.055206e-05 1.536355e-06)
(0.002268708 4.794591e-05 1.202539e-06)
(0.001407875 5.274389e-06 3.325675e-05)
(0.001482826 1.534762e-05 6.622582e-05)
(0.001589375 2.425241e-05 7.941737e-05)
(0.001696943 3.176793e-05 7.715186e-05)
(0.00179171 3.78828e-05 6.624311e-05)
(0.001870011 4.267753e-05 5.306576e-05)
(0.001933103 4.626856e-05 4.073695e-05)
(0.00198396 4.878259e-05 3.055419e-05)
(0.002025696 5.035059e-05 2.270871e-05)
(0.002060768 5.110447e-05 1.688254e-05)
(0.002090936 5.117363e-05 1.262413e-05)
(0.002117416 5.068101e-05 9.517379e-06)
(0.002141034 4.973972e-05 7.235706e-06)
(0.002162355 4.845077e-05 5.540892e-06)
(0.002181773 4.69021e-05 4.2657e-06)
(0.002199571 4.516841e-05 3.29436e-06)
(0.002215966 4.331202e-05 2.547079e-06)
(0.002231112 4.138337e-05 1.968314e-06)
(0.00224516 3.942392e-05 1.517248e-06)
(0.002258169 3.746308e-05 1.174357e-06)
(0.001407857 3.646198e-06 3.327497e-05)
(0.001482519 1.061164e-05 6.628897e-05)
(0.001588504 1.679586e-05 7.953647e-05)
(0.001695357 2.205023e-05 7.731582e-05)
(0.001789323 2.636275e-05 6.643178e-05)
(0.001866791 2.978067e-05 5.325813e-05)
(0.001929062 3.237493e-05 4.091773e-05)
(0.001979147 3.422439e-05 3.071559e-05)
(0.002020183 3.541262e-05 2.284835e-05)
(0.002054641 3.602602e-05 1.700115e-05)
(0.002084288 3.615132e-05 1.272378e-05)
(0.00211034 3.587251e-05 9.600406e-06)
(0.002133619 3.526808e-05 7.304282e-06)
(0.002154684 3.440914e-05 5.596859e-06)
(0.002173922 3.335822e-05 4.310572e-06)
(0.002191611 3.216897e-05 3.329369e-06)
(0.002207958 3.088649e-05 2.573251e-06)
(0.002223114 2.954749e-05 1.986455e-06)
(0.002237223 2.818232e-05 1.528172e-06)
(0.002250341 2.681275e-05 1.178203e-06)
(0.001407846 2.141196e-06 3.328698e-05)
(0.001482332 6.232223e-06 6.633052e-05)
(0.00158797 9.874222e-06 7.961362e-05)
(0.00169438 1.29818e-05 7.742221e-05)
(0.001787844 1.554666e-05 6.655484e-05)
(0.001864785 1.759349e-05 5.338457e-05)
(0.001926533 1.916034e-05 4.103785e-05)
(0.001976122 2.029013e-05 3.082428e-05)
(0.002016705 2.102914e-05 2.294392e-05)
(0.002050763 2.142611e-05 1.708393e-05)
(0.002080069 2.153076e-05 1.279497e-05)
(0.002105839 2.13919e-05 9.661456e-06)
(0.002128891 2.105566e-05 7.356522e-06)
(0.002149781 2.056419e-05 5.641422e-06)
(0.002168892 1.995488e-05 4.348375e-06)
(0.002186496 1.926001e-05 3.361141e-06)
(0.002202796 1.850685e-05 2.599577e-06)
(0.002217938 1.771774e-05 2.007777e-06)
(0.002232062 1.69112e-05 1.544925e-06)
(0.002245223 1.610067e-05 1.190423e-06)
(0.001407841 7.062892e-07 3.329276e-05)
(0.001482243 2.055813e-06 6.635089e-05)
(0.001587716 3.258706e-06 7.965096e-05)
(0.001693914 4.287163e-06 7.74739e-05)
(0.001787136 5.138292e-06 6.661487e-05)
(0.001863822 5.819759e-06 5.344653e-05)
(0.001925315 6.343556e-06 4.109706e-05)
(0.001974661 6.723299e-06 3.087823e-05)
(0.002015022 6.973789e-06 2.299174e-05)
(0.002048884 7.11077e-06 1.712573e-05)
(0.00207802 7.150435e-06 1.283131e-05)
(0.00210365 7.108779e-06 9.693001e-06)
(0.00212659 7.001011e-06 7.383914e-06)
(0.002147392 6.84109e-06 5.665203e-06)
(0.002166438 6.641448e-06 4.368983e-06)
(0.002183998 6.412849e-06 3.378919e-06)
(0.002200271 6.164427e-06 2.614797e-06)
(0.002215402 5.903672e-06 2.020638e-06)
(0.002229528 5.636813e-06 1.555619e-06)
(0.002242704 5.368394e-06 1.198955e-06)
(0.001407841 -7.062887e-07 3.329276e-05)
(0.001482243 -2.055812e-06 6.635089e-05)
(0.001587716 -3.258705e-06 7.965096e-05)
(0.001693914 -4.287161e-06 7.74739e-05)
(0.001787136 -5.13829e-06 6.661487e-05)
(0.001863822 -5.819757e-06 5.344653e-05)
(0.001925315 -6.343553e-06 4.109706e-05)
(0.001974661 -6.723296e-06 3.087823e-05)
(0.002015022 -6.973785e-06 2.299174e-05)
(0.002048884 -7.110766e-06 1.712573e-05)
(0.00207802 -7.15043e-06 1.283131e-05)
(0.00210365 -7.108774e-06 9.693001e-06)
(0.00212659 -7.001005e-06 7.383914e-06)
(0.002147392 -6.841084e-06 5.665203e-06)
(0.002166438 -6.64144e-06 4.368983e-06)
(0.001407846 -2.141196e-06 3.328698e-05)
(0.001482332 -6.232222e-06 6.633052e-05)
(0.00158797 -9.87422e-06 7.961362e-05)
(0.00169438 -1.29818e-05 7.742221e-05)
(0.001787844 -1.554666e-05 6.655484e-05)
(0.001864785 -1.759349e-05 5.338457e-05)
(0.001926533 -1.916034e-05 4.103785e-05)
(0.001976122 -2.029013e-05 3.082428e-05)
(0.002016705 -2.102914e-05 2.294392e-05)
(0.002050763 -2.142611e-05 1.708393e-05)
(0.002080069 -2.153076e-05 1.279497e-05)
(0.002105839 -2.13919e-05 9.661456e-06)
(0.002128891 -2.105565e-05 7.356522e-06)
(0.002149781 -2.056419e-05 5.641422e-06)
(0.002168892 -1.995488e-05 4.348375e-06)
(0.001407857 -3.646197e-06 3.327497e-05)
(0.001482519 -1.061164e-05 6.628897e-05)
(0.001588504 -1.679586e-05 7.953647e-05)
(0.001695357 -2.205022e-05 7.731582e-05)
(0.001789323 -2.636275e-05 6.643178e-05)
(0.001866791 -2.978067e-05 5.325813e-05)
(0.001929062 -3.237493e-05 4.091773e-05)
(0.001979147 -3.422439e-05 3.071559e-05)
(0.002020183 -3.541262e-05 2.284835e-05)
(0.002054641 -3.602602e-05 1.700115e-05)
(0.002084288 -3.615132e-05 1.272378e-05)
(0.001212925 0.0001545921 2.510693e-05)
(0.001089416 0.00014293 2.8207e-05)
(0.0008876719 8.27697e-05 3.165788e-05)
(0.0007656534 4.170717e-05 2.32734e-05)
(0.000684916 2.013572e-05 1.531704e-05)
(0.0006276719 1.037842e-05 1.017394e-05)
(0.000586006 6.090009e-06 6.906156e-06)
(0.0005537632 4.13123e-06 5.052012e-06)
(0.0005279047 3.136223e-06 4.005782e-06)
(0.0005066217 2.551864e-06 3.396564e-06)
(0.0004888527 2.151974e-06 3.009078e-06)
(0.000473898 1.846739e-06 2.727993e-06)
(0.0004612489 1.598672e-06 2.495142e-06)
(0.0004505104 1.390464e-06 2.284269e-06)
(0.0004413627 1.213011e-06 2.085176e-06)
(0.0004335452 1.060395e-06 1.895771e-06)
(0.0004268391 9.287908e-07 1.715667e-06)
(0.0004210731 8.135766e-07 1.547617e-06)
(0.0004160846 7.144945e-07 1.389829e-06)
(0.0004117864 6.183856e-07 1.246632e-06)
(0.001452177 0.0002248891 2.290624e-05)
(0.001564504 0.000294711 4.191726e-05)
(0.001582022 0.0002600106 5.311607e-05)
(0.00156131 0.0001992576 5.022132e-05)
(0.001519279 0.0001449668 4.113264e-05)
(0.001467989 0.0001058484 3.14596e-05)
(0.001415087 7.950643e-05 2.310227e-05)
(0.001363952 6.196427e-05 1.684136e-05)
(0.001316474 4.994617e-05 1.252108e-05)
(0.001273453 4.131621e-05 9.657366e-06)
(0.001235078 3.479567e-05 7.770196e-06)
(0.00120119 2.965499e-05 6.494548e-06)
(0.001171454 2.547633e-05 5.587493e-06)
(0.001145459 2.200981e-05 4.900197e-06)
(0.001122776 1.909575e-05 4.346148e-06)
(0.001102996 1.662433e-05 3.87764e-06)
(0.001085737 1.451518e-05 3.467492e-06)
(0.001070671 1.270522e-05 3.103169e-06)
(0.001057475 1.114772e-05 2.773442e-06)
(0.001045948 9.784132e-06 2.47679e-06)
(0.001429695 0.0001069631 2.644303e-05)
(0.001585002 0.0002127244 5.053712e-05)
(0.001731353 0.0002524896 6.187751e-05)
(0.001829934 0.0002463236 6.150083e-05)
(0.001881139 0.00021941 5.408027e-05)
(0.001895878 0.0001881499 4.437782e-05)
(0.001886054 0.0001592382 3.475977e-05)
(0.001861179 0.0001346978 2.6534e-05)
(0.001828233 0.0001144987 2.011954e-05)
(0.001791866 9.796073e-05 1.539687e-05)
(0.001755004 8.432909e-05 1.202992e-05)
(0.001719384 7.297197e-05 9.654698e-06)
(0.001685952 6.340902e-05 7.964262e-06)
(0.001655153 5.528505e-05 6.730725e-06)
(0.001627126 4.833609e-05 5.797488e-06)
(0.001601827 4.236184e-05 5.06295e-06)
(0.00157911 3.720549e-05 4.461858e-06)
(0.001558788 3.274185e-05 3.955696e-06)
(0.001540616 2.886785e-05 3.516775e-06)
(0.001524444 2.549347e-05 3.132486e-06)
(0.001415866 7.124139e-05 2.345481e-05)
(0.001538651 0.0001652798 4.667791e-05)
(0.001698107 0.000216991 5.822181e-05)
(0.001842447 0.000236073 5.956692e-05)
(0.001953108 0.0002338755 5.415557e-05)
(0.002027436 0.000220326 4.619198e-05)
(0.002070307 0.0002018091 3.778052e-05)
(0.002088905 0.0001819892 3.009076e-05)
(0.00209023 0.0001627233 2.365266e-05)
(0.00208001 0.0001448395 1.855595e-05)
(0.002062572 0.000128623 1.466154e-05)
(0.002041027 0.0001140973 1.174447e-05)
(0.002017521 0.000101171 9.574417e-06)
(0.001993488 8.970918e-05 7.952533e-06)
(0.001969852 7.95666e-05 6.722795e-06)
(0.001947183 7.060303e-05 5.770677e-06)
(0.001925807 6.268714e-05 5.01421e-06)
(0.001905893 5.570265e-05 4.398647e-06)
(0.001887471 4.953732e-05 3.883303e-06)
(0.001870586 4.411495e-05 3.446652e-06)
(0.001409787 4.503583e-05 2.346613e-05)
(0.001508424 0.0001176246 4.675704e-05)
(0.001653044 0.0001674179 5.70125e-05)
(0.001798598 0.000196612 5.730929e-05)
(0.001925226 0.0002095752 5.150601e-05)
(0.002025489 0.0002111908 4.376644e-05)
(0.002099103 0.0002054126 3.599151e-05)
(0.002149378 0.0001951536 2.904397e-05)
(0.002180826 0.0001824418 2.323466e-05)
(0.002197808 0.0001686374 1.856279e-05)
(0.002204074 0.0001546199 1.489263e-05)
(0.00220266 0.000140938 1.204854e-05)
(0.002195926 0.0001279178 9.858865e-06)
(0.002185658 0.0001157374 8.173247e-06)
(0.002173184 0.0001044789 6.868337e-06)
(0.002159475 9.41637e-05 5.847857e-06)
(0.002145223 8.477302e-05 5.038038e-06)
(0.002130921 7.627058e-05 4.385685e-06)
(0.00211689 6.859373e-05 3.848769e-06)
(0.002103382 6.172053e-05 3.405338e-06)
(0.001407825 3.278238e-05 2.280886e-05)
(0.001493253 9.009668e-05 4.547786e-05)
(0.001623067 0.0001326634 5.507877e-05)
(0.001758616 0.0001612602 5.474127e-05)
(0.001882281 0.0001783218 4.844507e-05)
(0.00198671 0.0001865576 4.048193e-05)
(0.002070399 0.0001882751 3.28213e-05)
(0.002134958 0.0001852893 2.624859e-05)
(0.002183204 0.0001790076 2.09359e-05)
(0.002218053 0.0001705227 1.676179e-05)
(0.00224215 0.0001606766 1.351757e-05)
(0.002257771 0.0001501083 1.100064e-05)
(0.002266811 0.0001392907 9.043389e-06)
(0.002270818 0.0001285642 7.514219e-06)
(0.002271038 0.0001181638 6.311877e-06)
(0.00226847 0.0001082456 5.359345e-06)
(0.0022639 9.890321e-05 4.597561e-06)
(0.002257942 9.019264e-05 3.982864e-06)
(0.002251071 8.212303e-05 3.479358e-06)
(0.002243647 7.473384e-05 3.070615e-06)
(0.001406868 2.433447e-05 2.271631e-05)
(0.001485276 6.907859e-05 4.532388e-05)
(0.001605572 0.0001045212 5.467621e-05)
(0.001732345 0.0001303578 5.386616e-05)
(0.001849383 0.0001477759 4.702937e-05)
(0.001950192 0.0001583862 3.85899e-05)
(0.00203358 0.0001636846 3.063229e-05)
(0.002101038 0.0001648833 2.397782e-05)
(0.002154954 0.0001629455 1.876073e-05)
(0.002197638 0.0001586495 1.479232e-05)
(0.002231076 0.0001526353 1.179912e-05)
(0.002256925 0.0001454308 9.53167e-06)
(0.002276551 0.0001374675 7.796215e-06)
(0.002291091 0.0001290914 6.451426e-06)
(0.002301493 0.0001205731 5.396631e-06)
(0.002308554 0.0001121192 4.560313e-06)
(0.00231294 0.0001038802 3.89071e-06)
(0.002315205 9.596742e-05 3.350627e-06)
(0.002315822 8.844401e-05 2.909955e-06)
(0.002315133 8.138748e-05 2.55755e-06)
(0.001406504 1.89178e-05 2.26071e-05)
(0.001480988 5.443686e-05 4.512472e-05)
(0.001595142 8.362552e-05 5.444158e-05)
(0.001715615 0.0001059101 5.348723e-05)
(0.001826962 0.0001219046 4.641749e-05)
(0.001923167 0.0001326209 3.769864e-05)
(0.002003371 0.0001390808 2.948676e-05)
(0.002069265 0.000142149 2.265954e-05)
(0.002123313 0.0001425268 1.736723e-05)
(0.002167759 0.0001407855 1.340887e-05)
(0.002204409 0.0001374001 1.04857e-05)
(0.002234666 0.0001327717 8.321568e-06)
(0.002259611 0.0001272402 6.701323e-06)
(0.002280096 0.0001210922 5.469464e-06)
(0.002296815 0.0001145656 4.517744e-06)
(0.002310348 0.0001078552 3.771728e-06)
(0.00232119 0.0001011147 3.179932e-06)
(0.002329758 9.446724e-05 2.706516e-06)
(0.002336441 8.799782e-05 2.323928e-06)
(0.002341497 8.179168e-05 2.022999e-06)
(0.001406299 1.483907e-05 2.260889e-05)
(0.00147843 4.302073e-05 4.517027e-05)
(0.001588642 6.684488e-05 5.456279e-05)
(0.001704814 8.568394e-05 5.359134e-05)
(0.001811964 9.980073e-05 4.642186e-05)
(0.001904352 0.0001098094 3.754132e-05)
(0.001981312 0.0001163982 2.914632e-05)
(0.002044687 0.0001201881 2.215612e-05)
(0.002097058 0.0001217057 1.674311e-05)
(0.002140741 0.0001213921 1.271172e-05)
(0.002177556 0.0001196194 9.757943e-06)
(0.002208864 0.0001167037 7.59547e-06)
(0.002235658 0.0001129151 5.998305e-06)
(0.002258674 0.000108484 4.801699e-06)
(0.002278474 0.0001036055 3.890644e-06)
(0.002295502 9.844336e-05 3.186251e-06)
(0.00231013 9.313223e-05 2.63471e-06)
(0.002322662 8.778299e-05 2.198845e-06)
(0.002333392 8.247997e-05 1.8513e-06)
(0.002342495 7.729785e-05 1.5821e-06)
(0.001406198 1.173962e-05 2.261523e-05)
(0.001476859 3.413948e-05 4.521876e-05)
(0.001584433 5.342671e-05 5.470414e-05)
(0.001697598 6.905151e-05 5.377841e-05)
(0.001801697 8.111482e-05 4.659863e-05)
(0.00189118 8.999518e-05 3.765549e-05)
(0.0019655 9.615389e-05 2.916569e-05)
(0.002026584 0.0001000302 2.207455e-05)
(0.002077084 0.0001020142 1.657143e-05)
(0.002119372 0.0001024454 1.246878e-05)
(0.002155307 0.000101618 9.464214e-06)
(0.002186265 9.978712e-05 7.269404e-06)
(0.002213231 9.717238e-05 5.654764e-06)
(0.00223691 9.396238e-05 4.451706e-06)
(0.002257821 9.031761e-05 3.541861e-06)
(0.00227635 8.637357e-05 2.843631e-06)
(0.002292805 8.224302e-05 2.301367e-06)
(0.002307426 7.801923e-05 1.876397e-06)
(0.002320445 7.377695e-05 1.54094e-06)
(0.00233198 6.957594e-05 1.283226e-06)
(0.001406132 9.218941e-06 2.263795e-05)
(0.001475826 2.685216e-05 4.53004e-05)
(0.00158161 4.224033e-05 5.487894e-05)
(0.001692663 5.493822e-05 5.401328e-05)
(0.00179455 6.496676e-05 4.68512e-05)
(0.001881863 7.255692e-05 3.788469e-05)
(0.001954147 7.80136e-05 2.934309e-05)
(0.002013388 8.164111e-05 2.218915e-05)
(0.00206228 8.372153e-05 1.662422e-05)
(0.00210323 8.451006e-05 1.246707e-05)
(0.00213812 8.423576e-05 9.417604e-06)
(0.002168338 8.310225e-05 7.187431e-06)
(0.002194876 8.128839e-05 5.545867e-06)
(0.002218436 7.894949e-05 4.322872e-06)
(0.002239522 7.621864e-05 3.39868e-06)
(0.002258502 7.320856e-05 2.690436e-06)
(0.002275659 7.001345e-05 2.141547e-06)
(0.002291203 6.671086e-05 1.712417e-06)
(0.002305335 6.336457e-05 1.374957e-06)
(0.002318143 6.002208e-05 1.115767e-06)
(0.001406092 7.115793e-06 2.265725e-05)
(0.001475138 2.07402e-05 4.536796e-05)
(0.001579688 3.273882e-05 5.502188e-05)
(0.001689243 4.27713e-05 5.421271e-05)
(0.001789525 5.082747e-05 4.707804e-05)
(0.001875229 5.704988e-05 3.810879e-05)
(0.001945973 6.163929e-05 2.954206e-05)
(0.00200379 6.480322e-05 2.235228e-05)
(0.00205141 6.674066e-05 1.674917e-05)
(0.002091258 6.763785e-05 1.255621e-05)
(0.002125229 6.766724e-05 9.475218e-06)
(0.002154719 6.698631e-05 7.218154e-06)
(0.00218072 6.573641e-05 5.553986e-06)
(0.002203932 6.404224e-05 4.3121e-06)
(0.002224853 6.201196e-05 3.372164e-06)
(0.002243843 5.973781e-05 2.650809e-06)
(0.002261175 5.729731e-05 2.091054e-06)
(0.002277047 5.475417e-05 1.652867e-06)
(0.002291642 5.216145e-05 1.308066e-06)
(0.002305041 4.955745e-05 1.042134e-06)
(0.001406064 5.289825e-06 2.267474e-05)
(0.001474671 1.542377e-05 4.542645e-05)
(0.001578374 2.44061e-05 5.513907e-05)
(0.00168688 3.198957e-05 5.437617e-05)
(0.001786016 3.815465e-05 4.726692e-05)
(0.001870551 4.298844e-05 3.830096e-05)
(0.001940158 4.662059e-05 2.972077e-05)
(0.00199691 4.918875e-05 2.250888e-05)
(0.002043564 5.082858e-05 1.688106e-05)
(0.002082562 5.167077e-05 1.266426e-05)
(0.002115807 5.183958e-05 9.561756e-06)
(0.002144698 5.145119e-05 7.28583e-06)
(0.002170226 5.061197e-05 5.605257e-06)
(0.002193086 4.941731e-05 4.349078e-06)
(0.002213771 4.795095e-05 3.396628e-06)
(0.002232636 4.628497e-05 2.664256e-06)
(0.002249945 4.448044e-05 2.094781e-06)
(0.00226589 4.258765e-05 1.647954e-06)
(0.002280646 4.064882e-05 1.295579e-06)
(0.00229429 3.869436e-05 1.022435e-06)
(0.001406046 3.656923e-06 2.268734e-05)
(0.001474363 1.066447e-05 4.546866e-05)
(0.001577501 1.690212e-05 5.52225e-05)
(0.001685296 2.220336e-05 5.449363e-05)
(0.001783643 2.655015e-05 4.740451e-05)
(0.001867364 2.999416e-05 3.844346e-05)
(0.00193617 3.261558e-05 2.985644e-05)
(0.001992164 3.450111e-05 2.26314e-05)
(0.002038124 3.573792e-05 1.698818e-05)
(0.002076506 3.641184e-05 1.275621e-05)
(0.00210922 3.66062e-05 9.639847e-06)
(0.002137666 3.640035e-05 7.351636e-06)
(0.002162833 3.58681e-05 5.660251e-06)
(0.002185413 3.507648e-05 4.394511e-06)
(0.002205893 3.4085e-05 3.433529e-06)
(0.002224622 3.294532e-05 2.693472e-06)
(0.002241859 3.170152e-05 2.117028e-06)
(0.002257791 3.039009e-05 1.663819e-06)
(0.002272588 2.90418e-05 1.305647e-06)
(0.002286323 2.767905e-05 1.026868e-06)
(0.001406035 2.147515e-06 2.269576e-05)
(0.001474175 6.263364e-06 4.54969e-05)
(0.001576965 9.936623e-06 5.527695e-05)
(0.00168432 1.307167e-05 5.457031e-05)
(0.001782174 1.565646e-05 4.749474e-05)
(0.001865379 1.771822e-05 3.853755e-05)
(0.001933674 1.930049e-05 2.994696e-05)
(0.001989182 2.045092e-05 2.27142e-05)
(0.002034693 2.1218e-05 1.706172e-05)
(0.002072675 2.165026e-05 1.282052e-05)
(0.002105042 2.179551e-05 9.695698e-06)
(0.002133196 2.169983e-05 7.399986e-06)
(0.002158123 2.140658e-05 5.702005e-06)
(0.002180513 2.095547e-05 4.430435e-06)
(0.002200851 2.038204e-05 3.464245e-06)
(0.002219479 1.971733e-05 2.719474e-06)
(0.002236653 1.898799e-05 2.13872e-06)
(0.002252557 1.821614e-05 1.681521e-06)
(0.002267356 1.742052e-05 1.319667e-06)
(0.002281122 1.661493e-05 1.037268e-06)
(0.00140603 7.083634e-07 2.269981e-05)
(0.001474085 2.066085e-06 4.551077e-05)
(0.00157671 3.279244e-06 5.530325e-05)
(0.001683855 4.316745e-06 5.460751e-05)
(0.00178147 5.174411e-06 4.753871e-05)
(0.001864426 5.860738e-06 3.858362e-05)
(0.001932473 6.389541e-06 2.999155e-05)
(0.001987742 6.776002e-06 2.275528e-05)
(0.002033034 7.035679e-06 1.709849e-05)
(0.002070818 7.184263e-06 1.285298e-05)
(0.002103014 7.237322e-06 9.724179e-06)
(0.002131023 7.209964e-06 7.424939e-06)
(0.002155831 7.116471e-06 5.723859e-06)
(0.002178127 6.969997e-06 4.449553e-06)
(0.002198392 6.782349e-06 3.480919e-06)
(0.002216968 6.563878e-06 2.733938e-06)
(0.002234109 6.323489e-06 2.151157e-06)
(0.002249994 6.068605e-06 1.692074e-06)
(0.002264789 5.805513e-06 1.328469e-06)
(0.002278564 5.538874e-06 1.044339e-06)
(0.00140603 -7.083629e-07 2.269981e-05)
(0.001474085 -2.066084e-06 4.551077e-05)
(0.00157671 -3.279243e-06 5.530325e-05)
(0.001683855 -4.316743e-06 5.460751e-05)
(0.00178147 -5.174409e-06 4.753871e-05)
(0.001864426 -5.860736e-06 3.858362e-05)
(0.001932473 -6.389538e-06 2.999155e-05)
(0.001987742 -6.775999e-06 2.275528e-05)
(0.002033034 -7.035676e-06 1.709849e-05)
(0.002070818 -7.184259e-06 1.285298e-05)
(0.002103014 -7.237318e-06 9.724179e-06)
(0.002131023 -7.209959e-06 7.424939e-06)
(0.002155831 -7.116466e-06 5.723859e-06)
(0.002178127 -6.96999e-06 4.449553e-06)
(0.002198392 -6.782342e-06 3.480919e-06)
(0.001406035 -2.147514e-06 2.269576e-05)
(0.001474175 -6.263363e-06 4.54969e-05)
(0.001576965 -9.936621e-06 5.527695e-05)
(0.00168432 -1.307167e-05 5.457031e-05)
(0.001782174 -1.565646e-05 4.749474e-05)
(0.001865379 -1.771821e-05 3.853755e-05)
(0.001933674 -1.930049e-05 2.994696e-05)
(0.001989182 -2.045092e-05 2.27142e-05)
(0.002034693 -2.1218e-05 1.706172e-05)
(0.002072675 -2.165026e-05 1.282052e-05)
(0.002105042 -2.17955e-05 9.695698e-06)
(0.002133196 -2.169983e-05 7.399985e-06)
(0.002158123 -2.140657e-05 5.702005e-06)
(0.002180513 -2.095546e-05 4.430435e-06)
(0.002200851 -2.038203e-05 3.464245e-06)
(0.001406046 -3.656922e-06 2.268734e-05)
(0.001474363 -1.066447e-05 4.546866e-05)
(0.001577501 -1.690212e-05 5.52225e-05)
(0.001685296 -2.220336e-05 5.449363e-05)
(0.001783643 -2.655015e-05 4.740451e-05)
(0.001867364 -2.999416e-05 3.844346e-05)
(0.00193617 -3.261558e-05 2.985644e-05)
(0.001992164 -3.450111e-05 2.26314e-05)
(0.002038124 -3.573792e-05 1.698818e-05)
(0.002076506 -3.641183e-05 1.275621e-05)
(0.00210922 -3.66062e-05 9.639847e-06)
(0.001210857 0.0001535666 1.894603e-05)
(0.001084508 0.0001423143 1.446007e-05)
(0.0008841264 8.203696e-05 2.005405e-05)
(0.0007625526 4.116009e-05 1.430462e-05)
(0.0006837616 1.976591e-05 8.96133e-06)
(0.0006282198 1.01384e-05 5.887041e-06)
(0.0005877348 5.940957e-06 3.942338e-06)
(0.0005562808 4.044267e-06 2.900155e-06)
(0.0005308908 3.094496e-06 2.347063e-06)
(0.0005098642 2.541717e-06 2.038428e-06)
(0.0004922208 2.162829e-06 1.84179e-06)
(0.0004773152 1.870813e-06 1.691548e-06)
(0.0004646731 1.630464e-06 1.557665e-06)
(0.0004539195 1.426201e-06 1.428882e-06)
(0.0004447463 1.250176e-06 1.302458e-06)
(0.000436899 1.097368e-06 1.179827e-06)
(0.0004301623 9.645404e-07 1.061887e-06)
(0.0004243665 8.475087e-07 9.523666e-07)
(0.00041935 7.462064e-07 8.486788e-07)
(0.000415026 6.476913e-07 7.572905e-07)
(0.001450776 0.0002240915 1.2207e-05)
(0.001559824 0.0002946509 2.034054e-05)
(0.001576184 0.0002590289 2.978169e-05)
(0.001555486 0.0001980508 2.909002e-05)
(0.001515884 0.00014379 2.398124e-05)
(0.001467998 0.0001049064 1.852256e-05)
(0.001418306 7.889784e-05 1.369982e-05)
(0.001369722 6.166865e-05 1.0065e-05)
(0.001324022 4.990364e-05 7.567438e-06)
(0.001282127 4.145844e-05 5.921877e-06)
(0.001244406 3.506192e-05 4.839648e-06)
(0.001210864 2.999716e-05 4.102587e-06)
(0.001181284 2.58589e-05 3.567844e-06)
(0.001155331 2.240775e-05 3.150379e-06)
(0.001132626 1.949217e-05 2.802713e-06)
(0.00111279 1.700831e-05 2.500537e-06)
(0.001095459 1.488006e-05 2.230187e-06)
(0.001080313 1.304729e-05 1.98773e-06)
(0.001067038 1.14652e-05 1.765433e-06)
(0.001055433 1.007679e-05 1.567706e-06)
(0.00142832 0.0001071435 1.716071e-05)
(0.001579572 0.0002130857 3.000782e-05)
(0.001724103 0.0002519425 3.68438e-05)
(0.001822616 0.0002453007 3.684637e-05)
(0.001876055 0.0002182016 3.24123e-05)
(0.001894544 0.000187072 2.667454e-05)
(0.001888859 0.0001585328 2.096424e-05)
(0.001867752 0.0001344412 1.605946e-05)
(0.001837815 0.0001146571 1.223604e-05)
(0.001803632 9.844792e-05 9.429533e-06)
(0.001768241 8.504752e-05 7.435553e-06)
(0.001733552 7.383468e-05 6.03105e-06)
(0.001700671 6.434748e-05 5.028341e-06)
(0.00167017 5.624909e-05 4.289327e-06)
(0.001642276 4.929096e-05 3.720661e-06)
(0.001617011 4.328463e-05 3.263621e-06)
(0.001594264 3.8082e-05 2.881023e-06)
(0.001573876 3.356407e-05 2.553267e-06)
(0.001555619 2.963203e-05 2.263372e-06)
(0.001539353 2.619919e-05 2.009637e-06)
(0.001414572 7.083326e-05 1.374043e-05)
(0.00153331 0.0001648909 2.611685e-05)
(0.001690887 0.0002164037 3.323101e-05)
(0.001835125 0.0002353515 3.481276e-05)
(0.001947774 0.0002330997 3.201858e-05)
(0.002025641 0.0002196694 2.758522e-05)
(0.002072671 0.0002014668 2.277549e-05)
(0.00209535 0.0001820706 1.828776e-05)
(0.002100237 0.0001632425 1.448503e-05)
(0.002092872 0.0001457418 1.145496e-05)
(0.002077582 0.0001298193 9.130475e-06)
(0.002057573 0.0001154921 7.383829e-06)
(0.00203512 0.0001026792 6.079226e-06)
(0.002011779 9.126218e-05 5.097595e-06)
(0.001988577 8.111342e-05 4.34531e-06)
(0.001966162 7.210781e-05 3.754477e-06)
(0.001944915 6.412622e-05 3.276682e-06)
(0.001925047 5.706151e-05 2.881406e-06)
(0.001906617 5.080824e-05 2.543791e-06)
(0.001889688 4.529548e-05 2.255825e-06)
(0.001408581 4.499789e-05 1.394626e-05)
(0.001503068 0.0001177322 2.685788e-05)
(0.001645676 0.0001674581 3.290423e-05)
(0.001791229 0.0001965633 3.361319e-05)
(0.001919911 0.0002094878 3.047846e-05)
(0.002023665 0.0002111684 2.612928e-05)
(0.002101334 0.0002055959 2.169877e-05)
(0.002155634 0.0001956535 1.76748e-05)
(0.002190714 0.0001833083 1.426893e-05)
(0.002210764 0.0001698595 1.150661e-05)
(0.002219497 0.0001561439 9.321414e-06)
(0.002219995 0.0001426885 7.617274e-06)
(0.002214698 0.0001298156 6.296735e-06)
(0.002205484 0.0001177109 5.272295e-06)
(0.002193765 0.0001064687 4.471274e-06)
(0.002180582 9.612394e-05 3.837044e-06)
(0.002166686 8.667062e-05 3.326093e-06)
(0.002152614 7.80829e-05 2.908095e-06)
(0.002138722 7.030665e-05 2.557698e-06)
(0.002125288 6.332684e-05 2.264968e-06)
(0.001406623 3.271095e-05 1.330975e-05)
(0.001487875 9.010252e-05 2.573838e-05)
(0.001615658 0.0001327665 3.131627e-05)
(0.001751291 0.0001614426 3.165891e-05)
(0.001877109 0.0001785811 2.830257e-05)
(0.001985061 0.000186921 2.389076e-05)
(0.002072743 0.0001888093 1.959521e-05)
(0.002141205 0.0001860668 1.585646e-05)
(0.00219297 0.0001800764 1.279915e-05)
(0.002230833 0.0001718937 1.037497e-05)
(0.002257431 0.0001623256 8.47379e-06)
(0.00227508 0.0001519865 6.984648e-06)
(0.002285735 0.0001413372 5.814724e-06)
(0.002291007 0.0001307161 4.890183e-06)
(0.002292208 0.0001203638 4.153678e-06)
(0.00229039 0.0001104446 3.561543e-06)
(0.002286385 0.0001010626 3.080161e-06)
(0.002280847 9.228315e-05 2.685007e-06)
(0.002274285 8.412404e-05 2.355455e-06)
(0.00226708 7.663206e-05 2.083254e-06)
(0.001405683 2.433553e-05 1.325113e-05)
(0.001479899 6.91979e-05 2.567193e-05)
(0.001598123 0.0001047857 3.107207e-05)
(0.001725003 0.0001307342 3.106953e-05)
(0.001844276 0.0001482455 2.735527e-05)
(0.001948676 0.0001589526 2.264209e-05)
(0.002036065 0.0001643825 1.816606e-05)
(0.002107363 0.0001657623 1.438738e-05)
(0.002164687 0.0001640478 1.140332e-05)
(0.002210269 0.0001599961 9.121036e-06)
(0.002246121 0.0001542221 7.388512e-06)
(0.002273959 0.0001472319 6.064675e-06)
(0.002295216 0.0001394421 5.040201e-06)
(0.002311085 0.0001311914 4.235462e-06)
(0.002322566 0.0001227498 3.594021e-06)
(0.0023305 0.0001143273 3.076124e-06)
(0.002335588 0.0001060806 2.653319e-06)
(0.002338413 9.812801e-05 2.305081e-06)
(0.002339475 9.054005e-05 2.015381e-06)
(0.002339137 8.340065e-05 1.777811e-06)
(0.001405319 1.892472e-05 1.31424e-05)
(0.001475604 5.454472e-05 2.545446e-05)
(0.001587673 8.388334e-05 3.081965e-05)
(0.00170827 0.0001062962 3.0713e-05)
(0.001821908 0.0001223952 2.686002e-05)
(0.001921766 0.0001332062 2.198905e-05)
(0.002006001 0.0001397753 1.737174e-05)
(0.002075716 0.0001429847 1.350207e-05)
(0.002133103 0.0001435367 1.048623e-05)
(0.002180349 0.0001419917 8.223209e-06)
(0.002219308 0.0001388082 6.545208e-06)
(0.002251463 0.0001343703 5.294558e-06)
(0.002277974 0.0001290044 4.348701e-06)
(0.002299759 0.0001229882 3.619393e-06)
(0.002317561 0.0001165556 3.045804e-06)
(0.002331998 0.0001099011 2.586637e-06)
(0.002343595 0.0001031815 2.214044e-06)
(0.002352794 9.652403e-05 1.908326e-06)
(0.002360004 9.001896e-05 1.655815e-06)
(0.002365497 8.375646e-05 1.450377e-06)
(0.001405115 1.485754e-05 1.313882e-05)
(0.001473045 4.31364e-05 2.545989e-05)
(0.001581162 6.70978e-05 3.087333e-05)
(0.001697465 8.605472e-05 3.074431e-05)
(0.001806944 0.0001002637 2.682449e-05)
(0.001903036 0.0001103501 2.185467e-05)
(0.001984067 0.0001170227 1.712677e-05)
(0.002051269 0.000120919 1.316008e-05)
(0.00210695 0.0001225703 1.007392e-05)
(0.002153372 0.0001224119 7.770091e-06)
(0.002192415 0.0001208045 6.07729e-06)
(0.002225536 0.0001180516 4.831375e-06)
(0.002253818 0.0001144118 3.902956e-06)
(0.00227807 0.0001101068 3.198018e-06)
(0.002298908 0.0001053267 2.651595e-06)
(0.002316817 0.0001002333 2.219679e-06)
(0.002332197 9.496169e-05 1.873158e-06)
(0.002345374 8.962485e-05 1.591438e-06)
(0.002356659 8.431052e-05 1.361389e-06)
(0.002366237 7.90967e-05 1.175868e-06)
(0.001405014 1.175716e-05 1.313407e-05)
(0.001471471 3.423843e-05 2.545709e-05)
(0.001576945 5.364129e-05 3.092752e-05)
(0.001690246 6.936786e-05 3.082275e-05)
(0.001796704 8.150959e-05 2.689778e-05)
(0.001889932 9.045291e-05 2.189487e-05)
(0.001968359 9.66761e-05 1.711428e-05)
(0.002033289 0.0001006332 1.309067e-05)
(0.002087091 0.00010272 9.953522e-06)
(0.002132086 0.0001032732 7.609416e-06)
(0.002170198 0.0001025796 5.888102e-06)
(0.002202906 0.0001008842 4.624299e-06)
(0.002231293 9.839766e-05 3.686525e-06)
(0.002256145 9.530099e-05 2.97852e-06)
(0.00227804 9.174969e-05 2.43338e-06)
(0.002297406 8.787659e-05 2.00552e-06)
(0.002314583 8.379379e-05 1.664834e-06)
(0.002329831 7.959536e-05 1.389802e-06)
(0.002343399 7.535803e-05 1.167221e-06)
(0.002355415 7.114369e-05 9.88696e-07)
(0.001404948 9.235392e-06 1.314616e-05)
(0.001470436 2.693674e-05 2.5493e-05)
(0.001574117 4.241904e-05 3.102295e-05)
(0.00168531 5.520014e-05 3.095386e-05)
(0.001789578 6.529144e-05 2.704047e-05)
(0.001880667 7.292979e-05 2.202624e-05)
(0.001957089 7.843407e-05 1.721693e-05)
(0.002020195 8.212133e-05 1.315749e-05)
(0.002072393 8.427941e-05 9.984661e-06)
(0.002116035 8.516253e-05 7.608778e-06)
(0.002153072 8.499427e-05 5.860997e-06)
(0.002184999 8.397081e-05 4.57606e-06)
(0.002212912 8.226361e-05 3.621887e-06)
(0.002237595 8.002175e-05 2.901419e-06)
(0.002259618 7.737383e-05 2.347004e-06)
(0.002279393 7.442985e-05 1.912375e-06)
(0.002297235 7.128291e-05 1.56695e-06)
(0.002313378 6.801063e-05 1.288683e-06)
(0.002328038 6.467793e-05 1.064241e-06)
(0.002341315 6.133364e-05 8.842963e-07)
(0.001404907 7.129085e-06 1.315591e-05)
(0.001469745 2.080714e-05 2.552218e-05)
(0.001572191 3.287909e-05 3.109926e-05)
(0.001681889 4.29769e-05 3.106478e-05)
(0.001784567 5.108174e-05 2.716982e-05)
(0.001874072 5.734028e-05 2.215722e-05)
(0.001948978 6.196435e-05 1.733582e-05)
(0.002010679 6.51719e-05 1.325734e-05)
(0.002061611 6.716716e-05 1.006348e-05)
(0.002104145 6.813628e-05 7.66739e-06)
(0.002140247 6.824787e-05 5.901405e-06)
(0.00217142 6.765381e-05 4.600535e-06)
(0.002198764 6.648963e-05 3.632569e-06)
(0.002223064 6.487501e-05 2.900193e-06)
(0.002244886 6.291433e-05 2.33552e-06)
(0.002264638 6.069738e-05 1.892067e-06)
(0.002282624 5.830048e-05 1.539104e-06)
(0.002299067 5.578711e-05 1.254401e-06)
(0.002314169 5.321093e-05 1.02458e-06)
(0.002328019 5.061113e-05 8.39787e-07)
(0.001404879 5.300115e-06 1.316594e-05)
(0.001469277 1.547469e-05 2.55514e-05)
(0.001570874 2.451172e-05 3.116542e-05)
(0.001679526 3.214406e-05 3.115976e-05)
(0.001781069 3.834507e-05 2.728178e-05)
(0.001869421 4.320475e-05 2.227351e-05)
(0.00194321 4.686112e-05 1.744616e-05)
(0.00200386 4.945998e-05 1.335615e-05)
(0.002053833 5.114132e-05 1.014877e-05)
(0.002095516 5.203612e-05 7.739252e-06)
(0.002130882 5.226606e-05 5.960841e-06)
(0.002161441 5.194322e-05 4.64876e-06)
(0.00218829 5.11696e-05 3.670724e-06)
(0.002212215 5.003668e-05 2.92927e-06)
(0.002233777 4.862521e-05 2.356379e-06)
(0.002253378 4.700524e-05 1.905471e-06)
(0.002271317 4.523677e-05 1.545756e-06)
(0.002287812 4.336975e-05 1.254948e-06)
(0.002303056 4.144669e-05 1.019652e-06)
(0.002317135 3.949858e-05 8.29738e-07)
(0.00140486 3.66408e-06 1.317307e-05)
(0.001468968 1.069987e-05 2.557258e-05)
(0.001569999 1.697519e-05 3.121217e-05)
(0.001677942 2.231022e-05 3.122779e-05)
(0.001778704 2.668165e-05 2.736329e-05)
(0.001866254 3.014302e-05 2.23598e-05)
(0.001939255 3.27804e-05 1.753007e-05)
(0.001999158 3.468626e-05 1.343361e-05)
(0.002048443 3.595098e-05 1.021811e-05)
(0.00208951 3.66608e-05 7.800282e-06)
(0.002124339 3.68974e-05 6.01404e-06)
(0.002154443 3.673732e-05 4.694781e-06)
(0.002180918 3.625132e-05 3.710187e-06)
(0.002204548 3.550368e-05 2.962703e-06)
(0.002225887 3.455173e-05 2.384225e-06)
(0.002245335 3.344561e-05 1.928119e-06)
(0.002263187 3.222857e-05 1.563555e-06)
(0.002279654 3.093678e-05 1.268234e-06)
(0.002294925 2.960114e-05 1.028747e-06)
(0.002309083 2.82444e-05 8.348294e-07)
(0.001404849 2.151745e-06 1.317799e-05)
(0.001468779 6.284305e-06 2.558739e-05)
(0.001569462 9.979589e-06 3.124319e-05)
(0.001676966 1.313446e-05 3.12728e-05)
(0.001777239 1.573363e-05 2.741741e-05)
(0.001864282 1.780534e-05 2.241738e-05)
(0.00193678 1.939666e-05 1.758658e-05)
(0.001996204 2.055864e-05 1.348639e-05)
(0.002045044 2.134178e-05 1.026601e-05)
(0.002085711 2.179492e-05 7.843144e-06)
(0.002120191 2.196493e-05 6.052128e-06)
(0.002149996 2.189629e-05 4.72849e-06)
(0.002176224 2.163054e-05 3.739898e-06)
(0.002199654 2.120575e-05 2.988736e-06)
(0.002220841 2.065614e-05 2.406841e-06)
(0.002240178 2.001182e-05 1.947536e-06)
(0.002257957 1.92989e-05 1.579961e-06)
(0.002274386 1.853929e-05 1.281806e-06)
(0.00228965 1.775178e-05 1.039643e-06)
(0.002303831 1.695034e-05 8.431415e-07)
(0.001404844 7.097501e-07 1.318032e-05)
(0.001468689 2.072996e-06 2.559473e-05)
(0.001569207 3.29338e-06 3.125805e-05)
(0.0016765 4.337411e-06 3.129451e-05)
(0.001776537 5.199802e-06 2.74437e-05)
(0.001863335 5.889373e-06 2.244549e-05)
(0.001935589 6.421106e-06 1.761435e-05)
(0.001994778 6.811324e-06 1.351253e-05)
(0.0020434 7.076247e-06 1.028994e-05)
(0.002083871 7.231685e-06 7.86474e-06)
(0.002118177 7.292909e-06 6.071509e-06)
(0.002147835 7.274494e-06 4.745834e-06)
(0.00217394 7.190129e-06 3.755379e-06)
(0.002197272 7.052417e-06 3.002501e-06)
(0.002218381 6.872725e-06 2.41901e-06)
(0.002237661 6.661091e-06 1.958207e-06)
(0.002255401 6.426236e-06 1.589215e-06)
(0.002271808 6.175504e-06 1.28972e-06)
(0.002287063 5.915196e-06 1.046282e-06)
(0.002301249 5.65003e-06 8.485398e-07)
(0.001404844 -7.097495e-07 1.318032e-05)
(0.001468689 -2.072995e-06 2.559473e-05)
(0.001569207 -3.293378e-06 3.125805e-05)
(0.0016765 -4.337409e-06 3.129451e-05)
(0.001776537 -5.1998e-06 2.74437e-05)
(0.001863335 -5.889371e-06 2.244549e-05)
(0.001935589 -6.421103e-06 1.761435e-05)
(0.001994778 -6.811321e-06 1.351253e-05)
(0.0020434 -7.076243e-06 1.028994e-05)
(0.002083871 -7.231681e-06 7.86474e-06)
(0.002118177 -7.292904e-06 6.071509e-06)
(0.002147835 -7.274489e-06 4.745834e-06)
(0.00217394 -7.190123e-06 3.755379e-06)
(0.002197272 -7.05241e-06 3.002501e-06)
(0.002218381 -6.872718e-06 2.41901e-06)
(0.001404849 -2.151744e-06 1.317799e-05)
(0.001468779 -6.284304e-06 2.558739e-05)
(0.001569462 -9.979588e-06 3.124319e-05)
(0.001676966 -1.313446e-05 3.12728e-05)
(0.001777239 -1.573363e-05 2.741741e-05)
(0.001864282 -1.780534e-05 2.241738e-05)
(0.00193678 -1.939665e-05 1.758658e-05)
(0.001996204 -2.055864e-05 1.348639e-05)
(0.002045044 -2.134178e-05 1.026601e-05)
(0.002085711 -2.179492e-05 7.843144e-06)
(0.002120191 -2.196493e-05 6.052128e-06)
(0.002149996 -2.189628e-05 4.72849e-06)
(0.002176224 -2.163053e-05 3.739898e-06)
(0.002199654 -2.120574e-05 2.988736e-06)
(0.002220841 -2.065613e-05 2.406841e-06)
(0.00140486 -3.66408e-06 1.317307e-05)
(0.001468968 -1.069987e-05 2.557258e-05)
(0.001569999 -1.697519e-05 3.121217e-05)
(0.001677942 -2.231022e-05 3.122779e-05)
(0.001778704 -2.668165e-05 2.736329e-05)
(0.001866254 -3.014302e-05 2.23598e-05)
(0.001939255 -3.27804e-05 1.753007e-05)
(0.001999158 -3.468626e-05 1.343361e-05)
(0.002048443 -3.595097e-05 1.021811e-05)
(0.00208951 -3.66608e-05 7.800282e-06)
(0.002124339 -3.689739e-05 6.01404e-06)
(0.001208764 0.0001519638 1.422508e-05)
(0.001080572 0.0001416617 5.923336e-07)
(0.0008824054 8.134988e-05 8.63765e-06)
(0.0007605069 4.072412e-05 5.296091e-06)
(0.0006828256 1.953515e-05 2.438385e-06)
(0.0006282081 1.001876e-05 1.461374e-06)
(0.0005883003 5.883553e-06 8.767069e-07)
(0.0005572403 4.020287e-06 6.734885e-07)
(0.0005320825 3.09183e-06 6.306942e-07)
(0.0005111842 2.55243e-06 6.312626e-07)
(0.0004936066 2.181474e-06 6.289632e-07)
(0.0004787313 1.893747e-06 6.108151e-07)
(0.0004661002 1.655292e-06 5.765687e-07)
(0.0004553474 1.451375e-06 5.307516e-07)
(0.0004461698 1.274736e-06 4.783521e-07)
(0.0004383158 1.120761e-06 4.243347e-07)
(0.0004315715 9.864516e-07 3.707588e-07)
(0.0004257676 8.678229e-07 3.222374e-07)
(0.0004207436 7.64816e-07 2.751086e-07)
(0.0004164124 6.646272e-07 2.38243e-07)
(0.001449889 0.0002229574 1.659359e-06)
(0.00155758 0.0002948393 -1.149347e-06)
(0.00157366 0.0002583996 6.581708e-06)
(0.001552321 0.00019737 7.805726e-06)
(0.001513621 0.0001431613 6.414555e-06)
(0.001467279 0.0001043974 5.090038e-06)
(0.001419082 7.856412e-05 3.838435e-06)
(0.001371726 6.149527e-05 2.915438e-06)
(0.001326903 4.985984e-05 2.329907e-06)
(0.001285575 4.150983e-05 1.973345e-06)
(0.001248196 3.517753e-05 1.744789e-06)
(0.001214848 3.015233e-05 1.577699e-06)
(0.001185368 2.603543e-05 1.435314e-06)
(0.001159461 2.259285e-05 1.301058e-06)
(0.00113677 1.967722e-05 1.169492e-06)
(0.00111693 1.718779e-05 1.041435e-06)
(0.001099584 1.505062e-05 9.176315e-07)
(0.00108442 1.32071e-05 8.032486e-07)
(0.001071123 1.161332e-05 6.940146e-07)
(0.001059496 1.021332e-05 6.007765e-07)
(0.001427356 0.0001074849 8.704785e-06)
(0.001576356 0.0002137996 1.010541e-05)
(0.001720152 0.0002517694 1.202447e-05)
(0.001818385 0.0002447992 1.200335e-05)
(0.001872655 0.0002175611 1.019884e-05)
(0.001892813 0.0001864506 8.243387e-06)
(0.001889045 0.0001580802 6.422271e-06)
(0.001869734 0.0001342091 4.920643e-06)
(0.001841267 0.0001146367 3.810099e-06)
(0.001808172 9.860086e-05 3.039637e-06)
(0.001773532 8.532643e-05 2.516785e-06)
(0.001739332 7.419548e-05 2.155781e-06)
(0.001706756 6.475458e-05 1.892108e-06)
(0.001676436 5.6676e-05 1.683262e-06)
(0.001648643 4.971908e-05 1.504288e-06)
(0.001623426 4.370156e-05 1.343118e-06)
(0.001600697 3.847994e-05 1.193102e-06)
(0.001580305 3.393845e-05 1.055171e-06)
(0.001562033 2.99806e-05 9.237258e-07)
(0.001545745 2.652154e-05 8.090348e-07)
(0.001413744 7.03562e-05 4.682752e-06)
(0.001530309 0.0001645203 6.073161e-06)
(0.001687055 0.0002159184 8.386479e-06)
(0.001831014 0.0002348496 9.820814e-06)
(0.001944316 0.0002326035 9.289725e-06)
(0.002023674 0.0002192318 8.183182e-06)
(0.002072559 0.0002011795 6.926758e-06)
(0.002097121 0.0001819884 5.699042e-06)
(0.002103697 0.0001633769 4.643861e-06)
(0.002097716 0.0001460709 3.806241e-06)
(0.002083486 0.0001303026 3.166381e-06)
(0.002064252 0.0001160839 2.68366e-06)
(0.002042346 0.0001033371 2.315963e-06)
(0.002019378 9.195171e-05 2.027353e-06)
(0.001996424 8.180812e-05 1.791028e-06)
(0.001974168 7.278882e-05 1.589753e-06)
(0.00195302 6.478089e-05 1.411794e-06)
(0.001933207 5.768179e-05 1.253156e-06)
(0.001914804 5.138977e-05 1.106123e-06)
(0.001897882 4.583639e-05 9.775576e-07)
(0.001407882 4.497665e-05 5.072033e-06)
(0.001500146 0.0001178765 7.493263e-06)
(0.001641748 0.0001675124 8.958642e-06)
(0.001787077 0.0001965269 9.683466e-06)
(0.001916463 0.0002094097 8.8707e-06)
(0.002021689 0.000211097 7.715594e-06)
(0.002101157 0.0002056021 6.578367e-06)
(0.002157293 0.000195797 5.524399e-06)
(0.002194071 0.0001836197 4.61919e-06)
(0.00221558 0.0001703408 3.88e-06)
(0.002225506 0.0001567745 3.288085e-06)
(0.002226942 0.0001434357 2.816706e-06)
(0.002222364 0.0001306428 2.439983e-06)
(0.002213688 0.0001185836 2.134596e-06)
(0.002202365 0.0001073578 1.88142e-06)
(0.002189469 9.700648e-05 1.666616e-06)
(0.002175778 8.752968e-05 1.479667e-06)
(0.002161849 7.890655e-05 1.315325e-06)
(0.002148055 7.108749e-05 1.166449e-06)
(0.002134684 6.406039e-05 1.036298e-06)
(0.001405934 3.263444e-05 4.461375e-06)
(0.001484976 9.00648e-05 6.551164e-06)
(0.001611747 0.0001327739 7.743842e-06)
(0.001747209 0.0001614889 8.367316e-06)
(0.001873785 0.0001786717 7.612183e-06)
(0.001983225 0.0001870592 6.567691e-06)
(0.002072673 0.0001890189 5.594841e-06)
(0.002142907 0.0001863799 4.737839e-06)
(0.0021963 0.0001805171 4.027041e-06)
(0.002235581 0.0001724707 3.455984e-06)
(0.00226337 0.0001630322 2.995306e-06)
(0.002281996 0.0001528032 2.617852e-06)
(0.002293439 0.0001422378 2.30383e-06)
(0.002299339 0.0001316724 2.038264e-06)
(0.002301035 0.0001213488 1.809912e-06)
(0.002299602 0.0001114352 1.610848e-06)
(0.002295896 0.0001020399 1.435065e-06)
(0.002290587 9.323264e-05 1.278953e-06)
(0.002284199 8.503557e-05 1.138613e-06)
(0.002277125 7.749838e-05 1.014665e-06)
(0.001405013 2.433059e-05 4.439646e-06)
(0.001477023 6.925955e-05 6.579062e-06)
(0.001594203 0.000104927 7.676553e-06)
(0.00172092 0.0001309278 8.083671e-06)
(0.001840993 0.0001484839 7.158164e-06)
(0.00194692 0.0001592319 5.996614e-06)
(0.00203609 0.0001647126 4.969784e-06)
(0.002109134 0.0001661636 4.121791e-06)
(0.002168037 0.0001645403 3.46388e-06)
(0.00221498 0.0001605922 2.968074e-06)
(0.002251975 0.0001549235 2.587784e-06)
(0.002280763 0.0001480302 2.284508e-06)
(0.002302806 0.0001403212 2.033015e-06)
(0.002319324 0.000132131 1.817213e-06)
(0.002331339 0.0001237282 1.627269e-06)
(0.00233971 0.0001153239 1.457432e-06)
(0.002345154 0.0001070772 1.304462e-06)
(0.00234827 9.910949e-05 1.165977e-06)
(0.002349567 9.149464e-05 1.041375e-06)
(0.002349417 8.43191e-05 9.292361e-07)
(0.001404649 1.892172e-05 4.335013e-06)
(0.00147273 5.45878e-05 6.351004e-06)
(0.001583752 8.401064e-05 7.421528e-06)
(0.001704192 0.0001064923 7.763941e-06)
(0.001818659 0.0001226481 6.79394e-06)
(0.001920075 0.0001335055 5.599917e-06)
(0.002006109 0.0001401206 4.551027e-06)
(0.002077567 0.0001433861 3.700253e-06)
(0.002136504 0.000144008 3.058544e-06)
(0.002185066 0.0001425437 2.592918e-06)
(0.002225118 0.0001394457 2.250751e-06)
(0.00225818 0.0001350908 1.987881e-06)
(0.002285444 0.0001297988 1.774944e-06)
(0.002307859 0.0001238428 1.593497e-06)
(0.002326191 0.0001174544 1.432918e-06)
(0.002341075 0.0001108274 1.287466e-06)
(0.00235305 0.0001041194 1.154853e-06)
(0.002362568 9.74594e-05 1.032906e-06)
(0.002370047 9.093998e-05 9.231662e-07)
(0.002375765 8.465316e-05 8.225479e-07)
(0.001404446 1.486601e-05 4.328311e-06)
(0.001470175 4.319265e-05 6.319682e-06)
(0.00157724 6.723213e-05 7.414345e-06)
(0.001693384 8.625362e-05 7.727471e-06)
(0.001803709 0.000100513 6.721894e-06)
(0.001901384 0.0001106379 5.492697e-06)
(0.001984234 0.0001173456 4.409045e-06)
(0.002053188 0.0001212833 3.531717e-06)
(0.00211041 0.0001229866 2.874359e-06)
(0.002158122 0.0001228901 2.403197e-06)
(0.002198224 0.0001213509 2.063545e-06)
(0.002232212 0.000118667 1.808656e-06)
(0.00226121 0.0001150917 1.60675e-06)
(0.002286062 0.0001108427 1.437502e-06)
(0.002307407 0.0001061073 1.289103e-06)
(0.002325751 0.0001010458 1.155048e-06)
(0.002341504 9.579324e-05 1.032971e-06)
(0.002355003 9.046328e-05 9.202694e-07)
(0.002366568 8.514508e-05 8.193927e-07)
(0.002376388 7.991788e-05 7.26001e-07)
(0.001404344 1.176531e-05 4.31394e-06)
(0.0014686 3.428592e-05 6.26757e-06)
(0.001573021 5.375415e-05 7.384661e-06)
(0.001686165 6.953779e-05 7.698438e-06)
(0.001793481 8.172374e-05 6.690256e-06)
(0.001888311 9.069976e-05 5.456556e-06)
(0.001968575 9.695095e-05 4.363467e-06)
(0.002035266 0.0001009396 3.475796e-06)
(0.002090609 0.000103066 2.809565e-06)
(0.002136882 0.0001036675 2.331743e-06)
(0.002176032 0.0001030282 1.98775e-06)
(0.002209579 0.0001013894 1.730551e-06)
(0.002238652 9.89577e-05 1.527896e-06)
(0.002264076 9.591057e-05 1.35899e-06)
(0.002286452 9.240092e-05 1.211684e-06)
(0.002306232 8.856002e-05 1.079164e-06)
(0.002323767 8.44994e-05 9.590054e-07)
(0.002339328 8.031322e-05 8.483071e-07)
(0.002353172 7.607899e-05 7.498238e-07)
(0.00236543 7.185939e-05 6.585567e-07)
(0.001404277 9.243915e-06 4.316224e-06)
(0.001467564 2.697929e-05 6.258449e-06)
(0.001570192 4.251484e-05 7.40157e-06)
(0.001681227 5.534309e-05 7.724477e-06)
(0.001786361 6.547022e-05 6.719226e-06)
(0.001879067 7.313399e-05 5.48488e-06)
(0.00195734 7.865902e-05 4.386331e-06)
(0.002022219 8.236929e-05 3.491242e-06)
(0.002075961 8.45568e-05 2.817406e-06)
(0.002120877 8.547667e-05 2.332461e-06)
(0.002158939 8.535098e-05 1.982044e-06)
(0.002191689 8.437302e-05 1.719125e-06)
(0.002220267 8.271105e-05 1.511389e-06)
(0.0022455 8.051123e-05 1.337979e-06)
(0.002267983 7.78999e-05 1.186734e-06)
(0.002288151 7.498559e-05 1.050806e-06)
(0.002306335 7.186066e-05 9.278135e-07)
(0.002322778 6.86026e-05 8.147766e-07)
(0.002337703 6.527663e-05 7.145053e-07)
(0.002351216 6.193214e-05 6.218381e-07)
(0.001404235 7.135995e-06 4.316933e-06)
(0.001466873 2.084103e-05 6.249502e-06)
(0.001568265 3.295425e-05 7.411238e-06)
(0.001677805 4.308937e-05 7.745018e-06)
(0.001781355 5.122238e-05 6.747057e-06)
(0.001872487 5.75004e-05 5.517282e-06)
(0.001949257 6.213979e-05 4.419474e-06)
(0.002012739 6.536408e-05 3.522883e-06)
(0.002065219 6.738105e-05 2.846397e-06)
(0.002109027 6.837788e-05 2.358163e-06)
(0.002146147 6.852224e-05 2.004033e-06)
(0.002178133 6.796389e-05 1.737075e-06)
(0.002206129 6.683587e-05 1.525065e-06)
(0.002230963 6.525554e-05 1.347248e-06)
(0.00225323 6.332542e-05 1.191601e-06)
(0.002273359 6.113399e-05 1.051405e-06)
(0.002291673 5.875687e-05 9.243996e-07)
(0.002308403 5.62573e-05 8.076984e-07)
(0.002323759 5.368904e-05 7.041093e-07)
(0.002337836 5.109163e-05 6.086049e-07)
(0.001404206 5.305589e-06 4.319798e-06)
(0.001466404 1.550093e-05 6.249434e-06)
(0.001566947 2.456871e-05 7.425952e-06)
(0.001675441 3.222908e-05 7.769653e-06)
(0.00177786 3.845109e-05 6.778499e-06)
(0.001867848 4.332488e-05 5.552929e-06)
(0.001943508 4.699199e-05 4.456364e-06)
(0.002005948 4.960248e-05 3.55922e-06)
(0.002057473 5.12992e-05 2.881193e-06)
(0.002100429 5.221409e-05 2.390848e-06)
(0.002136811 5.246823e-05 2.034196e-06)
(0.002168175 5.217221e-05 1.764358e-06)
(0.002195669 5.142614e-05 1.549151e-06)
(0.002220117 5.031974e-05 1.367887e-06)
(0.002242112 4.893229e-05 1.208642e-06)
(0.00226208 4.73328e-05 1.064808e-06)
(0.002280336 4.558063e-05 9.34223e-07)
(0.002297109 4.372548e-05 8.141251e-07)
(0.002312598 4.180987e-05 7.07297e-07)
(0.002326897 3.986501e-05 6.089111e-07)
(0.001404188 3.667889e-06 4.321628e-06)
(0.001466094 1.071821e-05 6.249503e-06)
(0.001566071 1.701463e-05 7.435585e-06)
(0.001673856 2.23691e-05 7.786749e-06)
(0.001775498 2.675504e-05 6.801218e-06)
(0.001864689 3.022598e-05 5.579407e-06)
(0.001939567 3.287047e-05 4.484611e-06)
(0.002001265 3.478399e-05 3.587934e-06)
(0.002052106 3.605897e-05 2.909557e-06)
(0.002094446 3.678241e-05 2.41835e-06)
(0.00213029 3.703566e-05 2.060444e-06)
(0.002161195 3.689425e-05 1.788995e-06)
(0.002188309 3.642764e-05 1.571855e-06)
(0.002212455 3.569885e-05 1.388387e-06)
(0.002234221 3.476417e-05 1.226735e-06)
(0.002254029 3.367297e-05 1.08038e-06)
(0.00227219 3.2468e-05 9.472275e-07)
(0.002288927 3.118523e-05 8.24625e-07)
(0.002304437 2.985553e-05 7.153263e-07)
(0.002318809 2.85018e-05 6.146891e-07)
(0.001404176 2.154011e-06 4.323132e-06)
(0.001465905 6.295248e-06 6.250832e-06)
(0.001565534 1.000283e-05 7.442817e-06)
(0.001672879 1.316914e-05 7.799045e-06)
(0.001774034 1.577681e-05 6.817389e-06)
(0.001862721 1.785404e-05 5.598064e-06)
(0.001937101 1.944939e-05 4.504495e-06)
(0.001998323 2.06157e-05 3.608196e-06)
(0.002048721 2.14047e-05 2.929642e-06)
(0.002090663 2.186572e-05 2.437923e-06)
(0.002126155 2.204546e-05 2.079266e-06)
(0.00215676 2.198782e-05 1.806849e-06)
(0.002183623 2.173357e-05 1.588539e-06)
(0.002207567 2.132005e-05 1.403729e-06)
(0.002229176 2.078083e-05 1.240601e-06)
(0.002248868 2.014557e-05 1.092684e-06)
(0.002266951 1.944005e-05 9.579215e-07)
(0.002283646 1.868606e-05 8.337316e-07)
(0.002299145 1.790234e-05 7.228422e-07)
(0.002313537 1.710295e-05 6.207365e-07)
(0.001404171 7.104897e-07 4.323797e-06)
(0.001465815 2.076614e-06 6.251617e-06)
(0.001565278 3.301014e-06 7.446048e-06)
(0.001672414 4.348812e-06 7.804748e-06)
(0.001773334 5.214009e-06 6.825099e-06)
(0.001861776 5.905385e-06 5.607033e-06)
(0.001935914 6.438428e-06 4.514162e-06)
(0.001996902 6.83005e-06 3.618161e-06)
(0.002047084 7.096884e-06 2.939613e-06)
(0.00208883 7.254906e-06 2.447725e-06)
(0.002124149 7.319335e-06 2.088773e-06)
(0.002154605 7.304557e-06 1.815945e-06)
(0.002181344 7.22401e-06 1.59712e-06)
(0.002205187 7.090048e-06 1.411703e-06)
(0.002226716 6.913827e-06 1.247896e-06)
(0.002246349 6.705227e-06 1.099253e-06)
(0.002264392 6.472866e-06 9.637331e-07)
(0.002281062 6.224038e-06 8.387903e-07)
(0.00229655 5.965033e-06 7.271391e-07)
(0.002310945 5.70059e-06 6.243232e-07)
(0.001404171 -7.104891e-07 4.323797e-06)
(0.001465815 -2.076613e-06 6.251617e-06)
(0.001565278 -3.301012e-06 7.446048e-06)
(0.001672414 -4.34881e-06 7.804748e-06)
(0.001773334 -5.214007e-06 6.825099e-06)
(0.001861776 -5.905383e-06 5.607033e-06)
(0.001935914 -6.438425e-06 4.514162e-06)
(0.001996902 -6.830047e-06 3.618161e-06)
(0.002047084 -7.09688e-06 2.939613e-06)
(0.00208883 -7.254902e-06 2.447725e-06)
(0.002124149 -7.319331e-06 2.088773e-06)
(0.002154605 -7.304552e-06 1.815945e-06)
(0.002181344 -7.224004e-06 1.59712e-06)
(0.002205187 -7.090041e-06 1.411703e-06)
(0.002226716 -6.91382e-06 1.247896e-06)
(0.002246349 -6.705219e-06 1.099253e-06)
(0.002264392 -6.472857e-06 9.63733e-07)
(0.002281062 -6.224029e-06 8.387903e-07)
(0.001404176 -2.154011e-06 4.323132e-06)
(0.001465905 -6.295247e-06 6.250832e-06)
(0.001565534 -1.000283e-05 7.442817e-06)
(0.001672879 -1.316914e-05 7.799045e-06)
(0.001774034 -1.577681e-05 6.817389e-06)
(0.001862721 -1.785404e-05 5.598064e-06)
(0.001937101 -1.944939e-05 4.504495e-06)
(0.001998323 -2.06157e-05 3.608196e-06)
(0.002048721 -2.14047e-05 2.929642e-06)
(0.002090663 -2.186572e-05 2.437923e-06)
(0.002126155 -2.204546e-05 2.079266e-06)
(0.00215676 -2.198781e-05 1.806849e-06)
(0.002183623 -2.173357e-05 1.588539e-06)
(0.002207567 -2.132004e-05 1.403729e-06)
(0.002229176 -2.078083e-05 1.240601e-06)
(0.001404188 -3.667889e-06 4.321628e-06)
(0.001466094 -1.071821e-05 6.249503e-06)
(0.001566071 -1.701463e-05 7.435585e-06)
(0.001673856 -2.23691e-05 7.786749e-06)
(0.001775498 -2.675504e-05 6.801218e-06)
(0.001864689 -3.022598e-05 5.579407e-06)
(0.001939567 -3.287047e-05 4.484611e-06)
(0.002001265 -3.478398e-05 3.587934e-06)
(0.002052106 -3.605896e-05 2.909557e-06)
(0.002094446 -3.678241e-05 2.418349e-06)
(0.00213029 -3.703566e-05 2.060444e-06)
(0.001206074 0.0001492361 1.132649e-05)
(0.001077133 0.0001410262 -1.385378e-05)
(0.0008825561 8.066464e-05 -2.672386e-06)
(0.0007595662 4.037052e-05 -3.644799e-06)
(0.0006822129 1.945404e-05 -4.155339e-06)
(0.0006277613 1.003508e-05 -3.01298e-06)
(0.0005878061 5.93346e-06 -2.218912e-06)
(0.0005567205 4.073843e-06 -1.576894e-06)
(0.0005315384 3.14062e-06 -1.10559e-06)
(0.0005106249 2.594078e-06 -7.945305e-07)
(0.0004930434 2.215919e-06 -6.025381e-07)
(0.0004781731 1.921851e-06 -4.887775e-07)
(0.0004655526 1.678123e-06 -4.232681e-07)
(0.0004548135 1.469914e-06 -3.856032e-07)
(0.000445651 1.289822e-06 -3.631191e-07)
(0.0004378119 1.133088e-06 -3.474237e-07)
(0.000431082 9.965697e-07 -3.354123e-07)
(0.000425291 8.761888e-07 -3.216299e-07)
(0.0004202792 7.717254e-07 -3.110777e-07)
(0.000415959 6.703069e-07 -2.919412e-07)
(0.001449646 0.000221271 -9.506505e-06)
(0.001557787 0.0002953516 -2.315123e-05)
(0.001574496 0.0002581097 -1.663653e-05)
(0.001551961 0.0001972152 -1.344773e-05)
(0.001512772 0.0001431169 -1.121584e-05)
(0.001466187 0.000104375 -8.431066e-06)
(0.001417752 7.856348e-05 -6.105556e-06)
(0.001370242 6.149796e-05 -4.302732e-06)
(0.001325329 4.985921e-05 -2.960098e-06)
(0.001283956 4.150435e-05 -2.01499e-06)
(0.001246565 3.516694e-05 -1.382195e-06)
(0.001213229 3.013716e-05 -9.75244e-07)
(0.001183777 2.601664e-05 -7.231263e-07)
(0.001157907 2.257147e-05 -5.728121e-07)
(0.001135257 1.965419e-05 -4.87086e-07)
(0.001115459 1.716391e-05 -4.39741e-07)
(0.001098154 1.502655e-05 -4.155797e-07)
(0.001083027 1.318338e-05 -4.002999e-07)
(0.001069765 1.159018e-05 -3.950662e-07)
(0.001058169 1.019151e-05 -3.819505e-07)
(0.001426691 0.0001080935 7.174682e-07)
(0.001575159 0.00021496 -9.486523e-06)
(0.001719436 0.0002519834 -1.26818e-05)
(0.00181739 0.0002448348 -1.280139e-05)
(0.001871294 0.0002175338 -1.209019e-05)
(0.001891169 0.0001863554 -1.033357e-05)
(0.001887121 0.0001579627 -8.28382e-06)
(0.001867587 0.0001340832 -6.371375e-06)
(0.001838966 0.0001145088 -4.7447e-06)
(0.001805778 9.847593e-05 -3.452701e-06)
(0.001771094 8.520684e-05 -2.482416e-06)
(0.001736888 7.408185e-05 -1.783875e-06)
(0.001704333 6.464691e-05 -1.297466e-06)
(0.001674051 5.657415e-05 -9.685631e-07)
(0.001646306 4.962291e-05 -7.524072e-07)
(0.001621143 4.361095e-05 -6.134984e-07)
(0.001598468 3.839484e-05 -5.27427e-07)
(0.00157813 3.385879e-05 -4.723705e-07)
(0.001559908 2.990632e-05 -4.427849e-07)
(0.001543667 2.645278e-05 -4.154327e-07)
(0.00141331 6.977295e-05 -4.1088e-06)
(0.001529466 0.0001641555 -1.379842e-05)
(0.001686555 0.0002155407 -1.642927e-05)
(0.00183028 0.0002345892 -1.518466e-05)
(0.001943117 0.0002324339 -1.353845e-05)
(0.002022067 0.0002190831 -1.138397e-05)
(0.002070556 0.0002010319 -9.110404e-06)
(0.002094776 0.0001818314 -7.073205e-06)
(0.002101093 0.0001632086 -5.360303e-06)
(0.002094934 0.0001458957 -3.978582e-06)
(0.002080594 0.0001301259 -2.907795e-06)
(0.002061304 0.0001159098 -2.105017e-06)
(0.002039382 0.0001031684 -1.519285e-06)
(0.002016428 9.179006e-05 -1.102684e-06)
(0.001993507 8.165446e-05 -8.141012e-07)
(0.001971296 7.264358e-05 -6.190902e-07)
(0.001950199 6.46443e-05 -4.919674e-07)
(0.00193044 5.755373e-05 -4.096242e-07)
(0.001912091 5.127039e-05 -3.62647e-07)
(0.001895221 4.57251e-05 -3.282874e-07)
(0.001407629 4.496985e-05 -3.589305e-06)
(0.001499492 0.0001180699 -1.170502e-05)
(0.001641211 0.0001676021 -1.493704e-05)
(0.001786313 0.0001965281 -1.42577e-05)
(0.001915264 0.0002093782 -1.283483e-05)
(0.002020094 0.0002110286 -1.085884e-05)
(0.002099164 0.0002054958 -8.726373e-06)
(0.002154934 0.0001956545 -6.807843e-06)
(0.002191412 0.0001834457 -5.195681e-06)
(0.002212693 0.0001701433 -3.888357e-06)
(0.002222456 0.0001565624 -2.862917e-06)
(0.002223786 0.0001432169 -2.080255e-06)
(0.002219148 0.0001304236 -1.495787e-06)
(0.002210449 0.0001183685 -1.068542e-06)
(0.002199128 0.0001071499 -7.634603e-07)
(0.002186252 9.680762e-05 -5.508493e-07)
(0.002172594 8.734109e-05 -4.075763e-07)
(0.002158705 7.872864e-05 -3.132597e-07)
(0.002144954 7.092091e-05 -2.566601e-07)
(0.002131628 6.390431e-05 -2.206484e-07)
(0.001405701 3.255435e-05 -4.16994e-06)
(0.001484393 8.999045e-05 -1.24598e-05)
(0.001611285 0.000132699 -1.575972e-05)
(0.001746544 0.000161415 -1.49266e-05)
(0.00187269 0.0001786155 -1.316646e-05)
(0.001981724 0.000187003 -1.090312e-05)
(0.002070769 0.0001889439 -8.575146e-06)
(0.002140627 0.0001862751 -6.547837e-06)
(0.002193705 0.0001803785 -4.89719e-06)
(0.002232736 0.0001723005 -3.594725e-06)
(0.002260333 0.0001628365 -2.593953e-06)
(0.002278821 0.0001525898 -1.840955e-06)
(0.00229017 0.000142014 -1.283377e-06)
(0.002296014 0.0001314445 -8.773011e-07)
(0.002297681 0.0001211218 -5.874646e-07)
(0.002296241 0.0001112129 -3.855428e-07)
(0.002292543 0.000101825 -2.494471e-07)
(0.002287254 9.302668e-05 -1.614701e-07)
(0.002280892 8.484021e-05 -1.084867e-07)
(0.002273848 7.731337e-05 -8.083913e-08)
(0.0014048 2.432112e-05 -4.155485e-06)
(0.001476487 6.926771e-05 -1.234354e-05)
(0.001593769 0.0001049533 -1.564287e-05)
(0.001720274 0.0001309476 -1.489628e-05)
(0.001839921 0.000148502 -1.311755e-05)
(0.001945447 0.0001592396 -1.07842e-05)
(0.00203422 0.0001646964 -8.381566e-06)
(0.002106901 0.0001661147 -6.295055e-06)
(0.002165498 0.0001644543 -4.611871e-06)
(0.002212194 0.0001604697 -3.302056e-06)
(0.002248996 0.0001547688 -2.311169e-06)
(0.002277639 0.0001478497 -1.577316e-06)
(0.002299575 0.0001401219 -1.042124e-06)
(0.002316019 0.0001319196 -6.579252e-07)
(0.002327987 0.0001235106 -3.875273e-07)
(0.00233633 0.0001151048 -2.022327e-07)
(0.002341764 0.0001068605 -7.966884e-08)
(0.00234488 9.88978e-05 -3.802184e-09)
(0.002346186 9.129047e-05 4.05809e-08)
(0.00234605 8.412317e-05 5.676257e-08)
(0.001404436 1.891018e-05 -4.254146e-06)
(0.001472207 5.456917e-05 -1.258181e-05)
(0.001583337 8.401235e-05 -1.589196e-05)
(0.001703562 0.0001065024 -1.517031e-05)
(0.001817604 0.0001226673 -1.334237e-05)
(0.001918617 0.0001335253 -1.091541e-05)
(0.002004256 0.0001401272 -8.414592e-06)
(0.002075356 0.0001433688 -6.241682e-06)
(0.002133997 0.0001439601 -4.493745e-06)
(0.002182321 0.000142463 -3.142934e-06)
(0.002222189 0.0001393336 -2.131039e-06)
(0.002255109 0.0001349511 -1.390649e-06)
(0.002282268 0.0001296368 -8.581804e-07)
(0.002304606 0.0001236641 -4.818702e-07)
(0.002322884 0.0001172644 -2.216111e-07)
(0.002337732 0.0001106308 -4.71116e-08)
(0.002349685 0.0001039204 6.529501e-08)
(0.002359193 9.726116e-05 1.311786e-07)
(0.002366667 9.074536e-05 1.677406e-07)
(0.002372388 8.446373e-05 1.743854e-07)
(0.001404233 1.486553e-05 -4.262678e-06)
(0.00146966 4.319154e-05 -1.265067e-05)
(0.001576836 6.725049e-05 -1.595658e-05)
(0.001692757 8.628196e-05 -1.527065e-05)
(0.001802654 0.000100549 -1.344734e-05)
(0.001899923 0.0001106744 -1.09915e-05)
(0.001982377 0.0001173716 -8.448928e-06)
(0.002050976 0.0001212895 -6.231273e-06)
(0.002107908 0.0001229668 -4.443567e-06)
(0.002155393 0.0001228416 -3.062574e-06)
(0.00219532 0.0001212738 -2.030775e-06)
(0.002229175 0.0001185638 -1.279387e-06)
(0.002258075 0.0001149661 -7.427218e-07)
(0.002282854 0.0001106991 -3.669022e-07)
(0.002304148 0.0001059501 -1.099763e-07)
(0.002322455 0.0001008793 5.957903e-08)
(0.002338184 9.562112e-05 1.665572e-07)
(0.002351668 9.028874e-05 2.265628e-07)
(0.002363223 8.497094e-05 2.581062e-07)
(0.002373039 7.974613e-05 2.589937e-07)
(0.001404128 1.176486e-05 -4.285726e-06)
(0.001468087 3.428338e-05 -1.275242e-05)
(0.001572623 5.376671e-05 -1.606812e-05)
(0.001685539 6.956126e-05 -1.540501e-05)
(0.001792424 8.17561e-05 -1.358233e-05)
(0.001886844 9.073505e-05 -1.110263e-05)
(0.001966709 9.698001e-05 -8.526092e-06)
(0.002033047 0.0001009543 -6.271785e-06)
(0.002088103 0.0001030606 -4.450315e-06)
(0.002134154 0.0001036387 -3.041904e-06)
(0.002173135 0.0001029755 -1.989974e-06)
(0.002206558 0.0001013141 -1.225195e-06)
(0.002235541 9.886214e-05 -6.806844e-07)
(0.002260899 9.579802e-05 -3.01217e-07)
(0.002283228 9.227484e-05 -4.353947e-08)
(0.002302976 8.842381e-05 1.248587e-07)
(0.002320488 8.435625e-05 2.296725e-07)
(0.002336034 8.016597e-05 2.868392e-07)
(0.002349867 7.593011e-05 3.155583e-07)
(0.002362118 7.171094e-05 3.135803e-07)
(0.00140406 9.245063e-06 -4.292658e-06)
(0.001467052 2.698083e-05 -1.280705e-05)
(0.001569798 4.252845e-05 -1.612905e-05)
(0.001680601 5.536644e-05 -1.548345e-05)
(0.001785301 6.550134e-05 -1.366707e-05)
(0.001877593 7.316797e-05 -1.117769e-05)
(0.001955465 7.868861e-05 -8.583367e-06)
(0.002019988 8.238787e-05 -6.307849e-06)
(0.002073445 8.455946e-05 -4.46553e-06)
(0.002118143 8.546056e-05 -3.039203e-06)
(0.002156042 8.53152e-05 -1.973341e-06)
(0.002188673 8.431824e-05 -1.198648e-06)
(0.002217167 8.2639e-05 -6.477603e-07)
(0.00224234 8.042425e-05 -2.647621e-07)
(0.002264782 7.780066e-05 -5.655667e-09)
(0.002284923 7.487678e-05 1.62703e-07)
(0.002303087 7.174486e-05 2.665814e-07)
(0.002319517 6.848217e-05 3.222934e-07)
(0.002334433 6.515365e-05 3.49266e-07)
(0.002347939 6.180847e-05 3.459038e-07)
(0.001404017 7.136917e-06 -4.300626e-06)
(0.001466361 2.084258e-05 -1.285451e-05)
(0.001567873 3.296469e-05 -1.618578e-05)
(0.001677178 4.310789e-05 -1.555323e-05)
(0.001780293 5.124763e-05 -1.374123e-05)
(0.001871008 5.752853e-05 -1.124471e-05)
(0.001947374 6.21652e-05 -8.636953e-06)
(0.0020105 6.538152e-05 -6.345305e-06)
(0.002062695 6.738647e-05 -4.487035e-06)
(0.002106286 6.836878e-05 -3.046815e-06)
(0.002143247 6.849768e-05 -1.969936e-06)
(0.002175118 6.792413e-05 -1.187191e-06)
(0.002203034 6.678207e-05 -6.309086e-07)
(0.002227813 6.518941e-05 -2.447017e-07)
(0.002250043 6.324893e-05 1.594932e-08)
(0.002270149 6.104922e-05 1.846645e-07)
(0.002288446 5.866584e-05 2.881098e-07)
(0.002305166 5.616188e-05 3.429783e-07)
(0.002320515 5.35909e-05 3.687205e-07)
(0.002334587 5.099233e-05 3.645781e-07)
(0.001403987 5.306525e-06 -4.304713e-06)
(0.001465892 1.550298e-05 -1.28842e-05)
(0.001566557 2.457725e-05 -1.622254e-05)
(0.001674814 3.224389e-05 -1.559918e-05)
(0.001776795 3.847118e-05 -1.379094e-05)
(0.001866365 4.334732e-05 -1.129067e-05)
(0.001941619 4.701264e-05 -8.674613e-06)
(0.002003701 4.961737e-05 -6.37251e-06)
(0.002054941 5.13052e-05 -4.503661e-06)
(0.002097682 5.220922e-05 -3.054059e-06)
(0.002133906 5.245167e-05 -1.969621e-06)
(0.002165159 5.214403e-05 -1.181276e-06)
(0.002192575 5.138713e-05 -6.211949e-07)
(0.002216973 5.02711e-05 -2.327014e-07)
(0.002238934 4.887547e-05 2.905701e-08)
(0.002258881 4.726933e-05 1.980274e-07)
(0.002277124 4.551202e-05 3.01132e-07)
(0.002293889 4.365317e-05 3.553751e-07)
(0.002309373 4.173514e-05 3.801545e-07)
(0.002323668 3.978907e-05 3.754308e-07)
(0.001403968 3.668534e-06 -4.308056e-06)
(0.001465582 1.071983e-05 -1.290547e-05)
(0.001565681 1.702053e-05 -1.625012e-05)
(0.001673229 2.237943e-05 -1.563326e-05)
(0.001774431 2.676917e-05 -1.382756e-05)
(0.001863202 3.024188e-05 -1.13248e-05)
(0.001937673 3.288529e-05 -8.702948e-06)
(0.001999012 3.479497e-05 -6.393453e-06)
(0.002049568 3.606389e-05 -4.517101e-06)
(0.002091694 3.677984e-05 -3.060804e-06)
(0.002127381 3.702494e-05 -1.97093e-06)
(0.002158177 3.687537e-05 -1.178524e-06)
(0.002185216 3.64011e-05 -6.156636e-07)
(0.002209313 3.566544e-05 -2.254747e-07)
(0.002231048 3.472487e-05 3.712297e-08)
(0.002250837 3.362884e-05 2.063092e-07)
(0.002268987 3.242009e-05 3.091808e-07)
(0.002285718 3.113456e-05 3.629793e-07)
(0.002301224 2.980299e-05 3.870478e-07)
(0.002315594 2.844824e-05 3.818783e-07)
(0.001403956 2.154417e-06 -4.309911e-06)
(0.001465392 6.296396e-06 -1.291778e-05)
(0.001565144 1.000639e-05 -1.626677e-05)
(0.001672253 1.317535e-05 -1.565388e-05)
(0.001772966 1.578532e-05 -1.384971e-05)
(0.001861232 1.786362e-05 -1.134561e-05)
(0.001935204 1.945837e-05 -8.720322e-06)
(0.001996066 2.062247e-05 -6.406348e-06)
(0.00204618 2.140792e-05 -4.525436e-06)
(0.002087907 2.186453e-05 -3.065048e-06)
(0.002123244 2.203945e-05 -1.971833e-06)
(0.00215374 2.197696e-05 -1.176924e-06)
(0.00218053 2.171814e-05 -6.123491e-07)
(0.002204426 2.13005e-05 -2.21118e-07)
(0.002226005 2.075774e-05 4.198597e-08)
(0.00224568 2.011955e-05 2.112869e-07)
(0.002263754 1.941172e-05 3.139863e-07)
(0.002280444 1.865603e-05 3.674794e-07)
(0.00229594 1.787113e-05 3.910699e-07)
(0.00231033 1.707109e-05 3.855837e-07)
(0.001403951 7.106151e-07 -4.310907e-06)
(0.001465302 2.077007e-06 -1.292362e-05)
(0.001564889 3.302157e-06 -1.627524e-05)
(0.001671787 4.350829e-06 -1.56643e-05)
(0.001772266 5.216799e-06 -1.386077e-05)
(0.001860286 5.908534e-06 -1.135605e-05)
(0.001934016 6.441395e-06 -8.729074e-06)
(0.001994645 6.832299e-06 -6.412877e-06)
(0.002044541 7.097972e-06 -4.529717e-06)
(0.002086072 7.254543e-06 -3.067311e-06)
(0.002121237 7.317383e-06 -1.97244e-06)
(0.002151584 7.301003e-06 -1.176286e-06)
(0.002178251 7.218939e-06 -6.108536e-07)
(0.002202047 7.083607e-06 -2.190969e-07)
(0.002223547 6.906204e-06 4.426663e-08)
(0.002243164 6.696626e-06 2.136318e-07)
(0.002261197 6.46349e-06 3.162512e-07)
(0.002277863 6.214088e-06 3.695961e-07)
(0.002293349 5.954684e-06 3.929525e-07)
(0.002307743 5.690015e-06 3.873035e-07)
(0.001403951 -7.106145e-07 -4.310907e-06)
(0.001465302 -2.077006e-06 -1.292362e-05)
(0.001564889 -3.302156e-06 -1.627524e-05)
(0.001671787 -4.350827e-06 -1.56643e-05)
(0.001772266 -5.216796e-06 -1.386077e-05)
(0.001860286 -5.908531e-06 -1.135605e-05)
(0.001934016 -6.441392e-06 -8.729074e-06)
(0.001994645 -6.832296e-06 -6.412877e-06)
(0.002044541 -7.097968e-06 -4.529717e-06)
(0.002086072 -7.254539e-06 -3.067311e-06)
(0.002121237 -7.317379e-06 -1.97244e-06)
(0.002151584 -7.300998e-06 -1.176286e-06)
(0.002178251 -7.218933e-06 -6.108536e-07)
(0.002202047 -7.083601e-06 -2.190969e-07)
(0.002223547 -6.906197e-06 4.426666e-08)
(0.002243164 -6.696618e-06 2.136319e-07)
(0.002261197 -6.463481e-06 3.162512e-07)
(0.002277863 -6.214078e-06 3.695961e-07)
(0.002293349 -5.954673e-06 3.929525e-07)
(0.002307743 -5.690003e-06 3.873034e-07)
(0.001403956 -2.154416e-06 -4.309911e-06)
(0.001465392 -6.296395e-06 -1.291778e-05)
(0.001565144 -1.000639e-05 -1.626677e-05)
(0.001672253 -1.317534e-05 -1.565388e-05)
(0.001772966 -1.578532e-05 -1.384971e-05)
(0.001861232 -1.786361e-05 -1.134561e-05)
(0.001935204 -1.945837e-05 -8.720322e-06)
(0.001996066 -2.062246e-05 -6.406348e-06)
(0.00204618 -2.140792e-05 -4.525436e-06)
(0.002087907 -2.186452e-05 -3.065048e-06)
(0.002123244 -2.203945e-05 -1.971833e-06)
(0.00215374 -2.197696e-05 -1.176924e-06)
(0.00218053 -2.171814e-05 -6.123491e-07)
(0.002204426 -2.13005e-05 -2.211179e-07)
(0.002226005 -2.075773e-05 4.198601e-08)
(0.001403968 -3.668533e-06 -4.308056e-06)
(0.001465582 -1.071983e-05 -1.290547e-05)
(0.001565681 -1.702052e-05 -1.625012e-05)
(0.001673229 -2.237942e-05 -1.563326e-05)
(0.001774431 -2.676917e-05 -1.382756e-05)
(0.001863202 -3.024188e-05 -1.13248e-05)
(0.001937673 -3.288529e-05 -8.702948e-06)
(0.001999012 -3.479497e-05 -6.393453e-06)
(0.002049568 -3.606388e-05 -4.517101e-06)
(0.002091694 -3.677983e-05 -3.060804e-06)
(0.002127381 -3.702493e-05 -1.97093e-06)
(0.001201895 0.0001445372 8.365024e-06)
(0.00107366 0.0001404836 -2.830279e-05)
(0.0008846692 7.995535e-05 -1.437264e-05)
(0.0007596849 4.00673e-05 -1.25266e-05)
(0.0006818735 1.953899e-05 -1.070383e-05)
(0.000626861 1.020626e-05 -7.4524e-06)
(0.0005862363 6.107296e-06 -5.274652e-06)
(0.0005547085 4.22024e-06 -3.799779e-06)
(0.0005292495 3.25411e-06 -2.824138e-06)
(0.0005081802 2.677912e-06 -2.208711e-06)
(0.0004905269 2.275759e-06 -1.825941e-06)
(0.0004756375 1.963364e-06 -1.581861e-06)
(0.0004630281 1.706095e-06 -1.417037e-06)
(0.0004523161 1.488057e-06 -1.295785e-06)
(0.000443188 1.300922e-06 -1.198114e-06)
(0.0004353854 1.139206e-06 -1.11243e-06)
(0.0004286917 9.992073e-07 -1.0346e-06)
(0.0004229344 8.76446e-07 -9.585199e-07)
(0.0004179543 7.703808e-07 -8.902621e-07)
(0.0004136632 6.677471e-07 -8.153064e-07)
(0.001450373 0.0002186906 -2.090976e-05)
(0.001560595 0.000296346 -4.532018e-05)
(0.001578751 0.0002581604 -3.993994e-05)
(0.001554339 0.0001975683 -3.450173e-05)
(0.001513239 0.0001436649 -2.85922e-05)
(0.001464635 0.000104848 -2.170033e-05)
(0.001414244 7.890574e-05 -1.582069e-05)
(0.001365214 6.168769e-05 -1.13393e-05)
(0.001319259 4.991231e-05 -8.116263e-06)
(0.001277241 4.145135e-05 -5.907475e-06)
(0.001239493 3.503819e-05 -4.440587e-06)
(0.001205995 2.995845e-05 -3.477871e-06)
(0.001176502 2.580834e-05 -2.842991e-06)
(0.001150661 2.234866e-05 -2.415508e-06)
(0.001128081 1.942754e-05 -2.117157e-06)
(0.001108371 1.694069e-05 -1.897462e-06)
(0.001091162 1.481149e-05 -1.72738e-06)
(0.001076129 1.297945e-05 -1.584077e-06)
(0.001062958 1.139882e-05 -1.465523e-06)
(0.001051446 1.001416e-05 -1.34719e-06)
(0.001426298 0.0001091448 -7.774129e-06)
(0.001575892 0.0002167186 -2.945144e-05)
(0.001721849 0.00025259 -3.74791e-05)
(0.001819521 0.0002453831 -3.745206e-05)
(0.001871837 0.0002181026 -3.40785e-05)
(0.001889477 0.0001867695 -2.854911e-05)
(0.00188297 0.0001581669 -2.263063e-05)
(0.001861214 0.0001340562 -1.734862e-05)
(0.00183084 0.0001142707 -1.304544e-05)
(0.001796399 9.807351e-05 -9.749837e-06)
(0.001760893 8.469076e-05 -7.335259e-06)
(0.001726197 7.34965e-05 -5.614247e-06)
(0.001693385 6.402742e-05 -4.404414e-06)
(0.001663004 5.594652e-05 -3.556353e-06)
(0.001635259 4.900535e-05 -2.957853e-06)
(0.001610155 4.301564e-05 -2.527699e-06)
(0.001587574 3.782949e-05 -2.211677e-06)
(0.001567344 3.332776e-05 -1.96815e-06)
(0.001549239 2.941178e-05 -1.780783e-06)
(0.001533112 2.59954e-05 -1.614029e-06)
(0.001413257 6.90332e-05 -1.309138e-05)
(0.001530701 0.0001637693 -3.384994e-05)
(0.001689299 0.000215259 -4.120319e-05)
(0.001832832 0.0002345566 -3.997397e-05)
(0.001944049 0.0002325769 -3.601857e-05)
(0.002020677 0.0002192075 -3.054202e-05)
(0.002066527 0.0002010085 -2.473869e-05)
(0.002088198 0.0001815875 -1.947636e-05)
(0.002092334 0.0001627302 -1.50548e-05)
(0.002084458 0.0001452132 -1.151631e-05)
(0.002068856 0.0001292893 -8.790783e-06)
(0.002048694 0.0001149722 -6.748048e-06)
(0.002026206 0.0001021766 -5.243897e-06)
(0.002002914 9.078151e-05 -4.147996e-06)
(0.001979816 8.065701e-05 -3.353227e-06)
(0.001957539 7.167675e-05 -2.775316e-06)
(0.001936449 6.372108e-05 -2.352611e-06)
(0.001916742 5.668184e-05 -2.03616e-06)
(0.001898474 5.045445e-05 -1.800102e-06)
(0.0018817 4.496577e-05 -1.606454e-06)
(0.001407842 4.496628e-05 -1.256221e-05)
(0.001501052 0.0001183167 -3.126211e-05)
(0.001643975 0.0001677409 -3.886216e-05)
(0.001788836 0.0001965708 -3.80209e-05)
(0.001916183 0.0002093891 -3.421839e-05)
(0.002018733 0.0002109523 -2.903911e-05)
(0.002095215 0.0002052616 -2.363018e-05)
(0.002148432 0.0001952108 -1.87718e-05)
(0.002182636 0.0001827739 -1.469472e-05)
(0.002202024 0.0001692585 -1.13984e-05)
(0.002210289 0.000155503 -8.808962e-06)
(0.002210485 0.000142031 -6.81752e-06)
(0.002205022 0.0001291594 -5.308208e-06)
(0.002195746 0.0001170687 -4.176446e-06)
(0.00218404 0.0001058491 -3.334305e-06)
(0.002170923 9.553218e-05 -2.710005e-06)
(0.002157129 8.611004e-05 -2.24804e-06)
(0.002143178 7.755448e-05 -1.903522e-06)
(0.002129419 6.981225e-05 -1.647647e-06)
(0.002116119 6.286375e-05 -1.449875e-06)
(0.001405941 3.247161e-05 -1.307726e-05)
(0.001486069 8.988164e-05 -3.179446e-05)
(0.001614179 0.0001325487 -3.925566e-05)
(0.00174919 0.0001612241 -3.802137e-05)
(0.001873693 0.000178411 -3.361758e-05)
(0.001980415 0.0001867449 -2.79846e-05)
(0.002066889 0.0001885719 -2.23576e-05)
(0.002134242 0.000185738 -1.748298e-05)
(0.002185082 0.0001796468 -1.352326e-05)
(0.002222214 0.0001713717 -1.04021e-05)
(0.002248256 0.0001617308 -7.989701e-06)
(0.002265507 0.0001513416 -6.148286e-06)
(0.002275894 0.0001406641 -4.753068e-06)
(0.002281006 0.0001300332 -3.701982e-06)
(0.00228213 0.0001196855 -2.914409e-06)
(0.002280296 0.0001097815 -2.326969e-06)
(0.00227632 0.0001004225 -1.890563e-06)
(0.002270842 9.16705e-05 -1.567058e-06)
(0.00226436 8.35435e-05 -1.327161e-06)
(0.002257247 7.608259e-05 -1.152319e-06)
(0.001405063 2.430767e-05 -1.303434e-05)
(0.001478233 6.922226e-05 -3.161505e-05)
(0.001596727 0.0001048692 -3.897457e-05)
(0.001722954 0.0001307977 -3.76886e-05)
(0.001840924 0.0001483001 -3.307514e-05)
(0.001944109 0.0001589709 -2.718584e-05)
(0.00203032 0.0001643247 -2.135893e-05)
(0.002100542 0.0001656034 -1.63785e-05)
(0.002156968 0.0001637771 -1.240844e-05)
(0.002201831 0.0001596171 -9.347686e-06)
(0.00223712 0.0001537489 -7.03388e-06)
(0.002264534 0.0001466841 -5.30268e-06)
(0.002285482 0.0001388407 -4.012428e-06)
(0.00230114 0.0001305562 -3.052813e-06)
(0.002312487 0.0001220979 -2.340898e-06)
(0.002320346 0.0001136725 -1.814721e-06)
(0.002325405 0.000105434 -1.427338e-06)
(0.002328235 9.749743e-05 -1.145033e-06)
(0.002329325 8.99326e-05 -9.376677e-07)
(0.00232903 8.281818e-05 -7.971422e-07)
(0.001404696 1.889095e-05 -1.312394e-05)
(0.001473975 5.448947e-05 -3.186124e-05)
(0.001586335 8.38921e-05 -3.921448e-05)
(0.001706268 0.0001063302 -3.791085e-05)
(0.001818606 0.0001224537 -3.315546e-05)
(0.001917245 0.0001332623 -2.704904e-05)
(0.002000307 0.000139788 -2.100769e-05)
(0.002068965 0.0001429229 -1.585614e-05)
(0.002125482 0.0001433821 -1.177637e-05)
(0.002172036 0.000141739 -8.665978e-06)
(0.002210456 0.0001384627 -6.349075e-06)
(0.002242199 0.0001339444 -4.644983e-06)
(0.002268404 0.0001285139 -3.397909e-06)
(0.002289967 0.0001224498 -2.487347e-06)
(0.002307615 0.0001159852 -1.823977e-06)
(0.00232195 0.0001093126 -1.342778e-06)
(0.002333487 0.000102587 -9.952354e-07)
(0.002342656 9.593275e-05 -7.487253e-07)
(0.002349857 8.943929e-05 -5.713337e-07)
(0.002355358 8.319283e-05 -4.609171e-07)
(0.001404492 1.48568e-05 -1.31359e-05)
(0.001471442 4.313365e-05 -3.197141e-05)
(0.001579856 6.71554e-05 -3.934044e-05)
(0.00169547 8.614246e-05 -3.807533e-05)
(0.001803639 0.0001003725 -3.329175e-05)
(0.001898503 0.0001104572 -2.709193e-05)
(0.001978358 0.0001170949 -2.093331e-05)
(0.002044516 0.0001209295 -1.566783e-05)
(0.002099348 0.0001225017 -1.149518e-05)
(0.002145106 0.0001222571 -8.320767e-06)
(0.00218364 0.0001205651 -5.967801e-06)
(0.002216376 0.0001177354 -4.250293e-06)
(0.002244372 0.0001140302 -3.005959e-06)
(0.002268416 0.000109673 -2.108356e-06)
(0.002289105 0.0001048539 -1.463442e-06)
(0.002306911 9.973382e-05 -1.003069e-06)
(0.002322221 9.444669e-05 -6.764703e-07)
(0.002335354 8.910363e-05 -4.505355e-07)
(0.002346613 8.37913e-05 -2.916887e-07)
(0.00235618 7.858526e-05 -1.997019e-07)
(0.001404383 1.175631e-05 -1.316764e-05)
(0.001469872 3.423138e-05 -3.212257e-05)
(0.001575657 5.368085e-05 -3.953365e-05)
(0.001688256 6.944039e-05 -3.831246e-05)
(0.001793395 8.160724e-05 -3.352617e-05)
(0.001885384 9.055685e-05 -2.727372e-05)
(0.001962628 9.675872e-05 -2.10383e-05)
(0.002026514 0.0001006707 -1.569056e-05)
(0.002079478 0.000102696 -1.144318e-05)
(0.002123827 0.0001031792 -8.208801e-06)
(0.002161451 0.0001024143 -5.812436e-06)
(0.002193797 0.000100652 -4.066658e-06)
(0.002221921 9.810623e-05 -2.806371e-06)
(0.002246584 9.496005e-05 -1.902038e-06)
(0.002268345 9.136957e-05 -1.256758e-06)
(0.002287618 8.746739e-05 -8.001681e-07)
(0.00230473 8.336493e-05 -4.79695e-07)
(0.002319935 7.915513e-05 -2.612913e-07)
(0.002333473 7.491369e-05 -1.103336e-07)
(0.00234547 7.070124e-05 -2.608372e-08)
(0.001404313 9.239215e-06 -1.318442e-05)
(0.001468841 2.694182e-05 -3.22235e-05)
(0.001572841 4.246128e-05 -3.967326e-05)
(0.001683319 5.527178e-05 -3.849443e-05)
(0.001786258 6.538524e-05 -3.372226e-05)
(0.001876099 7.303018e-05 -2.744905e-05)
(0.001951329 7.851918e-05 -2.117254e-05)
(0.002013389 8.217172e-05 -1.577553e-05)
(0.002064754 8.428105e-05 -1.147975e-05)
(0.002107761 8.510762e-05 -8.203349e-06)
(0.002144325 8.488075e-05 -5.773508e-06)
(0.002175909 8.380111e-05 -4.002811e-06)
(0.002203576 8.204315e-05 -2.725132e-06)
(0.002228089 7.97577e-05 -1.80952e-06)
(0.002249993 7.707413e-05 -1.15761e-06)
(0.002269688 7.410252e-05 -6.977735e-07)
(0.002287475 7.093557e-05 -3.76365e-07)
(0.002303582 6.765025e-05 -1.585293e-07)
(0.002318215 6.431056e-05 -9.246131e-09)
(0.002331474 6.096476e-05 7.362885e-08)
(0.001404268 7.132122e-06 -1.320136e-05)
(0.00146815 2.081219e-05 -3.23096e-05)
(0.001570922 3.291145e-05 -3.979644e-05)
(0.001679898 4.303368e-05 -3.86533e-05)
(0.001781239 5.115781e-05 -3.389616e-05)
(0.001869487 5.742346e-05 -2.761266e-05)
(0.001943194 6.203774e-05 -2.130994e-05)
(0.002003846 6.522e-05 -1.587953e-05)
(0.002053946 6.717836e-05 -1.154979e-05)
(0.002095852 6.810369e-05 -8.242957e-06)
(0.00213149 6.816912e-05 -5.787941e-06)
(0.002162333 6.753007e-05 -3.997565e-06)
(0.002189445 6.632458e-05 -2.705169e-06)
(0.002213588 6.467385e-05 -1.778979e-06)
(0.002235305 6.268302e-05 -1.119745e-06)
(0.002254988 6.044207e-05 -6.550361e-07)
(0.002272929 5.802715e-05 -3.305472e-07)
(0.002289344 5.550135e-05 -1.107787e-07)
(0.002304425 5.291758e-05 3.934367e-08)
(0.00231826 5.031477e-05 1.23436e-07)
(0.001404237 5.303109e-06 -1.321272e-05)
(0.001467681 1.548117e-05 -3.236921e-05)
(0.001569609 2.45381e-05 -3.988489e-05)
(0.001677534 3.218938e-05 -3.876914e-05)
(0.001777734 3.840558e-05 -3.402555e-05)
(0.001864824 4.327117e-05 -2.773828e-05)
(0.001937407 4.692091e-05 -2.142006e-05)
(0.001997006 4.950143e-05 -1.596836e-05)
(0.002046147 5.115545e-05 -1.161627e-05)
(0.002087205 5.201745e-05 -8.288964e-06)
(0.002122114 5.221243e-05 -5.816679e-06)
(0.00215235 5.185519e-05 -4.012524e-06)
(0.002178978 5.104964e-05 -2.709565e-06)
(0.002202756 4.98885e-05 -1.775523e-06)
(0.002224222 4.845315e-05 -1.110596e-06)
(0.002243763 4.68139e-05 -6.418218e-07)
(0.002261666 4.503063e-05 -3.144896e-07)
(0.002278139 4.315306e-05 -9.261803e-08)
(0.002293368 4.122317e-05 5.879055e-08)
(0.002307437 3.927181e-05 1.445574e-07)
(0.001404217 3.666131e-06 -1.322145e-05)
(0.001467372 1.070495e-05 -3.241201e-05)
(0.001568736 1.69934e-05 -3.994971e-05)
(0.001675949 2.23418e-05 -3.885382e-05)
(0.001775364 2.672422e-05 -3.41204e-05)
(0.001861647 3.01901e-05 -2.783158e-05)
(0.001933439 3.282337e-05 -2.150344e-05)
(0.001992288 3.471697e-05 -1.603754e-05)
(0.002040741 3.596304e-05 -1.167034e-05)
(0.002081184 3.665019e-05 -8.329046e-06)
(0.002115561 3.686242e-05 -5.844881e-06)
(0.002145348 3.667817e-05 -4.031198e-06)
(0.002171608 3.616956e-05 -2.720903e-06)
(0.002195097 3.540177e-05 -1.78138e-06)
(0.002216348 3.443263e-05 -1.112447e-06)
(0.002235743 3.33125e-05 -6.407755e-07)
(0.002253564 3.208455e-05 -3.113786e-07)
(0.002270015 3.078485e-05 -8.792073e-08)
(0.002285274 2.944391e-05 6.452069e-08)
(0.002299426 2.808444e-05 1.516182e-07)
(0.001404204 2.153021e-06 -1.322683e-05)
(0.001467182 6.28788e-06 -3.243814e-05)
(0.0015682 9.990569e-06 -3.999032e-05)
(0.001674972 1.315343e-05 -3.890701e-05)
(0.001773896 1.575924e-05 -3.41802e-05)
(0.001859668 1.783369e-05 -2.789098e-05)
(0.001930955 1.942272e-05 -2.155714e-05)
(0.001989322 2.057762e-05 -1.608273e-05)
(0.002037331 2.134983e-05 -1.170636e-05)
(0.002077376 2.178962e-05 -8.356536e-06)
(0.002111406 2.194522e-05 -5.865084e-06)
(0.002140897 2.186221e-05 -4.045545e-06)
(0.002166914 2.158295e-05 -2.730743e-06)
(0.002190208 2.114608e-05 -1.787858e-06)
(0.002211311 2.058611e-05 -1.116482e-06)
(0.002230599 1.993329e-05 -6.430505e-07)
(0.002248351 1.921371e-05 -3.124078e-07)
(0.002264767 1.844921e-05 -8.79892e-08)
(0.002280023 1.765838e-05 6.508077e-08)
(0.0022942 1.685515e-05 1.529979e-07)
(0.001404199 7.101422e-07 -1.322959e-05)
(0.001467092 2.074219e-06 -3.245073e-05)
(0.001567945 3.29691e-06 -4.00105e-05)
(0.001674506 4.343575e-06 -3.893333e-05)
(0.001773193 5.208205e-06 -3.420967e-05)
(0.001858718 5.898699e-06 -2.792039e-05)
(0.001929759 6.429715e-06 -2.158385e-05)
(0.001987891 6.817633e-06 -1.610534e-05)
(0.002035682 7.07898e-06 -1.172455e-05)
(0.00207553 7.230028e-06 -8.370599e-06)
(0.002109388 7.286495e-06 -5.875609e-06)
(0.002138734 7.263325e-06 -4.053223e-06)
(0.00216463 7.174482e-06 -2.73623e-06)
(0.002187828 7.03275e-06 -1.791717e-06)
(0.002208855 6.849604e-06 -1.119161e-06)
(0.002228088 6.635125e-06 -6.448879e-07)
(0.002245803 6.398034e-06 -3.136558e-07)
(0.002262198 6.145654e-06 -8.878686e-08)
(0.002277447 5.884218e-06 6.457519e-08)
(0.00229163 5.618431e-06 1.528708e-07)
(0.001404199 -7.101416e-07 -1.322959e-05)
(0.001467092 -2.074217e-06 -3.245073e-05)
(0.001567945 -3.296908e-06 -4.00105e-05)
(0.001674506 -4.343573e-06 -3.893333e-05)
(0.001773193 -5.208203e-06 -3.420967e-05)
(0.001858718 -5.898696e-06 -2.792039e-05)
(0.001929759 -6.429711e-06 -2.158385e-05)
(0.001987891 -6.817629e-06 -1.610534e-05)
(0.002035682 -7.078976e-06 -1.172455e-05)
(0.00207553 -7.230023e-06 -8.370599e-06)
(0.002109388 -7.28649e-06 -5.875609e-06)
(0.002138734 -7.26332e-06 -4.053223e-06)
(0.00216463 -7.174476e-06 -2.73623e-06)
(0.002187828 -7.032744e-06 -1.791717e-06)
(0.002208855 -6.849597e-06 -1.119161e-06)
(0.002228088 -6.635117e-06 -6.448879e-07)
(0.002245803 -6.398025e-06 -3.136558e-07)
(0.002262198 -6.145645e-06 -8.878686e-08)
(0.002277447 -5.884207e-06 6.457518e-08)
(0.00229163 -5.618419e-06 1.528708e-07)
(0.001404204 -2.15302e-06 -1.322683e-05)
(0.001467182 -6.287879e-06 -3.243814e-05)
(0.0015682 -9.990568e-06 -3.999032e-05)
(0.001674972 -1.315342e-05 -3.890701e-05)
(0.001773896 -1.575924e-05 -3.41802e-05)
(0.001859668 -1.783369e-05 -2.789098e-05)
(0.001930955 -1.942272e-05 -2.155714e-05)
(0.001989322 -2.057761e-05 -1.608273e-05)
(0.002037331 -2.134983e-05 -1.170636e-05)
(0.002077376 -2.178962e-05 -8.356536e-06)
(0.002111406 -2.194521e-05 -5.865084e-06)
(0.002140897 -2.18622e-05 -4.045545e-06)
(0.002166914 -2.158295e-05 -2.730743e-06)
(0.002190208 -2.114607e-05 -1.787858e-06)
(0.002211311 -2.05861e-05 -1.116482e-06)
(0.002230599 -1.993328e-05 -6.430504e-07)
(0.002248351 -1.92137e-05 -3.124078e-07)
(0.002264767 -1.844921e-05 -8.798919e-08)
(0.002280023 -1.765837e-05 6.508075e-08)
(0.0022942 -1.685514e-05 1.529977e-07)
(0.001404217 -3.66613e-06 -1.322145e-05)
(0.001467372 -1.070494e-05 -3.241201e-05)
(0.001568736 -1.69934e-05 -3.994971e-05)
(0.001675949 -2.23418e-05 -3.885382e-05)
(0.001775364 -2.672422e-05 -3.41204e-05)
(0.001861647 -3.019009e-05 -2.783158e-05)
(0.001933439 -3.282337e-05 -2.150344e-05)
(0.001992288 -3.471697e-05 -1.603754e-05)
(0.002040741 -3.596303e-05 -1.167034e-05)
(0.002081184 -3.665019e-05 -8.329046e-06)
(0.002115561 -3.686242e-05 -5.844881e-06)
(0.0004035728 5.212556e-07 1.543598e-06)
(0.0004013157 4.892693e-07 1.437874e-06)
(0.0003992383 4.483361e-07 1.338065e-06)
(0.0003973419 4.10477e-07 1.243637e-06)
(0.001022573 8.395226e-06 2.998743e-06)
(0.001016469 7.740064e-06 2.789436e-06)
(0.001010834 7.129498e-06 2.593631e-06)
(0.001005658 6.566872e-06 2.409247e-06)
(0.001488937 2.200914e-05 3.757499e-06)
(0.001480149 2.029137e-05 3.492839e-06)
(0.001471982 1.872353e-05 3.247558e-06)
(0.001464424 1.728813e-05 3.01778e-06)
(0.001827607 3.836924e-05 4.080885e-06)
(0.001818023 3.550056e-05 3.786385e-06)
(0.001809005 3.28782e-05 3.518146e-06)
(0.001800556 3.047148e-05 3.26998e-06)
(0.002058075 5.417245e-05 3.986106e-06)
(0.002049831 5.040629e-05 3.688593e-06)
(0.00204192 4.693228e-05 3.422744e-06)
(0.002034366 4.371913e-05 3.180981e-06)
(0.002200132 6.624816e-05 3.545786e-06)
(0.002194855 6.205646e-05 3.269498e-06)
(0.002189608 5.814276e-05 3.026828e-06)
(0.002184424 5.44847e-05 2.810389e-06)
(0.002275624 7.287039e-05 2.900789e-06)
(0.002273963 6.873151e-05 2.660266e-06)
(0.002272072 6.481638e-05 2.45224e-06)
(0.002269983 6.111448e-05 2.27051e-06)
(0.002306377 7.39137e-05 2.23294e-06)
(0.002308063 7.016237e-05 2.028029e-06)
(0.002309364 6.657011e-05 1.853411e-06)
(0.0023103 6.313582e-05 1.70417e-06)
(0.002311021 7.041116e-05 1.678123e-06)
(0.002315267 6.720031e-05 1.498535e-06)
(0.002319074 6.409448e-05 1.34754e-06)
(0.002322449 6.109761e-05 1.221098e-06)
(0.002303049 6.378194e-05 1.294901e-06)
(0.002308979 6.113043e-05 1.127976e-06)
(0.00231448 5.85472e-05 9.888869e-07)
(0.002319548 5.603776e-05 8.740141e-07)
(0.002290782 5.528744e-05 1.073048e-06)
(0.002297691 5.315038e-05 9.092814e-07)
(0.002304204 5.105921e-05 7.73246e-07)
(0.002310315 4.901917e-05 6.61441e-07)
(0.002316048 4.703517e-05 5.679501e-07)
(0.002278574 4.580458e-05 9.689488e-07)
(0.002285999 4.412474e-05 8.033685e-07)
(0.002293061 4.247705e-05 6.656758e-07)
(0.002299753 4.086592e-05 5.523536e-07)
(0.002306095 3.929559e-05 4.57745e-07)
(0.00226831 3.584836e-05 9.347311e-07)
(0.002275988 3.457942e-05 7.658328e-07)
(0.002283328 3.333318e-05 6.249973e-07)
(0.002290322 3.211316e-05 5.086491e-07)
(0.00229699 3.09227e-05 4.113139e-07)
(0.002260606 2.568308e-05 9.336177e-07)
(0.002268403 2.479414e-05 7.61714e-07)
(0.002275877 2.392048e-05 6.179866e-07)
(0.002283022 2.306466e-05 4.988051e-07)
(0.002289855 2.22291e-05 3.988136e-07)
(0.002255542 1.543135e-05 9.425866e-07)
(0.002263392 1.490417e-05 7.686313e-07)
(0.002270929 1.438581e-05 6.229083e-07)
(0.002278145 1.387787e-05 5.017502e-07)
(0.002285058 1.33818e-05 3.998698e-07)
(0.002291687 1.289863e-05 3.14154e-07)
(0.002253042 5.146607e-06 9.495512e-07)
(0.002260914 4.971834e-06 7.745899e-07)
(0.002268476 4.799944e-06 6.278816e-07)
(0.002275721 4.63148e-06 5.057413e-07)
(0.002282666 4.466933e-06 4.029129e-07)
(0.00228933 4.30665e-06 3.162909e-07)
(0.0004086605 5.600777e-07 1.138422e-06)
(0.0004063774 5.26072e-07 1.058433e-06)
(0.0004042754 4.830595e-07 9.835358e-07)
(0.000402356 4.430864e-07 9.12648e-07)
(0.001037447 8.805643e-06 2.253011e-06)
(0.001031262 8.126356e-06 2.090646e-06)
(0.00102555 7.492606e-06 1.939987e-06)
(0.001020301 6.907567e-06 1.798318e-06)
(0.00151231 2.300524e-05 2.846647e-06)
(0.001503408 2.122909e-05 2.64083e-06)
(0.00149513 1.960534e-05 2.451064e-06)
(0.001487465 1.811638e-05 2.273312e-06)
(0.001857609 4.00421e-05 3.125765e-06)
(0.001847927 3.70803e-05 2.895811e-06)
(0.001838807 3.436808e-05 2.686846e-06)
(0.001830255 3.1875e-05 2.493373e-06)
(0.002092608 5.646868e-05 3.081447e-06)
(0.002084342 5.258675e-05 2.848697e-06)
(0.002076394 4.899916e-05 2.640556e-06)
(0.002068789 4.567559e-05 2.450968e-06)
(0.002237251 6.898863e-05 2.771851e-06)
(0.002232066 6.467693e-05 2.554819e-06)
(0.002226884 6.064281e-05 2.363374e-06)
(0.002221743 5.686553e-05 2.192168e-06)
(0.002313826 7.580821e-05 2.29936e-06)
(0.002312375 7.156219e-05 2.109338e-06)
(0.00231066 6.753632e-05 1.943623e-06)
(0.002308716 6.372213e-05 1.79823e-06)
(0.002344717 7.681131e-05 1.803125e-06)
(0.002346704 7.297539e-05 1.64015e-06)
(0.00234827 6.92924e-05 1.499515e-06)
(0.002349439 6.576335e-05 1.378498e-06)
(0.00234904 7.309004e-05 1.387368e-06)
(0.002353641 6.981876e-05 1.243649e-06)
(0.00235777 6.664506e-05 1.120851e-06)
(0.002361436 6.357479e-05 1.017024e-06)
(0.002340617 6.613642e-05 1.099099e-06)
(0.002346924 6.344496e-05 9.649157e-07)
(0.002352772 6.081424e-05 8.510738e-07)
(0.002358161 5.82513e-05 7.559375e-07)
(0.002327936 5.727084e-05 9.322395e-07)
(0.002335223 5.510887e-05 8.002538e-07)
(0.002342089 5.298591e-05 6.885862e-07)
(0.002348528 5.090842e-05 5.956354e-07)
(0.002354568 4.888234e-05 5.169894e-07)
(0.002315406 4.740672e-05 8.546114e-07)
(0.002323201 4.571205e-05 7.20978e-07)
(0.002330611 4.404371e-05 6.07856e-07)
(0.002337629 4.240705e-05 5.135703e-07)
(0.002344278 4.08071e-05 4.339089e-07)
(0.002304915 3.707627e-05 8.300288e-07)
(0.002312952 3.579887e-05 6.936113e-07)
(0.002320632 3.453959e-05 5.779033e-07)
(0.002327946 3.330264e-05 4.811344e-07)
(0.002334916 3.209193e-05 3.992306e-07)
(0.002297059 2.654887e-05 8.304547e-07)
(0.002305206 2.565538e-05 6.915425e-07)
(0.002313013 2.477387e-05 5.734717e-07)
(0.002320472 2.390738e-05 4.743953e-07)
(0.002327602 2.305874e-05 3.903282e-07)
(0.002291903 1.594601e-05 8.382205e-07)
(0.002300098 1.541665e-05 6.976066e-07)
(0.002307963 1.489412e-05 5.779045e-07)
(0.002315488 1.438031e-05 4.772184e-07)
(0.002322694 1.38769e-05 3.916142e-07)
(0.002329602 1.338514e-05 3.186025e-07)
(0.002289361 5.317331e-06 8.440197e-07)
(0.002297574 5.141921e-06 7.025707e-07)
(0.00230546 4.96873e-06 5.820619e-07)
(0.002313012 4.798393e-06 4.805748e-07)
(0.002320249 4.631481e-06 3.941987e-07)
(0.002327191 4.468412e-06 3.204522e-07)
(0.0004118798 5.871846e-07 6.878945e-07)
(0.0004095815 5.516324e-07 6.362252e-07)
(0.0004074651 5.071812e-07 5.88785e-07)
(0.0004055323 4.657141e-07 5.438413e-07)
(0.001046869 9.077665e-06 1.417036e-06)
(0.001040638 8.382415e-06 1.306986e-06)
(0.001034881 7.733455e-06 1.206717e-06)
(0.00102959 7.133653e-06 1.112643e-06)
(0.001527136 2.366253e-05 1.81858e-06)
(0.00151817 2.18484e-05 1.679137e-06)
(0.001509827 2.01882e-05 1.551965e-06)
(0.0015021 1.866421e-05 1.432685e-06)
(0.001876656 4.114663e-05 2.041203e-06)
(0.001866924 3.812441e-05 1.884859e-06)
(0.001857749 3.53536e-05 1.743365e-06)
(0.001849139 3.280407e-05 1.611892e-06)
(0.002114539 5.798302e-05 2.048251e-06)
(0.002106274 5.402645e-05 1.890131e-06)
(0.002098315 5.036516e-05 1.748291e-06)
(0.00209069 4.69697e-05 1.618393e-06)
(0.002260817 7.079477e-05 1.88194e-06)
(0.00225571 6.640618e-05 1.733902e-06)
(0.002250586 6.229428e-05 1.601905e-06)
(0.002245486 5.843968e-05 1.483025e-06)
(0.002338066 7.774286e-05 1.601898e-06)
(0.002336769 7.342873e-05 1.471254e-06)
(0.002335184 6.933178e-05 1.355159e-06)
(0.002333349 6.544515e-05 1.252343e-06)
(0.002369026 7.871793e-05 1.298673e-06)
(0.002371226 7.482881e-05 1.185433e-06)
(0.002372981 7.108808e-05 1.08507e-06)
(0.002374316 6.74983e-05 9.975985e-07)
(0.00237313 7.485101e-05 1.040085e-06)
(0.002377979 7.154233e-05 9.39177e-07)
(0.002382332 6.832596e-05 8.500845e-07)
(0.002386201 6.520906e-05 7.73495e-07)
(0.002364411 6.768248e-05 8.594465e-07)
(0.002370978 6.496688e-05 7.644647e-07)
(0.002377067 6.230678e-05 6.809564e-07)
(0.002382677 5.971026e-05 6.097943e-07)
(0.002351462 5.857172e-05 7.550342e-07)
(0.002359009 5.639525e-05 6.611198e-07)
(0.002366117 5.425304e-05 5.787678e-07)
(0.002372782 5.215238e-05 5.087803e-07)
(0.002379033 5.009989e-05 4.483889e-07)
(0.002338727 4.845637e-05 7.074917e-07)
(0.002346775 4.67535e-05 6.121005e-07)
(0.002354424 4.5073e-05 5.285184e-07)
(0.002361665 4.342081e-05 4.573977e-07)
(0.002368525 4.180249e-05 3.961066e-07)
(0.002328092 3.787994e-05 6.938585e-07)
(0.002336375 3.659821e-05 5.962875e-07)
(0.002344287 3.533149e-05 5.107543e-07)
(0.002351821 3.40844e-05 4.377653e-07)
(0.002358997 3.286128e-05 3.747819e-07)
(0.002320142 2.711508e-05 6.960219e-07)
(0.002328529 2.621949e-05 5.965404e-07)
(0.002336563 2.533363e-05 5.092502e-07)
(0.002344236 2.446086e-05 4.34552e-07)
(0.002351569 2.360428e-05 3.699668e-07)
(0.002314929 1.628239e-05 7.02404e-07)
(0.00232336 1.575214e-05 6.016235e-07)
(0.002331448 1.522737e-05 5.131205e-07)
(0.002339184 1.471014e-05 4.372311e-07)
(0.002346591 1.420231e-05 3.715103e-07)
(0.002353689 1.370526e-05 3.141748e-07)
(0.00231236 5.428888e-06 7.068673e-07)
(0.002320807 5.253237e-06 6.054488e-07)
(0.002328915 5.079357e-06 5.163446e-07)
(0.002336676 4.90794e-06 4.398615e-07)
(0.002344112 4.739609e-06 3.735699e-07)
(0.002351243 4.574827e-06 3.156955e-07)
(0.0004132597 6.024089e-07 2.098887e-07)
(0.0004109567 5.657143e-07 1.881296e-07)
(0.0004088358 5.204355e-07 1.6976e-07)
(0.0004068985 4.780657e-07 1.522322e-07)
(0.001050912 9.204282e-06 5.272473e-07)
(0.001044666 8.501246e-06 4.725972e-07)
(0.001038895 7.845173e-06 4.260092e-07)
(0.00103359 7.238409e-06 3.824679e-07)
(0.001533507 2.3963e-05 7.189672e-07)
(0.001524521 2.213149e-05 6.5038e-07)
(0.00151616 2.045464e-05 5.903424e-07)
(0.001508412 1.89146e-05 5.335125e-07)
(0.001884845 4.16531e-05 8.768641e-07)
(0.001875104 3.860335e-05 7.99588e-07)
(0.001865918 3.580565e-05 7.308106e-07)
(0.001857293 3.323024e-05 6.658896e-07)
(0.002123968 5.867543e-05 9.351814e-07)
(0.002115721 5.468528e-05 8.57709e-07)
(0.002107772 5.099046e-05 7.876082e-07)
(0.002100151 4.756229e-05 7.221159e-07)
(0.002270946 7.162018e-05 9.191602e-07)
(0.002265891 6.719725e-05 8.461603e-07)
(0.002260809 6.305015e-05 7.787669e-07)
(0.002255741 5.916052e-05 7.1671e-07)
(0.002348476 7.862667e-05 8.432543e-07)
(0.002347265 7.428227e-05 7.775889e-07)
(0.002345755 7.015334e-05 7.156561e-07)
(0.002343984 6.6234e-05 6.594221e-07)
(0.002379456 7.958912e-05 7.458066e-07)
(0.002381769 7.567644e-05 6.872891e-07)
(0.002383624 7.190985e-05 6.310828e-07)
(0.002385048 6.829274e-05 5.806112e-07)
(0.002383459 7.565573e-05 6.553176e-07)
(0.002388434 7.233057e-05 6.016999e-07)
(0.002392903 6.909519e-05 5.497067e-07)
(0.002396877 6.595739e-05 5.033801e-07)
(0.002374608 6.838892e-05 5.900204e-07)
(0.002381306 6.566278e-05 5.384258e-07)
(0.002387516 6.298969e-05 4.883848e-07)
(0.002393239 6.037819e-05 4.439814e-07)
(0.002361542 5.916587e-05 5.526089e-07)
(0.002369219 5.698315e-05 5.008421e-07)
(0.002376449 5.483254e-05 4.508622e-07)
(0.002383228 5.272162e-05 4.065418e-07)
(0.002389585 5.065734e-05 3.66691e-07)
(0.002348718 4.893544e-05 5.373608e-07)
(0.002356893 4.722915e-05 4.842889e-07)
(0.002364661 4.554341e-05 4.333302e-07)
(0.002372016 4.38844e-05 3.880908e-07)
(0.00237898 4.225794e-05 3.474641e-07)
(0.002338022 3.824645e-05 5.35474e-07)
(0.002346429 3.696299e-05 4.808708e-07)
(0.002354458 3.569312e-05 4.286549e-07)
(0.002362101 3.444164e-05 3.822079e-07)
(0.002369381 3.321306e-05 3.404805e-07)
(0.002330032 2.73731e-05 5.394839e-07)
(0.00233854 2.647673e-05 4.83601e-07)
(0.002346688 2.558908e-05 4.302899e-07)
(0.002354469 2.471362e-05 3.827787e-07)
(0.002361904 2.385356e-05 3.40054e-07)
(0.002324796 1.643559e-05 5.443597e-07)
(0.002333346 1.590504e-05 4.876143e-07)
(0.002341546 1.537936e-05 4.335476e-07)
(0.002349389 1.486069e-05 3.852974e-07)
(0.002356895 1.435094e-05 3.418703e-07)
(0.002364088 1.385156e-05 3.022032e-07)
(0.002322216 5.479677e-06 5.473753e-07)
(0.002330781 5.303955e-06 4.902061e-07)
(0.002339 5.129799e-06 4.35763e-07)
(0.002346867 4.957925e-06 3.871433e-07)
(0.002354402 4.78898e-06 3.433628e-07)
(0.002361627 4.623448e-06 3.033688e-07)
(0.0004128131 6.065516e-07 -2.778135e-07)
(0.0004105156 5.689739e-07 -2.689616e-07)
(0.0004083998 5.23411e-07 -2.575411e-07)
(0.0004064668 4.806611e-07 -2.470816e-07)
(0.001049607 9.183043e-06 -3.771498e-07)
(0.001043379 8.480293e-06 -3.757313e-07)
(0.001037624 7.825233e-06 -3.674044e-07)
(0.001032332 7.219327e-06 -3.595205e-07)
(0.001531462 2.389878e-05 -4.023688e-07)
(0.001522503 2.207051e-05 -3.989307e-07)
(0.001514166 2.039695e-05 -3.900157e-07)
(0.00150644 1.886e-05 -3.830686e-07)
(0.001882223 4.154858e-05 -3.124834e-07)
(0.001872512 3.850414e-05 -3.092171e-07)
(0.001863355 3.571137e-05 -3.032712e-07)
(0.001854756 3.314085e-05 -3.001036e-07)
(0.002120948 5.852836e-05 -2.034814e-07)
(0.002112729 5.454556e-05 -1.986112e-07)
(0.002104808 5.085738e-05 -1.950856e-07)
(0.002097212 4.743586e-05 -1.94599e-07)
(0.002267695 7.144447e-05 -6.788108e-08)
(0.002262661 6.702937e-05 -6.398827e-08)
(0.0022576 6.288946e-05 -6.515897e-08)
(0.002252553 5.900714e-05 -6.888374e-08)
(0.002345123 7.843864e-05 6.317715e-08)
(0.002343925 7.410118e-05 6.436032e-08)
(0.002342428 6.997891e-05 5.788444e-08)
(0.00234067 6.606648e-05 4.959529e-08)
(0.002376084 7.940526e-05 1.748295e-07)
(0.002378402 7.54978e-05 1.728162e-07)
(0.002380262 7.173657e-05 1.617873e-07)
(0.002381693 6.812517e-05 1.495156e-07)
(0.002380109 7.548728e-05 2.554391e-07)
(0.002385084 7.216554e-05 2.507759e-07)
(0.002389553 6.893402e-05 2.367319e-07)
(0.002393529 6.580049e-05 2.217364e-07)
(0.002371293 6.824201e-05 3.076814e-07)
(0.002377989 6.551786e-05 3.010479e-07)
(0.002384196 6.284732e-05 2.852536e-07)
(0.002389918 6.023879e-05 2.685988e-07)
(0.002358261 5.904265e-05 3.385909e-07)
(0.002365935 5.686095e-05 3.304926e-07)
(0.002373162 5.471193e-05 3.136677e-07)
(0.002379939 5.2603e-05 2.959885e-07)
(0.002386293 5.054105e-05 2.776175e-07)
(0.002345466 4.883602e-05 3.562763e-07)
(0.002353638 4.713018e-05 3.470396e-07)
(0.002361403 4.54454e-05 3.295273e-07)
(0.002368755 4.378769e-05 3.111545e-07)
(0.002375716 4.216283e-05 2.921342e-07)
(0.002334791 3.817016e-05 3.663577e-07)
(0.002343195 3.688685e-05 3.562494e-07)
(0.002351221 3.561754e-05 3.382155e-07)
(0.002358862 3.43669e-05 3.193162e-07)
(0.002366139 3.313939e-05 2.998003e-07)
(0.002326816 2.731918e-05 3.722248e-07)
(0.002335322 2.642284e-05 3.61482e-07)
(0.002343467 2.55355e-05 3.430483e-07)
(0.002351246 2.466055e-05 3.237498e-07)
(0.002358678 2.380118e-05 3.038568e-07)
(0.002321589 1.640347e-05 3.755365e-07)
(0.002330137 1.58729e-05 3.643788e-07)
(0.002338334 1.534738e-05 3.456692e-07)
(0.002346176 1.482898e-05 3.260984e-07)
(0.002353679 1.431961e-05 3.059483e-07)
(0.002360869 1.382071e-05 2.847704e-07)
(0.002319013 5.469009e-06 3.770589e-07)
(0.002327577 5.293276e-06 3.656974e-07)
(0.002335794 5.119167e-06 3.46847e-07)
(0.002343659 4.947381e-06 3.271384e-07)
(0.002351191 4.778559e-06 3.068585e-07)
(0.002358413 4.613182e-06 2.855722e-07)
(0.002319013 -5.468996e-06 3.770588e-07)
(0.002327577 -5.293263e-06 3.656973e-07)
(0.002335794 -5.119152e-06 3.468468e-07)
(0.002343659 -4.947365e-06 3.271382e-07)
(0.002351191 -4.778542e-06 3.068583e-07)
(0.002358413 -4.613165e-06 2.85572e-07)
(0.0004105373 6.020928e-07 -7.58083e-07)
(0.0004082551 5.635961e-07 -7.186398e-07)
(0.0004061539 5.181606e-07 -6.777721e-07)
(0.000404234 4.754128e-07 -6.395797e-07)
(0.001042948 9.016505e-06 -1.263595e-06)
(0.001036768 8.321868e-06 -1.206592e-06)
(0.001031059 7.675877e-06 -1.144181e-06)
(0.001025809 7.078523e-06 -1.085539e-06)
(0.001520998 2.347234e-05 -1.498462e-06)
(0.00151211 2.166785e-05 -1.424128e-06)
(0.001503841 2.001744e-05 -1.347581e-06)
(0.001496178 1.850264e-05 -1.277914e-06)
(0.001868786 4.083706e-05 -1.475233e-06)
(0.001859145 3.783068e-05 -1.392877e-06)
(0.001850057 3.507447e-05 -1.313739e-06)
(0.001841525 3.253947e-05 -1.243716e-06)
(0.002105477 5.754682e-05 -1.316089e-06)
(0.002097297 5.361225e-05 -1.230695e-06)
(0.002089421 4.997065e-05 -1.155244e-06)
(0.002081873 4.659499e-05 -1.09019e-06)
(0.002251063 7.027316e-05 -1.032759e-06)
(0.002246019 6.59081e-05 -9.538567e-07)
(0.002240959 6.181761e-05 -8.904207e-07)
(0.002235921 5.798483e-05 -8.372203e-07)
(0.002328004 7.718423e-05 -7.001686e-07)
(0.002326745 7.289102e-05 -6.3389e-07)
(0.002325199 6.881402e-05 -5.863007e-07)
(0.002323406 6.494805e-05 -5.479227e-07)
(0.002358904 7.817129e-05 -3.85033e-07)
(0.002361119 7.429799e-05 -3.320964e-07)
(0.002362891 7.057341e-05 -2.990907e-07)
(0.002364247 6.70008e-05 -2.742594e-07)
(0.002363072 7.43498e-05 -1.378387e-07)
(0.002367919 7.105159e-05 -9.494878e-08)
(0.002372275 6.784695e-05 -7.200961e-08)
(0.00237615 6.474297e-05 -5.66225e-08)
(0.002354457 6.724506e-05 2.891081e-08)
(0.002361016 6.453564e-05 6.591452e-08)
(0.002367098 6.188339e-05 8.348483e-08)
(0.002372706 5.929594e-05 9.371323e-08)
(0.002341611 5.820459e-05 1.264001e-07)
(0.002349147 5.60314e-05 1.606575e-07)
(0.002356247 5.389419e-05 1.76143e-07)
(0.002362905 5.179965e-05 1.843008e-07)
(0.002369148 4.975426e-05 1.868923e-07)
(0.00232896 4.816e-05 1.761815e-07)
(0.002336999 4.64587e-05 2.094849e-07)
(0.002344638 4.478126e-05 2.245805e-07)
(0.002351872 4.313311e-05 2.322851e-07)
(0.002358722 4.151969e-05 2.343581e-07)
(0.002318388 3.765241e-05 1.979241e-07)
(0.002326663 3.637133e-05 2.310156e-07)
(0.002334567 3.510644e-05 2.463138e-07)
(0.002342093 3.386197e-05 2.54173e-07)
(0.002349261 3.264216e-05 2.563497e-07)
(0.002310482 2.695424e-05 2.055765e-07)
(0.002318862 2.605885e-05 2.386764e-07)
(0.002326889 2.517404e-05 2.5426e-07)
(0.002334556 2.430289e-05 2.623828e-07)
(0.00234188 2.344844e-05 2.647964e-07)
(0.002305296 1.618655e-05 2.073331e-07)
(0.002313722 1.565633e-05 2.404649e-07)
(0.002321803 1.513209e-05 2.562462e-07)
(0.002329534 1.461575e-05 2.645621e-07)
(0.002336932 1.410912e-05 2.671603e-07)
(0.002344021 1.361354e-05 2.641521e-07)
(0.00230274 5.397052e-06 2.073798e-07)
(0.002311183 5.221397e-06 2.40528e-07)
(0.002319285 5.04768e-06 2.564016e-07)
(0.002327041 4.876545e-06 2.648108e-07)
(0.002334468 4.708599e-06 2.675013e-07)
(0.00234159 4.544297e-06 2.646007e-07)
(0.00230274 -5.397039e-06 2.073798e-07)
(0.002311183 -5.221384e-06 2.405278e-07)
(0.002319285 -5.047665e-06 2.564015e-07)
(0.002327041 -4.876529e-06 2.648106e-07)
(0.002334468 -4.708583e-06 2.675011e-07)
(0.00234159 -4.54428e-06 2.646005e-07)
(0.002305296 -1.618654e-05 2.073329e-07)
(0.002313722 -1.565631e-05 2.404647e-07)
(0.002321803 -1.513208e-05 2.56246e-07)
(0.002329534 -1.461574e-05 2.645619e-07)
(0.002336932 -1.41091e-05 2.6716e-07)
(0.002344021 -1.361352e-05 2.641517e-07)
(0.001192287 0.0001333923 -6.337067e-06)
(0.001067942 0.000139328 -5.033166e-05)
(0.0008918567 7.88816e-05 -3.696824e-05)
(0.0007617008 3.970222e-05 -2.88485e-05)
(0.0006814112 2.001016e-05 -2.21621e-05)
(0.0006241002 1.081124e-05 -1.527588e-05)
(0.0005812146 6.652097e-06 -1.063921e-05)
(0.0005482038 4.655329e-06 -7.688545e-06)
(0.0005218479 3.577104e-06 -5.825231e-06)
(0.000500286 2.906076e-06 -4.670889e-06)
(0.0004824087 2.430461e-06 -3.94724e-06)
(0.000467459 2.063889e-06 -3.468837e-06)
(0.0004548816 1.767887e-06 -3.125307e-06)
(0.0004442493 1.522686e-06 -2.854453e-06)
(0.0004352225 1.316803e-06 -2.623313e-06)
(0.0004275275 1.142381e-06 -2.41461e-06)
(0.0004209401 9.939502e-07 -2.22173e-06)
(0.000415282 8.658378e-07 -2.038144e-06)
(0.0004103954 7.565159e-07 -1.869305e-06)
(0.0004061901 6.517783e-07 -1.700624e-06)
(0.00145324 0.0002126384 -3.698317e-05)
(0.001570189 0.0002987905 -8.096346e-05)
(0.001592345 0.0002589815 -8.113434e-05)
(0.001562979 0.0001990871 -7.179012e-05)
(0.001515458 0.000145638 -5.905656e-05)
(0.001459915 0.0001064864 -4.490723e-05)
(0.001403018 8.002993e-05 -3.276883e-05)
(0.001348995 6.227402e-05 -2.360274e-05)
(0.001299662 5.003497e-05 -1.711739e-05)
(0.001255567 4.122164e-05 -1.272275e-05)
(0.001216678 3.456225e-05 -9.810221e-06)
(0.001182654 2.932442e-05 -7.879165e-06)
(0.001153016 2.508434e-05 -6.572663e-06)
(0.001127254 2.158432e-05 -5.655363e-06)
(0.001104872 1.865737e-05 -4.979112e-06)
(0.00108542 1.618773e-05 -4.452307e-06)
(0.00106849 1.409038e-05 -4.021762e-06)
(0.001053736 1.229904e-05 -3.651068e-06)
(0.001040835 1.07632e-05 -3.3296e-06)
(0.001029575 9.426669e-06 -3.027187e-06)
(0.001426365 0.0001116981 -2.556477e-05)
(0.001581045 0.0002208252 -6.731994e-05)
(0.001731832 0.000254374 -8.252359e-05)
(0.001828376 0.0002472019 -8.16001e-05)
(0.00187503 0.0002200564 -7.289131e-05)
(0.001884793 0.0001882418 -6.03062e-05)
(0.001869919 0.0001589045 -4.741992e-05)
(0.001840767 0.0001339952 -3.620164e-05)
(0.001804642 0.0001134918 -2.725642e-05)
(0.001766129 9.673922e-05 -2.052386e-05)
(0.001727968 8.297513e-05 -1.564674e-05)
(0.001691685 7.155093e-05 -1.218606e-05)
(0.001658033 6.197105e-05 -9.744651e-06)
(0.001627305 5.386685e-05 -8.010554e-06)
(0.001599527 4.696331e-05 -6.757094e-06)
(0.001574578 4.105146e-05 -5.826196e-06)
(0.001552259 3.596819e-05 -5.113152e-06)
(0.001532344 3.158323e-05 -4.544142e-06)
(0.001514576 2.779036e-05 -4.081646e-06)
(0.001498789 2.449827e-05 -3.676112e-06)
(0.001413924 6.755839e-05 -2.95908e-05)
(0.0015369 0.0001630793 -7.027527e-05)
(0.001700045 0.0002149508 -8.504906e-05)
(0.001842678 0.0002348642 -8.376243e-05)
(0.00194826 0.0002332709 -7.542892e-05)
(0.002016845 0.0002197267 -6.380365e-05)
(0.002053802 0.000200956 -5.167969e-05)
(0.002067056 0.00018076 -4.074708e-05)
(0.00206407 0.0001611095 -3.162409e-05)
(0.002050635 0.0001429138 -2.438245e-05)
(0.00203096 0.0001264844 -1.883589e-05)
(0.00200798 0.0001118399 -1.468678e-05)
(0.001983654 9.887299e-05 -1.162425e-05)
(0.001959244 8.743052e-05 -9.374871e-06)
(0.00193554 7.735037e-05 -7.718649e-06)
(0.001913007 6.84783e-05 -6.487157e-06)
(0.001891893 6.067283e-05 -5.557926e-06)
(0.001872311 5.380857e-05 -4.839533e-06)
(0.00185426 4.777006e-05 -4.276104e-06)
(0.001837757 4.247196e-05 -3.809659e-06)
(0.001409121 4.493969e-05 -2.915742e-05)
(0.001508069 0.0001187966 -6.75677e-05)
(0.00165488 0.0001680439 -8.173456e-05)
(0.001798632 0.0001966683 -8.023916e-05)
(0.001920359 0.000209381 -7.183793e-05)
(0.002014998 0.0002106452 -6.066123e-05)
(0.002082752 0.0002044172 -4.934399e-05)
(0.002127539 0.0001936658 -3.929498e-05)
(0.00215432 0.0001804779 -3.092511e-05)
(0.002167572 0.0001662699 -2.420522e-05)
(0.002171 0.0001519515 -1.894559e-05)
(0.002167532 0.0001380758 -1.489987e-05)
(0.002159393 0.0001249589 -1.182241e-05)
(0.002148229 0.000112762 -9.496688e-06)
(0.002135245 0.000101549 -7.74346e-06)
(0.002121307 9.132408e-05 -6.419372e-06)
(0.002107025 8.205524e-05 -5.414085e-06)
(0.002092827 7.369328e-05 -4.641975e-06)
(0.002078988 6.61712e-05 -4.043598e-06)
(0.002065728 5.945151e-05 -3.568546e-06)
(0.001407273 3.233101e-05 -2.942627e-05)
(0.001493363 8.963039e-05 -6.759517e-05)
(0.001625394 0.0001321396 -8.126902e-05)
(0.001759221 0.0001606472 -7.894909e-05)
(0.001877969 0.0001777151 -6.953159e-05)
(0.001976716 0.0001858154 -5.765193e-05)
(0.002054564 0.0001872316 -4.610788e-05)
(0.002113673 0.0001838391 -3.622465e-05)
(0.002157229 0.0001771098 -2.825197e-05)
(0.002188222 0.000168199 -2.200346e-05)
(0.00220925 0.0001579942 -1.718221e-05)
(0.002222504 0.0001471563 -1.349172e-05)
(0.002229774 0.0001361626 -1.06769e-05)
(0.0022325 0.0001253465 -8.533634e-06)
(0.002231833 0.0001149302 -6.90282e-06)
(0.002228682 0.0001050548 -5.661246e-06)
(0.002223761 9.580052e-05 -4.714119e-06)
(0.002217625 8.720898e-05 -3.988861e-06)
(0.002210701 7.928357e-05 -3.429398e-06)
(0.002203316 7.204534e-05 -3.001259e-06)
(0.001406434 2.427477e-05 -2.935508e-05)
(0.001485688 6.903551e-05 -6.736648e-05)
(0.001608115 0.0001045047 -8.080172e-05)
(0.001733062 0.0001302017 -7.814573e-05)
(0.001845154 0.0001475002 -6.816016e-05)
(0.001940274 0.0001579224 -5.56898e-05)
(0.002017892 0.0001629227 -4.372609e-05)
(0.002080037 0.0001637409 -3.365926e-05)
(0.002129412 0.0001613796 -2.571757e-05)
(0.002168352 0.0001566617 -1.964712e-05)
(0.002198765 0.0001502661 -1.507627e-05)
(0.002222211 0.0001427462 -1.165092e-05)
(0.002239957 0.0001345454 -9.081273e-06)
(0.002253049 0.0001260111 -7.147702e-06)
(0.002262355 0.0001174083 -5.688335e-06)
(0.002268604 0.0001089333 -4.584349e-06)
(0.002272404 0.0001007263 -3.747331e-06)
(0.00227426 9.288565e-05 -3.11323e-06)
(0.002274601 8.546821e-05 -2.62852e-06)
(0.002273745 7.853461e-05 -2.272922e-06)
(0.00140606 1.884297e-05 -2.941964e-05)
(0.001481485 5.42355e-05 -6.759927e-05)
(0.001597823 8.345092e-05 -8.103085e-05)
(0.001716423 0.0001056827 -7.826847e-05)
(0.001822785 0.0001216264 -6.797137e-05)
(0.001913256 0.0001322366 -5.507092e-05)
(0.00198769 0.0001384915 -4.269614e-05)
(0.002048342 0.0001412698 -3.231872e-05)
(0.002097971 0.0001413021 -2.419641e-05)
(0.002138815 0.0001391947 -1.806602e-05)
(0.002172571 0.0001354566 -1.352539e-05)
(0.002200519 0.0001305146 -1.018596e-05)
(0.002223629 0.0001247248 -7.729072e-06)
(0.002242662 0.0001183811 -5.914936e-06)
(0.002258234 0.0001117219 -4.569699e-06)
(0.002270867 0.0001049375 -3.569082e-06)
(0.002281007 9.817541e-05 -2.822809e-06)
(0.002289033 9.154937e-05 -2.268666e-06)
(0.002295296 8.513848e-05 -1.852564e-06)
(0.002300037 7.901547e-05 -1.561766e-06)
(0.001405851 1.482525e-05 -2.944741e-05)
(0.001478984 4.292523e-05 -6.778488e-05)
(0.001591404 6.67749e-05 -8.129059e-05)
(0.001705636 8.558213e-05 -7.856088e-05)
(0.001807745 9.96561e-05 -6.816625e-05)
(0.001894344 0.0001095793 -5.505448e-05)
(0.001965509 0.0001160063 -4.24291e-05)
(0.00202367 0.0001195636 -3.181863e-05)
(0.002071699 0.0001207974 -2.35139e-05)
(0.002111894 0.0001201742 -1.72633e-05)
(0.002145943 0.0001180922 -1.26603e-05)
(0.002175066 0.0001148895 -9.304169e-06)
(0.00220013 0.0001108513 -6.862301e-06)
(0.002221768 0.0001062171 -5.082593e-06)
(0.002240463 0.0001011856 -3.781703e-06)
(0.002256602 9.591979e-05 -2.829068e-06)
(0.002270508 9.055111e-05 -2.130355e-06)
(0.002282454 8.518469e-05 -1.62195e-06)
(0.002292702 7.989999e-05 -1.247877e-06)
(0.002301413 7.476379e-05 -9.971057e-07)
(0.001405733 1.172584e-05 -2.949696e-05)
(0.001477425 3.404787e-05 -6.801376e-05)
(0.00158724 5.334638e-05 -8.163215e-05)
(0.001698426 6.895911e-05 -7.89781e-05)
(0.001797439 8.100297e-05 -6.856792e-05)
(0.001881079 8.98308e-05 -5.535051e-05)
(0.001949564 9.587625e-05 -4.257335e-05)
(0.002005429 9.957872e-05 -3.180285e-05)
(0.002051622 0.0001013415 -2.335479e-05)
(0.00209049 0.0001015232 -1.699022e-05)
(0.002123749 0.0001004388 -1.230539e-05)
(0.002152623 9.836147e-05 -8.896475e-06)
(0.002177958 9.552448e-05 -6.425365e-06)
(0.002200349 9.212537e-05 -4.633963e-06)
(0.002220228 8.83294e-05 -3.333522e-06)
(0.002237921 8.427331e-05 -2.389223e-06)
(0.002253686 8.00687e-05 -1.703473e-06)
(0.002267734 7.580566e-05 -1.210667e-06)
(0.002280265 7.155515e-05 -8.532222e-07)
(0.002291386 6.737255e-05 -6.186661e-07)
(0.001405657 9.215512e-06 -2.953511e-05)
(0.001476401 2.679764e-05 -6.819386e-05)
(0.001584447 4.219283e-05 -8.191714e-05)
(0.001693489 5.488631e-05 -7.934539e-05)
(0.00179025 6.490422e-05 -6.895726e-05)
(0.001871674 7.245774e-05 -5.569645e-05)
(0.001938083 7.783078e-05 -4.283615e-05)
(0.001992089 8.132572e-05 -3.196776e-05)
(0.002036687 8.323327e-05 -2.342454e-05)
(0.002074255 8.382289e-05 -1.697743e-05)
(0.002106528 8.333961e-05 -1.222633e-05)
(0.002134734 8.200148e-05 -8.767306e-06)
(0.002159719 7.999878e-05 -6.260255e-06)
(0.002182068 7.749473e-05 -4.444467e-06)
(0.002202192 7.462712e-05 -3.12855e-06)
(0.002220396 7.151063e-05 -2.175388e-06)
(0.002236911 6.823934e-05 -1.485487e-06)
(0.002251916 6.488914e-05 -9.917402e-07)
(0.002265582 6.152095e-05 -6.357536e-07)
(0.002277986 5.817996e-05 -4.027312e-07)
(0.001405607 7.112801e-06 -2.956979e-05)
(0.001475713 2.069931e-05 -6.834464e-05)
(0.001582542 3.269966e-05 -8.215942e-05)
(0.001690066 4.273162e-05 -7.966067e-05)
(0.001785191 5.078429e-05 -6.93024e-05)
(0.001864969 5.698368e-05 -5.602364e-05)
(0.001929806 6.151436e-05 -4.311406e-05)
(0.00198237 6.45809e-05 -3.218255e-05)
(0.002025697 6.638772e-05 -2.357507e-05)
(0.002062183 6.713151e-05 -1.70699e-05)
(0.002093574 6.699692e-05 -1.227e-05)
(0.0021211 6.615274e-05 -8.771828e-06)
(0.002145603 6.474958e-05 -6.234368e-06)
(0.00216766 6.291885e-05 -4.395519e-06)
(0.002187676 6.077292e-05 -3.062429e-06)
(0.002205941 5.84061e-05 -2.096655e-06)
(0.002222676 5.589629e-05 -1.397616e-06)
(0.002238046 5.330641e-05 -8.971699e-07)
(0.002252205 5.068741e-05 -5.366456e-07)
(0.00226522 4.80764e-05 -2.991093e-07)
(0.001405574 5.288806e-06 -2.95956e-05)
(0.001475247 1.539833e-05 -6.845552e-05)
(0.00158124 2.438088e-05 -8.234102e-05)
(0.001687701 3.196547e-05 -7.989988e-05)
(0.001781656 3.813007e-05 -6.956961e-05)
(0.001860237 4.29489e-05 -5.628527e-05)
(0.001923911 4.65399e-05 -4.334687e-05)
(0.001975395 4.903785e-05 -3.237531e-05)
(0.002017752 5.058178e-05 -2.372561e-05)
(0.0020534 5.130977e-05 -1.718139e-05)
(0.002084088 5.135503e-05 -1.234797e-05)
(0.002111047 5.084225e-05 -8.822286e-06)
(0.002135115 4.988489e-05 -6.262839e-06)
(0.00215686 4.858361e-05 -4.406679e-06)
(0.00217668 4.702564e-05 -3.060047e-06)
(0.002194858 4.52849e-05 -2.083657e-06)
(0.002211606 4.3423e-05 -1.376262e-06)
(0.002227081 4.148989e-05 -8.690101e-07)
(0.002241427 3.952632e-05 -5.031873e-07)
(0.002254708 3.756202e-05 -2.602015e-07)
(0.001405552 3.656101e-06 -2.961467e-05)
(0.001474938 1.0648e-05 -6.853509e-05)
(0.001580373 1.688457e-05 -8.247239e-05)
(0.001686114 2.218721e-05 -8.007327e-05)
(0.001779266 2.653493e-05 -6.976477e-05)
(0.001857012 2.996993e-05 -5.647934e-05)
(0.001919866 3.256453e-05 -4.352337e-05)
(0.001970579 3.440304e-05 -3.25259e-05)
(0.00201224 3.557453e-05 -2.38483e-05)
(0.002047277 3.616977e-05 -1.727796e-05)
(0.002077449 3.627818e-05 -1.242194e-05)
(0.002103983 3.598504e-05 -8.877589e-06)
(0.002127715 3.536916e-05 -6.303138e-06)
(0.002149207 3.450141e-05 -4.435076e-06)
(0.00216885 3.344387e-05 -3.07903e-06)
(0.002186919 3.224964e-05 -2.095133e-06)
(0.002203621 3.096331e-05 -1.381692e-06)
(0.002219105 2.962127e-05 -8.693498e-07)
(0.002233512 2.825333e-05 -4.993902e-07)
(0.002246902 2.688149e-05 -2.520843e-07)
(0.001405538 2.147119e-06 -2.962676e-05)
(0.001474749 6.254843e-06 -6.858512e-05)
(0.001579841 9.926887e-06 -8.255592e-05)
(0.001685137 1.306307e-05 -8.018365e-05)
(0.001777785 1.564895e-05 -6.98896e-05)
(0.001855003 1.770578e-05 -5.660464e-05)
(0.001917334 1.927282e-05 -4.363866e-05)
(0.001967552 2.039611e-05 -3.262575e-05)
(0.002008761 2.112512e-05 -2.393126e-05)
(0.002043402 2.151121e-05 -1.734499e-05)
(0.002073234 2.160573e-05 -1.247511e-05)
(0.002099489 2.145825e-05 -8.919301e-06)
(0.002122996 2.111511e-05 -6.33564e-06)
(0.002144316 2.061835e-05 -4.460284e-06)
(0.002163833 2.000506e-05 -3.09848e-06)
(0.002181819 1.930722e-05 -2.109992e-06)
(0.002198474 1.855179e-05 -1.392846e-06)
(0.002213945 1.776092e-05 -8.773541e-07)
(0.002228367 1.69528e-05 -5.047967e-07)
(0.002241799 1.614099e-05 -2.547519e-07)
(0.001405532 7.081605e-07 -2.963274e-05)
(0.001474659 2.063355e-06 -6.860947e-05)
(0.001579588 3.275863e-06 -8.259705e-05)
(0.001684671 4.31376e-06 -8.023776e-05)
(0.001777076 5.171897e-06 -6.995075e-05)
(0.001854038 5.85667e-06 -5.666632e-05)
(0.001916114 6.380555e-06 -4.369575e-05)
(0.00196609 6.758191e-06 -3.267553e-05)
(0.002007078 7.005399e-06 -2.3973e-05)
(0.002041523 7.138795e-06 -1.73791e-05)
(0.002071188 7.175116e-06 -1.250256e-05)
(0.002097303 7.130613e-06 -8.941239e-06)
(0.002120699 7.020565e-06 -6.353154e-06)
(0.002141932 6.858892e-06 -4.474304e-06)
(0.002161386 6.657937e-06 -3.109756e-06)
(0.002179327 6.428362e-06 -2.119091e-06)
(0.002195956 6.179197e-06 -1.400196e-06)
(0.002211416 5.917868e-06 -8.832199e-07)
(0.002225841 5.650498e-06 -5.09436e-07)
(0.002239287 5.381667e-06 -2.580962e-07)
(0.001405532 -7.081598e-07 -2.963274e-05)
(0.001474659 -2.063353e-06 -6.860947e-05)
(0.001579588 -3.27586e-06 -8.259705e-05)
(0.001684671 -4.313757e-06 -8.023776e-05)
(0.001777076 -5.171894e-06 -6.995075e-05)
(0.001854038 -5.856666e-06 -5.666632e-05)
(0.001916114 -6.380552e-06 -4.369575e-05)
(0.00196609 -6.758187e-06 -3.267553e-05)
(0.002007078 -7.005395e-06 -2.3973e-05)
(0.002041523 -7.138791e-06 -1.73791e-05)
(0.002071188 -7.175111e-06 -1.250256e-05)
(0.002097303 -7.130608e-06 -8.941239e-06)
(0.002120699 -7.020559e-06 -6.353154e-06)
(0.002141932 -6.858886e-06 -4.474304e-06)
(0.002161386 -6.657929e-06 -3.109756e-06)
(0.002179327 -6.428354e-06 -2.119091e-06)
(0.002195956 -6.179188e-06 -1.400196e-06)
(0.002211416 -5.917858e-06 -8.832198e-07)
(0.002225841 -5.650487e-06 -5.094359e-07)
(0.002239287 -5.381655e-06 -2.580962e-07)
(0.001405538 -2.147118e-06 -2.962676e-05)
(0.001474749 -6.254841e-06 -6.858512e-05)
(0.001579841 -9.926885e-06 -8.255592e-05)
(0.001685137 -1.306307e-05 -8.018365e-05)
(0.001777785 -1.564894e-05 -6.98896e-05)
(0.001855003 -1.770578e-05 -5.660464e-05)
(0.001917334 -1.927281e-05 -4.363866e-05)
(0.001967552 -2.039611e-05 -3.262575e-05)
(0.002008761 -2.112512e-05 -2.393126e-05)
(0.002043402 -2.15112e-05 -1.734499e-05)
(0.002073234 -2.160572e-05 -1.247511e-05)
(0.002099489 -2.145824e-05 -8.919301e-06)
(0.002122996 -2.111511e-05 -6.33564e-06)
(0.002144316 -2.061834e-05 -4.460284e-06)
(0.002163833 -2.000505e-05 -3.09848e-06)
(0.002181819 -1.930721e-05 -2.109992e-06)
(0.002198474 -1.855178e-05 -1.392846e-06)
(0.002213945 -1.776091e-05 -8.77354e-07)
(0.002228367 -1.695278e-05 -5.047967e-07)
(0.002241799 -1.614097e-05 -2.54752e-07)
(0.001405552 -3.6561e-06 -2.961467e-05)
(0.001474938 -1.0648e-05 -6.853509e-05)
(0.001580373 -1.688457e-05 -8.247239e-05)
(0.001686114 -2.218721e-05 -8.007327e-05)
(0.001779266 -2.653493e-05 -6.976477e-05)
(0.001857012 -2.996992e-05 -5.647934e-05)
(0.001919866 -3.256453e-05 -4.352337e-05)
(0.001970579 -3.440304e-05 -3.25259e-05)
(0.00201224 -3.557453e-05 -2.38483e-05)
(0.002047277 -3.616976e-05 -1.727796e-05)
(0.002077449 -3.627818e-05 -1.242194e-05)
(0.001191492 0.0001273999 -4.031316e-05)
(0.001078223 0.000138406 -8.228201e-05)
(0.0009099447 7.95819e-05 -6.99012e-05)
(0.0007683891 4.064948e-05 -5.168831e-05)
(0.0006774627 2.121191e-05 -3.633502e-05)
(0.0006117696 1.187039e-05 -2.443057e-05)
(0.000562602 7.415323e-06 -1.67386e-05)
(0.0005256903 5.13517e-06 -1.202831e-05)
(0.0004971558 3.830183e-06 -9.153063e-06)
(0.0004745216 2.991914e-06 -7.388346e-06)
(0.0004562539 2.400179e-06 -6.266775e-06)
(0.0004413058 1.957417e-06 -5.503206e-06)
(0.000428938 1.614409e-06 -4.935821e-06)
(0.000418614 1.342747e-06 -4.476853e-06)
(0.0004099316 1.124551e-06 -4.080778e-06)
(0.0004025829 9.473991e-07 -3.724534e-06)
(0.0003963264 8.025108e-07 -3.39779e-06)
(0.0003909747 6.820969e-07 -3.093734e-06)
(0.0003863691 5.828158e-07 -2.8134e-06)
(0.0003824158 4.89909e-07 -2.547924e-06)
(0.001457434 0.0002090861 -6.089677e-05)
(0.001593612 0.0003007809 -0.0001301302)
(0.001623533 0.0002624415 -0.0001382197)
(0.001580597 0.0002036181 -0.0001211737)
(0.001511366 0.0001498171 -9.596102e-05)
(0.00143377 0.0001092161 -7.076099e-05)
(0.001358371 8.114993e-05 -5.047788e-05)
(0.001291102 6.199762e-05 -3.591255e-05)
(0.001233323 4.870894e-05 -2.602747e-05)
(0.00118436 3.918685e-05 -1.95076e-05)
(0.00114302 3.209678e-05 -1.52307e-05)
(0.001108071 2.663831e-05 -1.23801e-05)
(0.001078415 2.23278e-05 -1.041607e-05)
(0.001053142 1.88594e-05 -8.999621e-06)
(0.001031509 1.603001e-05 -7.924009e-06)
(0.001012917 1.369793e-05 -7.064717e-06)
(0.0009968733 1.176011e-05 -6.348544e-06)
(0.0009829816 1.013808e-05 -5.729162e-06)
(0.0009708969 8.77279e-06 -5.184246e-06)
(0.0009603908 7.604253e-06 -4.685459e-06)
(0.001430345 0.0001131356 -5.745132e-05)
(0.001603712 0.0002244615 -0.0001285353)
(0.001762713 0.0002580203 -0.0001483604)
(0.001848393 0.0002514792 -0.0001406406)
(0.001872252 0.0002238495 -0.00011995)
(0.001855165 0.0001901485 -9.521973e-05)
(0.001814916 0.0001584074 -7.247297e-05)
(0.001765103 0.0001312259 -5.408504e-05)
(0.001713866 0.0001089218 -4.022916e-05)
(0.001665181 9.093359e-05 -3.022565e-05)
(0.001620696 7.644272e-05 -2.316817e-05)
(0.001580849 6.469188e-05 -1.822258e-05)
(0.001545497 5.507573e-05 -1.473566e-05)
(0.001514269 4.713335e-05 -1.223596e-05)
(0.001486732 4.051896e-05 -1.039865e-05)
(0.001462458 3.497211e-05 -9.005685e-06)
(0.001441046 3.029356e-05 -7.914186e-06)
(0.001422147 2.632809e-05 -7.028087e-06)
(0.001405426 2.295304e-05 -6.290102e-06)
(0.001390664 2.006528e-05 -5.647495e-06)
(0.001418216 6.689074e-05 -5.84803e-05)
(0.00156068 0.00016303 -0.0001283716)
(0.001731847 0.0002154361 -0.0001479719)
(0.001863829 0.0002359192 -0.0001412296)
(0.001946669 0.0002340703 -0.0001224553)
(0.001987617 0.000219054 -9.980779e-05)
(0.001997087 0.0001980388 -7.844817e-05)
(0.001986255 0.0001754088 -6.050194e-05)
(0.001963971 0.0001535914 -4.63177e-05)
(0.001936063 0.0001337443 -3.552447e-05)
(0.001906123 0.0001162374 -2.749793e-05)
(0.001876242 0.0001010338 -2.15966e-05)
(0.001847547 8.792406e-05 -1.727055e-05)
(0.001820596 7.664638e-05 -1.408704e-05)
(0.001795623 6.694345e-05 -1.172138e-05)
(0.001772684 5.858513e-05 -9.936785e-06)
(0.001751731 5.137317e-05 -8.564787e-06)
(0.001732667 4.514066e-05 -7.484563e-06)
(0.001715349 3.97444e-05 -6.615825e-06)
(0.001699694 3.507456e-05 -5.891895e-06)
(0.00141394 4.499971e-05 -5.798063e-05)
(0.001533022 0.0001190583 -0.000126014)
(0.001687376 0.0001679269 -0.0001439468)
(0.001819966 0.0001960347 -0.0001359414)
(0.001918865 0.0002079712 -0.0001167579)
(0.001986121 0.000207821 -9.476236e-05)
(0.002026524 0.0001995954 -7.468869e-05)
(0.002046736 0.000186577 -5.812259e-05)
(0.00205291 0.0001712031 -4.506973e-05)
(0.002049692 0.0001551566 -3.503803e-05)
(0.002040448 0.0001394841 -2.742935e-05)
(0.002027554 0.0001247625 -2.169108e-05)
(0.002012623 0.0001112595 -1.73693e-05)
(0.001996731 9.905452e-05 -1.410912e-05)
(0.001980591 8.812206e-05 -1.163919e-05)
(0.001964665 7.838416e-05 -9.754613e-06)
(0.00194925 6.974032e-05 -8.302539e-06)
(0.00193453 6.208647e-05 -7.168538e-06)
(0.001920598 5.531631e-05 -6.270201e-06)
(0.00190754 4.935505e-05 -5.54554e-06)
(0.001412156 3.223773e-05 -5.791562e-05)
(0.00151879 8.909939e-05 -0.0001255147)
(0.001658429 0.0001309316 -0.000142495)
(0.001780811 0.0001587004 -0.0001330195)
(0.001876471 0.0001749126 -0.0001123586)
(0.001947934 0.0001817863 -8.949559e-05)
(0.001998899 0.000181553 -6.931446e-05)
(0.002033953 0.0001762333 -5.320198e-05)
(0.002057128 0.0001675257 -4.087849e-05)
(0.002071393 0.0001568064 -3.16207e-05)
(0.00207899 0.0001451216 -2.469564e-05)
(0.002081657 0.0001332104 -1.9499e-05)
(0.00208072 0.0001215601 -1.557701e-05)
(0.002077191 0.0001104683 -1.259932e-05)
(0.002071839 0.0001000978 -1.032567e-05)
(0.00206525 9.052229e-05 -8.579715e-06)
(0.002057867 8.175792e-05 -7.23064e-06)
(0.002050023 7.378881e-05 -6.180754e-06)
(0.002041964 6.657331e-05 -5.355667e-06)
(0.002033884 6.008822e-05 -4.708537e-06)
(0.001411363 2.418144e-05 -5.785069e-05)
(0.00151137 6.83936e-05 -0.0001253704)
(0.001641437 0.0001031215 -0.0001420161)
(0.001754693 0.0001280058 -0.0001317964)
(0.001843402 0.0001444288 -0.0001101001)
(0.001911169 0.0001537671 -8.628502e-05)
(0.00196221 0.0001573987 -6.550035e-05)
(0.002000895 0.0001566153 -4.918506e-05)
(0.002030555 0.0001525504 -3.698019e-05)
(0.002053291 0.0001461833 -2.803821e-05)
(0.002070513 0.0001383303 -2.151307e-05)
(0.002083277 0.0001296378 -1.672204e-05)
(0.002092411 0.0001205932 -1.3168e-05)
(0.002098594 0.0001115461 -1.050347e-05)
(0.002102392 0.0001027354 -8.487146e-06)
(0.002104283 9.431527e-05 -6.94992e-06)
(0.002104663 8.637715e-05 -5.770667e-06)
(0.002103861 7.897069e-05 -4.862482e-06)
(0.002102156 7.210998e-05 -4.157414e-06)
(0.002099753 6.581295e-05 -3.622396e-06)
(0.00141099 1.871738e-05 -5.790928e-05)
(0.001507267 5.352726e-05 -0.0001256437)
(0.001631272 8.202676e-05 -0.0001423357)
(0.00173799 0.0001035151 -0.0001318619)
(0.001820692 0.0001186972 -0.0001096084)
(0.001883636 0.0001284221 -8.511896e-05)
(0.001931573 0.0001335876 -6.37399e-05)
(0.001969132 0.0001350809 -4.701253e-05)
(0.001999615 0.0001337076 -3.459646e-05)
(0.002024887 0.0001301812 -2.561253e-05)
(0.002046017 0.0001251188 -1.916364e-05)
(0.002063691 0.0001190334 -1.45176e-05)
(0.002078393 0.000112336 -1.113885e-05)
(0.002090507 0.000105344 -8.65438e-06)
(0.002100374 9.829436e-05 -6.80836e-06)
(0.002108295 9.135743e-05 -5.425274e-06)
(0.002114546 8.465062e-05 -4.382379e-06)
(0.00211937 7.825235e-05 -3.594773e-06)
(0.002122997 7.220723e-05 -2.99575e-06)
(0.002125586 6.655291e-05 -2.558996e-06)
(0.001410781 1.470759e-05 -5.798253e-05)
(0.001504817 4.228878e-05 -0.000125971)
(0.001624908 6.550955e-05 -0.0001428383)
(0.001727097 8.368151e-05 -0.0001323573)
(0.001805297 9.712432e-05 -0.0001098757)
(0.001864158 0.0001063408 -8.501843e-05)
(0.001908772 0.0001119111 -6.324757e-05)
(0.001943999 0.0001144497 -4.618214e-05)
(0.001973237 0.0001145456 -3.351689e-05)
(0.001998341 0.0001127397 -2.437725e-05)
(0.002020295 0.0001095122 -1.785324e-05)
(0.002039644 0.0001052732 -1.319312e-05)
(0.002056714 0.0001003608 -9.841795e-06)
(0.002071728 9.504486e-05 -7.409861e-06)
(0.002084878 8.953502e-05 -5.629283e-06)
(0.002096336 8.398926e-05 -4.316443e-06)
(0.002106269 7.852309e-05 -3.343575e-06)
(0.00211483 7.321897e-05 -2.623556e-06)
(0.002122183 6.813123e-05 -2.088035e-06)
(0.002128426 6.330091e-05 -1.711468e-06)
(0.001410659 1.161865e-05 -5.806934e-05)
(0.00150328 3.349863e-05 -0.0001263172)
(0.001620766 5.226874e-05 -0.0001433962)
(0.001719784 6.736248e-05 -0.0001330021)
(0.001794682 7.890539e-05 -0.0001104488)
(0.001850385 8.718605e-05 -8.540191e-05)
(0.001892211 9.25715e-05 -6.339441e-05)
(0.001925178 9.547969e-05 -4.609786e-05)
(0.001952763 9.633759e-05 -3.323549e-05)
(0.001976846 9.555623e-05 -2.394336e-05)
(0.001998394 9.351359e-05 -1.73111e-05)
(0.002017906 9.054134e-05 -1.25812e-05)
(0.002035646 8.691906e-05 -9.190798e-06)
(0.002051766 8.287478e-05 -6.742775e-06)
(0.002066381 7.858908e-05 -4.962312e-06)
(0.002079595 7.420126e-05 -3.660425e-06)
(0.002091506 6.981584e-05 -2.705292e-06)
(0.002102208 6.55093e-05 -2.007071e-06)
(0.002111813 6.133521e-05 -1.495451e-06)
(0.002120374 5.733114e-05 -1.142768e-06)
(0.001410579 9.126787e-06 -5.814487e-05)
(0.001502269 2.635231e-05 -0.0001266098)
(0.001617983 4.132135e-05 -0.0001438803)
(0.001714761 5.360356e-05 -0.0001335946)
(0.001787245 6.323328e-05 -0.000111039)
(0.001840561 7.037033e-05 -8.590048e-05)
(0.001880196 7.524162e-05 -6.375695e-05)
(0.001911283 7.81251e-05 -4.631548e-05)
(0.001937359 7.932359e-05 -3.33197e-05)
(0.001960322 7.914391e-05 -2.391465e-05)
(0.001981134 7.787928e-05 -1.719203e-05)
(0.002000274 7.579493e-05 -1.239292e-05)
(0.002017972 7.311997e-05 -8.951626e-06)
(0.002034349 7.00451e-05 -6.467729e-06)
(0.002049483 6.672397e-05 -4.663248e-06)
(0.002063438 6.327697e-05 -3.346425e-06)
(0.002076281 5.979584e-05 -2.383129e-06)
(0.002088073 5.634852e-05 -1.681631e-06)
(0.002098893 5.298403e-05 -1.17039e-06)
(0.002108768 4.973532e-05 -8.190758e-07)
(0.001410527 7.042127e-06 -5.820803e-05)
(0.001501587 2.035008e-05 -0.0001268477)
(0.00161608 3.201788e-05 -0.0001442773)
(0.001711271 4.173379e-05 -0.000134092)
(0.001781995 4.949397e-05 -0.0001115579)
(0.00183353 5.538402e-05 -8.637466e-05)
(0.001871491 5.954163e-05 -6.415002e-05)
(0.001901098 6.214778e-05 -4.661619e-05)
(0.001925936 6.341207e-05 -3.353159e-05)
(0.001947923 6.355751e-05 -2.404814e-05)
(0.001968013 6.280517e-05 -1.725962e-05)
(0.001986671 6.136096e-05 -1.240676e-05)
(0.002004107 5.940712e-05 -8.922513e-06)
(0.002020417 5.709841e-05 -6.404835e-06)
(0.002035658 5.456173e-05 -4.574104e-06)
(0.002049873 5.189796e-05 -3.237083e-06)
(0.002063108 4.918505e-05 -2.258389e-06)
(0.002075408 4.648134e-05 -1.545128e-06)
(0.002086832 4.382967e-05 -1.025159e-06)
(0.002097397 4.12586e-05 -6.659131e-07)
(0.001410491 5.235981e-06 -5.825591e-05)
(0.001501124 1.513848e-05 -0.0001270264)
(0.001614778 2.387342e-05 -0.0001445777)
(0.001708856 3.122532e-05 -0.0001344732)
(0.00177832 3.717774e-05 -0.0001119652)
(0.001828555 4.177453e-05 -8.676045e-05)
(0.00186527 4.509731e-05 -6.448669e-05)
(0.001893757 4.726068e-05 -4.689373e-05)
(0.001917639 4.840501e-05 -3.375066e-05)
(0.001938848 4.868643e-05 -2.421453e-05)
(0.001958337 4.826473e-05 -1.738083e-05)
(0.00197656 4.729256e-05 -1.249025e-05)
(0.001993711 4.590792e-05 -8.974994e-06)
(0.002009868 4.423012e-05 -6.431989e-06)
(0.002025071 4.235853e-05 -4.58061e-06)
(0.002039348 4.037323e-05 -3.226705e-06)
(0.002052733 3.833692e-05 -2.234142e-06)
(0.002065256 3.6297e-05 -1.509274e-06)
(0.002076969 3.428879e-05 -9.796825e-07)
(0.002087881 3.233605e-05 -6.111896e-07)
(0.001410467 3.619611e-06 -5.829009e-05)
(0.001500817 1.04687e-05 -0.0001271537)
(0.001613911 1.653424e-05 -0.0001447924)
(0.001707234 2.167775e-05 -0.0001347472)
(0.00177583 2.588197e-05 -0.0001122616)
(0.001825159 2.916794e-05 -8.704635e-05)
(0.001860994 3.158226e-05 -6.474235e-05)
(0.001888677 3.319393e-05 -4.711142e-05)
(0.001911864 3.409166e-05 -3.393009e-05)
(0.001932499 3.437786e-05 -2.435909e-05)
(0.001951536 3.416003e-05 -1.749526e-05)
(0.00196942 3.354295e-05 -1.25794e-05)
(0.001986334 3.262289e-05 -9.043235e-06)
(0.002002344 3.148429e-05 -6.483013e-06)
(0.002017478 3.019833e-05 -4.617429e-06)
(0.002031751 2.882306e-05 -3.251696e-06)
(0.002045186 2.740437e-05 -2.249176e-06)
(0.002057807 2.597732e-05 -1.515699e-06)
(0.002069657 2.456828e-05 -9.786892e-07)
(0.002080742 2.31953e-05 -6.028894e-07)
(0.001410452 2.125867e-06 -5.831154e-05)
(0.001500629 6.149973e-06 -0.0001272345)
(0.001613378 9.72164e-06 -0.0001449292)
(0.001706235 1.276532e-05 -0.0001349221)
(0.001774287 1.526832e-05 -0.0001124522)
(0.00182304 1.723942e-05 -8.72321e-05)
(0.001858313 1.870262e-05 -6.491052e-05)
(0.001885479 1.969448e-05 -4.725686e-05)
(0.001908214 2.026374e-05 -3.405233e-05)
(0.001928471 2.046828e-05 -2.446003e-05)
(0.001947207 2.036995e-05 -1.757775e-05)
(0.001964863 2.002982e-05 -1.26464e-05)
(0.001981614 1.950466e-05 -9.097444e-06)
(0.001997518 1.884475e-05 -6.526716e-06)
(0.002012592 1.809283e-05 -4.652477e-06)
(0.002026847 1.728402e-05 -3.279533e-06)
(0.002040298 1.64463e-05 -2.270912e-06)
(0.002052961 1.560119e-05 -1.532105e-06)
(0.002064877 1.476498e-05 -9.904334e-07)
(0.002076047 1.3949e-05 -6.099784e-07)
(0.001410446 7.011929e-07 -5.832163e-05)
(0.001500539 2.028822e-06 -0.0001272736)
(0.001613124 3.208177e-06 -0.000144996)
(0.001705758 4.215766e-06 -0.0001350073)
(0.001773547 5.046833e-06 -0.0001125454)
(0.001822022 5.703627e-06 -8.732347e-05)
(0.001857021 6.193616e-06 -6.499374e-05)
(0.001883933 6.528212e-06 -4.732936e-05)
(0.001906445 6.722919e-06 -3.411381e-05)
(0.001926516 6.796449e-06 -2.451135e-05)
(0.001945102 6.768974e-06 -1.762024e-05)
(0.001962643 6.660547e-06 -1.268148e-05)
(0.001979311 6.489919e-06 -9.126415e-06)
(0.00199516 6.273774e-06 -6.550693e-06)
(0.002010203 6.026358e-06 -4.672359e-06)
(0.002024446 5.759422e-06 -3.296018e-06)
(0.0020379 5.482363e-06 -2.28453e-06)
(0.00205058 5.202436e-06 -1.543217e-06)
(0.002062522 4.925156e-06 -9.993465e-07)
(0.002073728 4.654373e-06 -6.166821e-07)
(0.001410446 -7.011922e-07 -5.832163e-05)
(0.001500539 -2.02882e-06 -0.0001272736)
(0.001613124 -3.208175e-06 -0.000144996)
(0.001705758 -4.215763e-06 -0.0001350073)
(0.001773547 -5.04683e-06 -0.0001125454)
(0.001822022 -5.703623e-06 -8.732347e-05)
(0.001857021 -6.193612e-06 -6.499374e-05)
(0.001883933 -6.528207e-06 -4.732936e-05)
(0.001906445 -6.722914e-06 -3.411381e-05)
(0.001926516 -6.796444e-06 -2.451135e-05)
(0.001945102 -6.768968e-06 -1.762024e-05)
(0.001962643 -6.660541e-06 -1.268148e-05)
(0.001979311 -6.489913e-06 -9.126415e-06)
(0.00199516 -6.273767e-06 -6.550693e-06)
(0.002010203 -6.026351e-06 -4.672359e-06)
(0.002024446 -5.759414e-06 -3.296018e-06)
(0.0020379 -5.482354e-06 -2.28453e-06)
(0.00205058 -5.202426e-06 -1.543217e-06)
(0.002062522 -4.925145e-06 -9.993465e-07)
(0.002073728 -4.654362e-06 -6.166821e-07)
(0.001410452 -2.125866e-06 -5.831154e-05)
(0.001500629 -6.149972e-06 -0.0001272345)
(0.001613378 -9.721638e-06 -0.0001449292)
(0.001706235 -1.276532e-05 -0.0001349221)
(0.001774287 -1.526832e-05 -0.0001124522)
(0.00182304 -1.723942e-05 -8.72321e-05)
(0.001858313 -1.870261e-05 -6.491052e-05)
(0.001885479 -1.969447e-05 -4.725686e-05)
(0.001908214 -2.026374e-05 -3.405233e-05)
(0.001928471 -2.046828e-05 -2.446003e-05)
(0.001947207 -2.036995e-05 -1.757775e-05)
(0.001964863 -2.002981e-05 -1.26464e-05)
(0.001981614 -1.950466e-05 -9.097444e-06)
(0.001997518 -1.884474e-05 -6.526716e-06)
(0.002012592 -1.809283e-05 -4.652477e-06)
(0.002026847 -1.728401e-05 -3.279533e-06)
(0.002040298 -1.644629e-05 -2.270912e-06)
(0.002052961 -1.560118e-05 -1.532105e-06)
(0.002064877 -1.476497e-05 -9.904333e-07)
(0.002076047 -1.394898e-05 -6.099785e-07)
(0.001410467 -3.619611e-06 -5.829009e-05)
(0.001500817 -1.04687e-05 -0.0001271537)
(0.001613911 -1.653424e-05 -0.0001447924)
(0.001707234 -2.167775e-05 -0.0001347472)
(0.00177583 -2.588197e-05 -0.0001122616)
(0.001825159 -2.916794e-05 -8.704635e-05)
(0.001860994 -3.158226e-05 -6.474235e-05)
(0.001888677 -3.319393e-05 -4.711142e-05)
(0.001911864 -3.409166e-05 -3.393009e-05)
(0.001932499 -3.437785e-05 -2.435909e-05)
(0.001951536 -3.416003e-05 -1.749526e-05)
(0.001198688 0.0001246834 -7.68875e-05)
(0.001102313 0.0001378371 -0.0001215888)
(0.0009281191 8.114563e-05 -9.887339e-05)
(0.0007647934 4.221164e-05 -6.803735e-05)
(0.0006563408 2.24967e-05 -4.436577e-05)
(0.0005794083 1.277943e-05 -2.869191e-05)
(0.0005236067 7.905304e-06 -1.928307e-05)
(0.000483366 5.291042e-06 -1.37713e-05)
(0.0004534844 3.757841e-06 -1.049901e-05)
(0.0004305955 2.775256e-06 -8.494048e-06)
(0.0004126474 2.100463e-06 -7.194036e-06)
(0.0003982922 1.616587e-06 -6.28254e-06)
(0.000386622 1.259539e-06 -5.587842e-06)
(0.0003770109 9.90723e-07 -5.019152e-06)
(0.000369012 7.8553e-07 -4.529441e-06)
(0.0003622968 6.27193e-07 -4.094309e-06)
(0.0003566168 5.040507e-07 -3.701433e-06)
(0.0003517835 4.067589e-07 -3.342894e-06)
(0.0003476424 3.305185e-07 -3.016534e-06)
(0.0003441006 2.617626e-07 -2.714479e-06)
(0.001465675 0.000207323 -0.0001023713)
(0.001627846 0.0003021762 -0.0001925941)
(0.001650566 0.0002660689 -0.0001915343)
(0.001571174 0.0002066162 -0.0001560871)
(0.001461903 0.0001507051 -0.000114495)
(0.001352655 0.0001079015 -7.936127e-05)
(0.001256059 7.815238e-05 -5.429887e-05)
(0.001176469 5.791303e-05 -3.780511e-05)
(0.001112479 4.403362e-05 -2.727523e-05)
(0.001061054 3.427471e-05 -2.057145e-05)
(0.001019418 2.718587e-05 -1.622533e-05)
(0.0009853517 2.1883e-05 -1.330978e-05)
(0.000957168 1.782143e-05 -1.126363e-05)
(0.0009336149 1.465228e-05 -9.752643e-06)
(0.0009137591 1.214354e-05 -8.579078e-06)
(0.000896895 1.013485e-05 -7.625637e-06)
(0.0008824786 8.511601e-06 -6.822851e-06)
(0.000870088 7.188724e-06 -6.126879e-06)
(0.0008593745 6.103383e-06 -5.513701e-06)
(0.0008501074 5.19575e-06 -4.956138e-06)
(0.001439789 0.0001135758 -0.0001022712)
(0.001639649 0.0002266844 -0.000197095)
(0.001789704 0.0002604869 -0.000206947)
(0.00183571 0.0002523293 -0.0001807766)
(0.001811673 0.0002216172 -0.0001424172)
(0.001751833 0.0001843648 -0.0001055981)
(0.001679024 0.0001496032 -7.638057e-05)
(0.001607194 0.0001203731 -5.516981e-05)
(0.001542415 9.697949e-05 -4.039669e-05)
(0.001486178 7.864633e-05 -3.028675e-05)
(0.001438098 6.4319e-05 -2.336786e-05)
(0.001397149 5.305106e-05 -1.857406e-05)
(0.001362203 4.410189e-05 -1.518418e-05)
(0.00133225 3.691922e-05 -1.272293e-05)
(0.00130645 3.109774e-05 -1.088065e-05)
(0.001284122 2.63393e-05 -9.45612e-06)
(0.001264712 2.242163e-05 -8.319043e-06)
(0.001247775 1.917609e-05 -7.382486e-06)
(0.001232929 1.647307e-05 -6.592517e-06)
(0.00121992 1.420553e-05 -5.89994e-06)
(0.001427991 6.679039e-05 -0.0001022537)
(0.001597827 0.0001628395 -0.0001951102)
(0.0017593 0.0002144343 -0.0002042459)
(0.001850866 0.0002330647 -0.0001797796)
(0.001884213 0.0002282203 -0.000144125)
(0.001878906 0.0002095197 -0.0001096491)
(0.001850519 0.0001849542 -8.173938e-05)
(0.001811414 0.0001595306 -6.079701e-05)
(0.001769335 0.0001359173 -4.559058e-05)
(0.001728276 0.0001152207 -3.470715e-05)
(0.001690082 9.762085e-05 -2.69258e-05)
(0.001655416 8.286516e-05 -2.132138e-05)
(0.001624324 7.055644e-05 -1.723797e-05)
(0.00159658 6.028862e-05 -1.421937e-05)
(0.001571866 5.170149e-05 -1.194979e-05)
(0.00154985 4.449479e-05 -1.021022e-05)
(0.001530219 3.842434e-05 -8.848807e-06)
(0.001512696 3.329383e-05 -7.758139e-06)
(0.001497019 2.894317e-05 -6.865777e-06)
(0.001483021 2.524815e-05 -6.110317e-06)
(0.001424033 4.503814e-05 -0.0001018641)
(0.001571227 0.0001184581 -0.0001929937)
(0.001715499 0.0001658305 -0.0001994989)
(0.001807295 0.0001916754 -0.0001731137)
(0.001856858 0.0002006131 -0.0001370769)
(0.001877877 0.0001969144 -0.0001035511)
(0.001879538 0.0001850745 -7.719504e-05)
(0.001869397 0.0001688928 -5.777193e-05)
(0.001852713 0.0001511395 -4.374215e-05)
(0.00183274 0.0001336031 -3.364103e-05)
(0.001811522 0.0001172668 -2.631381e-05)
(0.001790312 0.0001025591 -2.093138e-05)
(0.001769813 8.957784e-05 -1.692545e-05)
(0.001750392 7.824649e-05 -1.390654e-05)
(0.001732211 6.841191e-05 -1.160388e-05)
(0.001715318 5.989867e-05 -9.825907e-06)
(0.001699695 5.253532e-05 -8.435174e-06)
(0.001685292 4.616729e-05 -7.330913e-06)
(0.001672032 4.065533e-05 -6.440635e-06)
(0.001659875 3.589506e-05 -5.707769e-06)
(0.001422308 3.210717e-05 -0.0001018013)
(0.001557418 8.79464e-05 -0.000192547)
(0.001686857 0.0001281421 -0.0001976269)
(0.001768212 0.0001537855 -0.0001692724)
(0.001814829 0.0001673738 -0.0001316168)
(0.001840842 0.0001711794 -9.736103e-05)
(0.00185387 0.0001676953 -7.11332e-05)
(0.001858877 0.0001593029 -5.236467e-05)
(0.001858732 0.00014801 -3.918334e-05)
(0.001855024 0.0001353742 -2.991049e-05)
(0.001848853 0.0001224887 -2.329059e-05)
(0.001841061 0.0001100419 -1.846711e-05)
(0.001832273 9.841728e-05 -1.488272e-05)
(0.001822947 8.779049e-05 -1.217422e-05)
(0.001813408 7.820771e-05 -1.009956e-05)
(0.001803886 6.964126e-05 -8.492587e-06)
(0.001794537 6.202524e-05 -7.235484e-06)
(0.001785464 5.527932e-05 -6.242535e-06)
(0.001776731 4.931503e-05 -5.449485e-06)
(0.001768398 4.406687e-05 -4.813884e-06)
(0.001421549 2.399454e-05 -0.0001018392)
(0.00155017 6.71632e-05 -0.0001927059)
(0.001669875 0.0001003799 -0.0001973186)
(0.001741785 0.0001234167 -0.0001678836)
(0.001781476 0.0001376384 -0.0001289591)
(0.001804363 0.0001444276 -9.369923e-05)
(0.001818426 0.0001452997 -6.693708e-05)
(0.001828075 0.0001417789 -4.807121e-05)
(0.001835157 0.0001352374 -3.509329e-05)
(0.001840202 0.000126835 -2.618391e-05)
(0.001843431 0.000117484 -1.998276e-05)
(0.00184506 0.0001078483 -1.556904e-05)
(0.001845321 9.837573e-05 -1.235307e-05)
(0.001844451 8.934438e-05 -9.96039e-06)
(0.00184268 8.09089e-05 -8.149727e-06)
(0.00184021 7.313982e-05 -6.761659e-06)
(0.001837213 6.605319e-05 -5.686884e-06)
(0.001833832 5.963381e-05 -4.848914e-06)
(0.001830186 5.384416e-05 -4.189568e-06)
(0.001826364 4.865522e-05 -3.679031e-06)
(0.00142118 1.850398e-05 -0.0001019715)
(0.001546107 5.234511e-05 -0.000193202)
(0.001659584 7.953415e-05 -0.0001978378)
(0.001724622 9.949403e-05 -0.0001679584)
(0.001758146 0.000112901 -0.0001283063)
(0.001776438 0.0001205796 -9.230359e-05)
(0.001788025 0.0001234944 -6.496173e-05)
(0.001797428 0.0001226806 -4.573728e-05)
(0.001806255 0.0001191182 -3.260309e-05)
(0.00181462 0.0001136727 -2.368961e-05)
(0.001822285 0.0001070636 -1.758338e-05)
(0.001829042 9.985155e-05 -1.331962e-05)
(0.001834783 9.244883e-05 -1.027695e-05)
(0.001839492 8.514157e-05 -8.060555e-06)
(0.001843223 7.811621e-05 -6.417609e-06)
(0.001846064 7.148472e-05 -5.18341e-06)
(0.001848116 6.530573e-05 -4.247166e-06)
(0.001849482 5.960274e-05 -3.533765e-06)
(0.001850267 5.437287e-05 -2.986076e-06)
(0.001850544 4.961028e-05 -2.580447e-06)
(0.001420972 1.450781e-05 -0.0001021174)
(0.00154366 4.126005e-05 -0.0001937333)
(0.001653075 6.339482e-05 -0.0001985605)
(0.001713279 8.033549e-05 -0.0001685591)
(0.00174207 9.237198e-05 -0.0001285539)
(0.001756297 9.996868e-05 -9.211596e-05)
(0.001764879 0.0001037337 -6.437066e-05)
(0.001772519 0.0001043777 -4.482813e-05)
(0.001780818 0.0001026176 -3.147324e-05)
(0.001789761 9.91157e-05 -2.242698e-05)
(0.001798922 9.444436e-05 -1.625858e-05)
(0.001807888 8.906822e-05 -1.198494e-05)
(0.00181635 8.334474e-05 -8.9682e-06)
(0.001824124 7.753603e-05 -6.800248e-06)
(0.001831122 7.182503e-05 -5.218306e-06)
(0.001837324 6.633255e-05 -4.050846e-06)
(0.001842753 6.11324e-05 -3.18264e-06)
(0.001847449 5.626507e-05 -2.536333e-06)
(0.001851478 5.174588e-05 -2.053141e-06)
(0.001854877 4.758003e-05 -1.710123e-06)
(0.001420847 1.144418e-05 -0.0001022577)
(0.001542111 3.263933e-05 -0.0001942274)
(0.001648802 5.053182e-05 -0.0001992857)
(0.001705587 6.46522e-05 -0.0001692994)
(0.001730852 7.509795e-05 -0.0001291359)
(0.00174185 8.211397e-05 -9.245754e-05)
(0.001747779 8.607243e-05 -6.446281e-05)
(0.001753488 8.745374e-05 -4.46994e-05)
(0.001760607 8.677944e-05 -3.116539e-05)
(0.00176908 8.455731e-05 -2.19825e-05)
(0.0017784 8.124393e-05 -1.571582e-05)
(0.001788054 7.722297e-05 -1.137648e-05)
(0.001797633 7.279955e-05 -8.320483e-06)
(0.001806855 6.820523e-05 -6.133762e-06)
(0.001815549 6.360806e-05 -4.548283e-06)
(0.001823623 5.912432e-05 -3.388174e-06)
(0.001831038 5.482993e-05 -2.53476e-06)
(0.001837791 5.077067e-05 -1.908201e-06)
(0.001843906 4.696984e-05 -1.447816e-06)
(0.00184939 4.34371e-05 -1.128773e-06)
(0.001420766 8.983901e-06 -0.0001023754)
(0.001541086 2.566301e-05 -0.0001946347)
(0.001645913 3.994007e-05 -0.0001999024)
(0.001700265 5.146619e-05 -0.0001699766)
(0.001722923 6.025173e-05 -0.0001297489)
(0.00173144 6.641422e-05 -9.293982e-05)
(0.001735224 7.017364e-05 -6.479673e-05)
(0.001739239 7.18478e-05 -4.489323e-05)
(0.001745147 7.180942e-05 -3.123718e-05)
(0.001752875 7.044163e-05 -2.19522e-05)
(0.001761871 6.8103e-05 -1.560244e-05)
(0.001771566 6.510505e-05 -1.119732e-05)
(0.001781493 6.1703e-05 -8.090794e-06)
(0.001791313 5.809606e-05 -5.866589e-06)
(0.001800805 5.443299e-05 -4.254476e-06)
(0.001809833 5.082005e-05 -3.076526e-06)
(0.001818322 4.73293e-05 -2.212226e-06)
(0.001826237 4.400639e-05 -1.58012e-06)
(0.001833578 4.087731e-05 -1.118353e-06)
(0.001840331 3.795369e-05 -7.99731e-07)
(0.001420712 6.930068e-06 -0.0001024692)
(0.001540393 1.981482e-05 -0.0001949555)
(0.001643929 3.095093e-05 -0.000200395)
(0.001696549 4.009256e-05 -0.0001705365)
(0.001717295 4.721634e-05 -0.0001302868)
(0.001723942 5.237071e-05 -9.340432e-05)
(0.001726056 5.56811e-05 -6.517059e-05)
(0.001728696 5.735315e-05 -4.517782e-05)
(0.001733557 5.764723e-05 -3.144118e-05)
(0.001740557 5.684517e-05 -2.208603e-05)
(0.001749119 5.522065e-05 -1.567626e-05)
(0.001758634 5.301874e-05 -1.122059e-05)
(0.001768594 5.044563e-05 -8.072063e-06)
(0.001778623 4.766623e-05 -5.813447e-06)
(0.001788468 4.480667e-05 -4.173523e-06)
(0.001797962 4.195929e-05 -2.973387e-06)
(0.001807009 3.918852e-05 -2.091625e-06)
(0.001815552 3.653655e-05 -1.445854e-06)
(0.001823578 3.402895e-05 -9.736673e-07)
(0.00183106 3.167807e-05 -6.459102e-07)
(0.001420674 5.1528e-06 -0.0001025392)
(0.00153992 1.474162e-05 -0.0001951948)
(0.001642568 2.308433e-05 -0.0002007646)
(0.001693968 3.001612e-05 -0.000170964)
(0.001713339 3.550534e-05 -0.0001307099)
(0.001718611 3.956604e-05 -9.378517e-05)
(0.001719471 4.226688e-05 -6.549487e-05)
(0.001721052 4.373707e-05 -4.544469e-05)
(0.001725077 4.415271e-05 -3.16552e-05)
(0.001731467 4.371343e-05 -2.225325e-05)
(0.001739624 4.261931e-05 -1.580276e-05)
(0.001748915 4.105412e-05 -1.131203e-05)
(0.001758802 3.917593e-05 -8.133561e-06)
(0.001768883 3.711378e-05 -5.849536e-06)
(0.001778878 3.496829e-05 -4.18814e-06)
(0.001788601 3.281457e-05 -2.969892e-06)
(0.001797939 3.070623e-05 -2.072863e-06)
(0.001806822 2.867925e-05 -1.414108e-06)
(0.001815226 2.675636e-05 -9.309692e-07)
(0.001823117 2.494933e-05 -5.928999e-07)
(0.001420649 3.562662e-06 -0.0001025884)
(0.001539606 1.019575e-05 -0.0001953637)
(0.001641659 1.599211e-05 -0.0002010261)
(0.001692231 2.084924e-05 -0.0001712693)
(0.001710653 2.473867e-05 -0.0001310171)
(0.001714962 2.766008e-05 -9.406766e-05)
(0.001714929 2.964922e-05 -6.574181e-05)
(0.001715741 3.078318e-05 -4.565471e-05)
(0.001719148 3.117426e-05 -3.183079e-05)
(0.001725073 3.095471e-05 -2.239809e-05)
(0.001732908 3.026042e-05 -1.592072e-05)
(0.001742003 2.921866e-05 -1.140678e-05)
(0.0017518 2.794078e-05 -8.208397e-06)
(0.001761876 2.651908e-05 -5.907358e-06)
(0.001771934 2.50266e-05 -4.231415e-06)
(0.001781774 2.351869e-05 -3.000672e-06)
(0.001791268 2.203549e-05 -2.092843e-06)
(0.001800339 2.060445e-05 -1.424597e-06)
(0.001808953 1.924339e-05 -9.331364e-07)
(0.001817074 1.796203e-05 -5.869858e-07)
(0.001420634 2.092995e-06 -0.0001026192)
(0.001539412 5.99056e-06 -0.0001954711)
(0.0016411 9.40493e-06 -0.0002011922)
(0.001691159 1.228221e-05 -0.0001714636)
(0.001708984 1.46024e-05 -0.0001312147)
(0.001712682 1.636175e-05 -9.425158e-05)
(0.001712076 1.757722e-05 -6.590468e-05)
(0.001712389 1.828926e-05 -4.57954e-05)
(0.001715389 1.856002e-05 -3.195058e-05)
(0.001721003 1.84648e-05 -2.249913e-05)
(0.001728618 1.808227e-05 -1.600536e-05)
(0.001737572 1.748711e-05 -1.147728e-05)
(0.001747297 1.67454e-05 -8.266822e-06)
(0.001757357 1.591249e-05 -5.9555e-06)
(0.001767441 1.503261e-05 -4.270785e-06)
(0.00177734 1.413961e-05 -3.032496e-06)
(0.001786917 1.325828e-05 -2.118108e-06)
(0.00179609 1.240582e-05 -1.444027e-06)
(0.001804819 1.159355e-05 -9.473665e-07)
(0.001813065 1.082788e-05 -5.960816e-07)
(0.001420626 6.905277e-07 -0.0001026336)
(0.001539319 1.976421e-06 -0.0001955236)
(0.001640834 3.103983e-06 -0.0002012729)
(0.001690647 4.057019e-06 -0.0001715578)
(0.001708184 4.828108e-06 -0.0001313114)
(0.001711585 5.415436e-06 -9.434212e-05)
(0.0017107 5.82406e-06 -6.598534e-05)
(0.001710768 6.066512e-06 -4.586559e-05)
(0.001713566 6.162637e-06 -3.201085e-05)
(0.001719024 6.136877e-06 -2.255044e-05)
(0.001726527 6.014975e-06 -1.604883e-05)
(0.00173541 5.821528e-06 -1.151401e-05)
(0.001745096 5.578434e-06 -8.297813e-06)
(0.001755144 5.304127e-06 -5.981632e-06)
(0.001765237 5.01341e-06 -4.292793e-06)
(0.001775161 4.717667e-06 -3.050974e-06)
(0.001784775 4.425284e-06 -2.133522e-06)
(0.001793993 4.142111e-06 -1.45671e-06)
(0.001802774 3.872029e-06 -9.576051e-07)
(0.001811076 3.617272e-06 -6.038868e-07)
(0.001420626 -6.90527e-07 -0.0001026336)
(0.001539319 -1.97642e-06 -0.0001955236)
(0.001640834 -3.10398e-06 -0.0002012729)
(0.001690647 -4.057017e-06 -0.0001715578)
(0.001708184 -4.828105e-06 -0.0001313114)
(0.001711585 -5.415432e-06 -9.434212e-05)
(0.0017107 -5.824056e-06 -6.598534e-05)
(0.001710768 -6.066508e-06 -4.586559e-05)
(0.001713566 -6.162633e-06 -3.201085e-05)
(0.001719024 -6.136871e-06 -2.255044e-05)
(0.001726527 -6.01497e-06 -1.604883e-05)
(0.00173541 -5.821522e-06 -1.151401e-05)
(0.001745096 -5.578428e-06 -8.297813e-06)
(0.001755144 -5.30412e-06 -5.981632e-06)
(0.001765237 -5.013402e-06 -4.292793e-06)
(0.001775161 -4.717659e-06 -3.050974e-06)
(0.001784775 -4.425275e-06 -2.133522e-06)
(0.001793993 -4.142102e-06 -1.45671e-06)
(0.001802774 -3.872019e-06 -9.576051e-07)
(0.001811076 -3.617261e-06 -6.038868e-07)
(0.001420634 -2.092995e-06 -0.0001026192)
(0.001539412 -5.990558e-06 -0.0001954711)
(0.0016411 -9.404928e-06 -0.0002011922)
(0.001691159 -1.228221e-05 -0.0001714636)
(0.001708984 -1.46024e-05 -0.0001312147)
(0.001712682 -1.636175e-05 -9.425158e-05)
(0.001712076 -1.757721e-05 -6.590468e-05)
(0.001712389 -1.828926e-05 -4.57954e-05)
(0.001715389 -1.856002e-05 -3.195058e-05)
(0.001721003 -1.846479e-05 -2.249913e-05)
(0.001728618 -1.808227e-05 -1.600536e-05)
(0.001737572 -1.74871e-05 -1.147728e-05)
(0.001747297 -1.674539e-05 -8.266822e-06)
(0.001757357 -1.591248e-05 -5.9555e-06)
(0.001767441 -1.50326e-05 -4.270785e-06)
(0.00177734 -1.41396e-05 -3.032496e-06)
(0.001786917 -1.325827e-05 -2.118108e-06)
(0.00179609 -1.240581e-05 -1.444027e-06)
(0.001804819 -1.159354e-05 -9.473665e-07)
(0.001813065 -1.082787e-05 -5.960816e-07)
(0.001420649 -3.562661e-06 -0.0001025884)
(0.001539606 -1.019574e-05 -0.0001953637)
(0.001641659 -1.599211e-05 -0.0002010261)
(0.001692231 -2.084924e-05 -0.0001712693)
(0.001710653 -2.473867e-05 -0.0001310171)
(0.001714962 -2.766007e-05 -9.406766e-05)
(0.001714929 -2.964922e-05 -6.574181e-05)
(0.001715741 -3.078318e-05 -4.565471e-05)
(0.001719148 -3.117426e-05 -3.183079e-05)
(0.001725073 -3.095471e-05 -2.239809e-05)
(0.001732908 -3.026041e-05 -1.592072e-05)
(0.001213249 0.0001226278 -0.0001326318)
(0.001125965 0.0001384065 -0.000166071)
(0.0009176506 8.202856e-05 -0.0001154567)
(0.0007200943 4.228047e-05 -6.977396e-05)
(0.0005943845 2.24085e-05 -4.141573e-05)
(0.0005103495 1.253125e-05 -2.562679e-05)
(0.0004525109 7.435007e-06 -1.695441e-05)
(0.0004127225 4.683899e-06 -1.208148e-05)
(0.0003843079 3.09865e-06 -9.233186e-06)
(0.0003632031 2.116984e-06 -7.467305e-06)
(0.00034705 1.473913e-06 -6.290987e-06)
(0.0003343713 1.036739e-06 -5.443973e-06)
(0.0003242139 7.315889e-07 -4.787991e-06)
(0.0003159448 5.146886e-07 -4.249896e-06)
(0.0003091267 3.588381e-07 -3.790797e-06)
(0.0003034466 2.461404e-07 -3.389309e-06)
(0.0002986734 1.645161e-07 -3.033346e-06)
(0.0002946342 1.048536e-07 -2.714619e-06)
(0.0002911908 6.23091e-08 -2.429242e-06)
(0.0002882585 2.580796e-08 -2.169157e-06)
(0.001482625 0.00020494 -0.000175407)
(0.001650693 0.0003004521 -0.0002620985)
(0.001612512 0.0002619615 -0.000220419)
(0.001460325 0.0001978706 -0.0001560996)
(0.00130249 0.0001392107 -0.0001019323)
(0.001168386 9.58458e-05 -6.517356e-05)
(0.001062141 6.663608e-05 -4.267829e-05)
(0.0009812212 4.736207e-05 -2.926416e-05)
(0.000919747 3.455286e-05 -2.117498e-05)
(0.000872333 2.582623e-05 -1.614211e-05)
(0.0008351101 1.968831e-05 -1.287274e-05)
(0.0008053692 1.524567e-05 -1.064308e-05)
(0.0007812175 1.195354e-05 -9.041971e-06)
(0.0007613308 9.467526e-06 -7.831941e-06)
(0.0007447655 7.562506e-06 -6.874436e-06)
(0.0007308337 6.085959e-06 -6.087165e-06)
(0.0007190206 4.93115e-06 -5.420591e-06)
(0.0007089369 4.020629e-06 -4.842572e-06)
(0.0007002691 3.298238e-06 -4.334548e-06)
(0.0006928113 2.712611e-06 -3.873304e-06)
(0.001458725 0.0001131636 -0.0001775641)
(0.001662037 0.0002243998 -0.0002682645)
(0.001741564 0.0002527375 -0.0002354053)
(0.001699563 0.0002372527 -0.0001781066)
(0.00160845 0.0002007357 -0.0001245149)
(0.001506869 0.0001604071 -8.439519e-05)
(0.001411974 0.0001249686 -5.768866e-05)
(0.001330931 9.667009e-05 -4.052534e-05)
(0.00126422 7.504505e-05 -2.947978e-05)
(0.00120978 5.877669e-05 -2.224353e-05)
(0.001165262 4.651932e-05 -1.736978e-05)
(0.001128598 3.719616e-05 -1.398539e-05)
(0.001098117 3.001835e-05 -1.156051e-05)
(0.00107253 2.442427e-05 -9.766214e-06)
(0.001050863 2.001638e-05 -8.39508e-06)
(0.001032371 1.651077e-05 -7.314128e-06)
(0.00101648 1.37013e-05 -6.437167e-06)
(0.001002748 1.143512e-05 -5.705889e-06)
(0.0009908067 9.597235e-06 -5.083682e-06)
(0.000980417 8.093845e-06 -4.532406e-06)
(0.001447427 6.649967e-05 -0.0001774348)
(0.001621271 0.0001592663 -0.000265239)
(0.001710669 0.0002048854 -0.0002309785)
(0.001711272 0.0002161327 -0.0001756253)
(0.001671633 0.0002044289 -0.0001246614)
(0.001615986 0.0001807327 -8.634433e-05)
(0.001556057 0.0001535005 -6.048123e-05)
(0.00149905 0.000127509 -4.346353e-05)
(0.001447892 0.0001048392 -3.217477e-05)
(0.001403129 8.59813e-05 -2.453379e-05)
(0.001364428 7.064687e-05 -1.921736e-05)
(0.001331113 5.828357e-05 -1.541531e-05)
(0.001302416 4.832301e-05 -1.26293e-05)
(0.001277616 4.027153e-05 -1.054186e-05)
(0.001256091 3.373057e-05 -8.94458e-06)
(0.001237322 2.838849e-05 -7.696892e-06)
(0.001220882 2.400383e-05 -6.702174e-06)
(0.001206422 2.038957e-05 -5.891534e-06)
(0.001193645 1.73984e-05 -5.218441e-06)
(0.001182356 1.49158e-05 -4.637615e-06)
(0.001443662 4.476765e-05 -0.0001774215)
(0.001595459 0.0001151393 -0.0002637264)
(0.00166777 0.000157297 -0.0002262339)
(0.001669283 0.0001766352 -0.0001689435)
(0.001646188 0.0001789298 -0.0001179542)
(0.001615414 0.0001695304 -8.072302e-05)
(0.001582061 0.0001536358 -5.624682e-05)
(0.001549188 0.0001352508 -4.046007e-05)
(0.001518104 0.0001169428 -3.010045e-05)
(0.001489262 0.0001000945 -2.310241e-05)
(0.001462885 8.526584e-05 -1.820313e-05)
(0.00143902 7.253733e-05 -1.46552e-05)
(0.001417563 6.175611e-05 -1.201471e-05)
(0.001398327 5.268081e-05 -1.000658e-05)
(0.001381096 4.505699e-05 -8.452477e-06)
(0.001365648 3.865107e-05 -7.231656e-06)
(0.001351777 3.326125e-05 -6.259184e-06)
(0.001339299 2.871928e-05 -5.472723e-06)
(0.001328042 2.488361e-05 -4.827632e-06)
(0.001317898 2.164631e-05 -4.283881e-06)
(0.00144196 3.175416e-05 -0.0001775644)
(0.001581771 8.49306e-05 -0.0002636892)
(0.001639219 0.0001208489 -0.0002244509)
(0.001631115 0.0001412082 -0.0001651712)
(0.001606739 0.000149158 -0.0001129513)
(0.001582407 0.0001476722 -7.539387e-05)
(0.001560783 0.0001398452 -5.122957e-05)
(0.001542082 0.0001284067 -3.606099e-05)
(0.001525439 0.0001154256 -2.638965e-05)
(0.001510053 0.0001023044 -2.003004e-05)
(0.001495591 8.987783e-05 -1.567313e-05)
(0.001481977 7.856184e-05 -1.256255e-05)
(0.00146921 6.850289e-05 -1.026379e-05)
(0.001457291 5.969192e-05 -8.518611e-06)
(0.001446211 5.204082e-05 -7.1668e-06)
(0.001435936 4.542931e-05 -6.104011e-06)
(0.001426422 3.973035e-05 -5.258523e-06)
(0.001417616 3.482448e-05 -4.578617e-06)
(0.001409461 3.060098e-05 -4.025895e-06)
(0.001401925 2.697465e-05 -3.571896e-06)
(0.001441195 2.362621e-05 -0.0001777649)
(0.001574412 6.457782e-05 -0.0002642117)
(0.001621849 9.438173e-05 -0.000224329)
(0.001604574 0.0001132381 -0.0001638654)
(0.001574462 0.0001228911 -0.0001105602)
(0.001548665 0.0001251692 -7.231033e-05)
(0.001529584 0.0001220334 -4.786144e-05)
(0.001516415 0.0001153342 -3.271072e-05)
(0.001507096 0.000106597 -2.323708e-05)
(0.001499812 9.697384e-05 -1.716126e-05)
(0.001493519 8.726039e-05 -1.311414e-05)
(0.001487707 7.795286e-05 -1.030404e-05)
(0.001482151 6.932462e-05 -8.278287e-06)
(0.001476769 6.149732e-05 -6.7718e-06)
(0.001471544 5.44969e-05 -5.624248e-06)
(0.001466483 4.8294e-05 -4.734827e-06)
(0.001461592 4.283041e-05 -4.036727e-06)
(0.001456878 3.803703e-05 -3.484034e-06)
(0.001452344 3.383965e-05 -3.042216e-06)
(0.001447995 3.017815e-05 -2.692908e-06)
(0.00144081 1.815523e-05 -0.0001779967)
(0.001570183 5.018224e-05 -0.0002649136)
(0.001611063 7.466983e-05 -0.0002249058)
(0.001586873 9.134444e-05 -0.0001638621)
(0.001551204 0.0001011096 -0.0001098897)
(0.001521959 0.000105079 -7.109331e-05)
(0.001501756 0.0001045397 -4.62726e-05)
(0.001489578 0.0001007936 -3.091312e-05)
(0.001482897 9.498237e-05 -2.1359e-05)
(0.00147938 8.802279e-05 -1.529347e-05)
(0.00147752 8.059733e-05 -1.131599e-05)
(0.001476443 7.317633e-05 -8.610257e-06)
(0.001475663 6.605899e-05 -6.705449e-06)
(0.001474934 5.941719e-05 -5.324129e-06)
(0.00147414 5.333373e-05 -4.298322e-06)
(0.001473235 4.783278e-05 -3.523168e-06)
(0.001472207 4.290206e-05 -2.93016e-06)
(0.001471058 3.850941e-05 -2.473746e-06)
(0.001469802 3.461032e-05 -2.119558e-06)
(0.001468449 3.116406e-05 -1.854363e-06)
(0.00144059 1.420494e-05 -0.0001782098)
(0.001567592 3.949966e-05 -0.0002655703)
(0.001604114 5.950798e-05 -0.0002256302)
(0.001574933 7.387342e-05 -0.0001643301)
(0.001534804 8.302533e-05 -0.000109997)
(0.001502181 8.761845e-05 -7.086692e-05)
(0.001479916 8.849597e-05 -4.577695e-05)
(0.001466989 8.658205e-05 -3.021627e-05)
(0.001460703 8.274068e-05 -2.052267e-05)
(0.001458495 7.77029e-05 -1.436963e-05)
(0.001458615 7.204159e-05 -1.034701e-05)
(0.00145997 6.617544e-05 -7.629302e-06)
(0.001461893 6.039111e-05 -5.736946e-06)
(0.001463999 5.487128e-05 -4.384891e-06)
(0.001466073 4.972125e-05 -3.398984e-06)
(0.001467998 4.499167e-05 -2.66973e-06)
(0.001469719 4.069633e-05 -2.125309e-06)
(0.001471209 3.682605e-05 -1.718285e-06)
(0.001472467 3.335658e-05 -1.412704e-06)
(0.001473488 3.026016e-05 -1.196297e-06)
(0.001440456 1.119262e-05 -0.000178392)
(0.001565927 3.122905e-05 -0.0002661302)
(0.001599487 4.745511e-05 -0.0002263162)
(0.001566717 5.956454e-05 -0.0001649131)
(0.001523172 6.774072e-05 -0.0001103896)
(0.001487728 7.235353e-05 -7.106882e-05)
(0.001463428 7.39462e-05 -4.581197e-05)
(0.001449292 7.316821e-05 -3.011101e-05)
(0.001442554 7.06688e-05 -2.030242e-05)
(0.001440538 6.702653e-05 -1.405755e-05)
(0.001441365 6.271551e-05 -9.964613e-06)
(0.001443815 5.809802e-05 -7.196315e-06)
(0.001447113 5.343464e-05 -5.270672e-06)
(0.00145078 4.890171e-05 -3.899797e-06)
(0.001454529 4.46099e-05 -2.906627e-06)
(0.001458189 4.062129e-05 -2.178972e-06)
(0.001461663 3.696338e-05 -1.642655e-06)
(0.001464897 3.36405e-05 -1.248421e-06)
(0.001467869 3.064154e-05 -9.587631e-07)
(0.001470558 2.794759e-05 -7.603101e-07)
(0.001440368 8.782959e-06 -0.0001785373)
(0.001564815 2.455484e-05 -0.0002665753)
(0.00159633 3.753886e-05 -0.0002268861)
(0.001560975 4.750827e-05 -0.0001654473)
(0.001514861 5.452661e-05 -0.0001108221)
(0.001477182 5.879342e-05 -7.139268e-05)
(0.001451144 6.065209e-05 -4.603693e-05)
(0.001435812 6.055211e-05 -3.024828e-05)
(0.001428393 5.897323e-05 -2.036236e-05)
(0.001426145 5.636455e-05 -1.404965e-05)
(0.001427111 5.310922e-05 -9.898269e-06)
(0.001429994 4.951138e-05 -7.081078e-06)
(0.001433948 4.579839e-05 -5.115899e-06)
(0.001438432 4.213086e-05 -3.714241e-06)
(0.00144311 3.861518e-05 -2.698119e-06)
(0.001447773 3.531597e-05 -1.954254e-06)
(0.001452297 3.226702e-05 -1.407337e-06)
(0.001456605 2.94804e-05 -1.007021e-06)
(0.00146066 2.695344e-05 -7.148939e-07)
(0.001464428 2.467392e-05 -5.160182e-07)
(0.001440308 6.77491e-06 -0.0001786488)
(0.001564056 1.89641e-05 -0.0002669171)
(0.001594148 2.911523e-05 -0.0002273332)
(0.001556937 3.707315e-05 -0.0001658865)
(0.001508917 4.284726e-05 -0.0001112054)
(0.001469522 4.653968e-05 -7.171177e-05)
(0.001442085 4.836343e-05 -4.629586e-05)
(0.001425723 4.862393e-05 -3.04524e-05)
(0.001417634 4.766773e-05 -2.051652e-05)
(0.001415037 4.583377e-05 -1.41582e-05)
(0.001415923 4.342158e-05 -9.965579e-06)
(0.001418943 4.067657e-05 -7.111794e-06)
(0.001423198 3.778811e-05 -5.114838e-06)
(0.001428107 3.489443e-05 -3.686163e-06)
(0.001433299 3.209069e-05 -2.647533e-06)
(0.001438539 2.943775e-05 -1.885272e-06)
(0.001443679 2.697034e-05 -1.323596e-06)
(0.001448629 2.470411e-05 -9.115915e-07)
(0.001453341 2.264154e-05 -6.104472e-07)
(0.001457774 2.07756e-05 -4.038874e-07)
(0.001440266 5.038365e-06 -0.0001787306)
(0.001563538 1.411347e-05 -0.0002671695)
(0.001592643 2.17325e-05 -0.0002276661)
(0.00155412 2.779554e-05 -0.000166221)
(0.001504718 3.229057e-05 -0.0001115081)
(0.001464045 3.526675e-05 -7.197532e-05)
(0.001435536 3.685311e-05 -4.652177e-05)
(0.001418351 3.725144e-05 -3.06435e-05)
(0.001409691 3.670361e-05 -2.067542e-05)
(0.001406754 3.545517e-05 -1.428727e-05)
(0.001407497 3.372941e-05 -1.006724e-05)
(0.00141053 3.171403e-05 -7.188647e-06)
(0.001414922 2.955751e-05 -5.169582e-06)
(0.001420059 2.737098e-05 -3.721472e-06)
(0.001425544 2.523317e-05 -2.665951e-06)
(0.00143112 2.31962e-05 -1.889136e-06)
(0.001436627 2.129151e-05 -1.315004e-06)
(0.001441962 1.953496e-05 -8.923168e-07)
(0.001447071 1.793147e-05 -5.821102e-07)
(0.001451907 1.647774e-05 -3.671473e-07)
(0.001440238 3.484395e-06 -0.0001787874)
(0.001563191 9.763862e-06 -0.0002673475)
(0.001591636 1.506505e-05 -0.0002279007)
(0.001552219 1.932801e-05 -0.000166459)
(0.001501857 2.253514e-05 -0.000111728)
(0.001460282 2.470874e-05 -7.217105e-05)
(0.001430999 2.592379e-05 -4.669373e-05)
(0.001413203 2.63064e-05 -3.079322e-05)
(0.001404105 2.6015e-05 -2.080435e-05)
(0.001400889 2.521529e-05 -1.439686e-05)
(0.001401491 2.406117e-05 -1.015905e-05)
(0.001404497 2.268459e-05 -7.264343e-06)
(0.001408949 2.119179e-05 -5.230877e-06)
(0.001414211 1.966382e-05 -3.770025e-06)
(0.001419867 1.815922e-05 -2.703296e-06)
(0.001425645 1.671771e-05 -1.916638e-06)
(0.001431373 1.536406e-05 -1.333862e-06)
(0.001436941 1.411164e-05 -9.035056e-07)
(0.001442289 1.296561e-05 -5.865299e-07)
(0.001447367 1.192488e-05 -3.650612e-07)
(0.001440221 2.047541e-06 -0.0001788228)
(0.001562977 5.737412e-06 -0.0002674619)
(0.001591017 8.86347e-06 -0.00022805)
(0.001551043 1.139473e-05 -0.0001666104)
(0.001500076 1.331597e-05 -0.0001118694)
(0.001457925 1.463693e-05 -7.229846e-05)
(0.00142814 1.53966e-05 -4.680699e-05)
(0.001409943 1.566357e-05 -3.089314e-05)
(0.00140055 1.552735e-05 -2.08917e-05)
(0.00139714 1.508346e-05 -1.44725e-05)
(0.001397636 1.442196e-05 -1.022394e-05)
(0.00140061 1.362098e-05 -7.319548e-06)
(0.001405087 1.274426e-05 -5.277472e-06)
(0.001410416 1.184099e-05 -3.809037e-06)
(0.001416168 1.094715e-05 -2.735652e-06)
(0.001422063 1.008752e-05 -1.943136e-06)
(0.00142792 9.277902e-06 -1.355176e-06)
(0.001433623 8.527112e-06 -9.201585e-07)
(0.001439108 7.838931e-06 -5.989938e-07)
(0.001444325 7.213254e-06 -3.734225e-07)
(0.001440212 6.756562e-07 -0.0001788396)
(0.001562875 1.892837e-06 -0.0002675197)
(0.001590722 2.925855e-06 -0.0002281234)
(0.001550481 3.765376e-06 -0.0001666837)
(0.001499221 4.405108e-06 -0.0001119384)
(0.00145679 4.847966e-06 -7.236105e-05)
(0.001426759 5.106098e-06 -4.686292e-05)
(0.001408363 5.201159e-06 -3.094279e-05)
(0.001398822 5.162061e-06 -2.093539e-05)
(0.001395312 5.02002e-06 -1.451062e-05)
(0.001395753 4.804644e-06 -1.025697e-05)
(0.001398707 4.541807e-06 -7.347996e-06)
(0.001403193 4.252732e-06 -5.301871e-06)
(0.001408551 3.953899e-06 -3.829891e-06)
(0.001414348 3.657441e-06 -2.753413e-06)
(0.001420297 3.371776e-06 -1.958185e-06)
(0.001426213 3.10232e-06 -1.367827e-06)
(0.001431979 2.852147e-06 -9.306451e-07)
(0.001437528 2.622633e-06 -6.075244e-07)
(0.001442808 2.413836e-06 -3.800194e-07)
(0.001440212 -6.756554e-07 -0.0001788396)
(0.001562875 -1.892835e-06 -0.0002675197)
(0.001590722 -2.925853e-06 -0.0002281234)
(0.001550481 -3.765374e-06 -0.0001666837)
(0.001499221 -4.405105e-06 -0.0001119384)
(0.00145679 -4.847962e-06 -7.236105e-05)
(0.001426759 -5.106094e-06 -4.686292e-05)
(0.001408363 -5.201155e-06 -3.094279e-05)
(0.001398822 -5.162057e-06 -2.093539e-05)
(0.001395312 -5.020015e-06 -1.451062e-05)
(0.001395753 -4.804639e-06 -1.025697e-05)
(0.001398707 -4.541801e-06 -7.347996e-06)
(0.001403193 -4.252726e-06 -5.301871e-06)
(0.001408551 -3.953893e-06 -3.829891e-06)
(0.001414348 -3.657434e-06 -2.753413e-06)
(0.001420297 -3.371768e-06 -1.958185e-06)
(0.001426213 -3.102311e-06 -1.367827e-06)
(0.001431979 -2.852139e-06 -9.306451e-07)
(0.001437528 -2.622624e-06 -6.075244e-07)
(0.001442808 -2.413825e-06 -3.800194e-07)
(0.001440221 -2.04754e-06 -0.0001788228)
(0.001562977 -5.73741e-06 -0.0002674619)
(0.001591017 -8.863467e-06 -0.00022805)
(0.001551043 -1.139473e-05 -0.0001666104)
(0.001500076 -1.331597e-05 -0.0001118694)
(0.001457925 -1.463693e-05 -7.229846e-05)
(0.00142814 -1.53966e-05 -4.680699e-05)
(0.001409943 -1.566357e-05 -3.089314e-05)
(0.00140055 -1.552734e-05 -2.08917e-05)
(0.00139714 -1.508346e-05 -1.44725e-05)
(0.001397636 -1.442195e-05 -1.022394e-05)
(0.00140061 -1.362097e-05 -7.319548e-06)
(0.001405087 -1.274426e-05 -5.277472e-06)
(0.001410416 -1.184098e-05 -3.809037e-06)
(0.001416168 -1.094714e-05 -2.735652e-06)
(0.001422063 -1.008751e-05 -1.943136e-06)
(0.00142792 -9.277894e-06 -1.355176e-06)
(0.001433623 -8.527104e-06 -9.201584e-07)
(0.001439108 -7.838922e-06 -5.989938e-07)
(0.001444325 -7.213243e-06 -3.734225e-07)
(0.001440238 -3.484395e-06 -0.0001787874)
(0.001563191 -9.763861e-06 -0.0002673475)
(0.001591636 -1.506504e-05 -0.0002279007)
(0.001552219 -1.932801e-05 -0.000166459)
(0.001501857 -2.253514e-05 -0.000111728)
(0.001460282 -2.470874e-05 -7.217105e-05)
(0.001430999 -2.592379e-05 -4.669373e-05)
(0.001413203 -2.630639e-05 -3.079322e-05)
(0.001404105 -2.6015e-05 -2.080435e-05)
(0.001400889 -2.521528e-05 -1.439686e-05)
(0.001401491 -2.406117e-05 -1.015905e-05)
(0.001212011 0.0001203949 -0.0001918936)
(0.001082129 0.0001339392 -0.0001868952)
(0.0008053531 7.564635e-05 -0.0001012902)
(0.0005828619 3.703219e-05 -4.949204e-05)
(0.0004604548 1.907168e-05 -2.596706e-05)
(0.0003849463 1.022071e-05 -1.551787e-05)
(0.0003356053 5.643803e-06 -1.022013e-05)
(0.0003031005 3.242661e-06 -7.305041e-06)
(0.0002806059 1.922606e-06 -5.600225e-06)
(0.0002642803 1.151384e-06 -4.517797e-06)
(0.0002520058 6.786751e-07 -3.77592e-06)
(0.0002425033 3.793805e-07 -3.230804e-06)
(0.0002349735 1.858254e-07 -2.805087e-06)
(0.0002288987 5.953812e-08 -2.456971e-06)
(0.0002239286 -2.24438e-08 -2.16335e-06)
(0.0002198165 -7.462887e-08 -1.910694e-06)
(0.0002163823 -1.064684e-07 -1.690669e-06)
(0.000213493 -1.247895e-07 -1.497143e-06)
(0.0002110431 -1.33058e-07 -1.326751e-06)
(0.0002089686 -1.388168e-07 -1.172284e-06)
(0.001471263 0.0001942996 -0.0002501038)
(0.001539561 0.0002752733 -0.0002853224)
(0.001361176 0.0002263149 -0.0001849481)
(0.001132481 0.0001593538 -0.0001041742)
(0.0009613614 0.0001050327 -5.761999e-05)
(0.0008387973 6.834654e-05 -3.387502e-05)
(0.0007502179 4.509227e-05 -2.161345e-05)
(0.0006866253 3.044827e-05 -1.484833e-05)
(0.0006401028 2.11151e-05 -1.089555e-05)
(0.000605101 1.499767e-05 -8.434617e-06)
(0.0005781177 1.085118e-05 -6.804969e-06)
(0.0005568598 7.957155e-06 -5.665583e-06)
(0.0005397915 5.888823e-06 -4.826505e-06)
(0.0005258697 4.383236e-06 -4.178373e-06)
(0.0005143672 3.272716e-06 -3.657323e-06)
(0.0005047622 2.446192e-06 -3.224911e-06)
(0.0004966698 1.827505e-06 -2.857478e-06)
(0.0004898016 1.362412e-06 -2.538872e-06)
(0.0004839288 1.012297e-06 -2.259648e-06)
(0.000478904 7.425322e-07 -2.003639e-06)
(0.001449648 0.0001083012 -0.0002531942)
(0.001541052 0.000201735 -0.0002883699)
(0.001454456 0.000212169 -0.0001923726)
(0.001303722 0.000185772 -0.0001148203)
(0.001172598 0.0001473265 -6.719065e-05)
(0.001066419 0.0001111215 -4.110097e-05)
(0.0009816012 8.22455e-05 -2.697069e-05)
(0.000915521 6.074867e-05 -1.883687e-05)
(0.0008640671 4.519174e-05 -1.38706e-05)
(0.000823521 3.399168e-05 -1.066121e-05)
(0.0007911643 2.586144e-05 -8.477007e-06)
(0.0007650011 1.987955e-05 -6.929573e-06)
(0.000743565 1.541456e-05 -5.794239e-06)
(0.0007257891 1.203746e-05 -4.933303e-06)
(0.000710892 9.455113e-06 -4.260328e-06)
(0.0006982931 7.463791e-06 -3.719484e-06)
(0.0006875529 5.91874e-06 -3.274052e-06)
(0.0006783365 4.714516e-06 -2.898204e-06)
(0.0006703729 3.772939e-06 -2.575932e-06)
(0.0006634873 3.030603e-06 -2.284055e-06)
(0.001438708 6.393081e-05 -0.0002529915)
(0.001502549 0.000141858 -0.0002852912)
(0.001424275 0.0001703751 -0.0001879339)
(0.001308291 0.0001682565 -0.0001119572)
(0.001215204 0.0001495477 -6.590926e-05)
(0.001140304 0.0001248573 -4.069769e-05)
(0.001077853 0.0001007204 -2.706915e-05)
(0.001026347 7.989571e-05 -1.919948e-05)
(0.0009838645 6.301062e-05 -1.433498e-05)
(0.000948602 4.97335e-05 -1.113066e-05)
(0.000919205 3.941718e-05 -8.895071e-06)
(0.000894577 3.141296e-05 -7.269617e-06)
(0.0008738122 2.51784e-05 -6.051714e-06)
(0.000856183 2.029209e-05 -5.116525e-06)
(0.0008411118 1.64373e-05 -4.383395e-06)
(0.0008281418 1.337851e-05 -3.797768e-06)
(0.0008169104 1.093983e-05 -3.321561e-06)
(0.0008071314 8.988791e-06 -2.926479e-06)
(0.000798566 7.423247e-06 -2.593672e-06)
(0.0007910615 6.163945e-06 -2.297492e-06)
(0.00143471 4.298278e-05 -0.0002531271)
(0.001478053 0.0001024147 -0.0002844075)
(0.001385724 0.0001310167 -0.0001843835)
(0.001273013 0.0001381937 -0.0001073194)
(0.001195093 0.0001318731 -6.159438e-05)
(0.001139733 0.0001181338 -3.714491e-05)
(0.001096345 0.0001016972 -2.430665e-05)
(0.001061071 8.545959e-05 -1.711874e-05)
(0.001031449 7.084334e-05 -1.279008e-05)
(0.001006003 5.834708e-05 -9.986689e-06)
(0.0009839675 4.796345e-05 -8.038463e-06)
(0.0009648353 3.946107e-05 -6.611067e-06)
(0.0009481878 3.254363e-05 -5.526409e-06)
(0.0009336645 2.692448e-05 -4.680507e-06)
(0.0009209532 2.235534e-05 -4.008646e-06)
(0.0009097854 1.86323e-05 -3.4676e-06)
(0.0008999327 1.559169e-05 -3.026641e-06)
(0.0008912053 1.31039e-05 -2.662191e-06)
(0.0008834369 1.106415e-05 -2.357519e-06)
(0.0008765231 9.392653e-06 -2.091206e-06)
(0.001432777 3.039907e-05 -0.00025327)
(0.001464505 7.548266e-05 -0.0002844333)
(0.001359245 0.000100985 -0.0001829462)
(0.001240326 0.0001113343 -0.0001047249)
(0.001163903 0.000111207 -5.859239e-05)
(0.001115512 0.0001043687 -3.417387e-05)
(0.001082025 9.40158e-05 -2.157699e-05)
(0.001057434 8.243474e-05 -1.472318e-05)
(0.001037944 7.102757e-05 -1.074458e-05)
(0.001021465 6.054627e-05 -8.26784e-06)
(0.001007064 5.130652e-05 -6.605092e-06)
(0.0009943011 4.336261e-05 -5.415833e-06)
(0.0009829227 3.663381e-05 -4.523785e-06)
(0.0009727512 3.098217e-05 -3.831054e-06)
(0.0009636424 2.625595e-05 -3.280463e-06)
(0.0009554684 2.231124e-05 -2.836217e-06)
(0.0009481137 1.902057e-05 -2.47392e-06)
(0.0009414768 1.627586e-05 -2.175467e-06)
(0.0009354642 1.398442e-05 -1.927397e-06)
(0.0009300176 1.207512e-05 -1.715729e-06)
(0.001431839 2.25501e-05 -0.000253437)
(0.001456914 5.738136e-05 -0.000284836)
(0.001342512 7.917887e-05 -0.0001827178)
(0.001216719 9.00302e-05 -0.000103757)
(0.001137372 9.275816e-05 -5.717066e-05)
(0.001089647 8.984616e-05 -3.252865e-05)
(0.001059579 8.350901e-05 -1.985405e-05)
(0.0010401 7.546538e-05 -1.302772e-05)
(0.001026479 6.689172e-05 -9.143526e-06)
(0.001015974 5.852697e-05 -6.797559e-06)
(0.001007258 5.078342e-05 -5.280622e-06)
(0.0009996973 4.384847e-05 -4.237126e-06)
(0.0009929686 3.776951e-05 -3.481505e-06)
(0.0009869015 3.251464e-05 -2.911329e-06)
(0.0009813936 2.801244e-05 -2.468104e-06)
(0.0009763714 2.417648e-05 -2.116764e-06)
(0.000971775 2.091893e-05 -1.834597e-06)
(0.0009675529 1.815834e-05 -1.606037e-06)
(0.0009636587 1.581989e-05 -1.419176e-06)
(0.0009600623 1.384388e-05 -1.266524e-06)
(0.001431334 1.729029e-05 -0.0002536106)
(0.001452409 4.460447e-05 -0.0002853197)
(0.001331814 6.288275e-05 -0.0001829587)
(0.001200473 7.317955e-05 -0.0001035984)
(0.001117583 7.717787e-05 -5.67218e-05)
(0.001068372 7.651823e-05 -3.188775e-05)
(0.001038657 7.276139e-05 -1.907641e-05)
(0.001020951 6.720625e-05 -1.216393e-05)
(0.001010047 6.081292e-05 -8.239167e-06)
(0.001002788 5.423985e-05 -5.889259e-06)
(0.000997535 4.790244e-05 -4.396063e-06)
(0.0009934346 4.203477e-05 -3.395036e-06)
(0.0009900323 3.674635e-05 -2.692726e-06)
(0.0009870855 3.206678e-05 -2.180667e-06)
(0.000984461 2.797789e-05 -1.796156e-06)
(0.0009820795 2.443579e-05 -1.501542e-06)
(0.0009798894 2.138493e-05 -1.2727e-06)
(0.0009778527 1.87674e-05 -1.093892e-06)
(0.0009759423 1.652569e-05 -9.528549e-07)
(0.0009741371 1.461061e-05 -8.457527e-07)
(0.001431034 1.351332e-05 -0.0002537629)
(0.001449586 3.513739e-05 -0.0002857522)
(0.001324783 5.029204e-05 -0.0001833118)
(0.001189276 5.95765e-05 -0.0001037459)
(0.001103275 6.398895e-05 -5.671043e-05)
(0.001052156 6.460324e-05 -3.176231e-05)
(0.001021688 6.25187e-05 -1.885164e-05)
(0.001004217 5.871323e-05 -1.185447e-05)
(0.0009943016 5.39597e-05 -7.863251e-06)
(0.0009885588 4.882412e-05 -5.465631e-06)
(0.0009851524 4.369184e-05 -3.942869e-06)
(0.000983074 3.880424e-05 -2.928331e-06)
(0.000981755 3.429685e-05 -2.225476e-06)
(0.0009808757 3.023193e-05 -1.722599e-06)
(0.0009802545 2.662364e-05 -1.35403e-06)
(0.0009797841 2.345661e-05 -1.07968e-06)
(0.0009793988 2.069885e-05 -8.73528e-07)
(0.0009790554 1.831079e-05 -7.187157e-07)
(0.0009787278 1.624948e-05 -6.01889e-07)
(0.0009783933 1.447465e-05 -5.204149e-07)
(0.001430843 1.064341e-05 -0.000253888)
(0.001447741 2.780623e-05 -0.0002861087)
(0.001320037 4.022718e-05 -0.0001836556)
(0.001181458 4.830061e-05 -0.0001039827)
(0.001092954 5.262546e-05 -5.686222e-05)
(0.001040066 5.389983e-05 -3.1853e-05)
(0.001008575 5.28915e-05 -1.888389e-05)
(0.0009907527 5.032738e-05 -1.18295e-05)
(0.0009810326 4.681779e-05 -7.785516e-06)
(0.0009759003 4.283547e-05 -5.341536e-06)
(0.0009733998 3.872129e-05 -3.780454e-06)
(0.0009724209 3.470404e-05 -2.736355e-06)
(0.0009723145 3.092522e-05 -2.012431e-06)
(0.0009727015 2.746226e-05 -1.496104e-06)
(0.0009733581 2.434784e-05 -1.120511e-06)
(0.0009741489 2.158501e-05 -8.442913e-07)
(0.0009749905 1.915832e-05 -6.402032e-07)
(0.0009758291 1.704206e-05 -4.904312e-07)
(0.0009766335 1.520505e-05 -3.807016e-07)
(0.0009773763 1.361484e-05 -3.082399e-07)
(0.001430715 8.352609e-06 -0.0002539846)
(0.001446496 2.18846e-05 -0.0002863862)
(0.001316771 3.190155e-05 -0.0001839429)
(0.001175941 3.869467e-05 -0.0001042118)
(0.001085495 4.263039e-05 -5.704487e-05)
(0.001031124 4.416104e-05 -3.200347e-05)
(0.0009986465 4.381761e-05 -1.900216e-05)
(0.0009803043 4.21318e-05 -1.191369e-05)
(0.0009704587 3.957451e-05 -7.835636e-06)
(0.0009655132 3.652833e-05 -5.358909e-06)
(0.0009634324 3.328217e-05 -3.767773e-06)
(0.0009630369 3.004013e-05 -2.697347e-06)
(0.0009636214 2.69367e-05 -1.951332e-06)
(0.0009647629 2.405273e-05 -1.417238e-06)
(0.0009662059 2.14297e-05 -1.027977e-06)
(0.0009677925 1.90816e-05 -7.417608e-07)
(0.0009694245 1.700426e-05 -5.308199e-07)
(0.0009710385 1.518228e-05 -3.768032e-07)
(0.0009725979 1.359384e-05 -2.649407e-07)
(0.0009740712 1.221368e-05 -1.918771e-07)
(0.001430627 6.444827e-06 -0.0002540561)
(0.00144564 1.691583e-05 -0.0002865959)
(0.0013145 2.479227e-05 -0.0001841681)
(0.001172036 3.029938e-05 -0.0001044041)
(0.001080117 3.366496e-05 -5.72106e-05)
(0.001024566 3.51818e-05 -3.215135e-05)
(0.0009912419 3.521264e-05 -1.913163e-05)
(0.0009723821 3.413853e-05 -1.202275e-05)
(0.0009623065 3.231276e-05 -7.923467e-06)
(0.0009573647 3.003394e-05 -5.425528e-06)
(0.000955467 2.753607e-05 -3.814013e-06)
(0.000955384 2.499108e-05 -2.724738e-06)
(0.0009563687 2.251749e-05 -1.961845e-06)
(0.0009579656 2.019092e-05 -1.413067e-06)
(0.0009598947 1.805425e-05 -1.011357e-06)
(0.0009619809 1.612658e-05 -7.14829e-07)
(0.0009641144 1.44106e-05 -4.95526e-07)
(0.0009662244 1.289824e-05 -3.348393e-07)
(0.0009682701 1.157498e-05 -2.178031e-07)
(0.0009702174 1.042203e-05 -1.404836e-07)
(0.001430565 4.794685e-06 -0.0002541062)
(0.001445052 1.259687e-05 -0.0002867488)
(0.00131293 1.853368e-05 -0.0001843355)
(0.0011693 2.277599e-05 -0.0001045516)
(0.001076297 2.546485e-05 -5.734246e-05)
(0.001019846 2.678871e-05 -3.227272e-05)
(0.0009858458 2.698981e-05 -1.924194e-05)
(0.00096654 2.633255e-05 -1.212043e-05)
(0.0009562261 2.50716e-05 -8.007788e-06)
(0.0009512196 2.342914e-05 -5.496357e-06)
(0.0009493927 2.158432e-05 -3.871712e-06)
(0.0009494801 1.967275e-05 -2.770068e-06)
(0.0009507037 1.779103e-05 -1.995824e-06)
(0.0009525832 1.60033e-05 -1.43685e-06)
(0.0009548196 1.43482e-05 -1.026138e-06)
(0.0009572242 1.284525e-05 -7.217645e-07)
(0.0009596782 1.150036e-05 -4.956976e-07)
(0.000962105 1.03102e-05 -3.291896e-07)
(0.0009644607 9.265663e-06 -2.072138e-07)
(0.0009667097 8.353544e-06 -1.253992e-07)
(0.001430522 3.317057e-06 -0.0002541385)
(0.001444656 8.717263e-06 -0.0002868553)
(0.001311877 1.286099e-05 -0.0001844533)
(0.001167448 1.58671e-05 -0.000104657)
(0.001073683 1.781846e-05 -5.74385e-05)
(0.001016586 1.883319e-05 -3.236237e-05)
(0.0009820856 1.906503e-05 -1.932473e-05)
(0.0009624338 1.868623e-05 -1.219521e-05)
(0.0009519185 1.7868e-05 -8.07402e-06)
(0.0009468338 1.676327e-05 -5.55398e-06)
(0.000945027 1.549797e-05 -3.920989e-06)
(0.0009452077 1.416946e-05 -2.811496e-06)
(0.0009465757 1.284872e-05 -2.030039e-06)
(0.0009486321 1.158419e-05 -1.464547e-06)
(0.0009510638 1.040613e-05 -1.048011e-06)
(0.0009536719 9.330931e-06 -7.384635e-07)
(0.0009563305 8.364872e-06 -5.07817e-07)
(0.0009589585 7.507178e-06 -3.372287e-07)
(0.0009615097 6.752569e-06 -2.116499e-07)
(0.0009639475 6.092472e-06 -1.264161e-07)
(0.001430494 1.949804e-06 -0.0002541559)
(0.001444411 5.121596e-06 -0.000286923)
(0.00131123 7.571046e-06 -0.0001845281)
(0.001166301 9.365793e-06 -0.0001047242)
(0.001072052 1.054675e-05 -5.750039e-05)
(0.001014538 1.11809e-05 -3.242048e-05)
(0.0009797082 1.135349e-05 -1.93788e-05)
(0.0009598221 1.116116e-05 -1.224448e-05)
(0.0009491638 1.070241e-05 -8.118106e-06)
(0.0009440156 1.006664e-05 -5.592885e-06)
(0.0009422093 9.328428e-06 -3.954908e-06)
(0.000942439 8.546266e-06 -2.840761e-06)
(0.0009438901 7.763421e-06 -2.055062e-06)
(0.0009460514 7.009914e-06 -1.485759e-06)
(0.0009486005 6.304939e-06 -1.065824e-06)
(0.0009513313 5.659283e-06 -7.532505e-07)
(0.000954113 5.077528e-06 -5.199035e-07)
(0.0009568617 4.559862e-06 -3.468735e-07)
(0.0009595291 4.10362e-06 -2.190978e-07)
(0.0009620781 3.704027e-06 -1.317349e-07)
(0.001430479 6.43534e-07 -0.0002541611)
(0.001444293 1.688972e-06 -0.0002869564)
(0.001310922 2.499671e-06 -0.0001845647)
(0.001165752 3.096822e-06 -0.0001047569)
(0.001071268 3.491916e-06 -5.753069e-05)
(0.00101355 3.707254e-06 -3.244896e-05)
(0.0009785569 3.770208e-06 -1.94054e-05)
(0.0009585528 3.7118e-06 -1.22688e-05)
(0.0009478209 3.564175e-06 -8.139959e-06)
(0.0009426379 3.356737e-06 -5.612279e-06)
(0.0009408284 3.114169e-06 -3.971949e-06)
(0.0009410791 2.855962e-06 -2.855616e-06)
(0.0009425682 2.596642e-06 -2.067937e-06)
(0.0009447788 2.34637e-06 -1.496869e-06)
(0.0009473834 2.11171e-06 -1.075372e-06)
(0.0009501724 1.896416e-06 -7.614107e-07)
(0.0009530124 1.702151e-06 -5.26827e-07)
(0.000955818 1.529086e-06 -3.526744e-07)
(0.00095854 1.376419e-06 -2.238823e-07)
(0.0009611409 1.242621e-06 -1.355242e-07)
(0.001430479 -6.435333e-07 -0.0002541611)
(0.001444293 -1.688971e-06 -0.0002869564)
(0.001310922 -2.499669e-06 -0.0001845647)
(0.001165752 -3.09682e-06 -0.0001047569)
(0.001071268 -3.491914e-06 -5.753069e-05)
(0.00101355 -3.707251e-06 -3.244896e-05)
(0.0009785569 -3.770204e-06 -1.94054e-05)
(0.0009585528 -3.711797e-06 -1.22688e-05)
(0.0009478209 -3.564171e-06 -8.139959e-06)
(0.0009426379 -3.356733e-06 -5.612279e-06)
(0.0009408284 -3.114165e-06 -3.971949e-06)
(0.0009410791 -2.855957e-06 -2.855616e-06)
(0.0009425682 -2.596637e-06 -2.067937e-06)
(0.0009447788 -2.346364e-06 -1.496869e-06)
(0.0009473834 -2.111705e-06 -1.075372e-06)
(0.0009501724 -1.89641e-06 -7.614107e-07)
(0.0009530124 -1.702144e-06 -5.26827e-07)
(0.000955818 -1.529079e-06 -3.526744e-07)
(0.00095854 -1.376412e-06 -2.238823e-07)
(0.0009611409 -1.242613e-06 -1.355242e-07)
(0.001430494 -1.949804e-06 -0.0002541559)
(0.001444411 -5.121595e-06 -0.000286923)
(0.00131123 -7.571044e-06 -0.0001845281)
(0.001166301 -9.36579e-06 -0.0001047242)
(0.001072052 -1.054675e-05 -5.750039e-05)
(0.001014538 -1.118089e-05 -3.242048e-05)
(0.0009797082 -1.135348e-05 -1.93788e-05)
(0.0009598221 -1.116115e-05 -1.224448e-05)
(0.0009491638 -1.07024e-05 -8.118106e-06)
(0.0009440156 -1.006663e-05 -5.592885e-06)
(0.0009422093 -9.328424e-06 -3.954909e-06)
(0.000942439 -8.546262e-06 -2.840761e-06)
(0.0009438901 -7.763416e-06 -2.055062e-06)
(0.0009460514 -7.009909e-06 -1.485759e-06)
(0.0009486005 -6.304933e-06 -1.065824e-06)
(0.0009513313 -5.659277e-06 -7.532505e-07)
(0.000954113 -5.077521e-06 -5.199034e-07)
(0.0009568617 -4.559854e-06 -3.468735e-07)
(0.0009595291 -4.103613e-06 -2.190978e-07)
(0.0009620781 -3.704019e-06 -1.317349e-07)
(0.001430522 -3.317057e-06 -0.0002541385)
(0.001444656 -8.717261e-06 -0.0002868553)
(0.001311877 -1.286099e-05 -0.0001844533)
(0.001167448 -1.58671e-05 -0.000104657)
(0.001073683 -1.781846e-05 -5.74385e-05)
(0.001016586 -1.883318e-05 -3.236237e-05)
(0.0009820856 -1.906502e-05 -1.932473e-05)
(0.0009624338 -1.868623e-05 -1.219521e-05)
(0.0009519185 -1.7868e-05 -8.07402e-06)
(0.0009468338 -1.676327e-05 -5.55398e-06)
(0.000945027 -1.549796e-05 -3.920989e-06)
(0.0009265727 8.438935e-05 -0.0001012821)
(0.0007041049 7.740006e-05 -6.874496e-05)
(0.000441555 3.823471e-05 -1.947066e-05)
(0.0002856944 1.842713e-05 -5.378755e-06)
(0.0002171581 9.486256e-06 -3.027689e-06)
(0.000176896 4.678551e-06 -2.032076e-06)
(0.0001517873 2.244447e-06 -1.465726e-06)
(0.000135964 1.053277e-06 -1.159539e-06)
(0.0001253008 4.502729e-07 -9.561767e-07)
(0.00011771 1.328255e-07 -8.057441e-07)
(0.0001120887 -3.833119e-08 -6.903656e-07)
(0.0001077874 -1.305564e-07 -5.978459e-07)
(0.000104411 -1.782515e-07 -5.208307e-07)
(0.0001017096 -1.998938e-07 -4.552455e-07)
(9.951624e-05 -2.059325e-07 -3.986709e-07)
(9.771462e-05 -2.026178e-07 -3.49498e-07)
(9.622056e-05 -1.938115e-07 -3.066438e-07)
(9.497242e-05 -1.821564e-07 -2.690131e-07)
(9.392155e-05 -1.686941e-07 -2.36497e-07)
(9.304098e-05 -1.564546e-07 -2.056405e-07)
(0.001077394 0.0001364617 -0.000131205)
(0.0009077427 0.0001602528 -0.0001072499)
(0.0006633455 0.0001130802 -4.13586e-05)
(0.0004903546 7.174871e-05 -1.489715e-05)
(0.0004006082 4.374596e-05 -7.192916e-06)
(0.0003432269 2.654697e-05 -4.144701e-06)
(0.0003038402 1.628827e-05 -2.642311e-06)
(0.0002767398 1.018782e-05 -1.871561e-06)
(0.0002573379 6.512084e-06 -1.430774e-06)
(0.0002429264 4.22518e-06 -1.145287e-06)
(0.0002319288 2.751322e-06 -9.472049e-07)
(0.0002233348 1.773954e-06 -8.023745e-07)
(0.0002164816 1.112042e-06 -6.908086e-07)
(0.0002109267 6.578891e-07 -6.0116e-07)
(0.0002063645 3.448866e-07 -5.268588e-07)
(0.0002025769 1.300146e-07 -4.638281e-07)
(0.000199404 -1.560327e-08 -4.095673e-07)
(0.0001967261 -1.121666e-07 -3.619254e-07)
(0.0001944488 -1.736164e-07 -3.206582e-07)
(0.000192517 -2.126558e-07 -2.79229e-07)
(0.001059343 7.644601e-05 -0.0001296745)
(0.0008924958 0.0001142777 -0.0001025077)
(0.0006906979 0.0001017585 -3.893744e-05)
(0.0005481611 7.945991e-05 -1.4143e-05)
(0.0004724231 5.781621e-05 -6.807169e-06)
(0.0004213188 4.061602e-05 -4.000794e-06)
(0.0003837139 2.820633e-05 -2.663292e-06)
(0.0003560412 1.960939e-05 -1.954906e-06)
(0.0003350906 1.37368e-05 -1.528513e-06)
(0.0003188338 9.707847e-06 -1.235741e-06)
(0.0003060095 6.904457e-06 -1.021304e-06)
(0.0002957339 4.921818e-06 -8.594774e-07)
(0.0002873787 3.498686e-06 -7.337875e-07)
(0.000280498 2.465345e-06 -6.336321e-07)
(0.000274769 1.709688e-06 -5.521215e-07)
(0.0002699539 1.155732e-06 -4.844493e-07)
(0.0002658735 7.504698e-07 -4.27355e-07)
(0.0002623922 4.557882e-07 -3.779444e-07)
(0.0002594005 2.437762e-07 -3.357483e-07)
(0.0002568348 9.166707e-08 -2.927327e-07)
(0.001050579 4.602957e-05 -0.0001304414)
(0.0008670713 8.181311e-05 -0.0001017386)
(0.0006714634 8.305764e-05 -3.771047e-05)
(0.0005455406 7.257404e-05 -1.330907e-05)
(0.0004850947 5.868589e-05 -6.1252e-06)
(0.0004459249 4.534797e-05 -3.47143e-06)
(0.0004166229 3.423375e-05 -2.304412e-06)
(0.0003942247 2.557396e-05 -1.722895e-06)
(0.0003764456 1.905573e-05 -1.383987e-06)
(0.0003620044 1.422264e-05 -1.14867e-06)
(0.0003501604 1.064637e-05 -9.682035e-07)
(0.0003403664 7.987802e-06 -8.248739e-07)
(0.0003321987 5.997238e-06 -7.086916e-07)
(0.0003253319 4.496095e-06 -6.132488e-07)
(0.0003195142 3.357788e-06 -5.342285e-07)
(0.0003145494 2.492089e-06 -4.68253e-07)
(0.0003102836 1.833638e-06 -4.127155e-07)
(0.0003065967 1.334272e-06 -3.649538e-07)
(0.0003033892 9.572974e-07 -3.245182e-07)
(0.0003006043 6.745262e-07 -2.832431e-07)
(0.001046709 3.109534e-05 -0.0001309048)
(0.0008507224 6.000342e-05 -0.0001016733)
(0.000649928 6.53518e-05 -3.681497e-05)
(0.0005281959 6.098267e-05 -1.238012e-05)
(0.0004754674 5.279578e-05 -5.308235e-06)
(0.0004445968 4.361239e-05 -2.771847e-06)
(0.000422775 3.502216e-05 -1.737705e-06)
(0.000406419 2.765545e-05 -1.278458e-06)
(0.0003932472 2.163781e-05 -1.042008e-06)
(0.0003822149 1.685972e-05 -8.888128e-07)
(0.0003728603 1.312071e-05 -7.708287e-07)
(0.0003648832 1.021189e-05 -6.733553e-07)
(0.0003580508 7.951053e-06 -5.9025e-07)
(0.0003521749 6.191283e-06 -5.185463e-07)
(0.0003470997 4.818741e-06 -4.567324e-07)
(0.000342695 3.746787e-06 -4.035683e-07)
(0.0003388526 2.909583e-06 -3.579132e-07)
(0.0003354846 2.257091e-06 -3.182042e-07)
(0.0003325151 1.749765e-06 -2.84389e-07)
(0.000329902 1.358237e-06 -2.498918e-07)
(0.001044732 2.200168e-05 -0.0001310299)
(0.0008412849 4.466478e-05 -0.0001016519)
(0.000634662 5.14061e-05 -3.640353e-05)
(0.0005120602 5.042017e-05 -1.19328e-05)
(0.0004615281 4.579973e-05 -4.883371e-06)
(0.0004344466 3.964914e-05 -2.351541e-06)
(0.0004170653 3.328813e-05 -1.340342e-06)
(0.0004050525 2.739225e-05 -9.193335e-07)
(0.0003957517 2.224841e-05 -7.267332e-07)
(0.0003879975 1.792741e-05 -6.18214e-07)
(0.0003813405 1.43816e-05 -5.420802e-07)
(0.000375554 1.151187e-05 -4.813933e-07)
(0.0003704948 9.20731e-06 -4.293439e-07)
(0.0003660584 7.364099e-06 -3.832062e-07)
(0.0003621584 5.892825e-06 -3.42164e-07)
(0.0003587196 4.719889e-06 -3.05865e-07)
(0.0003556759 3.785961e-06 -2.739763e-07)
(0.0003529711 3.044068e-06 -2.45841e-07)
(0.000350555 2.455623e-06 -2.215923e-07)
(0.0003483994 1.99211e-06 -1.970942e-07)
(0.001043704 1.63092e-05 -0.0001311121)
(0.0008358012 3.418787e-05 -0.0001017572)
(0.0006246369 4.09773e-05 -3.630893e-05)
(0.0004999534 4.173081e-05 -1.178271e-05)
(0.0004492976 3.927597e-05 -4.71596e-06)
(0.0004233845 3.519607e-05 -2.157142e-06)
(0.0004080331 3.054035e-05 -1.12925e-06)
(0.000398448 2.592089e-05 -7.044973e-07)
(0.0003916426 2.166392e-05 -5.169964e-07)
(0.0003862581 1.791827e-05 -4.201224e-07)
(0.0003817473 1.47205e-05 -3.59838e-07)
(0.0003778517 1.204411e-05 -3.168055e-07)
(0.0003744336 9.833407e-06 -2.824954e-07)
(0.0003714122 8.023256e-06 -2.531303e-07)
(0.0003687305 6.549721e-06 -2.273396e-07)
(0.0003663419 5.355137e-06 -2.046083e-07)
(0.0003642062 4.389733e-06 -1.846154e-07)
(0.0003622881 3.612062e-06 -1.670707e-07)
(0.0003605565 2.986659e-06 -1.519076e-07)
(0.0003589921 2.486561e-06 -1.372909e-07)
(0.001043119 1.249688e-05 -0.0001311722)
(0.0008324671 2.670453e-05 -0.0001018718)
(0.0006180529 3.295422e-05 -3.631961e-05)
(0.0004913528 3.456172e-05 -1.17576e-05)
(0.0004398658 3.345883e-05 -4.679981e-06)
(0.0004139806 3.081203e-05 -2.101476e-06)
(0.0003993327 2.74363e-05 -1.054253e-06)
(0.0003908863 2.385553e-05 -6.14738e-07)
(0.0003854501 2.038844e-05 -4.168755e-07)
(0.0003815168 1.72128e-05 -3.142654e-07)
(0.0003784394 1.440851e-05 -2.526571e-07)
(0.0003759 1.199328e-05 -2.117714e-07)
(0.0003737321 9.94943e-06 -1.820218e-07)
(0.0003718454 8.241623e-06 -1.587065e-07)
(0.0003701849 6.827704e-06 -1.397106e-07)
(0.0003687119 5.665124e-06 -1.240038e-07)
(0.0003673958 4.714199e-06 -1.108957e-07)
(0.0003662114 3.939903e-06 -1.000678e-07)
(0.0003651377 3.31102e-06 -9.10335e-08)
(0.0003641595 2.802495e-06 -8.357511e-08)
(0.001042759 9.764947e-06 -0.0001312159)
(0.0008303473 2.11118e-05 -0.0001019678)
(0.0006136521 2.66045e-05 -3.636105e-05)
(0.0004852905 2.854976e-05 -1.177853e-05)
(0.0004328671 2.826971e-05 -4.695195e-06)
(0.0004066078 2.661083e-05 -2.105302e-06)
(0.0003920624 2.41938e-05 -1.045349e-06)
(0.0003840664 2.144891e-05 -5.940757e-07)
(0.0003793082 1.86639e-05 -3.855593e-07)
(0.0003761845 1.60187e-05 -2.740248e-07)
(0.0003739745 1.361207e-05 -2.05797e-07)
(0.0003723093 1.148675e-05 -1.60624e-07)
(0.0003709899 9.649813e-06 -1.286596e-07)
(0.0003699075 8.087339e-06 -1.048339e-07)
(0.0003689982 6.774353e-06 -8.662149e-08)
(0.0003682208 5.681302e-06 -7.262327e-08)
(0.0003675458 4.777951e-06 -6.181388e-08)
(0.0003669507 4.035811e-06 -5.373914e-08)
(0.0003664186 3.428443e-06 -4.752874e-08)
(0.0003659352 2.933187e-06 -4.386834e-08)
(0.001042525 7.692166e-06 -0.000131248)
(0.0008289481 1.675148e-05 -0.0001020439)
(0.0006106503 2.142879e-05 -3.640749e-05)
(0.0004809919 2.340372e-05 -1.181301e-05)
(0.0004277218 2.359195e-05 -4.72635e-06)
(0.0004009917 2.260205e-05 -2.129912e-06)
(0.0003863102 2.089811e-05 -1.062618e-06)
(0.0003784385 1.882179e-05 -6.040492e-07)
(0.0003739908 1.661894e-05 -3.881419e-07)
(0.0003713005 1.445601e-05 -2.694947e-07)
(0.0003695958 1.243499e-05 -1.949629e-07)
(0.000368469 1.061025e-05 -1.445682e-07)
(0.0003676946 9.00347e-06 -1.085478e-07)
(0.0003671464 7.615123e-06 -8.179941e-08)
(0.0003667504 6.432942e-06 -6.167503e-08)
(0.0003664596 5.437841e-06 -4.661701e-08)
(0.0003662429 4.607833e-06 -3.54176e-08)
(0.000366077 3.920619e-06 -2.751705e-08)
(0.0003659468 3.35462e-06 -2.180728e-08)
(0.0003658376 2.890113e-06 -1.936853e-08)
(0.001042366 6.039026e-06 -0.0001312706)
(0.0008279979 1.321068e-05 -0.0001021011)
(0.00060857 1.708147e-05 -3.644742e-05)
(0.0004779257 1.890558e-05 -1.184572e-05)
(0.0004239506 1.93248e-05 -4.756977e-06)
(0.0003967698 1.877395e-05 -2.156502e-06)
(0.0003818751 1.759412e-05 -1.085014e-06)
(0.0003739844 1.604881e-05 -6.222956e-07)
(0.0003696638 1.433903e-05 -4.020047e-07)
(0.0003672033 1.260912e-05 -2.788548e-07)
(0.0003657937 1.095418e-05 -1.999889e-07)
(0.0003649987 9.430788e-06 -1.45634e-07)
(0.0003645717 8.067418e-06 -1.061542e-07)
(0.0003643723 6.873123e-06 -7.651259e-08)
(0.0003643173 5.844298e-06 -5.406514e-08)
(0.0003643545 4.969751e-06 -3.721806e-08)
(0.00036445 4.234273e-06 -2.469836e-08)
(0.0003645798 3.621089e-06 -1.589273e-08)
(0.000364729 3.113238e-06 -9.589873e-09)
(0.0003648829 2.694304e-06 -6.98999e-09)
(0.001042254 4.66249e-06 -0.0001312856)
(0.0008273417 1.022672e-05 -0.0001021431)
(0.0006071177 1.332513e-05 -3.64791e-05)
(0.0004757383 1.489514e-05 -1.187302e-05)
(0.0004212032 1.538792e-05 -4.782892e-06)
(0.000393635 1.51118e-05 -2.179597e-06)
(0.0003785212 1.431248e-05 -1.105424e-06)
(0.0003705557 1.31871e-05 -6.401666e-07)
(0.0003662737 1.189326e-05 -4.172268e-07)
(0.0003639343 1.054933e-05 -2.913284e-07)
(0.0003627012 9.237386e-06 -2.097365e-07)
(0.0003621157 8.009703e-06 -1.52782e-07)
(0.0003619148 6.895789e-06 -1.109077e-07)
(0.0003619461 5.908602e-06 -7.913086e-08)
(0.0003621187 5.049732e-06 -5.48311e-08)
(0.0003623759 4.313474e-06 -3.641437e-08)
(0.0003626813 3.689857e-06 -2.259193e-08)
(0.0003630102 3.166778e-06 -1.272409e-08)
(0.0003633474 2.731424e-06 -5.57123e-09)
(0.0003636788 2.370786e-06 -2.339148e-09)
(0.001042176 3.471572e-06 -0.0001312944)
(0.0008268882 7.6241e-06 -0.0001021728)
(0.000606111 9.988719e-06 -3.65026e-05)
(0.0004741969 1.124685e-05 -1.189376e-05)
(0.0004192359 1.171034e-05 -4.802709e-06)
(0.0003913574 1.159401e-05 -2.197369e-06)
(0.000376051 1.106916e-05 -1.121367e-06)
(0.0003679977 1.027733e-05 -6.54455e-07)
(0.0003637139 9.33601e-06 -4.298532e-07)
(0.0003614373 8.33649e-06 -3.022714e-07)
(0.0003603116 7.344404e-06 -2.190159e-07)
(0.0003598613 6.403535e-06 -1.604606e-07)
(0.0003598102 5.540304e-06 -1.170856e-07)
(0.0003599966 4.768036e-06 -8.39341e-08)
(0.0003603232 4.090718e-06 -5.839874e-08)
(0.0003607291 3.506074e-06 -3.888662e-08)
(0.0003611759 3.007944e-06 -2.410589e-08)
(0.000361638 2.588013e-06 -1.339998e-08)
(0.0003621002 2.237058e-06 -5.529341e-09)
(0.0003625489 1.94535e-06 -1.675269e-09)
(0.001042121 2.404647e-06 -0.0001312982)
(0.0008265822 5.280096e-06 -0.0001021928)
(0.0006054352 6.944938e-06 -3.651904e-05)
(0.0004731492 7.85985e-06 -1.190847e-05)
(0.0004178824 8.228545e-06 -4.816884e-06)
(0.0003897739 8.194079e-06 -2.210104e-06)
(0.000374316 7.868413e-06 -1.132836e-06)
(0.0003661843 7.346157e-06 -6.647933e-07)
(0.0003618838 6.708305e-06 -4.390968e-07)
(0.0003596382 6.019287e-06 -3.104471e-07)
(0.0003585774 5.326621e-06 -2.261582e-07)
(0.0003582137 4.662998e-06 -1.666215e-07)
(0.0003582612 4.048982e-06 -1.22333e-07)
(0.000358551 3.495737e-06 -8.834474e-08)
(0.0003589805 3.007545e-06 -6.205119e-08)
(0.0003594858 2.583929e-06 -4.18557e-08)
(0.0003600267 2.221364e-06 -2.646335e-08)
(0.0003605766 1.914528e-06 -1.520368e-08)
(0.0003611204 1.65726e-06 -6.842112e-09)
(0.0003616448 1.442869e-06 -2.537195e-09)
(0.001042084 1.416503e-06 -0.0001312978)
(0.0008263907 3.103725e-06 -0.0001022048)
(0.0006050194 4.093766e-06 -3.65294e-05)
(0.000472498 4.648899e-06 -1.191772e-05)
(0.0004170338 4.883331e-06 -4.825933e-06)
(0.0003887743 4.880934e-06 -2.218238e-06)
(0.000373213 4.70453e-06 -1.140158e-06)
(0.000365024 4.408105e-06 -6.713851e-07)
(0.000360706 4.039086e-06 -4.450033e-07)
(0.0003584746 3.635743e-06 -3.157088e-07)
(0.0003574506 3.226743e-06 -2.308082e-07)
(0.0003571388 2.832196e-06 -1.707e-07)
(0.0003572467 2.46507e-06 -1.258884e-07)
(0.0003576003 2.132695e-06 -9.142658e-08)
(0.0003580939 1.838198e-06 -6.470674e-08)
(0.0003586609 1.581751e-06 -4.412691e-08)
(0.00035926 1.361592e-06 -2.838866e-08)
(0.0003598639 1.174782e-06 -1.681092e-08)
(0.0003604575 1.017803e-06 -8.162356e-09)
(0.0003610276 8.867544e-07 -3.587739e-09)
(0.001042063 4.686031e-07 -0.0001312944)
(0.0008262959 1.023797e-06 -0.0001022101)
(0.000604822 1.35258e-06 -3.653432e-05)
(0.000472186 1.538787e-06 -1.192215e-05)
(0.0004166246 1.61886e-06 -4.830395e-06)
(0.0003882907 1.620987e-06 -2.222241e-06)
(0.0003726772 1.565299e-06 -1.143756e-06)
(0.0003644581 1.469274e-06 -6.746102e-07)
(0.0003601297 1.348538e-06 -4.478859e-07)
(0.0003579035 1.215778e-06 -3.182806e-07)
(0.0003568962 1.080565e-06 -2.330883e-07)
(0.0003566087 9.496794e-07 -1.727104e-07)
(0.0003567453 8.275431e-07 -1.276555e-07)
(0.0003571297 7.167016e-07 -9.297651e-08)
(0.0003576541 6.182895e-07 -6.606331e-08)
(0.0003582509 5.324405e-07 -4.531047e-08)
(0.000358878 4.586256e-07 -2.941714e-08)
(0.0003595078 3.959088e-07 -1.769633e-08)
(0.0003601251 3.431478e-07 -8.917953e-09)
(0.0003607167 2.990623e-07 -4.220406e-09)
(0.001042063 -4.686026e-07 -0.0001312944)
(0.0008262959 -1.023796e-06 -0.0001022101)
(0.000604822 -1.352578e-06 -3.653432e-05)
(0.000472186 -1.538785e-06 -1.192215e-05)
(0.0004166246 -1.618859e-06 -4.830395e-06)
(0.0003882907 -1.620986e-06 -2.222241e-06)
(0.0003726772 -1.565297e-06 -1.143756e-06)
(0.0003644581 -1.469272e-06 -6.746102e-07)
(0.0003601297 -1.348536e-06 -4.478859e-07)
(0.0003579035 -1.215776e-06 -3.182806e-07)
(0.0003568962 -1.080563e-06 -2.330883e-07)
(0.0003566087 -9.496772e-07 -1.727104e-07)
(0.0003567453 -8.275408e-07 -1.276555e-07)
(0.0003571297 -7.166991e-07 -9.297651e-08)
(0.0003576541 -6.182868e-07 -6.606331e-08)
(0.0003582509 -5.324376e-07 -4.531047e-08)
(0.000358878 -4.586225e-07 -2.941714e-08)
(0.0003595078 -3.959055e-07 -1.769633e-08)
(0.0003601251 -3.431442e-07 -8.917954e-09)
(0.0003607167 -2.990584e-07 -4.220407e-09)
(0.001042084 -1.416502e-06 -0.0001312978)
(0.0008263907 -3.103724e-06 -0.0001022048)
(0.0006050194 -4.093765e-06 -3.65294e-05)
(0.000472498 -4.648897e-06 -1.191772e-05)
(0.0004170338 -4.88333e-06 -4.825933e-06)
(0.0003887743 -4.880932e-06 -2.218238e-06)
(0.000373213 -4.704528e-06 -1.140158e-06)
(0.000365024 -4.408103e-06 -6.713852e-07)
(0.000360706 -4.039084e-06 -4.450033e-07)
(0.0003584746 -3.635741e-06 -3.157088e-07)
(0.0003574506 -3.226741e-06 -2.308082e-07)
(0.0003571388 -2.832194e-06 -1.707e-07)
(0.0003572467 -2.465068e-06 -1.258884e-07)
(0.0003576003 -2.132693e-06 -9.142658e-08)
(0.0003580939 -1.838195e-06 -6.470673e-08)
(0.0003586609 -1.581748e-06 -4.412691e-08)
(0.00035926 -1.361589e-06 -2.838866e-08)
(0.0003598639 -1.174779e-06 -1.681091e-08)
(0.0003604575 -1.0178e-06 -8.162353e-09)
(0.0003610276 -8.867505e-07 -3.587741e-09)
(0.001042121 -2.404646e-06 -0.0001312982)
(0.0008265822 -5.280095e-06 -0.0001021928)
(0.0006054352 -6.944937e-06 -3.651904e-05)
(0.0004731492 -7.859849e-06 -1.190847e-05)
(0.0004178824 -8.228544e-06 -4.816884e-06)
(0.0003897739 -8.194078e-06 -2.210104e-06)
(0.000374316 -7.868412e-06 -1.132836e-06)
(0.0003661843 -7.346155e-06 -6.647933e-07)
(0.0003618838 -6.708303e-06 -4.390968e-07)
(0.0003596382 -6.019285e-06 -3.104471e-07)
(0.0003585774 -5.326619e-06 -2.261582e-07)
(0.0004031243 5.824491e-07 -1.572238e-06)
(0.0004008873 5.421294e-07 -1.480364e-06)
(0.0003988296 4.975234e-07 -1.389901e-06)
(0.0003969492 4.553349e-07 -1.304128e-06)
(0.001021267 8.467131e-06 -2.80417e-06)
(0.001015233 7.801027e-06 -2.647097e-06)
(0.001009661 7.18547e-06 -2.491285e-06)
(0.001004537 6.617047e-06 -2.343283e-06)
(0.001486945 2.207832e-05 -3.384468e-06)
(0.001478267 2.035315e-05 -3.185213e-06)
(0.001470201 1.877949e-05 -2.993619e-06)
(0.001462727 1.73381e-05 -2.814888e-06)
(0.001825083 3.850351e-05 -3.480949e-06)
(0.001815642 3.56242e-05 -3.259912e-06)
(0.001806756 3.298999e-05 -3.055629e-06)
(0.001798421 3.057304e-05 -2.869306e-06)
(0.002055175 5.433158e-05 -3.236177e-06)
(0.002047096 5.055715e-05 -3.011237e-06)
(0.002039338 4.707072e-05 -2.81197e-06)
(0.00203192 4.38471e-05 -2.634826e-06)
(0.002196996 6.643482e-05 -2.700939e-06)
(0.002191892 6.223616e-05 -2.493668e-06)
(0.002186806 5.83105e-05 -2.317778e-06)
(0.00218177 5.46421e-05 -2.165793e-06)
(0.002272358 7.307105e-05 -2.023026e-06)
(0.00227087 6.892581e-05 -1.846716e-06)
(0.00226914 6.500029e-05 -1.7038e-06)
(0.002267204 6.128899e-05 -1.584421e-06)
(0.002303056 7.41203e-05 -1.358908e-06)
(0.002304909 7.036248e-05 -1.214032e-06)
(0.002306367 6.676143e-05 -1.102394e-06)
(0.002307454 6.331868e-05 -1.013109e-06)
(0.002307687 7.061062e-05 -8.253448e-07)
(0.002312094 6.73934e-05 -7.033862e-07)
(0.002316052 6.428037e-05 -6.138256e-07)
(0.002319574 6.127621e-05 -5.456243e-07)
(0.002299726 6.396358e-05 -4.613591e-07)
(0.002305812 6.130629e-05 -3.518871e-07)
(0.002311458 5.871736e-05 -2.740484e-07)
(0.002316669 5.620192e-05 -2.170725e-07)
(0.002287481 5.544317e-05 -2.48814e-07)
(0.002294542 5.330134e-05 -1.440402e-07)
(0.002301197 5.120583e-05 -7.032558e-08)
(0.002307444 4.916113e-05 -1.728668e-08)
(0.002313302 4.717235e-05 2.119093e-08)
(0.002275299 4.593073e-05 -1.433921e-07)
(0.002282872 4.424728e-05 -3.905775e-08)
(0.002290074 4.259641e-05 3.457198e-08)
(0.002296899 4.098184e-05 8.754537e-08)
(0.002303363 3.940793e-05 1.25747e-07)
(0.00226506 3.594425e-05 -1.013596e-07)
(0.002272884 3.467274e-05 4.059868e-09)
(0.002280362 3.342429e-05 7.90061e-08)
(0.002287488 3.220186e-05 1.333051e-07)
(0.002294275 3.100887e-05 1.726766e-07)
(0.002257376 2.574982e-05 -9.055669e-08)
(0.002265318 2.485922e-05 1.609245e-08)
(0.002272929 2.398411e-05 9.242726e-08)
(0.002280204 2.312672e-05 1.481387e-07)
(0.002287155 2.228952e-05 1.888372e-07)
(0.002252325 1.547055e-05 -9.147104e-08)
(0.002260321 1.494244e-05 1.605051e-08)
(0.002267995 1.442327e-05 9.335963e-08)
(0.00227534 1.391445e-05 1.500746e-07)
(0.00228237 1.341745e-05 1.917417e-07)
(0.002289106 1.293336e-05 2.204802e-07)
(0.002249833 5.159521e-06 -9.39786e-08)
(0.00225785 4.98445e-06 1.397151e-08)
(0.002265548 4.812301e-06 9.175905e-08)
(0.002272922 4.643555e-06 1.48971e-07)
(0.002279984 4.478711e-06 1.911248e-07)
(0.002286755 4.318129e-06 2.203475e-07)
(0.002249833 -5.159508e-06 -9.397864e-08)
(0.00225785 -4.984436e-06 1.397144e-08)
(0.002265548 -4.812286e-06 9.175897e-08)
(0.002272922 -4.64354e-06 1.489709e-07)
(0.002279984 -4.478695e-06 1.911247e-07)
(0.002286755 -4.318112e-06 2.203472e-07)
(0.002252325 -1.547053e-05 -9.147115e-08)
(0.002260321 -1.494242e-05 1.605035e-08)
(0.002267995 -1.442326e-05 9.335946e-08)
(0.00227534 -1.391443e-05 1.500744e-07)
(0.00228237 -1.341744e-05 1.917415e-07)
(0.002289106 -1.293335e-05 2.2048e-07)
(0.0003795384 4.289371e-07 -2.350917e-06)
(0.0003774425 3.951318e-07 -2.205943e-06)
(0.0003755169 3.588484e-07 -2.065627e-06)
(0.0003737578 3.248473e-07 -1.931452e-06)
(0.0009526627 6.777474e-06 -4.316133e-06)
(0.0009470609 6.211403e-06 -4.052307e-06)
(0.000941896 5.693507e-06 -3.800227e-06)
(0.0009371492 5.218817e-06 -3.559524e-06)
(0.001379642 1.797013e-05 -5.183566e-06)
(0.001371594 1.649306e-05 -4.859462e-06)
(0.00136413 1.515615e-05 -4.555106e-06)
(0.001357225 1.394e-05 -4.267608e-06)
(0.001687769 3.161873e-05 -5.378514e-06)
(0.001678938 2.913737e-05 -5.02489e-06)
(0.001670659 2.688399e-05 -4.70132e-06)
(0.001662919 2.483051e-05 -4.401601e-06)
(0.001897305 4.486799e-05 -5.035327e-06)
(0.001889555 4.159456e-05 -4.683267e-06)
(0.001882169 3.859361e-05 -4.369486e-06)
(0.00187515 3.583825e-05 -4.086014e-06)
(0.002027226 5.512646e-05 -4.252717e-06)
(0.002021991 5.145415e-05 -3.933852e-06)
(0.002016862 4.804864e-05 -3.656641e-06)
(0.002011857 4.489024e-05 -3.413401e-06)
(0.002097368 6.092172e-05 -3.245789e-06)
(0.002095255 5.72554e-05 -2.977899e-06)
(0.00209302 5.381548e-05 -2.750972e-06)
(0.002090685 5.059054e-05 -2.558687e-06)
(0.002127103 6.210418e-05 -2.254375e-06)
(0.002127934 5.873472e-05 -2.035784e-06)
(0.002128498 5.553993e-05 -1.856087e-06)
(0.002128811 5.251457e-05 -1.710213e-06)
(0.002132906 5.946343e-05 -1.453709e-06)
(0.002136042 5.653456e-05 -1.26998e-06)
(0.002138851 5.373443e-05 -1.123538e-06)
(0.002141338 5.106104e-05 -1.009966e-06)
(0.002126806 5.412929e-05 -9.061258e-07)
(0.002131508 5.167327e-05 -7.405719e-07)
(0.002135876 4.931193e-05 -6.116429e-07)
(0.002139911 4.704458e-05 -5.150352e-07)
(0.002116351 4.712705e-05 -5.864102e-07)
(0.002122003 4.51203e-05 -4.267957e-07)
(0.002127341 4.318459e-05 -3.037784e-07)
(0.002132359 4.131962e-05 -2.128834e-07)
(0.002137069 3.952653e-05 -1.447921e-07)
(0.002105606 3.918923e-05 -4.29334e-07)
(0.00211179 3.759416e-05 -2.692564e-07)
(0.002117682 3.605297e-05 -1.459597e-07)
(0.002123274 3.456557e-05 -5.471636e-08)
(0.002128575 3.313317e-05 1.339106e-08)
(0.002096416 3.076163e-05 -3.688593e-07)
(0.002102884 2.954652e-05 -2.061567e-07)
(0.002109075 2.837145e-05 -8.040397e-08)
(0.002114985 2.723653e-05 1.335119e-08)
(0.002120618 2.614279e-05 8.373816e-08)
(0.002089444 2.208688e-05 -3.557053e-07)
(0.00209606 2.123058e-05 -1.903959e-07)
(0.00210241 2.040208e-05 -6.213438e-08)
(0.002108488 1.960161e-05 3.419774e-08)
(0.0021143 1.882996e-05 1.07042e-07)
(0.002084832 1.328963e-05 -3.596173e-07)
(0.002091523 1.277988e-05 -1.925004e-07)
(0.002097953 1.228653e-05 -6.247192e-08)
(0.002104117 1.180977e-05 3.569023e-08)
(0.00211002 1.135012e-05 1.103186e-07)
(0.002115677 1.090781e-05 1.662609e-07)
(0.002082549 4.435458e-06 -3.647978e-07)
(0.002089271 4.266153e-06 -1.967953e-07)
(0.002095735 4.102263e-06 -6.58924e-08)
(0.002101935 3.943875e-06 3.318061e-08)
(0.002107877 3.79116e-06 1.08707e-07)
(0.002113575 3.644201e-06 1.655209e-07)
(0.002082549 -4.435445e-06 -3.647978e-07)
(0.002089271 -4.26614e-06 -1.967954e-07)
(0.002095735 -4.102249e-06 -6.589245e-08)
(0.002101935 -3.94386e-06 3.318054e-08)
(0.002107877 -3.791144e-06 1.087069e-07)
(0.002113575 -3.644184e-06 1.655208e-07)
(0.002084832 -1.328962e-05 -3.596173e-07)
(0.002091523 -1.277987e-05 -1.925005e-07)
(0.002097953 -1.228651e-05 -6.247204e-08)
(0.002104117 -1.180976e-05 3.56901e-08)
(0.00211002 -1.135011e-05 1.103185e-07)
(0.002115677 -1.090779e-05 1.662608e-07)
(0.0003415309 2.202579e-07 -2.494459e-06)
(0.0003396626 1.991336e-07 -2.333074e-06)
(0.0003379486 1.758615e-07 -2.177874e-06)
(0.0003363839 1.544044e-07 -2.02987e-06)
(0.0008433195 4.570259e-06 -4.546573e-06)
(0.0008384077 4.151029e-06 -4.256232e-06)
(0.000833887 3.771915e-06 -3.980381e-06)
(0.0008297383 3.428538e-06 -3.717054e-06)
(0.001210268 1.259214e-05 -5.402197e-06)
(0.001203242 1.147303e-05 -5.056187e-06)
(0.001196743 1.04714e-05 -4.730496e-06)
(0.001190746 9.569833e-06 -4.421005e-06)
(0.001472459 2.256011e-05 -5.574457e-06)
(0.001464685 2.065753e-05 -5.206298e-06)
(0.001457429 1.894822e-05 -4.866624e-06)
(0.001450673 1.740608e-05 -4.548544e-06)
(0.001650497 3.237102e-05 -5.189556e-06)
(0.001643477 2.983573e-05 -4.832205e-06)
(0.001636839 2.753654e-05 -4.509744e-06)
(0.001630577 2.544651e-05 -4.214295e-06)
(0.001761759 4.012062e-05 -4.36272e-06)
(0.001756662 3.724209e-05 -4.046337e-06)
(0.001751751 3.460333e-05 -3.767113e-06)
(0.001747029 3.218171e-05 -3.518405e-06)
(0.001823101 4.470032e-05 -3.315637e-06)
(0.001820464 4.178249e-05 -3.055234e-06)
(0.001817828 3.907959e-05 -2.830983e-06)
(0.001815202 3.657479e-05 -2.638422e-06)
(0.001850456 4.594076e-05 -2.293608e-06)
(0.001850199 4.320983e-05 -2.084936e-06)
(0.001849817 4.06573e-05 -1.910514e-06)
(0.001849315 3.827121e-05 -1.76768e-06)
(0.001857285 4.434535e-05 -1.471957e-06)
(0.001858951 4.192371e-05 -1.298902e-06)
(0.001860428 3.964504e-05 -1.158835e-06)
(0.001861716 3.75006e-05 -1.050013e-06)
(0.00185352 4.068054e-05 -9.119497e-07)
(0.001856545 3.860947e-05 -7.569415e-07)
(0.001859361 3.665236e-05 -6.345868e-07)
(0.001861964 3.480238e-05 -5.433278e-07)
(0.001845536 3.566582e-05 -5.863522e-07)
(0.00184943 3.394355e-05 -4.36778e-07)
(0.001853118 3.231233e-05 -3.200735e-07)
(0.001856593 3.076671e-05 -2.344745e-07)
(0.001859858 2.930339e-05 -1.705933e-07)
(0.001836897 2.983512e-05 -4.278378e-07)
(0.00184131 2.844623e-05 -2.77192e-07)
(0.001845525 2.71294e-05 -1.597686e-07)
(0.001849536 2.588037e-05 -7.348167e-08)
(0.001853342 2.469674e-05 -9.345535e-09)
(0.001829314 2.353091e-05 -3.683357e-07)
(0.001834026 2.246109e-05 -2.14517e-07)
(0.001838548 2.144632e-05 -9.419942e-08)
(0.001842872 2.048345e-05 -5.007452e-09)
(0.001846999 1.957075e-05 6.174299e-08)
(0.001823474 1.695521e-05 -3.57004e-07)
(0.001828355 1.619533e-05 -2.00163e-07)
(0.00183305 1.547436e-05 -7.698868e-08)
(0.001837551 1.47902e-05 1.5111e-08)
(0.00184186 1.414167e-05 8.462131e-08)
(0.001819575 1.022582e-05 -3.625624e-07)
(0.001824547 9.771181e-06 -2.036461e-07)
(0.001829336 9.339743e-06 -7.847406e-08)
(0.001833933 8.930316e-06 1.568065e-08)
(0.00183834 8.542228e-06 8.718716e-08)
(0.001842567 8.174723e-06 1.412447e-07)
(0.001817635 3.416872e-06 -3.686726e-07)
(0.001822647 3.265498e-06 -2.087416e-07)
(0.001827477 3.121833e-06 -8.258251e-08)
(0.001832117 2.985495e-06 1.259415e-08)
(0.001836567 2.856265e-06 8.510456e-08)
(0.001840837 2.733897e-06 1.401282e-07)
(0.001817635 -3.416859e-06 -3.686726e-07)
(0.001822647 -3.265485e-06 -2.087417e-07)
(0.001827477 -3.12182e-06 -8.258255e-08)
(0.001832117 -2.985481e-06 1.25941e-08)
(0.001836567 -2.85625e-06 8.510451e-08)
(0.001840837 -2.733881e-06 1.401281e-07)
(0.001819575 -1.022581e-05 -3.625625e-07)
(0.001824547 -9.771169e-06 -2.036461e-07)
(0.001829336 -9.339729e-06 -7.847414e-08)
(0.001833933 -8.930302e-06 1.568057e-08)
(0.00183834 -8.542213e-06 8.718708e-08)
(0.001842567 -8.174707e-06 1.412446e-07)
(0.0002861402 8.543413e-09 -1.984202e-06)
(0.0002846033 2.761343e-09 -1.849932e-06)
(0.0002831955 -5.290795e-09 -1.720858e-06)
(0.0002819117 -1.245384e-08 -1.598241e-06)
(0.0006873758 2.325116e-06 -3.541121e-06)
(0.0006834472 2.074323e-06 -3.308636e-06)
(0.0006798376 1.85148e-06 -3.086056e-06)
(0.0006765305 1.653417e-06 -2.873304e-06)
(0.0009727578 7.052419e-06 -4.14356e-06)
(0.0009671968 6.346046e-06 -3.876834e-06)
(0.000962064 5.72396e-06 -3.621227e-06)
(0.000957338 5.172836e-06 -3.376162e-06)
(0.001173916 1.314912e-05 -4.231785e-06)
(0.001167732 1.192083e-05 -3.95652e-06)
(0.001161982 1.083324e-05 -3.696402e-06)
(0.001156647 9.865892e-06 -3.449043e-06)
(0.001310181 1.929827e-05 -3.903201e-06)
(0.001304455 1.763637e-05 -3.64333e-06)
(0.001299075 1.615e-05 -3.402687e-06)
(0.001294032 1.481703e-05 -3.177802e-06)
(0.001396066 2.430406e-05 -3.250767e-06)
(0.001391643 2.238793e-05 -3.02644e-06)
(0.001387435 2.065609e-05 -2.82354e-06)
(0.001383435 1.908835e-05 -2.638975e-06)
(0.001444504 2.744913e-05 -2.443094e-06)
(0.001441803 2.547124e-05 -2.262893e-06)
(0.001439184 2.366665e-05 -2.104532e-06)
(0.001436646 2.201837e-05 -1.966062e-06)
(0.001467254 2.857293e-05 -1.664294e-06)
(0.001466265 2.668206e-05 -1.523142e-06)
(0.001465261 2.494392e-05 -1.403627e-06)
(0.001464239 2.334446e-05 -1.304833e-06)
(0.001474166 2.791881e-05 -1.043181e-06)
(0.001474605 2.62033e-05 -9.281262e-07)
(0.001474973 2.461824e-05 -8.346815e-07)
(0.001475264 2.315181e-05 -7.624863e-07)
(0.001472585 2.590386e-05 -6.228123e-07)
(0.001474074 2.440343e-05 -5.204887e-07)
(0.001475466 2.301304e-05 -4.400789e-07)
(0.001476753 2.17226e-05 -3.813371e-07)
(0.001467344 2.294144e-05 -3.804789e-07)
(0.001469538 2.166845e-05 -2.81532e-07)
(0.001471625 2.048726e-05 -2.049386e-07)
(0.001473599 1.938937e-05 -1.503228e-07)
(0.001475457 1.836872e-05 -1.103534e-07)
(0.001461247 1.93558e-05 -2.642397e-07)
(0.001463885 1.831212e-05 -1.639601e-07)
(0.001466415 1.734328e-05 -8.642184e-08)
(0.00146883 1.644237e-05 -3.103656e-08)
(0.001471127 1.560457e-05 9.286621e-09)
(0.001455718 1.537056e-05 -2.221794e-07)
(0.001458627 1.455636e-05 -1.191499e-07)
(0.001461429 1.380046e-05 -3.912216e-08)
(0.001464115 1.309755e-05 1.869271e-08)
(0.001466683 1.244397e-05 6.117596e-08)
(0.00145138 1.113161e-05 -2.157305e-07)
(0.001454451 1.054799e-05 -1.101925e-07)
(0.001457414 1.000613e-05 -2.780138e-08)
(0.001460261 9.502308e-06 3.238436e-08)
(0.00146299 9.033943e-06 7.71012e-08)
(0.001448453 6.736037e-06 -2.212667e-07)
(0.001451615 6.384811e-06 -1.140297e-07)
(0.001454669 6.058688e-06 -3.000749e-08)
(0.001457606 5.755479e-06 3.183866e-08)
(0.001460425 5.473654e-06 7.816014e-08)
(0.00146313 5.211772e-06 1.129056e-07)
(0.001446989 2.254526e-06 -2.265167e-07)
(0.001450192 2.137249e-06 -1.184538e-07)
(0.001453287 2.028347e-06 -3.363065e-08)
(0.001456265 1.9271e-06 2.903721e-08)
(0.001459124 1.833001e-06 7.616279e-08)
(0.001461869 1.745571e-06 1.116787e-07)
(0.001446989 -2.254515e-06 -2.265167e-07)
(0.001450192 -2.137237e-06 -1.184538e-07)
(0.001453287 -2.028335e-06 -3.363067e-08)
(0.001456265 -1.927087e-06 2.903718e-08)
(0.001459124 -1.832987e-06 7.616277e-08)
(0.001461869 -1.745557e-06 1.116787e-07)
(0.001448453 -6.736026e-06 -2.212667e-07)
(0.001451615 -6.3848e-06 -1.140297e-07)
(0.001454669 -6.058676e-06 -3.000754e-08)
(0.001457606 -5.755466e-06 3.183862e-08)
(0.001460425 -5.47364e-06 7.816012e-08)
(0.00146313 -5.211757e-06 1.129056e-07)
(0.0002074775 -1.348803e-07 -1.063479e-06)
(0.0002063969 -1.280485e-07 -9.866633e-07)
(0.000205409 -1.235476e-07 -9.133861e-07)
(0.0002045097 -1.192497e-07 -8.444005e-07)
(0.000475261 5.784126e-07 -1.821309e-06)
(0.0004726264 4.799953e-07 -1.697394e-06)
(0.0004702096 3.955676e-07 -1.577618e-06)
(0.0004679999 3.234941e-07 -1.463432e-06)
(0.0006584434 2.538238e-06 -2.08168e-06)
(0.0006547814 2.21621e-06 -1.947217e-06)
(0.0006514068 1.940474e-06 -1.814456e-06)
(0.0006483069 1.703192e-06 -1.686315e-06)
(0.0007854956 5.295456e-06 -2.093974e-06)
(0.0007814245 4.706188e-06 -1.960535e-06)
(0.0007776482 4.196311e-06 -1.829212e-06)
(0.0007741556 3.753674e-06 -1.702472e-06)
(0.0008713209 8.212059e-06 -1.906742e-06)
(0.0008674777 7.392813e-06 -1.784689e-06)
(0.0008638836 6.674908e-06 -1.666803e-06)
(0.0008605305 6.044955e-06 -1.554386e-06)
(0.0009258522 1.07045e-05 -1.565842e-06)
(0.0009227385 9.739269e-06 -1.463346e-06)
(0.0009197995 8.883709e-06 -1.367304e-06)
(0.0009170293 8.125075e-06 -1.27808e-06)
(0.0009572602 1.241003e-05 -1.155178e-06)
(0.0009551369 1.1391e-05 -1.075018e-06)
(0.0009531123 1.047944e-05 -1.003108e-06)
(0.0009511808 9.663797e-06 -9.392962e-07)
(0.0009726941 1.321195e-05 -7.655928e-07)
(0.000971581 1.221303e-05 -7.043958e-07)
(0.0009705067 1.131362e-05 -6.527065e-07)
(0.0009694645 1.050327e-05 -6.101479e-07)
(0.0009780946 1.317402e-05 -4.59105e-07)
(0.0009778482 1.224329e-05 -4.10178e-07)
(0.000977602 1.140198e-05 -3.716206e-07)
(0.0009773479 1.064053e-05 -3.429621e-07)
(0.0009779331 1.24477e-05 -2.546848e-07)
(0.0009783452 1.161223e-05 -2.114653e-07)
(0.0009787363 1.085561e-05 -1.792019e-07)
(0.0009790976 1.016915e-05 -1.573669e-07)
(0.0009752173 1.119992e-05 -1.391197e-07)
(0.0009760882 1.047441e-05 -9.714061e-08)
(0.0009769275 9.816971e-06 -6.649776e-08)
(0.0009777262 9.219939e-06 -4.660375e-08)
(0.0009784801 8.67744e-06 -3.275478e-08)
(0.0009717489 9.574592e-06 -8.54931e-08)
(0.0009729216 8.968205e-06 -4.257428e-08)
(0.0009740574 8.418668e-06 -1.122371e-08)
(0.0009751471 7.919559e-06 9.21944e-09)
(0.0009761869 7.466055e-06 2.337965e-08)
(0.0009684864 7.682607e-06 -6.761362e-08)
(0.0009698509 7.202446e-06 -2.316078e-08)
(0.000971175 6.767316e-06 9.590235e-09)
(0.0009724498 6.372171e-06 3.13797e-08)
(0.0009736719 6.01324e-06 4.673244e-08)
(0.0009658764 5.606535e-06 -6.636075e-08)
(0.0009673596 5.258649e-06 -2.056188e-08)
(0.0009687994 4.943379e-06 1.346023e-08)
(0.0009701877 4.65712e-06 3.651626e-08)
(0.000971521 4.39717e-06 5.305802e-08)
(0.000964096 3.409672e-06 -7.021664e-08)
(0.0009656479 3.198863e-06 -2.351735e-08)
(0.0009671544 3.007802e-06 1.136484e-08)
(0.0009686075 2.834334e-06 3.529235e-08)
(0.0009700042 2.676838e-06 5.267489e-08)
(0.0009713462 2.533842e-06 6.550784e-08)
(0.0009632001 1.144025e-06 -7.330988e-08)
(0.0009647837 1.073397e-06 -2.617449e-08)
(0.0009663207 1.009381e-06 9.125862e-09)
(0.0009678034 9.512603e-07 3.348027e-08)
(0.0009692288 8.984956e-07 5.128048e-08)
(0.0009705987 8.505956e-07 6.451276e-08)
(0.0009632001 -1.144016e-06 -7.330989e-08)
(0.0009647837 -1.073387e-06 -2.61745e-08)
(0.0009663207 -1.009371e-06 9.125853e-09)
(0.0009678034 -9.512501e-07 3.348026e-08)
(0.0009692288 -8.984848e-07 5.128049e-08)
(0.0009705987 -8.505842e-07 6.451277e-08)
(0.000964096 -3.409663e-06 -7.021665e-08)
(0.0009656479 -3.198853e-06 -2.351736e-08)
(0.0009671544 -3.007792e-06 1.136482e-08)
(0.0009686075 -2.834324e-06 3.529235e-08)
(0.0009700042 -2.676827e-06 5.267491e-08)
(0.0009713462 -2.533831e-06 6.550787e-08)
(9.241071e-05 -1.433054e-07 -1.83364e-07)
(9.195233e-05 -1.327111e-07 -1.687017e-07)
(9.153508e-05 -1.238283e-07 -1.549669e-07)
(9.115689e-05 -1.157628e-07 -1.423355e-07)
(0.0001911229 -2.256602e-07 -2.493663e-07)
(0.0001901087 -2.277685e-07 -2.314745e-07)
(0.0001891813 -2.27887e-07 -2.134746e-07)
(0.0001883369 -2.260188e-07 -1.967079e-07)
(0.0002549659 3.356439e-09 -2.635229e-07)
(0.0002536011 -4.732242e-08 -2.470042e-07)
(0.0002523464 -8.607255e-08 -2.28475e-07)
(0.0002511987 -1.151623e-07 -2.108932e-07)
(0.0002985527 4.927026e-07 -2.556727e-07)
(0.0002970449 3.768038e-07 -2.406823e-07)
(0.0002956501 2.835463e-07 -2.230982e-07)
(0.0002943663 2.090441e-07 -2.062746e-07)
(0.0003279522 1.094613e-06 -2.262377e-07)
(0.0003265081 9.191413e-07 -2.133497e-07)
(0.0003251633 7.740261e-07 -1.984641e-07)
(0.000323916 6.547292e-07 -1.842419e-07)
(0.0003467691 1.672598e-06 -1.79062e-07)
(0.000345552 1.455214e-06 -1.687057e-07)
(0.0003444112 1.272035e-06 -1.576243e-07)
(0.0003433444 1.118491e-06 -1.472483e-07)
(0.000357793 2.138207e-06 -1.250376e-07)
(0.0003568912 1.898754e-06 -1.172123e-07)
(0.0003560419 1.694312e-06 -1.100158e-07)
(0.000355241 1.520462e-06 -1.036482e-07)
(0.0003634002 2.447201e-06 -7.578441e-08)
(0.0003628265 2.202121e-06 -6.992732e-08)
(0.0003622855 1.991036e-06 -6.575991e-08)
(0.0003617716 1.809675e-06 -6.257431e-08)
(0.0003655558 2.587278e-06 -3.869834e-08)
(0.0003652697 2.348627e-06 -3.400102e-08)
(0.0003650025 2.141963e-06 -3.165036e-08)
(0.0003647476 1.963178e-06 -3.04201e-08)
(0.0003657506 2.565991e-06 -1.526099e-08)
(0.0003656885 2.34253e-06 -1.100751e-08)
(0.0003656367 2.14841e-06 -9.426788e-09)
(0.0003655881 1.979773e-06 -9.066816e-09)
(0.000365004 2.402067e-06 -3.004816e-09)
(0.0003651023 2.200657e-06 1.253119e-09)
(0.0003652057 2.025367e-06 2.712739e-09)
(0.0003653071 1.87272e-06 2.894406e-09)
(0.0003654033 1.739849e-06 2.993239e-09)
(0.0003639408 2.119064e-06 1.925242e-09)
(0.0003641478 1.945512e-06 6.382079e-09)
(0.0003643566 1.794279e-06 8.005344e-09)
(0.0003645601 1.662391e-06 8.32747e-09)
(0.0003647556 1.547461e-06 8.53194e-09)
(0.0003629035 1.741499e-06 2.943193e-09)
(0.0003631817 1.600829e-06 7.629287e-09)
(0.0003634592 1.478126e-06 9.474315e-09)
(0.0003637293 1.371018e-06 1.001506e-08)
(0.0003639894 1.277615e-06 1.041123e-08)
(0.0003620587 1.292853e-06 2.370582e-09)
(0.000362382 1.189224e-06 7.242389e-09)
(0.0003627028 1.098756e-06 9.267986e-09)
(0.0003630145 1.019732e-06 9.993897e-09)
(0.0003633148 9.50784e-07 1.056057e-08)
(0.0003614767 7.949584e-07 1.507488e-09)
(0.0003618268 7.314912e-07 6.50046e-09)
(0.0003621729 6.760505e-07 8.640644e-09)
(0.0003625088 6.276e-07 9.48667e-09)
(0.0003628323 5.853111e-07 1.016742e-08)
(0.0003631441 5.484546e-07 1.067048e-08)
(0.0003611824 2.681634e-07 9.646716e-10)
(0.0003615449 2.467896e-07 6.016158e-09)
(0.0003619028 2.281128e-07 8.210037e-09)
(0.0003622498 2.117868e-07 9.112889e-09)
(0.000362584 1.975342e-07 9.84862e-09)
(0.0003629059 1.851108e-07 1.040357e-08)
(0.0003611824 -2.681593e-07 9.64666e-10)
(0.0003615449 -2.467854e-07 6.016155e-09)
(0.0003619028 -2.281083e-07 8.210034e-09)
(0.0003622498 -2.11782e-07 9.112888e-09)
(0.000362584 -1.975291e-07 9.848621e-09)
(0.0003629059 -1.851054e-07 1.040356e-08)
(0.0003614767 -7.949544e-07 1.507484e-09)
(0.0003618268 -7.314869e-07 6.500454e-09)
(0.0003621729 -6.760461e-07 8.640641e-09)
(0.0003625088 -6.275953e-07 9.486673e-09)
(0.0003628323 -5.853061e-07 1.016743e-08)
(0.0003631441 -5.484493e-07 1.067049e-08)
)
;

boundaryField
{
    inlet
    {
        type            fixedValue;
        value           uniform (0.001398 0 0);
    }
    outlet
    {
        type            zeroGradient;
    }
    chip_bases
    {
        type            noSlip;
    }
    walls
    {
        type            noSlip;
    }
    procBoundary14to8
    {
        type            processor;
        value           nonuniform List<vector> 
209
(
(0.0003956041 3.768598e-07 1.155115e-06)
(0.001000891 6.053567e-06 2.236695e-06)
(0.001457418 1.597567e-05 2.80341e-06)
(0.001792637 2.826013e-05 3.040155e-06)
(0.002027162 4.07431e-05 2.959381e-06)
(0.002179332 5.106312e-05 2.614462e-06)
(0.002267744 5.761543e-05 2.108436e-06)
(0.002310923 5.985727e-05 1.573492e-06)
(0.002325437 5.821254e-05 1.112617e-06)
(0.00232422 5.360691e-05 7.771091e-07)
(0.00232422 5.360691e-05 7.771091e-07)
(0.002321433 4.511051e-05 4.895765e-07)
(0.002312112 3.77689e-05 3.78674e-07)
(0.002303352 2.976407e-05 3.298405e-07)
(0.002296395 2.141547e-05 3.148837e-07)
(0.002296395 2.141547e-05 3.148837e-07)
(0.002298045 1.242915e-05 2.422596e-07)
(0.002295727 4.150894e-06 2.435353e-07)
(0.0004005969 4.074784e-07 8.463922e-07)
(0.001015467 6.372863e-06 1.666092e-06)
(0.001480355 1.675281e-05 2.107634e-06)
(0.001822232 2.958086e-05 2.314123e-06)
(0.002061526 4.259259e-05 2.276931e-06)
(0.002216673 5.332666e-05 2.036816e-06)
(0.002306595 6.01104e-05 1.668096e-06)
(0.002350265 6.238743e-05 1.271941e-06)
(0.002364686 6.061219e-05 9.272126e-07)
(0.002363127 5.576223e-05 6.748301e-07)
(0.002363127 5.576223e-05 6.748301e-07)
(0.002360239 4.691182e-05 4.500576e-07)
(0.002350584 3.924738e-05 3.663089e-07)
(0.002341565 3.091025e-05 3.296594e-07)
(0.002334426 2.222996e-05 3.187637e-07)
(0.002334426 2.222996e-05 3.187637e-07)
(0.002336227 1.2906e-05 2.56514e-07)
(0.002333853 4.309511e-06 2.576675e-07)
(0.0004037606 4.287133e-07 5.021721e-07)
(0.001024716 6.584828e-06 1.025393e-06)
(0.00149493 1.72671e-05 1.321749e-06)
(0.001841057 3.045567e-05 1.489939e-06)
(0.002083399 4.381683e-05 1.498696e-06)
(0.002240443 5.482448e-05 1.374531e-06)
(0.002331319 6.17604e-05 1.159589e-06)
(0.002375287 6.405961e-05 9.197283e-07)
(0.002389634 6.219684e-05 7.06258e-07)
(0.002387846 5.718425e-05 5.480207e-07)
(0.002387846 5.718425e-05 5.480207e-07)
(0.0023849 4.810029e-05 3.956884e-07)
(0.002375028 4.022201e-05 3.427753e-07)
(0.002365841 3.166524e-05 3.199717e-07)
(0.002358585 2.276613e-05 3.136918e-07)
(0.002358585 2.276613e-05 3.136918e-07)
(0.002360494 1.322008e-05 2.643467e-07)
(0.002358085 4.413965e-06 2.6536e-07)
(0.0004051228 4.402563e-07 1.365703e-07)
(0.001028702 6.682942e-06 3.430005e-07)
(0.001501223 1.75021e-05 4.810556e-07)
(0.001849195 3.085691e-05 6.054234e-07)
(0.00209286 4.437756e-05 6.610184e-07)
(0.002250724 5.551064e-05 6.590693e-07)
(0.002342007 6.25162e-05 6.075586e-07)
(0.002386097 6.482571e-05 5.344214e-07)
(0.002400405 6.292282e-05 4.613091e-07)
(0.002398511 5.783561e-05 4.039052e-07)
(0.002398511 5.783561e-05 4.039052e-07)
(0.002395551 4.86447e-05 3.300942e-07)
(0.002385583 4.06682e-05 3.102808e-07)
(0.002376323 3.201065e-05 3.0235e-07)
(0.002369016 2.301128e-05 3.010295e-07)
(0.002369016 2.301128e-05 3.010295e-07)
(0.002370984 1.33637e-05 2.663067e-07)
(0.002368559 4.461717e-06 2.671689e-07)
(0.0004046953 4.425729e-07 -2.361944e-07)
(0.001027457 6.664739e-06 -3.503721e-07)
(0.001499271 1.745044e-05 -3.758263e-07)
(0.001846683 3.077225e-05 -2.97692e-07)
(0.002089946 4.425763e-05 -1.956713e-07)
(0.002247556 5.536452e-05 -7.428598e-08)
(0.002338707 6.235568e-05 3.989842e-08)
(0.002382749 6.466409e-05 1.361502e-07)
(0.002397059 6.277052e-05 2.058617e-07)
(0.002395189 5.769955e-05 2.511783e-07)
(0.002395189 5.769955e-05 2.511783e-07)
(0.002392256 4.853104e-05 2.578958e-07)
(0.002382315 4.057496e-05 2.718749e-07)
(0.002373077 3.193827e-05 2.791411e-07)
(0.002365786 2.295974e-05 2.828909e-07)
(0.002365786 2.295974e-05 2.828909e-07)
(0.002367761 1.333342e-05 2.635242e-07)
(0.002365341 4.451634e-06 2.642329e-07)
(0.0004024748 4.374409e-07 -6.024416e-07)
(0.001020973 6.53221e-06 -1.02852e-06)
(0.001489069 1.711427e-05 -1.212065e-06)
(0.001833517 3.02051e-05 -1.179617e-06)
(0.002074655 4.346146e-05 -1.032492e-06)
(0.002230939 5.439127e-05 -7.915442e-07)
(0.002321415 6.128424e-05 -5.164342e-07)
(0.002365239 6.357994e-05 -2.555855e-07)
(0.002379589 6.17446e-05 -4.694048e-08)
(0.002377872 5.678003e-05 9.83874e-08)
(0.002377872 5.678003e-05 9.83874e-08)
(0.002375008 4.776263e-05 1.837537e-07)
(0.002365216 3.994489e-05 2.307288e-07)
(0.002356094 3.145007e-05 2.528574e-07)
(0.002348886 2.261289e-05 2.615756e-07)
(0.002348886 2.261289e-05 2.615756e-07)
(0.002350815 1.313007e-05 2.573414e-07)
(0.0003952273 4.181023e-07 -1.222105e-06)
(0.0009998188 6.098521e-06 -2.202183e-06)
(0.001455798 1.601988e-05 -2.647112e-06)
(0.001790607 2.835225e-05 -2.697716e-06)
(0.00202484 4.086147e-05 -2.474954e-06)
(0.002176813 5.121097e-05 -2.031538e-06)
(0.002265102 5.778106e-05 -1.481751e-06)
(0.002308213 6.003194e-05 -9.392498e-07)
(0.002322694 5.83839e-05 -4.920628e-07)
(0.002321468 5.3765e-05 -1.745324e-07)
(0.002321468 5.3765e-05 -1.745324e-07)
(0.002318801 4.524294e-05 4.709433e-08)
(0.002309491 3.787769e-05 1.512094e-07)
(0.002300746 2.984772e-05 1.991932e-07)
(0.002293804 2.147424e-05 2.166247e-07)
(0.002293804 2.147424e-05 2.166247e-07)
(0.002295562 1.246294e-05 2.390593e-07)
(0.000372148 2.954451e-07 -1.804077e-06)
(0.0009327836 4.789374e-06 -3.331378e-06)
(0.001350836 1.283548e-05 -3.997537e-06)
(0.001655683 2.295612e-05 -4.123936e-06)
(0.001868489 3.330321e-05 -3.827755e-06)
(0.00200699 4.195684e-05 -3.196133e-06)
(0.002088275 4.756586e-05 -2.391309e-06)
(0.0021289 4.96513e-05 -1.587814e-06)
(0.002143527 4.851214e-05 -9.190322e-07)
(0.002143627 4.487149e-05 -4.40955e-07)
(0.002143627 4.487149e-05 -4.40955e-07)
(0.002141491 3.780545e-05 -9.444139e-08)
(0.002133604 3.175615e-05 6.33515e-08)
(0.002125991 2.509063e-05 1.356818e-07)
(0.002119861 1.808747e-05 1.612758e-07)
(0.002119861 1.808747e-05 1.612758e-07)
(0.002121102 1.048282e-05 2.070086e-07)
(0.0003349535 1.365557e-07 -1.890293e-06)
(0.000825928 3.122019e-06 -3.468613e-06)
(0.001185207 8.759927e-06 -4.130495e-06)
(0.001444378 1.601244e-05 -4.252933e-06)
(0.001624671 2.354228e-05 -3.943289e-06)
(0.001742494 2.995519e-05 -3.294153e-06)
(0.001812593 3.425097e-05 -2.469015e-06)
(0.001848705 3.603994e-05 -1.646661e-06)
(0.001862825 3.548299e-05 -9.623845e-07)
(0.001864361 3.305477e-05 -4.733562e-07)
(0.001864361 3.305477e-05 -4.733562e-07)
(0.001862927 2.791896e-05 -1.229508e-07)
(0.001856957 2.357594e-05 3.803244e-08)
(0.001850939 1.870633e-05 1.113621e-07)
(0.001845987 1.352748e-05 1.367849e-07)
(0.001845987 1.352748e-05 1.367849e-07)
(0.00184662 7.826942e-06 1.810385e-07)
(0.0002807398 -1.748134e-08 -1.483426e-06)
(0.0006734982 1.480557e-06 -2.673599e-06)
(0.0009529827 4.686016e-06 -3.146567e-06)
(0.001151693 9.004382e-06 -3.218746e-06)
(0.001289302 1.361903e-05 -2.970331e-06)
(0.001379633 1.766631e-05 -2.471028e-06)
(0.001434185 2.051055e-05 -1.842874e-06)
(0.0014632 2.187113e-05 -1.220299e-06)
(0.001475478 2.179433e-05 -7.042303e-07)
(0.001477935 2.052453e-05 -3.36779e-07)
(0.001477935 2.052453e-05 -3.36779e-07)
(0.001477205 1.741976e-05 -8.090764e-08)
(0.001473311 1.482543e-05 3.863641e-08)
(0.001469138 1.18363e-05 9.236069e-08)
(0.001465606 8.598613e-06 1.103318e-07)
(0.001465606 8.598613e-06 1.103318e-07)
(0.001465726 4.968412e-06 1.382128e-07)
(0.0002036905 -1.143334e-07 -7.804839e-07)
(0.000465978 2.64043e-07 -1.357281e-06)
(0.0006454569 1.500371e-06 -1.567278e-06)
(0.0007709236 3.369489e-06 -1.585208e-06)
(0.0008574009 5.491349e-06 -1.450922e-06)
(0.0009144167 7.451206e-06 -1.196713e-06)
(0.0009493359 8.932852e-06 -8.821665e-07)
(0.0009684503 9.772249e-06 -5.734924e-07)
(0.0009770824 9.950681e-06 -3.199572e-07)
(0.000979425 9.545858e-06 -1.413121e-07)
(0.000979425 9.545858e-06 -1.413121e-07)
(0.0009791901 8.184213e-06 -2.288467e-08)
(0.0009771776 7.053811e-06 3.332116e-08)
(0.0009748422 5.687115e-06 5.768797e-08)
(0.0009728009 4.161083e-06 6.509949e-08)
(0.0009728009 4.161083e-06 6.509949e-08)
(0.0009726352 2.403965e-06 7.458136e-08)
(9.081379e-05 -1.081014e-07 -1.308338e-07)
(0.0001875669 -2.217308e-07 -1.815229e-07)
(0.0002501472 -1.356507e-07 -1.951505e-07)
(0.0002931828 1.503487e-07 -1.913639e-07)
(0.0003227575 5.569659e-07 -1.716515e-07)
(0.0003423449 9.897656e-07 -1.380115e-07)
(0.0003544838 1.372476e-06 -9.791432e-08)
(0.000361281 1.653716e-06 -5.966488e-08)
(0.0003645016 1.808446e-06 -2.929137e-08)
(0.0003655394 1.833281e-06 -8.76759e-09)
(0.0003655394 1.833281e-06 -8.76759e-09)
(0.0003654942 1.624268e-06 2.999767e-09)
(0.000364943 1.447402e-06 8.609851e-09)
(0.0003642397 1.196259e-06 1.065381e-08)
(0.0003636041 8.907078e-07 1.095756e-08)
(0.0003636041 8.907078e-07 1.095756e-08)
(0.0003634445 5.163712e-07 1.092309e-08)
)
;
    }
    procBoundary14to11
    {
        type            processor;
        value           nonuniform List<vector> 
21
(
(0.002348421 4.383992e-06 2.579045e-07)
(0.002348421 -4.383973e-06 2.579043e-07)
(0.002350815 -1.313005e-05 2.573412e-07)
(0.00229325 4.162069e-06 2.39402e-07)
(0.00229325 -4.162051e-06 2.394017e-07)
(0.002295562 -1.246292e-05 2.390591e-07)
(0.002119043 3.502999e-06 2.071104e-07)
(0.002119043 -3.502982e-06 2.071103e-07)
(0.002121102 -1.04828e-05 2.070085e-07)
(0.001844935 2.618106e-06 1.808479e-07)
(0.001844935 -2.618089e-06 1.808479e-07)
(0.00184662 -7.826925e-06 1.810385e-07)
(0.001464504 1.66434e-06 1.37721e-07)
(0.001464504 -1.664324e-06 1.37721e-07)
(0.001465726 -4.968397e-06 1.382129e-07)
(0.0009719152 8.070992e-07 7.396603e-08)
(0.0009719152 -8.070871e-07 7.396604e-08)
(0.0009726352 -2.403953e-06 7.458142e-08)
(0.0003632162 1.742956e-07 1.070555e-08)
(0.0003632162 -1.742899e-07 1.070555e-08)
(0.0003634445 -5.163656e-07 1.09231e-08)
)
;
    }
    procBoundary14to12
    {
        type            processor;
        value           nonuniform List<vector> 
56
(
(0.001410441 7.034844e-07 4.542407e-05)
(0.001493452 2.042143e-06 8.842936e-05)
(0.001601952 3.231986e-06 0.00010424)
(0.001705628 4.249183e-06 9.947838e-05)
(0.001791871 5.091967e-06 8.407978e-05)
(0.00185959 5.766509e-06 6.64297e-05)
(0.001912228 6.282404e-06 5.040687e-05)
(0.001953865 6.651496e-06 3.746669e-05)
(0.001987971 6.887975e-06 2.765684e-05)
(0.002016935 7.007988e-06 2.045207e-05)
(0.002042284 7.02875e-06 1.522357e-05)
(0.002064972 6.967513e-06 1.142587e-05)
(0.002085599 6.84069e-06 8.644344e-06)
(0.002104547 6.663237e-06 6.582376e-06)
(0.002122072 6.448307e-06 5.033912e-06)
(0.001410441 -7.034838e-07 4.542407e-05)
(0.001493452 -2.042142e-06 8.842936e-05)
(0.001601952 -3.231985e-06 0.00010424)
(0.001705628 -4.249181e-06 9.947838e-05)
(0.001791871 -5.091965e-06 8.407978e-05)
(0.00185959 -5.766507e-06 6.64297e-05)
(0.001912228 -6.282401e-06 5.040687e-05)
(0.001953865 -6.651492e-06 3.746669e-05)
(0.001987971 -6.887972e-06 2.765684e-05)
(0.002016935 -7.007984e-06 2.045207e-05)
(0.002042284 -7.028745e-06 1.522357e-05)
(0.002064972 -6.967507e-06 1.142587e-05)
(0.002085599 -6.840684e-06 8.644344e-06)
(0.002104547 -6.66323e-06 6.582376e-06)
(0.002122072 -6.4483e-06 5.033912e-06)
(0.001410446 -2.132654e-06 4.541653e-05)
(0.00149354 -6.190766e-06 8.840262e-05)
(0.001602205 -9.793039e-06 0.0001041922)
(0.001706096 -1.286639e-05 9.94137e-05)
(0.001792587 -1.540579e-05 8.400604e-05)
(0.001860569 -1.743134e-05 6.63547e-05)
(0.001913468 -1.897389e-05 5.033597e-05)
(0.001955353 -2.007106e-05 3.740258e-05)
(0.001989684 -2.076734e-05 2.760034e-05)
(0.002018843 -2.111276e-05 2.040289e-05)
(0.002044355 -2.11602e-05 1.5181e-05)
(0.002067178 -2.096225e-05 1.138905e-05)
(0.002087909 -2.056869e-05 8.612493e-06)
(0.002106934 -2.002466e-05 6.554824e-06)
(0.002124514 -1.936968e-05 5.010114e-06)
(0.001410458 -3.631669e-06 4.540088e-05)
(0.001493727 -1.054119e-05 8.834802e-05)
(0.001602738 -1.665749e-05 0.0001040937)
(0.001707077 -2.185336e-05 9.928066e-05)
(0.001794082 -2.612196e-05 8.385493e-05)
(0.001862606 -2.950271e-05 6.62017e-05)
(0.001916043 -3.205441e-05 5.01922e-05)
(0.001958435 -3.384714e-05 3.727348e-05)
(0.001993222 -3.496175e-05 2.748743e-05)
(0.002022777 -3.548706e-05 2.030552e-05)
(0.00204862 -3.551526e-05 1.509758e-05)
)
;
    }
    procBoundary14to13
    {
        type            processor;
        value           nonuniform List<vector> 
356
(
(0.002183998 -6.412841e-06 3.378919e-06)
(0.002200271 -6.164419e-06 2.614797e-06)
(0.002215402 -5.903662e-06 2.020638e-06)
(0.002229528 -5.636802e-06 1.555619e-06)
(0.002242704 -5.368382e-06 1.198955e-06)
(0.002183998 -6.412841e-06 3.378919e-06)
(0.00211034 -3.58725e-05 9.600406e-06)
(0.002133619 -3.526808e-05 7.304282e-06)
(0.002154684 -3.440913e-05 5.596859e-06)
(0.002186496 -1.926e-05 3.36114e-06)
(0.002173922 -3.335821e-05 4.310572e-06)
(0.001407875 -5.274389e-06 3.325675e-05)
(0.001482826 -1.534762e-05 6.622582e-05)
(0.001589375 -2.425241e-05 7.941737e-05)
(0.001696943 -3.176793e-05 7.715186e-05)
(0.00179171 -3.78828e-05 6.624311e-05)
(0.001870011 -4.267753e-05 5.306576e-05)
(0.001933103 -4.626856e-05 4.073695e-05)
(0.00198396 -4.878259e-05 3.055419e-05)
(0.002025696 -5.035059e-05 2.270871e-05)
(0.002060768 -5.110447e-05 1.688254e-05)
(0.00211034 -3.58725e-05 9.600406e-06)
(0.002090936 -5.117362e-05 1.262413e-05)
(0.002216968 -6.56387e-06 2.733938e-06)
(0.002234109 -6.32348e-06 2.151157e-06)
(0.002249994 -6.068595e-06 1.692074e-06)
(0.002264789 -5.805502e-06 1.328469e-06)
(0.002278564 -5.538862e-06 1.044339e-06)
(0.002216968 -6.56387e-06 2.733938e-06)
(0.002137666 -3.640035e-05 7.351636e-06)
(0.002162833 -3.58681e-05 5.660251e-06)
(0.002185413 -3.507648e-05 4.394511e-06)
(0.002219479 -1.971733e-05 2.719474e-06)
(0.002205893 -3.4085e-05 3.433529e-06)
(0.001406064 -5.289825e-06 2.267474e-05)
(0.001474671 -1.542377e-05 4.542645e-05)
(0.001578374 -2.44061e-05 5.513907e-05)
(0.00168688 -3.198957e-05 5.437617e-05)
(0.001786016 -3.815465e-05 4.726692e-05)
(0.001870551 -4.298844e-05 3.830096e-05)
(0.001940158 -4.662059e-05 2.972077e-05)
(0.00199691 -4.918874e-05 2.250888e-05)
(0.002043564 -5.082858e-05 1.688106e-05)
(0.002082562 -5.167076e-05 1.266426e-05)
(0.002137666 -3.640035e-05 7.351636e-06)
(0.002115807 -5.183957e-05 9.561756e-06)
(0.002237661 -6.661084e-06 1.958207e-06)
(0.002255401 -6.426227e-06 1.589215e-06)
(0.002271808 -6.175495e-06 1.28972e-06)
(0.002287063 -5.915185e-06 1.046282e-06)
(0.002301249 -5.650018e-06 8.485397e-07)
(0.002237661 -6.661084e-06 1.958207e-06)
(0.002237661 -6.661084e-06 1.958207e-06)
(0.002255401 -6.426227e-06 1.589215e-06)
(0.002271808 -6.175495e-06 1.28972e-06)
(0.002154443 -3.673731e-05 4.69478e-06)
(0.002180918 -3.625132e-05 3.710187e-06)
(0.002204548 -3.550367e-05 2.962703e-06)
(0.002240178 -2.001181e-05 1.947536e-06)
(0.002225887 -3.455172e-05 2.384225e-06)
(0.001404879 -5.300114e-06 1.316594e-05)
(0.001469277 -1.547469e-05 2.55514e-05)
(0.001570874 -2.451172e-05 3.116542e-05)
(0.001679526 -3.214406e-05 3.115976e-05)
(0.001781069 -3.834507e-05 2.728178e-05)
(0.001869421 -4.320474e-05 2.227351e-05)
(0.00194321 -4.686112e-05 1.744616e-05)
(0.00200386 -4.945997e-05 1.335615e-05)
(0.002053833 -5.114131e-05 1.014877e-05)
(0.002095516 -5.203612e-05 7.739252e-06)
(0.002154443 -3.673731e-05 4.69478e-06)
(0.002130882 -5.226606e-05 5.960841e-06)
(0.00229655 -5.965022e-06 7.271391e-07)
(0.002310945 -5.700578e-06 6.243231e-07)
(0.002248868 -2.014556e-05 1.092684e-06)
(0.002266951 -1.944004e-05 9.579214e-07)
(0.00229655 -5.965022e-06 7.271391e-07)
(0.002283646 -1.868605e-05 8.337316e-07)
(0.00229655 -5.965022e-06 7.271391e-07)
(0.002310945 -5.700578e-06 6.243231e-07)
(0.002161195 -3.689424e-05 1.788995e-06)
(0.002188309 -3.642764e-05 1.571855e-06)
(0.002212455 -3.569885e-05 1.388387e-06)
(0.002248868 -2.014556e-05 1.092684e-06)
(0.002234221 -3.476416e-05 1.226735e-06)
(0.001404206 -5.305588e-06 4.319798e-06)
(0.001466404 -1.550092e-05 6.249434e-06)
(0.001566947 -2.456871e-05 7.425952e-06)
(0.001675441 -3.222907e-05 7.769653e-06)
(0.00177786 -3.845108e-05 6.778499e-06)
(0.001867848 -4.332488e-05 5.552929e-06)
(0.001943508 -4.699199e-05 4.456363e-06)
(0.002005948 -4.960248e-05 3.55922e-06)
(0.002057473 -5.12992e-05 2.881193e-06)
(0.002100429 -5.221408e-05 2.390848e-06)
(0.002161195 -3.689424e-05 1.788995e-06)
(0.002136811 -5.246823e-05 2.034196e-06)
(0.00224568 -2.011954e-05 2.112869e-07)
(0.002263754 -1.941172e-05 3.139863e-07)
(0.002280444 -1.865602e-05 3.674794e-07)
(0.00229594 -1.787112e-05 3.910699e-07)
(0.00231033 -1.707108e-05 3.855835e-07)
(0.002158177 -3.687537e-05 -1.178524e-06)
(0.002185216 -3.640109e-05 -6.156636e-07)
(0.002209313 -3.566544e-05 -2.254747e-07)
(0.00224568 -2.011954e-05 2.112869e-07)
(0.002231048 -3.472486e-05 3.712293e-08)
(0.00224568 -2.011954e-05 2.112869e-07)
(0.002263754 -1.941172e-05 3.139863e-07)
(0.002280444 -1.865602e-05 3.674794e-07)
(0.00229594 -1.787112e-05 3.910699e-07)
(0.00231033 -1.707108e-05 3.855835e-07)
(0.001403987 -5.306524e-06 -4.304713e-06)
(0.001465892 -1.550298e-05 -1.28842e-05)
(0.001566557 -2.457724e-05 -1.622254e-05)
(0.001674814 -3.224389e-05 -1.559918e-05)
(0.001776795 -3.847118e-05 -1.379094e-05)
(0.001866365 -4.334732e-05 -1.129067e-05)
(0.001941619 -4.701264e-05 -8.674613e-06)
(0.002003701 -4.961736e-05 -6.37251e-06)
(0.002054941 -5.130519e-05 -4.503661e-06)
(0.002097682 -5.220922e-05 -3.054059e-06)
(0.002158177 -3.687537e-05 -1.178524e-06)
(0.002133906 -5.245166e-05 -1.969621e-06)
(0.002145348 -3.667816e-05 -4.031198e-06)
(0.002171608 -3.616956e-05 -2.720904e-06)
(0.002195097 -3.540177e-05 -1.78138e-06)
(0.002216348 -3.443263e-05 -1.112447e-06)
(0.002235743 -3.331249e-05 -6.407756e-07)
(0.002253564 -3.208454e-05 -3.113787e-07)
(0.002270015 -3.078484e-05 -8.792082e-08)
(0.002285274 -2.94439e-05 6.452058e-08)
(0.002299426 -2.808443e-05 1.516181e-07)
(0.001404237 -5.303108e-06 -1.321272e-05)
(0.001467681 -1.548117e-05 -3.236921e-05)
(0.001569609 -2.45381e-05 -3.988489e-05)
(0.001677534 -3.218938e-05 -3.876914e-05)
(0.001777734 -3.840558e-05 -3.402555e-05)
(0.001864824 -4.327117e-05 -2.773828e-05)
(0.001937407 -4.692091e-05 -2.142006e-05)
(0.001997006 -4.950143e-05 -1.596836e-05)
(0.002046147 -5.115545e-05 -1.161627e-05)
(0.002087205 -5.201744e-05 -8.288964e-06)
(0.002145348 -3.667816e-05 -4.031198e-06)
(0.002122114 -5.221243e-05 -5.816679e-06)
(0.002253042 -5.146594e-06 9.495511e-07)
(0.002260914 -4.971819e-06 7.745898e-07)
(0.002268476 -4.799929e-06 6.278815e-07)
(0.002275721 -4.631464e-06 5.057412e-07)
(0.002282666 -4.466916e-06 4.029129e-07)
(0.00228933 -4.306631e-06 3.16291e-07)
(0.002289361 -5.317318e-06 8.440196e-07)
(0.002297574 -5.141907e-06 7.025706e-07)
(0.00230546 -4.968715e-06 5.820618e-07)
(0.002313012 -4.798377e-06 4.805746e-07)
(0.002320249 -4.631464e-06 3.941986e-07)
(0.002327191 -4.468393e-06 3.204522e-07)
(0.00231236 -5.428875e-06 7.068672e-07)
(0.002320807 -5.253223e-06 6.054486e-07)
(0.002328915 -5.079342e-06 5.163444e-07)
(0.002336676 -4.907924e-06 4.398614e-07)
(0.002344112 -4.739592e-06 3.735698e-07)
(0.002351243 -4.574809e-06 3.156954e-07)
(0.002322216 -5.479664e-06 5.473752e-07)
(0.002330781 -5.303941e-06 4.90206e-07)
(0.002339 -5.129784e-06 4.357629e-07)
(0.002346867 -4.957909e-06 3.871432e-07)
(0.002354402 -4.788963e-06 3.433626e-07)
(0.002361627 -4.62343e-06 3.033686e-07)
(0.002322216 -5.479664e-06 5.473752e-07)
(0.002330781 -5.303941e-06 4.90206e-07)
(0.002339 -5.129784e-06 4.357629e-07)
(0.002346867 -4.957909e-06 3.871432e-07)
(0.002354402 -4.788963e-06 3.433626e-07)
(0.002361627 -4.62343e-06 3.033686e-07)
(0.002321589 -1.640346e-05 3.755363e-07)
(0.002330137 -1.587289e-05 3.643786e-07)
(0.002338334 -1.534737e-05 3.45669e-07)
(0.002346176 -1.482897e-05 3.260982e-07)
(0.002353679 -1.43196e-05 3.059481e-07)
(0.002365341 -4.451615e-06 2.642328e-07)
(0.002360869 -1.38207e-05 2.847701e-07)
(0.002321589 -1.640346e-05 3.755363e-07)
(0.002330137 -1.587289e-05 3.643786e-07)
(0.002338334 -1.534737e-05 3.45669e-07)
(0.002346176 -1.482897e-05 3.260982e-07)
(0.002353679 -1.43196e-05 3.059481e-07)
(0.002360869 -1.38207e-05 2.847701e-07)
(0.002310482 -2.695422e-05 2.055763e-07)
(0.002318862 -2.605884e-05 2.386762e-07)
(0.002326889 -2.517402e-05 2.542598e-07)
(0.002334556 -2.430288e-05 2.623825e-07)
(0.00234188 -2.344842e-05 2.647961e-07)
(0.002348886 -2.261287e-05 2.615753e-07)
(0.002103983 -3.598503e-05 -8.87759e-06)
(0.002127715 -3.536916e-05 -6.303138e-06)
(0.002149207 -3.450141e-05 -4.435076e-06)
(0.00216885 -3.344386e-05 -3.07903e-06)
(0.002186919 -3.224963e-05 -2.095133e-06)
(0.002203621 -3.09633e-05 -1.381692e-06)
(0.002219105 -2.962126e-05 -8.693499e-07)
(0.002233512 -2.825332e-05 -4.993902e-07)
(0.002246902 -2.688147e-05 -2.520844e-07)
(0.001405574 -5.288805e-06 -2.95956e-05)
(0.001475247 -1.539833e-05 -6.845552e-05)
(0.00158124 -2.438087e-05 -8.234102e-05)
(0.001687701 -3.196547e-05 -7.989988e-05)
(0.001781656 -3.813007e-05 -6.956961e-05)
(0.001860237 -4.294889e-05 -5.628527e-05)
(0.001923911 -4.65399e-05 -4.334687e-05)
(0.001975395 -4.903785e-05 -3.237531e-05)
(0.002017752 -5.058178e-05 -2.372561e-05)
(0.0020534 -5.130977e-05 -1.718139e-05)
(0.002103983 -3.598503e-05 -8.87759e-06)
(0.002084088 -5.135503e-05 -1.234797e-05)
(0.00196942 -3.354294e-05 -1.25794e-05)
(0.001986334 -3.262288e-05 -9.043235e-06)
(0.002002344 -3.148428e-05 -6.483013e-06)
(0.002017478 -3.019833e-05 -4.617429e-06)
(0.002031751 -2.882305e-05 -3.251697e-06)
(0.002045186 -2.740436e-05 -2.249176e-06)
(0.002057807 -2.597731e-05 -1.515699e-06)
(0.002069657 -2.456827e-05 -9.786893e-07)
(0.002080742 -2.319529e-05 -6.028894e-07)
(0.001410491 -5.23598e-06 -5.825591e-05)
(0.001501124 -1.513848e-05 -0.0001270264)
(0.001614778 -2.387342e-05 -0.0001445777)
(0.001708856 -3.122532e-05 -0.0001344732)
(0.00177832 -3.717774e-05 -0.0001119652)
(0.001828555 -4.177453e-05 -8.676045e-05)
(0.00186527 -4.509731e-05 -6.448669e-05)
(0.001893757 -4.726067e-05 -4.689373e-05)
(0.001917639 -4.840501e-05 -3.375066e-05)
(0.001938848 -4.868643e-05 -2.421453e-05)
(0.00196942 -3.354294e-05 -1.25794e-05)
(0.001958337 -4.826473e-05 -1.738083e-05)
(0.001742003 -2.921865e-05 -1.140678e-05)
(0.0017518 -2.794077e-05 -8.208397e-06)
(0.001761876 -2.651907e-05 -5.907358e-06)
(0.001771934 -2.502659e-05 -4.231415e-06)
(0.001781774 -2.351869e-05 -3.000672e-06)
(0.001791268 -2.203548e-05 -2.092843e-06)
(0.001800339 -2.060444e-05 -1.424597e-06)
(0.001808953 -1.924338e-05 -9.331364e-07)
(0.001817074 -1.796201e-05 -5.869859e-07)
(0.001420674 -5.152799e-06 -0.0001025392)
(0.00153992 -1.474162e-05 -0.0001951948)
(0.001642568 -2.308433e-05 -0.0002007646)
(0.001693968 -3.001612e-05 -0.000170964)
(0.001713339 -3.550533e-05 -0.0001307099)
(0.001718611 -3.956604e-05 -9.378517e-05)
(0.001719471 -4.226688e-05 -6.549487e-05)
(0.001721052 -4.373707e-05 -4.544469e-05)
(0.001725077 -4.415271e-05 -3.165521e-05)
(0.001731467 -4.371343e-05 -2.225325e-05)
(0.001742003 -2.921865e-05 -1.140678e-05)
(0.001739624 -4.26193e-05 -1.580276e-05)
(0.001404497 -2.268458e-05 -7.264343e-06)
(0.001408949 -2.119179e-05 -5.230877e-06)
(0.001414211 -1.966382e-05 -3.770025e-06)
(0.001419867 -1.815922e-05 -2.703296e-06)
(0.001425645 -1.67177e-05 -1.916638e-06)
(0.001431373 -1.536406e-05 -1.333862e-06)
(0.001436941 -1.411163e-05 -9.035056e-07)
(0.001442289 -1.29656e-05 -5.865299e-07)
(0.001447367 -1.192487e-05 -3.650612e-07)
(0.001440266 -5.038364e-06 -0.0001787306)
(0.001563538 -1.411347e-05 -0.0002671695)
(0.001592643 -2.17325e-05 -0.0002276661)
(0.00155412 -2.779554e-05 -0.000166221)
(0.001504718 -3.229057e-05 -0.0001115081)
(0.001464045 -3.526674e-05 -7.197532e-05)
(0.001435536 -3.685311e-05 -4.652177e-05)
(0.001418351 -3.725144e-05 -3.06435e-05)
(0.001409691 -3.67036e-05 -2.067542e-05)
(0.001406754 -3.545517e-05 -1.428727e-05)
(0.001404497 -2.268458e-05 -7.264343e-06)
(0.001407497 -3.37294e-05 -1.006724e-05)
(0.0009452077 -1.416946e-05 -2.811496e-06)
(0.0009465757 -1.284872e-05 -2.030039e-06)
(0.0009486321 -1.158418e-05 -1.464547e-06)
(0.0009510638 -1.040612e-05 -1.048011e-06)
(0.0009536719 -9.330925e-06 -7.384635e-07)
(0.0009563305 -8.364866e-06 -5.07817e-07)
(0.0009589585 -7.507171e-06 -3.372287e-07)
(0.0009615097 -6.752562e-06 -2.116499e-07)
(0.0009639475 -6.092463e-06 -1.26416e-07)
(0.001430565 -4.794685e-06 -0.0002541062)
(0.001445052 -1.259687e-05 -0.0002867488)
(0.00131293 -1.853368e-05 -0.0001843355)
(0.0011693 -2.277599e-05 -0.0001045516)
(0.001076297 -2.546485e-05 -5.734246e-05)
(0.001019846 -2.67887e-05 -3.227272e-05)
(0.0009858458 -2.698981e-05 -1.924194e-05)
(0.00096654 -2.633255e-05 -1.212043e-05)
(0.0009562261 -2.50716e-05 -8.007788e-06)
(0.0009512196 -2.342913e-05 -5.496357e-06)
(0.0009452077 -1.416946e-05 -2.811496e-06)
(0.0009493927 -2.158431e-05 -3.871713e-06)
(0.0003582137 -4.662996e-06 -1.666215e-07)
(0.0003582612 -4.04898e-06 -1.22333e-07)
(0.000358551 -3.495735e-06 -8.834474e-08)
(0.0003589805 -3.007542e-06 -6.205119e-08)
(0.0003594858 -2.583926e-06 -4.18557e-08)
(0.0003600267 -2.221361e-06 -2.646334e-08)
(0.0003605766 -1.914524e-06 -1.520367e-08)
(0.0003611204 -1.657257e-06 -6.84211e-09)
(0.0003616448 -1.442865e-06 -2.537192e-09)
(0.001042176 -3.471572e-06 -0.0001312944)
(0.0008268882 -7.624099e-06 -0.0001021728)
(0.000606111 -9.988718e-06 -3.65026e-05)
(0.0004741969 -1.124685e-05 -1.189376e-05)
(0.0004192359 -1.171034e-05 -4.802709e-06)
(0.0003913574 -1.159401e-05 -2.197369e-06)
(0.000376051 -1.106916e-05 -1.121367e-06)
(0.0003679977 -1.027732e-05 -6.54455e-07)
(0.0003637139 -9.336008e-06 -4.298533e-07)
(0.0003614373 -8.336488e-06 -3.022714e-07)
(0.0003582137 -4.662996e-06 -1.666215e-07)
(0.0003603116 -7.344402e-06 -2.190159e-07)
(0.002257376 -2.574981e-05 -9.055687e-08)
(0.002265318 -2.48592e-05 1.609223e-08)
(0.002272929 -2.398409e-05 9.242702e-08)
(0.002280204 -2.312671e-05 1.481384e-07)
(0.002287155 -2.22895e-05 1.888369e-07)
(0.002293804 -2.147422e-05 2.166245e-07)
(0.002089444 -2.208687e-05 -3.557054e-07)
(0.00209606 -2.123057e-05 -1.903961e-07)
(0.00210241 -2.040207e-05 -6.213456e-08)
(0.002108488 -1.96016e-05 3.419755e-08)
(0.0021143 -1.882994e-05 1.070418e-07)
(0.002119861 -1.808745e-05 1.612756e-07)
(0.001823474 -1.69552e-05 -3.570041e-07)
(0.001828355 -1.619532e-05 -2.001631e-07)
(0.00183305 -1.547435e-05 -7.69888e-08)
(0.001837551 -1.479018e-05 1.511086e-08)
(0.00184186 -1.414166e-05 8.462118e-08)
(0.001845987 -1.352747e-05 1.367848e-07)
(0.00145138 -1.113159e-05 -2.157305e-07)
(0.001454451 -1.054798e-05 -1.101926e-07)
(0.001457414 -1.000612e-05 -2.780145e-08)
(0.001460261 -9.502295e-06 3.238428e-08)
(0.00146299 -9.033929e-06 7.710113e-08)
(0.001465606 -8.598598e-06 1.103318e-07)
(0.0009658764 -5.606526e-06 -6.636076e-08)
(0.0009673596 -5.25864e-06 -2.05619e-08)
(0.0009687994 -4.94337e-06 1.34602e-08)
(0.0009701877 -4.65711e-06 3.651624e-08)
(0.000971521 -4.397159e-06 5.305801e-08)
(0.0009728009 -4.161072e-06 6.509953e-08)
(0.0003620587 -1.292849e-06 2.370579e-09)
(0.000362382 -1.189219e-06 7.242385e-09)
(0.0003627028 -1.098751e-06 9.267981e-09)
(0.0003630145 -1.019727e-06 9.993895e-09)
(0.0003633148 -9.50779e-07 1.056057e-08)
(0.0003636041 -8.907026e-07 1.095757e-08)
)
;
    }
    procBoundary14to15
    {
        type            processor;
        value           nonuniform List<vector> 
377
(
(0.001218071 0.0001556402 4.148854e-05)
(0.001103645 0.000144131 5.659986e-05)
(0.0009000108 8.449273e-05 5.532227e-05)
(0.000774157 4.31806e-05 4.058989e-05)
(0.0006866386 2.124754e-05 2.70437e-05)
(0.0006236722 1.114475e-05 1.792186e-05)
(0.0005780605 6.584324e-06 1.222442e-05)
(0.0005433008 4.423136e-06 8.911229e-06)
(0.0005159963 3.278688e-06 6.981002e-06)
(0.000493958 2.58995e-06 5.824637e-06)
(0.000475854 2.120621e-06 5.080831e-06)
(0.0004608054 1.77163e-06 4.549847e-06)
(0.0004481935 1.497875e-06 4.126222e-06)
(0.0004375581 1.276332e-06 3.758237e-06)
(0.0004285424 1.093779e-06 3.422538e-06)
(0.0004208659 9.414042e-07 3.110285e-06)
(0.0004142985 8.134408e-07 2.818141e-06)
(0.0004086644 7.03909e-07 2.546442e-06)
(0.0004037981 6.117449e-07 2.294142e-06)
(0.0003996109 5.233598e-07 2.061471e-06)
(0.001456785 0.0002258734 4.708705e-05)
(0.001581839 0.0002955511 8.701478e-05)
(0.001603191 0.0002630869 0.0001002886)
(0.001578932 0.0002031078 9.095374e-05)
(0.001526201 0.0001485973 7.256323e-05)
(0.001462127 0.0001085415 5.416649e-05)
(0.001397989 8.104646e-05 3.909341e-05)
(0.001338442 6.248409e-05 2.816362e-05)
(0.001285369 4.968255e-05 2.075012e-05)
(0.001238961 4.050738e-05 1.587142e-05)
(0.001198719 3.363883e-05 1.266222e-05)
(0.001163939 2.829967e-05 1.049691e-05)
(0.001133899 2.402974e-05 8.967436e-06)
(0.00110794 2.054565e-05 7.823466e-06)
(0.00108548 1.766257e-05 6.917171e-06)
(0.001066016 1.525255e-05 6.163901e-06)
(0.001049113 1.322256e-05 5.514817e-06)
(0.001034411 1.150082e-05 4.943138e-06)
(0.00102157 1.003487e-05 4.431591e-06)
(0.001010377 8.762364e-06 3.968203e-06)
(0.001434236 0.0001068889 4.885354e-05)
(0.001603631 0.0002128566 9.457415e-05)
(0.00175553 0.0002545849 0.0001125892)
(0.00185152 0.0002496424 0.000108916)
(0.001892194 0.0002229779 9.362525e-05)
(0.00189222 0.0001909254 7.520326e-05)
(0.001867477 0.0001605906 5.78872e-05)
(0.001829819 0.0001345251 4.363929e-05)
(0.00178713 0.0001130176 3.281092e-05)
(0.001743958 9.551014e-05 2.49607e-05)
(0.001702672 8.124499e-05 1.940652e-05)
(0.001664371 6.953253e-05 1.549873e-05)
(0.001629455 5.982294e-05 1.272066e-05)
(0.001597958 5.169918e-05 1.069889e-05)
(0.001569728 4.484847e-05 9.178762e-06)
(0.00154453 3.903438e-05 7.993392e-06)
(0.001522091 3.407424e-05 7.03495e-06)
(0.001502144 2.982491e-05 6.235839e-06)
(0.001484393 2.61711e-05 5.551804e-06)
(0.001468655 2.30136e-05 4.952252e-06)
(0.001420383 7.191543e-05 4.643269e-05)
(0.001557436 0.000166092 9.055207e-05)
(0.001722427 0.0002183469 0.0001086687)
(0.001864289 0.0002378803 0.0001070097)
(0.00196498 0.0002357399 9.440372e-05)
(0.002024887 0.0002215639 7.843892e-05)
(0.002052288 0.0002018157 6.276811e-05)
(0.00205661 0.0001804976 4.917179e-05)
(0.002046031 0.0001597891 3.819654e-05)
(0.002026595 0.0001407215 2.971803e-05)
(0.002002419 0.0001236579 2.333894e-05)
(0.001976181 0.0001086125 1.860297e-05)
(0.001949552 9.544201e-05 1.509684e-05)
(0.001923547 8.39472e-05 1.248519e-05)
(0.001898754 7.392296e-05 1.051292e-05)
(0.001875491 6.517969e-05 8.994428e-06)
(0.001853899 5.754805e-05 7.797581e-06)
(0.00183402 5.088377e-05 6.831406e-06)
(0.001815793 4.505483e-05 6.031633e-06)
(0.0017992 3.996882e-05 5.355218e-06)
(0.001414218 4.514629e-05 4.609204e-05)
(0.001527475 0.0001174396 8.940015e-05)
(0.001677769 0.0001672396 0.0001057639)
(0.001820512 0.0001965172 0.0001026978)
(0.001937016 0.0002094025 8.964698e-05)
(0.002023052 0.0002105554 7.421679e-05)
(0.002081476 0.000203866 5.966937e-05)
(0.002117487 0.0001923931 4.729745e-05)
(0.002136571 0.0001783893 3.732902e-05)
(0.002143417 0.0001634109 2.952397e-05)
(0.002141713 0.0001484588 2.350643e-05)
(0.002134237 0.000134127 1.890156e-05)
(0.002123023 0.0001207327 1.538521e-05)
(0.002109534 0.0001084154 1.269397e-05)
(0.00209481 9.720799e-05 1.062124e-05)
(0.002079582 8.708334e-05 9.009239e-06)
(0.002064354 7.798049e-05 7.738764e-06)
(0.002049471 6.982891e-05 6.722687e-06)
(0.002035142 6.253965e-05 5.894466e-06)
(0.002021539 5.606819e-05 5.213392e-06)
(0.001412264 3.289544e-05 4.542729e-05)
(0.001512471 8.990146e-05 8.789894e-05)
(0.001648 0.0001320814 0.0001032709)
(0.001780479 0.0001603547 9.904657e-05)
(0.001893728 0.0001770828 8.501421e-05)
(0.001983892 0.0001848344 6.910926e-05)
(0.002052651 0.0001858142 5.46811e-05)
(0.002103341 0.0001818611 4.286436e-05)
(0.002139525 0.0001744974 3.364958e-05)
(0.002164286 0.0001649535 2.660238e-05)
(0.002180158 0.0001541853 2.123527e-05)
(0.002189201 0.0001428998 1.713405e-05)
(0.002193061 0.0001315948 1.398096e-05)
(0.002193048 0.0001206022 1.15399e-05)
(0.002190196 0.0001101301 9.636185e-06)
(0.002185313 0.0001002988 8.140099e-06)
(0.002179027 9.116544e-05 6.953844e-06)
(0.002171822 8.275271e-05 6.005212e-06)
(0.002164065 7.504146e-05 5.235802e-06)
(0.002156038 6.804585e-05 4.616585e-06)
(0.001411283 2.430312e-05 4.529046e-05)
(0.001504552 6.863388e-05 8.763161e-05)
(0.001630651 0.0001035741 0.0001026469)
(0.001754236 0.0001289948 9.770358e-05)
(0.001860611 0.0001460406 8.279602e-05)
(0.001946992 0.0001562217 6.612001e-05)
(0.002015515 0.0001609394 5.121966e-05)
(0.002069391 0.0001613855 3.927573e-05)
(0.002111643 0.0001585762 3.021002e-05)
(0.002144608 0.000153378 2.347904e-05)
(0.002170059 0.0001465204 1.849528e-05)
(0.002189381 0.0001385997 1.477469e-05)
(0.002203696 0.0001300873 1.196133e-05)
(0.002213929 0.0001213426 9.804941e-06)
(0.002220857 0.0001126296 8.131508e-06)
(0.002225132 0.0001041358 6.819176e-06)
(0.002227299 9.598669e-05 5.78037e-06)
(0.002227808 8.826699e-05 4.952813e-06)
(0.002227043 8.10146e-05 4.285414e-06)
(0.002225284 7.428363e-05 3.759855e-06)
(0.001410919 1.886565e-05 4.519899e-05)
(0.001500303 5.400539e-05 8.751506e-05)
(0.00162029 8.269493e-05 0.0001025126)
(0.001737491 0.0001045464 9.733808e-05)
(0.001837982 0.0001201711 8.201241e-05)
(0.001919585 0.0001305104 6.483896e-05)
(0.001984881 0.0001365042 4.949743e-05)
(0.00203733 0.0001389814 3.725547e-05)
(0.002079999 0.0001386626 2.80535e-05)
(0.002115087 0.0001361732 2.132368e-05)
(0.002144104 0.0001320528 1.643641e-05)
(0.002168118 0.0001267599 1.286572e-05)
(0.002187926 0.0001206757 1.022285e-05)
(0.00220416 0.0001141095 8.235891e-06)
(0.00221735 0.0001073055 6.719023e-06)
(0.002227946 0.0001004526 5.545611e-06)
(0.002236344 9.369081e-05 4.627821e-06)
(0.002242884 8.712536e-05 3.905419e-06)
(0.00224788 8.082187e-05 3.329937e-06)
(0.002251547 7.484706e-05 2.88778e-06)
(0.00141071 1.476632e-05 4.522176e-05)
(0.00149776 4.259869e-05 8.766242e-05)
(0.001613827 6.597532e-05 0.0001027951)
(0.001726672 8.442756e-05 9.760095e-05)
(0.001822818 9.82277e-05 8.210093e-05)
(0.001900444 0.0001079343 6.464729e-05)
(0.001962404 0.0001141646 4.899906e-05)
(0.00201236 0.0001174997 3.648958e-05)
(0.002053503 0.00011847 2.709085e-05)
(0.002088074 0.0001175504 2.024072e-05)
(0.002117549 0.0001151599 1.529984e-05)
(0.00214291 0.0001116607 1.172608e-05)
(0.002164827 0.0001073593 9.114019e-06)
(0.002183792 0.0001025105 7.17774e-06)
(0.002200188 9.73216e-05 5.721059e-06)
(0.002214332 9.195825e-05 4.61049e-06)
(0.002226502 8.654937e-05 3.754329e-06)
(0.002236931 8.119548e-05 3.090345e-06)
(0.002245856 7.596759e-05 2.569636e-06)
(0.002253413 7.092723e-05 2.178217e-06)
(0.00141061 1.16724e-05 4.525636e-05)
(0.001496202 3.377952e-05 8.782473e-05)
(0.001609639 5.26916e-05 0.0001031205)
(0.001719432 6.79896e-05 9.799969e-05)
(0.001812415 7.979205e-05 8.246501e-05)
(0.001886999 8.843513e-05 6.48868e-05)
(0.001946218 9.432015e-05 4.906862e-05)
(0.001993857 9.784801e-05 3.63864e-05)
(0.002033192 9.940475e-05 2.683689e-05)
(0.002066511 9.935128e-05 1.986851e-05)
(0.002095306 9.801638e-05 1.484305e-05)
(0.002120545 9.569094e-05 1.121454e-05)
(0.002142864 9.262552e-05 8.571769e-06)
(0.002162704 8.903106e-05 6.622779e-06)
(0.002180389 8.50814e-05 5.166098e-06)
(0.002196169 8.091742e-05 4.06397e-06)
(0.002210255 7.665082e-05 3.221653e-06)
(0.002222817 7.236946e-05 2.574589e-06)
(0.002234033 6.813946e-05 2.072872e-06)
(0.002243989 6.401175e-05 1.699953e-06)
(0.001410543 9.159479e-06 4.530352e-05)
(0.001495176 2.65522e-05 8.800186e-05)
(0.001606829 4.163658e-05 0.0001034535)
(0.001714478 5.407047e-05 9.842729e-05)
(0.001805164 6.389365e-05 8.290862e-05)
(0.00187747 7.130421e-05 6.527681e-05)
(0.001934561 7.655724e-05 4.936381e-05)
(0.001980311 7.992253e-05 3.657419e-05)
(0.002018055 8.16745e-05 2.692225e-05)
(0.002050112 8.208215e-05 1.986493e-05)
(0.002077984 8.139997e-05 1.476664e-05)
(0.002102639 7.985982e-05 1.10809e-05)
(0.002124701 7.766583e-05 8.394627e-06)
(0.002144594 7.499262e-05 6.41356e-06)
(0.002162614 7.198589e-05 4.933984e-06)
(0.002178986 6.876476e-05 3.816125e-06)
(0.00219389 6.542465e-05 2.963659e-06)
(0.002207463 6.204053e-05 2.310524e-06)
(0.002219851 5.867072e-05 1.806236e-06)
(0.002231112 5.535686e-05 1.431565e-06)
(0.001410504 7.068106e-06 4.534362e-05)
(0.001494494 2.050412e-05 8.814741e-05)
(0.001604915 3.226625e-05 0.0001037261)
(0.001711043 4.209312e-05 9.87882e-05)
(0.00180006 4.999231e-05 8.330289e-05)
(0.001870673 5.608165e-05 6.565308e-05)
(0.001926148 6.052209e-05 4.968919e-05)
(0.001970431 6.349198e-05 3.683538e-05)
(0.002006898 6.518169e-05 2.711842e-05)
(0.002037891 6.578609e-05 2.000163e-05)
(0.002064919 6.549631e-05 1.485169e-05)
(0.002088947 6.449157e-05 1.112232e-05)
(0.00211059 6.293336e-05 8.399733e-06)
(0.002130259 6.096237e-05 6.388681e-06)
(0.002148238 5.869773e-05 4.884474e-06)
(0.002164737 5.623786e-05 3.746439e-06)
(0.002179919 5.366239e-05 2.877545e-06)
(0.002193908 5.103398e-05 2.210941e-06)
(0.002206831 4.840227e-05 1.695987e-06)
(0.002218736 4.58016e-05 1.311412e-06)
(0.001410476 5.253446e-06 4.53769e-05)
(0.001494032 1.524589e-05 8.826424e-05)
(0.001603607 2.405206e-05 0.0001039407)
(0.001708669 3.14826e-05 9.907482e-05)
(0.001796494 3.753285e-05 8.362245e-05)
(0.001865876 4.227186e-05 6.596829e-05)
(0.001920156 4.579887e-05 4.997529e-05)
(0.001963335 4.822842e-05 3.708133e-05)
(0.001998826 4.96882e-05 2.732214e-05)
(0.002028988 5.03141e-05 2.016576e-05)
(0.002055336 5.024367e-05 1.498069e-05)
(0.00207883 4.960926e-05 1.122089e-05)
(0.002100078 4.85326e-05 8.472162e-06)
(0.002119481 4.712159e-05 6.438658e-06)
(0.002137313 4.546888e-05 4.915104e-06)
(0.002153772 4.36519e-05 3.760313e-06)
(0.002169011 4.173392e-05 2.876875e-06)
(0.002183144 3.976502e-05 2.197487e-06)
(0.002196291 3.778528e-05 1.671517e-06)
(0.002208492 3.582244e-05 1.27631e-06)
(0.001410458 3.631669e-06 4.540088e-05)
(0.001493727 1.054119e-05 8.834802e-05)
(0.001602738 1.665749e-05 0.0001040937)
(0.001707077 2.185336e-05 9.928066e-05)
(0.001794082 2.612196e-05 8.385493e-05)
(0.001862606 2.950271e-05 6.62017e-05)
(0.001916043 3.205441e-05 5.01922e-05)
(0.001958435 3.384714e-05 3.727348e-05)
(0.001993222 3.496175e-05 2.748743e-05)
(0.002022777 3.548706e-05 2.030552e-05)
(0.00204862 3.551527e-05 1.509758e-05)
(0.002071711 3.513684e-05 1.131781e-05)
(0.00209265 3.443639e-05 8.551784e-06)
(0.00211183 3.348996e-05 6.503249e-06)
(0.002129516 3.23636e-05 4.966536e-06)
(0.002145898 3.111302e-05 3.800106e-06)
(0.002161121 2.978421e-05 2.906298e-06)
(0.002175294 2.841375e-05 2.217518e-06)
(0.002188527 2.703118e-05 1.683157e-06)
(0.002200859 2.565718e-05 1.279674e-06)
(0.001410446 2.132655e-06 4.541653e-05)
(0.00149354 6.190767e-06 8.840262e-05)
(0.001602205 9.79304e-06 0.0001041922)
(0.001706096 1.28664e-05 9.94137e-05)
(0.001792587 1.540579e-05 8.400604e-05)
(0.001860569 1.743134e-05 6.63547e-05)
(0.001913468 1.89739e-05 5.033597e-05)
(0.001955353 2.007106e-05 3.740258e-05)
(0.001989684 2.076734e-05 2.760034e-05)
(0.002018843 2.111277e-05 2.040289e-05)
(0.002044355 2.11602e-05 1.5181e-05)
(0.002067178 2.096226e-05 1.138905e-05)
(0.002087909 2.05687e-05 8.612493e-06)
(0.002106934 2.002466e-05 6.554824e-06)
(0.002124514 1.936969e-05 5.010114e-06)
(0.002140832 1.863735e-05 3.836588e-06)
(0.002156028 1.785553e-05 2.936411e-06)
(0.002170205 1.704655e-05 2.241797e-06)
(0.00218347 1.622849e-05 1.702141e-06)
(0.002195859 1.541419e-05 1.293373e-06)
(0.002138355 6.207116e-06 3.857061e-06)
(0.002153534 5.949001e-06 2.953896e-06)
(0.002167709 5.681462e-06 2.256536e-06)
(0.002180984 5.410591e-06 1.714374e-06)
(0.002193395 5.140735e-06 1.30309e-06)
(0.0003965705 4.7145e-07 1.887135e-06)
(0.000394351 4.419996e-07 1.759222e-06)
(0.0003923089 4.037992e-07 1.637948e-06)
(0.0003904454 3.686799e-07 1.523269e-06)
(0.001002139 7.857769e-06 3.622297e-06)
(0.0009961509 7.234748e-06 3.373441e-06)
(0.0009906255 6.655085e-06 3.139533e-06)
(0.0009855527 6.122213e-06 2.919056e-06)
(0.001456883 2.070221e-05 4.51137e-06)
(0.001448262 1.906277e-05 4.198044e-06)
(0.001440256 1.756964e-05 3.906632e-06)
(0.001432852 1.620553e-05 3.633469e-06)
(0.001786512 3.617426e-05 4.863864e-06)
(0.001777079 3.343086e-05 4.516927e-06)
(0.001768214 3.092876e-05 4.200202e-06)
(0.00175992 2.863712e-05 3.907042e-06)
(0.002010793 5.115659e-05 4.720949e-06)
(0.002002604 4.754708e-05 4.371708e-06)
(0.001994767 4.422568e-05 4.059404e-06)
(0.0019873 4.116021e-05 3.775355e-06)
(0.002149298 6.264557e-05 4.167702e-06)
(0.002143927 5.861738e-05 3.844878e-06)
(0.00213862 5.486641e-05 3.561699e-06)
(0.002133404 5.136854e-05 3.309258e-06)
(0.002223268 6.900373e-05 3.377509e-06)
(0.002221359 6.501234e-05 3.097959e-06)
(0.002219262 6.124808e-05 2.857106e-06)
(0.002217006 5.769807e-05 2.647073e-06)
(0.002253788 7.009461e-05 2.566965e-06)
(0.002255103 6.646146e-05 2.330117e-06)
(0.002256078 6.299424e-05 2.129645e-06)
(0.00225673 5.968929e-05 1.958964e-06)
(0.002258831 6.687463e-05 1.897377e-06)
(0.002262632 6.375005e-05 1.690772e-06)
(0.002266036 6.073926e-05 1.518682e-06)
(0.002269048 5.784382e-05 1.375473e-06)
(0.00225145 6.066832e-05 1.436128e-06)
(0.002256903 5.807561e-05 1.244682e-06)
(0.002261964 5.556033e-05 1.086891e-06)
(0.002266628 5.312596e-05 9.576238e-07)
(0.002239736 5.266009e-05 1.169213e-06)
(0.002246165 5.056129e-05 9.816676e-07)
(0.002252229 4.851683e-05 8.276257e-07)
(0.00225792 4.653033e-05 7.021429e-07)
(0.002263263 4.460543e-05 5.980701e-07)
(0.002227964 4.367897e-05 1.043456e-06)
(0.002234917 4.202324e-05 8.539433e-07)
(0.002241535 4.040685e-05 6.98065e-07)
(0.002247809 3.883299e-05 5.709095e-07)
(0.002253758 3.730485e-05 4.65635e-07)
(0.002218015 3.421712e-05 1.001362e-06)
(0.002225232 3.296291e-05 8.080904e-07)
(0.002232137 3.173712e-05 6.486098e-07)
(0.00223872 3.054233e-05 5.179812e-07)
(0.002244999 2.938111e-05 4.095829e-07)
(0.002210521 2.453173e-05 9.989856e-07)
(0.002217867 2.365137e-05 8.022935e-07)
(0.002224916 2.279041e-05 6.394888e-07)
(0.002231657 2.195077e-05 5.055962e-07)
(0.002238107 2.113435e-05 3.941386e-07)
(0.002205584 1.474647e-05 1.008929e-06)
(0.002212992 1.422372e-05 8.099032e-07)
(0.00222011 1.371228e-05 6.448071e-07)
(0.002226928 1.321336e-05 5.086386e-07)
(0.002233462 1.272811e-05 3.950051e-07)
(0.00223973 1.225729e-05 3.002956e-07)
(0.002203146 4.919335e-06 1.016839e-06)
(0.002210578 4.745922e-06 8.166698e-07)
(0.002217724 4.576226e-06 6.504438e-07)
(0.002224574 4.410662e-06 5.131458e-07)
(0.002231143 4.249616e-06 3.984212e-07)
(0.002237449 4.093348e-06 3.02666e-07)
)
;
    }
}


// ************************************************************************* //
