/*--------------------------------*- C++ -*----------------------------------*\
| =========                 |                                                 |
| \\      /  F ield         | OpenFOAM: The Open Source CFD Toolbox           |
|  \\    /   O peration     | Version:  2406                                  |
|   \\  /    A nd           | Website:  www.openfoam.com                      |
|    \\/     M anipulation  |                                                 |
\*---------------------------------------------------------------------------*/
FoamFile
{
    version     2.0;
    format      ascii;
    arch        "LSB;label=32;scalar=64";
    class       volVectorField;
    location    "320";
    object      U;
}
// * * * * * * * * * * * * * * * * * * * * * * * * * * * * * * * * * * * * * //

dimensions      [0 1 -1 0 0 0 0];

internalField   nonuniform List<vector> 
5426
(
(0.0005504086 2.212472e-07 0.0001110329)
(0.0003690024 4.269736e-07 2.109603e-05)
(0.0002084845 5.43529e-07 1.820985e-06)
(0.0001779033 6.069913e-07 1.136358e-06)
(0.0001597253 6.322914e-07 5.384157e-07)
(0.0001500628 6.287765e-07 2.840175e-07)
(0.0001449182 6.037617e-07 1.83936e-07)
(0.0001419058 5.642048e-07 1.201185e-07)
(0.0001402046 5.159619e-07 8.375091e-08)
(0.0001392487 4.637103e-07 6.056255e-08)
(0.0001387396 4.109971e-07 4.482249e-08)
(0.0001385031 3.603085e-07 3.364739e-08)
(0.0001384345 3.132436e-07 2.536855e-08)
(0.0001384702 2.70698e-07 1.908826e-08)
(0.0001385707 2.330432e-07 1.423569e-08)
(0.00013871 2.002814e-07 1.050868e-08)
(0.0001388724 1.72176e-07 7.556978e-09)
(0.0001390456 1.4834e-07 5.418706e-09)
(0.0001392245 1.283263e-07 3.55725e-09)
(0.0001394011 1.116281e-07 2.620483e-09)
(0.0005504086 -2.21247e-07 0.0001110329)
(0.0003690024 -4.269733e-07 2.109603e-05)
(0.0002084845 -5.435286e-07 1.820985e-06)
(0.0001779033 -6.069909e-07 1.136358e-06)
(0.0001597253 -6.32291e-07 5.384157e-07)
(0.0001500628 -6.28776e-07 2.840175e-07)
(0.0001449182 -6.037612e-07 1.83936e-07)
(0.0001419058 -5.642043e-07 1.201185e-07)
(0.0001402046 -5.159613e-07 8.375092e-08)
(0.0001392487 -4.637096e-07 6.056255e-08)
(0.0001387396 -4.109963e-07 4.482249e-08)
(0.0001385031 -3.603077e-07 3.364739e-08)
(0.0001384345 -3.132427e-07 2.536855e-08)
(0.0001384702 -2.706971e-07 1.908826e-08)
(0.0001385707 -2.330422e-07 1.423569e-08)
(0.00013871 -2.002803e-07 1.050866e-08)
(0.0001388724 -1.721748e-07 7.556965e-09)
(0.0001390456 -1.483387e-07 5.418696e-09)
(0.0001392245 -1.283249e-07 3.557241e-09)
(0.0001394011 -1.116265e-07 2.620476e-09)
(0.0005504157 -6.70116e-07 0.0001110328)
(0.0003690386 -1.294041e-06 2.109531e-05)
(0.0002085659 -1.643911e-06 1.820414e-06)
(0.0001780266 -1.833738e-06 1.135971e-06)
(0.0001598851 -1.906698e-06 5.380277e-07)
(0.0001502511 -1.892643e-06 2.836219e-07)
(0.0001451262 -1.81402e-06 1.8356e-07)
(0.0001421248 -1.692139e-06 1.197631e-07)
(0.000140427 -1.544827e-06 8.342161e-08)
(0.0001394687 -1.386182e-06 6.026304e-08)
(0.0001389529 -1.226813e-06 4.455264e-08)
(0.0001387068 -1.074082e-06 3.340603e-08)
(0.000138627 -9.326646e-07 2.515359e-08)
(0.000138651 -8.051293e-07 1.889732e-08)
(0.0001387396 -6.924836e-07 1.40664e-08)
(0.0001388676 -5.946481e-07 1.035917e-08)
(0.0001390193 -5.108455e-07 7.42507e-09)
(0.0001391827 -4.398688e-07 5.303907e-09)
(0.0001393525 -3.803398e-07 3.45694e-09)
(0.0001395209 -3.307193e-07 2.535265e-09)
(0.0005504299 -1.139997e-06 0.0001110322)
(0.0003691147 -2.20136e-06 2.109389e-05)
(0.0002087371 -2.787495e-06 1.819469e-06)
(0.0001782832 -3.100728e-06 1.135225e-06)
(0.0001602171 -3.212168e-06 5.37343e-07)
(0.0001506403 -3.176469e-06 2.828907e-07)
(0.0001455542 -3.03299e-06 1.828502e-07)
(0.0001425736 -2.818789e-06 1.190821e-07)
(0.0001408814 -2.564416e-06 8.278008e-08)
(0.0001399168 -2.293577e-06 5.967242e-08)
(0.0001393862 -2.023806e-06 4.401562e-08)
(0.0001391199 -1.767026e-06 3.292306e-08)
(0.0001390168 -1.530608e-06 2.472285e-08)
(0.0001390162 -1.318417e-06 1.851587e-08)
(0.0001390804 -1.131768e-06 1.373081e-08)
(0.0001391848 -9.702357e-07 1.00664e-08)
(0.0001393143 -8.32297e-07 7.171251e-09)
(0.0001394571 -7.157871e-07 5.087938e-09)
(0.000139608 -6.182852e-07 3.273519e-09)
(0.000139759 -5.371704e-07 2.385608e-09)
(0.0005504521 -1.647534e-06 0.0001110308)
(0.0003692385 -3.177533e-06 2.109146e-05)
(0.000209015 -4.005931e-06 1.817841e-06)
(0.0001786956 -4.435159e-06 1.133814e-06)
(0.0001607472 -4.568377e-06 5.360986e-07)
(0.000151257 -4.491291e-06 2.815811e-07)
(0.0001462276 -4.263473e-06 1.816035e-07)
(0.0001432753 -3.940047e-06 1.179112e-07)
(0.0001415878 -3.565388e-06 8.169814e-08)
(0.00014061 -3.172997e-06 5.869532e-08)
(0.0001400536 -2.786999e-06 4.314488e-08)
(0.0001397535 -2.423265e-06 3.215718e-08)
(0.0001396123 -2.091169e-06 2.40571e-08)
(0.000139572 -1.795221e-06 1.794382e-08)
(0.0001395968 -1.536484e-06 1.324549e-08)
(0.0001396633 -1.313753e-06 9.660982e-09)
(0.0001397569 -1.124419e-06 6.838281e-09)
(0.0001398662 -9.651468e-07 4.823079e-09)
(0.000139986 -8.322887e-07 3.06746e-09)
(0.0001401081 -7.220927e-07 2.238237e-09)
(0.0005504856 -2.215431e-06 0.0001110289)
(0.000369425 -4.262957e-06 2.10883e-05)
(0.0002094289 -5.341625e-06 1.816021e-06)
(0.0001793019 -5.872913e-06 1.132214e-06)
(0.000161518 -6.000238e-06 5.34744e-07)
(0.0001521439 -5.850303e-06 2.800454e-07)
(0.0001471863 -5.508107e-06 1.800869e-07)
(0.0001442651 -5.050172e-06 1.164453e-07)
(0.0001425761 -4.536042e-06 8.031689e-08)
(0.0001415726 -4.008997e-06 5.743959e-08)
(0.0001409739 -3.499009e-06 4.203193e-08)
(0.0001406212 -3.024824e-06 3.119643e-08)
(0.0001404223 -2.596705e-06 2.324955e-08)
(0.0001403225 -2.218809e-06 1.728429e-08)
(0.0001402884 -1.89112e-06 1.272546e-08)
(0.000140298 -1.611026e-06 9.269185e-09)
(0.0001403377 -1.374367e-06 6.562755e-09)
(0.0001403961 -1.176362e-06 4.652501e-09)
(0.000140468 -1.011877e-06 2.988029e-09)
(0.0001405452 -8.7603e-07 2.242911e-09)
(0.000550534 -2.870804e-06 0.0001110255)
(0.0003696973 -5.501811e-06 2.108296e-05)
(0.0002100261 -6.836595e-06 1.812642e-06)
(0.0001801627 -7.445302e-06 1.129109e-06)
(0.0001625967 -7.524702e-06 5.321778e-07)
(0.0001533666 -7.256992e-06 2.773812e-07)
(0.0001484901 -6.759486e-06 1.776278e-07)
(0.0001455943 -6.134063e-06 1.142249e-07)
(0.0001438874 -5.456589e-06 7.836311e-08)
(0.0001428351 -4.779553e-06 5.57898e-08)
(0.0001421671 -4.137363e-06 4.069009e-08)
(0.0001417332 -3.549969e-06 3.015586e-08)
(0.0001414471 -3.026916e-06 2.249274e-08)
(0.0001412586 -2.570638e-06 1.678585e-08)
(0.0001411372 -2.178961e-06 1.245744e-08)
(0.0001410625 -1.847092e-06 9.200128e-09)
(0.0001410217 -1.568754e-06 6.665545e-09)
(0.0001410038 -1.337432e-06 4.896427e-09)
(0.0001410035 -1.146207e-06 3.353139e-09)
(0.0001410124 -9.891835e-07 2.699607e-09)
(0.0005506078 -3.665062e-06 0.0001110215)
(0.0003700988 -6.979618e-06 2.107773e-05)
(0.0002108826 -8.57341e-06 1.810625e-06)
(0.0001813687 -9.215503e-06 1.127216e-06)
(0.0001640782 -9.179656e-06 5.307539e-07)
(0.0001550142 -8.726382e-06 2.754402e-07)
(0.0001502158 -8.014977e-06 1.756749e-07)
(0.0001473232 -7.177232e-06 1.124011e-07)
(0.0001455638 -6.305746e-06 7.679294e-08)
(0.0001444207 -5.460413e-06 5.458773e-08)
(0.0001436376 -4.677444e-06 3.98986e-08)
(0.0001430752 -3.975279e-06 2.978004e-08)
(0.0001426551 -3.36037e-06 2.250736e-08)
(0.0001423324 -2.831538e-06 1.714547e-08)
(0.0001420797 -2.38305e-06 1.311049e-08)
(0.0001418789 -2.006983e-06 1.0088e-08)
(0.000141718 -1.694306e-06 7.742844e-09)
(0.0001415863 -1.436499e-06 6.103985e-09)
(0.0001414782 -1.224552e-06 4.672704e-09)
(0.0001413857 -1.05184e-06 4.054845e-09)
(0.0005507185 -4.653037e-06 0.0001110131)
(0.000370694 -8.765461e-06 2.10657e-05)
(0.0002121205 -1.060305e-05 1.803265e-06)
(0.0001830666 -1.120829e-05 1.12069e-06)
(0.0001661119 -1.096412e-05 5.260466e-07)
(0.0001572186 -1.023867e-05 2.711376e-07)
(0.0001524665 -9.243305e-06 1.724064e-07)
(0.0001495196 -8.143284e-06 1.101897e-07)
(0.0001476347 -7.046569e-06 7.560993e-08)
(0.0001463204 -6.016967e-06 5.43905e-08)
(0.0001453397 -5.088449e-06 4.056675e-08)
(0.0001445678 -4.27425e-06 3.11704e-08)
(0.0001439364 -3.574712e-06 2.446831e-08)
(0.0001434069 -2.982808e-06 1.952933e-08)
(0.000142956 -2.487709e-06 1.579031e-08)
(0.0001425672 -2.077409e-06 1.294733e-08)
(0.0001422293 -1.739574e-06 1.070743e-08)
(0.0001419319 -1.463511e-06 9.076117e-09)
(0.0001416686 -1.23793e-06 7.654607e-09)
(0.0001414316 -1.055915e-06 6.890932e-09)
(0.0005509095 -5.998044e-06 0.0001110061)
(0.0003716203 -1.110419e-05 2.106233e-05)
(0.0002139341 -1.314616e-05 1.806939e-06)
(0.0001854582 -1.357978e-05 1.123638e-06)
(0.00016888 -1.296662e-05 5.295055e-07)
(0.0001601165 -1.182957e-05 2.733544e-07)
(0.0001553178 -1.0445e-05 1.747714e-07)
(0.0001521898 -9.012798e-06 1.131242e-07)
(0.0001500365 -7.650759e-06 7.931256e-08)
(0.0001484045 -6.419139e-06 5.890875e-08)
(0.0001470849 -5.342433e-06 4.577153e-08)
(0.0001459726 -4.42275e-06 3.687086e-08)
(0.0001450116 -3.649951e-06 3.046126e-08)
(0.0001441702 -3.008202e-06 2.562816e-08)
(0.0001434283 -2.47977e-06 2.185091e-08)
(0.0001427704 -2.047587e-06 1.884819e-08)
(0.0001421844 -1.69558e-06 1.639621e-08)
(0.0001416594 -1.410829e-06 1.445183e-08)
(0.0001411866 -1.179796e-06 1.279041e-08)
(0.0001407586 -9.956769e-07 1.153519e-08)
(0.0005512226 -7.812516e-06 0.0001109778)
(0.0003730864 -1.403551e-05 2.103004e-05)
(0.0002166671 -1.618152e-05 1.787089e-06)
(0.0001889031 -1.626731e-05 1.109951e-06)
(0.0001726731 -1.510159e-05 5.240981e-07)
(0.0001638695 -1.340594e-05 2.7242e-07)
(0.0001587781 -1.15304e-05 1.785776e-07)
(0.0001551896 -9.706538e-06 1.205364e-07)
(0.0001524888 -8.052697e-06 8.919114e-08)
(0.000150282 -6.615537e-06 7.028657e-08)
(0.0001483984 -5.400986e-06 5.782414e-08)
(0.000146755 -4.393159e-06 4.89862e-08)
(0.0001453062 -3.566806e-06 4.222273e-08)
(0.0001440236 -2.894546e-06 3.677582e-08)
(0.0001428854 -2.350372e-06 3.225552e-08)
(0.0001418732 -1.911652e-06 2.844287e-08)
(0.0001409702 -1.55861e-06 2.521566e-08)
(0.0001401622 -1.27627e-06 2.244846e-08)
(0.000139435 -1.049278e-06 2.016323e-08)
(0.0001387811 -8.710443e-07 1.794934e-08)
(0.0005518654 -1.079795e-05 0.0001109721)
(0.000375574 -1.849063e-05 2.106939e-05)
(0.00022078 -2.048434e-05 1.833506e-06)
(0.0001937122 -1.976867e-05 1.149383e-06)
(0.0001775669 -1.763104e-05 5.612228e-07)
(0.0001682716 -1.506482e-05 3.046334e-07)
(0.0001623709 -1.249972e-05 2.086569e-07)
(0.00015782 -1.017898e-05 1.487817e-07)
(0.0001541337 -8.193159e-06 1.154983e-07)
(0.0001509957 -6.550229e-06 9.446278e-08)
(0.0001482723 -5.218223e-06 7.970187e-08)
(0.000145892 -4.150763e-06 6.85304e-08)
(0.0001438058 -3.30038e-06 5.952579e-08)
(0.0001419753 -2.624749e-06 5.201219e-08)
(0.0001403666 -2.088422e-06 4.565338e-08)
(0.0001389496 -1.66312e-06 4.021335e-08)
(0.000137697 -1.32583e-06 3.561202e-08)
(0.000136587 -1.059869e-06 3.156149e-08)
(0.0001355965 -8.488819e-07 2.833765e-08)
(0.0001347159 -6.860516e-07 2.482238e-08)
(0.0005530286 -1.499701e-05 0.0001108294)
(0.0003798858 -2.380402e-05 2.095829e-05)
(0.0002272211 -2.534178e-05 1.770248e-06)
(0.0002004215 -2.343695e-05 1.129872e-06)
(0.0001834061 -1.999849e-05 5.745735e-07)
(0.0001724992 -1.633759e-05 3.326989e-07)
(0.0001647762 -1.298028e-05 2.444694e-07)
(0.000158467 -1.015239e-05 1.860121e-07)
(0.0001532315 -7.877609e-06 1.505752e-07)
(0.0001487956 -6.094576e-06 1.256844e-07)
(0.0001450144 -4.713438e-06 1.065773e-07)
(0.0001417818 -3.64771e-06 9.124552e-08)
(0.0001390104 -2.824616e-06 7.858845e-08)
(0.0001366267 -2.18716e-06 6.80156e-08)
(0.0001345682 -1.692017e-06 5.916781e-08)
(0.0001327828 -1.306945e-06 5.169888e-08)
(0.0001312262 -1.007208e-06 4.548608e-08)
(0.0001298645 -7.752381e-07 4.002199e-08)
(0.0001286638 -5.94936e-07 3.578475e-08)
(0.0001276103 -4.585281e-07 3.094562e-08)
(0.0005557459 -2.437986e-05 0.0001109328)
(0.0003874534 -3.447954e-05 2.137245e-05)
(0.0002356982 -3.372988e-05 2.067347e-06)
(0.0002072066 -2.858432e-05 1.345811e-06)
(0.0001872214 -2.249804e-05 7.329359e-07)
(0.0001730143 -1.702702e-05 4.436954e-07)
(0.0001623611 -1.263381e-05 3.235703e-07)
(0.0001536979 -9.31322e-06 2.422883e-07)
(0.000146682 -6.86813e-06 1.905982e-07)
(0.0001409403 -5.085584e-06 1.540831e-07)
(0.0001362138 -3.78189e-06 1.268656e-07)
(0.0001322968 -2.8206e-06 1.05975e-07)
(0.0001290261 -2.104705e-06 8.957633e-08)
(0.0001262742 -1.566927e-06 7.64983e-08)
(0.0001239414 -1.160481e-06 6.596125e-08)
(0.0001219504 -8.52578e-07 5.730013e-08)
(0.0001202392 -6.192771e-07 5.023281e-08)
(0.0001187624 -4.436331e-07 4.403673e-08)
(0.000117476 -3.11458e-07 3.929351e-08)
(0.0001163619 -2.138584e-07 3.373782e-08)
(0.0005610081 -3.516945e-05 0.0001098695)
(0.0004003926 -4.321491e-05 2.091942e-05)
(0.000245115 -3.973227e-05 1.839752e-06)
(0.0002098768 -3.054963e-05 1.277884e-06)
(0.0001831834 -2.18356e-05 7.250142e-07)
(0.0001638346 -1.506266e-05 4.592737e-07)
(0.0001497182 -1.030312e-05 3.433155e-07)
(0.0001389102 -7.086838e-06 2.578274e-07)
(0.00013065 -4.923701e-06 2.01026e-07)
(0.0001242243 -3.457625e-06 1.602649e-07)
(0.0001191487 -2.444635e-06 1.304145e-07)
(0.0001150756 -1.731319e-06 1.081329e-07)
(0.0001117589 -1.220661e-06 9.113994e-08)
(0.0001090236 -8.508694e-07 7.78728e-08)
(0.0001067431 -5.814034e-07 6.730203e-08)
(0.0001048247 -3.848704e-07 5.861603e-08)
(0.0001031975 -2.419751e-07 5.149469e-08)
(0.0001018105 -1.389517e-07 4.517608e-08)
(0.0001006163 -6.555712e-08 4.029301e-08)
(9.959448e-05 -1.305006e-08 3.45967e-08)
(0.0005698419 -8.026618e-05 0.0001126423)
(0.0004063476 -7.156743e-05 2.364234e-05)
(0.0002315388 -4.892165e-05 2.668045e-06)
(0.00018708 -2.902512e-05 1.651432e-06)
(0.0001548435 -1.690211e-05 8.601618e-07)
(0.0001332431 -9.760996e-06 4.906189e-07)
(0.000118653 -5.77922e-06 3.298141e-07)
(0.0001082342 -3.532543e-06 2.283182e-07)
(0.0001006994 -2.215701e-06 1.694758e-07)
(9.507001e-05 -1.414141e-06 1.319135e-07)
(9.075442e-05 -9.039463e-07 1.069966e-07)
(8.736645e-05 -5.68724e-07 8.947657e-08)
(8.465428e-05 -3.434809e-07 7.644399e-08)
(8.244892e-05 -1.904353e-07 6.622014e-08)
(8.063296e-05 -8.627605e-08 5.789357e-08)
(7.912307e-05 -1.591316e-08 5.083421e-08)
(7.785614e-05 3.073798e-08 4.489024e-08)
(7.678801e-05 6.095732e-08 3.946453e-08)
(7.587762e-05 7.912834e-08 3.519947e-08)
(7.510699e-05 9.121979e-08 3.026947e-08)
(0.0005249069 -6.619954e-05 9.888681e-05)
(0.0003527184 -4.534709e-05 1.6303e-05)
(0.0001605579 -2.152204e-05 -9.698353e-07)
(0.00011652 -1.017828e-05 1.088192e-07)
(8.747564e-05 -4.58401e-06 1.328805e-07)
(7.110248e-05 -1.988066e-06 1.649327e-07)
(6.132231e-05 -8.523597e-07 1.666754e-07)
(5.497709e-05 -3.395052e-07 1.411313e-07)
(5.071085e-05 -1.021521e-07 1.204792e-07)
(4.766463e-05 9.515797e-09 1.022367e-07)
(4.540086e-05 6.25152e-08 8.762203e-08)
(4.365962e-05 8.621242e-08 7.549555e-08)
(4.228683e-05 9.478899e-08 6.530571e-08)
(4.118448e-05 9.536305e-08 5.660448e-08)
(4.028693e-05 9.171461e-08 4.91522e-08)
(3.954877e-05 8.600202e-08 4.268895e-08)
(3.893569e-05 7.931246e-08 3.720626e-08)
(3.842465e-05 7.263993e-08 3.229346e-08)
(3.799314e-05 6.578039e-08 2.840534e-08)
(3.763281e-05 6.054621e-08 2.440026e-08)
(0.00108929 4.445023e-07 0.0002844181)
(0.0008828078 9.960457e-07 0.0001059885)
(0.0005964705 1.352036e-06 3.435632e-05)
(0.0005054473 1.570031e-06 1.432127e-05)
(0.0004564493 1.681628e-06 7.652196e-06)
(0.000429178 1.709871e-06 4.434322e-06)
(0.0004142704 1.673974e-06 2.788067e-06)
(0.000405618 1.592372e-06 1.846677e-06)
(0.0004007398 1.481133e-06 1.273211e-06)
(0.0003980698 1.353466e-06 9.085857e-07)
(0.0003967319 1.219699e-06 6.641366e-07)
(0.00039621 1.087378e-06 4.932262e-07)
(0.0003961903 9.616426e-07 3.693844e-07)
(0.0003964795 8.456643e-07 2.772251e-07)
(0.0003969563 7.411031e-07 2.073804e-07)
(0.0003975418 6.485133e-07 1.539945e-07)
(0.0003981868 5.676962e-07 1.128274e-07)
(0.0003988557 4.979523e-07 8.159011e-08)
(0.000399531 4.383285e-07 5.712725e-08)
(0.0004001918 3.87648e-07 4.068942e-08)
(0.00108929 -4.445019e-07 0.0002844181)
(0.0008828078 -9.960451e-07 0.0001059885)
(0.0005964705 -1.352035e-06 3.435632e-05)
(0.0005054473 -1.57003e-06 1.432127e-05)
(0.0004564493 -1.681627e-06 7.652196e-06)
(0.000429178 -1.70987e-06 4.434322e-06)
(0.0004142704 -1.673973e-06 2.788067e-06)
(0.000405618 -1.592371e-06 1.846677e-06)
(0.0004007398 -1.481132e-06 1.273211e-06)
(0.0003980698 -1.353464e-06 9.085857e-07)
(0.0003967319 -1.219697e-06 6.641366e-07)
(0.00039621 -1.087376e-06 4.932262e-07)
(0.0003961903 -9.616404e-07 3.693844e-07)
(0.0003964795 -8.456619e-07 2.772251e-07)
(0.0003969563 -7.411005e-07 2.073804e-07)
(0.0003975418 -6.485104e-07 1.539945e-07)
(0.0003981868 -5.67693e-07 1.128274e-07)
(0.0003988557 -4.979489e-07 8.159008e-08)
(0.000399531 -4.383248e-07 5.712723e-08)
(0.0004001918 -3.876439e-07 4.06894e-08)
(0.001089302 -1.346504e-06 0.0002844165)
(0.0008828888 -3.018829e-06 0.000105983)
(0.0005966668 -4.090662e-06 3.435084e-05)
(0.0005057557 -4.744798e-06 1.431649e-05)
(0.0004568604 -5.073644e-06 7.647416e-06)
(0.0004296727 -5.150056e-06 4.42968e-06)
(0.0004148261 -5.033305e-06 2.783658e-06)
(0.0004062118 -4.779961e-06 1.84256e-06)
(0.0004013512 -4.439048e-06 1.26943e-06)
(0.000398682 -4.05051e-06 9.051649e-07)
(0.0003973322 -3.645348e-06 6.61074e-07)
(0.0003967895 -3.246024e-06 4.905051e-07)
(0.0003967435 -2.86768e-06 3.669798e-07)
(0.0003970036 -2.519541e-06 2.75109e-07)
(0.0003974503 -2.206311e-06 2.055252e-07)
(0.000398006 -1.929423e-06 1.523762e-07)
(0.0003986227 -1.688093e-06 1.114234e-07)
(0.0003992647 -1.480087e-06 8.038698e-08)
(0.0003999152 -1.302439e-06 5.610265e-08)
(0.000400553 -1.151557e-06 3.984875e-08)
(0.001089328 -2.290949e-06 0.0002844124)
(0.0008830589 -5.136099e-06 0.0001059719)
(0.0005970793 -6.940117e-06 3.433998e-05)
(0.0005063983 -8.028627e-06 1.430673e-05)
(0.0004577148 -8.55587e-06 7.637795e-06)
(0.0004306962 -8.65411e-06 4.420347e-06)
(0.0004159711 -8.428044e-06 2.774767e-06)
(0.0004074308 -7.976409e-06 1.834257e-06)
(0.0004026022 -7.383609e-06 1.261804e-06)
(0.0003999311 -6.717245e-06 8.982701e-07)
(0.000398554 -6.028961e-06 6.549177e-07)
(0.0003979666 -5.355526e-06 4.850626e-07)
(0.0003978651 -4.721213e-06 3.622087e-07)
(0.000398064 -4.140379e-06 2.709586e-07)
(0.0003984478 -3.619922e-06 2.019433e-07)
(0.0003989416 -3.161444e-06 1.493151e-07)
(0.0003994987 -2.763005e-06 1.088357e-07)
(0.0004000846 -2.420438e-06 7.824231e-08)
(0.0004006824 -2.128439e-06 5.435104e-08)
(0.0004012712 -1.880828e-06 3.849906e-08)
(0.001089368 -3.311295e-06 0.0002844053)
(0.0008833356 -7.416158e-06 0.0001059542)
(0.0005977489 -9.982358e-06 3.432254e-05)
(0.0005074326 -1.14975e-05 1.429092e-05)
(0.0004590811 -1.218808e-05 7.622382e-06)
(0.0004323208 -1.226093e-05 4.405491e-06)
(0.0004177763 -1.187583e-05 2.7607e-06)
(0.0004093407 -1.118056e-05 1.82123e-06)
(0.0004045513 -1.029869e-05 1.249949e-06)
(0.0004018677 -9.326712e-06 8.876759e-07)
(0.0004004399 -8.336583e-06 6.45601e-07)
(0.000399776 -7.378135e-06 4.76989e-07)
(0.0003995823 -6.483162e-06 3.553131e-07)
(0.0003996813 -5.669527e-06 2.651584e-07)
(0.0003999628 -4.944866e-06 1.971492e-07)
(0.0004003558 -4.309766e-06 1.454397e-07)
(0.0004008157 -3.76019e-06 1.057905e-07)
(0.0004013092 -3.289402e-06 7.596101e-08)
(0.0004018199 -2.889232e-06 5.273856e-08)
(0.0004023266 -2.550705e-06 3.755494e-08)
(0.001089427 -4.453169e-06 0.000284395)
(0.0008837524 -9.954113e-06 0.0001059294)
(0.0005987475 -1.332609e-05 3.429854e-05)
(0.0005089558 -1.524985e-05 1.426944e-05)
(0.0004610723 -1.604454e-05 7.601631e-06)
(0.0004346635 -1.601616e-05 4.38557e-06)
(0.0004203539 -1.539499e-05 2.741907e-06)
(0.0004120437 -1.438795e-05 1.803966e-06)
(0.0004072874 -1.316267e-05 1.23444e-06)
(0.0004045659 -1.184569e-05 8.741024e-07)
(0.0004030489 -1.052812e-05 6.340266e-07)
(0.000402262 -9.270559e-06 4.673891e-07)
(0.0004019253 -8.109671e-06 3.476008e-07)
(0.0004018714 -7.064305e-06 2.592041e-07)
(0.0004019975 -6.140664e-06 1.927996e-07)
(0.0004022371 -5.336615e-06 1.425332e-07)
(0.0004025486 -4.644716e-06 1.041619e-07)
(0.0004028999 -4.054829e-06 7.546884e-08)
(0.0004032751 -3.555188e-06 5.321324e-08)
(0.0004036529 -3.13389e-06 3.895207e-08)
(0.001089514 -5.771646e-06 0.0002843798)
(0.0008843608 -1.285787e-05 0.0001058935)
(0.0006001898 -1.708613e-05 3.426431e-05)
(0.0005111234 -1.938097e-05 1.42393e-05)
(0.0004638662 -2.018756e-05 7.573268e-06)
(0.0004379042 -1.99478e-05 4.359098e-06)
(0.0004238724 -1.898368e-05 2.717735e-06)
(0.0004156873 -1.757399e-05 1.782671e-06)
(0.0004109321 -1.593567e-05 1.21631e-06)
(0.0004081191 -1.422539e-05 8.593428e-07)
(0.0004064456 -1.25508e-05 6.226548e-07)
(0.0004054603 -1.097952e-05 4.592727e-07)
(0.0004049012 -9.549157e-06 3.425025e-07)
(0.0004046139 -8.276051e-06 2.568168e-07)
(0.0004045045 -7.162099e-06 1.927856e-07)
(0.0004045122 -6.200294e-06 1.445487e-07)
(0.0004045986 -5.378185e-06 1.078792e-07)
(0.0004047335 -4.681313e-06 8.059493e-08)
(0.0004049013 -4.093459e-06 5.946368e-08)
(0.000405081 -3.599894e-06 4.616484e-08)
(0.001089646 -7.36966e-06 0.0002843612)
(0.0008852576 -1.63283e-05 0.0001058496)
(0.0006022622 -2.147409e-05 3.422484e-05)
(0.0005141703 -2.406513e-05 1.420649e-05)
(0.0004677188 -2.473314e-05 7.543416e-06)
(0.0004422909 -2.411448e-05 4.332204e-06)
(0.0004285521 -2.265342e-05 2.69445e-06)
(0.000420451 -2.071632e-05 1.763957e-06)
(0.0004156161 -1.857374e-05 1.202633e-06)
(0.0004126048 -1.641013e-05 8.509443e-07)
(0.0004106528 -1.434428e-05 6.194087e-07)
(0.0004093397 -1.244454e-05 4.607748e-07)
(0.0004084266 -1.074366e-05 3.481754e-07)
(0.0004077755 -9.250563e-06 2.659943e-07)
(0.0004073036 -7.959097e-06 2.047944e-07)
(0.0004069571 -6.854707e-06 1.587473e-07)
(0.0004067014 -5.918073e-06 1.237083e-07)
(0.0004065085 -5.129454e-06 9.755412e-08)
(0.0004063632 -4.467273e-06 7.716385e-08)
(0.0004062451 -3.91441e-06 6.423278e-08)
(0.001089844 -9.360359e-06 0.000284333)
(0.0008865885 -2.054896e-05 0.0001057838)
(0.0006052649 -2.665474e-05 3.416793e-05)
(0.0005184751 -2.941208e-05 1.416295e-05)
(0.0004730293 -2.972648e-05 7.508661e-06)
(0.0004481888 -2.850707e-05 4.306226e-06)
(0.0004346878 -2.635635e-05 2.677804e-06)
(0.0004265359 -2.374369e-05 1.757297e-06)
(0.0004214345 -2.099454e-05 1.205635e-06)
(0.000418009 -1.831517e-05 8.628497e-07)
(0.0004155498 -1.58268e-05 6.389869e-07)
(0.0004136792 -1.358973e-05 4.865531e-07)
(0.000412189 -1.162418e-05 3.786455e-07)
(0.0004109623 -9.925721e-06 2.997436e-07)
(0.0004099294 -8.475767e-06 2.406025e-07)
(0.0004090445 -7.249315e-06 1.955943e-07)
(0.0004082765 -6.21833e-06 1.608239e-07)
(0.0004075995 -5.356958e-06 1.342801e-07)
(0.0004069972 -4.637533e-06 1.131457e-07)
(0.0004064509 -4.041271e-06 9.881736e-08)
(0.001090187 -1.206853e-05 0.0002843082)
(0.0008886611 -2.608966e-05 0.0001057257)
(0.0006096846 -3.318294e-05 3.413118e-05)
(0.000524576 -3.584147e-05 1.414795e-05)
(0.000480306 -3.542626e-05 7.507814e-06)
(0.0004559971 -3.324733e-05 4.319171e-06)
(0.0004425161 -3.01147e-05 2.704889e-06)
(0.0004339851 -2.661477e-05 1.798417e-06)
(0.0004282275 -2.31216e-05 1.258889e-06)
(0.0004239761 -1.984898e-05 9.257012e-07)
(0.000420604 -1.690444e-05 7.085242e-07)
(0.0004177935 -1.432578e-05 5.599615e-07)
(0.0004153763 -1.210925e-05 4.535046e-07)
(0.0004132597 -1.022869e-05 3.741373e-07)
(0.0004113869 -8.647511e-06 3.131446e-07)
(0.0004097175 -7.326859e-06 2.653238e-07)
(0.0004082211 -6.228096e-06 2.272045e-07)
(0.0004068711 -5.318461e-06 1.968723e-07)
(0.0004056462 -4.563834e-06 1.720156e-07)
(0.0004045286 -3.944352e-06 1.530904e-07)
(0.00109075 -1.573789e-05 0.0002842552)
(0.0008919508 -3.316109e-05 0.000105614)
(0.0006163744 -4.116187e-05 3.406649e-05)
(0.0005334058 -4.334727e-05 1.413991e-05)
(0.0004903281 -4.17351e-05 7.544968e-06)
(0.0004661638 -3.817325e-05 4.394379e-06)
(0.0004520659 -3.37303e-05 2.810514e-06)
(0.0004423942 -2.912022e-05 1.926323e-06)
(0.0004351953 -2.4753e-05 1.400052e-06)
(0.0004293768 -2.082886e-05 1.072403e-06)
(0.0004244309 -1.741909e-05 8.546338e-07)
(0.0004201126 -1.451992e-05 7.011219e-07)
(0.0004162923 -1.208929e-05 5.869848e-07)
(0.0004128923 -1.00698e-05 4.984926e-07)
(0.0004098571 -8.401184e-06 4.278802e-07)
(0.0004071406 -7.027711e-06 3.705061e-07)
(0.0004047022 -5.898946e-06 3.233394e-07)
(0.0004025068 -4.974821e-06 2.843542e-07)
(0.0004005201 -4.215202e-06 2.518159e-07)
(0.0003987219 -3.599124e-06 2.24301e-07)
(0.001091923 -2.174887e-05 0.0002842681)
(0.0008975536 -4.388633e-05 0.0001056613)
(0.0006265569 -5.246429e-05 3.420481e-05)
(0.0005458713 -5.317741e-05 1.435039e-05)
(0.0005033868 -4.930414e-05 7.80266e-06)
(0.0004781852 -4.34844e-05 4.679598e-06)
(0.0004620364 -3.711732e-05 3.106393e-06)
(0.0004497867 -3.102883e-05 2.219036e-06)
(0.0004398628 -2.560907e-05 1.67832e-06)
(0.0004314145 -2.098352e-05 1.329264e-06)
(0.0004240599 -1.713445e-05 1.086697e-06)
(0.000417602 -1.397859e-05 9.077805e-07)
(0.0004119129 -1.141171e-05 7.694829e-07)
(0.000406894 -9.331865e-06 6.590716e-07)
(0.0004024595 -7.648842e-06 5.691748e-07)
(0.0003985334 -6.287729e-06 4.950612e-07)
(0.0003950462 -5.186181e-06 4.335528e-07)
(0.0003919409 -4.297069e-06 3.81924e-07)
(0.0003891597 -3.575815e-06 3.387714e-07)
(0.000386674 -2.99943e-06 2.998822e-07)
(0.00109404 -3.031816e-05 0.0002841329)
(0.0009073023 -5.7369e-05 0.0001055598)
(0.0006425592 -6.593545e-05 3.434059e-05)
(0.0005632457 -6.408464e-05 1.468975e-05)
(0.0005188824 -5.683715e-05 8.251176e-06)
(0.0004895795 -4.79019e-05 5.159053e-06)
(0.0004685097 -3.912246e-05 3.570115e-06)
(0.0004513708 -3.138664e-05 2.640943e-06)
(0.0004370498 -2.495514e-05 2.046372e-06)
(0.0004248608 -1.977869e-05 1.641858e-06)
(0.0004144192 -1.567905e-05 1.348184e-06)
(0.0004054499 -1.24534e-05 1.125294e-06)
(0.0003977252 -9.917376e-06 9.507876e-07)
(0.0003910524 -7.919506e-06 8.113219e-07)
(0.0003852664 -6.340809e-06 6.98376e-07)
(0.0003802289 -5.090407e-06 6.058785e-07)
(0.0003758217 -4.09771e-06 5.296008e-07)
(0.0003719527 -3.311e-06 4.655259e-07)
(0.0003685326 -2.684647e-06 4.122286e-07)
(0.0003655183 -2.19273e-06 3.625429e-07)
(0.001099148 -4.909853e-05 0.0002845821)
(0.00092459 -8.341079e-05 0.0001068023)
(0.0006640341 -8.814871e-05 3.567543e-05)
(0.0005808251 -7.864949e-05 1.586987e-05)
(0.0005286069 -6.433468e-05 9.227222e-06)
(0.0004902346 -5.023356e-05 5.921826e-06)
(0.0004608981 -3.83047e-05 4.149051e-06)
(0.000437011 -2.895361e-05 3.0709e-06)
(0.0004175194 -2.187765e-05 2.360666e-06)
(0.0004014967 -1.660259e-05 1.869941e-06)
(0.0003882535 -1.267257e-05 1.514676e-06)
(0.0003772393 -9.727022e-06 1.249348e-06)
(0.0003680126 -7.499725e-06 1.046324e-06)
(0.0003602261 -5.800767e-06 8.878451e-07)
(0.0003536066 -4.495452e-06 7.620152e-07)
(0.0003479417 -3.487926e-06 6.60328e-07)
(0.000343061 -2.707865e-06 5.770791e-07)
(0.0003388373 -2.104634e-06 5.070551e-07)
(0.0003351526 -1.636935e-06 4.487743e-07)
(0.0003319487 -1.27697e-06 3.933027e-07)
(0.001109125 -7.188872e-05 0.0002840352)
(0.0009530951 -0.0001078042 0.0001073799)
(0.0006856254 -0.0001054019 3.634337e-05)
(0.0005845656 -8.482052e-05 1.637522e-05)
(0.0005141828 -6.262098e-05 9.573319e-06)
(0.0004616186 -4.441766e-05 6.133617e-06)
(0.000422603 -3.11543e-05 4.258708e-06)
(0.0003926494 -2.195219e-05 3.103892e-06)
(0.0003695977 -1.563711e-05 2.346712e-06)
(0.0003515966 -1.128152e-05 1.83281e-06)
(0.0003373303 -8.226956e-06 1.471142e-06)
(0.0003258512 -6.045094e-06 1.209107e-06)
(0.0003164821 -4.459918e-06 1.013635e-06)
(0.0003087386 -3.292905e-06 8.635182e-07)
(0.0003022691 -2.425865e-06 7.450345e-07)
(0.0002968158 -1.778454e-06 6.48939e-07)
(0.0002921812 -1.294025e-06 5.695188e-07)
(0.0002882218 -9.319872e-07 5.017368e-07)
(0.0002848089 -6.621293e-07 4.446312e-07)
(0.0002818771 -4.592225e-07 3.896711e-07)
(0.001125713 -0.0001569026 0.0002895024)
(0.0009591559 -0.0001698602 0.0001129374)
(0.0006422311 -0.0001241976 3.705501e-05)
(0.000513906 -7.767501e-05 1.578305e-05)
(0.0004282509 -4.686481e-05 8.785568e-06)
(0.0003696336 -2.805401e-05 5.356865e-06)
(0.0003296039 -1.71794e-05 3.575504e-06)
(0.0003009972 -1.087089e-05 2.52991e-06)
(0.000280195 -7.086658e-06 1.882949e-06)
(0.000264611 -4.730738e-06 1.46656e-06)
(0.0002526331 -3.200132e-06 1.185701e-06)
(0.0002432107 -2.17214e-06 9.870802e-07)
(0.0002356537 -1.464345e-06 8.394872e-07)
(0.0002294975 -9.693004e-07 7.246297e-07)
(0.0002244188 -6.202016e-07 6.31794e-07)
(0.0002201875 -3.735313e-07 5.543568e-07)
(0.0002166304 -1.999619e-07 4.886793e-07)
(0.0002136243 -7.841439e-08 4.31325e-07)
(0.0002110587 4.589993e-09 3.822547e-07)
(0.0002088783 6.497149e-08 3.350781e-07)
(0.0009920138 -0.0001237179 0.0002455555)
(0.0007674537 -0.0001018359 8.21022e-05)
(0.0004133951 -5.031276e-05 2.087544e-05)
(0.000295884 -2.407413e-05 7.748496e-06)
(0.0002255184 -1.115455e-05 4.53059e-06)
(0.0001846094 -5.071098e-06 2.897999e-06)
(0.0001598867 -2.337589e-06 2.022422e-06)
(0.0001437275 -1.062985e-06 1.473115e-06)
(0.000132745 -4.473863e-07 1.128859e-06)
(0.0001248558 -1.392962e-07 9.02224e-07)
(0.0001189624 2.045949e-08 7.447803e-07)
(0.0001144128 1.035878e-07 6.285272e-07)
(0.0001108147 1.4523e-07 5.379988e-07)
(0.0001079173 1.634767e-07 4.645749e-07)
(0.0001055517 1.682009e-07 4.034337e-07)
(0.0001036006 1.652259e-07 3.515191e-07)
(0.0001019758 1.577042e-07 3.072332e-07)
(0.0001006168 1.484034e-07 2.686114e-07)
(9.9467e-05 1.373011e-07 2.35922e-07)
(9.850181e-05 1.28714e-07 2.054301e-07)
(0.001337055 5.557032e-07 0.0003402629)
(0.001227988 1.353999e-06 0.0001820003)
(0.0009336749 1.92224e-06 8.129538e-05)
(0.0008011844 2.303314e-06 3.851135e-05)
(0.00072781 2.526e-06 2.09387e-05)
(0.0006858655 2.617916e-06 1.239548e-05)
(0.0006624067 2.605749e-06 7.829433e-06)
(0.000648814 2.516281e-06 5.195484e-06)
(0.0006411785 2.373811e-06 3.580724e-06)
(0.0006370995 2.198932e-06 2.548872e-06)
(0.0006351843 2.008198e-06 1.857983e-06)
(0.0006346008 1.814115e-06 1.376421e-06)
(0.0006348368 1.625556e-06 1.02912e-06)
(0.0006355731 1.448345e-06 7.71934e-07)
(0.0006366078 1.285897e-06 5.779101e-07)
(0.0006378099 1.139809e-06 4.300093e-07)
(0.0006390968 1.010396e-06 3.163937e-07)
(0.0006404101 8.97082e-07 2.298579e-07)
(0.0006417201 7.987886e-07 1.627732e-07)
(0.0006429948 7.140109e-07 1.159862e-07)
(0.001337055 -5.557028e-07 0.0003402629)
(0.001227988 -1.353999e-06 0.0001820003)
(0.0009336749 -1.922239e-06 8.129538e-05)
(0.0008011844 -2.303312e-06 3.851135e-05)
(0.00072781 -2.525999e-06 2.09387e-05)
(0.0006858655 -2.617914e-06 1.239548e-05)
(0.0006624067 -2.605747e-06 7.829433e-06)
(0.000648814 -2.516279e-06 5.195484e-06)
(0.0006411785 -2.373809e-06 3.580724e-06)
(0.0006370995 -2.19893e-06 2.548872e-06)
(0.0006351843 -2.008196e-06 1.857983e-06)
(0.0006346008 -1.814112e-06 1.376421e-06)
(0.0006348368 -1.625553e-06 1.02912e-06)
(0.0006355731 -1.448342e-06 7.71934e-07)
(0.0006366078 -1.285893e-06 5.7791e-07)
(0.0006378099 -1.139805e-06 4.300092e-07)
(0.0006390968 -1.010391e-06 3.163936e-07)
(0.0006404101 -8.970768e-07 2.298578e-07)
(0.0006417201 -7.98783e-07 1.627732e-07)
(0.0006429948 -7.140047e-07 1.159862e-07)
(0.001337069 -1.683475e-06 0.0003402576)
(0.001228091 -4.103781e-06 0.0001819859)
(0.0009339424 -5.817398e-06 8.128138e-05)
(0.0008016215 -6.962959e-06 3.849835e-05)
(0.0007284074 -7.624455e-06 2.09259e-05)
(0.0006865983 -7.88919e-06 1.238324e-05)
(0.0006632426 -7.839832e-06 7.817919e-06)
(0.0006497192 -7.55873e-06 5.184813e-06)
(0.0006421217 -7.120176e-06 3.57098e-06)
(0.0006380542 -6.586604e-06 2.540086e-06)
(0.0006361298 -6.007846e-06 1.850139e-06)
(0.0006355219 -5.42126e-06 1.36947e-06)
(0.0006357236 -4.853128e-06 1.022994e-06)
(0.0006364197 -4.320528e-06 7.665591e-07)
(0.0006374114 -3.833304e-06 5.732145e-07)
(0.00063857 -3.395905e-06 4.259301e-07)
(0.0006398144 -3.008984e-06 3.12873e-07)
(0.0006410871 -2.670599e-06 2.268582e-07)
(0.0006423588 -2.377341e-06 1.602405e-07)
(0.0006435976 -2.124585e-06 1.139315e-07)
(0.001337096 -2.864509e-06 0.000340246)
(0.001228309 -6.982749e-06 0.0001819573)
(0.0009345044 -9.874115e-06 8.125262e-05)
(0.0008025331 -1.178899e-05 3.847168e-05)
(0.0007296495 -1.286815e-05 2.089985e-05)
(0.0006881155 -1.327072e-05 1.235842e-05)
(0.0006649667 -1.314372e-05 7.794592e-06)
(0.0006515796 -1.263148e-05 5.163233e-06)
(0.000644054 -1.186245e-05 3.551312e-06)
(0.0006400045 -1.094282e-05 2.522402e-06)
(0.0006380565 -9.956114e-06 1.834425e-06)
(0.000637395 -8.963959e-06 1.35564e-06)
(0.0006375233 -8.008948e-06 1.010925e-06)
(0.0006381345 -7.118148e-06 7.56111e-07)
(0.000639036 -6.306611e-06 5.642467e-07)
(0.0006401034 -5.580571e-06 4.18314e-07)
(0.0006412585 -4.94014e-06 3.064855e-07)
(0.0006424456 -4.381366e-06 2.216135e-07)
(0.000643636 -3.897988e-06 1.560163e-07)
(0.0006447981 -3.481954e-06 1.107435e-07)
(0.001337138 -4.140702e-06 0.0003402268)
(0.001228663 -1.008543e-05 0.0001819119)
(0.0009354169 -1.421248e-05 8.120648e-05)
(0.0008040021 -1.689943e-05 3.842918e-05)
(0.0007316383 -1.835594e-05 2.085869e-05)
(0.0006905276 -1.883314e-05 1.231949e-05)
(0.0006676894 -1.855737e-05 7.758244e-06)
(0.0006544999 -1.774606e-05 5.129883e-06)
(0.0006470704 -1.658849e-05 3.521203e-06)
(0.0006430343 -1.523747e-05 2.495661e-06)
(0.0006410363 -1.381048e-05 1.811042e-06)
(0.0006402801 -1.23921e-05 1.335494e-06)
(0.0006402845 -1.103918e-05 9.938273e-07)
(0.000640755 -9.786505e-06 7.418376e-07)
(0.0006415081 -8.652216e-06 5.525589e-07)
(0.0006424258 -7.642548e-06 4.089806e-07)
(0.000643434 -6.755612e-06 2.992766e-07)
(0.0006444792 -5.984413e-06 2.163501e-07)
(0.0006455338 -5.318988e-06 1.524637e-07)
(0.0006465663 -4.747452e-06 1.088909e-07)
(0.001337201 -5.569209e-06 0.0003401991)
(0.001229195 -1.354247e-05 0.0001818477)
(0.0009367785 -1.899138e-05 8.114156e-05)
(0.0008061686 -2.244634e-05 3.837047e-05)
(0.0007345422 -2.42102e-05 2.080248e-05)
(0.0006940135 -2.465951e-05 1.226689e-05)
(0.0006715871 -2.412406e-05 7.709624e-06)
(0.0006586439 -2.291094e-05 5.085876e-06)
(0.0006513166 -2.127936e-05 3.482206e-06)
(0.0006472676 -1.943199e-05 2.461919e-06)
(0.0006451708 -1.75197e-05 1.782598e-06)
(0.0006442558 -1.564736e-05 1.312199e-06)
(0.0006440629 -1.388257e-05 9.754007e-07)
(0.0006443142 -1.226431e-05 7.279083e-07)
(0.0006448383 -1.081061e-05 5.427087e-07)
(0.0006455251 -9.525132e-06 4.027803e-07)
(0.0006463059 -8.401931e-06 2.962946e-07)
(0.00064713 -7.429606e-06 2.162183e-07)
(0.0006479713 -6.593323e-06 1.547559e-07)
(0.0006487986 -5.877015e-06 1.134932e-07)
(0.001337291 -7.219259e-06 0.0003401596)
(0.001229973 -1.750489e-05 0.0001817574)
(0.000938747 -2.438451e-05 8.105135e-05)
(0.0008092575 -2.858536e-05 3.829107e-05)
(0.0007386262 -3.054456e-05 2.072841e-05)
(0.0006988495 -3.081492e-05 1.219962e-05)
(0.0006769245 -2.986381e-05 7.649559e-06)
(0.0006642494 -2.810971e-05 5.033867e-06)
(0.0006569936 -2.589228e-05 3.438733e-06)
(0.0006528636 -2.346645e-05 2.427221e-06)
(0.0006505742 -2.101418e-05 1.756563e-06)
(0.0006493906 -1.865602e-05 1.29439e-06)
(0.0006488814 -1.646504e-05 9.651511e-07)
(0.0006487898 -1.447941e-05 7.244036e-07)
(0.0006489595 -1.271279e-05 5.450727e-07)
(0.0006492908 -1.116295e-05 4.101398e-07)
(0.0006497214 -9.817376e-06 3.078178e-07)
(0.0006502043 -8.658687e-06 2.311777e-07)
(0.000650715 -7.665796e-06 1.724339e-07)
(0.0006512236 -6.818378e-06 1.335263e-07)
(0.001337431 -9.219649e-06 0.0003401087)
(0.001231121 -2.224907e-05 0.0001816422)
(0.0009415805 -3.070288e-05 8.094118e-05)
(0.0008136116 -3.558875e-05 3.82e-05)
(0.0007442766 -3.755531e-05 2.064743e-05)
(0.0007054214 -3.741414e-05 1.213033e-05)
(0.000684054 -3.582037e-05 7.592414e-06)
(0.0006716119 -3.333183e-05 4.990068e-06)
(0.0006643244 -3.037937e-05 3.408792e-06)
(0.0006599634 -2.726993e-05 2.411098e-06)
(0.0006573016 -2.421068e-05 1.75355e-06)
(0.0006556522 -2.132993e-05 1.303222e-06)
(0.0006546215 -1.869816e-05 9.84225e-07)
(0.0006539804 -1.634572e-05 7.519752e-07)
(0.0006535919 -1.427631e-05 5.794211e-07)
(0.0006533694 -1.247759e-05 4.49667e-07)
(0.0006532582 -1.09275e-05 3.511252e-07)
(0.0006532165 -9.600938e-06 2.77067e-07)
(0.0006532215 -8.469037e-06 2.199106e-07)
(0.0006532454 -7.507535e-06 1.818185e-07)
(0.001337639 -1.171333e-05 0.0003400374)
(0.001232825 -2.804278e-05 0.000181482)
(0.0009456943 -3.821666e-05 8.079631e-05)
(0.0008197826 -4.366477e-05 3.809261e-05)
(0.0007520954 -4.536266e-05 2.056461e-05)
(0.0007142975 -4.449411e-05 1.207378e-05)
(0.0006934494 -4.196457e-05 7.561654e-06)
(0.0006810683 -3.850207e-05 4.985049e-06)
(0.0006734844 -3.463706e-05 3.427951e-06)
(0.0006685701 -3.072427e-05 2.451895e-06)
(0.0006651834 -2.698613e-05 1.812616e-06)
(0.0006627065 -2.354719e-05 1.376771e-06)
(0.000660797 -2.046468e-05 1.068495e-06)
(0.0006592625 -1.775226e-05 8.435178e-07)
(0.0006579904 -1.539685e-05 6.752899e-07)
(0.0006569094 -1.337126e-05 5.474474e-07)
(0.0006559733 -1.164056e-05 4.489719e-07)
(0.0006551455 -1.017023e-05 3.734998e-07)
(0.0006544037 -8.922151e-06 3.140014e-07)
(0.0006537227 -7.868725e-06 2.723369e-07)
(0.001338008 -1.510597e-05 0.00033996)
(0.001235487 -3.566868e-05 0.0001813146)
(0.0009517751 -4.773688e-05 8.067423e-05)
(0.0008285745 -5.346376e-05 3.803893e-05)
(0.0007628733 -5.439687e-05 2.055704e-05)
(0.0007261272 -5.228187e-05 1.211214e-05)
(0.0007055221 -4.836428e-05 7.642064e-06)
(0.0006927317 -4.357704e-05 5.103201e-06)
(0.0006842626 -3.855209e-05 3.576953e-06)
(0.0006781529 -3.367823e-05 2.623931e-06)
(0.0006733943 -2.917352e-05 1.999776e-06)
(0.0006694696 -2.513925e-05 1.571852e-06)
(0.0006661064 -2.160265e-05 1.265538e-06)
(0.0006631568 -1.854767e-05 1.037955e-06)
(0.0006605341 -1.593515e-05 8.638987e-07)
(0.0006581806 -1.371682e-05 7.280901e-07)
(0.0006560541 -1.18411e-05 6.204587e-07)
(0.0006541195 -1.026196e-05 5.350169e-07)
(0.0006523489 -8.930798e-06 4.656019e-07)
(0.0006507188 -7.817006e-06 4.125833e-07)
(0.001338611 -1.971029e-05 0.0003398387)
(0.001239721 -4.550254e-05 0.0001810707)
(0.0009610183 -5.954822e-05 8.054013e-05)
(0.0008413667 -6.51278e-05 3.805737e-05)
(0.0007778102 -6.46455e-05 2.068896e-05)
(0.0007416379 -6.062733e-05 1.234083e-05)
(0.0007203616 -5.476615e-05 7.94353e-06)
(0.0007060052 -4.824082e-05 5.454242e-06)
(0.0006954183 -4.178339e-05 3.954902e-06)
(0.000686922 -3.579479e-05 3.009954e-06)
(0.0006797099 -3.045884e-05 2.379572e-06)
(0.0006733951 -2.582475e-05 1.935632e-06)
(0.0006677785 -2.186625e-05 1.607459e-06)
(0.0006627471 -1.852054e-05 1.355219e-06)
(0.0006582236 -1.571113e-05 1.155862e-06)
(0.0006541462 -1.336193e-05 9.9539e-07)
(0.0006504609 -1.14011e-05 8.645763e-07)
(0.0006471206 -9.769237e-06 7.573067e-07)
(0.0006440795 -8.406979e-06 6.682397e-07)
(0.0006413093 -7.280123e-06 5.943982e-07)
(0.001339909 -2.724549e-05 0.0003397909)
(0.001246988 -6.043434e-05 0.0001810532)
(0.0009752338 -7.633258e-05 8.077242e-05)
(0.0008596237 -8.051662e-05 3.853227e-05)
(0.0007974849 -7.709293e-05 2.131383e-05)
(0.0007601728 -6.980203e-05 1.305716e-05)
(0.0007360137 -6.095985e-05 8.69461e-06)
(0.0007177994 -5.201885e-05 6.197211e-06)
(0.0007029989 -4.375646e-05 4.659076e-06)
(0.0006903491 -3.650396e-05 3.657433e-06)
(0.0006792742 -3.033084e-05 2.96254e-06)
(0.000669488 -2.51716e-05 2.453474e-06)
(0.0006608117 -2.090372e-05 2.064073e-06)
(0.0006531101 -1.73917e-05 1.75679e-06)
(0.0006462655 -1.45078e-05 1.509324e-06)
(0.000640172 -1.214147e-05 1.307334e-06)
(0.0006347324 -1.019846e-05 1.140972e-06)
(0.000629865 -8.605243e-06 1.002612e-06)
(0.0006254879 -7.293208e-06 8.870291e-07)
(0.0006215573 -6.22317e-06 7.860084e-07)
(0.001342248 -3.803882e-05 0.0003395792)
(0.001259699 -7.97052e-05 0.0001809848)
(0.0009977342 -9.695785e-05 8.128178e-05)
(0.0008852218 -9.817921e-05 3.952525e-05)
(0.0008209245 -8.995004e-05 2.252397e-05)
(0.0007777589 -7.781052e-05 1.430653e-05)
(0.0007461396 -6.498474e-05 9.873402e-06)
(0.0007202873 -5.318166e-05 7.250258e-06)
(0.0006984791 -4.306699e-05 5.566105e-06)
(0.0006797803 -3.473468e-05 4.421141e-06)
(0.0006636569 -2.801035e-05 3.597925e-06)
(0.0006497265 -2.26342e-05 2.980563e-06)
(0.0006376673 -1.834699e-05 2.503215e-06)
(0.0006272015 -1.492465e-05 2.126079e-06)
(0.0006180881 -1.218538e-05 1.823578e-06)
(0.0006101224 -9.986976e-06 1.57791e-06)
(0.0006031286 -8.217517e-06 1.376421e-06)
(0.000596968 -6.793214e-06 1.208573e-06)
(0.0005915075 -5.641399e-06 1.068484e-06)
(0.000586677 -4.717422e-06 9.422753e-07)
(0.001348162 -6.155156e-05 0.0003401281)
(0.001282644 -0.0001162636 0.0001830217)
(0.001028522 -0.0001302756 8.392141e-05)
(0.0009113477 -0.0001212861 4.20776e-05)
(0.0008354262 -0.0001024843 2.468844e-05)
(0.0007782469 -8.211609e-05 1.60194e-05)
(0.0007335164 -6.399925e-05 1.117654e-05)
(0.0006967831 -4.931983e-05 8.21577e-06)
(0.0006665314 -3.794361e-05 6.268924e-06)
(0.0006415079 -2.930194e-05 4.929261e-06)
(0.0006207219 -2.276495e-05 3.968146e-06)
(0.000603363 -1.780082e-05 3.256933e-06)
(0.0005887698 -1.400211e-05 2.717482e-06)
(0.0005764153 -1.107065e-05 2.299638e-06)
(0.0005658822 -8.791195e-06 1.96994e-06)
(0.0005568436 -7.008581e-06 1.704992e-06)
(0.0005490372 -5.608256e-06 1.488705e-06)
(0.0005422651 -4.506781e-06 1.308021e-06)
(0.0005363466 -3.636956e-06 1.156691e-06)
(0.0005311845 -2.951856e-06 1.017529e-06)
(0.001359993 -9.060353e-05 0.0003398146)
(0.001319775 -0.0001523683 0.000184942)
(0.001057525 -0.0001572406 8.590421e-05)
(0.000913888 -0.0001317126 4.338507e-05)
(0.0008099018 -0.0001001019 2.540908e-05)
(0.0007303497 -7.269624e-05 1.634104e-05)
(0.0006701533 -5.203222e-05 1.124709e-05)
(0.0006236097 -3.735133e-05 8.129048e-06)
(0.0005875303 -2.709805e-05 6.101542e-06)
(0.0005592253 -1.992282e-05 4.736233e-06)
(0.0005367122 -1.482914e-05 3.784265e-06)
(0.0005185453 -1.114933e-05 3.100037e-06)
(0.0005036814 -8.445541e-06 2.593174e-06)
(0.0004913695 -6.430774e-06 2.206208e-06)
(0.0004810621 -4.91342e-06 1.902157e-06)
(0.0004723565 -3.76246e-06 1.656573e-06)
(0.0004649444 -2.885296e-06 1.453845e-06)
(0.0004585998 -2.215323e-06 1.281805e-06)
(0.0004531235 -1.702948e-06 1.135672e-06)
(0.0004484061 -1.307108e-06 9.993677e-07)
(0.001379128 -0.0001931659 0.0003456472)
(0.001319931 -0.0002321875 0.000190596)
(0.0009849012 -0.0001805625 8.444849e-05)
(0.0007963511 -0.0001181246 3.991722e-05)
(0.0006678211 -7.342525e-05 2.217101e-05)
(0.0005785534 -4.51643e-05 1.362625e-05)
(0.0005168428 -2.835439e-05 9.071105e-06)
(0.0004725752 -1.839014e-05 6.41124e-06)
(0.0004402135 -1.230684e-05 4.765082e-06)
(0.0004158896 -8.456152e-06 3.705949e-06)
(0.0003971421 -5.916208e-06 2.992868e-06)
(0.0003823613 -4.183454e-06 2.489823e-06)
(0.0003704835 -2.970244e-06 2.117172e-06)
(0.0003607896 -2.105439e-06 1.828096e-06)
(0.000352778 -1.481919e-06 1.594977e-06)
(0.0003460912 -1.029523e-06 1.400963e-06)
(0.0003404603 -7.006772e-07 1.236251e-06)
(0.0003356922 -4.612141e-07 1.092995e-06)
(0.0003316175 -2.88601e-07 9.691832e-07)
(0.0003281445 -1.580036e-07 8.532471e-07)
(0.001186073 -0.0001405833 0.0002812094)
(0.001006234 -0.000130939 0.0001313694)
(0.0006063233 -6.946315e-05 4.739604e-05)
(0.0004363379 -3.373326e-05 1.933134e-05)
(0.0003361639 -1.593757e-05 1.080431e-05)
(0.0002769479 -7.492715e-06 6.839558e-06)
(0.0002407648 -3.625866e-06 4.71658e-06)
(0.0002169511 -1.782687e-06 3.433729e-06)
(0.0002006268 -8.646521e-07 2.634027e-06)
(0.0001888355 -3.862582e-07 2.112412e-06)
(0.0001799868 -1.248139e-07 1.751653e-06)
(0.0001731324 2.1763e-08 1.486107e-06)
(0.0001676963 1.041796e-07 1.279315e-06)
(0.0001633078 1.490203e-07 1.111153e-06)
(0.0001597162 1.710897e-07 9.703886e-07)
(0.0001567469 1.792958e-07 8.501942e-07)
(0.0001542688 1.786905e-07 7.467527e-07)
(0.0001521908 1.735651e-07 6.562602e-07)
(0.0001504294 1.644247e-07 5.783739e-07)
(0.0001489455 1.573749e-07 5.06823e-07)
(0.001441479 6.103259e-07 0.0003334744)
(0.001441842 1.572772e-06 0.0002346566)
(0.001203503 2.309594e-06 0.0001308914)
(0.0010587 2.841783e-06 6.941313e-05)
(0.0009707042 3.184727e-06 3.905157e-05)
(0.0009184078 3.361227e-06 2.353417e-05)
(0.0008884288 3.39961e-06 1.497327e-05)
(0.0008710159 3.331119e-06 9.967632e-06)
(0.0008612951 3.185725e-06 6.876854e-06)
(0.0008562575 2.989803e-06 4.891064e-06)
(0.000854101 2.765223e-06 3.560176e-06)
(0.0008537276 2.529047e-06 2.633597e-06)
(0.0008544523 2.293838e-06 1.967113e-06)
(0.0008558422 2.068261e-06 1.47512e-06)
(0.0008576216 1.857807e-06 1.105093e-06)
(0.0008596108 1.665504e-06 8.236211e-07)
(0.0008616961 1.492578e-06 6.078863e-07)
(0.0008637987 1.338968e-06 4.433286e-07)
(0.000865877 1.203821e-06 3.163028e-07)
(0.0008678898 1.085628e-06 2.259723e-07)
(0.001441479 -6.103254e-07 0.0003334744)
(0.001441842 -1.572771e-06 0.0002346566)
(0.001203503 -2.309593e-06 0.0001308914)
(0.0010587 -2.841782e-06 6.941313e-05)
(0.0009707042 -3.184725e-06 3.905157e-05)
(0.0009184078 -3.361225e-06 2.353417e-05)
(0.0008884288 -3.399608e-06 1.497327e-05)
(0.0008710159 -3.331117e-06 9.967632e-06)
(0.0008612951 -3.185722e-06 6.876854e-06)
(0.0008562575 -2.9898e-06 4.891064e-06)
(0.000854101 -2.76522e-06 3.560176e-06)
(0.0008537276 -2.529043e-06 2.633597e-06)
(0.0008544523 -2.293834e-06 1.967113e-06)
(0.0008558422 -2.068257e-06 1.47512e-06)
(0.0008576216 -1.857802e-06 1.105093e-06)
(0.0008596108 -1.665498e-06 8.23621e-07)
(0.0008616961 -1.492572e-06 6.078862e-07)
(0.0008637987 -1.338962e-06 4.433285e-07)
(0.000865877 -1.203814e-06 3.163028e-07)
(0.0008678898 -1.08562e-06 2.259722e-07)
(0.001441491 -1.849067e-06 0.0003334653)
(0.001441953 -4.766941e-06 0.0002346319)
(0.001203806 -6.991299e-06 0.0001308656)
(0.001059217 -8.593196e-06 6.938855e-05)
(0.0009714293 -9.61656e-06 3.902777e-05)
(0.0009193149 -1.013418e-05 2.351165e-05)
(0.0008894801 -1.023427e-05 1.495228e-05)
(0.00087217 -1.001316e-05 9.948315e-06)
(0.0008625123 -9.56267e-06 6.85931e-06)
(0.000857503 -8.962971e-06 4.875305e-06)
(0.0008553467 -8.280066e-06 3.546148e-06)
(0.0008549526 -7.565088e-06 2.621195e-06)
(0.0008556415 -6.855404e-06 1.956207e-06)
(0.0008569864 -6.176571e-06 1.465573e-06)
(0.0008587154 -5.544593e-06 1.096773e-06)
(0.0008606521 -4.968126e-06 8.164127e-07)
(0.000862685 -4.450485e-06 6.016858e-07)
(0.0008647365 -3.991195e-06 4.380657e-07)
(0.0008667658 -3.587466e-06 3.118844e-07)
(0.0008687321 -3.234617e-06 2.224163e-07)
(0.001441515 -3.146544e-06 0.0003334455)
(0.001442186 -8.112069e-06 0.0002345824)
(0.001204444 -1.187147e-05 0.0001308121)
(0.001060296 -1.455735e-05 6.933805e-05)
(0.0009729381 -1.624309e-05 3.897912e-05)
(0.0009211945 -1.706392e-05 2.346583e-05)
(0.0008916504 -1.717823e-05 1.490969e-05)
(0.0008745443 -1.675576e-05 9.909245e-06)
(0.0008650085 -1.595599e-05 6.823939e-06)
(0.0008600503 -1.491593e-05 4.843663e-06)
(0.0008578885 -1.374682e-05 3.518142e-06)
(0.0008574464 -1.253356e-05 2.596633e-06)
(0.000858058 -1.133724e-05 1.934842e-06)
(0.0008593068 -1.019892e-05 1.44714e-06)
(0.0008609293 -9.143657e-06 1.081009e-06)
(0.0008627554 -8.184418e-06 8.030813e-07)
(0.0008646775 -7.325486e-06 5.905635e-07)
(0.0008666207 -6.565115e-06 4.289917e-07)
(0.0008685458 -5.897883e-06 3.046461e-07)
(0.0008704123 -5.315487e-06 2.170366e-07)
(0.001441553 -4.548858e-06 0.0003334134)
(0.001442565 -1.171963e-05 0.0002345039)
(0.00120548 -1.709813e-05 0.0001307267)
(0.001062037 -2.088709e-05 6.925818e-05)
(0.0009753565 -2.319946e-05 3.89028e-05)
(0.000924187 -2.425436e-05 2.339454e-05)
(0.0008950835 -2.429888e-05 1.48439e-05)
(0.000878278 -2.359073e-05 9.849421e-06)
(0.0008689127 -2.236655e-05 6.77033e-06)
(0.0008640153 -2.082499e-05 4.796322e-06)
(0.0008618275 -1.912383e-05 3.476949e-06)
(0.0008612955 -1.738084e-05 2.561308e-06)
(0.0008617732 -1.567878e-05 1.905008e-06)
(0.0008628602 -1.407161e-05 1.422369e-06)
(0.0008643057 -1.259091e-05 1.06086e-06)
(0.0008659481 -1.125176e-05 7.87131e-07)
(0.0008676861 -1.005752e-05 5.783977e-07)
(0.0008694484 -9.003794e-06 4.202829e-07)
(0.0008711977 -8.08139e-06 2.989846e-07)
(0.0008728944 -7.277767e-06 2.143974e-07)
(0.001441609 -6.118935e-06 0.0003333668)
(0.001443137 -1.574299e-05 0.0002343921)
(0.001207026 -2.286707e-05 0.0001306053)
(0.001064608 -2.777902e-05 6.914698e-05)
(0.0009788937 -3.065306e-05 3.8798e-05)
(0.0009285211 -3.182848e-05 2.329802e-05)
(0.0009000099 -3.167116e-05 1.47561e-05)
(0.0008835901 -3.054892e-05 9.770934e-06)
(0.0008744238 -2.878889e-05 6.70154e-06)
(0.0008695713 -2.665728e-05 4.737362e-06)
(0.0008673091 -2.435922e-05 3.427694e-06)
(0.0008666158 -2.204316e-05 2.52136e-06)
(0.0008668729 -1.980975e-05 1.873778e-06)
(0.0008677022 -1.772184e-05 1.399143e-06)
(0.0008688691 -1.581369e-05 1.04486e-06)
(0.0008702239 -1.40992e-05 7.775743e-07)
(0.000871673 -1.25782e-05 5.745095e-07)
(0.0008731499 -1.124181e-05 4.214031e-07)
(0.00087462 -1.007548e-05 3.043662e-07)
(0.0008760449 -9.061842e-06 2.238421e-07)
(0.00144169 -7.932996e-06 0.0003333014)
(0.001443971 -2.03614e-05 0.0002342368)
(0.001209264 -2.939727e-05 0.0001304388)
(0.00106828 -3.544206e-05 6.899895e-05)
(0.0009838795 -3.876967e-05 3.866239e-05)
(0.00093455 -3.989578e-05 2.317713e-05)
(0.0009067771 -3.934861e-05 1.465021e-05)
(0.0008908003 -3.763591e-05 9.680717e-06)
(0.0008818192 -3.519159e-05 6.627357e-06)
(0.0008769445 -3.235528e-05 4.679183e-06)
(0.0008745025 -2.937872e-05 3.385037e-06)
(0.0008735167 -2.643666e-05 2.493274e-06)
(0.0008734056 -2.364194e-05 1.858971e-06)
(0.0008738197 -2.106042e-05 1.396117e-06)
(0.0008745455 -1.872388e-05 1.052037e-06)
(0.0008754483 -1.664086e-05 7.934074e-07)
(0.0008764444 -1.480436e-05 5.975308e-07)
(0.0008774737 -1.319882e-05 4.503451e-07)
(0.000878505 -1.18025e-05 3.379726e-07)
(0.0008795021 -1.059283e-05 2.61524e-07)
(0.001441815 -1.013269e-05 0.0003332157)
(0.001445204 -2.589975e-05 0.0002340351)
(0.001212491 -3.707416e-05 0.0001302302)
(0.001073469 -4.423223e-05 6.88248e-05)
(0.0009908 -4.782399e-05 3.85118e-05)
(0.0009427742 -4.86349e-05 2.305236e-05)
(0.0009158553 -4.742084e-05 1.455108e-05)
(0.0009003151 -4.486914e-05 9.607734e-06)
(0.0008914173 -4.153898e-05 6.580402e-06)
(0.0008863494 -3.784727e-05 4.657311e-06)
(0.0008835093 -3.408805e-05 3.38644e-06)
(0.0008819829 -3.045441e-05 2.515379e-06)
(0.0008812387 -2.706245e-05 1.898767e-06)
(0.0008809654 -2.39728e-05 1.450448e-06)
(0.0008809775 -2.120781e-05 1.117852e-06)
(0.0008811598 -1.87653e-05 8.679182e-07)
(0.0008814412 -1.662742e-05 6.783032e-07)
(0.0008817702 -1.476949e-05 5.353397e-07)
(0.0008821199 -1.316035e-05 4.254485e-07)
(0.000882458 -1.177232e-05 3.502982e-07)
(0.001442002 -1.287525e-05 0.0003330999)
(0.001447037 -3.268355e-05 0.000233765)
(0.001217186 -4.625538e-05 0.0001299665)
(0.001080847 -5.445416e-05 6.862921e-05)
(0.001000413 -5.802369e-05 3.836734e-05)
(0.0009539343 -5.815037e-05 2.296038e-05)
(0.0009278831 -5.590225e-05 1.450882e-05)
(0.0009126094 -5.219327e-05 9.612695e-06)
(0.0009034893 -4.772632e-05 6.628433e-06)
(0.0008978318 -4.299653e-05 4.742892e-06)
(0.0008941441 -3.833207e-05 3.503097e-06)
(0.0008916033 -3.393255e-05 2.656232e-06)
(0.0008897489 -2.99053e-05 2.057175e-06)
(0.0008883223 -2.629503e-05 1.620444e-06)
(0.0008871745 -2.310598e-05 1.294397e-06)
(0.0008862147 -2.03188e-05 1.046943e-06)
(0.0008853867 -1.790013e-05 8.566929e-07)
(0.0008846487 -1.581333e-05 7.106849e-07)
(0.0008839772 -1.401555e-05 5.961309e-07)
(0.0008833447 -1.247422e-05 5.14575e-07)
(0.001442343 -1.66064e-05 0.000332966)
(0.001449914 -4.163246e-05 0.0002334638)
(0.001224157 -5.794418e-05 0.0001297177)
(0.001091414 -6.695556e-05 6.851141e-05)
(0.001013746 -6.996578e-05 3.834859e-05)
(0.0009689119 -6.878748e-05 2.303593e-05)
(0.0009434589 -6.492621e-05 1.466693e-05)
(0.000927902 -5.958149e-05 9.840688e-06)
(0.0009178253 -5.361619e-05 6.91124e-06)
(0.000910747 -4.759672e-05 5.064869e-06)
(0.0009053521 -4.186738e-05 3.849486e-06)
(0.0009009571 -3.661328e-05 3.014168e-06)
(0.0008972024 -3.191304e-05 2.416326e-06)
(0.0008938972 -2.777888e-05 1.973096e-06)
(0.0008909342 -2.418421e-05 1.635232e-06)
(0.000888247 -2.108345e-05 1.372561e-06)
(0.0008857901 -1.842165e-05 1.165244e-06)
(0.000883527 -1.614651e-05 1.001066e-06)
(0.0008814303 -1.420098e-05 8.684147e-07)
(0.0008794758 -1.254727e-05 7.669986e-07)
(0.001442901 -2.166979e-05 0.0003327819)
(0.001454506 -5.324743e-05 0.0002330797)
(0.001234803 -7.260102e-05 0.0001294912)
(0.00110688 -8.205529e-05 6.856329e-05)
(0.001032358 -8.377158e-05 3.861472e-05)
(0.0009887165 -8.045956e-05 2.347907e-05)
(0.0009627865 -7.422476e-05 1.523859e-05)
(0.0009454911 -6.663357e-05 1.049494e-05)
(0.0009328459 -5.873105e-05 7.606591e-06)
(0.0009227471 -5.114225e-05 5.767965e-06)
(0.0009141631 -4.419721e-05 4.53595e-06)
(0.000906602 -3.803191e-05 3.667929e-06)
(0.0008998198 -3.266509e-05 3.028257e-06)
(0.0008936859 -2.805192e-05 2.539276e-06)
(0.0008881171 -2.411761e-05 2.155305e-06)
(0.0008830496 -2.077887e-05 1.84825e-06)
(0.0008784276 -1.795226e-05 1.599487e-06)
(0.0008742024 -1.55657e-05 1.396659e-06)
(0.0008703257 -1.354623e-05 1.229042e-06)
(0.0008667671 -1.18493e-05 1.091694e-06)
(0.001444153 -2.995395e-05 0.000332663)
(0.001462471 -7.090333e-05 0.0002329578)
(0.001251355 -9.349835e-05 0.0001297788)
(0.001129208 -0.0001021155 6.933378e-05)
(0.001057175 -0.0001007252 3.969742e-05)
(0.001012687 -9.350635e-05 2.47484e-05)
(0.0009834514 -8.345537e-05 1.657845e-05)
(0.0009613701 -7.260497e-05 1.181943e-05)
(0.0009432946 -6.215496e-05 8.858259e-06)
(0.0009277123 -5.270368e-05 6.91485e-06)
(0.0009139408 -4.446828e-05 5.565346e-06)
(0.0009016574 -3.745077e-05 4.580157e-06)
(0.0008906709 -3.154784e-05 3.831405e-06)
(0.0008808387 -2.661709e-05 3.245143e-06)
(0.0008720346 -2.251171e-05 2.776658e-06)
(0.0008641424 -1.9098e-05 2.397044e-06)
(0.0008570528 -1.625831e-05 2.086282e-06)
(0.0008506722 -1.38981e-05 1.829498e-06)
(0.0008449055 -1.192919e-05 1.615546e-06)
(0.0008396996 -1.029814e-05 1.431859e-06)
(0.001446415 -4.182283e-05 0.0003324212)
(0.001476514 -9.401792e-05 0.0002329855)
(0.001277807 -0.0001196806 0.0001307479)
(0.001160816 -0.000125682 7.11543e-05)
(0.001087009 -0.0001187144 4.188883e-05)
(0.001035622 -0.0001053073 2.698461e-05)
(0.0009969625 -8.985562e-05 1.866461e-05)
(0.0009648964 -7.493125e-05 1.366368e-05)
(0.0009374551 -6.171917e-05 1.043346e-05)
(0.0009136582 -5.056808e-05 8.232723e-06)
(0.0008929466 -4.139432e-05 6.657013e-06)
(0.0008749108 -3.394143e-05 5.483556e-06)
(0.0008591926 -2.791479e-05 4.583583e-06)
(0.0008454706 -2.304264e-05 3.878272e-06)
(0.0008334586 -1.909585e-05 3.316616e-06)
(0.0008229094 -1.58904e-05 2.863411e-06)
(0.000813608 -1.327905e-05 2.493507e-06)
(0.0008053819 -1.114944e-05 2.187165e-06)
(0.0007980668 -9.404776e-06 1.931589e-06)
(0.000791571 -7.982757e-06 1.705839e-06)
(0.001452458 -6.766259e-05 0.0003329558)
(0.00150242 -0.0001373783 0.0002356048)
(0.00131472 -0.0001614435 0.0001346258)
(0.001193467 -0.000156169 7.519765e-05)
(0.001105435 -0.000136109 4.540498e-05)
(0.001035953 -0.0001118309 2.978143e-05)
(0.0009798588 -8.901233e-05 2.078336e-05)
(0.0009330469 -6.986149e-05 1.522038e-05)
(0.0008939985 -5.464554e-05 1.155554e-05)
(0.0008614073 -4.286344e-05 9.036483e-06)
(0.0008341495 -3.381298e-05 7.238594e-06)
(0.0008112609 -2.685029e-05 5.916651e-06)
(0.0007919311 -2.146012e-05 4.920589e-06)
(0.0007755016 -1.725461e-05 4.153881e-06)
(0.0007614445 -1.394839e-05 3.552179e-06)
(0.000749343 -1.133282e-05 3.070969e-06)
(0.0007388613 -9.252652e-06 2.679396e-06)
(0.0007297428 -7.593595e-06 2.353817e-06)
(0.0007217562 -6.264167e-06 2.080712e-06)
(0.0007147698 -5.199009e-06 1.834388e-06)
(0.001464901 -9.974696e-05 0.0003329718)
(0.001543861 -0.0001810536 0.0002388806)
(0.00134765 -0.0001958982 0.0001380189)
(0.001193646 -0.0001704648 7.734599e-05)
(0.001069148 -0.0001333983 4.639503e-05)
(0.0009698575 -9.919077e-05 3.00175e-05)
(0.0008928075 -7.241782e-05 2.059543e-05)
(0.0008325104 -5.291009e-05 1.4809e-05)
(0.0007853308 -3.90331e-05 1.105825e-05)
(0.0007480833 -2.917771e-05 8.542952e-06)
(0.0007183164 -2.209509e-05 6.799727e-06)
(0.0006942059 -1.692145e-05 5.554371e-06)
(0.0006744173 -1.307914e-05 4.637163e-06)
(0.0006579813 -1.01842e-05 3.940543e-06)
(0.0006441871 -7.977828e-06 3.395483e-06)
(0.0006325096 -6.281852e-06 2.956798e-06)
(0.0006225464 -4.969874e-06 2.59529e-06)
(0.000614 -3.950581e-06 2.289553e-06)
(0.0006066113 -3.155898e-06 2.028995e-06)
(0.0006002304 -2.529641e-06 1.790046e-06)
(0.001484556 -0.0002102278 0.0003371657)
(0.001536293 -0.0002688503 0.0002421771)
(0.001248932 -0.0002205191 0.0001328586)
(0.001033189 -0.0001506207 6.9474e-05)
(0.0008746653 -9.646837e-05 3.931332e-05)
(0.0007616305 -6.087312e-05 2.42786e-05)
(0.0006822339 -3.90974e-05 1.612651e-05)
(0.0006248733 -2.591928e-05 1.137088e-05)
(0.0005826646 -1.773898e-05 8.433571e-06)
(0.0005507959 -1.248122e-05 6.547371e-06)
(0.0005261442 -8.964451e-06 5.281499e-06)
(0.0005066514 -6.531567e-06 4.391597e-06)
(0.0004909481 -4.803213e-06 3.734692e-06)
(0.0004781033 -3.551503e-06 3.226654e-06)
(0.0004674658 -2.632786e-06 2.817753e-06)
(0.0004585693 -1.952422e-06 2.477879e-06)
(0.000451064 -1.445871e-06 2.189127e-06)
(0.000444696 -1.066718e-06 1.938328e-06)
(0.000439246 -7.837241e-07 1.720374e-06)
(0.0004345891 -5.637613e-07 1.518927e-06)
(0.001259366 -0.0001456286 0.0002663914)
(0.001133698 -0.0001443948 0.00016049)
(0.0007450323 -8.155292e-05 7.341928e-05)
(0.0005457046 -4.045602e-05 3.28831e-05)
(0.0004253247 -1.945914e-05 1.815588e-05)
(0.0003528605 -9.417182e-06 1.141136e-05)
(0.0003080365 -4.747338e-06 7.821902e-06)
(0.0002783 -2.479607e-06 5.699082e-06)
(0.0002577401 -1.319456e-06 4.382827e-06)
(0.0002427998 -6.943072e-07 3.528963e-06)
(0.0002315322 -3.384125e-07 2.940006e-06)
(0.0002227712 -1.282336e-07 2.506894e-06)
(0.0002158013 -1.577833e-09 2.169073e-06)
(0.0002101594 7.471021e-08 1.893337e-06)
(0.0002055308 1.194318e-07 1.661264e-06)
(0.000201695 1.440902e-07 1.461959e-06)
(0.0001984868 1.554402e-07 1.289168e-06)
(0.00019579 1.590951e-07 1.137377e-06)
(0.0001935 1.562195e-07 1.005302e-06)
(0.0001915647 1.54381e-07 8.847074e-07)
(0.001476603 6.376634e-07 0.0003026574)
(0.001559728 1.706178e-06 0.0002624123)
(0.001402043 2.56764e-06 0.0001722432)
(0.001272253 3.226541e-06 0.0001011837)
(0.001182024 3.684431e-06 5.961409e-05)
(0.001125076 3.954152e-06 3.671147e-05)
(0.001091417 4.060305e-06 2.359616e-05)
(0.001071759 4.034502e-06 1.578387e-05)
(0.001060902 3.90946e-06 1.091375e-05)
(0.001055523 3.715359e-06 7.763975e-06)
(0.001053559 3.478113e-06 5.647547e-06)
(0.001053723 3.218618e-06 4.173935e-06)
(0.001055199 2.952802e-06 3.115611e-06)
(0.001057463 2.692125e-06 2.336176e-06)
(0.001060177 2.444289e-06 1.75138e-06)
(0.001063121 2.213997e-06 1.307354e-06)
(0.001066155 2.003687e-06 9.67595e-07)
(0.001069184 1.814117e-06 7.082704e-07)
(0.001072155 1.644964e-06 5.085016e-07)
(0.001075021 1.495008e-06 3.646523e-07)
(0.001476603 -6.37663e-07 0.0003026574)
(0.001559728 -1.706177e-06 0.0002624123)
(0.001402043 -2.567638e-06 0.0001722432)
(0.001272253 -3.22654e-06 0.0001011837)
(0.001182024 -3.68443e-06 5.961409e-05)
(0.001125076 -3.95415e-06 3.671147e-05)
(0.001091417 -4.060302e-06 2.359616e-05)
(0.001071759 -4.034499e-06 1.578387e-05)
(0.001060902 -3.909457e-06 1.091375e-05)
(0.001055523 -3.715356e-06 7.763975e-06)
(0.001053559 -3.47811e-06 5.647547e-06)
(0.001053723 -3.218614e-06 4.173935e-06)
(0.001055199 -2.952797e-06 3.115611e-06)
(0.001057463 -2.69212e-06 2.336176e-06)
(0.001060177 -2.444284e-06 1.75138e-06)
(0.001063121 -2.213991e-06 1.307354e-06)
(0.001066155 -2.00368e-06 9.675949e-07)
(0.001069184 -1.814109e-06 7.082703e-07)
(0.001072155 -1.644955e-06 5.085016e-07)
(0.001075021 -1.494999e-06 3.646522e-07)
(0.001476614 -1.932056e-06 0.0003026452)
(0.001559837 -5.171414e-06 0.000262378)
(0.001402358 -7.773962e-06 0.000172204)
(0.001272811 -9.759165e-06 0.0001011452)
(0.001182827 -1.112948e-05 5.957722e-05)
(0.0011261 -1.192731e-05 3.667691e-05)
(0.001092623 -1.222991e-05 2.356422e-05)
(0.001073102 -1.21351e-05 1.575469e-05)
(0.001062336 -1.174338e-05 1.088741e-05)
(0.001057006 -1.114668e-05 7.740414e-06)
(0.001055058 -1.042342e-05 5.626642e-06)
(0.001055211 -9.636393e-06 4.155501e-06)
(0.001056656 -8.833138e-06 3.099435e-06)
(0.001058876 -8.047616e-06 2.322043e-06)
(0.001061537 -7.302444e-06 1.739087e-06)
(0.001064425 -6.611256e-06 1.296727e-06)
(0.001067401 -5.980943e-06 9.58477e-07)
(0.001070371 -5.413441e-06 7.005537e-07)
(0.001073286 -4.907501e-06 5.020504e-07)
(0.001076097 -4.459257e-06 3.594924e-07)
(0.001476634 -3.288135e-06 0.0003026189)
(0.001560068 -8.801391e-06 0.0002623085)
(0.001403019 -1.32052e-05 0.0001721228)
(0.001273976 -1.654108e-05 0.0001010662)
(0.001184499 -1.881213e-05 5.950179e-05)
(0.001128225 -2.010161e-05 3.660654e-05)
(0.001095117 -2.055047e-05 2.349943e-05)
(0.001075868 -2.033233e-05 1.569574e-05)
(0.00106528 -1.962259e-05 1.083439e-05)
(0.001060044 -1.857913e-05 7.693229e-06)
(0.00105812 -1.733474e-05 5.585049e-06)
(0.001058244 -1.59943e-05 4.119146e-06)
(0.00105962 -1.463613e-05 3.067907e-06)
(0.001061744 -1.331531e-05 2.294918e-06)
(0.001064294 -1.206785e-05 1.715958e-06)
(0.001067061 -1.091484e-05 1.277229e-06)
(0.001069914 -9.866354e-06 9.422754e-07)
(0.001072761 -8.924471e-06 6.874013e-07)
(0.001075555 -8.086174e-06 4.916373e-07)
(0.001078248 -7.344378e-06 3.518494e-07)
(0.001476666 -4.754112e-06 0.0003025763)
(0.001560443 -1.27186e-05 0.0002621987)
(0.001404093 -1.902949e-05 0.0001719933)
(0.001275856 -2.375302e-05 0.0001009417)
(0.001187181 -2.689973e-05 5.938393e-05)
(0.001131612 -2.861365e-05 3.649757e-05)
(0.001099067 -2.911946e-05 2.339995e-05)
(0.001080225 -2.868347e-05 1.560607e-05)
(0.001069893 -2.756787e-05 1.075465e-05)
(0.001064781 -2.600323e-05 7.623235e-06)
(0.001062875 -2.417936e-05 5.524452e-06)
(0.001062934 -2.224312e-05 4.067415e-06)
(0.001064186 -2.030183e-05 3.024406e-06)
(0.001066147 -1.842916e-05 2.258968e-06)
(0.001068508 -1.667179e-05 1.686877e-06)
(0.001071073 -1.505583e-05 1.254371e-06)
(0.001073718 -1.359231e-05 9.250212e-07)
(0.001076357 -1.228184e-05 6.752572e-07)
(0.001078945 -1.111825e-05 4.840062e-07)
(0.001081437 -1.009039e-05 3.486923e-07)
(0.001476713 -6.395869e-06 0.0003025146)
(0.001561009 -1.709093e-05 0.0002620417)
(0.001405698 -2.546931e-05 0.0001718089)
(0.001278638 -3.162751e-05 0.0001007677)
(0.001191111 -3.559993e-05 5.922174e-05)
(0.001136528 -3.762608e-05 3.635007e-05)
(0.001104749 -3.804717e-05 2.326759e-05)
(0.00108644 -3.72483e-05 1.548914e-05)
(0.001076422 -3.559553e-05 1.065324e-05)
(0.001071439 -3.340088e-05 7.537111e-06)
(0.001069511 -3.091391e-05 5.453115e-06)
(0.001069437 -2.832222e-05 4.01007e-06)
(0.001070475 -2.575876e-05 2.980046e-06)
(0.001072167 -2.331168e-05 2.226453e-06)
(0.001074225 -2.10342e-05 1.665008e-06)
(0.001076468 -1.895374e-05 1.24197e-06)
(0.001078781 -1.707931e-05 9.209333e-07)
(0.001081086 -1.540777e-05 6.785039e-07)
(0.001083343 -1.392789e-05 4.934987e-07)
(0.001085508 -1.262364e-05 3.641494e-07)
(0.001476781 -8.293045e-06 0.000302429)
(0.001561836 -2.211593e-05 0.0002618252)
(0.001408023 -3.27772e-05 0.0001715577)
(0.001282616 -4.041797e-05 0.0001005378)
(0.001196662 -4.512741e-05 5.901391e-05)
(0.001143384 -4.72952e-05 3.616766e-05)
(0.001112576 -4.742753e-05 2.311059e-05)
(0.001094903 -4.60641e-05 1.535752e-05)
(0.001085216 -4.369658e-05 1.054675e-05)
(0.00108031 -4.072822e-05 7.455065e-06)
(0.001078258 -3.746994e-05 5.394328e-06)
(0.001077911 -3.414693e-05 3.972842e-06)
(0.00107857 -3.091241e-05 2.962294e-06)
(0.001079812 -2.786298e-05 2.225872e-06)
(0.001081376 -2.505274e-05 1.679233e-06)
(0.0010831 -2.250573e-05 1.268716e-06)
(0.001084882 -2.022501e-05 9.580492e-07)
(0.001086654 -1.820109e-05 7.241493e-07)
(0.001088382 -1.641535e-05 5.458499e-07)
(0.001090024 -1.484626e-05 4.224063e-07)
(0.001476889 -1.059361e-05 0.0003023164)
(0.001563062 -2.814937e-05 0.0002615428)
(0.001411383 -4.139285e-05 0.0001712396)
(0.001288253 -5.05491e-05 0.0001002634)
(0.001204391 -5.582893e-05 5.878119e-05)
(0.00115277 -5.786555e-05 3.597963e-05)
(0.001123122 -5.740403e-05 2.296589e-05)
(0.001106125 -5.518783e-05 1.5255e-05)
(0.001096689 -5.186026e-05 1.048477e-05)
(0.001091688 -4.792493e-05 7.431041e-06)
(0.001089277 -4.375283e-05 5.404794e-06)
(0.001088376 -3.960016e-05 4.013527e-06)
(0.001088347 -3.563174e-05 3.028506e-06)
(0.001088814 -3.194405e-05 2.312863e-06)
(0.001089552 -2.858448e-05 1.782499e-06)
(0.001090425 -2.556749e-05 1.384204e-06)
(0.001091351 -2.288548e-05 1.082239e-06)
(0.001092272 -2.05194e-05 8.541336e-07)
(0.001093163 -1.844051e-05 6.791159e-07)
(0.001093988 -1.66215e-05 5.574158e-07)
(0.001477049 -1.346089e-05 0.0003021684)
(0.001564888 -3.555427e-05 0.000261174)
(0.001416283 -5.174103e-05 0.0001708459)
(0.001296292 -6.241014e-05 9.996137e-05)
(0.00121517 -6.799932e-05 5.85649e-05)
(0.001165567 -6.951844e-05 3.584954e-05)
(0.001137172 -6.804966e-05 2.291564e-05)
(0.001120717 -6.460095e-05 1.527775e-05)
(0.001111222 -5.999664e-05 1.057226e-05)
(0.00110569 -5.484884e-05 7.573559e-06)
(0.001102401 -4.958461e-05 5.591893e-06)
(0.001100383 -4.448121e-05 4.234668e-06)
(0.001099087 -3.970333e-05 3.27382e-06)
(0.001098204 -3.533597e-05 2.57367e-06)
(0.001097558 -3.141004e-05 2.051575e-06)
(0.001097048 -2.792272e-05 1.655795e-06)
(0.001096613 -2.484982e-05 1.351964e-06)
(0.001096213 -2.21589e-05 1.118687e-06)
(0.001095827 -1.980785e-05 9.362031e-07)
(0.001095431 -1.776331e-05 8.049336e-07)
(0.00147735 -1.735975e-05 0.0003019948)
(0.001567771 -4.533606e-05 0.0002607536)
(0.001423593 -6.496361e-05 0.0001704546)
(0.001307865 -7.700951e-05 9.975749e-05)
(0.001230209 -8.238754e-05 5.852829e-05)
(0.001182866 -8.272004e-05 3.596857e-05)
(0.001155516 -7.957566e-05 2.316741e-05)
(0.001139035 -7.43083e-05 1.563742e-05)
(0.001128657 -6.795671e-05 1.101364e-05)
(0.00112162 -6.124568e-05 8.071056e-06)
(0.001116416 -5.464626e-05 6.122557e-06)
(0.001112245 -4.843763e-05 4.779233e-06)
(0.001108691 -4.276379e-05 3.817256e-06)
(0.001105536 -3.767949e-05 3.105048e-06)
(0.001102665 -3.31838e-05 2.563557e-06)
(0.001100013 -2.924492e-05 2.143861e-06)
(0.00109754 -2.581366e-05 1.813755e-06)
(0.001095217 -2.28386e-05 1.552982e-06)
(0.001093024 -2.026022e-05 1.343198e-06)
(0.001090942 -1.803786e-05 1.182847e-06)
(0.001477843 -2.264304e-05 0.000301777)
(0.001572393 -5.807694e-05 0.0002602627)
(0.001434818 -8.166245e-05 0.0001701298)
(0.001324917 -9.483188e-05 9.983164e-05)
(0.001251373 -9.926114e-05 5.894172e-05)
(0.001205957 -9.747373e-05 3.665727e-05)
(0.001178526 -9.172814e-05 2.405118e-05)
(0.001160365 -8.384647e-05 1.664095e-05)
(0.001147189 -7.513493e-05 1.207216e-05)
(0.00113669 -6.64362e-05 9.134088e-06)
(0.001127716 -5.824158e-05 7.154482e-06)
(0.001119724 -5.07964e-05 5.757475e-06)
(0.001112456 -4.41876e-05 4.729685e-06)
(0.001105787 -3.840876e-05 3.94713e-06)
(0.001099648 -3.340349e-05 3.335776e-06)
(0.001093986 -2.90944e-05 2.849549e-06)
(0.001088758 -2.539644e-05 2.45773e-06)
(0.001083925 -2.223222e-05 2.13984e-06)
(0.001079445 -1.952103e-05 1.87835e-06)
(0.001075293 -1.721205e-05 1.665981e-06)
(0.001479007 -3.128166e-05 0.0003016207)
(0.001580514 -7.744537e-05 0.0002600611)
(0.00145247 -0.0001055212 0.0001704444)
(0.001349831 -0.0001186341 0.0001008783)
(0.001279962 -0.0001201659 6.050823e-05)
(0.001234302 -0.0001141886 3.853323e-05)
(0.001203518 -0.0001040411 2.60449e-05)
(0.001179992 -9.219749e-05 1.861186e-05)
(0.001160456 -8.025185e-05 1.393008e-05)
(0.001143357 -6.909313e-05 1.083088e-05)
(0.00112802 -5.912633e-05 8.672654e-06)
(0.001114152 -5.046098e-05 7.099407e-06)
(0.001101594 -4.304657e-05 5.909064e-06)
(0.001090231 -3.675964e-05 4.982692e-06)
(0.001079956 -3.145324e-05 4.24721e-06)
(0.001070663 -2.698402e-05 3.654994e-06)
(0.001062249 -2.322054e-05 3.172899e-06)
(0.001054623 -2.00538e-05 2.77677e-06)
(0.001047687 -1.73811e-05 2.447899e-06)
(0.001041387 -1.513804e-05 2.169233e-06)
(0.001481122 -4.362688e-05 0.0003014185)
(0.001594984 -0.0001029642 0.0002602495)
(0.00148101 -0.0001357532 0.0001718649)
(0.001385513 -0.000147027 0.0001035356)
(0.001314746 -0.0001427734 6.374481e-05)
(0.001261777 -0.0001297086 4.183793e-05)
(0.001220175 -0.0001129882 2.911364e-05)
(0.001184744 -9.594493e-05 2.130643e-05)
(0.001153766 -8.031826e-05 1.6216e-05)
(0.001126455 -6.678632e-05 1.273219e-05)
(0.001102372 -5.542829e-05 1.02406e-05)
(0.001081179 -4.604743e-05 8.393306e-06)
(0.001062545 -3.835381e-05 6.985209e-06)
(0.001046153 -3.205502e-05 5.889024e-06)
(0.00103171 -2.689246e-05 5.021666e-06)
(0.00101895 -2.26519e-05 4.32589e-06)
(0.001007641 -1.915851e-05 3.760748e-06)
(0.0009975924 -1.627626e-05 3.295106e-06)
(0.0009886207 -1.38879e-05 2.907451e-06)
(0.0009806206 -1.191586e-05 2.569868e-06)
(0.001487087 -7.055873e-05 0.0003019408)
(0.001622276 -0.0001504436 0.0002632693)
(0.001521577 -0.0001835084 0.0001767435)
(0.001422845 -0.0001834591 0.000108949)
(0.001336335 -0.0001645393 6.858392e-05)
(0.001262087 -0.0001385035 4.570319e-05)
(0.001199308 -0.0001125303 3.201916e-05)
(0.001145579 -8.990249e-05 2.341273e-05)
(0.001099963 -7.144503e-05 1.771049e-05)
(0.001061418 -5.686422e-05 1.378602e-05)
(0.001028882 -4.548422e-05 1.099324e-05)
(0.001001364 -3.661202e-05 8.949835e-06)
(0.0009779868 -2.966277e-05 7.418961e-06)
(0.0009580165 -2.418179e-05 6.247417e-06)
(0.0009408545 -1.982724e-05 5.332896e-06)
(0.0009260218 -1.634527e-05 4.605e-06)
(0.0009131299 -1.354514e-05 4.014835e-06)
(0.0009018784 -1.128494e-05 3.526131e-06)
(0.0008919976 -9.451237e-06 3.11641e-06)
(0.0008833278 -7.961817e-06 2.751808e-06)
(0.001499698 -0.0001039911 0.0003022883)
(0.001665609 -0.0001983173 0.0002675546)
(0.001556094 -0.0002229889 0.0001812495)
(0.001420188 -0.0002007832 0.0001117417)
(0.001290311 -0.0001616509 6.962462e-05)
(0.001179571 -0.0001230665 4.558947e-05)
(0.001090608 -9.164436e-05 3.130356e-05)
(0.001019734 -6.812378e-05 2.243655e-05)
(0.0009635937 -5.106236e-05 1.668425e-05)
(0.0009188958 -3.87575e-05 1.283404e-05)
(0.0008829496 -2.980169e-05 1.017744e-05)
(0.0008536903 -2.318582e-05 8.289629e-06)
(0.0008295785 -1.822014e-05 6.906919e-06)
(0.000809482 -1.443907e-05 5.862216e-06)
(0.000792564 -1.152543e-05 5.0484e-06)
(0.0007782023 -9.25912e-06 4.39577e-06)
(0.0007659188 -7.483203e-06 3.859099e-06)
(0.000755357 -6.083743e-06 3.406406e-06)
(0.0007462085 -4.975595e-06 3.020119e-06)
(0.0007382886 -4.088517e-06 2.669766e-06)
(0.001519488 -0.0002182801 0.0003046332)
(0.001651041 -0.0002886464 0.0002676935)
(0.001436084 -0.0002467929 0.0001719531)
(0.001223048 -0.000175256 9.88282e-05)
(0.001049211 -0.0001156233 5.781822e-05)
(0.0009199365 -7.479838e-05 3.60057e-05)
(0.0008271301 -4.90961e-05 2.389232e-05)
(0.0007593461 -3.321544e-05 1.680038e-05)
(0.0007090478 -2.319499e-05 1.242852e-05)
(0.000670843 -1.665944e-05 9.628483e-06)
(0.0006411499 -1.222914e-05 7.756813e-06)
(0.0006175817 -9.123845e-06 6.44671e-06)
(0.0005985349 -6.888247e-06 5.483603e-06)
(0.0005829122 -5.246237e-06 4.741203e-06)
(0.0005699422 -4.022468e-06 4.144853e-06)
(0.0005590703 -3.100693e-06 3.649634e-06)
(0.0005498796 -2.401157e-06 3.228613e-06)
(0.0005420656 -1.866349e-06 2.862976e-06)
(0.0005353668 -1.456991e-06 2.544039e-06)
(0.0005296295 -1.132252e-06 2.251447e-06)
(0.001279989 -0.0001480967 0.0002372932)
(0.001192413 -0.0001497073 0.0001730784)
(0.0008379377 -8.832074e-05 9.360352e-05)
(0.0006288349 -4.484882e-05 4.581693e-05)
(0.0004968241 -2.195191e-05 2.547705e-05)
(0.0004154488 -1.089776e-05 1.593841e-05)
(0.0003643837 -5.690166e-06 1.087491e-05)
(0.0003301849 -3.121053e-06 7.926493e-06)
(0.0003063235 -1.775763e-06 6.111111e-06)
(0.0002888667 -1.029796e-06 4.939834e-06)
(0.0002756284 -5.906779e-07 4.134525e-06)
(0.0002652909 -3.208964e-07 3.542821e-06)
(0.0002570382 -1.503685e-07 3.080432e-06)
(0.000250338 -4.115145e-08 2.701468e-06)
(0.0002448269 2.862729e-08 2.380692e-06)
(0.0002402486 7.255475e-08 2.103537e-06)
(0.0002364108 9.882331e-08 1.861593e-06)
(0.0002331773 1.141685e-07 1.648011e-06)
(0.0002304265 1.203966e-07 1.460613e-06)
(0.0002280953 1.263776e-07 1.289823e-06)
(0.001479885 6.52759e-07 0.0002631501)
(0.001612779 1.790225e-06 0.0002691857)
(0.001535658 2.739984e-06 0.0002005601)
(0.001439369 3.497626e-06 0.0001290636)
(0.001359334 4.055482e-06 8.006636e-05)
(0.001304366 4.416241e-06 5.063037e-05)
(0.001270556 4.59765e-06 3.298276e-05)
(0.001250659 4.628289e-06 2.221152e-05)
(0.001239886 4.540774e-06 1.541046e-05)
(0.001234951 4.366952e-06 1.097565e-05)
(0.001233717 4.135275e-06 7.983744e-06)
(0.001234807 3.869477e-06 5.898032e-06)
(0.001237329 3.588264e-06 4.401066e-06)
(0.001240699 3.305612e-06 3.300388e-06)
(0.001244539 3.03137e-06 2.476154e-06)
(0.0012486 2.771993e-06 1.851316e-06)
(0.001252724 2.531298e-06 1.37383e-06)
(0.001256803 2.311081e-06 1.009274e-06)
(0.001260779 2.11178e-06 7.287231e-07)
(0.001264599 1.9327e-06 5.248926e-07)
(0.001479885 -6.527585e-07 0.0002631501)
(0.001612779 -1.790224e-06 0.0002691857)
(0.001535658 -2.739983e-06 0.0002005601)
(0.001439369 -3.497624e-06 0.0001290636)
(0.001359334 -4.05548e-06 8.006636e-05)
(0.001304366 -4.416239e-06 5.063037e-05)
(0.001270556 -4.597648e-06 3.298276e-05)
(0.001250659 -4.628286e-06 2.221152e-05)
(0.001239886 -4.540771e-06 1.541046e-05)
(0.001234951 -4.366949e-06 1.097565e-05)
(0.001233717 -4.135271e-06 7.983744e-06)
(0.001234807 -3.869472e-06 5.898032e-06)
(0.001237329 -3.588259e-06 4.401066e-06)
(0.001240699 -3.305607e-06 3.300388e-06)
(0.001244539 -3.031364e-06 2.476154e-06)
(0.0012486 -2.771987e-06 1.851316e-06)
(0.001252724 -2.531291e-06 1.37383e-06)
(0.001256803 -2.311073e-06 1.009274e-06)
(0.001260779 -2.111771e-06 7.28723e-07)
(0.001264599 -1.93269e-06 5.248925e-07)
(0.001479894 -1.977984e-06 0.0002631357)
(0.001612884 -5.426312e-06 0.0002691437)
(0.001535969 -8.297155e-06 0.0002005081)
(0.001439939 -1.05815e-05 0.0001290105)
(0.001360175 -1.225426e-05 8.001543e-05)
(0.001305459 -1.332666e-05 5.058291e-05)
(0.001271865 -1.385533e-05 3.293922e-05)
(0.001252136 -1.392915e-05 2.217203e-05)
(0.001241482 -1.36486e-05 1.537501e-05)
(0.001236621 -1.311092e-05 1.094409e-05)
(0.001235422 -1.240239e-05 7.955842e-06)
(0.001236515 -1.159453e-05 5.873496e-06)
(0.001239015 -1.074334e-05 4.379584e-06)
(0.001242347 -9.890382e-06 3.281655e-06)
(0.001246138 -9.064737e-06 2.459888e-06)
(0.001250143 -8.285291e-06 1.837278e-06)
(0.001254208 -7.563041e-06 1.36181e-06)
(0.001258225 -6.902999e-06 9.991228e-07)
(0.001262141 -6.306164e-06 7.202641e-07)
(0.001265901 -5.770209e-06 5.181593e-07)
(0.001479911 -3.366713e-06 0.000263105)
(0.001613105 -9.236226e-06 0.0002690582)
(0.001536622 -1.409827e-05 0.0002004002)
(0.001441129 -1.794304e-05 0.0001289015)
(0.001361927 -2.072675e-05 7.991117e-05)
(0.00130773 -2.24787e-05 5.048623e-05)
(0.001274572 -2.330521e-05 3.285093e-05)
(0.001255181 -2.336557e-05 2.20923e-05)
(0.001244762 -2.283615e-05 1.530379e-05)
(0.001240044 -2.188476e-05 1.088104e-05)
(0.001238907 -2.065818e-05 7.900507e-06)
(0.001239999 -1.927648e-05 5.825298e-06)
(0.00124245 -1.783248e-05 4.337906e-06)
(0.001245699 -1.639414e-05 3.24589e-06)
(0.001249384 -1.500831e-05 2.429468e-06)
(0.001253269 -1.370479e-05 1.811701e-06)
(0.001257205 -1.250039e-05 1.340622e-06)
(0.001261091 -1.140221e-05 9.819901e-07)
(0.001264876 -1.041084e-05 7.067796e-07)
(0.001268507 -9.521658e-06 5.083631e-07)
(0.001479938 -4.868315e-06 0.0002630556)
(0.001613463 -1.334986e-05 0.0002689231)
(0.001537682 -2.032599e-05 0.0002002287)
(0.001443052 -2.578489e-05 0.00012873)
(0.001364741 -2.966781e-05 7.974868e-05)
(0.001311353 -3.203933e-05 5.033701e-05)
(0.001278867 -3.307515e-05 3.271595e-05)
(0.001259984 -3.302298e-05 2.197168e-05)
(0.001249912 -3.214867e-05 1.519731e-05)
(0.001245392 -3.069901e-05 1.078819e-05)
(0.00124433 -2.888534e-05 7.820542e-06)
(0.0012454 -2.687712e-05 5.757343e-06)
(0.001247755 -2.480282e-05 4.281002e-06)
(0.001250855 -2.275456e-05 3.19906e-06)
(0.001254356 -2.079427e-05 2.391764e-06)
(0.001258036 -1.896013e-05 1.782244e-06)
(0.001261754 -1.727243e-05 1.318581e-06)
(0.001265417 -1.573852e-05 9.66702e-07)
(0.001268977 -1.435705e-05 6.974647e-07)
(0.001272383 -1.312005e-05 5.049721e-07)
(0.001479978 -6.550311e-06 0.0002629842)
(0.001614005 -1.794466e-05 0.00026873)
(0.001539269 -2.722196e-05 0.0001999843)
(0.0014459 -3.436773e-05 0.0001284898)
(0.001368869 -3.93197e-05 7.952479e-05)
(0.001316621 -4.220836e-05 5.013512e-05)
(0.001285057 -4.331164e-05 3.253688e-05)
(0.001266852 -4.299376e-05 2.181523e-05)
(0.001257219 -4.16299e-05 1.506301e-05)
(0.001252929 -3.955722e-05 1.067517e-05)
(0.001251923 -3.705635e-05 7.727725e-06)
(0.001252912 -3.434631e-05 5.683373e-06)
(0.001255085 -3.158861e-05 4.224346e-06)
(0.001257931 -2.889575e-05 3.158091e-06)
(0.001261128 -2.634064e-05 2.364828e-06)
(0.001264472 -2.396604e-05 1.76775e-06)
(0.001267836 -2.179245e-05 1.314994e-06)
(0.001271135 -1.982495e-05 9.727295e-07)
(0.001274326 -1.80581e-05 7.11687e-07)
(0.001277363 -1.647952e-05 5.27039e-07)
(0.001480036 -8.49406e-06 0.000262886)
(0.001614798 -2.323009e-05 0.0002684657)
(0.001541571 -3.50631e-05 0.0001996532)
(0.001449979 -4.398061e-05 0.0001281738)
(0.001374711 -4.994012e-05 7.923949e-05)
(0.001323987 -5.318732e-05 4.988747e-05)
(0.001293611 -5.415141e-05 3.232693e-05)
(0.001276237 -5.335242e-05 2.164193e-05)
(0.001267098 -5.130081e-05 1.492507e-05)
(0.001263012 -4.843761e-05 1.057078e-05)
(0.001261973 -4.511716e-05 7.654661e-06)
(0.001262747 -4.160664e-05 5.638957e-06)
(0.001264568 -3.809626e-05 4.205556e-06)
(0.001266966 -3.471323e-05 3.16174e-06)
(0.00126965 -3.153586e-05 2.387731e-06)
(0.001272438 -2.860651e-05 1.806881e-06)
(0.001275221 -2.59417e-05 1.367536e-06)
(0.001277924 -2.354129e-05 1.036291e-06)
(0.001280515 -2.139308e-05 7.83903e-07)
(0.001282952 -1.947946e-05 6.06939e-07)
(0.001480128 -1.08506e-05 0.0002627575)
(0.001615976 -2.958142e-05 0.0002681213)
(0.001544904 -4.432751e-05 0.0001992324)
(0.001455774 -5.510213e-05 0.0001277934)
(0.001382868 -6.19382e-05 7.891814e-05)
(0.001334106 -6.528336e-05 4.963234e-05)
(0.001305182 -6.579435e-05 3.213581e-05)
(0.001288738 -6.420196e-05 2.15113e-05)
(0.001280053 -6.118435e-05 1.485095e-05)
(0.00127602 -5.730084e-05 1.054826e-05)
(0.001274714 -5.298195e-05 7.678084e-06)
(0.001274977 -4.853882e-05 5.702013e-06)
(0.00127611 -4.418295e-05 4.301686e-06)
(0.001277696 -4.004819e-05 3.284523e-06)
(0.001279487 -3.62106e-05 2.531206e-06)
(0.001281334 -3.27057e-05 1.965764e-06)
(0.001283152 -2.954079e-05 1.537273e-06)
(0.001284883 -2.670686e-05 1.213166e-06)
(0.001286504 -2.418168e-05 9.646879e-07)
(0.001287985 -2.194186e-05 7.898375e-07)
(0.001480265 -1.378528e-05 0.000262593)
(0.001617736 -3.738498e-05 0.0002676809)
(0.00154978 -5.548843e-05 0.00019872)
(0.001464065 -6.818994e-05 0.0001273789)
(0.00139429 -7.568687e-05 7.862362e-05)
(0.001347969 -7.87538e-05 4.946196e-05)
(0.001320684 -7.837783e-05 3.207968e-05)
(0.001305099 -7.557059e-05 2.155691e-05)
(0.001296586 -7.121684e-05 1.498453e-05)
(0.001292161 -6.601014e-05 1.075484e-05)
(0.00129003 -6.045876e-05 7.942522e-06)
(0.001289156 -5.491138e-05 6.009694e-06)
(0.001288939 -4.959086e-05 4.639349e-06)
(0.001289044 -4.46269e-05 3.640768e-06)
(0.001289283 -4.008328e-05 2.896708e-06)
(0.001289553 -3.598029e-05 2.333211e-06)
(0.001289798 -3.230922e-05 1.901149e-06)
(0.001289983 -2.904744e-05 1.569397e-06)
(0.001290099 -2.615854e-05 1.310403e-06)
(0.001290126 -2.361257e-05 1.122768e-06)
(0.001480533 -1.777111e-05 0.0002624014)
(0.001620535 -4.769733e-05 0.0002671782)
(0.001557092 -6.97822e-05 0.0001981994)
(0.001476065 -8.437495e-05 0.0001270787)
(0.001410325 -9.206337e-05 7.856046e-05)
(0.001366845 -9.417735e-05 4.962325e-05)
(0.001341097 -9.219423e-05 3.243042e-05)
(0.001325837 -8.750423e-05 2.20575e-05)
(0.001316636 -8.124835e-05 1.559528e-05)
(0.00131075 -7.427165e-05 1.143858e-05)
(0.00130662 -6.7157e-05 8.667096e-06)
(0.001303405 -6.027636e-05 6.749031e-06)
(0.001300666 -5.384512e-05 5.373678e-06)
(0.001298183 -4.79697e-05 4.356122e-06)
(0.001295848 -4.268464e-05 3.58399e-06)
(0.001293609 -3.798119e-05 2.987061e-06)
(0.001291443 -3.382409e-05 2.518947e-06)
(0.001289335 -3.016959e-05 2.150016e-06)
(0.001287281 -2.696143e-05 1.854306e-06)
(0.001285271 -2.416072e-05 1.628467e-06)
(0.001480973 -2.315903e-05 0.0002621817)
(0.00162505 -6.114523e-05 0.0002666351)
(0.001568392 -8.790917e-05 0.0001977962)
(0.001493871 -0.000104275 0.0001271619)
(0.001433082 -0.000111468 7.911181e-05)
(0.001392293 -0.0001116524 5.05594e-05)
(0.001366997 -0.0001070196 3.363667e-05)
(0.001350307 -9.949382e-05 2.342445e-05)
(0.001338282 -9.055743e-05 1.703129e-05)
(0.001328682 -8.123542e-05 1.287398e-05)
(0.001320363 -7.217419e-05 1.00542e-05)
(0.001312799 -6.373717e-05 8.058758e-06)
(0.001305759 -5.609409e-05 6.591339e-06)
(0.001299152 -4.929248e-05 5.477157e-06)
(0.001292938 -4.330862e-05 4.610296e-06)
(0.001287097 -3.808297e-05 3.924047e-06)
(0.001281609 -3.353865e-05 3.373657e-06)
(0.001276456 -2.960046e-05 2.92911e-06)
(0.001271615 -2.618601e-05 2.565045e-06)
(0.001267072 -2.324288e-05 2.271577e-06)
(0.001482061 -3.195682e-05 0.0002620279)
(0.001633089 -8.156051e-05 0.0002664087)
(0.001586368 -0.0001138162 0.0001981341)
(0.001520203 -0.0001309315 0.0001284396)
(0.001464233 -0.0001356552 8.113208e-05)
(0.001423996 -0.0001316496 5.303351e-05)
(0.001395605 -0.0001222772 3.62887e-05)
(0.001373296 -0.0001102595 2.60502e-05)
(0.001354267 -9.749953e-05 1.950249e-05)
(0.001337179 -8.515904e-05 1.512428e-05)
(0.00132149 -7.384519e-05 1.206126e-05)
(0.001307012 -6.380065e-05 9.827887e-06)
(0.001293673 -5.505402e-05 8.142918e-06)
(0.00128142 -4.752348e-05 6.837816e-06)
(0.001270195 -4.108005e-05 5.807341e-06)
(0.001259926 -3.558442e-05 4.982242e-06)
(0.001250534 -3.090162e-05 4.314085e-06)
(0.001241945 -2.69156e-05 3.767895e-06)
(0.001234073 -2.351468e-05 3.316236e-06)
(0.001226873 -2.062782e-05 2.937608e-06)
(0.001484052 -4.448018e-05 0.000261919)
(0.001647583 -0.0001084854 0.0002668081)
(0.0016158 -0.0001468097 0.0001999596)
(0.001558397 -0.0001630056 0.0001318382)
(0.00150264 -0.0001621326 8.535188e-05)
(0.001455193 -0.0001505573 5.737692e-05)
(0.001415127 -0.000133739 4.032244e-05)
(0.001379432 -0.0001155554 2.957719e-05)
(0.001347198 -9.824926e-05 2.247726e-05)
(0.001318099 -8.285341e-05 1.758404e-05)
(0.001291973 -6.965772e-05 1.407966e-05)
(0.001268652 -5.857141e-05 1.148766e-05)
(0.001247909 -4.934624e-05 9.520981e-06)
(0.001229485 -4.169634e-05 7.99854e-06)
(0.001213114 -3.535281e-05 6.800863e-06)
(0.001198547 -3.008444e-05 5.84542e-06)
(0.001185553 -2.569789e-05 5.07312e-06)
(0.001173942 -2.203974e-05 4.439859e-06)
(0.001163526 -1.897675e-05 3.914195e-06)
(0.001154195 -1.641949e-05 3.461619e-06)
(0.001489937 -7.188831e-05 0.0002624556)
(0.001675469 -0.0001582458 0.0002700684)
(0.001658321 -0.0001984598 0.0002055372)
(0.00159883 -0.0002038256 0.0001383511)
(0.00152666 -0.0001874962 9.134378e-05)
(0.001455626 -0.0001614455 6.219265e-05)
(0.001391275 -0.0001337912 4.391093e-05)
(0.001334103 -0.00010875 3.213373e-05)
(0.001284379 -8.775836e-05 2.42515e-05)
(0.001241662 -7.082727e-05 1.880578e-05)
(0.001205165 -5.739246e-05 1.493376e-05)
(0.001174005 -4.67729e-05 1.211077e-05)
(0.001147332 -3.835469e-05 1.000628e-05)
(0.001124401 -3.164225e-05 8.404524e-06)
(0.001104586 -2.625375e-05 7.160782e-06)
(0.001087379 -2.190069e-05 6.175634e-06)
(0.00107236 -1.836369e-05 5.380017e-06)
(0.001059204 -1.547778e-05 4.723735e-06)
(0.001047614 -1.311072e-05 4.174365e-06)
(0.001037411 -1.116587e-05 3.690571e-06)
(0.001502632 -0.0001058591 0.0002630993)
(0.001719517 -0.0002079521 0.0002749433)
(0.001693063 -0.0002407082 0.000210735)
(0.001593335 -0.0002230667 0.0001415081)
(0.001472338 -0.0001843511 9.220994e-05)
(0.001358945 -0.0001435959 6.14894e-05)
(0.001263475 -0.0001090447 4.242168e-05)
(0.001185508 -8.244985e-05 3.036895e-05)
(0.001122749 -6.275929e-05 2.250944e-05)
(0.001072228 -4.832827e-05 1.724728e-05)
(0.001031266 -3.768541e-05 1.362745e-05)
(0.0009977105 -2.973196e-05 1.106714e-05)
(0.000969915 -2.369826e-05 9.201908e-06)
(0.0009466467 -1.9056e-05 7.80011e-06)
(0.0009269846 -1.544096e-05 6.713184e-06)
(0.000910238 -1.259815e-05 5.84481e-06)
(0.0008958733 -1.034461e-05 5.132457e-06)
(0.000883489 -8.546723e-06 4.532935e-06)
(0.0008727381 -7.104303e-06 4.021189e-06)
(0.000863408 -5.934586e-06 3.560762e-06)
(0.001522712 -0.0002221875 0.0002641164)
(0.001699791 -0.0002981461 0.0002722048)
(0.001557183 -0.0002624931 0.000197723)
(0.001367001 -0.0001925728 0.0001237482)
(0.001191915 -0.0001306325 7.543287e-05)
(0.001054277 -8.656753e-05 4.762818e-05)
(0.0009525653 -5.802387e-05 3.164947e-05)
(0.0008771306 -4.001683e-05 2.220264e-05)
(0.0008205518 -2.846848e-05 1.63797e-05)
(0.0007772426 -2.082786e-05 1.265976e-05)
(0.0007433787 -1.558044e-05 1.018397e-05)
(0.0007163702 -1.185565e-05 8.459454e-06)
(0.0006944564 -9.140065e-06 7.197566e-06)
(0.0006764214 -7.119467e-06 6.228366e-06)
(0.0006614049 -5.592766e-06 5.451472e-06)
(0.0006487847 -4.425753e-06 4.806831e-06)
(0.0006380916 -3.525771e-06 4.258385e-06)
(0.0006289801 -2.825734e-06 3.781824e-06)
(0.0006211549 -2.279312e-06 3.3649e-06)
(0.0006144379 -1.838714e-06 2.98416e-06)
(0.001278559 -0.0001499755 0.0002048845)
(0.001210834 -0.0001510619 0.0001734248)
(0.0008950196 -9.144395e-05 0.0001063125)
(0.0006896111 -4.738557e-05 5.637249e-05)
(0.0005533077 -2.357134e-05 3.19296e-05)
(0.0004668277 -1.196723e-05 1.99584e-05)
(0.0004116277 -6.441921e-06 1.357096e-05)
(0.0003742414 -3.680527e-06 9.891937e-06)
(0.0003478951 -2.205439e-06 7.644451e-06)
(0.0003284729 -1.366998e-06 6.203176e-06)
(0.0003136523 -8.592657e-07 5.216233e-06)
(0.0003020232 -5.372002e-07 4.491922e-06)
(0.0002927028 -3.261138e-07 3.924782e-06)
(0.000285111 -1.850076e-07 3.457855e-06)
(0.0002788489 -8.989454e-08 3.0602e-06)
(0.0002736335 -2.566141e-08 2.714377e-06)
(0.0002692518 1.699568e-08 2.410397e-06)
(0.0002655516 4.571159e-08 2.14059e-06)
(0.0002623977 6.283301e-08 1.902144e-06)
(0.0002597185 7.84143e-08 1.684781e-06)
(0.001470381 6.627971e-07 0.0002221991)
(0.001625622 1.84714e-06 0.0002605353)
(0.001616269 2.858566e-06 0.0002151088)
(0.001561744 3.689346e-06 0.000149951)
(0.001501757 4.328015e-06 9.802389e-05)
(0.001455373 4.770017e-06 6.388689e-05)
(0.001425322 5.025813e-06 4.231529e-05)
(0.001407511 5.118943e-06 2.874713e-05)
(0.001398267 5.07966e-06 2.003774e-05)
(0.001394712 4.939491e-06 1.43009e-05)
(0.001394838 4.727864e-06 1.040939e-05)
(0.001397296 4.470205e-06 7.690305e-06)
(0.001401183 4.18722e-06 5.738356e-06)
(0.001405903 3.894914e-06 4.304582e-06)
(0.001411059 3.605033e-06 3.232472e-06)
(0.001416391 3.325704e-06 2.420777e-06)
(0.001421732 3.062153e-06 1.801136e-06)
(0.00142697 2.817321e-06 1.327946e-06)
(0.001432046 2.592557e-06 9.639514e-07)
(0.001436904 2.387862e-06 6.976875e-07)
(0.001470381 -6.627966e-07 0.0002221991)
(0.001625622 -1.847139e-06 0.0002605353)
(0.001616269 -2.858564e-06 0.0002151088)
(0.001561744 -3.689345e-06 0.000149951)
(0.001501757 -4.328013e-06 9.802389e-05)
(0.001455373 -4.770015e-06 6.388689e-05)
(0.001425322 -5.02581e-06 4.231529e-05)
(0.001407511 -5.11894e-06 2.874713e-05)
(0.001398267 -5.079656e-06 2.003774e-05)
(0.001394712 -4.939487e-06 1.43009e-05)
(0.001394838 -4.727859e-06 1.040939e-05)
(0.001397296 -4.4702e-06 7.690305e-06)
(0.001401183 -4.187214e-06 5.738356e-06)
(0.001405903 -3.894908e-06 4.304582e-06)
(0.001411059 -3.605026e-06 3.232472e-06)
(0.001416391 -3.325697e-06 2.420777e-06)
(0.001421732 -3.062145e-06 1.801136e-06)
(0.00142697 -2.817312e-06 1.327946e-06)
(0.001432046 -2.592548e-06 9.639513e-07)
(0.001436904 -2.387851e-06 6.976875e-07)
(0.001470389 -2.008589e-06 0.0002221837)
(0.001625721 -5.598984e-06 0.0002604882)
(0.001616568 -8.657463e-06 0.0002150461)
(0.001562306 -1.116371e-05 0.0001498843)
(0.001502607 -1.308144e-05 9.795912e-05)
(0.001456497 -1.439951e-05 6.38266e-05)
(0.001426689 -1.515241e-05 4.226027e-05)
(0.001409074 -1.541387e-05 2.869754e-05)
(0.001399976 -1.52774e-05 1.999348e-05)
(0.001396519 -1.483951e-05 1.426169e-05)
(0.001396701 -1.418964e-05 1.037486e-05)
(0.001399179 -1.340457e-05 7.660031e-06)
(0.00140306 -1.254644e-05 5.711912e-06)
(0.001407752 -1.166302e-05 4.281564e-06)
(0.001412866 -1.078911e-05 3.212518e-06)
(0.001418147 -9.948652e-06 2.403581e-06)
(0.001423431 -9.156863e-06 1.786433e-06)
(0.001428608 -8.422172e-06 1.315551e-06)
(0.001433622 -7.748291e-06 9.536464e-07)
(0.001438418 -7.134951e-06 6.895143e-07)
(0.001470404 -3.419205e-06 0.0002221508)
(0.00162593 -9.53108e-06 0.000260392)
(0.001617197 -1.471434e-05 0.0002149162)
(0.001563483 -1.89377e-05 0.0001497472)
(0.001504377 -2.213832e-05 9.782645e-05)
(0.001458834 -2.430625e-05 6.370374e-05)
(0.001429518 -2.550998e-05 4.214874e-05)
(0.001412298 -2.588348e-05 2.859751e-05)
(0.001403491 -2.559199e-05 1.99047e-05)
(0.001400227 -2.480285e-05 1.418354e-05)
(0.001400515 -2.366887e-05 1.030657e-05)
(0.001403028 -2.231957e-05 7.600768e-06)
(0.001406888 -2.08585e-05 5.660816e-06)
(0.001411517 -1.936425e-05 4.237824e-06)
(0.001416539 -1.789342e-05 3.175396e-06)
(0.001421708 -1.648426e-05 2.372436e-06)
(0.001426868 -1.516063e-05 1.760696e-06)
(0.001431914 -1.393526e-05 1.294801e-06)
(0.001436794 -1.281321e-05 9.3739e-07)
(0.001441455 -1.179315e-05 6.777996e-07)
(0.001470427 -4.94478e-06 0.0002220981)
(0.00162627 -1.37786e-05 0.0002602403)
(0.00161822 -2.122253e-05 0.0002147101)
(0.001565385 -2.7231e-05 0.0001495318)
(0.001507222 -3.17164e-05 9.762006e-05)
(0.001462566 -3.468423e-05 6.351452e-05)
(0.001434011 -3.625538e-05 4.197876e-05)
(0.001417392 -3.6642e-05 2.844678e-05)
(0.001409017 -3.609552e-05 1.977264e-05)
(0.001406031 -3.48638e-05 1.406912e-05)
(0.001406461 -3.316832e-05 1.020858e-05)
(0.001409005 -3.11932e-05 7.517881e-06)
(0.001412811 -2.908294e-05 5.591693e-06)
(0.001417322 -2.694521e-05 4.181161e-06)
(0.00142218 -2.485593e-05 3.129962e-06)
(0.001427155 -2.286524e-05 2.337119e-06)
(0.0014321 -2.100327e-05 1.734462e-06)
(0.00143692 -1.928513e-05 1.276829e-06)
(0.001441567 -1.771556e-05 9.267342e-07)
(0.00144599 -1.629106e-05 6.744054e-07)
(0.001470462 -6.653864e-06 0.0002220224)
(0.001626784 -1.852554e-05 0.0002600236)
(0.001619752 -2.843752e-05 0.0002144166)
(0.001568205 -3.6326e-05 0.0001492299)
(0.001511402 -4.208657e-05 9.733546e-05)
(0.001468002 -4.576643e-05 6.325861e-05)
(0.0014405 -4.756978e-05 4.175376e-05)
(0.00142469 -4.781531e-05 2.825216e-05)
(0.00141688 -4.686214e-05 1.96072e-05)
(0.001414233 -4.505202e-05 1.393117e-05)
(0.00141481 -4.268173e-05 1.009625e-05)
(0.001417346 -3.999158e-05 7.429119e-06)
(0.001421023 -3.716553e-05 5.524351e-06)
(0.001425317 -3.433713e-05 4.133076e-06)
(0.001429893 -3.159786e-05 3.099018e-06)
(0.00143454 -2.900605e-05 2.321322e-06)
(0.001439128 -2.659476e-05 1.731922e-06)
(0.00144357 -2.437887e-05 1.285964e-06)
(0.001447828 -2.236049e-05 9.458305e-07)
(0.001451854 -2.053272e-05 7.030638e-07)
(0.001470512 -8.628755e-06 0.0002219194)
(0.001627537 -2.398934e-05 0.0002597293)
(0.001621976 -3.665379e-05 0.0002140212)
(0.001572252 -4.653935e-05 0.0001488339)
(0.001517329 -5.354259e-05 9.697404e-05)
(0.001475619 -5.779523e-05 6.294626e-05)
(0.00144949 -5.963155e-05 4.149208e-05)
(0.001434695 -5.951701e-05 2.80392e-05)
(0.001427547 -5.79469e-05 1.944029e-05)
(0.001425248 -5.537346e-05 1.380709e-05)
(0.001425909 -5.217579e-05 1.001144e-05)
(0.001428318 -4.865114e-05 7.37971e-06)
(0.001431704 -4.501986e-05 5.50627e-06)
(0.001435585 -4.143664e-05 4.142215e-06)
(0.00143966 -3.800331e-05 3.131385e-06)
(0.001443744 -3.478154e-05 2.373196e-06)
(0.001447726 -3.180312e-05 1.799881e-06)
(0.001451535 -2.907956e-05 1.367127e-06)
(0.001455142 -2.660751e-05 1.037361e-06)
(0.001458509 -2.437566e-05 8.03875e-07)
(0.001470594 -1.102188e-05 0.0002217858)
(0.001628661 -3.055745e-05 0.0002593473)
(0.001625207 -4.637582e-05 0.0002135187)
(0.001578014 -5.839004e-05 0.0001483551)
(0.00152563 -6.654448e-05 9.65651e-05)
(0.001486119 -7.113321e-05 6.262415e-05)
(0.0014617 -7.269455e-05 4.125569e-05)
(0.001448083 -7.189783e-05 2.788267e-05)
(0.001441609 -6.941119e-05 1.93568e-05)
(0.001439543 -6.581618e-05 1.378886e-05)
(0.001440072 -6.15806e-05 1.00502e-05)
(0.00144206 -5.705723e-05 7.466852e-06)
(0.001444806 -5.249742e-05 5.633264e-06)
(0.001447885 -4.807002e-05 4.300974e-06)
(0.001451045 -4.388018e-05 3.314567e-06)
(0.001454138 -3.998663e-05 2.574398e-06)
(0.001457082 -3.641453e-05 2.01364e-06)
(0.001459827 -3.316817e-05 1.589043e-06)
(0.001462359 -3.023509e-05 1.263597e-06)
(0.001464652 -2.759888e-05 1.032498e-06)
(0.001470716 -1.399865e-05 0.0002216195)
(0.001630345 -3.862988e-05 0.0002588696)
(0.001629947 -5.810974e-05 0.0002129162)
(0.001586287 -7.23871e-05 0.0001478373)
(0.001537296 -8.15294e-05 9.61923e-05)
(0.001500572 -8.610563e-05 6.241222e-05)
(0.001478151 -8.695877e-05 4.119374e-05)
(0.001465721 -8.503605e-05 2.795241e-05)
(0.001459689 -8.122409e-05 1.953814e-05)
(0.00145743 -7.625674e-05 1.406084e-05)
(0.00145726 -7.069795e-05 1.039245e-05)
(0.001458163 -6.495406e-05 7.860444e-06)
(0.001459548 -5.930041e-05 6.061519e-06)
(0.001461081 -5.391092e-05 4.749899e-06)
(0.001462579 -4.888468e-05 3.772936e-06)
(0.00146395 -4.426904e-05 3.033566e-06)
(0.001465151 -4.007535e-05 2.467173e-06)
(0.00146616 -3.629527e-05 2.032289e-06)
(0.001466984 -3.290236e-05 1.69326e-06)
(0.001467614 -2.987384e-05 1.446351e-06)
(0.001470961 -1.803424e-05 0.0002214299)
(0.001633043 -4.929064e-05 0.0002583295)
(0.001637096 -7.315087e-05 0.0002123012)
(0.001598327 -8.974706e-05 0.0001474467)
(0.001553776 -9.947351e-05 9.609566e-05)
(0.001520393 -0.0001033863 6.260768e-05)
(0.001499995 -0.0001027918 4.163761e-05)
(0.001488296 -9.902121e-05 2.858986e-05)
(0.00148186 -9.324189e-05 2.031471e-05)
(0.001478294 -8.636968e-05 1.492671e-05)
(0.00147615 -7.907178e-05 1.130569e-05)
(0.001474631 -7.180092e-05 8.787999e-06)
(0.001473325 -6.484147e-05 6.979014e-06)
(0.001472033 -5.835467e-05 5.64063e-06)
(0.001470675 -5.241629e-05 4.626408e-06)
(0.001469225 -4.704726e-05 3.843917e-06)
(0.001467684 -4.223285e-05 3.231806e-06)
(0.001466062 -3.794291e-05 2.7504e-06)
(0.001464378 -3.412965e-05 2.365725e-06)
(0.001462638 -3.076045e-05 2.072257e-06)
(0.001471365 -2.347276e-05 0.0002212348)
(0.001637423 -6.318462e-05 0.0002577933)
(0.001648219 -9.225787e-05 0.00021186)
(0.001616326 -0.0001111801 0.0001475346)
(0.001577368 -0.0001208802 9.676197e-05)
(0.001547389 -0.000123156 6.376776e-05)
(0.001528042 -0.0001200023 4.314694e-05)
(0.001515297 -0.0001133101 3.030391e-05)
(0.001506183 -0.0001046399 2.211293e-05)
(0.001498823 -9.51428e-05 1.671887e-05)
(0.00149223 -8.559492e-05 1.303142e-05)
(0.00148597 -7.647192e-05 1.041179e-05)
(0.001479884 -6.803083e-05 8.484029e-06)
(0.001473941 -6.038236e-05 7.022814e-06)
(0.001468156 -5.354587e-05 5.889552e-06)
(0.001462554 -4.748959e-05 4.995881e-06)
(0.001457156 -4.21535e-05 4.2821e-06)
(0.001451977 -3.747181e-05 3.707896e-06)
(0.00144702 -3.336632e-05 3.23957e-06)
(0.001442292 -2.978794e-05 2.864491e-06)
(0.001472404 -3.233394e-05 0.0002211161)
(0.001645322 -8.421791e-05 0.0002576003)
(0.001666116 -0.0001195204 0.0002122357)
(0.001643262 -0.0001399039 0.0001489907)
(0.001610088 -0.0001476458 9.916402e-05)
(0.001581515 -0.0001459254 6.67765e-05)
(0.001559545 -0.0001379113 4.640622e-05)
(0.001541205 -0.0001263793 3.354176e-05)
(0.001524715 -0.0001134221 2.515874e-05)
(0.001509212 -0.0001004202 1.948583e-05)
(0.001494423 -8.817011e-05 1.549174e-05)
(0.001480346 -7.705604e-05 1.257399e-05)
(0.001467042 -6.720179e-05 1.037576e-05)
(0.001454563 -5.858459e-05 8.679091e-06)
(0.001442927 -5.110898e-05 7.345585e-06)
(0.001432122 -4.465254e-05 6.283135e-06)
(0.001422112 -3.908686e-05 5.426947e-06)
(0.001412855 -3.429663e-05 4.730391e-06)
(0.00140429 -3.016713e-05 4.156702e-06)
(0.00139639 -2.662548e-05 3.680152e-06)
(0.00147432 -4.489521e-05 0.0002211352)
(0.001659729 -0.0001118905 0.0002582417)
(0.001695786 -0.0001542521 0.0002144071)
(0.001682825 -0.0001745745 0.0001529801)
(0.001650966 -0.0001771246 0.0001042126)
(0.001615625 -0.0001676897 7.20364e-05)
(0.001581585 -0.0001516643 5.130958e-05)
(0.001548808 -0.0001332091 3.782074e-05)
(0.001517684 -0.0001149496 2.875001e-05)
(0.0014886 -9.824709e-05 2.243769e-05)
(0.001461827 -8.361904e-05 1.790031e-05)
(0.001437468 -7.111108e-05 1.454597e-05)
(0.001415471 -6.054657e-05 1.200892e-05)
(0.001395687 -5.167098e-05 1.005404e-05)
(0.001377923 -4.422396e-05 8.524136e-06)
(0.001361972 -3.797118e-05 7.309996e-06)
(0.001347636 -3.271085e-05 6.333254e-06)
(0.001334738 -2.827935e-05 5.536067e-06)
(0.001323101 -2.45326e-05 4.876496e-06)
(0.001312623 -2.13735e-05 4.314077e-06)
(0.001480182 -7.247936e-05 0.000221709)
(0.001687891 -0.0001627303 0.000261598)
(0.001739221 -0.0002081275 0.0002203721)
(0.001725124 -0.0002182772 0.0001602421)
(0.00167673 -0.0002051338 0.0001110872)
(0.001616277 -0.0001802825 7.761102e-05)
(0.001555501 -0.0001522097 5.543064e-05)
(0.001498495 -0.0001257934 4.069779e-05)
(0.001447261 -0.000103029 3.068976e-05)
(0.001402271 -8.427349e-05 2.372865e-05)
(0.001363222 -6.913477e-05 1.877303e-05)
(0.001329479 -5.699662e-05 1.516778e-05)
(0.001300315 -4.725503e-05 1.249113e-05)
(0.001275042 -3.940048e-05 1.046412e-05)
(0.001253056 -3.302936e-05 8.898281e-06)
(0.001233853 -2.783072e-05 7.664022e-06)
(0.001217009 -2.356482e-05 6.671283e-06)
(0.001202189 -2.00493e-05 5.855515e-06)
(0.001189086 -1.713704e-05 5.174027e-06)
(0.001177512 -1.472011e-05 4.579017e-06)
(0.001493005 -0.0001066429 0.0002226328)
(0.001732199 -0.0002128092 0.0002667247)
(0.001773554 -0.0002513612 0.0002258747)
(0.001717113 -0.0002382936 0.0001634997)
(0.001615746 -0.0002014759 0.0001116124)
(0.001507947 -0.0001603201 7.616526e-05)
(0.001411487 -0.0001240736 5.300281e-05)
(0.00133008 -9.539142e-05 3.798362e-05)
(0.001263187 -7.37073e-05 2.809175e-05)
(0.001208573 -5.754977e-05 2.145028e-05)
(0.001163831 -4.54695e-05 1.688871e-05)
(0.001126882 -3.633365e-05 1.367499e-05)
(0.001096075 -2.932706e-05 1.134568e-05)
(0.001070146 -2.387995e-05 9.604459e-06)
(0.001048135 -1.959442e-05 8.260843e-06)
(0.001029314 -1.618916e-05 7.191581e-06)
(0.001013116 -1.346079e-05 6.316718e-06)
(0.0009991088 -1.125984e-05 5.581984e-06)
(0.0009869184 -9.473661e-06 4.954892e-06)
(0.0009763125 -8.008998e-06 4.394166e-06)
(0.001513556 -0.0002241943 0.0002228693)
(0.001709307 -0.0003017964 0.0002618209)
(0.001626955 -0.0002706433 0.0002100613)
(0.001469246 -0.0002036042 0.0001417229)
(0.001304052 -0.0001415361 9.025159e-05)
(0.001165533 -9.593709e-05 5.806164e-05)
(0.001059451 -6.560879e-05 3.875619e-05)
(0.0009791814 -4.608494e-05 2.715258e-05)
(0.0009181573 -3.336192e-05 1.997845e-05)
(0.0008709883 -2.482534e-05 1.54031e-05)
(0.0008338278 -1.888685e-05 1.237108e-05)
(0.0008040124 -1.461902e-05 1.027014e-05)
(0.000779703 -1.146934e-05 8.740547e-06)
(0.0007596155 -9.096663e-06 7.570329e-06)
(0.0007428326 -7.28103e-06 6.634418e-06)
(0.0007286861 -5.874604e-06 5.858389e-06)
(0.000716669 -4.774636e-06 5.197653e-06)
(0.0007064055 -3.906353e-06 4.622979e-06)
(0.0006975733 -3.217642e-06 4.118884e-06)
(0.0006899758 -2.65471e-06 3.659855e-06)
(0.001269147 -0.0001516005 0.0001732314)
(0.001207401 -0.0001506688 0.000165502)
(0.0009259827 -9.229316e-05 0.0001119761)
(0.0007317618 -4.851555e-05 6.367754e-05)
(0.0005968543 -2.445532e-05 3.69508e-05)
(0.0005085416 -1.265607e-05 2.316626e-05)
(0.0004510658 -6.994138e-06 1.571655e-05)
(0.0004116229 -4.136902e-06 1.145345e-05)
(0.0003835184 -2.585367e-06 8.869886e-06)
(0.0003626212 -1.684501e-06 7.224606e-06)
(0.0003465637 -1.125439e-06 6.103705e-06)
(0.0003338946 -7.610926e-07 5.282539e-06)
(0.0003236961 -5.151544e-07 4.638311e-06)
(0.0003153592 -3.452462e-07 4.105313e-06)
(0.0003084615 -2.262478e-07 3.648383e-06)
(0.0003027015 -1.42121e-07 3.24822e-06)
(0.0002978509 -8.282446e-08 2.893962e-06)
(0.0002937457 -4.007723e-08 2.577694e-06)
(0.0002902398 -1.114186e-08 2.296299e-06)
(0.0002872551 1.509109e-08 2.03943e-06)
(0.00145732 6.708452e-07 0.0001838761)
(0.001615923 1.889637e-06 0.000241872)
(0.001657269 2.944917e-06 0.0002173505)
(0.001644542 3.828367e-06 0.0001624157)
(0.001610476 4.528814e-06 0.0001116457)
(0.001578181 5.038316e-06 7.513972e-05)
(0.0015557 5.3616e-06 5.073115e-05)
(0.001542416 5.516755e-06 3.48366e-05)
(0.001536272 5.530318e-06 2.442648e-05)
(0.00153513 5.431957e-06 1.748506e-05)
(0.00153731 5.250667e-06 1.274374e-05)
(0.001541613 5.012416e-06 9.419759e-06)
(0.001547205 4.739035e-06 7.031167e-06)
(0.001553518 4.447943e-06 5.277345e-06)
(0.001560171 4.152384e-06 3.967217e-06)
(0.001566913 3.861933e-06 2.976289e-06)
(0.001573581 3.583133e-06 2.220386e-06)
(0.001580066 3.320067e-06 1.642991e-06)
(0.001586317 3.075059e-06 1.198854e-06)
(0.001592277 2.8489e-06 8.72173e-07)
(0.00145732 -6.708446e-07 0.0001838761)
(0.001615923 -1.889636e-06 0.000241872)
(0.001657269 -2.944915e-06 0.0002173505)
(0.001644542 -3.828366e-06 0.0001624157)
(0.001610476 -4.528812e-06 0.0001116457)
(0.001578181 -5.038314e-06 7.513972e-05)
(0.0015557 -5.361598e-06 5.073115e-05)
(0.001542416 -5.516752e-06 3.48366e-05)
(0.001536272 -5.530314e-06 2.442648e-05)
(0.00153513 -5.431953e-06 1.748506e-05)
(0.00153731 -5.250663e-06 1.274374e-05)
(0.001541613 -5.012411e-06 9.419759e-06)
(0.001547205 -4.73903e-06 7.031167e-06)
(0.001553518 -4.447937e-06 5.277345e-06)
(0.001560171 -4.152378e-06 3.967217e-06)
(0.001566913 -3.861925e-06 2.976289e-06)
(0.001573581 -3.583125e-06 2.220385e-06)
(0.001580066 -3.320058e-06 1.642991e-06)
(0.001586317 -3.075048e-06 1.198854e-06)
(0.001592277 -2.848888e-06 8.72173e-07)
(0.001457327 -2.033149e-06 0.0001838605)
(0.001616017 -5.727952e-06 0.0002418224)
(0.001657555 -8.920037e-06 0.0002172804)
(0.001645088 -1.15863e-05 0.0001623378)
(0.001611314 -1.369165e-05 0.0001115686)
(0.001579309 -1.521428e-05 7.506765e-05)
(0.001557089 -1.617115e-05 5.066557e-05)
(0.001544024 -1.661947e-05 3.477778e-05)
(0.00153805 -1.66416e-05 2.437427e-05)
(0.001537029 -1.632859e-05 1.743903e-05)
(0.001539288 -1.576874e-05 1.270337e-05)
(0.001543631 -1.504063e-05 9.384477e-06)
(0.001549233 -1.420993e-05 7.000424e-06)
(0.001555532 -1.332875e-05 5.250636e-06)
(0.001562155 -1.243649e-05 3.944098e-06)
(0.001568853 -1.156144e-05 2.956389e-06)
(0.00157547 -1.072283e-05 2.203391e-06)
(0.001581899 -9.932491e-06 1.62868e-06)
(0.001588089 -9.197066e-06 1.186976e-06)
(0.001593988 -8.518637e-06 8.627761e-07)
(0.00145734 -3.461372e-06 0.0001838274)
(0.001616216 -9.751448e-06 0.0002417212)
(0.001658156 -1.516389e-05 0.0002171351)
(0.00164623 -1.966103e-05 0.0001621775)
(0.001613061 -2.318215e-05 0.0001114106)
(0.001581652 -2.5698e-05 7.492077e-05)
(0.001559965 -2.724673e-05 5.053265e-05)
(0.001547343 -2.793421e-05 3.465925e-05)
(0.00154171 -2.790713e-05 2.426968e-05)
(0.001540931 -2.732414e-05 1.734747e-05)
(0.001543341 -2.633674e-05 1.262374e-05)
(0.001547759 -2.507803e-05 9.315625e-06)
(0.001553373 -2.365791e-05 6.941236e-06)
(0.001559638 -2.216265e-05 5.200088e-06)
(0.00156619 -2.065668e-05 3.901281e-06)
(0.001572793 -1.918573e-05 2.92053e-06)
(0.001579297 -1.778036e-05 2.173814e-06)
(0.001585603 -1.645901e-05 1.604887e-06)
(0.001591663 -1.523157e-05 1.168398e-06)
(0.001597427 -1.410062e-05 8.494684e-07)
(0.001457361 -5.006251e-06 0.0001837747)
(0.00161654 -1.409933e-05 0.0002415619)
(0.001659134 -2.187794e-05 0.0002169054)
(0.001648078 -2.82855e-05 0.0001619263)
(0.001615872 -3.32367e-05 0.0001111653)
(0.001585399 -3.670674e-05 7.469491e-05)
(0.00156454 -3.877157e-05 5.033052e-05)
(0.001552595 -3.960288e-05 3.448118e-05)
(0.001547475 -3.94263e-05 2.411474e-05)
(0.001547049 -3.847848e-05 1.721408e-05)
(0.001549671 -3.698038e-05 1.251014e-05)
(0.001554181 -3.512239e-05 9.219989e-06)
(0.001559794 -3.305898e-05 6.861803e-06)
(0.001565982 -3.090932e-05 5.135208e-06)
(0.001572403 -2.876088e-05 3.849448e-06)
(0.001578836 -2.667454e-05 2.880407e-06)
(0.001585141 -2.468994e-05 2.144184e-06)
(0.001591228 -2.283021e-05 1.584793e-06)
(0.001597056 -2.110682e-05 1.156754e-06)
(0.001602579 -1.952158e-05 8.462183e-07)
(0.001457394 -6.737048e-06 0.0001836993)
(0.001617031 -1.896031e-05 0.0002413349)
(0.001660601 -2.932778e-05 0.0002165784)
(0.00165082 -3.775864e-05 0.000161574)
(0.001620007 -4.414927e-05 0.0001108268)
(0.001590864 -4.850181e-05 7.438948e-05)
(0.001571158 -5.095833e-05 5.006337e-05)
(0.001560136 -5.178368e-05 3.425201e-05)
(0.001555694 -5.130433e-05 2.392168e-05)
(0.001555717 -4.98496e-05 1.705454e-05)
(0.001558585 -4.771799e-05 1.238131e-05)
(0.001563173 -4.51602e-05 9.119032e-06)
(0.001568727 -4.237487e-05 6.785898e-06)
(0.001574753 -3.951169e-05 5.081641e-06)
(0.001580932 -3.66779e-05 3.815652e-06)
(0.001587064 -3.394614e-05 2.864017e-06)
(0.001593026 -3.136193e-05 2.143002e-06)
(0.001598739 -2.89505e-05 1.596993e-06)
(0.001604173 -2.672255e-05 1.180382e-06)
(0.001609284 -2.467784e-05 8.808477e-07)
(0.001457439 -8.736637e-06 0.000183598)
(0.001617751 -2.455736e-05 0.0002410289)
(0.001662735 -3.782055e-05 0.0002161407)
(0.001654762 -4.8418e-05 0.0001611135)
(0.001625882 -5.624258e-05 0.000110398)
(0.001598538 -6.13606e-05 7.401788e-05)
(0.001580351 -6.402337e-05 4.975433e-05)
(0.001570504 -6.462805e-05 3.400344e-05)
(0.001566884 -6.363141e-05 2.372963e-05)
(0.001567404 -6.1474e-05 1.691417e-05)
(0.001570486 -5.854114e-05 1.228757e-05)
(0.001575057 -5.51465e-05 9.066723e-06)
(0.001580406 -5.153139e-05 6.769843e-06)
(0.001586082 -4.78724e-05 5.096818e-06)
(0.001591801 -4.429203e-05 3.857316e-06)
(0.001597389 -4.087026e-05 2.927836e-06)
(0.001602748 -3.76545e-05 2.225043e-06)
(0.001607813 -3.4669e-05 1.69398e-06)
(0.001612567 -3.192079e-05 1.289105e-06)
(0.001616978 -2.940655e-05 1.000162e-06)
(0.001457515 -1.115786e-05 0.0001834679)
(0.001618829 -3.128518e-05 0.0002406345)
(0.001665842 -4.787804e-05 0.000215586)
(0.001660389 -6.081124e-05 0.0001605559)
(0.00163413 -7.001578e-05 0.0001099113)
(0.001609151 -7.569159e-05 7.363376e-05)
(0.001592883 -7.826847e-05 4.9476e-05)
(0.001584438 -7.833213e-05 3.382379e-05)
(0.00158171 -7.65082e-05 2.363899e-05)
(0.001582658 -7.337044e-05 1.690169e-05)
(0.001585772 -6.940057e-05 1.234214e-05)
(0.001590048 -6.497673e-05 9.177323e-06)
(0.001594846 -6.037973e-05 6.925953e-06)
(0.001599773 -5.580771e-05 5.288771e-06)
(0.001604595 -5.139248e-05 4.076533e-06)
(0.001609181 -4.721567e-05 3.166966e-06)
(0.001613463 -4.33215e-05 2.477894e-06)
(0.001617403 -3.972942e-05 1.955626e-06)
(0.001621004 -3.643904e-05 1.555252e-06)
(0.001624248 -3.344318e-05 1.268856e-06)
(0.001457627 -1.41653e-05 0.0001833115)
(0.00162045 -3.955125e-05 0.000240153)
(0.001670416 -6.002724e-05 0.0002149321)
(0.001668496 -7.548319e-05 0.0001599582)
(0.001645769 -8.595459e-05 0.0001094689)
(0.001623827 -9.187557e-05 7.338163e-05)
(0.00160986 -9.394874e-05 4.940692e-05)
(0.001602914 -9.302184e-05 3.391523e-05)
(0.001600913 -8.99384e-05 2.386466e-05)
(0.001601908 -8.54334e-05 1.723443e-05)
(0.0016045 -8.009777e-05 1.275617e-05)
(0.001607806 -7.437675e-05 9.649398e-06)
(0.001611295 -6.858728e-05 7.436107e-06)
(0.00161467 -6.294239e-05 5.82065e-06)
(0.001617777 -5.757528e-05 4.617294e-06)
(0.001620546 -5.256151e-05 3.70692e-06)
(0.001622956 -4.793496e-05 3.00995e-06)
(0.001625009 -4.370469e-05 2.474779e-06)
(0.001626731 -3.985743e-05 2.05796e-06)
(0.001628128 -3.638064e-05 1.753121e-06)
(0.001457858 -1.823257e-05 0.0001831389)
(0.001623064 -5.045042e-05 0.0002396183)
(0.001677353 -7.559437e-05 0.0002142689)
(0.00168036 -9.370259e-05 0.0001594984)
(0.001662311 -0.0001051029 0.0001093377)
(0.001644097 -0.0001106579 7.359947e-05)
(0.001632592 -0.0001114934 4.992848e-05)
(0.00162679 -0.0001088261 3.467292e-05)
(0.001624724 -0.000103787 2.478957e-05)
(0.001624644 -9.731186e-05 1.826401e-05)
(0.001625384 -9.011796e-05 1.383864e-05)
(0.001626281 -8.271846e-05 1.074482e-05)
(0.001627 -7.545692e-05 8.515794e-06)
(0.001627396 -6.854653e-05 6.865541e-06)
(0.001627433 -6.210566e-05 5.615887e-06)
(0.001627125 -5.618845e-05 4.653196e-06)
(0.001626511 -5.08052e-05 3.90161e-06)
(0.001625632 -4.594401e-05 3.311554e-06)
(0.001624537 -4.156988e-05 2.841257e-06)
(0.001623254 -3.76604e-05 2.482828e-06)
(0.001458241 -2.369572e-05 0.0001829864)
(0.001627335 -6.462895e-05 0.0002391403)
(0.001688221 -9.536392e-05 0.000213839)
(0.001698231 -0.0001162316 0.0001595982)
(0.001686196 -0.0001280303 0.0001100912)
(0.001671981 -0.0001322775 7.494112e-05)
(0.001662119 -0.0001307351 5.169556e-05)
(0.001655735 -0.0001251715 3.668973e-05)
(0.001651264 -0.0001171367 2.690711e-05)
(0.001647459 -0.0001078429 2.037125e-05)
(0.001643636 -9.81573e-05 1.586238e-05)
(0.001639531 -8.864924e-05 1.264321e-05)
(0.001635103 -7.965762e-05 1.027017e-05)
(0.00163041 -7.135843e-05 8.472719e-06)
(0.001625542 -6.381979e-05 7.081861e-06)
(0.001620588 -5.704474e-05 5.988484e-06)
(0.001615621 -5.099701e-05 5.118284e-06)
(0.0016107 -4.562657e-05 4.420721e-06)
(0.001605868 -4.086478e-05 3.853874e-06)
(0.001601157 -3.667055e-05 3.40241e-06)
(0.001459254 -3.257119e-05 0.0001829225)
(0.001635121 -8.600567e-05 0.0002390265)
(0.001705893 -0.0001234738 0.0002142731)
(0.001725274 -0.0001463656 0.0001611817)
(0.001719735 -0.0001567007 0.0001127777)
(0.001707723 -0.0001572492 7.837733e-05)
(0.001695825 -0.0001508918 5.546243e-05)
(0.001684077 -0.0001403103 4.04508e-05)
(0.001672097 -0.0001276632 3.044783e-05)
(0.001659719 -0.0001144736 2.358236e-05)
(0.001647063 -0.0001016923 1.870947e-05)
(0.001634382 -8.98356e-05 1.513759e-05)
(0.001621926 -7.912703e-05 1.24466e-05)
(0.001609882 -6.961316e-05 1.037449e-05)
(0.001598375 -6.124368e-05 8.75191e-06)
(0.001587474 -5.392382e-05 7.464683e-06)
(0.001577206 -4.754098e-05 6.431915e-06)
(0.001567577 -4.198806e-05 5.595396e-06)
(0.001558564 -3.715323e-05 4.909097e-06)
(0.001550166 -3.296671e-05 4.343504e-06)
(0.001461138 -4.510814e-05 0.0001830848)
(0.001649471 -0.0001140102 0.0002399172)
(0.001735518 -0.0001591771 0.0002167246)
(0.001765456 -0.0001826903 0.0001655883)
(0.001762157 -0.0001883006 0.0001184414)
(0.001743982 -0.0001812212 8.435953e-05)
(0.001719977 -0.0001665616 6.107515e-05)
(0.001693134 -0.0001485264 4.534939e-05)
(0.001665428 -0.0001299693 3.454297e-05)
(0.001638154 -0.0001125109 2.692844e-05)
(0.001612137 -9.688211e-05 2.142265e-05)
(0.001587843 -8.327616e-05 1.734724e-05)
(0.001565461 -7.160769e-05 1.427035e-05)
(0.001545006 -6.167321e-05 1.190818e-05)
(0.001526394 -5.323778e-05 1.006792e-05)
(0.001509497 -4.60773e-05 8.61449e-06)
(0.001494168 -3.999168e-05 7.450578e-06)
(0.001480268 -3.481468e-05 6.504844e-06)
(0.001467643 -3.039705e-05 5.725006e-06)
(0.001456207 -2.663855e-05 5.065562e-06)
(0.001467032 -7.272039e-05 0.000183704)
(0.001677833 -0.0001651798 0.0002432412)
(0.001779314 -0.0002140362 0.0002227879)
(0.001808747 -0.0002279573 0.0001732265)
(0.001789069 -0.0002179581 0.0001258718)
(0.001744886 -0.0001949856 9.045294e-05)
(0.001692328 -0.0001674523 6.555191e-05)
(0.001638974 -0.0001405801 4.840672e-05)
(0.00158882 -0.0001167913 3.653134e-05)
(0.00154349 -9.67712e-05 2.819024e-05)
(0.001503337 -8.032923e-05 2.223203e-05)
(0.001468105 -6.695202e-05 1.790038e-05)
(0.001437285 -5.607877e-05 1.469461e-05)
(0.001410312 -4.721144e-05 1.227779e-05)
(0.001386654 -3.994298e-05 1.042002e-05)
(0.001365847 -3.395296e-05 8.96262e-06)
(0.001347491 -2.89904e-05 7.795237e-06)
(0.001331259 -2.486197e-05 6.839541e-06)
(0.001316847 -2.141027e-05 6.042952e-06)
(0.00130407 -1.851967e-05 5.352501e-06)
(0.001480033 -0.0001069555 0.0001848982)
(0.001722312 -0.0002148539 0.0002483918)
(0.001813075 -0.0002570235 0.0002283016)
(0.001798728 -0.0002477651 0.0001763839)
(0.001723075 -0.0002134508 0.0001259733)
(0.001627481 -0.0001731192 8.822554e-05)
(0.001535135 -0.00013639 6.213622e-05)
(0.001453886 -0.0001065645 4.467992e-05)
(0.00138537 -8.354954e-05 3.301312e-05)
(0.001328436 -6.611168e-05 2.513596e-05)
(0.001281184 -5.289033e-05 1.972513e-05)
(0.001241769 -4.276821e-05 1.592478e-05)
(0.001208642 -3.491813e-05 1.318329e-05)
(0.001180576 -2.875079e-05 1.114473e-05)
(0.001156621 -2.384897e-05 9.579343e-06)
(0.001136043 -1.991458e-05 8.338561e-06)
(0.001118264 -1.673027e-05 7.326107e-06)
(0.001102838 -1.413514e-05 6.477534e-06)
(0.001089376 -1.200718e-05 5.753497e-06)
(0.001077632 -1.024507e-05 5.109271e-06)
(0.001501123 -0.0002252936 0.0001847348)
(0.001697896 -0.0003023826 0.0002420914)
(0.00166007 -0.0002737993 0.0002107856)
(0.001536306 -0.0002096534 0.0001518024)
(0.001388105 -0.0001486899 0.0001009329)
(0.001254965 -0.0001028539 6.638275e-05)
(0.001148757 -7.168068e-05 4.46466e-05)
(0.001066394 -5.123681e-05 3.128513e-05)
(0.001002732 -3.770901e-05 2.296766e-05)
(0.0009529323 -2.850827e-05 1.766422e-05)
(0.0009133375 -2.202644e-05 1.416331e-05)
(0.0008813377 -1.731083e-05 1.175038e-05)
(0.0008550947 -1.378861e-05 1.000296e-05)
(0.0008333057 -1.110333e-05 8.671657e-06)
(0.0008150293 -9.023485e-06 7.609448e-06)
(0.0007995726 -7.392375e-06 6.729296e-06)
(0.0007864056 -6.100345e-06 5.979278e-06)
(0.0007751318 -5.067094e-06 5.326162e-06)
(0.00076541 -4.236219e-06 4.751797e-06)
(0.0007570297 -3.549083e-06 4.229695e-06)
(0.001257999 -0.0001529881 0.0001444577)
(0.001193443 -0.0001496316 0.0001525859)
(0.0009390951 -9.184816e-05 0.0001118169)
(0.0007589853 -4.86504e-05 6.752932e-05)
(0.0006293327 -2.47444e-05 4.023038e-05)
(0.0005418355 -1.300253e-05 2.537617e-05)
(0.0004836887 -7.346784e-06 1.719745e-05)
(0.0004431867 -4.476277e-06 1.25283e-05)
(0.000413972 -2.898019e-06 9.7199e-06)
(0.0003920388 -1.965111e-06 7.945369e-06)
(0.0003750533 -1.37364e-06 6.743975e-06)
(0.0003615696 -9.789252e-07 5.866095e-06)
(0.0003506622 -7.056514e-07 5.176151e-06)
(0.0003417107 -5.116286e-07 4.602344e-06)
(0.0003342805 -3.715746e-07 4.106925e-06)
(0.0003280586 -2.691471e-07 3.669795e-06)
(0.0003228066 -1.939705e-07 3.279935e-06)
(0.0003183518 -1.373949e-07 2.929746e-06)
(0.0003145403 -9.647e-08 2.616137e-06)
(0.0003112888 -5.918742e-08 2.32927e-06)
(0.001444723 6.780007e-07 0.0001500276)
(0.001595374 1.924384e-06 0.0002175695)
(0.001670981 3.012456e-06 0.0002097391)
(0.001694947 3.933748e-06 0.0001664043)
(0.001688632 4.679589e-06 0.0001198415)
(0.001674086 5.242006e-06 8.330423e-05)
(0.001662364 5.62245e-06 5.742437e-05)
(0.001655895 5.834404e-06 3.992455e-05)
(0.001654406 5.900336e-06 2.819423e-05)
(0.001656725 5.847126e-06 2.025992e-05)
(0.00166167 5.702257e-06 1.479502e-05)
(0.001668304 5.491225e-06 1.094702e-05)
(0.001675934 5.236131e-06 8.176986e-06)
(0.001684074 4.955142e-06 6.142668e-06)
(0.00169239 4.662515e-06 4.6238e-06)
(0.001700659 4.368945e-06 3.475701e-06)
(0.001708741 4.082097e-06 2.600281e-06)
(0.001716539 3.807104e-06 1.931317e-06)
(0.001724014 3.547241e-06 1.416585e-06)
(0.001731117 3.304114e-06 1.036195e-06)
(0.001444723 -6.780002e-07 0.0001500276)
(0.001595374 -1.924383e-06 0.0002175695)
(0.001670981 -3.012455e-06 0.0002097391)
(0.001694947 -3.933746e-06 0.0001664043)
(0.001688632 -4.679587e-06 0.0001198415)
(0.001674086 -5.242004e-06 8.330423e-05)
(0.001662364 -5.622447e-06 5.742437e-05)
(0.001655895 -5.8344e-06 3.992455e-05)
(0.001654406 -5.900333e-06 2.819423e-05)
(0.001656725 -5.847122e-06 2.025992e-05)
(0.00166167 -5.702252e-06 1.479502e-05)
(0.001668304 -5.491219e-06 1.094702e-05)
(0.001675934 -5.236125e-06 8.176986e-06)
(0.001684074 -4.955136e-06 6.142668e-06)
(0.00169239 -4.662508e-06 4.6238e-06)
(0.001700659 -4.368937e-06 3.475701e-06)
(0.001708741 -4.082089e-06 2.600281e-06)
(0.001716539 -3.807095e-06 1.931317e-06)
(0.001724014 -3.547231e-06 1.416585e-06)
(0.001731117 -3.304102e-06 1.036195e-06)
(0.001444729 -2.054986e-06 0.0001500125)
(0.001595465 -5.833421e-06 0.0002175201)
(0.001671255 -9.125498e-06 0.0002096653)
(0.001695473 -1.190687e-05 0.0001663187)
(0.001689448 -1.415033e-05 0.0001197548)
(0.001675197 -1.583365e-05 8.322248e-05)
(0.001663749 -1.696367e-05 5.734995e-05)
(0.001657516 -1.758355e-05 3.985804e-05)
(0.001656218 -1.776336e-05 2.813546e-05)
(0.00165868 -1.758577e-05 2.020835e-05)
(0.001663724 -1.713468e-05 1.474997e-05)
(0.001670418 -1.648736e-05 1.090777e-05)
(0.001678076 -1.571043e-05 8.142872e-06)
(0.001686218 -1.485835e-05 6.113084e-06)
(0.001694517 -1.397366e-05 4.598227e-06)
(0.001702754 -1.308807e-05 3.453711e-06)
(0.001710792 -1.22242e-05 2.581517e-06)
(0.001718541 -1.139708e-05 1.91553e-06)
(0.001725961 -1.061618e-05 1.403497e-06)
(0.001733006 -9.886043e-06 1.025856e-06)
(0.001444742 -3.498847e-06 0.0001499807)
(0.001595657 -9.93168e-06 0.0002174191)
(0.001671832 -1.551588e-05 0.0002095124)
(0.001696574 -2.021044e-05 0.0001661427)
(0.001691151 -2.396836e-05 0.0001195772)
(0.001677508 -2.675867e-05 8.305584e-05)
(0.001666619 -2.860162e-05 5.719912e-05)
(0.001660865 -2.957892e-05 3.972406e-05)
(0.00165995 -2.981642e-05 2.801785e-05)
(0.001662697 -2.945895e-05 2.010592e-05)
(0.001667936 -2.865097e-05 1.466129e-05)
(0.001674745 -2.752388e-05 1.083138e-05)
(0.001682454 -2.618962e-05 8.077395e-06)
(0.001690593 -2.473874e-05 6.057289e-06)
(0.001698849 -2.324118e-05 4.551048e-06)
(0.001707013 -2.174861e-05 3.414255e-06)
(0.001714957 -2.029734e-05 2.549018e-06)
(0.001722595 -1.891119e-05 1.889425e-06)
(0.001729894 -1.760486e-05 1.38316e-06)
(0.001736809 -1.638492e-05 1.011346e-06)
(0.001444761 -5.06084e-06 0.0001499304)
(0.00159597 -1.436164e-05 0.0002172604)
(0.00167277 -2.239147e-05 0.0002092712)
(0.001698355 -2.908786e-05 0.0001658672)
(0.001693891 -3.438511e-05 0.0001193017)
(0.001681206 -3.825384e-05 8.27999e-05)
(0.001671189 -4.074268e-05 5.697013e-05)
(0.001666171 -4.198785e-05 3.952325e-05)
(0.001665835 -4.218517e-05 2.784416e-05)
(0.001669006 -4.155227e-05 1.99573e-05)
(0.001674526 -4.030102e-05 1.45354e-05)
(0.001681492 -3.862044e-05 1.072589e-05)
(0.001689256 -3.66688e-05 7.990117e-06)
(0.001697369 -3.457211e-05 5.986238e-06)
(0.001705536 -3.242615e-05 4.494459e-06)
(0.001713563 -3.030052e-05 3.370595e-06)
(0.001721333 -2.824323e-05 2.516921e-06)
(0.001728771 -2.628504e-05 1.867822e-06)
(0.00173585 -2.444418e-05 1.370863e-06)
(0.001742529 -2.27281e-05 1.008297e-06)
(0.001444792 -6.810741e-06 0.0001498589)
(0.001596444 -1.931549e-05 0.000217035)
(0.001674178 -3.002538e-05 0.0002089286)
(0.001701003 -3.885059e-05 0.0001654809)
(0.001697927 -4.571269e-05 0.0001189215)
(0.001686607 -5.060388e-05 8.245379e-05)
(0.001677811 -5.362687e-05 5.666774e-05)
(0.001673803 -5.499805e-05 3.926541e-05)
(0.001674245 -5.500466e-05 2.762864e-05)
(0.001677967 -5.395224e-05 1.978064e-05)
(0.001683831 -5.212919e-05 1.43939e-05)
(0.001690966 -4.978626e-05 1.061588e-05)
(0.001698752 -4.71287e-05 7.908092e-06)
(0.001706771 -4.431644e-05 5.928961e-06)
(0.001714751 -4.146847e-05 4.458951e-06)
(0.00172252 -3.866937e-05 3.354177e-06)
(0.001729977 -3.597592e-05 2.517148e-06)
(0.00173706 -3.342336e-05 1.882684e-06)
(0.001743752 -3.103123e-05 1.398233e-06)
(0.001750018 -2.88065e-05 1.047738e-06)
(0.001444835 -8.831797e-06 0.0001497639)
(0.001597142 -2.502022e-05 0.0002167339)
(0.00167623 -3.873394e-05 0.0002084729)
(0.001704815 -4.985168e-05 0.0001649782)
(0.00170367 -5.82963e-05 0.0001184413)
(0.001694207 -6.411478e-05 8.203365e-05)
(0.00168703 -6.750334e-05 5.631913e-05)
(0.001684325 -6.879544e-05 3.898742e-05)
(0.001685731 -6.839882e-05 2.741646e-05)
(0.001690093 -6.672637e-05 1.962795e-05)
(0.001696307 -6.415382e-05 1.429411e-05)
(0.001703546 -6.099796e-05 1.056248e-05)
(0.001711231 -5.751099e-05 7.894815e-06)
(0.001718984 -5.38843e-05 5.949938e-06)
(0.001726566 -5.025655e-05 4.508786e-06)
(0.001733836 -4.67235e-05 3.428042e-06)
(0.001740714 -4.334708e-05 2.610723e-06)
(0.001747156 -4.016424e-05 1.992411e-06)
(0.001753162 -3.719298e-05 1.520643e-06)
(0.001758705 -3.443887e-05 1.181686e-06)
(0.001444907 -1.127659e-05 0.0001496436)
(0.001598188 -3.187433e-05 0.0002163491)
(0.001679225 -4.904939e-05 0.0002078982)
(0.00171027 -6.265776e-05 0.0001643699)
(0.001711756 -7.266318e-05 0.0001178951)
(0.001704749 -7.923057e-05 8.159816e-05)
(0.001699642 -8.271359e-05 5.600504e-05)
(0.001698527 -8.361627e-05 3.878828e-05)
(0.001701024 -8.250526e-05 2.732046e-05)
(0.001706009 -7.99244e-05 1.962136e-05)
(0.001712432 -7.634861e-05 1.436305e-05)
(0.001719528 -7.216469e-05 1.069357e-05)
(0.001726781 -6.767084e-05 8.075687e-06)
(0.001733871 -6.308641e-05 6.169517e-06)
(0.001740611 -5.856509e-05 4.757466e-06)
(0.0017469 -5.420913e-05 3.697741e-06)
(0.001752696 -5.008114e-05 2.894729e-06)
(0.001757982 -4.621628e-05 2.28546e-06)
(0.001762782 -4.262737e-05 1.818155e-06)
(0.001767089 -3.931793e-05 1.48179e-06)
(0.001445013 -1.43085e-05 0.0001495047)
(0.001599766 -4.028884e-05 0.0002158921)
(0.00168365 -6.151076e-05 0.0002072337)
(0.001718157 -7.783628e-05 0.0001637253)
(0.001723209 -8.933247e-05 0.0001174007)
(0.001719391 -9.63733e-05 8.13115e-05)
(0.001716819 -9.955677e-05 5.592754e-05)
(0.001717475 -9.962737e-05 3.889618e-05)
(0.001720976 -9.735993e-05 2.758247e-05)
(0.00172626 -9.346e-05 2.000465e-05)
(0.001732374 -8.851849e-05 1.483676e-05)
(0.001738659 -8.2999e-05 1.123039e-05)
(0.001744707 -7.724606e-05 8.652699e-06)
(0.001750294 -7.150329e-05 6.768352e-06)
(0.001755315 -6.593357e-05 5.364016e-06)
(0.00175974 -6.063918e-05 4.301596e-06)
(0.001763581 -5.56769e-05 3.488427e-06)
(0.001766864 -5.107466e-05 2.863876e-06)
(0.001769647 -4.683443e-05 2.37768e-06)
(0.00177195 -4.295609e-05 2.020804e-06)
(0.001445237 -1.839694e-05 0.0001493579)
(0.001602324 -5.135747e-05 0.0002153966)
(0.001690393 -7.745329e-05 0.0002065696)
(0.001729758 -9.667967e-05 0.0001632281)
(0.001739582 -0.0001093857 0.0001172415)
(0.001739751 -0.0001163337 8.15398e-05)
(0.001740001 -0.0001185051 5.65048e-05)
(0.001742188 -0.0001169872 3.974707e-05)
(0.00174598 -0.0001128343 2.862595e-05)
(0.001750474 -0.0001069599 2.116657e-05)
(0.001754927 -0.0001000961 1.605611e-05)
(0.001758898 -9.279212e-05 1.246091e-05)
(0.001762176 -8.543547e-05 9.861838e-06)
(0.001764704 -7.828348e-05 7.93514e-06)
(0.00176651 -7.14943e-05 6.476326e-06)
(0.001767661 -6.515563e-05 5.353562e-06)
(0.001768243 -5.930494e-05 4.478271e-06)
(0.001768335 -5.395153e-05 3.79202e-06)
(0.001768025 -4.907645e-05 3.246142e-06)
(0.001767366 -4.467058e-05 2.830411e-06)
(0.001445609 -2.387074e-05 0.0001492569)
(0.001606528 -6.571902e-05 0.0002150131)
(0.001701027 -9.76642e-05 0.0002061972)
(0.001747361 -0.0001199676 0.0001633544)
(0.001763419 -0.0001334215 0.0001180557)
(0.001768029 -0.0001393786 8.300957e-05)
(0.001770448 -0.0001393982 5.84645e-05)
(0.001772536 -0.0001350888 4.199861e-05)
(0.001774276 -0.0001279258 3.099568e-05)
(0.001775228 -0.0001191225 2.35241e-05)
(0.001775131 -0.0001095933 1.831598e-05)
(0.001773961 -9.997398e-05 1.457523e-05)
(0.001771835 -9.06716e-05 1.181034e-05)
(0.00176893 -8.192277e-05 9.715649e-06)
(0.001765429 -7.384516e-05 8.09712e-06)
(0.001761499 -6.648012e-05 6.827806e-06)
(0.001757279 -5.981989e-05 5.820508e-06)
(0.001752882 -5.383502e-05 5.015469e-06)
(0.001748396 -4.847094e-05 4.363371e-06)
(0.00174389 -4.369858e-05 3.846439e-06)
(0.00144661 -3.273227e-05 0.0001492541)
(0.001614257 -8.726215e-05 0.0002150034)
(0.001718474 -0.0001262574 0.000206705)
(0.001774267 -0.0001509886 0.0001650179)
(0.001797266 -0.0001633982 0.0001209182)
(0.001804737 -0.0001659834 8.673705e-05)
(0.001805725 -0.0001613409 6.260119e-05)
(0.001802816 -0.0001519757 4.615529e-05)
(0.001797106 -0.0001400091 3.491639e-05)
(0.001789258 -0.0001270256 2.707646e-05)
(0.001779873 -0.0001140809 2.145764e-05)
(0.001769522 -0.0001017995 1.731908e-05)
(0.001758675 -9.049833e-05 1.419734e-05)
(0.001747692 -8.029568e-05 1.17966e-05)
(0.001736827 -7.119301e-05 9.921949e-06)
(0.00172625 -6.313105e-05 8.440081e-06)
(0.00171607 -5.602054e-05 7.255745e-06)
(0.001706354 -4.976919e-05 6.300251e-06)
(0.001697131 -4.427353e-05 5.51915e-06)
(0.001688432 -3.947152e-05 4.879825e-06)
(0.001448491 -4.521933e-05 0.0001495563)
(0.001628621 -0.0001153485 0.0002161254)
(0.001747989 -0.0001623891 0.0002093645)
(0.001814634 -0.0001882058 0.000169665)
(0.001840538 -0.0001963121 0.0001269551)
(0.001842469 -0.0001914814 9.319979e-05)
(0.001831554 -0.0001784606 6.871389e-05)
(0.001813223 -0.0001613267 5.150034e-05)
(0.001791018 -0.0001430085 3.9372e-05)
(0.001767221 -0.0001252936 3.069628e-05)
(0.001743292 -0.0001090861 2.437302e-05)
(0.001720124 -9.471918e-05 1.967879e-05)
(0.001698201 -8.22063e-05 1.61365e-05)
(0.001677746 -7.140791e-05 1.342432e-05)
(0.001658824 -6.212771e-05 1.131953e-05)
(0.001641411 -5.416338e-05 9.664347e-06)
(0.001625436 -4.732596e-05 8.344522e-06)
(0.001610815 -4.145406e-05 7.27657e-06)
(0.001597434 -3.639886e-05 6.398848e-06)
(0.001585233 -3.206163e-05 5.662018e-06)
(0.001454448 -7.278175e-05 0.0001502114)
(0.001657208 -0.0001664045 0.0002193039)
(0.001791913 -0.0002173702 0.000215277)
(0.001858363 -0.0002339805 0.0001773265)
(0.001868128 -0.0002266926 0.0001345986)
(0.001843616 -0.000205826 9.954876e-05)
(0.001802896 -0.0001794541 7.335945e-05)
(0.00175625 -0.000152858 5.460177e-05)
(0.001709581 -0.0001287155 4.130395e-05)
(0.001665762 -0.0001079767 3.184456e-05)
(0.001625919 -9.064836e-05 2.50502e-05)
(0.001590278 -7.633988e-05 2.010674e-05)
(0.001558628 -6.455784e-05 1.645615e-05)
(0.001530594 -5.483709e-05 1.371462e-05)
(0.001505764 -4.678397e-05 1.161686e-05)
(0.001483747 -4.008115e-05 9.978717e-06)
(0.001464192 -3.447567e-05 8.671837e-06)
(0.001446803 -2.976994e-05 7.605796e-06)
(0.001431292 -2.580115e-05 6.719257e-06)
(0.001417483 -2.244988e-05 5.955653e-06)
(0.001467653 -0.0001070646 0.0001516574)
(0.00170191 -0.0002153536 0.0002243398)
(0.001825189 -0.0002593804 0.0002206106)
(0.001846903 -0.0002528543 0.0001802603)
(0.00179865 -0.0002210156 0.0001342773)
(0.001719572 -0.0001821958 9.661307e-05)
(0.001635516 -0.0001458919 6.903199e-05)
(0.001557683 -0.0001157413 4.99144e-05)
(0.001489932 -9.202687e-05 3.689612e-05)
(0.001432401 -7.376393e-05 2.80323e-05)
(0.001383891 -5.972086e-05 2.193234e-05)
(0.001342929 -4.883452e-05 1.765678e-05)
(0.001308167 -4.029494e-05 1.458549e-05)
(0.001278485 -3.351392e-05 1.231319e-05)
(0.001252987 -2.806912e-05 1.057674e-05)
(0.001230969 -2.365544e-05 9.205814e-06)
(0.001211861 -2.004839e-05 8.090192e-06)
(0.001195223 -1.708038e-05 7.156925e-06)
(0.001180657 -1.462342e-05 6.36089e-06)
(0.001167917 -1.257078e-05 5.655439e-06)
(0.001489239 -0.0002259122 0.0001512991)
(0.001677107 -0.0003015371 0.0002172838)
(0.001669032 -0.0002739128 0.0002024487)
(0.001575701 -0.0002120515 0.0001542218)
(0.001447665 -0.0001526814 0.0001067928)
(0.001324385 -0.0001074603 7.192312e-05)
(0.001221657 -7.619476e-05 4.886392e-05)
(0.001139705 -5.536665e-05 3.430383e-05)
(0.001075106 -4.139171e-05 2.514436e-05)
(0.001023848 -3.176363e-05 1.929399e-05)
(0.0009826447 -2.489676e-05 1.5444e-05)
(0.0009490577 -1.984023e-05 1.28042e-05)
(0.000921324 -1.601801e-05 1.090286e-05)
(0.0008981705 -1.30694e-05 9.460507e-06)
(0.0008786627 -1.075862e-05 8.312495e-06)
(0.0008621038 -8.924989e-06 7.361835e-06)
(0.0008479548 -7.455272e-06 6.550973e-06)
(0.0008358085 -6.265953e-06 5.843884e-06)
(0.0008253114 -5.297948e-06 5.220468e-06)
(0.0008162442 -4.48907e-06 4.654353e-06)
(0.001247624 -0.0001540988 0.0001193674)
(0.00117554 -0.0001484554 0.0001370393)
(0.0009408079 -9.075208e-05 0.0001072377)
(0.0007747885 -4.81402e-05 6.816162e-05)
(0.0006525496 -2.45828e-05 4.167867e-05)
(0.0005678187 -1.305715e-05 2.650523e-05)
(0.0005103183 -7.511453e-06 1.796336e-05)
(0.0004696141 -4.694111e-06 1.308161e-05)
(0.0004398572 -3.132882e-06 1.016479e-05)
(0.0004172767 -2.196778e-06 8.337263e-06)
(0.0003996382 -1.592082e-06 7.109118e-06)
(0.0003855409 -1.179828e-06 6.214765e-06)
(0.000374076 -8.878228e-07 5.510788e-06)
(0.0003646269 -6.754438e-07 4.922074e-06)
(0.0003567566 -5.1815e-07 4.40991e-06)
(0.0003501473 -3.99899e-07 3.9544e-06)
(0.0003445549 -3.103874e-07 3.54501e-06)
(0.0003398011 -2.408821e-07 3.174951e-06)
(0.0003357262 -1.884078e-07 2.841417e-06)
(0.0003322437 -1.402387e-07 2.535589e-06)
(0.001434029 6.845274e-07 0.0001210913)
(0.001571163 1.954498e-06 0.0001907729)
(0.001667491 3.068836e-06 0.0001949309)
(0.001720714 4.018046e-06 0.0001627842)
(0.001740781 4.796534e-06 0.0001222671)
(0.001745552 5.398529e-06 8.767781e-05)
(0.001746768 5.824662e-06 6.174482e-05)
(0.00174897 6.08535e-06 4.351299e-05)
(0.001753511 6.199443e-06 3.097945e-05)
(0.001760256 6.190739e-06 2.236512e-05)
(0.001768628 6.084556e-06 1.63746e-05)
(0.001778043 5.905151e-06 1.21342e-05)
(0.001788016 5.674159e-06 9.074149e-06)
(0.001798185 5.409857e-06 6.825094e-06)
(0.001808298 5.12701e-06 5.145968e-06)
(0.001818183 4.837055e-06 3.876997e-06)
(0.001827735 4.548519e-06 2.909472e-06)
(0.001836882 4.267415e-06 2.16962e-06)
(0.001845605 3.997882e-06 1.599958e-06)
(0.001853862 3.742298e-06 1.177159e-06)
(0.001434029 -6.845268e-07 0.0001210913)
(0.001571163 -1.954497e-06 0.0001907729)
(0.001667491 -3.068835e-06 0.0001949309)
(0.001720714 -4.018044e-06 0.0001627842)
(0.001740781 -4.796532e-06 0.0001222671)
(0.001745552 -5.398527e-06 8.767781e-05)
(0.001746768 -5.824659e-06 6.174482e-05)
(0.00174897 -6.085346e-06 4.351299e-05)
(0.001753511 -6.199439e-06 3.097945e-05)
(0.001760256 -6.190735e-06 2.236512e-05)
(0.001768628 -6.084552e-06 1.63746e-05)
(0.001778043 -5.905146e-06 1.21342e-05)
(0.001788016 -5.674153e-06 9.074149e-06)
(0.001798185 -5.409851e-06 6.825094e-06)
(0.001808298 -5.127003e-06 5.145968e-06)
(0.001818183 -4.837048e-06 3.876997e-06)
(0.001827735 -4.54851e-06 2.909472e-06)
(0.001836882 -4.267405e-06 2.16962e-06)
(0.001845605 -3.997871e-06 1.599958e-06)
(0.001853862 -3.742286e-06 1.177159e-06)
(0.001434035 -2.074894e-06 0.0001210772)
(0.001571252 -5.924824e-06 0.0001907257)
(0.001667756 -9.29702e-06 0.000194857)
(0.001721221 -1.21634e-05 0.0001626951)
(0.001741571 -1.450637e-05 0.0001221745)
(0.001746636 -1.631013e-05 8.75894e-05)
(0.001748132 -1.757885e-05 6.166405e-05)
(0.001750581 -1.834627e-05 4.344092e-05)
(0.001755328 -1.867143e-05 3.091599e-05)
(0.001762233 -1.862775e-05 2.230966e-05)
(0.001770724 -1.829261e-05 1.632634e-05)
(0.001780218 -1.773968e-05 1.209228e-05)
(0.001790237 -1.703427e-05 9.037799e-06)
(0.001800426 -1.623129e-05 6.793623e-06)
(0.001810536 -1.537487e-05 5.118796e-06)
(0.001820403 -1.449904e-05 3.853651e-06)
(0.001829923 -1.362904e-05 2.889564e-06)
(0.001839029 -1.278257e-05 2.152876e-06)
(0.001847704 -1.197172e-05 1.586085e-06)
(0.001855909 -1.120335e-05 1.166207e-06)
(0.001434047 -3.532976e-06 0.0001210479)
(0.001571439 -1.008781e-05 0.0001906291)
(0.001668313 -1.580968e-05 0.000194704)
(0.001722282 -2.065027e-05 0.0001625118)
(0.00174322 -2.457941e-05 0.0001219849)
(0.001748892 -2.757631e-05 8.740918e-05)
(0.001750961 -2.965599e-05 6.150037e-05)
(0.001753913 -3.088367e-05 4.329579e-05)
(0.001759075 -3.136634e-05 3.078911e-05)
(0.001766303 -3.123321e-05 2.219965e-05)
(0.001775028 -3.061807e-05 1.623149e-05)
(0.001784677 -2.964655e-05 1.201086e-05)
(0.001794783 -2.842879e-05 8.968203e-06)
(0.001805004 -2.70564e-05 6.734439e-06)
(0.001815103 -2.560233e-05 5.068823e-06)
(0.001824923 -2.412227e-05 3.811903e-06)
(0.00183437 -2.265711e-05 2.855207e-06)
(0.001843384 -2.123522e-05 2.125303e-06)
(0.001851951 -1.987572e-05 1.564631e-06)
(0.001860037 -1.858908e-05 1.15093e-06)
(0.001434066 -5.110482e-06 0.0001210016)
(0.001571746 -1.458868e-05 0.0001904779)
(0.001669221 -2.28199e-05 0.0001944633)
(0.001724001 -2.973047e-05 0.0001622255)
(0.001745877 -3.527921e-05 0.0001216911)
(0.001752507 -3.944993e-05 8.713265e-05)
(0.001755468 -4.228218e-05 6.125217e-05)
(0.001759196 -4.388741e-05 4.307865e-05)
(0.00176499 -4.443398e-05 3.060217e-05)
(0.001772702 -4.411734e-05 2.204053e-05)
(0.001781771 -4.313478e-05 1.609739e-05)
(0.00179164 -4.166789e-05 1.189897e-05)
(0.001801861 -3.98732e-05 8.875957e-06)
(0.00181211 -3.787894e-05 6.659558e-06)
(0.001822167 -3.578571e-05 5.009329e-06)
(0.00183189 -3.366926e-05 3.766111e-06)
(0.001841197 -3.158434e-05 2.821644e-06)
(0.001850037 -2.956831e-05 2.102822e-06)
(0.001858404 -2.764576e-05 1.551985e-06)
(0.001866267 -2.582956e-05 1.148059e-06)
(0.001434095 -6.877536e-06 0.0001209361)
(0.001572211 -1.962224e-05 0.0001902639)
(0.001670584 -3.060645e-05 0.0001941223)
(0.001726558 -3.972485e-05 0.0001618246)
(0.001749793 -4.693186e-05 0.0001212858)
(0.001757791 -5.223444e-05 8.675872e-05)
(0.001762009 -5.572034e-05 6.092456e-05)
(0.001766808 -5.757102e-05 4.280022e-05)
(0.001773459 -5.803662e-05 3.037087e-05)
(0.001781811 -5.739383e-05 2.18523e-05)
(0.001791317 -5.591297e-05 1.59477e-05)
(0.001801445 -5.383651e-05 1.178342e-05)
(0.001811773 -5.136883e-05 8.79044e-06)
(0.001822003 -4.867408e-05 6.600372e-06)
(0.001831939 -4.587854e-05 4.973163e-06)
(0.001841458 -4.307555e-05 3.750051e-06)
(0.001850495 -4.033117e-05 2.823075e-06)
(0.001859012 -3.768958e-05 2.119621e-06)
(0.001867012 -3.517871e-05 1.581927e-06)
(0.001874472 -3.281265e-05 1.19071e-06)
(0.001434137 -8.917625e-06 0.0001208505)
(0.001572894 -2.541843e-05 0.0001899809)
(0.001672573 -3.949234e-05 0.0001936719)
(0.001730246 -5.099781e-05 0.000161305)
(0.001755375 -5.989944e-05 0.0001207752)
(0.00176524 -6.625829e-05 8.630572e-05)
(0.001771135 -7.024662e-05 6.054772e-05)
(0.00177733 -7.215022e-05 4.250122e-05)
(0.001785061 -7.232877e-05 3.01448e-05)
(0.001794181 -7.115961e-05 2.169176e-05)
(0.001804168 -6.899768e-05 1.584477e-05)
(0.001814523 -6.615176e-05 1.173039e-05)
(0.001824864 -6.287533e-05 8.780105e-06)
(0.001834926 -5.93671e-05 6.626156e-06)
(0.001844545 -5.577643e-05 5.029167e-06)
(0.001853626 -5.221128e-05 3.831096e-06)
(0.001862127 -4.874593e-05 2.924604e-06)
(0.001870029 -4.542897e-05 2.237921e-06)
(0.001877352 -4.228913e-05 1.7134e-06)
(0.001884085 -3.934098e-05 1.334248e-06)
(0.001434207 -1.138252e-05 0.0001207437)
(0.001573922 -3.237704e-05 0.0001896226)
(0.001675483 -5.001513e-05 0.0001931073)
(0.001735535 -6.412714e-05 0.0001606781)
(0.001763253 -7.472761e-05 0.0001201945)
(0.001775602 -8.199091e-05 8.583504e-05)
(0.00178366 -8.623309e-05 6.02074e-05)
(0.001791587 -8.789421e-05 4.22876e-05)
(0.001800579 -8.748037e-05 3.004515e-05)
(0.001810503 -8.549328e-05 2.169014e-05)
(0.001820877 -8.238565e-05 1.592492e-05)
(0.001831252 -7.853833e-05 1.187693e-05)
(0.0018413 -7.425487e-05 8.979071e-06)
(0.001850811 -6.97668e-05 6.865364e-06)
(0.001859668 -6.524347e-05 5.29826e-06)
(0.00186782 -6.080389e-05 4.121521e-06)
(0.001875261 -5.652701e-05 3.229362e-06)
(0.001882003 -5.246292e-05 2.551605e-06)
(0.001888094 -4.86378e-05 2.031319e-06)
(0.001893542 -4.506633e-05 1.6547e-06)
(0.00143431 -1.443434e-05 0.0001206263)
(0.001575477 -4.091024e-05 0.0001892106)
(0.001679794 -6.271967e-05 0.0001924692)
(0.001743207 -7.969257e-05 0.0001600237)
(0.001774451 -9.195563e-05 0.0001196728)
(0.001790054 -9.98816e-05 8.552456e-05)
(0.001800803 -0.0001040105 6.012177e-05)
(0.00181072 -0.0001050014 4.240532e-05)
(0.001820965 -0.0001035541 3.033213e-05)
(0.001831438 -0.000100326 2.210921e-05)
(0.001841728 -9.588672e-05 1.644101e-05)
(0.001851481 -9.069911e-05 1.245933e-05)
(0.001860465 -8.51205e-05 9.602468e-06)
(0.001868563 -7.941462e-05 7.509862e-06)
(0.001875744 -7.37674e-05 5.948904e-06)
(0.001882026 -6.830417e-05 4.767527e-06)
(0.001887467 -6.310314e-05 3.863177e-06)
(0.001892127 -5.821104e-05 3.168205e-06)
(0.001896093 -5.364589e-05 2.627196e-06)
(0.001899409 -4.942114e-05 2.228707e-06)
(0.001434529 -1.853623e-05 0.0001205091)
(0.001578005 -5.210187e-05 0.0001887772)
(0.001686393 -7.893359e-05 0.0001918447)
(0.001754546 -9.898689e-05 0.000159524)
(0.001790548 -0.0001126761 0.0001194984)
(0.001810277 -0.0001207408 8.575384e-05)
(0.001824113 -0.0001240732 6.07296e-05)
(0.001835893 -0.0001236461 4.331504e-05)
(0.00184677 -0.000120422 3.145467e-05)
(0.001856758 -0.0001152628 2.33613e-05)
(0.001865625 -0.0001088859 1.775401e-05)
(0.001873218 -0.0001018518 1.378165e-05)
(0.0018795 -9.457449e-05 1.089846e-05)
(0.001884527 -8.73442e-05 8.757165e-06)
(0.001888408 -8.035267e-05 7.13513e-06)
(0.001891277 -7.37187e-05 5.88721e-06)
(0.001893274 -6.75067e-05 4.915205e-06)
(0.001894525 -6.174842e-05 4.153771e-06)
(0.00189516 -5.644288e-05 3.548939e-06)
(0.001895263 -5.159631e-05 3.088427e-06)
(0.001434896 -2.401174e-05 0.0001204604)
(0.001582181 -6.658053e-05 0.0001885071)
(0.001696856 -9.943264e-05 0.0001915645)
(0.001771861 -0.0001227813 0.0001596928)
(0.001814158 -0.0001374838 0.0001203497)
(0.00183861 -0.0001448324 8.729395e-05)
(0.001855039 -0.0001462462 6.280423e-05)
(0.001867174 -0.0001431793 4.571564e-05)
(0.001876386 -0.0001369993 3.398998e-05)
(0.001883093 -0.0001288746 2.588519e-05)
(0.001887523 -0.0001197253 2.017045e-05)
(0.001889944 -0.0001102232 1.603742e-05)
(0.001890665 -0.0001008246 1.297188e-05)
(0.001890004 -9.181673e-05 1.064703e-05)
(0.001888254 -8.336305e-05 8.851821e-06)
(0.001885671 -7.554335e-05 7.446268e-06)
(0.00188247 -6.838052e-05 6.333332e-06)
(0.001878825 -6.186879e-05 5.446e-06)
(0.001874882 -5.597095e-05 4.729122e-06)
(0.001870745 -5.06731e-05 4.162983e-06)
(0.001435893 -3.284056e-05 0.0001205142)
(0.001589906 -8.817448e-05 0.0001886042)
(0.001714148 -0.000128254 0.000192148)
(0.00179855 -0.0001542902 0.0001613907)
(0.001848005 -0.0001682668 0.0001232784)
(0.001875799 -0.0001725471 9.116186e-05)
(0.001891347 -0.0001695058 6.714765e-05)
(0.001898912 -0.0001614475 5.011115e-05)
(0.001900873 -0.0001503887 3.814789e-05)
(0.00189872 -0.0001379045 2.965162e-05)
(0.001893577 -0.0001251016 2.34942e-05)
(0.001886361 -0.0001126808 1.89314e-05)
(0.001877793 -0.0001010364 1.54816e-05)
(0.001868424 -9.03539e-05 1.28293e-05)
(0.001858657 -8.068797e-05 1.07622e-05)
(0.001848784 -7.20191e-05 9.132878e-06)
(0.001839005 -6.428664e-05 7.834938e-06)
(0.001829464 -5.74183e-05 6.791376e-06)
(0.001820247 -5.132356e-05 5.940974e-06)
(0.001811431 -4.595213e-05 5.24897e-06)
(0.001437785 -4.526931e-05 0.0001209399)
(0.001604352 -0.0001162027 0.0001899181)
(0.001743593 -0.0001644515 0.0001949372)
(0.001838891 -0.0001918252 0.00016611)
(0.001891651 -0.0002018144 0.0001294431)
(0.001914446 -0.0001989296 9.784074e-05)
(0.001918423 -0.0001875793 7.351991e-05)
(0.001910495 -0.0001716192 5.570102e-05)
(0.001895478 -0.0001539303 4.27992e-05)
(0.001876583 -0.0001363712 3.341032e-05)
(0.001855917 -0.0001199643 2.650015e-05)
(0.001834829 -0.0001051593 2.134759e-05)
(0.001814135 -9.206443e-05 1.745674e-05)
(0.001794299 -8.060918e-05 1.448283e-05)
(0.001775564 -7.064447e-05 1.218214e-05)
(0.001758038 -6.199862e-05 1.037969e-05)
(0.001741745 -5.450174e-05 8.947955e-06)
(0.001726673 -4.80038e-05 7.79384e-06)
(0.001712758 -4.236175e-05 6.848183e-06)
(0.001699978 -3.74826e-05 6.059315e-06)
(0.001443815 -7.273493e-05 0.0001216061)
(0.00163321 -0.0001669013 0.0001928507)
(0.001787589 -0.0002190034 0.0002004961)
(0.00188275 -0.0002373336 0.0001734882)
(0.001919583 -0.0002321474 0.000136975)
(0.0019158 -0.0002132888 0.0001041823)
(0.001889195 -0.0001883892 7.815076e-05)
(0.001851602 -0.0001625818 5.87241e-05)
(0.001810451 -0.0001386311 4.459079e-05)
(0.001769785 -0.0001176607 3.438415e-05)
(0.001731544 -9.984426e-05 2.699835e-05)
(0.001696497 -8.491479e-05 2.161269e-05)
(0.001664797 -7.245951e-05 1.76402e-05)
(0.00163631 -6.206161e-05 1.466638e-05)
(0.001610783 -5.335462e-05 1.240017e-05)
(0.001587936 -4.603545e-05 1.063796e-05)
(0.001567488 -3.985769e-05 9.237436e-06)
(0.00154919 -3.462598e-05 8.098847e-06)
(0.001532784 -3.017688e-05 7.154002e-06)
(0.001518115 -2.639105e-05 6.344574e-06)
(0.001457218 -0.0001070797 0.0001232768)
(0.001678208 -0.000215082 0.0001976965)
(0.001820562 -0.0002596996 0.0002055467)
(0.001870386 -0.0002548298 0.0001761466)
(0.001847923 -0.0002250653 0.0001363)
(0.001787276 -0.0001880004 0.0001007033)
(0.001714401 -0.0001527045 7.310046e-05)
(0.001642632 -0.0001228649 5.324246e-05)
(0.001577739 -9.899959e-05 3.942463e-05)
(0.001521185 -8.033764e-05 2.991369e-05)
(0.001472581 -6.578868e-05 2.334476e-05)
(0.00143094 -5.436785e-05 1.874497e-05)
(0.001395194 -4.53048e-05 1.545258e-05)
(0.001364392 -3.802989e-05 1.302808e-05)
(0.001337738 -3.212847e-05 1.118385e-05)
(0.001314584 -2.729768e-05 9.733376e-06)
(0.001294395 -2.331242e-05 8.55604e-06)
(0.001276745 -2.000318e-05 7.572839e-06)
(0.001261243 -1.723941e-05 6.734416e-06)
(0.001247647 -1.491169e-05 5.993843e-06)
(0.001479202 -0.0002262367 0.0001227916)
(0.001653691 -0.0003001591 0.0001903311)
(0.001663481 -0.000272361 0.0001876233)
(0.001594792 -0.0002119894 0.0001499419)
(0.001487009 -0.0001542111 0.0001077425)
(0.001376144 -0.0001100563 7.431755e-05)
(0.001279594 -7.923044e-05 5.109236e-05)
(0.001200157 -5.845454e-05 3.599161e-05)
(0.00113613 -4.435012e-05 2.636246e-05)
(0.001084477 -3.451797e-05 2.018907e-05)
(0.001042424 -2.742235e-05 1.613486e-05)
(0.001007803 -2.213474e-05 1.336834e-05)
(0.0009789908 -1.80901e-05 1.138631e-05)
(0.0009547877 -1.493309e-05 9.889166e-06)
(0.0009342948 -1.24303e-05 8.700346e-06)
(0.0009168304 -1.04217e-05 7.716367e-06)
(0.0009018593 -8.793666e-06 6.876168e-06)
(0.0008889724 -7.461764e-06 6.142353e-06)
(0.0008778103 -6.365843e-06 5.493693e-06)
(0.0008681492 -5.441508e-06 4.904971e-06)
(0.001238826 -0.0001549155 9.797027e-05)
(0.001157286 -0.0001473451 0.0001204176)
(0.0009358426 -8.939898e-05 9.953811e-05)
(0.0007822964 -4.726046e-05 6.604331e-05)
(0.0006682621 -2.41096e-05 4.137576e-05)
(0.0005875475 -1.288093e-05 2.655719e-05)
(0.0005316914 -7.511524e-06 1.801545e-05)
(0.0004914839 -4.795868e-06 1.311621e-05)
(0.0004616655 -3.287159e-06 1.020531e-05)
(0.000438773 -2.373209e-06 8.397452e-06)
(0.0004207217 -1.773228e-06 7.192633e-06)
(0.0004061874 -1.356069e-06 6.318968e-06)
(0.0003942988 -1.054212e-06 5.630339e-06)
(0.000384456 -8.297091e-07 5.051091e-06)
(0.0003762285 -6.595359e-07 4.543066e-06)
(0.000369299 -5.284939e-07 4.087446e-06)
(0.0003634214 -4.267312e-07 3.674693e-06)
(0.0003584148 -3.457048e-07 3.299207e-06)
(0.0003541156 -2.82596e-07 2.958635e-06)
(0.0003504352 -2.241568e-07 2.645579e-06)
(0.001425509 6.904017e-07 9.678794e-05)
(0.001547358 1.98118e-06 0.0001635394)
(0.001654383 3.117928e-06 0.0001753166)
(0.001729113 4.088803e-06 0.0001528917)
(0.001772164 4.890766e-06 0.0001191757)
(0.001795945 5.521319e-06 8.797112e-05)
(0.001811095 5.982192e-06 6.326648e-05)
(0.00182318 6.28242e-06 4.521546e-05)
(0.001834782 6.438177e-06 3.247761e-05)
(0.001846724 6.470411e-06 2.357205e-05)
(0.001859067 6.402042e-06 1.731338e-05)
(0.00187163 6.255617e-06 1.28564e-05)
(0.001884185 6.051756e-06 9.630154e-06)
(0.001896536 5.808318e-06 7.255804e-06)
(0.001908535 5.540106e-06 5.48231e-06)
(0.001425509 -6.904012e-07 9.678794e-05)
(0.001547358 -1.981179e-06 0.0001635394)
(0.001654383 -3.117926e-06 0.0001753166)
(0.001729113 -4.088801e-06 0.0001528917)
(0.001772164 -4.890764e-06 0.0001191757)
(0.001795945 -5.521317e-06 8.797112e-05)
(0.001811095 -5.98219e-06 6.326648e-05)
(0.00182318 -6.282417e-06 4.521546e-05)
(0.001834782 -6.438173e-06 3.247761e-05)
(0.001846724 -6.470407e-06 2.357205e-05)
(0.001859067 -6.402037e-06 1.731338e-05)
(0.00187163 -6.255611e-06 1.28564e-05)
(0.001884185 -6.05175e-06 9.630154e-06)
(0.001896536 -5.808311e-06 7.255804e-06)
(0.001908535 -5.540099e-06 5.48231e-06)
(0.001920085 -5.258914e-06 4.141662e-06)
(0.001931127 -4.973854e-06 3.119078e-06)
(0.001941626 -4.691606e-06 2.336265e-06)
(0.001951587 -4.417039e-06 1.73284e-06)
(0.001425514 -2.092803e-06 9.677533e-05)
(0.001547447 -6.005803e-06 0.000163496)
(0.001654642 -9.446337e-06 0.0001752458)
(0.001729604 -1.237871e-05 0.0001528033)
(0.001772929 -1.479334e-05 0.0001190816)
(0.001796999 -1.668421e-05 8.787981e-05)
(0.001812429 -1.805862e-05 6.318254e-05)
(0.001824767 -1.8946e-05 4.514051e-05)
(0.001836585 -1.939719e-05 3.241177e-05)
(0.001848702 -1.947696e-05 2.351469e-05)
(0.001861179 -1.925548e-05 1.726362e-05)
(0.001873839 -1.880132e-05 1.28133e-05)
(0.001886458 -1.817682e-05 9.592851e-06)
(0.001898844 -1.743572e-05 7.223553e-06)
(0.001910857 -1.662234e-05 5.454488e-06)
(0.001922402 -1.577188e-05 4.117771e-06)
(0.001933425 -1.491133e-05 3.098711e-06)
(0.001943894 -1.406047e-05 2.319137e-06)
(0.001953816 -1.32336e-05 1.718652e-06)
(0.001425526 -3.563635e-06 9.674899e-05)
(0.001547632 -1.022604e-05 0.0001634071)
(0.001655186 -1.606525e-05 0.0001750994)
(0.001730633 -2.101928e-05 0.0001526216)
(0.001774527 -2.507211e-05 0.0001188887)
(0.001799193 -2.821907e-05 8.769365e-05)
(0.001815196 -3.047995e-05 6.301242e-05)
(0.001828049 -3.191211e-05 4.498962e-05)
(0.001840305 -3.260831e-05 3.228019e-05)
(0.001852774 -3.268301e-05 2.340102e-05)
(0.00186552 -3.225796e-05 1.716596e-05)
(0.001878371 -3.145042e-05 1.272972e-05)
(0.001891113 -3.036581e-05 9.521572e-06)
(0.001903566 -2.909408e-05 7.163035e-06)
(0.001915599 -2.770875e-05 5.403444e-06)
(0.001927126 -2.62677e-05 4.075154e-06)
(0.001938102 -2.481494e-05 3.063652e-06)
(0.0019485 -2.338242e-05 2.291004e-06)
(0.001958332 -2.199303e-05 1.69677e-06)
(0.001425545 -5.155001e-06 9.670777e-05)
(0.001547935 -1.478943e-05 0.0001632686)
(0.001656073 -2.319212e-05 0.0001748698)
(0.001732301 -3.026916e-05 0.0001523382)
(0.001777102 -3.600035e-05 0.0001185901)
(0.001802709 -4.039182e-05 8.740832e-05)
(0.001819609 -4.348868e-05 6.275473e-05)
(0.001833259 -4.538991e-05 4.476417e-05)
(0.001846185 -4.624272e-05 3.208669e-05)
(0.001859186 -4.62213e-05 2.323701e-05)
(0.00187233 -4.550598e-05 1.702831e-05)
(0.001885459 -4.426696e-05 1.26153e-05)
(0.001898374 -4.265472e-05 9.427514e-06)
(0.00191091 -4.079574e-05 7.086852e-06)
(0.001922951 -3.879204e-05 5.343015e-06)
(0.001934426 -3.672289e-05 4.028702e-06)
(0.0019453 -3.464782e-05 3.02965e-06)
(0.001955556 -3.260947e-05 2.268272e-06)
(0.001965213 -3.063791e-05 1.684047e-06)
(0.001425573 -6.937213e-06 9.664976e-05)
(0.001548396 -1.989272e-05 0.0001630732)
(0.001657406 -3.110991e-05 0.0001745453)
(0.001734784 -4.045618e-05 0.0001519419)
(0.001780901 -4.791473e-05 0.0001181785)
(0.001807856 -5.352051e-05 8.702252e-05)
(0.00182602 -5.736626e-05 6.241466e-05)
(0.001840779 -5.961467e-05 4.447532e-05)
(0.001854619 -6.048654e-05 3.184771e-05)
(0.001868332 -6.023021e-05 2.304364e-05)
(0.001881996 -5.909412e-05 1.687548e-05)
(0.001895468 -5.730676e-05 1.249802e-05)
(0.001908573 -5.506574e-05 9.341223e-06)
(0.001921169 -5.253403e-05 7.027527e-06)
(0.001933159 -4.984077e-05 5.307128e-06)
(0.001944491 -4.708473e-05 4.013207e-06)
(0.001955146 -4.433878e-05 3.03186e-06)
(0.001965118 -4.165442e-05 2.286026e-06)
(0.001974439 -3.906703e-05 1.715106e-06)
(0.001425614 -8.993908e-06 9.657512e-05)
(0.001549074 -2.576806e-05 0.0001628178)
(0.001659353 -4.014657e-05 0.0001741202)
(0.001738369 -5.195295e-05 0.0001514312)
(0.001786324 -6.118965e-05 0.000117662)
(0.001815123 -6.795053e-05 8.655619e-05)
(0.001834983 -7.241009e-05 6.202421e-05)
(0.001851195 -7.482665e-05 4.416594e-05)
(0.001866203 -7.552061e-05 3.16153e-05)
(0.001880792 -7.483314e-05 2.288027e-05)
(0.001895054 -7.309251e-05 1.677234e-05)
(0.001908874 -7.059157e-05 1.244652e-05)
(0.001922106 -6.757717e-05 9.333479e-06)
(0.001934638 -6.424842e-05 7.056476e-06)
(0.001946403 -6.07599e-05 5.366572e-06)
(0.001957371 -5.722763e-05 4.097804e-06)
(0.001967548 -5.373545e-05 3.136976e-06)
(0.001976945 -5.034179e-05 2.407928e-06)
(0.001985613 -4.708514e-05 1.850198e-06)
(0.001425682 -1.14756e-05 9.648348e-05)
(0.001550094 -3.281454e-05 0.0001624978)
(0.001662207 -5.084106e-05 0.0001735909)
(0.001743521 -6.534227e-05 0.0001508173)
(0.001793995 -7.638114e-05 0.0001170751)
(0.001825258 -8.416762e-05 8.607099e-05)
(0.001847322 -8.901385e-05 6.167057e-05)
(0.00186536 -9.132019e-05 4.394459e-05)
(0.001881764 -9.15412e-05 3.151408e-05)
(0.001897316 -9.013368e-05 2.288209e-05)
(0.001912131 -8.751921e-05 1.685931e-05)
(0.001926133 -8.406175e-05 1.26018e-05)
(0.001939221 -8.005985e-05 9.542026e-06)
(0.001951327 -7.574856e-05 7.305396e-06)
(0.00196243 -7.130624e-05 5.645107e-06)
(0.001972542 -6.686394e-05 4.397225e-06)
(0.001981703 -6.251388e-05 3.450246e-06)
(0.001989959 -5.831934e-05 2.729696e-06)
(0.001997389 -5.431904e-05 2.175839e-06)
(0.001425784 -1.454321e-05 9.638887e-05)
(0.001551639 -4.144434e-05 0.0001621436)
(0.001666445 -6.373999e-05 0.0001730084)
(0.001751016 -8.120859e-05 0.0001501886)
(0.001804934 -9.40378e-05 0.0001165541)
(0.001839445 -0.0001026359 8.575172e-05)
(0.001864286 -0.0001075276 6.157953e-05)
(0.001884473 -0.000109315 4.406551e-05)
(0.001902337 -0.0001086305 3.181274e-05)
(0.001918664 -0.0001060768 2.331895e-05)
(0.001933621 -0.0001021884 1.739653e-05)
(0.001947202 -9.741269e-05 1.320639e-05)
(0.00195939 -9.210611e-05 1.01871e-05)
(0.001970205 -8.654186e-05 7.970183e-06)
(0.001979706 -8.092123e-05 6.314292e-06)
(0.001987978 -7.538757e-05 5.06002e-06)
(0.001995127 -7.003752e-05 4.099276e-06)
(0.002001254 -6.493525e-05 3.360225e-06)
(0.002006483 -6.011451e-05 2.784601e-06)
(0.001426 -1.865199e-05 9.63008e-05)
(0.001554158 -5.272487e-05 0.0001617838)
(0.001672953 -8.015112e-05 0.0001724534)
(0.001762137 -0.0001008271 0.0001497189)
(0.001820732 -0.0001152413 0.0001163807)
(0.001859412 -0.0001241626 8.597578e-05)
(0.001887507 -0.0001284475 6.219264e-05)
(0.001909818 -0.000128986 4.499578e-05)
(0.001928619 -0.0001266525 3.296828e-05)
(0.001944762 -0.0001222437 2.461113e-05)
(0.001958554 -0.0001164411 1.875161e-05)
(0.001970169 -0.0001097956 1.456913e-05)
(0.001979773 -0.0001027304 1.151981e-05)
(0.001987558 -9.555611e-05 9.249754e-06)
(0.001993731 -8.848985e-05 7.528449e-06)
(0.0019985 -8.167678e-05 6.203864e-06)
(0.002002067 -7.52062e-05 5.172416e-06)
(0.00200461 -6.913181e-05 4.364611e-06)
(0.002006306 -6.347117e-05 3.723421e-06)
(0.001426365 -2.412283e-05 9.63001e-05)
(0.001558335 -6.727637e-05 0.0001616304)
(0.001683317 -0.0001008323 0.0001722842)
(0.00177921 -0.0001249434 0.0001499414)
(0.001844052 -0.0001405577 0.0001172477)
(0.001887596 -0.0001489817 8.752875e-05)
(0.001918592 -0.0001515626 6.429882e-05)
(0.001941648 -0.0001496314 4.74489e-05)
(0.001959164 -0.0001444411 3.556895e-05)
(0.001972329 -0.0001370881 2.720329e-05)
(0.001981867 -0.0001284652 2.123171e-05)
(0.001988362 -0.0001192519 1.687997e-05)
(0.001992338 -0.0001099327 1.363865e-05)
(0.001994264 -0.0001008323 1.117619e-05)
(0.001994555 -9.215292e-05 9.274523e-06)
(0.001993566 -8.40098e-05 7.786965e-06)
(0.001991595 -7.645624e-05 6.610856e-06)
(0.001988884 -6.951136e-05 5.674753e-06)
(0.001985637 -6.315724e-05 4.91994e-06)
(0.00142736 -3.290519e-05 9.639874e-05)
(0.001566092 -8.884507e-05 0.0001618184)
(0.001700537 -0.0001297069 0.0001729295)
(0.001805698 -0.0001566489 0.0001516265)
(0.001877746 -0.0001717529 0.0001201372)
(0.001924933 -0.0001773595 9.138369e-05)
(0.001955496 -0.0001757036 6.867369e-05)
(0.001974412 -0.0001689087 5.190838e-05)
(0.001984958 -0.0001588549 3.980208e-05)
(0.001989333 -0.0001470562 3.103927e-05)
(0.001989158 -0.0001346225 2.461081e-05)
(0.001985699 -0.000122296 1.981348e-05)
(0.001979938 -0.0001105272 1.617446e-05)
(0.001972627 -9.955872e-05 1.337494e-05)
(0.001964333 -8.94951e-05 1.119548e-05)
(0.001955475 -8.035746e-05 9.481187e-06)
(0.00194636 -7.211638e-05 8.119067e-06)
(0.001937215 -6.472297e-05 7.026946e-06)
(0.001928192 -5.810309e-05 6.139278e-06)
(0.00142927 -4.527601e-05 9.692353e-05)
(0.001580667 -0.0001167481 0.0001632703)
(0.001729987 -0.0001657481 0.0001757656)
(0.001845942 -0.0001941005 0.0001562643)
(0.001921469 -0.0002054071 0.0001261983)
(0.001964066 -0.0002040783 9.801354e-05)
(0.00198343 -0.0001942629 7.50525e-05)
(0.001986958 -0.0001795694 5.752604e-05)
(0.001980281 -0.0001627497 4.447221e-05)
(0.001967357 -0.0001456514 3.479495e-05)
(0.001950883 -0.0001293559 2.759293e-05)
(0.001932656 -0.000114397 2.21925e-05)
(0.001913836 -0.0001009644 1.810736e-05)
(0.001895147 -8.905458e-05 1.498755e-05)
(0.001877031 -7.856914e-05 1.257965e-05)
(0.001859745 -6.937254e-05 1.06991e-05)
(0.001843427 -6.131972e-05 9.210209e-06)
(0.001828146 -5.427728e-05 8.013959e-06)
(0.001813901 -4.811228e-05 7.036329e-06)
(0.001435364 -7.26111e-05 9.756615e-05)
(0.001609824 -0.0001669699 0.0001658675)
(0.001774082 -0.0002195559 0.0001808121)
(0.001889793 -0.0002388336 0.0001631102)
(0.001949528 -0.0002351181 0.0001333336)
(0.001965587 -0.0002179763 0.000104104)
(0.001953956 -0.0001946117 7.949879e-05)
(0.001926877 -0.0001698903 6.036716e-05)
(0.00189274 -0.0001465253 4.606456e-05)
(0.001856541 -0.0001257184 3.556121e-05)
(0.001820983 -0.0001077624 2.789222e-05)
(0.001787395 -9.249953e-05 2.22807e-05)
(0.001756329 -7.959982e-05 1.814247e-05)
(0.001727928 -6.870338e-05 1.505205e-05)
(0.001702136 -5.948061e-05 1.270521e-05)
(0.001678805 -5.16514e-05 1.088713e-05)
(0.001657746 -4.498306e-05 9.44706e-06)
(0.001638773 -3.928813e-05 8.279807e-06)
(0.001621667 -3.44069e-05 7.312939e-06)
(0.00144894 -0.0001070465 9.943384e-05)
(0.001655161 -0.0002144917 0.0001704906)
(0.001806939 -0.0002588784 0.0001855429)
(0.001876963 -0.0002547605 0.000165498)
(0.001876716 -0.0002265133 0.0001324206)
(0.001834368 -0.0001911339 0.0001003076)
(0.001774166 -0.0001571341 7.399933e-05)
(0.001710302 -0.0001280379 5.435402e-05)
(0.001649916 -0.0001044513 4.036386e-05)
(0.001595657 -8.575445e-05 3.061168e-05)
(0.001547972 -7.09864e-05 2.384174e-05)
(0.001506417 -5.924968e-05 1.910073e-05)
(0.001470272 -4.982757e-05 1.571691e-05)
(0.001438802 -4.218191e-05 1.323543e-05)
(0.001411348 -3.591619e-05 1.135577e-05)
(0.001387344 -3.073757e-05 9.88254e-06)
(0.001366305 -2.642625e-05 8.689409e-06)
(0.001347834 -2.281511e-05 7.694437e-06)
(0.001331557 -1.977418e-05 6.845983e-06)
(0.001471205 -0.0002263565 9.879711e-05)
(0.001631258 -0.0002987118 0.0001630676)
(0.001650308 -0.0002700531 0.0001685219)
(0.001600037 -0.0002104359 0.0001402424)
(0.001510597 -0.000153985 0.0001041336)
(0.00141297 -0.0001110393 7.349385e-05)
(0.001324276 -8.096962e-05 5.117283e-05)
(0.001248929 -6.056208e-05 3.621884e-05)
(0.001186702 -4.658442e-05 2.653404e-05)
(0.001135557 -3.674116e-05 2.029075e-05)
(0.001093315 -2.955879e-05 1.619437e-05)
(0.001058148 -2.414412e-05 1.34107e-05)
(0.001028626 -1.995327e-05 1.142626e-05)
(0.001003659 -1.664384e-05 9.933249e-06)
(0.0009824058 -1.39903e-05 8.750167e-06)
(0.0009642175 -1.183722e-05 7.771132e-06)
(0.0009485735 -1.007348e-05 6.934035e-06)
(0.0009350705 -8.615783e-06 6.201673e-06)
(0.0009233483 -7.404408e-06 5.552556e-06)
(0.001231692 -0.0001554527 7.992951e-05)
(0.001140475 -0.0001463654 0.0001036723)
(0.0009274798 -8.801273e-05 8.979153e-05)
(0.0007841348 -4.621235e-05 6.172611e-05)
(0.0006781295 -2.344869e-05 3.951168e-05)
(0.0006020487 -1.253993e-05 2.560165e-05)
(0.0005485027 -7.379787e-06 1.739367e-05)
(0.0005093173 -4.796092e-06 1.266261e-05)
(0.0004798208 -3.365535e-06 9.864789e-06)
(0.0004568927 -2.493914e-06 8.142524e-06)
(0.0004386305 -1.913936e-06 7.005024e-06)
(0.0004238103 -1.503216e-06 6.184097e-06)
(0.0004116138 -1.199839e-06 5.536153e-06)
(0.0004014687 -9.693023e-07 4.987694e-06)
(0.0003929573 -7.906954e-07 4.502509e-06)
(0.0003857677 -6.501066e-07 4.063567e-06)
(0.0003796551 -5.384559e-07 3.662691e-06)
(0.0003744378 -4.476316e-07 3.295709e-06)
(0.0003699502 -3.751281e-07 2.960778e-06)
(0.001418963 6.955463e-07 7.652947e-05)
(0.001526019 2.004726e-06 0.0001370763)
(0.00163698 3.161328e-06 0.0001528104)
(0.001726338 4.150011e-06 0.0001381817)
(0.001788051 4.969228e-06 0.000111213)
(0.001829141 5.619907e-06 8.426213e-05)
(0.001858081 6.106066e-06 6.181289e-05)
(0.001880512 6.436813e-06 4.479536e-05)
(0.001899745 6.626743e-06 3.247306e-05)
(0.001917366 6.694519e-06 2.370722e-05)
(0.001934032 6.660779e-06 1.747853e-05)
(0.001949979 6.546182e-06 1.301388e-05)
(0.001965259 6.370003e-06 9.7705e-06)
(0.001979866 6.149298e-06 7.379126e-06)
(0.001993782 5.898534e-06 5.591086e-06)
(0.001418963 -6.955458e-07 7.652947e-05)
(0.001526019 -2.004725e-06 0.0001370763)
(0.00163698 -3.161327e-06 0.0001528104)
(0.001726338 -4.150009e-06 0.0001381817)
(0.001788051 -4.969226e-06 0.000111213)
(0.001829141 -5.619904e-06 8.426213e-05)
(0.001858081 -6.106063e-06 6.181289e-05)
(0.001880512 -6.436809e-06 4.479536e-05)
(0.001899745 -6.626739e-06 3.247306e-05)
(0.001917366 -6.694515e-06 2.370722e-05)
(0.001934032 -6.660774e-06 1.747853e-05)
(0.001949979 -6.546177e-06 1.301388e-05)
(0.001965259 -6.369998e-06 9.7705e-06)
(0.001979866 -6.149292e-06 7.379126e-06)
(0.001993782 -5.898527e-06 5.591086e-06)
(0.001418968 -2.108479e-06 7.651847e-05)
(0.001526107 -6.077257e-06 0.0001370378)
(0.001637235 -9.578299e-06 0.0001527454)
(0.001726817 -1.25649e-05 0.0001380981)
(0.001788795 -1.503226e-05 0.0001111216)
(0.001830166 -1.698465e-05 8.417208e-05)
(0.001859382 -1.843619e-05 6.172943e-05)
(0.001882067 -1.941636e-05 4.472065e-05)
(0.001901522 -1.997114e-05 3.240748e-05)
(0.001919327 -2.01583e-05 2.36502e-05)
(0.001936141 -2.004113e-05 1.742917e-05)
(0.0019522 -1.968254e-05 1.297121e-05)
(0.00196756 -1.914086e-05 9.73362e-06)
(0.001982219 -1.846748e-05 7.347269e-06)
(0.001996162 -1.770578e-05 5.563616e-06)
(0.00141898 -3.590434e-06 7.649555e-05)
(0.001526292 -1.03479e-05 0.000136959)
(0.001637771 -1.629089e-05 0.0001526112)
(0.001727823 -2.133808e-05 0.000137926)
(0.001790348 -2.548211e-05 0.0001109345)
(0.001832298 -2.873553e-05 8.398848e-05)
(0.001862081 -3.112925e-05 6.156026e-05)
(0.001885284 -3.272029e-05 4.457026e-05)
(0.00190519 -3.359272e-05 3.227644e-05)
(0.001923369 -3.384901e-05 2.353727e-05)
(0.001940479 -3.35992e-05 1.733239e-05)
(0.001956759 -3.295115e-05 1.288857e-05)
(0.001972276 -3.200374e-05 9.663251e-06)
(0.001987034 -3.084319e-05 7.287582e-06)
(0.00200103 -2.95417e-05 5.513296e-06)
(0.001418998 -5.193842e-06 7.645992e-05)
(0.001526595 -1.496616e-05 0.0001368367)
(0.001638646 -2.352021e-05 0.0001524013)
(0.001729453 -3.073377e-05 0.0001376583)
(0.001792853 -3.659985e-05 0.0001106452)
(0.001835719 -4.114893e-05 8.370741e-05)
(0.001866387 -4.444114e-05 6.13043e-05)
(0.001890395 -4.657389e-05 4.43458e-05)
(0.001910993 -4.768104e-05 3.208404e-05)
(0.00192974 -4.791921e-05 2.337465e-05)
(0.001947293 -4.745199e-05 1.719633e-05)
(0.001963902 -4.643645e-05 1.277576e-05)
(0.001979644 -4.501421e-05 9.570697e-06)
(0.001994538 -4.330702e-05 7.212708e-06)
(0.002008591 -4.141549e-05 5.453936e-06)
(0.001419026 -6.989068e-06 7.641004e-05)
(0.001527055 -2.01301e-05 0.0001366649)
(0.001639963 -3.155231e-05 0.0001521054)
(0.001731882 -4.108494e-05 0.0001372844)
(0.001796553 -4.872998e-05 0.0001102468)
(0.001840731 -5.455395e-05 8.332748e-05)
(0.001872651 -5.866778e-05 6.096654e-05)
(0.00189778 -6.123003e-05 4.405835e-05)
(0.00191933 -6.244227e-05 3.184669e-05)
(0.001938845 -6.252879e-05 2.318332e-05)
(0.001956985 -6.1716e-05 1.704577e-05)
(0.001974013 -6.021561e-05 1.266071e-05)
(0.001990023 -5.821446e-05 9.486373e-06)
(0.002005052 -5.587022e-05 7.154941e-06)
(0.002019126 -5.331111e-05 5.41914e-06)
(0.001419067 -9.059829e-06 7.634704e-05)
(0.001527731 -2.60736e-05 0.0001364433)
(0.001641887 -4.071878e-05 0.0001517212)
(0.001735392 -5.277001e-05 0.0001368058)
(0.001801839 -6.225562e-05 0.000109749)
(0.001847817 -6.930829e-05 8.286958e-05)
(0.001881422 -7.412263e-05 6.057955e-05)
(0.001908032 -7.694834e-05 4.375114e-05)
(0.001930809 -7.807887e-05 3.161663e-05)
(0.001951284 -7.782384e-05 2.302273e-05)
(0.001970124 -7.648372e-05 1.694547e-05)
(0.001987608 -7.433117e-05 1.261172e-05)
(0.002003855 -7.160088e-05 9.480486e-06)
(0.002018924 -6.848684e-05 7.184937e-06)
(0.002032865 -6.514394e-05 5.478785e-06)
(0.001419134 -1.1555e-05 7.627093e-05)
(0.00152875 -3.319353e-05 0.0001361685)
(0.001644709 -5.155703e-05 0.0001512462)
(0.001740446 -6.63722e-05 0.000136233)
(0.00180933 -7.773679e-05 0.0001091847)
(0.00185772 -8.590638e-05 8.239305e-05)
(0.001893529 -9.121292e-05 6.022823e-05)
(0.001922017 -9.404068e-05 4.353069e-05)
(0.001946287 -9.4807e-05 3.151673e-05)
(0.001967854 -9.392809e-05 2.302634e-05)
(0.001987395 -9.179152e-05 1.703414e-05)
(0.002005214 -8.873798e-05 1.276796e-05)
(0.002021462 -8.505338e-05 9.688854e-06)
(0.002036237 -8.096904e-05 7.432359e-06)
(0.002049627 -7.666618e-05 5.754527e-06)
(0.001419235 -1.46346e-05 7.619836e-05)
(0.001530296 -4.190169e-05 0.0001358783)
(0.001648908 -6.461323e-05 0.0001507398)
(0.001747811 -8.247561e-05 0.0001356604)
(0.001820042 -9.572354e-05 0.0001086925)
(0.00187163 -0.0001048171 8.208268e-05)
(0.00191024 -0.0001102973 6.013701e-05)
(0.001940978 -0.0001127381 4.364922e-05)
(0.001966868 -0.0001127206 3.181322e-05)
(0.001989408 -0.0001107953 2.346126e-05)
(0.002009298 -0.0001074562 1.756881e-05)
(0.002026894 -0.0001031249 1.33686e-05)
(0.002042416 -9.814678e-05 1.032812e-05)
(0.002056037 -9.279505e-05 8.089407e-06)
(0.002067923 -8.727878e-05 6.414261e-06)
(0.001419449 -1.874457e-05 7.613655e-05)
(0.001532818 -5.324442e-05 0.0001355946)
(0.001655372 -8.116645e-05 0.0001502717)
(0.001758777 -0.0001023248 0.0001352459)
(0.001835573 -0.0001172699 0.000108536)
(0.0018913 -0.0001268262 8.229801e-05)
(0.001933249 -0.0001318562 6.073185e-05)
(0.001966297 -0.0001332022 4.456095e-05)
(0.001993376 -0.0001316667 3.295257e-05)
(0.002016007 -0.00012798 2.473884e-05)
(0.00203499 -0.0001227767 1.890916e-05)
(0.002050832 -0.0001165831 1.471514e-05)
(0.00206392 -0.0001098171 1.164256e-05)
(0.002074593 -0.0001027974 9.348701e-06)
(0.002083164 -9.575804e-05 7.606622e-06)
(0.001419813 -2.420627e-05 7.617596e-05)
(0.001537014 -6.783867e-05 0.0001355489)
(0.001665699 -0.0001019568 0.0001502166)
(0.001775677 -0.0001266316 0.0001355251)
(0.001858613 -0.0001428971 0.0001093977)
(0.001919237 -0.0001521175 8.380921e-05)
(0.001964282 -0.0001556247 6.278633e-05)
(0.001998383 -0.0001546675 4.696596e-05)
(0.002024523 -0.0001503973 3.551124e-05)
(0.002044485 -0.0001438278 2.729275e-05)
(0.002059438 -0.0001358036 2.135171e-05)
(0.002070276 -0.0001269889 1.698726e-05)
(0.002077736 -0.0001178773 1.372111e-05)
(0.00208245 -0.0001088168 1.123388e-05)
(0.002084959 -0.0001000394 9.311487e-06)
(0.001420805 -3.293184e-05 7.63038e-05)
(0.001544823 -8.933265e-05 0.0001357993)
(0.00168292 -0.0001307692 0.0001508951)
(0.001802022 -0.0001583318 0.0001371477)
(0.0018921 -0.0001742131 0.0001121496)
(0.001956514 -0.0001808032 8.750425e-05)
(0.002001457 -0.0001802745 6.701705e-05)
(0.002031805 -0.000174611 5.130793e-05)
(0.002051291 -0.0001655538 3.964798e-05)
(0.002062622 -0.000154527 3.10442e-05)
(0.002067837 -0.0001426068 2.465152e-05)
(0.002068523 -0.0001305451 1.984395e-05)
(0.002065914 -0.0001188266 1.618251e-05)
(0.002060963 -0.0001077373 1.336175e-05)
(0.002054402 -9.742511e-05 1.116638e-05)
(0.001422733 -4.52508e-05 7.690059e-05)
(0.001559548 -0.0001170919 0.0001373278)
(0.001712442 -0.0001665372 0.0001536948)
(0.001842168 -0.0001954493 0.0001415675)
(0.001935735 -0.0002076038 0.0001179003)
(0.001995827 -0.000207434 9.383618e-05)
(0.00202992 -0.0001989238 7.315367e-05)
(0.002045089 -0.0001854533 5.673396e-05)
(0.002047287 -0.0001696067 4.415714e-05)
(0.002040965 -0.0001531605 3.46546e-05)
(0.002029296 -0.0001372032 2.7498e-05)
(0.00201448 -0.0001223177 2.209675e-05)
(0.001998006 -0.0001087558 1.800037e-05)
(0.001980866 -9.657361e-05 1.487198e-05)
(0.001963705 -8.572201e-05 1.246126e-05)
(0.001428874 -7.242662e-05 7.748034e-05)
(0.001589004 -0.000166791 0.0001395102)
(0.001756688 -0.0002194549 0.0001581084)
(0.001885974 -0.000239123 0.0001476911)
(0.001963801 -0.000236322 0.0001244057)
(0.001997479 -0.0002205247 9.946376e-05)
(0.002000424 -0.000198586 7.726634e-05)
(0.001984385 -0.0001750621 5.931006e-05)
(0.001958119 -0.0001525223 4.551599e-05)
(0.001927274 -0.0001321628 3.52075e-05)
(0.001895191 -0.0001143431 2.760559e-05)
(0.001863727 -9.899039e-05 2.201853e-05)
(0.001833838 -8.585052e-05 1.789563e-05)
(0.001805967 -7.462232e-05 1.482173e-05)
(0.00178027 -6.501821e-05 1.24939e-05)
(0.001442585 -0.00010699 7.952645e-05)
(0.00163468 -0.0002138388 0.0001439075)
(0.001789567 -0.0002575195 0.0001625275)
(0.001873001 -0.0002534872 0.0001498511)
(0.001890586 -0.0002261977 0.0001233947)
(0.001864935 -0.0001922523 9.560493e-05)
(0.001817615 -0.0001596058 7.164089e-05)
(0.001762616 -0.00013149 5.309532e-05)
(0.001707832 -0.0001084762 3.957674e-05)
(0.001656841 -9.002384e-05 3.002467e-05)
(0.001610865 -7.527359e-05 2.335276e-05)
(0.00157002 -6.341154e-05 1.867564e-05)
(0.001533964 -5.378012e-05 1.534433e-05)
(0.001502214 -4.588045e-05 1.290984e-05)
(0.001474269 -3.934129e-05 1.107233e-05)
(0.001465025 -0.0002263207 7.865361e-05)
(0.001611499 -0.0002974132 0.0001365147)
(0.001634128 -0.0002675502 0.0001468579)
(0.001596674 -0.0002081221 0.0001264337)
(0.00152264 -0.0001526401 9.65825e-05)
(0.001437747 -0.0001108427 6.962041e-05)
(0.001357602 -8.166314e-05 4.909907e-05)
(0.001287322 -6.181733e-05 3.494607e-05)
(0.001227774 -4.814898e-05 2.562941e-05)
(0.001177834 -3.844483e-05 1.958299e-05)
(0.001135936 -3.129315e-05 1.561515e-05)
(0.001100627 -2.584156e-05 1.292785e-05)
(0.001070709 -2.157329e-05 1.102032e-05)
(0.001045223 -1.816395e-05 9.589968e-06)
(0.00102341 -1.539987e-05 8.458192e-06)
(0.001226033 -0.0001557385 6.479634e-05)
(0.00112586 -0.0001455193 8.732911e-05)
(0.0009178948 -8.670771e-05 7.881641e-05)
(0.0007823984 -4.513234e-05 5.574674e-05)
(0.0006836531 -2.270243e-05 3.633183e-05)
(0.000612308 -1.209908e-05 2.375184e-05)
(0.0005614193 -7.154747e-06 1.616479e-05)
(0.0005235996 -4.716389e-06 1.176984e-05)
(0.0004947024 -3.379138e-06 9.18173e-06)
(0.0004719505 -2.563698e-06 7.60258e-06)
(0.0004536384 -2.015228e-06 6.569184e-06)
(0.0004386562 -1.620052e-06 5.826978e-06)
(0.0004262493 -1.322184e-06 5.240105e-06)
(0.0004158799 -1.090987e-06 4.739853e-06)
(0.0004071486 -9.080388e-07 4.293208e-06)
(0.001414053 6.999105e-07 5.963214e-05)
(0.001507992 2.025088e-06 0.0001119786)
(0.001618783 3.199409e-06 0.0001288089)
(0.001717292 4.203357e-06 0.0001200024)
(0.001793259 5.035736e-06 9.922022e-05)
(0.001849112 5.700455e-06 7.690545e-05)
(0.001890768 6.204335e-06 5.744251e-05)
(0.001923266 6.557575e-06 4.218229e-05)
(0.001950174 6.774194e-06 3.086106e-05)
(0.001973598 6.871264e-06 2.267149e-05)
(0.001994693 6.867487e-06 1.678845e-05)
(0.002014083 6.7817e-06 1.25432e-05)
(0.002032104 6.631716e-06 9.446996e-06)
(0.002048947 6.433568e-06 7.158692e-06)
(0.002064733 6.201132e-06 5.444805e-06)
(0.001414053 -6.9991e-07 5.963214e-05)
(0.001507992 -2.025086e-06 0.0001119786)
(0.001618783 -3.199408e-06 0.0001288089)
(0.001717292 -4.203355e-06 0.0001200024)
(0.001793259 -5.035734e-06 9.922022e-05)
(0.001849112 -5.700453e-06 7.690545e-05)
(0.001890768 -6.204332e-06 5.744251e-05)
(0.001923266 -6.557572e-06 4.218229e-05)
(0.001950174 -6.77419e-06 3.086106e-05)
(0.001973598 -6.87126e-06 2.267149e-05)
(0.001994693 -6.867482e-06 1.678845e-05)
(0.002014083 -6.781694e-06 1.25432e-05)
(0.002032104 -6.63171e-06 9.446996e-06)
(0.002048947 -6.433562e-06 7.158692e-06)
(0.002064733 -6.201125e-06 5.444805e-06)
(0.001414058 -2.121772e-06 5.962285e-05)
(0.00150808 -6.139031e-06 0.0001119457)
(0.001619037 -9.694047e-06 0.0001287518)
(0.001717765 -1.272711e-05 0.0001199269)
(0.001793986 -1.523471e-05 9.913582e-05)
(0.001850111 -1.723012e-05 7.682092e-05)
(0.001892037 -1.873583e-05 5.736341e-05)
(0.001924786 -1.978456e-05 4.211119e-05)
(0.001951918 -2.042039e-05 3.079857e-05)
(0.001975534 -2.069624e-05 2.26172e-05)
(0.001996787 -2.06695e-05 1.674149e-05)
(0.002016301 -2.039758e-05 1.250263e-05)
(0.002034415 -1.993445e-05 9.411946e-06)
(0.002051324 -1.932846e-05 7.128415e-06)
(0.002067152 -1.862127e-05 5.41869e-06)
(0.00141407 -3.613123e-06 5.960354e-05)
(0.001508266 -1.045315e-05 0.0001118786)
(0.00161957 -1.648859e-05 0.0001286339)
(0.001718755 -2.161547e-05 0.0001197715)
(0.001795505 -2.582912e-05 9.896289e-05)
(0.001852191 -2.915729e-05 7.664854e-05)
(0.001894669 -3.164484e-05 5.720307e-05)
(0.001927934 -3.335382e-05 4.196804e-05)
(0.001955522 -3.436473e-05 3.067374e-05)
(0.001979526 -3.477153e-05 2.250968e-05)
(0.002001095 -3.467423e-05 1.664947e-05)
(0.002020857 -3.417141e-05 1.242412e-05)
(0.002039156 -3.335474e-05 9.345126e-06)
(0.002056194 -3.230553e-05 7.071737e-06)
(0.002072103 -3.109324e-05 5.370887e-06)
(0.001414088 -5.226666e-06 5.957372e-05)
(0.001508569 -1.511858e-05 0.0001117749)
(0.00162044 -2.380722e-05 0.0001284502)
(0.001720361 -3.113724e-05 0.0001195303)
(0.001797956 -3.710634e-05 9.869619e-05)
(0.001855528 -4.176673e-05 7.638503e-05)
(0.001898873 -4.519794e-05 5.696076e-05)
(0.001932936 -4.750372e-05 4.175467e-05)
(0.001961228 -4.881198e-05 3.04907e-05)
(0.001985824 -4.926657e-05 2.235513e-05)
(0.002007871 -4.901651e-05 1.652033e-05)
(0.002028004 -4.820578e-05 1.231717e-05)
(0.002046574 -4.6966e-05 9.257421e-06)
(0.002063795 -4.54123e-05 7.000767e-06)
(0.002079808 -4.364186e-05 5.314563e-06)
(0.001414116 -7.032692e-06 5.953218e-05)
(0.00150903 -2.03342e-05 0.0001116297)
(0.001621749 -3.19381e-05 0.0001281918)
(0.001722754 -4.162902e-05 0.0001191941)
(0.001801577 -4.941642e-05 9.832922e-05)
(0.001860421 -5.539559e-05 7.602899e-05)
(0.001904992 -5.9702e-05 5.664106e-05)
(0.001940174 -6.250095e-05 4.148146e-05)
(0.001969436 -6.398453e-05 3.026504e-05)
(0.001994838 -6.435919e-05 2.217352e-05)
(0.002017527 -6.383172e-05 1.637772e-05)
(0.002038142 -6.259679e-05 1.220839e-05)
(0.002057049 -6.082857e-05 9.177759e-06)
(0.002074475 -5.867679e-05 6.946157e-06)
(0.002090576 -5.626593e-05 5.281554e-06)
(0.001414156 -9.114972e-06 5.948082e-05)
(0.001509709 -2.633522e-05 0.0001114454)
(0.001623663 -4.121561e-05 0.0001278597)
(0.001726216 -5.347337e-05 0.0001187668)
(0.001806758 -6.314857e-05 9.787319e-05)
(0.001867347 -7.041019e-05 7.560158e-05)
(0.001913574 -7.548211e-05 5.627583e-05)
(0.001950237 -7.861971e-05 4.119021e-05)
(0.001980761 -8.01019e-05 3.004696e-05)
(0.002007186 -8.021404e-05 2.202175e-05)
(0.002030656 -7.923134e-05 1.628344e-05)
(0.002051821 -7.740523e-05 1.216277e-05)
(0.002071063 -7.495537e-05 9.172775e-06)
(0.002088627 -7.206694e-05 6.974816e-06)
(0.002104686 -6.889137e-05 5.33789e-06)
(0.001414222 -1.162046e-05 5.941969e-05)
(0.00151073 -3.351518e-05 0.000111219)
(0.001626474 -5.217342e-05 0.0001274519)
(0.001731206 -6.72505e-05 0.0001182581)
(0.001814108 -7.886199e-05 9.7358e-05)
(0.001877044 -8.730769e-05 7.515732e-05)
(0.001925444 -9.295235e-05 5.594398e-05)
(0.001964004 -9.618265e-05 4.098072e-05)
(0.001996084 -9.73939e-05 2.995211e-05)
(0.0020237 -9.696991e-05 2.202579e-05)
(0.002047994 -9.526634e-05 1.636849e-05)
(0.00206963 -9.259834e-05 1.231175e-05)
(0.002089009 -8.923479e-05 9.370631e-06)
(0.002106406 -8.539819e-05 7.208947e-06)
(0.002122025 -8.126769e-05 5.598076e-06)
(0.001414323 -1.470863e-05 5.936731e-05)
(0.001512281 -4.228583e-05 0.0001109939)
(0.001630659 -6.535647e-05 0.0001270335)
(0.00173849 -8.354144e-05 0.0001177646)
(0.001824641 -9.710309e-05 9.691978e-05)
(0.001890699 -0.0001065546 7.487403e-05)
(0.001941883 -0.0001124717 5.585967e-05)
(0.001982744 -0.0001154239 4.109284e-05)
(0.002016559 -0.0001159591 3.023322e-05)
(0.002045306 -0.0001145843 2.243881e-05)
(0.002070131 -0.0001117535 1.68761e-05)
(0.002091728 -0.0001078585 1.288118e-05)
(0.002110552 -0.0001032266 9.975433e-06)
(0.002126937 -9.812403e-05 7.829175e-06)
(0.002141159 -9.276115e-05 6.219485e-06)
(0.001414534 -1.881508e-05 5.932742e-05)
(0.001514813 -5.36692e-05 0.0001107822)
(0.001637113 -8.200946e-05 0.000126659)
(0.001749358 -0.0001035517 0.000117422)
(0.001839958 -0.0001188872 9.679304e-05)
(0.001910084 -0.0001289019 7.507851e-05)
(0.001964627 -0.0001344913 5.641532e-05)
(0.002007917 -0.00013648 4.194863e-05)
(0.002043117 -0.0001356198 3.13073e-05)
(0.00207219 -0.0001325821 2.364591e-05)
(0.002096348 -0.0001279522 1.814307e-05)
(0.002116403 -0.0001222235 1.415288e-05)
(0.002132956 -0.0001157981 1.121478e-05)
(0.002146498 -0.0001089936 9.014161e-06)
(0.002157451 -0.0001020522 7.339229e-06)
(0.001414898 -2.426505e-05 5.939762e-05)
(0.001519035 -6.82864e-05 0.0001108278)
(0.001647444 -0.0001028598 0.0001267081)
(0.001766154 -0.0001279586 0.0001177514)
(0.001862764 -0.0001446832 9.762739e-05)
(0.001937748 -0.0001544719 7.649746e-05)
(0.001995486 -0.0001586808 5.833929e-05)
(0.002040054 -0.0001585153 4.420695e-05)
(0.002074606 -0.0001550469 3.371606e-05)
(0.002101302 -0.0001492101 2.605287e-05)
(0.002121667 -0.0001417917 2.044415e-05)
(0.002136868 -0.0001334256 1.62901e-05)
(0.002147846 -0.0001245992 1.316558e-05)
(0.002155387 -0.0001156711 1.077919e-05)
(0.002160155 -0.0001068935 8.931833e-06)
(0.001415886 -3.292642e-05 5.953788e-05)
(0.001526902 -8.967524e-05 0.0001111051)
(0.001664717 -0.0001315388 0.000127381)
(0.001792422 -0.0001595243 0.0001192599)
(0.00189605 -0.0001759215 0.0001001521)
(0.001974857 -0.0001832056 7.989835e-05)
(0.002032709 -0.0001835467 6.225985e-05)
(0.002073846 -0.0001788355 4.82541e-05)
(0.002102053 -0.0001706909 3.758504e-05)
(0.002120325 -0.0001604375 2.956441e-05)
(0.002131008 -0.0001490957 2.352895e-05)
(0.002135957 -0.0001374024 1.895353e-05)
(0.002136632 -0.0001258566 1.545304e-05)
(0.002134175 -0.0001147736 1.275057e-05)
(0.002129476 -0.0001043358 1.064611e-05)
(0.001417829 -4.520408e-05 6.018028e-05)
(0.001541775 -0.0001173052 0.0001126485)
(0.001694354 -0.000166994 0.0001300641)
(0.001832497 -0.0001961799 0.0001233443)
(0.001939523 -0.000208825 0.0001054159)
(0.002014151 -0.0002094599 8.571136e-05)
(0.002061445 -0.0002019897 6.792359e-05)
(0.002087652 -0.0001896092 5.327869e-05)
(0.002098631 -0.0001747284 4.175933e-05)
(0.00209906 -0.0001590193 3.289301e-05)
(0.002092442 -0.000143538 2.613493e-05)
(0.00208131 -0.0001288851 2.099904e-05)
(0.002067449 -0.0001153543 1.709134e-05)
(0.0020521 -0.0001030496 1.410486e-05)
(0.002036114 -9.196649e-05 1.180519e-05)
(0.001423995 -7.21923e-05 6.065813e-05)
(0.001571507 -0.0001664754 0.0001143459)
(0.001738796 -0.0002189884 0.0001337556)
(0.001876273 -0.0002386872 0.0001286085)
(0.001967544 -0.0002363663 0.0001111119)
(0.002015905 -0.000221541 9.07029e-05)
(0.002032068 -0.0002008209 7.15784e-05)
(0.002026732 -0.0001784637 5.552662e-05)
(0.002008528 -0.0001568479 4.287138e-05)
(0.001983437 -0.0001371042 3.32498e-05)
(0.001955273 -0.0001196114 2.60814e-05)
(0.001926351 -0.0001043534 2.078661e-05)
(0.001898008 -9.113904e-05 1.687407e-05)
(0.001870983 -7.97221e-05 1.395954e-05)
(0.001845653 -6.985774e-05 1.175664e-05)
(0.001437798 -0.0001069303 6.288099e-05)
(0.001617478 -0.0002132664 0.0001185367)
(0.001771776 -0.0002560094 0.0001378992)
(0.001863355 -0.0002516341 0.0001306052)
(0.001894411 -0.0002248301 0.0001101486)
(0.001883 -0.0001919932 8.703769e-05)
(0.001847739 -0.0001605987 6.616442e-05)
(0.001801719 -0.0001335351 4.947266e-05)
(0.001753028 -0.000111254 3.703327e-05)
(0.001705875 -9.322985e-05 2.81248e-05)
(0.001662131 -7.867049e-05 2.186132e-05)
(0.001622439 -6.683272e-05 1.746313e-05)
(0.001586839 -5.711637e-05 1.43346e-05)
(0.001555111 -4.906441e-05 1.205429e-05)
(0.001526929 -4.233464e-05 1.033764e-05)
(0.001460326 -0.0002261565 6.164488e-05)
(0.001595014 -0.0002963516 0.0001111324)
(0.00161785 -0.0002651733 0.000123849)
(0.001588683 -0.0002055649 0.0001096862)
(0.00152683 -0.0001507068 8.581671e-05)
(0.001453282 -0.000109886 6.303383e-05)
(0.001381537 -8.159431e-05 4.49969e-05)
(0.001316703 -6.239326e-05 3.222007e-05)
(0.001260334 -4.914052e-05 2.367519e-05)
(0.001212058 -3.967605e-05 1.808972e-05)
(0.001170881 -3.264073e-05 1.442076e-05)
(0.001135738 -2.722227e-05 1.194188e-05)
(0.001105671 -2.293293e-05 1.018798e-05)
(0.001079871 -1.946879e-05 8.875754e-06)
(0.001057665 -1.663032e-05 7.837803e-06)
(0.001221582 -0.0001557977 5.211794e-05)
(0.001113621 -0.0001447848 7.162354e-05)
(0.0009084632 -8.553143e-05 6.719667e-05)
(0.0007786838 -4.410577e-05 4.857434e-05)
(0.0006861316 -2.19497e-05 3.209467e-05)
(0.0006192426 -1.161733e-05 2.11442e-05)
(0.0005710762 -6.876694e-06 1.441167e-05)
(0.0005347868 -4.582813e-06 1.049781e-05)
(0.0005066562 -3.343916e-06 8.203447e-06)
(0.000484224 -2.591678e-06 6.815923e-06)
(0.0004659793 -2.081697e-06 5.916054e-06)
(0.0004509305 -1.708217e-06 5.272378e-06)
(0.0004383914 -1.420989e-06 4.761848e-06)
(0.0004278629 -1.193303e-06 4.32306e-06)
(0.0004189664 -1.009377e-06 3.927327e-06)
(0.001410441 7.034844e-07 4.542407e-05)
(0.001493452 2.042143e-06 8.842936e-05)
(0.001601952 3.231986e-06 0.00010424)
(0.001705628 4.249183e-06 9.947838e-05)
(0.001791871 5.091967e-06 8.407978e-05)
(0.00185959 5.766509e-06 6.64297e-05)
(0.001912228 6.282404e-06 5.040687e-05)
(0.001953865 6.651496e-06 3.746669e-05)
(0.001987971 6.887975e-06 2.765684e-05)
(0.002016935 7.007988e-06 2.045207e-05)
(0.002042284 7.02875e-06 1.522357e-05)
(0.002064972 6.967513e-06 1.142587e-05)
(0.002085599 6.84069e-06 8.644344e-06)
(0.002104547 6.663237e-06 6.582376e-06)
(0.002122072 6.448307e-06 5.033912e-06)
(0.001410441 -7.034838e-07 4.542407e-05)
(0.001493452 -2.042142e-06 8.842936e-05)
(0.001601952 -3.231985e-06 0.00010424)
(0.001705628 -4.249181e-06 9.947838e-05)
(0.001791871 -5.091965e-06 8.407978e-05)
(0.00185959 -5.766507e-06 6.64297e-05)
(0.001912228 -6.282401e-06 5.040687e-05)
(0.001953865 -6.651492e-06 3.746669e-05)
(0.001987971 -6.887972e-06 2.765684e-05)
(0.002016935 -7.007984e-06 2.045207e-05)
(0.002042284 -7.028745e-06 1.522357e-05)
(0.002064972 -6.967507e-06 1.142587e-05)
(0.002085599 -6.840684e-06 8.644344e-06)
(0.002104547 -6.66323e-06 6.582376e-06)
(0.002122072 -6.4483e-06 5.033912e-06)
(0.001410446 -2.132654e-06 4.541653e-05)
(0.00149354 -6.190766e-06 8.840262e-05)
(0.001602205 -9.793039e-06 0.0001041922)
(0.001706096 -1.286639e-05 9.94137e-05)
(0.001792587 -1.540579e-05 8.400604e-05)
(0.001860569 -1.743134e-05 6.63547e-05)
(0.001913468 -1.897389e-05 5.033597e-05)
(0.001955353 -2.007106e-05 3.740258e-05)
(0.001989684 -2.076734e-05 2.760034e-05)
(0.002018843 -2.111276e-05 2.040289e-05)
(0.002044355 -2.11602e-05 1.5181e-05)
(0.002067178 -2.096225e-05 1.138905e-05)
(0.002087909 -2.056869e-05 8.612493e-06)
(0.002106934 -2.002466e-05 6.554824e-06)
(0.002124514 -1.936968e-05 5.010114e-06)
(0.001410458 -3.631669e-06 4.540088e-05)
(0.001493727 -1.054119e-05 8.834802e-05)
(0.001602738 -1.665749e-05 0.0001040937)
(0.001707077 -2.185336e-05 9.928066e-05)
(0.001794082 -2.612196e-05 8.385493e-05)
(0.001862606 -2.950271e-05 6.62017e-05)
(0.001916043 -3.205441e-05 5.01922e-05)
(0.001958435 -3.384714e-05 3.727348e-05)
(0.001993222 -3.496175e-05 2.748743e-05)
(0.002022777 -3.548706e-05 2.030552e-05)
(0.00204862 -3.551526e-05 1.509758e-05)
(0.002071711 -3.513683e-05 1.131781e-05)
(0.00209265 -3.443639e-05 8.551784e-06)
(0.001410476 -5.253446e-06 4.53769e-05)
(0.001494032 -1.524589e-05 8.826424e-05)
(0.001603607 -2.405206e-05 0.0001039407)
(0.001708669 -3.14826e-05 9.907482e-05)
(0.001796494 -3.753284e-05 8.362245e-05)
(0.001865876 -4.227186e-05 6.596829e-05)
(0.001920156 -4.579886e-05 4.997529e-05)
(0.001963335 -4.822841e-05 3.708133e-05)
(0.001998826 -4.968819e-05 2.732214e-05)
(0.002028988 -5.031409e-05 2.016576e-05)
(0.002055336 -5.024367e-05 1.498069e-05)
(0.00207883 -4.960926e-05 1.122089e-05)
(0.002100078 -4.85326e-05 8.472162e-06)
(0.001410504 -7.068106e-06 4.534362e-05)
(0.001494494 -2.050411e-05 8.814741e-05)
(0.001604915 -3.226624e-05 0.0001037261)
(0.001711043 -4.209312e-05 9.87882e-05)
(0.00180006 -4.99923e-05 8.330289e-05)
(0.001870673 -5.608165e-05 6.565308e-05)
(0.001926148 -6.052209e-05 4.968919e-05)
(0.001970431 -6.349197e-05 3.683538e-05)
(0.002006898 -6.518168e-05 2.711842e-05)
(0.002037891 -6.578609e-05 2.000163e-05)
(0.002064919 -6.549631e-05 1.485169e-05)
(0.002088947 -6.449157e-05 1.112232e-05)
(0.00211059 -6.293335e-05 8.399732e-06)
(0.001410543 -9.159478e-06 4.530352e-05)
(0.001495176 -2.65522e-05 8.800186e-05)
(0.001606829 -4.163658e-05 0.0001034535)
(0.001714478 -5.407047e-05 9.842729e-05)
(0.001805164 -6.389364e-05 8.290862e-05)
(0.00187747 -7.130421e-05 6.527681e-05)
(0.001934561 -7.655724e-05 4.936381e-05)
(0.001980311 -7.992253e-05 3.657419e-05)
(0.002018055 -8.16745e-05 2.692225e-05)
(0.002050112 -8.208214e-05 1.986493e-05)
(0.002077984 -8.139996e-05 1.476664e-05)
(0.002102639 -7.985982e-05 1.10809e-05)
(0.002124701 -7.766582e-05 8.394626e-06)
(0.00141061 -1.16724e-05 4.525636e-05)
(0.001496202 -3.377952e-05 8.782473e-05)
(0.001609639 -5.26916e-05 0.0001031205)
(0.001719432 -6.79896e-05 9.799969e-05)
(0.001812415 -7.979204e-05 8.246501e-05)
(0.001886999 -8.843512e-05 6.48868e-05)
(0.001946218 -9.432015e-05 4.906862e-05)
(0.001993857 -9.784801e-05 3.63864e-05)
(0.002033192 -9.940474e-05 2.683689e-05)
(0.002066511 -9.935128e-05 1.986851e-05)
(0.002095306 -9.801637e-05 1.484305e-05)
(0.002120545 -9.569093e-05 1.121454e-05)
(0.002142864 -9.262552e-05 8.571768e-06)
(0.00141071 -1.476632e-05 4.522176e-05)
(0.00149776 -4.259869e-05 8.766242e-05)
(0.001613827 -6.597532e-05 0.0001027951)
(0.001726672 -8.442756e-05 9.760095e-05)
(0.001822818 -9.82277e-05 8.210093e-05)
(0.001900444 -0.0001079343 6.464729e-05)
(0.001962404 -0.0001141646 4.899906e-05)
(0.00201236 -0.0001174997 3.648958e-05)
(0.002053503 -0.00011847 2.709085e-05)
(0.002088074 -0.0001175504 2.024072e-05)
(0.002117549 -0.0001151599 1.529984e-05)
(0.00214291 -0.0001116607 1.172608e-05)
(0.002164827 -0.0001073593 9.114019e-06)
(0.001410919 -1.886565e-05 4.519899e-05)
(0.001500303 -5.400539e-05 8.751506e-05)
(0.00162029 -8.269493e-05 0.0001025126)
(0.001737491 -0.0001045464 9.733808e-05)
(0.001837982 -0.0001201711 8.201241e-05)
(0.001919585 -0.0001305104 6.483896e-05)
(0.001984881 -0.0001365042 4.949743e-05)
(0.00203733 -0.0001389814 3.725547e-05)
(0.002079999 -0.0001386626 2.80535e-05)
(0.002115087 -0.0001361732 2.132368e-05)
(0.002144104 -0.0001320528 1.643641e-05)
(0.002168118 -0.0001267599 1.286572e-05)
(0.002187926 -0.0001206757 1.022285e-05)
(0.001411283 -2.430311e-05 4.529046e-05)
(0.001504552 -6.863388e-05 8.763161e-05)
(0.001630651 -0.0001035741 0.0001026469)
(0.001754236 -0.0001289948 9.770358e-05)
(0.001860611 -0.0001460406 8.279602e-05)
(0.001946992 -0.0001562217 6.612001e-05)
(0.002015515 -0.0001609394 5.121966e-05)
(0.002069391 -0.0001613855 3.927573e-05)
(0.002111643 -0.0001585762 3.021002e-05)
(0.002144608 -0.000153378 2.347904e-05)
(0.002170059 -0.0001465204 1.849528e-05)
(0.002189381 -0.0001385997 1.477469e-05)
(0.002203696 -0.0001300873 1.196133e-05)
(0.001412264 -3.289544e-05 4.542729e-05)
(0.001512471 -8.990146e-05 8.789894e-05)
(0.001648 -0.0001320814 0.0001032709)
(0.001780479 -0.0001603547 9.904657e-05)
(0.001893728 -0.0001770828 8.501421e-05)
(0.001983892 -0.0001848344 6.910926e-05)
(0.002052651 -0.0001858142 5.46811e-05)
(0.002103341 -0.0001818611 4.286436e-05)
(0.002139525 -0.0001744973 3.364958e-05)
(0.002164286 -0.0001649535 2.660238e-05)
(0.002180158 -0.0001541853 2.123527e-05)
(0.002189201 -0.0001428998 1.713405e-05)
(0.002193061 -0.0001315948 1.398096e-05)
(0.001414218 -4.514629e-05 4.609204e-05)
(0.001527475 -0.0001174396 8.940015e-05)
(0.001677769 -0.0001672396 0.0001057639)
(0.001820512 -0.0001965172 0.0001026978)
(0.001937016 -0.0002094025 8.964698e-05)
(0.002023052 -0.0002105554 7.421679e-05)
(0.002081476 -0.000203866 5.966937e-05)
(0.002117487 -0.0001923931 4.729745e-05)
(0.002136571 -0.0001783893 3.732902e-05)
(0.002143417 -0.0001634109 2.952396e-05)
(0.002141713 -0.0001484588 2.350643e-05)
(0.002134237 -0.000134127 1.890156e-05)
(0.002123023 -0.0001207327 1.538521e-05)
(0.001420383 -7.191543e-05 4.643269e-05)
(0.001557436 -0.000166092 9.055207e-05)
(0.001722427 -0.0002183469 0.0001086687)
(0.001864289 -0.0002378803 0.0001070097)
(0.00196498 -0.0002357399 9.440371e-05)
(0.002024887 -0.0002215639 7.843892e-05)
(0.002052288 -0.0002018157 6.276811e-05)
(0.00205661 -0.0001804976 4.917179e-05)
(0.002046031 -0.0001597891 3.819654e-05)
(0.002026595 -0.0001407215 2.971803e-05)
(0.002002419 -0.0001236579 2.333894e-05)
(0.001976181 -0.0001086125 1.860297e-05)
(0.001949552 -9.5442e-05 1.509684e-05)
(0.001434236 -0.0001068889 4.885354e-05)
(0.001603631 -0.0002128566 9.457415e-05)
(0.00175553 -0.0002545849 0.0001125892)
(0.00185152 -0.0002496424 0.000108916)
(0.001892194 -0.0002229779 9.362525e-05)
(0.00189222 -0.0001909254 7.520326e-05)
(0.001867477 -0.0001605906 5.78872e-05)
(0.001829819 -0.0001345251 4.363929e-05)
(0.00178713 -0.0001130176 3.281092e-05)
(0.001743958 -9.551014e-05 2.49607e-05)
(0.001702672 -8.124499e-05 1.940652e-05)
(0.001664371 -6.953253e-05 1.549873e-05)
(0.001629455 -5.982294e-05 1.272066e-05)
(0.001456785 -0.0002258734 4.708705e-05)
(0.001581839 -0.0002955511 8.701478e-05)
(0.001603191 -0.0002630869 0.0001002886)
(0.001578932 -0.0002031078 9.095374e-05)
(0.001526201 -0.0001485973 7.256323e-05)
(0.001462127 -0.0001085415 5.416649e-05)
(0.001397989 -8.104646e-05 3.909341e-05)
(0.001338442 -6.248409e-05 2.816362e-05)
(0.001285369 -4.968255e-05 2.075012e-05)
(0.001238961 -4.050738e-05 1.587142e-05)
(0.001198719 -3.363883e-05 1.266222e-05)
(0.001163939 -2.829967e-05 1.049691e-05)
(0.001133899 -2.402974e-05 8.967435e-06)
(0.001218071 -0.0001556402 4.148854e-05)
(0.001103645 -0.000144131 5.659986e-05)
(0.0009000108 -8.449273e-05 5.532227e-05)
(0.000774157 -4.31806e-05 4.058989e-05)
(0.0006866386 -2.124754e-05 2.70437e-05)
(0.0006236722 -1.114475e-05 1.792186e-05)
(0.0005780605 -6.584324e-06 1.222442e-05)
(0.0005433008 -4.423136e-06 8.911229e-06)
(0.0005159963 -3.278688e-06 6.981001e-06)
(0.000493958 -2.58995e-06 5.824636e-06)
(0.000475854 -2.120621e-06 5.08083e-06)
(0.0004608054 -1.77163e-06 4.549846e-06)
(0.0004481935 -1.497875e-06 4.126221e-06)
(0.000139543 9.99493e-08 1.579061e-09)
(0.0001396582 9.187187e-08 7.127992e-10)
(0.0001397736 8.482872e-08 3.266165e-10)
(0.0001398865 7.868105e-08 -2.365454e-11)
(0.000139997 7.332285e-08 -3.05221e-10)
(0.0001401049 6.865994e-08 -5.149294e-10)
(0.000139543 -9.994762e-08 1.579059e-09)
(0.0001396582 -9.187009e-08 7.127989e-10)
(0.0001397736 -8.482683e-08 3.266178e-10)
(0.0001398865 -7.867905e-08 -2.36547e-11)
(0.000139997 -7.332077e-08 -3.052203e-10)
(0.0001401049 -6.865783e-08 -5.149366e-10)
(0.0001396565 -2.960352e-07 1.50613e-09)
(0.0001397669 -2.720602e-07 6.476337e-10)
(0.0001398778 -2.511626e-07 2.671647e-10)
(0.0001399865 -2.329278e-07 -7.61278e-11)
(0.0001400929 -2.170391e-07 -3.509848e-10)
(0.0001401969 -2.032153e-07 -5.541128e-10)
(0.0001398811 -4.805324e-07 1.382966e-09)
(0.0001399813 -4.414226e-07 5.406991e-10)
(0.0001400825 -4.073587e-07 1.730886e-10)
(0.0001401818 -3.776541e-07 -1.551386e-10)
(0.0001402793 -3.517855e-07 -4.157131e-10)
(0.0001403747 -3.292887e-07 -6.04998e-10)
(0.0001402075 -6.452437e-07 1.279471e-09)
(0.0001402904 -5.922447e-07 4.629948e-10)
(0.0001403749 -5.461374e-07 1.16996e-10)
(0.0001404583 -5.05969e-07 -1.870915e-10)
(0.0001405403 -4.710163e-07 -4.253535e-10)
(0.0001406207 -4.406398e-07 -5.935494e-10)
(0.000140609 -7.813776e-07 1.344641e-09)
(0.0001406645 -7.161725e-07 5.629307e-10)
(0.0001407226 -6.595465e-07 2.448534e-10)
(0.0001407803 -6.102796e-07 -2.854697e-11)
(0.0001408374 -5.674593e-07 -2.395369e-10)
(0.0001408935 -5.302827e-07 -3.830092e-10)
(0.0001410221 -8.797645e-07 1.867275e-09)
(0.0001410356 -8.044178e-07 1.124658e-09)
(0.000141053 -7.391623e-07 8.272911e-10)
(0.0001410713 -6.824945e-07 5.792907e-10)
(0.0001410901 -6.333251e-07 3.884725e-10)
(0.000141109 -5.907037e-07 2.609471e-10)
(0.0001413154 -9.312733e-07 3.258539e-09)
(0.000141267 -8.48193e-07 2.546902e-09)
(0.0001412243 -7.765505e-07 2.229717e-09)
(0.0001411847 -7.14516e-07 1.974738e-09)
(0.0001411475 -6.608351e-07 1.7715e-09)
(0.0001411122 -6.144285e-07 1.62655e-09)
(0.0001412488 -9.284019e-07 6.03728e-09)
(0.0001411137 -8.403825e-07 5.327138e-09)
(0.0001409876 -7.649896e-07 4.892354e-09)
(0.0001408684 -7.000035e-07 4.552691e-09)
(0.000140755 -6.440163e-07 4.263117e-09)
(0.0001406468 -5.958392e-07 4.028767e-09)
(0.00014043 -8.661597e-07 1.045493e-08)
(0.0001401836 -7.766311e-07 9.698292e-09)
(0.0001399515 -7.007012e-07 8.987962e-09)
(0.0001397324 -6.357159e-07 8.441722e-09)
(0.0001395247 -5.80131e-07 7.954155e-09)
(0.0001393274 -5.326677e-07 7.525334e-09)
(0.0001382845 -7.455433e-07 1.643051e-08)
(0.0001379114 -6.5895e-07 1.556693e-08)
(0.00013756 -5.864707e-07 1.439038e-08)
(0.0001372306 -5.250821e-07 1.349278e-08)
(0.0001369203 -4.731542e-07 1.267659e-08)
(0.0001366276 -4.293466e-07 1.193326e-08)
(0.0001340557 -5.722978e-07 2.273139e-08)
(0.0001335614 -4.946105e-07 2.173667e-08)
(0.0001330978 -4.306259e-07 1.997865e-08)
(0.0001326668 -3.772253e-07 1.864907e-08)
(0.0001322639 -3.328071e-07 1.743294e-08)
(0.0001318866 -2.960271e-07 1.631337e-08)
(0.0001268309 -3.656535e-07 2.82959e-08)
(0.0001262505 -3.03816e-07 2.714303e-08)
(0.0001257094 -2.537528e-07 2.481759e-08)
(0.0001252107 -2.128021e-07 2.306656e-08)
(0.0001247479 -1.795856e-07 2.14557e-08)
(0.0001155482 -1.510975e-07 3.080396e-08)
(0.000114946 -1.116139e-07 2.954109e-08)
(0.0001143882 -8.017067e-08 2.691394e-08)
(0.000113878 -5.526891e-08 2.494066e-08)
(0.0001134078 -3.597725e-08 2.310931e-08)
(9.885643e-05 1.635133e-08 3.153267e-08)
(9.831327e-05 3.226087e-08 3.002541e-08)
(9.781335e-05 4.494117e-08 2.734541e-08)
(9.735879e-05 5.421632e-08 2.529635e-08)
(9.694237e-05 6.047214e-08 2.337205e-08)
(7.455604e-05 9.341935e-08 2.747655e-08)
(7.415208e-05 9.174858e-08 2.589437e-08)
(7.378217e-05 9.093992e-08 2.361654e-08)
(7.344728e-05 8.940837e-08 2.18189e-08)
(7.314194e-05 8.714676e-08 2.011458e-08)
(3.73781e-05 5.480828e-08 2.186125e-08)
(3.71909e-05 5.003394e-08 2.013911e-08)
(3.702031e-05 4.663021e-08 1.836415e-08)
(3.686664e-05 4.343819e-08 1.688665e-08)
(3.672729e-05 4.048923e-08 1.550217e-08)
(0.0004007225 3.514868e-07 2.782666e-08)
(0.0004011438 3.26125e-07 1.781661e-08)
(0.0004015606 3.036541e-07 1.095113e-08)
(0.0004019671 2.837187e-07 5.641392e-09)
(0.0004023631 2.660413e-07 1.374376e-09)
(0.0004027481 2.503736e-07 -1.960953e-09)
(0.0004007225 -3.514824e-07 2.782666e-08)
(0.0004011438 -3.261203e-07 1.781661e-08)
(0.0004015606 -3.036492e-07 1.095114e-08)
(0.0004019671 -2.837135e-07 5.641399e-09)
(0.0004023631 -2.660358e-07 1.374385e-09)
(0.0004027481 -2.50368e-07 -1.960972e-09)
(0.0004010657 -1.043949e-06 2.711784e-08)
(0.0004014734 -9.685064e-07 1.719124e-08)
(0.0004018772 -9.016772e-07 1.040274e-08)
(0.0004022714 -8.423963e-07 5.172846e-09)
(0.0004026554 -7.898339e-07 9.844237e-10)
(0.0004030289 -7.432475e-07 -2.274734e-09)
(0.0004017455 -1.704375e-06 2.605075e-08)
(0.0004021239 -1.580749e-06 1.62995e-08)
(0.0004024996 -1.47128e-06 9.674689e-09)
(0.0004028667 -1.3742e-06 4.612159e-09)
(0.0004032246 -1.288134e-06 5.859964e-10)
(0.0004035727 -1.211852e-06 -2.517988e-09)
(0.0004027358 -2.309679e-06 2.556209e-08)
(0.0004030641 -2.140933e-06 1.608405e-08)
(0.0004033915 -1.991595e-06 9.714307e-09)
(0.0004037118 -1.859203e-06 4.906374e-09)
(0.0004040241 -1.741851e-06 1.12077e-09)
(0.0004043276 -1.637839e-06 -1.758969e-09)
(0.0004039592 -2.834125e-06 2.756117e-08)
(0.0004042078 -2.624351e-06 1.842686e-08)
(0.0004044576 -2.438848e-06 1.23644e-08)
(0.0004047023 -2.274475e-06 7.852287e-09)
(0.0004049409 -2.128811e-06 4.334407e-09)
(0.0004051724 -1.999716e-06 1.692105e-09)
(0.0004052289 -3.2487e-06 3.536206e-08)
(0.0004053543 -3.002896e-06 2.653555e-08)
(0.0004054842 -2.785796e-06 2.068798e-08)
(0.0004056121 -2.593578e-06 1.636291e-08)
(0.0004057367 -2.423335e-06 1.299051e-08)
(0.000405857 -2.272515e-06 1.044914e-08)
(0.0004061564 -3.520654e-06 5.359227e-08)
(0.0004060983 -3.244796e-06 4.480346e-08)
(0.0004060498 -3.001679e-06 3.876441e-08)
(0.0004060051 -2.78676e-06 3.42088e-08)
(0.0004059624 -2.596661e-06 3.056889e-08)
(0.0004059205 -2.428459e-06 2.771441e-08)
(0.0004060265 -3.615958e-06 8.722579e-08)
(0.0004057102 -3.317578e-06 7.785459e-08)
(0.0004054126 -3.055604e-06 7.073745e-08)
(0.0004051292 -2.8247e-06 6.507665e-08)
(0.0004048575 -2.62102e-06 6.034192e-08)
(0.0004045961 -2.441299e-06 5.637818e-08)
(0.0004036655 -3.502109e-06 1.386769e-07)
(0.0004030156 -3.191699e-06 1.277834e-07)
(0.0004023998 -2.920836e-06 1.182337e-07)
(0.0004018157 -2.683321e-06 1.101649e-07)
(0.0004012595 -2.474851e-06 1.031395e-07)
(0.0004007288 -2.291847e-06 9.694695e-08)
(0.000397349 -3.160385e-06 2.049176e-07)
(0.0003963172 -2.853251e-06 1.915221e-07)
(0.0003953423 -2.587621e-06 1.780605e-07)
(0.0003944245 -2.356511e-06 1.66188e-07)
(0.0003935574 -2.155256e-06 1.556175e-07)
(0.0003927371 -1.980029e-06 1.460463e-07)
(0.0003848014 -2.59268e-06 2.742246e-07)
(0.0003834024 -2.31052e-06 2.578565e-07)
(0.0003820882 -2.069301e-06 2.396341e-07)
(0.0003808615 -1.861685e-06 2.231823e-07)
(0.0003797124 -1.682947e-06 2.083866e-07)
(0.0003786345 -1.529177e-06 1.948356e-07)
(0.0003632782 -1.852657e-06 3.311855e-07)
(0.0003616168 -1.621286e-06 3.121433e-07)
(0.0003600667 -1.426051e-06 2.895234e-07)
(0.0003586322 -1.260283e-06 2.688792e-07)
(0.0003572994 -1.119768e-06 2.502047e-07)
(0.0003295983 -1.037612e-06 3.589169e-07)
(0.0003278676 -8.807614e-07 3.382947e-07)
(0.000326264 -7.500542e-07 3.131602e-07)
(0.0003247916 -6.410022e-07 2.901512e-07)
(0.0003234333 -5.506247e-07 2.692217e-07)
(0.0002797509 -3.346694e-07 3.552904e-07)
(0.0002781946 -2.592268e-07 3.339683e-07)
(0.0002767615 -1.964625e-07 3.086688e-07)
(0.0002754538 -1.454791e-07 2.85552e-07)
(0.0002742547 -1.049544e-07 2.643759e-07)
(0.0002073132 9.233072e-08 3.046277e-07)
(0.0002061713 1.032833e-07 2.847759e-07)
(0.000205125 1.137072e-07 2.627891e-07)
(0.0002041746 1.210016e-07 2.427656e-07)
(0.0002033073 1.251902e-07 2.243162e-07)
(9.781652e-05 1.179224e-07 1.853761e-07)
(9.731514e-05 1.085311e-07 1.715721e-07)
(9.685765e-05 1.018707e-07 1.576566e-07)
(9.644418e-05 9.553175e-08 1.450859e-07)
(9.606867e-05 8.956593e-08 1.335225e-07)
(0.0006440169 6.525779e-07 8.113871e-08)
(0.0006448196 6.090433e-07 5.477243e-08)
(0.0006456084 5.700286e-07 3.541404e-08)
(0.0006463757 5.350135e-07 2.042947e-08)
(0.0006471208 5.035933e-07 8.416951e-09)
(0.0006478434 4.754015e-07 -1.054755e-09)
(0.0006440169 -6.525713e-07 8.11387e-08)
(0.0006448196 -6.090362e-07 5.477243e-08)
(0.0006456084 -5.700211e-07 3.541406e-08)
(0.0006463757 -5.350055e-07 2.042948e-08)
(0.0006471208 -5.035849e-07 8.416972e-09)
(0.0006478434 -4.753929e-07 -1.054778e-09)
(0.0006445914 -1.941499e-06 7.942064e-08)
(0.0006453726 -1.811793e-06 5.326764e-08)
(0.0006461406 -1.695568e-06 3.411304e-08)
(0.000646888 -1.591263e-06 1.933513e-08)
(0.0006476139 -1.497666e-06 7.525213e-09)
(0.0006483178 -1.413678e-06 -1.750556e-09)
(0.000645731 -3.180798e-06 7.69509e-08)
(0.0006464656 -2.967553e-06 5.124453e-08)
(0.0006471886 -2.776513e-06 3.251776e-08)
(0.0006478924 -2.60508e-06 1.816869e-08)
(0.0006485759 -2.451238e-06 6.773222e-09)
(0.0006492384 -2.313169e-06 -2.107116e-09)
(0.0006473957 -4.334045e-06 7.624468e-08)
(0.0006480501 -4.041461e-06 5.122644e-08)
(0.0006486952 -3.779416e-06 3.315397e-08)
(0.0006493231 -3.544283e-06 1.944673e-08)
(0.0006499324 -3.333256e-06 8.656048e-09)
(0.0006505223 -3.143815e-06 3.380389e-10)
(0.0006494628 -5.359189e-06 8.233776e-08)
(0.0006499885 -4.992785e-06 5.816234e-08)
(0.0006505078 -4.664743e-06 4.085954e-08)
(0.0006510126 -4.370427e-06 2.787843e-08)
(0.0006515013 -4.106265e-06 1.774129e-08)
(0.0006519727 -3.869063e-06 9.999794e-09)
(0.0006516308 -6.205864e-06 1.037699e-07)
(0.000651956 -5.772329e-06 8.028471e-08)
(0.0006522792 -5.38443e-06 6.349469e-08)
(0.0006525923 -5.036541e-06 5.093381e-08)
(0.0006528933 -4.724349e-06 4.110914e-08)
(0.0006531811 -4.44403e-06 3.356938e-08)
(0.0006532649 -6.812358e-06 1.52299e-07)
(0.0006532887 -6.31991e-06 1.286999e-07)
(0.0006533183 -5.879904e-06 1.113887e-07)
(0.0006533461 -5.485715e-06 9.816381e-08)
(0.0006533699 -5.132292e-06 8.757153e-08)
(0.0006533885 -4.815216e-06 7.915409e-08)
(0.0006531868 -7.106922e-06 2.401437e-07)
(0.0006527831 -6.566823e-06 2.14675e-07)
(0.0006523997 -6.085588e-06 1.946602e-07)
(0.0006520305 -5.655523e-06 1.785688e-07)
(0.0006516728 -5.270812e-06 1.651057e-07)
(0.0006513247 -4.926463e-06 1.537882e-07)
(0.0006494503 -7.012418e-06 3.72935e-07)
(0.0006484904 -6.442203e-06 3.429879e-07)
(0.000647576 -5.936658e-06 3.170097e-07)
(0.0006467037 -5.48691e-06 2.948308e-07)
(0.000645869 -5.086346e-06 2.755061e-07)
(0.0006450689 -4.729402e-06 2.584864e-07)
(0.0006391824 -6.469614e-06 5.419253e-07)
(0.0006375817 -5.897184e-06 5.048528e-07)
(0.0006360646 -5.393492e-06 4.694629e-07)
(0.0006346308 -4.948507e-06 4.378335e-07)
(0.0006332723 -4.554915e-06 4.095874e-07)
(0.0006319837 -4.20664e-06 3.840558e-07)
(0.0006185827 -5.461012e-06 7.175819e-07)
(0.000616362 -4.927482e-06 6.721669e-07)
(0.0006142723 -4.46273e-06 6.254807e-07)
(0.0006123159 -4.056006e-06 5.825896e-07)
(0.0006104796 -3.699712e-06 5.438134e-07)
(0.000608754 -3.387526e-06 5.08339e-07)
(0.0005830733 -4.07112e-06 8.59671e-07)
(0.000580406 -3.626249e-06 8.070322e-07)
(0.0005779153 -3.243195e-06 7.501281e-07)
(0.0005756044 -2.911752e-06 6.970858e-07)
(0.0005734543 -2.624947e-06 6.488033e-07)
(0.0005273844 -2.487087e-06 9.277376e-07)
(0.0005245944 -2.176511e-06 8.711892e-07)
(0.0005220082 -1.912059e-06 8.085308e-07)
(0.0005196278 -1.686189e-06 7.498157e-07)
(0.0005174298 -1.493782e-06 6.960871e-07)
(0.0004449742 -1.053407e-06 9.108244e-07)
(0.0004424701 -8.929723e-07 8.537839e-07)
(0.0004401636 -7.567457e-07 7.911748e-07)
(0.0004380544 -6.421388e-07 7.326398e-07)
(0.0004361184 -5.467353e-07 6.787902e-07)
(0.0003256442 -8.726161e-08 7.76121e-07)
(0.0003238256 -5.000297e-08 7.245249e-07)
(0.0003221583 -1.641398e-08 6.702044e-07)
(0.0003206408 1.073108e-08 6.19766e-07)
(0.0003192545 3.160067e-08 5.731897e-07)
(0.0001478884 1.458593e-07 4.587133e-07)
(0.000147117 1.350775e-07 4.251198e-07)
(0.0001464124 1.27747e-07 3.917872e-07)
(0.0001457744 1.206101e-07 3.61204e-07)
(0.0001451942 1.137348e-07 3.33017e-07)
(0.0008695008 9.987548e-07 1.604042e-07)
(0.0008707575 9.365837e-07 1.11744e-07)
(0.0008719863 8.803062e-07 7.473174e-08)
(0.0008731788 8.292837e-07 4.590103e-08)
(0.0008743342 7.830281e-07 2.277311e-08)
(0.0008754525 7.410927e-07 4.432347e-09)
(0.0008695008 -9.987464e-07 1.604042e-07)
(0.0008707575 -9.365748e-07 1.11744e-07)
(0.0008719863 -8.802966e-07 7.473176e-08)
(0.0008731788 -8.292735e-07 4.590105e-08)
(0.0008743342 -7.830174e-07 2.277315e-08)
(0.0008754525 -7.410816e-07 4.432331e-09)
(0.0008703061 -2.975358e-06 1.574514e-07)
(0.0008715343 -2.789864e-06 1.091713e-07)
(0.0008727357 -2.621968e-06 7.252966e-08)
(0.0008739016 -2.469749e-06 4.407126e-08)
(0.0008750311 -2.331744e-06 2.130688e-08)
(0.0008761241 -2.206613e-06 3.317158e-09)
(0.0008719063 -4.887826e-06 1.533538e-07)
(0.0008730727 -4.58197e-06 1.058665e-07)
(0.000874214 -4.305166e-06 6.999716e-08)
(0.0008753214 -4.054205e-06 4.230632e-08)
(0.0008763937 -3.826648e-06 2.028119e-08)
(0.0008774306 -3.620266e-06 2.99571e-09)
(0.0008742513 -6.688067e-06 1.527444e-07)
(0.0008753109 -6.266488e-06 1.064682e-07)
(0.0008763477 -5.885e-06 7.176602e-08)
(0.0008773527 -5.53911e-06 4.521204e-08)
(0.0008783244 -5.225405e-06 2.425487e-08)
(0.0008792623 -4.940787e-06 7.960772e-09)
(0.0008771808 -8.318469e-06 1.647933e-07)
(0.0008780672 -7.787109e-06 1.199694e-07)
(0.0008789339 -7.306353e-06 8.661788e-08)
(0.0008797716 -6.87044e-06 6.132867e-08)
(0.0008805787 -6.475003e-06 4.150419e-08)
(0.0008813543 -6.116101e-06 2.620578e-08)
(0.0008802904 -9.706007e-06 2.048377e-07)
(0.0008809044 -9.071951e-06 1.611164e-07)
(0.0008815033 -8.498503e-06 1.286287e-07)
(0.0008820782 -7.978651e-06 1.040303e-07)
(0.0008826272 -7.507089e-06 8.470052e-08)
(0.0008831494 -7.079071e-06 6.970222e-08)
(0.0008827154 -1.075501e-05 2.937908e-07)
(0.0008829154 -1.002728e-05 2.495977e-07)
(0.0008831099 -9.36983e-06 2.161216e-07)
(0.0008832903 -8.774396e-06 1.902677e-07)
(0.0008834549 -8.234705e-06 1.694844e-07)
(0.0008836027 -7.745232e-06 1.52841e-07)
(0.0008828328 -1.134546e-05 4.529389e-07)
(0.0008824396 -1.053783e-05 4.049387e-07)
(0.0008820599 -9.810033e-06 3.666495e-07)
(0.000881687 -9.152432e-06 3.356586e-07)
(0.0008813184 -8.557709e-06 3.096918e-07)
(0.0008809529 -8.019536e-06 2.878146e-07)
(0.0008779383 -1.133922e-05 6.916582e-07)
(0.0008767664 -1.047594e-05 6.349667e-07)
(0.0008756427 -9.701627e-06 5.862415e-07)
(0.000874563 -9.005051e-06 5.445096e-07)
(0.0008735233 -8.377741e-06 5.081142e-07)
(0.0008725207 -7.81251e-06 4.760802e-07)
(0.0008640167 -1.061671e-05 9.931861e-07)
(0.0008619406 -9.739643e-06 9.229453e-07)
(0.0008599662 -8.95855e-06 8.579746e-07)
(0.0008580923 -8.260568e-06 7.997559e-07)
(0.0008563108 -7.636094e-06 7.476554e-07)
(0.0008546155 -7.077113e-06 7.00606e-07)
(0.0008357406 -9.125544e-06 1.304892e-06)
(0.0008327832 -8.298601e-06 1.218992e-06)
(0.0008299951 -7.5691e-06 1.134756e-06)
(0.0008273772 -6.922962e-06 1.057054e-06)
(0.0008249146 -6.349952e-06 9.865555e-07)
(0.0008225958 -5.841548e-06 9.2208e-07)
(0.0007867057 -6.977374e-06 1.554073e-06)
(0.0007831077 -6.279178e-06 1.454995e-06)
(0.0007797446 -5.669883e-06 1.353658e-06)
(0.0007766174 -5.135712e-06 1.258615e-06)
(0.0007737032 -4.667024e-06 1.17171e-06)
(0.0007096096 -4.465025e-06 1.670721e-06)
(0.0007058274 -3.96789e-06 1.565085e-06)
(0.0007023196 -3.53846e-06 1.454396e-06)
(0.0006990853 -3.166011e-06 1.349829e-06)
(0.0006960952 -2.843252e-06 1.253698e-06)
(0.0005955747 -2.116632e-06 1.630398e-06)
(0.0005921849 -1.848597e-06 1.525577e-06)
(0.0005890613 -1.617712e-06 1.41576e-06)
(0.0005862005 -1.419493e-06 1.312141e-06)
(0.0005835721 -1.250341e-06 1.216452e-06)
(0.0004312274 -4.34036e-07 1.381721e-06)
(0.0004287873 -3.588109e-07 1.288788e-06)
(0.0004265491 -2.913136e-07 1.193936e-06)
(0.0004245091 -2.343075e-07 1.105088e-06)
(0.0004226437 -1.874132e-07 1.022827e-06)
(0.0001901824 1.452067e-07 8.019622e-07)
(0.0001891751 1.352676e-07 7.438385e-07)
(0.0001882545 1.2928e-07 6.868566e-07)
(0.0001874195 1.231789e-07 6.341424e-07)
(0.0001866593 1.170548e-07 5.854439e-07)
(0.00107731 1.383308e-06 2.619112e-07)
(0.001079088 1.302587e-06 1.868256e-07)
(0.001080819 1.228841e-06 1.284257e-07)
(0.001082496 1.161362e-06 8.258238e-08)
(0.001084118 1.099621e-06 4.571721e-08)
(0.001085686 1.043129e-06 1.633696e-08)
(0.00107731 -1.383298e-06 2.619112e-07)
(0.001079088 -1.302577e-06 1.868256e-07)
(0.001080819 -1.22883e-06 1.284258e-07)
(0.001082496 -1.16135e-06 8.258242e-08)
(0.001084118 -1.099608e-06 4.571726e-08)
(0.001085686 -1.043116e-06 1.633697e-08)
(0.001078343 -4.125477e-06 2.576521e-07)
(0.001080086 -3.884324e-06 1.831301e-07)
(0.001081785 -3.66402e-06 1.252878e-07)
(0.00108343 -3.462433e-06 8.00022e-08)
(0.00108502 -3.277973e-06 4.367982e-08)
(0.001086556 -3.109172e-06 1.482301e-08)
(0.001080398 -6.792328e-06 2.519169e-07)
(0.001082068 -6.393628e-06 1.785672e-07)
(0.001083694 -6.029426e-06 1.218798e-07)
(0.001085267 -5.696148e-06 7.77385e-08)
(0.001086787 -5.391134e-06 4.251495e-08)
(0.001088254 -5.111934e-06 1.470368e-08)
(0.001083422 -9.325986e-06 2.517606e-07)
(0.001084962 -8.774117e-06 1.801878e-07)
(0.00108646 -8.27003e-06 1.252309e-07)
(0.001087908 -7.808691e-06 8.277158e-08)
(0.001089304 -7.386365e-06 4.912387e-08)
(0.001090649 -6.999631e-06 2.277377e-08)
(0.001087224 -1.165432e-05 2.710259e-07)
(0.001088552 -1.095462e-05 2.01546e-07)
(0.001089841 -1.031556e-05 1.485653e-07)
(0.001091082 -9.730645e-06 1.079545e-07)
(0.001092273 -9.195058e-06 7.595601e-08)
(0.001093415 -8.704429e-06 5.10521e-08)
(0.001091313 -1.368077e-05 3.326428e-07)
(0.001092303 -1.28394e-05 2.646445e-07)
(0.001093259 -1.20712e-05 2.128791e-07)
(0.001094171 -1.136822e-05 1.732359e-07)
(0.001095038 -1.072456e-05 1.419098e-07)
(0.00109586 -1.013493e-05 1.173922e-07)
(0.001094613 -1.52714e-05 4.676397e-07)
(0.001095084 -1.42966e-05 3.986217e-07)
(0.00109553 -1.340758e-05 3.452978e-07)
(0.001095944 -1.259484e-05 3.037221e-07)
(0.001096323 -1.185134e-05 2.701578e-07)
(0.00109667 -1.117085e-05 2.431207e-07)
(0.001095082 -1.624831e-05 7.071256e-07)
(0.001094799 -1.515495e-05 6.319022e-07)
(0.001094515 -1.416039e-05 5.713859e-07)
(0.001094222 -1.32534e-05 5.221719e-07)
(0.001093919 -1.242562e-05 4.808632e-07)
(0.001093607 -1.16698e-05 4.460034e-07)
(0.001089278 -1.639705e-05 1.064218e-06)
(0.001087996 -1.521541e-05 9.752865e-07)
(0.001086756 -1.414567e-05 8.994047e-07)
(0.001085552 -1.317452e-05 8.344003e-07)
(0.001084384 -1.229201e-05 7.776741e-07)
(0.001083248 -1.148974e-05 7.277752e-07)
(0.001072057 -1.551879e-05 1.512637e-06)
(0.001069604 -1.430554e-05 1.40267e-06)
(0.00106726 -1.321506e-05 1.303149e-06)
(0.001065026 -1.223172e-05 1.214125e-06)
(0.001062893 -1.134392e-05 1.13437e-06)
(0.001060856 -1.054205e-05 1.062399e-06)
(0.00103657 -1.351083e-05 1.973747e-06)
(0.001032965 -1.23556e-05 1.839774e-06)
(0.001029559 -1.13269e-05 1.712551e-06)
(0.001026351 -1.040726e-05 1.595374e-06)
(0.001023327 -9.583972e-06 1.488829e-06)
(0.001020472 -8.84656e-06 1.391396e-06)
(0.0009746041 -1.050782e-05 2.338396e-06)
(0.0009701536 -9.522615e-06 2.184759e-06)
(0.0009659887 -8.654407e-06 2.033423e-06)
(0.0009621082 -7.885695e-06 1.891503e-06)
(0.0009584858 -7.204244e-06 1.761338e-06)
(0.0008769031 -6.922138e-06 2.504189e-06)
(0.0008721975 -6.210535e-06 2.341644e-06)
(0.0008678305 -5.58936e-06 2.177672e-06)
(0.0008637979 -5.044585e-06 2.022503e-06)
(0.0008600652 -4.56676e-06 1.879356e-06)
(0.0007324937 -3.491182e-06 2.430633e-06)
(0.0007282796 -3.096492e-06 2.271511e-06)
(0.0007243948 -2.752781e-06 2.110056e-06)
(0.0007208325 -2.453632e-06 1.957188e-06)
(0.0007175564 -2.194251e-06 1.815562e-06)
(0.0005254775 -9.308867e-07 2.048476e-06)
(0.0005224677 -8.081272e-07 1.909775e-06)
(0.0005197055 -6.976145e-07 1.771206e-06)
(0.0005171852 -6.021344e-07 1.640836e-06)
(0.0005148784 -5.211027e-07 1.519816e-06)
(0.0002264263 1.21653e-07 1.170757e-06)
(0.000225211 1.14104e-07 1.086731e-06)
(0.0002240995 1.1097e-07 1.005047e-06)
(0.0002230902 1.073026e-07 9.290838e-07)
(0.0002221704 1.032106e-07 8.58733e-07)
(0.001267645 1.797608e-06 3.808913e-07)
(0.001270002 1.699031e-06 2.769425e-07)
(0.001272292 1.608179e-06 1.948589e-07)
(0.001274505 1.524331e-06 1.299343e-07)
(0.001276643 1.446958e-06 7.754564e-08)
(0.001278706 1.375567e-06 3.559458e-08)
(0.001267645 -1.797597e-06 3.808913e-07)
(0.001270002 -1.699019e-06 2.769425e-07)
(0.001272292 -1.608166e-06 1.948589e-07)
(0.001274505 -1.524317e-06 1.299343e-07)
(0.001276643 -1.446944e-06 7.754571e-08)
(0.001278706 -1.375553e-06 3.559461e-08)
(0.001268898 -5.366036e-06 3.75361e-07)
(0.001271217 -5.071175e-06 2.721603e-07)
(0.001273469 -4.799434e-06 1.908237e-07)
(0.001275646 -4.548635e-06 1.26646e-07)
(0.001277747 -4.317188e-06 7.498217e-08)
(0.001279774 -4.103604e-06 3.372937e-08)
(0.001271398 -8.851498e-06 3.681048e-07)
(0.001273633 -8.362771e-06 2.664557e-07)
(0.001275803 -7.912397e-06 1.866601e-07)
(0.001277897 -7.496703e-06 1.240085e-07)
(0.001279918 -7.113018e-06 7.380702e-08)
(0.001281865 -6.758852e-06 3.394439e-08)
(0.001275088 -1.218842e-05 3.686884e-07)
(0.001277176 -1.150927e-05 2.693761e-07)
(0.0012792 -1.088345e-05 1.918738e-07)
(0.00128115 -1.030575e-05 1.314522e-07)
(0.001283026 -9.772402e-06 8.333646e-08)
(0.00128483 -9.279906e-06 4.54063e-08)
(0.001279762 -1.529153e-05 3.957561e-07)
(0.001281605 -1.44257e-05 2.991538e-07)
(0.001283386 -1.362794e-05 2.24241e-07)
(0.001285095 -1.289148e-05 1.662481e-07)
(0.001286731 -1.221142e-05 1.20294e-07)
(0.001288295 -1.158326e-05 8.425667e-08)
(0.001284854 -1.804047e-05 4.799716e-07)
(0.001286303 -1.699183e-05 3.851671e-07)
(0.001287692 -1.602603e-05 3.117876e-07)
(0.001289012 -1.513469e-05 2.550248e-07)
(0.001290264 -1.431174e-05 2.099078e-07)
(0.001291448 -1.355169e-05 1.743308e-07)
(0.001289104 -2.025962e-05 6.625753e-07)
(0.001289937 -1.903404e-05 5.66069e-07)
(0.00129072 -1.790674e-05 4.904989e-07)
(0.001291444 -1.686756e-05 4.31105e-07)
(0.001292111 -1.590913e-05 3.829461e-07)
(0.001292722 -1.502492e-05 3.439571e-07)
(0.001290078 -2.170497e-05 9.844254e-07)
(0.001290005 -2.031674e-05 8.790794e-07)
(0.001289907 -1.904352e-05 7.938557e-07)
(0.001289777 -1.787303e-05 7.243129e-07)
(0.001289616 -1.679628e-05 6.658401e-07)
(0.001289427 -1.580552e-05 6.164287e-07)
(0.001283626 -2.207186e-05 1.462027e-06)
(0.001282337 -2.055623e-05 1.337625e-06)
(0.001281073 -1.917328e-05 1.232045e-06)
(0.001279832 -1.790803e-05 1.141711e-06)
(0.001278611 -1.674942e-05 1.062871e-06)
(0.001277412 -1.568822e-05 9.935624e-07)
(0.001263495 -2.106467e-05 2.058823e-06)
(0.001260766 -1.949345e-05 1.905557e-06)
(0.001258146 -1.807048e-05 1.768996e-06)
(0.001255634 -1.677764e-05 1.647284e-06)
(0.001253223 -1.560161e-05 1.53823e-06)
(0.00125091 -1.453151e-05 1.439897e-06)
(0.001221332 -1.851539e-05 2.669282e-06)
(0.001217174 -1.700615e-05 2.4835e-06)
(0.001213234 -1.565216e-05 2.311067e-06)
(0.001209513 -1.443259e-05 2.152885e-06)
(0.001205993 -1.333245e-05 2.008926e-06)
(0.001202663 -1.233957e-05 1.877301e-06)
(0.001147146 -1.457703e-05 3.146861e-06)
(0.001141927 -1.327905e-05 2.93516e-06)
(0.001137035 -1.212643e-05 2.732155e-06)
(0.001132468 -1.109791e-05 2.542361e-06)
(0.001128197 -1.017876e-05 2.367978e-06)
(0.001029826 -9.793217e-06 3.356634e-06)
(0.001024269 -8.845453e-06 3.134415e-06)
(0.001019109 -8.011335e-06 2.916255e-06)
(0.001014336 -7.273516e-06 2.710084e-06)
(0.001009914 -6.620446e-06 2.519433e-06)
(0.0008565628 -5.1341e-06 3.241358e-06)
(0.0008515874 -4.597919e-06 3.026432e-06)
(0.0008469986 -4.126942e-06 2.813323e-06)
(0.0008427862 -3.712853e-06 2.61142e-06)
(0.0008389087 -3.349731e-06 2.423894e-06)
(0.0006095654 -1.556261e-06 2.716237e-06)
(0.0006060359 -1.378611e-06 2.53171e-06)
(0.0006027952 -1.217898e-06 2.350176e-06)
(0.0005998354 -1.077001e-06 2.179e-06)
(0.0005971241 -9.551986e-07 2.019732e-06)
(0.000257796 7.958907e-08 1.53133e-06)
(0.0002563968 7.552007e-08 1.422512e-06)
(0.000255116 7.635554e-08 1.317349e-06)
(0.000253952 7.618585e-08 1.219187e-06)
(0.0002528901 7.511508e-08 1.128056e-06)
(0.001440771 2.231568e-06 5.109886e-07)
(0.001443755 2.11641e-06 3.775418e-07)
(0.001446648 2.009375e-06 2.710303e-07)
(0.00144944 1.909785e-06 1.862057e-07)
(0.001452132 1.817152e-06 1.174925e-07)
(0.001454728 1.731014e-06 6.221024e-08)
(0.001440771 -2.231557e-06 5.109886e-07)
(0.001443755 -2.116397e-06 3.775419e-07)
(0.001446648 -2.009361e-06 2.710304e-07)
(0.00144944 -1.90977e-06 1.862058e-07)
(0.001452132 -1.817137e-06 1.174926e-07)
(0.001454728 -1.730998e-06 6.221031e-08)
(0.001442234 -6.666797e-06 5.043026e-07)
(0.001445177 -6.321937e-06 3.717761e-07)
(0.00144803 -6.001421e-06 2.661892e-07)
(0.001450782 -5.703192e-06 1.822894e-07)
(0.001453435 -5.425779e-06 1.144723e-07)
(0.001455991 -5.167782e-06 6.005264e-08)
(0.001445158 -1.101504e-05 4.957195e-07)
(0.001448011 -1.044207e-05 3.650971e-07)
(0.001450775 -9.909599e-06 2.614107e-07)
(0.001453437 -9.414121e-06 1.793953e-07)
(0.001456001 -8.953158e-06 1.133811e-07)
(0.001458469 -8.524355e-06 6.067444e-08)
(0.001449493 -1.520526e-05 4.972046e-07)
(0.001452187 -1.440608e-05 3.69434e-07)
(0.00145479 -1.366343e-05 2.685605e-07)
(0.001457293 -1.297232e-05 1.892859e-07)
(0.001459696 -1.232923e-05 1.258328e-07)
(0.001462004 -1.173082e-05 7.549814e-08)
(0.001455022 -1.914072e-05 5.319599e-07)
(0.001457446 -1.811656e-05 4.074526e-07)
(0.00145978 -1.716499e-05 3.09725e-07)
(0.001462013 -1.627948e-05 2.334142e-07)
(0.001464146 -1.54554e-05 1.725968e-07)
(0.001466183 -1.468842e-05 1.245688e-07)
(0.001461125 -2.267768e-05 6.379388e-07)
(0.001463107 -2.142883e-05 5.154704e-07)
(0.001464999 -2.026915e-05 4.195391e-07)
(0.001466792 -1.919044e-05 3.446909e-07)
(0.001468487 -1.818689e-05 2.84857e-07)
(0.001470088 -1.725315e-05 2.373541e-07)
(0.001466382 -2.559656e-05 8.659351e-07)
(0.001467662 -2.412487e-05 7.410201e-07)
(0.00146886 -2.276042e-05 6.422528e-07)
(0.001469967 -2.149304e-05 5.641092e-07)
(0.001470988 -2.031551e-05 5.004807e-07)
(0.001471925 -1.922137e-05 4.487342e-07)
(0.001467999 -2.758061e-05 1.265776e-06)
(0.001468231 -2.589806e-05 1.129383e-06)
(0.001468407 -2.434325e-05 1.018599e-06)
(0.001468519 -2.290353e-05 9.27974e-07)
(0.001468574 -2.156975e-05 8.516576e-07)
(0.001468574 -2.033409e-05 7.870885e-07)
(0.001461156 -2.822318e-05 1.856749e-06)
(0.001459962 -2.636858e-05 1.696079e-06)
(0.001458768 -2.46644e-05 1.560251e-06)
(0.001457572 -2.309458e-05 1.444249e-06)
(0.001456375 -2.164742e-05 1.343036e-06)
(0.001455182 -2.031329e-05 1.254121e-06)
(0.001438522 -2.711624e-05 2.591986e-06)
(0.00143562 -2.517626e-05 2.394963e-06)
(0.001432816 -2.340774e-05 2.221397e-06)
(0.001430109 -2.179053e-05 2.067378e-06)
(0.001427495 -2.030992e-05 1.929461e-06)
(0.001424975 -1.895416e-05 1.805216e-06)
(0.001390268 -2.401254e-05 3.340069e-06)
(0.001385654 -2.213416e-05 3.102629e-06)
(0.001381268 -2.043832e-05 2.885903e-06)
(0.00137711 -1.890119e-05 2.68808e-06)
(0.001373166 -1.750572e-05 2.508059e-06)
(0.001369424 -1.623833e-05 2.343528e-06)
(0.001304671 -1.907833e-05 3.918853e-06)
(0.00129877 -1.745109e-05 3.650108e-06)
(0.00129323 -1.599687e-05 3.397427e-06)
(0.001288047 -1.46909e-05 3.162208e-06)
(0.001283191 -1.351607e-05 2.945934e-06)
(0.001168877 -1.299773e-05 4.163244e-06)
(0.001162547 -1.179932e-05 3.883374e-06)
(0.001156662 -1.073751e-05 3.614052e-06)
(0.001151213 -9.791781e-06 3.360241e-06)
(0.001146156 -8.948594e-06 3.125197e-06)
(0.0009685105 -6.993419e-06 4.000202e-06)
(0.0009628392 -6.305637e-06 3.732504e-06)
(0.0009576054 -5.697198e-06 3.471563e-06)
(0.0009527963 -5.157973e-06 3.22454e-06)
(0.0009483655 -4.681026e-06 2.994679e-06)
(0.0006844522 -2.285067e-06 3.333053e-06)
(0.000680452 -2.047467e-06 3.106356e-06)
(0.0006767772 -1.83146e-06 2.88587e-06)
(0.0006734181 -1.640058e-06 2.677743e-06)
(0.0006703387 -1.472504e-06 2.483711e-06)
(0.0002851091 2.308854e-08 1.856158e-06)
(0.0002835473 2.322767e-08 1.725554e-06)
(0.0002821166 2.879583e-08 1.599878e-06)
(0.0002808153 3.288535e-08 1.482232e-06)
(0.0002796272 3.555955e-08 1.372762e-06)
(0.001597013 2.674194e-06 6.442898e-07)
(0.001600658 2.544225e-06 4.826673e-07)
(0.001604187 2.422424e-06 3.526517e-07)
(0.001607587 2.308208e-06 2.484834e-07)
(0.001610863 2.201168e-06 1.637586e-07)
(0.001614019 2.100901e-06 9.527591e-08)
(0.001597013 -2.674181e-06 6.442898e-07)
(0.001600658 -2.544212e-06 4.826674e-07)
(0.001604187 -2.42241e-06 3.526518e-07)
(0.001607587 -2.308193e-06 2.484834e-07)
(0.001610863 -2.201152e-06 1.637587e-07)
(0.001614019 -2.100884e-06 9.527603e-08)
(0.001598672 -7.994742e-06 6.366265e-07)
(0.001602276 -7.605099e-06 4.760736e-07)
(0.001605762 -7.239967e-06 3.471358e-07)
(0.001609121 -6.897568e-06 2.440468e-07)
(0.001612355 -6.576664e-06 1.603668e-07)
(0.001615468 -6.276035e-06 9.288918e-08)
(0.001601995 -1.322783e-05 6.26961e-07)
(0.001605506 -1.257899e-05 4.686157e-07)
(0.0016089 -1.197103e-05 3.418871e-07)
(0.001612164 -1.14009e-05 2.409918e-07)
(0.001615304 -1.086651e-05 1.594093e-07)
(0.001618322 -1.036578e-05 9.392388e-08)
(0.001606942 -1.829926e-05 6.293651e-07)
(0.001610285 -1.739102e-05 4.743104e-07)
(0.00161351 -1.654011e-05 3.508367e-07)
(0.001616604 -1.574214e-05 2.531208e-07)
(0.001619572 -1.499408e-05 1.745087e-07)
(0.001622416 -1.429299e-05 1.117743e-07)
(0.001613294 -2.310279e-05 6.710191e-07)
(0.001616351 -2.193306e-05 5.196871e-07)
(0.001619287 -2.083746e-05 3.998234e-07)
(0.001622089 -1.981015e-05 3.055268e-07)
(0.001624762 -1.88471e-05 2.299563e-07)
(0.00162731 -1.794447e-05 1.698845e-07)
(0.001620395 -2.747228e-05 7.961996e-07)
(0.001622972 -2.603665e-05 6.470704e-07)
(0.001625426 -2.469301e-05 5.29199e-07)
(0.001627744 -2.343392e-05 4.365551e-07)
(0.001629933 -2.22542e-05 3.620915e-07)
(0.001631998 -2.114906e-05 3.02602e-07)
(0.001626691 -3.114317e-05 1.063925e-06)
(0.001628493 -2.943798e-05 9.116186e-07)
(0.001630175 -2.784506e-05 7.903059e-07)
(0.001631728 -2.635499e-05 6.937862e-07)
(0.00163316 -2.496111e-05 6.148849e-07)
(0.001634478 -2.365747e-05 5.504476e-07)
(0.001629067 -3.372134e-05 1.531591e-06)
(0.001629691 -3.175446e-05 1.365391e-06)
(0.001630219 -2.992402e-05 1.22997e-06)
(0.001630646 -2.821779e-05 1.118976e-06)
(0.001630981 -2.662695e-05 1.025378e-06)
(0.001631232 -2.514404e-05 9.460944e-07)
(0.00162207 -3.468893e-05 2.220485e-06)
(0.001621068 -3.250115e-05 2.025341e-06)
(0.001620031 -3.047766e-05 1.860821e-06)
(0.001618958 -2.860221e-05 1.72059e-06)
(0.001617858 -2.68629e-05 1.598307e-06)
(0.001616737 -2.525012e-05 1.490955e-06)
(0.001597338 -3.351262e-05 3.074102e-06)
(0.001594364 -3.120462e-05 2.836071e-06)
(0.001591466 -2.908797e-05 2.628118e-06)
(0.001588646 -2.714131e-05 2.444394e-06)
(0.001585904 -2.534898e-05 2.280063e-06)
(0.001583243 -2.369871e-05 2.132177e-06)
(0.001543605 -2.98538e-05 3.937952e-06)
(0.001538636 -2.760248e-05 3.652876e-06)
(0.001533893 -2.555848e-05 3.395871e-06)
(0.001529379 -2.369565e-05 3.162492e-06)
(0.001525082 -2.199517e-05 2.950279e-06)
(0.001520992 -2.044239e-05 2.756445e-06)
(0.001447486 -2.388662e-05 4.598612e-06)
(0.001440997 -2.192368e-05 4.27819e-06)
(0.001434891 -2.015974e-05 3.981308e-06)
(0.001429166 -1.856696e-05 3.706237e-06)
(0.001423792 -1.712611e-05 3.453334e-06)
(0.001294504 -1.644192e-05 4.865449e-06)
(0.001287482 -1.498616e-05 4.534382e-06)
(0.001280946 -1.368894e-05 4.220517e-06)
(0.001274885 -1.252683e-05 3.925715e-06)
(0.001269255 -1.14845e-05 3.652516e-06)
(0.001068971 -9.009637e-06 4.651977e-06)
(0.001062672 -8.165152e-06 4.338565e-06)
(0.001056854 -7.413596e-06 4.03696e-06)
(0.001051504 -6.743164e-06 3.751858e-06)
(0.00104657 -6.146058e-06 3.486218e-06)
(0.000750924 -3.089493e-06 3.854324e-06)
(0.0007465017 -2.789204e-06 3.592214e-06)
(0.0007424367 -2.51496e-06 3.339476e-06)
(0.0007387183 -2.269915e-06 3.100806e-06)
(0.000735307 -2.053389e-06 2.877932e-06)
(0.0003089466 -4.389891e-08 2.12268e-06)
(0.0003072417 -3.913302e-08 1.974749e-06)
(0.0003056788 -2.838959e-08 1.832854e-06)
(0.0003042563 -1.956232e-08 1.699715e-06)
(0.0003029566 -1.266944e-08 1.575569e-06)
(0.001736749 3.114171e-06 7.717506e-07)
(0.001741076 2.971519e-06 5.853136e-07)
(0.001745257 2.83675e-06 4.344309e-07)
(0.001749283 2.709419e-06 3.128999e-07)
(0.001753157 2.589227e-06 2.136529e-07)
(0.001756886 2.475858e-06 1.330586e-07)
(0.001736749 -3.114158e-06 7.717506e-07)
(0.001741076 -2.971505e-06 5.853136e-07)
(0.001745257 -2.836735e-06 4.34431e-07)
(0.001749283 -2.709403e-06 3.129e-07)
(0.001753157 -2.58921e-06 2.13653e-07)
(0.001756886 -2.47584e-06 1.330588e-07)
(0.001738587 -9.315838e-06 7.633377e-07)
(0.001742873 -8.887717e-06 5.780877e-07)
(0.001747013 -8.483286e-06 4.284021e-07)
(0.001750996 -8.101179e-06 3.080713e-07)
(0.001754828 -7.740484e-06 2.099853e-07)
(0.001758513 -7.400237e-06 1.305075e-07)
(0.001742278 -1.543287e-05 7.528663e-07)
(0.001746471 -1.47184e-05 5.700613e-07)
(0.001750517 -1.404356e-05 4.228235e-07)
(0.001754404 -1.340598e-05 3.049269e-07)
(0.001758138 -1.280409e-05 2.09168e-07)
(0.001761725 -1.223625e-05 1.319e-07)
(0.001747792 -2.139009e-05 7.560678e-07)
(0.001751816 -2.038658e-05 5.768917e-07)
(0.001755689 -1.943892e-05 4.332465e-07)
(0.0017594 -1.854363e-05 3.188681e-07)
(0.001762954 -1.769841e-05 2.26397e-07)
(0.001766358 -1.69009e-05 1.521748e-07)
(0.001754922 -2.707387e-05 8.032354e-07)
(0.00175865 -2.577528e-05 6.281256e-07)
(0.001762221 -2.454943e-05 4.884369e-07)
(0.001765624 -2.339162e-05 3.778256e-07)
(0.001768866 -2.229873e-05 2.887095e-07)
(0.001771953 -2.126762e-05 2.174271e-07)
(0.001762987 -3.229726e-05 9.435569e-07)
(0.001766208 -3.069352e-05 7.70741e-07)
(0.001769266 -2.91811e-05 6.331692e-07)
(0.001772151 -2.775386e-05 5.243496e-07)
(0.00177487 -2.640766e-05 4.364361e-07)
(0.001777432 -2.51385e-05 3.657854e-07)
(0.001770329 -3.67509e-05 1.242375e-06)
(0.001772712 -3.483156e-05 1.065741e-06)
(0.001774933 -3.302558e-05 9.242162e-07)
(0.001776983 -3.132486e-05 8.11067e-07)
(0.001778873 -2.972385e-05 7.182289e-07)
(0.001780614 -2.821743e-05 6.421048e-07)
(0.001773545 -3.99609e-05 1.762741e-06)
(0.001774634 -3.772812e-05 1.570222e-06)
(0.001775583 -3.563618e-05 1.412925e-06)
(0.001776386 -3.367405e-05 1.283783e-06)
(0.001777058 -3.183379e-05 1.17474e-06)
(0.001777612 -3.010868e-05 1.08226e-06)
(0.001766603 -4.129209e-05 2.527026e-06)
(0.001765878 -3.878687e-05 2.301822e-06)
(0.001765077 -3.645552e-05 2.112297e-06)
(0.0017642 -3.428244e-05 1.951038e-06)
(0.001763259 -3.225607e-05 1.810508e-06)
(0.001762269 -3.036725e-05 1.687216e-06)
(0.001740158 -4.007644e-05 3.470461e-06)
(0.001737208 -3.74122e-05 3.197301e-06)
(0.001734302 -3.49552e-05 2.960105e-06)
(0.001731446 -3.268379e-05 2.751394e-06)
(0.001728646 -3.058181e-05 2.564964e-06)
(0.001725907 -2.863692e-05 2.397377e-06)
(0.001681574 -3.587442e-05 4.419941e-06)
(0.001676347 -3.325758e-05 4.094893e-06)
(0.001671335 -3.086947e-05 3.804547e-06)
(0.001666544 -2.868243e-05 3.542172e-06)
(0.001661966 -2.667631e-05 3.30387e-06)
(0.001657592 -2.483576e-05 3.08638e-06)
(0.001575878 -2.886287e-05 5.137327e-06)
(0.001568895 -2.656792e-05 4.774539e-06)
(0.001562309 -2.449539e-05 4.442089e-06)
(0.001556118 -2.261501e-05 4.13546e-06)
(0.001550293 -2.090577e-05 3.853693e-06)
(0.001407108 -2.002213e-05 5.413009e-06)
(0.001399479 -1.831022e-05 5.041058e-06)
(0.001392368 -1.677704e-05 4.692379e-06)
(0.001385765 -1.53967e-05 4.365987e-06)
(0.001379622 -1.415232e-05 4.063444e-06)
(0.001158496 -1.11178e-05 5.15047e-06)
(0.001151639 -1.011653e-05 4.801735e-06)
(0.001145301 -9.220812e-06 4.469382e-06)
(0.001139466 -8.41734e-06 4.15575e-06)
(0.001134081 -7.69763e-06 3.863271e-06)
(0.0008096244 -3.939971e-06 4.243899e-06)
(0.0008048282 -3.576505e-06 3.955546e-06)
(0.0008004166 -3.243199e-06 3.679326e-06)
(0.0007963784 -2.943331e-06 3.418467e-06)
(0.0007926712 -2.676396e-06 3.174547e-06)
(0.0003297309 -1.175813e-07 2.313492e-06)
(0.000327901 -1.080362e-07 2.153715e-06)
(0.0003262223 -9.195863e-08 2.000825e-06)
(0.0003246936 -7.81737e-08 1.857092e-06)
(0.000323296 -6.681948e-08 1.722813e-06)
(0.001860398 3.540434e-06 8.838366e-07)
(0.00186541 3.387411e-06 6.779455e-07)
(0.001870247 3.241706e-06 5.104929e-07)
(0.001874899 3.10304e-06 3.749648e-07)
(0.001879372 2.971247e-06 2.638415e-07)
(0.001883675 2.846117e-06 1.731804e-07)
(0.001860398 -3.540421e-06 8.838366e-07)
(0.00186541 -3.387397e-06 6.779456e-07)
(0.001870247 -3.241691e-06 5.10493e-07)
(0.001874899 -3.103024e-06 3.749649e-07)
(0.001879372 -2.97123e-06 2.638416e-07)
(0.001883675 -2.846099e-06 1.731807e-07)
(0.001862397 -1.059673e-05 8.749377e-07)
(0.00186737 -1.013702e-05 6.70313e-07)
(0.001872167 -9.699332e-06 5.041357e-07)
(0.001876777 -9.282808e-06 3.698874e-07)
(0.001881208 -8.886923e-06 2.600017e-07)
(0.001885466 -8.511036e-06 1.705305e-07)
(0.001866418 -1.757405e-05 8.639575e-07)
(0.001871301 -1.680527e-05 6.619357e-07)
(0.001876006 -1.607345e-05 4.983612e-07)
(0.001880521 -1.537707e-05 3.667041e-07)
(0.001884854 -1.471518e-05 2.592958e-07)
(0.001889012 -1.408668e-05 1.721769e-07)
(0.001872449 -2.439825e-05 8.677167e-07)
(0.001877166 -2.331495e-05 6.695443e-07)
(0.001881698 -2.228402e-05 5.097776e-07)
(0.001886035 -2.130313e-05 3.818572e-07)
(0.001890184 -2.037088e-05 2.779428e-07)
(0.001894154 -1.948564e-05 1.94062e-07)
(0.001880297 -3.095042e-05 9.185312e-07)
(0.001884714 -2.954216e-05 7.246382e-07)
(0.001888939 -2.820269e-05 5.6904e-07)
(0.001892959 -2.692875e-05 4.451071e-07)
(0.001896783 -2.571837e-05 3.447504e-07)
(0.001900422 -2.456932e-05 2.639911e-07)
(0.001889273 -3.702477e-05 1.068734e-06)
(0.001893166 -3.527522e-05 8.771606e-07)
(0.001896855 -3.361315e-05 7.237343e-07)
(0.00190033 -3.203413e-05 6.016761e-07)
(0.001903601 -3.05354e-05 5.025863e-07)
(0.001906682 -2.911401e-05 4.224993e-07)
(0.001897637 -4.226862e-05 1.38764e-06)
(0.001900643 -4.015954e-05 1.191762e-06)
(0.001903441 -3.816115e-05 1.034013e-06)
(0.001906023 -3.626731e-05 9.073334e-07)
(0.001908403 -3.447389e-05 8.030229e-07)
(0.001910597 -3.277694e-05 7.171518e-07)
(0.001901741 -4.612818e-05 1.941638e-06)
(0.001903352 -4.365464e-05 1.728475e-06)
(0.001904772 -4.132217e-05 1.55385e-06)
(0.001905999 -3.912163e-05 1.410238e-06)
(0.001907051 -3.704642e-05 1.288815e-06)
(0.001907946 -3.509093e-05 1.185693e-06)
(0.001895021 -4.784841e-05 2.753212e-06)
(0.001894646 -4.504999e-05 2.504846e-06)
(0.001894146 -4.243057e-05 2.296019e-06)
(0.001893523 -3.997606e-05 2.118581e-06)
(0.001892798 -3.767577e-05 1.964036e-06)
(0.001891987 -3.552136e-05 1.828513e-06)
(0.00186722 -4.662131e-05 3.751325e-06)
(0.001864379 -4.362249e-05 3.45178e-06)
(0.001861542 -4.084244e-05 3.192805e-06)
(0.00185872 -3.826009e-05 2.96572e-06)
(0.001855924 -3.585936e-05 2.763153e-06)
(0.001853165 -3.362822e-05 2.581256e-06)
(0.001804408 -4.190019e-05 4.750139e-06)
(0.001799015 -3.893562e-05 4.395988e-06)
(0.001793818 -3.621724e-05 4.081816e-06)
(0.001788825 -3.371675e-05 3.799133e-06)
(0.001784033 -3.141318e-05 3.542721e-06)
(0.001779439 -2.929085e-05 3.308908e-06)
(0.001690123 -3.385973e-05 5.495215e-06)
(0.001682739 -3.124605e-05 5.102686e-06)
(0.001675755 -2.887499e-05 4.745961e-06)
(0.001669174 -2.671459e-05 4.418297e-06)
(0.001662968 -2.474246e-05 4.117436e-06)
(0.001507054 -2.362886e-05 5.766001e-06)
(0.001498904 -2.166953e-05 5.366553e-06)
(0.001491296 -1.990684e-05 4.995277e-06)
(0.00148422 -1.831292e-05 4.648827e-06)
(0.001477628 -1.686965e-05 4.327719e-06)
(0.001237567 -1.325e-05 5.460033e-06)
(0.001230221 -1.209663e-05 5.08887e-06)
(0.001223426 -1.106013e-05 4.737747e-06)
(0.001217165 -1.012593e-05 4.406965e-06)
(0.001211381 -9.285022e-06 4.098317e-06)
(0.0008610823 -4.806237e-06 4.474998e-06)
(0.0008559594 -4.381198e-06 4.171238e-06)
(0.0008512441 -3.989993e-06 3.88173e-06)
(0.0008469252 -3.63599e-06 3.608361e-06)
(0.0008429576 -3.318946e-06 3.352475e-06)
(0.0003477754 -1.943749e-07 2.416501e-06)
(0.0003458376 -1.801217e-07 2.250966e-06)
(0.0003440587 -1.587936e-07 2.092859e-06)
(0.0003424379 -1.400599e-07 1.943975e-06)
(0.0003409553 -1.242094e-07 1.804656e-06)
)
;

boundaryField
{
    inlet
    {
        type            fixedValue;
        value           uniform (0.001398 0 0);
    }
    outlet
    {
        type            zeroGradient;
    }
    chip_bases
    {
        type            noSlip;
    }
    walls
    {
        type            noSlip;
    }
    procBoundary12to9
    {
        type            processor;
        value           nonuniform List<vector> 
28
(
(0.0001401969 2.032174e-07 -5.541111e-10)
(0.0001402101 6.460814e-08 -6.7679e-10)
(0.0001402101 -6.460593e-08 -6.768031e-10)
(0.0004030289 7.432532e-07 -2.274719e-09)
(0.0004031219 2.364907e-07 -4.566871e-09)
(0.0004031219 -2.364849e-07 -4.566916e-09)
(0.0006483178 1.413687e-06 -1.75055e-09)
(0.0006485434 4.501022e-07 -8.49728e-09)
(0.0006485434 -4.500933e-07 -8.497353e-09)
(0.0008761241 2.206625e-06 3.317118e-09)
(0.0008765338 7.030623e-07 -1.004838e-08)
(0.0008765338 -7.030508e-07 -1.004847e-08)
(0.001086556 3.109186e-06 1.48229e-08)
(0.001087199 9.914245e-07 -6.967812e-09)
(0.001087199 -9.914108e-07 -6.967898e-09)
(0.001279774 4.10362e-06 3.372916e-08)
(0.001280695 1.309685e-06 2.164558e-09)
(0.001280695 -1.30967e-06 2.164492e-09)
(0.001455991 5.167798e-06 6.005235e-08)
(0.00145723 1.650915e-06 1.795268e-08)
(0.00145723 -1.650899e-06 1.795265e-08)
(0.001615468 6.276052e-06 9.288883e-08)
(0.001617057 2.007003e-06 4.019448e-08)
(0.001617057 -2.006985e-06 4.019452e-08)
(0.001760474 2.368981e-06 6.792891e-08)
(0.001760474 -2.368962e-06 6.792904e-08)
(0.001887813 2.727412e-06 9.95602e-08)
(0.001887813 -2.727393e-06 9.956043e-08)
)
;
    }
    procBoundary12to10
    {
        type            processor;
        value           nonuniform List<vector> 
160
(
(0.0001402984 -1.912049e-07 -7.096605e-10)
(0.0001404678 -3.097493e-07 -7.474447e-10)
(0.0001406991 -4.142695e-07 -7.165566e-10)
(0.0001409482 -4.980343e-07 -4.842279e-10)
(0.0001411274 -5.537826e-07 1.714643e-10)
(0.0001410783 -5.743303e-07 1.515678e-09)
(0.0001405431 -5.54402e-07 3.828236e-09)
(0.0001391394 -4.921692e-07 7.138821e-09)
(0.0001363509 -3.924486e-07 1.125319e-08)
(0.0001315329 -2.656885e-07 1.528778e-08)
(0.000124318 -1.528717e-07 1.996918e-08)
(0.000124318 -1.528717e-07 1.996918e-08)
(0.0001129741 -2.13472e-08 2.142129e-08)
(9.656049e-05 6.423431e-08 2.16034e-08)
(7.286339e-05 8.427198e-08 1.855612e-08)
(3.660095e-05 3.772807e-08 1.425289e-08)
(0.0004033915 -7.019649e-07 -4.807868e-09)
(0.0004039105 -1.144246e-06 -4.904937e-09)
(0.0004046219 -1.545638e-06 -3.940374e-09)
(0.000405396 -1.885262e-06 -2.83942e-10)
(0.0004059721 -2.138825e-06 8.530193e-09)
(0.0004058785 -2.279518e-06 2.544208e-08)
(0.0004043436 -2.282584e-06 5.299339e-08)
(0.0004002214 -2.131063e-06 9.141137e-08)
(0.0003919601 -1.827365e-06 1.373182e-07)
(0.0003776222 -1.396881e-06 1.823955e-07)
(0.0003560593 -1.000878e-06 2.330154e-07)
(0.0003560593 -1.000878e-06 2.330154e-07)
(0.0003221786 -4.760978e-07 2.499084e-07)
(0.0002731537 -7.328725e-08 2.448106e-07)
(0.0002025149 1.267046e-07 2.072969e-07)
(9.572755e-05 8.38812e-08 1.229537e-07)
(0.0006489995 -1.338297e-06 -9.006103e-09)
(0.0006498796 -2.189208e-06 -8.990648e-09)
(0.0006510921 -2.973658e-06 -6.031011e-09)
(0.0006524262 -3.655916e-06 4.126244e-09)
(0.0006534548 -4.192105e-06 2.778838e-08)
(0.0006534006 -4.530467e-06 7.239605e-08)
(0.0006509849 -4.617915e-06 1.441219e-07)
(0.0006443008 -4.410988e-06 2.433048e-07)
(0.0006307601 -3.898151e-06 3.608027e-07)
(0.0006071309 -3.113762e-06 4.757694e-07)
(0.000571451 -2.376819e-06 6.043748e-07)
(0.000571451 -2.376819e-06 6.043748e-07)
(0.0005153971 -1.330132e-06 6.464853e-07)
(0.0004343391 -4.678054e-07 6.289814e-07)
(0.0003179868 4.702e-08 5.301412e-07)
(0.0001446664 1.070507e-07 3.07143e-07)
(0.0008771806 -2.093113e-06 -1.082883e-08)
(0.000878432 -3.432998e-06 -1.048819e-08)
(0.000880166 -4.682397e-06 -4.616977e-09)
(0.000882098 -5.790106e-06 1.448058e-08)
(0.0008836443 -6.690232e-06 5.808553e-08)
(0.0008837332 -7.300881e-06 1.394052e-07)
(0.0008805896 -7.532063e-06 2.69128e-07)
(0.0008715529 -7.302713e-06 4.475509e-07)
(0.0008530011 -6.576251e-06 6.577983e-07)
(0.0008204108 -5.390015e-06 8.628838e-07)
(0.0007709842 -4.255628e-06 1.091713e-06)
(0.0007709842 -4.255628e-06 1.091713e-06)
(0.000693327 -2.563598e-06 1.164869e-06)
(0.0005811541 -1.106339e-06 1.127829e-06)
(0.0004209361 -1.493376e-07 9.466657e-07)
(0.0001859668 1.109035e-07 5.406031e-07)
(0.001088039 -2.954648e-06 -7.982846e-09)
(0.001089669 -4.856252e-06 -7.119562e-09)
(0.001091941 -6.64529e-06 2.285439e-09)
(0.001094507 -8.254683e-06 3.179916e-08)
(0.001096637 -9.594382e-06 9.824442e-08)
(0.001096982 -1.054754e-05 2.211978e-07)
(0.001093285 -1.097914e-05 4.162268e-07)
(0.001082143 -1.075982e-05 6.833978e-07)
(0.001058909 -9.817168e-06 9.96979e-07)
(0.001017776 -8.185429e-06 1.301945e-06)
(0.000955101 -6.599769e-06 1.641447e-06)
(0.000955101 -6.599769e-06 1.641447e-06)
(0.0008566056 -4.147451e-06 1.746935e-06)
(0.0007145397 -1.969506e-06 1.684208e-06)
(0.0005127648 -4.527086e-07 1.407581e-06)
(0.0002213315 9.878674e-08 7.937841e-07)
(0.001281728 -3.906465e-06 9.647492e-10)
(0.001283739 -6.431836e-06 2.486137e-09)
(0.001286561 -8.824953e-06 1.57134e-08)
(0.001289789 -1.100276e-05 5.617878e-08)
(0.001292566 -1.284936e-05 1.463439e-07)
(0.001293279 -1.420874e-05 3.122208e-07)
(0.001289211 -1.489342e-05 5.742205e-07)
(0.001276235 -1.471572e-05 9.320039e-07)
(0.001248691 -1.355715e-05 1.350596e-06)
(0.001199511 -1.144273e-05 1.756474e-06)
(0.001124199 -9.356761e-06 2.207277e-06)
(0.001124199 -9.356761e-06 2.207277e-06)
(0.00100581 -6.041919e-06 2.342879e-06)
(0.0008353347 -3.03124e-06 2.249723e-06)
(0.0005946376 -8.501471e-07 1.871777e-06)
(0.0002519207 7.335276e-08 1.043722e-06)
(0.001458453 -4.927836e-06 1.661699e-08)
(0.001460842 -8.125428e-06 1.884865e-08)
(0.001464216 -1.117388e-05 3.58398e-08)
(0.001468125 -1.397443e-05 8.687824e-08)
(0.001471598 -1.638416e-05 1.997389e-07)
(0.001472783 -1.820447e-05 4.064635e-07)
(0.001468525 -1.918906e-05 7.319254e-07)
(0.001453996 -1.908297e-05 1.175244e-06)
(0.001422545 -1.771216e-05 1.692493e-06)
(0.001365872 -1.508646e-05 2.192526e-06)
(0.001278638 -1.245844e-05 2.746571e-06)
(0.001278638 -1.245844e-05 2.746571e-06)
(0.001141459 -8.196106e-06 2.907338e-06)
(0.0009442777 -4.258892e-06 2.78091e-06)
(0.0006675122 -1.325948e-06 2.303173e-06)
(0.0002785416 3.71539e-08 1.271234e-06)
(0.001618464 -5.994461e-06 3.87655e-08)
(0.001621222 -9.896666e-06 4.167292e-08)
(0.001625142 -1.363597e-05 6.203848e-08)
(0.001629738 -1.709848e-05 1.224219e-07)
(0.001633943 -2.01138e-05 2.552055e-07)
(0.001635688 -2.243829e-05 4.9763e-07)
(0.001631407 -2.376179e-05 8.783425e-07)
(0.0016156 -2.375457e-05 1.39583e-06)
(0.001580662 -2.217885e-05 1.998139e-06)
(0.0015171 -1.902371e-05 2.578611e-06)
(0.001418743 -1.582179e-05 3.220195e-06)
(0.001418743 -1.582179e-05 3.220195e-06)
(0.001264017 -1.054867e-05 3.399121e-06)
(0.001042014 -5.613803e-06 3.238896e-06)
(0.0007321734 -1.862081e-06 2.670256e-06)
(0.000301768 -7.250028e-09 1.460197e-06)
(0.001762057 -7.079439e-06 6.644187e-08)
(0.001765168 -1.170075e-05 6.991245e-08)
(0.001769616 -1.614867e-05 9.297389e-08)
(0.001774891 -2.029514e-05 1.607395e-07)
(0.001779845 -2.394239e-05 3.09166e-07)
(0.001782215 -2.680051e-05 5.794957e-07)
(0.001778056 -2.849205e-05 1.003195e-06)
(0.001761237 -2.860698e-05 1.578074e-06)
(0.001723234 -2.683728e-05 2.245636e-06)
(0.001653417 -2.314643e-05 2.886931e-06)
(0.00154481 -1.935111e-05 3.593997e-06)
(0.00154481 -1.935111e-05 3.593997e-06)
(0.0013739 -1.30294e-05 3.782711e-06)
(0.001129103 -7.052357e-06 3.590705e-06)
(0.0007892632 -2.438726e-06 2.946967e-06)
(0.0003220169 -5.731812e-08 1.597795e-06)
(0.00188956 -8.154419e-06 9.804447e-08)
(0.001893002 -1.349032e-05 1.019038e-07)
(0.001897951 -1.86456e-05 1.267538e-07)
(0.001903882 -2.34792e-05 1.993566e-07)
(0.00190958 -2.776687e-05 3.579474e-07)
(0.001912616 -3.117236e-05 6.462779e-07)
(0.001908698 -3.32494e-05 1.097465e-06)
(0.001891105 -3.350449e-05 1.708636e-06)
(0.001850452 -3.155501e-05 2.416716e-06)
(0.001775038 -2.733502e-05 3.094601e-06)
(0.001657114 -2.294121e-05 3.84024e-06)
(0.001657114 -2.294121e-05 3.84024e-06)
(0.001471481 -1.556158e-05 4.029692e-06)
(0.001206031 -8.527417e-06 3.810477e-06)
(0.0008393079 -3.034918e-06 3.113474e-06)
(0.0003395975 -1.105617e-07 1.674738e-06)
)
;
    }
    procBoundary12to13
    {
        type            processor;
        value           nonuniform List<vector> 
436
(
(0.001960985 -4.153207e-06 1.283071e-06)
(0.001963167 -1.243962e-05 1.271867e-06)
(0.001967577 -2.066069e-05 1.256285e-06)
(0.001974255 -2.875098e-05 1.253503e-06)
(0.001983098 -3.659728e-05 1.297444e-06)
(0.001993553 -4.398857e-05 1.44469e-06)
(0.002004018 -5.053856e-05 1.772716e-06)
(0.002010879 -5.560246e-05 2.35907e-06)
(0.00200727 -5.824681e-05 3.235028e-06)
(0.001982003 -5.739706e-05 4.325502e-06)
(0.001919419 -5.222115e-05 5.420384e-06)
(0.001800715 -4.274113e-05 6.225135e-06)
(0.001606304 -3.02235e-05 6.488439e-06)
(0.001317241 -1.719389e-05 6.098566e-06)
(0.0009131828 -6.374036e-06 4.963584e-06)
(0.0003661026 -3.073711e-07 2.652213e-06)
(0.002006993 -5.629533e-06 4.238279e-06)
(0.002019504 -5.351699e-06 3.205377e-06)
(0.002031319 -5.072172e-06 2.413309e-06)
(0.001960985 -4.153207e-06 1.283071e-06)
(0.002042476 -4.796383e-06 1.801678e-06)
(0.002009383 -1.68911e-05 4.214692e-06)
(0.002021887 -1.605139e-05 3.185268e-06)
(0.002033684 -1.520781e-05 2.396394e-06)
(0.001963167 -1.243962e-05 1.271867e-06)
(0.002044811 -1.437642e-05 1.787663e-06)
(0.002014262 -2.81576e-05 4.172682e-06)
(0.002026745 -2.673664e-05 3.150701e-06)
(0.002038493 -2.531327e-05 2.36864e-06)
(0.001967577 -2.066069e-05 1.256285e-06)
(0.002049549 -2.391336e-05 1.766063e-06)
(0.002021817 -3.941999e-05 4.127048e-06)
(0.002034238 -3.738286e-05 3.117276e-06)
(0.002045879 -3.535055e-05 2.346259e-06)
(0.001974255 -2.875098e-05 1.253503e-06)
(0.00205679 -3.335759e-05 1.753499e-06)
(0.002032272 -5.06381e-05 4.112174e-06)
(0.00204453 -4.79284e-05 3.119674e-06)
(0.002055933 -4.523897e-05 2.363813e-06)
(0.001983098 -3.659728e-05 1.297444e-06)
(0.002066544 -4.261136e-05 1.784044e-06)
(0.002045729 -6.169229e-05 4.196174e-06)
(0.002057574 -5.822223e-05 3.223498e-06)
(0.002068453 -5.479988e-05 2.483849e-06)
(0.001993553 -4.398857e-05 1.44469e-06)
(0.002078445 -5.147204e-05 1.916833e-06)
(0.00206172 -7.228308e-05 4.491664e-06)
(0.00207261 -6.792174e-05 3.531922e-06)
(0.002082382 -6.365619e-05 2.800101e-06)
(0.002004018 -5.053856e-05 1.772716e-06)
(0.002091149 -5.953624e-05 2.236519e-06)
(0.002078232 -8.175374e-05 5.143676e-06)
(0.002087125 -7.633126e-05 4.169267e-06)
(0.002094749 -7.109054e-05 3.418488e-06)
(0.002010879 -5.560246e-05 2.35907e-06)
(0.002101264 -6.607981e-05 2.833026e-06)
(0.002089924 -8.886451e-05 6.264893e-06)
(0.00209514 -8.222741e-05 5.219622e-06)
(0.002099044 -7.59206e-05 4.400574e-06)
(0.00200727 -5.824681e-05 3.235028e-06)
(0.002101862 -6.997954e-05 3.750429e-06)
(0.002085718 -9.169062e-05 7.807904e-06)
(0.00208511 -8.385192e-05 6.619939e-06)
(0.002083451 -7.656673e-05 5.675229e-06)
(0.001982003 -5.739706e-05 4.325502e-06)
(0.002081006 -6.98369e-05 4.914331e-06)
(0.002046785 -8.794927e-05 9.441761e-06)
(0.002038529 -7.931188e-05 8.073863e-06)
(0.002029948 -7.148885e-05 6.979297e-06)
(0.001919419 -5.222115e-05 5.420384e-06)
(0.002021268 -6.442437e-05 6.091283e-06)
(0.001946943 -7.61037e-05 1.058295e-05)
(0.001930838 -6.760168e-05 9.099635e-06)
(0.001915553 -6.010266e-05 7.910954e-06)
(0.001800715 -4.274113e-05 6.225135e-06)
(0.001901153 -5.348706e-05 6.941415e-06)
(0.001756753 -5.678679e-05 1.06961e-05)
(0.001735331 -4.971433e-05 9.275981e-06)
(0.001715891 -4.362561e-05 8.127636e-06)
(0.001606304 -3.02235e-05 6.488439e-06)
(0.001698265 -3.836817e-05 7.177636e-06)
(0.001449668 -3.388582e-05 9.636234e-06)
(0.00142799 -2.930412e-05 8.475119e-06)
(0.001408875 -2.543501e-05 7.507769e-06)
(0.001317241 -1.719389e-05 6.098566e-06)
(0.001391974 -2.215176e-05 6.682527e-06)
(0.001004661 -1.313326e-05 7.521313e-06)
(0.0009884806 -1.125779e-05 6.718861e-06)
(0.0009744765 -9.693e-06 6.015471e-06)
(0.0009131828 -6.374036e-06 4.963584e-06)
(0.0009622928 -8.380838e-06 5.390261e-06)
(0.0003997521 -7.610259e-07 3.885485e-06)
(0.0003934494 -6.418767e-07 3.510075e-06)
(0.0003880597 -5.430974e-07 3.164346e-06)
(0.0003661026 -3.073711e-07 2.652213e-06)
(0.0003834166 -4.626149e-07 2.846905e-06)
(0.002006993 -5.629533e-06 4.238279e-06)
(0.002009383 -1.68911e-05 4.214692e-06)
(0.002014262 -2.81576e-05 4.172682e-06)
(0.002021817 -3.941999e-05 4.127048e-06)
(0.002032272 -5.06381e-05 4.112174e-06)
(0.002045729 -6.169229e-05 4.196174e-06)
(0.00206172 -7.228308e-05 4.491664e-06)
(0.002078232 -8.175374e-05 5.143676e-06)
(0.002089924 -8.886451e-05 6.264893e-06)
(0.002085718 -9.169062e-05 7.807904e-06)
(0.002046785 -8.794927e-05 9.441761e-06)
(0.001946943 -7.61037e-05 1.058295e-05)
(0.001756753 -5.678679e-05 1.06961e-05)
(0.001449668 -3.388582e-05 9.636234e-06)
(0.001004661 -1.313326e-05 7.521313e-06)
(0.0003997521 -7.610259e-07 3.885485e-06)
(0.002079544 -5.946001e-06 4.145952e-06)
(0.002081986 -1.784759e-05 4.123517e-06)
(0.00211183 -3.348995e-05 6.503249e-06)
(0.002086976 -2.977535e-05 4.083577e-06)
(0.002129516 -3.236359e-05 4.966536e-06)
(0.002119481 -4.712158e-05 6.438657e-06)
(0.002094718 -4.173424e-05 4.040194e-06)
(0.002137313 -4.546888e-05 4.915104e-06)
(0.002130259 -6.096236e-05 6.388681e-06)
(0.002105469 -5.369659e-05 4.025884e-06)
(0.002148238 -5.869772e-05 4.884474e-06)
(0.002144594 -7.499261e-05 6.41356e-06)
(0.002119378 -6.55495e-05 4.104896e-06)
(0.002162614 -7.198588e-05 4.933984e-06)
(0.002162704 -8.903106e-05 6.622779e-06)
(0.002136036 -7.69845e-05 4.383082e-06)
(0.002180389 -8.508139e-05 5.166097e-06)
(0.002183792 -0.0001025105 7.177739e-06)
(0.002153458 -8.73009e-05 4.996044e-06)
(0.002200188 -9.73216e-05 5.721059e-06)
(0.00220416 -0.0001141095 8.235891e-06)
(0.00216619 -9.515392e-05 6.04709e-06)
(0.00221735 -0.0001073055 6.719023e-06)
(0.002213929 -0.0001213426 9.804941e-06)
(0.002162707 -9.843626e-05 7.485845e-06)
(0.002220857 -0.0001126296 8.131507e-06)
(0.002193048 -0.0001206022 1.15399e-05)
(0.002123222 -9.463619e-05 8.993528e-06)
(0.002190196 -0.0001101301 9.636184e-06)
(0.002109534 -0.0001084154 1.269397e-05)
(0.002020071 -8.20447e-05 1.001606e-05)
(0.00209481 -9.720799e-05 1.062124e-05)
(0.001923547 -8.394719e-05 1.248519e-05)
(0.001822183 -6.132574e-05 1.005903e-05)
(0.001898754 -7.392295e-05 1.051292e-05)
(0.001597958 -5.169918e-05 1.069889e-05)
(0.001501946 -3.666986e-05 8.998539e-06)
(0.001569728 -4.484847e-05 9.178761e-06)
(0.00110794 -2.054565e-05 7.823466e-06)
(0.001038499 -1.427929e-05 6.97753e-06)
(0.00108548 -1.766257e-05 6.91717e-06)
(0.0004375581 -1.276332e-06 3.758236e-06)
(0.0004114098 -8.586486e-07 3.562728e-06)
(0.0004285424 -1.093779e-06 3.422537e-06)
(0.002138355 -6.207108e-06 3.857061e-06)
(0.00211183 -3.348995e-05 6.503249e-06)
(0.002140832 -1.863734e-05 3.836588e-06)
(0.002129516 -3.236359e-05 4.966536e-06)
(0.00211034 -3.58725e-05 9.600406e-06)
(0.00211183 -3.348995e-05 6.503249e-06)
(0.002133619 -3.526808e-05 7.304282e-06)
(0.001407875 -5.274389e-06 3.325675e-05)
(0.001482826 -1.534762e-05 6.622582e-05)
(0.001589375 -2.425241e-05 7.941737e-05)
(0.001696943 -3.176793e-05 7.715186e-05)
(0.00179171 -3.78828e-05 6.624311e-05)
(0.001870011 -4.267753e-05 5.306576e-05)
(0.001933103 -4.626856e-05 4.073695e-05)
(0.00198396 -4.878259e-05 3.055419e-05)
(0.002025696 -5.035059e-05 2.270871e-05)
(0.002060768 -5.110447e-05 1.688254e-05)
(0.002090936 -5.117362e-05 1.262413e-05)
(0.002117416 -5.068101e-05 9.517379e-06)
(0.002119481 -4.712158e-05 6.438657e-06)
(0.002141034 -4.973971e-05 7.235706e-06)
(0.001407903 -7.095641e-06 3.32315e-05)
(0.001483291 -2.06394e-05 6.613805e-05)
(0.001590686 -3.2534e-05 7.92503e-05)
(0.001699308 -4.247531e-05 7.692375e-05)
(0.00179524 -5.046308e-05 6.598397e-05)
(0.001874737 -5.663068e-05 5.280615e-05)
(0.001938992 -6.116155e-05 4.049863e-05)
(0.001990934 -6.424925e-05 3.034769e-05)
(0.002033643 -6.608739e-05 2.253669e-05)
(0.002069559 -6.686459e-05 1.674324e-05)
(0.002100435 -6.676063e-05 1.251405e-05)
(0.002127488 -6.594214e-05 9.432678e-06)
(0.002130259 -6.096236e-05 6.388681e-06)
(0.002151546 -6.455931e-05 7.172855e-06)
(0.001407943 -9.193889e-06 3.32021e-05)
(0.001483976 -2.672433e-05 6.603164e-05)
(0.001592603 -4.197901e-05 7.904148e-05)
(0.001702731 -5.45602e-05 7.664001e-05)
(0.001800294 -6.449969e-05 6.566748e-05)
(0.001881438 -7.201606e-05 5.249888e-05)
(0.001947268 -7.739241e-05 4.022959e-05)
(0.002000655 -8.091631e-05 3.012984e-05)
(0.002044643 -8.286437e-05 2.237196e-05)
(0.002081647 -8.349614e-05 1.662766e-05)
(0.002113412 -8.305076e-05 1.244134e-05)
(0.002141151 -8.174386e-05 9.39625e-06)
(0.002144594 -7.499261e-05 6.41356e-06)
(0.002165697 -7.976548e-05 7.166657e-06)
(0.001408009 -1.171175e-05 3.316774e-05)
(0.001485006 -3.398715e-05 6.590295e-05)
(0.001595419 -5.310993e-05 7.878703e-05)
(0.001707669 -6.859092e-05 7.630519e-05)
(0.00180748 -8.054182e-05 6.531307e-05)
(0.00189084 -8.932496e-05 5.218194e-05)
(0.00195875 -9.537524e-05 3.99868e-05)
(0.002014005 -9.911291e-05 2.997414e-05)
(0.002059598 -0.0001009237 2.230075e-05)
(0.002097913 -0.0001011542 1.663036e-05)
(0.002130673 -0.0001001129 1.250467e-05)
(0.002159086 -9.807002e-05 9.507178e-06)
(0.002162704 -8.903106e-05 6.622779e-06)
(0.002183986 -9.525914e-05 7.313681e-06)
(0.001408109 -1.480921e-05 3.314841e-05)
(0.001486571 -4.284262e-05 6.579964e-05)
(0.001599617 -6.647119e-05 7.855492e-05)
(0.00171489 -8.514135e-05 7.601025e-05)
(0.001817798 -9.912325e-05 6.503788e-05)
(0.001904125 -0.0001090093 5.200002e-05)
(0.001974723 -0.000115456 3.993936e-05)
(0.002032287 -0.000119064 3.006696e-05)
(0.00207973 -0.0001203582 2.251758e-05)
(0.002119383 -0.0001197922 1.694493e-05)
(0.002152941 -0.0001177573 1.288904e-05)
(0.002181606 -0.0001145897 9.936365e-06)
(0.002183792 -0.0001025105 7.177739e-06)
(0.002206234 -0.0001105761 7.767561e-06)
(0.001408317 -1.889896e-05 3.313813e-05)
(0.001489123 -5.425913e-05 6.570745e-05)
(0.001606099 -8.323142e-05 7.835754e-05)
(0.001725691 -0.000105329 7.582834e-05)
(0.001832859 -0.0001211681 6.499138e-05)
(0.001923076 -0.0001317327 5.217624e-05)
(0.001996966 -0.0001380076 4.036513e-05)
(0.002057047 -0.0001408378 3.071361e-05)
(0.002106111 -0.0001409288 2.332791e-05)
(0.002146425 -0.0001388729 1.785531e-05)
(0.002179692 -0.0001351725 1.38432e-05)
(0.002207178 -0.0001302541 1.08915e-05)
(0.00220416 -0.0001141095 8.235891e-06)
(0.002229841 -0.0001244768 8.695051e-06)
(0.00140868 -2.432485e-05 3.324216e-05)
(0.001493396 -6.889399e-05 6.587441e-05)
(0.001616496 -0.0001041221 7.85538e-05)
(0.001742421 -0.0001297848 7.621085e-05)
(0.001855363 -0.000147053 6.570043e-05)
(0.001950267 -0.0001574961 5.327929e-05)
(0.002027372 -0.0001625659 4.182411e-05)
(0.00208897 -0.0001634598 3.241574e-05)
(0.002137786 -0.0001611595 2.514086e-05)
(0.002176185 -0.0001564796 1.966443e-05)
(0.002206084 -0.0001500987 1.556808e-05)
(0.002229033 -0.0001425764 1.248704e-05)
(0.002213929 -0.0001213426 9.804941e-06)
(0.002246293 -0.0001343635 1.014423e-05)
(0.001409651 -3.284546e-05 3.336202e-05)
(0.001501352 -9.003517e-05 6.60984e-05)
(0.001633925 -0.0001324443 7.908588e-05)
(0.001768671 -0.0001609123 7.734041e-05)
(0.001888353 -0.000177847 6.754457e-05)
(0.001986961 -0.0001858992 5.575867e-05)
(0.002064356 -0.0001873248 4.469979e-05)
(0.002122942 -0.0001839415 3.540329e-05)
(0.002165918 -0.0001772018 2.800744e-05)
(0.002196316 -0.0001682574 2.226636e-05)
(0.002216759 -0.0001580018 1.784626e-05)
(0.002229443 -0.0001471066 1.444277e-05)
(0.002193048 -0.0001206022 1.15399e-05)
(0.002236162 -0.0001360591 1.181235e-05)
(0.001411612 -4.508738e-05 3.403018e-05)
(0.001516458 -0.0001175354 6.750831e-05)
(0.001663814 -0.0001673601 8.132538e-05)
(0.001808679 -0.0001966229 8.047998e-05)
(0.00193146 -0.0002095902 7.143332e-05)
(0.002025934 -0.0002110477 6.001115e-05)
(0.002093152 -0.0002049094 4.88444e-05)
(0.002137279 -0.0001941434 3.908234e-05)
(0.00216331 -0.0001808733 3.105292e-05)
(0.002175798 -0.0001665473 2.467194e-05)
(0.002178498 -0.0001521031 1.97018e-05)
(0.002174352 -0.0001381142 1.587346e-05)
(0.002109534 -0.0001084154 1.269397e-05)
(0.002165585 -0.0001249067 1.293874e-05)
(0.001417748 -7.159918e-05 3.420486e-05)
(0.001546589 -0.0001656847 6.806421e-05)
(0.001708687 -0.0002176548 8.339781e-05)
(0.001852484 -0.0002369523 8.378117e-05)
(0.001959377 -0.0002348181 7.516345e-05)
(0.002027834 -0.0002210419 6.336738e-05)
(0.002064171 -0.0002020202 5.131377e-05)
(0.002076585 -0.0001815569 4.055246e-05)
(0.002072656 -0.0001616517 3.168779e-05)
(0.002058309 -0.0001432283 2.474476e-05)
(0.00203782 -0.0001266135 1.947546e-05)
(0.002014127 -0.0001118323 1.554462e-05)
(0.001923547 -8.394719e-05 1.248519e-05)
(0.001989176 -9.877359e-05 1.262808e-05)
(0.00143161 -0.0001068902 3.68714e-05)
(0.001592915 -0.000212662 7.197144e-05)
(0.001741889 -0.0002533853 8.715535e-05)
(0.001839871 -0.0002478088 8.566906e-05)
(0.001887022 -0.0002210695 7.468882e-05)
(0.001895696 -0.0001895218 6.076291e-05)
(0.001879499 -0.000160016 4.72487e-05)
(0.001849023 -0.0001348088 3.587061e-05)
(0.001811723 -0.0001140192 2.708622e-05)
(0.001772266 -9.703083e-05 2.065506e-05)
(0.001733364 -8.309502e-05 1.608175e-05)
(0.001696486 -7.155841e-05 1.285838e-05)
(0.001597958 -5.169918e-05 1.069889e-05)
(0.001662338 -6.19115e-05 1.056662e-05)
(0.001454136 -0.000225462 3.435941e-05)
(0.001571762 -0.0002950082 6.403005e-05)
(0.001591093 -0.0002613606 7.663771e-05)
(0.001569383 -0.0002009644 7.095991e-05)
(0.001523109 -0.0001466142 5.748123e-05)
(0.001466453 -0.0001071165 4.348706e-05)
(0.001408687 -8.027812e-05 3.168389e-05)
(0.00135382 -6.228309e-05 2.29609e-05)
(0.001303809 -4.990856e-05 1.697837e-05)
(0.001259225 -4.102497e-05 1.30208e-05)
(0.001219968 -3.433855e-05 1.041407e-05)
(0.00118564 -2.909981e-05 8.655434e-06)
(0.00110794 -2.054565e-05 7.823466e-06)
(0.001155732 -2.487242e-05 7.412145e-06)
(0.001215258 -0.0001552531 3.257174e-05)
(0.001095681 -0.0001435242 4.217966e-05)
(0.0008930013 -8.357952e-05 4.343291e-05)
(0.000769633 -4.237915e-05 3.208533e-05)
(0.0006860219 -2.063463e-05 2.139206e-05)
(0.0006262949 -1.07215e-05 1.422296e-05)
(0.0005828923 -6.312321e-06 9.693684e-06)
(0.0005495196 -4.264437e-06 7.07514e-06)
(0.0005230009 -3.203169e-06 5.565512e-06)
(0.000501365 -2.572119e-06 4.671256e-06)
(0.0004834323 -2.1409e-06 4.099964e-06)
(0.0004684232 -1.81574e-06 3.691079e-06)
(0.0004375581 -1.276332e-06 3.758236e-06)
(0.0004557799 -1.555834e-06 3.360997e-06)
(0.001968408 -3.942632e-06 9.713208e-07)
(0.001974091 -3.781562e-06 7.531456e-07)
(0.001979569 -3.627027e-06 5.749088e-07)
(0.001984833 -3.478935e-06 4.299921e-07)
(0.00198989 -3.337261e-06 3.106858e-07)
(0.001994752 -3.201916e-06 2.128796e-07)
(0.001970548 -1.180619e-05 9.622236e-07)
(0.001976194 -1.132184e-05 7.453513e-07)
(0.001981635 -1.08572e-05 5.68423e-07)
(0.001986859 -1.041196e-05 4.248197e-07)
(0.001991874 -9.986019e-06 3.067832e-07)
(0.001996693 -9.579103e-06 2.101974e-07)
(0.00197486 -1.959864e-05 9.510428e-07)
(0.001980422 -1.878706e-05 7.368434e-07)
(0.001985775 -1.800868e-05 5.62581e-07)
(0.001990906 -1.726289e-05 4.21633e-07)
(0.001995825 -1.654948e-05 3.061358e-07)
(0.002000544 -1.586791e-05 2.119607e-07)
(0.00198135 -2.724857e-05 9.550332e-07)
(0.001986752 -2.610141e-05 7.447746e-07)
(0.001991936 -2.50016e-05 5.744016e-07)
(0.00199689 -2.394807e-05 4.372757e-07)
(0.002001626 -2.294043e-05 3.253548e-07)
(0.002006154 -2.197786e-05 2.344955e-07)
(0.001989845 -3.463369e-05 1.007283e-06)
(0.001994951 -3.313596e-05 8.01379e-07)
(0.001999827 -3.1701e-05 6.352435e-07)
(0.002004461 -3.032721e-05 5.021865e-07)
(0.002008865 -2.90139e-05 3.939031e-07)
(0.002013052 -2.775987e-05 3.062403e-07)
(0.001999661 -4.153174e-05 1.161255e-06)
(0.002004233 -3.966048e-05 9.576409e-07)
(0.00200856 -3.787026e-05 7.936682e-07)
(0.00201263 -3.615867e-05 6.625118e-07)
(0.002016459 -3.452449e-05 5.555265e-07)
(0.002020062 -3.296603e-05 4.685659e-07)
(0.002008996 -4.754921e-05 1.487565e-06)
(0.002012646 -4.52778e-05 1.279367e-06)
(0.002016039 -4.311128e-05 1.110885e-06)
(0.002019168 -4.104581e-05 9.75003e-07)
(0.002022054 -3.907901e-05 8.627147e-07)
(0.002024714 -3.720832e-05 7.698961e-07)
(0.002013996 -5.205466e-05 2.053347e-06)
(0.002016164 -4.937014e-05 1.827181e-06)
(0.002018088 -4.68232e-05 1.641377e-06)
(0.002019768 -4.440715e-05 1.488276e-06)
(0.002021228 -4.21171e-05 1.358633e-06)
(0.00202249 -3.994883e-05 1.248344e-06)
(0.002007624 -5.417439e-05 2.880225e-06)
(0.002007651 -5.111346e-05 2.617768e-06)
(0.002007499 -4.823253e-05 2.39711e-06)
(0.002007176 -4.551967e-05 2.20977e-06)
(0.002006706 -4.296554e-05 2.046649e-06)
(0.002006113 -4.056295e-05 1.90363e-06)
(0.001978783 -5.295987e-05 3.893436e-06)
(0.00197612 -4.965619e-05 3.578669e-06)
(0.001973416 -4.657849e-05 3.30733e-06)
(0.001970686 -4.370704e-05 3.070062e-06)
(0.001967947 -4.102638e-05 2.858661e-06)
(0.001965218 -3.852515e-05 2.669002e-06)
(0.001912348 -4.775481e-05 4.901414e-06)
(0.001906873 -4.446922e-05 4.531609e-06)
(0.001901566 -4.14431e-05 4.205199e-06)
(0.00189644 -3.864834e-05 3.912568e-06)
(0.001891498 -3.606367e-05 3.64746e-06)
(0.00188674 -3.367344e-05 3.405925e-06)
(0.001790485 -3.872774e-05 5.643208e-06)
(0.001782789 -3.58171e-05 5.236077e-06)
(0.001775489 -3.316566e-05 4.86839e-06)
(0.00176859 -3.074056e-05 4.531854e-06)
(0.00176207 -2.851845e-05 4.223104e-06)
(0.001594677 -2.71513e-05 5.896307e-06)
(0.00158609 -2.496002e-05 5.484917e-06)
(0.001578061 -2.298066e-05 5.105008e-06)
(0.001570582 -2.118387e-05 4.751487e-06)
(0.001563606 -1.955063e-05 4.423904e-06)
(0.0013066 -1.5338e-05 5.556651e-06)
(0.001298837 -1.40415e-05 5.177551e-06)
(0.001291649 -1.287168e-05 4.82095e-06)
(0.001285019 -1.18129e-05 4.485532e-06)
(0.001278889 -1.085584e-05 4.172454e-06)
(0.0009057335 -5.658411e-06 4.530669e-06)
(0.0009003299 -5.17525e-06 4.223256e-06)
(0.0008953529 -4.729086e-06 3.931437e-06)
(0.0008907913 -4.32335e-06 3.655958e-06)
(0.0008865984 -3.958113e-06 3.397898e-06)
(0.000363318 -2.7096e-07 2.42486e-06)
(0.0003612883 -2.522495e-07 2.259877e-06)
(0.0003594238 -2.259528e-07 2.102541e-06)
(0.0003577242 -2.024735e-07 1.954175e-06)
(0.0003561687 -1.822723e-07 1.815151e-06)
)
;
    }
    procBoundary12to14
    {
        type            processor;
        value           nonuniform List<vector> 
56
(
(0.001407841 7.062892e-07 3.329276e-05)
(0.001482243 2.055813e-06 6.635089e-05)
(0.001587716 3.258706e-06 7.965096e-05)
(0.001693914 4.287163e-06 7.74739e-05)
(0.001787136 5.138292e-06 6.661487e-05)
(0.001863822 5.819759e-06 5.344653e-05)
(0.001925315 6.343556e-06 4.109706e-05)
(0.001974661 6.723299e-06 3.087823e-05)
(0.002015022 6.973789e-06 2.299174e-05)
(0.002048884 7.11077e-06 1.712573e-05)
(0.00207802 7.150435e-06 1.283131e-05)
(0.00210365 7.108779e-06 9.693001e-06)
(0.00212659 7.001011e-06 7.383914e-06)
(0.002147392 6.84109e-06 5.665203e-06)
(0.002166438 6.641448e-06 4.368983e-06)
(0.001407841 -7.062887e-07 3.329276e-05)
(0.001482243 -2.055812e-06 6.635089e-05)
(0.001587716 -3.258705e-06 7.965096e-05)
(0.001693914 -4.287161e-06 7.74739e-05)
(0.001787136 -5.13829e-06 6.661487e-05)
(0.001863822 -5.819757e-06 5.344653e-05)
(0.001925315 -6.343553e-06 4.109706e-05)
(0.001974661 -6.723296e-06 3.087823e-05)
(0.002015022 -6.973785e-06 2.299174e-05)
(0.002048884 -7.110766e-06 1.712573e-05)
(0.00207802 -7.15043e-06 1.283131e-05)
(0.00210365 -7.108774e-06 9.693001e-06)
(0.00212659 -7.001005e-06 7.383914e-06)
(0.002147392 -6.841084e-06 5.665203e-06)
(0.002166438 -6.64144e-06 4.368983e-06)
(0.001407846 -2.141196e-06 3.328698e-05)
(0.001482332 -6.232222e-06 6.633052e-05)
(0.00158797 -9.87422e-06 7.961362e-05)
(0.00169438 -1.29818e-05 7.742221e-05)
(0.001787844 -1.554666e-05 6.655484e-05)
(0.001864785 -1.759349e-05 5.338457e-05)
(0.001926533 -1.916034e-05 4.103785e-05)
(0.001976122 -2.029013e-05 3.082428e-05)
(0.002016705 -2.102914e-05 2.294392e-05)
(0.002050763 -2.142611e-05 1.708393e-05)
(0.002080069 -2.153076e-05 1.279497e-05)
(0.002105839 -2.13919e-05 9.661456e-06)
(0.002128891 -2.105565e-05 7.356522e-06)
(0.002149781 -2.056419e-05 5.641422e-06)
(0.002168892 -1.995488e-05 4.348375e-06)
(0.001407857 -3.646197e-06 3.327497e-05)
(0.001482519 -1.061164e-05 6.628897e-05)
(0.001588504 -1.679586e-05 7.953647e-05)
(0.001695357 -2.205022e-05 7.731582e-05)
(0.001789323 -2.636275e-05 6.643178e-05)
(0.001866791 -2.978067e-05 5.325813e-05)
(0.001929062 -3.237493e-05 4.091773e-05)
(0.001979147 -3.422439e-05 3.071559e-05)
(0.002020183 -3.541262e-05 2.284835e-05)
(0.002054641 -3.602602e-05 1.700115e-05)
(0.002084288 -3.615132e-05 1.272378e-05)
)
;
    }
    procBoundary12to15
    {
        type            processor;
        value           nonuniform List<vector> 
331
(
(0.0005504157 6.701163e-07 0.0001110328)
(0.0003690386 1.294041e-06 2.109531e-05)
(0.0002085659 1.643911e-06 1.820414e-06)
(0.0001780266 1.833739e-06 1.135971e-06)
(0.0001598851 1.906698e-06 5.380277e-07)
(0.0001502511 1.892644e-06 2.836219e-07)
(0.0001451262 1.814021e-06 1.8356e-07)
(0.0001421248 1.692139e-06 1.197631e-07)
(0.000140427 1.544827e-06 8.34216e-08)
(0.0001394687 1.386183e-06 6.026303e-08)
(0.0001389529 1.226814e-06 4.455264e-08)
(0.0001387068 1.074083e-06 3.340603e-08)
(0.000138627 9.326655e-07 2.515359e-08)
(0.000138651 8.051302e-07 1.889733e-08)
(0.0001387396 6.924847e-07 1.406642e-08)
(0.0001388676 5.946493e-07 1.035919e-08)
(0.0001390193 5.108468e-07 7.425089e-09)
(0.0001391827 4.398701e-07 5.303925e-09)
(0.0001393525 3.803412e-07 3.456954e-09)
(0.0001395209 3.307209e-07 2.535275e-09)
(0.001089302 1.346504e-06 0.0002844165)
(0.0008828888 3.01883e-06 0.000105983)
(0.0005966668 4.090663e-06 3.435084e-05)
(0.0005057557 4.744799e-06 1.431649e-05)
(0.0004568604 5.073645e-06 7.647416e-06)
(0.0004296727 5.150057e-06 4.42968e-06)
(0.0004148261 5.033307e-06 2.783658e-06)
(0.0004062118 4.779963e-06 1.84256e-06)
(0.0004013512 4.439049e-06 1.26943e-06)
(0.000398682 4.050512e-06 9.051649e-07)
(0.0003973322 3.64535e-06 6.61074e-07)
(0.0003967895 3.246026e-06 4.905051e-07)
(0.0003967435 2.867682e-06 3.669798e-07)
(0.0003970036 2.519543e-06 2.75109e-07)
(0.0003974503 2.206314e-06 2.055252e-07)
(0.000398006 1.929426e-06 1.523763e-07)
(0.0003986227 1.688096e-06 1.114234e-07)
(0.0003992647 1.48009e-06 8.038704e-08)
(0.0003999152 1.302443e-06 5.61027e-08)
(0.000400553 1.151561e-06 3.984878e-08)
(0.001337069 1.683475e-06 0.0003402576)
(0.001228091 4.103782e-06 0.0001819859)
(0.0009339424 5.817399e-06 8.128138e-05)
(0.0008016215 6.962961e-06 3.849835e-05)
(0.0007284074 7.624457e-06 2.09259e-05)
(0.0006865983 7.889192e-06 1.238324e-05)
(0.0006632426 7.839833e-06 7.817919e-06)
(0.0006497192 7.558732e-06 5.184813e-06)
(0.0006421217 7.120179e-06 3.57098e-06)
(0.0006380542 6.586606e-06 2.540086e-06)
(0.0006361297 6.007849e-06 1.850139e-06)
(0.0006355219 5.421263e-06 1.36947e-06)
(0.0006357236 4.853132e-06 1.022994e-06)
(0.0006364197 4.320531e-06 7.665592e-07)
(0.0006374114 3.833308e-06 5.732146e-07)
(0.00063857 3.39591e-06 4.259302e-07)
(0.0006398144 3.008988e-06 3.128731e-07)
(0.0006410871 2.670604e-06 2.268583e-07)
(0.0006423588 2.377346e-06 1.602406e-07)
(0.0006435976 2.124591e-06 1.139316e-07)
(0.001441491 1.849067e-06 0.0003334653)
(0.001441953 4.766942e-06 0.0002346319)
(0.001203806 6.9913e-06 0.0001308656)
(0.001059217 8.593198e-06 6.938855e-05)
(0.0009714293 9.616562e-06 3.902777e-05)
(0.0009193149 1.013419e-05 2.351165e-05)
(0.0008894801 1.023427e-05 1.495228e-05)
(0.00087217 1.001316e-05 9.948315e-06)
(0.0008625123 9.562673e-06 6.85931e-06)
(0.000857503 8.962974e-06 4.875305e-06)
(0.0008553467 8.28007e-06 3.546148e-06)
(0.0008549526 7.565092e-06 2.621195e-06)
(0.0008556415 6.855408e-06 1.956207e-06)
(0.0008569864 6.176576e-06 1.465573e-06)
(0.0008587154 5.544598e-06 1.096773e-06)
(0.0008606521 4.968131e-06 8.164128e-07)
(0.000862685 4.450491e-06 6.016859e-07)
(0.0008647365 3.991201e-06 4.380659e-07)
(0.0008667658 3.587473e-06 3.118845e-07)
(0.0008687321 3.234625e-06 2.224164e-07)
(0.001476614 1.932056e-06 0.0003026452)
(0.001559837 5.171415e-06 0.000262378)
(0.001402358 7.773964e-06 0.000172204)
(0.001272811 9.759166e-06 0.0001011452)
(0.001182827 1.112949e-05 5.957722e-05)
(0.0011261 1.192731e-05 3.667691e-05)
(0.001092623 1.222991e-05 2.356422e-05)
(0.001073102 1.21351e-05 1.575469e-05)
(0.001062336 1.174338e-05 1.088741e-05)
(0.001057006 1.114669e-05 7.740414e-06)
(0.001055058 1.042343e-05 5.626642e-06)
(0.001055211 9.636397e-06 4.155501e-06)
(0.001056656 8.833143e-06 3.099435e-06)
(0.001058876 8.047621e-06 2.322043e-06)
(0.001061537 7.302449e-06 1.739087e-06)
(0.001064425 6.611262e-06 1.296727e-06)
(0.001067401 5.98095e-06 9.584772e-07)
(0.001070371 5.413449e-06 7.005538e-07)
(0.001073286 4.907509e-06 5.020506e-07)
(0.001076097 4.459266e-06 3.594925e-07)
(0.001479894 1.977985e-06 0.0002631357)
(0.001612884 5.426313e-06 0.0002691437)
(0.001535969 8.297156e-06 0.0002005081)
(0.001439939 1.05815e-05 0.0001290105)
(0.001360175 1.225426e-05 8.001543e-05)
(0.001305459 1.332666e-05 5.058291e-05)
(0.001271865 1.385533e-05 3.293922e-05)
(0.001252136 1.392915e-05 2.217203e-05)
(0.001241482 1.36486e-05 1.537501e-05)
(0.001236621 1.311092e-05 1.094409e-05)
(0.001235422 1.24024e-05 7.955842e-06)
(0.001236515 1.159454e-05 5.873496e-06)
(0.001239015 1.074335e-05 4.379584e-06)
(0.001242347 9.890388e-06 3.281655e-06)
(0.001246138 9.064743e-06 2.459888e-06)
(0.001250143 8.285298e-06 1.837278e-06)
(0.001254208 7.563048e-06 1.36181e-06)
(0.001258225 6.903007e-06 9.99123e-07)
(0.001262141 6.306173e-06 7.202642e-07)
(0.001265901 5.770219e-06 5.181594e-07)
(0.001470389 2.008589e-06 0.0002221837)
(0.001625721 5.598985e-06 0.0002604882)
(0.001616568 8.657464e-06 0.0002150461)
(0.001562306 1.116371e-05 0.0001498843)
(0.001502607 1.308144e-05 9.795912e-05)
(0.001456497 1.439951e-05 6.38266e-05)
(0.001426689 1.515241e-05 4.226027e-05)
(0.001409074 1.541387e-05 2.869754e-05)
(0.001399976 1.52774e-05 1.999348e-05)
(0.001396519 1.483952e-05 1.426169e-05)
(0.001396701 1.418965e-05 1.037486e-05)
(0.001399179 1.340458e-05 7.660031e-06)
(0.00140306 1.254645e-05 5.711912e-06)
(0.001407752 1.166302e-05 4.281564e-06)
(0.001412866 1.078912e-05 3.212518e-06)
(0.001418147 9.948659e-06 2.403581e-06)
(0.001423431 9.156871e-06 1.786433e-06)
(0.001428608 8.422181e-06 1.315551e-06)
(0.001433622 7.748301e-06 9.536466e-07)
(0.001438418 7.134962e-06 6.895145e-07)
(0.001457327 2.03315e-06 0.0001838605)
(0.001616017 5.727953e-06 0.0002418224)
(0.001657555 8.920038e-06 0.0002172804)
(0.001645088 1.158631e-05 0.0001623378)
(0.001611314 1.369165e-05 0.0001115686)
(0.001579309 1.521428e-05 7.506765e-05)
(0.001557089 1.617115e-05 5.066557e-05)
(0.001544024 1.661947e-05 3.477778e-05)
(0.00153805 1.66416e-05 2.437427e-05)
(0.001537029 1.632859e-05 1.743903e-05)
(0.001539288 1.576875e-05 1.270337e-05)
(0.001543631 1.504064e-05 9.384477e-06)
(0.001549233 1.420994e-05 7.000424e-06)
(0.001555532 1.332876e-05 5.250636e-06)
(0.001562155 1.243649e-05 3.944098e-06)
(0.001568853 1.156145e-05 2.956389e-06)
(0.00157547 1.072283e-05 2.203391e-06)
(0.001581899 9.9325e-06 1.62868e-06)
(0.001588089 9.197076e-06 1.186976e-06)
(0.001593988 8.518648e-06 8.627762e-07)
(0.001444729 2.054987e-06 0.0001500125)
(0.001595465 5.833422e-06 0.0002175201)
(0.001671255 9.125499e-06 0.0002096653)
(0.001695473 1.190688e-05 0.0001663187)
(0.001689448 1.415034e-05 0.0001197548)
(0.001675197 1.583366e-05 8.322248e-05)
(0.001663749 1.696367e-05 5.734995e-05)
(0.001657516 1.758356e-05 3.985804e-05)
(0.001656218 1.776336e-05 2.813546e-05)
(0.00165868 1.758578e-05 2.020835e-05)
(0.001663724 1.713468e-05 1.474997e-05)
(0.001670418 1.648736e-05 1.090777e-05)
(0.001678076 1.571043e-05 8.142872e-06)
(0.001686218 1.485836e-05 6.113084e-06)
(0.001694517 1.397366e-05 4.598227e-06)
(0.001702754 1.308808e-05 3.453711e-06)
(0.001710792 1.222421e-05 2.581518e-06)
(0.001718541 1.139709e-05 1.91553e-06)
(0.001725961 1.061619e-05 1.403497e-06)
(0.001733006 9.886054e-06 1.025856e-06)
(0.001434035 2.074895e-06 0.0001210772)
(0.001571252 5.924825e-06 0.0001907257)
(0.001667756 9.297021e-06 0.000194857)
(0.001721221 1.21634e-05 0.0001626951)
(0.001741571 1.450637e-05 0.0001221745)
(0.001746636 1.631013e-05 8.75894e-05)
(0.001748132 1.757885e-05 6.166405e-05)
(0.001750581 1.834627e-05 4.344092e-05)
(0.001755328 1.867144e-05 3.091599e-05)
(0.001762233 1.862775e-05 2.230966e-05)
(0.001770724 1.829261e-05 1.632634e-05)
(0.001780218 1.773968e-05 1.209228e-05)
(0.001790237 1.703428e-05 9.037799e-06)
(0.001800426 1.62313e-05 6.793623e-06)
(0.001810536 1.537488e-05 5.118796e-06)
(0.001820403 1.449905e-05 3.853651e-06)
(0.001829923 1.362905e-05 2.889564e-06)
(0.001839029 1.278258e-05 2.152876e-06)
(0.001847704 1.197173e-05 1.586085e-06)
(0.001855909 1.120336e-05 1.166207e-06)
(0.001920085 5.258922e-06 4.141662e-06)
(0.001931127 4.973863e-06 3.119078e-06)
(0.001941626 4.691616e-06 2.336265e-06)
(0.001951587 4.41705e-06 1.73284e-06)
(0.001960985 4.153219e-06 1.283071e-06)
(0.001425514 2.092803e-06 9.677533e-05)
(0.001547447 6.005804e-06 0.000163496)
(0.001654642 9.446338e-06 0.0001752458)
(0.001729604 1.237871e-05 0.0001528033)
(0.001772929 1.479334e-05 0.0001190816)
(0.001796999 1.668421e-05 8.787981e-05)
(0.001812429 1.805863e-05 6.318254e-05)
(0.001824767 1.894601e-05 4.514051e-05)
(0.001836585 1.93972e-05 3.241177e-05)
(0.001848702 1.947696e-05 2.351469e-05)
(0.001861179 1.925548e-05 1.726362e-05)
(0.001873839 1.880132e-05 1.28133e-05)
(0.001886458 1.817683e-05 9.592851e-06)
(0.001898844 1.743573e-05 7.223553e-06)
(0.001910857 1.662235e-05 5.454488e-06)
(0.001920085 5.258922e-06 4.141662e-06)
(0.001920085 5.258922e-06 4.141662e-06)
(0.001931127 4.973863e-06 3.119078e-06)
(0.001941626 4.691616e-06 2.336265e-06)
(0.001951587 4.41705e-06 1.73284e-06)
(0.001418968 2.10848e-06 7.651847e-05)
(0.001526107 6.077258e-06 0.0001370378)
(0.001637235 9.578301e-06 0.0001527454)
(0.001726817 1.25649e-05 0.0001380981)
(0.001788795 1.503226e-05 0.0001111216)
(0.001830166 1.698466e-05 8.417208e-05)
(0.001859382 1.843619e-05 6.172943e-05)
(0.001882067 1.941637e-05 4.472065e-05)
(0.001901522 1.997114e-05 3.240748e-05)
(0.001919327 2.01583e-05 2.36502e-05)
(0.001936141 2.004114e-05 1.742917e-05)
(0.0019522 1.968254e-05 1.297121e-05)
(0.00196756 1.914087e-05 9.73362e-06)
(0.001982219 1.846748e-05 7.347269e-06)
(0.001996162 1.770579e-05 5.563616e-06)
(0.002006993 5.629541e-06 4.238279e-06)
(0.001414058 2.121772e-06 5.962285e-05)
(0.00150808 6.139033e-06 0.0001119457)
(0.001619037 9.694049e-06 0.0001287518)
(0.001717765 1.272711e-05 0.0001199269)
(0.001793986 1.523471e-05 9.913582e-05)
(0.001850111 1.723012e-05 7.682092e-05)
(0.001892037 1.873583e-05 5.736341e-05)
(0.001924786 1.978456e-05 4.211119e-05)
(0.001951918 2.04204e-05 3.079857e-05)
(0.001975534 2.069625e-05 2.26172e-05)
(0.001996787 2.06695e-05 1.674149e-05)
(0.002016301 2.039758e-05 1.250263e-05)
(0.002034415 1.993445e-05 9.411946e-06)
(0.002051324 1.932846e-05 7.128415e-06)
(0.002067152 1.862128e-05 5.41869e-06)
(0.002079544 5.946009e-06 4.145952e-06)
(0.001410446 2.132655e-06 4.541653e-05)
(0.00149354 6.190767e-06 8.840262e-05)
(0.001602205 9.79304e-06 0.0001041922)
(0.001706096 1.28664e-05 9.94137e-05)
(0.001792587 1.540579e-05 8.400604e-05)
(0.001860569 1.743134e-05 6.63547e-05)
(0.001913468 1.89739e-05 5.033597e-05)
(0.001955353 2.007106e-05 3.740258e-05)
(0.001989684 2.076734e-05 2.760034e-05)
(0.002018843 2.111277e-05 2.040289e-05)
(0.002044355 2.11602e-05 1.5181e-05)
(0.002067178 2.096226e-05 1.138905e-05)
(0.002087909 2.05687e-05 8.612493e-06)
(0.002106934 2.002466e-05 6.554824e-06)
(0.002124514 1.936969e-05 5.010114e-06)
(0.002138355 6.207116e-06 3.857061e-06)
(0.0001396565 2.960369e-07 1.50613e-09)
(0.0001397669 2.720619e-07 6.476307e-10)
(0.0001398778 2.511645e-07 2.671578e-10)
(0.0001399865 2.329298e-07 -7.613358e-11)
(0.0001400929 2.170412e-07 -3.509998e-10)
(0.0004010657 1.043953e-06 2.711785e-08)
(0.0004014734 9.68511e-07 1.719123e-08)
(0.0004018772 9.016821e-07 1.040272e-08)
(0.0004022714 8.424016e-07 5.172821e-09)
(0.0004026554 7.898394e-07 9.843692e-10)
(0.0006445914 1.941506e-06 7.942066e-08)
(0.0006453726 1.8118e-06 5.326764e-08)
(0.0006461406 1.695576e-06 3.411302e-08)
(0.000646888 1.591271e-06 1.933508e-08)
(0.0006476139 1.497674e-06 7.525113e-09)
(0.0008703061 2.975366e-06 1.574515e-07)
(0.0008715343 2.789873e-06 1.091713e-07)
(0.0008727357 2.621977e-06 7.252963e-08)
(0.0008739016 2.469759e-06 4.407121e-08)
(0.0008750311 2.331755e-06 2.130674e-08)
(0.001078343 4.125487e-06 2.576522e-07)
(0.001080086 3.884335e-06 1.831301e-07)
(0.001081785 3.664032e-06 1.252877e-07)
(0.00108343 3.462445e-06 8.000215e-08)
(0.00108502 3.277986e-06 4.367964e-08)
(0.001268898 5.366047e-06 3.753611e-07)
(0.001271217 5.071186e-06 2.721603e-07)
(0.001273469 4.799447e-06 1.908237e-07)
(0.001275646 4.548649e-06 1.266459e-07)
(0.001277747 4.317202e-06 7.498198e-08)
(0.001442234 6.666809e-06 5.043026e-07)
(0.001445177 6.32195e-06 3.717761e-07)
(0.00144803 6.001435e-06 2.661891e-07)
(0.001450782 5.703207e-06 1.822894e-07)
(0.001453435 5.425795e-06 1.144721e-07)
(0.001598672 7.994755e-06 6.366266e-07)
(0.001602276 7.605112e-06 4.760736e-07)
(0.001605762 7.239981e-06 3.471358e-07)
(0.001609121 6.897583e-06 2.440468e-07)
(0.001612355 6.576681e-06 1.603666e-07)
(0.001738587 9.315851e-06 7.633377e-07)
(0.001742873 8.88773e-06 5.780877e-07)
(0.001747013 8.4833e-06 4.28402e-07)
(0.001750996 8.101195e-06 3.080712e-07)
(0.001754828 7.740501e-06 2.099851e-07)
(0.001758513 7.400255e-06 1.305071e-07)
(0.001862397 1.059674e-05 8.749377e-07)
(0.00186737 1.013703e-05 6.703129e-07)
(0.001872167 9.699347e-06 5.041356e-07)
(0.001876777 9.282824e-06 3.698873e-07)
(0.001881208 8.886941e-06 2.600016e-07)
(0.001885466 8.511055e-06 1.705301e-07)
(0.001968408 3.942646e-06 9.713207e-07)
(0.001974091 3.781576e-06 7.531455e-07)
(0.001979569 3.627042e-06 5.749087e-07)
(0.001984833 3.478951e-06 4.29992e-07)
(0.00198989 3.337279e-06 3.106857e-07)
(0.001994752 3.201935e-06 2.128793e-07)
)
;
    }
}


// ************************************************************************* //
