/*--------------------------------*- C++ -*----------------------------------*\
| =========                 |                                                 |
| \\      /  F ield         | OpenFOAM: The Open Source CFD Toolbox           |
|  \\    /   O peration     | Version:  2406                                  |
|   \\  /    A nd           | Website:  www.openfoam.com                      |
|    \\/     M anipulation  |                                                 |
\*---------------------------------------------------------------------------*/
FoamFile
{
    version     2.0;
    format      ascii;
    arch        "LSB;label=32;scalar=64";
    class       faceList;
    location    "constant/polyMesh";
    object      faces;
}
// * * * * * * * * * * * * * * * * * * * * * * * * * * * * * * * * * * * * * //


17393
(
4(1 20 331 310)
4(19 330 331 20)
4(309 310 331 330)
4(2 21 332 311)
4(20 331 332 21)
4(310 311 332 331)
4(3 22 333 312)
4(21 332 333 22)
4(311 312 333 332)
4(4 23 334 313)
4(22 333 334 23)
4(312 313 334 333)
4(5 24 335 314)
4(23 334 335 24)
4(313 314 335 334)
4(6 25 336 315)
4(24 335 336 25)
4(314 315 336 335)
4(7 26 337 316)
4(25 336 337 26)
4(315 316 337 336)
4(8 27 338 317)
4(26 337 338 27)
4(316 317 338 337)
4(9 28 339 318)
4(27 338 339 28)
4(317 318 339 338)
4(10 29 340 319)
4(28 339 340 29)
4(318 319 340 339)
4(11 30 341 320)
4(29 340 341 30)
4(319 320 341 340)
4(12 31 342 321)
4(30 341 342 31)
4(320 321 342 341)
4(13 32 343 322)
4(31 342 343 32)
4(321 322 343 342)
4(14 33 344 323)
4(32 343 344 33)
4(322 323 344 343)
4(15 34 345 324)
4(33 344 345 34)
4(323 324 345 344)
4(16 35 346 325)
4(34 345 346 35)
4(324 325 346 345)
4(17 36 347 326)
4(35 346 347 36)
4(325 326 347 346)
4(36 347 348 37)
4(326 327 348 347)
4(18 37 348 327)
4(20 39 352 331)
4(38 351 352 39)
4(330 331 352 351)
4(21 40 353 332)
4(39 352 353 40)
4(331 332 353 352)
4(22 41 354 333)
4(40 353 354 41)
4(332 333 354 353)
4(23 42 355 334)
4(41 354 355 42)
4(333 334 355 354)
4(24 43 356 335)
4(42 355 356 43)
4(334 335 356 355)
4(25 44 357 336)
4(43 356 357 44)
4(335 336 357 356)
4(26 45 358 337)
4(44 357 358 45)
4(336 337 358 357)
4(27 46 359 338)
4(45 358 359 46)
4(337 338 359 358)
4(28 47 360 339)
4(46 359 360 47)
4(338 339 360 359)
4(29 48 361 340)
4(47 360 361 48)
4(339 340 361 360)
4(30 49 362 341)
4(48 361 362 49)
4(340 341 362 361)
4(31 50 363 342)
4(49 362 363 50)
4(341 342 363 362)
4(32 51 364 343)
4(50 363 364 51)
4(342 343 364 363)
4(33 52 365 344)
4(51 364 365 52)
4(343 344 365 364)
4(34 53 366 345)
4(52 365 366 53)
4(344 345 366 365)
4(35 54 367 346)
4(53 366 367 54)
4(345 346 367 366)
4(36 55 368 347)
4(54 367 368 55)
4(346 347 368 367)
4(55 368 369 56)
4(347 348 369 368)
4(37 56 369 348)
4(39 58 373 352)
4(57 372 373 58)
4(351 352 373 372)
4(40 59 374 353)
4(58 373 374 59)
4(352 353 374 373)
4(41 60 375 354)
4(59 374 375 60)
4(353 354 375 374)
4(42 61 376 355)
4(60 375 376 61)
4(354 355 376 375)
4(43 62 377 356)
4(61 376 377 62)
4(355 356 377 376)
4(44 63 378 357)
4(62 377 378 63)
4(356 357 378 377)
4(45 64 379 358)
4(63 378 379 64)
4(357 358 379 378)
4(46 65 380 359)
4(64 379 380 65)
4(358 359 380 379)
4(47 66 381 360)
4(65 380 381 66)
4(359 360 381 380)
4(48 67 382 361)
4(66 381 382 67)
4(360 361 382 381)
4(49 68 383 362)
4(67 382 383 68)
4(361 362 383 382)
4(50 69 384 363)
4(68 383 384 69)
4(362 363 384 383)
4(51 70 385 364)
4(69 384 385 70)
4(363 364 385 384)
4(52 71 386 365)
4(70 385 386 71)
4(364 365 386 385)
4(53 72 387 366)
4(71 386 387 72)
4(365 366 387 386)
4(54 73 388 367)
4(72 387 388 73)
4(366 367 388 387)
4(55 74 389 368)
4(73 388 389 74)
4(367 368 389 388)
4(74 389 390 75)
4(368 369 390 389)
4(56 75 390 369)
4(58 77 394 373)
4(76 393 394 77)
4(372 373 394 393)
4(59 78 395 374)
4(77 394 395 78)
4(373 374 395 394)
4(60 79 396 375)
4(78 395 396 79)
4(374 375 396 395)
4(61 80 397 376)
4(79 396 397 80)
4(375 376 397 396)
4(62 81 398 377)
4(80 397 398 81)
4(376 377 398 397)
4(63 82 399 378)
4(81 398 399 82)
4(377 378 399 398)
4(64 83 400 379)
4(82 399 400 83)
4(378 379 400 399)
4(65 84 401 380)
4(83 400 401 84)
4(379 380 401 400)
4(66 85 402 381)
4(84 401 402 85)
4(380 381 402 401)
4(67 86 403 382)
4(85 402 403 86)
4(381 382 403 402)
4(68 87 404 383)
4(86 403 404 87)
4(382 383 404 403)
4(69 88 405 384)
4(87 404 405 88)
4(383 384 405 404)
4(70 89 406 385)
4(88 405 406 89)
4(384 385 406 405)
4(71 90 407 386)
4(89 406 407 90)
4(385 386 407 406)
4(72 91 408 387)
4(90 407 408 91)
4(386 387 408 407)
4(73 92 409 388)
4(91 408 409 92)
4(387 388 409 408)
4(74 93 410 389)
4(92 409 410 93)
4(388 389 410 409)
4(93 410 411 94)
4(389 390 411 410)
4(75 94 411 390)
4(77 96 415 394)
4(95 414 415 96)
4(393 394 415 414)
4(78 97 416 395)
4(96 415 416 97)
4(394 395 416 415)
4(79 98 417 396)
4(97 416 417 98)
4(395 396 417 416)
4(80 99 418 397)
4(98 417 418 99)
4(396 397 418 417)
4(81 100 419 398)
4(99 418 419 100)
4(397 398 419 418)
4(82 101 420 399)
4(100 419 420 101)
4(398 399 420 419)
4(83 102 421 400)
4(101 420 421 102)
4(399 400 421 420)
4(84 103 422 401)
4(102 421 422 103)
4(400 401 422 421)
4(85 104 423 402)
4(103 422 423 104)
4(401 402 423 422)
4(86 105 424 403)
4(104 423 424 105)
4(402 403 424 423)
4(87 106 425 404)
4(105 424 425 106)
4(403 404 425 424)
4(88 107 426 405)
4(106 425 426 107)
4(404 405 426 425)
4(89 108 427 406)
4(107 426 427 108)
4(405 406 427 426)
4(90 109 428 407)
4(108 427 428 109)
4(406 407 428 427)
4(91 110 429 408)
4(109 428 429 110)
4(407 408 429 428)
4(92 111 430 409)
4(110 429 430 111)
4(408 409 430 429)
4(93 112 431 410)
4(111 430 431 112)
4(409 410 431 430)
4(112 431 432 113)
4(410 411 432 431)
4(94 113 432 411)
4(96 115 436 415)
4(114 435 436 115)
4(414 415 436 435)
4(97 116 437 416)
4(115 436 437 116)
4(415 416 437 436)
4(98 117 438 417)
4(116 437 438 117)
4(416 417 438 437)
4(99 118 439 418)
4(117 438 439 118)
4(417 418 439 438)
4(100 119 440 419)
4(118 439 440 119)
4(418 419 440 439)
4(101 120 441 420)
4(119 440 441 120)
4(419 420 441 440)
4(102 121 442 421)
4(120 441 442 121)
4(420 421 442 441)
4(103 122 443 422)
4(121 442 443 122)
4(421 422 443 442)
4(104 123 444 423)
4(122 443 444 123)
4(422 423 444 443)
4(105 124 445 424)
4(123 444 445 124)
4(423 424 445 444)
4(106 125 446 425)
4(124 445 446 125)
4(424 425 446 445)
4(107 126 447 426)
4(125 446 447 126)
4(425 426 447 446)
4(108 127 448 427)
4(126 447 448 127)
4(426 427 448 447)
4(109 128 449 428)
4(127 448 449 128)
4(427 428 449 448)
4(110 129 450 429)
4(128 449 450 129)
4(428 429 450 449)
4(111 130 451 430)
4(129 450 451 130)
4(429 430 451 450)
4(112 131 452 431)
4(130 451 452 131)
4(430 431 452 451)
4(131 452 453 132)
4(431 432 453 452)
4(113 132 453 432)
4(115 134 457 436)
4(133 456 457 134)
4(435 436 457 456)
4(116 135 458 437)
4(134 457 458 135)
4(436 437 458 457)
4(117 136 459 438)
4(135 458 459 136)
4(437 438 459 458)
4(118 137 460 439)
4(136 459 460 137)
4(438 439 460 459)
4(119 138 461 440)
4(137 460 461 138)
4(439 440 461 460)
4(120 139 462 441)
4(138 461 462 139)
4(440 441 462 461)
4(121 140 463 442)
4(139 462 463 140)
4(441 442 463 462)
4(122 141 464 443)
4(140 463 464 141)
4(442 443 464 463)
4(123 142 465 444)
4(141 464 465 142)
4(443 444 465 464)
4(124 143 466 445)
4(142 465 466 143)
4(444 445 466 465)
4(125 144 467 446)
4(143 466 467 144)
4(445 446 467 466)
4(126 145 468 447)
4(144 467 468 145)
4(446 447 468 467)
4(127 146 469 448)
4(145 468 469 146)
4(447 448 469 468)
4(128 147 470 449)
4(146 469 470 147)
4(448 449 470 469)
4(129 148 471 450)
4(147 470 471 148)
4(449 450 471 470)
4(130 149 472 451)
4(148 471 472 149)
4(450 451 472 471)
4(131 150 473 452)
4(149 472 473 150)
4(451 452 473 472)
4(150 473 474 151)
4(452 453 474 473)
4(132 151 474 453)
4(134 153 478 457)
4(152 477 478 153)
4(456 457 478 477)
4(135 154 479 458)
4(153 478 479 154)
4(457 458 479 478)
4(136 155 480 459)
4(154 479 480 155)
4(458 459 480 479)
4(137 156 481 460)
4(155 480 481 156)
4(459 460 481 480)
4(138 157 482 461)
4(156 481 482 157)
4(460 461 482 481)
4(139 158 483 462)
4(157 482 483 158)
4(461 462 483 482)
4(140 159 484 463)
4(158 483 484 159)
4(462 463 484 483)
4(141 160 485 464)
4(159 484 485 160)
4(463 464 485 484)
4(142 161 486 465)
4(160 485 486 161)
4(464 465 486 485)
4(143 162 487 466)
4(161 486 487 162)
4(465 466 487 486)
4(144 163 488 467)
4(162 487 488 163)
4(466 467 488 487)
4(145 164 489 468)
4(163 488 489 164)
4(467 468 489 488)
4(146 165 490 469)
4(164 489 490 165)
4(468 469 490 489)
4(147 166 491 470)
4(165 490 491 166)
4(469 470 491 490)
4(148 167 492 471)
4(166 491 492 167)
4(470 471 492 491)
4(149 168 493 472)
4(167 492 493 168)
4(471 472 493 492)
4(150 169 494 473)
4(168 493 494 169)
4(472 473 494 493)
4(169 494 495 170)
4(473 474 495 494)
4(151 170 495 474)
4(153 172 499 478)
4(171 498 499 172)
4(477 478 499 498)
4(154 173 500 479)
4(172 499 500 173)
4(478 479 500 499)
4(155 174 501 480)
4(173 500 501 174)
4(479 480 501 500)
4(156 175 502 481)
4(174 501 502 175)
4(480 481 502 501)
4(157 176 503 482)
4(175 502 503 176)
4(481 482 503 502)
4(158 177 504 483)
4(176 503 504 177)
4(482 483 504 503)
4(159 178 505 484)
4(177 504 505 178)
4(483 484 505 504)
4(160 179 506 485)
4(178 505 506 179)
4(484 485 506 505)
4(161 180 507 486)
4(179 506 507 180)
4(485 486 507 506)
4(162 181 508 487)
4(180 507 508 181)
4(486 487 508 507)
4(163 182 509 488)
4(181 508 509 182)
4(487 488 509 508)
4(164 183 510 489)
4(182 509 510 183)
4(488 489 510 509)
4(165 184 511 490)
4(183 510 511 184)
4(489 490 511 510)
4(166 185 512 491)
4(184 511 512 185)
4(490 491 512 511)
4(167 186 513 492)
4(185 512 513 186)
4(491 492 513 512)
4(168 187 514 493)
4(186 513 514 187)
4(492 493 514 513)
4(169 188 515 494)
4(187 514 515 188)
4(493 494 515 514)
4(188 515 516 189)
4(494 495 516 515)
4(170 189 516 495)
4(172 191 520 499)
4(190 519 520 191)
4(498 499 520 519)
4(173 192 521 500)
4(191 520 521 192)
4(499 500 521 520)
4(174 193 522 501)
4(192 521 522 193)
4(500 501 522 521)
4(175 194 523 502)
4(193 522 523 194)
4(501 502 523 522)
4(176 195 524 503)
4(194 523 524 195)
4(502 503 524 523)
4(177 196 525 504)
4(195 524 525 196)
4(503 504 525 524)
4(178 197 526 505)
4(196 525 526 197)
4(504 505 526 525)
4(179 198 527 506)
4(197 526 527 198)
4(505 506 527 526)
4(180 199 528 507)
4(198 527 528 199)
4(506 507 528 527)
4(181 200 529 508)
4(199 528 529 200)
4(507 508 529 528)
4(182 201 530 509)
4(200 529 530 201)
4(508 509 530 529)
4(183 202 531 510)
4(201 530 531 202)
4(509 510 531 530)
4(184 203 532 511)
4(202 531 532 203)
4(510 511 532 531)
4(185 204 533 512)
4(203 532 533 204)
4(511 512 533 532)
4(186 205 534 513)
4(204 533 534 205)
4(512 513 534 533)
4(187 206 535 514)
4(205 534 535 206)
4(513 514 535 534)
4(188 207 536 515)
4(206 535 536 207)
4(514 515 536 535)
4(207 536 537 208)
4(515 516 537 536)
4(189 208 537 516)
4(191 210 540 520)
4(209 539 540 210)
4(519 520 540 539)
4(192 211 541 521)
4(210 540 541 211)
4(520 521 541 540)
4(193 212 542 522)
4(211 541 542 212)
4(521 522 542 541)
4(194 213 543 523)
4(212 542 543 213)
4(522 523 543 542)
4(195 214 544 524)
4(213 543 544 214)
4(523 524 544 543)
4(196 215 545 525)
4(214 544 545 215)
4(524 525 545 544)
4(197 216 546 526)
4(215 545 546 216)
4(525 526 546 545)
4(198 217 547 527)
4(216 546 547 217)
4(526 527 547 546)
4(199 218 548 528)
4(217 547 548 218)
4(527 528 548 547)
4(200 219 549 529)
4(218 548 549 219)
4(528 529 549 548)
4(201 220 550 530)
4(219 549 550 220)
4(529 530 550 549)
4(202 221 551 531)
4(220 550 551 221)
4(530 531 551 550)
4(203 222 552 532)
4(221 551 552 222)
4(531 532 552 551)
4(204 223 553 533)
4(222 552 553 223)
4(532 533 553 552)
4(205 224 554 534)
4(223 553 554 224)
4(533 534 554 553)
4(206 225 555 535)
4(224 554 555 225)
4(534 535 555 554)
4(207 226 556 536)
4(225 555 556 226)
4(535 536 556 555)
4(226 556 557 227)
4(536 537 557 556)
4(208 227 557 537)
4(210 229 560 540)
4(228 559 560 229)
4(539 540 560 559)
4(211 230 561 541)
4(229 560 561 230)
4(540 541 561 560)
4(212 231 562 542)
4(230 561 562 231)
4(541 542 562 561)
4(213 232 563 543)
4(231 562 563 232)
4(542 543 563 562)
4(214 233 564 544)
4(232 563 564 233)
4(543 544 564 563)
4(215 234 565 545)
4(233 564 565 234)
4(544 545 565 564)
4(216 235 566 546)
4(234 565 566 235)
4(545 546 566 565)
4(217 236 567 547)
4(235 566 567 236)
4(546 547 567 566)
4(218 237 568 548)
4(236 567 568 237)
4(547 548 568 567)
4(219 238 569 549)
4(237 568 569 238)
4(548 549 569 568)
4(220 239 570 550)
4(238 569 570 239)
4(549 550 570 569)
4(221 240 571 551)
4(239 570 571 240)
4(550 551 571 570)
4(222 241 572 552)
4(240 571 572 241)
4(551 552 572 571)
4(223 242 573 553)
4(241 572 573 242)
4(552 553 573 572)
4(224 243 574 554)
4(242 573 574 243)
4(553 554 574 573)
4(225 244 575 555)
4(243 574 575 244)
4(554 555 575 574)
4(226 245 576 556)
4(244 575 576 245)
4(555 556 576 575)
4(245 576 577 246)
4(556 557 577 576)
4(227 246 577 557)
4(229 248 580 560)
4(247 579 580 248)
4(559 560 580 579)
4(230 249 581 561)
4(248 580 581 249)
4(560 561 581 580)
4(231 250 582 562)
4(249 581 582 250)
4(561 562 582 581)
4(232 251 583 563)
4(250 582 583 251)
4(562 563 583 582)
4(233 252 584 564)
4(251 583 584 252)
4(563 564 584 583)
4(234 253 585 565)
4(252 584 585 253)
4(564 565 585 584)
4(235 254 586 566)
4(253 585 586 254)
4(565 566 586 585)
4(236 255 587 567)
4(254 586 587 255)
4(566 567 587 586)
4(237 256 588 568)
4(255 587 588 256)
4(567 568 588 587)
4(238 257 589 569)
4(256 588 589 257)
4(568 569 589 588)
4(239 258 590 570)
4(257 589 590 258)
4(569 570 590 589)
4(240 259 591 571)
4(258 590 591 259)
4(570 571 591 590)
4(241 260 592 572)
4(259 591 592 260)
4(571 572 592 591)
4(242 261 593 573)
4(260 592 593 261)
4(572 573 593 592)
4(243 262 594 574)
4(261 593 594 262)
4(573 574 594 593)
4(244 263 595 575)
4(262 594 595 263)
4(574 575 595 594)
4(245 264 596 576)
4(263 595 596 264)
4(575 576 596 595)
4(264 596 597 265)
4(576 577 597 596)
4(246 265 597 577)
4(248 267 600 580)
4(266 599 600 267)
4(579 580 600 599)
4(249 268 601 581)
4(267 600 601 268)
4(580 581 601 600)
4(250 269 602 582)
4(268 601 602 269)
4(581 582 602 601)
4(251 270 603 583)
4(269 602 603 270)
4(582 583 603 602)
4(252 271 604 584)
4(270 603 604 271)
4(583 584 604 603)
4(253 272 605 585)
4(271 604 605 272)
4(584 585 605 604)
4(254 273 606 586)
4(272 605 606 273)
4(585 586 606 605)
4(255 274 607 587)
4(273 606 607 274)
4(586 587 607 606)
4(256 275 608 588)
4(274 607 608 275)
4(587 588 608 607)
4(257 276 609 589)
4(275 608 609 276)
4(588 589 609 608)
4(258 277 610 590)
4(276 609 610 277)
4(589 590 610 609)
4(259 278 611 591)
4(277 610 611 278)
4(590 591 611 610)
4(260 279 612 592)
4(278 611 612 279)
4(591 592 612 611)
4(261 280 613 593)
4(279 612 613 280)
4(592 593 613 612)
4(262 281 614 594)
4(280 613 614 281)
4(593 594 614 613)
4(263 282 615 595)
4(281 614 615 282)
4(594 595 615 614)
4(264 283 616 596)
4(282 615 616 283)
4(595 596 616 615)
4(283 616 617 284)
4(596 597 617 616)
4(265 284 617 597)
4(267 286 619 600)
4(285 618 619 286)
4(599 600 619 618)
4(268 287 620 601)
4(286 619 620 287)
4(600 601 620 619)
4(269 288 621 602)
4(601 602 621 620)
4(270 289 622 603)
4(602 603 622 621)
4(271 290 623 604)
4(603 604 623 622)
4(272 291 624 605)
4(604 605 624 623)
4(273 292 625 606)
4(605 606 625 624)
4(274 293 626 607)
4(606 607 626 625)
4(275 294 627 608)
4(607 608 627 626)
4(276 295 628 609)
4(608 609 628 627)
4(277 296 629 610)
4(609 610 629 628)
4(278 297 630 611)
4(610 611 630 629)
4(279 298 631 612)
4(611 612 631 630)
4(280 299 632 613)
4(612 613 632 631)
4(281 300 633 614)
4(613 614 633 632)
4(282 301 634 615)
4(614 615 634 633)
4(283 302 635 616)
4(615 616 635 634)
4(616 617 636 635)
4(284 303 636 617)
4(286 305 638 619)
4(618 619 638 637)
4(619 620 639 638)
4(308 329 662 641)
4(328 661 662 329)
4(640 641 662 661)
4(309 330 663 642)
4(329 662 663 330)
4(641 642 663 662)
4(310 331 664 643)
4(330 663 664 331)
4(642 643 664 663)
4(311 332 665 644)
4(331 664 665 332)
4(643 644 665 664)
4(312 333 666 645)
4(332 665 666 333)
4(644 645 666 665)
4(313 334 667 646)
4(333 666 667 334)
4(645 646 667 666)
4(314 335 668 647)
4(334 667 668 335)
4(646 647 668 667)
4(315 336 669 648)
4(335 668 669 336)
4(647 648 669 668)
4(316 337 670 649)
4(336 669 670 337)
4(648 649 670 669)
4(317 338 671 650)
4(337 670 671 338)
4(649 650 671 670)
4(318 339 672 651)
4(338 671 672 339)
4(650 651 672 671)
4(319 340 673 652)
4(339 672 673 340)
4(651 652 673 672)
4(320 341 674 653)
4(340 673 674 341)
4(652 653 674 673)
4(321 342 675 654)
4(341 674 675 342)
4(653 654 675 674)
4(322 343 676 655)
4(342 675 676 343)
4(654 655 676 675)
4(323 344 677 656)
4(343 676 677 344)
4(655 656 677 676)
4(324 345 678 657)
4(344 677 678 345)
4(656 657 678 677)
4(325 346 679 658)
4(345 678 679 346)
4(657 658 679 678)
4(326 347 680 659)
4(346 679 680 347)
4(658 659 680 679)
4(347 680 681 348)
4(659 660 681 680)
4(327 348 681 660)
4(329 350 683 662)
4(349 682 683 350)
4(661 662 683 682)
4(330 351 684 663)
4(350 683 684 351)
4(662 663 684 683)
4(331 352 685 664)
4(351 684 685 352)
4(663 664 685 684)
4(332 353 686 665)
4(352 685 686 353)
4(664 665 686 685)
4(333 354 687 666)
4(353 686 687 354)
4(665 666 687 686)
4(334 355 688 667)
4(354 687 688 355)
4(666 667 688 687)
4(335 356 689 668)
4(355 688 689 356)
4(667 668 689 688)
4(336 357 690 669)
4(356 689 690 357)
4(668 669 690 689)
4(337 358 691 670)
4(357 690 691 358)
4(669 670 691 690)
4(338 359 692 671)
4(358 691 692 359)
4(670 671 692 691)
4(339 360 693 672)
4(359 692 693 360)
4(671 672 693 692)
4(340 361 694 673)
4(360 693 694 361)
4(672 673 694 693)
4(341 362 695 674)
4(361 694 695 362)
4(673 674 695 694)
4(342 363 696 675)
4(362 695 696 363)
4(674 675 696 695)
4(343 364 697 676)
4(363 696 697 364)
4(675 676 697 696)
4(344 365 698 677)
4(364 697 698 365)
4(676 677 698 697)
4(345 366 699 678)
4(365 698 699 366)
4(677 678 699 698)
4(346 367 700 679)
4(366 699 700 367)
4(678 679 700 699)
4(347 368 701 680)
4(367 700 701 368)
4(679 680 701 700)
4(368 701 702 369)
4(680 681 702 701)
4(348 369 702 681)
4(350 371 704 683)
4(370 703 704 371)
4(682 683 704 703)
4(351 372 705 684)
4(371 704 705 372)
4(683 684 705 704)
4(352 373 706 685)
4(372 705 706 373)
4(684 685 706 705)
4(353 374 707 686)
4(373 706 707 374)
4(685 686 707 706)
4(354 375 708 687)
4(374 707 708 375)
4(686 687 708 707)
4(355 376 709 688)
4(375 708 709 376)
4(687 688 709 708)
4(356 377 710 689)
4(376 709 710 377)
4(688 689 710 709)
4(357 378 711 690)
4(377 710 711 378)
4(689 690 711 710)
4(358 379 712 691)
4(378 711 712 379)
4(690 691 712 711)
4(359 380 713 692)
4(379 712 713 380)
4(691 692 713 712)
4(360 381 714 693)
4(380 713 714 381)
4(692 693 714 713)
4(361 382 715 694)
4(381 714 715 382)
4(693 694 715 714)
4(362 383 716 695)
4(382 715 716 383)
4(694 695 716 715)
4(363 384 717 696)
4(383 716 717 384)
4(695 696 717 716)
4(364 385 718 697)
4(384 717 718 385)
4(696 697 718 717)
4(365 386 719 698)
4(385 718 719 386)
4(697 698 719 718)
4(366 387 720 699)
4(386 719 720 387)
4(698 699 720 719)
4(367 388 721 700)
4(387 720 721 388)
4(699 700 721 720)
4(368 389 722 701)
4(388 721 722 389)
4(700 701 722 721)
4(389 722 723 390)
4(701 702 723 722)
4(369 390 723 702)
4(371 392 725 704)
4(391 724 725 392)
4(703 704 725 724)
4(372 393 726 705)
4(392 725 726 393)
4(704 705 726 725)
4(373 394 727 706)
4(393 726 727 394)
4(705 706 727 726)
4(374 395 728 707)
4(394 727 728 395)
4(706 707 728 727)
4(375 396 729 708)
4(395 728 729 396)
4(707 708 729 728)
4(376 397 730 709)
4(396 729 730 397)
4(708 709 730 729)
4(377 398 731 710)
4(397 730 731 398)
4(709 710 731 730)
4(378 399 732 711)
4(398 731 732 399)
4(710 711 732 731)
4(379 400 733 712)
4(399 732 733 400)
4(711 712 733 732)
4(380 401 734 713)
4(400 733 734 401)
4(712 713 734 733)
4(381 402 735 714)
4(401 734 735 402)
4(713 714 735 734)
4(382 403 736 715)
4(402 735 736 403)
4(714 715 736 735)
4(383 404 737 716)
4(403 736 737 404)
4(715 716 737 736)
4(384 405 738 717)
4(404 737 738 405)
4(716 717 738 737)
4(385 406 739 718)
4(405 738 739 406)
4(717 718 739 738)
4(386 407 740 719)
4(406 739 740 407)
4(718 719 740 739)
4(387 408 741 720)
4(407 740 741 408)
4(719 720 741 740)
4(388 409 742 721)
4(408 741 742 409)
4(720 721 742 741)
4(389 410 743 722)
4(409 742 743 410)
4(721 722 743 742)
4(410 743 744 411)
4(722 723 744 743)
4(390 411 744 723)
4(392 413 746 725)
4(412 745 746 413)
4(724 725 746 745)
4(393 414 747 726)
4(413 746 747 414)
4(725 726 747 746)
4(394 415 748 727)
4(414 747 748 415)
4(726 727 748 747)
4(395 416 749 728)
4(415 748 749 416)
4(727 728 749 748)
4(396 417 750 729)
4(416 749 750 417)
4(728 729 750 749)
4(397 418 751 730)
4(417 750 751 418)
4(729 730 751 750)
4(398 419 752 731)
4(418 751 752 419)
4(730 731 752 751)
4(399 420 753 732)
4(419 752 753 420)
4(731 732 753 752)
4(400 421 754 733)
4(420 753 754 421)
4(732 733 754 753)
4(401 422 755 734)
4(421 754 755 422)
4(733 734 755 754)
4(402 423 756 735)
4(422 755 756 423)
4(734 735 756 755)
4(403 424 757 736)
4(423 756 757 424)
4(735 736 757 756)
4(404 425 758 737)
4(424 757 758 425)
4(736 737 758 757)
4(405 426 759 738)
4(425 758 759 426)
4(737 738 759 758)
4(406 427 760 739)
4(426 759 760 427)
4(738 739 760 759)
4(407 428 761 740)
4(427 760 761 428)
4(739 740 761 760)
4(408 429 762 741)
4(428 761 762 429)
4(740 741 762 761)
4(409 430 763 742)
4(429 762 763 430)
4(741 742 763 762)
4(410 431 764 743)
4(430 763 764 431)
4(742 743 764 763)
4(431 764 765 432)
4(743 744 765 764)
4(411 432 765 744)
4(413 434 767 746)
4(433 766 767 434)
4(745 746 767 766)
4(414 435 768 747)
4(434 767 768 435)
4(746 747 768 767)
4(415 436 769 748)
4(435 768 769 436)
4(747 748 769 768)
4(416 437 770 749)
4(436 769 770 437)
4(748 749 770 769)
4(417 438 771 750)
4(437 770 771 438)
4(749 750 771 770)
4(418 439 772 751)
4(438 771 772 439)
4(750 751 772 771)
4(419 440 773 752)
4(439 772 773 440)
4(751 752 773 772)
4(420 441 774 753)
4(440 773 774 441)
4(752 753 774 773)
4(421 442 775 754)
4(441 774 775 442)
4(753 754 775 774)
4(422 443 776 755)
4(442 775 776 443)
4(754 755 776 775)
4(423 444 777 756)
4(443 776 777 444)
4(755 756 777 776)
4(424 445 778 757)
4(444 777 778 445)
4(756 757 778 777)
4(425 446 779 758)
4(445 778 779 446)
4(757 758 779 778)
4(426 447 780 759)
4(446 779 780 447)
4(758 759 780 779)
4(427 448 781 760)
4(447 780 781 448)
4(759 760 781 780)
4(428 449 782 761)
4(448 781 782 449)
4(760 761 782 781)
4(429 450 783 762)
4(449 782 783 450)
4(761 762 783 782)
4(430 451 784 763)
4(450 783 784 451)
4(762 763 784 783)
4(431 452 785 764)
4(451 784 785 452)
4(763 764 785 784)
4(452 785 786 453)
4(764 765 786 785)
4(432 453 786 765)
4(434 455 788 767)
4(454 787 788 455)
4(766 767 788 787)
4(435 456 789 768)
4(455 788 789 456)
4(767 768 789 788)
4(436 457 790 769)
4(456 789 790 457)
4(768 769 790 789)
4(437 458 791 770)
4(457 790 791 458)
4(769 770 791 790)
4(438 459 792 771)
4(458 791 792 459)
4(770 771 792 791)
4(439 460 793 772)
4(459 792 793 460)
4(771 772 793 792)
4(440 461 794 773)
4(460 793 794 461)
4(772 773 794 793)
4(441 462 795 774)
4(461 794 795 462)
4(773 774 795 794)
4(442 463 796 775)
4(462 795 796 463)
4(774 775 796 795)
4(443 464 797 776)
4(463 796 797 464)
4(775 776 797 796)
4(444 465 798 777)
4(464 797 798 465)
4(776 777 798 797)
4(445 466 799 778)
4(465 798 799 466)
4(777 778 799 798)
4(446 467 800 779)
4(466 799 800 467)
4(778 779 800 799)
4(447 468 801 780)
4(467 800 801 468)
4(779 780 801 800)
4(448 469 802 781)
4(468 801 802 469)
4(780 781 802 801)
4(449 470 803 782)
4(469 802 803 470)
4(781 782 803 802)
4(450 471 804 783)
4(470 803 804 471)
4(782 783 804 803)
4(451 472 805 784)
4(471 804 805 472)
4(783 784 805 804)
4(452 473 806 785)
4(472 805 806 473)
4(784 785 806 805)
4(473 806 807 474)
4(785 786 807 806)
4(453 474 807 786)
4(455 476 809 788)
4(475 808 809 476)
4(787 788 809 808)
4(456 477 810 789)
4(476 809 810 477)
4(788 789 810 809)
4(457 478 811 790)
4(477 810 811 478)
4(789 790 811 810)
4(458 479 812 791)
4(478 811 812 479)
4(790 791 812 811)
4(459 480 813 792)
4(479 812 813 480)
4(791 792 813 812)
4(460 481 814 793)
4(480 813 814 481)
4(792 793 814 813)
4(461 482 815 794)
4(481 814 815 482)
4(793 794 815 814)
4(462 483 816 795)
4(482 815 816 483)
4(794 795 816 815)
4(463 484 817 796)
4(483 816 817 484)
4(795 796 817 816)
4(464 485 818 797)
4(484 817 818 485)
4(796 797 818 817)
4(465 486 819 798)
4(485 818 819 486)
4(797 798 819 818)
4(466 487 820 799)
4(486 819 820 487)
4(798 799 820 819)
4(467 488 821 800)
4(487 820 821 488)
4(799 800 821 820)
4(468 489 822 801)
4(488 821 822 489)
4(800 801 822 821)
4(469 490 823 802)
4(489 822 823 490)
4(801 802 823 822)
4(470 491 824 803)
4(490 823 824 491)
4(802 803 824 823)
4(471 492 825 804)
4(491 824 825 492)
4(803 804 825 824)
4(472 493 826 805)
4(492 825 826 493)
4(804 805 826 825)
4(473 494 827 806)
4(493 826 827 494)
4(805 806 827 826)
4(494 827 828 495)
4(806 807 828 827)
4(474 495 828 807)
4(476 497 830 809)
4(496 829 830 497)
4(808 809 830 829)
4(477 498 831 810)
4(497 830 831 498)
4(809 810 831 830)
4(478 499 832 811)
4(498 831 832 499)
4(810 811 832 831)
4(479 500 833 812)
4(499 832 833 500)
4(811 812 833 832)
4(480 501 834 813)
4(500 833 834 501)
4(812 813 834 833)
4(481 502 835 814)
4(501 834 835 502)
4(813 814 835 834)
4(482 503 836 815)
4(502 835 836 503)
4(814 815 836 835)
4(483 504 837 816)
4(503 836 837 504)
4(815 816 837 836)
4(484 505 838 817)
4(504 837 838 505)
4(816 817 838 837)
4(485 506 839 818)
4(505 838 839 506)
4(817 818 839 838)
4(486 507 840 819)
4(506 839 840 507)
4(818 819 840 839)
4(487 508 841 820)
4(507 840 841 508)
4(819 820 841 840)
4(488 509 842 821)
4(508 841 842 509)
4(820 821 842 841)
4(489 510 843 822)
4(509 842 843 510)
4(821 822 843 842)
4(490 511 844 823)
4(510 843 844 511)
4(822 823 844 843)
4(491 512 845 824)
4(511 844 845 512)
4(823 824 845 844)
4(492 513 846 825)
4(512 845 846 513)
4(824 825 846 845)
4(493 514 847 826)
4(513 846 847 514)
4(825 826 847 846)
4(494 515 848 827)
4(514 847 848 515)
4(826 827 848 847)
4(515 848 849 516)
4(827 828 849 848)
4(495 516 849 828)
4(497 518 851 830)
4(829 830 851 850)
4(498 519 852 831)
4(518 851 852 519)
4(830 831 852 851)
4(499 520 853 832)
4(519 852 853 520)
4(831 832 853 852)
4(500 521 854 833)
4(520 853 854 521)
4(832 833 854 853)
4(501 522 855 834)
4(521 854 855 522)
4(833 834 855 854)
4(502 523 856 835)
4(522 855 856 523)
4(834 835 856 855)
4(503 524 857 836)
4(523 856 857 524)
4(835 836 857 856)
4(504 525 858 837)
4(524 857 858 525)
4(836 837 858 857)
4(505 526 859 838)
4(525 858 859 526)
4(837 838 859 858)
4(506 527 860 839)
4(526 859 860 527)
4(838 839 860 859)
4(507 528 861 840)
4(527 860 861 528)
4(839 840 861 860)
4(508 529 862 841)
4(528 861 862 529)
4(840 841 862 861)
4(509 530 863 842)
4(529 862 863 530)
4(841 842 863 862)
4(510 531 864 843)
4(530 863 864 531)
4(842 843 864 863)
4(511 532 865 844)
4(531 864 865 532)
4(843 844 865 864)
4(512 533 866 845)
4(532 865 866 533)
4(844 845 866 865)
4(513 534 867 846)
4(533 866 867 534)
4(845 846 867 866)
4(514 535 868 847)
4(534 867 868 535)
4(846 847 868 867)
4(515 536 869 848)
4(535 868 869 536)
4(847 848 869 868)
4(536 869 870 537)
4(848 849 870 869)
4(516 537 870 849)
4(519 539 872 852)
4(538 871 872 539)
4(851 852 872 871)
4(520 540 873 853)
4(539 872 873 540)
4(852 853 873 872)
4(521 541 874 854)
4(540 873 874 541)
4(853 854 874 873)
4(522 542 875 855)
4(541 874 875 542)
4(854 855 875 874)
4(523 543 876 856)
4(542 875 876 543)
4(855 856 876 875)
4(524 544 877 857)
4(543 876 877 544)
4(856 857 877 876)
4(525 545 878 858)
4(544 877 878 545)
4(857 858 878 877)
4(526 546 879 859)
4(545 878 879 546)
4(858 859 879 878)
4(527 547 880 860)
4(546 879 880 547)
4(859 860 880 879)
4(528 548 881 861)
4(547 880 881 548)
4(860 861 881 880)
4(529 549 882 862)
4(548 881 882 549)
4(861 862 882 881)
4(530 550 883 863)
4(549 882 883 550)
4(862 863 883 882)
4(531 551 884 864)
4(550 883 884 551)
4(863 864 884 883)
4(532 552 885 865)
4(551 884 885 552)
4(864 865 885 884)
4(533 553 886 866)
4(552 885 886 553)
4(865 866 886 885)
4(534 554 887 867)
4(553 886 887 554)
4(866 867 887 886)
4(535 555 888 868)
4(554 887 888 555)
4(867 868 888 887)
4(536 556 889 869)
4(555 888 889 556)
4(868 869 889 888)
4(556 889 890 557)
4(869 870 890 889)
4(537 557 890 870)
4(539 559 892 872)
4(558 891 892 559)
4(871 872 892 891)
4(540 560 893 873)
4(559 892 893 560)
4(872 873 893 892)
4(541 561 894 874)
4(560 893 894 561)
4(873 874 894 893)
4(542 562 895 875)
4(561 894 895 562)
4(874 875 895 894)
4(543 563 896 876)
4(562 895 896 563)
4(875 876 896 895)
4(544 564 897 877)
4(563 896 897 564)
4(876 877 897 896)
4(545 565 898 878)
4(564 897 898 565)
4(877 878 898 897)
4(546 566 899 879)
4(565 898 899 566)
4(878 879 899 898)
4(547 567 900 880)
4(566 899 900 567)
4(879 880 900 899)
4(548 568 901 881)
4(567 900 901 568)
4(880 881 901 900)
4(549 569 902 882)
4(568 901 902 569)
4(881 882 902 901)
4(550 570 903 883)
4(569 902 903 570)
4(882 883 903 902)
4(551 571 904 884)
4(570 903 904 571)
4(883 884 904 903)
4(552 572 905 885)
4(571 904 905 572)
4(884 885 905 904)
4(553 573 906 886)
4(572 905 906 573)
4(885 886 906 905)
4(554 574 907 887)
4(573 906 907 574)
4(886 887 907 906)
4(555 575 908 888)
4(574 907 908 575)
4(887 888 908 907)
4(556 576 909 889)
4(575 908 909 576)
4(888 889 909 908)
4(576 909 910 577)
4(889 890 910 909)
4(557 577 910 890)
4(559 579 912 892)
4(578 911 912 579)
4(891 892 912 911)
4(560 580 913 893)
4(579 912 913 580)
4(892 893 913 912)
4(561 581 914 894)
4(580 913 914 581)
4(893 894 914 913)
4(562 582 915 895)
4(581 914 915 582)
4(894 895 915 914)
4(563 583 916 896)
4(582 915 916 583)
4(895 896 916 915)
4(564 584 917 897)
4(583 916 917 584)
4(896 897 917 916)
4(565 585 918 898)
4(584 917 918 585)
4(897 898 918 917)
4(566 586 919 899)
4(585 918 919 586)
4(898 899 919 918)
4(567 587 920 900)
4(586 919 920 587)
4(899 900 920 919)
4(568 588 921 901)
4(587 920 921 588)
4(900 901 921 920)
4(569 589 922 902)
4(588 921 922 589)
4(901 902 922 921)
4(570 590 923 903)
4(589 922 923 590)
4(902 903 923 922)
4(571 591 924 904)
4(590 923 924 591)
4(903 904 924 923)
4(572 592 925 905)
4(591 924 925 592)
4(904 905 925 924)
4(573 593 926 906)
4(592 925 926 593)
4(905 906 926 925)
4(574 594 927 907)
4(593 926 927 594)
4(906 907 927 926)
4(575 595 928 908)
4(594 927 928 595)
4(907 908 928 927)
4(576 596 929 909)
4(595 928 929 596)
4(908 909 929 928)
4(596 929 930 597)
4(909 910 930 929)
4(577 597 930 910)
4(579 599 932 912)
4(911 912 932 931)
4(580 600 933 913)
4(599 932 933 600)
4(912 913 933 932)
4(581 601 934 914)
4(600 933 934 601)
4(913 914 934 933)
4(582 602 935 915)
4(601 934 935 602)
4(914 915 935 934)
4(583 603 936 916)
4(602 935 936 603)
4(915 916 936 935)
4(584 604 937 917)
4(603 936 937 604)
4(916 917 937 936)
4(585 605 938 918)
4(604 937 938 605)
4(917 918 938 937)
4(586 606 939 919)
4(605 938 939 606)
4(918 919 939 938)
4(587 607 940 920)
4(606 939 940 607)
4(919 920 940 939)
4(588 608 941 921)
4(607 940 941 608)
4(920 921 941 940)
4(589 609 942 922)
4(608 941 942 609)
4(921 922 942 941)
4(590 610 943 923)
4(609 942 943 610)
4(922 923 943 942)
4(591 611 944 924)
4(610 943 944 611)
4(923 924 944 943)
4(592 612 945 925)
4(611 944 945 612)
4(924 925 945 944)
4(593 613 946 926)
4(612 945 946 613)
4(925 926 946 945)
4(594 614 947 927)
4(613 946 947 614)
4(926 927 947 946)
4(595 615 948 928)
4(614 947 948 615)
4(927 928 948 947)
4(596 616 949 929)
4(615 948 949 616)
4(928 929 949 948)
4(616 949 950 617)
4(929 930 950 949)
4(597 617 950 930)
4(600 619 952 933)
4(618 951 952 619)
4(932 933 952 951)
4(601 620 953 934)
4(619 952 953 620)
4(933 934 953 952)
4(602 621 954 935)
4(934 935 954 953)
4(603 622 955 936)
4(935 936 955 954)
4(604 623 956 937)
4(936 937 956 955)
4(605 624 957 938)
4(937 938 957 956)
4(606 625 958 939)
4(938 939 958 957)
4(607 626 959 940)
4(939 940 959 958)
4(608 627 960 941)
4(940 941 960 959)
4(609 628 961 942)
4(941 942 961 960)
4(610 629 962 943)
4(942 943 962 961)
4(611 630 963 944)
4(943 944 963 962)
4(612 631 964 945)
4(944 945 964 963)
4(613 632 965 946)
4(945 946 965 964)
4(614 633 966 947)
4(946 947 966 965)
4(615 634 967 948)
4(947 948 967 966)
4(616 635 968 949)
4(948 949 968 967)
4(949 950 969 968)
4(617 636 969 950)
4(619 638 971 952)
4(951 952 971 970)
4(952 953 972 971)
4(641 662 995 974)
4(661 994 995 662)
4(973 974 995 994)
4(642 663 996 975)
4(662 995 996 663)
4(974 975 996 995)
4(643 664 997 976)
4(663 996 997 664)
4(975 976 997 996)
4(644 665 998 977)
4(664 997 998 665)
4(976 977 998 997)
4(645 666 999 978)
4(665 998 999 666)
4(977 978 999 998)
4(646 667 1000 979)
4(666 999 1000 667)
4(978 979 1000 999)
4(647 668 1001 980)
4(667 1000 1001 668)
4(979 980 1001 1000)
4(648 669 1002 981)
4(668 1001 1002 669)
4(980 981 1002 1001)
4(649 670 1003 982)
4(669 1002 1003 670)
4(981 982 1003 1002)
4(650 671 1004 983)
4(670 1003 1004 671)
4(982 983 1004 1003)
4(651 672 1005 984)
4(671 1004 1005 672)
4(983 984 1005 1004)
4(652 673 1006 985)
4(672 1005 1006 673)
4(984 985 1006 1005)
4(653 674 1007 986)
4(673 1006 1007 674)
4(985 986 1007 1006)
4(654 675 1008 987)
4(674 1007 1008 675)
4(986 987 1008 1007)
4(655 676 1009 988)
4(675 1008 1009 676)
4(987 988 1009 1008)
4(656 677 1010 989)
4(676 1009 1010 677)
4(988 989 1010 1009)
4(657 678 1011 990)
4(677 1010 1011 678)
4(989 990 1011 1010)
4(658 679 1012 991)
4(678 1011 1012 679)
4(990 991 1012 1011)
4(659 680 1013 992)
4(679 1012 1013 680)
4(991 992 1013 1012)
4(680 1013 1014 681)
4(992 993 1014 1013)
4(660 681 1014 993)
4(662 683 1016 995)
4(682 1015 1016 683)
4(994 995 1016 1015)
4(663 684 1017 996)
4(683 1016 1017 684)
4(995 996 1017 1016)
4(664 685 1018 997)
4(684 1017 1018 685)
4(996 997 1018 1017)
4(665 686 1019 998)
4(685 1018 1019 686)
4(997 998 1019 1018)
4(666 687 1020 999)
4(686 1019 1020 687)
4(998 999 1020 1019)
4(667 688 1021 1000)
4(687 1020 1021 688)
4(999 1000 1021 1020)
4(668 689 1022 1001)
4(688 1021 1022 689)
4(1000 1001 1022 1021)
4(669 690 1023 1002)
4(689 1022 1023 690)
4(1001 1002 1023 1022)
4(670 691 1024 1003)
4(690 1023 1024 691)
4(1002 1003 1024 1023)
4(671 692 1025 1004)
4(691 1024 1025 692)
4(1003 1004 1025 1024)
4(672 693 1026 1005)
4(692 1025 1026 693)
4(1004 1005 1026 1025)
4(673 694 1027 1006)
4(693 1026 1027 694)
4(1005 1006 1027 1026)
4(674 695 1028 1007)
4(694 1027 1028 695)
4(1006 1007 1028 1027)
4(675 696 1029 1008)
4(695 1028 1029 696)
4(1007 1008 1029 1028)
4(676 697 1030 1009)
4(696 1029 1030 697)
4(1008 1009 1030 1029)
4(677 698 1031 1010)
4(697 1030 1031 698)
4(1009 1010 1031 1030)
4(678 699 1032 1011)
4(698 1031 1032 699)
4(1010 1011 1032 1031)
4(679 700 1033 1012)
4(699 1032 1033 700)
4(1011 1012 1033 1032)
4(680 701 1034 1013)
4(700 1033 1034 701)
4(1012 1013 1034 1033)
4(701 1034 1035 702)
4(1013 1014 1035 1034)
4(681 702 1035 1014)
4(683 704 1037 1016)
4(703 1036 1037 704)
4(1015 1016 1037 1036)
4(684 705 1038 1017)
4(704 1037 1038 705)
4(1016 1017 1038 1037)
4(685 706 1039 1018)
4(705 1038 1039 706)
4(1017 1018 1039 1038)
4(686 707 1040 1019)
4(706 1039 1040 707)
4(1018 1019 1040 1039)
4(687 708 1041 1020)
4(707 1040 1041 708)
4(1019 1020 1041 1040)
4(688 709 1042 1021)
4(708 1041 1042 709)
4(1020 1021 1042 1041)
4(689 710 1043 1022)
4(709 1042 1043 710)
4(1021 1022 1043 1042)
4(690 711 1044 1023)
4(710 1043 1044 711)
4(1022 1023 1044 1043)
4(691 712 1045 1024)
4(711 1044 1045 712)
4(1023 1024 1045 1044)
4(692 713 1046 1025)
4(712 1045 1046 713)
4(1024 1025 1046 1045)
4(693 714 1047 1026)
4(713 1046 1047 714)
4(1025 1026 1047 1046)
4(694 715 1048 1027)
4(714 1047 1048 715)
4(1026 1027 1048 1047)
4(695 716 1049 1028)
4(715 1048 1049 716)
4(1027 1028 1049 1048)
4(696 717 1050 1029)
4(716 1049 1050 717)
4(1028 1029 1050 1049)
4(697 718 1051 1030)
4(717 1050 1051 718)
4(1029 1030 1051 1050)
4(698 719 1052 1031)
4(718 1051 1052 719)
4(1030 1031 1052 1051)
4(699 720 1053 1032)
4(719 1052 1053 720)
4(1031 1032 1053 1052)
4(700 721 1054 1033)
4(720 1053 1054 721)
4(1032 1033 1054 1053)
4(701 722 1055 1034)
4(721 1054 1055 722)
4(1033 1034 1055 1054)
4(722 1055 1056 723)
4(1034 1035 1056 1055)
4(702 723 1056 1035)
4(704 725 1058 1037)
4(724 1057 1058 725)
4(1036 1037 1058 1057)
4(705 726 1059 1038)
4(725 1058 1059 726)
4(1037 1038 1059 1058)
4(706 727 1060 1039)
4(726 1059 1060 727)
4(1038 1039 1060 1059)
4(707 728 1061 1040)
4(727 1060 1061 728)
4(1039 1040 1061 1060)
4(708 729 1062 1041)
4(728 1061 1062 729)
4(1040 1041 1062 1061)
4(709 730 1063 1042)
4(729 1062 1063 730)
4(1041 1042 1063 1062)
4(710 731 1064 1043)
4(730 1063 1064 731)
4(1042 1043 1064 1063)
4(711 732 1065 1044)
4(731 1064 1065 732)
4(1043 1044 1065 1064)
4(712 733 1066 1045)
4(732 1065 1066 733)
4(1044 1045 1066 1065)
4(713 734 1067 1046)
4(733 1066 1067 734)
4(1045 1046 1067 1066)
4(714 735 1068 1047)
4(734 1067 1068 735)
4(1046 1047 1068 1067)
4(715 736 1069 1048)
4(735 1068 1069 736)
4(1047 1048 1069 1068)
4(716 737 1070 1049)
4(736 1069 1070 737)
4(1048 1049 1070 1069)
4(717 738 1071 1050)
4(737 1070 1071 738)
4(1049 1050 1071 1070)
4(718 739 1072 1051)
4(738 1071 1072 739)
4(1050 1051 1072 1071)
4(719 740 1073 1052)
4(739 1072 1073 740)
4(1051 1052 1073 1072)
4(720 741 1074 1053)
4(740 1073 1074 741)
4(1052 1053 1074 1073)
4(721 742 1075 1054)
4(741 1074 1075 742)
4(1053 1054 1075 1074)
4(722 743 1076 1055)
4(742 1075 1076 743)
4(1054 1055 1076 1075)
4(743 1076 1077 744)
4(1055 1056 1077 1076)
4(723 744 1077 1056)
4(725 746 1079 1058)
4(745 1078 1079 746)
4(1057 1058 1079 1078)
4(726 747 1080 1059)
4(746 1079 1080 747)
4(1058 1059 1080 1079)
4(727 748 1081 1060)
4(747 1080 1081 748)
4(1059 1060 1081 1080)
4(728 749 1082 1061)
4(748 1081 1082 749)
4(1060 1061 1082 1081)
4(729 750 1083 1062)
4(749 1082 1083 750)
4(1061 1062 1083 1082)
4(730 751 1084 1063)
4(750 1083 1084 751)
4(1062 1063 1084 1083)
4(731 752 1085 1064)
4(751 1084 1085 752)
4(1063 1064 1085 1084)
4(732 753 1086 1065)
4(752 1085 1086 753)
4(1064 1065 1086 1085)
4(733 754 1087 1066)
4(753 1086 1087 754)
4(1065 1066 1087 1086)
4(734 755 1088 1067)
4(754 1087 1088 755)
4(1066 1067 1088 1087)
4(735 756 1089 1068)
4(755 1088 1089 756)
4(1067 1068 1089 1088)
4(736 757 1090 1069)
4(756 1089 1090 757)
4(1068 1069 1090 1089)
4(737 758 1091 1070)
4(757 1090 1091 758)
4(1069 1070 1091 1090)
4(738 759 1092 1071)
4(758 1091 1092 759)
4(1070 1071 1092 1091)
4(739 760 1093 1072)
4(759 1092 1093 760)
4(1071 1072 1093 1092)
4(740 761 1094 1073)
4(760 1093 1094 761)
4(1072 1073 1094 1093)
4(741 762 1095 1074)
4(761 1094 1095 762)
4(1073 1074 1095 1094)
4(742 763 1096 1075)
4(762 1095 1096 763)
4(1074 1075 1096 1095)
4(743 764 1097 1076)
4(763 1096 1097 764)
4(1075 1076 1097 1096)
4(764 1097 1098 765)
4(1076 1077 1098 1097)
4(744 765 1098 1077)
4(746 767 1100 1079)
4(766 1099 1100 767)
4(1078 1079 1100 1099)
4(747 768 1101 1080)
4(767 1100 1101 768)
4(1079 1080 1101 1100)
4(748 769 1102 1081)
4(768 1101 1102 769)
4(1080 1081 1102 1101)
4(749 770 1103 1082)
4(769 1102 1103 770)
4(1081 1082 1103 1102)
4(750 771 1104 1083)
4(770 1103 1104 771)
4(1082 1083 1104 1103)
4(751 772 1105 1084)
4(771 1104 1105 772)
4(1083 1084 1105 1104)
4(752 773 1106 1085)
4(772 1105 1106 773)
4(1084 1085 1106 1105)
4(753 774 1107 1086)
4(773 1106 1107 774)
4(1085 1086 1107 1106)
4(754 775 1108 1087)
4(774 1107 1108 775)
4(1086 1087 1108 1107)
4(755 776 1109 1088)
4(775 1108 1109 776)
4(1087 1088 1109 1108)
4(756 777 1110 1089)
4(776 1109 1110 777)
4(1088 1089 1110 1109)
4(757 778 1111 1090)
4(777 1110 1111 778)
4(1089 1090 1111 1110)
4(758 779 1112 1091)
4(778 1111 1112 779)
4(1090 1091 1112 1111)
4(759 780 1113 1092)
4(779 1112 1113 780)
4(1091 1092 1113 1112)
4(760 781 1114 1093)
4(780 1113 1114 781)
4(1092 1093 1114 1113)
4(761 782 1115 1094)
4(781 1114 1115 782)
4(1093 1094 1115 1114)
4(762 783 1116 1095)
4(782 1115 1116 783)
4(1094 1095 1116 1115)
4(763 784 1117 1096)
4(783 1116 1117 784)
4(1095 1096 1117 1116)
4(764 785 1118 1097)
4(784 1117 1118 785)
4(1096 1097 1118 1117)
4(785 1118 1119 786)
4(1097 1098 1119 1118)
4(765 786 1119 1098)
4(767 788 1121 1100)
4(787 1120 1121 788)
4(1099 1100 1121 1120)
4(768 789 1122 1101)
4(788 1121 1122 789)
4(1100 1101 1122 1121)
4(769 790 1123 1102)
4(789 1122 1123 790)
4(1101 1102 1123 1122)
4(770 791 1124 1103)
4(790 1123 1124 791)
4(1102 1103 1124 1123)
4(771 792 1125 1104)
4(791 1124 1125 792)
4(1103 1104 1125 1124)
4(772 793 1126 1105)
4(792 1125 1126 793)
4(1104 1105 1126 1125)
4(773 794 1127 1106)
4(793 1126 1127 794)
4(1105 1106 1127 1126)
4(774 795 1128 1107)
4(794 1127 1128 795)
4(1106 1107 1128 1127)
4(775 796 1129 1108)
4(795 1128 1129 796)
4(1107 1108 1129 1128)
4(776 797 1130 1109)
4(796 1129 1130 797)
4(1108 1109 1130 1129)
4(777 798 1131 1110)
4(797 1130 1131 798)
4(1109 1110 1131 1130)
4(778 799 1132 1111)
4(798 1131 1132 799)
4(1110 1111 1132 1131)
4(779 800 1133 1112)
4(799 1132 1133 800)
4(1111 1112 1133 1132)
4(780 801 1134 1113)
4(800 1133 1134 801)
4(1112 1113 1134 1133)
4(781 802 1135 1114)
4(801 1134 1135 802)
4(1113 1114 1135 1134)
4(782 803 1136 1115)
4(802 1135 1136 803)
4(1114 1115 1136 1135)
4(783 804 1137 1116)
4(803 1136 1137 804)
4(1115 1116 1137 1136)
4(784 805 1138 1117)
4(804 1137 1138 805)
4(1116 1117 1138 1137)
4(785 806 1139 1118)
4(805 1138 1139 806)
4(1117 1118 1139 1138)
4(806 1139 1140 807)
4(1118 1119 1140 1139)
4(786 807 1140 1119)
4(788 809 1142 1121)
4(808 1141 1142 809)
4(1120 1121 1142 1141)
4(789 810 1143 1122)
4(809 1142 1143 810)
4(1121 1122 1143 1142)
4(790 811 1144 1123)
4(810 1143 1144 811)
4(1122 1123 1144 1143)
4(791 812 1145 1124)
4(811 1144 1145 812)
4(1123 1124 1145 1144)
4(792 813 1146 1125)
4(812 1145 1146 813)
4(1124 1125 1146 1145)
4(793 814 1147 1126)
4(813 1146 1147 814)
4(1125 1126 1147 1146)
4(794 815 1148 1127)
4(814 1147 1148 815)
4(1126 1127 1148 1147)
4(795 816 1149 1128)
4(815 1148 1149 816)
4(1127 1128 1149 1148)
4(796 817 1150 1129)
4(816 1149 1150 817)
4(1128 1129 1150 1149)
4(797 818 1151 1130)
4(817 1150 1151 818)
4(1129 1130 1151 1150)
4(798 819 1152 1131)
4(818 1151 1152 819)
4(1130 1131 1152 1151)
4(799 820 1153 1132)
4(819 1152 1153 820)
4(1131 1132 1153 1152)
4(800 821 1154 1133)
4(820 1153 1154 821)
4(1132 1133 1154 1153)
4(801 822 1155 1134)
4(821 1154 1155 822)
4(1133 1134 1155 1154)
4(802 823 1156 1135)
4(822 1155 1156 823)
4(1134 1135 1156 1155)
4(803 824 1157 1136)
4(823 1156 1157 824)
4(1135 1136 1157 1156)
4(804 825 1158 1137)
4(824 1157 1158 825)
4(1136 1137 1158 1157)
4(805 826 1159 1138)
4(825 1158 1159 826)
4(1137 1138 1159 1158)
4(806 827 1160 1139)
4(826 1159 1160 827)
4(1138 1139 1160 1159)
4(827 1160 1161 828)
4(1139 1140 1161 1160)
4(807 828 1161 1140)
4(809 830 1163 1142)
4(829 1162 1163 830)
4(1141 1142 1163 1162)
4(810 831 1164 1143)
4(830 1163 1164 831)
4(1142 1143 1164 1163)
4(811 832 1165 1144)
4(831 1164 1165 832)
4(1143 1144 1165 1164)
4(812 833 1166 1145)
4(832 1165 1166 833)
4(1144 1145 1166 1165)
4(813 834 1167 1146)
4(833 1166 1167 834)
4(1145 1146 1167 1166)
4(814 835 1168 1147)
4(834 1167 1168 835)
4(1146 1147 1168 1167)
4(815 836 1169 1148)
4(835 1168 1169 836)
4(1147 1148 1169 1168)
4(816 837 1170 1149)
4(836 1169 1170 837)
4(1148 1149 1170 1169)
4(817 838 1171 1150)
4(837 1170 1171 838)
4(1149 1150 1171 1170)
4(818 839 1172 1151)
4(838 1171 1172 839)
4(1150 1151 1172 1171)
4(819 840 1173 1152)
4(839 1172 1173 840)
4(1151 1152 1173 1172)
4(820 841 1174 1153)
4(840 1173 1174 841)
4(1152 1153 1174 1173)
4(821 842 1175 1154)
4(841 1174 1175 842)
4(1153 1154 1175 1174)
4(822 843 1176 1155)
4(842 1175 1176 843)
4(1154 1155 1176 1175)
4(823 844 1177 1156)
4(843 1176 1177 844)
4(1155 1156 1177 1176)
4(824 845 1178 1157)
4(844 1177 1178 845)
4(1156 1157 1178 1177)
4(825 846 1179 1158)
4(845 1178 1179 846)
4(1157 1158 1179 1178)
4(826 847 1180 1159)
4(846 1179 1180 847)
4(1158 1159 1180 1179)
4(827 848 1181 1160)
4(847 1180 1181 848)
4(1159 1160 1181 1180)
4(848 1181 1182 849)
4(1160 1161 1182 1181)
4(828 849 1182 1161)
4(830 851 1184 1163)
4(1162 1163 1184 1183)
4(831 852 1185 1164)
4(851 1184 1185 852)
4(1163 1164 1185 1184)
4(832 853 1186 1165)
4(852 1185 1186 853)
4(1164 1165 1186 1185)
4(833 854 1187 1166)
4(853 1186 1187 854)
4(1165 1166 1187 1186)
4(834 855 1188 1167)
4(854 1187 1188 855)
4(1166 1167 1188 1187)
4(835 856 1189 1168)
4(855 1188 1189 856)
4(1167 1168 1189 1188)
4(836 857 1190 1169)
4(856 1189 1190 857)
4(1168 1169 1190 1189)
4(837 858 1191 1170)
4(857 1190 1191 858)
4(1169 1170 1191 1190)
4(838 859 1192 1171)
4(858 1191 1192 859)
4(1170 1171 1192 1191)
4(839 860 1193 1172)
4(859 1192 1193 860)
4(1171 1172 1193 1192)
4(840 861 1194 1173)
4(860 1193 1194 861)
4(1172 1173 1194 1193)
4(841 862 1195 1174)
4(861 1194 1195 862)
4(1173 1174 1195 1194)
4(842 863 1196 1175)
4(862 1195 1196 863)
4(1174 1175 1196 1195)
4(843 864 1197 1176)
4(863 1196 1197 864)
4(1175 1176 1197 1196)
4(844 865 1198 1177)
4(864 1197 1198 865)
4(1176 1177 1198 1197)
4(845 866 1199 1178)
4(865 1198 1199 866)
4(1177 1178 1199 1198)
4(846 867 1200 1179)
4(866 1199 1200 867)
4(1178 1179 1200 1199)
4(847 868 1201 1180)
4(867 1200 1201 868)
4(1179 1180 1201 1200)
4(848 869 1202 1181)
4(868 1201 1202 869)
4(1180 1181 1202 1201)
4(869 1202 1203 870)
4(1181 1182 1203 1202)
4(849 870 1203 1182)
4(852 872 1205 1185)
4(871 1204 1205 872)
4(1184 1185 1205 1204)
4(853 873 1206 1186)
4(872 1205 1206 873)
4(1185 1186 1206 1205)
4(854 874 1207 1187)
4(873 1206 1207 874)
4(1186 1187 1207 1206)
4(855 875 1208 1188)
4(874 1207 1208 875)
4(1187 1188 1208 1207)
4(856 876 1209 1189)
4(875 1208 1209 876)
4(1188 1189 1209 1208)
4(857 877 1210 1190)
4(876 1209 1210 877)
4(1189 1190 1210 1209)
4(858 878 1211 1191)
4(877 1210 1211 878)
4(1190 1191 1211 1210)
4(859 879 1212 1192)
4(878 1211 1212 879)
4(1191 1192 1212 1211)
4(860 880 1213 1193)
4(879 1212 1213 880)
4(1192 1193 1213 1212)
4(861 881 1214 1194)
4(880 1213 1214 881)
4(1193 1194 1214 1213)
4(862 882 1215 1195)
4(881 1214 1215 882)
4(1194 1195 1215 1214)
4(863 883 1216 1196)
4(882 1215 1216 883)
4(1195 1196 1216 1215)
4(864 884 1217 1197)
4(883 1216 1217 884)
4(1196 1197 1217 1216)
4(865 885 1218 1198)
4(884 1217 1218 885)
4(1197 1198 1218 1217)
4(866 886 1219 1199)
4(885 1218 1219 886)
4(1198 1199 1219 1218)
4(867 887 1220 1200)
4(886 1219 1220 887)
4(1199 1200 1220 1219)
4(868 888 1221 1201)
4(887 1220 1221 888)
4(1200 1201 1221 1220)
4(869 889 1222 1202)
4(888 1221 1222 889)
4(1201 1202 1222 1221)
4(889 1222 1223 890)
4(1202 1203 1223 1222)
4(870 890 1223 1203)
4(872 892 1225 1205)
4(891 1224 1225 892)
4(1204 1205 1225 1224)
4(873 893 1226 1206)
4(892 1225 1226 893)
4(1205 1206 1226 1225)
4(874 894 1227 1207)
4(893 1226 1227 894)
4(1206 1207 1227 1226)
4(875 895 1228 1208)
4(894 1227 1228 895)
4(1207 1208 1228 1227)
4(876 896 1229 1209)
4(895 1228 1229 896)
4(1208 1209 1229 1228)
4(877 897 1230 1210)
4(896 1229 1230 897)
4(1209 1210 1230 1229)
4(878 898 1231 1211)
4(897 1230 1231 898)
4(1210 1211 1231 1230)
4(879 899 1232 1212)
4(898 1231 1232 899)
4(1211 1212 1232 1231)
4(880 900 1233 1213)
4(899 1232 1233 900)
4(1212 1213 1233 1232)
4(881 901 1234 1214)
4(900 1233 1234 901)
4(1213 1214 1234 1233)
4(882 902 1235 1215)
4(901 1234 1235 902)
4(1214 1215 1235 1234)
4(883 903 1236 1216)
4(902 1235 1236 903)
4(1215 1216 1236 1235)
4(884 904 1237 1217)
4(903 1236 1237 904)
4(1216 1217 1237 1236)
4(885 905 1238 1218)
4(904 1237 1238 905)
4(1217 1218 1238 1237)
4(886 906 1239 1219)
4(905 1238 1239 906)
4(1218 1219 1239 1238)
4(887 907 1240 1220)
4(906 1239 1240 907)
4(1219 1220 1240 1239)
4(888 908 1241 1221)
4(907 1240 1241 908)
4(1220 1221 1241 1240)
4(889 909 1242 1222)
4(908 1241 1242 909)
4(1221 1222 1242 1241)
4(909 1242 1243 910)
4(1222 1223 1243 1242)
4(890 910 1243 1223)
4(892 912 1245 1225)
4(911 1244 1245 912)
4(1224 1225 1245 1244)
4(893 913 1246 1226)
4(912 1245 1246 913)
4(1225 1226 1246 1245)
4(894 914 1247 1227)
4(913 1246 1247 914)
4(1226 1227 1247 1246)
4(895 915 1248 1228)
4(914 1247 1248 915)
4(1227 1228 1248 1247)
4(896 916 1249 1229)
4(915 1248 1249 916)
4(1228 1229 1249 1248)
4(897 917 1250 1230)
4(916 1249 1250 917)
4(1229 1230 1250 1249)
4(898 918 1251 1231)
4(917 1250 1251 918)
4(1230 1231 1251 1250)
4(899 919 1252 1232)
4(918 1251 1252 919)
4(1231 1232 1252 1251)
4(900 920 1253 1233)
4(919 1252 1253 920)
4(1232 1233 1253 1252)
4(901 921 1254 1234)
4(920 1253 1254 921)
4(1233 1234 1254 1253)
4(902 922 1255 1235)
4(921 1254 1255 922)
4(1234 1235 1255 1254)
4(903 923 1256 1236)
4(922 1255 1256 923)
4(1235 1236 1256 1255)
4(904 924 1257 1237)
4(923 1256 1257 924)
4(1236 1237 1257 1256)
4(905 925 1258 1238)
4(924 1257 1258 925)
4(1237 1238 1258 1257)
4(906 926 1259 1239)
4(925 1258 1259 926)
4(1238 1239 1259 1258)
4(907 927 1260 1240)
4(926 1259 1260 927)
4(1239 1240 1260 1259)
4(908 928 1261 1241)
4(927 1260 1261 928)
4(1240 1241 1261 1260)
4(909 929 1262 1242)
4(928 1261 1262 929)
4(1241 1242 1262 1261)
4(929 1262 1263 930)
4(1242 1243 1263 1262)
4(910 930 1263 1243)
4(912 932 1265 1245)
4(1244 1245 1265 1264)
4(913 933 1266 1246)
4(932 1265 1266 933)
4(1245 1246 1266 1265)
4(914 934 1267 1247)
4(933 1266 1267 934)
4(1246 1247 1267 1266)
4(915 935 1268 1248)
4(934 1267 1268 935)
4(1247 1248 1268 1267)
4(916 936 1269 1249)
4(935 1268 1269 936)
4(1248 1249 1269 1268)
4(917 937 1270 1250)
4(936 1269 1270 937)
4(1249 1250 1270 1269)
4(918 938 1271 1251)
4(937 1270 1271 938)
4(1250 1251 1271 1270)
4(919 939 1272 1252)
4(938 1271 1272 939)
4(1251 1252 1272 1271)
4(920 940 1273 1253)
4(939 1272 1273 940)
4(1252 1253 1273 1272)
4(921 941 1274 1254)
4(940 1273 1274 941)
4(1253 1254 1274 1273)
4(922 942 1275 1255)
4(941 1274 1275 942)
4(1254 1255 1275 1274)
4(923 943 1276 1256)
4(942 1275 1276 943)
4(1255 1256 1276 1275)
4(924 944 1277 1257)
4(943 1276 1277 944)
4(1256 1257 1277 1276)
4(925 945 1278 1258)
4(944 1277 1278 945)
4(1257 1258 1278 1277)
4(926 946 1279 1259)
4(945 1278 1279 946)
4(1258 1259 1279 1278)
4(927 947 1280 1260)
4(946 1279 1280 947)
4(1259 1260 1280 1279)
4(928 948 1281 1261)
4(947 1280 1281 948)
4(1260 1261 1281 1280)
4(929 949 1282 1262)
4(948 1281 1282 949)
4(1261 1262 1282 1281)
4(949 1282 1283 950)
4(1262 1263 1283 1282)
4(930 950 1283 1263)
4(933 952 1285 1266)
4(951 1284 1285 952)
4(1265 1266 1285 1284)
4(934 953 1286 1267)
4(952 1285 1286 953)
4(1266 1267 1286 1285)
4(935 954 1287 1268)
4(1267 1268 1287 1286)
4(936 955 1288 1269)
4(1268 1269 1288 1287)
4(937 956 1289 1270)
4(1269 1270 1289 1288)
4(938 957 1290 1271)
4(1270 1271 1290 1289)
4(939 958 1291 1272)
4(1271 1272 1291 1290)
4(940 959 1292 1273)
4(1272 1273 1292 1291)
4(941 960 1293 1274)
4(1273 1274 1293 1292)
4(942 961 1294 1275)
4(1274 1275 1294 1293)
4(943 962 1295 1276)
4(1275 1276 1295 1294)
4(944 963 1296 1277)
4(1276 1277 1296 1295)
4(945 964 1297 1278)
4(1277 1278 1297 1296)
4(946 965 1298 1279)
4(1278 1279 1298 1297)
4(947 966 1299 1280)
4(1279 1280 1299 1298)
4(948 967 1300 1281)
4(1280 1281 1300 1299)
4(949 968 1301 1282)
4(1281 1282 1301 1300)
4(1282 1283 1302 1301)
4(950 969 1302 1283)
4(952 971 1304 1285)
4(1284 1285 1304 1303)
4(1285 1286 1305 1304)
4(974 995 1328 1307)
4(994 1327 1328 995)
4(1306 1307 1328 1327)
4(975 996 1329 1308)
4(995 1328 1329 996)
4(1307 1308 1329 1328)
4(976 997 1330 1309)
4(996 1329 1330 997)
4(1308 1309 1330 1329)
4(977 998 1331 1310)
4(997 1330 1331 998)
4(1309 1310 1331 1330)
4(978 999 1332 1311)
4(998 1331 1332 999)
4(1310 1311 1332 1331)
4(979 1000 1333 1312)
4(999 1332 1333 1000)
4(1311 1312 1333 1332)
4(980 1001 1334 1313)
4(1000 1333 1334 1001)
4(1312 1313 1334 1333)
4(981 1002 1335 1314)
4(1001 1334 1335 1002)
4(1313 1314 1335 1334)
4(982 1003 1336 1315)
4(1002 1335 1336 1003)
4(1314 1315 1336 1335)
4(983 1004 1337 1316)
4(1003 1336 1337 1004)
4(1315 1316 1337 1336)
4(984 1005 1338 1317)
4(1004 1337 1338 1005)
4(1316 1317 1338 1337)
4(985 1006 1339 1318)
4(1005 1338 1339 1006)
4(1317 1318 1339 1338)
4(986 1007 1340 1319)
4(1006 1339 1340 1007)
4(1318 1319 1340 1339)
4(987 1008 1341 1320)
4(1007 1340 1341 1008)
4(1319 1320 1341 1340)
4(988 1009 1342 1321)
4(1008 1341 1342 1009)
4(1320 1321 1342 1341)
4(989 1010 1343 1322)
4(1009 1342 1343 1010)
4(1321 1322 1343 1342)
4(990 1011 1344 1323)
4(1010 1343 1344 1011)
4(1322 1323 1344 1343)
4(991 1012 1345 1324)
4(1011 1344 1345 1012)
4(1323 1324 1345 1344)
4(992 1013 1346 1325)
4(1012 1345 1346 1013)
4(1324 1325 1346 1345)
4(1013 1346 1347 1014)
4(1325 1326 1347 1346)
4(993 1014 1347 1326)
4(995 1016 1349 1328)
4(1015 1348 1349 1016)
4(1327 1328 1349 1348)
4(996 1017 1350 1329)
4(1016 1349 1350 1017)
4(1328 1329 1350 1349)
4(997 1018 1351 1330)
4(1017 1350 1351 1018)
4(1329 1330 1351 1350)
4(998 1019 1352 1331)
4(1018 1351 1352 1019)
4(1330 1331 1352 1351)
4(999 1020 1353 1332)
4(1019 1352 1353 1020)
4(1331 1332 1353 1352)
4(1000 1021 1354 1333)
4(1020 1353 1354 1021)
4(1332 1333 1354 1353)
4(1001 1022 1355 1334)
4(1021 1354 1355 1022)
4(1333 1334 1355 1354)
4(1002 1023 1356 1335)
4(1022 1355 1356 1023)
4(1334 1335 1356 1355)
4(1003 1024 1357 1336)
4(1023 1356 1357 1024)
4(1335 1336 1357 1356)
4(1004 1025 1358 1337)
4(1024 1357 1358 1025)
4(1336 1337 1358 1357)
4(1005 1026 1359 1338)
4(1025 1358 1359 1026)
4(1337 1338 1359 1358)
4(1006 1027 1360 1339)
4(1026 1359 1360 1027)
4(1338 1339 1360 1359)
4(1007 1028 1361 1340)
4(1027 1360 1361 1028)
4(1339 1340 1361 1360)
4(1008 1029 1362 1341)
4(1028 1361 1362 1029)
4(1340 1341 1362 1361)
4(1009 1030 1363 1342)
4(1029 1362 1363 1030)
4(1341 1342 1363 1362)
4(1010 1031 1364 1343)
4(1030 1363 1364 1031)
4(1342 1343 1364 1363)
4(1011 1032 1365 1344)
4(1031 1364 1365 1032)
4(1343 1344 1365 1364)
4(1012 1033 1366 1345)
4(1032 1365 1366 1033)
4(1344 1345 1366 1365)
4(1013 1034 1367 1346)
4(1033 1366 1367 1034)
4(1345 1346 1367 1366)
4(1034 1367 1368 1035)
4(1346 1347 1368 1367)
4(1014 1035 1368 1347)
4(1016 1037 1370 1349)
4(1036 1369 1370 1037)
4(1348 1349 1370 1369)
4(1017 1038 1371 1350)
4(1037 1370 1371 1038)
4(1349 1350 1371 1370)
4(1018 1039 1372 1351)
4(1038 1371 1372 1039)
4(1350 1351 1372 1371)
4(1019 1040 1373 1352)
4(1039 1372 1373 1040)
4(1351 1352 1373 1372)
4(1020 1041 1374 1353)
4(1040 1373 1374 1041)
4(1352 1353 1374 1373)
4(1021 1042 1375 1354)
4(1041 1374 1375 1042)
4(1353 1354 1375 1374)
4(1022 1043 1376 1355)
4(1042 1375 1376 1043)
4(1354 1355 1376 1375)
4(1023 1044 1377 1356)
4(1043 1376 1377 1044)
4(1355 1356 1377 1376)
4(1024 1045 1378 1357)
4(1044 1377 1378 1045)
4(1356 1357 1378 1377)
4(1025 1046 1379 1358)
4(1045 1378 1379 1046)
4(1357 1358 1379 1378)
4(1026 1047 1380 1359)
4(1046 1379 1380 1047)
4(1358 1359 1380 1379)
4(1027 1048 1381 1360)
4(1047 1380 1381 1048)
4(1359 1360 1381 1380)
4(1028 1049 1382 1361)
4(1048 1381 1382 1049)
4(1360 1361 1382 1381)
4(1029 1050 1383 1362)
4(1049 1382 1383 1050)
4(1361 1362 1383 1382)
4(1030 1051 1384 1363)
4(1050 1383 1384 1051)
4(1362 1363 1384 1383)
4(1031 1052 1385 1364)
4(1051 1384 1385 1052)
4(1363 1364 1385 1384)
4(1032 1053 1386 1365)
4(1052 1385 1386 1053)
4(1364 1365 1386 1385)
4(1033 1054 1387 1366)
4(1053 1386 1387 1054)
4(1365 1366 1387 1386)
4(1034 1055 1388 1367)
4(1054 1387 1388 1055)
4(1366 1367 1388 1387)
4(1055 1388 1389 1056)
4(1367 1368 1389 1388)
4(1035 1056 1389 1368)
4(1037 1058 1391 1370)
4(1057 1390 1391 1058)
4(1369 1370 1391 1390)
4(1038 1059 1392 1371)
4(1058 1391 1392 1059)
4(1370 1371 1392 1391)
4(1039 1060 1393 1372)
4(1059 1392 1393 1060)
4(1371 1372 1393 1392)
4(1040 1061 1394 1373)
4(1060 1393 1394 1061)
4(1372 1373 1394 1393)
4(1041 1062 1395 1374)
4(1061 1394 1395 1062)
4(1373 1374 1395 1394)
4(1042 1063 1396 1375)
4(1062 1395 1396 1063)
4(1374 1375 1396 1395)
4(1043 1064 1397 1376)
4(1063 1396 1397 1064)
4(1375 1376 1397 1396)
4(1044 1065 1398 1377)
4(1064 1397 1398 1065)
4(1376 1377 1398 1397)
4(1045 1066 1399 1378)
4(1065 1398 1399 1066)
4(1377 1378 1399 1398)
4(1046 1067 1400 1379)
4(1066 1399 1400 1067)
4(1378 1379 1400 1399)
4(1047 1068 1401 1380)
4(1067 1400 1401 1068)
4(1379 1380 1401 1400)
4(1048 1069 1402 1381)
4(1068 1401 1402 1069)
4(1380 1381 1402 1401)
4(1049 1070 1403 1382)
4(1069 1402 1403 1070)
4(1381 1382 1403 1402)
4(1050 1071 1404 1383)
4(1070 1403 1404 1071)
4(1382 1383 1404 1403)
4(1051 1072 1405 1384)
4(1071 1404 1405 1072)
4(1383 1384 1405 1404)
4(1052 1073 1406 1385)
4(1072 1405 1406 1073)
4(1384 1385 1406 1405)
4(1053 1074 1407 1386)
4(1073 1406 1407 1074)
4(1385 1386 1407 1406)
4(1054 1075 1408 1387)
4(1074 1407 1408 1075)
4(1386 1387 1408 1407)
4(1055 1076 1409 1388)
4(1075 1408 1409 1076)
4(1387 1388 1409 1408)
4(1076 1409 1410 1077)
4(1388 1389 1410 1409)
4(1056 1077 1410 1389)
4(1058 1079 1412 1391)
4(1078 1411 1412 1079)
4(1390 1391 1412 1411)
4(1059 1080 1413 1392)
4(1079 1412 1413 1080)
4(1391 1392 1413 1412)
4(1060 1081 1414 1393)
4(1080 1413 1414 1081)
4(1392 1393 1414 1413)
4(1061 1082 1415 1394)
4(1081 1414 1415 1082)
4(1393 1394 1415 1414)
4(1062 1083 1416 1395)
4(1082 1415 1416 1083)
4(1394 1395 1416 1415)
4(1063 1084 1417 1396)
4(1083 1416 1417 1084)
4(1395 1396 1417 1416)
4(1064 1085 1418 1397)
4(1084 1417 1418 1085)
4(1396 1397 1418 1417)
4(1065 1086 1419 1398)
4(1085 1418 1419 1086)
4(1397 1398 1419 1418)
4(1066 1087 1420 1399)
4(1086 1419 1420 1087)
4(1398 1399 1420 1419)
4(1067 1088 1421 1400)
4(1087 1420 1421 1088)
4(1399 1400 1421 1420)
4(1068 1089 1422 1401)
4(1088 1421 1422 1089)
4(1400 1401 1422 1421)
4(1069 1090 1423 1402)
4(1089 1422 1423 1090)
4(1401 1402 1423 1422)
4(1070 1091 1424 1403)
4(1090 1423 1424 1091)
4(1402 1403 1424 1423)
4(1071 1092 1425 1404)
4(1091 1424 1425 1092)
4(1403 1404 1425 1424)
4(1072 1093 1426 1405)
4(1092 1425 1426 1093)
4(1404 1405 1426 1425)
4(1073 1094 1427 1406)
4(1093 1426 1427 1094)
4(1405 1406 1427 1426)
4(1074 1095 1428 1407)
4(1094 1427 1428 1095)
4(1406 1407 1428 1427)
4(1075 1096 1429 1408)
4(1095 1428 1429 1096)
4(1407 1408 1429 1428)
4(1076 1097 1430 1409)
4(1096 1429 1430 1097)
4(1408 1409 1430 1429)
4(1097 1430 1431 1098)
4(1409 1410 1431 1430)
4(1077 1098 1431 1410)
4(1079 1100 1433 1412)
4(1099 1432 1433 1100)
4(1411 1412 1433 1432)
4(1080 1101 1434 1413)
4(1100 1433 1434 1101)
4(1412 1413 1434 1433)
4(1081 1102 1435 1414)
4(1101 1434 1435 1102)
4(1413 1414 1435 1434)
4(1082 1103 1436 1415)
4(1102 1435 1436 1103)
4(1414 1415 1436 1435)
4(1083 1104 1437 1416)
4(1103 1436 1437 1104)
4(1415 1416 1437 1436)
4(1084 1105 1438 1417)
4(1104 1437 1438 1105)
4(1416 1417 1438 1437)
4(1085 1106 1439 1418)
4(1105 1438 1439 1106)
4(1417 1418 1439 1438)
4(1086 1107 1440 1419)
4(1106 1439 1440 1107)
4(1418 1419 1440 1439)
4(1087 1108 1441 1420)
4(1107 1440 1441 1108)
4(1419 1420 1441 1440)
4(1088 1109 1442 1421)
4(1108 1441 1442 1109)
4(1420 1421 1442 1441)
4(1089 1110 1443 1422)
4(1109 1442 1443 1110)
4(1421 1422 1443 1442)
4(1090 1111 1444 1423)
4(1110 1443 1444 1111)
4(1422 1423 1444 1443)
4(1091 1112 1445 1424)
4(1111 1444 1445 1112)
4(1423 1424 1445 1444)
4(1092 1113 1446 1425)
4(1112 1445 1446 1113)
4(1424 1425 1446 1445)
4(1093 1114 1447 1426)
4(1113 1446 1447 1114)
4(1425 1426 1447 1446)
4(1094 1115 1448 1427)
4(1114 1447 1448 1115)
4(1426 1427 1448 1447)
4(1095 1116 1449 1428)
4(1115 1448 1449 1116)
4(1427 1428 1449 1448)
4(1096 1117 1450 1429)
4(1116 1449 1450 1117)
4(1428 1429 1450 1449)
4(1097 1118 1451 1430)
4(1117 1450 1451 1118)
4(1429 1430 1451 1450)
4(1118 1451 1452 1119)
4(1430 1431 1452 1451)
4(1098 1119 1452 1431)
4(1100 1121 1454 1433)
4(1120 1453 1454 1121)
4(1432 1433 1454 1453)
4(1101 1122 1455 1434)
4(1121 1454 1455 1122)
4(1433 1434 1455 1454)
4(1102 1123 1456 1435)
4(1122 1455 1456 1123)
4(1434 1435 1456 1455)
4(1103 1124 1457 1436)
4(1123 1456 1457 1124)
4(1435 1436 1457 1456)
4(1104 1125 1458 1437)
4(1124 1457 1458 1125)
4(1436 1437 1458 1457)
4(1105 1126 1459 1438)
4(1125 1458 1459 1126)
4(1437 1438 1459 1458)
4(1106 1127 1460 1439)
4(1126 1459 1460 1127)
4(1438 1439 1460 1459)
4(1107 1128 1461 1440)
4(1127 1460 1461 1128)
4(1439 1440 1461 1460)
4(1108 1129 1462 1441)
4(1128 1461 1462 1129)
4(1440 1441 1462 1461)
4(1109 1130 1463 1442)
4(1129 1462 1463 1130)
4(1441 1442 1463 1462)
4(1110 1131 1464 1443)
4(1130 1463 1464 1131)
4(1442 1443 1464 1463)
4(1111 1132 1465 1444)
4(1131 1464 1465 1132)
4(1443 1444 1465 1464)
4(1112 1133 1466 1445)
4(1132 1465 1466 1133)
4(1444 1445 1466 1465)
4(1113 1134 1467 1446)
4(1133 1466 1467 1134)
4(1445 1446 1467 1466)
4(1114 1135 1468 1447)
4(1134 1467 1468 1135)
4(1446 1447 1468 1467)
4(1115 1136 1469 1448)
4(1135 1468 1469 1136)
4(1447 1448 1469 1468)
4(1116 1137 1470 1449)
4(1136 1469 1470 1137)
4(1448 1449 1470 1469)
4(1117 1138 1471 1450)
4(1137 1470 1471 1138)
4(1449 1450 1471 1470)
4(1118 1139 1472 1451)
4(1138 1471 1472 1139)
4(1450 1451 1472 1471)
4(1139 1472 1473 1140)
4(1451 1452 1473 1472)
4(1119 1140 1473 1452)
4(1121 1142 1475 1454)
4(1141 1474 1475 1142)
4(1453 1454 1475 1474)
4(1122 1143 1476 1455)
4(1142 1475 1476 1143)
4(1454 1455 1476 1475)
4(1123 1144 1477 1456)
4(1143 1476 1477 1144)
4(1455 1456 1477 1476)
4(1124 1145 1478 1457)
4(1144 1477 1478 1145)
4(1456 1457 1478 1477)
4(1125 1146 1479 1458)
4(1145 1478 1479 1146)
4(1457 1458 1479 1478)
4(1126 1147 1480 1459)
4(1146 1479 1480 1147)
4(1458 1459 1480 1479)
4(1127 1148 1481 1460)
4(1147 1480 1481 1148)
4(1459 1460 1481 1480)
4(1128 1149 1482 1461)
4(1148 1481 1482 1149)
4(1460 1461 1482 1481)
4(1129 1150 1483 1462)
4(1149 1482 1483 1150)
4(1461 1462 1483 1482)
4(1130 1151 1484 1463)
4(1150 1483 1484 1151)
4(1462 1463 1484 1483)
4(1131 1152 1485 1464)
4(1151 1484 1485 1152)
4(1463 1464 1485 1484)
4(1132 1153 1486 1465)
4(1152 1485 1486 1153)
4(1464 1465 1486 1485)
4(1133 1154 1487 1466)
4(1153 1486 1487 1154)
4(1465 1466 1487 1486)
4(1134 1155 1488 1467)
4(1154 1487 1488 1155)
4(1466 1467 1488 1487)
4(1135 1156 1489 1468)
4(1155 1488 1489 1156)
4(1467 1468 1489 1488)
4(1136 1157 1490 1469)
4(1156 1489 1490 1157)
4(1468 1469 1490 1489)
4(1137 1158 1491 1470)
4(1157 1490 1491 1158)
4(1469 1470 1491 1490)
4(1138 1159 1492 1471)
4(1158 1491 1492 1159)
4(1470 1471 1492 1491)
4(1139 1160 1493 1472)
4(1159 1492 1493 1160)
4(1471 1472 1493 1492)
4(1160 1493 1494 1161)
4(1472 1473 1494 1493)
4(1140 1161 1494 1473)
4(1142 1163 1496 1475)
4(1162 1495 1496 1163)
4(1474 1475 1496 1495)
4(1143 1164 1497 1476)
4(1163 1496 1497 1164)
4(1475 1476 1497 1496)
4(1144 1165 1498 1477)
4(1164 1497 1498 1165)
4(1476 1477 1498 1497)
4(1145 1166 1499 1478)
4(1165 1498 1499 1166)
4(1477 1478 1499 1498)
4(1146 1167 1500 1479)
4(1166 1499 1500 1167)
4(1478 1479 1500 1499)
4(1147 1168 1501 1480)
4(1167 1500 1501 1168)
4(1479 1480 1501 1500)
4(1148 1169 1502 1481)
4(1168 1501 1502 1169)
4(1480 1481 1502 1501)
4(1149 1170 1503 1482)
4(1169 1502 1503 1170)
4(1481 1482 1503 1502)
4(1150 1171 1504 1483)
4(1170 1503 1504 1171)
4(1482 1483 1504 1503)
4(1151 1172 1505 1484)
4(1171 1504 1505 1172)
4(1483 1484 1505 1504)
4(1152 1173 1506 1485)
4(1172 1505 1506 1173)
4(1484 1485 1506 1505)
4(1153 1174 1507 1486)
4(1173 1506 1507 1174)
4(1485 1486 1507 1506)
4(1154 1175 1508 1487)
4(1174 1507 1508 1175)
4(1486 1487 1508 1507)
4(1155 1176 1509 1488)
4(1175 1508 1509 1176)
4(1487 1488 1509 1508)
4(1156 1177 1510 1489)
4(1176 1509 1510 1177)
4(1488 1489 1510 1509)
4(1157 1178 1511 1490)
4(1177 1510 1511 1178)
4(1489 1490 1511 1510)
4(1158 1179 1512 1491)
4(1178 1511 1512 1179)
4(1490 1491 1512 1511)
4(1159 1180 1513 1492)
4(1179 1512 1513 1180)
4(1491 1492 1513 1512)
4(1160 1181 1514 1493)
4(1180 1513 1514 1181)
4(1492 1493 1514 1513)
4(1181 1514 1515 1182)
4(1493 1494 1515 1514)
4(1161 1182 1515 1494)
4(1163 1184 1517 1496)
4(1495 1496 1517 1516)
4(1164 1185 1518 1497)
4(1184 1517 1518 1185)
4(1496 1497 1518 1517)
4(1165 1186 1519 1498)
4(1185 1518 1519 1186)
4(1497 1498 1519 1518)
4(1166 1187 1520 1499)
4(1186 1519 1520 1187)
4(1498 1499 1520 1519)
4(1167 1188 1521 1500)
4(1187 1520 1521 1188)
4(1499 1500 1521 1520)
4(1168 1189 1522 1501)
4(1188 1521 1522 1189)
4(1500 1501 1522 1521)
4(1169 1190 1523 1502)
4(1189 1522 1523 1190)
4(1501 1502 1523 1522)
4(1170 1191 1524 1503)
4(1190 1523 1524 1191)
4(1502 1503 1524 1523)
4(1171 1192 1525 1504)
4(1191 1524 1525 1192)
4(1503 1504 1525 1524)
4(1172 1193 1526 1505)
4(1192 1525 1526 1193)
4(1504 1505 1526 1525)
4(1173 1194 1527 1506)
4(1193 1526 1527 1194)
4(1505 1506 1527 1526)
4(1174 1195 1528 1507)
4(1194 1527 1528 1195)
4(1506 1507 1528 1527)
4(1175 1196 1529 1508)
4(1195 1528 1529 1196)
4(1507 1508 1529 1528)
4(1176 1197 1530 1509)
4(1196 1529 1530 1197)
4(1508 1509 1530 1529)
4(1177 1198 1531 1510)
4(1197 1530 1531 1198)
4(1509 1510 1531 1530)
4(1178 1199 1532 1511)
4(1198 1531 1532 1199)
4(1510 1511 1532 1531)
4(1179 1200 1533 1512)
4(1199 1532 1533 1200)
4(1511 1512 1533 1532)
4(1180 1201 1534 1513)
4(1200 1533 1534 1201)
4(1512 1513 1534 1533)
4(1181 1202 1535 1514)
4(1201 1534 1535 1202)
4(1513 1514 1535 1534)
4(1202 1535 1536 1203)
4(1514 1515 1536 1535)
4(1182 1203 1536 1515)
4(1185 1205 1538 1518)
4(1204 1537 1538 1205)
4(1517 1518 1538 1537)
4(1186 1206 1539 1519)
4(1205 1538 1539 1206)
4(1518 1519 1539 1538)
4(1187 1207 1540 1520)
4(1206 1539 1540 1207)
4(1519 1520 1540 1539)
4(1188 1208 1541 1521)
4(1207 1540 1541 1208)
4(1520 1521 1541 1540)
4(1189 1209 1542 1522)
4(1208 1541 1542 1209)
4(1521 1522 1542 1541)
4(1190 1210 1543 1523)
4(1209 1542 1543 1210)
4(1522 1523 1543 1542)
4(1191 1211 1544 1524)
4(1210 1543 1544 1211)
4(1523 1524 1544 1543)
4(1192 1212 1545 1525)
4(1211 1544 1545 1212)
4(1524 1525 1545 1544)
4(1193 1213 1546 1526)
4(1212 1545 1546 1213)
4(1525 1526 1546 1545)
4(1194 1214 1547 1527)
4(1213 1546 1547 1214)
4(1526 1527 1547 1546)
4(1195 1215 1548 1528)
4(1214 1547 1548 1215)
4(1527 1528 1548 1547)
4(1196 1216 1549 1529)
4(1215 1548 1549 1216)
4(1528 1529 1549 1548)
4(1197 1217 1550 1530)
4(1216 1549 1550 1217)
4(1529 1530 1550 1549)
4(1198 1218 1551 1531)
4(1217 1550 1551 1218)
4(1530 1531 1551 1550)
4(1199 1219 1552 1532)
4(1218 1551 1552 1219)
4(1531 1532 1552 1551)
4(1200 1220 1553 1533)
4(1219 1552 1553 1220)
4(1532 1533 1553 1552)
4(1201 1221 1554 1534)
4(1220 1553 1554 1221)
4(1533 1534 1554 1553)
4(1202 1222 1555 1535)
4(1221 1554 1555 1222)
4(1534 1535 1555 1554)
4(1222 1555 1556 1223)
4(1535 1536 1556 1555)
4(1203 1223 1556 1536)
4(1205 1225 1558 1538)
4(1224 1557 1558 1225)
4(1537 1538 1558 1557)
4(1206 1226 1559 1539)
4(1225 1558 1559 1226)
4(1538 1539 1559 1558)
4(1207 1227 1560 1540)
4(1226 1559 1560 1227)
4(1539 1540 1560 1559)
4(1208 1228 1561 1541)
4(1227 1560 1561 1228)
4(1540 1541 1561 1560)
4(1209 1229 1562 1542)
4(1228 1561 1562 1229)
4(1541 1542 1562 1561)
4(1210 1230 1563 1543)
4(1229 1562 1563 1230)
4(1542 1543 1563 1562)
4(1211 1231 1564 1544)
4(1230 1563 1564 1231)
4(1543 1544 1564 1563)
4(1212 1232 1565 1545)
4(1231 1564 1565 1232)
4(1544 1545 1565 1564)
4(1213 1233 1566 1546)
4(1232 1565 1566 1233)
4(1545 1546 1566 1565)
4(1214 1234 1567 1547)
4(1233 1566 1567 1234)
4(1546 1547 1567 1566)
4(1215 1235 1568 1548)
4(1234 1567 1568 1235)
4(1547 1548 1568 1567)
4(1216 1236 1569 1549)
4(1235 1568 1569 1236)
4(1548 1549 1569 1568)
4(1217 1237 1570 1550)
4(1236 1569 1570 1237)
4(1549 1550 1570 1569)
4(1218 1238 1571 1551)
4(1237 1570 1571 1238)
4(1550 1551 1571 1570)
4(1219 1239 1572 1552)
4(1238 1571 1572 1239)
4(1551 1552 1572 1571)
4(1220 1240 1573 1553)
4(1239 1572 1573 1240)
4(1552 1553 1573 1572)
4(1221 1241 1574 1554)
4(1240 1573 1574 1241)
4(1553 1554 1574 1573)
4(1222 1242 1575 1555)
4(1241 1574 1575 1242)
4(1554 1555 1575 1574)
4(1242 1575 1576 1243)
4(1555 1556 1576 1575)
4(1223 1243 1576 1556)
4(1225 1245 1578 1558)
4(1244 1577 1578 1245)
4(1557 1558 1578 1577)
4(1226 1246 1579 1559)
4(1245 1578 1579 1246)
4(1558 1559 1579 1578)
4(1227 1247 1580 1560)
4(1246 1579 1580 1247)
4(1559 1560 1580 1579)
4(1228 1248 1581 1561)
4(1247 1580 1581 1248)
4(1560 1561 1581 1580)
4(1229 1249 1582 1562)
4(1248 1581 1582 1249)
4(1561 1562 1582 1581)
4(1230 1250 1583 1563)
4(1249 1582 1583 1250)
4(1562 1563 1583 1582)
4(1231 1251 1584 1564)
4(1250 1583 1584 1251)
4(1563 1564 1584 1583)
4(1232 1252 1585 1565)
4(1251 1584 1585 1252)
4(1564 1565 1585 1584)
4(1233 1253 1586 1566)
4(1252 1585 1586 1253)
4(1565 1566 1586 1585)
4(1234 1254 1587 1567)
4(1253 1586 1587 1254)
4(1566 1567 1587 1586)
4(1235 1255 1588 1568)
4(1254 1587 1588 1255)
4(1567 1568 1588 1587)
4(1236 1256 1589 1569)
4(1255 1588 1589 1256)
4(1568 1569 1589 1588)
4(1237 1257 1590 1570)
4(1256 1589 1590 1257)
4(1569 1570 1590 1589)
4(1238 1258 1591 1571)
4(1257 1590 1591 1258)
4(1570 1571 1591 1590)
4(1239 1259 1592 1572)
4(1258 1591 1592 1259)
4(1571 1572 1592 1591)
4(1240 1260 1593 1573)
4(1259 1592 1593 1260)
4(1572 1573 1593 1592)
4(1241 1261 1594 1574)
4(1260 1593 1594 1261)
4(1573 1574 1594 1593)
4(1242 1262 1595 1575)
4(1261 1594 1595 1262)
4(1574 1575 1595 1594)
4(1262 1595 1596 1263)
4(1575 1576 1596 1595)
4(1243 1263 1596 1576)
4(1245 1265 1598 1578)
4(1577 1578 1598 1597)
4(1246 1266 1599 1579)
4(1265 1598 1599 1266)
4(1578 1579 1599 1598)
4(1247 1267 1600 1580)
4(1266 1599 1600 1267)
4(1579 1580 1600 1599)
4(1248 1268 1601 1581)
4(1267 1600 1601 1268)
4(1580 1581 1601 1600)
4(1249 1269 1602 1582)
4(1268 1601 1602 1269)
4(1581 1582 1602 1601)
4(1250 1270 1603 1583)
4(1269 1602 1603 1270)
4(1582 1583 1603 1602)
4(1251 1271 1604 1584)
4(1270 1603 1604 1271)
4(1583 1584 1604 1603)
4(1252 1272 1605 1585)
4(1271 1604 1605 1272)
4(1584 1585 1605 1604)
4(1253 1273 1606 1586)
4(1272 1605 1606 1273)
4(1585 1586 1606 1605)
4(1254 1274 1607 1587)
4(1273 1606 1607 1274)
4(1586 1587 1607 1606)
4(1255 1275 1608 1588)
4(1274 1607 1608 1275)
4(1587 1588 1608 1607)
4(1256 1276 1609 1589)
4(1275 1608 1609 1276)
4(1588 1589 1609 1608)
4(1257 1277 1610 1590)
4(1276 1609 1610 1277)
4(1589 1590 1610 1609)
4(1258 1278 1611 1591)
4(1277 1610 1611 1278)
4(1590 1591 1611 1610)
4(1259 1279 1612 1592)
4(1278 1611 1612 1279)
4(1591 1592 1612 1611)
4(1260 1280 1613 1593)
4(1279 1612 1613 1280)
4(1592 1593 1613 1612)
4(1261 1281 1614 1594)
4(1280 1613 1614 1281)
4(1593 1594 1614 1613)
4(1262 1282 1615 1595)
4(1281 1614 1615 1282)
4(1594 1595 1615 1614)
4(1282 1615 1616 1283)
4(1595 1596 1616 1615)
4(1263 1283 1616 1596)
4(1266 1285 1618 1599)
4(1284 1617 1618 1285)
4(1598 1599 1618 1617)
4(1267 1286 1619 1600)
4(1285 1618 1619 1286)
4(1599 1600 1619 1618)
4(1268 1287 1620 1601)
4(1600 1601 1620 1619)
4(1269 1288 1621 1602)
4(1601 1602 1621 1620)
4(1270 1289 1622 1603)
4(1602 1603 1622 1621)
4(1271 1290 1623 1604)
4(1603 1604 1623 1622)
4(1272 1291 1624 1605)
4(1604 1605 1624 1623)
4(1273 1292 1625 1606)
4(1605 1606 1625 1624)
4(1274 1293 1626 1607)
4(1606 1607 1626 1625)
4(1275 1294 1627 1608)
4(1607 1608 1627 1626)
4(1276 1295 1628 1609)
4(1608 1609 1628 1627)
4(1277 1296 1629 1610)
4(1609 1610 1629 1628)
4(1278 1297 1630 1611)
4(1610 1611 1630 1629)
4(1279 1298 1631 1612)
4(1611 1612 1631 1630)
4(1280 1299 1632 1613)
4(1612 1613 1632 1631)
4(1281 1300 1633 1614)
4(1613 1614 1633 1632)
4(1282 1301 1634 1615)
4(1614 1615 1634 1633)
4(1615 1616 1635 1634)
4(1283 1302 1635 1616)
4(1285 1304 1637 1618)
4(1617 1618 1637 1636)
4(1618 1619 1638 1637)
4(1307 1328 1661 1640)
4(1327 1660 1661 1328)
4(1639 1640 1661 1660)
4(1308 1329 1662 1641)
4(1328 1661 1662 1329)
4(1640 1641 1662 1661)
4(1309 1330 1663 1642)
4(1329 1662 1663 1330)
4(1641 1642 1663 1662)
4(1310 1331 1664 1643)
4(1330 1663 1664 1331)
4(1642 1643 1664 1663)
4(1311 1332 1665 1644)
4(1331 1664 1665 1332)
4(1643 1644 1665 1664)
4(1312 1333 1666 1645)
4(1332 1665 1666 1333)
4(1644 1645 1666 1665)
4(1313 1334 1667 1646)
4(1333 1666 1667 1334)
4(1645 1646 1667 1666)
4(1314 1335 1668 1647)
4(1334 1667 1668 1335)
4(1646 1647 1668 1667)
4(1315 1336 1669 1648)
4(1335 1668 1669 1336)
4(1647 1648 1669 1668)
4(1316 1337 1670 1649)
4(1336 1669 1670 1337)
4(1648 1649 1670 1669)
4(1317 1338 1671 1650)
4(1337 1670 1671 1338)
4(1649 1650 1671 1670)
4(1318 1339 1672 1651)
4(1338 1671 1672 1339)
4(1650 1651 1672 1671)
4(1319 1340 1673 1652)
4(1339 1672 1673 1340)
4(1651 1652 1673 1672)
4(1320 1341 1674 1653)
4(1340 1673 1674 1341)
4(1652 1653 1674 1673)
4(1321 1342 1675 1654)
4(1341 1674 1675 1342)
4(1653 1654 1675 1674)
4(1322 1343 1676 1655)
4(1342 1675 1676 1343)
4(1654 1655 1676 1675)
4(1323 1344 1677 1656)
4(1343 1676 1677 1344)
4(1655 1656 1677 1676)
4(1324 1345 1678 1657)
4(1344 1677 1678 1345)
4(1656 1657 1678 1677)
4(1325 1346 1679 1658)
4(1345 1678 1679 1346)
4(1657 1658 1679 1678)
4(1346 1679 1680 1347)
4(1658 1659 1680 1679)
4(1326 1347 1680 1659)
4(1328 1349 1682 1661)
4(1348 1681 1682 1349)
4(1660 1661 1682 1681)
4(1329 1350 1683 1662)
4(1349 1682 1683 1350)
4(1661 1662 1683 1682)
4(1330 1351 1684 1663)
4(1350 1683 1684 1351)
4(1662 1663 1684 1683)
4(1331 1352 1685 1664)
4(1351 1684 1685 1352)
4(1663 1664 1685 1684)
4(1332 1353 1686 1665)
4(1352 1685 1686 1353)
4(1664 1665 1686 1685)
4(1333 1354 1687 1666)
4(1353 1686 1687 1354)
4(1665 1666 1687 1686)
4(1334 1355 1688 1667)
4(1354 1687 1688 1355)
4(1666 1667 1688 1687)
4(1335 1356 1689 1668)
4(1355 1688 1689 1356)
4(1667 1668 1689 1688)
4(1336 1357 1690 1669)
4(1356 1689 1690 1357)
4(1668 1669 1690 1689)
4(1337 1358 1691 1670)
4(1357 1690 1691 1358)
4(1669 1670 1691 1690)
4(1338 1359 1692 1671)
4(1358 1691 1692 1359)
4(1670 1671 1692 1691)
4(1339 1360 1693 1672)
4(1359 1692 1693 1360)
4(1671 1672 1693 1692)
4(1340 1361 1694 1673)
4(1360 1693 1694 1361)
4(1672 1673 1694 1693)
4(1341 1362 1695 1674)
4(1361 1694 1695 1362)
4(1673 1674 1695 1694)
4(1342 1363 1696 1675)
4(1362 1695 1696 1363)
4(1674 1675 1696 1695)
4(1343 1364 1697 1676)
4(1363 1696 1697 1364)
4(1675 1676 1697 1696)
4(1344 1365 1698 1677)
4(1364 1697 1698 1365)
4(1676 1677 1698 1697)
4(1345 1366 1699 1678)
4(1365 1698 1699 1366)
4(1677 1678 1699 1698)
4(1346 1367 1700 1679)
4(1366 1699 1700 1367)
4(1678 1679 1700 1699)
4(1367 1700 1701 1368)
4(1679 1680 1701 1700)
4(1347 1368 1701 1680)
4(1349 1370 1703 1682)
4(1369 1702 1703 1370)
4(1681 1682 1703 1702)
4(1350 1371 1704 1683)
4(1370 1703 1704 1371)
4(1682 1683 1704 1703)
4(1351 1372 1705 1684)
4(1371 1704 1705 1372)
4(1683 1684 1705 1704)
4(1352 1373 1706 1685)
4(1372 1705 1706 1373)
4(1684 1685 1706 1705)
4(1353 1374 1707 1686)
4(1373 1706 1707 1374)
4(1685 1686 1707 1706)
4(1354 1375 1708 1687)
4(1374 1707 1708 1375)
4(1686 1687 1708 1707)
4(1355 1376 1709 1688)
4(1375 1708 1709 1376)
4(1687 1688 1709 1708)
4(1356 1377 1710 1689)
4(1376 1709 1710 1377)
4(1688 1689 1710 1709)
4(1357 1378 1711 1690)
4(1377 1710 1711 1378)
4(1689 1690 1711 1710)
4(1358 1379 1712 1691)
4(1378 1711 1712 1379)
4(1690 1691 1712 1711)
4(1359 1380 1713 1692)
4(1379 1712 1713 1380)
4(1691 1692 1713 1712)
4(1360 1381 1714 1693)
4(1380 1713 1714 1381)
4(1692 1693 1714 1713)
4(1361 1382 1715 1694)
4(1381 1714 1715 1382)
4(1693 1694 1715 1714)
4(1362 1383 1716 1695)
4(1382 1715 1716 1383)
4(1694 1695 1716 1715)
4(1363 1384 1717 1696)
4(1383 1716 1717 1384)
4(1695 1696 1717 1716)
4(1364 1385 1718 1697)
4(1384 1717 1718 1385)
4(1696 1697 1718 1717)
4(1365 1386 1719 1698)
4(1385 1718 1719 1386)
4(1697 1698 1719 1718)
4(1366 1387 1720 1699)
4(1386 1719 1720 1387)
4(1698 1699 1720 1719)
4(1367 1388 1721 1700)
4(1387 1720 1721 1388)
4(1699 1700 1721 1720)
4(1388 1721 1722 1389)
4(1700 1701 1722 1721)
4(1368 1389 1722 1701)
4(1370 1391 1724 1703)
4(1390 1723 1724 1391)
4(1702 1703 1724 1723)
4(1371 1392 1725 1704)
4(1391 1724 1725 1392)
4(1703 1704 1725 1724)
4(1372 1393 1726 1705)
4(1392 1725 1726 1393)
4(1704 1705 1726 1725)
4(1373 1394 1727 1706)
4(1393 1726 1727 1394)
4(1705 1706 1727 1726)
4(1374 1395 1728 1707)
4(1394 1727 1728 1395)
4(1706 1707 1728 1727)
4(1375 1396 1729 1708)
4(1395 1728 1729 1396)
4(1707 1708 1729 1728)
4(1376 1397 1730 1709)
4(1396 1729 1730 1397)
4(1708 1709 1730 1729)
4(1377 1398 1731 1710)
4(1397 1730 1731 1398)
4(1709 1710 1731 1730)
4(1378 1399 1732 1711)
4(1398 1731 1732 1399)
4(1710 1711 1732 1731)
4(1379 1400 1733 1712)
4(1399 1732 1733 1400)
4(1711 1712 1733 1732)
4(1380 1401 1734 1713)
4(1400 1733 1734 1401)
4(1712 1713 1734 1733)
4(1381 1402 1735 1714)
4(1401 1734 1735 1402)
4(1713 1714 1735 1734)
4(1382 1403 1736 1715)
4(1402 1735 1736 1403)
4(1714 1715 1736 1735)
4(1383 1404 1737 1716)
4(1403 1736 1737 1404)
4(1715 1716 1737 1736)
4(1384 1405 1738 1717)
4(1404 1737 1738 1405)
4(1716 1717 1738 1737)
4(1385 1406 1739 1718)
4(1405 1738 1739 1406)
4(1717 1718 1739 1738)
4(1386 1407 1740 1719)
4(1406 1739 1740 1407)
4(1718 1719 1740 1739)
4(1387 1408 1741 1720)
4(1407 1740 1741 1408)
4(1719 1720 1741 1740)
4(1388 1409 1742 1721)
4(1408 1741 1742 1409)
4(1720 1721 1742 1741)
4(1409 1742 1743 1410)
4(1721 1722 1743 1742)
4(1389 1410 1743 1722)
4(1391 1412 1745 1724)
4(1411 1744 1745 1412)
4(1723 1724 1745 1744)
4(1392 1413 1746 1725)
4(1412 1745 1746 1413)
4(1724 1725 1746 1745)
4(1393 1414 1747 1726)
4(1413 1746 1747 1414)
4(1725 1726 1747 1746)
4(1394 1415 1748 1727)
4(1414 1747 1748 1415)
4(1726 1727 1748 1747)
4(1395 1416 1749 1728)
4(1415 1748 1749 1416)
4(1727 1728 1749 1748)
4(1396 1417 1750 1729)
4(1416 1749 1750 1417)
4(1728 1729 1750 1749)
4(1397 1418 1751 1730)
4(1417 1750 1751 1418)
4(1729 1730 1751 1750)
4(1398 1419 1752 1731)
4(1418 1751 1752 1419)
4(1730 1731 1752 1751)
4(1399 1420 1753 1732)
4(1419 1752 1753 1420)
4(1731 1732 1753 1752)
4(1400 1421 1754 1733)
4(1420 1753 1754 1421)
4(1732 1733 1754 1753)
4(1401 1422 1755 1734)
4(1421 1754 1755 1422)
4(1733 1734 1755 1754)
4(1402 1423 1756 1735)
4(1422 1755 1756 1423)
4(1734 1735 1756 1755)
4(1403 1424 1757 1736)
4(1423 1756 1757 1424)
4(1735 1736 1757 1756)
4(1404 1425 1758 1737)
4(1424 1757 1758 1425)
4(1736 1737 1758 1757)
4(1405 1426 1759 1738)
4(1425 1758 1759 1426)
4(1737 1738 1759 1758)
4(1406 1427 1760 1739)
4(1426 1759 1760 1427)
4(1738 1739 1760 1759)
4(1407 1428 1761 1740)
4(1427 1760 1761 1428)
4(1739 1740 1761 1760)
4(1408 1429 1762 1741)
4(1428 1761 1762 1429)
4(1740 1741 1762 1761)
4(1409 1430 1763 1742)
4(1429 1762 1763 1430)
4(1741 1742 1763 1762)
4(1430 1763 1764 1431)
4(1742 1743 1764 1763)
4(1410 1431 1764 1743)
4(1412 1433 1766 1745)
4(1432 1765 1766 1433)
4(1744 1745 1766 1765)
4(1413 1434 1767 1746)
4(1433 1766 1767 1434)
4(1745 1746 1767 1766)
4(1414 1435 1768 1747)
4(1434 1767 1768 1435)
4(1746 1747 1768 1767)
4(1415 1436 1769 1748)
4(1435 1768 1769 1436)
4(1747 1748 1769 1768)
4(1416 1437 1770 1749)
4(1436 1769 1770 1437)
4(1748 1749 1770 1769)
4(1417 1438 1771 1750)
4(1437 1770 1771 1438)
4(1749 1750 1771 1770)
4(1418 1439 1772 1751)
4(1438 1771 1772 1439)
4(1750 1751 1772 1771)
4(1419 1440 1773 1752)
4(1439 1772 1773 1440)
4(1751 1752 1773 1772)
4(1420 1441 1774 1753)
4(1440 1773 1774 1441)
4(1752 1753 1774 1773)
4(1421 1442 1775 1754)
4(1441 1774 1775 1442)
4(1753 1754 1775 1774)
4(1422 1443 1776 1755)
4(1442 1775 1776 1443)
4(1754 1755 1776 1775)
4(1423 1444 1777 1756)
4(1443 1776 1777 1444)
4(1755 1756 1777 1776)
4(1424 1445 1778 1757)
4(1444 1777 1778 1445)
4(1756 1757 1778 1777)
4(1425 1446 1779 1758)
4(1445 1778 1779 1446)
4(1757 1758 1779 1778)
4(1426 1447 1780 1759)
4(1446 1779 1780 1447)
4(1758 1759 1780 1779)
4(1427 1448 1781 1760)
4(1447 1780 1781 1448)
4(1759 1760 1781 1780)
4(1428 1449 1782 1761)
4(1448 1781 1782 1449)
4(1760 1761 1782 1781)
4(1429 1450 1783 1762)
4(1449 1782 1783 1450)
4(1761 1762 1783 1782)
4(1430 1451 1784 1763)
4(1450 1783 1784 1451)
4(1762 1763 1784 1783)
4(1451 1784 1785 1452)
4(1763 1764 1785 1784)
4(1431 1452 1785 1764)
4(1433 1454 1787 1766)
4(1453 1786 1787 1454)
4(1765 1766 1787 1786)
4(1434 1455 1788 1767)
4(1454 1787 1788 1455)
4(1766 1767 1788 1787)
4(1435 1456 1789 1768)
4(1455 1788 1789 1456)
4(1767 1768 1789 1788)
4(1436 1457 1790 1769)
4(1456 1789 1790 1457)
4(1768 1769 1790 1789)
4(1437 1458 1791 1770)
4(1457 1790 1791 1458)
4(1769 1770 1791 1790)
4(1438 1459 1792 1771)
4(1458 1791 1792 1459)
4(1770 1771 1792 1791)
4(1439 1460 1793 1772)
4(1459 1792 1793 1460)
4(1771 1772 1793 1792)
4(1440 1461 1794 1773)
4(1460 1793 1794 1461)
4(1772 1773 1794 1793)
4(1441 1462 1795 1774)
4(1461 1794 1795 1462)
4(1773 1774 1795 1794)
4(1442 1463 1796 1775)
4(1462 1795 1796 1463)
4(1774 1775 1796 1795)
4(1443 1464 1797 1776)
4(1463 1796 1797 1464)
4(1775 1776 1797 1796)
4(1444 1465 1798 1777)
4(1464 1797 1798 1465)
4(1776 1777 1798 1797)
4(1445 1466 1799 1778)
4(1465 1798 1799 1466)
4(1777 1778 1799 1798)
4(1446 1467 1800 1779)
4(1466 1799 1800 1467)
4(1778 1779 1800 1799)
4(1447 1468 1801 1780)
4(1467 1800 1801 1468)
4(1779 1780 1801 1800)
4(1448 1469 1802 1781)
4(1468 1801 1802 1469)
4(1780 1781 1802 1801)
4(1449 1470 1803 1782)
4(1469 1802 1803 1470)
4(1781 1782 1803 1802)
4(1450 1471 1804 1783)
4(1470 1803 1804 1471)
4(1782 1783 1804 1803)
4(1451 1472 1805 1784)
4(1471 1804 1805 1472)
4(1783 1784 1805 1804)
4(1472 1805 1806 1473)
4(1784 1785 1806 1805)
4(1452 1473 1806 1785)
4(1454 1475 1808 1787)
4(1474 1807 1808 1475)
4(1786 1787 1808 1807)
4(1455 1476 1809 1788)
4(1475 1808 1809 1476)
4(1787 1788 1809 1808)
4(1456 1477 1810 1789)
4(1476 1809 1810 1477)
4(1788 1789 1810 1809)
4(1457 1478 1811 1790)
4(1477 1810 1811 1478)
4(1789 1790 1811 1810)
4(1458 1479 1812 1791)
4(1478 1811 1812 1479)
4(1790 1791 1812 1811)
4(1459 1480 1813 1792)
4(1479 1812 1813 1480)
4(1791 1792 1813 1812)
4(1460 1481 1814 1793)
4(1480 1813 1814 1481)
4(1792 1793 1814 1813)
4(1461 1482 1815 1794)
4(1481 1814 1815 1482)
4(1793 1794 1815 1814)
4(1462 1483 1816 1795)
4(1482 1815 1816 1483)
4(1794 1795 1816 1815)
4(1463 1484 1817 1796)
4(1483 1816 1817 1484)
4(1795 1796 1817 1816)
4(1464 1485 1818 1797)
4(1484 1817 1818 1485)
4(1796 1797 1818 1817)
4(1465 1486 1819 1798)
4(1485 1818 1819 1486)
4(1797 1798 1819 1818)
4(1466 1487 1820 1799)
4(1486 1819 1820 1487)
4(1798 1799 1820 1819)
4(1467 1488 1821 1800)
4(1487 1820 1821 1488)
4(1799 1800 1821 1820)
4(1468 1489 1822 1801)
4(1488 1821 1822 1489)
4(1800 1801 1822 1821)
4(1469 1490 1823 1802)
4(1489 1822 1823 1490)
4(1801 1802 1823 1822)
4(1470 1491 1824 1803)
4(1490 1823 1824 1491)
4(1802 1803 1824 1823)
4(1471 1492 1825 1804)
4(1491 1824 1825 1492)
4(1803 1804 1825 1824)
4(1472 1493 1826 1805)
4(1492 1825 1826 1493)
4(1804 1805 1826 1825)
4(1493 1826 1827 1494)
4(1805 1806 1827 1826)
4(1473 1494 1827 1806)
4(1475 1496 1829 1808)
4(1495 1828 1829 1496)
4(1807 1808 1829 1828)
4(1476 1497 1830 1809)
4(1496 1829 1830 1497)
4(1808 1809 1830 1829)
4(1477 1498 1831 1810)
4(1497 1830 1831 1498)
4(1809 1810 1831 1830)
4(1478 1499 1832 1811)
4(1498 1831 1832 1499)
4(1810 1811 1832 1831)
4(1479 1500 1833 1812)
4(1499 1832 1833 1500)
4(1811 1812 1833 1832)
4(1480 1501 1834 1813)
4(1500 1833 1834 1501)
4(1812 1813 1834 1833)
4(1481 1502 1835 1814)
4(1501 1834 1835 1502)
4(1813 1814 1835 1834)
4(1482 1503 1836 1815)
4(1502 1835 1836 1503)
4(1814 1815 1836 1835)
4(1483 1504 1837 1816)
4(1503 1836 1837 1504)
4(1815 1816 1837 1836)
4(1484 1505 1838 1817)
4(1504 1837 1838 1505)
4(1816 1817 1838 1837)
4(1485 1506 1839 1818)
4(1505 1838 1839 1506)
4(1817 1818 1839 1838)
4(1486 1507 1840 1819)
4(1506 1839 1840 1507)
4(1818 1819 1840 1839)
4(1487 1508 1841 1820)
4(1507 1840 1841 1508)
4(1819 1820 1841 1840)
4(1488 1509 1842 1821)
4(1508 1841 1842 1509)
4(1820 1821 1842 1841)
4(1489 1510 1843 1822)
4(1509 1842 1843 1510)
4(1821 1822 1843 1842)
4(1490 1511 1844 1823)
4(1510 1843 1844 1511)
4(1822 1823 1844 1843)
4(1491 1512 1845 1824)
4(1511 1844 1845 1512)
4(1823 1824 1845 1844)
4(1492 1513 1846 1825)
4(1512 1845 1846 1513)
4(1824 1825 1846 1845)
4(1493 1514 1847 1826)
4(1513 1846 1847 1514)
4(1825 1826 1847 1846)
4(1514 1847 1848 1515)
4(1826 1827 1848 1847)
4(1494 1515 1848 1827)
4(1496 1517 1850 1829)
4(1828 1829 1850 1849)
4(1497 1518 1851 1830)
4(1517 1850 1851 1518)
4(1829 1830 1851 1850)
4(1498 1519 1852 1831)
4(1518 1851 1852 1519)
4(1830 1831 1852 1851)
4(1499 1520 1853 1832)
4(1519 1852 1853 1520)
4(1831 1832 1853 1852)
4(1500 1521 1854 1833)
4(1520 1853 1854 1521)
4(1832 1833 1854 1853)
4(1501 1522 1855 1834)
4(1521 1854 1855 1522)
4(1833 1834 1855 1854)
4(1502 1523 1856 1835)
4(1522 1855 1856 1523)
4(1834 1835 1856 1855)
4(1503 1524 1857 1836)
4(1523 1856 1857 1524)
4(1835 1836 1857 1856)
4(1504 1525 1858 1837)
4(1524 1857 1858 1525)
4(1836 1837 1858 1857)
4(1505 1526 1859 1838)
4(1525 1858 1859 1526)
4(1837 1838 1859 1858)
4(1506 1527 1860 1839)
4(1526 1859 1860 1527)
4(1838 1839 1860 1859)
4(1507 1528 1861 1840)
4(1527 1860 1861 1528)
4(1839 1840 1861 1860)
4(1508 1529 1862 1841)
4(1528 1861 1862 1529)
4(1840 1841 1862 1861)
4(1509 1530 1863 1842)
4(1529 1862 1863 1530)
4(1841 1842 1863 1862)
4(1510 1531 1864 1843)
4(1530 1863 1864 1531)
4(1842 1843 1864 1863)
4(1511 1532 1865 1844)
4(1531 1864 1865 1532)
4(1843 1844 1865 1864)
4(1512 1533 1866 1845)
4(1532 1865 1866 1533)
4(1844 1845 1866 1865)
4(1513 1534 1867 1846)
4(1533 1866 1867 1534)
4(1845 1846 1867 1866)
4(1514 1535 1868 1847)
4(1534 1867 1868 1535)
4(1846 1847 1868 1867)
4(1535 1868 1869 1536)
4(1847 1848 1869 1868)
4(1515 1536 1869 1848)
4(1518 1538 1871 1851)
4(1537 1870 1871 1538)
4(1850 1851 1871 1870)
4(1519 1539 1872 1852)
4(1538 1871 1872 1539)
4(1851 1852 1872 1871)
4(1520 1540 1873 1853)
4(1539 1872 1873 1540)
4(1852 1853 1873 1872)
4(1521 1541 1874 1854)
4(1540 1873 1874 1541)
4(1853 1854 1874 1873)
4(1522 1542 1875 1855)
4(1541 1874 1875 1542)
4(1854 1855 1875 1874)
4(1523 1543 1876 1856)
4(1542 1875 1876 1543)
4(1855 1856 1876 1875)
4(1524 1544 1877 1857)
4(1543 1876 1877 1544)
4(1856 1857 1877 1876)
4(1525 1545 1878 1858)
4(1544 1877 1878 1545)
4(1857 1858 1878 1877)
4(1526 1546 1879 1859)
4(1545 1878 1879 1546)
4(1858 1859 1879 1878)
4(1527 1547 1880 1860)
4(1546 1879 1880 1547)
4(1859 1860 1880 1879)
4(1528 1548 1881 1861)
4(1547 1880 1881 1548)
4(1860 1861 1881 1880)
4(1529 1549 1882 1862)
4(1548 1881 1882 1549)
4(1861 1862 1882 1881)
4(1530 1550 1883 1863)
4(1549 1882 1883 1550)
4(1862 1863 1883 1882)
4(1531 1551 1884 1864)
4(1550 1883 1884 1551)
4(1863 1864 1884 1883)
4(1532 1552 1885 1865)
4(1551 1884 1885 1552)
4(1864 1865 1885 1884)
4(1533 1553 1886 1866)
4(1552 1885 1886 1553)
4(1865 1866 1886 1885)
4(1534 1554 1887 1867)
4(1553 1886 1887 1554)
4(1866 1867 1887 1886)
4(1535 1555 1888 1868)
4(1554 1887 1888 1555)
4(1867 1868 1888 1887)
4(1555 1888 1889 1556)
4(1868 1869 1889 1888)
4(1536 1556 1889 1869)
4(1538 1558 1891 1871)
4(1557 1890 1891 1558)
4(1870 1871 1891 1890)
4(1539 1559 1892 1872)
4(1558 1891 1892 1559)
4(1871 1872 1892 1891)
4(1540 1560 1893 1873)
4(1559 1892 1893 1560)
4(1872 1873 1893 1892)
4(1541 1561 1894 1874)
4(1560 1893 1894 1561)
4(1873 1874 1894 1893)
4(1542 1562 1895 1875)
4(1561 1894 1895 1562)
4(1874 1875 1895 1894)
4(1543 1563 1896 1876)
4(1562 1895 1896 1563)
4(1875 1876 1896 1895)
4(1544 1564 1897 1877)
4(1563 1896 1897 1564)
4(1876 1877 1897 1896)
4(1545 1565 1898 1878)
4(1564 1897 1898 1565)
4(1877 1878 1898 1897)
4(1546 1566 1899 1879)
4(1565 1898 1899 1566)
4(1878 1879 1899 1898)
4(1547 1567 1900 1880)
4(1566 1899 1900 1567)
4(1879 1880 1900 1899)
4(1548 1568 1901 1881)
4(1567 1900 1901 1568)
4(1880 1881 1901 1900)
4(1549 1569 1902 1882)
4(1568 1901 1902 1569)
4(1881 1882 1902 1901)
4(1550 1570 1903 1883)
4(1569 1902 1903 1570)
4(1882 1883 1903 1902)
4(1551 1571 1904 1884)
4(1570 1903 1904 1571)
4(1883 1884 1904 1903)
4(1552 1572 1905 1885)
4(1571 1904 1905 1572)
4(1884 1885 1905 1904)
4(1553 1573 1906 1886)
4(1572 1905 1906 1573)
4(1885 1886 1906 1905)
4(1554 1574 1907 1887)
4(1573 1906 1907 1574)
4(1886 1887 1907 1906)
4(1555 1575 1908 1888)
4(1574 1907 1908 1575)
4(1887 1888 1908 1907)
4(1575 1908 1909 1576)
4(1888 1889 1909 1908)
4(1556 1576 1909 1889)
4(1558 1578 1911 1891)
4(1577 1910 1911 1578)
4(1890 1891 1911 1910)
4(1559 1579 1912 1892)
4(1578 1911 1912 1579)
4(1891 1892 1912 1911)
4(1560 1580 1913 1893)
4(1579 1912 1913 1580)
4(1892 1893 1913 1912)
4(1561 1581 1914 1894)
4(1580 1913 1914 1581)
4(1893 1894 1914 1913)
4(1562 1582 1915 1895)
4(1581 1914 1915 1582)
4(1894 1895 1915 1914)
4(1563 1583 1916 1896)
4(1582 1915 1916 1583)
4(1895 1896 1916 1915)
4(1564 1584 1917 1897)
4(1583 1916 1917 1584)
4(1896 1897 1917 1916)
4(1565 1585 1918 1898)
4(1584 1917 1918 1585)
4(1897 1898 1918 1917)
4(1566 1586 1919 1899)
4(1585 1918 1919 1586)
4(1898 1899 1919 1918)
4(1567 1587 1920 1900)
4(1586 1919 1920 1587)
4(1899 1900 1920 1919)
4(1568 1588 1921 1901)
4(1587 1920 1921 1588)
4(1900 1901 1921 1920)
4(1569 1589 1922 1902)
4(1588 1921 1922 1589)
4(1901 1902 1922 1921)
4(1570 1590 1923 1903)
4(1589 1922 1923 1590)
4(1902 1903 1923 1922)
4(1571 1591 1924 1904)
4(1590 1923 1924 1591)
4(1903 1904 1924 1923)
4(1572 1592 1925 1905)
4(1591 1924 1925 1592)
4(1904 1905 1925 1924)
4(1573 1593 1926 1906)
4(1592 1925 1926 1593)
4(1905 1906 1926 1925)
4(1574 1594 1927 1907)
4(1593 1926 1927 1594)
4(1906 1907 1927 1926)
4(1575 1595 1928 1908)
4(1594 1927 1928 1595)
4(1907 1908 1928 1927)
4(1595 1928 1929 1596)
4(1908 1909 1929 1928)
4(1576 1596 1929 1909)
4(1578 1598 1931 1911)
4(1910 1911 1931 1930)
4(1579 1599 1932 1912)
4(1598 1931 1932 1599)
4(1911 1912 1932 1931)
4(1580 1600 1933 1913)
4(1599 1932 1933 1600)
4(1912 1913 1933 1932)
4(1581 1601 1934 1914)
4(1600 1933 1934 1601)
4(1913 1914 1934 1933)
4(1582 1602 1935 1915)
4(1601 1934 1935 1602)
4(1914 1915 1935 1934)
4(1583 1603 1936 1916)
4(1602 1935 1936 1603)
4(1915 1916 1936 1935)
4(1584 1604 1937 1917)
4(1603 1936 1937 1604)
4(1916 1917 1937 1936)
4(1585 1605 1938 1918)
4(1604 1937 1938 1605)
4(1917 1918 1938 1937)
4(1586 1606 1939 1919)
4(1605 1938 1939 1606)
4(1918 1919 1939 1938)
4(1587 1607 1940 1920)
4(1606 1939 1940 1607)
4(1919 1920 1940 1939)
4(1588 1608 1941 1921)
4(1607 1940 1941 1608)
4(1920 1921 1941 1940)
4(1589 1609 1942 1922)
4(1608 1941 1942 1609)
4(1921 1922 1942 1941)
4(1590 1610 1943 1923)
4(1609 1942 1943 1610)
4(1922 1923 1943 1942)
4(1591 1611 1944 1924)
4(1610 1943 1944 1611)
4(1923 1924 1944 1943)
4(1592 1612 1945 1925)
4(1611 1944 1945 1612)
4(1924 1925 1945 1944)
4(1593 1613 1946 1926)
4(1612 1945 1946 1613)
4(1925 1926 1946 1945)
4(1594 1614 1947 1927)
4(1613 1946 1947 1614)
4(1926 1927 1947 1946)
4(1595 1615 1948 1928)
4(1614 1947 1948 1615)
4(1927 1928 1948 1947)
4(1615 1948 1949 1616)
4(1928 1929 1949 1948)
4(1596 1616 1949 1929)
4(1599 1618 1951 1932)
4(1617 1950 1951 1618)
4(1931 1932 1951 1950)
4(1600 1619 1952 1933)
4(1618 1951 1952 1619)
4(1932 1933 1952 1951)
4(1601 1620 1953 1934)
4(1933 1934 1953 1952)
4(1602 1621 1954 1935)
4(1934 1935 1954 1953)
4(1603 1622 1955 1936)
4(1935 1936 1955 1954)
4(1604 1623 1956 1937)
4(1936 1937 1956 1955)
4(1605 1624 1957 1938)
4(1937 1938 1957 1956)
4(1606 1625 1958 1939)
4(1938 1939 1958 1957)
4(1607 1626 1959 1940)
4(1939 1940 1959 1958)
4(1608 1627 1960 1941)
4(1940 1941 1960 1959)
4(1609 1628 1961 1942)
4(1941 1942 1961 1960)
4(1610 1629 1962 1943)
4(1942 1943 1962 1961)
4(1611 1630 1963 1944)
4(1943 1944 1963 1962)
4(1612 1631 1964 1945)
4(1944 1945 1964 1963)
4(1613 1632 1965 1946)
4(1945 1946 1965 1964)
4(1614 1633 1966 1947)
4(1946 1947 1966 1965)
4(1615 1634 1967 1948)
4(1947 1948 1967 1966)
4(1948 1949 1968 1967)
4(1616 1635 1968 1949)
4(1618 1637 1970 1951)
4(1950 1951 1970 1969)
4(1951 1952 1971 1970)
4(1640 1661 1994 1973)
4(1660 1993 1994 1661)
4(1972 1973 1994 1993)
4(1641 1662 1995 1974)
4(1661 1994 1995 1662)
4(1973 1974 1995 1994)
4(1642 1663 1996 1975)
4(1662 1995 1996 1663)
4(1974 1975 1996 1995)
4(1643 1664 1997 1976)
4(1663 1996 1997 1664)
4(1975 1976 1997 1996)
4(1644 1665 1998 1977)
4(1664 1997 1998 1665)
4(1976 1977 1998 1997)
4(1645 1666 1999 1978)
4(1665 1998 1999 1666)
4(1977 1978 1999 1998)
4(1646 1667 2000 1979)
4(1666 1999 2000 1667)
4(1978 1979 2000 1999)
4(1647 1668 2001 1980)
4(1667 2000 2001 1668)
4(1979 1980 2001 2000)
4(1648 1669 2002 1981)
4(1668 2001 2002 1669)
4(1980 1981 2002 2001)
4(1649 1670 2003 1982)
4(1669 2002 2003 1670)
4(1981 1982 2003 2002)
4(1650 1671 2004 1983)
4(1670 2003 2004 1671)
4(1982 1983 2004 2003)
4(1651 1672 2005 1984)
4(1671 2004 2005 1672)
4(1983 1984 2005 2004)
4(1652 1673 2006 1985)
4(1672 2005 2006 1673)
4(1984 1985 2006 2005)
4(1653 1674 2007 1986)
4(1673 2006 2007 1674)
4(1985 1986 2007 2006)
4(1654 1675 2008 1987)
4(1674 2007 2008 1675)
4(1986 1987 2008 2007)
4(1655 1676 2009 1988)
4(1675 2008 2009 1676)
4(1987 1988 2009 2008)
4(1656 1677 2010 1989)
4(1676 2009 2010 1677)
4(1988 1989 2010 2009)
4(1657 1678 2011 1990)
4(1677 2010 2011 1678)
4(1989 1990 2011 2010)
4(1658 1679 2012 1991)
4(1678 2011 2012 1679)
4(1990 1991 2012 2011)
4(1679 2012 2013 1680)
4(1991 1992 2013 2012)
4(1659 1680 2013 1992)
4(1661 1682 2015 1994)
4(1681 2014 2015 1682)
4(1993 1994 2015 2014)
4(1662 1683 2016 1995)
4(1682 2015 2016 1683)
4(1994 1995 2016 2015)
4(1663 1684 2017 1996)
4(1683 2016 2017 1684)
4(1995 1996 2017 2016)
4(1664 1685 2018 1997)
4(1684 2017 2018 1685)
4(1996 1997 2018 2017)
4(1665 1686 2019 1998)
4(1685 2018 2019 1686)
4(1997 1998 2019 2018)
4(1666 1687 2020 1999)
4(1686 2019 2020 1687)
4(1998 1999 2020 2019)
4(1667 1688 2021 2000)
4(1687 2020 2021 1688)
4(1999 2000 2021 2020)
4(1668 1689 2022 2001)
4(1688 2021 2022 1689)
4(2000 2001 2022 2021)
4(1669 1690 2023 2002)
4(1689 2022 2023 1690)
4(2001 2002 2023 2022)
4(1670 1691 2024 2003)
4(1690 2023 2024 1691)
4(2002 2003 2024 2023)
4(1671 1692 2025 2004)
4(1691 2024 2025 1692)
4(2003 2004 2025 2024)
4(1672 1693 2026 2005)
4(1692 2025 2026 1693)
4(2004 2005 2026 2025)
4(1673 1694 2027 2006)
4(1693 2026 2027 1694)
4(2005 2006 2027 2026)
4(1674 1695 2028 2007)
4(1694 2027 2028 1695)
4(2006 2007 2028 2027)
4(1675 1696 2029 2008)
4(1695 2028 2029 1696)
4(2007 2008 2029 2028)
4(1676 1697 2030 2009)
4(1696 2029 2030 1697)
4(2008 2009 2030 2029)
4(1677 1698 2031 2010)
4(1697 2030 2031 1698)
4(2009 2010 2031 2030)
4(1678 1699 2032 2011)
4(1698 2031 2032 1699)
4(2010 2011 2032 2031)
4(1679 1700 2033 2012)
4(1699 2032 2033 1700)
4(2011 2012 2033 2032)
4(1700 2033 2034 1701)
4(2012 2013 2034 2033)
4(1680 1701 2034 2013)
4(1682 1703 2036 2015)
4(1702 2035 2036 1703)
4(2014 2015 2036 2035)
4(1683 1704 2037 2016)
4(1703 2036 2037 1704)
4(2015 2016 2037 2036)
4(1684 1705 2038 2017)
4(1704 2037 2038 1705)
4(2016 2017 2038 2037)
4(1685 1706 2039 2018)
4(1705 2038 2039 1706)
4(2017 2018 2039 2038)
4(1686 1707 2040 2019)
4(1706 2039 2040 1707)
4(2018 2019 2040 2039)
4(1687 1708 2041 2020)
4(1707 2040 2041 1708)
4(2019 2020 2041 2040)
4(1688 1709 2042 2021)
4(1708 2041 2042 1709)
4(2020 2021 2042 2041)
4(1689 1710 2043 2022)
4(1709 2042 2043 1710)
4(2021 2022 2043 2042)
4(1690 1711 2044 2023)
4(1710 2043 2044 1711)
4(2022 2023 2044 2043)
4(1691 1712 2045 2024)
4(1711 2044 2045 1712)
4(2023 2024 2045 2044)
4(1692 1713 2046 2025)
4(1712 2045 2046 1713)
4(2024 2025 2046 2045)
4(1693 1714 2047 2026)
4(1713 2046 2047 1714)
4(2025 2026 2047 2046)
4(1694 1715 2048 2027)
4(1714 2047 2048 1715)
4(2026 2027 2048 2047)
4(1695 1716 2049 2028)
4(1715 2048 2049 1716)
4(2027 2028 2049 2048)
4(1696 1717 2050 2029)
4(1716 2049 2050 1717)
4(2028 2029 2050 2049)
4(1697 1718 2051 2030)
4(1717 2050 2051 1718)
4(2029 2030 2051 2050)
4(1698 1719 2052 2031)
4(1718 2051 2052 1719)
4(2030 2031 2052 2051)
4(1699 1720 2053 2032)
4(1719 2052 2053 1720)
4(2031 2032 2053 2052)
4(1700 1721 2054 2033)
4(1720 2053 2054 1721)
4(2032 2033 2054 2053)
4(1721 2054 2055 1722)
4(2033 2034 2055 2054)
4(1701 1722 2055 2034)
4(1703 1724 2057 2036)
4(1723 2056 2057 1724)
4(2035 2036 2057 2056)
4(1704 1725 2058 2037)
4(1724 2057 2058 1725)
4(2036 2037 2058 2057)
4(1705 1726 2059 2038)
4(1725 2058 2059 1726)
4(2037 2038 2059 2058)
4(1706 1727 2060 2039)
4(1726 2059 2060 1727)
4(2038 2039 2060 2059)
4(1707 1728 2061 2040)
4(1727 2060 2061 1728)
4(2039 2040 2061 2060)
4(1708 1729 2062 2041)
4(1728 2061 2062 1729)
4(2040 2041 2062 2061)
4(1709 1730 2063 2042)
4(1729 2062 2063 1730)
4(2041 2042 2063 2062)
4(1710 1731 2064 2043)
4(1730 2063 2064 1731)
4(2042 2043 2064 2063)
4(1711 1732 2065 2044)
4(1731 2064 2065 1732)
4(2043 2044 2065 2064)
4(1712 1733 2066 2045)
4(1732 2065 2066 1733)
4(2044 2045 2066 2065)
4(1713 1734 2067 2046)
4(1733 2066 2067 1734)
4(2045 2046 2067 2066)
4(1714 1735 2068 2047)
4(1734 2067 2068 1735)
4(2046 2047 2068 2067)
4(1715 1736 2069 2048)
4(1735 2068 2069 1736)
4(2047 2048 2069 2068)
4(1716 1737 2070 2049)
4(1736 2069 2070 1737)
4(2048 2049 2070 2069)
4(1717 1738 2071 2050)
4(1737 2070 2071 1738)
4(2049 2050 2071 2070)
4(1718 1739 2072 2051)
4(1738 2071 2072 1739)
4(2050 2051 2072 2071)
4(1719 1740 2073 2052)
4(1739 2072 2073 1740)
4(2051 2052 2073 2072)
4(1720 1741 2074 2053)
4(1740 2073 2074 1741)
4(2052 2053 2074 2073)
4(1721 1742 2075 2054)
4(1741 2074 2075 1742)
4(2053 2054 2075 2074)
4(1742 2075 2076 1743)
4(2054 2055 2076 2075)
4(1722 1743 2076 2055)
4(1724 1745 2078 2057)
4(1744 2077 2078 1745)
4(2056 2057 2078 2077)
4(1725 1746 2079 2058)
4(1745 2078 2079 1746)
4(2057 2058 2079 2078)
4(1726 1747 2080 2059)
4(1746 2079 2080 1747)
4(2058 2059 2080 2079)
4(1727 1748 2081 2060)
4(1747 2080 2081 1748)
4(2059 2060 2081 2080)
4(1728 1749 2082 2061)
4(1748 2081 2082 1749)
4(2060 2061 2082 2081)
4(1729 1750 2083 2062)
4(1749 2082 2083 1750)
4(2061 2062 2083 2082)
4(1730 1751 2084 2063)
4(1750 2083 2084 1751)
4(2062 2063 2084 2083)
4(1731 1752 2085 2064)
4(1751 2084 2085 1752)
4(2063 2064 2085 2084)
4(1732 1753 2086 2065)
4(1752 2085 2086 1753)
4(2064 2065 2086 2085)
4(1733 1754 2087 2066)
4(1753 2086 2087 1754)
4(2065 2066 2087 2086)
4(1734 1755 2088 2067)
4(1754 2087 2088 1755)
4(2066 2067 2088 2087)
4(1735 1756 2089 2068)
4(1755 2088 2089 1756)
4(2067 2068 2089 2088)
4(1736 1757 2090 2069)
4(1756 2089 2090 1757)
4(2068 2069 2090 2089)
4(1737 1758 2091 2070)
4(1757 2090 2091 1758)
4(2069 2070 2091 2090)
4(1738 1759 2092 2071)
4(1758 2091 2092 1759)
4(2070 2071 2092 2091)
4(1739 1760 2093 2072)
4(1759 2092 2093 1760)
4(2071 2072 2093 2092)
4(1740 1761 2094 2073)
4(1760 2093 2094 1761)
4(2072 2073 2094 2093)
4(1741 1762 2095 2074)
4(1761 2094 2095 1762)
4(2073 2074 2095 2094)
4(1742 1763 2096 2075)
4(1762 2095 2096 1763)
4(2074 2075 2096 2095)
4(1763 2096 2097 1764)
4(2075 2076 2097 2096)
4(1743 1764 2097 2076)
4(1745 1766 2099 2078)
4(1765 2098 2099 1766)
4(2077 2078 2099 2098)
4(1746 1767 2100 2079)
4(1766 2099 2100 1767)
4(2078 2079 2100 2099)
4(1747 1768 2101 2080)
4(1767 2100 2101 1768)
4(2079 2080 2101 2100)
4(1748 1769 2102 2081)
4(1768 2101 2102 1769)
4(2080 2081 2102 2101)
4(1749 1770 2103 2082)
4(1769 2102 2103 1770)
4(2081 2082 2103 2102)
4(1750 1771 2104 2083)
4(1770 2103 2104 1771)
4(2082 2083 2104 2103)
4(1751 1772 2105 2084)
4(1771 2104 2105 1772)
4(2083 2084 2105 2104)
4(1752 1773 2106 2085)
4(1772 2105 2106 1773)
4(2084 2085 2106 2105)
4(1753 1774 2107 2086)
4(1773 2106 2107 1774)
4(2085 2086 2107 2106)
4(1754 1775 2108 2087)
4(1774 2107 2108 1775)
4(2086 2087 2108 2107)
4(1755 1776 2109 2088)
4(1775 2108 2109 1776)
4(2087 2088 2109 2108)
4(1756 1777 2110 2089)
4(1776 2109 2110 1777)
4(2088 2089 2110 2109)
4(1757 1778 2111 2090)
4(1777 2110 2111 1778)
4(2089 2090 2111 2110)
4(1758 1779 2112 2091)
4(1778 2111 2112 1779)
4(2090 2091 2112 2111)
4(1759 1780 2113 2092)
4(1779 2112 2113 1780)
4(2091 2092 2113 2112)
4(1760 1781 2114 2093)
4(1780 2113 2114 1781)
4(2092 2093 2114 2113)
4(1761 1782 2115 2094)
4(1781 2114 2115 1782)
4(2093 2094 2115 2114)
4(1762 1783 2116 2095)
4(1782 2115 2116 1783)
4(2094 2095 2116 2115)
4(1763 1784 2117 2096)
4(1783 2116 2117 1784)
4(2095 2096 2117 2116)
4(1784 2117 2118 1785)
4(2096 2097 2118 2117)
4(1764 1785 2118 2097)
4(1766 1787 2120 2099)
4(1786 2119 2120 1787)
4(2098 2099 2120 2119)
4(1767 1788 2121 2100)
4(1787 2120 2121 1788)
4(2099 2100 2121 2120)
4(1768 1789 2122 2101)
4(1788 2121 2122 1789)
4(2100 2101 2122 2121)
4(1769 1790 2123 2102)
4(1789 2122 2123 1790)
4(2101 2102 2123 2122)
4(1770 1791 2124 2103)
4(1790 2123 2124 1791)
4(2102 2103 2124 2123)
4(1771 1792 2125 2104)
4(1791 2124 2125 1792)
4(2103 2104 2125 2124)
4(1772 1793 2126 2105)
4(1792 2125 2126 1793)
4(2104 2105 2126 2125)
4(1773 1794 2127 2106)
4(1793 2126 2127 1794)
4(2105 2106 2127 2126)
4(1774 1795 2128 2107)
4(1794 2127 2128 1795)
4(2106 2107 2128 2127)
4(1775 1796 2129 2108)
4(1795 2128 2129 1796)
4(2107 2108 2129 2128)
4(1776 1797 2130 2109)
4(1796 2129 2130 1797)
4(2108 2109 2130 2129)
4(1777 1798 2131 2110)
4(1797 2130 2131 1798)
4(2109 2110 2131 2130)
4(1778 1799 2132 2111)
4(1798 2131 2132 1799)
4(2110 2111 2132 2131)
4(1779 1800 2133 2112)
4(1799 2132 2133 1800)
4(2111 2112 2133 2132)
4(1780 1801 2134 2113)
4(1800 2133 2134 1801)
4(2112 2113 2134 2133)
4(1781 1802 2135 2114)
4(1801 2134 2135 1802)
4(2113 2114 2135 2134)
4(1782 1803 2136 2115)
4(1802 2135 2136 1803)
4(2114 2115 2136 2135)
4(1783 1804 2137 2116)
4(1803 2136 2137 1804)
4(2115 2116 2137 2136)
4(1784 1805 2138 2117)
4(1804 2137 2138 1805)
4(2116 2117 2138 2137)
4(1805 2138 2139 1806)
4(2117 2118 2139 2138)
4(1785 1806 2139 2118)
4(1787 1808 2141 2120)
4(1807 2140 2141 1808)
4(2119 2120 2141 2140)
4(1788 1809 2142 2121)
4(1808 2141 2142 1809)
4(2120 2121 2142 2141)
4(1789 1810 2143 2122)
4(1809 2142 2143 1810)
4(2121 2122 2143 2142)
4(1790 1811 2144 2123)
4(1810 2143 2144 1811)
4(2122 2123 2144 2143)
4(1791 1812 2145 2124)
4(1811 2144 2145 1812)
4(2123 2124 2145 2144)
4(1792 1813 2146 2125)
4(1812 2145 2146 1813)
4(2124 2125 2146 2145)
4(1793 1814 2147 2126)
4(1813 2146 2147 1814)
4(2125 2126 2147 2146)
4(1794 1815 2148 2127)
4(1814 2147 2148 1815)
4(2126 2127 2148 2147)
4(1795 1816 2149 2128)
4(1815 2148 2149 1816)
4(2127 2128 2149 2148)
4(1796 1817 2150 2129)
4(1816 2149 2150 1817)
4(2128 2129 2150 2149)
4(1797 1818 2151 2130)
4(1817 2150 2151 1818)
4(2129 2130 2151 2150)
4(1798 1819 2152 2131)
4(1818 2151 2152 1819)
4(2130 2131 2152 2151)
4(1799 1820 2153 2132)
4(1819 2152 2153 1820)
4(2131 2132 2153 2152)
4(1800 1821 2154 2133)
4(1820 2153 2154 1821)
4(2132 2133 2154 2153)
4(1801 1822 2155 2134)
4(1821 2154 2155 1822)
4(2133 2134 2155 2154)
4(1802 1823 2156 2135)
4(1822 2155 2156 1823)
4(2134 2135 2156 2155)
4(1803 1824 2157 2136)
4(1823 2156 2157 1824)
4(2135 2136 2157 2156)
4(1804 1825 2158 2137)
4(1824 2157 2158 1825)
4(2136 2137 2158 2157)
4(1805 1826 2159 2138)
4(1825 2158 2159 1826)
4(2137 2138 2159 2158)
4(1826 2159 2160 1827)
4(2138 2139 2160 2159)
4(1806 1827 2160 2139)
4(1808 1829 2162 2141)
4(1828 2161 2162 1829)
4(2140 2141 2162 2161)
4(1809 1830 2163 2142)
4(1829 2162 2163 1830)
4(2141 2142 2163 2162)
4(1810 1831 2164 2143)
4(1830 2163 2164 1831)
4(2142 2143 2164 2163)
4(1811 1832 2165 2144)
4(1831 2164 2165 1832)
4(2143 2144 2165 2164)
4(1812 1833 2166 2145)
4(1832 2165 2166 1833)
4(2144 2145 2166 2165)
4(1813 1834 2167 2146)
4(1833 2166 2167 1834)
4(2145 2146 2167 2166)
4(1814 1835 2168 2147)
4(1834 2167 2168 1835)
4(2146 2147 2168 2167)
4(1815 1836 2169 2148)
4(1835 2168 2169 1836)
4(2147 2148 2169 2168)
4(1816 1837 2170 2149)
4(1836 2169 2170 1837)
4(2148 2149 2170 2169)
4(1817 1838 2171 2150)
4(1837 2170 2171 1838)
4(2149 2150 2171 2170)
4(1818 1839 2172 2151)
4(1838 2171 2172 1839)
4(2150 2151 2172 2171)
4(1819 1840 2173 2152)
4(1839 2172 2173 1840)
4(2151 2152 2173 2172)
4(1820 1841 2174 2153)
4(1840 2173 2174 1841)
4(2152 2153 2174 2173)
4(1821 1842 2175 2154)
4(1841 2174 2175 1842)
4(2153 2154 2175 2174)
4(1822 1843 2176 2155)
4(1842 2175 2176 1843)
4(2154 2155 2176 2175)
4(1823 1844 2177 2156)
4(1843 2176 2177 1844)
4(2155 2156 2177 2176)
4(1824 1845 2178 2157)
4(1844 2177 2178 1845)
4(2156 2157 2178 2177)
4(1825 1846 2179 2158)
4(1845 2178 2179 1846)
4(2157 2158 2179 2178)
4(1826 1847 2180 2159)
4(1846 2179 2180 1847)
4(2158 2159 2180 2179)
4(1847 2180 2181 1848)
4(2159 2160 2181 2180)
4(1827 1848 2181 2160)
4(1829 1850 2183 2162)
4(2161 2162 2183 2182)
4(1830 1851 2184 2163)
4(1850 2183 2184 1851)
4(2162 2163 2184 2183)
4(1831 1852 2185 2164)
4(1851 2184 2185 1852)
4(2163 2164 2185 2184)
4(1832 1853 2186 2165)
4(1852 2185 2186 1853)
4(2164 2165 2186 2185)
4(1833 1854 2187 2166)
4(1853 2186 2187 1854)
4(2165 2166 2187 2186)
4(1834 1855 2188 2167)
4(1854 2187 2188 1855)
4(2166 2167 2188 2187)
4(1835 1856 2189 2168)
4(1855 2188 2189 1856)
4(2167 2168 2189 2188)
4(1836 1857 2190 2169)
4(1856 2189 2190 1857)
4(2168 2169 2190 2189)
4(1837 1858 2191 2170)
4(1857 2190 2191 1858)
4(2169 2170 2191 2190)
4(1838 1859 2192 2171)
4(1858 2191 2192 1859)
4(2170 2171 2192 2191)
4(1839 1860 2193 2172)
4(1859 2192 2193 1860)
4(2171 2172 2193 2192)
4(1840 1861 2194 2173)
4(1860 2193 2194 1861)
4(2172 2173 2194 2193)
4(1841 1862 2195 2174)
4(1861 2194 2195 1862)
4(2173 2174 2195 2194)
4(1842 1863 2196 2175)
4(1862 2195 2196 1863)
4(2174 2175 2196 2195)
4(1843 1864 2197 2176)
4(1863 2196 2197 1864)
4(2175 2176 2197 2196)
4(1844 1865 2198 2177)
4(1864 2197 2198 1865)
4(2176 2177 2198 2197)
4(1845 1866 2199 2178)
4(1865 2198 2199 1866)
4(2177 2178 2199 2198)
4(1846 1867 2200 2179)
4(1866 2199 2200 1867)
4(2178 2179 2200 2199)
4(1847 1868 2201 2180)
4(1867 2200 2201 1868)
4(2179 2180 2201 2200)
4(1868 2201 2202 1869)
4(2180 2181 2202 2201)
4(1848 1869 2202 2181)
4(1851 1871 2204 2184)
4(1870 2203 2204 1871)
4(2183 2184 2204 2203)
4(1852 1872 2205 2185)
4(1871 2204 2205 1872)
4(2184 2185 2205 2204)
4(1853 1873 2206 2186)
4(1872 2205 2206 1873)
4(2185 2186 2206 2205)
4(1854 1874 2207 2187)
4(1873 2206 2207 1874)
4(2186 2187 2207 2206)
4(1855 1875 2208 2188)
4(1874 2207 2208 1875)
4(2187 2188 2208 2207)
4(1856 1876 2209 2189)
4(1875 2208 2209 1876)
4(2188 2189 2209 2208)
4(1857 1877 2210 2190)
4(1876 2209 2210 1877)
4(2189 2190 2210 2209)
4(1858 1878 2211 2191)
4(1877 2210 2211 1878)
4(2190 2191 2211 2210)
4(1859 1879 2212 2192)
4(1878 2211 2212 1879)
4(2191 2192 2212 2211)
4(1860 1880 2213 2193)
4(1879 2212 2213 1880)
4(2192 2193 2213 2212)
4(1861 1881 2214 2194)
4(1880 2213 2214 1881)
4(2193 2194 2214 2213)
4(1862 1882 2215 2195)
4(1881 2214 2215 1882)
4(2194 2195 2215 2214)
4(1863 1883 2216 2196)
4(1882 2215 2216 1883)
4(2195 2196 2216 2215)
4(1864 1884 2217 2197)
4(1883 2216 2217 1884)
4(2196 2197 2217 2216)
4(1865 1885 2218 2198)
4(1884 2217 2218 1885)
4(2197 2198 2218 2217)
4(1866 1886 2219 2199)
4(1885 2218 2219 1886)
4(2198 2199 2219 2218)
4(1867 1887 2220 2200)
4(1886 2219 2220 1887)
4(2199 2200 2220 2219)
4(1868 1888 2221 2201)
4(1887 2220 2221 1888)
4(2200 2201 2221 2220)
4(1888 2221 2222 1889)
4(2201 2202 2222 2221)
4(1869 1889 2222 2202)
4(1871 1891 2224 2204)
4(1890 2223 2224 1891)
4(2203 2204 2224 2223)
4(1872 1892 2225 2205)
4(1891 2224 2225 1892)
4(2204 2205 2225 2224)
4(1873 1893 2226 2206)
4(1892 2225 2226 1893)
4(2205 2206 2226 2225)
4(1874 1894 2227 2207)
4(1893 2226 2227 1894)
4(2206 2207 2227 2226)
4(1875 1895 2228 2208)
4(1894 2227 2228 1895)
4(2207 2208 2228 2227)
4(1876 1896 2229 2209)
4(1895 2228 2229 1896)
4(2208 2209 2229 2228)
4(1877 1897 2230 2210)
4(1896 2229 2230 1897)
4(2209 2210 2230 2229)
4(1878 1898 2231 2211)
4(1897 2230 2231 1898)
4(2210 2211 2231 2230)
4(1879 1899 2232 2212)
4(1898 2231 2232 1899)
4(2211 2212 2232 2231)
4(1880 1900 2233 2213)
4(1899 2232 2233 1900)
4(2212 2213 2233 2232)
4(1881 1901 2234 2214)
4(1900 2233 2234 1901)
4(2213 2214 2234 2233)
4(1882 1902 2235 2215)
4(1901 2234 2235 1902)
4(2214 2215 2235 2234)
4(1883 1903 2236 2216)
4(1902 2235 2236 1903)
4(2215 2216 2236 2235)
4(1884 1904 2237 2217)
4(1903 2236 2237 1904)
4(2216 2217 2237 2236)
4(1885 1905 2238 2218)
4(1904 2237 2238 1905)
4(2217 2218 2238 2237)
4(1886 1906 2239 2219)
4(1905 2238 2239 1906)
4(2218 2219 2239 2238)
4(1887 1907 2240 2220)
4(1906 2239 2240 1907)
4(2219 2220 2240 2239)
4(1888 1908 2241 2221)
4(1907 2240 2241 1908)
4(2220 2221 2241 2240)
4(1908 2241 2242 1909)
4(2221 2222 2242 2241)
4(1889 1909 2242 2222)
4(1891 1911 2244 2224)
4(1910 2243 2244 1911)
4(2223 2224 2244 2243)
4(1892 1912 2245 2225)
4(1911 2244 2245 1912)
4(2224 2225 2245 2244)
4(1893 1913 2246 2226)
4(1912 2245 2246 1913)
4(2225 2226 2246 2245)
4(1894 1914 2247 2227)
4(1913 2246 2247 1914)
4(2226 2227 2247 2246)
4(1895 1915 2248 2228)
4(1914 2247 2248 1915)
4(2227 2228 2248 2247)
4(1896 1916 2249 2229)
4(1915 2248 2249 1916)
4(2228 2229 2249 2248)
4(1897 1917 2250 2230)
4(1916 2249 2250 1917)
4(2229 2230 2250 2249)
4(1898 1918 2251 2231)
4(1917 2250 2251 1918)
4(2230 2231 2251 2250)
4(1899 1919 2252 2232)
4(1918 2251 2252 1919)
4(2231 2232 2252 2251)
4(1900 1920 2253 2233)
4(1919 2252 2253 1920)
4(2232 2233 2253 2252)
4(1901 1921 2254 2234)
4(1920 2253 2254 1921)
4(2233 2234 2254 2253)
4(1902 1922 2255 2235)
4(1921 2254 2255 1922)
4(2234 2235 2255 2254)
4(1903 1923 2256 2236)
4(1922 2255 2256 1923)
4(2235 2236 2256 2255)
4(1904 1924 2257 2237)
4(1923 2256 2257 1924)
4(2236 2237 2257 2256)
4(1905 1925 2258 2238)
4(1924 2257 2258 1925)
4(2237 2238 2258 2257)
4(1906 1926 2259 2239)
4(1925 2258 2259 1926)
4(2238 2239 2259 2258)
4(1907 1927 2260 2240)
4(1926 2259 2260 1927)
4(2239 2240 2260 2259)
4(1908 1928 2261 2241)
4(1927 2260 2261 1928)
4(2240 2241 2261 2260)
4(1928 2261 2262 1929)
4(2241 2242 2262 2261)
4(1909 1929 2262 2242)
4(1911 1931 2264 2244)
4(2243 2244 2264 2263)
4(1912 1932 2265 2245)
4(1931 2264 2265 1932)
4(2244 2245 2265 2264)
4(1913 1933 2266 2246)
4(1932 2265 2266 1933)
4(2245 2246 2266 2265)
4(1914 1934 2267 2247)
4(1933 2266 2267 1934)
4(2246 2247 2267 2266)
4(1915 1935 2268 2248)
4(1934 2267 2268 1935)
4(2247 2248 2268 2267)
4(1916 1936 2269 2249)
4(1935 2268 2269 1936)
4(2248 2249 2269 2268)
4(1917 1937 2270 2250)
4(1936 2269 2270 1937)
4(2249 2250 2270 2269)
4(1918 1938 2271 2251)
4(1937 2270 2271 1938)
4(2250 2251 2271 2270)
4(1919 1939 2272 2252)
4(1938 2271 2272 1939)
4(2251 2252 2272 2271)
4(1920 1940 2273 2253)
4(1939 2272 2273 1940)
4(2252 2253 2273 2272)
4(1921 1941 2274 2254)
4(1940 2273 2274 1941)
4(2253 2254 2274 2273)
4(1922 1942 2275 2255)
4(1941 2274 2275 1942)
4(2254 2255 2275 2274)
4(1923 1943 2276 2256)
4(1942 2275 2276 1943)
4(2255 2256 2276 2275)
4(1924 1944 2277 2257)
4(1943 2276 2277 1944)
4(2256 2257 2277 2276)
4(1925 1945 2278 2258)
4(1944 2277 2278 1945)
4(2257 2258 2278 2277)
4(1926 1946 2279 2259)
4(1945 2278 2279 1946)
4(2258 2259 2279 2278)
4(1927 1947 2280 2260)
4(1946 2279 2280 1947)
4(2259 2260 2280 2279)
4(1928 1948 2281 2261)
4(1947 2280 2281 1948)
4(2260 2261 2281 2280)
4(1948 2281 2282 1949)
4(2261 2262 2282 2281)
4(1929 1949 2282 2262)
4(1932 1951 2284 2265)
4(1950 2283 2284 1951)
4(2264 2265 2284 2283)
4(1933 1952 2285 2266)
4(1951 2284 2285 1952)
4(2265 2266 2285 2284)
4(1934 1953 2286 2267)
4(2266 2267 2286 2285)
4(1935 1954 2287 2268)
4(2267 2268 2287 2286)
4(1936 1955 2288 2269)
4(2268 2269 2288 2287)
4(1937 1956 2289 2270)
4(2269 2270 2289 2288)
4(1938 1957 2290 2271)
4(2270 2271 2290 2289)
4(1939 1958 2291 2272)
4(2271 2272 2291 2290)
4(1940 1959 2292 2273)
4(2272 2273 2292 2291)
4(1941 1960 2293 2274)
4(2273 2274 2293 2292)
4(1942 1961 2294 2275)
4(2274 2275 2294 2293)
4(1943 1962 2295 2276)
4(2275 2276 2295 2294)
4(1944 1963 2296 2277)
4(2276 2277 2296 2295)
4(1945 1964 2297 2278)
4(2277 2278 2297 2296)
4(1946 1965 2298 2279)
4(2278 2279 2298 2297)
4(1947 1966 2299 2280)
4(2279 2280 2299 2298)
4(1948 1967 2300 2281)
4(2280 2281 2300 2299)
4(2281 2282 2301 2300)
4(1949 1968 2301 2282)
4(1951 1970 2303 2284)
4(1973 1994 2327 2306)
4(1993 2326 2327 1994)
4(2305 2306 2327 2326)
4(1974 1995 2328 2307)
4(1994 2327 2328 1995)
4(2306 2307 2328 2327)
4(1975 1996 2329 2308)
4(1995 2328 2329 1996)
4(2307 2308 2329 2328)
4(1976 1997 2330 2309)
4(1996 2329 2330 1997)
4(2308 2309 2330 2329)
4(1977 1998 2331 2310)
4(1997 2330 2331 1998)
4(2309 2310 2331 2330)
4(1978 1999 2332 2311)
4(1998 2331 2332 1999)
4(2310 2311 2332 2331)
4(1979 2000 2333 2312)
4(1999 2332 2333 2000)
4(2311 2312 2333 2332)
4(1980 2001 2334 2313)
4(2000 2333 2334 2001)
4(2312 2313 2334 2333)
4(1981 2002 2335 2314)
4(2001 2334 2335 2002)
4(2313 2314 2335 2334)
4(1982 2003 2336 2315)
4(2002 2335 2336 2003)
4(2314 2315 2336 2335)
4(1983 2004 2337 2316)
4(2003 2336 2337 2004)
4(2315 2316 2337 2336)
4(1984 2005 2338 2317)
4(2004 2337 2338 2005)
4(2316 2317 2338 2337)
4(1985 2006 2339 2318)
4(2005 2338 2339 2006)
4(2317 2318 2339 2338)
4(1986 2007 2340 2319)
4(2006 2339 2340 2007)
4(2318 2319 2340 2339)
4(1987 2008 2341 2320)
4(2007 2340 2341 2008)
4(2319 2320 2341 2340)
4(1988 2009 2342 2321)
4(2008 2341 2342 2009)
4(2320 2321 2342 2341)
4(1989 2010 2343 2322)
4(2009 2342 2343 2010)
4(2321 2322 2343 2342)
4(1990 2011 2344 2323)
4(2010 2343 2344 2011)
4(2322 2323 2344 2343)
4(1991 2012 2345 2324)
4(2011 2344 2345 2012)
4(2323 2324 2345 2344)
4(2012 2345 2346 2013)
4(1992 2013 2346 2325)
4(2324 2325 2346 2345)
4(1994 2015 2348 2327)
4(2014 2347 2348 2015)
4(2326 2327 2348 2347)
4(1995 2016 2349 2328)
4(2015 2348 2349 2016)
4(2327 2328 2349 2348)
4(1996 2017 2350 2329)
4(2016 2349 2350 2017)
4(2328 2329 2350 2349)
4(1997 2018 2351 2330)
4(2017 2350 2351 2018)
4(2329 2330 2351 2350)
4(1998 2019 2352 2331)
4(2018 2351 2352 2019)
4(2330 2331 2352 2351)
4(1999 2020 2353 2332)
4(2019 2352 2353 2020)
4(2331 2332 2353 2352)
4(2000 2021 2354 2333)
4(2020 2353 2354 2021)
4(2332 2333 2354 2353)
4(2001 2022 2355 2334)
4(2021 2354 2355 2022)
4(2333 2334 2355 2354)
4(2002 2023 2356 2335)
4(2022 2355 2356 2023)
4(2334 2335 2356 2355)
4(2003 2024 2357 2336)
4(2023 2356 2357 2024)
4(2335 2336 2357 2356)
4(2004 2025 2358 2337)
4(2024 2357 2358 2025)
4(2336 2337 2358 2357)
4(2005 2026 2359 2338)
4(2025 2358 2359 2026)
4(2337 2338 2359 2358)
4(2006 2027 2360 2339)
4(2026 2359 2360 2027)
4(2338 2339 2360 2359)
4(2007 2028 2361 2340)
4(2027 2360 2361 2028)
4(2339 2340 2361 2360)
4(2008 2029 2362 2341)
4(2028 2361 2362 2029)
4(2340 2341 2362 2361)
4(2009 2030 2363 2342)
4(2029 2362 2363 2030)
4(2341 2342 2363 2362)
4(2010 2031 2364 2343)
4(2030 2363 2364 2031)
4(2342 2343 2364 2363)
4(2011 2032 2365 2344)
4(2031 2364 2365 2032)
4(2343 2344 2365 2364)
4(2012 2033 2366 2345)
4(2032 2365 2366 2033)
4(2344 2345 2366 2365)
4(2033 2366 2367 2034)
4(2013 2034 2367 2346)
4(2345 2346 2367 2366)
4(2015 2036 2369 2348)
4(2035 2368 2369 2036)
4(2347 2348 2369 2368)
4(2016 2037 2370 2349)
4(2036 2369 2370 2037)
4(2348 2349 2370 2369)
4(2017 2038 2371 2350)
4(2037 2370 2371 2038)
4(2349 2350 2371 2370)
4(2018 2039 2372 2351)
4(2038 2371 2372 2039)
4(2350 2351 2372 2371)
4(2019 2040 2373 2352)
4(2039 2372 2373 2040)
4(2351 2352 2373 2372)
4(2020 2041 2374 2353)
4(2040 2373 2374 2041)
4(2352 2353 2374 2373)
4(2021 2042 2375 2354)
4(2041 2374 2375 2042)
4(2353 2354 2375 2374)
4(2022 2043 2376 2355)
4(2042 2375 2376 2043)
4(2354 2355 2376 2375)
4(2023 2044 2377 2356)
4(2043 2376 2377 2044)
4(2355 2356 2377 2376)
4(2024 2045 2378 2357)
4(2044 2377 2378 2045)
4(2356 2357 2378 2377)
4(2025 2046 2379 2358)
4(2045 2378 2379 2046)
4(2357 2358 2379 2378)
4(2026 2047 2380 2359)
4(2046 2379 2380 2047)
4(2358 2359 2380 2379)
4(2027 2048 2381 2360)
4(2047 2380 2381 2048)
4(2359 2360 2381 2380)
4(2028 2049 2382 2361)
4(2048 2381 2382 2049)
4(2360 2361 2382 2381)
4(2029 2050 2383 2362)
4(2049 2382 2383 2050)
4(2361 2362 2383 2382)
4(2030 2051 2384 2363)
4(2050 2383 2384 2051)
4(2362 2363 2384 2383)
4(2031 2052 2385 2364)
4(2051 2384 2385 2052)
4(2363 2364 2385 2384)
4(2032 2053 2386 2365)
4(2052 2385 2386 2053)
4(2364 2365 2386 2385)
4(2033 2054 2387 2366)
4(2053 2386 2387 2054)
4(2365 2366 2387 2386)
4(2054 2387 2388 2055)
4(2034 2055 2388 2367)
4(2366 2367 2388 2387)
4(2036 2057 2390 2369)
4(2056 2389 2390 2057)
4(2368 2369 2390 2389)
4(2037 2058 2391 2370)
4(2057 2390 2391 2058)
4(2369 2370 2391 2390)
4(2038 2059 2392 2371)
4(2058 2391 2392 2059)
4(2370 2371 2392 2391)
4(2039 2060 2393 2372)
4(2059 2392 2393 2060)
4(2371 2372 2393 2392)
4(2040 2061 2394 2373)
4(2060 2393 2394 2061)
4(2372 2373 2394 2393)
4(2041 2062 2395 2374)
4(2061 2394 2395 2062)
4(2373 2374 2395 2394)
4(2042 2063 2396 2375)
4(2062 2395 2396 2063)
4(2374 2375 2396 2395)
4(2043 2064 2397 2376)
4(2063 2396 2397 2064)
4(2375 2376 2397 2396)
4(2044 2065 2398 2377)
4(2064 2397 2398 2065)
4(2376 2377 2398 2397)
4(2045 2066 2399 2378)
4(2065 2398 2399 2066)
4(2377 2378 2399 2398)
4(2046 2067 2400 2379)
4(2066 2399 2400 2067)
4(2378 2379 2400 2399)
4(2047 2068 2401 2380)
4(2067 2400 2401 2068)
4(2379 2380 2401 2400)
4(2048 2069 2402 2381)
4(2068 2401 2402 2069)
4(2380 2381 2402 2401)
4(2049 2070 2403 2382)
4(2069 2402 2403 2070)
4(2381 2382 2403 2402)
4(2050 2071 2404 2383)
4(2070 2403 2404 2071)
4(2382 2383 2404 2403)
4(2051 2072 2405 2384)
4(2071 2404 2405 2072)
4(2383 2384 2405 2404)
4(2052 2073 2406 2385)
4(2072 2405 2406 2073)
4(2384 2385 2406 2405)
4(2053 2074 2407 2386)
4(2073 2406 2407 2074)
4(2385 2386 2407 2406)
4(2054 2075 2408 2387)
4(2074 2407 2408 2075)
4(2386 2387 2408 2407)
4(2075 2408 2409 2076)
4(2055 2076 2409 2388)
4(2387 2388 2409 2408)
4(2057 2078 2411 2390)
4(2077 2410 2411 2078)
4(2389 2390 2411 2410)
4(2058 2079 2412 2391)
4(2078 2411 2412 2079)
4(2390 2391 2412 2411)
4(2059 2080 2413 2392)
4(2079 2412 2413 2080)
4(2391 2392 2413 2412)
4(2060 2081 2414 2393)
4(2080 2413 2414 2081)
4(2392 2393 2414 2413)
4(2061 2082 2415 2394)
4(2081 2414 2415 2082)
4(2393 2394 2415 2414)
4(2062 2083 2416 2395)
4(2082 2415 2416 2083)
4(2394 2395 2416 2415)
4(2063 2084 2417 2396)
4(2083 2416 2417 2084)
4(2395 2396 2417 2416)
4(2064 2085 2418 2397)
4(2084 2417 2418 2085)
4(2396 2397 2418 2417)
4(2065 2086 2419 2398)
4(2085 2418 2419 2086)
4(2397 2398 2419 2418)
4(2066 2087 2420 2399)
4(2086 2419 2420 2087)
4(2398 2399 2420 2419)
4(2067 2088 2421 2400)
4(2087 2420 2421 2088)
4(2399 2400 2421 2420)
4(2068 2089 2422 2401)
4(2088 2421 2422 2089)
4(2400 2401 2422 2421)
4(2069 2090 2423 2402)
4(2089 2422 2423 2090)
4(2401 2402 2423 2422)
4(2070 2091 2424 2403)
4(2090 2423 2424 2091)
4(2402 2403 2424 2423)
4(2071 2092 2425 2404)
4(2091 2424 2425 2092)
4(2403 2404 2425 2424)
4(2072 2093 2426 2405)
4(2092 2425 2426 2093)
4(2404 2405 2426 2425)
4(2073 2094 2427 2406)
4(2093 2426 2427 2094)
4(2405 2406 2427 2426)
4(2074 2095 2428 2407)
4(2094 2427 2428 2095)
4(2406 2407 2428 2427)
4(2075 2096 2429 2408)
4(2095 2428 2429 2096)
4(2407 2408 2429 2428)
4(2096 2429 2430 2097)
4(2076 2097 2430 2409)
4(2408 2409 2430 2429)
4(2078 2099 2432 2411)
4(2098 2431 2432 2099)
4(2410 2411 2432 2431)
4(2079 2100 2433 2412)
4(2099 2432 2433 2100)
4(2411 2412 2433 2432)
4(2080 2101 2434 2413)
4(2100 2433 2434 2101)
4(2412 2413 2434 2433)
4(2081 2102 2435 2414)
4(2101 2434 2435 2102)
4(2413 2414 2435 2434)
4(2082 2103 2436 2415)
4(2102 2435 2436 2103)
4(2414 2415 2436 2435)
4(2083 2104 2437 2416)
4(2103 2436 2437 2104)
4(2415 2416 2437 2436)
4(2084 2105 2438 2417)
4(2104 2437 2438 2105)
4(2416 2417 2438 2437)
4(2085 2106 2439 2418)
4(2105 2438 2439 2106)
4(2417 2418 2439 2438)
4(2086 2107 2440 2419)
4(2106 2439 2440 2107)
4(2418 2419 2440 2439)
4(2087 2108 2441 2420)
4(2107 2440 2441 2108)
4(2419 2420 2441 2440)
4(2088 2109 2442 2421)
4(2108 2441 2442 2109)
4(2420 2421 2442 2441)
4(2089 2110 2443 2422)
4(2109 2442 2443 2110)
4(2421 2422 2443 2442)
4(2090 2111 2444 2423)
4(2110 2443 2444 2111)
4(2422 2423 2444 2443)
4(2091 2112 2445 2424)
4(2111 2444 2445 2112)
4(2423 2424 2445 2444)
4(2092 2113 2446 2425)
4(2112 2445 2446 2113)
4(2424 2425 2446 2445)
4(2093 2114 2447 2426)
4(2113 2446 2447 2114)
4(2425 2426 2447 2446)
4(2094 2115 2448 2427)
4(2114 2447 2448 2115)
4(2426 2427 2448 2447)
4(2095 2116 2449 2428)
4(2115 2448 2449 2116)
4(2427 2428 2449 2448)
4(2096 2117 2450 2429)
4(2116 2449 2450 2117)
4(2428 2429 2450 2449)
4(2117 2450 2451 2118)
4(2097 2118 2451 2430)
4(2429 2430 2451 2450)
4(2099 2120 2453 2432)
4(2119 2452 2453 2120)
4(2431 2432 2453 2452)
4(2100 2121 2454 2433)
4(2120 2453 2454 2121)
4(2432 2433 2454 2453)
4(2101 2122 2455 2434)
4(2121 2454 2455 2122)
4(2433 2434 2455 2454)
4(2102 2123 2456 2435)
4(2122 2455 2456 2123)
4(2434 2435 2456 2455)
4(2103 2124 2457 2436)
4(2123 2456 2457 2124)
4(2435 2436 2457 2456)
4(2104 2125 2458 2437)
4(2124 2457 2458 2125)
4(2436 2437 2458 2457)
4(2105 2126 2459 2438)
4(2125 2458 2459 2126)
4(2437 2438 2459 2458)
4(2106 2127 2460 2439)
4(2126 2459 2460 2127)
4(2438 2439 2460 2459)
4(2107 2128 2461 2440)
4(2127 2460 2461 2128)
4(2439 2440 2461 2460)
4(2108 2129 2462 2441)
4(2128 2461 2462 2129)
4(2440 2441 2462 2461)
4(2109 2130 2463 2442)
4(2129 2462 2463 2130)
4(2441 2442 2463 2462)
4(2110 2131 2464 2443)
4(2130 2463 2464 2131)
4(2442 2443 2464 2463)
4(2111 2132 2465 2444)
4(2131 2464 2465 2132)
4(2443 2444 2465 2464)
4(2112 2133 2466 2445)
4(2132 2465 2466 2133)
4(2444 2445 2466 2465)
4(2113 2134 2467 2446)
4(2133 2466 2467 2134)
4(2445 2446 2467 2466)
4(2114 2135 2468 2447)
4(2134 2467 2468 2135)
4(2446 2447 2468 2467)
4(2115 2136 2469 2448)
4(2135 2468 2469 2136)
4(2447 2448 2469 2468)
4(2116 2137 2470 2449)
4(2136 2469 2470 2137)
4(2448 2449 2470 2469)
4(2117 2138 2471 2450)
4(2137 2470 2471 2138)
4(2449 2450 2471 2470)
4(2138 2471 2472 2139)
4(2118 2139 2472 2451)
4(2450 2451 2472 2471)
4(2120 2141 2474 2453)
4(2140 2473 2474 2141)
4(2452 2453 2474 2473)
4(2121 2142 2475 2454)
4(2141 2474 2475 2142)
4(2453 2454 2475 2474)
4(2122 2143 2476 2455)
4(2142 2475 2476 2143)
4(2454 2455 2476 2475)
4(2123 2144 2477 2456)
4(2143 2476 2477 2144)
4(2455 2456 2477 2476)
4(2124 2145 2478 2457)
4(2144 2477 2478 2145)
4(2456 2457 2478 2477)
4(2125 2146 2479 2458)
4(2145 2478 2479 2146)
4(2457 2458 2479 2478)
4(2126 2147 2480 2459)
4(2146 2479 2480 2147)
4(2458 2459 2480 2479)
4(2127 2148 2481 2460)
4(2147 2480 2481 2148)
4(2459 2460 2481 2480)
4(2128 2149 2482 2461)
4(2148 2481 2482 2149)
4(2460 2461 2482 2481)
4(2129 2150 2483 2462)
4(2149 2482 2483 2150)
4(2461 2462 2483 2482)
4(2130 2151 2484 2463)
4(2150 2483 2484 2151)
4(2462 2463 2484 2483)
4(2131 2152 2485 2464)
4(2151 2484 2485 2152)
4(2463 2464 2485 2484)
4(2132 2153 2486 2465)
4(2152 2485 2486 2153)
4(2464 2465 2486 2485)
4(2133 2154 2487 2466)
4(2153 2486 2487 2154)
4(2465 2466 2487 2486)
4(2134 2155 2488 2467)
4(2154 2487 2488 2155)
4(2466 2467 2488 2487)
4(2135 2156 2489 2468)
4(2155 2488 2489 2156)
4(2467 2468 2489 2488)
4(2136 2157 2490 2469)
4(2156 2489 2490 2157)
4(2468 2469 2490 2489)
4(2137 2158 2491 2470)
4(2157 2490 2491 2158)
4(2469 2470 2491 2490)
4(2138 2159 2492 2471)
4(2158 2491 2492 2159)
4(2470 2471 2492 2491)
4(2159 2492 2493 2160)
4(2139 2160 2493 2472)
4(2471 2472 2493 2492)
4(2141 2162 2495 2474)
4(2161 2494 2495 2162)
4(2473 2474 2495 2494)
4(2142 2163 2496 2475)
4(2162 2495 2496 2163)
4(2474 2475 2496 2495)
4(2143 2164 2497 2476)
4(2163 2496 2497 2164)
4(2475 2476 2497 2496)
4(2144 2165 2498 2477)
4(2164 2497 2498 2165)
4(2476 2477 2498 2497)
4(2145 2166 2499 2478)
4(2165 2498 2499 2166)
4(2477 2478 2499 2498)
4(2146 2167 2500 2479)
4(2166 2499 2500 2167)
4(2478 2479 2500 2499)
4(2147 2168 2501 2480)
4(2167 2500 2501 2168)
4(2479 2480 2501 2500)
4(2148 2169 2502 2481)
4(2168 2501 2502 2169)
4(2480 2481 2502 2501)
4(2149 2170 2503 2482)
4(2169 2502 2503 2170)
4(2481 2482 2503 2502)
4(2150 2171 2504 2483)
4(2170 2503 2504 2171)
4(2482 2483 2504 2503)
4(2151 2172 2505 2484)
4(2171 2504 2505 2172)
4(2483 2484 2505 2504)
4(2152 2173 2506 2485)
4(2172 2505 2506 2173)
4(2484 2485 2506 2505)
4(2153 2174 2507 2486)
4(2173 2506 2507 2174)
4(2485 2486 2507 2506)
4(2154 2175 2508 2487)
4(2174 2507 2508 2175)
4(2486 2487 2508 2507)
4(2155 2176 2509 2488)
4(2175 2508 2509 2176)
4(2487 2488 2509 2508)
4(2156 2177 2510 2489)
4(2176 2509 2510 2177)
4(2488 2489 2510 2509)
4(2157 2178 2511 2490)
4(2177 2510 2511 2178)
4(2489 2490 2511 2510)
4(2158 2179 2512 2491)
4(2178 2511 2512 2179)
4(2490 2491 2512 2511)
4(2159 2180 2513 2492)
4(2179 2512 2513 2180)
4(2491 2492 2513 2512)
4(2180 2513 2514 2181)
4(2160 2181 2514 2493)
4(2492 2493 2514 2513)
4(2162 2183 2516 2495)
4(2494 2495 2516 2515)
4(2163 2184 2517 2496)
4(2183 2516 2517 2184)
4(2495 2496 2517 2516)
4(2164 2185 2518 2497)
4(2184 2517 2518 2185)
4(2496 2497 2518 2517)
4(2165 2186 2519 2498)
4(2185 2518 2519 2186)
4(2497 2498 2519 2518)
4(2166 2187 2520 2499)
4(2186 2519 2520 2187)
4(2498 2499 2520 2519)
4(2167 2188 2521 2500)
4(2187 2520 2521 2188)
4(2499 2500 2521 2520)
4(2168 2189 2522 2501)
4(2188 2521 2522 2189)
4(2500 2501 2522 2521)
4(2169 2190 2523 2502)
4(2189 2522 2523 2190)
4(2501 2502 2523 2522)
4(2170 2191 2524 2503)
4(2190 2523 2524 2191)
4(2502 2503 2524 2523)
4(2171 2192 2525 2504)
4(2191 2524 2525 2192)
4(2503 2504 2525 2524)
4(2172 2193 2526 2505)
4(2192 2525 2526 2193)
4(2504 2505 2526 2525)
4(2173 2194 2527 2506)
4(2193 2526 2527 2194)
4(2505 2506 2527 2526)
4(2174 2195 2528 2507)
4(2194 2527 2528 2195)
4(2506 2507 2528 2527)
4(2175 2196 2529 2508)
4(2195 2528 2529 2196)
4(2507 2508 2529 2528)
4(2176 2197 2530 2509)
4(2196 2529 2530 2197)
4(2508 2509 2530 2529)
4(2177 2198 2531 2510)
4(2197 2530 2531 2198)
4(2509 2510 2531 2530)
4(2178 2199 2532 2511)
4(2198 2531 2532 2199)
4(2510 2511 2532 2531)
4(2179 2200 2533 2512)
4(2199 2532 2533 2200)
4(2511 2512 2533 2532)
4(2180 2201 2534 2513)
4(2200 2533 2534 2201)
4(2512 2513 2534 2533)
4(2201 2534 2535 2202)
4(2181 2202 2535 2514)
4(2513 2514 2535 2534)
4(2184 2204 2537 2517)
4(2203 2536 2537 2204)
4(2516 2517 2537 2536)
4(2185 2205 2538 2518)
4(2204 2537 2538 2205)
4(2517 2518 2538 2537)
4(2186 2206 2539 2519)
4(2205 2538 2539 2206)
4(2518 2519 2539 2538)
4(2187 2207 2540 2520)
4(2206 2539 2540 2207)
4(2519 2520 2540 2539)
4(2188 2208 2541 2521)
4(2207 2540 2541 2208)
4(2520 2521 2541 2540)
4(2189 2209 2542 2522)
4(2208 2541 2542 2209)
4(2521 2522 2542 2541)
4(2190 2210 2543 2523)
4(2209 2542 2543 2210)
4(2522 2523 2543 2542)
4(2191 2211 2544 2524)
4(2210 2543 2544 2211)
4(2523 2524 2544 2543)
4(2192 2212 2545 2525)
4(2211 2544 2545 2212)
4(2524 2525 2545 2544)
4(2193 2213 2546 2526)
4(2212 2545 2546 2213)
4(2525 2526 2546 2545)
4(2194 2214 2547 2527)
4(2213 2546 2547 2214)
4(2526 2527 2547 2546)
4(2195 2215 2548 2528)
4(2214 2547 2548 2215)
4(2527 2528 2548 2547)
4(2196 2216 2549 2529)
4(2215 2548 2549 2216)
4(2528 2529 2549 2548)
4(2197 2217 2550 2530)
4(2216 2549 2550 2217)
4(2529 2530 2550 2549)
4(2198 2218 2551 2531)
4(2217 2550 2551 2218)
4(2530 2531 2551 2550)
4(2199 2219 2552 2532)
4(2218 2551 2552 2219)
4(2531 2532 2552 2551)
4(2200 2220 2553 2533)
4(2219 2552 2553 2220)
4(2532 2533 2553 2552)
4(2201 2221 2554 2534)
4(2220 2553 2554 2221)
4(2533 2534 2554 2553)
4(2221 2554 2555 2222)
4(2202 2222 2555 2535)
4(2534 2535 2555 2554)
4(2204 2224 2557 2537)
4(2223 2556 2557 2224)
4(2536 2537 2557 2556)
4(2205 2225 2558 2538)
4(2224 2557 2558 2225)
4(2537 2538 2558 2557)
4(2206 2226 2559 2539)
4(2225 2558 2559 2226)
4(2538 2539 2559 2558)
4(2207 2227 2560 2540)
4(2226 2559 2560 2227)
4(2539 2540 2560 2559)
4(2208 2228 2561 2541)
4(2227 2560 2561 2228)
4(2540 2541 2561 2560)
4(2209 2229 2562 2542)
4(2228 2561 2562 2229)
4(2541 2542 2562 2561)
4(2210 2230 2563 2543)
4(2229 2562 2563 2230)
4(2542 2543 2563 2562)
4(2211 2231 2564 2544)
4(2230 2563 2564 2231)
4(2543 2544 2564 2563)
4(2212 2232 2565 2545)
4(2231 2564 2565 2232)
4(2544 2545 2565 2564)
4(2213 2233 2566 2546)
4(2232 2565 2566 2233)
4(2545 2546 2566 2565)
4(2214 2234 2567 2547)
4(2233 2566 2567 2234)
4(2546 2547 2567 2566)
4(2215 2235 2568 2548)
4(2234 2567 2568 2235)
4(2547 2548 2568 2567)
4(2216 2236 2569 2549)
4(2235 2568 2569 2236)
4(2548 2549 2569 2568)
4(2217 2237 2570 2550)
4(2236 2569 2570 2237)
4(2549 2550 2570 2569)
4(2218 2238 2571 2551)
4(2237 2570 2571 2238)
4(2550 2551 2571 2570)
4(2219 2239 2572 2552)
4(2238 2571 2572 2239)
4(2551 2552 2572 2571)
4(2220 2240 2573 2553)
4(2239 2572 2573 2240)
4(2552 2553 2573 2572)
4(2221 2241 2574 2554)
4(2240 2573 2574 2241)
4(2553 2554 2574 2573)
4(2241 2574 2575 2242)
4(2222 2242 2575 2555)
4(2554 2555 2575 2574)
4(2224 2244 2577 2557)
4(2243 2576 2577 2244)
4(2556 2557 2577 2576)
4(2225 2245 2578 2558)
4(2244 2577 2578 2245)
4(2557 2558 2578 2577)
4(2226 2246 2579 2559)
4(2245 2578 2579 2246)
4(2558 2559 2579 2578)
4(2227 2247 2580 2560)
4(2246 2579 2580 2247)
4(2559 2560 2580 2579)
4(2228 2248 2581 2561)
4(2247 2580 2581 2248)
4(2560 2561 2581 2580)
4(2229 2249 2582 2562)
4(2248 2581 2582 2249)
4(2561 2562 2582 2581)
4(2230 2250 2583 2563)
4(2249 2582 2583 2250)
4(2562 2563 2583 2582)
4(2231 2251 2584 2564)
4(2250 2583 2584 2251)
4(2563 2564 2584 2583)
4(2232 2252 2585 2565)
4(2251 2584 2585 2252)
4(2564 2565 2585 2584)
4(2233 2253 2586 2566)
4(2252 2585 2586 2253)
4(2565 2566 2586 2585)
4(2234 2254 2587 2567)
4(2253 2586 2587 2254)
4(2566 2567 2587 2586)
4(2235 2255 2588 2568)
4(2254 2587 2588 2255)
4(2567 2568 2588 2587)
4(2236 2256 2589 2569)
4(2255 2588 2589 2256)
4(2568 2569 2589 2588)
4(2237 2257 2590 2570)
4(2256 2589 2590 2257)
4(2569 2570 2590 2589)
4(2238 2258 2591 2571)
4(2257 2590 2591 2258)
4(2570 2571 2591 2590)
4(2239 2259 2592 2572)
4(2258 2591 2592 2259)
4(2571 2572 2592 2591)
4(2240 2260 2593 2573)
4(2259 2592 2593 2260)
4(2572 2573 2593 2592)
4(2241 2261 2594 2574)
4(2260 2593 2594 2261)
4(2573 2574 2594 2593)
4(2261 2594 2595 2262)
4(2242 2262 2595 2575)
4(2574 2575 2595 2594)
4(2244 2264 2597 2577)
4(2576 2577 2597 2596)
4(2245 2265 2598 2578)
4(2264 2597 2598 2265)
4(2577 2578 2598 2597)
4(2246 2266 2599 2579)
4(2265 2598 2599 2266)
4(2578 2579 2599 2598)
4(2247 2267 2600 2580)
4(2266 2599 2600 2267)
4(2579 2580 2600 2599)
4(2248 2268 2601 2581)
4(2267 2600 2601 2268)
4(2580 2581 2601 2600)
4(2249 2269 2602 2582)
4(2268 2601 2602 2269)
4(2581 2582 2602 2601)
4(2250 2270 2603 2583)
4(2269 2602 2603 2270)
4(2582 2583 2603 2602)
4(2251 2271 2604 2584)
4(2270 2603 2604 2271)
4(2583 2584 2604 2603)
4(2252 2272 2605 2585)
4(2271 2604 2605 2272)
4(2584 2585 2605 2604)
4(2253 2273 2606 2586)
4(2272 2605 2606 2273)
4(2585 2586 2606 2605)
4(2254 2274 2607 2587)
4(2273 2606 2607 2274)
4(2586 2587 2607 2606)
4(2255 2275 2608 2588)
4(2274 2607 2608 2275)
4(2587 2588 2608 2607)
4(2256 2276 2609 2589)
4(2275 2608 2609 2276)
4(2588 2589 2609 2608)
4(2257 2277 2610 2590)
4(2276 2609 2610 2277)
4(2589 2590 2610 2609)
4(2258 2278 2611 2591)
4(2277 2610 2611 2278)
4(2590 2591 2611 2610)
4(2259 2279 2612 2592)
4(2278 2611 2612 2279)
4(2591 2592 2612 2611)
4(2260 2280 2613 2593)
4(2279 2612 2613 2280)
4(2592 2593 2613 2612)
4(2261 2281 2614 2594)
4(2280 2613 2614 2281)
4(2593 2594 2614 2613)
4(2281 2614 2615 2282)
4(2262 2282 2615 2595)
4(2594 2595 2615 2614)
4(2265 2284 2617 2598)
4(2597 2598 2617 2616)
4(2266 2285 2618 2599)
4(2598 2599 2618 2617)
4(2267 2286 2619 2600)
4(2599 2600 2619 2618)
4(2268 2287 2620 2601)
4(2600 2601 2620 2619)
4(2269 2288 2621 2602)
4(2601 2602 2621 2620)
4(2270 2289 2622 2603)
4(2602 2603 2622 2621)
4(2271 2290 2623 2604)
4(2603 2604 2623 2622)
4(2272 2291 2624 2605)
4(2604 2605 2624 2623)
4(2273 2292 2625 2606)
4(2605 2606 2625 2624)
4(2274 2293 2626 2607)
4(2606 2607 2626 2625)
4(2275 2294 2627 2608)
4(2607 2608 2627 2626)
4(2276 2295 2628 2609)
4(2608 2609 2628 2627)
4(2277 2296 2629 2610)
4(2609 2610 2629 2628)
4(2278 2297 2630 2611)
4(2610 2611 2630 2629)
4(2279 2298 2631 2612)
4(2611 2612 2631 2630)
4(2280 2299 2632 2613)
4(2612 2613 2632 2631)
4(2281 2300 2633 2614)
4(2613 2614 2633 2632)
4(2282 2301 2634 2615)
4(2614 2615 2634 2633)
4(2635 2644 2772 2763)
4(37 348 2772 2644)
4(327 2763 2772 348)
4(2636 2645 2773 2764)
4(2644 2772 2773 2645)
4(2763 2764 2773 2772)
4(2637 2646 2774 2765)
4(2645 2773 2774 2646)
4(2764 2765 2774 2773)
4(2638 2647 2775 2766)
4(2646 2774 2775 2647)
4(2765 2766 2775 2774)
4(2639 2648 2776 2767)
4(2647 2775 2776 2648)
4(2766 2767 2776 2775)
4(2640 2649 2777 2768)
4(2648 2776 2777 2649)
4(2767 2768 2777 2776)
4(2641 2650 2778 2769)
4(2649 2777 2778 2650)
4(2768 2769 2778 2777)
4(2642 2651 2779 2770)
4(2650 2778 2779 2651)
4(2769 2770 2779 2778)
4(2651 2779 2780 2652)
4(2770 2771 2780 2779)
4(2644 2653 2781 2772)
4(56 369 2781 2653)
4(348 2772 2781 369)
4(2645 2654 2782 2773)
4(2653 2781 2782 2654)
4(2772 2773 2782 2781)
4(2646 2655 2783 2774)
4(2654 2782 2783 2655)
4(2773 2774 2783 2782)
4(2647 2656 2784 2775)
4(2655 2783 2784 2656)
4(2774 2775 2784 2783)
4(2648 2657 2785 2776)
4(2656 2784 2785 2657)
4(2775 2776 2785 2784)
4(2649 2658 2786 2777)
4(2657 2785 2786 2658)
4(2776 2777 2786 2785)
4(2650 2659 2787 2778)
4(2658 2786 2787 2659)
4(2777 2778 2787 2786)
4(2651 2660 2788 2779)
4(2659 2787 2788 2660)
4(2778 2779 2788 2787)
4(2660 2788 2789 2661)
4(2779 2780 2789 2788)
4(2653 2662 2790 2781)
4(75 390 2790 2662)
4(369 2781 2790 390)
4(2654 2663 2791 2782)
4(2662 2790 2791 2663)
4(2781 2782 2791 2790)
4(2655 2664 2792 2783)
4(2663 2791 2792 2664)
4(2782 2783 2792 2791)
4(2656 2665 2793 2784)
4(2664 2792 2793 2665)
4(2783 2784 2793 2792)
4(2657 2666 2794 2785)
4(2665 2793 2794 2666)
4(2784 2785 2794 2793)
4(2658 2667 2795 2786)
4(2666 2794 2795 2667)
4(2785 2786 2795 2794)
4(2659 2668 2796 2787)
4(2667 2795 2796 2668)
4(2786 2787 2796 2795)
4(2660 2669 2797 2788)
4(2668 2796 2797 2669)
4(2787 2788 2797 2796)
4(2669 2797 2798 2670)
4(2788 2789 2798 2797)
4(2662 2671 2799 2790)
4(94 411 2799 2671)
4(390 2790 2799 411)
4(2663 2672 2800 2791)
4(2671 2799 2800 2672)
4(2790 2791 2800 2799)
4(2664 2673 2801 2792)
4(2672 2800 2801 2673)
4(2791 2792 2801 2800)
4(2665 2674 2802 2793)
4(2673 2801 2802 2674)
4(2792 2793 2802 2801)
4(2666 2675 2803 2794)
4(2674 2802 2803 2675)
4(2793 2794 2803 2802)
4(2667 2676 2804 2795)
4(2675 2803 2804 2676)
4(2794 2795 2804 2803)
4(2668 2677 2805 2796)
4(2676 2804 2805 2677)
4(2795 2796 2805 2804)
4(2669 2678 2806 2797)
4(2677 2805 2806 2678)
4(2796 2797 2806 2805)
4(2678 2806 2807 2679)
4(2797 2798 2807 2806)
4(2671 2680 2808 2799)
4(113 432 2808 2680)
4(411 2799 2808 432)
4(2672 2681 2809 2800)
4(2680 2808 2809 2681)
4(2799 2800 2809 2808)
4(2673 2682 2810 2801)
4(2681 2809 2810 2682)
4(2800 2801 2810 2809)
4(2674 2683 2811 2802)
4(2682 2810 2811 2683)
4(2801 2802 2811 2810)
4(2675 2684 2812 2803)
4(2683 2811 2812 2684)
4(2802 2803 2812 2811)
4(2676 2685 2813 2804)
4(2684 2812 2813 2685)
4(2803 2804 2813 2812)
4(2677 2686 2814 2805)
4(2685 2813 2814 2686)
4(2804 2805 2814 2813)
4(2678 2687 2815 2806)
4(2686 2814 2815 2687)
4(2805 2806 2815 2814)
4(2687 2815 2816 2688)
4(2806 2807 2816 2815)
4(2680 2689 2817 2808)
4(132 453 2817 2689)
4(432 2808 2817 453)
4(2681 2690 2818 2809)
4(2689 2817 2818 2690)
4(2808 2809 2818 2817)
4(2682 2691 2819 2810)
4(2690 2818 2819 2691)
4(2809 2810 2819 2818)
4(2683 2692 2820 2811)
4(2691 2819 2820 2692)
4(2810 2811 2820 2819)
4(2684 2693 2821 2812)
4(2692 2820 2821 2693)
4(2811 2812 2821 2820)
4(2685 2694 2822 2813)
4(2693 2821 2822 2694)
4(2812 2813 2822 2821)
4(2686 2695 2823 2814)
4(2694 2822 2823 2695)
4(2813 2814 2823 2822)
4(2687 2696 2824 2815)
4(2695 2823 2824 2696)
4(2814 2815 2824 2823)
4(2815 2816 2825 2824)
4(2689 2698 2826 2817)
4(151 474 2826 2698)
4(453 2817 2826 474)
4(2690 2699 2827 2818)
4(2698 2826 2827 2699)
4(2817 2818 2827 2826)
4(2691 2700 2828 2819)
4(2699 2827 2828 2700)
4(2818 2819 2828 2827)
4(2692 2701 2829 2820)
4(2700 2828 2829 2701)
4(2819 2820 2829 2828)
4(2693 2702 2830 2821)
4(2701 2829 2830 2702)
4(2820 2821 2830 2829)
4(2694 2703 2831 2822)
4(2702 2830 2831 2703)
4(2821 2822 2831 2830)
4(2695 2704 2832 2823)
4(2703 2831 2832 2704)
4(2822 2823 2832 2831)
4(2704 2832 2833 2705)
4(2823 2824 2833 2832)
4(2698 2706 2834 2826)
4(170 495 2834 2706)
4(474 2826 2834 495)
4(2699 2707 2835 2827)
4(2706 2834 2835 2707)
4(2826 2827 2835 2834)
4(2700 2708 2836 2828)
4(2707 2835 2836 2708)
4(2827 2828 2836 2835)
4(2701 2709 2837 2829)
4(2708 2836 2837 2709)
4(2828 2829 2837 2836)
4(2702 2710 2838 2830)
4(2709 2837 2838 2710)
4(2829 2830 2838 2837)
4(2703 2711 2839 2831)
4(2710 2838 2839 2711)
4(2830 2831 2839 2838)
4(2704 2712 2840 2832)
4(2711 2839 2840 2712)
4(2831 2832 2840 2839)
4(2712 2840 2841 2713)
4(2832 2833 2841 2840)
4(2706 2714 2842 2834)
4(189 516 2842 2714)
4(495 2834 2842 516)
4(2707 2715 2843 2835)
4(2714 2842 2843 2715)
4(2834 2835 2843 2842)
4(2708 2716 2844 2836)
4(2715 2843 2844 2716)
4(2835 2836 2844 2843)
4(2709 2717 2845 2837)
4(2716 2844 2845 2717)
4(2836 2837 2845 2844)
4(2710 2718 2846 2838)
4(2717 2845 2846 2718)
4(2837 2838 2846 2845)
4(2711 2719 2847 2839)
4(2718 2846 2847 2719)
4(2838 2839 2847 2846)
4(2712 2720 2848 2840)
4(2719 2847 2848 2720)
4(2839 2840 2848 2847)
4(2720 2848 2849 2721)
4(2840 2841 2849 2848)
4(2714 2722 2850 2842)
4(208 537 2850 2722)
4(516 2842 2850 537)
4(2715 2723 2851 2843)
4(2722 2850 2851 2723)
4(2842 2843 2851 2850)
4(2716 2724 2852 2844)
4(2723 2851 2852 2724)
4(2843 2844 2852 2851)
4(2717 2725 2853 2845)
4(2724 2852 2853 2725)
4(2844 2845 2853 2852)
4(2718 2726 2854 2846)
4(2725 2853 2854 2726)
4(2845 2846 2854 2853)
4(2719 2727 2855 2847)
4(2726 2854 2855 2727)
4(2846 2847 2855 2854)
4(2720 2728 2856 2848)
4(2727 2855 2856 2728)
4(2847 2848 2856 2855)
4(2728 2856 2857 2729)
4(2848 2849 2857 2856)
4(2722 2730 2858 2850)
4(227 557 2858 2730)
4(537 2850 2858 557)
4(2723 2731 2859 2851)
4(2730 2858 2859 2731)
4(2850 2851 2859 2858)
4(2724 2732 2860 2852)
4(2731 2859 2860 2732)
4(2851 2852 2860 2859)
4(2725 2733 2861 2853)
4(2732 2860 2861 2733)
4(2852 2853 2861 2860)
4(2726 2734 2862 2854)
4(2733 2861 2862 2734)
4(2853 2854 2862 2861)
4(2727 2735 2863 2855)
4(2734 2862 2863 2735)
4(2854 2855 2863 2862)
4(2728 2736 2864 2856)
4(2735 2863 2864 2736)
4(2855 2856 2864 2863)
4(2736 2864 2865 2737)
4(2856 2857 2865 2864)
4(2730 2738 2866 2858)
4(246 577 2866 2738)
4(557 2858 2866 577)
4(2731 2739 2867 2859)
4(2738 2866 2867 2739)
4(2858 2859 2867 2866)
4(2732 2740 2868 2860)
4(2739 2867 2868 2740)
4(2859 2860 2868 2867)
4(2733 2741 2869 2861)
4(2740 2868 2869 2741)
4(2860 2861 2869 2868)
4(2734 2742 2870 2862)
4(2741 2869 2870 2742)
4(2861 2862 2870 2869)
4(2735 2743 2871 2863)
4(2742 2870 2871 2743)
4(2862 2863 2871 2870)
4(2736 2744 2872 2864)
4(2743 2871 2872 2744)
4(2863 2864 2872 2871)
4(2864 2865 2873 2872)
4(2738 2746 2874 2866)
4(265 597 2874 2746)
4(577 2866 2874 597)
4(2739 2747 2875 2867)
4(2746 2874 2875 2747)
4(2866 2867 2875 2874)
4(2740 2748 2876 2868)
4(2747 2875 2876 2748)
4(2867 2868 2876 2875)
4(2741 2749 2877 2869)
4(2748 2876 2877 2749)
4(2868 2869 2877 2876)
4(2742 2750 2878 2870)
4(2749 2877 2878 2750)
4(2869 2870 2878 2877)
4(2743 2751 2879 2871)
4(2750 2878 2879 2751)
4(2870 2871 2879 2878)
4(2751 2879 2880 2752)
4(2871 2872 2880 2879)
4(2746 2753 2882 2874)
4(284 617 2882 2753)
4(597 2874 2882 617)
4(2747 2754 2883 2875)
4(2753 2882 2883 2754)
4(2874 2875 2883 2882)
4(2748 2755 2884 2876)
4(2754 2883 2884 2755)
4(2875 2876 2884 2883)
4(2749 2756 2885 2877)
4(2876 2877 2885 2884)
4(2750 2757 2886 2878)
4(2877 2878 2886 2885)
4(2751 2758 2887 2879)
4(2878 2879 2887 2886)
4(2879 2880 2888 2887)
4(2753 2760 2889 2882)
4(617 2882 2889 636)
4(2754 2761 2890 2883)
4(2882 2883 2890 2889)
4(2883 2884 2891 2890)
4(2763 2772 2901 2892)
4(348 681 2901 2772)
4(660 2892 2901 681)
4(2764 2773 2902 2893)
4(2772 2901 2902 2773)
4(2892 2893 2902 2901)
4(2765 2774 2903 2894)
4(2773 2902 2903 2774)
4(2893 2894 2903 2902)
4(2766 2775 2904 2895)
4(2774 2903 2904 2775)
4(2894 2895 2904 2903)
4(2767 2776 2905 2896)
4(2775 2904 2905 2776)
4(2895 2896 2905 2904)
4(2768 2777 2906 2897)
4(2776 2905 2906 2777)
4(2896 2897 2906 2905)
4(2769 2778 2907 2898)
4(2777 2906 2907 2778)
4(2897 2898 2907 2906)
4(2770 2779 2908 2899)
4(2778 2907 2908 2779)
4(2898 2899 2908 2907)
4(2779 2908 2909 2780)
4(2899 2900 2909 2908)
4(2772 2781 2910 2901)
4(369 702 2910 2781)
4(681 2901 2910 702)
4(2773 2782 2911 2902)
4(2781 2910 2911 2782)
4(2901 2902 2911 2910)
4(2774 2783 2912 2903)
4(2782 2911 2912 2783)
4(2902 2903 2912 2911)
4(2775 2784 2913 2904)
4(2783 2912 2913 2784)
4(2903 2904 2913 2912)
4(2776 2785 2914 2905)
4(2784 2913 2914 2785)
4(2904 2905 2914 2913)
4(2777 2786 2915 2906)
4(2785 2914 2915 2786)
4(2905 2906 2915 2914)
4(2778 2787 2916 2907)
4(2786 2915 2916 2787)
4(2906 2907 2916 2915)
4(2779 2788 2917 2908)
4(2787 2916 2917 2788)
4(2907 2908 2917 2916)
4(2788 2917 2918 2789)
4(2908 2909 2918 2917)
4(2781 2790 2919 2910)
4(390 723 2919 2790)
4(702 2910 2919 723)
4(2782 2791 2920 2911)
4(2790 2919 2920 2791)
4(2910 2911 2920 2919)
4(2783 2792 2921 2912)
4(2791 2920 2921 2792)
4(2911 2912 2921 2920)
4(2784 2793 2922 2913)
4(2792 2921 2922 2793)
4(2912 2913 2922 2921)
4(2785 2794 2923 2914)
4(2793 2922 2923 2794)
4(2913 2914 2923 2922)
4(2786 2795 2924 2915)
4(2794 2923 2924 2795)
4(2914 2915 2924 2923)
4(2787 2796 2925 2916)
4(2795 2924 2925 2796)
4(2915 2916 2925 2924)
4(2788 2797 2926 2917)
4(2796 2925 2926 2797)
4(2916 2917 2926 2925)
4(2797 2926 2927 2798)
4(2917 2918 2927 2926)
4(2790 2799 2928 2919)
4(411 744 2928 2799)
4(723 2919 2928 744)
4(2791 2800 2929 2920)
4(2799 2928 2929 2800)
4(2919 2920 2929 2928)
4(2792 2801 2930 2921)
4(2800 2929 2930 2801)
4(2920 2921 2930 2929)
4(2793 2802 2931 2922)
4(2801 2930 2931 2802)
4(2921 2922 2931 2930)
4(2794 2803 2932 2923)
4(2802 2931 2932 2803)
4(2922 2923 2932 2931)
4(2795 2804 2933 2924)
4(2803 2932 2933 2804)
4(2923 2924 2933 2932)
4(2796 2805 2934 2925)
4(2804 2933 2934 2805)
4(2924 2925 2934 2933)
4(2797 2806 2935 2926)
4(2805 2934 2935 2806)
4(2925 2926 2935 2934)
4(2806 2935 2936 2807)
4(2926 2927 2936 2935)
4(2799 2808 2937 2928)
4(432 765 2937 2808)
4(744 2928 2937 765)
4(2800 2809 2938 2929)
4(2808 2937 2938 2809)
4(2928 2929 2938 2937)
4(2801 2810 2939 2930)
4(2809 2938 2939 2810)
4(2929 2930 2939 2938)
4(2802 2811 2940 2931)
4(2810 2939 2940 2811)
4(2930 2931 2940 2939)
4(2803 2812 2941 2932)
4(2811 2940 2941 2812)
4(2931 2932 2941 2940)
4(2804 2813 2942 2933)
4(2812 2941 2942 2813)
4(2932 2933 2942 2941)
4(2805 2814 2943 2934)
4(2813 2942 2943 2814)
4(2933 2934 2943 2942)
4(2806 2815 2944 2935)
4(2814 2943 2944 2815)
4(2934 2935 2944 2943)
4(2815 2944 2945 2816)
4(2935 2936 2945 2944)
4(2808 2817 2946 2937)
4(453 786 2946 2817)
4(765 2937 2946 786)
4(2809 2818 2947 2938)
4(2817 2946 2947 2818)
4(2937 2938 2947 2946)
4(2810 2819 2948 2939)
4(2818 2947 2948 2819)
4(2938 2939 2948 2947)
4(2811 2820 2949 2940)
4(2819 2948 2949 2820)
4(2939 2940 2949 2948)
4(2812 2821 2950 2941)
4(2820 2949 2950 2821)
4(2940 2941 2950 2949)
4(2813 2822 2951 2942)
4(2821 2950 2951 2822)
4(2941 2942 2951 2950)
4(2814 2823 2952 2943)
4(2822 2951 2952 2823)
4(2942 2943 2952 2951)
4(2815 2824 2953 2944)
4(2823 2952 2953 2824)
4(2943 2944 2953 2952)
4(2944 2945 2954 2953)
4(2817 2826 2955 2946)
4(474 807 2955 2826)
4(786 2946 2955 807)
4(2818 2827 2956 2947)
4(2826 2955 2956 2827)
4(2946 2947 2956 2955)
4(2819 2828 2957 2948)
4(2827 2956 2957 2828)
4(2947 2948 2957 2956)
4(2820 2829 2958 2949)
4(2828 2957 2958 2829)
4(2948 2949 2958 2957)
4(2821 2830 2959 2950)
4(2829 2958 2959 2830)
4(2949 2950 2959 2958)
4(2822 2831 2960 2951)
4(2830 2959 2960 2831)
4(2950 2951 2960 2959)
4(2823 2832 2961 2952)
4(2831 2960 2961 2832)
4(2951 2952 2961 2960)
4(2832 2961 2962 2833)
4(2952 2953 2962 2961)
4(2826 2834 2963 2955)
4(495 828 2963 2834)
4(807 2955 2963 828)
4(2827 2835 2964 2956)
4(2834 2963 2964 2835)
4(2955 2956 2964 2963)
4(2828 2836 2965 2957)
4(2835 2964 2965 2836)
4(2956 2957 2965 2964)
4(2829 2837 2966 2958)
4(2836 2965 2966 2837)
4(2957 2958 2966 2965)
4(2830 2838 2967 2959)
4(2837 2966 2967 2838)
4(2958 2959 2967 2966)
4(2831 2839 2968 2960)
4(2838 2967 2968 2839)
4(2959 2960 2968 2967)
4(2832 2840 2969 2961)
4(2839 2968 2969 2840)
4(2960 2961 2969 2968)
4(2840 2969 2970 2841)
4(2961 2962 2970 2969)
4(2834 2842 2971 2963)
4(516 849 2971 2842)
4(828 2963 2971 849)
4(2835 2843 2972 2964)
4(2842 2971 2972 2843)
4(2963 2964 2972 2971)
4(2836 2844 2973 2965)
4(2843 2972 2973 2844)
4(2964 2965 2973 2972)
4(2837 2845 2974 2966)
4(2844 2973 2974 2845)
4(2965 2966 2974 2973)
4(2838 2846 2975 2967)
4(2845 2974 2975 2846)
4(2966 2967 2975 2974)
4(2839 2847 2976 2968)
4(2846 2975 2976 2847)
4(2967 2968 2976 2975)
4(2840 2848 2977 2969)
4(2847 2976 2977 2848)
4(2968 2969 2977 2976)
4(2848 2977 2978 2849)
4(2969 2970 2978 2977)
4(2842 2850 2979 2971)
4(537 870 2979 2850)
4(849 2971 2979 870)
4(2843 2851 2980 2972)
4(2850 2979 2980 2851)
4(2971 2972 2980 2979)
4(2844 2852 2981 2973)
4(2851 2980 2981 2852)
4(2972 2973 2981 2980)
4(2845 2853 2982 2974)
4(2852 2981 2982 2853)
4(2973 2974 2982 2981)
4(2846 2854 2983 2975)
4(2853 2982 2983 2854)
4(2974 2975 2983 2982)
4(2847 2855 2984 2976)
4(2854 2983 2984 2855)
4(2975 2976 2984 2983)
4(2848 2856 2985 2977)
4(2855 2984 2985 2856)
4(2976 2977 2985 2984)
4(2856 2985 2986 2857)
4(2977 2978 2986 2985)
4(2850 2858 2987 2979)
4(557 890 2987 2858)
4(870 2979 2987 890)
4(2851 2859 2988 2980)
4(2858 2987 2988 2859)
4(2979 2980 2988 2987)
4(2852 2860 2989 2981)
4(2859 2988 2989 2860)
4(2980 2981 2989 2988)
4(2853 2861 2990 2982)
4(2860 2989 2990 2861)
4(2981 2982 2990 2989)
4(2854 2862 2991 2983)
4(2861 2990 2991 2862)
4(2982 2983 2991 2990)
4(2855 2863 2992 2984)
4(2862 2991 2992 2863)
4(2983 2984 2992 2991)
4(2856 2864 2993 2985)
4(2863 2992 2993 2864)
4(2984 2985 2993 2992)
4(2864 2993 2994 2865)
4(2985 2986 2994 2993)
4(2858 2866 2995 2987)
4(577 910 2995 2866)
4(890 2987 2995 910)
4(2859 2867 2996 2988)
4(2866 2995 2996 2867)
4(2987 2988 2996 2995)
4(2860 2868 2997 2989)
4(2867 2996 2997 2868)
4(2988 2989 2997 2996)
4(2861 2869 2998 2990)
4(2868 2997 2998 2869)
4(2989 2990 2998 2997)
4(2862 2870 2999 2991)
4(2869 2998 2999 2870)
4(2990 2991 2999 2998)
4(2863 2871 3000 2992)
4(2870 2999 3000 2871)
4(2991 2992 3000 2999)
4(2864 2872 3001 2993)
4(2871 3000 3001 2872)
4(2992 2993 3001 3000)
4(2872 3001 3002 2873)
4(2993 2994 3002 3001)
4(2866 2874 3003 2995)
4(597 930 3003 2874)
4(910 2995 3003 930)
4(2867 2875 3004 2996)
4(2874 3003 3004 2875)
4(2995 2996 3004 3003)
4(2868 2876 3005 2997)
4(2875 3004 3005 2876)
4(2996 2997 3005 3004)
4(2869 2877 3006 2998)
4(2876 3005 3006 2877)
4(2997 2998 3006 3005)
4(2870 2878 3007 2999)
4(2877 3006 3007 2878)
4(2998 2999 3007 3006)
4(2871 2879 3008 3000)
4(2878 3007 3008 2879)
4(2999 3000 3008 3007)
4(2872 2880 3009 3001)
4(2879 3008 3009 2880)
4(3000 3001 3009 3008)
4(3001 3002 3010 3009)
4(2874 2882 3011 3003)
4(617 950 3011 2882)
4(930 3003 3011 950)
4(2875 2883 3012 3004)
4(2882 3011 3012 2883)
4(3003 3004 3012 3011)
4(2876 2884 3013 3005)
4(2883 3012 3013 2884)
4(3004 3005 3013 3012)
4(2877 2885 3014 3006)
4(3005 3006 3014 3013)
4(2878 2886 3015 3007)
4(3006 3007 3015 3014)
4(2879 2887 3016 3008)
4(3007 3008 3016 3015)
4(3008 3009 3017 3016)
4(2882 2889 3019 3011)
4(950 3011 3019 969)
4(2883 2890 3020 3012)
4(3011 3012 3020 3019)
4(3012 3013 3021 3020)
4(2892 2901 3036 3027)
4(681 1014 3036 2901)
4(993 3027 3036 1014)
4(2893 2902 3037 3028)
4(2901 3036 3037 2902)
4(3027 3028 3037 3036)
4(2894 2903 3038 3029)
4(2902 3037 3038 2903)
4(3028 3029 3038 3037)
4(2895 2904 3039 3030)
4(2903 3038 3039 2904)
4(3029 3030 3039 3038)
4(2896 2905 3040 3031)
4(2904 3039 3040 2905)
4(3030 3031 3040 3039)
4(2897 2906 3041 3032)
4(2905 3040 3041 2906)
4(3031 3032 3041 3040)
4(2898 2907 3042 3033)
4(2906 3041 3042 2907)
4(3032 3033 3042 3041)
4(2899 2908 3043 3034)
4(2907 3042 3043 2908)
4(3033 3034 3043 3042)
4(2908 3043 3044 2909)
4(3034 3035 3044 3043)
4(2901 2910 3045 3036)
4(702 1035 3045 2910)
4(1014 3036 3045 1035)
4(2902 2911 3046 3037)
4(2910 3045 3046 2911)
4(3036 3037 3046 3045)
4(2903 2912 3047 3038)
4(2911 3046 3047 2912)
4(3037 3038 3047 3046)
4(2904 2913 3048 3039)
4(2912 3047 3048 2913)
4(3038 3039 3048 3047)
4(2905 2914 3049 3040)
4(2913 3048 3049 2914)
4(3039 3040 3049 3048)
4(2906 2915 3050 3041)
4(2914 3049 3050 2915)
4(3040 3041 3050 3049)
4(2907 2916 3051 3042)
4(2915 3050 3051 2916)
4(3041 3042 3051 3050)
4(2908 2917 3052 3043)
4(2916 3051 3052 2917)
4(3042 3043 3052 3051)
4(2917 3052 3053 2918)
4(3043 3044 3053 3052)
4(2910 2919 3054 3045)
4(723 1056 3054 2919)
4(1035 3045 3054 1056)
4(2911 2920 3055 3046)
4(2919 3054 3055 2920)
4(3045 3046 3055 3054)
4(2912 2921 3056 3047)
4(2920 3055 3056 2921)
4(3046 3047 3056 3055)
4(2913 2922 3057 3048)
4(2921 3056 3057 2922)
4(3047 3048 3057 3056)
4(2914 2923 3058 3049)
4(2922 3057 3058 2923)
4(3048 3049 3058 3057)
4(2915 2924 3059 3050)
4(2923 3058 3059 2924)
4(3049 3050 3059 3058)
4(2916 2925 3060 3051)
4(2924 3059 3060 2925)
4(3050 3051 3060 3059)
4(2917 2926 3061 3052)
4(2925 3060 3061 2926)
4(3051 3052 3061 3060)
4(2926 3061 3062 2927)
4(3052 3053 3062 3061)
4(2919 2928 3063 3054)
4(744 1077 3063 2928)
4(1056 3054 3063 1077)
4(2920 2929 3064 3055)
4(2928 3063 3064 2929)
4(3054 3055 3064 3063)
4(2921 2930 3065 3056)
4(2929 3064 3065 2930)
4(3055 3056 3065 3064)
4(2922 2931 3066 3057)
4(2930 3065 3066 2931)
4(3056 3057 3066 3065)
4(2923 2932 3067 3058)
4(2931 3066 3067 2932)
4(3057 3058 3067 3066)
4(2924 2933 3068 3059)
4(2932 3067 3068 2933)
4(3058 3059 3068 3067)
4(2925 2934 3069 3060)
4(2933 3068 3069 2934)
4(3059 3060 3069 3068)
4(2926 2935 3070 3061)
4(2934 3069 3070 2935)
4(3060 3061 3070 3069)
4(2935 3070 3071 2936)
4(3061 3062 3071 3070)
4(2928 2937 3072 3063)
4(765 1098 3072 2937)
4(1077 3063 3072 1098)
4(2929 2938 3073 3064)
4(2937 3072 3073 2938)
4(3063 3064 3073 3072)
4(2930 2939 3074 3065)
4(2938 3073 3074 2939)
4(3064 3065 3074 3073)
4(2931 2940 3075 3066)
4(2939 3074 3075 2940)
4(3065 3066 3075 3074)
4(2932 2941 3076 3067)
4(2940 3075 3076 2941)
4(3066 3067 3076 3075)
4(2933 2942 3077 3068)
4(2941 3076 3077 2942)
4(3067 3068 3077 3076)
4(2934 2943 3078 3069)
4(2942 3077 3078 2943)
4(3068 3069 3078 3077)
4(2935 2944 3079 3070)
4(2943 3078 3079 2944)
4(3069 3070 3079 3078)
4(2944 3079 3080 2945)
4(3070 3071 3080 3079)
4(2937 2946 3081 3072)
4(786 1119 3081 2946)
4(1098 3072 3081 1119)
4(2938 2947 3082 3073)
4(2946 3081 3082 2947)
4(3072 3073 3082 3081)
4(2939 2948 3083 3074)
4(2947 3082 3083 2948)
4(3073 3074 3083 3082)
4(2940 2949 3084 3075)
4(2948 3083 3084 2949)
4(3074 3075 3084 3083)
4(2941 2950 3085 3076)
4(2949 3084 3085 2950)
4(3075 3076 3085 3084)
4(2942 2951 3086 3077)
4(2950 3085 3086 2951)
4(3076 3077 3086 3085)
4(2943 2952 3087 3078)
4(2951 3086 3087 2952)
4(3077 3078 3087 3086)
4(2944 2953 3088 3079)
4(2952 3087 3088 2953)
4(3078 3079 3088 3087)
4(3079 3080 3089 3088)
4(2946 2955 3090 3081)
4(807 1140 3090 2955)
4(1119 3081 3090 1140)
4(2947 2956 3091 3082)
4(2955 3090 3091 2956)
4(3081 3082 3091 3090)
4(2948 2957 3092 3083)
4(2956 3091 3092 2957)
4(3082 3083 3092 3091)
4(2949 2958 3093 3084)
4(2957 3092 3093 2958)
4(3083 3084 3093 3092)
4(2950 2959 3094 3085)
4(2958 3093 3094 2959)
4(3084 3085 3094 3093)
4(2951 2960 3095 3086)
4(2959 3094 3095 2960)
4(3085 3086 3095 3094)
4(2952 2961 3096 3087)
4(2960 3095 3096 2961)
4(3086 3087 3096 3095)
4(2961 3096 3097 2962)
4(3087 3088 3097 3096)
4(2955 2963 3098 3090)
4(828 1161 3098 2963)
4(1140 3090 3098 1161)
4(2956 2964 3099 3091)
4(2963 3098 3099 2964)
4(3090 3091 3099 3098)
4(2957 2965 3100 3092)
4(2964 3099 3100 2965)
4(3091 3092 3100 3099)
4(2958 2966 3101 3093)
4(2965 3100 3101 2966)
4(3092 3093 3101 3100)
4(2959 2967 3102 3094)
4(2966 3101 3102 2967)
4(3093 3094 3102 3101)
4(2960 2968 3103 3095)
4(2967 3102 3103 2968)
4(3094 3095 3103 3102)
4(2961 2969 3104 3096)
4(2968 3103 3104 2969)
4(3095 3096 3104 3103)
4(2969 3104 3105 2970)
4(3096 3097 3105 3104)
4(2963 2971 3106 3098)
4(849 1182 3106 2971)
4(1161 3098 3106 1182)
4(2964 2972 3107 3099)
4(2971 3106 3107 2972)
4(3098 3099 3107 3106)
4(2965 2973 3108 3100)
4(2972 3107 3108 2973)
4(3099 3100 3108 3107)
4(2966 2974 3109 3101)
4(2973 3108 3109 2974)
4(3100 3101 3109 3108)
4(2967 2975 3110 3102)
4(2974 3109 3110 2975)
4(3101 3102 3110 3109)
4(2968 2976 3111 3103)
4(2975 3110 3111 2976)
4(3102 3103 3111 3110)
4(2969 2977 3112 3104)
4(2976 3111 3112 2977)
4(3103 3104 3112 3111)
4(2977 3112 3113 2978)
4(3104 3105 3113 3112)
4(2971 2979 3114 3106)
4(870 1203 3114 2979)
4(1182 3106 3114 1203)
4(2972 2980 3115 3107)
4(2979 3114 3115 2980)
4(3106 3107 3115 3114)
4(2973 2981 3116 3108)
4(2980 3115 3116 2981)
4(3107 3108 3116 3115)
4(2974 2982 3117 3109)
4(2981 3116 3117 2982)
4(3108 3109 3117 3116)
4(2975 2983 3118 3110)
4(2982 3117 3118 2983)
4(3109 3110 3118 3117)
4(2976 2984 3119 3111)
4(2983 3118 3119 2984)
4(3110 3111 3119 3118)
4(2977 2985 3120 3112)
4(2984 3119 3120 2985)
4(3111 3112 3120 3119)
4(2985 3120 3121 2986)
4(3112 3113 3121 3120)
4(2979 2987 3122 3114)
4(890 1223 3122 2987)
4(1203 3114 3122 1223)
4(2980 2988 3123 3115)
4(2987 3122 3123 2988)
4(3114 3115 3123 3122)
4(2981 2989 3124 3116)
4(2988 3123 3124 2989)
4(3115 3116 3124 3123)
4(2982 2990 3125 3117)
4(2989 3124 3125 2990)
4(3116 3117 3125 3124)
4(2983 2991 3126 3118)
4(2990 3125 3126 2991)
4(3117 3118 3126 3125)
4(2984 2992 3127 3119)
4(2991 3126 3127 2992)
4(3118 3119 3127 3126)
4(2985 2993 3128 3120)
4(2992 3127 3128 2993)
4(3119 3120 3128 3127)
4(2993 3128 3129 2994)
4(3120 3121 3129 3128)
4(2987 2995 3130 3122)
4(910 1243 3130 2995)
4(1223 3122 3130 1243)
4(2988 2996 3131 3123)
4(2995 3130 3131 2996)
4(3122 3123 3131 3130)
4(2989 2997 3132 3124)
4(2996 3131 3132 2997)
4(3123 3124 3132 3131)
4(2990 2998 3133 3125)
4(2997 3132 3133 2998)
4(3124 3125 3133 3132)
4(2991 2999 3134 3126)
4(2998 3133 3134 2999)
4(3125 3126 3134 3133)
4(2992 3000 3135 3127)
4(2999 3134 3135 3000)
4(3126 3127 3135 3134)
4(2993 3001 3136 3128)
4(3000 3135 3136 3001)
4(3127 3128 3136 3135)
4(3001 3136 3137 3002)
4(3128 3129 3137 3136)
4(2995 3003 3138 3130)
4(930 1263 3138 3003)
4(1243 3130 3138 1263)
4(2996 3004 3139 3131)
4(3003 3138 3139 3004)
4(3130 3131 3139 3138)
4(2997 3005 3140 3132)
4(3004 3139 3140 3005)
4(3131 3132 3140 3139)
4(2998 3006 3141 3133)
4(3005 3140 3141 3006)
4(3132 3133 3141 3140)
4(2999 3007 3142 3134)
4(3006 3141 3142 3007)
4(3133 3134 3142 3141)
4(3000 3008 3143 3135)
4(3007 3142 3143 3008)
4(3134 3135 3143 3142)
4(3001 3009 3144 3136)
4(3008 3143 3144 3009)
4(3135 3136 3144 3143)
4(3009 3144 3145 3010)
4(3136 3137 3145 3144)
4(3003 3011 3146 3138)
4(950 1283 3146 3011)
4(1263 3138 3146 1283)
4(3004 3012 3147 3139)
4(3011 3146 3147 3012)
4(3138 3139 3147 3146)
4(3005 3013 3148 3140)
4(3012 3147 3148 3013)
4(3139 3140 3148 3147)
4(3006 3014 3149 3141)
4(3013 3148 3149 3014)
4(3140 3141 3149 3148)
4(3007 3015 3150 3142)
4(3014 3149 3150 3015)
4(3141 3142 3150 3149)
4(3008 3016 3151 3143)
4(3015 3150 3151 3016)
4(3142 3143 3151 3150)
4(3009 3017 3152 3144)
4(3016 3151 3152 3017)
4(3143 3144 3152 3151)
4(3017 3152 3153 3018)
4(3144 3145 3153 3152)
4(3011 3019 3154 3146)
4(1283 3146 3154 1302)
4(3012 3020 3155 3147)
4(3146 3147 3155 3154)
4(3013 3021 3156 3148)
4(3147 3148 3156 3155)
4(3014 3022 3157 3149)
4(3148 3149 3157 3156)
4(3015 3023 3158 3150)
4(3149 3150 3158 3157)
4(3016 3024 3159 3151)
4(3150 3151 3159 3158)
4(3017 3025 3160 3152)
4(3151 3152 3160 3159)
4(3152 3153 3161 3160)
4(3027 3036 3171 3162)
4(1014 1347 3171 3036)
4(1326 3162 3171 1347)
4(3028 3037 3172 3163)
4(3036 3171 3172 3037)
4(3162 3163 3172 3171)
4(3029 3038 3173 3164)
4(3037 3172 3173 3038)
4(3163 3164 3173 3172)
4(3030 3039 3174 3165)
4(3038 3173 3174 3039)
4(3164 3165 3174 3173)
4(3031 3040 3175 3166)
4(3039 3174 3175 3040)
4(3165 3166 3175 3174)
4(3032 3041 3176 3167)
4(3040 3175 3176 3041)
4(3166 3167 3176 3175)
4(3033 3042 3177 3168)
4(3041 3176 3177 3042)
4(3167 3168 3177 3176)
4(3034 3043 3178 3169)
4(3042 3177 3178 3043)
4(3168 3169 3178 3177)
4(3043 3178 3179 3044)
4(3169 3170 3179 3178)
4(3036 3045 3180 3171)
4(1035 1368 3180 3045)
4(1347 3171 3180 1368)
4(3037 3046 3181 3172)
4(3045 3180 3181 3046)
4(3171 3172 3181 3180)
4(3038 3047 3182 3173)
4(3046 3181 3182 3047)
4(3172 3173 3182 3181)
4(3039 3048 3183 3174)
4(3047 3182 3183 3048)
4(3173 3174 3183 3182)
4(3040 3049 3184 3175)
4(3048 3183 3184 3049)
4(3174 3175 3184 3183)
4(3041 3050 3185 3176)
4(3049 3184 3185 3050)
4(3175 3176 3185 3184)
4(3042 3051 3186 3177)
4(3050 3185 3186 3051)
4(3176 3177 3186 3185)
4(3043 3052 3187 3178)
4(3051 3186 3187 3052)
4(3177 3178 3187 3186)
4(3052 3187 3188 3053)
4(3178 3179 3188 3187)
4(3045 3054 3189 3180)
4(1056 1389 3189 3054)
4(1368 3180 3189 1389)
4(3046 3055 3190 3181)
4(3054 3189 3190 3055)
4(3180 3181 3190 3189)
4(3047 3056 3191 3182)
4(3055 3190 3191 3056)
4(3181 3182 3191 3190)
4(3048 3057 3192 3183)
4(3056 3191 3192 3057)
4(3182 3183 3192 3191)
4(3049 3058 3193 3184)
4(3057 3192 3193 3058)
4(3183 3184 3193 3192)
4(3050 3059 3194 3185)
4(3058 3193 3194 3059)
4(3184 3185 3194 3193)
4(3051 3060 3195 3186)
4(3059 3194 3195 3060)
4(3185 3186 3195 3194)
4(3052 3061 3196 3187)
4(3060 3195 3196 3061)
4(3186 3187 3196 3195)
4(3061 3196 3197 3062)
4(3187 3188 3197 3196)
4(3054 3063 3198 3189)
4(1077 1410 3198 3063)
4(1389 3189 3198 1410)
4(3055 3064 3199 3190)
4(3063 3198 3199 3064)
4(3189 3190 3199 3198)
4(3056 3065 3200 3191)
4(3064 3199 3200 3065)
4(3190 3191 3200 3199)
4(3057 3066 3201 3192)
4(3065 3200 3201 3066)
4(3191 3192 3201 3200)
4(3058 3067 3202 3193)
4(3066 3201 3202 3067)
4(3192 3193 3202 3201)
4(3059 3068 3203 3194)
4(3067 3202 3203 3068)
4(3193 3194 3203 3202)
4(3060 3069 3204 3195)
4(3068 3203 3204 3069)
4(3194 3195 3204 3203)
4(3061 3070 3205 3196)
4(3069 3204 3205 3070)
4(3195 3196 3205 3204)
4(3070 3205 3206 3071)
4(3196 3197 3206 3205)
4(3063 3072 3207 3198)
4(1098 1431 3207 3072)
4(1410 3198 3207 1431)
4(3064 3073 3208 3199)
4(3072 3207 3208 3073)
4(3198 3199 3208 3207)
4(3065 3074 3209 3200)
4(3073 3208 3209 3074)
4(3199 3200 3209 3208)
4(3066 3075 3210 3201)
4(3074 3209 3210 3075)
4(3200 3201 3210 3209)
4(3067 3076 3211 3202)
4(3075 3210 3211 3076)
4(3201 3202 3211 3210)
4(3068 3077 3212 3203)
4(3076 3211 3212 3077)
4(3202 3203 3212 3211)
4(3069 3078 3213 3204)
4(3077 3212 3213 3078)
4(3203 3204 3213 3212)
4(3070 3079 3214 3205)
4(3078 3213 3214 3079)
4(3204 3205 3214 3213)
4(3079 3214 3215 3080)
4(3205 3206 3215 3214)
4(3072 3081 3216 3207)
4(1119 1452 3216 3081)
4(1431 3207 3216 1452)
4(3073 3082 3217 3208)
4(3081 3216 3217 3082)
4(3207 3208 3217 3216)
4(3074 3083 3218 3209)
4(3082 3217 3218 3083)
4(3208 3209 3218 3217)
4(3075 3084 3219 3210)
4(3083 3218 3219 3084)
4(3209 3210 3219 3218)
4(3076 3085 3220 3211)
4(3084 3219 3220 3085)
4(3210 3211 3220 3219)
4(3077 3086 3221 3212)
4(3085 3220 3221 3086)
4(3211 3212 3221 3220)
4(3078 3087 3222 3213)
4(3086 3221 3222 3087)
4(3212 3213 3222 3221)
4(3079 3088 3223 3214)
4(3087 3222 3223 3088)
4(3213 3214 3223 3222)
4(3214 3215 3224 3223)
4(3081 3090 3225 3216)
4(1140 1473 3225 3090)
4(1452 3216 3225 1473)
4(3082 3091 3226 3217)
4(3090 3225 3226 3091)
4(3216 3217 3226 3225)
4(3083 3092 3227 3218)
4(3091 3226 3227 3092)
4(3217 3218 3227 3226)
4(3084 3093 3228 3219)
4(3092 3227 3228 3093)
4(3218 3219 3228 3227)
4(3085 3094 3229 3220)
4(3093 3228 3229 3094)
4(3219 3220 3229 3228)
4(3086 3095 3230 3221)
4(3094 3229 3230 3095)
4(3220 3221 3230 3229)
4(3087 3096 3231 3222)
4(3095 3230 3231 3096)
4(3221 3222 3231 3230)
4(3096 3231 3232 3097)
4(3222 3223 3232 3231)
4(3090 3098 3233 3225)
4(1161 1494 3233 3098)
4(1473 3225 3233 1494)
4(3091 3099 3234 3226)
4(3098 3233 3234 3099)
4(3225 3226 3234 3233)
4(3092 3100 3235 3227)
4(3099 3234 3235 3100)
4(3226 3227 3235 3234)
4(3093 3101 3236 3228)
4(3100 3235 3236 3101)
4(3227 3228 3236 3235)
4(3094 3102 3237 3229)
4(3101 3236 3237 3102)
4(3228 3229 3237 3236)
4(3095 3103 3238 3230)
4(3102 3237 3238 3103)
4(3229 3230 3238 3237)
4(3096 3104 3239 3231)
4(3103 3238 3239 3104)
4(3230 3231 3239 3238)
4(3104 3239 3240 3105)
4(3231 3232 3240 3239)
4(3098 3106 3241 3233)
4(1182 1515 3241 3106)
4(1494 3233 3241 1515)
4(3099 3107 3242 3234)
4(3106 3241 3242 3107)
4(3233 3234 3242 3241)
4(3100 3108 3243 3235)
4(3107 3242 3243 3108)
4(3234 3235 3243 3242)
4(3101 3109 3244 3236)
4(3108 3243 3244 3109)
4(3235 3236 3244 3243)
4(3102 3110 3245 3237)
4(3109 3244 3245 3110)
4(3236 3237 3245 3244)
4(3103 3111 3246 3238)
4(3110 3245 3246 3111)
4(3237 3238 3246 3245)
4(3104 3112 3247 3239)
4(3111 3246 3247 3112)
4(3238 3239 3247 3246)
4(3112 3247 3248 3113)
4(3239 3240 3248 3247)
4(3106 3114 3249 3241)
4(1203 1536 3249 3114)
4(1515 3241 3249 1536)
4(3107 3115 3250 3242)
4(3114 3249 3250 3115)
4(3241 3242 3250 3249)
4(3108 3116 3251 3243)
4(3115 3250 3251 3116)
4(3242 3243 3251 3250)
4(3109 3117 3252 3244)
4(3116 3251 3252 3117)
4(3243 3244 3252 3251)
4(3110 3118 3253 3245)
4(3117 3252 3253 3118)
4(3244 3245 3253 3252)
4(3111 3119 3254 3246)
4(3118 3253 3254 3119)
4(3245 3246 3254 3253)
4(3112 3120 3255 3247)
4(3119 3254 3255 3120)
4(3246 3247 3255 3254)
4(3120 3255 3256 3121)
4(3247 3248 3256 3255)
4(3114 3122 3257 3249)
4(1223 1556 3257 3122)
4(1536 3249 3257 1556)
4(3115 3123 3258 3250)
4(3122 3257 3258 3123)
4(3249 3250 3258 3257)
4(3116 3124 3259 3251)
4(3123 3258 3259 3124)
4(3250 3251 3259 3258)
4(3117 3125 3260 3252)
4(3124 3259 3260 3125)
4(3251 3252 3260 3259)
4(3118 3126 3261 3253)
4(3125 3260 3261 3126)
4(3252 3253 3261 3260)
4(3119 3127 3262 3254)
4(3126 3261 3262 3127)
4(3253 3254 3262 3261)
4(3120 3128 3263 3255)
4(3127 3262 3263 3128)
4(3254 3255 3263 3262)
4(3128 3263 3264 3129)
4(3255 3256 3264 3263)
4(3122 3130 3265 3257)
4(1243 1576 3265 3130)
4(1556 3257 3265 1576)
4(3123 3131 3266 3258)
4(3130 3265 3266 3131)
4(3257 3258 3266 3265)
4(3124 3132 3267 3259)
4(3131 3266 3267 3132)
4(3258 3259 3267 3266)
4(3125 3133 3268 3260)
4(3132 3267 3268 3133)
4(3259 3260 3268 3267)
4(3126 3134 3269 3261)
4(3133 3268 3269 3134)
4(3260 3261 3269 3268)
4(3127 3135 3270 3262)
4(3134 3269 3270 3135)
4(3261 3262 3270 3269)
4(3128 3136 3271 3263)
4(3135 3270 3271 3136)
4(3262 3263 3271 3270)
4(3136 3271 3272 3137)
4(3263 3264 3272 3271)
4(3130 3138 3273 3265)
4(1263 1596 3273 3138)
4(1576 3265 3273 1596)
4(3131 3139 3274 3266)
4(3138 3273 3274 3139)
4(3265 3266 3274 3273)
4(3132 3140 3275 3267)
4(3139 3274 3275 3140)
4(3266 3267 3275 3274)
4(3133 3141 3276 3268)
4(3140 3275 3276 3141)
4(3267 3268 3276 3275)
4(3134 3142 3277 3269)
4(3141 3276 3277 3142)
4(3268 3269 3277 3276)
4(3135 3143 3278 3270)
4(3142 3277 3278 3143)
4(3269 3270 3278 3277)
4(3136 3144 3279 3271)
4(3143 3278 3279 3144)
4(3270 3271 3279 3278)
4(3144 3279 3280 3145)
4(3271 3272 3280 3279)
4(3138 3146 3281 3273)
4(1283 1616 3281 3146)
4(1596 3273 3281 1616)
4(3139 3147 3282 3274)
4(3146 3281 3282 3147)
4(3273 3274 3282 3281)
4(3140 3148 3283 3275)
4(3147 3282 3283 3148)
4(3274 3275 3283 3282)
4(3141 3149 3284 3276)
4(3148 3283 3284 3149)
4(3275 3276 3284 3283)
4(3142 3150 3285 3277)
4(3149 3284 3285 3150)
4(3276 3277 3285 3284)
4(3143 3151 3286 3278)
4(3150 3285 3286 3151)
4(3277 3278 3286 3285)
4(3144 3152 3287 3279)
4(3151 3286 3287 3152)
4(3278 3279 3287 3286)
4(3152 3287 3288 3153)
4(3279 3280 3288 3287)
4(3146 3154 3289 3281)
4(1616 3281 3289 1635)
4(3147 3155 3290 3282)
4(3281 3282 3290 3289)
4(3148 3156 3291 3283)
4(3282 3283 3291 3290)
4(3149 3157 3292 3284)
4(3283 3284 3292 3291)
4(3150 3158 3293 3285)
4(3284 3285 3293 3292)
4(3151 3159 3294 3286)
4(3285 3286 3294 3293)
4(3152 3160 3295 3287)
4(3286 3287 3295 3294)
4(3287 3288 3296 3295)
4(3162 3171 3306 3297)
4(1347 1680 3306 3171)
4(1659 3297 3306 1680)
4(3163 3172 3307 3298)
4(3171 3306 3307 3172)
4(3297 3298 3307 3306)
4(3164 3173 3308 3299)
4(3172 3307 3308 3173)
4(3298 3299 3308 3307)
4(3165 3174 3309 3300)
4(3173 3308 3309 3174)
4(3299 3300 3309 3308)
4(3166 3175 3310 3301)
4(3174 3309 3310 3175)
4(3300 3301 3310 3309)
4(3167 3176 3311 3302)
4(3175 3310 3311 3176)
4(3301 3302 3311 3310)
4(3168 3177 3312 3303)
4(3176 3311 3312 3177)
4(3302 3303 3312 3311)
4(3169 3178 3313 3304)
4(3177 3312 3313 3178)
4(3303 3304 3313 3312)
4(3178 3313 3314 3179)
4(3304 3305 3314 3313)
4(3171 3180 3315 3306)
4(1368 1701 3315 3180)
4(1680 3306 3315 1701)
4(3172 3181 3316 3307)
4(3180 3315 3316 3181)
4(3306 3307 3316 3315)
4(3173 3182 3317 3308)
4(3181 3316 3317 3182)
4(3307 3308 3317 3316)
4(3174 3183 3318 3309)
4(3182 3317 3318 3183)
4(3308 3309 3318 3317)
4(3175 3184 3319 3310)
4(3183 3318 3319 3184)
4(3309 3310 3319 3318)
4(3176 3185 3320 3311)
4(3184 3319 3320 3185)
4(3310 3311 3320 3319)
4(3177 3186 3321 3312)
4(3185 3320 3321 3186)
4(3311 3312 3321 3320)
4(3178 3187 3322 3313)
4(3186 3321 3322 3187)
4(3312 3313 3322 3321)
4(3187 3322 3323 3188)
4(3313 3314 3323 3322)
4(3180 3189 3324 3315)
4(1389 1722 3324 3189)
4(1701 3315 3324 1722)
4(3181 3190 3325 3316)
4(3189 3324 3325 3190)
4(3315 3316 3325 3324)
4(3182 3191 3326 3317)
4(3190 3325 3326 3191)
4(3316 3317 3326 3325)
4(3183 3192 3327 3318)
4(3191 3326 3327 3192)
4(3317 3318 3327 3326)
4(3184 3193 3328 3319)
4(3192 3327 3328 3193)
4(3318 3319 3328 3327)
4(3185 3194 3329 3320)
4(3193 3328 3329 3194)
4(3319 3320 3329 3328)
4(3186 3195 3330 3321)
4(3194 3329 3330 3195)
4(3320 3321 3330 3329)
4(3187 3196 3331 3322)
4(3195 3330 3331 3196)
4(3321 3322 3331 3330)
4(3196 3331 3332 3197)
4(3322 3323 3332 3331)
4(3189 3198 3333 3324)
4(1410 1743 3333 3198)
4(1722 3324 3333 1743)
4(3190 3199 3334 3325)
4(3198 3333 3334 3199)
4(3324 3325 3334 3333)
4(3191 3200 3335 3326)
4(3199 3334 3335 3200)
4(3325 3326 3335 3334)
4(3192 3201 3336 3327)
4(3200 3335 3336 3201)
4(3326 3327 3336 3335)
4(3193 3202 3337 3328)
4(3201 3336 3337 3202)
4(3327 3328 3337 3336)
4(3194 3203 3338 3329)
4(3202 3337 3338 3203)
4(3328 3329 3338 3337)
4(3195 3204 3339 3330)
4(3203 3338 3339 3204)
4(3329 3330 3339 3338)
4(3196 3205 3340 3331)
4(3204 3339 3340 3205)
4(3330 3331 3340 3339)
4(3205 3340 3341 3206)
4(3331 3332 3341 3340)
4(3198 3207 3342 3333)
4(1431 1764 3342 3207)
4(1743 3333 3342 1764)
4(3199 3208 3343 3334)
4(3207 3342 3343 3208)
4(3333 3334 3343 3342)
4(3200 3209 3344 3335)
4(3208 3343 3344 3209)
4(3334 3335 3344 3343)
4(3201 3210 3345 3336)
4(3209 3344 3345 3210)
4(3335 3336 3345 3344)
4(3202 3211 3346 3337)
4(3210 3345 3346 3211)
4(3336 3337 3346 3345)
4(3203 3212 3347 3338)
4(3211 3346 3347 3212)
4(3337 3338 3347 3346)
4(3204 3213 3348 3339)
4(3212 3347 3348 3213)
4(3338 3339 3348 3347)
4(3205 3214 3349 3340)
4(3213 3348 3349 3214)
4(3339 3340 3349 3348)
4(3214 3349 3350 3215)
4(3340 3341 3350 3349)
4(3207 3216 3351 3342)
4(1452 1785 3351 3216)
4(1764 3342 3351 1785)
4(3208 3217 3352 3343)
4(3216 3351 3352 3217)
4(3342 3343 3352 3351)
4(3209 3218 3353 3344)
4(3217 3352 3353 3218)
4(3343 3344 3353 3352)
4(3210 3219 3354 3345)
4(3218 3353 3354 3219)
4(3344 3345 3354 3353)
4(3211 3220 3355 3346)
4(3219 3354 3355 3220)
4(3345 3346 3355 3354)
4(3212 3221 3356 3347)
4(3220 3355 3356 3221)
4(3346 3347 3356 3355)
4(3213 3222 3357 3348)
4(3221 3356 3357 3222)
4(3347 3348 3357 3356)
4(3214 3223 3358 3349)
4(3222 3357 3358 3223)
4(3348 3349 3358 3357)
4(3349 3350 3359 3358)
4(3216 3225 3360 3351)
4(1473 1806 3360 3225)
4(1785 3351 3360 1806)
4(3217 3226 3361 3352)
4(3225 3360 3361 3226)
4(3351 3352 3361 3360)
4(3218 3227 3362 3353)
4(3226 3361 3362 3227)
4(3352 3353 3362 3361)
4(3219 3228 3363 3354)
4(3227 3362 3363 3228)
4(3353 3354 3363 3362)
4(3220 3229 3364 3355)
4(3228 3363 3364 3229)
4(3354 3355 3364 3363)
4(3221 3230 3365 3356)
4(3229 3364 3365 3230)
4(3355 3356 3365 3364)
4(3222 3231 3366 3357)
4(3230 3365 3366 3231)
4(3356 3357 3366 3365)
4(3231 3366 3367 3232)
4(3357 3358 3367 3366)
4(3225 3233 3368 3360)
4(1494 1827 3368 3233)
4(1806 3360 3368 1827)
4(3226 3234 3369 3361)
4(3233 3368 3369 3234)
4(3360 3361 3369 3368)
4(3227 3235 3370 3362)
4(3234 3369 3370 3235)
4(3361 3362 3370 3369)
4(3228 3236 3371 3363)
4(3235 3370 3371 3236)
4(3362 3363 3371 3370)
4(3229 3237 3372 3364)
4(3236 3371 3372 3237)
4(3363 3364 3372 3371)
4(3230 3238 3373 3365)
4(3237 3372 3373 3238)
4(3364 3365 3373 3372)
4(3231 3239 3374 3366)
4(3238 3373 3374 3239)
4(3365 3366 3374 3373)
4(3239 3374 3375 3240)
4(3366 3367 3375 3374)
4(3233 3241 3376 3368)
4(1515 1848 3376 3241)
4(1827 3368 3376 1848)
4(3234 3242 3377 3369)
4(3241 3376 3377 3242)
4(3368 3369 3377 3376)
4(3235 3243 3378 3370)
4(3242 3377 3378 3243)
4(3369 3370 3378 3377)
4(3236 3244 3379 3371)
4(3243 3378 3379 3244)
4(3370 3371 3379 3378)
4(3237 3245 3380 3372)
4(3244 3379 3380 3245)
4(3371 3372 3380 3379)
4(3238 3246 3381 3373)
4(3245 3380 3381 3246)
4(3372 3373 3381 3380)
4(3239 3247 3382 3374)
4(3246 3381 3382 3247)
4(3373 3374 3382 3381)
4(3247 3382 3383 3248)
4(3374 3375 3383 3382)
4(3241 3249 3384 3376)
4(1536 1869 3384 3249)
4(1848 3376 3384 1869)
4(3242 3250 3385 3377)
4(3249 3384 3385 3250)
4(3376 3377 3385 3384)
4(3243 3251 3386 3378)
4(3250 3385 3386 3251)
4(3377 3378 3386 3385)
4(3244 3252 3387 3379)
4(3251 3386 3387 3252)
4(3378 3379 3387 3386)
4(3245 3253 3388 3380)
4(3252 3387 3388 3253)
4(3379 3380 3388 3387)
4(3246 3254 3389 3381)
4(3253 3388 3389 3254)
4(3380 3381 3389 3388)
4(3247 3255 3390 3382)
4(3254 3389 3390 3255)
4(3381 3382 3390 3389)
4(3255 3390 3391 3256)
4(3382 3383 3391 3390)
4(3249 3257 3392 3384)
4(1556 1889 3392 3257)
4(1869 3384 3392 1889)
4(3250 3258 3393 3385)
4(3257 3392 3393 3258)
4(3384 3385 3393 3392)
4(3251 3259 3394 3386)
4(3258 3393 3394 3259)
4(3385 3386 3394 3393)
4(3252 3260 3395 3387)
4(3259 3394 3395 3260)
4(3386 3387 3395 3394)
4(3253 3261 3396 3388)
4(3260 3395 3396 3261)
4(3387 3388 3396 3395)
4(3254 3262 3397 3389)
4(3261 3396 3397 3262)
4(3388 3389 3397 3396)
4(3255 3263 3398 3390)
4(3262 3397 3398 3263)
4(3389 3390 3398 3397)
4(3263 3398 3399 3264)
4(3390 3391 3399 3398)
4(3257 3265 3400 3392)
4(1576 1909 3400 3265)
4(1889 3392 3400 1909)
4(3258 3266 3401 3393)
4(3265 3400 3401 3266)
4(3392 3393 3401 3400)
4(3259 3267 3402 3394)
4(3266 3401 3402 3267)
4(3393 3394 3402 3401)
4(3260 3268 3403 3395)
4(3267 3402 3403 3268)
4(3394 3395 3403 3402)
4(3261 3269 3404 3396)
4(3268 3403 3404 3269)
4(3395 3396 3404 3403)
4(3262 3270 3405 3397)
4(3269 3404 3405 3270)
4(3396 3397 3405 3404)
4(3263 3271 3406 3398)
4(3270 3405 3406 3271)
4(3397 3398 3406 3405)
4(3271 3406 3407 3272)
4(3398 3399 3407 3406)
4(3265 3273 3408 3400)
4(1596 1929 3408 3273)
4(1909 3400 3408 1929)
4(3266 3274 3409 3401)
4(3273 3408 3409 3274)
4(3400 3401 3409 3408)
4(3267 3275 3410 3402)
4(3274 3409 3410 3275)
4(3401 3402 3410 3409)
4(3268 3276 3411 3403)
4(3275 3410 3411 3276)
4(3402 3403 3411 3410)
4(3269 3277 3412 3404)
4(3276 3411 3412 3277)
4(3403 3404 3412 3411)
4(3270 3278 3413 3405)
4(3277 3412 3413 3278)
4(3404 3405 3413 3412)
4(3271 3279 3414 3406)
4(3278 3413 3414 3279)
4(3405 3406 3414 3413)
4(3279 3414 3415 3280)
4(3406 3407 3415 3414)
4(3273 3281 3416 3408)
4(1616 1949 3416 3281)
4(1929 3408 3416 1949)
4(3274 3282 3417 3409)
4(3281 3416 3417 3282)
4(3408 3409 3417 3416)
4(3275 3283 3418 3410)
4(3282 3417 3418 3283)
4(3409 3410 3418 3417)
4(3276 3284 3419 3411)
4(3283 3418 3419 3284)
4(3410 3411 3419 3418)
4(3277 3285 3420 3412)
4(3284 3419 3420 3285)
4(3411 3412 3420 3419)
4(3278 3286 3421 3413)
4(3285 3420 3421 3286)
4(3412 3413 3421 3420)
4(3279 3287 3422 3414)
4(3286 3421 3422 3287)
4(3413 3414 3422 3421)
4(3287 3422 3423 3288)
4(3414 3415 3423 3422)
4(3281 3289 3424 3416)
4(1949 3416 3424 1968)
4(3282 3290 3425 3417)
4(3416 3417 3425 3424)
4(3283 3291 3426 3418)
4(3417 3418 3426 3425)
4(3284 3292 3427 3419)
4(3418 3419 3427 3426)
4(3285 3293 3428 3420)
4(3419 3420 3428 3427)
4(3286 3294 3429 3421)
4(3420 3421 3429 3428)
4(3287 3295 3430 3422)
4(3421 3422 3430 3429)
4(3422 3423 3431 3430)
4(3297 3306 3441 3432)
4(1680 2013 3441 3306)
4(1992 3432 3441 2013)
4(3298 3307 3442 3433)
4(3306 3441 3442 3307)
4(3432 3433 3442 3441)
4(3299 3308 3443 3434)
4(3307 3442 3443 3308)
4(3433 3434 3443 3442)
4(3300 3309 3444 3435)
4(3308 3443 3444 3309)
4(3434 3435 3444 3443)
4(3301 3310 3445 3436)
4(3309 3444 3445 3310)
4(3435 3436 3445 3444)
4(3302 3311 3446 3437)
4(3310 3445 3446 3311)
4(3436 3437 3446 3445)
4(3303 3312 3447 3438)
4(3311 3446 3447 3312)
4(3437 3438 3447 3446)
4(3304 3313 3448 3439)
4(3312 3447 3448 3313)
4(3438 3439 3448 3447)
4(3313 3448 3449 3314)
4(3439 3440 3449 3448)
4(3306 3315 3450 3441)
4(1701 2034 3450 3315)
4(2013 3441 3450 2034)
4(3307 3316 3451 3442)
4(3315 3450 3451 3316)
4(3441 3442 3451 3450)
4(3308 3317 3452 3443)
4(3316 3451 3452 3317)
4(3442 3443 3452 3451)
4(3309 3318 3453 3444)
4(3317 3452 3453 3318)
4(3443 3444 3453 3452)
4(3310 3319 3454 3445)
4(3318 3453 3454 3319)
4(3444 3445 3454 3453)
4(3311 3320 3455 3446)
4(3319 3454 3455 3320)
4(3445 3446 3455 3454)
4(3312 3321 3456 3447)
4(3320 3455 3456 3321)
4(3446 3447 3456 3455)
4(3313 3322 3457 3448)
4(3321 3456 3457 3322)
4(3447 3448 3457 3456)
4(3322 3457 3458 3323)
4(3448 3449 3458 3457)
4(3315 3324 3459 3450)
4(1722 2055 3459 3324)
4(2034 3450 3459 2055)
4(3316 3325 3460 3451)
4(3324 3459 3460 3325)
4(3450 3451 3460 3459)
4(3317 3326 3461 3452)
4(3325 3460 3461 3326)
4(3451 3452 3461 3460)
4(3318 3327 3462 3453)
4(3326 3461 3462 3327)
4(3452 3453 3462 3461)
4(3319 3328 3463 3454)
4(3327 3462 3463 3328)
4(3453 3454 3463 3462)
4(3320 3329 3464 3455)
4(3328 3463 3464 3329)
4(3454 3455 3464 3463)
4(3321 3330 3465 3456)
4(3329 3464 3465 3330)
4(3455 3456 3465 3464)
4(3322 3331 3466 3457)
4(3330 3465 3466 3331)
4(3456 3457 3466 3465)
4(3331 3466 3467 3332)
4(3457 3458 3467 3466)
4(3324 3333 3468 3459)
4(1743 2076 3468 3333)
4(2055 3459 3468 2076)
4(3325 3334 3469 3460)
4(3333 3468 3469 3334)
4(3459 3460 3469 3468)
4(3326 3335 3470 3461)
4(3334 3469 3470 3335)
4(3460 3461 3470 3469)
4(3327 3336 3471 3462)
4(3335 3470 3471 3336)
4(3461 3462 3471 3470)
4(3328 3337 3472 3463)
4(3336 3471 3472 3337)
4(3462 3463 3472 3471)
4(3329 3338 3473 3464)
4(3337 3472 3473 3338)
4(3463 3464 3473 3472)
4(3330 3339 3474 3465)
4(3338 3473 3474 3339)
4(3464 3465 3474 3473)
4(3331 3340 3475 3466)
4(3339 3474 3475 3340)
4(3465 3466 3475 3474)
4(3340 3475 3476 3341)
4(3466 3467 3476 3475)
4(3333 3342 3477 3468)
4(1764 2097 3477 3342)
4(2076 3468 3477 2097)
4(3334 3343 3478 3469)
4(3342 3477 3478 3343)
4(3468 3469 3478 3477)
4(3335 3344 3479 3470)
4(3343 3478 3479 3344)
4(3469 3470 3479 3478)
4(3336 3345 3480 3471)
4(3344 3479 3480 3345)
4(3470 3471 3480 3479)
4(3337 3346 3481 3472)
4(3345 3480 3481 3346)
4(3471 3472 3481 3480)
4(3338 3347 3482 3473)
4(3346 3481 3482 3347)
4(3472 3473 3482 3481)
4(3339 3348 3483 3474)
4(3347 3482 3483 3348)
4(3473 3474 3483 3482)
4(3340 3349 3484 3475)
4(3348 3483 3484 3349)
4(3474 3475 3484 3483)
4(3349 3484 3485 3350)
4(3475 3476 3485 3484)
4(3342 3351 3486 3477)
4(1785 2118 3486 3351)
4(2097 3477 3486 2118)
4(3343 3352 3487 3478)
4(3351 3486 3487 3352)
4(3477 3478 3487 3486)
4(3344 3353 3488 3479)
4(3352 3487 3488 3353)
4(3478 3479 3488 3487)
4(3345 3354 3489 3480)
4(3353 3488 3489 3354)
4(3479 3480 3489 3488)
4(3346 3355 3490 3481)
4(3354 3489 3490 3355)
4(3480 3481 3490 3489)
4(3347 3356 3491 3482)
4(3355 3490 3491 3356)
4(3481 3482 3491 3490)
4(3348 3357 3492 3483)
4(3356 3491 3492 3357)
4(3482 3483 3492 3491)
4(3349 3358 3493 3484)
4(3357 3492 3493 3358)
4(3483 3484 3493 3492)
4(3484 3485 3494 3493)
4(3351 3360 3495 3486)
4(1806 2139 3495 3360)
4(2118 3486 3495 2139)
4(3352 3361 3496 3487)
4(3360 3495 3496 3361)
4(3486 3487 3496 3495)
4(3353 3362 3497 3488)
4(3361 3496 3497 3362)
4(3487 3488 3497 3496)
4(3354 3363 3498 3489)
4(3362 3497 3498 3363)
4(3488 3489 3498 3497)
4(3355 3364 3499 3490)
4(3363 3498 3499 3364)
4(3489 3490 3499 3498)
4(3356 3365 3500 3491)
4(3364 3499 3500 3365)
4(3490 3491 3500 3499)
4(3357 3366 3501 3492)
4(3365 3500 3501 3366)
4(3491 3492 3501 3500)
4(3366 3501 3502 3367)
4(3492 3493 3502 3501)
4(3360 3368 3503 3495)
4(1827 2160 3503 3368)
4(2139 3495 3503 2160)
4(3361 3369 3504 3496)
4(3368 3503 3504 3369)
4(3495 3496 3504 3503)
4(3362 3370 3505 3497)
4(3369 3504 3505 3370)
4(3496 3497 3505 3504)
4(3363 3371 3506 3498)
4(3370 3505 3506 3371)
4(3497 3498 3506 3505)
4(3364 3372 3507 3499)
4(3371 3506 3507 3372)
4(3498 3499 3507 3506)
4(3365 3373 3508 3500)
4(3372 3507 3508 3373)
4(3499 3500 3508 3507)
4(3366 3374 3509 3501)
4(3373 3508 3509 3374)
4(3500 3501 3509 3508)
4(3374 3509 3510 3375)
4(3501 3502 3510 3509)
4(3368 3376 3511 3503)
4(1848 2181 3511 3376)
4(2160 3503 3511 2181)
4(3369 3377 3512 3504)
4(3376 3511 3512 3377)
4(3503 3504 3512 3511)
4(3370 3378 3513 3505)
4(3377 3512 3513 3378)
4(3504 3505 3513 3512)
4(3371 3379 3514 3506)
4(3378 3513 3514 3379)
4(3505 3506 3514 3513)
4(3372 3380 3515 3507)
4(3379 3514 3515 3380)
4(3506 3507 3515 3514)
4(3373 3381 3516 3508)
4(3380 3515 3516 3381)
4(3507 3508 3516 3515)
4(3374 3382 3517 3509)
4(3381 3516 3517 3382)
4(3508 3509 3517 3516)
4(3382 3517 3518 3383)
4(3509 3510 3518 3517)
4(3376 3384 3519 3511)
4(1869 2202 3519 3384)
4(2181 3511 3519 2202)
4(3377 3385 3520 3512)
4(3384 3519 3520 3385)
4(3511 3512 3520 3519)
4(3378 3386 3521 3513)
4(3385 3520 3521 3386)
4(3512 3513 3521 3520)
4(3379 3387 3522 3514)
4(3386 3521 3522 3387)
4(3513 3514 3522 3521)
4(3380 3388 3523 3515)
4(3387 3522 3523 3388)
4(3514 3515 3523 3522)
4(3381 3389 3524 3516)
4(3388 3523 3524 3389)
4(3515 3516 3524 3523)
4(3382 3390 3525 3517)
4(3389 3524 3525 3390)
4(3516 3517 3525 3524)
4(3390 3525 3526 3391)
4(3517 3518 3526 3525)
4(3384 3392 3527 3519)
4(1889 2222 3527 3392)
4(2202 3519 3527 2222)
4(3385 3393 3528 3520)
4(3392 3527 3528 3393)
4(3519 3520 3528 3527)
4(3386 3394 3529 3521)
4(3393 3528 3529 3394)
4(3520 3521 3529 3528)
4(3387 3395 3530 3522)
4(3394 3529 3530 3395)
4(3521 3522 3530 3529)
4(3388 3396 3531 3523)
4(3395 3530 3531 3396)
4(3522 3523 3531 3530)
4(3389 3397 3532 3524)
4(3396 3531 3532 3397)
4(3523 3524 3532 3531)
4(3390 3398 3533 3525)
4(3397 3532 3533 3398)
4(3524 3525 3533 3532)
4(3398 3533 3534 3399)
4(3525 3526 3534 3533)
4(3392 3400 3535 3527)
4(1909 2242 3535 3400)
4(2222 3527 3535 2242)
4(3393 3401 3536 3528)
4(3400 3535 3536 3401)
4(3527 3528 3536 3535)
4(3394 3402 3537 3529)
4(3401 3536 3537 3402)
4(3528 3529 3537 3536)
4(3395 3403 3538 3530)
4(3402 3537 3538 3403)
4(3529 3530 3538 3537)
4(3396 3404 3539 3531)
4(3403 3538 3539 3404)
4(3530 3531 3539 3538)
4(3397 3405 3540 3532)
4(3404 3539 3540 3405)
4(3531 3532 3540 3539)
4(3398 3406 3541 3533)
4(3405 3540 3541 3406)
4(3532 3533 3541 3540)
4(3406 3541 3542 3407)
4(3533 3534 3542 3541)
4(3400 3408 3543 3535)
4(1929 2262 3543 3408)
4(2242 3535 3543 2262)
4(3401 3409 3544 3536)
4(3408 3543 3544 3409)
4(3535 3536 3544 3543)
4(3402 3410 3545 3537)
4(3409 3544 3545 3410)
4(3536 3537 3545 3544)
4(3403 3411 3546 3538)
4(3410 3545 3546 3411)
4(3537 3538 3546 3545)
4(3404 3412 3547 3539)
4(3411 3546 3547 3412)
4(3538 3539 3547 3546)
4(3405 3413 3548 3540)
4(3412 3547 3548 3413)
4(3539 3540 3548 3547)
4(3406 3414 3549 3541)
4(3413 3548 3549 3414)
4(3540 3541 3549 3548)
4(3414 3549 3550 3415)
4(3541 3542 3550 3549)
4(3408 3416 3551 3543)
4(1949 2282 3551 3416)
4(2262 3543 3551 2282)
4(3409 3417 3552 3544)
4(3416 3551 3552 3417)
4(3543 3544 3552 3551)
4(3410 3418 3553 3545)
4(3417 3552 3553 3418)
4(3544 3545 3553 3552)
4(3411 3419 3554 3546)
4(3418 3553 3554 3419)
4(3545 3546 3554 3553)
4(3412 3420 3555 3547)
4(3419 3554 3555 3420)
4(3546 3547 3555 3554)
4(3413 3421 3556 3548)
4(3420 3555 3556 3421)
4(3547 3548 3556 3555)
4(3414 3422 3557 3549)
4(3421 3556 3557 3422)
4(3548 3549 3557 3556)
4(3422 3557 3558 3423)
4(3549 3550 3558 3557)
4(3416 3424 3559 3551)
4(2282 3551 3559 2301)
4(3417 3425 3560 3552)
4(3551 3552 3560 3559)
4(3418 3426 3561 3553)
4(3552 3553 3561 3560)
4(3419 3427 3562 3554)
4(3553 3554 3562 3561)
4(3420 3428 3563 3555)
4(3554 3555 3563 3562)
4(3421 3429 3564 3556)
4(3555 3556 3564 3563)
4(3422 3430 3565 3557)
4(3556 3557 3565 3564)
4(3557 3558 3566 3565)
4(3432 3441 3576 3567)
4(2013 2346 3576 3441)
4(2325 3567 3576 2346)
4(3433 3442 3577 3568)
4(3441 3576 3577 3442)
4(3567 3568 3577 3576)
4(3434 3443 3578 3569)
4(3442 3577 3578 3443)
4(3568 3569 3578 3577)
4(3435 3444 3579 3570)
4(3443 3578 3579 3444)
4(3569 3570 3579 3578)
4(3436 3445 3580 3571)
4(3444 3579 3580 3445)
4(3570 3571 3580 3579)
4(3437 3446 3581 3572)
4(3445 3580 3581 3446)
4(3571 3572 3581 3580)
4(3438 3447 3582 3573)
4(3446 3581 3582 3447)
4(3572 3573 3582 3581)
4(3439 3448 3583 3574)
4(3447 3582 3583 3448)
4(3573 3574 3583 3582)
4(3448 3583 3584 3449)
4(3574 3575 3584 3583)
4(3441 3450 3585 3576)
4(2034 2367 3585 3450)
4(2346 3576 3585 2367)
4(3442 3451 3586 3577)
4(3450 3585 3586 3451)
4(3576 3577 3586 3585)
4(3443 3452 3587 3578)
4(3451 3586 3587 3452)
4(3577 3578 3587 3586)
4(3444 3453 3588 3579)
4(3452 3587 3588 3453)
4(3578 3579 3588 3587)
4(3445 3454 3589 3580)
4(3453 3588 3589 3454)
4(3579 3580 3589 3588)
4(3446 3455 3590 3581)
4(3454 3589 3590 3455)
4(3580 3581 3590 3589)
4(3447 3456 3591 3582)
4(3455 3590 3591 3456)
4(3581 3582 3591 3590)
4(3448 3457 3592 3583)
4(3456 3591 3592 3457)
4(3582 3583 3592 3591)
4(3457 3592 3593 3458)
4(3583 3584 3593 3592)
4(3450 3459 3594 3585)
4(2055 2388 3594 3459)
4(2367 3585 3594 2388)
4(3451 3460 3595 3586)
4(3459 3594 3595 3460)
4(3585 3586 3595 3594)
4(3452 3461 3596 3587)
4(3460 3595 3596 3461)
4(3586 3587 3596 3595)
4(3453 3462 3597 3588)
4(3461 3596 3597 3462)
4(3587 3588 3597 3596)
4(3454 3463 3598 3589)
4(3462 3597 3598 3463)
4(3588 3589 3598 3597)
4(3455 3464 3599 3590)
4(3463 3598 3599 3464)
4(3589 3590 3599 3598)
4(3456 3465 3600 3591)
4(3464 3599 3600 3465)
4(3590 3591 3600 3599)
4(3457 3466 3601 3592)
4(3465 3600 3601 3466)
4(3591 3592 3601 3600)
4(3466 3601 3602 3467)
4(3592 3593 3602 3601)
4(3459 3468 3603 3594)
4(2076 2409 3603 3468)
4(2388 3594 3603 2409)
4(3460 3469 3604 3595)
4(3468 3603 3604 3469)
4(3594 3595 3604 3603)
4(3461 3470 3605 3596)
4(3469 3604 3605 3470)
4(3595 3596 3605 3604)
4(3462 3471 3606 3597)
4(3470 3605 3606 3471)
4(3596 3597 3606 3605)
4(3463 3472 3607 3598)
4(3471 3606 3607 3472)
4(3597 3598 3607 3606)
4(3464 3473 3608 3599)
4(3472 3607 3608 3473)
4(3598 3599 3608 3607)
4(3465 3474 3609 3600)
4(3473 3608 3609 3474)
4(3599 3600 3609 3608)
4(3466 3475 3610 3601)
4(3474 3609 3610 3475)
4(3600 3601 3610 3609)
4(3475 3610 3611 3476)
4(3601 3602 3611 3610)
4(3468 3477 3612 3603)
4(2097 2430 3612 3477)
4(2409 3603 3612 2430)
4(3469 3478 3613 3604)
4(3477 3612 3613 3478)
4(3603 3604 3613 3612)
4(3470 3479 3614 3605)
4(3478 3613 3614 3479)
4(3604 3605 3614 3613)
4(3471 3480 3615 3606)
4(3479 3614 3615 3480)
4(3605 3606 3615 3614)
4(3472 3481 3616 3607)
4(3480 3615 3616 3481)
4(3606 3607 3616 3615)
4(3473 3482 3617 3608)
4(3481 3616 3617 3482)
4(3607 3608 3617 3616)
4(3474 3483 3618 3609)
4(3482 3617 3618 3483)
4(3608 3609 3618 3617)
4(3475 3484 3619 3610)
4(3483 3618 3619 3484)
4(3609 3610 3619 3618)
4(3484 3619 3620 3485)
4(3610 3611 3620 3619)
4(3477 3486 3621 3612)
4(2118 2451 3621 3486)
4(2430 3612 3621 2451)
4(3478 3487 3622 3613)
4(3486 3621 3622 3487)
4(3612 3613 3622 3621)
4(3479 3488 3623 3614)
4(3487 3622 3623 3488)
4(3613 3614 3623 3622)
4(3480 3489 3624 3615)
4(3488 3623 3624 3489)
4(3614 3615 3624 3623)
4(3481 3490 3625 3616)
4(3489 3624 3625 3490)
4(3615 3616 3625 3624)
4(3482 3491 3626 3617)
4(3490 3625 3626 3491)
4(3616 3617 3626 3625)
4(3483 3492 3627 3618)
4(3491 3626 3627 3492)
4(3617 3618 3627 3626)
4(3484 3493 3628 3619)
4(3492 3627 3628 3493)
4(3618 3619 3628 3627)
4(3619 3620 3629 3628)
4(3486 3495 3630 3621)
4(2139 2472 3630 3495)
4(2451 3621 3630 2472)
4(3487 3496 3631 3622)
4(3495 3630 3631 3496)
4(3621 3622 3631 3630)
4(3488 3497 3632 3623)
4(3496 3631 3632 3497)
4(3622 3623 3632 3631)
4(3489 3498 3633 3624)
4(3497 3632 3633 3498)
4(3623 3624 3633 3632)
4(3490 3499 3634 3625)
4(3498 3633 3634 3499)
4(3624 3625 3634 3633)
4(3491 3500 3635 3626)
4(3499 3634 3635 3500)
4(3625 3626 3635 3634)
4(3492 3501 3636 3627)
4(3500 3635 3636 3501)
4(3626 3627 3636 3635)
4(3501 3636 3637 3502)
4(3627 3628 3637 3636)
4(3495 3503 3638 3630)
4(2160 2493 3638 3503)
4(2472 3630 3638 2493)
4(3496 3504 3639 3631)
4(3503 3638 3639 3504)
4(3630 3631 3639 3638)
4(3497 3505 3640 3632)
4(3504 3639 3640 3505)
4(3631 3632 3640 3639)
4(3498 3506 3641 3633)
4(3505 3640 3641 3506)
4(3632 3633 3641 3640)
4(3499 3507 3642 3634)
4(3506 3641 3642 3507)
4(3633 3634 3642 3641)
4(3500 3508 3643 3635)
4(3507 3642 3643 3508)
4(3634 3635 3643 3642)
4(3501 3509 3644 3636)
4(3508 3643 3644 3509)
4(3635 3636 3644 3643)
4(3509 3644 3645 3510)
4(3636 3637 3645 3644)
4(3503 3511 3646 3638)
4(2181 2514 3646 3511)
4(2493 3638 3646 2514)
4(3504 3512 3647 3639)
4(3511 3646 3647 3512)
4(3638 3639 3647 3646)
4(3505 3513 3648 3640)
4(3512 3647 3648 3513)
4(3639 3640 3648 3647)
4(3506 3514 3649 3641)
4(3513 3648 3649 3514)
4(3640 3641 3649 3648)
4(3507 3515 3650 3642)
4(3514 3649 3650 3515)
4(3641 3642 3650 3649)
4(3508 3516 3651 3643)
4(3515 3650 3651 3516)
4(3642 3643 3651 3650)
4(3509 3517 3652 3644)
4(3516 3651 3652 3517)
4(3643 3644 3652 3651)
4(3517 3652 3653 3518)
4(3644 3645 3653 3652)
4(3511 3519 3654 3646)
4(2202 2535 3654 3519)
4(2514 3646 3654 2535)
4(3512 3520 3655 3647)
4(3519 3654 3655 3520)
4(3646 3647 3655 3654)
4(3513 3521 3656 3648)
4(3520 3655 3656 3521)
4(3647 3648 3656 3655)
4(3514 3522 3657 3649)
4(3521 3656 3657 3522)
4(3648 3649 3657 3656)
4(3515 3523 3658 3650)
4(3522 3657 3658 3523)
4(3649 3650 3658 3657)
4(3516 3524 3659 3651)
4(3523 3658 3659 3524)
4(3650 3651 3659 3658)
4(3517 3525 3660 3652)
4(3524 3659 3660 3525)
4(3651 3652 3660 3659)
4(3525 3660 3661 3526)
4(3652 3653 3661 3660)
4(3519 3527 3662 3654)
4(2222 2555 3662 3527)
4(2535 3654 3662 2555)
4(3520 3528 3663 3655)
4(3527 3662 3663 3528)
4(3654 3655 3663 3662)
4(3521 3529 3664 3656)
4(3528 3663 3664 3529)
4(3655 3656 3664 3663)
4(3522 3530 3665 3657)
4(3529 3664 3665 3530)
4(3656 3657 3665 3664)
4(3523 3531 3666 3658)
4(3530 3665 3666 3531)
4(3657 3658 3666 3665)
4(3524 3532 3667 3659)
4(3531 3666 3667 3532)
4(3658 3659 3667 3666)
4(3525 3533 3668 3660)
4(3532 3667 3668 3533)
4(3659 3660 3668 3667)
4(3533 3668 3669 3534)
4(3660 3661 3669 3668)
4(3527 3535 3670 3662)
4(2242 2575 3670 3535)
4(2555 3662 3670 2575)
4(3528 3536 3671 3663)
4(3535 3670 3671 3536)
4(3662 3663 3671 3670)
4(3529 3537 3672 3664)
4(3536 3671 3672 3537)
4(3663 3664 3672 3671)
4(3530 3538 3673 3665)
4(3537 3672 3673 3538)
4(3664 3665 3673 3672)
4(3531 3539 3674 3666)
4(3538 3673 3674 3539)
4(3665 3666 3674 3673)
4(3532 3540 3675 3667)
4(3539 3674 3675 3540)
4(3666 3667 3675 3674)
4(3533 3541 3676 3668)
4(3540 3675 3676 3541)
4(3667 3668 3676 3675)
4(3541 3676 3677 3542)
4(3668 3669 3677 3676)
4(3535 3543 3678 3670)
4(2262 2595 3678 3543)
4(2575 3670 3678 2595)
4(3536 3544 3679 3671)
4(3543 3678 3679 3544)
4(3670 3671 3679 3678)
4(3537 3545 3680 3672)
4(3544 3679 3680 3545)
4(3671 3672 3680 3679)
4(3538 3546 3681 3673)
4(3545 3680 3681 3546)
4(3672 3673 3681 3680)
4(3539 3547 3682 3674)
4(3546 3681 3682 3547)
4(3673 3674 3682 3681)
4(3540 3548 3683 3675)
4(3547 3682 3683 3548)
4(3674 3675 3683 3682)
4(3541 3549 3684 3676)
4(3548 3683 3684 3549)
4(3675 3676 3684 3683)
4(3549 3684 3685 3550)
4(3676 3677 3685 3684)
4(3543 3551 3686 3678)
4(2282 2615 3686 3551)
4(2595 3678 3686 2615)
4(3544 3552 3687 3679)
4(3551 3686 3687 3552)
4(3678 3679 3687 3686)
4(3545 3553 3688 3680)
4(3552 3687 3688 3553)
4(3679 3680 3688 3687)
4(3546 3554 3689 3681)
4(3553 3688 3689 3554)
4(3680 3681 3689 3688)
4(3547 3555 3690 3682)
4(3554 3689 3690 3555)
4(3681 3682 3690 3689)
4(3548 3556 3691 3683)
4(3555 3690 3691 3556)
4(3682 3683 3691 3690)
4(3549 3557 3692 3684)
4(3556 3691 3692 3557)
4(3683 3684 3692 3691)
4(3557 3692 3693 3558)
4(3684 3685 3693 3692)
4(3551 3559 3694 3686)
4(2615 3686 3694 2634)
4(3552 3560 3695 3687)
4(3686 3687 3695 3694)
4(3553 3561 3696 3688)
4(3687 3688 3696 3695)
4(3554 3562 3697 3689)
4(3688 3689 3697 3696)
4(3555 3563 3698 3690)
4(3689 3690 3698 3697)
4(3556 3564 3699 3691)
4(3690 3691 3699 3698)
4(3557 3565 3700 3692)
4(3691 3692 3700 3699)
4(3692 3693 3701 3700)
4(2306 2327 3724 3703)
4(2326 3723 3724 2327)
4(3702 3703 3724 3723)
4(2307 2328 3725 3704)
4(2327 3724 3725 2328)
4(3703 3704 3725 3724)
4(2308 2329 3726 3705)
4(2328 3725 3726 2329)
4(3704 3705 3726 3725)
4(2309 2330 3727 3706)
4(2329 3726 3727 2330)
4(3705 3706 3727 3726)
4(2310 2331 3728 3707)
4(2330 3727 3728 2331)
4(3706 3707 3728 3727)
4(2311 2332 3729 3708)
4(2331 3728 3729 2332)
4(3707 3708 3729 3728)
4(2312 2333 3730 3709)
4(2332 3729 3730 2333)
4(3708 3709 3730 3729)
4(2313 2334 3731 3710)
4(2333 3730 3731 2334)
4(3709 3710 3731 3730)
4(2314 2335 3732 3711)
4(2334 3731 3732 2335)
4(3710 3711 3732 3731)
4(2315 2336 3733 3712)
4(2335 3732 3733 2336)
4(3711 3712 3733 3732)
4(2316 2337 3734 3713)
4(2336 3733 3734 2337)
4(3712 3713 3734 3733)
4(2317 2338 3735 3714)
4(2337 3734 3735 2338)
4(3713 3714 3735 3734)
4(2318 2339 3736 3715)
4(2338 3735 3736 2339)
4(3714 3715 3736 3735)
4(2319 2340 3737 3716)
4(2339 3736 3737 2340)
4(3715 3716 3737 3736)
4(2320 2341 3738 3717)
4(2340 3737 3738 2341)
4(3716 3717 3738 3737)
4(2321 2342 3739 3718)
4(2341 3738 3739 2342)
4(3717 3718 3739 3738)
4(2322 2343 3740 3719)
4(2342 3739 3740 2343)
4(3718 3719 3740 3739)
4(2323 2344 3741 3720)
4(2343 3740 3741 2344)
4(3719 3720 3741 3740)
4(2324 2345 3742 3721)
4(2344 3741 3742 2345)
4(3720 3721 3742 3741)
4(2345 3742 3743 2346)
4(3721 3722 3743 3742)
4(2325 2346 3743 3722)
4(2327 2348 3745 3724)
4(2347 3744 3745 2348)
4(3723 3724 3745 3744)
4(2328 2349 3746 3725)
4(2348 3745 3746 2349)
4(3724 3725 3746 3745)
4(2329 2350 3747 3726)
4(2349 3746 3747 2350)
4(3725 3726 3747 3746)
4(2330 2351 3748 3727)
4(2350 3747 3748 2351)
4(3726 3727 3748 3747)
4(2331 2352 3749 3728)
4(2351 3748 3749 2352)
4(3727 3728 3749 3748)
4(2332 2353 3750 3729)
4(2352 3749 3750 2353)
4(3728 3729 3750 3749)
4(2333 2354 3751 3730)
4(2353 3750 3751 2354)
4(3729 3730 3751 3750)
4(2334 2355 3752 3731)
4(2354 3751 3752 2355)
4(3730 3731 3752 3751)
4(2335 2356 3753 3732)
4(2355 3752 3753 2356)
4(3731 3732 3753 3752)
4(2336 2357 3754 3733)
4(2356 3753 3754 2357)
4(3732 3733 3754 3753)
4(2337 2358 3755 3734)
4(2357 3754 3755 2358)
4(3733 3734 3755 3754)
4(2338 2359 3756 3735)
4(2358 3755 3756 2359)
4(3734 3735 3756 3755)
4(2339 2360 3757 3736)
4(2359 3756 3757 2360)
4(3735 3736 3757 3756)
4(2340 2361 3758 3737)
4(2360 3757 3758 2361)
4(3736 3737 3758 3757)
4(2341 2362 3759 3738)
4(2361 3758 3759 2362)
4(3737 3738 3759 3758)
4(2342 2363 3760 3739)
4(2362 3759 3760 2363)
4(3738 3739 3760 3759)
4(2343 2364 3761 3740)
4(2363 3760 3761 2364)
4(3739 3740 3761 3760)
4(2344 2365 3762 3741)
4(2364 3761 3762 2365)
4(3740 3741 3762 3761)
4(2345 2366 3763 3742)
4(2365 3762 3763 2366)
4(3741 3742 3763 3762)
4(2366 3763 3764 2367)
4(3742 3743 3764 3763)
4(2346 2367 3764 3743)
4(2348 2369 3766 3745)
4(2368 3765 3766 2369)
4(3744 3745 3766 3765)
4(2349 2370 3767 3746)
4(2369 3766 3767 2370)
4(3745 3746 3767 3766)
4(2350 2371 3768 3747)
4(2370 3767 3768 2371)
4(3746 3747 3768 3767)
4(2351 2372 3769 3748)
4(2371 3768 3769 2372)
4(3747 3748 3769 3768)
4(2352 2373 3770 3749)
4(2372 3769 3770 2373)
4(3748 3749 3770 3769)
4(2353 2374 3771 3750)
4(2373 3770 3771 2374)
4(3749 3750 3771 3770)
4(2354 2375 3772 3751)
4(2374 3771 3772 2375)
4(3750 3751 3772 3771)
4(2355 2376 3773 3752)
4(2375 3772 3773 2376)
4(3751 3752 3773 3772)
4(2356 2377 3774 3753)
4(2376 3773 3774 2377)
4(3752 3753 3774 3773)
4(2357 2378 3775 3754)
4(2377 3774 3775 2378)
4(3753 3754 3775 3774)
4(2358 2379 3776 3755)
4(2378 3775 3776 2379)
4(3754 3755 3776 3775)
4(2359 2380 3777 3756)
4(2379 3776 3777 2380)
4(3755 3756 3777 3776)
4(2360 2381 3778 3757)
4(2380 3777 3778 2381)
4(3756 3757 3778 3777)
4(2361 2382 3779 3758)
4(2381 3778 3779 2382)
4(3757 3758 3779 3778)
4(2362 2383 3780 3759)
4(2382 3779 3780 2383)
4(3758 3759 3780 3779)
4(2363 2384 3781 3760)
4(2383 3780 3781 2384)
4(3759 3760 3781 3780)
4(2364 2385 3782 3761)
4(2384 3781 3782 2385)
4(3760 3761 3782 3781)
4(2365 2386 3783 3762)
4(2385 3782 3783 2386)
4(3761 3762 3783 3782)
4(2366 2387 3784 3763)
4(2386 3783 3784 2387)
4(3762 3763 3784 3783)
4(2387 3784 3785 2388)
4(3763 3764 3785 3784)
4(2367 2388 3785 3764)
4(2369 2390 3787 3766)
4(2389 3786 3787 2390)
4(3765 3766 3787 3786)
4(2370 2391 3788 3767)
4(2390 3787 3788 2391)
4(3766 3767 3788 3787)
4(2371 2392 3789 3768)
4(2391 3788 3789 2392)
4(3767 3768 3789 3788)
4(2372 2393 3790 3769)
4(2392 3789 3790 2393)
4(3768 3769 3790 3789)
4(2373 2394 3791 3770)
4(2393 3790 3791 2394)
4(3769 3770 3791 3790)
4(2374 2395 3792 3771)
4(2394 3791 3792 2395)
4(3770 3771 3792 3791)
4(2375 2396 3793 3772)
4(2395 3792 3793 2396)
4(3771 3772 3793 3792)
4(2376 2397 3794 3773)
4(2396 3793 3794 2397)
4(3772 3773 3794 3793)
4(2377 2398 3795 3774)
4(2397 3794 3795 2398)
4(3773 3774 3795 3794)
4(2378 2399 3796 3775)
4(2398 3795 3796 2399)
4(3774 3775 3796 3795)
4(2379 2400 3797 3776)
4(2399 3796 3797 2400)
4(3775 3776 3797 3796)
4(2380 2401 3798 3777)
4(2400 3797 3798 2401)
4(3776 3777 3798 3797)
4(2381 2402 3799 3778)
4(2401 3798 3799 2402)
4(3777 3778 3799 3798)
4(2382 2403 3800 3779)
4(2402 3799 3800 2403)
4(3778 3779 3800 3799)
4(2383 2404 3801 3780)
4(2403 3800 3801 2404)
4(3779 3780 3801 3800)
4(2384 2405 3802 3781)
4(2404 3801 3802 2405)
4(3780 3781 3802 3801)
4(2385 2406 3803 3782)
4(2405 3802 3803 2406)
4(3781 3782 3803 3802)
4(2386 2407 3804 3783)
4(2406 3803 3804 2407)
4(3782 3783 3804 3803)
4(2387 2408 3805 3784)
4(2407 3804 3805 2408)
4(3783 3784 3805 3804)
4(2408 3805 3806 2409)
4(3784 3785 3806 3805)
4(2388 2409 3806 3785)
4(2390 2411 3808 3787)
4(2410 3807 3808 2411)
4(3786 3787 3808 3807)
4(2391 2412 3809 3788)
4(2411 3808 3809 2412)
4(3787 3788 3809 3808)
4(2392 2413 3810 3789)
4(2412 3809 3810 2413)
4(3788 3789 3810 3809)
4(2393 2414 3811 3790)
4(2413 3810 3811 2414)
4(3789 3790 3811 3810)
4(2394 2415 3812 3791)
4(2414 3811 3812 2415)
4(3790 3791 3812 3811)
4(2395 2416 3813 3792)
4(2415 3812 3813 2416)
4(3791 3792 3813 3812)
4(2396 2417 3814 3793)
4(2416 3813 3814 2417)
4(3792 3793 3814 3813)
4(2397 2418 3815 3794)
4(2417 3814 3815 2418)
4(3793 3794 3815 3814)
4(2398 2419 3816 3795)
4(2418 3815 3816 2419)
4(3794 3795 3816 3815)
4(2399 2420 3817 3796)
4(2419 3816 3817 2420)
4(3795 3796 3817 3816)
4(2400 2421 3818 3797)
4(2420 3817 3818 2421)
4(3796 3797 3818 3817)
4(2401 2422 3819 3798)
4(2421 3818 3819 2422)
4(3797 3798 3819 3818)
4(2402 2423 3820 3799)
4(2422 3819 3820 2423)
4(3798 3799 3820 3819)
4(2403 2424 3821 3800)
4(2423 3820 3821 2424)
4(3799 3800 3821 3820)
4(2404 2425 3822 3801)
4(2424 3821 3822 2425)
4(3800 3801 3822 3821)
4(2405 2426 3823 3802)
4(2425 3822 3823 2426)
4(3801 3802 3823 3822)
4(2406 2427 3824 3803)
4(2426 3823 3824 2427)
4(3802 3803 3824 3823)
4(2407 2428 3825 3804)
4(2427 3824 3825 2428)
4(3803 3804 3825 3824)
4(2408 2429 3826 3805)
4(2428 3825 3826 2429)
4(3804 3805 3826 3825)
4(2429 3826 3827 2430)
4(3805 3806 3827 3826)
4(2409 2430 3827 3806)
4(2411 2432 3829 3808)
4(2431 3828 3829 2432)
4(3807 3808 3829 3828)
4(2412 2433 3830 3809)
4(2432 3829 3830 2433)
4(3808 3809 3830 3829)
4(2413 2434 3831 3810)
4(2433 3830 3831 2434)
4(3809 3810 3831 3830)
4(2414 2435 3832 3811)
4(2434 3831 3832 2435)
4(3810 3811 3832 3831)
4(2415 2436 3833 3812)
4(2435 3832 3833 2436)
4(3811 3812 3833 3832)
4(2416 2437 3834 3813)
4(2436 3833 3834 2437)
4(3812 3813 3834 3833)
4(2417 2438 3835 3814)
4(2437 3834 3835 2438)
4(3813 3814 3835 3834)
4(2418 2439 3836 3815)
4(2438 3835 3836 2439)
4(3814 3815 3836 3835)
4(2419 2440 3837 3816)
4(2439 3836 3837 2440)
4(3815 3816 3837 3836)
4(2420 2441 3838 3817)
4(2440 3837 3838 2441)
4(3816 3817 3838 3837)
4(2421 2442 3839 3818)
4(2441 3838 3839 2442)
4(3817 3818 3839 3838)
4(2422 2443 3840 3819)
4(2442 3839 3840 2443)
4(3818 3819 3840 3839)
4(2423 2444 3841 3820)
4(2443 3840 3841 2444)
4(3819 3820 3841 3840)
4(2424 2445 3842 3821)
4(2444 3841 3842 2445)
4(3820 3821 3842 3841)
4(2425 2446 3843 3822)
4(2445 3842 3843 2446)
4(3821 3822 3843 3842)
4(2426 2447 3844 3823)
4(2446 3843 3844 2447)
4(3822 3823 3844 3843)
4(2427 2448 3845 3824)
4(2447 3844 3845 2448)
4(3823 3824 3845 3844)
4(2428 2449 3846 3825)
4(2448 3845 3846 2449)
4(3824 3825 3846 3845)
4(2429 2450 3847 3826)
4(2449 3846 3847 2450)
4(3825 3826 3847 3846)
4(2450 3847 3848 2451)
4(3826 3827 3848 3847)
4(2430 2451 3848 3827)
4(2432 2453 3850 3829)
4(2452 3849 3850 2453)
4(3828 3829 3850 3849)
4(2433 2454 3851 3830)
4(2453 3850 3851 2454)
4(3829 3830 3851 3850)
4(2434 2455 3852 3831)
4(2454 3851 3852 2455)
4(3830 3831 3852 3851)
4(2435 2456 3853 3832)
4(2455 3852 3853 2456)
4(3831 3832 3853 3852)
4(2436 2457 3854 3833)
4(2456 3853 3854 2457)
4(3832 3833 3854 3853)
4(2437 2458 3855 3834)
4(2457 3854 3855 2458)
4(3833 3834 3855 3854)
4(2438 2459 3856 3835)
4(2458 3855 3856 2459)
4(3834 3835 3856 3855)
4(2439 2460 3857 3836)
4(2459 3856 3857 2460)
4(3835 3836 3857 3856)
4(2440 2461 3858 3837)
4(2460 3857 3858 2461)
4(3836 3837 3858 3857)
4(2441 2462 3859 3838)
4(2461 3858 3859 2462)
4(3837 3838 3859 3858)
4(2442 2463 3860 3839)
4(2462 3859 3860 2463)
4(3838 3839 3860 3859)
4(2443 2464 3861 3840)
4(2463 3860 3861 2464)
4(3839 3840 3861 3860)
4(2444 2465 3862 3841)
4(2464 3861 3862 2465)
4(3840 3841 3862 3861)
4(2445 2466 3863 3842)
4(2465 3862 3863 2466)
4(3841 3842 3863 3862)
4(2446 2467 3864 3843)
4(2466 3863 3864 2467)
4(3842 3843 3864 3863)
4(2447 2468 3865 3844)
4(2467 3864 3865 2468)
4(3843 3844 3865 3864)
4(2448 2469 3866 3845)
4(2468 3865 3866 2469)
4(3844 3845 3866 3865)
4(2449 2470 3867 3846)
4(2469 3866 3867 2470)
4(3845 3846 3867 3866)
4(2450 2471 3868 3847)
4(2470 3867 3868 2471)
4(3846 3847 3868 3867)
4(2471 3868 3869 2472)
4(3847 3848 3869 3868)
4(2451 2472 3869 3848)
4(2453 2474 3871 3850)
4(2473 3870 3871 2474)
4(3849 3850 3871 3870)
4(2454 2475 3872 3851)
4(2474 3871 3872 2475)
4(3850 3851 3872 3871)
4(2455 2476 3873 3852)
4(2475 3872 3873 2476)
4(3851 3852 3873 3872)
4(2456 2477 3874 3853)
4(2476 3873 3874 2477)
4(3852 3853 3874 3873)
4(2457 2478 3875 3854)
4(2477 3874 3875 2478)
4(3853 3854 3875 3874)
4(2458 2479 3876 3855)
4(2478 3875 3876 2479)
4(3854 3855 3876 3875)
4(2459 2480 3877 3856)
4(2479 3876 3877 2480)
4(3855 3856 3877 3876)
4(2460 2481 3878 3857)
4(2480 3877 3878 2481)
4(3856 3857 3878 3877)
4(2461 2482 3879 3858)
4(2481 3878 3879 2482)
4(3857 3858 3879 3878)
4(2462 2483 3880 3859)
4(2482 3879 3880 2483)
4(3858 3859 3880 3879)
4(2463 2484 3881 3860)
4(2483 3880 3881 2484)
4(3859 3860 3881 3880)
4(2464 2485 3882 3861)
4(2484 3881 3882 2485)
4(3860 3861 3882 3881)
4(2465 2486 3883 3862)
4(2485 3882 3883 2486)
4(3861 3862 3883 3882)
4(2466 2487 3884 3863)
4(2486 3883 3884 2487)
4(3862 3863 3884 3883)
4(2467 2488 3885 3864)
4(2487 3884 3885 2488)
4(3863 3864 3885 3884)
4(2468 2489 3886 3865)
4(2488 3885 3886 2489)
4(3864 3865 3886 3885)
4(2469 2490 3887 3866)
4(2489 3886 3887 2490)
4(3865 3866 3887 3886)
4(2470 2491 3888 3867)
4(2490 3887 3888 2491)
4(3866 3867 3888 3887)
4(2471 2492 3889 3868)
4(2491 3888 3889 2492)
4(3867 3868 3889 3888)
4(2492 3889 3890 2493)
4(3868 3869 3890 3889)
4(2472 2493 3890 3869)
4(2474 2495 3892 3871)
4(2494 3891 3892 2495)
4(3870 3871 3892 3891)
4(2475 2496 3893 3872)
4(2495 3892 3893 2496)
4(3871 3872 3893 3892)
4(2476 2497 3894 3873)
4(2496 3893 3894 2497)
4(3872 3873 3894 3893)
4(2477 2498 3895 3874)
4(2497 3894 3895 2498)
4(3873 3874 3895 3894)
4(2478 2499 3896 3875)
4(2498 3895 3896 2499)
4(3874 3875 3896 3895)
4(2479 2500 3897 3876)
4(2499 3896 3897 2500)
4(3875 3876 3897 3896)
4(2480 2501 3898 3877)
4(2500 3897 3898 2501)
4(3876 3877 3898 3897)
4(2481 2502 3899 3878)
4(2501 3898 3899 2502)
4(3877 3878 3899 3898)
4(2482 2503 3900 3879)
4(2502 3899 3900 2503)
4(3878 3879 3900 3899)
4(2483 2504 3901 3880)
4(2503 3900 3901 2504)
4(3879 3880 3901 3900)
4(2484 2505 3902 3881)
4(2504 3901 3902 2505)
4(3880 3881 3902 3901)
4(2485 2506 3903 3882)
4(2505 3902 3903 2506)
4(3881 3882 3903 3902)
4(2486 2507 3904 3883)
4(2506 3903 3904 2507)
4(3882 3883 3904 3903)
4(2487 2508 3905 3884)
4(2507 3904 3905 2508)
4(3883 3884 3905 3904)
4(2488 2509 3906 3885)
4(2508 3905 3906 2509)
4(3884 3885 3906 3905)
4(2489 2510 3907 3886)
4(2509 3906 3907 2510)
4(3885 3886 3907 3906)
4(2490 2511 3908 3887)
4(2510 3907 3908 2511)
4(3886 3887 3908 3907)
4(2491 2512 3909 3888)
4(2511 3908 3909 2512)
4(3887 3888 3909 3908)
4(2492 2513 3910 3889)
4(2512 3909 3910 2513)
4(3888 3889 3910 3909)
4(2513 3910 3911 2514)
4(3889 3890 3911 3910)
4(2493 2514 3911 3890)
4(2495 2516 3913 3892)
4(3891 3892 3913 3912)
4(2496 2517 3914 3893)
4(2516 3913 3914 2517)
4(3892 3893 3914 3913)
4(2497 2518 3915 3894)
4(2517 3914 3915 2518)
4(3893 3894 3915 3914)
4(2498 2519 3916 3895)
4(2518 3915 3916 2519)
4(3894 3895 3916 3915)
4(2499 2520 3917 3896)
4(2519 3916 3917 2520)
4(3895 3896 3917 3916)
4(2500 2521 3918 3897)
4(2520 3917 3918 2521)
4(3896 3897 3918 3917)
4(2501 2522 3919 3898)
4(2521 3918 3919 2522)
4(3897 3898 3919 3918)
4(2502 2523 3920 3899)
4(2522 3919 3920 2523)
4(3898 3899 3920 3919)
4(2503 2524 3921 3900)
4(2523 3920 3921 2524)
4(3899 3900 3921 3920)
4(2504 2525 3922 3901)
4(2524 3921 3922 2525)
4(3900 3901 3922 3921)
4(2505 2526 3923 3902)
4(2525 3922 3923 2526)
4(3901 3902 3923 3922)
4(2506 2527 3924 3903)
4(2526 3923 3924 2527)
4(3902 3903 3924 3923)
4(2507 2528 3925 3904)
4(2527 3924 3925 2528)
4(3903 3904 3925 3924)
4(2508 2529 3926 3905)
4(2528 3925 3926 2529)
4(3904 3905 3926 3925)
4(2509 2530 3927 3906)
4(2529 3926 3927 2530)
4(3905 3906 3927 3926)
4(2510 2531 3928 3907)
4(2530 3927 3928 2531)
4(3906 3907 3928 3927)
4(2511 2532 3929 3908)
4(2531 3928 3929 2532)
4(3907 3908 3929 3928)
4(2512 2533 3930 3909)
4(2532 3929 3930 2533)
4(3908 3909 3930 3929)
4(2513 2534 3931 3910)
4(2533 3930 3931 2534)
4(3909 3910 3931 3930)
4(2534 3931 3932 2535)
4(3910 3911 3932 3931)
4(2514 2535 3932 3911)
4(2517 2537 3934 3914)
4(2536 3933 3934 2537)
4(3913 3914 3934 3933)
4(2518 2538 3935 3915)
4(2537 3934 3935 2538)
4(3914 3915 3935 3934)
4(2519 2539 3936 3916)
4(2538 3935 3936 2539)
4(3915 3916 3936 3935)
4(2520 2540 3937 3917)
4(2539 3936 3937 2540)
4(3916 3917 3937 3936)
4(2521 2541 3938 3918)
4(2540 3937 3938 2541)
4(3917 3918 3938 3937)
4(2522 2542 3939 3919)
4(2541 3938 3939 2542)
4(3918 3919 3939 3938)
4(2523 2543 3940 3920)
4(2542 3939 3940 2543)
4(3919 3920 3940 3939)
4(2524 2544 3941 3921)
4(2543 3940 3941 2544)
4(3920 3921 3941 3940)
4(2525 2545 3942 3922)
4(2544 3941 3942 2545)
4(3921 3922 3942 3941)
4(2526 2546 3943 3923)
4(2545 3942 3943 2546)
4(3922 3923 3943 3942)
4(2527 2547 3944 3924)
4(2546 3943 3944 2547)
4(3923 3924 3944 3943)
4(2528 2548 3945 3925)
4(2547 3944 3945 2548)
4(3924 3925 3945 3944)
4(2529 2549 3946 3926)
4(2548 3945 3946 2549)
4(3925 3926 3946 3945)
4(2530 2550 3947 3927)
4(2549 3946 3947 2550)
4(3926 3927 3947 3946)
4(2531 2551 3948 3928)
4(2550 3947 3948 2551)
4(3927 3928 3948 3947)
4(2532 2552 3949 3929)
4(2551 3948 3949 2552)
4(3928 3929 3949 3948)
4(2533 2553 3950 3930)
4(2552 3949 3950 2553)
4(3929 3930 3950 3949)
4(2534 2554 3951 3931)
4(2553 3950 3951 2554)
4(3930 3931 3951 3950)
4(2554 3951 3952 2555)
4(3931 3932 3952 3951)
4(2535 2555 3952 3932)
4(2537 2557 3954 3934)
4(2556 3953 3954 2557)
4(3933 3934 3954 3953)
4(2538 2558 3955 3935)
4(2557 3954 3955 2558)
4(3934 3935 3955 3954)
4(2539 2559 3956 3936)
4(2558 3955 3956 2559)
4(3935 3936 3956 3955)
4(2540 2560 3957 3937)
4(2559 3956 3957 2560)
4(3936 3937 3957 3956)
4(2541 2561 3958 3938)
4(2560 3957 3958 2561)
4(3937 3938 3958 3957)
4(2542 2562 3959 3939)
4(2561 3958 3959 2562)
4(3938 3939 3959 3958)
4(2543 2563 3960 3940)
4(2562 3959 3960 2563)
4(3939 3940 3960 3959)
4(2544 2564 3961 3941)
4(2563 3960 3961 2564)
4(3940 3941 3961 3960)
4(2545 2565 3962 3942)
4(2564 3961 3962 2565)
4(3941 3942 3962 3961)
4(2546 2566 3963 3943)
4(2565 3962 3963 2566)
4(3942 3943 3963 3962)
4(2547 2567 3964 3944)
4(2566 3963 3964 2567)
4(3943 3944 3964 3963)
4(2548 2568 3965 3945)
4(2567 3964 3965 2568)
4(3944 3945 3965 3964)
4(2549 2569 3966 3946)
4(2568 3965 3966 2569)
4(3945 3946 3966 3965)
4(2550 2570 3967 3947)
4(2569 3966 3967 2570)
4(3946 3947 3967 3966)
4(2551 2571 3968 3948)
4(2570 3967 3968 2571)
4(3947 3948 3968 3967)
4(2552 2572 3969 3949)
4(2571 3968 3969 2572)
4(3948 3949 3969 3968)
4(2553 2573 3970 3950)
4(2572 3969 3970 2573)
4(3949 3950 3970 3969)
4(2554 2574 3971 3951)
4(2573 3970 3971 2574)
4(3950 3951 3971 3970)
4(2574 3971 3972 2575)
4(3951 3952 3972 3971)
4(2555 2575 3972 3952)
4(2557 2577 3974 3954)
4(2576 3973 3974 2577)
4(3953 3954 3974 3973)
4(2558 2578 3975 3955)
4(2577 3974 3975 2578)
4(3954 3955 3975 3974)
4(2559 2579 3976 3956)
4(2578 3975 3976 2579)
4(3955 3956 3976 3975)
4(2560 2580 3977 3957)
4(2579 3976 3977 2580)
4(3956 3957 3977 3976)
4(2561 2581 3978 3958)
4(2580 3977 3978 2581)
4(3957 3958 3978 3977)
4(2562 2582 3979 3959)
4(2581 3978 3979 2582)
4(3958 3959 3979 3978)
4(2563 2583 3980 3960)
4(2582 3979 3980 2583)
4(3959 3960 3980 3979)
4(2564 2584 3981 3961)
4(2583 3980 3981 2584)
4(3960 3961 3981 3980)
4(2565 2585 3982 3962)
4(2584 3981 3982 2585)
4(3961 3962 3982 3981)
4(2566 2586 3983 3963)
4(2585 3982 3983 2586)
4(3962 3963 3983 3982)
4(2567 2587 3984 3964)
4(2586 3983 3984 2587)
4(3963 3964 3984 3983)
4(2568 2588 3985 3965)
4(2587 3984 3985 2588)
4(3964 3965 3985 3984)
4(2569 2589 3986 3966)
4(2588 3985 3986 2589)
4(3965 3966 3986 3985)
4(2570 2590 3987 3967)
4(2589 3986 3987 2590)
4(3966 3967 3987 3986)
4(2571 2591 3988 3968)
4(2590 3987 3988 2591)
4(3967 3968 3988 3987)
4(2572 2592 3989 3969)
4(2591 3988 3989 2592)
4(3968 3969 3989 3988)
4(2573 2593 3990 3970)
4(2592 3989 3990 2593)
4(3969 3970 3990 3989)
4(2574 2594 3991 3971)
4(2593 3990 3991 2594)
4(3970 3971 3991 3990)
4(2594 3991 3992 2595)
4(3971 3972 3992 3991)
4(2575 2595 3992 3972)
4(2577 2597 3994 3974)
4(3973 3974 3994 3993)
4(2578 2598 3995 3975)
4(2597 3994 3995 2598)
4(3974 3975 3995 3994)
4(2579 2599 3996 3976)
4(2598 3995 3996 2599)
4(3975 3976 3996 3995)
4(2580 2600 3997 3977)
4(2599 3996 3997 2600)
4(3976 3977 3997 3996)
4(2581 2601 3998 3978)
4(2600 3997 3998 2601)
4(3977 3978 3998 3997)
4(2582 2602 3999 3979)
4(2601 3998 3999 2602)
4(3978 3979 3999 3998)
4(2583 2603 4000 3980)
4(2602 3999 4000 2603)
4(3979 3980 4000 3999)
4(2584 2604 4001 3981)
4(2603 4000 4001 2604)
4(3980 3981 4001 4000)
4(2585 2605 4002 3982)
4(2604 4001 4002 2605)
4(3981 3982 4002 4001)
4(2586 2606 4003 3983)
4(2605 4002 4003 2606)
4(3982 3983 4003 4002)
4(2587 2607 4004 3984)
4(2606 4003 4004 2607)
4(3983 3984 4004 4003)
4(2588 2608 4005 3985)
4(2607 4004 4005 2608)
4(3984 3985 4005 4004)
4(2589 2609 4006 3986)
4(2608 4005 4006 2609)
4(3985 3986 4006 4005)
4(2590 2610 4007 3987)
4(2609 4006 4007 2610)
4(3986 3987 4007 4006)
4(2591 2611 4008 3988)
4(2610 4007 4008 2611)
4(3987 3988 4008 4007)
4(2592 2612 4009 3989)
4(2611 4008 4009 2612)
4(3988 3989 4009 4008)
4(2593 2613 4010 3990)
4(2612 4009 4010 2613)
4(3989 3990 4010 4009)
4(2594 2614 4011 3991)
4(2613 4010 4011 2614)
4(3990 3991 4011 4010)
4(2614 4011 4012 2615)
4(3991 3992 4012 4011)
4(2595 2615 4012 3992)
4(2598 2617 4014 3995)
4(3994 3995 4014 4013)
4(2599 2618 4015 3996)
4(3995 3996 4015 4014)
4(2600 2619 4016 3997)
4(3996 3997 4016 4015)
4(2601 2620 4017 3998)
4(3997 3998 4017 4016)
4(2602 2621 4018 3999)
4(3998 3999 4018 4017)
4(2603 2622 4019 4000)
4(3999 4000 4019 4018)
4(2604 2623 4020 4001)
4(4000 4001 4020 4019)
4(2605 2624 4021 4002)
4(4001 4002 4021 4020)
4(2606 2625 4022 4003)
4(4002 4003 4022 4021)
4(2607 2626 4023 4004)
4(4003 4004 4023 4022)
4(2608 2627 4024 4005)
4(4004 4005 4024 4023)
4(2609 2628 4025 4006)
4(4005 4006 4025 4024)
4(2610 2629 4026 4007)
4(4006 4007 4026 4025)
4(2611 2630 4027 4008)
4(4007 4008 4027 4026)
4(2612 2631 4028 4009)
4(4008 4009 4028 4027)
4(2613 2632 4029 4010)
4(4009 4010 4029 4028)
4(2614 2633 4030 4011)
4(4010 4011 4030 4029)
4(4011 4012 4031 4030)
4(2615 2634 4031 4012)
4(3703 3724 4054 4033)
4(3723 4053 4054 3724)
4(4032 4033 4054 4053)
4(3704 3725 4055 4034)
4(3724 4054 4055 3725)
4(4033 4034 4055 4054)
4(3705 3726 4056 4035)
4(3725 4055 4056 3726)
4(4034 4035 4056 4055)
4(3706 3727 4057 4036)
4(3726 4056 4057 3727)
4(4035 4036 4057 4056)
4(3707 3728 4058 4037)
4(3727 4057 4058 3728)
4(4036 4037 4058 4057)
4(3708 3729 4059 4038)
4(3728 4058 4059 3729)
4(4037 4038 4059 4058)
4(3709 3730 4060 4039)
4(3729 4059 4060 3730)
4(4038 4039 4060 4059)
4(3710 3731 4061 4040)
4(3730 4060 4061 3731)
4(4039 4040 4061 4060)
4(3711 3732 4062 4041)
4(3731 4061 4062 3732)
4(4040 4041 4062 4061)
4(3712 3733 4063 4042)
4(3732 4062 4063 3733)
4(4041 4042 4063 4062)
4(3713 3734 4064 4043)
4(3733 4063 4064 3734)
4(4042 4043 4064 4063)
4(3714 3735 4065 4044)
4(3734 4064 4065 3735)
4(4043 4044 4065 4064)
4(3715 3736 4066 4045)
4(3735 4065 4066 3736)
4(4044 4045 4066 4065)
4(3716 3737 4067 4046)
4(3736 4066 4067 3737)
4(4045 4046 4067 4066)
4(3717 3738 4068 4047)
4(3737 4067 4068 3738)
4(4046 4047 4068 4067)
4(3718 3739 4069 4048)
4(3738 4068 4069 3739)
4(4047 4048 4069 4068)
4(3719 3740 4070 4049)
4(3739 4069 4070 3740)
4(4048 4049 4070 4069)
4(3720 3741 4071 4050)
4(3740 4070 4071 3741)
4(4049 4050 4071 4070)
4(3721 3742 4072 4051)
4(3741 4071 4072 3742)
4(4050 4051 4072 4071)
4(3742 4072 4073 3743)
4(4051 4052 4073 4072)
4(3722 3743 4073 4052)
4(3724 3745 4075 4054)
4(3744 4074 4075 3745)
4(4053 4054 4075 4074)
4(3725 3746 4076 4055)
4(3745 4075 4076 3746)
4(4054 4055 4076 4075)
4(3726 3747 4077 4056)
4(3746 4076 4077 3747)
4(4055 4056 4077 4076)
4(3727 3748 4078 4057)
4(3747 4077 4078 3748)
4(4056 4057 4078 4077)
4(3728 3749 4079 4058)
4(3748 4078 4079 3749)
4(4057 4058 4079 4078)
4(3729 3750 4080 4059)
4(3749 4079 4080 3750)
4(4058 4059 4080 4079)
4(3730 3751 4081 4060)
4(3750 4080 4081 3751)
4(4059 4060 4081 4080)
4(3731 3752 4082 4061)
4(3751 4081 4082 3752)
4(4060 4061 4082 4081)
4(3732 3753 4083 4062)
4(3752 4082 4083 3753)
4(4061 4062 4083 4082)
4(3733 3754 4084 4063)
4(3753 4083 4084 3754)
4(4062 4063 4084 4083)
4(3734 3755 4085 4064)
4(3754 4084 4085 3755)
4(4063 4064 4085 4084)
4(3735 3756 4086 4065)
4(3755 4085 4086 3756)
4(4064 4065 4086 4085)
4(3736 3757 4087 4066)
4(3756 4086 4087 3757)
4(4065 4066 4087 4086)
4(3737 3758 4088 4067)
4(3757 4087 4088 3758)
4(4066 4067 4088 4087)
4(3738 3759 4089 4068)
4(3758 4088 4089 3759)
4(4067 4068 4089 4088)
4(3739 3760 4090 4069)
4(3759 4089 4090 3760)
4(4068 4069 4090 4089)
4(3740 3761 4091 4070)
4(3760 4090 4091 3761)
4(4069 4070 4091 4090)
4(3741 3762 4092 4071)
4(3761 4091 4092 3762)
4(4070 4071 4092 4091)
4(3742 3763 4093 4072)
4(3762 4092 4093 3763)
4(4071 4072 4093 4092)
4(3763 4093 4094 3764)
4(4072 4073 4094 4093)
4(3743 3764 4094 4073)
4(3745 3766 4096 4075)
4(3765 4095 4096 3766)
4(4074 4075 4096 4095)
4(3746 3767 4097 4076)
4(3766 4096 4097 3767)
4(4075 4076 4097 4096)
4(3747 3768 4098 4077)
4(3767 4097 4098 3768)
4(4076 4077 4098 4097)
4(3748 3769 4099 4078)
4(3768 4098 4099 3769)
4(4077 4078 4099 4098)
4(3749 3770 4100 4079)
4(3769 4099 4100 3770)
4(4078 4079 4100 4099)
4(3750 3771 4101 4080)
4(3770 4100 4101 3771)
4(4079 4080 4101 4100)
4(3751 3772 4102 4081)
4(3771 4101 4102 3772)
4(4080 4081 4102 4101)
4(3752 3773 4103 4082)
4(3772 4102 4103 3773)
4(4081 4082 4103 4102)
4(3753 3774 4104 4083)
4(3773 4103 4104 3774)
4(4082 4083 4104 4103)
4(3754 3775 4105 4084)
4(3774 4104 4105 3775)
4(4083 4084 4105 4104)
4(3755 3776 4106 4085)
4(3775 4105 4106 3776)
4(4084 4085 4106 4105)
4(3756 3777 4107 4086)
4(3776 4106 4107 3777)
4(4085 4086 4107 4106)
4(3757 3778 4108 4087)
4(3777 4107 4108 3778)
4(4086 4087 4108 4107)
4(3758 3779 4109 4088)
4(3778 4108 4109 3779)
4(4087 4088 4109 4108)
4(3759 3780 4110 4089)
4(3779 4109 4110 3780)
4(4088 4089 4110 4109)
4(3760 3781 4111 4090)
4(3780 4110 4111 3781)
4(4089 4090 4111 4110)
4(3761 3782 4112 4091)
4(3781 4111 4112 3782)
4(4090 4091 4112 4111)
4(3762 3783 4113 4092)
4(3782 4112 4113 3783)
4(4091 4092 4113 4112)
4(3763 3784 4114 4093)
4(3783 4113 4114 3784)
4(4092 4093 4114 4113)
4(3784 4114 4115 3785)
4(4093 4094 4115 4114)
4(3764 3785 4115 4094)
4(3766 3787 4117 4096)
4(3786 4116 4117 3787)
4(4095 4096 4117 4116)
4(3767 3788 4118 4097)
4(3787 4117 4118 3788)
4(4096 4097 4118 4117)
4(3768 3789 4119 4098)
4(3788 4118 4119 3789)
4(4097 4098 4119 4118)
4(3769 3790 4120 4099)
4(3789 4119 4120 3790)
4(4098 4099 4120 4119)
4(3770 3791 4121 4100)
4(3790 4120 4121 3791)
4(4099 4100 4121 4120)
4(3771 3792 4122 4101)
4(3791 4121 4122 3792)
4(4100 4101 4122 4121)
4(3772 3793 4123 4102)
4(3792 4122 4123 3793)
4(4101 4102 4123 4122)
4(3773 3794 4124 4103)
4(3793 4123 4124 3794)
4(4102 4103 4124 4123)
4(3774 3795 4125 4104)
4(3794 4124 4125 3795)
4(4103 4104 4125 4124)
4(3775 3796 4126 4105)
4(3795 4125 4126 3796)
4(4104 4105 4126 4125)
4(3776 3797 4127 4106)
4(3796 4126 4127 3797)
4(4105 4106 4127 4126)
4(3777 3798 4128 4107)
4(3797 4127 4128 3798)
4(4106 4107 4128 4127)
4(3778 3799 4129 4108)
4(3798 4128 4129 3799)
4(4107 4108 4129 4128)
4(3779 3800 4130 4109)
4(3799 4129 4130 3800)
4(4108 4109 4130 4129)
4(3780 3801 4131 4110)
4(3800 4130 4131 3801)
4(4109 4110 4131 4130)
4(3781 3802 4132 4111)
4(3801 4131 4132 3802)
4(4110 4111 4132 4131)
4(3782 3803 4133 4112)
4(3802 4132 4133 3803)
4(4111 4112 4133 4132)
4(3783 3804 4134 4113)
4(3803 4133 4134 3804)
4(4112 4113 4134 4133)
4(3784 3805 4135 4114)
4(3804 4134 4135 3805)
4(4113 4114 4135 4134)
4(3805 4135 4136 3806)
4(4114 4115 4136 4135)
4(3785 3806 4136 4115)
4(3787 3808 4138 4117)
4(3807 4137 4138 3808)
4(4116 4117 4138 4137)
4(3788 3809 4139 4118)
4(3808 4138 4139 3809)
4(4117 4118 4139 4138)
4(3789 3810 4140 4119)
4(3809 4139 4140 3810)
4(4118 4119 4140 4139)
4(3790 3811 4141 4120)
4(3810 4140 4141 3811)
4(4119 4120 4141 4140)
4(3791 3812 4142 4121)
4(3811 4141 4142 3812)
4(4120 4121 4142 4141)
4(3792 3813 4143 4122)
4(3812 4142 4143 3813)
4(4121 4122 4143 4142)
4(3793 3814 4144 4123)
4(3813 4143 4144 3814)
4(4122 4123 4144 4143)
4(3794 3815 4145 4124)
4(3814 4144 4145 3815)
4(4123 4124 4145 4144)
4(3795 3816 4146 4125)
4(3815 4145 4146 3816)
4(4124 4125 4146 4145)
4(3796 3817 4147 4126)
4(3816 4146 4147 3817)
4(4125 4126 4147 4146)
4(3797 3818 4148 4127)
4(3817 4147 4148 3818)
4(4126 4127 4148 4147)
4(3798 3819 4149 4128)
4(3818 4148 4149 3819)
4(4127 4128 4149 4148)
4(3799 3820 4150 4129)
4(3819 4149 4150 3820)
4(4128 4129 4150 4149)
4(3800 3821 4151 4130)
4(3820 4150 4151 3821)
4(4129 4130 4151 4150)
4(3801 3822 4152 4131)
4(3821 4151 4152 3822)
4(4130 4131 4152 4151)
4(3802 3823 4153 4132)
4(3822 4152 4153 3823)
4(4131 4132 4153 4152)
4(3803 3824 4154 4133)
4(3823 4153 4154 3824)
4(4132 4133 4154 4153)
4(3804 3825 4155 4134)
4(3824 4154 4155 3825)
4(4133 4134 4155 4154)
4(3805 3826 4156 4135)
4(3825 4155 4156 3826)
4(4134 4135 4156 4155)
4(3826 4156 4157 3827)
4(4135 4136 4157 4156)
4(3806 3827 4157 4136)
4(3808 3829 4159 4138)
4(3828 4158 4159 3829)
4(4137 4138 4159 4158)
4(3809 3830 4160 4139)
4(3829 4159 4160 3830)
4(4138 4139 4160 4159)
4(3810 3831 4161 4140)
4(3830 4160 4161 3831)
4(4139 4140 4161 4160)
4(3811 3832 4162 4141)
4(3831 4161 4162 3832)
4(4140 4141 4162 4161)
4(3812 3833 4163 4142)
4(3832 4162 4163 3833)
4(4141 4142 4163 4162)
4(3813 3834 4164 4143)
4(3833 4163 4164 3834)
4(4142 4143 4164 4163)
4(3814 3835 4165 4144)
4(3834 4164 4165 3835)
4(4143 4144 4165 4164)
4(3815 3836 4166 4145)
4(3835 4165 4166 3836)
4(4144 4145 4166 4165)
4(3816 3837 4167 4146)
4(3836 4166 4167 3837)
4(4145 4146 4167 4166)
4(3817 3838 4168 4147)
4(3837 4167 4168 3838)
4(4146 4147 4168 4167)
4(3818 3839 4169 4148)
4(3838 4168 4169 3839)
4(4147 4148 4169 4168)
4(3819 3840 4170 4149)
4(3839 4169 4170 3840)
4(4148 4149 4170 4169)
4(3820 3841 4171 4150)
4(3840 4170 4171 3841)
4(4149 4150 4171 4170)
4(3821 3842 4172 4151)
4(3841 4171 4172 3842)
4(4150 4151 4172 4171)
4(3822 3843 4173 4152)
4(3842 4172 4173 3843)
4(4151 4152 4173 4172)
4(3823 3844 4174 4153)
4(3843 4173 4174 3844)
4(4152 4153 4174 4173)
4(3824 3845 4175 4154)
4(3844 4174 4175 3845)
4(4153 4154 4175 4174)
4(3825 3846 4176 4155)
4(3845 4175 4176 3846)
4(4154 4155 4176 4175)
4(3826 3847 4177 4156)
4(3846 4176 4177 3847)
4(4155 4156 4177 4176)
4(3847 4177 4178 3848)
4(4156 4157 4178 4177)
4(3827 3848 4178 4157)
4(3829 3850 4180 4159)
4(3849 4179 4180 3850)
4(4158 4159 4180 4179)
4(3830 3851 4181 4160)
4(3850 4180 4181 3851)
4(4159 4160 4181 4180)
4(3831 3852 4182 4161)
4(3851 4181 4182 3852)
4(4160 4161 4182 4181)
4(3832 3853 4183 4162)
4(3852 4182 4183 3853)
4(4161 4162 4183 4182)
4(3833 3854 4184 4163)
4(3853 4183 4184 3854)
4(4162 4163 4184 4183)
4(3834 3855 4185 4164)
4(3854 4184 4185 3855)
4(4163 4164 4185 4184)
4(3835 3856 4186 4165)
4(3855 4185 4186 3856)
4(4164 4165 4186 4185)
4(3836 3857 4187 4166)
4(3856 4186 4187 3857)
4(4165 4166 4187 4186)
4(3837 3858 4188 4167)
4(3857 4187 4188 3858)
4(4166 4167 4188 4187)
4(3838 3859 4189 4168)
4(3858 4188 4189 3859)
4(4167 4168 4189 4188)
4(3839 3860 4190 4169)
4(3859 4189 4190 3860)
4(4168 4169 4190 4189)
4(3840 3861 4191 4170)
4(3860 4190 4191 3861)
4(4169 4170 4191 4190)
4(3841 3862 4192 4171)
4(3861 4191 4192 3862)
4(4170 4171 4192 4191)
4(3842 3863 4193 4172)
4(3862 4192 4193 3863)
4(4171 4172 4193 4192)
4(3843 3864 4194 4173)
4(3863 4193 4194 3864)
4(4172 4173 4194 4193)
4(3844 3865 4195 4174)
4(3864 4194 4195 3865)
4(4173 4174 4195 4194)
4(3845 3866 4196 4175)
4(3865 4195 4196 3866)
4(4174 4175 4196 4195)
4(3846 3867 4197 4176)
4(3866 4196 4197 3867)
4(4175 4176 4197 4196)
4(3847 3868 4198 4177)
4(3867 4197 4198 3868)
4(4176 4177 4198 4197)
4(3868 4198 4199 3869)
4(4177 4178 4199 4198)
4(3848 3869 4199 4178)
4(3850 3871 4201 4180)
4(3870 4200 4201 3871)
4(4179 4180 4201 4200)
4(3851 3872 4202 4181)
4(3871 4201 4202 3872)
4(4180 4181 4202 4201)
4(3852 3873 4203 4182)
4(3872 4202 4203 3873)
4(4181 4182 4203 4202)
4(3853 3874 4204 4183)
4(3873 4203 4204 3874)
4(4182 4183 4204 4203)
4(3854 3875 4205 4184)
4(3874 4204 4205 3875)
4(4183 4184 4205 4204)
4(3855 3876 4206 4185)
4(3875 4205 4206 3876)
4(4184 4185 4206 4205)
4(3856 3877 4207 4186)
4(3876 4206 4207 3877)
4(4185 4186 4207 4206)
4(3857 3878 4208 4187)
4(3877 4207 4208 3878)
4(4186 4187 4208 4207)
4(3858 3879 4209 4188)
4(3878 4208 4209 3879)
4(4187 4188 4209 4208)
4(3859 3880 4210 4189)
4(3879 4209 4210 3880)
4(4188 4189 4210 4209)
4(3860 3881 4211 4190)
4(3880 4210 4211 3881)
4(4189 4190 4211 4210)
4(3861 3882 4212 4191)
4(3881 4211 4212 3882)
4(4190 4191 4212 4211)
4(3862 3883 4213 4192)
4(3882 4212 4213 3883)
4(4191 4192 4213 4212)
4(3863 3884 4214 4193)
4(3883 4213 4214 3884)
4(4192 4193 4214 4213)
4(3864 3885 4215 4194)
4(3884 4214 4215 3885)
4(4193 4194 4215 4214)
4(3865 3886 4216 4195)
4(3885 4215 4216 3886)
4(4194 4195 4216 4215)
4(3866 3887 4217 4196)
4(3886 4216 4217 3887)
4(4195 4196 4217 4216)
4(3867 3888 4218 4197)
4(3887 4217 4218 3888)
4(4196 4197 4218 4217)
4(3868 3889 4219 4198)
4(3888 4218 4219 3889)
4(4197 4198 4219 4218)
4(3889 4219 4220 3890)
4(4198 4199 4220 4219)
4(3869 3890 4220 4199)
4(3871 3892 4222 4201)
4(3891 4221 4222 3892)
4(4200 4201 4222 4221)
4(3872 3893 4223 4202)
4(3892 4222 4223 3893)
4(4201 4202 4223 4222)
4(3873 3894 4224 4203)
4(3893 4223 4224 3894)
4(4202 4203 4224 4223)
4(3874 3895 4225 4204)
4(3894 4224 4225 3895)
4(4203 4204 4225 4224)
4(3875 3896 4226 4205)
4(3895 4225 4226 3896)
4(4204 4205 4226 4225)
4(3876 3897 4227 4206)
4(3896 4226 4227 3897)
4(4205 4206 4227 4226)
4(3877 3898 4228 4207)
4(3897 4227 4228 3898)
4(4206 4207 4228 4227)
4(3878 3899 4229 4208)
4(3898 4228 4229 3899)
4(4207 4208 4229 4228)
4(3879 3900 4230 4209)
4(3899 4229 4230 3900)
4(4208 4209 4230 4229)
4(3880 3901 4231 4210)
4(3900 4230 4231 3901)
4(4209 4210 4231 4230)
4(3881 3902 4232 4211)
4(3901 4231 4232 3902)
4(4210 4211 4232 4231)
4(3882 3903 4233 4212)
4(3902 4232 4233 3903)
4(4211 4212 4233 4232)
4(3883 3904 4234 4213)
4(3903 4233 4234 3904)
4(4212 4213 4234 4233)
4(3884 3905 4235 4214)
4(3904 4234 4235 3905)
4(4213 4214 4235 4234)
4(3885 3906 4236 4215)
4(3905 4235 4236 3906)
4(4214 4215 4236 4235)
4(3886 3907 4237 4216)
4(3906 4236 4237 3907)
4(4215 4216 4237 4236)
4(3887 3908 4238 4217)
4(3907 4237 4238 3908)
4(4216 4217 4238 4237)
4(3888 3909 4239 4218)
4(3908 4238 4239 3909)
4(4217 4218 4239 4238)
4(3889 3910 4240 4219)
4(3909 4239 4240 3910)
4(4218 4219 4240 4239)
4(3910 4240 4241 3911)
4(4219 4220 4241 4240)
4(3890 3911 4241 4220)
4(3892 3913 4243 4222)
4(4221 4222 4243 4242)
4(3893 3914 4244 4223)
4(3913 4243 4244 3914)
4(4222 4223 4244 4243)
4(3894 3915 4245 4224)
4(3914 4244 4245 3915)
4(4223 4224 4245 4244)
4(3895 3916 4246 4225)
4(3915 4245 4246 3916)
4(4224 4225 4246 4245)
4(3896 3917 4247 4226)
4(3916 4246 4247 3917)
4(4225 4226 4247 4246)
4(3897 3918 4248 4227)
4(3917 4247 4248 3918)
4(4226 4227 4248 4247)
4(3898 3919 4249 4228)
4(3918 4248 4249 3919)
4(4227 4228 4249 4248)
4(3899 3920 4250 4229)
4(3919 4249 4250 3920)
4(4228 4229 4250 4249)
4(3900 3921 4251 4230)
4(3920 4250 4251 3921)
4(4229 4230 4251 4250)
4(3901 3922 4252 4231)
4(3921 4251 4252 3922)
4(4230 4231 4252 4251)
4(3902 3923 4253 4232)
4(3922 4252 4253 3923)
4(4231 4232 4253 4252)
4(3903 3924 4254 4233)
4(3923 4253 4254 3924)
4(4232 4233 4254 4253)
4(3904 3925 4255 4234)
4(3924 4254 4255 3925)
4(4233 4234 4255 4254)
4(3905 3926 4256 4235)
4(3925 4255 4256 3926)
4(4234 4235 4256 4255)
4(3906 3927 4257 4236)
4(3926 4256 4257 3927)
4(4235 4236 4257 4256)
4(3907 3928 4258 4237)
4(3927 4257 4258 3928)
4(4236 4237 4258 4257)
4(3908 3929 4259 4238)
4(3928 4258 4259 3929)
4(4237 4238 4259 4258)
4(3909 3930 4260 4239)
4(3929 4259 4260 3930)
4(4238 4239 4260 4259)
4(3910 3931 4261 4240)
4(3930 4260 4261 3931)
4(4239 4240 4261 4260)
4(3931 4261 4262 3932)
4(4240 4241 4262 4261)
4(3911 3932 4262 4241)
4(3914 3934 4264 4244)
4(3933 4263 4264 3934)
4(4243 4244 4264 4263)
4(3915 3935 4265 4245)
4(3934 4264 4265 3935)
4(4244 4245 4265 4264)
4(3916 3936 4266 4246)
4(3935 4265 4266 3936)
4(4245 4246 4266 4265)
4(3917 3937 4267 4247)
4(3936 4266 4267 3937)
4(4246 4247 4267 4266)
4(3918 3938 4268 4248)
4(3937 4267 4268 3938)
4(4247 4248 4268 4267)
4(3919 3939 4269 4249)
4(3938 4268 4269 3939)
4(4248 4249 4269 4268)
4(3920 3940 4270 4250)
4(3939 4269 4270 3940)
4(4249 4250 4270 4269)
4(3921 3941 4271 4251)
4(3940 4270 4271 3941)
4(4250 4251 4271 4270)
4(3922 3942 4272 4252)
4(3941 4271 4272 3942)
4(4251 4252 4272 4271)
4(3923 3943 4273 4253)
4(3942 4272 4273 3943)
4(4252 4253 4273 4272)
4(3924 3944 4274 4254)
4(3943 4273 4274 3944)
4(4253 4254 4274 4273)
4(3925 3945 4275 4255)
4(3944 4274 4275 3945)
4(4254 4255 4275 4274)
4(3926 3946 4276 4256)
4(3945 4275 4276 3946)
4(4255 4256 4276 4275)
4(3927 3947 4277 4257)
4(3946 4276 4277 3947)
4(4256 4257 4277 4276)
4(3928 3948 4278 4258)
4(3947 4277 4278 3948)
4(4257 4258 4278 4277)
4(3929 3949 4279 4259)
4(3948 4278 4279 3949)
4(4258 4259 4279 4278)
4(3930 3950 4280 4260)
4(3949 4279 4280 3950)
4(4259 4260 4280 4279)
4(3931 3951 4281 4261)
4(3950 4280 4281 3951)
4(4260 4261 4281 4280)
4(3951 4281 4282 3952)
4(4261 4262 4282 4281)
4(3932 3952 4282 4262)
4(3934 3954 4284 4264)
4(3953 4283 4284 3954)
4(4263 4264 4284 4283)
4(3935 3955 4285 4265)
4(3954 4284 4285 3955)
4(4264 4265 4285 4284)
4(3936 3956 4286 4266)
4(3955 4285 4286 3956)
4(4265 4266 4286 4285)
4(3937 3957 4287 4267)
4(3956 4286 4287 3957)
4(4266 4267 4287 4286)
4(3938 3958 4288 4268)
4(3957 4287 4288 3958)
4(4267 4268 4288 4287)
4(3939 3959 4289 4269)
4(3958 4288 4289 3959)
4(4268 4269 4289 4288)
4(3940 3960 4290 4270)
4(3959 4289 4290 3960)
4(4269 4270 4290 4289)
4(3941 3961 4291 4271)
4(3960 4290 4291 3961)
4(4270 4271 4291 4290)
4(3942 3962 4292 4272)
4(3961 4291 4292 3962)
4(4271 4272 4292 4291)
4(3943 3963 4293 4273)
4(3962 4292 4293 3963)
4(4272 4273 4293 4292)
4(3944 3964 4294 4274)
4(3963 4293 4294 3964)
4(4273 4274 4294 4293)
4(3945 3965 4295 4275)
4(3964 4294 4295 3965)
4(4274 4275 4295 4294)
4(3946 3966 4296 4276)
4(3965 4295 4296 3966)
4(4275 4276 4296 4295)
4(3947 3967 4297 4277)
4(3966 4296 4297 3967)
4(4276 4277 4297 4296)
4(3948 3968 4298 4278)
4(3967 4297 4298 3968)
4(4277 4278 4298 4297)
4(3949 3969 4299 4279)
4(3968 4298 4299 3969)
4(4278 4279 4299 4298)
4(3950 3970 4300 4280)
4(3969 4299 4300 3970)
4(4279 4280 4300 4299)
4(3951 3971 4301 4281)
4(3970 4300 4301 3971)
4(4280 4281 4301 4300)
4(3971 4301 4302 3972)
4(4281 4282 4302 4301)
4(3952 3972 4302 4282)
4(3954 3974 4304 4284)
4(3973 4303 4304 3974)
4(4283 4284 4304 4303)
4(3955 3975 4305 4285)
4(3974 4304 4305 3975)
4(4284 4285 4305 4304)
4(3956 3976 4306 4286)
4(3975 4305 4306 3976)
4(4285 4286 4306 4305)
4(3957 3977 4307 4287)
4(3976 4306 4307 3977)
4(4286 4287 4307 4306)
4(3958 3978 4308 4288)
4(3977 4307 4308 3978)
4(4287 4288 4308 4307)
4(3959 3979 4309 4289)
4(3978 4308 4309 3979)
4(4288 4289 4309 4308)
4(3960 3980 4310 4290)
4(3979 4309 4310 3980)
4(4289 4290 4310 4309)
4(3961 3981 4311 4291)
4(3980 4310 4311 3981)
4(4290 4291 4311 4310)
4(3962 3982 4312 4292)
4(3981 4311 4312 3982)
4(4291 4292 4312 4311)
4(3963 3983 4313 4293)
4(3982 4312 4313 3983)
4(4292 4293 4313 4312)
4(3964 3984 4314 4294)
4(3983 4313 4314 3984)
4(4293 4294 4314 4313)
4(3965 3985 4315 4295)
4(3984 4314 4315 3985)
4(4294 4295 4315 4314)
4(3966 3986 4316 4296)
4(3985 4315 4316 3986)
4(4295 4296 4316 4315)
4(3967 3987 4317 4297)
4(3986 4316 4317 3987)
4(4296 4297 4317 4316)
4(3968 3988 4318 4298)
4(3987 4317 4318 3988)
4(4297 4298 4318 4317)
4(3969 3989 4319 4299)
4(3988 4318 4319 3989)
4(4298 4299 4319 4318)
4(3970 3990 4320 4300)
4(3989 4319 4320 3990)
4(4299 4300 4320 4319)
4(3971 3991 4321 4301)
4(3990 4320 4321 3991)
4(4300 4301 4321 4320)
4(3991 4321 4322 3992)
4(4301 4302 4322 4321)
4(3972 3992 4322 4302)
4(3974 3994 4324 4304)
4(4303 4304 4324 4323)
4(3975 3995 4325 4305)
4(3994 4324 4325 3995)
4(4304 4305 4325 4324)
4(3976 3996 4326 4306)
4(3995 4325 4326 3996)
4(4305 4306 4326 4325)
4(3977 3997 4327 4307)
4(3996 4326 4327 3997)
4(4306 4307 4327 4326)
4(3978 3998 4328 4308)
4(3997 4327 4328 3998)
4(4307 4308 4328 4327)
4(3979 3999 4329 4309)
4(3998 4328 4329 3999)
4(4308 4309 4329 4328)
4(3980 4000 4330 4310)
4(3999 4329 4330 4000)
4(4309 4310 4330 4329)
4(3981 4001 4331 4311)
4(4000 4330 4331 4001)
4(4310 4311 4331 4330)
4(3982 4002 4332 4312)
4(4001 4331 4332 4002)
4(4311 4312 4332 4331)
4(3983 4003 4333 4313)
4(4002 4332 4333 4003)
4(4312 4313 4333 4332)
4(3984 4004 4334 4314)
4(4003 4333 4334 4004)
4(4313 4314 4334 4333)
4(3985 4005 4335 4315)
4(4004 4334 4335 4005)
4(4314 4315 4335 4334)
4(3986 4006 4336 4316)
4(4005 4335 4336 4006)
4(4315 4316 4336 4335)
4(3987 4007 4337 4317)
4(4006 4336 4337 4007)
4(4316 4317 4337 4336)
4(3988 4008 4338 4318)
4(4007 4337 4338 4008)
4(4317 4318 4338 4337)
4(3989 4009 4339 4319)
4(4008 4338 4339 4009)
4(4318 4319 4339 4338)
4(3990 4010 4340 4320)
4(4009 4339 4340 4010)
4(4319 4320 4340 4339)
4(3991 4011 4341 4321)
4(4010 4340 4341 4011)
4(4320 4321 4341 4340)
4(4011 4341 4342 4012)
4(4321 4322 4342 4341)
4(3992 4012 4342 4322)
4(3995 4014 4344 4325)
4(4324 4325 4344 4343)
4(3996 4015 4345 4326)
4(4325 4326 4345 4344)
4(3997 4016 4346 4327)
4(4326 4327 4346 4345)
4(3998 4017 4347 4328)
4(4327 4328 4347 4346)
4(3999 4018 4348 4329)
4(4328 4329 4348 4347)
4(4000 4019 4349 4330)
4(4329 4330 4349 4348)
4(4001 4020 4350 4331)
4(4330 4331 4350 4349)
4(4002 4021 4351 4332)
4(4331 4332 4351 4350)
4(4003 4022 4352 4333)
4(4332 4333 4352 4351)
4(4004 4023 4353 4334)
4(4333 4334 4353 4352)
4(4005 4024 4354 4335)
4(4334 4335 4354 4353)
4(4006 4025 4355 4336)
4(4335 4336 4355 4354)
4(4007 4026 4356 4337)
4(4336 4337 4356 4355)
4(4008 4027 4357 4338)
4(4337 4338 4357 4356)
4(4009 4028 4358 4339)
4(4338 4339 4358 4357)
4(4010 4029 4359 4340)
4(4339 4340 4359 4358)
4(4011 4030 4360 4341)
4(4340 4341 4360 4359)
4(4341 4342 4361 4360)
4(4012 4031 4361 4342)
4(4033 4054 4384 4363)
4(4053 4383 4384 4054)
4(4362 4363 4384 4383)
4(4034 4055 4385 4364)
4(4054 4384 4385 4055)
4(4363 4364 4385 4384)
4(4035 4056 4386 4365)
4(4055 4385 4386 4056)
4(4364 4365 4386 4385)
4(4036 4057 4387 4366)
4(4056 4386 4387 4057)
4(4365 4366 4387 4386)
4(4037 4058 4388 4367)
4(4057 4387 4388 4058)
4(4366 4367 4388 4387)
4(4038 4059 4389 4368)
4(4058 4388 4389 4059)
4(4367 4368 4389 4388)
4(4039 4060 4390 4369)
4(4059 4389 4390 4060)
4(4368 4369 4390 4389)
4(4040 4061 4391 4370)
4(4060 4390 4391 4061)
4(4369 4370 4391 4390)
4(4041 4062 4392 4371)
4(4061 4391 4392 4062)
4(4370 4371 4392 4391)
4(4042 4063 4393 4372)
4(4062 4392 4393 4063)
4(4371 4372 4393 4392)
4(4043 4064 4394 4373)
4(4063 4393 4394 4064)
4(4372 4373 4394 4393)
4(4044 4065 4395 4374)
4(4064 4394 4395 4065)
4(4373 4374 4395 4394)
4(4045 4066 4396 4375)
4(4065 4395 4396 4066)
4(4374 4375 4396 4395)
4(4046 4067 4397 4376)
4(4066 4396 4397 4067)
4(4375 4376 4397 4396)
4(4047 4068 4398 4377)
4(4067 4397 4398 4068)
4(4376 4377 4398 4397)
4(4048 4069 4399 4378)
4(4068 4398 4399 4069)
4(4377 4378 4399 4398)
4(4049 4070 4400 4379)
4(4069 4399 4400 4070)
4(4378 4379 4400 4399)
4(4050 4071 4401 4380)
4(4070 4400 4401 4071)
4(4379 4380 4401 4400)
4(4051 4072 4402 4381)
4(4071 4401 4402 4072)
4(4380 4381 4402 4401)
4(4072 4402 4403 4073)
4(4381 4382 4403 4402)
4(4052 4073 4403 4382)
4(4054 4075 4405 4384)
4(4074 4404 4405 4075)
4(4383 4384 4405 4404)
4(4055 4076 4406 4385)
4(4075 4405 4406 4076)
4(4384 4385 4406 4405)
4(4056 4077 4407 4386)
4(4076 4406 4407 4077)
4(4385 4386 4407 4406)
4(4057 4078 4408 4387)
4(4077 4407 4408 4078)
4(4386 4387 4408 4407)
4(4058 4079 4409 4388)
4(4078 4408 4409 4079)
4(4387 4388 4409 4408)
4(4059 4080 4410 4389)
4(4079 4409 4410 4080)
4(4388 4389 4410 4409)
4(4060 4081 4411 4390)
4(4080 4410 4411 4081)
4(4389 4390 4411 4410)
4(4061 4082 4412 4391)
4(4081 4411 4412 4082)
4(4390 4391 4412 4411)
4(4062 4083 4413 4392)
4(4082 4412 4413 4083)
4(4391 4392 4413 4412)
4(4063 4084 4414 4393)
4(4083 4413 4414 4084)
4(4392 4393 4414 4413)
4(4064 4085 4415 4394)
4(4084 4414 4415 4085)
4(4393 4394 4415 4414)
4(4065 4086 4416 4395)
4(4085 4415 4416 4086)
4(4394 4395 4416 4415)
4(4066 4087 4417 4396)
4(4086 4416 4417 4087)
4(4395 4396 4417 4416)
4(4067 4088 4418 4397)
4(4087 4417 4418 4088)
4(4396 4397 4418 4417)
4(4068 4089 4419 4398)
4(4088 4418 4419 4089)
4(4397 4398 4419 4418)
4(4069 4090 4420 4399)
4(4089 4419 4420 4090)
4(4398 4399 4420 4419)
4(4070 4091 4421 4400)
4(4090 4420 4421 4091)
4(4399 4400 4421 4420)
4(4071 4092 4422 4401)
4(4091 4421 4422 4092)
4(4400 4401 4422 4421)
4(4072 4093 4423 4402)
4(4092 4422 4423 4093)
4(4401 4402 4423 4422)
4(4093 4423 4424 4094)
4(4402 4403 4424 4423)
4(4073 4094 4424 4403)
4(4075 4096 4426 4405)
4(4095 4425 4426 4096)
4(4404 4405 4426 4425)
4(4076 4097 4427 4406)
4(4096 4426 4427 4097)
4(4405 4406 4427 4426)
4(4077 4098 4428 4407)
4(4097 4427 4428 4098)
4(4406 4407 4428 4427)
4(4078 4099 4429 4408)
4(4098 4428 4429 4099)
4(4407 4408 4429 4428)
4(4079 4100 4430 4409)
4(4099 4429 4430 4100)
4(4408 4409 4430 4429)
4(4080 4101 4431 4410)
4(4100 4430 4431 4101)
4(4409 4410 4431 4430)
4(4081 4102 4432 4411)
4(4101 4431 4432 4102)
4(4410 4411 4432 4431)
4(4082 4103 4433 4412)
4(4102 4432 4433 4103)
4(4411 4412 4433 4432)
4(4083 4104 4434 4413)
4(4103 4433 4434 4104)
4(4412 4413 4434 4433)
4(4084 4105 4435 4414)
4(4104 4434 4435 4105)
4(4413 4414 4435 4434)
4(4085 4106 4436 4415)
4(4105 4435 4436 4106)
4(4414 4415 4436 4435)
4(4086 4107 4437 4416)
4(4106 4436 4437 4107)
4(4415 4416 4437 4436)
4(4087 4108 4438 4417)
4(4107 4437 4438 4108)
4(4416 4417 4438 4437)
4(4088 4109 4439 4418)
4(4108 4438 4439 4109)
4(4417 4418 4439 4438)
4(4089 4110 4440 4419)
4(4109 4439 4440 4110)
4(4418 4419 4440 4439)
4(4090 4111 4441 4420)
4(4110 4440 4441 4111)
4(4419 4420 4441 4440)
4(4091 4112 4442 4421)
4(4111 4441 4442 4112)
4(4420 4421 4442 4441)
4(4092 4113 4443 4422)
4(4112 4442 4443 4113)
4(4421 4422 4443 4442)
4(4093 4114 4444 4423)
4(4113 4443 4444 4114)
4(4422 4423 4444 4443)
4(4114 4444 4445 4115)
4(4423 4424 4445 4444)
4(4094 4115 4445 4424)
4(4096 4117 4447 4426)
4(4116 4446 4447 4117)
4(4425 4426 4447 4446)
4(4097 4118 4448 4427)
4(4117 4447 4448 4118)
4(4426 4427 4448 4447)
4(4098 4119 4449 4428)
4(4118 4448 4449 4119)
4(4427 4428 4449 4448)
4(4099 4120 4450 4429)
4(4119 4449 4450 4120)
4(4428 4429 4450 4449)
4(4100 4121 4451 4430)
4(4120 4450 4451 4121)
4(4429 4430 4451 4450)
4(4101 4122 4452 4431)
4(4121 4451 4452 4122)
4(4430 4431 4452 4451)
4(4102 4123 4453 4432)
4(4122 4452 4453 4123)
4(4431 4432 4453 4452)
4(4103 4124 4454 4433)
4(4123 4453 4454 4124)
4(4432 4433 4454 4453)
4(4104 4125 4455 4434)
4(4124 4454 4455 4125)
4(4433 4434 4455 4454)
4(4105 4126 4456 4435)
4(4125 4455 4456 4126)
4(4434 4435 4456 4455)
4(4106 4127 4457 4436)
4(4126 4456 4457 4127)
4(4435 4436 4457 4456)
4(4107 4128 4458 4437)
4(4127 4457 4458 4128)
4(4436 4437 4458 4457)
4(4108 4129 4459 4438)
4(4128 4458 4459 4129)
4(4437 4438 4459 4458)
4(4109 4130 4460 4439)
4(4129 4459 4460 4130)
4(4438 4439 4460 4459)
4(4110 4131 4461 4440)
4(4130 4460 4461 4131)
4(4439 4440 4461 4460)
4(4111 4132 4462 4441)
4(4131 4461 4462 4132)
4(4440 4441 4462 4461)
4(4112 4133 4463 4442)
4(4132 4462 4463 4133)
4(4441 4442 4463 4462)
4(4113 4134 4464 4443)
4(4133 4463 4464 4134)
4(4442 4443 4464 4463)
4(4114 4135 4465 4444)
4(4134 4464 4465 4135)
4(4443 4444 4465 4464)
4(4135 4465 4466 4136)
4(4444 4445 4466 4465)
4(4115 4136 4466 4445)
4(4117 4138 4468 4447)
4(4137 4467 4468 4138)
4(4446 4447 4468 4467)
4(4118 4139 4469 4448)
4(4138 4468 4469 4139)
4(4447 4448 4469 4468)
4(4119 4140 4470 4449)
4(4139 4469 4470 4140)
4(4448 4449 4470 4469)
4(4120 4141 4471 4450)
4(4140 4470 4471 4141)
4(4449 4450 4471 4470)
4(4121 4142 4472 4451)
4(4141 4471 4472 4142)
4(4450 4451 4472 4471)
4(4122 4143 4473 4452)
4(4142 4472 4473 4143)
4(4451 4452 4473 4472)
4(4123 4144 4474 4453)
4(4143 4473 4474 4144)
4(4452 4453 4474 4473)
4(4124 4145 4475 4454)
4(4144 4474 4475 4145)
4(4453 4454 4475 4474)
4(4125 4146 4476 4455)
4(4145 4475 4476 4146)
4(4454 4455 4476 4475)
4(4126 4147 4477 4456)
4(4146 4476 4477 4147)
4(4455 4456 4477 4476)
4(4127 4148 4478 4457)
4(4147 4477 4478 4148)
4(4456 4457 4478 4477)
4(4128 4149 4479 4458)
4(4148 4478 4479 4149)
4(4457 4458 4479 4478)
4(4129 4150 4480 4459)
4(4149 4479 4480 4150)
4(4458 4459 4480 4479)
4(4130 4151 4481 4460)
4(4150 4480 4481 4151)
4(4459 4460 4481 4480)
4(4131 4152 4482 4461)
4(4151 4481 4482 4152)
4(4460 4461 4482 4481)
4(4132 4153 4483 4462)
4(4152 4482 4483 4153)
4(4461 4462 4483 4482)
4(4133 4154 4484 4463)
4(4153 4483 4484 4154)
4(4462 4463 4484 4483)
4(4134 4155 4485 4464)
4(4154 4484 4485 4155)
4(4463 4464 4485 4484)
4(4135 4156 4486 4465)
4(4155 4485 4486 4156)
4(4464 4465 4486 4485)
4(4156 4486 4487 4157)
4(4465 4466 4487 4486)
4(4136 4157 4487 4466)
4(4138 4159 4489 4468)
4(4158 4488 4489 4159)
4(4467 4468 4489 4488)
4(4139 4160 4490 4469)
4(4159 4489 4490 4160)
4(4468 4469 4490 4489)
4(4140 4161 4491 4470)
4(4160 4490 4491 4161)
4(4469 4470 4491 4490)
4(4141 4162 4492 4471)
4(4161 4491 4492 4162)
4(4470 4471 4492 4491)
4(4142 4163 4493 4472)
4(4162 4492 4493 4163)
4(4471 4472 4493 4492)
4(4143 4164 4494 4473)
4(4163 4493 4494 4164)
4(4472 4473 4494 4493)
4(4144 4165 4495 4474)
4(4164 4494 4495 4165)
4(4473 4474 4495 4494)
4(4145 4166 4496 4475)
4(4165 4495 4496 4166)
4(4474 4475 4496 4495)
4(4146 4167 4497 4476)
4(4166 4496 4497 4167)
4(4475 4476 4497 4496)
4(4147 4168 4498 4477)
4(4167 4497 4498 4168)
4(4476 4477 4498 4497)
4(4148 4169 4499 4478)
4(4168 4498 4499 4169)
4(4477 4478 4499 4498)
4(4149 4170 4500 4479)
4(4169 4499 4500 4170)
4(4478 4479 4500 4499)
4(4150 4171 4501 4480)
4(4170 4500 4501 4171)
4(4479 4480 4501 4500)
4(4151 4172 4502 4481)
4(4171 4501 4502 4172)
4(4480 4481 4502 4501)
4(4152 4173 4503 4482)
4(4172 4502 4503 4173)
4(4481 4482 4503 4502)
4(4153 4174 4504 4483)
4(4173 4503 4504 4174)
4(4482 4483 4504 4503)
4(4154 4175 4505 4484)
4(4174 4504 4505 4175)
4(4483 4484 4505 4504)
4(4155 4176 4506 4485)
4(4175 4505 4506 4176)
4(4484 4485 4506 4505)
4(4156 4177 4507 4486)
4(4176 4506 4507 4177)
4(4485 4486 4507 4506)
4(4177 4507 4508 4178)
4(4486 4487 4508 4507)
4(4157 4178 4508 4487)
4(4159 4180 4510 4489)
4(4179 4509 4510 4180)
4(4488 4489 4510 4509)
4(4160 4181 4511 4490)
4(4180 4510 4511 4181)
4(4489 4490 4511 4510)
4(4161 4182 4512 4491)
4(4181 4511 4512 4182)
4(4490 4491 4512 4511)
4(4162 4183 4513 4492)
4(4182 4512 4513 4183)
4(4491 4492 4513 4512)
4(4163 4184 4514 4493)
4(4183 4513 4514 4184)
4(4492 4493 4514 4513)
4(4164 4185 4515 4494)
4(4184 4514 4515 4185)
4(4493 4494 4515 4514)
4(4165 4186 4516 4495)
4(4185 4515 4516 4186)
4(4494 4495 4516 4515)
4(4166 4187 4517 4496)
4(4186 4516 4517 4187)
4(4495 4496 4517 4516)
4(4167 4188 4518 4497)
4(4187 4517 4518 4188)
4(4496 4497 4518 4517)
4(4168 4189 4519 4498)
4(4188 4518 4519 4189)
4(4497 4498 4519 4518)
4(4169 4190 4520 4499)
4(4189 4519 4520 4190)
4(4498 4499 4520 4519)
4(4170 4191 4521 4500)
4(4190 4520 4521 4191)
4(4499 4500 4521 4520)
4(4171 4192 4522 4501)
4(4191 4521 4522 4192)
4(4500 4501 4522 4521)
4(4172 4193 4523 4502)
4(4192 4522 4523 4193)
4(4501 4502 4523 4522)
4(4173 4194 4524 4503)
4(4193 4523 4524 4194)
4(4502 4503 4524 4523)
4(4174 4195 4525 4504)
4(4194 4524 4525 4195)
4(4503 4504 4525 4524)
4(4175 4196 4526 4505)
4(4195 4525 4526 4196)
4(4504 4505 4526 4525)
4(4176 4197 4527 4506)
4(4196 4526 4527 4197)
4(4505 4506 4527 4526)
4(4177 4198 4528 4507)
4(4197 4527 4528 4198)
4(4506 4507 4528 4527)
4(4198 4528 4529 4199)
4(4507 4508 4529 4528)
4(4178 4199 4529 4508)
4(4180 4201 4531 4510)
4(4200 4530 4531 4201)
4(4509 4510 4531 4530)
4(4181 4202 4532 4511)
4(4201 4531 4532 4202)
4(4510 4511 4532 4531)
4(4182 4203 4533 4512)
4(4202 4532 4533 4203)
4(4511 4512 4533 4532)
4(4183 4204 4534 4513)
4(4203 4533 4534 4204)
4(4512 4513 4534 4533)
4(4184 4205 4535 4514)
4(4204 4534 4535 4205)
4(4513 4514 4535 4534)
4(4185 4206 4536 4515)
4(4205 4535 4536 4206)
4(4514 4515 4536 4535)
4(4186 4207 4537 4516)
4(4206 4536 4537 4207)
4(4515 4516 4537 4536)
4(4187 4208 4538 4517)
4(4207 4537 4538 4208)
4(4516 4517 4538 4537)
4(4188 4209 4539 4518)
4(4208 4538 4539 4209)
4(4517 4518 4539 4538)
4(4189 4210 4540 4519)
4(4209 4539 4540 4210)
4(4518 4519 4540 4539)
4(4190 4211 4541 4520)
4(4210 4540 4541 4211)
4(4519 4520 4541 4540)
4(4191 4212 4542 4521)
4(4211 4541 4542 4212)
4(4520 4521 4542 4541)
4(4192 4213 4543 4522)
4(4212 4542 4543 4213)
4(4521 4522 4543 4542)
4(4193 4214 4544 4523)
4(4213 4543 4544 4214)
4(4522 4523 4544 4543)
4(4194 4215 4545 4524)
4(4214 4544 4545 4215)
4(4523 4524 4545 4544)
4(4195 4216 4546 4525)
4(4215 4545 4546 4216)
4(4524 4525 4546 4545)
4(4196 4217 4547 4526)
4(4216 4546 4547 4217)
4(4525 4526 4547 4546)
4(4197 4218 4548 4527)
4(4217 4547 4548 4218)
4(4526 4527 4548 4547)
4(4198 4219 4549 4528)
4(4218 4548 4549 4219)
4(4527 4528 4549 4548)
4(4219 4549 4550 4220)
4(4528 4529 4550 4549)
4(4199 4220 4550 4529)
4(4201 4222 4552 4531)
4(4221 4551 4552 4222)
4(4530 4531 4552 4551)
4(4202 4223 4553 4532)
4(4222 4552 4553 4223)
4(4531 4532 4553 4552)
4(4203 4224 4554 4533)
4(4223 4553 4554 4224)
4(4532 4533 4554 4553)
4(4204 4225 4555 4534)
4(4224 4554 4555 4225)
4(4533 4534 4555 4554)
4(4205 4226 4556 4535)
4(4225 4555 4556 4226)
4(4534 4535 4556 4555)
4(4206 4227 4557 4536)
4(4226 4556 4557 4227)
4(4535 4536 4557 4556)
4(4207 4228 4558 4537)
4(4227 4557 4558 4228)
4(4536 4537 4558 4557)
4(4208 4229 4559 4538)
4(4228 4558 4559 4229)
4(4537 4538 4559 4558)
4(4209 4230 4560 4539)
4(4229 4559 4560 4230)
4(4538 4539 4560 4559)
4(4210 4231 4561 4540)
4(4230 4560 4561 4231)
4(4539 4540 4561 4560)
4(4211 4232 4562 4541)
4(4231 4561 4562 4232)
4(4540 4541 4562 4561)
4(4212 4233 4563 4542)
4(4232 4562 4563 4233)
4(4541 4542 4563 4562)
4(4213 4234 4564 4543)
4(4233 4563 4564 4234)
4(4542 4543 4564 4563)
4(4214 4235 4565 4544)
4(4234 4564 4565 4235)
4(4543 4544 4565 4564)
4(4215 4236 4566 4545)
4(4235 4565 4566 4236)
4(4544 4545 4566 4565)
4(4216 4237 4567 4546)
4(4236 4566 4567 4237)
4(4545 4546 4567 4566)
4(4217 4238 4568 4547)
4(4237 4567 4568 4238)
4(4546 4547 4568 4567)
4(4218 4239 4569 4548)
4(4238 4568 4569 4239)
4(4547 4548 4569 4568)
4(4219 4240 4570 4549)
4(4239 4569 4570 4240)
4(4548 4549 4570 4569)
4(4240 4570 4571 4241)
4(4549 4550 4571 4570)
4(4220 4241 4571 4550)
4(4222 4243 4573 4552)
4(4551 4552 4573 4572)
4(4223 4244 4574 4553)
4(4243 4573 4574 4244)
4(4552 4553 4574 4573)
4(4224 4245 4575 4554)
4(4244 4574 4575 4245)
4(4553 4554 4575 4574)
4(4225 4246 4576 4555)
4(4245 4575 4576 4246)
4(4554 4555 4576 4575)
4(4226 4247 4577 4556)
4(4246 4576 4577 4247)
4(4555 4556 4577 4576)
4(4227 4248 4578 4557)
4(4247 4577 4578 4248)
4(4556 4557 4578 4577)
4(4228 4249 4579 4558)
4(4248 4578 4579 4249)
4(4557 4558 4579 4578)
4(4229 4250 4580 4559)
4(4249 4579 4580 4250)
4(4558 4559 4580 4579)
4(4230 4251 4581 4560)
4(4250 4580 4581 4251)
4(4559 4560 4581 4580)
4(4231 4252 4582 4561)
4(4251 4581 4582 4252)
4(4560 4561 4582 4581)
4(4232 4253 4583 4562)
4(4252 4582 4583 4253)
4(4561 4562 4583 4582)
4(4233 4254 4584 4563)
4(4253 4583 4584 4254)
4(4562 4563 4584 4583)
4(4234 4255 4585 4564)
4(4254 4584 4585 4255)
4(4563 4564 4585 4584)
4(4235 4256 4586 4565)
4(4255 4585 4586 4256)
4(4564 4565 4586 4585)
4(4236 4257 4587 4566)
4(4256 4586 4587 4257)
4(4565 4566 4587 4586)
4(4237 4258 4588 4567)
4(4257 4587 4588 4258)
4(4566 4567 4588 4587)
4(4238 4259 4589 4568)
4(4258 4588 4589 4259)
4(4567 4568 4589 4588)
4(4239 4260 4590 4569)
4(4259 4589 4590 4260)
4(4568 4569 4590 4589)
4(4240 4261 4591 4570)
4(4260 4590 4591 4261)
4(4569 4570 4591 4590)
4(4261 4591 4592 4262)
4(4570 4571 4592 4591)
4(4241 4262 4592 4571)
4(4244 4264 4594 4574)
4(4263 4593 4594 4264)
4(4573 4574 4594 4593)
4(4245 4265 4595 4575)
4(4264 4594 4595 4265)
4(4574 4575 4595 4594)
4(4246 4266 4596 4576)
4(4265 4595 4596 4266)
4(4575 4576 4596 4595)
4(4247 4267 4597 4577)
4(4266 4596 4597 4267)
4(4576 4577 4597 4596)
4(4248 4268 4598 4578)
4(4267 4597 4598 4268)
4(4577 4578 4598 4597)
4(4249 4269 4599 4579)
4(4268 4598 4599 4269)
4(4578 4579 4599 4598)
4(4250 4270 4600 4580)
4(4269 4599 4600 4270)
4(4579 4580 4600 4599)
4(4251 4271 4601 4581)
4(4270 4600 4601 4271)
4(4580 4581 4601 4600)
4(4252 4272 4602 4582)
4(4271 4601 4602 4272)
4(4581 4582 4602 4601)
4(4253 4273 4603 4583)
4(4272 4602 4603 4273)
4(4582 4583 4603 4602)
4(4254 4274 4604 4584)
4(4273 4603 4604 4274)
4(4583 4584 4604 4603)
4(4255 4275 4605 4585)
4(4274 4604 4605 4275)
4(4584 4585 4605 4604)
4(4256 4276 4606 4586)
4(4275 4605 4606 4276)
4(4585 4586 4606 4605)
4(4257 4277 4607 4587)
4(4276 4606 4607 4277)
4(4586 4587 4607 4606)
4(4258 4278 4608 4588)
4(4277 4607 4608 4278)
4(4587 4588 4608 4607)
4(4259 4279 4609 4589)
4(4278 4608 4609 4279)
4(4588 4589 4609 4608)
4(4260 4280 4610 4590)
4(4279 4609 4610 4280)
4(4589 4590 4610 4609)
4(4261 4281 4611 4591)
4(4280 4610 4611 4281)
4(4590 4591 4611 4610)
4(4281 4611 4612 4282)
4(4591 4592 4612 4611)
4(4262 4282 4612 4592)
4(4264 4284 4614 4594)
4(4283 4613 4614 4284)
4(4593 4594 4614 4613)
4(4265 4285 4615 4595)
4(4284 4614 4615 4285)
4(4594 4595 4615 4614)
4(4266 4286 4616 4596)
4(4285 4615 4616 4286)
4(4595 4596 4616 4615)
4(4267 4287 4617 4597)
4(4286 4616 4617 4287)
4(4596 4597 4617 4616)
4(4268 4288 4618 4598)
4(4287 4617 4618 4288)
4(4597 4598 4618 4617)
4(4269 4289 4619 4599)
4(4288 4618 4619 4289)
4(4598 4599 4619 4618)
4(4270 4290 4620 4600)
4(4289 4619 4620 4290)
4(4599 4600 4620 4619)
4(4271 4291 4621 4601)
4(4290 4620 4621 4291)
4(4600 4601 4621 4620)
4(4272 4292 4622 4602)
4(4291 4621 4622 4292)
4(4601 4602 4622 4621)
4(4273 4293 4623 4603)
4(4292 4622 4623 4293)
4(4602 4603 4623 4622)
4(4274 4294 4624 4604)
4(4293 4623 4624 4294)
4(4603 4604 4624 4623)
4(4275 4295 4625 4605)
4(4294 4624 4625 4295)
4(4604 4605 4625 4624)
4(4276 4296 4626 4606)
4(4295 4625 4626 4296)
4(4605 4606 4626 4625)
4(4277 4297 4627 4607)
4(4296 4626 4627 4297)
4(4606 4607 4627 4626)
4(4278 4298 4628 4608)
4(4297 4627 4628 4298)
4(4607 4608 4628 4627)
4(4279 4299 4629 4609)
4(4298 4628 4629 4299)
4(4608 4609 4629 4628)
4(4280 4300 4630 4610)
4(4299 4629 4630 4300)
4(4609 4610 4630 4629)
4(4281 4301 4631 4611)
4(4300 4630 4631 4301)
4(4610 4611 4631 4630)
4(4301 4631 4632 4302)
4(4611 4612 4632 4631)
4(4282 4302 4632 4612)
4(4284 4304 4634 4614)
4(4303 4633 4634 4304)
4(4613 4614 4634 4633)
4(4285 4305 4635 4615)
4(4304 4634 4635 4305)
4(4614 4615 4635 4634)
4(4286 4306 4636 4616)
4(4305 4635 4636 4306)
4(4615 4616 4636 4635)
4(4287 4307 4637 4617)
4(4306 4636 4637 4307)
4(4616 4617 4637 4636)
4(4288 4308 4638 4618)
4(4307 4637 4638 4308)
4(4617 4618 4638 4637)
4(4289 4309 4639 4619)
4(4308 4638 4639 4309)
4(4618 4619 4639 4638)
4(4290 4310 4640 4620)
4(4309 4639 4640 4310)
4(4619 4620 4640 4639)
4(4291 4311 4641 4621)
4(4310 4640 4641 4311)
4(4620 4621 4641 4640)
4(4292 4312 4642 4622)
4(4311 4641 4642 4312)
4(4621 4622 4642 4641)
4(4293 4313 4643 4623)
4(4312 4642 4643 4313)
4(4622 4623 4643 4642)
4(4294 4314 4644 4624)
4(4313 4643 4644 4314)
4(4623 4624 4644 4643)
4(4295 4315 4645 4625)
4(4314 4644 4645 4315)
4(4624 4625 4645 4644)
4(4296 4316 4646 4626)
4(4315 4645 4646 4316)
4(4625 4626 4646 4645)
4(4297 4317 4647 4627)
4(4316 4646 4647 4317)
4(4626 4627 4647 4646)
4(4298 4318 4648 4628)
4(4317 4647 4648 4318)
4(4627 4628 4648 4647)
4(4299 4319 4649 4629)
4(4318 4648 4649 4319)
4(4628 4629 4649 4648)
4(4300 4320 4650 4630)
4(4319 4649 4650 4320)
4(4629 4630 4650 4649)
4(4301 4321 4651 4631)
4(4320 4650 4651 4321)
4(4630 4631 4651 4650)
4(4321 4651 4652 4322)
4(4631 4632 4652 4651)
4(4302 4322 4652 4632)
4(4304 4324 4654 4634)
4(4633 4634 4654 4653)
4(4305 4325 4655 4635)
4(4324 4654 4655 4325)
4(4634 4635 4655 4654)
4(4306 4326 4656 4636)
4(4325 4655 4656 4326)
4(4635 4636 4656 4655)
4(4307 4327 4657 4637)
4(4326 4656 4657 4327)
4(4636 4637 4657 4656)
4(4308 4328 4658 4638)
4(4327 4657 4658 4328)
4(4637 4638 4658 4657)
4(4309 4329 4659 4639)
4(4328 4658 4659 4329)
4(4638 4639 4659 4658)
4(4310 4330 4660 4640)
4(4329 4659 4660 4330)
4(4639 4640 4660 4659)
4(4311 4331 4661 4641)
4(4330 4660 4661 4331)
4(4640 4641 4661 4660)
4(4312 4332 4662 4642)
4(4331 4661 4662 4332)
4(4641 4642 4662 4661)
4(4313 4333 4663 4643)
4(4332 4662 4663 4333)
4(4642 4643 4663 4662)
4(4314 4334 4664 4644)
4(4333 4663 4664 4334)
4(4643 4644 4664 4663)
4(4315 4335 4665 4645)
4(4334 4664 4665 4335)
4(4644 4645 4665 4664)
4(4316 4336 4666 4646)
4(4335 4665 4666 4336)
4(4645 4646 4666 4665)
4(4317 4337 4667 4647)
4(4336 4666 4667 4337)
4(4646 4647 4667 4666)
4(4318 4338 4668 4648)
4(4337 4667 4668 4338)
4(4647 4648 4668 4667)
4(4319 4339 4669 4649)
4(4338 4668 4669 4339)
4(4648 4649 4669 4668)
4(4320 4340 4670 4650)
4(4339 4669 4670 4340)
4(4649 4650 4670 4669)
4(4321 4341 4671 4651)
4(4340 4670 4671 4341)
4(4650 4651 4671 4670)
4(4341 4671 4672 4342)
4(4651 4652 4672 4671)
4(4322 4342 4672 4652)
4(4325 4344 4674 4655)
4(4654 4655 4674 4673)
4(4326 4345 4675 4656)
4(4655 4656 4675 4674)
4(4327 4346 4676 4657)
4(4656 4657 4676 4675)
4(4328 4347 4677 4658)
4(4657 4658 4677 4676)
4(4329 4348 4678 4659)
4(4658 4659 4678 4677)
4(4330 4349 4679 4660)
4(4659 4660 4679 4678)
4(4331 4350 4680 4661)
4(4660 4661 4680 4679)
4(4332 4351 4681 4662)
4(4661 4662 4681 4680)
4(4333 4352 4682 4663)
4(4662 4663 4682 4681)
4(4334 4353 4683 4664)
4(4663 4664 4683 4682)
4(4335 4354 4684 4665)
4(4664 4665 4684 4683)
4(4336 4355 4685 4666)
4(4665 4666 4685 4684)
4(4337 4356 4686 4667)
4(4666 4667 4686 4685)
4(4338 4357 4687 4668)
4(4667 4668 4687 4686)
4(4339 4358 4688 4669)
4(4668 4669 4688 4687)
4(4340 4359 4689 4670)
4(4669 4670 4689 4688)
4(4341 4360 4690 4671)
4(4670 4671 4690 4689)
4(4671 4672 4691 4690)
4(4342 4361 4691 4672)
4(4363 4384 4714 4693)
4(4383 4713 4714 4384)
4(4692 4693 4714 4713)
4(4364 4385 4715 4694)
4(4384 4714 4715 4385)
4(4693 4694 4715 4714)
4(4365 4386 4716 4695)
4(4385 4715 4716 4386)
4(4694 4695 4716 4715)
4(4366 4387 4717 4696)
4(4386 4716 4717 4387)
4(4695 4696 4717 4716)
4(4367 4388 4718 4697)
4(4387 4717 4718 4388)
4(4696 4697 4718 4717)
4(4368 4389 4719 4698)
4(4388 4718 4719 4389)
4(4697 4698 4719 4718)
4(4369 4390 4720 4699)
4(4389 4719 4720 4390)
4(4698 4699 4720 4719)
4(4370 4391 4721 4700)
4(4390 4720 4721 4391)
4(4699 4700 4721 4720)
4(4371 4392 4722 4701)
4(4391 4721 4722 4392)
4(4700 4701 4722 4721)
4(4372 4393 4723 4702)
4(4392 4722 4723 4393)
4(4701 4702 4723 4722)
4(4373 4394 4724 4703)
4(4393 4723 4724 4394)
4(4702 4703 4724 4723)
4(4374 4395 4725 4704)
4(4394 4724 4725 4395)
4(4703 4704 4725 4724)
4(4375 4396 4726 4705)
4(4395 4725 4726 4396)
4(4704 4705 4726 4725)
4(4376 4397 4727 4706)
4(4396 4726 4727 4397)
4(4705 4706 4727 4726)
4(4377 4398 4728 4707)
4(4397 4727 4728 4398)
4(4706 4707 4728 4727)
4(4378 4399 4729 4708)
4(4398 4728 4729 4399)
4(4707 4708 4729 4728)
4(4379 4400 4730 4709)
4(4399 4729 4730 4400)
4(4708 4709 4730 4729)
4(4380 4401 4731 4710)
4(4400 4730 4731 4401)
4(4709 4710 4731 4730)
4(4381 4402 4732 4711)
4(4401 4731 4732 4402)
4(4710 4711 4732 4731)
4(4402 4732 4733 4403)
4(4711 4712 4733 4732)
4(4382 4403 4733 4712)
4(4384 4405 4735 4714)
4(4404 4734 4735 4405)
4(4713 4714 4735 4734)
4(4385 4406 4736 4715)
4(4405 4735 4736 4406)
4(4714 4715 4736 4735)
4(4386 4407 4737 4716)
4(4406 4736 4737 4407)
4(4715 4716 4737 4736)
4(4387 4408 4738 4717)
4(4407 4737 4738 4408)
4(4716 4717 4738 4737)
4(4388 4409 4739 4718)
4(4408 4738 4739 4409)
4(4717 4718 4739 4738)
4(4389 4410 4740 4719)
4(4409 4739 4740 4410)
4(4718 4719 4740 4739)
4(4390 4411 4741 4720)
4(4410 4740 4741 4411)
4(4719 4720 4741 4740)
4(4391 4412 4742 4721)
4(4411 4741 4742 4412)
4(4720 4721 4742 4741)
4(4392 4413 4743 4722)
4(4412 4742 4743 4413)
4(4721 4722 4743 4742)
4(4393 4414 4744 4723)
4(4413 4743 4744 4414)
4(4722 4723 4744 4743)
4(4394 4415 4745 4724)
4(4414 4744 4745 4415)
4(4723 4724 4745 4744)
4(4395 4416 4746 4725)
4(4415 4745 4746 4416)
4(4724 4725 4746 4745)
4(4396 4417 4747 4726)
4(4416 4746 4747 4417)
4(4725 4726 4747 4746)
4(4397 4418 4748 4727)
4(4417 4747 4748 4418)
4(4726 4727 4748 4747)
4(4398 4419 4749 4728)
4(4418 4748 4749 4419)
4(4727 4728 4749 4748)
4(4399 4420 4750 4729)
4(4419 4749 4750 4420)
4(4728 4729 4750 4749)
4(4400 4421 4751 4730)
4(4420 4750 4751 4421)
4(4729 4730 4751 4750)
4(4401 4422 4752 4731)
4(4421 4751 4752 4422)
4(4730 4731 4752 4751)
4(4402 4423 4753 4732)
4(4422 4752 4753 4423)
4(4731 4732 4753 4752)
4(4423 4753 4754 4424)
4(4732 4733 4754 4753)
4(4403 4424 4754 4733)
4(4405 4426 4756 4735)
4(4425 4755 4756 4426)
4(4734 4735 4756 4755)
4(4406 4427 4757 4736)
4(4426 4756 4757 4427)
4(4735 4736 4757 4756)
4(4407 4428 4758 4737)
4(4427 4757 4758 4428)
4(4736 4737 4758 4757)
4(4408 4429 4759 4738)
4(4428 4758 4759 4429)
4(4737 4738 4759 4758)
4(4409 4430 4760 4739)
4(4429 4759 4760 4430)
4(4738 4739 4760 4759)
4(4410 4431 4761 4740)
4(4430 4760 4761 4431)
4(4739 4740 4761 4760)
4(4411 4432 4762 4741)
4(4431 4761 4762 4432)
4(4740 4741 4762 4761)
4(4412 4433 4763 4742)
4(4432 4762 4763 4433)
4(4741 4742 4763 4762)
4(4413 4434 4764 4743)
4(4433 4763 4764 4434)
4(4742 4743 4764 4763)
4(4414 4435 4765 4744)
4(4434 4764 4765 4435)
4(4743 4744 4765 4764)
4(4415 4436 4766 4745)
4(4435 4765 4766 4436)
4(4744 4745 4766 4765)
4(4416 4437 4767 4746)
4(4436 4766 4767 4437)
4(4745 4746 4767 4766)
4(4417 4438 4768 4747)
4(4437 4767 4768 4438)
4(4746 4747 4768 4767)
4(4418 4439 4769 4748)
4(4438 4768 4769 4439)
4(4747 4748 4769 4768)
4(4419 4440 4770 4749)
4(4439 4769 4770 4440)
4(4748 4749 4770 4769)
4(4420 4441 4771 4750)
4(4440 4770 4771 4441)
4(4749 4750 4771 4770)
4(4421 4442 4772 4751)
4(4441 4771 4772 4442)
4(4750 4751 4772 4771)
4(4422 4443 4773 4752)
4(4442 4772 4773 4443)
4(4751 4752 4773 4772)
4(4423 4444 4774 4753)
4(4443 4773 4774 4444)
4(4752 4753 4774 4773)
4(4444 4774 4775 4445)
4(4753 4754 4775 4774)
4(4424 4445 4775 4754)
4(4426 4447 4777 4756)
4(4446 4776 4777 4447)
4(4755 4756 4777 4776)
4(4427 4448 4778 4757)
4(4447 4777 4778 4448)
4(4756 4757 4778 4777)
4(4428 4449 4779 4758)
4(4448 4778 4779 4449)
4(4757 4758 4779 4778)
4(4429 4450 4780 4759)
4(4449 4779 4780 4450)
4(4758 4759 4780 4779)
4(4430 4451 4781 4760)
4(4450 4780 4781 4451)
4(4759 4760 4781 4780)
4(4431 4452 4782 4761)
4(4451 4781 4782 4452)
4(4760 4761 4782 4781)
4(4432 4453 4783 4762)
4(4452 4782 4783 4453)
4(4761 4762 4783 4782)
4(4433 4454 4784 4763)
4(4453 4783 4784 4454)
4(4762 4763 4784 4783)
4(4434 4455 4785 4764)
4(4454 4784 4785 4455)
4(4763 4764 4785 4784)
4(4435 4456 4786 4765)
4(4455 4785 4786 4456)
4(4764 4765 4786 4785)
4(4436 4457 4787 4766)
4(4456 4786 4787 4457)
4(4765 4766 4787 4786)
4(4437 4458 4788 4767)
4(4457 4787 4788 4458)
4(4766 4767 4788 4787)
4(4438 4459 4789 4768)
4(4458 4788 4789 4459)
4(4767 4768 4789 4788)
4(4439 4460 4790 4769)
4(4459 4789 4790 4460)
4(4768 4769 4790 4789)
4(4440 4461 4791 4770)
4(4460 4790 4791 4461)
4(4769 4770 4791 4790)
4(4441 4462 4792 4771)
4(4461 4791 4792 4462)
4(4770 4771 4792 4791)
4(4442 4463 4793 4772)
4(4462 4792 4793 4463)
4(4771 4772 4793 4792)
4(4443 4464 4794 4773)
4(4463 4793 4794 4464)
4(4772 4773 4794 4793)
4(4444 4465 4795 4774)
4(4464 4794 4795 4465)
4(4773 4774 4795 4794)
4(4465 4795 4796 4466)
4(4774 4775 4796 4795)
4(4445 4466 4796 4775)
4(4447 4468 4798 4777)
4(4467 4797 4798 4468)
4(4776 4777 4798 4797)
4(4448 4469 4799 4778)
4(4468 4798 4799 4469)
4(4777 4778 4799 4798)
4(4449 4470 4800 4779)
4(4469 4799 4800 4470)
4(4778 4779 4800 4799)
4(4450 4471 4801 4780)
4(4470 4800 4801 4471)
4(4779 4780 4801 4800)
4(4451 4472 4802 4781)
4(4471 4801 4802 4472)
4(4780 4781 4802 4801)
4(4452 4473 4803 4782)
4(4472 4802 4803 4473)
4(4781 4782 4803 4802)
4(4453 4474 4804 4783)
4(4473 4803 4804 4474)
4(4782 4783 4804 4803)
4(4454 4475 4805 4784)
4(4474 4804 4805 4475)
4(4783 4784 4805 4804)
4(4455 4476 4806 4785)
4(4475 4805 4806 4476)
4(4784 4785 4806 4805)
4(4456 4477 4807 4786)
4(4476 4806 4807 4477)
4(4785 4786 4807 4806)
4(4457 4478 4808 4787)
4(4477 4807 4808 4478)
4(4786 4787 4808 4807)
4(4458 4479 4809 4788)
4(4478 4808 4809 4479)
4(4787 4788 4809 4808)
4(4459 4480 4810 4789)
4(4479 4809 4810 4480)
4(4788 4789 4810 4809)
4(4460 4481 4811 4790)
4(4480 4810 4811 4481)
4(4789 4790 4811 4810)
4(4461 4482 4812 4791)
4(4481 4811 4812 4482)
4(4790 4791 4812 4811)
4(4462 4483 4813 4792)
4(4482 4812 4813 4483)
4(4791 4792 4813 4812)
4(4463 4484 4814 4793)
4(4483 4813 4814 4484)
4(4792 4793 4814 4813)
4(4464 4485 4815 4794)
4(4484 4814 4815 4485)
4(4793 4794 4815 4814)
4(4465 4486 4816 4795)
4(4485 4815 4816 4486)
4(4794 4795 4816 4815)
4(4486 4816 4817 4487)
4(4795 4796 4817 4816)
4(4466 4487 4817 4796)
4(4468 4489 4819 4798)
4(4488 4818 4819 4489)
4(4797 4798 4819 4818)
4(4469 4490 4820 4799)
4(4489 4819 4820 4490)
4(4798 4799 4820 4819)
4(4470 4491 4821 4800)
4(4490 4820 4821 4491)
4(4799 4800 4821 4820)
4(4471 4492 4822 4801)
4(4491 4821 4822 4492)
4(4800 4801 4822 4821)
4(4472 4493 4823 4802)
4(4492 4822 4823 4493)
4(4801 4802 4823 4822)
4(4473 4494 4824 4803)
4(4493 4823 4824 4494)
4(4802 4803 4824 4823)
4(4474 4495 4825 4804)
4(4494 4824 4825 4495)
4(4803 4804 4825 4824)
4(4475 4496 4826 4805)
4(4495 4825 4826 4496)
4(4804 4805 4826 4825)
4(4476 4497 4827 4806)
4(4496 4826 4827 4497)
4(4805 4806 4827 4826)
4(4477 4498 4828 4807)
4(4497 4827 4828 4498)
4(4806 4807 4828 4827)
4(4478 4499 4829 4808)
4(4498 4828 4829 4499)
4(4807 4808 4829 4828)
4(4479 4500 4830 4809)
4(4499 4829 4830 4500)
4(4808 4809 4830 4829)
4(4480 4501 4831 4810)
4(4500 4830 4831 4501)
4(4809 4810 4831 4830)
4(4481 4502 4832 4811)
4(4501 4831 4832 4502)
4(4810 4811 4832 4831)
4(4482 4503 4833 4812)
4(4502 4832 4833 4503)
4(4811 4812 4833 4832)
4(4483 4504 4834 4813)
4(4503 4833 4834 4504)
4(4812 4813 4834 4833)
4(4484 4505 4835 4814)
4(4504 4834 4835 4505)
4(4813 4814 4835 4834)
4(4485 4506 4836 4815)
4(4505 4835 4836 4506)
4(4814 4815 4836 4835)
4(4486 4507 4837 4816)
4(4506 4836 4837 4507)
4(4815 4816 4837 4836)
4(4507 4837 4838 4508)
4(4816 4817 4838 4837)
4(4487 4508 4838 4817)
4(4489 4510 4840 4819)
4(4509 4839 4840 4510)
4(4818 4819 4840 4839)
4(4490 4511 4841 4820)
4(4510 4840 4841 4511)
4(4819 4820 4841 4840)
4(4491 4512 4842 4821)
4(4511 4841 4842 4512)
4(4820 4821 4842 4841)
4(4492 4513 4843 4822)
4(4512 4842 4843 4513)
4(4821 4822 4843 4842)
4(4493 4514 4844 4823)
4(4513 4843 4844 4514)
4(4822 4823 4844 4843)
4(4494 4515 4845 4824)
4(4514 4844 4845 4515)
4(4823 4824 4845 4844)
4(4495 4516 4846 4825)
4(4515 4845 4846 4516)
4(4824 4825 4846 4845)
4(4496 4517 4847 4826)
4(4516 4846 4847 4517)
4(4825 4826 4847 4846)
4(4497 4518 4848 4827)
4(4517 4847 4848 4518)
4(4826 4827 4848 4847)
4(4498 4519 4849 4828)
4(4518 4848 4849 4519)
4(4827 4828 4849 4848)
4(4499 4520 4850 4829)
4(4519 4849 4850 4520)
4(4828 4829 4850 4849)
4(4500 4521 4851 4830)
4(4520 4850 4851 4521)
4(4829 4830 4851 4850)
4(4501 4522 4852 4831)
4(4521 4851 4852 4522)
4(4830 4831 4852 4851)
4(4502 4523 4853 4832)
4(4522 4852 4853 4523)
4(4831 4832 4853 4852)
4(4503 4524 4854 4833)
4(4523 4853 4854 4524)
4(4832 4833 4854 4853)
4(4504 4525 4855 4834)
4(4524 4854 4855 4525)
4(4833 4834 4855 4854)
4(4505 4526 4856 4835)
4(4525 4855 4856 4526)
4(4834 4835 4856 4855)
4(4506 4527 4857 4836)
4(4526 4856 4857 4527)
4(4835 4836 4857 4856)
4(4507 4528 4858 4837)
4(4527 4857 4858 4528)
4(4836 4837 4858 4857)
4(4528 4858 4859 4529)
4(4837 4838 4859 4858)
4(4508 4529 4859 4838)
4(4510 4531 4861 4840)
4(4530 4860 4861 4531)
4(4839 4840 4861 4860)
4(4511 4532 4862 4841)
4(4531 4861 4862 4532)
4(4840 4841 4862 4861)
4(4512 4533 4863 4842)
4(4532 4862 4863 4533)
4(4841 4842 4863 4862)
4(4513 4534 4864 4843)
4(4533 4863 4864 4534)
4(4842 4843 4864 4863)
4(4514 4535 4865 4844)
4(4534 4864 4865 4535)
4(4843 4844 4865 4864)
4(4515 4536 4866 4845)
4(4535 4865 4866 4536)
4(4844 4845 4866 4865)
4(4516 4537 4867 4846)
4(4536 4866 4867 4537)
4(4845 4846 4867 4866)
4(4517 4538 4868 4847)
4(4537 4867 4868 4538)
4(4846 4847 4868 4867)
4(4518 4539 4869 4848)
4(4538 4868 4869 4539)
4(4847 4848 4869 4868)
4(4519 4540 4870 4849)
4(4539 4869 4870 4540)
4(4848 4849 4870 4869)
4(4520 4541 4871 4850)
4(4540 4870 4871 4541)
4(4849 4850 4871 4870)
4(4521 4542 4872 4851)
4(4541 4871 4872 4542)
4(4850 4851 4872 4871)
4(4522 4543 4873 4852)
4(4542 4872 4873 4543)
4(4851 4852 4873 4872)
4(4523 4544 4874 4853)
4(4543 4873 4874 4544)
4(4852 4853 4874 4873)
4(4524 4545 4875 4854)
4(4544 4874 4875 4545)
4(4853 4854 4875 4874)
4(4525 4546 4876 4855)
4(4545 4875 4876 4546)
4(4854 4855 4876 4875)
4(4526 4547 4877 4856)
4(4546 4876 4877 4547)
4(4855 4856 4877 4876)
4(4527 4548 4878 4857)
4(4547 4877 4878 4548)
4(4856 4857 4878 4877)
4(4528 4549 4879 4858)
4(4548 4878 4879 4549)
4(4857 4858 4879 4878)
4(4549 4879 4880 4550)
4(4858 4859 4880 4879)
4(4529 4550 4880 4859)
4(4531 4552 4882 4861)
4(4551 4881 4882 4552)
4(4860 4861 4882 4881)
4(4532 4553 4883 4862)
4(4552 4882 4883 4553)
4(4861 4862 4883 4882)
4(4533 4554 4884 4863)
4(4553 4883 4884 4554)
4(4862 4863 4884 4883)
4(4534 4555 4885 4864)
4(4554 4884 4885 4555)
4(4863 4864 4885 4884)
4(4535 4556 4886 4865)
4(4555 4885 4886 4556)
4(4864 4865 4886 4885)
4(4536 4557 4887 4866)
4(4556 4886 4887 4557)
4(4865 4866 4887 4886)
4(4537 4558 4888 4867)
4(4557 4887 4888 4558)
4(4866 4867 4888 4887)
4(4538 4559 4889 4868)
4(4558 4888 4889 4559)
4(4867 4868 4889 4888)
4(4539 4560 4890 4869)
4(4559 4889 4890 4560)
4(4868 4869 4890 4889)
4(4540 4561 4891 4870)
4(4560 4890 4891 4561)
4(4869 4870 4891 4890)
4(4541 4562 4892 4871)
4(4561 4891 4892 4562)
4(4870 4871 4892 4891)
4(4542 4563 4893 4872)
4(4562 4892 4893 4563)
4(4871 4872 4893 4892)
4(4543 4564 4894 4873)
4(4563 4893 4894 4564)
4(4872 4873 4894 4893)
4(4544 4565 4895 4874)
4(4564 4894 4895 4565)
4(4873 4874 4895 4894)
4(4545 4566 4896 4875)
4(4565 4895 4896 4566)
4(4874 4875 4896 4895)
4(4546 4567 4897 4876)
4(4566 4896 4897 4567)
4(4875 4876 4897 4896)
4(4547 4568 4898 4877)
4(4567 4897 4898 4568)
4(4876 4877 4898 4897)
4(4548 4569 4899 4878)
4(4568 4898 4899 4569)
4(4877 4878 4899 4898)
4(4549 4570 4900 4879)
4(4569 4899 4900 4570)
4(4878 4879 4900 4899)
4(4570 4900 4901 4571)
4(4879 4880 4901 4900)
4(4550 4571 4901 4880)
4(4552 4573 4903 4882)
4(4881 4882 4903 4902)
4(4553 4574 4904 4883)
4(4573 4903 4904 4574)
4(4882 4883 4904 4903)
4(4554 4575 4905 4884)
4(4574 4904 4905 4575)
4(4883 4884 4905 4904)
4(4555 4576 4906 4885)
4(4575 4905 4906 4576)
4(4884 4885 4906 4905)
4(4556 4577 4907 4886)
4(4576 4906 4907 4577)
4(4885 4886 4907 4906)
4(4557 4578 4908 4887)
4(4577 4907 4908 4578)
4(4886 4887 4908 4907)
4(4558 4579 4909 4888)
4(4578 4908 4909 4579)
4(4887 4888 4909 4908)
4(4559 4580 4910 4889)
4(4579 4909 4910 4580)
4(4888 4889 4910 4909)
4(4560 4581 4911 4890)
4(4580 4910 4911 4581)
4(4889 4890 4911 4910)
4(4561 4582 4912 4891)
4(4581 4911 4912 4582)
4(4890 4891 4912 4911)
4(4562 4583 4913 4892)
4(4582 4912 4913 4583)
4(4891 4892 4913 4912)
4(4563 4584 4914 4893)
4(4583 4913 4914 4584)
4(4892 4893 4914 4913)
4(4564 4585 4915 4894)
4(4584 4914 4915 4585)
4(4893 4894 4915 4914)
4(4565 4586 4916 4895)
4(4585 4915 4916 4586)
4(4894 4895 4916 4915)
4(4566 4587 4917 4896)
4(4586 4916 4917 4587)
4(4895 4896 4917 4916)
4(4567 4588 4918 4897)
4(4587 4917 4918 4588)
4(4896 4897 4918 4917)
4(4568 4589 4919 4898)
4(4588 4918 4919 4589)
4(4897 4898 4919 4918)
4(4569 4590 4920 4899)
4(4589 4919 4920 4590)
4(4898 4899 4920 4919)
4(4570 4591 4921 4900)
4(4590 4920 4921 4591)
4(4899 4900 4921 4920)
4(4591 4921 4922 4592)
4(4900 4901 4922 4921)
4(4571 4592 4922 4901)
4(4574 4594 4924 4904)
4(4593 4923 4924 4594)
4(4903 4904 4924 4923)
4(4575 4595 4925 4905)
4(4594 4924 4925 4595)
4(4904 4905 4925 4924)
4(4576 4596 4926 4906)
4(4595 4925 4926 4596)
4(4905 4906 4926 4925)
4(4577 4597 4927 4907)
4(4596 4926 4927 4597)
4(4906 4907 4927 4926)
4(4578 4598 4928 4908)
4(4597 4927 4928 4598)
4(4907 4908 4928 4927)
4(4579 4599 4929 4909)
4(4598 4928 4929 4599)
4(4908 4909 4929 4928)
4(4580 4600 4930 4910)
4(4599 4929 4930 4600)
4(4909 4910 4930 4929)
4(4581 4601 4931 4911)
4(4600 4930 4931 4601)
4(4910 4911 4931 4930)
4(4582 4602 4932 4912)
4(4601 4931 4932 4602)
4(4911 4912 4932 4931)
4(4583 4603 4933 4913)
4(4602 4932 4933 4603)
4(4912 4913 4933 4932)
4(4584 4604 4934 4914)
4(4603 4933 4934 4604)
4(4913 4914 4934 4933)
4(4585 4605 4935 4915)
4(4604 4934 4935 4605)
4(4914 4915 4935 4934)
4(4586 4606 4936 4916)
4(4605 4935 4936 4606)
4(4915 4916 4936 4935)
4(4587 4607 4937 4917)
4(4606 4936 4937 4607)
4(4916 4917 4937 4936)
4(4588 4608 4938 4918)
4(4607 4937 4938 4608)
4(4917 4918 4938 4937)
4(4589 4609 4939 4919)
4(4608 4938 4939 4609)
4(4918 4919 4939 4938)
4(4590 4610 4940 4920)
4(4609 4939 4940 4610)
4(4919 4920 4940 4939)
4(4591 4611 4941 4921)
4(4610 4940 4941 4611)
4(4920 4921 4941 4940)
4(4611 4941 4942 4612)
4(4921 4922 4942 4941)
4(4592 4612 4942 4922)
4(4594 4614 4944 4924)
4(4613 4943 4944 4614)
4(4923 4924 4944 4943)
4(4595 4615 4945 4925)
4(4614 4944 4945 4615)
4(4924 4925 4945 4944)
4(4596 4616 4946 4926)
4(4615 4945 4946 4616)
4(4925 4926 4946 4945)
4(4597 4617 4947 4927)
4(4616 4946 4947 4617)
4(4926 4927 4947 4946)
4(4598 4618 4948 4928)
4(4617 4947 4948 4618)
4(4927 4928 4948 4947)
4(4599 4619 4949 4929)
4(4618 4948 4949 4619)
4(4928 4929 4949 4948)
4(4600 4620 4950 4930)
4(4619 4949 4950 4620)
4(4929 4930 4950 4949)
4(4601 4621 4951 4931)
4(4620 4950 4951 4621)
4(4930 4931 4951 4950)
4(4602 4622 4952 4932)
4(4621 4951 4952 4622)
4(4931 4932 4952 4951)
4(4603 4623 4953 4933)
4(4622 4952 4953 4623)
4(4932 4933 4953 4952)
4(4604 4624 4954 4934)
4(4623 4953 4954 4624)
4(4933 4934 4954 4953)
4(4605 4625 4955 4935)
4(4624 4954 4955 4625)
4(4934 4935 4955 4954)
4(4606 4626 4956 4936)
4(4625 4955 4956 4626)
4(4935 4936 4956 4955)
4(4607 4627 4957 4937)
4(4626 4956 4957 4627)
4(4936 4937 4957 4956)
4(4608 4628 4958 4938)
4(4627 4957 4958 4628)
4(4937 4938 4958 4957)
4(4609 4629 4959 4939)
4(4628 4958 4959 4629)
4(4938 4939 4959 4958)
4(4610 4630 4960 4940)
4(4629 4959 4960 4630)
4(4939 4940 4960 4959)
4(4611 4631 4961 4941)
4(4630 4960 4961 4631)
4(4940 4941 4961 4960)
4(4631 4961 4962 4632)
4(4941 4942 4962 4961)
4(4612 4632 4962 4942)
4(4614 4634 4964 4944)
4(4633 4963 4964 4634)
4(4943 4944 4964 4963)
4(4615 4635 4965 4945)
4(4634 4964 4965 4635)
4(4944 4945 4965 4964)
4(4616 4636 4966 4946)
4(4635 4965 4966 4636)
4(4945 4946 4966 4965)
4(4617 4637 4967 4947)
4(4636 4966 4967 4637)
4(4946 4947 4967 4966)
4(4618 4638 4968 4948)
4(4637 4967 4968 4638)
4(4947 4948 4968 4967)
4(4619 4639 4969 4949)
4(4638 4968 4969 4639)
4(4948 4949 4969 4968)
4(4620 4640 4970 4950)
4(4639 4969 4970 4640)
4(4949 4950 4970 4969)
4(4621 4641 4971 4951)
4(4640 4970 4971 4641)
4(4950 4951 4971 4970)
4(4622 4642 4972 4952)
4(4641 4971 4972 4642)
4(4951 4952 4972 4971)
4(4623 4643 4973 4953)
4(4642 4972 4973 4643)
4(4952 4953 4973 4972)
4(4624 4644 4974 4954)
4(4643 4973 4974 4644)
4(4953 4954 4974 4973)
4(4625 4645 4975 4955)
4(4644 4974 4975 4645)
4(4954 4955 4975 4974)
4(4626 4646 4976 4956)
4(4645 4975 4976 4646)
4(4955 4956 4976 4975)
4(4627 4647 4977 4957)
4(4646 4976 4977 4647)
4(4956 4957 4977 4976)
4(4628 4648 4978 4958)
4(4647 4977 4978 4648)
4(4957 4958 4978 4977)
4(4629 4649 4979 4959)
4(4648 4978 4979 4649)
4(4958 4959 4979 4978)
4(4630 4650 4980 4960)
4(4649 4979 4980 4650)
4(4959 4960 4980 4979)
4(4631 4651 4981 4961)
4(4650 4980 4981 4651)
4(4960 4961 4981 4980)
4(4651 4981 4982 4652)
4(4961 4962 4982 4981)
4(4632 4652 4982 4962)
4(4634 4654 4984 4964)
4(4963 4964 4984 4983)
4(4635 4655 4985 4965)
4(4654 4984 4985 4655)
4(4964 4965 4985 4984)
4(4636 4656 4986 4966)
4(4655 4985 4986 4656)
4(4965 4966 4986 4985)
4(4637 4657 4987 4967)
4(4656 4986 4987 4657)
4(4966 4967 4987 4986)
4(4638 4658 4988 4968)
4(4657 4987 4988 4658)
4(4967 4968 4988 4987)
4(4639 4659 4989 4969)
4(4658 4988 4989 4659)
4(4968 4969 4989 4988)
4(4640 4660 4990 4970)
4(4659 4989 4990 4660)
4(4969 4970 4990 4989)
4(4641 4661 4991 4971)
4(4660 4990 4991 4661)
4(4970 4971 4991 4990)
4(4642 4662 4992 4972)
4(4661 4991 4992 4662)
4(4971 4972 4992 4991)
4(4643 4663 4993 4973)
4(4662 4992 4993 4663)
4(4972 4973 4993 4992)
4(4644 4664 4994 4974)
4(4663 4993 4994 4664)
4(4973 4974 4994 4993)
4(4645 4665 4995 4975)
4(4664 4994 4995 4665)
4(4974 4975 4995 4994)
4(4646 4666 4996 4976)
4(4665 4995 4996 4666)
4(4975 4976 4996 4995)
4(4647 4667 4997 4977)
4(4666 4996 4997 4667)
4(4976 4977 4997 4996)
4(4648 4668 4998 4978)
4(4667 4997 4998 4668)
4(4977 4978 4998 4997)
4(4649 4669 4999 4979)
4(4668 4998 4999 4669)
4(4978 4979 4999 4998)
4(4650 4670 5000 4980)
4(4669 4999 5000 4670)
4(4979 4980 5000 4999)
4(4651 4671 5001 4981)
4(4670 5000 5001 4671)
4(4980 4981 5001 5000)
4(4671 5001 5002 4672)
4(4981 4982 5002 5001)
4(4652 4672 5002 4982)
4(4655 4674 5004 4985)
4(4984 4985 5004 5003)
4(4656 4675 5005 4986)
4(4985 4986 5005 5004)
4(4657 4676 5006 4987)
4(4986 4987 5006 5005)
4(4658 4677 5007 4988)
4(4987 4988 5007 5006)
4(4659 4678 5008 4989)
4(4988 4989 5008 5007)
4(4660 4679 5009 4990)
4(4989 4990 5009 5008)
4(4661 4680 5010 4991)
4(4990 4991 5010 5009)
4(4662 4681 5011 4992)
4(4991 4992 5011 5010)
4(4663 4682 5012 4993)
4(4992 4993 5012 5011)
4(4664 4683 5013 4994)
4(4993 4994 5013 5012)
4(4665 4684 5014 4995)
4(4994 4995 5014 5013)
4(4666 4685 5015 4996)
4(4995 4996 5015 5014)
4(4667 4686 5016 4997)
4(4996 4997 5016 5015)
4(4668 4687 5017 4998)
4(4997 4998 5017 5016)
4(4669 4688 5018 4999)
4(4998 4999 5018 5017)
4(4670 4689 5019 5000)
4(4999 5000 5019 5018)
4(4671 4690 5020 5001)
4(5000 5001 5020 5019)
4(5001 5002 5021 5020)
4(4672 4691 5021 5002)
4(4693 4714 5044 5023)
4(4713 5043 5044 4714)
4(5022 5023 5044 5043)
4(4694 4715 5045 5024)
4(4714 5044 5045 4715)
4(5023 5024 5045 5044)
4(4695 4716 5046 5025)
4(4715 5045 5046 4716)
4(5024 5025 5046 5045)
4(4696 4717 5047 5026)
4(4716 5046 5047 4717)
4(5025 5026 5047 5046)
4(4697 4718 5048 5027)
4(4717 5047 5048 4718)
4(5026 5027 5048 5047)
4(4698 4719 5049 5028)
4(4718 5048 5049 4719)
4(5027 5028 5049 5048)
4(4699 4720 5050 5029)
4(4719 5049 5050 4720)
4(5028 5029 5050 5049)
4(4700 4721 5051 5030)
4(4720 5050 5051 4721)
4(5029 5030 5051 5050)
4(4701 4722 5052 5031)
4(4721 5051 5052 4722)
4(5030 5031 5052 5051)
4(4702 4723 5053 5032)
4(4722 5052 5053 4723)
4(5031 5032 5053 5052)
4(4703 4724 5054 5033)
4(4723 5053 5054 4724)
4(5032 5033 5054 5053)
4(4704 4725 5055 5034)
4(4724 5054 5055 4725)
4(5033 5034 5055 5054)
4(4705 4726 5056 5035)
4(4725 5055 5056 4726)
4(5034 5035 5056 5055)
4(4706 4727 5057 5036)
4(4726 5056 5057 4727)
4(5035 5036 5057 5056)
4(4707 4728 5058 5037)
4(4727 5057 5058 4728)
4(5036 5037 5058 5057)
4(4708 4729 5059 5038)
4(4728 5058 5059 4729)
4(5037 5038 5059 5058)
4(4709 4730 5060 5039)
4(4729 5059 5060 4730)
4(5038 5039 5060 5059)
4(4710 4731 5061 5040)
4(4730 5060 5061 4731)
4(5039 5040 5061 5060)
4(4711 4732 5062 5041)
4(4731 5061 5062 4732)
4(5040 5041 5062 5061)
4(4732 5062 5063 4733)
4(5041 5042 5063 5062)
4(4712 4733 5063 5042)
4(4714 4735 5065 5044)
4(4734 5064 5065 4735)
4(5043 5044 5065 5064)
4(4715 4736 5066 5045)
4(4735 5065 5066 4736)
4(5044 5045 5066 5065)
4(4716 4737 5067 5046)
4(4736 5066 5067 4737)
4(5045 5046 5067 5066)
4(4717 4738 5068 5047)
4(4737 5067 5068 4738)
4(5046 5047 5068 5067)
4(4718 4739 5069 5048)
4(4738 5068 5069 4739)
4(5047 5048 5069 5068)
4(4719 4740 5070 5049)
4(4739 5069 5070 4740)
4(5048 5049 5070 5069)
4(4720 4741 5071 5050)
4(4740 5070 5071 4741)
4(5049 5050 5071 5070)
4(4721 4742 5072 5051)
4(4741 5071 5072 4742)
4(5050 5051 5072 5071)
4(4722 4743 5073 5052)
4(4742 5072 5073 4743)
4(5051 5052 5073 5072)
4(4723 4744 5074 5053)
4(4743 5073 5074 4744)
4(5052 5053 5074 5073)
4(4724 4745 5075 5054)
4(4744 5074 5075 4745)
4(5053 5054 5075 5074)
4(4725 4746 5076 5055)
4(4745 5075 5076 4746)
4(5054 5055 5076 5075)
4(4726 4747 5077 5056)
4(4746 5076 5077 4747)
4(5055 5056 5077 5076)
4(4727 4748 5078 5057)
4(4747 5077 5078 4748)
4(5056 5057 5078 5077)
4(4728 4749 5079 5058)
4(4748 5078 5079 4749)
4(5057 5058 5079 5078)
4(4729 4750 5080 5059)
4(4749 5079 5080 4750)
4(5058 5059 5080 5079)
4(4730 4751 5081 5060)
4(4750 5080 5081 4751)
4(5059 5060 5081 5080)
4(4731 4752 5082 5061)
4(4751 5081 5082 4752)
4(5060 5061 5082 5081)
4(4732 4753 5083 5062)
4(4752 5082 5083 4753)
4(5061 5062 5083 5082)
4(4753 5083 5084 4754)
4(5062 5063 5084 5083)
4(4733 4754 5084 5063)
4(4735 4756 5086 5065)
4(4755 5085 5086 4756)
4(5064 5065 5086 5085)
4(4736 4757 5087 5066)
4(4756 5086 5087 4757)
4(5065 5066 5087 5086)
4(4737 4758 5088 5067)
4(4757 5087 5088 4758)
4(5066 5067 5088 5087)
4(4738 4759 5089 5068)
4(4758 5088 5089 4759)
4(5067 5068 5089 5088)
4(4739 4760 5090 5069)
4(4759 5089 5090 4760)
4(5068 5069 5090 5089)
4(4740 4761 5091 5070)
4(4760 5090 5091 4761)
4(5069 5070 5091 5090)
4(4741 4762 5092 5071)
4(4761 5091 5092 4762)
4(5070 5071 5092 5091)
4(4742 4763 5093 5072)
4(4762 5092 5093 4763)
4(5071 5072 5093 5092)
4(4743 4764 5094 5073)
4(4763 5093 5094 4764)
4(5072 5073 5094 5093)
4(4744 4765 5095 5074)
4(4764 5094 5095 4765)
4(5073 5074 5095 5094)
4(4745 4766 5096 5075)
4(4765 5095 5096 4766)
4(5074 5075 5096 5095)
4(4746 4767 5097 5076)
4(4766 5096 5097 4767)
4(5075 5076 5097 5096)
4(4747 4768 5098 5077)
4(4767 5097 5098 4768)
4(5076 5077 5098 5097)
4(4748 4769 5099 5078)
4(4768 5098 5099 4769)
4(5077 5078 5099 5098)
4(4749 4770 5100 5079)
4(4769 5099 5100 4770)
4(5078 5079 5100 5099)
4(4750 4771 5101 5080)
4(4770 5100 5101 4771)
4(5079 5080 5101 5100)
4(4751 4772 5102 5081)
4(4771 5101 5102 4772)
4(5080 5081 5102 5101)
4(4752 4773 5103 5082)
4(4772 5102 5103 4773)
4(5081 5082 5103 5102)
4(4753 4774 5104 5083)
4(4773 5103 5104 4774)
4(5082 5083 5104 5103)
4(4774 5104 5105 4775)
4(5083 5084 5105 5104)
4(4754 4775 5105 5084)
4(4756 4777 5107 5086)
4(4776 5106 5107 4777)
4(5085 5086 5107 5106)
4(4757 4778 5108 5087)
4(4777 5107 5108 4778)
4(5086 5087 5108 5107)
4(4758 4779 5109 5088)
4(4778 5108 5109 4779)
4(5087 5088 5109 5108)
4(4759 4780 5110 5089)
4(4779 5109 5110 4780)
4(5088 5089 5110 5109)
4(4760 4781 5111 5090)
4(4780 5110 5111 4781)
4(5089 5090 5111 5110)
4(4761 4782 5112 5091)
4(4781 5111 5112 4782)
4(5090 5091 5112 5111)
4(4762 4783 5113 5092)
4(4782 5112 5113 4783)
4(5091 5092 5113 5112)
4(4763 4784 5114 5093)
4(4783 5113 5114 4784)
4(5092 5093 5114 5113)
4(4764 4785 5115 5094)
4(4784 5114 5115 4785)
4(5093 5094 5115 5114)
4(4765 4786 5116 5095)
4(4785 5115 5116 4786)
4(5094 5095 5116 5115)
4(4766 4787 5117 5096)
4(4786 5116 5117 4787)
4(5095 5096 5117 5116)
4(4767 4788 5118 5097)
4(4787 5117 5118 4788)
4(5096 5097 5118 5117)
4(4768 4789 5119 5098)
4(4788 5118 5119 4789)
4(5097 5098 5119 5118)
4(4769 4790 5120 5099)
4(4789 5119 5120 4790)
4(5098 5099 5120 5119)
4(4770 4791 5121 5100)
4(4790 5120 5121 4791)
4(5099 5100 5121 5120)
4(4771 4792 5122 5101)
4(4791 5121 5122 4792)
4(5100 5101 5122 5121)
4(4772 4793 5123 5102)
4(4792 5122 5123 4793)
4(5101 5102 5123 5122)
4(4773 4794 5124 5103)
4(4793 5123 5124 4794)
4(5102 5103 5124 5123)
4(4774 4795 5125 5104)
4(4794 5124 5125 4795)
4(5103 5104 5125 5124)
4(4795 5125 5126 4796)
4(5104 5105 5126 5125)
4(4775 4796 5126 5105)
4(4777 4798 5128 5107)
4(4797 5127 5128 4798)
4(5106 5107 5128 5127)
4(4778 4799 5129 5108)
4(4798 5128 5129 4799)
4(5107 5108 5129 5128)
4(4779 4800 5130 5109)
4(4799 5129 5130 4800)
4(5108 5109 5130 5129)
4(4780 4801 5131 5110)
4(4800 5130 5131 4801)
4(5109 5110 5131 5130)
4(4781 4802 5132 5111)
4(4801 5131 5132 4802)
4(5110 5111 5132 5131)
4(4782 4803 5133 5112)
4(4802 5132 5133 4803)
4(5111 5112 5133 5132)
4(4783 4804 5134 5113)
4(4803 5133 5134 4804)
4(5112 5113 5134 5133)
4(4784 4805 5135 5114)
4(4804 5134 5135 4805)
4(5113 5114 5135 5134)
4(4785 4806 5136 5115)
4(4805 5135 5136 4806)
4(5114 5115 5136 5135)
4(4786 4807 5137 5116)
4(4806 5136 5137 4807)
4(5115 5116 5137 5136)
4(4787 4808 5138 5117)
4(4807 5137 5138 4808)
4(5116 5117 5138 5137)
4(4788 4809 5139 5118)
4(4808 5138 5139 4809)
4(5117 5118 5139 5138)
4(4789 4810 5140 5119)
4(4809 5139 5140 4810)
4(5118 5119 5140 5139)
4(4790 4811 5141 5120)
4(4810 5140 5141 4811)
4(5119 5120 5141 5140)
4(4791 4812 5142 5121)
4(4811 5141 5142 4812)
4(5120 5121 5142 5141)
4(4792 4813 5143 5122)
4(4812 5142 5143 4813)
4(5121 5122 5143 5142)
4(4793 4814 5144 5123)
4(4813 5143 5144 4814)
4(5122 5123 5144 5143)
4(4794 4815 5145 5124)
4(4814 5144 5145 4815)
4(5123 5124 5145 5144)
4(4795 4816 5146 5125)
4(4815 5145 5146 4816)
4(5124 5125 5146 5145)
4(4816 5146 5147 4817)
4(5125 5126 5147 5146)
4(4796 4817 5147 5126)
4(4798 4819 5149 5128)
4(4818 5148 5149 4819)
4(5127 5128 5149 5148)
4(4799 4820 5150 5129)
4(4819 5149 5150 4820)
4(5128 5129 5150 5149)
4(4800 4821 5151 5130)
4(4820 5150 5151 4821)
4(5129 5130 5151 5150)
4(4801 4822 5152 5131)
4(4821 5151 5152 4822)
4(5130 5131 5152 5151)
4(4802 4823 5153 5132)
4(4822 5152 5153 4823)
4(5131 5132 5153 5152)
4(4803 4824 5154 5133)
4(4823 5153 5154 4824)
4(5132 5133 5154 5153)
4(4804 4825 5155 5134)
4(4824 5154 5155 4825)
4(5133 5134 5155 5154)
4(4805 4826 5156 5135)
4(4825 5155 5156 4826)
4(5134 5135 5156 5155)
4(4806 4827 5157 5136)
4(4826 5156 5157 4827)
4(5135 5136 5157 5156)
4(4807 4828 5158 5137)
4(4827 5157 5158 4828)
4(5136 5137 5158 5157)
4(4808 4829 5159 5138)
4(4828 5158 5159 4829)
4(5137 5138 5159 5158)
4(4809 4830 5160 5139)
4(4829 5159 5160 4830)
4(5138 5139 5160 5159)
4(4810 4831 5161 5140)
4(4830 5160 5161 4831)
4(5139 5140 5161 5160)
4(4811 4832 5162 5141)
4(4831 5161 5162 4832)
4(5140 5141 5162 5161)
4(4812 4833 5163 5142)
4(4832 5162 5163 4833)
4(5141 5142 5163 5162)
4(4813 4834 5164 5143)
4(4833 5163 5164 4834)
4(5142 5143 5164 5163)
4(4814 4835 5165 5144)
4(4834 5164 5165 4835)
4(5143 5144 5165 5164)
4(4815 4836 5166 5145)
4(4835 5165 5166 4836)
4(5144 5145 5166 5165)
4(4816 4837 5167 5146)
4(4836 5166 5167 4837)
4(5145 5146 5167 5166)
4(4837 5167 5168 4838)
4(5146 5147 5168 5167)
4(4817 4838 5168 5147)
4(4819 4840 5170 5149)
4(4839 5169 5170 4840)
4(5148 5149 5170 5169)
4(4820 4841 5171 5150)
4(4840 5170 5171 4841)
4(5149 5150 5171 5170)
4(4821 4842 5172 5151)
4(4841 5171 5172 4842)
4(5150 5151 5172 5171)
4(4822 4843 5173 5152)
4(4842 5172 5173 4843)
4(5151 5152 5173 5172)
4(4823 4844 5174 5153)
4(4843 5173 5174 4844)
4(5152 5153 5174 5173)
4(4824 4845 5175 5154)
4(4844 5174 5175 4845)
4(5153 5154 5175 5174)
4(4825 4846 5176 5155)
4(4845 5175 5176 4846)
4(5154 5155 5176 5175)
4(4826 4847 5177 5156)
4(4846 5176 5177 4847)
4(5155 5156 5177 5176)
4(4827 4848 5178 5157)
4(4847 5177 5178 4848)
4(5156 5157 5178 5177)
4(4828 4849 5179 5158)
4(4848 5178 5179 4849)
4(5157 5158 5179 5178)
4(4829 4850 5180 5159)
4(4849 5179 5180 4850)
4(5158 5159 5180 5179)
4(4830 4851 5181 5160)
4(4850 5180 5181 4851)
4(5159 5160 5181 5180)
4(4831 4852 5182 5161)
4(4851 5181 5182 4852)
4(5160 5161 5182 5181)
4(4832 4853 5183 5162)
4(4852 5182 5183 4853)
4(5161 5162 5183 5182)
4(4833 4854 5184 5163)
4(4853 5183 5184 4854)
4(5162 5163 5184 5183)
4(4834 4855 5185 5164)
4(4854 5184 5185 4855)
4(5163 5164 5185 5184)
4(4835 4856 5186 5165)
4(4855 5185 5186 4856)
4(5164 5165 5186 5185)
4(4836 4857 5187 5166)
4(4856 5186 5187 4857)
4(5165 5166 5187 5186)
4(4837 4858 5188 5167)
4(4857 5187 5188 4858)
4(5166 5167 5188 5187)
4(4858 5188 5189 4859)
4(5167 5168 5189 5188)
4(4838 4859 5189 5168)
4(4840 4861 5191 5170)
4(4860 5190 5191 4861)
4(5169 5170 5191 5190)
4(4841 4862 5192 5171)
4(4861 5191 5192 4862)
4(5170 5171 5192 5191)
4(4842 4863 5193 5172)
4(4862 5192 5193 4863)
4(5171 5172 5193 5192)
4(4843 4864 5194 5173)
4(4863 5193 5194 4864)
4(5172 5173 5194 5193)
4(4844 4865 5195 5174)
4(4864 5194 5195 4865)
4(5173 5174 5195 5194)
4(4845 4866 5196 5175)
4(4865 5195 5196 4866)
4(5174 5175 5196 5195)
4(4846 4867 5197 5176)
4(4866 5196 5197 4867)
4(5175 5176 5197 5196)
4(4847 4868 5198 5177)
4(4867 5197 5198 4868)
4(5176 5177 5198 5197)
4(4848 4869 5199 5178)
4(4868 5198 5199 4869)
4(5177 5178 5199 5198)
4(4849 4870 5200 5179)
4(4869 5199 5200 4870)
4(5178 5179 5200 5199)
4(4850 4871 5201 5180)
4(4870 5200 5201 4871)
4(5179 5180 5201 5200)
4(4851 4872 5202 5181)
4(4871 5201 5202 4872)
4(5180 5181 5202 5201)
4(4852 4873 5203 5182)
4(4872 5202 5203 4873)
4(5181 5182 5203 5202)
4(4853 4874 5204 5183)
4(4873 5203 5204 4874)
4(5182 5183 5204 5203)
4(4854 4875 5205 5184)
4(4874 5204 5205 4875)
4(5183 5184 5205 5204)
4(4855 4876 5206 5185)
4(4875 5205 5206 4876)
4(5184 5185 5206 5205)
4(4856 4877 5207 5186)
4(4876 5206 5207 4877)
4(5185 5186 5207 5206)
4(4857 4878 5208 5187)
4(4877 5207 5208 4878)
4(5186 5187 5208 5207)
4(4858 4879 5209 5188)
4(4878 5208 5209 4879)
4(5187 5188 5209 5208)
4(4879 5209 5210 4880)
4(5188 5189 5210 5209)
4(4859 4880 5210 5189)
4(4861 4882 5212 5191)
4(4881 5211 5212 4882)
4(5190 5191 5212 5211)
4(4862 4883 5213 5192)
4(4882 5212 5213 4883)
4(5191 5192 5213 5212)
4(4863 4884 5214 5193)
4(4883 5213 5214 4884)
4(5192 5193 5214 5213)
4(4864 4885 5215 5194)
4(4884 5214 5215 4885)
4(5193 5194 5215 5214)
4(4865 4886 5216 5195)
4(4885 5215 5216 4886)
4(5194 5195 5216 5215)
4(4866 4887 5217 5196)
4(4886 5216 5217 4887)
4(5195 5196 5217 5216)
4(4867 4888 5218 5197)
4(4887 5217 5218 4888)
4(5196 5197 5218 5217)
4(4868 4889 5219 5198)
4(4888 5218 5219 4889)
4(5197 5198 5219 5218)
4(4869 4890 5220 5199)
4(4889 5219 5220 4890)
4(5198 5199 5220 5219)
4(4870 4891 5221 5200)
4(4890 5220 5221 4891)
4(5199 5200 5221 5220)
4(4871 4892 5222 5201)
4(4891 5221 5222 4892)
4(5200 5201 5222 5221)
4(4872 4893 5223 5202)
4(4892 5222 5223 4893)
4(5201 5202 5223 5222)
4(4873 4894 5224 5203)
4(4893 5223 5224 4894)
4(5202 5203 5224 5223)
4(4874 4895 5225 5204)
4(4894 5224 5225 4895)
4(5203 5204 5225 5224)
4(4875 4896 5226 5205)
4(4895 5225 5226 4896)
4(5204 5205 5226 5225)
4(4876 4897 5227 5206)
4(4896 5226 5227 4897)
4(5205 5206 5227 5226)
4(4877 4898 5228 5207)
4(4897 5227 5228 4898)
4(5206 5207 5228 5227)
4(4878 4899 5229 5208)
4(4898 5228 5229 4899)
4(5207 5208 5229 5228)
4(4879 4900 5230 5209)
4(4899 5229 5230 4900)
4(5208 5209 5230 5229)
4(4900 5230 5231 4901)
4(5209 5210 5231 5230)
4(4880 4901 5231 5210)
4(4882 4903 5233 5212)
4(5211 5212 5233 5232)
4(4883 4904 5234 5213)
4(4903 5233 5234 4904)
4(5212 5213 5234 5233)
4(4884 4905 5235 5214)
4(4904 5234 5235 4905)
4(5213 5214 5235 5234)
4(4885 4906 5236 5215)
4(4905 5235 5236 4906)
4(5214 5215 5236 5235)
4(4886 4907 5237 5216)
4(4906 5236 5237 4907)
4(5215 5216 5237 5236)
4(4887 4908 5238 5217)
4(4907 5237 5238 4908)
4(5216 5217 5238 5237)
4(4888 4909 5239 5218)
4(4908 5238 5239 4909)
4(5217 5218 5239 5238)
4(4889 4910 5240 5219)
4(4909 5239 5240 4910)
4(5218 5219 5240 5239)
4(4890 4911 5241 5220)
4(4910 5240 5241 4911)
4(5219 5220 5241 5240)
4(4891 4912 5242 5221)
4(4911 5241 5242 4912)
4(5220 5221 5242 5241)
4(4892 4913 5243 5222)
4(4912 5242 5243 4913)
4(5221 5222 5243 5242)
4(4893 4914 5244 5223)
4(4913 5243 5244 4914)
4(5222 5223 5244 5243)
4(4894 4915 5245 5224)
4(4914 5244 5245 4915)
4(5223 5224 5245 5244)
4(4895 4916 5246 5225)
4(4915 5245 5246 4916)
4(5224 5225 5246 5245)
4(4896 4917 5247 5226)
4(4916 5246 5247 4917)
4(5225 5226 5247 5246)
4(4897 4918 5248 5227)
4(4917 5247 5248 4918)
4(5226 5227 5248 5247)
4(4898 4919 5249 5228)
4(4918 5248 5249 4919)
4(5227 5228 5249 5248)
4(4899 4920 5250 5229)
4(4919 5249 5250 4920)
4(5228 5229 5250 5249)
4(4900 4921 5251 5230)
4(4920 5250 5251 4921)
4(5229 5230 5251 5250)
4(4921 5251 5252 4922)
4(5230 5231 5252 5251)
4(4901 4922 5252 5231)
4(4904 4924 5254 5234)
4(4923 5253 5254 4924)
4(5233 5234 5254 5253)
4(4905 4925 5255 5235)
4(4924 5254 5255 4925)
4(5234 5235 5255 5254)
4(4906 4926 5256 5236)
4(4925 5255 5256 4926)
4(5235 5236 5256 5255)
4(4907 4927 5257 5237)
4(4926 5256 5257 4927)
4(5236 5237 5257 5256)
4(4908 4928 5258 5238)
4(4927 5257 5258 4928)
4(5237 5238 5258 5257)
4(4909 4929 5259 5239)
4(4928 5258 5259 4929)
4(5238 5239 5259 5258)
4(4910 4930 5260 5240)
4(4929 5259 5260 4930)
4(5239 5240 5260 5259)
4(4911 4931 5261 5241)
4(4930 5260 5261 4931)
4(5240 5241 5261 5260)
4(4912 4932 5262 5242)
4(4931 5261 5262 4932)
4(5241 5242 5262 5261)
4(4913 4933 5263 5243)
4(4932 5262 5263 4933)
4(5242 5243 5263 5262)
4(4914 4934 5264 5244)
4(4933 5263 5264 4934)
4(5243 5244 5264 5263)
4(4915 4935 5265 5245)
4(4934 5264 5265 4935)
4(5244 5245 5265 5264)
4(4916 4936 5266 5246)
4(4935 5265 5266 4936)
4(5245 5246 5266 5265)
4(4917 4937 5267 5247)
4(4936 5266 5267 4937)
4(5246 5247 5267 5266)
4(4918 4938 5268 5248)
4(4937 5267 5268 4938)
4(5247 5248 5268 5267)
4(4919 4939 5269 5249)
4(4938 5268 5269 4939)
4(5248 5249 5269 5268)
4(4920 4940 5270 5250)
4(4939 5269 5270 4940)
4(5249 5250 5270 5269)
4(4921 4941 5271 5251)
4(4940 5270 5271 4941)
4(5250 5251 5271 5270)
4(4941 5271 5272 4942)
4(5251 5252 5272 5271)
4(4922 4942 5272 5252)
4(4924 4944 5274 5254)
4(4943 5273 5274 4944)
4(5253 5254 5274 5273)
4(4925 4945 5275 5255)
4(4944 5274 5275 4945)
4(5254 5255 5275 5274)
4(4926 4946 5276 5256)
4(4945 5275 5276 4946)
4(5255 5256 5276 5275)
4(4927 4947 5277 5257)
4(4946 5276 5277 4947)
4(5256 5257 5277 5276)
4(4928 4948 5278 5258)
4(4947 5277 5278 4948)
4(5257 5258 5278 5277)
4(4929 4949 5279 5259)
4(4948 5278 5279 4949)
4(5258 5259 5279 5278)
4(4930 4950 5280 5260)
4(4949 5279 5280 4950)
4(5259 5260 5280 5279)
4(4931 4951 5281 5261)
4(4950 5280 5281 4951)
4(5260 5261 5281 5280)
4(4932 4952 5282 5262)
4(4951 5281 5282 4952)
4(5261 5262 5282 5281)
4(4933 4953 5283 5263)
4(4952 5282 5283 4953)
4(5262 5263 5283 5282)
4(4934 4954 5284 5264)
4(4953 5283 5284 4954)
4(5263 5264 5284 5283)
4(4935 4955 5285 5265)
4(4954 5284 5285 4955)
4(5264 5265 5285 5284)
4(4936 4956 5286 5266)
4(4955 5285 5286 4956)
4(5265 5266 5286 5285)
4(4937 4957 5287 5267)
4(4956 5286 5287 4957)
4(5266 5267 5287 5286)
4(4938 4958 5288 5268)
4(4957 5287 5288 4958)
4(5267 5268 5288 5287)
4(4939 4959 5289 5269)
4(4958 5288 5289 4959)
4(5268 5269 5289 5288)
4(4940 4960 5290 5270)
4(4959 5289 5290 4960)
4(5269 5270 5290 5289)
4(4941 4961 5291 5271)
4(4960 5290 5291 4961)
4(5270 5271 5291 5290)
4(4961 5291 5292 4962)
4(5271 5272 5292 5291)
4(4942 4962 5292 5272)
4(4944 4964 5294 5274)
4(4963 5293 5294 4964)
4(5273 5274 5294 5293)
4(4945 4965 5295 5275)
4(4964 5294 5295 4965)
4(5274 5275 5295 5294)
4(4946 4966 5296 5276)
4(4965 5295 5296 4966)
4(5275 5276 5296 5295)
4(4947 4967 5297 5277)
4(4966 5296 5297 4967)
4(5276 5277 5297 5296)
4(4948 4968 5298 5278)
4(4967 5297 5298 4968)
4(5277 5278 5298 5297)
4(4949 4969 5299 5279)
4(4968 5298 5299 4969)
4(5278 5279 5299 5298)
4(4950 4970 5300 5280)
4(4969 5299 5300 4970)
4(5279 5280 5300 5299)
4(4951 4971 5301 5281)
4(4970 5300 5301 4971)
4(5280 5281 5301 5300)
4(4952 4972 5302 5282)
4(4971 5301 5302 4972)
4(5281 5282 5302 5301)
4(4953 4973 5303 5283)
4(4972 5302 5303 4973)
4(5282 5283 5303 5302)
4(4954 4974 5304 5284)
4(4973 5303 5304 4974)
4(5283 5284 5304 5303)
4(4955 4975 5305 5285)
4(4974 5304 5305 4975)
4(5284 5285 5305 5304)
4(4956 4976 5306 5286)
4(4975 5305 5306 4976)
4(5285 5286 5306 5305)
4(4957 4977 5307 5287)
4(4976 5306 5307 4977)
4(5286 5287 5307 5306)
4(4958 4978 5308 5288)
4(4977 5307 5308 4978)
4(5287 5288 5308 5307)
4(4959 4979 5309 5289)
4(4978 5308 5309 4979)
4(5288 5289 5309 5308)
4(4960 4980 5310 5290)
4(4979 5309 5310 4980)
4(5289 5290 5310 5309)
4(4961 4981 5311 5291)
4(4980 5310 5311 4981)
4(5290 5291 5311 5310)
4(4981 5311 5312 4982)
4(5291 5292 5312 5311)
4(4962 4982 5312 5292)
4(4964 4984 5314 5294)
4(5293 5294 5314 5313)
4(4965 4985 5315 5295)
4(4984 5314 5315 4985)
4(5294 5295 5315 5314)
4(4966 4986 5316 5296)
4(4985 5315 5316 4986)
4(5295 5296 5316 5315)
4(4967 4987 5317 5297)
4(4986 5316 5317 4987)
4(5296 5297 5317 5316)
4(4968 4988 5318 5298)
4(4987 5317 5318 4988)
4(5297 5298 5318 5317)
4(4969 4989 5319 5299)
4(4988 5318 5319 4989)
4(5298 5299 5319 5318)
4(4970 4990 5320 5300)
4(4989 5319 5320 4990)
4(5299 5300 5320 5319)
4(4971 4991 5321 5301)
4(4990 5320 5321 4991)
4(5300 5301 5321 5320)
4(4972 4992 5322 5302)
4(4991 5321 5322 4992)
4(5301 5302 5322 5321)
4(4973 4993 5323 5303)
4(4992 5322 5323 4993)
4(5302 5303 5323 5322)
4(4974 4994 5324 5304)
4(4993 5323 5324 4994)
4(5303 5304 5324 5323)
4(4975 4995 5325 5305)
4(4994 5324 5325 4995)
4(5304 5305 5325 5324)
4(4976 4996 5326 5306)
4(4995 5325 5326 4996)
4(5305 5306 5326 5325)
4(4977 4997 5327 5307)
4(4996 5326 5327 4997)
4(5306 5307 5327 5326)
4(4978 4998 5328 5308)
4(4997 5327 5328 4998)
4(5307 5308 5328 5327)
4(4979 4999 5329 5309)
4(4998 5328 5329 4999)
4(5308 5309 5329 5328)
4(4980 5000 5330 5310)
4(4999 5329 5330 5000)
4(5309 5310 5330 5329)
4(4981 5001 5331 5311)
4(5000 5330 5331 5001)
4(5310 5311 5331 5330)
4(5001 5331 5332 5002)
4(5311 5312 5332 5331)
4(4982 5002 5332 5312)
4(4985 5004 5334 5315)
4(5314 5315 5334 5333)
4(4986 5005 5335 5316)
4(5315 5316 5335 5334)
4(4987 5006 5336 5317)
4(5316 5317 5336 5335)
4(4988 5007 5337 5318)
4(5317 5318 5337 5336)
4(4989 5008 5338 5319)
4(5318 5319 5338 5337)
4(4990 5009 5339 5320)
4(5319 5320 5339 5338)
4(4991 5010 5340 5321)
4(5320 5321 5340 5339)
4(4992 5011 5341 5322)
4(5321 5322 5341 5340)
4(4993 5012 5342 5323)
4(5322 5323 5342 5341)
4(4994 5013 5343 5324)
4(5323 5324 5343 5342)
4(4995 5014 5344 5325)
4(5324 5325 5344 5343)
4(4996 5015 5345 5326)
4(5325 5326 5345 5344)
4(4997 5016 5346 5327)
4(5326 5327 5346 5345)
4(4998 5017 5347 5328)
4(5327 5328 5347 5346)
4(4999 5018 5348 5329)
4(5328 5329 5348 5347)
4(5000 5019 5349 5330)
4(5329 5330 5349 5348)
4(5001 5020 5350 5331)
4(5330 5331 5350 5349)
4(5331 5332 5351 5350)
4(5002 5021 5351 5332)
4(5023 5044 5374 5353)
4(5043 5373 5374 5044)
4(5024 5045 5375 5354)
4(5044 5374 5375 5045)
4(5025 5046 5376 5355)
4(5045 5375 5376 5046)
4(5026 5047 5377 5356)
4(5046 5376 5377 5047)
4(5027 5048 5378 5357)
4(5047 5377 5378 5048)
4(5028 5049 5379 5358)
4(5048 5378 5379 5049)
4(5029 5050 5380 5359)
4(5049 5379 5380 5050)
4(5030 5051 5381 5360)
4(5050 5380 5381 5051)
4(5031 5052 5382 5361)
4(5051 5381 5382 5052)
4(5032 5053 5383 5362)
4(5052 5382 5383 5053)
4(5033 5054 5384 5363)
4(5053 5383 5384 5054)
4(5034 5055 5385 5364)
4(5054 5384 5385 5055)
4(5035 5056 5386 5365)
4(5055 5385 5386 5056)
4(5036 5057 5387 5366)
4(5056 5386 5387 5057)
4(5037 5058 5388 5367)
4(5057 5387 5388 5058)
4(5038 5059 5389 5368)
4(5058 5388 5389 5059)
4(5039 5060 5390 5369)
4(5059 5389 5390 5060)
4(5040 5061 5391 5370)
4(5060 5390 5391 5061)
4(5041 5062 5392 5371)
4(5061 5391 5392 5062)
4(5062 5392 5393 5063)
4(5042 5063 5393 5372)
4(5044 5065 5395 5374)
4(5064 5394 5395 5065)
4(5045 5066 5396 5375)
4(5065 5395 5396 5066)
4(5046 5067 5397 5376)
4(5066 5396 5397 5067)
4(5047 5068 5398 5377)
4(5067 5397 5398 5068)
4(5048 5069 5399 5378)
4(5068 5398 5399 5069)
4(5049 5070 5400 5379)
4(5069 5399 5400 5070)
4(5050 5071 5401 5380)
4(5070 5400 5401 5071)
4(5051 5072 5402 5381)
4(5071 5401 5402 5072)
4(5052 5073 5403 5382)
4(5072 5402 5403 5073)
4(5053 5074 5404 5383)
4(5073 5403 5404 5074)
4(5054 5075 5405 5384)
4(5074 5404 5405 5075)
4(5055 5076 5406 5385)
4(5075 5405 5406 5076)
4(5056 5077 5407 5386)
4(5076 5406 5407 5077)
4(5057 5078 5408 5387)
4(5077 5407 5408 5078)
4(5058 5079 5409 5388)
4(5078 5408 5409 5079)
4(5059 5080 5410 5389)
4(5079 5409 5410 5080)
4(5060 5081 5411 5390)
4(5080 5410 5411 5081)
4(5061 5082 5412 5391)
4(5081 5411 5412 5082)
4(5062 5083 5413 5392)
4(5082 5412 5413 5083)
4(5083 5413 5414 5084)
4(5063 5084 5414 5393)
4(5065 5086 5416 5395)
4(5085 5415 5416 5086)
4(5066 5087 5417 5396)
4(5086 5416 5417 5087)
4(5067 5088 5418 5397)
4(5087 5417 5418 5088)
4(5068 5089 5419 5398)
4(5088 5418 5419 5089)
4(5069 5090 5420 5399)
4(5089 5419 5420 5090)
4(5070 5091 5421 5400)
4(5090 5420 5421 5091)
4(5071 5092 5422 5401)
4(5091 5421 5422 5092)
4(5072 5093 5423 5402)
4(5092 5422 5423 5093)
4(5073 5094 5424 5403)
4(5093 5423 5424 5094)
4(5074 5095 5425 5404)
4(5094 5424 5425 5095)
4(5075 5096 5426 5405)
4(5095 5425 5426 5096)
4(5076 5097 5427 5406)
4(5096 5426 5427 5097)
4(5077 5098 5428 5407)
4(5097 5427 5428 5098)
4(5078 5099 5429 5408)
4(5098 5428 5429 5099)
4(5079 5100 5430 5409)
4(5099 5429 5430 5100)
4(5080 5101 5431 5410)
4(5100 5430 5431 5101)
4(5081 5102 5432 5411)
4(5101 5431 5432 5102)
4(5082 5103 5433 5412)
4(5102 5432 5433 5103)
4(5083 5104 5434 5413)
4(5103 5433 5434 5104)
4(5104 5434 5435 5105)
4(5084 5105 5435 5414)
4(5086 5107 5437 5416)
4(5106 5436 5437 5107)
4(5087 5108 5438 5417)
4(5107 5437 5438 5108)
4(5088 5109 5439 5418)
4(5108 5438 5439 5109)
4(5089 5110 5440 5419)
4(5109 5439 5440 5110)
4(5090 5111 5441 5420)
4(5110 5440 5441 5111)
4(5091 5112 5442 5421)
4(5111 5441 5442 5112)
4(5092 5113 5443 5422)
4(5112 5442 5443 5113)
4(5093 5114 5444 5423)
4(5113 5443 5444 5114)
4(5094 5115 5445 5424)
4(5114 5444 5445 5115)
4(5095 5116 5446 5425)
4(5115 5445 5446 5116)
4(5096 5117 5447 5426)
4(5116 5446 5447 5117)
4(5097 5118 5448 5427)
4(5117 5447 5448 5118)
4(5098 5119 5449 5428)
4(5118 5448 5449 5119)
4(5099 5120 5450 5429)
4(5119 5449 5450 5120)
4(5100 5121 5451 5430)
4(5120 5450 5451 5121)
4(5101 5122 5452 5431)
4(5121 5451 5452 5122)
4(5102 5123 5453 5432)
4(5122 5452 5453 5123)
4(5103 5124 5454 5433)
4(5123 5453 5454 5124)
4(5104 5125 5455 5434)
4(5124 5454 5455 5125)
4(5125 5455 5456 5126)
4(5105 5126 5456 5435)
4(5107 5128 5458 5437)
4(5127 5457 5458 5128)
4(5108 5129 5459 5438)
4(5128 5458 5459 5129)
4(5109 5130 5460 5439)
4(5129 5459 5460 5130)
4(5110 5131 5461 5440)
4(5130 5460 5461 5131)
4(5111 5132 5462 5441)
4(5131 5461 5462 5132)
4(5112 5133 5463 5442)
4(5132 5462 5463 5133)
4(5113 5134 5464 5443)
4(5133 5463 5464 5134)
4(5114 5135 5465 5444)
4(5134 5464 5465 5135)
4(5115 5136 5466 5445)
4(5135 5465 5466 5136)
4(5116 5137 5467 5446)
4(5136 5466 5467 5137)
4(5117 5138 5468 5447)
4(5137 5467 5468 5138)
4(5118 5139 5469 5448)
4(5138 5468 5469 5139)
4(5119 5140 5470 5449)
4(5139 5469 5470 5140)
4(5120 5141 5471 5450)
4(5140 5470 5471 5141)
4(5121 5142 5472 5451)
4(5141 5471 5472 5142)
4(5122 5143 5473 5452)
4(5142 5472 5473 5143)
4(5123 5144 5474 5453)
4(5143 5473 5474 5144)
4(5124 5145 5475 5454)
4(5144 5474 5475 5145)
4(5125 5146 5476 5455)
4(5145 5475 5476 5146)
4(5146 5476 5477 5147)
4(5126 5147 5477 5456)
4(5128 5149 5479 5458)
4(5148 5478 5479 5149)
4(5129 5150 5480 5459)
4(5149 5479 5480 5150)
4(5130 5151 5481 5460)
4(5150 5480 5481 5151)
4(5131 5152 5482 5461)
4(5151 5481 5482 5152)
4(5132 5153 5483 5462)
4(5152 5482 5483 5153)
4(5133 5154 5484 5463)
4(5153 5483 5484 5154)
4(5134 5155 5485 5464)
4(5154 5484 5485 5155)
4(5135 5156 5486 5465)
4(5155 5485 5486 5156)
4(5136 5157 5487 5466)
4(5156 5486 5487 5157)
4(5137 5158 5488 5467)
4(5157 5487 5488 5158)
4(5138 5159 5489 5468)
4(5158 5488 5489 5159)
4(5139 5160 5490 5469)
4(5159 5489 5490 5160)
4(5140 5161 5491 5470)
4(5160 5490 5491 5161)
4(5141 5162 5492 5471)
4(5161 5491 5492 5162)
4(5142 5163 5493 5472)
4(5162 5492 5493 5163)
4(5143 5164 5494 5473)
4(5163 5493 5494 5164)
4(5144 5165 5495 5474)
4(5164 5494 5495 5165)
4(5145 5166 5496 5475)
4(5165 5495 5496 5166)
4(5146 5167 5497 5476)
4(5166 5496 5497 5167)
4(5167 5497 5498 5168)
4(5147 5168 5498 5477)
4(5149 5170 5500 5479)
4(5169 5499 5500 5170)
4(5150 5171 5501 5480)
4(5170 5500 5501 5171)
4(5151 5172 5502 5481)
4(5171 5501 5502 5172)
4(5152 5173 5503 5482)
4(5172 5502 5503 5173)
4(5153 5174 5504 5483)
4(5173 5503 5504 5174)
4(5154 5175 5505 5484)
4(5174 5504 5505 5175)
4(5155 5176 5506 5485)
4(5175 5505 5506 5176)
4(5156 5177 5507 5486)
4(5176 5506 5507 5177)
4(5157 5178 5508 5487)
4(5177 5507 5508 5178)
4(5158 5179 5509 5488)
4(5178 5508 5509 5179)
4(5159 5180 5510 5489)
4(5179 5509 5510 5180)
4(5160 5181 5511 5490)
4(5180 5510 5511 5181)
4(5161 5182 5512 5491)
4(5181 5511 5512 5182)
4(5162 5183 5513 5492)
4(5182 5512 5513 5183)
4(5163 5184 5514 5493)
4(5183 5513 5514 5184)
4(5164 5185 5515 5494)
4(5184 5514 5515 5185)
4(5165 5186 5516 5495)
4(5185 5515 5516 5186)
4(5166 5187 5517 5496)
4(5186 5516 5517 5187)
4(5167 5188 5518 5497)
4(5187 5517 5518 5188)
4(5188 5518 5519 5189)
4(5168 5189 5519 5498)
4(5170 5191 5521 5500)
4(5190 5520 5521 5191)
4(5171 5192 5522 5501)
4(5191 5521 5522 5192)
4(5172 5193 5523 5502)
4(5192 5522 5523 5193)
4(5173 5194 5524 5503)
4(5193 5523 5524 5194)
4(5174 5195 5525 5504)
4(5194 5524 5525 5195)
4(5175 5196 5526 5505)
4(5195 5525 5526 5196)
4(5176 5197 5527 5506)
4(5196 5526 5527 5197)
4(5177 5198 5528 5507)
4(5197 5527 5528 5198)
4(5178 5199 5529 5508)
4(5198 5528 5529 5199)
4(5179 5200 5530 5509)
4(5199 5529 5530 5200)
4(5180 5201 5531 5510)
4(5200 5530 5531 5201)
4(5181 5202 5532 5511)
4(5201 5531 5532 5202)
4(5182 5203 5533 5512)
4(5202 5532 5533 5203)
4(5183 5204 5534 5513)
4(5203 5533 5534 5204)
4(5184 5205 5535 5514)
4(5204 5534 5535 5205)
4(5185 5206 5536 5515)
4(5205 5535 5536 5206)
4(5186 5207 5537 5516)
4(5206 5536 5537 5207)
4(5187 5208 5538 5517)
4(5207 5537 5538 5208)
4(5188 5209 5539 5518)
4(5208 5538 5539 5209)
4(5209 5539 5540 5210)
4(5189 5210 5540 5519)
4(5191 5212 5542 5521)
4(5211 5541 5542 5212)
4(5192 5213 5543 5522)
4(5212 5542 5543 5213)
4(5193 5214 5544 5523)
4(5213 5543 5544 5214)
4(5194 5215 5545 5524)
4(5214 5544 5545 5215)
4(5195 5216 5546 5525)
4(5215 5545 5546 5216)
4(5196 5217 5547 5526)
4(5216 5546 5547 5217)
4(5197 5218 5548 5527)
4(5217 5547 5548 5218)
4(5198 5219 5549 5528)
4(5218 5548 5549 5219)
4(5199 5220 5550 5529)
4(5219 5549 5550 5220)
4(5200 5221 5551 5530)
4(5220 5550 5551 5221)
4(5201 5222 5552 5531)
4(5221 5551 5552 5222)
4(5202 5223 5553 5532)
4(5222 5552 5553 5223)
4(5203 5224 5554 5533)
4(5223 5553 5554 5224)
4(5204 5225 5555 5534)
4(5224 5554 5555 5225)
4(5205 5226 5556 5535)
4(5225 5555 5556 5226)
4(5206 5227 5557 5536)
4(5226 5556 5557 5227)
4(5207 5228 5558 5537)
4(5227 5557 5558 5228)
4(5208 5229 5559 5538)
4(5228 5558 5559 5229)
4(5209 5230 5560 5539)
4(5229 5559 5560 5230)
4(5230 5560 5561 5231)
4(5210 5231 5561 5540)
4(5212 5233 5563 5542)
4(5213 5234 5564 5543)
4(5233 5563 5564 5234)
4(5214 5235 5565 5544)
4(5234 5564 5565 5235)
4(5215 5236 5566 5545)
4(5235 5565 5566 5236)
4(5216 5237 5567 5546)
4(5236 5566 5567 5237)
4(5217 5238 5568 5547)
4(5237 5567 5568 5238)
4(5218 5239 5569 5548)
4(5238 5568 5569 5239)
4(5219 5240 5570 5549)
4(5239 5569 5570 5240)
4(5220 5241 5571 5550)
4(5240 5570 5571 5241)
4(5221 5242 5572 5551)
4(5241 5571 5572 5242)
4(5222 5243 5573 5552)
4(5242 5572 5573 5243)
4(5223 5244 5574 5553)
4(5243 5573 5574 5244)
4(5224 5245 5575 5554)
4(5244 5574 5575 5245)
4(5225 5246 5576 5555)
4(5245 5575 5576 5246)
4(5226 5247 5577 5556)
4(5246 5576 5577 5247)
4(5227 5248 5578 5557)
4(5247 5577 5578 5248)
4(5228 5249 5579 5558)
4(5248 5578 5579 5249)
4(5229 5250 5580 5559)
4(5249 5579 5580 5250)
4(5230 5251 5581 5560)
4(5250 5580 5581 5251)
4(5251 5581 5582 5252)
4(5231 5252 5582 5561)
4(5234 5254 5584 5564)
4(5253 5583 5584 5254)
4(5235 5255 5585 5565)
4(5254 5584 5585 5255)
4(5236 5256 5586 5566)
4(5255 5585 5586 5256)
4(5237 5257 5587 5567)
4(5256 5586 5587 5257)
4(5238 5258 5588 5568)
4(5257 5587 5588 5258)
4(5239 5259 5589 5569)
4(5258 5588 5589 5259)
4(5240 5260 5590 5570)
4(5259 5589 5590 5260)
4(5241 5261 5591 5571)
4(5260 5590 5591 5261)
4(5242 5262 5592 5572)
4(5261 5591 5592 5262)
4(5243 5263 5593 5573)
4(5262 5592 5593 5263)
4(5244 5264 5594 5574)
4(5263 5593 5594 5264)
4(5245 5265 5595 5575)
4(5264 5594 5595 5265)
4(5246 5266 5596 5576)
4(5265 5595 5596 5266)
4(5247 5267 5597 5577)
4(5266 5596 5597 5267)
4(5248 5268 5598 5578)
4(5267 5597 5598 5268)
4(5249 5269 5599 5579)
4(5268 5598 5599 5269)
4(5250 5270 5600 5580)
4(5269 5599 5600 5270)
4(5251 5271 5601 5581)
4(5270 5600 5601 5271)
4(5271 5601 5602 5272)
4(5252 5272 5602 5582)
4(5254 5274 5604 5584)
4(5273 5603 5604 5274)
4(5255 5275 5605 5585)
4(5274 5604 5605 5275)
4(5256 5276 5606 5586)
4(5275 5605 5606 5276)
4(5257 5277 5607 5587)
4(5276 5606 5607 5277)
4(5258 5278 5608 5588)
4(5277 5607 5608 5278)
4(5259 5279 5609 5589)
4(5278 5608 5609 5279)
4(5260 5280 5610 5590)
4(5279 5609 5610 5280)
4(5261 5281 5611 5591)
4(5280 5610 5611 5281)
4(5262 5282 5612 5592)
4(5281 5611 5612 5282)
4(5263 5283 5613 5593)
4(5282 5612 5613 5283)
4(5264 5284 5614 5594)
4(5283 5613 5614 5284)
4(5265 5285 5615 5595)
4(5284 5614 5615 5285)
4(5266 5286 5616 5596)
4(5285 5615 5616 5286)
4(5267 5287 5617 5597)
4(5286 5616 5617 5287)
4(5268 5288 5618 5598)
4(5287 5617 5618 5288)
4(5269 5289 5619 5599)
4(5288 5618 5619 5289)
4(5270 5290 5620 5600)
4(5289 5619 5620 5290)
4(5271 5291 5621 5601)
4(5290 5620 5621 5291)
4(5291 5621 5622 5292)
4(5272 5292 5622 5602)
4(5274 5294 5624 5604)
4(5293 5623 5624 5294)
4(5275 5295 5625 5605)
4(5294 5624 5625 5295)
4(5276 5296 5626 5606)
4(5295 5625 5626 5296)
4(5277 5297 5627 5607)
4(5296 5626 5627 5297)
4(5278 5298 5628 5608)
4(5297 5627 5628 5298)
4(5279 5299 5629 5609)
4(5298 5628 5629 5299)
4(5280 5300 5630 5610)
4(5299 5629 5630 5300)
4(5281 5301 5631 5611)
4(5300 5630 5631 5301)
4(5282 5302 5632 5612)
4(5301 5631 5632 5302)
4(5283 5303 5633 5613)
4(5302 5632 5633 5303)
4(5284 5304 5634 5614)
4(5303 5633 5634 5304)
4(5285 5305 5635 5615)
4(5304 5634 5635 5305)
4(5286 5306 5636 5616)
4(5305 5635 5636 5306)
4(5287 5307 5637 5617)
4(5306 5636 5637 5307)
4(5288 5308 5638 5618)
4(5307 5637 5638 5308)
4(5289 5309 5639 5619)
4(5308 5638 5639 5309)
4(5290 5310 5640 5620)
4(5309 5639 5640 5310)
4(5291 5311 5641 5621)
4(5310 5640 5641 5311)
4(5311 5641 5642 5312)
4(5292 5312 5642 5622)
4(5294 5314 5644 5624)
4(5295 5315 5645 5625)
4(5314 5644 5645 5315)
4(5296 5316 5646 5626)
4(5315 5645 5646 5316)
4(5297 5317 5647 5627)
4(5316 5646 5647 5317)
4(5298 5318 5648 5628)
4(5317 5647 5648 5318)
4(5299 5319 5649 5629)
4(5318 5648 5649 5319)
4(5300 5320 5650 5630)
4(5319 5649 5650 5320)
4(5301 5321 5651 5631)
4(5320 5650 5651 5321)
4(5302 5322 5652 5632)
4(5321 5651 5652 5322)
4(5303 5323 5653 5633)
4(5322 5652 5653 5323)
4(5304 5324 5654 5634)
4(5323 5653 5654 5324)
4(5305 5325 5655 5635)
4(5324 5654 5655 5325)
4(5306 5326 5656 5636)
4(5325 5655 5656 5326)
4(5307 5327 5657 5637)
4(5326 5656 5657 5327)
4(5308 5328 5658 5638)
4(5327 5657 5658 5328)
4(5309 5329 5659 5639)
4(5328 5658 5659 5329)
4(5310 5330 5660 5640)
4(5329 5659 5660 5330)
4(5311 5331 5661 5641)
4(5330 5660 5661 5331)
4(5331 5661 5662 5332)
4(5312 5332 5662 5642)
4(5315 5334 5664 5645)
4(5316 5335 5665 5646)
4(5317 5336 5666 5647)
4(5318 5337 5667 5648)
4(5319 5338 5668 5649)
4(5320 5339 5669 5650)
4(5321 5340 5670 5651)
4(5322 5341 5671 5652)
4(5323 5342 5672 5653)
4(5324 5343 5673 5654)
4(5325 5344 5674 5655)
4(5326 5345 5675 5656)
4(5327 5346 5676 5657)
4(5328 5347 5677 5658)
4(5329 5348 5678 5659)
4(5330 5349 5679 5660)
4(5331 5350 5680 5661)
4(5332 5351 5681 5662)
4(3567 3576 5691 5682)
4(2346 3743 5691 3576)
4(3722 5682 5691 3743)
4(3568 3577 5692 5683)
4(3576 5691 5692 3577)
4(5682 5683 5692 5691)
4(3569 3578 5693 5684)
4(3577 5692 5693 3578)
4(5683 5684 5693 5692)
4(3570 3579 5694 5685)
4(3578 5693 5694 3579)
4(5684 5685 5694 5693)
4(3571 3580 5695 5686)
4(3579 5694 5695 3580)
4(5685 5686 5695 5694)
4(3572 3581 5696 5687)
4(3580 5695 5696 3581)
4(5686 5687 5696 5695)
4(3573 3582 5697 5688)
4(3581 5696 5697 3582)
4(5687 5688 5697 5696)
4(3574 3583 5698 5689)
4(3582 5697 5698 3583)
4(5688 5689 5698 5697)
4(3583 5698 5699 3584)
4(5689 5690 5699 5698)
4(3576 3585 5700 5691)
4(2367 3764 5700 3585)
4(3743 5691 5700 3764)
4(3577 3586 5701 5692)
4(3585 5700 5701 3586)
4(5691 5692 5701 5700)
4(3578 3587 5702 5693)
4(3586 5701 5702 3587)
4(5692 5693 5702 5701)
4(3579 3588 5703 5694)
4(3587 5702 5703 3588)
4(5693 5694 5703 5702)
4(3580 3589 5704 5695)
4(3588 5703 5704 3589)
4(5694 5695 5704 5703)
4(3581 3590 5705 5696)
4(3589 5704 5705 3590)
4(5695 5696 5705 5704)
4(3582 3591 5706 5697)
4(3590 5705 5706 3591)
4(5696 5697 5706 5705)
4(3583 3592 5707 5698)
4(3591 5706 5707 3592)
4(5697 5698 5707 5706)
4(3592 5707 5708 3593)
4(5698 5699 5708 5707)
4(3585 3594 5709 5700)
4(2388 3785 5709 3594)
4(3764 5700 5709 3785)
4(3586 3595 5710 5701)
4(3594 5709 5710 3595)
4(5700 5701 5710 5709)
4(3587 3596 5711 5702)
4(3595 5710 5711 3596)
4(5701 5702 5711 5710)
4(3588 3597 5712 5703)
4(3596 5711 5712 3597)
4(5702 5703 5712 5711)
4(3589 3598 5713 5704)
4(3597 5712 5713 3598)
4(5703 5704 5713 5712)
4(3590 3599 5714 5705)
4(3598 5713 5714 3599)
4(5704 5705 5714 5713)
4(3591 3600 5715 5706)
4(3599 5714 5715 3600)
4(5705 5706 5715 5714)
4(3592 3601 5716 5707)
4(3600 5715 5716 3601)
4(5706 5707 5716 5715)
4(3601 5716 5717 3602)
4(5707 5708 5717 5716)
4(3594 3603 5718 5709)
4(2409 3806 5718 3603)
4(3785 5709 5718 3806)
4(3595 3604 5719 5710)
4(3603 5718 5719 3604)
4(5709 5710 5719 5718)
4(3596 3605 5720 5711)
4(3604 5719 5720 3605)
4(5710 5711 5720 5719)
4(3597 3606 5721 5712)
4(3605 5720 5721 3606)
4(5711 5712 5721 5720)
4(3598 3607 5722 5713)
4(3606 5721 5722 3607)
4(5712 5713 5722 5721)
4(3599 3608 5723 5714)
4(3607 5722 5723 3608)
4(5713 5714 5723 5722)
4(3600 3609 5724 5715)
4(3608 5723 5724 3609)
4(5714 5715 5724 5723)
4(3601 3610 5725 5716)
4(3609 5724 5725 3610)
4(5715 5716 5725 5724)
4(3610 5725 5726 3611)
4(5716 5717 5726 5725)
4(3603 3612 5727 5718)
4(2430 3827 5727 3612)
4(3806 5718 5727 3827)
4(3604 3613 5728 5719)
4(3612 5727 5728 3613)
4(5718 5719 5728 5727)
4(3605 3614 5729 5720)
4(3613 5728 5729 3614)
4(5719 5720 5729 5728)
4(3606 3615 5730 5721)
4(3614 5729 5730 3615)
4(5720 5721 5730 5729)
4(3607 3616 5731 5722)
4(3615 5730 5731 3616)
4(5721 5722 5731 5730)
4(3608 3617 5732 5723)
4(3616 5731 5732 3617)
4(5722 5723 5732 5731)
4(3609 3618 5733 5724)
4(3617 5732 5733 3618)
4(5723 5724 5733 5732)
4(3610 3619 5734 5725)
4(3618 5733 5734 3619)
4(5724 5725 5734 5733)
4(3619 5734 5735 3620)
4(5725 5726 5735 5734)
4(3612 3621 5736 5727)
4(2451 3848 5736 3621)
4(3827 5727 5736 3848)
4(3613 3622 5737 5728)
4(3621 5736 5737 3622)
4(5727 5728 5737 5736)
4(3614 3623 5738 5729)
4(3622 5737 5738 3623)
4(5728 5729 5738 5737)
4(3615 3624 5739 5730)
4(3623 5738 5739 3624)
4(5729 5730 5739 5738)
4(3616 3625 5740 5731)
4(3624 5739 5740 3625)
4(5730 5731 5740 5739)
4(3617 3626 5741 5732)
4(3625 5740 5741 3626)
4(5731 5732 5741 5740)
4(3618 3627 5742 5733)
4(3626 5741 5742 3627)
4(5732 5733 5742 5741)
4(3619 3628 5743 5734)
4(3627 5742 5743 3628)
4(5733 5734 5743 5742)
4(5734 5735 5744 5743)
4(3621 3630 5745 5736)
4(2472 3869 5745 3630)
4(3848 5736 5745 3869)
4(3622 3631 5746 5737)
4(3630 5745 5746 3631)
4(5736 5737 5746 5745)
4(3623 3632 5747 5738)
4(3631 5746 5747 3632)
4(5737 5738 5747 5746)
4(3624 3633 5748 5739)
4(3632 5747 5748 3633)
4(5738 5739 5748 5747)
4(3625 3634 5749 5740)
4(3633 5748 5749 3634)
4(5739 5740 5749 5748)
4(3626 3635 5750 5741)
4(3634 5749 5750 3635)
4(5740 5741 5750 5749)
4(3627 3636 5751 5742)
4(3635 5750 5751 3636)
4(5741 5742 5751 5750)
4(3636 5751 5752 3637)
4(5742 5743 5752 5751)
4(3630 3638 5753 5745)
4(2493 3890 5753 3638)
4(3869 5745 5753 3890)
4(3631 3639 5754 5746)
4(3638 5753 5754 3639)
4(5745 5746 5754 5753)
4(3632 3640 5755 5747)
4(3639 5754 5755 3640)
4(5746 5747 5755 5754)
4(3633 3641 5756 5748)
4(3640 5755 5756 3641)
4(5747 5748 5756 5755)
4(3634 3642 5757 5749)
4(3641 5756 5757 3642)
4(5748 5749 5757 5756)
4(3635 3643 5758 5750)
4(3642 5757 5758 3643)
4(5749 5750 5758 5757)
4(3636 3644 5759 5751)
4(3643 5758 5759 3644)
4(5750 5751 5759 5758)
4(3644 5759 5760 3645)
4(5751 5752 5760 5759)
4(3638 3646 5761 5753)
4(2514 3911 5761 3646)
4(3890 5753 5761 3911)
4(3639 3647 5762 5754)
4(3646 5761 5762 3647)
4(5753 5754 5762 5761)
4(3640 3648 5763 5755)
4(3647 5762 5763 3648)
4(5754 5755 5763 5762)
4(3641 3649 5764 5756)
4(3648 5763 5764 3649)
4(5755 5756 5764 5763)
4(3642 3650 5765 5757)
4(3649 5764 5765 3650)
4(5756 5757 5765 5764)
4(3643 3651 5766 5758)
4(3650 5765 5766 3651)
4(5757 5758 5766 5765)
4(3644 3652 5767 5759)
4(3651 5766 5767 3652)
4(5758 5759 5767 5766)
4(3652 5767 5768 3653)
4(5759 5760 5768 5767)
4(3646 3654 5769 5761)
4(2535 3932 5769 3654)
4(3911 5761 5769 3932)
4(3647 3655 5770 5762)
4(3654 5769 5770 3655)
4(5761 5762 5770 5769)
4(3648 3656 5771 5763)
4(3655 5770 5771 3656)
4(5762 5763 5771 5770)
4(3649 3657 5772 5764)
4(3656 5771 5772 3657)
4(5763 5764 5772 5771)
4(3650 3658 5773 5765)
4(3657 5772 5773 3658)
4(5764 5765 5773 5772)
4(3651 3659 5774 5766)
4(3658 5773 5774 3659)
4(5765 5766 5774 5773)
4(3652 3660 5775 5767)
4(3659 5774 5775 3660)
4(5766 5767 5775 5774)
4(3660 5775 5776 3661)
4(5767 5768 5776 5775)
4(3654 3662 5777 5769)
4(2555 3952 5777 3662)
4(3932 5769 5777 3952)
4(3655 3663 5778 5770)
4(3662 5777 5778 3663)
4(5769 5770 5778 5777)
4(3656 3664 5779 5771)
4(3663 5778 5779 3664)
4(5770 5771 5779 5778)
4(3657 3665 5780 5772)
4(3664 5779 5780 3665)
4(5771 5772 5780 5779)
4(3658 3666 5781 5773)
4(3665 5780 5781 3666)
4(5772 5773 5781 5780)
4(3659 3667 5782 5774)
4(3666 5781 5782 3667)
4(5773 5774 5782 5781)
4(3660 3668 5783 5775)
4(3667 5782 5783 3668)
4(5774 5775 5783 5782)
4(3668 5783 5784 3669)
4(5775 5776 5784 5783)
4(3662 3670 5785 5777)
4(2575 3972 5785 3670)
4(3952 5777 5785 3972)
4(3663 3671 5786 5778)
4(3670 5785 5786 3671)
4(5777 5778 5786 5785)
4(3664 3672 5787 5779)
4(3671 5786 5787 3672)
4(5778 5779 5787 5786)
4(3665 3673 5788 5780)
4(3672 5787 5788 3673)
4(5779 5780 5788 5787)
4(3666 3674 5789 5781)
4(3673 5788 5789 3674)
4(5780 5781 5789 5788)
4(3667 3675 5790 5782)
4(3674 5789 5790 3675)
4(5781 5782 5790 5789)
4(3668 3676 5791 5783)
4(3675 5790 5791 3676)
4(5782 5783 5791 5790)
4(3676 5791 5792 3677)
4(5783 5784 5792 5791)
4(3670 3678 5793 5785)
4(2595 3992 5793 3678)
4(3972 5785 5793 3992)
4(3671 3679 5794 5786)
4(3678 5793 5794 3679)
4(5785 5786 5794 5793)
4(3672 3680 5795 5787)
4(3679 5794 5795 3680)
4(5786 5787 5795 5794)
4(3673 3681 5796 5788)
4(3680 5795 5796 3681)
4(5787 5788 5796 5795)
4(3674 3682 5797 5789)
4(3681 5796 5797 3682)
4(5788 5789 5797 5796)
4(3675 3683 5798 5790)
4(3682 5797 5798 3683)
4(5789 5790 5798 5797)
4(3676 3684 5799 5791)
4(3683 5798 5799 3684)
4(5790 5791 5799 5798)
4(3684 5799 5800 3685)
4(5791 5792 5800 5799)
4(3678 3686 5801 5793)
4(2615 4012 5801 3686)
4(3992 5793 5801 4012)
4(3679 3687 5802 5794)
4(3686 5801 5802 3687)
4(5793 5794 5802 5801)
4(3680 3688 5803 5795)
4(3687 5802 5803 3688)
4(5794 5795 5803 5802)
4(3681 3689 5804 5796)
4(3688 5803 5804 3689)
4(5795 5796 5804 5803)
4(3682 3690 5805 5797)
4(3689 5804 5805 3690)
4(5796 5797 5805 5804)
4(3683 3691 5806 5798)
4(3690 5805 5806 3691)
4(5797 5798 5806 5805)
4(3684 3692 5807 5799)
4(3691 5806 5807 3692)
4(5798 5799 5807 5806)
4(3692 5807 5808 3693)
4(5799 5800 5808 5807)
4(3686 3694 5809 5801)
4(4012 5801 5809 4031)
4(3687 3695 5810 5802)
4(5801 5802 5810 5809)
4(3688 3696 5811 5803)
4(5802 5803 5811 5810)
4(3689 3697 5812 5804)
4(5803 5804 5812 5811)
4(3690 3698 5813 5805)
4(5804 5805 5813 5812)
4(3691 3699 5814 5806)
4(5805 5806 5814 5813)
4(3692 3700 5815 5807)
4(5806 5807 5815 5814)
4(5807 5808 5816 5815)
4(5682 5691 5826 5817)
4(3743 4073 5826 5691)
4(4052 5817 5826 4073)
4(5683 5692 5827 5818)
4(5691 5826 5827 5692)
4(5817 5818 5827 5826)
4(5684 5693 5828 5819)
4(5692 5827 5828 5693)
4(5818 5819 5828 5827)
4(5685 5694 5829 5820)
4(5693 5828 5829 5694)
4(5819 5820 5829 5828)
4(5686 5695 5830 5821)
4(5694 5829 5830 5695)
4(5820 5821 5830 5829)
4(5687 5696 5831 5822)
4(5695 5830 5831 5696)
4(5821 5822 5831 5830)
4(5688 5697 5832 5823)
4(5696 5831 5832 5697)
4(5822 5823 5832 5831)
4(5689 5698 5833 5824)
4(5697 5832 5833 5698)
4(5823 5824 5833 5832)
4(5698 5833 5834 5699)
4(5824 5825 5834 5833)
4(5691 5700 5835 5826)
4(3764 4094 5835 5700)
4(4073 5826 5835 4094)
4(5692 5701 5836 5827)
4(5700 5835 5836 5701)
4(5826 5827 5836 5835)
4(5693 5702 5837 5828)
4(5701 5836 5837 5702)
4(5827 5828 5837 5836)
4(5694 5703 5838 5829)
4(5702 5837 5838 5703)
4(5828 5829 5838 5837)
4(5695 5704 5839 5830)
4(5703 5838 5839 5704)
4(5829 5830 5839 5838)
4(5696 5705 5840 5831)
4(5704 5839 5840 5705)
4(5830 5831 5840 5839)
4(5697 5706 5841 5832)
4(5705 5840 5841 5706)
4(5831 5832 5841 5840)
4(5698 5707 5842 5833)
4(5706 5841 5842 5707)
4(5832 5833 5842 5841)
4(5707 5842 5843 5708)
4(5833 5834 5843 5842)
4(5700 5709 5844 5835)
4(3785 4115 5844 5709)
4(4094 5835 5844 4115)
4(5701 5710 5845 5836)
4(5709 5844 5845 5710)
4(5835 5836 5845 5844)
4(5702 5711 5846 5837)
4(5710 5845 5846 5711)
4(5836 5837 5846 5845)
4(5703 5712 5847 5838)
4(5711 5846 5847 5712)
4(5837 5838 5847 5846)
4(5704 5713 5848 5839)
4(5712 5847 5848 5713)
4(5838 5839 5848 5847)
4(5705 5714 5849 5840)
4(5713 5848 5849 5714)
4(5839 5840 5849 5848)
4(5706 5715 5850 5841)
4(5714 5849 5850 5715)
4(5840 5841 5850 5849)
4(5707 5716 5851 5842)
4(5715 5850 5851 5716)
4(5841 5842 5851 5850)
4(5716 5851 5852 5717)
4(5842 5843 5852 5851)
4(5709 5718 5853 5844)
4(3806 4136 5853 5718)
4(4115 5844 5853 4136)
4(5710 5719 5854 5845)
4(5718 5853 5854 5719)
4(5844 5845 5854 5853)
4(5711 5720 5855 5846)
4(5719 5854 5855 5720)
4(5845 5846 5855 5854)
4(5712 5721 5856 5847)
4(5720 5855 5856 5721)
4(5846 5847 5856 5855)
4(5713 5722 5857 5848)
4(5721 5856 5857 5722)
4(5847 5848 5857 5856)
4(5714 5723 5858 5849)
4(5722 5857 5858 5723)
4(5848 5849 5858 5857)
4(5715 5724 5859 5850)
4(5723 5858 5859 5724)
4(5849 5850 5859 5858)
4(5716 5725 5860 5851)
4(5724 5859 5860 5725)
4(5850 5851 5860 5859)
4(5725 5860 5861 5726)
4(5851 5852 5861 5860)
4(5718 5727 5862 5853)
4(3827 4157 5862 5727)
4(4136 5853 5862 4157)
4(5719 5728 5863 5854)
4(5727 5862 5863 5728)
4(5853 5854 5863 5862)
4(5720 5729 5864 5855)
4(5728 5863 5864 5729)
4(5854 5855 5864 5863)
4(5721 5730 5865 5856)
4(5729 5864 5865 5730)
4(5855 5856 5865 5864)
4(5722 5731 5866 5857)
4(5730 5865 5866 5731)
4(5856 5857 5866 5865)
4(5723 5732 5867 5858)
4(5731 5866 5867 5732)
4(5857 5858 5867 5866)
4(5724 5733 5868 5859)
4(5732 5867 5868 5733)
4(5858 5859 5868 5867)
4(5725 5734 5869 5860)
4(5733 5868 5869 5734)
4(5859 5860 5869 5868)
4(5734 5869 5870 5735)
4(5860 5861 5870 5869)
4(5727 5736 5871 5862)
4(3848 4178 5871 5736)
4(4157 5862 5871 4178)
4(5728 5737 5872 5863)
4(5736 5871 5872 5737)
4(5862 5863 5872 5871)
4(5729 5738 5873 5864)
4(5737 5872 5873 5738)
4(5863 5864 5873 5872)
4(5730 5739 5874 5865)
4(5738 5873 5874 5739)
4(5864 5865 5874 5873)
4(5731 5740 5875 5866)
4(5739 5874 5875 5740)
4(5865 5866 5875 5874)
4(5732 5741 5876 5867)
4(5740 5875 5876 5741)
4(5866 5867 5876 5875)
4(5733 5742 5877 5868)
4(5741 5876 5877 5742)
4(5867 5868 5877 5876)
4(5734 5743 5878 5869)
4(5742 5877 5878 5743)
4(5868 5869 5878 5877)
4(5869 5870 5879 5878)
4(5736 5745 5880 5871)
4(3869 4199 5880 5745)
4(4178 5871 5880 4199)
4(5737 5746 5881 5872)
4(5745 5880 5881 5746)
4(5871 5872 5881 5880)
4(5738 5747 5882 5873)
4(5746 5881 5882 5747)
4(5872 5873 5882 5881)
4(5739 5748 5883 5874)
4(5747 5882 5883 5748)
4(5873 5874 5883 5882)
4(5740 5749 5884 5875)
4(5748 5883 5884 5749)
4(5874 5875 5884 5883)
4(5741 5750 5885 5876)
4(5749 5884 5885 5750)
4(5875 5876 5885 5884)
4(5742 5751 5886 5877)
4(5750 5885 5886 5751)
4(5876 5877 5886 5885)
4(5751 5886 5887 5752)
4(5877 5878 5887 5886)
4(5745 5753 5888 5880)
4(3890 4220 5888 5753)
4(4199 5880 5888 4220)
4(5746 5754 5889 5881)
4(5753 5888 5889 5754)
4(5880 5881 5889 5888)
4(5747 5755 5890 5882)
4(5754 5889 5890 5755)
4(5881 5882 5890 5889)
4(5748 5756 5891 5883)
4(5755 5890 5891 5756)
4(5882 5883 5891 5890)
4(5749 5757 5892 5884)
4(5756 5891 5892 5757)
4(5883 5884 5892 5891)
4(5750 5758 5893 5885)
4(5757 5892 5893 5758)
4(5884 5885 5893 5892)
4(5751 5759 5894 5886)
4(5758 5893 5894 5759)
4(5885 5886 5894 5893)
4(5759 5894 5895 5760)
4(5886 5887 5895 5894)
4(5753 5761 5896 5888)
4(3911 4241 5896 5761)
4(4220 5888 5896 4241)
4(5754 5762 5897 5889)
4(5761 5896 5897 5762)
4(5888 5889 5897 5896)
4(5755 5763 5898 5890)
4(5762 5897 5898 5763)
4(5889 5890 5898 5897)
4(5756 5764 5899 5891)
4(5763 5898 5899 5764)
4(5890 5891 5899 5898)
4(5757 5765 5900 5892)
4(5764 5899 5900 5765)
4(5891 5892 5900 5899)
4(5758 5766 5901 5893)
4(5765 5900 5901 5766)
4(5892 5893 5901 5900)
4(5759 5767 5902 5894)
4(5766 5901 5902 5767)
4(5893 5894 5902 5901)
4(5767 5902 5903 5768)
4(5894 5895 5903 5902)
4(5761 5769 5904 5896)
4(3932 4262 5904 5769)
4(4241 5896 5904 4262)
4(5762 5770 5905 5897)
4(5769 5904 5905 5770)
4(5896 5897 5905 5904)
4(5763 5771 5906 5898)
4(5770 5905 5906 5771)
4(5897 5898 5906 5905)
4(5764 5772 5907 5899)
4(5771 5906 5907 5772)
4(5898 5899 5907 5906)
4(5765 5773 5908 5900)
4(5772 5907 5908 5773)
4(5899 5900 5908 5907)
4(5766 5774 5909 5901)
4(5773 5908 5909 5774)
4(5900 5901 5909 5908)
4(5767 5775 5910 5902)
4(5774 5909 5910 5775)
4(5901 5902 5910 5909)
4(5775 5910 5911 5776)
4(5902 5903 5911 5910)
4(5769 5777 5912 5904)
4(3952 4282 5912 5777)
4(4262 5904 5912 4282)
4(5770 5778 5913 5905)
4(5777 5912 5913 5778)
4(5904 5905 5913 5912)
4(5771 5779 5914 5906)
4(5778 5913 5914 5779)
4(5905 5906 5914 5913)
4(5772 5780 5915 5907)
4(5779 5914 5915 5780)
4(5906 5907 5915 5914)
4(5773 5781 5916 5908)
4(5780 5915 5916 5781)
4(5907 5908 5916 5915)
4(5774 5782 5917 5909)
4(5781 5916 5917 5782)
4(5908 5909 5917 5916)
4(5775 5783 5918 5910)
4(5782 5917 5918 5783)
4(5909 5910 5918 5917)
4(5783 5918 5919 5784)
4(5910 5911 5919 5918)
4(5777 5785 5920 5912)
4(3972 4302 5920 5785)
4(4282 5912 5920 4302)
4(5778 5786 5921 5913)
4(5785 5920 5921 5786)
4(5912 5913 5921 5920)
4(5779 5787 5922 5914)
4(5786 5921 5922 5787)
4(5913 5914 5922 5921)
4(5780 5788 5923 5915)
4(5787 5922 5923 5788)
4(5914 5915 5923 5922)
4(5781 5789 5924 5916)
4(5788 5923 5924 5789)
4(5915 5916 5924 5923)
4(5782 5790 5925 5917)
4(5789 5924 5925 5790)
4(5916 5917 5925 5924)
4(5783 5791 5926 5918)
4(5790 5925 5926 5791)
4(5917 5918 5926 5925)
4(5791 5926 5927 5792)
4(5918 5919 5927 5926)
4(5785 5793 5928 5920)
4(3992 4322 5928 5793)
4(4302 5920 5928 4322)
4(5786 5794 5929 5921)
4(5793 5928 5929 5794)
4(5920 5921 5929 5928)
4(5787 5795 5930 5922)
4(5794 5929 5930 5795)
4(5921 5922 5930 5929)
4(5788 5796 5931 5923)
4(5795 5930 5931 5796)
4(5922 5923 5931 5930)
4(5789 5797 5932 5924)
4(5796 5931 5932 5797)
4(5923 5924 5932 5931)
4(5790 5798 5933 5925)
4(5797 5932 5933 5798)
4(5924 5925 5933 5932)
4(5791 5799 5934 5926)
4(5798 5933 5934 5799)
4(5925 5926 5934 5933)
4(5799 5934 5935 5800)
4(5926 5927 5935 5934)
4(5793 5801 5936 5928)
4(4012 4342 5936 5801)
4(4322 5928 5936 4342)
4(5794 5802 5937 5929)
4(5801 5936 5937 5802)
4(5928 5929 5937 5936)
4(5795 5803 5938 5930)
4(5802 5937 5938 5803)
4(5929 5930 5938 5937)
4(5796 5804 5939 5931)
4(5803 5938 5939 5804)
4(5930 5931 5939 5938)
4(5797 5805 5940 5932)
4(5804 5939 5940 5805)
4(5931 5932 5940 5939)
4(5798 5806 5941 5933)
4(5805 5940 5941 5806)
4(5932 5933 5941 5940)
4(5799 5807 5942 5934)
4(5806 5941 5942 5807)
4(5933 5934 5942 5941)
4(5807 5942 5943 5808)
4(5934 5935 5943 5942)
4(5801 5809 5944 5936)
4(4342 5936 5944 4361)
4(5802 5810 5945 5937)
4(5936 5937 5945 5944)
4(5803 5811 5946 5938)
4(5937 5938 5946 5945)
4(5804 5812 5947 5939)
4(5938 5939 5947 5946)
4(5805 5813 5948 5940)
4(5939 5940 5948 5947)
4(5806 5814 5949 5941)
4(5940 5941 5949 5948)
4(5807 5815 5950 5942)
4(5941 5942 5950 5949)
4(5942 5943 5951 5950)
4(5817 5826 5961 5952)
4(4073 4403 5961 5826)
4(4382 5952 5961 4403)
4(5818 5827 5962 5953)
4(5826 5961 5962 5827)
4(5952 5953 5962 5961)
4(5819 5828 5963 5954)
4(5827 5962 5963 5828)
4(5953 5954 5963 5962)
4(5820 5829 5964 5955)
4(5828 5963 5964 5829)
4(5954 5955 5964 5963)
4(5821 5830 5965 5956)
4(5829 5964 5965 5830)
4(5955 5956 5965 5964)
4(5822 5831 5966 5957)
4(5830 5965 5966 5831)
4(5956 5957 5966 5965)
4(5823 5832 5967 5958)
4(5831 5966 5967 5832)
4(5957 5958 5967 5966)
4(5824 5833 5968 5959)
4(5832 5967 5968 5833)
4(5958 5959 5968 5967)
4(5833 5968 5969 5834)
4(5959 5960 5969 5968)
4(5826 5835 5970 5961)
4(4094 4424 5970 5835)
4(4403 5961 5970 4424)
4(5827 5836 5971 5962)
4(5835 5970 5971 5836)
4(5961 5962 5971 5970)
4(5828 5837 5972 5963)
4(5836 5971 5972 5837)
4(5962 5963 5972 5971)
4(5829 5838 5973 5964)
4(5837 5972 5973 5838)
4(5963 5964 5973 5972)
4(5830 5839 5974 5965)
4(5838 5973 5974 5839)
4(5964 5965 5974 5973)
4(5831 5840 5975 5966)
4(5839 5974 5975 5840)
4(5965 5966 5975 5974)
4(5832 5841 5976 5967)
4(5840 5975 5976 5841)
4(5966 5967 5976 5975)
4(5833 5842 5977 5968)
4(5841 5976 5977 5842)
4(5967 5968 5977 5976)
4(5842 5977 5978 5843)
4(5968 5969 5978 5977)
4(5835 5844 5979 5970)
4(4115 4445 5979 5844)
4(4424 5970 5979 4445)
4(5836 5845 5980 5971)
4(5844 5979 5980 5845)
4(5970 5971 5980 5979)
4(5837 5846 5981 5972)
4(5845 5980 5981 5846)
4(5971 5972 5981 5980)
4(5838 5847 5982 5973)
4(5846 5981 5982 5847)
4(5972 5973 5982 5981)
4(5839 5848 5983 5974)
4(5847 5982 5983 5848)
4(5973 5974 5983 5982)
4(5840 5849 5984 5975)
4(5848 5983 5984 5849)
4(5974 5975 5984 5983)
4(5841 5850 5985 5976)
4(5849 5984 5985 5850)
4(5975 5976 5985 5984)
4(5842 5851 5986 5977)
4(5850 5985 5986 5851)
4(5976 5977 5986 5985)
4(5851 5986 5987 5852)
4(5977 5978 5987 5986)
4(5844 5853 5988 5979)
4(4136 4466 5988 5853)
4(4445 5979 5988 4466)
4(5845 5854 5989 5980)
4(5853 5988 5989 5854)
4(5979 5980 5989 5988)
4(5846 5855 5990 5981)
4(5854 5989 5990 5855)
4(5980 5981 5990 5989)
4(5847 5856 5991 5982)
4(5855 5990 5991 5856)
4(5981 5982 5991 5990)
4(5848 5857 5992 5983)
4(5856 5991 5992 5857)
4(5982 5983 5992 5991)
4(5849 5858 5993 5984)
4(5857 5992 5993 5858)
4(5983 5984 5993 5992)
4(5850 5859 5994 5985)
4(5858 5993 5994 5859)
4(5984 5985 5994 5993)
4(5851 5860 5995 5986)
4(5859 5994 5995 5860)
4(5985 5986 5995 5994)
4(5860 5995 5996 5861)
4(5986 5987 5996 5995)
4(5853 5862 5997 5988)
4(4157 4487 5997 5862)
4(4466 5988 5997 4487)
4(5854 5863 5998 5989)
4(5862 5997 5998 5863)
4(5988 5989 5998 5997)
4(5855 5864 5999 5990)
4(5863 5998 5999 5864)
4(5989 5990 5999 5998)
4(5856 5865 6000 5991)
4(5864 5999 6000 5865)
4(5990 5991 6000 5999)
4(5857 5866 6001 5992)
4(5865 6000 6001 5866)
4(5991 5992 6001 6000)
4(5858 5867 6002 5993)
4(5866 6001 6002 5867)
4(5992 5993 6002 6001)
4(5859 5868 6003 5994)
4(5867 6002 6003 5868)
4(5993 5994 6003 6002)
4(5860 5869 6004 5995)
4(5868 6003 6004 5869)
4(5994 5995 6004 6003)
4(5869 6004 6005 5870)
4(5995 5996 6005 6004)
4(5862 5871 6006 5997)
4(4178 4508 6006 5871)
4(4487 5997 6006 4508)
4(5863 5872 6007 5998)
4(5871 6006 6007 5872)
4(5997 5998 6007 6006)
4(5864 5873 6008 5999)
4(5872 6007 6008 5873)
4(5998 5999 6008 6007)
4(5865 5874 6009 6000)
4(5873 6008 6009 5874)
4(5999 6000 6009 6008)
4(5866 5875 6010 6001)
4(5874 6009 6010 5875)
4(6000 6001 6010 6009)
4(5867 5876 6011 6002)
4(5875 6010 6011 5876)
4(6001 6002 6011 6010)
4(5868 5877 6012 6003)
4(5876 6011 6012 5877)
4(6002 6003 6012 6011)
4(5869 5878 6013 6004)
4(5877 6012 6013 5878)
4(6003 6004 6013 6012)
4(6004 6005 6014 6013)
4(5871 5880 6015 6006)
4(4199 4529 6015 5880)
4(4508 6006 6015 4529)
4(5872 5881 6016 6007)
4(5880 6015 6016 5881)
4(6006 6007 6016 6015)
4(5873 5882 6017 6008)
4(5881 6016 6017 5882)
4(6007 6008 6017 6016)
4(5874 5883 6018 6009)
4(5882 6017 6018 5883)
4(6008 6009 6018 6017)
4(5875 5884 6019 6010)
4(5883 6018 6019 5884)
4(6009 6010 6019 6018)
4(5876 5885 6020 6011)
4(5884 6019 6020 5885)
4(6010 6011 6020 6019)
4(5877 5886 6021 6012)
4(5885 6020 6021 5886)
4(6011 6012 6021 6020)
4(5886 6021 6022 5887)
4(6012 6013 6022 6021)
4(5880 5888 6024 6015)
4(4220 4550 6024 5888)
4(4529 6015 6024 4550)
4(5881 5889 6025 6016)
4(5888 6024 6025 5889)
4(6015 6016 6025 6024)
4(5882 5890 6026 6017)
4(5889 6025 6026 5890)
4(6016 6017 6026 6025)
4(5883 5891 6027 6018)
4(5890 6026 6027 5891)
4(6017 6018 6027 6026)
4(5884 5892 6028 6019)
4(5891 6027 6028 5892)
4(6018 6019 6028 6027)
4(5885 5893 6029 6020)
4(5892 6028 6029 5893)
4(6019 6020 6029 6028)
4(5886 5894 6030 6021)
4(5893 6029 6030 5894)
4(6020 6021 6030 6029)
4(5894 6030 6031 5895)
4(6021 6022 6031 6030)
4(5888 5896 6033 6024)
4(4241 4571 6033 5896)
4(4550 6024 6033 4571)
4(5889 5897 6034 6025)
4(5896 6033 6034 5897)
4(6024 6025 6034 6033)
4(5890 5898 6035 6026)
4(5897 6034 6035 5898)
4(6025 6026 6035 6034)
4(5891 5899 6036 6027)
4(5898 6035 6036 5899)
4(6026 6027 6036 6035)
4(5892 5900 6037 6028)
4(5899 6036 6037 5900)
4(6027 6028 6037 6036)
4(5893 5901 6038 6029)
4(5900 6037 6038 5901)
4(6028 6029 6038 6037)
4(5894 5902 6039 6030)
4(5901 6038 6039 5902)
4(6029 6030 6039 6038)
4(5902 6039 6040 5903)
4(6030 6031 6040 6039)
4(5896 5904 6042 6033)
4(4262 4592 6042 5904)
4(4571 6033 6042 4592)
4(5897 5905 6043 6034)
4(5904 6042 6043 5905)
4(6033 6034 6043 6042)
4(5898 5906 6044 6035)
4(5905 6043 6044 5906)
4(6034 6035 6044 6043)
4(5899 5907 6045 6036)
4(5906 6044 6045 5907)
4(6035 6036 6045 6044)
4(5900 5908 6046 6037)
4(5907 6045 6046 5908)
4(6036 6037 6046 6045)
4(5901 5909 6047 6038)
4(5908 6046 6047 5909)
4(6037 6038 6047 6046)
4(5902 5910 6048 6039)
4(5909 6047 6048 5910)
4(6038 6039 6048 6047)
4(5910 6048 6049 5911)
4(6039 6040 6049 6048)
4(5904 5912 6051 6042)
4(4282 4612 6051 5912)
4(4592 6042 6051 4612)
4(5905 5913 6052 6043)
4(5912 6051 6052 5913)
4(6042 6043 6052 6051)
4(5906 5914 6053 6044)
4(5913 6052 6053 5914)
4(6043 6044 6053 6052)
4(5907 5915 6054 6045)
4(5914 6053 6054 5915)
4(6044 6045 6054 6053)
4(5908 5916 6055 6046)
4(5915 6054 6055 5916)
4(6045 6046 6055 6054)
4(5909 5917 6056 6047)
4(5916 6055 6056 5917)
4(6046 6047 6056 6055)
4(5910 5918 6057 6048)
4(5917 6056 6057 5918)
4(6047 6048 6057 6056)
4(5918 6057 6058 5919)
4(6048 6049 6058 6057)
4(5912 5920 6060 6051)
4(4302 4632 6060 5920)
4(4612 6051 6060 4632)
4(5913 5921 6061 6052)
4(5920 6060 6061 5921)
4(6051 6052 6061 6060)
4(5914 5922 6062 6053)
4(5921 6061 6062 5922)
4(6052 6053 6062 6061)
4(5915 5923 6063 6054)
4(5922 6062 6063 5923)
4(6053 6054 6063 6062)
4(5916 5924 6064 6055)
4(5923 6063 6064 5924)
4(6054 6055 6064 6063)
4(5917 5925 6065 6056)
4(5924 6064 6065 5925)
4(6055 6056 6065 6064)
4(5918 5926 6066 6057)
4(5925 6065 6066 5926)
4(6056 6057 6066 6065)
4(5926 6066 6067 5927)
4(6057 6058 6067 6066)
4(5920 5928 6069 6060)
4(4322 4652 6069 5928)
4(4632 6060 6069 4652)
4(5921 5929 6070 6061)
4(5928 6069 6070 5929)
4(6060 6061 6070 6069)
4(5922 5930 6071 6062)
4(5929 6070 6071 5930)
4(6061 6062 6071 6070)
4(5923 5931 6072 6063)
4(5930 6071 6072 5931)
4(6062 6063 6072 6071)
4(5924 5932 6073 6064)
4(5931 6072 6073 5932)
4(6063 6064 6073 6072)
4(5925 5933 6074 6065)
4(5932 6073 6074 5933)
4(6064 6065 6074 6073)
4(5926 5934 6075 6066)
4(5933 6074 6075 5934)
4(6065 6066 6075 6074)
4(5934 6075 6076 5935)
4(6066 6067 6076 6075)
4(5928 5936 6078 6069)
4(4342 4672 6078 5936)
4(4652 6069 6078 4672)
4(5929 5937 6079 6070)
4(5936 6078 6079 5937)
4(6069 6070 6079 6078)
4(5930 5938 6080 6071)
4(5937 6079 6080 5938)
4(6070 6071 6080 6079)
4(5931 5939 6081 6072)
4(5938 6080 6081 5939)
4(6071 6072 6081 6080)
4(5932 5940 6082 6073)
4(5939 6081 6082 5940)
4(6072 6073 6082 6081)
4(5933 5941 6083 6074)
4(5940 6082 6083 5941)
4(6073 6074 6083 6082)
4(5934 5942 6084 6075)
4(5941 6083 6084 5942)
4(6074 6075 6084 6083)
4(5942 6084 6085 5943)
4(6075 6076 6085 6084)
4(5936 5944 6087 6078)
4(4672 6078 6087 4691)
4(5937 5945 6088 6079)
4(6078 6079 6088 6087)
4(5938 5946 6089 6080)
4(6079 6080 6089 6088)
4(5939 5947 6090 6081)
4(6080 6081 6090 6089)
4(5940 5948 6091 6082)
4(6081 6082 6091 6090)
4(5941 5949 6092 6083)
4(6082 6083 6092 6091)
4(5942 5950 6093 6084)
4(6083 6084 6093 6092)
4(6084 6085 6094 6093)
4(5952 5961 6105 6096)
4(4403 4733 6105 5961)
4(4712 6096 6105 4733)
4(5953 5962 6106 6097)
4(5961 6105 6106 5962)
4(6096 6097 6106 6105)
4(5954 5963 6107 6098)
4(5962 6106 6107 5963)
4(6097 6098 6107 6106)
4(5955 5964 6108 6099)
4(5963 6107 6108 5964)
4(6098 6099 6108 6107)
4(5956 5965 6109 6100)
4(5964 6108 6109 5965)
4(6099 6100 6109 6108)
4(5957 5966 6110 6101)
4(5965 6109 6110 5966)
4(6100 6101 6110 6109)
4(5958 5967 6111 6102)
4(5966 6110 6111 5967)
4(6101 6102 6111 6110)
4(5959 5968 6112 6103)
4(5967 6111 6112 5968)
4(6102 6103 6112 6111)
4(5968 6112 6113 5969)
4(6103 6104 6113 6112)
4(5961 5970 6114 6105)
4(4424 4754 6114 5970)
4(4733 6105 6114 4754)
4(5962 5971 6115 6106)
4(5970 6114 6115 5971)
4(6105 6106 6115 6114)
4(5963 5972 6116 6107)
4(5971 6115 6116 5972)
4(6106 6107 6116 6115)
4(5964 5973 6117 6108)
4(5972 6116 6117 5973)
4(6107 6108 6117 6116)
4(5965 5974 6118 6109)
4(5973 6117 6118 5974)
4(6108 6109 6118 6117)
4(5966 5975 6119 6110)
4(5974 6118 6119 5975)
4(6109 6110 6119 6118)
4(5967 5976 6120 6111)
4(5975 6119 6120 5976)
4(6110 6111 6120 6119)
4(5968 5977 6121 6112)
4(5976 6120 6121 5977)
4(6111 6112 6121 6120)
4(5977 6121 6122 5978)
4(6112 6113 6122 6121)
4(5970 5979 6123 6114)
4(4445 4775 6123 5979)
4(4754 6114 6123 4775)
4(5971 5980 6124 6115)
4(5979 6123 6124 5980)
4(6114 6115 6124 6123)
4(5972 5981 6125 6116)
4(5980 6124 6125 5981)
4(6115 6116 6125 6124)
4(5973 5982 6126 6117)
4(5981 6125 6126 5982)
4(6116 6117 6126 6125)
4(5974 5983 6127 6118)
4(5982 6126 6127 5983)
4(6117 6118 6127 6126)
4(5975 5984 6128 6119)
4(5983 6127 6128 5984)
4(6118 6119 6128 6127)
4(5976 5985 6129 6120)
4(5984 6128 6129 5985)
4(6119 6120 6129 6128)
4(5977 5986 6130 6121)
4(5985 6129 6130 5986)
4(6120 6121 6130 6129)
4(5986 6130 6131 5987)
4(6121 6122 6131 6130)
4(5979 5988 6132 6123)
4(4466 4796 6132 5988)
4(4775 6123 6132 4796)
4(5980 5989 6133 6124)
4(5988 6132 6133 5989)
4(6123 6124 6133 6132)
4(5981 5990 6134 6125)
4(5989 6133 6134 5990)
4(6124 6125 6134 6133)
4(5982 5991 6135 6126)
4(5990 6134 6135 5991)
4(6125 6126 6135 6134)
4(5983 5992 6136 6127)
4(5991 6135 6136 5992)
4(6126 6127 6136 6135)
4(5984 5993 6137 6128)
4(5992 6136 6137 5993)
4(6127 6128 6137 6136)
4(5985 5994 6138 6129)
4(5993 6137 6138 5994)
4(6128 6129 6138 6137)
4(5986 5995 6139 6130)
4(5994 6138 6139 5995)
4(6129 6130 6139 6138)
4(5995 6139 6140 5996)
4(6130 6131 6140 6139)
4(5988 5997 6141 6132)
4(4487 4817 6141 5997)
4(4796 6132 6141 4817)
4(5989 5998 6142 6133)
4(5997 6141 6142 5998)
4(6132 6133 6142 6141)
4(5990 5999 6143 6134)
4(5998 6142 6143 5999)
4(6133 6134 6143 6142)
4(5991 6000 6144 6135)
4(5999 6143 6144 6000)
4(6134 6135 6144 6143)
4(5992 6001 6145 6136)
4(6000 6144 6145 6001)
4(6135 6136 6145 6144)
4(5993 6002 6146 6137)
4(6001 6145 6146 6002)
4(6136 6137 6146 6145)
4(5994 6003 6147 6138)
4(6002 6146 6147 6003)
4(6137 6138 6147 6146)
4(5995 6004 6148 6139)
4(6003 6147 6148 6004)
4(6138 6139 6148 6147)
4(6004 6148 6149 6005)
4(6139 6140 6149 6148)
4(5997 6006 6150 6141)
4(4508 4838 6150 6006)
4(4817 6141 6150 4838)
4(5998 6007 6151 6142)
4(6006 6150 6151 6007)
4(6141 6142 6151 6150)
4(5999 6008 6152 6143)
4(6007 6151 6152 6008)
4(6142 6143 6152 6151)
4(6000 6009 6153 6144)
4(6008 6152 6153 6009)
4(6143 6144 6153 6152)
4(6001 6010 6154 6145)
4(6009 6153 6154 6010)
4(6144 6145 6154 6153)
4(6002 6011 6155 6146)
4(6010 6154 6155 6011)
4(6145 6146 6155 6154)
4(6003 6012 6156 6147)
4(6011 6155 6156 6012)
4(6146 6147 6156 6155)
4(6004 6013 6157 6148)
4(6012 6156 6157 6013)
4(6147 6148 6157 6156)
4(6013 6157 6158 6014)
4(6148 6149 6158 6157)
4(6006 6015 6159 6150)
4(4529 4859 6159 6015)
4(4838 6150 6159 4859)
4(6007 6016 6160 6151)
4(6015 6159 6160 6016)
4(6150 6151 6160 6159)
4(6008 6017 6161 6152)
4(6016 6160 6161 6017)
4(6151 6152 6161 6160)
4(6009 6018 6162 6153)
4(6017 6161 6162 6018)
4(6152 6153 6162 6161)
4(6010 6019 6163 6154)
4(6018 6162 6163 6019)
4(6153 6154 6163 6162)
4(6011 6020 6164 6155)
4(6019 6163 6164 6020)
4(6154 6155 6164 6163)
4(6012 6021 6165 6156)
4(6020 6164 6165 6021)
4(6155 6156 6165 6164)
4(6013 6022 6166 6157)
4(6021 6165 6166 6022)
4(6156 6157 6166 6165)
4(6022 6166 6167 6023)
4(6157 6158 6167 6166)
4(6015 6024 6168 6159)
4(4550 4880 6168 6024)
4(4859 6159 6168 4880)
4(6016 6025 6169 6160)
4(6024 6168 6169 6025)
4(6159 6160 6169 6168)
4(6017 6026 6170 6161)
4(6025 6169 6170 6026)
4(6160 6161 6170 6169)
4(6018 6027 6171 6162)
4(6026 6170 6171 6027)
4(6161 6162 6171 6170)
4(6019 6028 6172 6163)
4(6027 6171 6172 6028)
4(6162 6163 6172 6171)
4(6020 6029 6173 6164)
4(6028 6172 6173 6029)
4(6163 6164 6173 6172)
4(6021 6030 6174 6165)
4(6029 6173 6174 6030)
4(6164 6165 6174 6173)
4(6022 6031 6175 6166)
4(6030 6174 6175 6031)
4(6165 6166 6175 6174)
4(6031 6175 6176 6032)
4(6166 6167 6176 6175)
4(6024 6033 6177 6168)
4(4571 4901 6177 6033)
4(4880 6168 6177 4901)
4(6025 6034 6178 6169)
4(6033 6177 6178 6034)
4(6168 6169 6178 6177)
4(6026 6035 6179 6170)
4(6034 6178 6179 6035)
4(6169 6170 6179 6178)
4(6027 6036 6180 6171)
4(6035 6179 6180 6036)
4(6170 6171 6180 6179)
4(6028 6037 6181 6172)
4(6036 6180 6181 6037)
4(6171 6172 6181 6180)
4(6029 6038 6182 6173)
4(6037 6181 6182 6038)
4(6172 6173 6182 6181)
4(6030 6039 6183 6174)
4(6038 6182 6183 6039)
4(6173 6174 6183 6182)
4(6031 6040 6184 6175)
4(6039 6183 6184 6040)
4(6174 6175 6184 6183)
4(6040 6184 6185 6041)
4(6175 6176 6185 6184)
4(6033 6042 6186 6177)
4(4592 4922 6186 6042)
4(4901 6177 6186 4922)
4(6034 6043 6187 6178)
4(6042 6186 6187 6043)
4(6177 6178 6187 6186)
4(6035 6044 6188 6179)
4(6043 6187 6188 6044)
4(6178 6179 6188 6187)
4(6036 6045 6189 6180)
4(6044 6188 6189 6045)
4(6179 6180 6189 6188)
4(6037 6046 6190 6181)
4(6045 6189 6190 6046)
4(6180 6181 6190 6189)
4(6038 6047 6191 6182)
4(6046 6190 6191 6047)
4(6181 6182 6191 6190)
4(6039 6048 6192 6183)
4(6047 6191 6192 6048)
4(6182 6183 6192 6191)
4(6040 6049 6193 6184)
4(6048 6192 6193 6049)
4(6183 6184 6193 6192)
4(6049 6193 6194 6050)
4(6184 6185 6194 6193)
4(6042 6051 6195 6186)
4(4612 4942 6195 6051)
4(4922 6186 6195 4942)
4(6043 6052 6196 6187)
4(6051 6195 6196 6052)
4(6186 6187 6196 6195)
4(6044 6053 6197 6188)
4(6052 6196 6197 6053)
4(6187 6188 6197 6196)
4(6045 6054 6198 6189)
4(6053 6197 6198 6054)
4(6188 6189 6198 6197)
4(6046 6055 6199 6190)
4(6054 6198 6199 6055)
4(6189 6190 6199 6198)
4(6047 6056 6200 6191)
4(6055 6199 6200 6056)
4(6190 6191 6200 6199)
4(6048 6057 6201 6192)
4(6056 6200 6201 6057)
4(6191 6192 6201 6200)
4(6049 6058 6202 6193)
4(6057 6201 6202 6058)
4(6192 6193 6202 6201)
4(6058 6202 6203 6059)
4(6193 6194 6203 6202)
4(6051 6060 6204 6195)
4(4632 4962 6204 6060)
4(4942 6195 6204 4962)
4(6052 6061 6205 6196)
4(6060 6204 6205 6061)
4(6195 6196 6205 6204)
4(6053 6062 6206 6197)
4(6061 6205 6206 6062)
4(6196 6197 6206 6205)
4(6054 6063 6207 6198)
4(6062 6206 6207 6063)
4(6197 6198 6207 6206)
4(6055 6064 6208 6199)
4(6063 6207 6208 6064)
4(6198 6199 6208 6207)
4(6056 6065 6209 6200)
4(6064 6208 6209 6065)
4(6199 6200 6209 6208)
4(6057 6066 6210 6201)
4(6065 6209 6210 6066)
4(6200 6201 6210 6209)
4(6058 6067 6211 6202)
4(6066 6210 6211 6067)
4(6201 6202 6211 6210)
4(6067 6211 6212 6068)
4(6202 6203 6212 6211)
4(6060 6069 6213 6204)
4(4652 4982 6213 6069)
4(4962 6204 6213 4982)
4(6061 6070 6214 6205)
4(6069 6213 6214 6070)
4(6204 6205 6214 6213)
4(6062 6071 6215 6206)
4(6070 6214 6215 6071)
4(6205 6206 6215 6214)
4(6063 6072 6216 6207)
4(6071 6215 6216 6072)
4(6206 6207 6216 6215)
4(6064 6073 6217 6208)
4(6072 6216 6217 6073)
4(6207 6208 6217 6216)
4(6065 6074 6218 6209)
4(6073 6217 6218 6074)
4(6208 6209 6218 6217)
4(6066 6075 6219 6210)
4(6074 6218 6219 6075)
4(6209 6210 6219 6218)
4(6067 6076 6220 6211)
4(6075 6219 6220 6076)
4(6210 6211 6220 6219)
4(6076 6220 6221 6077)
4(6211 6212 6221 6220)
4(6069 6078 6222 6213)
4(4672 5002 6222 6078)
4(4982 6213 6222 5002)
4(6070 6079 6223 6214)
4(6078 6222 6223 6079)
4(6213 6214 6223 6222)
4(6071 6080 6224 6215)
4(6079 6223 6224 6080)
4(6214 6215 6224 6223)
4(6072 6081 6225 6216)
4(6080 6224 6225 6081)
4(6215 6216 6225 6224)
4(6073 6082 6226 6217)
4(6081 6225 6226 6082)
4(6216 6217 6226 6225)
4(6074 6083 6227 6218)
4(6082 6226 6227 6083)
4(6217 6218 6227 6226)
4(6075 6084 6228 6219)
4(6083 6227 6228 6084)
4(6218 6219 6228 6227)
4(6076 6085 6229 6220)
4(6084 6228 6229 6085)
4(6219 6220 6229 6228)
4(6085 6229 6230 6086)
4(6220 6221 6230 6229)
4(6078 6087 6231 6222)
4(5002 6222 6231 5021)
4(6079 6088 6232 6223)
4(6222 6223 6232 6231)
4(6080 6089 6233 6224)
4(6223 6224 6233 6232)
4(6081 6090 6234 6225)
4(6224 6225 6234 6233)
4(6082 6091 6235 6226)
4(6225 6226 6235 6234)
4(6083 6092 6236 6227)
4(6226 6227 6236 6235)
4(6084 6093 6237 6228)
4(6227 6228 6237 6236)
4(6085 6094 6238 6229)
4(6228 6229 6238 6237)
4(6229 6230 6239 6238)
4(6096 6105 6249 6240)
4(4733 5063 6249 6105)
4(5042 6240 6249 5063)
4(6097 6106 6250 6241)
4(6105 6249 6250 6106)
4(6240 6241 6250 6249)
4(6098 6107 6251 6242)
4(6106 6250 6251 6107)
4(6241 6242 6251 6250)
4(6099 6108 6252 6243)
4(6107 6251 6252 6108)
4(6242 6243 6252 6251)
4(6100 6109 6253 6244)
4(6108 6252 6253 6109)
4(6243 6244 6253 6252)
4(6101 6110 6254 6245)
4(6109 6253 6254 6110)
4(6244 6245 6254 6253)
4(6102 6111 6255 6246)
4(6110 6254 6255 6111)
4(6245 6246 6255 6254)
4(6103 6112 6256 6247)
4(6111 6255 6256 6112)
4(6246 6247 6256 6255)
4(6112 6256 6257 6113)
4(6247 6248 6257 6256)
4(6105 6114 6258 6249)
4(4754 5084 6258 6114)
4(5063 6249 6258 5084)
4(6106 6115 6259 6250)
4(6114 6258 6259 6115)
4(6249 6250 6259 6258)
4(6107 6116 6260 6251)
4(6115 6259 6260 6116)
4(6250 6251 6260 6259)
4(6108 6117 6261 6252)
4(6116 6260 6261 6117)
4(6251 6252 6261 6260)
4(6109 6118 6262 6253)
4(6117 6261 6262 6118)
4(6252 6253 6262 6261)
4(6110 6119 6263 6254)
4(6118 6262 6263 6119)
4(6253 6254 6263 6262)
4(6111 6120 6264 6255)
4(6119 6263 6264 6120)
4(6254 6255 6264 6263)
4(6112 6121 6265 6256)
4(6120 6264 6265 6121)
4(6255 6256 6265 6264)
4(6121 6265 6266 6122)
4(6256 6257 6266 6265)
4(6114 6123 6267 6258)
4(4775 5105 6267 6123)
4(5084 6258 6267 5105)
4(6115 6124 6268 6259)
4(6123 6267 6268 6124)
4(6258 6259 6268 6267)
4(6116 6125 6269 6260)
4(6124 6268 6269 6125)
4(6259 6260 6269 6268)
4(6117 6126 6270 6261)
4(6125 6269 6270 6126)
4(6260 6261 6270 6269)
4(6118 6127 6271 6262)
4(6126 6270 6271 6127)
4(6261 6262 6271 6270)
4(6119 6128 6272 6263)
4(6127 6271 6272 6128)
4(6262 6263 6272 6271)
4(6120 6129 6273 6264)
4(6128 6272 6273 6129)
4(6263 6264 6273 6272)
4(6121 6130 6274 6265)
4(6129 6273 6274 6130)
4(6264 6265 6274 6273)
4(6130 6274 6275 6131)
4(6265 6266 6275 6274)
4(6123 6132 6276 6267)
4(4796 5126 6276 6132)
4(5105 6267 6276 5126)
4(6124 6133 6277 6268)
4(6132 6276 6277 6133)
4(6267 6268 6277 6276)
4(6125 6134 6278 6269)
4(6133 6277 6278 6134)
4(6268 6269 6278 6277)
4(6126 6135 6279 6270)
4(6134 6278 6279 6135)
4(6269 6270 6279 6278)
4(6127 6136 6280 6271)
4(6135 6279 6280 6136)
4(6270 6271 6280 6279)
4(6128 6137 6281 6272)
4(6136 6280 6281 6137)
4(6271 6272 6281 6280)
4(6129 6138 6282 6273)
4(6137 6281 6282 6138)
4(6272 6273 6282 6281)
4(6130 6139 6283 6274)
4(6138 6282 6283 6139)
4(6273 6274 6283 6282)
4(6139 6283 6284 6140)
4(6274 6275 6284 6283)
4(6132 6141 6285 6276)
4(4817 5147 6285 6141)
4(5126 6276 6285 5147)
4(6133 6142 6286 6277)
4(6141 6285 6286 6142)
4(6276 6277 6286 6285)
4(6134 6143 6287 6278)
4(6142 6286 6287 6143)
4(6277 6278 6287 6286)
4(6135 6144 6288 6279)
4(6143 6287 6288 6144)
4(6278 6279 6288 6287)
4(6136 6145 6289 6280)
4(6144 6288 6289 6145)
4(6279 6280 6289 6288)
4(6137 6146 6290 6281)
4(6145 6289 6290 6146)
4(6280 6281 6290 6289)
4(6138 6147 6291 6282)
4(6146 6290 6291 6147)
4(6281 6282 6291 6290)
4(6139 6148 6292 6283)
4(6147 6291 6292 6148)
4(6282 6283 6292 6291)
4(6148 6292 6293 6149)
4(6283 6284 6293 6292)
4(6141 6150 6294 6285)
4(4838 5168 6294 6150)
4(5147 6285 6294 5168)
4(6142 6151 6295 6286)
4(6150 6294 6295 6151)
4(6285 6286 6295 6294)
4(6143 6152 6296 6287)
4(6151 6295 6296 6152)
4(6286 6287 6296 6295)
4(6144 6153 6297 6288)
4(6152 6296 6297 6153)
4(6287 6288 6297 6296)
4(6145 6154 6298 6289)
4(6153 6297 6298 6154)
4(6288 6289 6298 6297)
4(6146 6155 6299 6290)
4(6154 6298 6299 6155)
4(6289 6290 6299 6298)
4(6147 6156 6300 6291)
4(6155 6299 6300 6156)
4(6290 6291 6300 6299)
4(6148 6157 6301 6292)
4(6156 6300 6301 6157)
4(6291 6292 6301 6300)
4(6157 6301 6302 6158)
4(6292 6293 6302 6301)
4(6150 6159 6303 6294)
4(4859 5189 6303 6159)
4(5168 6294 6303 5189)
4(6151 6160 6304 6295)
4(6159 6303 6304 6160)
4(6294 6295 6304 6303)
4(6152 6161 6305 6296)
4(6160 6304 6305 6161)
4(6295 6296 6305 6304)
4(6153 6162 6306 6297)
4(6161 6305 6306 6162)
4(6296 6297 6306 6305)
4(6154 6163 6307 6298)
4(6162 6306 6307 6163)
4(6297 6298 6307 6306)
4(6155 6164 6308 6299)
4(6163 6307 6308 6164)
4(6298 6299 6308 6307)
4(6156 6165 6309 6300)
4(6164 6308 6309 6165)
4(6299 6300 6309 6308)
4(6157 6166 6310 6301)
4(6165 6309 6310 6166)
4(6300 6301 6310 6309)
4(6166 6310 6311 6167)
4(6301 6302 6311 6310)
4(6159 6168 6312 6303)
4(4880 5210 6312 6168)
4(5189 6303 6312 5210)
4(6160 6169 6313 6304)
4(6168 6312 6313 6169)
4(6303 6304 6313 6312)
4(6161 6170 6314 6305)
4(6169 6313 6314 6170)
4(6304 6305 6314 6313)
4(6162 6171 6315 6306)
4(6170 6314 6315 6171)
4(6305 6306 6315 6314)
4(6163 6172 6316 6307)
4(6171 6315 6316 6172)
4(6306 6307 6316 6315)
4(6164 6173 6317 6308)
4(6172 6316 6317 6173)
4(6307 6308 6317 6316)
4(6165 6174 6318 6309)
4(6173 6317 6318 6174)
4(6308 6309 6318 6317)
4(6166 6175 6319 6310)
4(6174 6318 6319 6175)
4(6309 6310 6319 6318)
4(6175 6319 6320 6176)
4(6310 6311 6320 6319)
4(6168 6177 6321 6312)
4(4901 5231 6321 6177)
4(5210 6312 6321 5231)
4(6169 6178 6322 6313)
4(6177 6321 6322 6178)
4(6312 6313 6322 6321)
4(6170 6179 6323 6314)
4(6178 6322 6323 6179)
4(6313 6314 6323 6322)
4(6171 6180 6324 6315)
4(6179 6323 6324 6180)
4(6314 6315 6324 6323)
4(6172 6181 6325 6316)
4(6180 6324 6325 6181)
4(6315 6316 6325 6324)
4(6173 6182 6326 6317)
4(6181 6325 6326 6182)
4(6316 6317 6326 6325)
4(6174 6183 6327 6318)
4(6182 6326 6327 6183)
4(6317 6318 6327 6326)
4(6175 6184 6328 6319)
4(6183 6327 6328 6184)
4(6318 6319 6328 6327)
4(6184 6328 6329 6185)
4(6319 6320 6329 6328)
4(6177 6186 6330 6321)
4(4922 5252 6330 6186)
4(5231 6321 6330 5252)
4(6178 6187 6331 6322)
4(6186 6330 6331 6187)
4(6321 6322 6331 6330)
4(6179 6188 6332 6323)
4(6187 6331 6332 6188)
4(6322 6323 6332 6331)
4(6180 6189 6333 6324)
4(6188 6332 6333 6189)
4(6323 6324 6333 6332)
4(6181 6190 6334 6325)
4(6189 6333 6334 6190)
4(6324 6325 6334 6333)
4(6182 6191 6335 6326)
4(6190 6334 6335 6191)
4(6325 6326 6335 6334)
4(6183 6192 6336 6327)
4(6191 6335 6336 6192)
4(6326 6327 6336 6335)
4(6184 6193 6337 6328)
4(6192 6336 6337 6193)
4(6327 6328 6337 6336)
4(6193 6337 6338 6194)
4(6328 6329 6338 6337)
4(6186 6195 6339 6330)
4(4942 5272 6339 6195)
4(5252 6330 6339 5272)
4(6187 6196 6340 6331)
4(6195 6339 6340 6196)
4(6330 6331 6340 6339)
4(6188 6197 6341 6332)
4(6196 6340 6341 6197)
4(6331 6332 6341 6340)
4(6189 6198 6342 6333)
4(6197 6341 6342 6198)
4(6332 6333 6342 6341)
4(6190 6199 6343 6334)
4(6198 6342 6343 6199)
4(6333 6334 6343 6342)
4(6191 6200 6344 6335)
4(6199 6343 6344 6200)
4(6334 6335 6344 6343)
4(6192 6201 6345 6336)
4(6200 6344 6345 6201)
4(6335 6336 6345 6344)
4(6193 6202 6346 6337)
4(6201 6345 6346 6202)
4(6336 6337 6346 6345)
4(6202 6346 6347 6203)
4(6337 6338 6347 6346)
4(6195 6204 6348 6339)
4(4962 5292 6348 6204)
4(5272 6339 6348 5292)
4(6196 6205 6349 6340)
4(6204 6348 6349 6205)
4(6339 6340 6349 6348)
4(6197 6206 6350 6341)
4(6205 6349 6350 6206)
4(6340 6341 6350 6349)
4(6198 6207 6351 6342)
4(6206 6350 6351 6207)
4(6341 6342 6351 6350)
4(6199 6208 6352 6343)
4(6207 6351 6352 6208)
4(6342 6343 6352 6351)
4(6200 6209 6353 6344)
4(6208 6352 6353 6209)
4(6343 6344 6353 6352)
4(6201 6210 6354 6345)
4(6209 6353 6354 6210)
4(6344 6345 6354 6353)
4(6202 6211 6355 6346)
4(6210 6354 6355 6211)
4(6345 6346 6355 6354)
4(6211 6355 6356 6212)
4(6346 6347 6356 6355)
4(6204 6213 6357 6348)
4(4982 5312 6357 6213)
4(5292 6348 6357 5312)
4(6205 6214 6358 6349)
4(6213 6357 6358 6214)
4(6348 6349 6358 6357)
4(6206 6215 6359 6350)
4(6214 6358 6359 6215)
4(6349 6350 6359 6358)
4(6207 6216 6360 6351)
4(6215 6359 6360 6216)
4(6350 6351 6360 6359)
4(6208 6217 6361 6352)
4(6216 6360 6361 6217)
4(6351 6352 6361 6360)
4(6209 6218 6362 6353)
4(6217 6361 6362 6218)
4(6352 6353 6362 6361)
4(6210 6219 6363 6354)
4(6218 6362 6363 6219)
4(6353 6354 6363 6362)
4(6211 6220 6364 6355)
4(6219 6363 6364 6220)
4(6354 6355 6364 6363)
4(6220 6364 6365 6221)
4(6355 6356 6365 6364)
4(6213 6222 6366 6357)
4(5002 5332 6366 6222)
4(5312 6357 6366 5332)
4(6214 6223 6367 6358)
4(6222 6366 6367 6223)
4(6357 6358 6367 6366)
4(6215 6224 6368 6359)
4(6223 6367 6368 6224)
4(6358 6359 6368 6367)
4(6216 6225 6369 6360)
4(6224 6368 6369 6225)
4(6359 6360 6369 6368)
4(6217 6226 6370 6361)
4(6225 6369 6370 6226)
4(6360 6361 6370 6369)
4(6218 6227 6371 6362)
4(6226 6370 6371 6227)
4(6361 6362 6371 6370)
4(6219 6228 6372 6363)
4(6227 6371 6372 6228)
4(6362 6363 6372 6371)
4(6220 6229 6373 6364)
4(6228 6372 6373 6229)
4(6363 6364 6373 6372)
4(6229 6373 6374 6230)
4(6364 6365 6374 6373)
4(6222 6231 6375 6366)
4(5332 6366 6375 5351)
4(6223 6232 6376 6367)
4(6366 6367 6376 6375)
4(6224 6233 6377 6368)
4(6367 6368 6377 6376)
4(6225 6234 6378 6369)
4(6368 6369 6378 6377)
4(6226 6235 6379 6370)
4(6369 6370 6379 6378)
4(6227 6236 6380 6371)
4(6370 6371 6380 6379)
4(6228 6237 6381 6372)
4(6371 6372 6381 6380)
4(6229 6238 6382 6373)
4(6372 6373 6382 6381)
4(6373 6374 6383 6382)
4(6240 6249 6393 6384)
4(5063 5393 6393 6249)
4(6241 6250 6394 6385)
4(6249 6393 6394 6250)
4(6242 6251 6395 6386)
4(6250 6394 6395 6251)
4(6243 6252 6396 6387)
4(6251 6395 6396 6252)
4(6244 6253 6397 6388)
4(6252 6396 6397 6253)
4(6245 6254 6398 6389)
4(6253 6397 6398 6254)
4(6246 6255 6399 6390)
4(6254 6398 6399 6255)
4(6247 6256 6400 6391)
4(6255 6399 6400 6256)
4(6256 6400 6401 6257)
4(6249 6258 6402 6393)
4(5084 5414 6402 6258)
4(6250 6259 6403 6394)
4(6258 6402 6403 6259)
4(6251 6260 6404 6395)
4(6259 6403 6404 6260)
4(6252 6261 6405 6396)
4(6260 6404 6405 6261)
4(6253 6262 6406 6397)
4(6261 6405 6406 6262)
4(6254 6263 6407 6398)
4(6262 6406 6407 6263)
4(6255 6264 6408 6399)
4(6263 6407 6408 6264)
4(6256 6265 6409 6400)
4(6264 6408 6409 6265)
4(6265 6409 6410 6266)
4(6258 6267 6411 6402)
4(5105 5435 6411 6267)
4(6259 6268 6412 6403)
4(6267 6411 6412 6268)
4(6260 6269 6413 6404)
4(6268 6412 6413 6269)
4(6261 6270 6414 6405)
4(6269 6413 6414 6270)
4(6262 6271 6415 6406)
4(6270 6414 6415 6271)
4(6263 6272 6416 6407)
4(6271 6415 6416 6272)
4(6264 6273 6417 6408)
4(6272 6416 6417 6273)
4(6265 6274 6418 6409)
4(6273 6417 6418 6274)
4(6274 6418 6419 6275)
4(6267 6276 6420 6411)
4(5126 5456 6420 6276)
4(6268 6277 6421 6412)
4(6276 6420 6421 6277)
4(6269 6278 6422 6413)
4(6277 6421 6422 6278)
4(6270 6279 6423 6414)
4(6278 6422 6423 6279)
4(6271 6280 6424 6415)
4(6279 6423 6424 6280)
4(6272 6281 6425 6416)
4(6280 6424 6425 6281)
4(6273 6282 6426 6417)
4(6281 6425 6426 6282)
4(6274 6283 6427 6418)
4(6282 6426 6427 6283)
4(6283 6427 6428 6284)
4(6276 6285 6429 6420)
4(5147 5477 6429 6285)
4(6277 6286 6430 6421)
4(6285 6429 6430 6286)
4(6278 6287 6431 6422)
4(6286 6430 6431 6287)
4(6279 6288 6432 6423)
4(6287 6431 6432 6288)
4(6280 6289 6433 6424)
4(6288 6432 6433 6289)
4(6281 6290 6434 6425)
4(6289 6433 6434 6290)
4(6282 6291 6435 6426)
4(6290 6434 6435 6291)
4(6283 6292 6436 6427)
4(6291 6435 6436 6292)
4(6292 6436 6437 6293)
4(6285 6294 6438 6429)
4(5168 5498 6438 6294)
4(6286 6295 6439 6430)
4(6294 6438 6439 6295)
4(6287 6296 6440 6431)
4(6295 6439 6440 6296)
4(6288 6297 6441 6432)
4(6296 6440 6441 6297)
4(6289 6298 6442 6433)
4(6297 6441 6442 6298)
4(6290 6299 6443 6434)
4(6298 6442 6443 6299)
4(6291 6300 6444 6435)
4(6299 6443 6444 6300)
4(6292 6301 6445 6436)
4(6300 6444 6445 6301)
4(6301 6445 6446 6302)
4(6294 6303 6447 6438)
4(5189 5519 6447 6303)
4(6295 6304 6448 6439)
4(6303 6447 6448 6304)
4(6296 6305 6449 6440)
4(6304 6448 6449 6305)
4(6297 6306 6450 6441)
4(6305 6449 6450 6306)
4(6298 6307 6451 6442)
4(6306 6450 6451 6307)
4(6299 6308 6452 6443)
4(6307 6451 6452 6308)
4(6300 6309 6453 6444)
4(6308 6452 6453 6309)
4(6301 6310 6454 6445)
4(6309 6453 6454 6310)
4(6310 6454 6455 6311)
4(6303 6312 6456 6447)
4(5210 5540 6456 6312)
4(6304 6313 6457 6448)
4(6312 6456 6457 6313)
4(6305 6314 6458 6449)
4(6313 6457 6458 6314)
4(6306 6315 6459 6450)
4(6314 6458 6459 6315)
4(6307 6316 6460 6451)
4(6315 6459 6460 6316)
4(6308 6317 6461 6452)
4(6316 6460 6461 6317)
4(6309 6318 6462 6453)
4(6317 6461 6462 6318)
4(6310 6319 6463 6454)
4(6318 6462 6463 6319)
4(6319 6463 6464 6320)
4(6312 6321 6465 6456)
4(5231 5561 6465 6321)
4(6313 6322 6466 6457)
4(6321 6465 6466 6322)
4(6314 6323 6467 6458)
4(6322 6466 6467 6323)
4(6315 6324 6468 6459)
4(6323 6467 6468 6324)
4(6316 6325 6469 6460)
4(6324 6468 6469 6325)
4(6317 6326 6470 6461)
4(6325 6469 6470 6326)
4(6318 6327 6471 6462)
4(6326 6470 6471 6327)
4(6319 6328 6472 6463)
4(6327 6471 6472 6328)
4(6328 6472 6473 6329)
4(6321 6330 6474 6465)
4(5252 5582 6474 6330)
4(6322 6331 6475 6466)
4(6330 6474 6475 6331)
4(6323 6332 6476 6467)
4(6331 6475 6476 6332)
4(6324 6333 6477 6468)
4(6332 6476 6477 6333)
4(6325 6334 6478 6469)
4(6333 6477 6478 6334)
4(6326 6335 6479 6470)
4(6334 6478 6479 6335)
4(6327 6336 6480 6471)
4(6335 6479 6480 6336)
4(6328 6337 6481 6472)
4(6336 6480 6481 6337)
4(6337 6481 6482 6338)
4(6330 6339 6483 6474)
4(5272 5602 6483 6339)
4(6331 6340 6484 6475)
4(6339 6483 6484 6340)
4(6332 6341 6485 6476)
4(6340 6484 6485 6341)
4(6333 6342 6486 6477)
4(6341 6485 6486 6342)
4(6334 6343 6487 6478)
4(6342 6486 6487 6343)
4(6335 6344 6488 6479)
4(6343 6487 6488 6344)
4(6336 6345 6489 6480)
4(6344 6488 6489 6345)
4(6337 6346 6490 6481)
4(6345 6489 6490 6346)
4(6346 6490 6491 6347)
4(6339 6348 6492 6483)
4(5292 5622 6492 6348)
4(6340 6349 6493 6484)
4(6348 6492 6493 6349)
4(6341 6350 6494 6485)
4(6349 6493 6494 6350)
4(6342 6351 6495 6486)
4(6350 6494 6495 6351)
4(6343 6352 6496 6487)
4(6351 6495 6496 6352)
4(6344 6353 6497 6488)
4(6352 6496 6497 6353)
4(6345 6354 6498 6489)
4(6353 6497 6498 6354)
4(6346 6355 6499 6490)
4(6354 6498 6499 6355)
4(6355 6499 6500 6356)
4(6348 6357 6501 6492)
4(5312 5642 6501 6357)
4(6349 6358 6502 6493)
4(6357 6501 6502 6358)
4(6350 6359 6503 6494)
4(6358 6502 6503 6359)
4(6351 6360 6504 6495)
4(6359 6503 6504 6360)
4(6352 6361 6505 6496)
4(6360 6504 6505 6361)
4(6353 6362 6506 6497)
4(6361 6505 6506 6362)
4(6354 6363 6507 6498)
4(6362 6506 6507 6363)
4(6355 6364 6508 6499)
4(6363 6507 6508 6364)
4(6364 6508 6509 6365)
4(6357 6366 6510 6501)
4(5332 5662 6510 6366)
4(6358 6367 6511 6502)
4(6366 6510 6511 6367)
4(6359 6368 6512 6503)
4(6367 6511 6512 6368)
4(6360 6369 6513 6504)
4(6368 6512 6513 6369)
4(6361 6370 6514 6505)
4(6369 6513 6514 6370)
4(6362 6371 6515 6506)
4(6370 6514 6515 6371)
4(6363 6372 6516 6507)
4(6371 6515 6516 6372)
4(6364 6373 6517 6508)
4(6372 6516 6517 6373)
4(6373 6517 6518 6374)
4(6366 6375 6519 6510)
4(6367 6376 6520 6511)
4(6368 6377 6521 6512)
4(6369 6378 6522 6513)
4(6370 6379 6523 6514)
4(6371 6380 6524 6515)
4(6372 6381 6525 6516)
4(6373 6382 6526 6517)
4(307 308 641 640)
4(640 641 974 973)
4(973 974 1307 1306)
4(1306 1307 1640 1639)
4(1639 1640 1973 1972)
4(1972 1973 2306 2305)
4(308 309 642 641)
4(641 642 975 974)
4(974 975 1308 1307)
4(1307 1308 1641 1640)
4(1640 1641 1974 1973)
4(1973 1974 2307 2306)
4(0 1 310 309)
4(309 310 643 642)
4(642 643 976 975)
4(975 976 1309 1308)
4(1308 1309 1642 1641)
4(1641 1642 1975 1974)
4(1974 1975 2308 2307)
4(1 2 311 310)
4(310 311 644 643)
4(643 644 977 976)
4(976 977 1310 1309)
4(1309 1310 1643 1642)
4(1642 1643 1976 1975)
4(1975 1976 2309 2308)
4(2 3 312 311)
4(311 312 645 644)
4(644 645 978 977)
4(977 978 1311 1310)
4(1310 1311 1644 1643)
4(1643 1644 1977 1976)
4(1976 1977 2310 2309)
4(3 4 313 312)
4(312 313 646 645)
4(645 646 979 978)
4(978 979 1312 1311)
4(1311 1312 1645 1644)
4(1644 1645 1978 1977)
4(1977 1978 2311 2310)
4(4 5 314 313)
4(313 314 647 646)
4(646 647 980 979)
4(979 980 1313 1312)
4(1312 1313 1646 1645)
4(1645 1646 1979 1978)
4(1978 1979 2312 2311)
4(5 6 315 314)
4(314 315 648 647)
4(647 648 981 980)
4(980 981 1314 1313)
4(1313 1314 1647 1646)
4(1646 1647 1980 1979)
4(1979 1980 2313 2312)
4(6 7 316 315)
4(315 316 649 648)
4(648 649 982 981)
4(981 982 1315 1314)
4(1314 1315 1648 1647)
4(1647 1648 1981 1980)
4(1980 1981 2314 2313)
4(7 8 317 316)
4(316 317 650 649)
4(649 650 983 982)
4(982 983 1316 1315)
4(1315 1316 1649 1648)
4(1648 1649 1982 1981)
4(1981 1982 2315 2314)
4(8 9 318 317)
4(317 318 651 650)
4(650 651 984 983)
4(983 984 1317 1316)
4(1316 1317 1650 1649)
4(1649 1650 1983 1982)
4(1982 1983 2316 2315)
4(9 10 319 318)
4(318 319 652 651)
4(651 652 985 984)
4(984 985 1318 1317)
4(1317 1318 1651 1650)
4(1650 1651 1984 1983)
4(1983 1984 2317 2316)
4(10 11 320 319)
4(319 320 653 652)
4(652 653 986 985)
4(985 986 1319 1318)
4(1318 1319 1652 1651)
4(1651 1652 1985 1984)
4(1984 1985 2318 2317)
4(11 12 321 320)
4(320 321 654 653)
4(653 654 987 986)
4(986 987 1320 1319)
4(1319 1320 1653 1652)
4(1652 1653 1986 1985)
4(1985 1986 2319 2318)
4(12 13 322 321)
4(321 322 655 654)
4(654 655 988 987)
4(987 988 1321 1320)
4(1320 1321 1654 1653)
4(1653 1654 1987 1986)
4(1986 1987 2320 2319)
4(13 14 323 322)
4(322 323 656 655)
4(655 656 989 988)
4(988 989 1322 1321)
4(1321 1322 1655 1654)
4(1654 1655 1988 1987)
4(1987 1988 2321 2320)
4(14 15 324 323)
4(323 324 657 656)
4(656 657 990 989)
4(989 990 1323 1322)
4(1322 1323 1656 1655)
4(1655 1656 1989 1988)
4(1988 1989 2322 2321)
4(15 16 325 324)
4(324 325 658 657)
4(657 658 991 990)
4(990 991 1324 1323)
4(1323 1324 1657 1656)
4(1656 1657 1990 1989)
4(1989 1990 2323 2322)
4(16 17 326 325)
4(325 326 659 658)
4(658 659 992 991)
4(991 992 1325 1324)
4(1324 1325 1658 1657)
4(1657 1658 1991 1990)
4(1990 1991 2324 2323)
4(17 18 327 326)
4(326 327 660 659)
4(659 660 993 992)
4(992 993 1326 1325)
4(1325 1326 1659 1658)
4(1658 1659 1992 1991)
4(1991 1992 2325 2324)
4(18 2635 2763 327)
4(327 2763 2892 660)
4(660 2892 3027 993)
4(993 3027 3162 1326)
4(1326 3162 3297 1659)
4(1659 3297 3432 1992)
4(1992 3432 3567 2325)
4(2635 2636 2764 2763)
4(2763 2764 2893 2892)
4(2892 2893 3028 3027)
4(3027 3028 3163 3162)
4(3162 3163 3298 3297)
4(3297 3298 3433 3432)
4(3432 3433 3568 3567)
4(2636 2637 2765 2764)
4(2764 2765 2894 2893)
4(2893 2894 3029 3028)
4(3028 3029 3164 3163)
4(3163 3164 3299 3298)
4(3298 3299 3434 3433)
4(3433 3434 3569 3568)
4(2637 2638 2766 2765)
4(2765 2766 2895 2894)
4(2894 2895 3030 3029)
4(3029 3030 3165 3164)
4(3164 3165 3300 3299)
4(3299 3300 3435 3434)
4(3434 3435 3570 3569)
4(2638 2639 2767 2766)
4(2766 2767 2896 2895)
4(2895 2896 3031 3030)
4(3030 3031 3166 3165)
4(3165 3166 3301 3300)
4(3300 3301 3436 3435)
4(3435 3436 3571 3570)
4(2639 2640 2768 2767)
4(2767 2768 2897 2896)
4(2896 2897 3032 3031)
4(3031 3032 3167 3166)
4(3166 3167 3302 3301)
4(3301 3302 3437 3436)
4(3436 3437 3572 3571)
4(2640 2641 2769 2768)
4(2768 2769 2898 2897)
4(2897 2898 3033 3032)
4(3032 3033 3168 3167)
4(3167 3168 3303 3302)
4(3302 3303 3438 3437)
4(3437 3438 3573 3572)
4(2641 2642 2770 2769)
4(2769 2770 2899 2898)
4(2898 2899 3034 3033)
4(3033 3034 3169 3168)
4(3168 3169 3304 3303)
4(3303 3304 3439 3438)
4(3438 3439 3574 3573)
4(2642 2643 2771 2770)
4(2770 2771 2900 2899)
4(2899 2900 3035 3034)
4(3034 3035 3170 3169)
4(3169 3170 3305 3304)
4(3304 3305 3440 3439)
4(3439 3440 3575 3574)
4(2305 2306 3703 3702)
4(3702 3703 4033 4032)
4(4032 4033 4363 4362)
4(4362 4363 4693 4692)
4(4692 4693 5023 5022)
4(5022 5023 5353 5352)
4(2306 2307 3704 3703)
4(3703 3704 4034 4033)
4(4033 4034 4364 4363)
4(4363 4364 4694 4693)
4(4693 4694 5024 5023)
4(5023 5024 5354 5353)
4(2307 2308 3705 3704)
4(3704 3705 4035 4034)
4(4034 4035 4365 4364)
4(4364 4365 4695 4694)
4(4694 4695 5025 5024)
4(5024 5025 5355 5354)
4(2308 2309 3706 3705)
4(3705 3706 4036 4035)
4(4035 4036 4366 4365)
4(4365 4366 4696 4695)
4(4695 4696 5026 5025)
4(5025 5026 5356 5355)
4(2309 2310 3707 3706)
4(3706 3707 4037 4036)
4(4036 4037 4367 4366)
4(4366 4367 4697 4696)
4(4696 4697 5027 5026)
4(5026 5027 5357 5356)
4(2310 2311 3708 3707)
4(3707 3708 4038 4037)
4(4037 4038 4368 4367)
4(4367 4368 4698 4697)
4(4697 4698 5028 5027)
4(5027 5028 5358 5357)
4(2311 2312 3709 3708)
4(3708 3709 4039 4038)
4(4038 4039 4369 4368)
4(4368 4369 4699 4698)
4(4698 4699 5029 5028)
4(5028 5029 5359 5358)
4(2312 2313 3710 3709)
4(3709 3710 4040 4039)
4(4039 4040 4370 4369)
4(4369 4370 4700 4699)
4(4699 4700 5030 5029)
4(5029 5030 5360 5359)
4(2313 2314 3711 3710)
4(3710 3711 4041 4040)
4(4040 4041 4371 4370)
4(4370 4371 4701 4700)
4(4700 4701 5031 5030)
4(5030 5031 5361 5360)
4(2314 2315 3712 3711)
4(3711 3712 4042 4041)
4(4041 4042 4372 4371)
4(4371 4372 4702 4701)
4(4701 4702 5032 5031)
4(5031 5032 5362 5361)
4(2315 2316 3713 3712)
4(3712 3713 4043 4042)
4(4042 4043 4373 4372)
4(4372 4373 4703 4702)
4(4702 4703 5033 5032)
4(5032 5033 5363 5362)
4(2316 2317 3714 3713)
4(3713 3714 4044 4043)
4(4043 4044 4374 4373)
4(4373 4374 4704 4703)
4(4703 4704 5034 5033)
4(5033 5034 5364 5363)
4(2317 2318 3715 3714)
4(3714 3715 4045 4044)
4(4044 4045 4375 4374)
4(4374 4375 4705 4704)
4(4704 4705 5035 5034)
4(5034 5035 5365 5364)
4(2318 2319 3716 3715)
4(3715 3716 4046 4045)
4(4045 4046 4376 4375)
4(4375 4376 4706 4705)
4(4705 4706 5036 5035)
4(5035 5036 5366 5365)
4(2319 2320 3717 3716)
4(3716 3717 4047 4046)
4(4046 4047 4377 4376)
4(4376 4377 4707 4706)
4(4706 4707 5037 5036)
4(5036 5037 5367 5366)
4(2320 2321 3718 3717)
4(3717 3718 4048 4047)
4(4047 4048 4378 4377)
4(4377 4378 4708 4707)
4(4707 4708 5038 5037)
4(5037 5038 5368 5367)
4(2321 2322 3719 3718)
4(3718 3719 4049 4048)
4(4048 4049 4379 4378)
4(4378 4379 4709 4708)
4(4708 4709 5039 5038)
4(5038 5039 5369 5368)
4(2322 2323 3720 3719)
4(3719 3720 4050 4049)
4(4049 4050 4380 4379)
4(4379 4380 4710 4709)
4(4709 4710 5040 5039)
4(5039 5040 5370 5369)
4(2323 2324 3721 3720)
4(3720 3721 4051 4050)
4(4050 4051 4381 4380)
4(4380 4381 4711 4710)
4(4710 4711 5041 5040)
4(5040 5041 5371 5370)
4(2324 2325 3722 3721)
4(3721 3722 4052 4051)
4(4051 4052 4382 4381)
4(4381 4382 4712 4711)
4(4711 4712 5042 5041)
4(5041 5042 5372 5371)
4(5352 5353 5374 5373)
4(5373 5374 5395 5394)
4(5394 5395 5416 5415)
4(5415 5416 5437 5436)
4(5436 5437 5458 5457)
4(5457 5458 5479 5478)
4(5478 5479 5500 5499)
4(5499 5500 5521 5520)
4(5520 5521 5542 5541)
4(5541 5542 5563 5562)
4(5353 5354 5375 5374)
4(5374 5375 5396 5395)
4(5395 5396 5417 5416)
4(5416 5417 5438 5437)
4(5437 5438 5459 5458)
4(5458 5459 5480 5479)
4(5479 5480 5501 5500)
4(5500 5501 5522 5521)
4(5521 5522 5543 5542)
4(5542 5543 5564 5563)
4(5563 5564 5584 5583)
4(5583 5584 5604 5603)
4(5603 5604 5624 5623)
4(5623 5624 5644 5643)
4(5354 5355 5376 5375)
4(5375 5376 5397 5396)
4(5396 5397 5418 5417)
4(5417 5418 5439 5438)
4(5438 5439 5460 5459)
4(5459 5460 5481 5480)
4(5480 5481 5502 5501)
4(5501 5502 5523 5522)
4(5522 5523 5544 5543)
4(5543 5544 5565 5564)
4(5564 5565 5585 5584)
4(5584 5585 5605 5604)
4(5604 5605 5625 5624)
4(5624 5625 5645 5644)
4(5644 5645 5664 5663)
4(5355 5356 5377 5376)
4(5376 5377 5398 5397)
4(5397 5398 5419 5418)
4(5418 5419 5440 5439)
4(5439 5440 5461 5460)
4(5460 5461 5482 5481)
4(5481 5482 5503 5502)
4(5502 5503 5524 5523)
4(5523 5524 5545 5544)
4(5544 5545 5566 5565)
4(5565 5566 5586 5585)
4(5585 5586 5606 5605)
4(5605 5606 5626 5625)
4(5625 5626 5646 5645)
4(5645 5646 5665 5664)
4(5356 5357 5378 5377)
4(5377 5378 5399 5398)
4(5398 5399 5420 5419)
4(5419 5420 5441 5440)
4(5440 5441 5462 5461)
4(5461 5462 5483 5482)
4(5482 5483 5504 5503)
4(5503 5504 5525 5524)
4(5524 5525 5546 5545)
4(5545 5546 5567 5566)
4(5566 5567 5587 5586)
4(5586 5587 5607 5606)
4(5606 5607 5627 5626)
4(5626 5627 5647 5646)
4(5646 5647 5666 5665)
4(5357 5358 5379 5378)
4(5378 5379 5400 5399)
4(5399 5400 5421 5420)
4(5420 5421 5442 5441)
4(5441 5442 5463 5462)
4(5462 5463 5484 5483)
4(5483 5484 5505 5504)
4(5504 5505 5526 5525)
4(5525 5526 5547 5546)
4(5546 5547 5568 5567)
4(5567 5568 5588 5587)
4(5587 5588 5608 5607)
4(5607 5608 5628 5627)
4(5627 5628 5648 5647)
4(5647 5648 5667 5666)
4(5358 5359 5380 5379)
4(5379 5380 5401 5400)
4(5400 5401 5422 5421)
4(5421 5422 5443 5442)
4(5442 5443 5464 5463)
4(5463 5464 5485 5484)
4(5484 5485 5506 5505)
4(5505 5506 5527 5526)
4(5526 5527 5548 5547)
4(5547 5548 5569 5568)
4(5568 5569 5589 5588)
4(5588 5589 5609 5608)
4(5608 5609 5629 5628)
4(5628 5629 5649 5648)
4(5648 5649 5668 5667)
4(5359 5360 5381 5380)
4(5380 5381 5402 5401)
4(5401 5402 5423 5422)
4(5422 5423 5444 5443)
4(5443 5444 5465 5464)
4(5464 5465 5486 5485)
4(5485 5486 5507 5506)
4(5506 5507 5528 5527)
4(5527 5528 5549 5548)
4(5548 5549 5570 5569)
4(5569 5570 5590 5589)
4(5589 5590 5610 5609)
4(5609 5610 5630 5629)
4(5629 5630 5650 5649)
4(5649 5650 5669 5668)
4(5360 5361 5382 5381)
4(5381 5382 5403 5402)
4(5402 5403 5424 5423)
4(5423 5424 5445 5444)
4(5444 5445 5466 5465)
4(5465 5466 5487 5486)
4(5486 5487 5508 5507)
4(5507 5508 5529 5528)
4(5528 5529 5550 5549)
4(5549 5550 5571 5570)
4(5570 5571 5591 5590)
4(5590 5591 5611 5610)
4(5610 5611 5631 5630)
4(5630 5631 5651 5650)
4(5650 5651 5670 5669)
4(5361 5362 5383 5382)
4(5382 5383 5404 5403)
4(5403 5404 5425 5424)
4(5424 5425 5446 5445)
4(5445 5446 5467 5466)
4(5466 5467 5488 5487)
4(5487 5488 5509 5508)
4(5508 5509 5530 5529)
4(5529 5530 5551 5550)
4(5550 5551 5572 5571)
4(5571 5572 5592 5591)
4(5591 5592 5612 5611)
4(5611 5612 5632 5631)
4(5631 5632 5652 5651)
4(5651 5652 5671 5670)
4(5362 5363 5384 5383)
4(5383 5384 5405 5404)
4(5404 5405 5426 5425)
4(5425 5426 5447 5446)
4(5446 5447 5468 5467)
4(5467 5468 5489 5488)
4(5488 5489 5510 5509)
4(5509 5510 5531 5530)
4(5530 5531 5552 5551)
4(5551 5552 5573 5572)
4(5572 5573 5593 5592)
4(5592 5593 5613 5612)
4(5612 5613 5633 5632)
4(5632 5633 5653 5652)
4(5652 5653 5672 5671)
4(5363 5364 5385 5384)
4(5384 5385 5406 5405)
4(5405 5406 5427 5426)
4(5426 5427 5448 5447)
4(5447 5448 5469 5468)
4(5468 5469 5490 5489)
4(5489 5490 5511 5510)
4(5510 5511 5532 5531)
4(5531 5532 5553 5552)
4(5552 5553 5574 5573)
4(5573 5574 5594 5593)
4(5593 5594 5614 5613)
4(5613 5614 5634 5633)
4(5633 5634 5654 5653)
4(5653 5654 5673 5672)
4(5364 5365 5386 5385)
4(5385 5386 5407 5406)
4(5406 5407 5428 5427)
4(5427 5428 5449 5448)
4(5448 5449 5470 5469)
4(5469 5470 5491 5490)
4(5490 5491 5512 5511)
4(5511 5512 5533 5532)
4(5532 5533 5554 5553)
4(5553 5554 5575 5574)
4(5574 5575 5595 5594)
4(5594 5595 5615 5614)
4(5614 5615 5635 5634)
4(5634 5635 5655 5654)
4(5654 5655 5674 5673)
4(5365 5366 5387 5386)
4(5386 5387 5408 5407)
4(5407 5408 5429 5428)
4(5428 5429 5450 5449)
4(5449 5450 5471 5470)
4(5470 5471 5492 5491)
4(5491 5492 5513 5512)
4(5512 5513 5534 5533)
4(5533 5534 5555 5554)
4(5554 5555 5576 5575)
4(5575 5576 5596 5595)
4(5595 5596 5616 5615)
4(5615 5616 5636 5635)
4(5635 5636 5656 5655)
4(5655 5656 5675 5674)
4(5366 5367 5388 5387)
4(5387 5388 5409 5408)
4(5408 5409 5430 5429)
4(5429 5430 5451 5450)
4(5450 5451 5472 5471)
4(5471 5472 5493 5492)
4(5492 5493 5514 5513)
4(5513 5514 5535 5534)
4(5534 5535 5556 5555)
4(5555 5556 5577 5576)
4(5576 5577 5597 5596)
4(5596 5597 5617 5616)
4(5616 5617 5637 5636)
4(5636 5637 5657 5656)
4(5656 5657 5676 5675)
4(5367 5368 5389 5388)
4(5388 5389 5410 5409)
4(5409 5410 5431 5430)
4(5430 5431 5452 5451)
4(5451 5452 5473 5472)
4(5472 5473 5494 5493)
4(5493 5494 5515 5514)
4(5514 5515 5536 5535)
4(5535 5536 5557 5556)
4(5556 5557 5578 5577)
4(5577 5578 5598 5597)
4(5597 5598 5618 5617)
4(5617 5618 5638 5637)
4(5637 5638 5658 5657)
4(5657 5658 5677 5676)
4(5368 5369 5390 5389)
4(5389 5390 5411 5410)
4(5410 5411 5432 5431)
4(5431 5432 5453 5452)
4(5452 5453 5474 5473)
4(5473 5474 5495 5494)
4(5494 5495 5516 5515)
4(5515 5516 5537 5536)
4(5536 5537 5558 5557)
4(5557 5558 5579 5578)
4(5578 5579 5599 5598)
4(5598 5599 5619 5618)
4(5618 5619 5639 5638)
4(5638 5639 5659 5658)
4(5658 5659 5678 5677)
4(5369 5370 5391 5390)
4(5390 5391 5412 5411)
4(5411 5412 5433 5432)
4(5432 5433 5454 5453)
4(5453 5454 5475 5474)
4(5474 5475 5496 5495)
4(5495 5496 5517 5516)
4(5516 5517 5538 5537)
4(5537 5538 5559 5558)
4(5558 5559 5580 5579)
4(5579 5580 5600 5599)
4(5599 5600 5620 5619)
4(5619 5620 5640 5639)
4(5639 5640 5660 5659)
4(5659 5660 5679 5678)
4(5370 5371 5392 5391)
4(5391 5392 5413 5412)
4(5412 5413 5434 5433)
4(5433 5434 5455 5454)
4(5454 5455 5476 5475)
4(5475 5476 5497 5496)
4(5496 5497 5518 5517)
4(5517 5518 5539 5538)
4(5538 5539 5560 5559)
4(5559 5560 5581 5580)
4(5580 5581 5601 5600)
4(5600 5601 5621 5620)
4(5620 5621 5641 5640)
4(5640 5641 5661 5660)
4(5660 5661 5680 5679)
4(5371 5372 5393 5392)
4(5392 5393 5414 5413)
4(5413 5414 5435 5434)
4(5434 5435 5456 5455)
4(5455 5456 5477 5476)
4(5476 5477 5498 5497)
4(5497 5498 5519 5518)
4(5518 5519 5540 5539)
4(5539 5540 5561 5560)
4(5560 5561 5582 5581)
4(5581 5582 5602 5601)
4(5601 5602 5622 5621)
4(5621 5622 5642 5641)
4(5641 5642 5662 5661)
4(5661 5662 5681 5680)
4(2325 3567 5682 3722)
4(3722 5682 5817 4052)
4(4052 5817 5952 4382)
4(4382 5952 6096 4712)
4(4712 6096 6240 5042)
4(5042 6240 6384 5372)
4(3567 3568 5683 5682)
4(5682 5683 5818 5817)
4(5817 5818 5953 5952)
4(5952 5953 6097 6096)
4(6096 6097 6241 6240)
4(6240 6241 6385 6384)
4(3568 3569 5684 5683)
4(5683 5684 5819 5818)
4(5818 5819 5954 5953)
4(5953 5954 6098 6097)
4(6097 6098 6242 6241)
4(6241 6242 6386 6385)
4(3569 3570 5685 5684)
4(5684 5685 5820 5819)
4(5819 5820 5955 5954)
4(5954 5955 6099 6098)
4(6098 6099 6243 6242)
4(6242 6243 6387 6386)
4(3570 3571 5686 5685)
4(5685 5686 5821 5820)
4(5820 5821 5956 5955)
4(5955 5956 6100 6099)
4(6099 6100 6244 6243)
4(6243 6244 6388 6387)
4(3571 3572 5687 5686)
4(5686 5687 5822 5821)
4(5821 5822 5957 5956)
4(5956 5957 6101 6100)
4(6100 6101 6245 6244)
4(6244 6245 6389 6388)
4(3572 3573 5688 5687)
4(5687 5688 5823 5822)
4(5822 5823 5958 5957)
4(5957 5958 6102 6101)
4(6101 6102 6246 6245)
4(6245 6246 6390 6389)
4(3573 3574 5689 5688)
4(5688 5689 5824 5823)
4(5823 5824 5959 5958)
4(5958 5959 6103 6102)
4(6102 6103 6247 6246)
4(6246 6247 6391 6390)
4(3574 3575 5690 5689)
4(5689 5690 5825 5824)
4(5824 5825 5960 5959)
4(5959 5960 6104 6103)
4(6103 6104 6248 6247)
4(6247 6248 6392 6391)
4(5372 6384 6393 5393)
4(5393 6393 6402 5414)
4(5414 6402 6411 5435)
4(5435 6411 6420 5456)
4(5456 6420 6429 5477)
4(5477 6429 6438 5498)
4(5498 6438 6447 5519)
4(5519 6447 6456 5540)
4(5540 6456 6465 5561)
4(5561 6465 6474 5582)
4(5582 6474 6483 5602)
4(5602 6483 6492 5622)
4(5622 6492 6501 5642)
4(5642 6501 6510 5662)
4(5662 6510 6519 5681)
4(6384 6385 6394 6393)
4(6393 6394 6403 6402)
4(6402 6403 6412 6411)
4(6411 6412 6421 6420)
4(6420 6421 6430 6429)
4(6429 6430 6439 6438)
4(6438 6439 6448 6447)
4(6447 6448 6457 6456)
4(6456 6457 6466 6465)
4(6465 6466 6475 6474)
4(6474 6475 6484 6483)
4(6483 6484 6493 6492)
4(6492 6493 6502 6501)
4(6501 6502 6511 6510)
4(6510 6511 6520 6519)
4(6385 6386 6395 6394)
4(6394 6395 6404 6403)
4(6403 6404 6413 6412)
4(6412 6413 6422 6421)
4(6421 6422 6431 6430)
4(6430 6431 6440 6439)
4(6439 6440 6449 6448)
4(6448 6449 6458 6457)
4(6457 6458 6467 6466)
4(6466 6467 6476 6475)
4(6475 6476 6485 6484)
4(6484 6485 6494 6493)
4(6493 6494 6503 6502)
4(6502 6503 6512 6511)
4(6511 6512 6521 6520)
4(6386 6387 6396 6395)
4(6395 6396 6405 6404)
4(6404 6405 6414 6413)
4(6413 6414 6423 6422)
4(6422 6423 6432 6431)
4(6431 6432 6441 6440)
4(6440 6441 6450 6449)
4(6449 6450 6459 6458)
4(6458 6459 6468 6467)
4(6467 6468 6477 6476)
4(6476 6477 6486 6485)
4(6485 6486 6495 6494)
4(6494 6495 6504 6503)
4(6503 6504 6513 6512)
4(6512 6513 6522 6521)
4(6387 6388 6397 6396)
4(6396 6397 6406 6405)
4(6405 6406 6415 6414)
4(6414 6415 6424 6423)
4(6423 6424 6433 6432)
4(6432 6433 6442 6441)
4(6441 6442 6451 6450)
4(6450 6451 6460 6459)
4(6459 6460 6469 6468)
4(6468 6469 6478 6477)
4(6477 6478 6487 6486)
4(6486 6487 6496 6495)
4(6495 6496 6505 6504)
4(6504 6505 6514 6513)
4(6513 6514 6523 6522)
4(6388 6389 6398 6397)
4(6397 6398 6407 6406)
4(6406 6407 6416 6415)
4(6415 6416 6425 6424)
4(6424 6425 6434 6433)
4(6433 6434 6443 6442)
4(6442 6443 6452 6451)
4(6451 6452 6461 6460)
4(6460 6461 6470 6469)
4(6469 6470 6479 6478)
4(6478 6479 6488 6487)
4(6487 6488 6497 6496)
4(6496 6497 6506 6505)
4(6505 6506 6515 6514)
4(6514 6515 6524 6523)
4(6389 6390 6399 6398)
4(6398 6399 6408 6407)
4(6407 6408 6417 6416)
4(6416 6417 6426 6425)
4(6425 6426 6435 6434)
4(6434 6435 6444 6443)
4(6443 6444 6453 6452)
4(6452 6453 6462 6461)
4(6461 6462 6471 6470)
4(6470 6471 6480 6479)
4(6479 6480 6489 6488)
4(6488 6489 6498 6497)
4(6497 6498 6507 6506)
4(6506 6507 6516 6515)
4(6515 6516 6525 6524)
4(6390 6391 6400 6399)
4(6399 6400 6409 6408)
4(6408 6409 6418 6417)
4(6417 6418 6427 6426)
4(6426 6427 6436 6435)
4(6435 6436 6445 6444)
4(6444 6445 6454 6453)
4(6453 6454 6463 6462)
4(6462 6463 6472 6471)
4(6471 6472 6481 6480)
4(6480 6481 6490 6489)
4(6489 6490 6499 6498)
4(6498 6499 6508 6507)
4(6507 6508 6517 6516)
4(6516 6517 6526 6525)
4(6391 6392 6401 6400)
4(6400 6401 6410 6409)
4(6409 6410 6419 6418)
4(6418 6419 6428 6427)
4(6427 6428 6437 6436)
4(6436 6437 6446 6445)
4(6445 6446 6455 6454)
4(6454 6455 6464 6463)
4(6463 6464 6473 6472)
4(6472 6473 6482 6481)
4(6481 6482 6491 6490)
4(6490 6491 6500 6499)
4(6499 6500 6509 6508)
4(6508 6509 6518 6517)
4(6517 6518 6527 6526)
4(2643 2652 2780 2771)
4(2652 2661 2789 2780)
4(2661 2670 2798 2789)
4(2670 2679 2807 2798)
4(2679 2688 2816 2807)
4(2688 2697 2825 2816)
4(2696 2824 2825 2697)
4(2696 2705 2833 2824)
4(2705 2713 2841 2833)
4(2713 2721 2849 2841)
4(2721 2729 2857 2849)
4(2729 2737 2865 2857)
4(2737 2745 2873 2865)
4(2744 2872 2873 2745)
4(2744 2752 2880 2872)
4(2872 2880 2881 2873)
4(2752 2759 2888 2880)
4(2771 2780 2909 2900)
4(2780 2789 2918 2909)
4(2789 2798 2927 2918)
4(2798 2807 2936 2927)
4(2807 2816 2945 2936)
4(2816 2825 2954 2945)
4(2824 2953 2954 2825)
4(2824 2833 2962 2953)
4(2833 2841 2970 2962)
4(2841 2849 2978 2970)
4(2849 2857 2986 2978)
4(2857 2865 2994 2986)
4(2865 2873 3002 2994)
4(2873 2881 3010 3002)
4(2880 3009 3010 2881)
4(2880 2888 3017 3009)
4(3009 3017 3018 3010)
4(3017 3025 3026 3018)
4(2900 2909 3044 3035)
4(2909 2918 3053 3044)
4(2918 2927 3062 3053)
4(2927 2936 3071 3062)
4(2936 2945 3080 3071)
4(2945 2954 3089 3080)
4(2953 3088 3089 2954)
4(2953 2962 3097 3088)
4(2962 2970 3105 3097)
4(2970 2978 3113 3105)
4(2978 2986 3121 3113)
4(2986 2994 3129 3121)
4(2994 3002 3137 3129)
4(3002 3010 3145 3137)
4(3010 3018 3153 3145)
4(3018 3026 3161 3153)
4(3035 3044 3179 3170)
4(3044 3053 3188 3179)
4(3053 3062 3197 3188)
4(3062 3071 3206 3197)
4(3071 3080 3215 3206)
4(3080 3089 3224 3215)
4(3088 3223 3224 3089)
4(3088 3097 3232 3223)
4(3097 3105 3240 3232)
4(3105 3113 3248 3240)
4(3113 3121 3256 3248)
4(3121 3129 3264 3256)
4(3129 3137 3272 3264)
4(3137 3145 3280 3272)
4(3145 3153 3288 3280)
4(3153 3161 3296 3288)
4(3170 3179 3314 3305)
4(3179 3188 3323 3314)
4(3188 3197 3332 3323)
4(3197 3206 3341 3332)
4(3206 3215 3350 3341)
4(3215 3224 3359 3350)
4(3223 3358 3359 3224)
4(3223 3232 3367 3358)
4(3232 3240 3375 3367)
4(3240 3248 3383 3375)
4(3248 3256 3391 3383)
4(3256 3264 3399 3391)
4(3264 3272 3407 3399)
4(3272 3280 3415 3407)
4(3280 3288 3423 3415)
4(3288 3296 3431 3423)
4(3305 3314 3449 3440)
4(3314 3323 3458 3449)
4(3323 3332 3467 3458)
4(3332 3341 3476 3467)
4(3341 3350 3485 3476)
4(3350 3359 3494 3485)
4(3358 3493 3494 3359)
4(3358 3367 3502 3493)
4(3367 3375 3510 3502)
4(3375 3383 3518 3510)
4(3383 3391 3526 3518)
4(3391 3399 3534 3526)
4(3399 3407 3542 3534)
4(3407 3415 3550 3542)
4(3415 3423 3558 3550)
4(3423 3431 3566 3558)
4(3440 3449 3584 3575)
4(3449 3458 3593 3584)
4(3458 3467 3602 3593)
4(3467 3476 3611 3602)
4(3476 3485 3620 3611)
4(3485 3494 3629 3620)
4(3493 3628 3629 3494)
4(3493 3502 3637 3628)
4(3502 3510 3645 3637)
4(3510 3518 3653 3645)
4(3518 3526 3661 3653)
4(3526 3534 3669 3661)
4(3534 3542 3677 3669)
4(3542 3550 3685 3677)
4(3550 3558 3693 3685)
4(3558 3566 3701 3693)
4(3575 3584 5699 5690)
4(3584 3593 5708 5699)
4(3593 3602 5717 5708)
4(3602 3611 5726 5717)
4(3611 3620 5735 5726)
4(3620 3629 5744 5735)
4(3628 5743 5744 3629)
4(3628 3637 5752 5743)
4(3637 3645 5760 5752)
4(3645 3653 5768 5760)
4(3653 3661 5776 5768)
4(3661 3669 5784 5776)
4(3669 3677 5792 5784)
4(3677 3685 5800 5792)
4(3685 3693 5808 5800)
4(3693 3701 5816 5808)
4(5690 5699 5834 5825)
4(5699 5708 5843 5834)
4(5708 5717 5852 5843)
4(5717 5726 5861 5852)
4(5726 5735 5870 5861)
4(5735 5744 5879 5870)
4(5743 5878 5879 5744)
4(5743 5752 5887 5878)
4(5752 5760 5895 5887)
4(5760 5768 5903 5895)
4(5768 5776 5911 5903)
4(5776 5784 5919 5911)
4(5784 5792 5927 5919)
4(5792 5800 5935 5927)
4(5800 5808 5943 5935)
4(5808 5816 5951 5943)
4(5825 5834 5969 5960)
4(5834 5843 5978 5969)
4(5843 5852 5987 5978)
4(5852 5861 5996 5987)
4(5861 5870 6005 5996)
4(5870 5879 6014 6005)
4(5878 6013 6014 5879)
4(5878 5887 6022 6013)
4(6013 6022 6023 6014)
4(5887 5895 6031 6022)
4(6022 6031 6032 6023)
4(5895 5903 6040 6031)
4(6031 6040 6041 6032)
4(5903 5911 6049 6040)
4(6040 6049 6050 6041)
4(5911 5919 6058 6049)
4(6049 6058 6059 6050)
4(5919 5927 6067 6058)
4(6058 6067 6068 6059)
4(5927 5935 6076 6067)
4(6067 6076 6077 6068)
4(5935 5943 6085 6076)
4(6076 6085 6086 6077)
4(5943 5951 6094 6085)
4(6085 6094 6095 6086)
4(5960 5969 6113 6104)
4(5969 5978 6122 6113)
4(5978 5987 6131 6122)
4(5987 5996 6140 6131)
4(5996 6005 6149 6140)
4(6005 6014 6158 6149)
4(6014 6023 6167 6158)
4(6023 6032 6176 6167)
4(6032 6041 6185 6176)
4(6041 6050 6194 6185)
4(6050 6059 6203 6194)
4(6059 6068 6212 6203)
4(6068 6077 6221 6212)
4(6077 6086 6230 6221)
4(6086 6095 6239 6230)
4(6104 6113 6257 6248)
4(6113 6122 6266 6257)
4(6122 6131 6275 6266)
4(6131 6140 6284 6275)
4(6140 6149 6293 6284)
4(6149 6158 6302 6293)
4(6158 6167 6311 6302)
4(6167 6176 6320 6311)
4(6176 6185 6329 6320)
4(6185 6194 6338 6329)
4(6194 6203 6347 6338)
4(6203 6212 6356 6347)
4(6212 6221 6365 6356)
4(6221 6230 6374 6365)
4(6230 6239 6383 6374)
4(6248 6257 6401 6392)
4(6257 6266 6410 6401)
4(6266 6275 6419 6410)
4(6275 6284 6428 6419)
4(6284 6293 6437 6428)
4(6293 6302 6446 6437)
4(6302 6311 6455 6446)
4(6311 6320 6464 6455)
4(6320 6329 6473 6464)
4(6329 6338 6482 6473)
4(6338 6347 6491 6482)
4(6347 6356 6500 6491)
4(6356 6365 6509 6500)
4(6365 6374 6518 6509)
4(6374 6383 6527 6518)
4(3025 3160 3161 3026)
4(3160 3295 3296 3161)
4(3295 3430 3431 3296)
4(3430 3565 3566 3431)
4(3565 3700 3701 3566)
4(3700 5815 5816 3701)
4(5815 5950 5951 5816)
4(5950 6093 6094 5951)
4(6093 6237 6238 6094)
4(6094 6238 6239 6095)
4(6237 6381 6382 6238)
4(6238 6382 6383 6239)
4(6381 6525 6526 6382)
4(6382 6526 6527 6383)
4(0 19 20 1)
4(1 20 21 2)
4(2 21 22 3)
4(3 22 23 4)
4(4 23 24 5)
4(5 24 25 6)
4(6 25 26 7)
4(7 26 27 8)
4(8 27 28 9)
4(9 28 29 10)
4(10 29 30 11)
4(11 30 31 12)
4(12 31 32 13)
4(13 32 33 14)
4(14 33 34 15)
4(15 34 35 16)
4(16 35 36 17)
4(17 36 37 18)
4(19 38 39 20)
4(20 39 40 21)
4(21 40 41 22)
4(22 41 42 23)
4(23 42 43 24)
4(24 43 44 25)
4(25 44 45 26)
4(26 45 46 27)
4(27 46 47 28)
4(28 47 48 29)
4(29 48 49 30)
4(30 49 50 31)
4(31 50 51 32)
4(32 51 52 33)
4(33 52 53 34)
4(34 53 54 35)
4(35 54 55 36)
4(36 55 56 37)
4(38 57 58 39)
4(39 58 59 40)
4(40 59 60 41)
4(41 60 61 42)
4(42 61 62 43)
4(43 62 63 44)
4(44 63 64 45)
4(45 64 65 46)
4(46 65 66 47)
4(47 66 67 48)
4(48 67 68 49)
4(49 68 69 50)
4(50 69 70 51)
4(51 70 71 52)
4(52 71 72 53)
4(53 72 73 54)
4(54 73 74 55)
4(55 74 75 56)
4(57 76 77 58)
4(58 77 78 59)
4(59 78 79 60)
4(60 79 80 61)
4(61 80 81 62)
4(62 81 82 63)
4(63 82 83 64)
4(64 83 84 65)
4(65 84 85 66)
4(66 85 86 67)
4(67 86 87 68)
4(68 87 88 69)
4(69 88 89 70)
4(70 89 90 71)
4(71 90 91 72)
4(72 91 92 73)
4(73 92 93 74)
4(74 93 94 75)
4(76 95 96 77)
4(77 96 97 78)
4(78 97 98 79)
4(79 98 99 80)
4(80 99 100 81)
4(81 100 101 82)
4(82 101 102 83)
4(83 102 103 84)
4(84 103 104 85)
4(85 104 105 86)
4(86 105 106 87)
4(87 106 107 88)
4(88 107 108 89)
4(89 108 109 90)
4(90 109 110 91)
4(91 110 111 92)
4(92 111 112 93)
4(93 112 113 94)
4(95 114 115 96)
4(96 115 116 97)
4(97 116 117 98)
4(98 117 118 99)
4(99 118 119 100)
4(100 119 120 101)
4(101 120 121 102)
4(102 121 122 103)
4(103 122 123 104)
4(104 123 124 105)
4(105 124 125 106)
4(106 125 126 107)
4(107 126 127 108)
4(108 127 128 109)
4(109 128 129 110)
4(110 129 130 111)
4(111 130 131 112)
4(112 131 132 113)
4(114 133 134 115)
4(115 134 135 116)
4(116 135 136 117)
4(117 136 137 118)
4(118 137 138 119)
4(119 138 139 120)
4(120 139 140 121)
4(121 140 141 122)
4(122 141 142 123)
4(123 142 143 124)
4(124 143 144 125)
4(125 144 145 126)
4(126 145 146 127)
4(127 146 147 128)
4(128 147 148 129)
4(129 148 149 130)
4(130 149 150 131)
4(131 150 151 132)
4(133 152 153 134)
4(134 153 154 135)
4(135 154 155 136)
4(136 155 156 137)
4(137 156 157 138)
4(138 157 158 139)
4(139 158 159 140)
4(140 159 160 141)
4(141 160 161 142)
4(142 161 162 143)
4(143 162 163 144)
4(144 163 164 145)
4(145 164 165 146)
4(146 165 166 147)
4(147 166 167 148)
4(148 167 168 149)
4(149 168 169 150)
4(150 169 170 151)
4(152 171 172 153)
4(153 172 173 154)
4(154 173 174 155)
4(155 174 175 156)
4(156 175 176 157)
4(157 176 177 158)
4(158 177 178 159)
4(159 178 179 160)
4(160 179 180 161)
4(161 180 181 162)
4(162 181 182 163)
4(163 182 183 164)
4(164 183 184 165)
4(165 184 185 166)
4(166 185 186 167)
4(167 186 187 168)
4(168 187 188 169)
4(169 188 189 170)
4(171 190 191 172)
4(172 191 192 173)
4(173 192 193 174)
4(174 193 194 175)
4(175 194 195 176)
4(176 195 196 177)
4(177 196 197 178)
4(178 197 198 179)
4(179 198 199 180)
4(180 199 200 181)
4(181 200 201 182)
4(182 201 202 183)
4(183 202 203 184)
4(184 203 204 185)
4(185 204 205 186)
4(186 205 206 187)
4(187 206 207 188)
4(188 207 208 189)
4(190 209 210 191)
4(191 210 211 192)
4(192 211 212 193)
4(193 212 213 194)
4(194 213 214 195)
4(195 214 215 196)
4(196 215 216 197)
4(197 216 217 198)
4(198 217 218 199)
4(199 218 219 200)
4(200 219 220 201)
4(201 220 221 202)
4(202 221 222 203)
4(203 222 223 204)
4(204 223 224 205)
4(205 224 225 206)
4(206 225 226 207)
4(207 226 227 208)
4(209 228 229 210)
4(210 229 230 211)
4(211 230 231 212)
4(212 231 232 213)
4(213 232 233 214)
4(214 233 234 215)
4(215 234 235 216)
4(216 235 236 217)
4(217 236 237 218)
4(218 237 238 219)
4(219 238 239 220)
4(220 239 240 221)
4(221 240 241 222)
4(222 241 242 223)
4(223 242 243 224)
4(224 243 244 225)
4(225 244 245 226)
4(226 245 246 227)
4(228 247 248 229)
4(229 248 249 230)
4(230 249 250 231)
4(231 250 251 232)
4(232 251 252 233)
4(233 252 253 234)
4(234 253 254 235)
4(235 254 255 236)
4(236 255 256 237)
4(237 256 257 238)
4(238 257 258 239)
4(239 258 259 240)
4(240 259 260 241)
4(241 260 261 242)
4(242 261 262 243)
4(243 262 263 244)
4(244 263 264 245)
4(245 264 265 246)
4(247 266 267 248)
4(248 267 268 249)
4(249 268 269 250)
4(250 269 270 251)
4(251 270 271 252)
4(252 271 272 253)
4(253 272 273 254)
4(254 273 274 255)
4(255 274 275 256)
4(256 275 276 257)
4(257 276 277 258)
4(258 277 278 259)
4(259 278 279 260)
4(260 279 280 261)
4(261 280 281 262)
4(262 281 282 263)
4(263 282 283 264)
4(264 283 284 265)
4(266 285 286 267)
4(267 286 287 268)
4(268 287 288 269)
4(269 288 289 270)
4(270 289 290 271)
4(271 290 291 272)
4(272 291 292 273)
4(273 292 293 274)
4(274 293 294 275)
4(275 294 295 276)
4(276 295 296 277)
4(277 296 297 278)
4(278 297 298 279)
4(279 298 299 280)
4(280 299 300 281)
4(281 300 301 282)
4(282 301 302 283)
4(283 302 303 284)
4(285 304 305 286)
4(286 305 306 287)
4(18 37 2644 2635)
4(2635 2644 2645 2636)
4(2636 2645 2646 2637)
4(2637 2646 2647 2638)
4(2638 2647 2648 2639)
4(2639 2648 2649 2640)
4(2640 2649 2650 2641)
4(2641 2650 2651 2642)
4(2642 2651 2652 2643)
4(37 56 2653 2644)
4(2644 2653 2654 2645)
4(2645 2654 2655 2646)
4(2646 2655 2656 2647)
4(2647 2656 2657 2648)
4(2648 2657 2658 2649)
4(2649 2658 2659 2650)
4(2650 2659 2660 2651)
4(2651 2660 2661 2652)
4(56 75 2662 2653)
4(2653 2662 2663 2654)
4(2654 2663 2664 2655)
4(2655 2664 2665 2656)
4(2656 2665 2666 2657)
4(2657 2666 2667 2658)
4(2658 2667 2668 2659)
4(2659 2668 2669 2660)
4(2660 2669 2670 2661)
4(75 94 2671 2662)
4(2662 2671 2672 2663)
4(2663 2672 2673 2664)
4(2664 2673 2674 2665)
4(2665 2674 2675 2666)
4(2666 2675 2676 2667)
4(2667 2676 2677 2668)
4(2668 2677 2678 2669)
4(2669 2678 2679 2670)
4(94 113 2680 2671)
4(2671 2680 2681 2672)
4(2672 2681 2682 2673)
4(2673 2682 2683 2674)
4(2674 2683 2684 2675)
4(2675 2684 2685 2676)
4(2676 2685 2686 2677)
4(2677 2686 2687 2678)
4(2678 2687 2688 2679)
4(113 132 2689 2680)
4(2680 2689 2690 2681)
4(2681 2690 2691 2682)
4(2682 2691 2692 2683)
4(2683 2692 2693 2684)
4(2684 2693 2694 2685)
4(2685 2694 2695 2686)
4(2686 2695 2696 2687)
4(2687 2696 2697 2688)
4(132 151 2698 2689)
4(2689 2698 2699 2690)
4(2690 2699 2700 2691)
4(2691 2700 2701 2692)
4(2692 2701 2702 2693)
4(2693 2702 2703 2694)
4(2694 2703 2704 2695)
4(2695 2704 2705 2696)
4(151 170 2706 2698)
4(2698 2706 2707 2699)
4(2699 2707 2708 2700)
4(2700 2708 2709 2701)
4(2701 2709 2710 2702)
4(2702 2710 2711 2703)
4(2703 2711 2712 2704)
4(2704 2712 2713 2705)
4(170 189 2714 2706)
4(2706 2714 2715 2707)
4(2707 2715 2716 2708)
4(2708 2716 2717 2709)
4(2709 2717 2718 2710)
4(2710 2718 2719 2711)
4(2711 2719 2720 2712)
4(2712 2720 2721 2713)
4(189 208 2722 2714)
4(2714 2722 2723 2715)
4(2715 2723 2724 2716)
4(2716 2724 2725 2717)
4(2717 2725 2726 2718)
4(2718 2726 2727 2719)
4(2719 2727 2728 2720)
4(2720 2728 2729 2721)
4(208 227 2730 2722)
4(2722 2730 2731 2723)
4(2723 2731 2732 2724)
4(2724 2732 2733 2725)
4(2725 2733 2734 2726)
4(2726 2734 2735 2727)
4(2727 2735 2736 2728)
4(2728 2736 2737 2729)
4(227 246 2738 2730)
4(2730 2738 2739 2731)
4(2731 2739 2740 2732)
4(2732 2740 2741 2733)
4(2733 2741 2742 2734)
4(2734 2742 2743 2735)
4(2735 2743 2744 2736)
4(2736 2744 2745 2737)
4(246 265 2746 2738)
4(2738 2746 2747 2739)
4(2739 2747 2748 2740)
4(2740 2748 2749 2741)
4(2741 2749 2750 2742)
4(2742 2750 2751 2743)
4(2743 2751 2752 2744)
4(265 284 2753 2746)
4(2746 2753 2754 2747)
4(2747 2754 2755 2748)
4(2748 2755 2756 2749)
4(2749 2756 2757 2750)
4(2750 2757 2758 2751)
4(2751 2758 2759 2752)
4(284 303 2760 2753)
4(2753 2760 2761 2754)
4(2754 2761 2762 2755)
4(287 620 621 288)
4(288 621 622 289)
4(289 622 623 290)
4(290 623 624 291)
4(291 624 625 292)
4(292 625 626 293)
4(293 626 627 294)
4(294 627 628 295)
4(295 628 629 296)
4(296 629 630 297)
4(297 630 631 298)
4(298 631 632 299)
4(299 632 633 300)
4(300 633 634 301)
4(301 634 635 302)
4(302 635 636 303)
4(287 306 639 620)
4(620 953 954 621)
4(621 954 955 622)
4(622 955 956 623)
4(623 956 957 624)
4(624 957 958 625)
4(625 958 959 626)
4(626 959 960 627)
4(627 960 961 628)
4(628 961 962 629)
4(629 962 963 630)
4(630 963 964 631)
4(631 964 965 632)
4(632 965 966 633)
4(633 966 967 634)
4(634 967 968 635)
4(635 968 969 636)
4(620 639 972 953)
4(953 1286 1287 954)
4(954 1287 1288 955)
4(955 1288 1289 956)
4(956 1289 1290 957)
4(957 1290 1291 958)
4(958 1291 1292 959)
4(959 1292 1293 960)
4(960 1293 1294 961)
4(961 1294 1295 962)
4(962 1295 1296 963)
4(963 1296 1297 964)
4(964 1297 1298 965)
4(965 1298 1299 966)
4(966 1299 1300 967)
4(967 1300 1301 968)
4(968 1301 1302 969)
4(953 972 1305 1286)
4(1286 1619 1620 1287)
4(1287 1620 1621 1288)
4(1288 1621 1622 1289)
4(1289 1622 1623 1290)
4(1290 1623 1624 1291)
4(1291 1624 1625 1292)
4(1292 1625 1626 1293)
4(1293 1626 1627 1294)
4(1294 1627 1628 1295)
4(1295 1628 1629 1296)
4(1296 1629 1630 1297)
4(1297 1630 1631 1298)
4(1298 1631 1632 1299)
4(1299 1632 1633 1300)
4(1300 1633 1634 1301)
4(1301 1634 1635 1302)
4(1286 1305 1638 1619)
4(1619 1952 1953 1620)
4(1620 1953 1954 1621)
4(1621 1954 1955 1622)
4(1622 1955 1956 1623)
4(1623 1956 1957 1624)
4(1624 1957 1958 1625)
4(1625 1958 1959 1626)
4(1626 1959 1960 1627)
4(1627 1960 1961 1628)
4(1628 1961 1962 1629)
4(1629 1962 1963 1630)
4(1630 1963 1964 1631)
4(1631 1964 1965 1632)
4(1632 1965 1966 1633)
4(1633 1966 1967 1634)
4(1634 1967 1968 1635)
4(1619 1638 1971 1952)
4(1952 2285 2286 1953)
4(1953 2286 2287 1954)
4(1954 2287 2288 1955)
4(1955 2288 2289 1956)
4(1956 2289 2290 1957)
4(1957 2290 2291 1958)
4(1958 2291 2292 1959)
4(1959 2292 2293 1960)
4(1960 2293 2294 1961)
4(1961 2294 2295 1962)
4(1962 2295 2296 1963)
4(1963 2296 2297 1964)
4(1964 2297 2298 1965)
4(1965 2298 2299 1966)
4(1966 2299 2300 1967)
4(1967 2300 2301 1968)
4(2283 2284 2303 2302)
4(1952 1971 2304 2285)
4(2284 2285 2304 2303)
4(2283 2616 2617 2284)
4(2284 2617 2618 2285)
4(2285 2618 2619 2286)
4(2286 2619 2620 2287)
4(2287 2620 2621 2288)
4(2288 2621 2622 2289)
4(2289 2622 2623 2290)
4(2290 2623 2624 2291)
4(2291 2624 2625 2292)
4(2292 2625 2626 2293)
4(2293 2626 2627 2294)
4(2294 2627 2628 2295)
4(2295 2628 2629 2296)
4(2296 2629 2630 2297)
4(2297 2630 2631 2298)
4(2298 2631 2632 2299)
4(2299 2632 2633 2300)
4(2300 2633 2634 2301)
4(2755 2884 2885 2756)
4(2756 2885 2886 2757)
4(2757 2886 2887 2758)
4(2758 2887 2888 2759)
4(303 636 2889 2760)
4(2760 2889 2890 2761)
4(2755 2762 2891 2884)
4(2761 2890 2891 2762)
4(2884 3013 3014 2885)
4(2885 3014 3015 2886)
4(2886 3015 3016 2887)
4(2887 3016 3017 2888)
4(636 969 3019 2889)
4(2889 3019 3020 2890)
4(2884 2891 3021 3013)
4(2890 3020 3021 2891)
4(3013 3021 3022 3014)
4(3014 3022 3023 3015)
4(3015 3023 3024 3016)
4(3016 3024 3025 3017)
4(969 1302 3154 3019)
4(3019 3154 3155 3020)
4(3020 3155 3156 3021)
4(3021 3156 3157 3022)
4(3022 3157 3158 3023)
4(3023 3158 3159 3024)
4(3024 3159 3160 3025)
4(1302 1635 3289 3154)
4(3154 3289 3290 3155)
4(3155 3290 3291 3156)
4(3156 3291 3292 3157)
4(3157 3292 3293 3158)
4(3158 3293 3294 3159)
4(3159 3294 3295 3160)
4(1635 1968 3424 3289)
4(3289 3424 3425 3290)
4(3290 3425 3426 3291)
4(3291 3426 3427 3292)
4(3292 3427 3428 3293)
4(3293 3428 3429 3294)
4(3294 3429 3430 3295)
4(1968 2301 3559 3424)
4(3424 3559 3560 3425)
4(3425 3560 3561 3426)
4(3426 3561 3562 3427)
4(3427 3562 3563 3428)
4(3428 3563 3564 3429)
4(3429 3564 3565 3430)
4(2301 2634 3694 3559)
4(3559 3694 3695 3560)
4(3560 3695 3696 3561)
4(3561 3696 3697 3562)
4(3562 3697 3698 3563)
4(3563 3698 3699 3564)
4(3564 3699 3700 3565)
4(2616 4013 4014 2617)
4(2617 4014 4015 2618)
4(2618 4015 4016 2619)
4(2619 4016 4017 2620)
4(2620 4017 4018 2621)
4(2621 4018 4019 2622)
4(2622 4019 4020 2623)
4(2623 4020 4021 2624)
4(2624 4021 4022 2625)
4(2625 4022 4023 2626)
4(2626 4023 4024 2627)
4(2627 4024 4025 2628)
4(2628 4025 4026 2629)
4(2629 4026 4027 2630)
4(2630 4027 4028 2631)
4(2631 4028 4029 2632)
4(2632 4029 4030 2633)
4(2633 4030 4031 2634)
4(4013 4343 4344 4014)
4(4014 4344 4345 4015)
4(4015 4345 4346 4016)
4(4016 4346 4347 4017)
4(4017 4347 4348 4018)
4(4018 4348 4349 4019)
4(4019 4349 4350 4020)
4(4020 4350 4351 4021)
4(4021 4351 4352 4022)
4(4022 4352 4353 4023)
4(4023 4353 4354 4024)
4(4024 4354 4355 4025)
4(4025 4355 4356 4026)
4(4026 4356 4357 4027)
4(4027 4357 4358 4028)
4(4028 4358 4359 4029)
4(4029 4359 4360 4030)
4(4030 4360 4361 4031)
4(4343 4673 4674 4344)
4(4344 4674 4675 4345)
4(4345 4675 4676 4346)
4(4346 4676 4677 4347)
4(4347 4677 4678 4348)
4(4348 4678 4679 4349)
4(4349 4679 4680 4350)
4(4350 4680 4681 4351)
4(4351 4681 4682 4352)
4(4352 4682 4683 4353)
4(4353 4683 4684 4354)
4(4354 4684 4685 4355)
4(4355 4685 4686 4356)
4(4356 4686 4687 4357)
4(4357 4687 4688 4358)
4(4358 4688 4689 4359)
4(4359 4689 4690 4360)
4(4360 4690 4691 4361)
4(4673 5003 5004 4674)
4(4674 5004 5005 4675)
4(4675 5005 5006 4676)
4(4676 5006 5007 4677)
4(4677 5007 5008 4678)
4(4678 5008 5009 4679)
4(4679 5009 5010 4680)
4(4680 5010 5011 4681)
4(4681 5011 5012 4682)
4(4682 5012 5013 4683)
4(4683 5013 5014 4684)
4(4684 5014 5015 4685)
4(4685 5015 5016 4686)
4(4686 5016 5017 4687)
4(4687 5017 5018 4688)
4(4688 5018 5019 4689)
4(4689 5019 5020 4690)
4(4690 5020 5021 4691)
4(5003 5333 5334 5004)
4(5004 5334 5335 5005)
4(5005 5335 5336 5006)
4(5006 5336 5337 5007)
4(5007 5337 5338 5008)
4(5008 5338 5339 5009)
4(5009 5339 5340 5010)
4(5010 5340 5341 5011)
4(5011 5341 5342 5012)
4(5012 5342 5343 5013)
4(5013 5343 5344 5014)
4(5014 5344 5345 5015)
4(5015 5345 5346 5016)
4(5016 5346 5347 5017)
4(5017 5347 5348 5018)
4(5018 5348 5349 5019)
4(5019 5349 5350 5020)
4(5020 5350 5351 5021)
4(5333 5663 5664 5334)
4(5334 5664 5665 5335)
4(5335 5665 5666 5336)
4(5336 5666 5667 5337)
4(5337 5667 5668 5338)
4(5338 5668 5669 5339)
4(5339 5669 5670 5340)
4(5340 5670 5671 5341)
4(5341 5671 5672 5342)
4(5342 5672 5673 5343)
4(5343 5673 5674 5344)
4(5344 5674 5675 5345)
4(5345 5675 5676 5346)
4(5346 5676 5677 5347)
4(5347 5677 5678 5348)
4(5348 5678 5679 5349)
4(5349 5679 5680 5350)
4(5350 5680 5681 5351)
4(2634 4031 5809 3694)
4(3694 5809 5810 3695)
4(3695 5810 5811 3696)
4(3696 5811 5812 3697)
4(3697 5812 5813 3698)
4(3698 5813 5814 3699)
4(3699 5814 5815 3700)
4(4031 4361 5944 5809)
4(5809 5944 5945 5810)
4(5810 5945 5946 5811)
4(5811 5946 5947 5812)
4(5812 5947 5948 5813)
4(5813 5948 5949 5814)
4(5814 5949 5950 5815)
4(4361 4691 6087 5944)
4(5944 6087 6088 5945)
4(5945 6088 6089 5946)
4(5946 6089 6090 5947)
4(5947 6090 6091 5948)
4(5948 6091 6092 5949)
4(5949 6092 6093 5950)
4(4691 5021 6231 6087)
4(6087 6231 6232 6088)
4(6088 6232 6233 6089)
4(6089 6233 6234 6090)
4(6090 6234 6235 6091)
4(6091 6235 6236 6092)
4(6092 6236 6237 6093)
4(5021 5351 6375 6231)
4(6231 6375 6376 6232)
4(6232 6376 6377 6233)
4(6233 6377 6378 6234)
4(6234 6378 6379 6235)
4(6235 6379 6380 6236)
4(6236 6380 6381 6237)
4(5351 5681 6519 6375)
4(6375 6519 6520 6376)
4(6376 6520 6521 6377)
4(6377 6521 6522 6378)
4(6378 6522 6523 6379)
4(6379 6523 6524 6380)
4(6380 6524 6525 6381)
4(304 637 638 305)
4(305 638 639 306)
4(637 970 971 638)
4(638 971 972 639)
4(970 1303 1304 971)
4(971 1304 1305 972)
4(1303 1636 1637 1304)
4(1304 1637 1638 1305)
4(1636 1969 1970 1637)
4(1637 1970 1971 1638)
4(1969 2302 2303 1970)
4(1970 2303 2304 1971)
4(307 640 661 328)
4(328 661 682 349)
4(349 682 703 370)
4(370 703 724 391)
4(391 724 745 412)
4(412 745 766 433)
4(433 766 787 454)
4(454 787 808 475)
4(475 808 829 496)
4(496 829 850 517)
4(517 850 851 518)
4(518 851 871 538)
4(538 871 891 558)
4(558 891 911 578)
4(578 911 931 598)
4(598 931 932 599)
4(599 932 951 618)
4(618 951 970 637)
4(640 973 994 661)
4(661 994 1015 682)
4(682 1015 1036 703)
4(703 1036 1057 724)
4(724 1057 1078 745)
4(745 1078 1099 766)
4(766 1099 1120 787)
4(787 1120 1141 808)
4(808 1141 1162 829)
4(829 1162 1183 850)
4(850 1183 1184 851)
4(851 1184 1204 871)
4(871 1204 1224 891)
4(891 1224 1244 911)
4(911 1244 1264 931)
4(931 1264 1265 932)
4(932 1265 1284 951)
4(951 1284 1303 970)
4(973 1306 1327 994)
4(994 1327 1348 1015)
4(1015 1348 1369 1036)
4(1036 1369 1390 1057)
4(1057 1390 1411 1078)
4(1078 1411 1432 1099)
4(1099 1432 1453 1120)
4(1120 1453 1474 1141)
4(1141 1474 1495 1162)
4(1162 1495 1516 1183)
4(1183 1516 1517 1184)
4(1184 1517 1537 1204)
4(1204 1537 1557 1224)
4(1224 1557 1577 1244)
4(1244 1577 1597 1264)
4(1264 1597 1598 1265)
4(1265 1598 1617 1284)
4(1284 1617 1636 1303)
4(1306 1639 1660 1327)
4(1327 1660 1681 1348)
4(1348 1681 1702 1369)
4(1369 1702 1723 1390)
4(1390 1723 1744 1411)
4(1411 1744 1765 1432)
4(1432 1765 1786 1453)
4(1453 1786 1807 1474)
4(1474 1807 1828 1495)
4(1495 1828 1849 1516)
4(1516 1849 1850 1517)
4(1517 1850 1870 1537)
4(1537 1870 1890 1557)
4(1557 1890 1910 1577)
4(1577 1910 1930 1597)
4(1597 1930 1931 1598)
4(1598 1931 1950 1617)
4(1617 1950 1969 1636)
4(1639 1972 1993 1660)
4(1660 1993 2014 1681)
4(1681 2014 2035 1702)
4(1702 2035 2056 1723)
4(1723 2056 2077 1744)
4(1744 2077 2098 1765)
4(1765 2098 2119 1786)
4(1786 2119 2140 1807)
4(1807 2140 2161 1828)
4(1828 2161 2182 1849)
4(1849 2182 2183 1850)
4(1850 2183 2203 1870)
4(1870 2203 2223 1890)
4(1890 2223 2243 1910)
4(1910 2243 2263 1930)
4(1930 2263 2264 1931)
4(1931 2264 2283 1950)
4(1950 2283 2302 1969)
4(1972 2305 2326 1993)
4(1993 2326 2347 2014)
4(2014 2347 2368 2035)
4(2035 2368 2389 2056)
4(2056 2389 2410 2077)
4(2077 2410 2431 2098)
4(2098 2431 2452 2119)
4(2119 2452 2473 2140)
4(2140 2473 2494 2161)
4(2161 2494 2515 2182)
4(2182 2515 2516 2183)
4(2183 2516 2536 2203)
4(2203 2536 2556 2223)
4(2223 2556 2576 2243)
4(2243 2576 2596 2263)
4(2263 2596 2597 2264)
4(2264 2597 2616 2283)
4(2305 3702 3723 2326)
4(2326 3723 3744 2347)
4(2347 3744 3765 2368)
4(2368 3765 3786 2389)
4(2389 3786 3807 2410)
4(2410 3807 3828 2431)
4(2431 3828 3849 2452)
4(2452 3849 3870 2473)
4(2473 3870 3891 2494)
4(2494 3891 3912 2515)
4(2515 3912 3913 2516)
4(2516 3913 3933 2536)
4(2536 3933 3953 2556)
4(2556 3953 3973 2576)
4(2576 3973 3993 2596)
4(2596 3993 3994 2597)
4(2597 3994 4013 2616)
4(3702 4032 4053 3723)
4(3723 4053 4074 3744)
4(3744 4074 4095 3765)
4(3765 4095 4116 3786)
4(3786 4116 4137 3807)
4(3807 4137 4158 3828)
4(3828 4158 4179 3849)
4(3849 4179 4200 3870)
4(3870 4200 4221 3891)
4(3891 4221 4242 3912)
4(3912 4242 4243 3913)
4(3913 4243 4263 3933)
4(3933 4263 4283 3953)
4(3953 4283 4303 3973)
4(3973 4303 4323 3993)
4(3993 4323 4324 3994)
4(3994 4324 4343 4013)
4(4032 4362 4383 4053)
4(4053 4383 4404 4074)
4(4074 4404 4425 4095)
4(4095 4425 4446 4116)
4(4116 4446 4467 4137)
4(4137 4467 4488 4158)
4(4158 4488 4509 4179)
4(4179 4509 4530 4200)
4(4200 4530 4551 4221)
4(4221 4551 4572 4242)
4(4242 4572 4573 4243)
4(4243 4573 4593 4263)
4(4263 4593 4613 4283)
4(4283 4613 4633 4303)
4(4303 4633 4653 4323)
4(4323 4653 4654 4324)
4(4324 4654 4673 4343)
4(4362 4692 4713 4383)
4(4383 4713 4734 4404)
4(4404 4734 4755 4425)
4(4425 4755 4776 4446)
4(4446 4776 4797 4467)
4(4467 4797 4818 4488)
4(4488 4818 4839 4509)
4(4509 4839 4860 4530)
4(4530 4860 4881 4551)
4(4551 4881 4902 4572)
4(4572 4902 4903 4573)
4(4573 4903 4923 4593)
4(4593 4923 4943 4613)
4(4613 4943 4963 4633)
4(4633 4963 4983 4653)
4(4653 4983 4984 4654)
4(4654 4984 5003 4673)
4(4692 5022 5043 4713)
4(4713 5043 5064 4734)
4(4734 5064 5085 4755)
4(4755 5085 5106 4776)
4(4776 5106 5127 4797)
4(4797 5127 5148 4818)
4(4818 5148 5169 4839)
4(4839 5169 5190 4860)
4(4860 5190 5211 4881)
4(4881 5211 5232 4902)
4(4902 5232 5233 4903)
4(4903 5233 5253 4923)
4(4923 5253 5273 4943)
4(4943 5273 5293 4963)
4(4963 5293 5313 4983)
4(4983 5313 5314 4984)
4(4984 5314 5333 5003)
4(5022 5352 5373 5043)
4(5043 5373 5394 5064)
4(5064 5394 5415 5085)
4(5085 5415 5436 5106)
4(5106 5436 5457 5127)
4(5127 5457 5478 5148)
4(5148 5478 5499 5169)
4(5169 5499 5520 5190)
4(5190 5520 5541 5211)
4(5211 5541 5562 5232)
4(5232 5562 5563 5233)
4(5233 5563 5583 5253)
4(5253 5583 5603 5273)
4(5273 5603 5623 5293)
4(5293 5623 5643 5313)
4(5313 5643 5644 5314)
4(5314 5644 5663 5333)
4(307 328 329 308)
4(0 309 330 19)
4(308 329 330 309)
4(328 349 350 329)
4(19 330 351 38)
4(329 350 351 330)
4(349 370 371 350)
4(38 351 372 57)
4(350 371 372 351)
4(370 391 392 371)
4(57 372 393 76)
4(371 392 393 372)
4(391 412 413 392)
4(76 393 414 95)
4(392 413 414 393)
4(412 433 434 413)
4(95 414 435 114)
4(413 434 435 414)
4(433 454 455 434)
4(114 435 456 133)
4(434 455 456 435)
4(454 475 476 455)
4(133 456 477 152)
4(455 476 477 456)
4(475 496 497 476)
4(152 477 498 171)
4(476 497 498 477)
4(496 517 518 497)
4(171 498 519 190)
4(497 518 519 498)
4(190 519 539 209)
4(518 538 539 519)
4(209 539 559 228)
4(538 558 559 539)
4(228 559 579 247)
4(558 578 579 559)
4(247 579 599 266)
4(578 598 599 579)
4(266 599 618 285)
4(285 618 637 304)
)


// ************************************************************************* //
