/*--------------------------------*- C++ -*----------------------------------*\
| =========                 |                                                 |
| \\      /  F ield         | OpenFOAM: The Open Source CFD Toolbox           |
|  \\    /   O peration     | Version:  2406                                  |
|   \\  /    A nd           | Website:  www.openfoam.com                      |
|    \\/     M anipulation  |                                                 |
\*---------------------------------------------------------------------------*/
FoamFile
{
    version     2.0;
    format      ascii;
    arch        "LSB;label=32;scalar=64";
    class       vectorField;
    location    "constant/polyMesh";
    object      points;
}
// * * * * * * * * * * * * * * * * * * * * * * * * * * * * * * * * * * * * * //


6528
(
(0.12 -0.07 0.01625)
(0.1233333333 -0.07 0.01625)
(0.1266666667 -0.07 0.01625)
(0.13 -0.07 0.01625)
(0.1333333333 -0.07 0.01625)
(0.1366666667 -0.07 0.01625)
(0.14 -0.07 0.01625)
(0.1433333333 -0.07 0.01625)
(0.1466666667 -0.07 0.01625)
(0.15 -0.07 0.01625)
(0.1533333333 -0.07 0.01625)
(0.1566666667 -0.07 0.01625)
(0.16 -0.07 0.01625)
(0.1633333333 -0.07 0.01625)
(0.1666666667 -0.07 0.01625)
(0.17 -0.07 0.01625)
(0.1733333333 -0.07 0.01625)
(0.1766666667 -0.07 0.01625)
(0.18 -0.07 0.01625)
(0.12 -0.065625 0.01625)
(0.1233333333 -0.065625 0.01625)
(0.1266666667 -0.065625 0.01625)
(0.13 -0.065625 0.01625)
(0.1333333333 -0.065625 0.01625)
(0.1366666667 -0.065625 0.01625)
(0.14 -0.065625 0.01625)
(0.1433333333 -0.065625 0.01625)
(0.1466666667 -0.065625 0.01625)
(0.15 -0.065625 0.01625)
(0.1533333333 -0.065625 0.01625)
(0.1566666667 -0.065625 0.01625)
(0.16 -0.065625 0.01625)
(0.1633333333 -0.065625 0.01625)
(0.1666666667 -0.065625 0.01625)
(0.17 -0.065625 0.01625)
(0.1733333333 -0.065625 0.01625)
(0.1766666667 -0.065625 0.01625)
(0.18 -0.065625 0.01625)
(0.12 -0.06125 0.01625)
(0.1233333333 -0.06125 0.01625)
(0.1266666667 -0.06125 0.01625)
(0.13 -0.06125 0.01625)
(0.1333333333 -0.06125 0.01625)
(0.1366666667 -0.06125 0.01625)
(0.14 -0.06125 0.01625)
(0.1433333333 -0.06125 0.01625)
(0.1466666667 -0.06125 0.01625)
(0.15 -0.06125 0.01625)
(0.1533333333 -0.06125 0.01625)
(0.1566666667 -0.06125 0.01625)
(0.16 -0.06125 0.01625)
(0.1633333333 -0.06125 0.01625)
(0.1666666667 -0.06125 0.01625)
(0.17 -0.06125 0.01625)
(0.1733333333 -0.06125 0.01625)
(0.1766666667 -0.06125 0.01625)
(0.18 -0.06125 0.01625)
(0.12 -0.056875 0.01625)
(0.1233333333 -0.056875 0.01625)
(0.1266666667 -0.056875 0.01625)
(0.13 -0.056875 0.01625)
(0.1333333333 -0.056875 0.01625)
(0.1366666667 -0.056875 0.01625)
(0.14 -0.056875 0.01625)
(0.1433333333 -0.056875 0.01625)
(0.1466666667 -0.056875 0.01625)
(0.15 -0.056875 0.01625)
(0.1533333333 -0.056875 0.01625)
(0.1566666667 -0.056875 0.01625)
(0.16 -0.056875 0.01625)
(0.1633333333 -0.056875 0.01625)
(0.1666666667 -0.056875 0.01625)
(0.17 -0.056875 0.01625)
(0.1733333333 -0.056875 0.01625)
(0.1766666667 -0.056875 0.01625)
(0.18 -0.056875 0.01625)
(0.12 -0.0525 0.01625)
(0.1233333333 -0.0525 0.01625)
(0.1266666667 -0.0525 0.01625)
(0.13 -0.0525 0.01625)
(0.1333333333 -0.0525 0.01625)
(0.1366666667 -0.0525 0.01625)
(0.14 -0.0525 0.01625)
(0.1433333333 -0.0525 0.01625)
(0.1466666667 -0.0525 0.01625)
(0.15 -0.0525 0.01625)
(0.1533333333 -0.0525 0.01625)
(0.1566666667 -0.0525 0.01625)
(0.16 -0.0525 0.01625)
(0.1633333333 -0.0525 0.01625)
(0.1666666667 -0.0525 0.01625)
(0.17 -0.0525 0.01625)
(0.1733333333 -0.0525 0.01625)
(0.1766666667 -0.0525 0.01625)
(0.18 -0.0525 0.01625)
(0.12 -0.048125 0.01625)
(0.1233333333 -0.048125 0.01625)
(0.1266666667 -0.048125 0.01625)
(0.13 -0.048125 0.01625)
(0.1333333333 -0.048125 0.01625)
(0.1366666667 -0.048125 0.01625)
(0.14 -0.048125 0.01625)
(0.1433333333 -0.048125 0.01625)
(0.1466666667 -0.048125 0.01625)
(0.15 -0.048125 0.01625)
(0.1533333333 -0.048125 0.01625)
(0.1566666667 -0.048125 0.01625)
(0.16 -0.048125 0.01625)
(0.1633333333 -0.048125 0.01625)
(0.1666666667 -0.048125 0.01625)
(0.17 -0.048125 0.01625)
(0.1733333333 -0.048125 0.01625)
(0.1766666667 -0.048125 0.01625)
(0.18 -0.048125 0.01625)
(0.12 -0.04375 0.01625)
(0.1233333333 -0.04375 0.01625)
(0.1266666667 -0.04375 0.01625)
(0.13 -0.04375 0.01625)
(0.1333333333 -0.04375 0.01625)
(0.1366666667 -0.04375 0.01625)
(0.14 -0.04375 0.01625)
(0.1433333333 -0.04375 0.01625)
(0.1466666667 -0.04375 0.01625)
(0.15 -0.04375 0.01625)
(0.1533333333 -0.04375 0.01625)
(0.1566666667 -0.04375 0.01625)
(0.16 -0.04375 0.01625)
(0.1633333333 -0.04375 0.01625)
(0.1666666667 -0.04375 0.01625)
(0.17 -0.04375 0.01625)
(0.1733333333 -0.04375 0.01625)
(0.1766666667 -0.04375 0.01625)
(0.18 -0.04375 0.01625)
(0.12 -0.039375 0.01625)
(0.1233333333 -0.039375 0.01625)
(0.1266666667 -0.039375 0.01625)
(0.13 -0.039375 0.01625)
(0.1333333333 -0.039375 0.01625)
(0.1366666667 -0.039375 0.01625)
(0.14 -0.039375 0.01625)
(0.1433333333 -0.039375 0.01625)
(0.1466666667 -0.039375 0.01625)
(0.15 -0.039375 0.01625)
(0.1533333333 -0.039375 0.01625)
(0.1566666667 -0.039375 0.01625)
(0.16 -0.039375 0.01625)
(0.1633333333 -0.039375 0.01625)
(0.1666666667 -0.039375 0.01625)
(0.17 -0.039375 0.01625)
(0.1733333333 -0.039375 0.01625)
(0.1766666667 -0.039375 0.01625)
(0.18 -0.039375 0.01625)
(0.12 -0.035 0.01625)
(0.1233333333 -0.035 0.01625)
(0.1266666667 -0.035 0.01625)
(0.13 -0.035 0.01625)
(0.1333333333 -0.035 0.01625)
(0.1366666667 -0.035 0.01625)
(0.14 -0.035 0.01625)
(0.1433333333 -0.035 0.01625)
(0.1466666667 -0.035 0.01625)
(0.15 -0.035 0.01625)
(0.1533333333 -0.035 0.01625)
(0.1566666667 -0.035 0.01625)
(0.16 -0.035 0.01625)
(0.1633333333 -0.035 0.01625)
(0.1666666667 -0.035 0.01625)
(0.17 -0.035 0.01625)
(0.1733333333 -0.035 0.01625)
(0.1766666667 -0.035 0.01625)
(0.18 -0.035 0.01625)
(0.12 -0.030625 0.01625)
(0.1233333333 -0.030625 0.01625)
(0.1266666667 -0.030625 0.01625)
(0.13 -0.030625 0.01625)
(0.1333333333 -0.030625 0.01625)
(0.1366666667 -0.030625 0.01625)
(0.14 -0.030625 0.01625)
(0.1433333333 -0.030625 0.01625)
(0.1466666667 -0.030625 0.01625)
(0.15 -0.030625 0.01625)
(0.1533333333 -0.030625 0.01625)
(0.1566666667 -0.030625 0.01625)
(0.16 -0.030625 0.01625)
(0.1633333333 -0.030625 0.01625)
(0.1666666667 -0.030625 0.01625)
(0.17 -0.030625 0.01625)
(0.1733333333 -0.030625 0.01625)
(0.1766666667 -0.030625 0.01625)
(0.18 -0.030625 0.01625)
(0.12 -0.02625 0.01625)
(0.1233333333 -0.02625 0.01625)
(0.1266666667 -0.02625 0.01625)
(0.13 -0.02625 0.01625)
(0.1333333333 -0.02625 0.01625)
(0.1366666667 -0.02625 0.01625)
(0.14 -0.02625 0.01625)
(0.1433333333 -0.02625 0.01625)
(0.1466666667 -0.02625 0.01625)
(0.15 -0.02625 0.01625)
(0.1533333333 -0.02625 0.01625)
(0.1566666667 -0.02625 0.01625)
(0.16 -0.02625 0.01625)
(0.1633333333 -0.02625 0.01625)
(0.1666666667 -0.02625 0.01625)
(0.17 -0.02625 0.01625)
(0.1733333333 -0.02625 0.01625)
(0.1766666667 -0.02625 0.01625)
(0.18 -0.02625 0.01625)
(0.12 -0.021875 0.01625)
(0.1233333333 -0.021875 0.01625)
(0.1266666667 -0.021875 0.01625)
(0.13 -0.021875 0.01625)
(0.1333333333 -0.021875 0.01625)
(0.1366666667 -0.021875 0.01625)
(0.14 -0.021875 0.01625)
(0.1433333333 -0.021875 0.01625)
(0.1466666667 -0.021875 0.01625)
(0.15 -0.021875 0.01625)
(0.1533333333 -0.021875 0.01625)
(0.1566666667 -0.021875 0.01625)
(0.16 -0.021875 0.01625)
(0.1633333333 -0.021875 0.01625)
(0.1666666667 -0.021875 0.01625)
(0.17 -0.021875 0.01625)
(0.1733333333 -0.021875 0.01625)
(0.1766666667 -0.021875 0.01625)
(0.18 -0.021875 0.01625)
(0.12 -0.0175 0.01625)
(0.1233333333 -0.0175 0.01625)
(0.1266666667 -0.0175 0.01625)
(0.13 -0.0175 0.01625)
(0.1333333333 -0.0175 0.01625)
(0.1366666667 -0.0175 0.01625)
(0.14 -0.0175 0.01625)
(0.1433333333 -0.0175 0.01625)
(0.1466666667 -0.0175 0.01625)
(0.15 -0.0175 0.01625)
(0.1533333333 -0.0175 0.01625)
(0.1566666667 -0.0175 0.01625)
(0.16 -0.0175 0.01625)
(0.1633333333 -0.0175 0.01625)
(0.1666666667 -0.0175 0.01625)
(0.17 -0.0175 0.01625)
(0.1733333333 -0.0175 0.01625)
(0.1766666667 -0.0175 0.01625)
(0.18 -0.0175 0.01625)
(0.12 -0.013125 0.01625)
(0.1233333333 -0.013125 0.01625)
(0.1266666667 -0.013125 0.01625)
(0.13 -0.013125 0.01625)
(0.1333333333 -0.013125 0.01625)
(0.1366666667 -0.013125 0.01625)
(0.14 -0.013125 0.01625)
(0.1433333333 -0.013125 0.01625)
(0.1466666667 -0.013125 0.01625)
(0.15 -0.013125 0.01625)
(0.1533333333 -0.013125 0.01625)
(0.1566666667 -0.013125 0.01625)
(0.16 -0.013125 0.01625)
(0.1633333333 -0.013125 0.01625)
(0.1666666667 -0.013125 0.01625)
(0.17 -0.013125 0.01625)
(0.1733333333 -0.013125 0.01625)
(0.1766666667 -0.013125 0.01625)
(0.18 -0.013125 0.01625)
(0.12 -0.00875 0.01625)
(0.1233333333 -0.00875 0.01625)
(0.1266666667 -0.00875 0.01625)
(0.13 -0.00875 0.01625)
(0.1333333333 -0.00875 0.01625)
(0.1366666667 -0.00875 0.01625)
(0.14 -0.00875 0.01625)
(0.1433333333 -0.00875 0.01625)
(0.1466666667 -0.00875 0.01625)
(0.15 -0.00875 0.01625)
(0.1533333333 -0.00875 0.01625)
(0.1566666667 -0.00875 0.01625)
(0.16 -0.00875 0.01625)
(0.1633333333 -0.00875 0.01625)
(0.1666666667 -0.00875 0.01625)
(0.17 -0.00875 0.01625)
(0.1733333333 -0.00875 0.01625)
(0.1766666667 -0.00875 0.01625)
(0.18 -0.00875 0.01625)
(0.12 -0.004375 0.01625)
(0.1233333333 -0.004375 0.01625)
(0.1266666667 -0.004375 0.01625)
(0.13 -0.004375 0.01625)
(0.1333333333 -0.004375 0.01625)
(0.1366666667 -0.004375 0.01625)
(0.14 -0.004375 0.01625)
(0.1433333333 -0.004375 0.01625)
(0.1466666667 -0.004375 0.01625)
(0.15 -0.004375 0.01625)
(0.1533333333 -0.004375 0.01625)
(0.1566666667 -0.004375 0.01625)
(0.16 -0.004375 0.01625)
(0.1633333333 -0.004375 0.01625)
(0.1666666667 -0.004375 0.01625)
(0.17 -0.004375 0.01625)
(0.1733333333 -0.004375 0.01625)
(0.1766666667 -0.004375 0.01625)
(0.18 -0.004375 0.01625)
(0.12 0 0.01625)
(0.1233333333 -1.156482317e-18 0.01625)
(0.1266666667 0 0.01625)
(0.1133333333 -0.07 0.0175)
(0.1166666667 -0.07 0.0175)
(0.12 -0.07 0.0175)
(0.1233333333 -0.07 0.0175)
(0.1266666667 -0.07 0.0175)
(0.13 -0.07 0.0175)
(0.1333333333 -0.07 0.0175)
(0.1366666667 -0.07 0.0175)
(0.14 -0.07 0.0175)
(0.1433333333 -0.07 0.0175)
(0.1466666667 -0.07 0.0175)
(0.15 -0.07 0.0175)
(0.1533333333 -0.07 0.0175)
(0.1566666667 -0.07 0.0175)
(0.16 -0.07 0.0175)
(0.1633333333 -0.07 0.0175)
(0.1666666667 -0.07 0.0175)
(0.17 -0.07 0.0175)
(0.1733333333 -0.07 0.0175)
(0.1766666667 -0.07 0.0175)
(0.18 -0.07 0.0175)
(0.1133333333 -0.065625 0.0175)
(0.1166666667 -0.065625 0.0175)
(0.12 -0.065625 0.0175)
(0.1233333333 -0.065625 0.0175)
(0.1266666667 -0.065625 0.0175)
(0.13 -0.065625 0.0175)
(0.1333333333 -0.065625 0.0175)
(0.1366666667 -0.065625 0.0175)
(0.14 -0.065625 0.0175)
(0.1433333333 -0.065625 0.0175)
(0.1466666667 -0.065625 0.0175)
(0.15 -0.065625 0.0175)
(0.1533333333 -0.065625 0.0175)
(0.1566666667 -0.065625 0.0175)
(0.16 -0.065625 0.0175)
(0.1633333333 -0.065625 0.0175)
(0.1666666667 -0.065625 0.0175)
(0.17 -0.065625 0.0175)
(0.1733333333 -0.065625 0.0175)
(0.1766666667 -0.065625 0.0175)
(0.18 -0.065625 0.0175)
(0.1133333333 -0.06125 0.0175)
(0.1166666667 -0.06125 0.0175)
(0.12 -0.06125 0.0175)
(0.1233333333 -0.06125 0.0175)
(0.1266666667 -0.06125 0.0175)
(0.13 -0.06125 0.0175)
(0.1333333333 -0.06125 0.0175)
(0.1366666667 -0.06125 0.0175)
(0.14 -0.06125 0.0175)
(0.1433333333 -0.06125 0.0175)
(0.1466666667 -0.06125 0.0175)
(0.15 -0.06125 0.0175)
(0.1533333333 -0.06125 0.0175)
(0.1566666667 -0.06125 0.0175)
(0.16 -0.06125 0.0175)
(0.1633333333 -0.06125 0.0175)
(0.1666666667 -0.06125 0.0175)
(0.17 -0.06125 0.0175)
(0.1733333333 -0.06125 0.0175)
(0.1766666667 -0.06125 0.0175)
(0.18 -0.06125 0.0175)
(0.1133333333 -0.056875 0.0175)
(0.1166666667 -0.056875 0.0175)
(0.12 -0.056875 0.0175)
(0.1233333333 -0.056875 0.0175)
(0.1266666667 -0.056875 0.0175)
(0.13 -0.056875 0.0175)
(0.1333333333 -0.056875 0.0175)
(0.1366666667 -0.056875 0.0175)
(0.14 -0.056875 0.0175)
(0.1433333333 -0.056875 0.0175)
(0.1466666667 -0.056875 0.0175)
(0.15 -0.056875 0.0175)
(0.1533333333 -0.056875 0.0175)
(0.1566666667 -0.056875 0.0175)
(0.16 -0.056875 0.0175)
(0.1633333333 -0.056875 0.0175)
(0.1666666667 -0.056875 0.0175)
(0.17 -0.056875 0.0175)
(0.1733333333 -0.056875 0.0175)
(0.1766666667 -0.056875 0.0175)
(0.18 -0.056875 0.0175)
(0.1133333333 -0.0525 0.0175)
(0.1166666667 -0.0525 0.0175)
(0.12 -0.0525 0.0175)
(0.1233333333 -0.0525 0.0175)
(0.1266666667 -0.0525 0.0175)
(0.13 -0.0525 0.0175)
(0.1333333333 -0.0525 0.0175)
(0.1366666667 -0.0525 0.0175)
(0.14 -0.0525 0.0175)
(0.1433333333 -0.0525 0.0175)
(0.1466666667 -0.0525 0.0175)
(0.15 -0.0525 0.0175)
(0.1533333333 -0.0525 0.0175)
(0.1566666667 -0.0525 0.0175)
(0.16 -0.0525 0.0175)
(0.1633333333 -0.0525 0.0175)
(0.1666666667 -0.0525 0.0175)
(0.17 -0.0525 0.0175)
(0.1733333333 -0.0525 0.0175)
(0.1766666667 -0.0525 0.0175)
(0.18 -0.0525 0.0175)
(0.1133333333 -0.048125 0.0175)
(0.1166666667 -0.048125 0.0175)
(0.12 -0.048125 0.0175)
(0.1233333333 -0.048125 0.0175)
(0.1266666667 -0.048125 0.0175)
(0.13 -0.048125 0.0175)
(0.1333333333 -0.048125 0.0175)
(0.1366666667 -0.048125 0.0175)
(0.14 -0.048125 0.0175)
(0.1433333333 -0.048125 0.0175)
(0.1466666667 -0.048125 0.0175)
(0.15 -0.048125 0.0175)
(0.1533333333 -0.048125 0.0175)
(0.1566666667 -0.048125 0.0175)
(0.16 -0.048125 0.0175)
(0.1633333333 -0.048125 0.0175)
(0.1666666667 -0.048125 0.0175)
(0.17 -0.048125 0.0175)
(0.1733333333 -0.048125 0.0175)
(0.1766666667 -0.048125 0.0175)
(0.18 -0.048125 0.0175)
(0.1133333333 -0.04375 0.0175)
(0.1166666667 -0.04375 0.0175)
(0.12 -0.04375 0.0175)
(0.1233333333 -0.04375 0.0175)
(0.1266666667 -0.04375 0.0175)
(0.13 -0.04375 0.0175)
(0.1333333333 -0.04375 0.0175)
(0.1366666667 -0.04375 0.0175)
(0.14 -0.04375 0.0175)
(0.1433333333 -0.04375 0.0175)
(0.1466666667 -0.04375 0.0175)
(0.15 -0.04375 0.0175)
(0.1533333333 -0.04375 0.0175)
(0.1566666667 -0.04375 0.0175)
(0.16 -0.04375 0.0175)
(0.1633333333 -0.04375 0.0175)
(0.1666666667 -0.04375 0.0175)
(0.17 -0.04375 0.0175)
(0.1733333333 -0.04375 0.0175)
(0.1766666667 -0.04375 0.0175)
(0.18 -0.04375 0.0175)
(0.1133333333 -0.039375 0.0175)
(0.1166666667 -0.039375 0.0175)
(0.12 -0.039375 0.0175)
(0.1233333333 -0.039375 0.0175)
(0.1266666667 -0.039375 0.0175)
(0.13 -0.039375 0.0175)
(0.1333333333 -0.039375 0.0175)
(0.1366666667 -0.039375 0.0175)
(0.14 -0.039375 0.0175)
(0.1433333333 -0.039375 0.0175)
(0.1466666667 -0.039375 0.0175)
(0.15 -0.039375 0.0175)
(0.1533333333 -0.039375 0.0175)
(0.1566666667 -0.039375 0.0175)
(0.16 -0.039375 0.0175)
(0.1633333333 -0.039375 0.0175)
(0.1666666667 -0.039375 0.0175)
(0.17 -0.039375 0.0175)
(0.1733333333 -0.039375 0.0175)
(0.1766666667 -0.039375 0.0175)
(0.18 -0.039375 0.0175)
(0.1133333333 -0.035 0.0175)
(0.1166666667 -0.035 0.0175)
(0.12 -0.035 0.0175)
(0.1233333333 -0.035 0.0175)
(0.1266666667 -0.035 0.0175)
(0.13 -0.035 0.0175)
(0.1333333333 -0.035 0.0175)
(0.1366666667 -0.035 0.0175)
(0.14 -0.035 0.0175)
(0.1433333333 -0.035 0.0175)
(0.1466666667 -0.035 0.0175)
(0.15 -0.035 0.0175)
(0.1533333333 -0.035 0.0175)
(0.1566666667 -0.035 0.0175)
(0.16 -0.035 0.0175)
(0.1633333333 -0.035 0.0175)
(0.1666666667 -0.035 0.0175)
(0.17 -0.035 0.0175)
(0.1733333333 -0.035 0.0175)
(0.1766666667 -0.035 0.0175)
(0.18 -0.035 0.0175)
(0.1133333333 -0.030625 0.0175)
(0.1166666667 -0.030625 0.0175)
(0.12 -0.030625 0.0175)
(0.1233333333 -0.030625 0.0175)
(0.1266666667 -0.030625 0.0175)
(0.13 -0.030625 0.0175)
(0.1333333333 -0.030625 0.0175)
(0.1366666667 -0.030625 0.0175)
(0.14 -0.030625 0.0175)
(0.1433333333 -0.030625 0.0175)
(0.1466666667 -0.030625 0.0175)
(0.15 -0.030625 0.0175)
(0.1533333333 -0.030625 0.0175)
(0.1566666667 -0.030625 0.0175)
(0.16 -0.030625 0.0175)
(0.1633333333 -0.030625 0.0175)
(0.1666666667 -0.030625 0.0175)
(0.17 -0.030625 0.0175)
(0.1733333333 -0.030625 0.0175)
(0.1766666667 -0.030625 0.0175)
(0.18 -0.030625 0.0175)
(0.1133333333 -0.02625 0.0175)
(0.1166666667 -0.02625 0.0175)
(0.12 -0.02625 0.0175)
(0.1233333333 -0.02625 0.0175)
(0.1266666667 -0.02625 0.0175)
(0.13 -0.02625 0.0175)
(0.1333333333 -0.02625 0.0175)
(0.1366666667 -0.02625 0.0175)
(0.14 -0.02625 0.0175)
(0.1433333333 -0.02625 0.0175)
(0.1466666667 -0.02625 0.0175)
(0.15 -0.02625 0.0175)
(0.1533333333 -0.02625 0.0175)
(0.1566666667 -0.02625 0.0175)
(0.16 -0.02625 0.0175)
(0.1633333333 -0.02625 0.0175)
(0.1666666667 -0.02625 0.0175)
(0.17 -0.02625 0.0175)
(0.1733333333 -0.02625 0.0175)
(0.1766666667 -0.02625 0.0175)
(0.18 -0.02625 0.0175)
(0.1166666667 -0.021875 0.0175)
(0.12 -0.021875 0.0175)
(0.1233333333 -0.021875 0.0175)
(0.1266666667 -0.021875 0.0175)
(0.13 -0.021875 0.0175)
(0.1333333333 -0.021875 0.0175)
(0.1366666667 -0.021875 0.0175)
(0.14 -0.021875 0.0175)
(0.1433333333 -0.021875 0.0175)
(0.1466666667 -0.021875 0.0175)
(0.15 -0.021875 0.0175)
(0.1533333333 -0.021875 0.0175)
(0.1566666667 -0.021875 0.0175)
(0.16 -0.021875 0.0175)
(0.1633333333 -0.021875 0.0175)
(0.1666666667 -0.021875 0.0175)
(0.17 -0.021875 0.0175)
(0.1733333333 -0.021875 0.0175)
(0.1766666667 -0.021875 0.0175)
(0.18 -0.021875 0.0175)
(0.1166666667 -0.0175 0.0175)
(0.12 -0.0175 0.0175)
(0.1233333333 -0.0175 0.0175)
(0.1266666667 -0.0175 0.0175)
(0.13 -0.0175 0.0175)
(0.1333333333 -0.0175 0.0175)
(0.1366666667 -0.0175 0.0175)
(0.14 -0.0175 0.0175)
(0.1433333333 -0.0175 0.0175)
(0.1466666667 -0.0175 0.0175)
(0.15 -0.0175 0.0175)
(0.1533333333 -0.0175 0.0175)
(0.1566666667 -0.0175 0.0175)
(0.16 -0.0175 0.0175)
(0.1633333333 -0.0175 0.0175)
(0.1666666667 -0.0175 0.0175)
(0.17 -0.0175 0.0175)
(0.1733333333 -0.0175 0.0175)
(0.1766666667 -0.0175 0.0175)
(0.18 -0.0175 0.0175)
(0.1166666667 -0.013125 0.0175)
(0.12 -0.013125 0.0175)
(0.1233333333 -0.013125 0.0175)
(0.1266666667 -0.013125 0.0175)
(0.13 -0.013125 0.0175)
(0.1333333333 -0.013125 0.0175)
(0.1366666667 -0.013125 0.0175)
(0.14 -0.013125 0.0175)
(0.1433333333 -0.013125 0.0175)
(0.1466666667 -0.013125 0.0175)
(0.15 -0.013125 0.0175)
(0.1533333333 -0.013125 0.0175)
(0.1566666667 -0.013125 0.0175)
(0.16 -0.013125 0.0175)
(0.1633333333 -0.013125 0.0175)
(0.1666666667 -0.013125 0.0175)
(0.17 -0.013125 0.0175)
(0.1733333333 -0.013125 0.0175)
(0.1766666667 -0.013125 0.0175)
(0.18 -0.013125 0.0175)
(0.1166666667 -0.00875 0.0175)
(0.12 -0.00875 0.0175)
(0.1233333333 -0.00875 0.0175)
(0.1266666667 -0.00875 0.0175)
(0.13 -0.00875 0.0175)
(0.1333333333 -0.00875 0.0175)
(0.1366666667 -0.00875 0.0175)
(0.14 -0.00875 0.0175)
(0.1433333333 -0.00875 0.0175)
(0.1466666667 -0.00875 0.0175)
(0.15 -0.00875 0.0175)
(0.1533333333 -0.00875 0.0175)
(0.1566666667 -0.00875 0.0175)
(0.16 -0.00875 0.0175)
(0.1633333333 -0.00875 0.0175)
(0.1666666667 -0.00875 0.0175)
(0.17 -0.00875 0.0175)
(0.1733333333 -0.00875 0.0175)
(0.1766666667 -0.00875 0.0175)
(0.18 -0.00875 0.0175)
(0.12 -0.004375 0.0175)
(0.1233333333 -0.004375 0.0175)
(0.1266666667 -0.004375 0.0175)
(0.13 -0.004375 0.0175)
(0.1333333333 -0.004375 0.0175)
(0.1366666667 -0.004375 0.0175)
(0.14 -0.004375 0.0175)
(0.1433333333 -0.004375 0.0175)
(0.1466666667 -0.004375 0.0175)
(0.15 -0.004375 0.0175)
(0.1533333333 -0.004375 0.0175)
(0.1566666667 -0.004375 0.0175)
(0.16 -0.004375 0.0175)
(0.1633333333 -0.004375 0.0175)
(0.1666666667 -0.004375 0.0175)
(0.17 -0.004375 0.0175)
(0.1733333333 -0.004375 0.0175)
(0.1766666667 -0.004375 0.0175)
(0.18 -0.004375 0.0175)
(0.12 0 0.0175)
(0.1233333333 -1.156482317e-18 0.0175)
(0.1266666667 0 0.0175)
(0.1133333333 -0.07 0.01875)
(0.1166666667 -0.07 0.01875)
(0.12 -0.07 0.01875)
(0.1233333333 -0.07 0.01875)
(0.1266666667 -0.07 0.01875)
(0.13 -0.07 0.01875)
(0.1333333333 -0.07 0.01875)
(0.1366666667 -0.07 0.01875)
(0.14 -0.07 0.01875)
(0.1433333333 -0.07 0.01875)
(0.1466666667 -0.07 0.01875)
(0.15 -0.07 0.01875)
(0.1533333333 -0.07 0.01875)
(0.1566666667 -0.07 0.01875)
(0.16 -0.07 0.01875)
(0.1633333333 -0.07 0.01875)
(0.1666666667 -0.07 0.01875)
(0.17 -0.07 0.01875)
(0.1733333333 -0.07 0.01875)
(0.1766666667 -0.07 0.01875)
(0.18 -0.07 0.01875)
(0.1133333333 -0.065625 0.01875)
(0.1166666667 -0.065625 0.01875)
(0.12 -0.065625 0.01875)
(0.1233333333 -0.065625 0.01875)
(0.1266666667 -0.065625 0.01875)
(0.13 -0.065625 0.01875)
(0.1333333333 -0.065625 0.01875)
(0.1366666667 -0.065625 0.01875)
(0.14 -0.065625 0.01875)
(0.1433333333 -0.065625 0.01875)
(0.1466666667 -0.065625 0.01875)
(0.15 -0.065625 0.01875)
(0.1533333333 -0.065625 0.01875)
(0.1566666667 -0.065625 0.01875)
(0.16 -0.065625 0.01875)
(0.1633333333 -0.065625 0.01875)
(0.1666666667 -0.065625 0.01875)
(0.17 -0.065625 0.01875)
(0.1733333333 -0.065625 0.01875)
(0.1766666667 -0.065625 0.01875)
(0.18 -0.065625 0.01875)
(0.1133333333 -0.06125 0.01875)
(0.1166666667 -0.06125 0.01875)
(0.12 -0.06125 0.01875)
(0.1233333333 -0.06125 0.01875)
(0.1266666667 -0.06125 0.01875)
(0.13 -0.06125 0.01875)
(0.1333333333 -0.06125 0.01875)
(0.1366666667 -0.06125 0.01875)
(0.14 -0.06125 0.01875)
(0.1433333333 -0.06125 0.01875)
(0.1466666667 -0.06125 0.01875)
(0.15 -0.06125 0.01875)
(0.1533333333 -0.06125 0.01875)
(0.1566666667 -0.06125 0.01875)
(0.16 -0.06125 0.01875)
(0.1633333333 -0.06125 0.01875)
(0.1666666667 -0.06125 0.01875)
(0.17 -0.06125 0.01875)
(0.1733333333 -0.06125 0.01875)
(0.1766666667 -0.06125 0.01875)
(0.18 -0.06125 0.01875)
(0.1133333333 -0.056875 0.01875)
(0.1166666667 -0.056875 0.01875)
(0.12 -0.056875 0.01875)
(0.1233333333 -0.056875 0.01875)
(0.1266666667 -0.056875 0.01875)
(0.13 -0.056875 0.01875)
(0.1333333333 -0.056875 0.01875)
(0.1366666667 -0.056875 0.01875)
(0.14 -0.056875 0.01875)
(0.1433333333 -0.056875 0.01875)
(0.1466666667 -0.056875 0.01875)
(0.15 -0.056875 0.01875)
(0.1533333333 -0.056875 0.01875)
(0.1566666667 -0.056875 0.01875)
(0.16 -0.056875 0.01875)
(0.1633333333 -0.056875 0.01875)
(0.1666666667 -0.056875 0.01875)
(0.17 -0.056875 0.01875)
(0.1733333333 -0.056875 0.01875)
(0.1766666667 -0.056875 0.01875)
(0.18 -0.056875 0.01875)
(0.1133333333 -0.0525 0.01875)
(0.1166666667 -0.0525 0.01875)
(0.12 -0.0525 0.01875)
(0.1233333333 -0.0525 0.01875)
(0.1266666667 -0.0525 0.01875)
(0.13 -0.0525 0.01875)
(0.1333333333 -0.0525 0.01875)
(0.1366666667 -0.0525 0.01875)
(0.14 -0.0525 0.01875)
(0.1433333333 -0.0525 0.01875)
(0.1466666667 -0.0525 0.01875)
(0.15 -0.0525 0.01875)
(0.1533333333 -0.0525 0.01875)
(0.1566666667 -0.0525 0.01875)
(0.16 -0.0525 0.01875)
(0.1633333333 -0.0525 0.01875)
(0.1666666667 -0.0525 0.01875)
(0.17 -0.0525 0.01875)
(0.1733333333 -0.0525 0.01875)
(0.1766666667 -0.0525 0.01875)
(0.18 -0.0525 0.01875)
(0.1133333333 -0.048125 0.01875)
(0.1166666667 -0.048125 0.01875)
(0.12 -0.048125 0.01875)
(0.1233333333 -0.048125 0.01875)
(0.1266666667 -0.048125 0.01875)
(0.13 -0.048125 0.01875)
(0.1333333333 -0.048125 0.01875)
(0.1366666667 -0.048125 0.01875)
(0.14 -0.048125 0.01875)
(0.1433333333 -0.048125 0.01875)
(0.1466666667 -0.048125 0.01875)
(0.15 -0.048125 0.01875)
(0.1533333333 -0.048125 0.01875)
(0.1566666667 -0.048125 0.01875)
(0.16 -0.048125 0.01875)
(0.1633333333 -0.048125 0.01875)
(0.1666666667 -0.048125 0.01875)
(0.17 -0.048125 0.01875)
(0.1733333333 -0.048125 0.01875)
(0.1766666667 -0.048125 0.01875)
(0.18 -0.048125 0.01875)
(0.1133333333 -0.04375 0.01875)
(0.1166666667 -0.04375 0.01875)
(0.12 -0.04375 0.01875)
(0.1233333333 -0.04375 0.01875)
(0.1266666667 -0.04375 0.01875)
(0.13 -0.04375 0.01875)
(0.1333333333 -0.04375 0.01875)
(0.1366666667 -0.04375 0.01875)
(0.14 -0.04375 0.01875)
(0.1433333333 -0.04375 0.01875)
(0.1466666667 -0.04375 0.01875)
(0.15 -0.04375 0.01875)
(0.1533333333 -0.04375 0.01875)
(0.1566666667 -0.04375 0.01875)
(0.16 -0.04375 0.01875)
(0.1633333333 -0.04375 0.01875)
(0.1666666667 -0.04375 0.01875)
(0.17 -0.04375 0.01875)
(0.1733333333 -0.04375 0.01875)
(0.1766666667 -0.04375 0.01875)
(0.18 -0.04375 0.01875)
(0.1133333333 -0.039375 0.01875)
(0.1166666667 -0.039375 0.01875)
(0.12 -0.039375 0.01875)
(0.1233333333 -0.039375 0.01875)
(0.1266666667 -0.039375 0.01875)
(0.13 -0.039375 0.01875)
(0.1333333333 -0.039375 0.01875)
(0.1366666667 -0.039375 0.01875)
(0.14 -0.039375 0.01875)
(0.1433333333 -0.039375 0.01875)
(0.1466666667 -0.039375 0.01875)
(0.15 -0.039375 0.01875)
(0.1533333333 -0.039375 0.01875)
(0.1566666667 -0.039375 0.01875)
(0.16 -0.039375 0.01875)
(0.1633333333 -0.039375 0.01875)
(0.1666666667 -0.039375 0.01875)
(0.17 -0.039375 0.01875)
(0.1733333333 -0.039375 0.01875)
(0.1766666667 -0.039375 0.01875)
(0.18 -0.039375 0.01875)
(0.1133333333 -0.035 0.01875)
(0.1166666667 -0.035 0.01875)
(0.12 -0.035 0.01875)
(0.1233333333 -0.035 0.01875)
(0.1266666667 -0.035 0.01875)
(0.13 -0.035 0.01875)
(0.1333333333 -0.035 0.01875)
(0.1366666667 -0.035 0.01875)
(0.14 -0.035 0.01875)
(0.1433333333 -0.035 0.01875)
(0.1466666667 -0.035 0.01875)
(0.15 -0.035 0.01875)
(0.1533333333 -0.035 0.01875)
(0.1566666667 -0.035 0.01875)
(0.16 -0.035 0.01875)
(0.1633333333 -0.035 0.01875)
(0.1666666667 -0.035 0.01875)
(0.17 -0.035 0.01875)
(0.1733333333 -0.035 0.01875)
(0.1766666667 -0.035 0.01875)
(0.18 -0.035 0.01875)
(0.1133333333 -0.030625 0.01875)
(0.1166666667 -0.030625 0.01875)
(0.12 -0.030625 0.01875)
(0.1233333333 -0.030625 0.01875)
(0.1266666667 -0.030625 0.01875)
(0.13 -0.030625 0.01875)
(0.1333333333 -0.030625 0.01875)
(0.1366666667 -0.030625 0.01875)
(0.14 -0.030625 0.01875)
(0.1433333333 -0.030625 0.01875)
(0.1466666667 -0.030625 0.01875)
(0.15 -0.030625 0.01875)
(0.1533333333 -0.030625 0.01875)
(0.1566666667 -0.030625 0.01875)
(0.16 -0.030625 0.01875)
(0.1633333333 -0.030625 0.01875)
(0.1666666667 -0.030625 0.01875)
(0.17 -0.030625 0.01875)
(0.1733333333 -0.030625 0.01875)
(0.1766666667 -0.030625 0.01875)
(0.18 -0.030625 0.01875)
(0.1133333333 -0.02625 0.01875)
(0.1166666667 -0.02625 0.01875)
(0.12 -0.02625 0.01875)
(0.1233333333 -0.02625 0.01875)
(0.1266666667 -0.02625 0.01875)
(0.13 -0.02625 0.01875)
(0.1333333333 -0.02625 0.01875)
(0.1366666667 -0.02625 0.01875)
(0.14 -0.02625 0.01875)
(0.1433333333 -0.02625 0.01875)
(0.1466666667 -0.02625 0.01875)
(0.15 -0.02625 0.01875)
(0.1533333333 -0.02625 0.01875)
(0.1566666667 -0.02625 0.01875)
(0.16 -0.02625 0.01875)
(0.1633333333 -0.02625 0.01875)
(0.1666666667 -0.02625 0.01875)
(0.17 -0.02625 0.01875)
(0.1733333333 -0.02625 0.01875)
(0.1766666667 -0.02625 0.01875)
(0.18 -0.02625 0.01875)
(0.1166666667 -0.021875 0.01875)
(0.12 -0.021875 0.01875)
(0.1233333333 -0.021875 0.01875)
(0.1266666667 -0.021875 0.01875)
(0.13 -0.021875 0.01875)
(0.1333333333 -0.021875 0.01875)
(0.1366666667 -0.021875 0.01875)
(0.14 -0.021875 0.01875)
(0.1433333333 -0.021875 0.01875)
(0.1466666667 -0.021875 0.01875)
(0.15 -0.021875 0.01875)
(0.1533333333 -0.021875 0.01875)
(0.1566666667 -0.021875 0.01875)
(0.16 -0.021875 0.01875)
(0.1633333333 -0.021875 0.01875)
(0.1666666667 -0.021875 0.01875)
(0.17 -0.021875 0.01875)
(0.1733333333 -0.021875 0.01875)
(0.1766666667 -0.021875 0.01875)
(0.18 -0.021875 0.01875)
(0.1166666667 -0.0175 0.01875)
(0.12 -0.0175 0.01875)
(0.1233333333 -0.0175 0.01875)
(0.1266666667 -0.0175 0.01875)
(0.13 -0.0175 0.01875)
(0.1333333333 -0.0175 0.01875)
(0.1366666667 -0.0175 0.01875)
(0.14 -0.0175 0.01875)
(0.1433333333 -0.0175 0.01875)
(0.1466666667 -0.0175 0.01875)
(0.15 -0.0175 0.01875)
(0.1533333333 -0.0175 0.01875)
(0.1566666667 -0.0175 0.01875)
(0.16 -0.0175 0.01875)
(0.1633333333 -0.0175 0.01875)
(0.1666666667 -0.0175 0.01875)
(0.17 -0.0175 0.01875)
(0.1733333333 -0.0175 0.01875)
(0.1766666667 -0.0175 0.01875)
(0.18 -0.0175 0.01875)
(0.1166666667 -0.013125 0.01875)
(0.12 -0.013125 0.01875)
(0.1233333333 -0.013125 0.01875)
(0.1266666667 -0.013125 0.01875)
(0.13 -0.013125 0.01875)
(0.1333333333 -0.013125 0.01875)
(0.1366666667 -0.013125 0.01875)
(0.14 -0.013125 0.01875)
(0.1433333333 -0.013125 0.01875)
(0.1466666667 -0.013125 0.01875)
(0.15 -0.013125 0.01875)
(0.1533333333 -0.013125 0.01875)
(0.1566666667 -0.013125 0.01875)
(0.16 -0.013125 0.01875)
(0.1633333333 -0.013125 0.01875)
(0.1666666667 -0.013125 0.01875)
(0.17 -0.013125 0.01875)
(0.1733333333 -0.013125 0.01875)
(0.1766666667 -0.013125 0.01875)
(0.18 -0.013125 0.01875)
(0.1166666667 -0.00875 0.01875)
(0.12 -0.00875 0.01875)
(0.1233333333 -0.00875 0.01875)
(0.1266666667 -0.00875 0.01875)
(0.13 -0.00875 0.01875)
(0.1333333333 -0.00875 0.01875)
(0.1366666667 -0.00875 0.01875)
(0.14 -0.00875 0.01875)
(0.1433333333 -0.00875 0.01875)
(0.1466666667 -0.00875 0.01875)
(0.15 -0.00875 0.01875)
(0.1533333333 -0.00875 0.01875)
(0.1566666667 -0.00875 0.01875)
(0.16 -0.00875 0.01875)
(0.1633333333 -0.00875 0.01875)
(0.1666666667 -0.00875 0.01875)
(0.17 -0.00875 0.01875)
(0.1733333333 -0.00875 0.01875)
(0.1766666667 -0.00875 0.01875)
(0.18 -0.00875 0.01875)
(0.12 -0.004375 0.01875)
(0.1233333333 -0.004375 0.01875)
(0.1266666667 -0.004375 0.01875)
(0.13 -0.004375 0.01875)
(0.1333333333 -0.004375 0.01875)
(0.1366666667 -0.004375 0.01875)
(0.14 -0.004375 0.01875)
(0.1433333333 -0.004375 0.01875)
(0.1466666667 -0.004375 0.01875)
(0.15 -0.004375 0.01875)
(0.1533333333 -0.004375 0.01875)
(0.1566666667 -0.004375 0.01875)
(0.16 -0.004375 0.01875)
(0.1633333333 -0.004375 0.01875)
(0.1666666667 -0.004375 0.01875)
(0.17 -0.004375 0.01875)
(0.1733333333 -0.004375 0.01875)
(0.1766666667 -0.004375 0.01875)
(0.18 -0.004375 0.01875)
(0.12 0 0.01875)
(0.1233333333 -1.156482317e-18 0.01875)
(0.1266666667 0 0.01875)
(0.1133333333 -0.07 0.02)
(0.1166666667 -0.07 0.02)
(0.12 -0.07 0.02)
(0.1233333333 -0.07 0.02)
(0.1266666667 -0.07 0.02)
(0.13 -0.07 0.02)
(0.1333333333 -0.07 0.02)
(0.1366666667 -0.07 0.02)
(0.14 -0.07 0.02)
(0.1433333333 -0.07 0.02)
(0.1466666667 -0.07 0.02)
(0.15 -0.07 0.02)
(0.1533333333 -0.07 0.02)
(0.1566666667 -0.07 0.02)
(0.16 -0.07 0.02)
(0.1633333333 -0.07 0.02)
(0.1666666667 -0.07 0.02)
(0.17 -0.07 0.02)
(0.1733333333 -0.07 0.02)
(0.1766666667 -0.07 0.02)
(0.18 -0.07 0.02)
(0.1133333333 -0.065625 0.02)
(0.1166666667 -0.065625 0.02)
(0.12 -0.065625 0.02)
(0.1233333333 -0.065625 0.02)
(0.1266666667 -0.065625 0.02)
(0.13 -0.065625 0.02)
(0.1333333333 -0.065625 0.02)
(0.1366666667 -0.065625 0.02)
(0.14 -0.065625 0.02)
(0.1433333333 -0.065625 0.02)
(0.1466666667 -0.065625 0.02)
(0.15 -0.065625 0.02)
(0.1533333333 -0.065625 0.02)
(0.1566666667 -0.065625 0.02)
(0.16 -0.065625 0.02)
(0.1633333333 -0.065625 0.02)
(0.1666666667 -0.065625 0.02)
(0.17 -0.065625 0.02)
(0.1733333333 -0.065625 0.02)
(0.1766666667 -0.065625 0.02)
(0.18 -0.065625 0.02)
(0.1133333333 -0.06125 0.02)
(0.1166666667 -0.06125 0.02)
(0.12 -0.06125 0.02)
(0.1233333333 -0.06125 0.02)
(0.1266666667 -0.06125 0.02)
(0.13 -0.06125 0.02)
(0.1333333333 -0.06125 0.02)
(0.1366666667 -0.06125 0.02)
(0.14 -0.06125 0.02)
(0.1433333333 -0.06125 0.02)
(0.1466666667 -0.06125 0.02)
(0.15 -0.06125 0.02)
(0.1533333333 -0.06125 0.02)
(0.1566666667 -0.06125 0.02)
(0.16 -0.06125 0.02)
(0.1633333333 -0.06125 0.02)
(0.1666666667 -0.06125 0.02)
(0.17 -0.06125 0.02)
(0.1733333333 -0.06125 0.02)
(0.1766666667 -0.06125 0.02)
(0.18 -0.06125 0.02)
(0.1133333333 -0.056875 0.02)
(0.1166666667 -0.056875 0.02)
(0.12 -0.056875 0.02)
(0.1233333333 -0.056875 0.02)
(0.1266666667 -0.056875 0.02)
(0.13 -0.056875 0.02)
(0.1333333333 -0.056875 0.02)
(0.1366666667 -0.056875 0.02)
(0.14 -0.056875 0.02)
(0.1433333333 -0.056875 0.02)
(0.1466666667 -0.056875 0.02)
(0.15 -0.056875 0.02)
(0.1533333333 -0.056875 0.02)
(0.1566666667 -0.056875 0.02)
(0.16 -0.056875 0.02)
(0.1633333333 -0.056875 0.02)
(0.1666666667 -0.056875 0.02)
(0.17 -0.056875 0.02)
(0.1733333333 -0.056875 0.02)
(0.1766666667 -0.056875 0.02)
(0.18 -0.056875 0.02)
(0.1133333333 -0.0525 0.02)
(0.1166666667 -0.0525 0.02)
(0.12 -0.0525 0.02)
(0.1233333333 -0.0525 0.02)
(0.1266666667 -0.0525 0.02)
(0.13 -0.0525 0.02)
(0.1333333333 -0.0525 0.02)
(0.1366666667 -0.0525 0.02)
(0.14 -0.0525 0.02)
(0.1433333333 -0.0525 0.02)
(0.1466666667 -0.0525 0.02)
(0.15 -0.0525 0.02)
(0.1533333333 -0.0525 0.02)
(0.1566666667 -0.0525 0.02)
(0.16 -0.0525 0.02)
(0.1633333333 -0.0525 0.02)
(0.1666666667 -0.0525 0.02)
(0.17 -0.0525 0.02)
(0.1733333333 -0.0525 0.02)
(0.1766666667 -0.0525 0.02)
(0.18 -0.0525 0.02)
(0.1133333333 -0.048125 0.02)
(0.1166666667 -0.048125 0.02)
(0.12 -0.048125 0.02)
(0.1233333333 -0.048125 0.02)
(0.1266666667 -0.048125 0.02)
(0.13 -0.048125 0.02)
(0.1333333333 -0.048125 0.02)
(0.1366666667 -0.048125 0.02)
(0.14 -0.048125 0.02)
(0.1433333333 -0.048125 0.02)
(0.1466666667 -0.048125 0.02)
(0.15 -0.048125 0.02)
(0.1533333333 -0.048125 0.02)
(0.1566666667 -0.048125 0.02)
(0.16 -0.048125 0.02)
(0.1633333333 -0.048125 0.02)
(0.1666666667 -0.048125 0.02)
(0.17 -0.048125 0.02)
(0.1733333333 -0.048125 0.02)
(0.1766666667 -0.048125 0.02)
(0.18 -0.048125 0.02)
(0.1133333333 -0.04375 0.02)
(0.1166666667 -0.04375 0.02)
(0.12 -0.04375 0.02)
(0.1233333333 -0.04375 0.02)
(0.1266666667 -0.04375 0.02)
(0.13 -0.04375 0.02)
(0.1333333333 -0.04375 0.02)
(0.1366666667 -0.04375 0.02)
(0.14 -0.04375 0.02)
(0.1433333333 -0.04375 0.02)
(0.1466666667 -0.04375 0.02)
(0.15 -0.04375 0.02)
(0.1533333333 -0.04375 0.02)
(0.1566666667 -0.04375 0.02)
(0.16 -0.04375 0.02)
(0.1633333333 -0.04375 0.02)
(0.1666666667 -0.04375 0.02)
(0.17 -0.04375 0.02)
(0.1733333333 -0.04375 0.02)
(0.1766666667 -0.04375 0.02)
(0.18 -0.04375 0.02)
(0.1133333333 -0.039375 0.02)
(0.1166666667 -0.039375 0.02)
(0.12 -0.039375 0.02)
(0.1233333333 -0.039375 0.02)
(0.1266666667 -0.039375 0.02)
(0.13 -0.039375 0.02)
(0.1333333333 -0.039375 0.02)
(0.1366666667 -0.039375 0.02)
(0.14 -0.039375 0.02)
(0.1433333333 -0.039375 0.02)
(0.1466666667 -0.039375 0.02)
(0.15 -0.039375 0.02)
(0.1533333333 -0.039375 0.02)
(0.1566666667 -0.039375 0.02)
(0.16 -0.039375 0.02)
(0.1633333333 -0.039375 0.02)
(0.1666666667 -0.039375 0.02)
(0.17 -0.039375 0.02)
(0.1733333333 -0.039375 0.02)
(0.1766666667 -0.039375 0.02)
(0.18 -0.039375 0.02)
(0.1133333333 -0.035 0.02)
(0.1166666667 -0.035 0.02)
(0.12 -0.035 0.02)
(0.1233333333 -0.035 0.02)
(0.1266666667 -0.035 0.02)
(0.13 -0.035 0.02)
(0.1333333333 -0.035 0.02)
(0.1366666667 -0.035 0.02)
(0.14 -0.035 0.02)
(0.1433333333 -0.035 0.02)
(0.1466666667 -0.035 0.02)
(0.15 -0.035 0.02)
(0.1533333333 -0.035 0.02)
(0.1566666667 -0.035 0.02)
(0.16 -0.035 0.02)
(0.1633333333 -0.035 0.02)
(0.1666666667 -0.035 0.02)
(0.17 -0.035 0.02)
(0.1733333333 -0.035 0.02)
(0.1766666667 -0.035 0.02)
(0.18 -0.035 0.02)
(0.1133333333 -0.030625 0.02)
(0.1166666667 -0.030625 0.02)
(0.12 -0.030625 0.02)
(0.1233333333 -0.030625 0.02)
(0.1266666667 -0.030625 0.02)
(0.13 -0.030625 0.02)
(0.1333333333 -0.030625 0.02)
(0.1366666667 -0.030625 0.02)
(0.14 -0.030625 0.02)
(0.1433333333 -0.030625 0.02)
(0.1466666667 -0.030625 0.02)
(0.15 -0.030625 0.02)
(0.1533333333 -0.030625 0.02)
(0.1566666667 -0.030625 0.02)
(0.16 -0.030625 0.02)
(0.1633333333 -0.030625 0.02)
(0.1666666667 -0.030625 0.02)
(0.17 -0.030625 0.02)
(0.1733333333 -0.030625 0.02)
(0.1766666667 -0.030625 0.02)
(0.18 -0.030625 0.02)
(0.1133333333 -0.02625 0.02)
(0.1166666667 -0.02625 0.02)
(0.12 -0.02625 0.02)
(0.1233333333 -0.02625 0.02)
(0.1266666667 -0.02625 0.02)
(0.13 -0.02625 0.02)
(0.1333333333 -0.02625 0.02)
(0.1366666667 -0.02625 0.02)
(0.14 -0.02625 0.02)
(0.1433333333 -0.02625 0.02)
(0.1466666667 -0.02625 0.02)
(0.15 -0.02625 0.02)
(0.1533333333 -0.02625 0.02)
(0.1566666667 -0.02625 0.02)
(0.16 -0.02625 0.02)
(0.1633333333 -0.02625 0.02)
(0.1666666667 -0.02625 0.02)
(0.17 -0.02625 0.02)
(0.1733333333 -0.02625 0.02)
(0.1766666667 -0.02625 0.02)
(0.18 -0.02625 0.02)
(0.1166666667 -0.021875 0.02)
(0.12 -0.021875 0.02)
(0.1233333333 -0.021875 0.02)
(0.1266666667 -0.021875 0.02)
(0.13 -0.021875 0.02)
(0.1333333333 -0.021875 0.02)
(0.1366666667 -0.021875 0.02)
(0.14 -0.021875 0.02)
(0.1433333333 -0.021875 0.02)
(0.1466666667 -0.021875 0.02)
(0.15 -0.021875 0.02)
(0.1533333333 -0.021875 0.02)
(0.1566666667 -0.021875 0.02)
(0.16 -0.021875 0.02)
(0.1633333333 -0.021875 0.02)
(0.1666666667 -0.021875 0.02)
(0.17 -0.021875 0.02)
(0.1733333333 -0.021875 0.02)
(0.1766666667 -0.021875 0.02)
(0.18 -0.021875 0.02)
(0.1166666667 -0.0175 0.02)
(0.12 -0.0175 0.02)
(0.1233333333 -0.0175 0.02)
(0.1266666667 -0.0175 0.02)
(0.13 -0.0175 0.02)
(0.1333333333 -0.0175 0.02)
(0.1366666667 -0.0175 0.02)
(0.14 -0.0175 0.02)
(0.1433333333 -0.0175 0.02)
(0.1466666667 -0.0175 0.02)
(0.15 -0.0175 0.02)
(0.1533333333 -0.0175 0.02)
(0.1566666667 -0.0175 0.02)
(0.16 -0.0175 0.02)
(0.1633333333 -0.0175 0.02)
(0.1666666667 -0.0175 0.02)
(0.17 -0.0175 0.02)
(0.1733333333 -0.0175 0.02)
(0.1766666667 -0.0175 0.02)
(0.18 -0.0175 0.02)
(0.1166666667 -0.013125 0.02)
(0.12 -0.013125 0.02)
(0.1233333333 -0.013125 0.02)
(0.1266666667 -0.013125 0.02)
(0.13 -0.013125 0.02)
(0.1333333333 -0.013125 0.02)
(0.1366666667 -0.013125 0.02)
(0.14 -0.013125 0.02)
(0.1433333333 -0.013125 0.02)
(0.1466666667 -0.013125 0.02)
(0.15 -0.013125 0.02)
(0.1533333333 -0.013125 0.02)
(0.1566666667 -0.013125 0.02)
(0.16 -0.013125 0.02)
(0.1633333333 -0.013125 0.02)
(0.1666666667 -0.013125 0.02)
(0.17 -0.013125 0.02)
(0.1733333333 -0.013125 0.02)
(0.1766666667 -0.013125 0.02)
(0.18 -0.013125 0.02)
(0.1166666667 -0.00875 0.02)
(0.12 -0.00875 0.02)
(0.1233333333 -0.00875 0.02)
(0.1266666667 -0.00875 0.02)
(0.13 -0.00875 0.02)
(0.1333333333 -0.00875 0.02)
(0.1366666667 -0.00875 0.02)
(0.14 -0.00875 0.02)
(0.1433333333 -0.00875 0.02)
(0.1466666667 -0.00875 0.02)
(0.15 -0.00875 0.02)
(0.1533333333 -0.00875 0.02)
(0.1566666667 -0.00875 0.02)
(0.16 -0.00875 0.02)
(0.1633333333 -0.00875 0.02)
(0.1666666667 -0.00875 0.02)
(0.17 -0.00875 0.02)
(0.1733333333 -0.00875 0.02)
(0.1766666667 -0.00875 0.02)
(0.18 -0.00875 0.02)
(0.12 -0.004375 0.02)
(0.1233333333 -0.004375 0.02)
(0.1266666667 -0.004375 0.02)
(0.13 -0.004375 0.02)
(0.1333333333 -0.004375 0.02)
(0.1366666667 -0.004375 0.02)
(0.14 -0.004375 0.02)
(0.1433333333 -0.004375 0.02)
(0.1466666667 -0.004375 0.02)
(0.15 -0.004375 0.02)
(0.1533333333 -0.004375 0.02)
(0.1566666667 -0.004375 0.02)
(0.16 -0.004375 0.02)
(0.1633333333 -0.004375 0.02)
(0.1666666667 -0.004375 0.02)
(0.17 -0.004375 0.02)
(0.1733333333 -0.004375 0.02)
(0.1766666667 -0.004375 0.02)
(0.18 -0.004375 0.02)
(0.12 0 0.02)
(0.1233333333 -1.156482317e-18 0.02)
(0.1266666667 0 0.02)
(0.1133333333 -0.07 0.02125)
(0.1166666667 -0.07 0.02125)
(0.12 -0.07 0.02125)
(0.1233333333 -0.07 0.02125)
(0.1266666667 -0.07 0.02125)
(0.13 -0.07 0.02125)
(0.1333333333 -0.07 0.02125)
(0.1366666667 -0.07 0.02125)
(0.14 -0.07 0.02125)
(0.1433333333 -0.07 0.02125)
(0.1466666667 -0.07 0.02125)
(0.15 -0.07 0.02125)
(0.1533333333 -0.07 0.02125)
(0.1566666667 -0.07 0.02125)
(0.16 -0.07 0.02125)
(0.1633333333 -0.07 0.02125)
(0.1666666667 -0.07 0.02125)
(0.17 -0.07 0.02125)
(0.1733333333 -0.07 0.02125)
(0.1766666667 -0.07 0.02125)
(0.18 -0.07 0.02125)
(0.1133333333 -0.065625 0.02125)
(0.1166666667 -0.065625 0.02125)
(0.12 -0.065625 0.02125)
(0.1233333333 -0.065625 0.02125)
(0.1266666667 -0.065625 0.02125)
(0.13 -0.065625 0.02125)
(0.1333333333 -0.065625 0.02125)
(0.1366666667 -0.065625 0.02125)
(0.14 -0.065625 0.02125)
(0.1433333333 -0.065625 0.02125)
(0.1466666667 -0.065625 0.02125)
(0.15 -0.065625 0.02125)
(0.1533333333 -0.065625 0.02125)
(0.1566666667 -0.065625 0.02125)
(0.16 -0.065625 0.02125)
(0.1633333333 -0.065625 0.02125)
(0.1666666667 -0.065625 0.02125)
(0.17 -0.065625 0.02125)
(0.1733333333 -0.065625 0.02125)
(0.1766666667 -0.065625 0.02125)
(0.18 -0.065625 0.02125)
(0.1133333333 -0.06125 0.02125)
(0.1166666667 -0.06125 0.02125)
(0.12 -0.06125 0.02125)
(0.1233333333 -0.06125 0.02125)
(0.1266666667 -0.06125 0.02125)
(0.13 -0.06125 0.02125)
(0.1333333333 -0.06125 0.02125)
(0.1366666667 -0.06125 0.02125)
(0.14 -0.06125 0.02125)
(0.1433333333 -0.06125 0.02125)
(0.1466666667 -0.06125 0.02125)
(0.15 -0.06125 0.02125)
(0.1533333333 -0.06125 0.02125)
(0.1566666667 -0.06125 0.02125)
(0.16 -0.06125 0.02125)
(0.1633333333 -0.06125 0.02125)
(0.1666666667 -0.06125 0.02125)
(0.17 -0.06125 0.02125)
(0.1733333333 -0.06125 0.02125)
(0.1766666667 -0.06125 0.02125)
(0.18 -0.06125 0.02125)
(0.1133333333 -0.056875 0.02125)
(0.1166666667 -0.056875 0.02125)
(0.12 -0.056875 0.02125)
(0.1233333333 -0.056875 0.02125)
(0.1266666667 -0.056875 0.02125)
(0.13 -0.056875 0.02125)
(0.1333333333 -0.056875 0.02125)
(0.1366666667 -0.056875 0.02125)
(0.14 -0.056875 0.02125)
(0.1433333333 -0.056875 0.02125)
(0.1466666667 -0.056875 0.02125)
(0.15 -0.056875 0.02125)
(0.1533333333 -0.056875 0.02125)
(0.1566666667 -0.056875 0.02125)
(0.16 -0.056875 0.02125)
(0.1633333333 -0.056875 0.02125)
(0.1666666667 -0.056875 0.02125)
(0.17 -0.056875 0.02125)
(0.1733333333 -0.056875 0.02125)
(0.1766666667 -0.056875 0.02125)
(0.18 -0.056875 0.02125)
(0.1133333333 -0.0525 0.02125)
(0.1166666667 -0.0525 0.02125)
(0.12 -0.0525 0.02125)
(0.1233333333 -0.0525 0.02125)
(0.1266666667 -0.0525 0.02125)
(0.13 -0.0525 0.02125)
(0.1333333333 -0.0525 0.02125)
(0.1366666667 -0.0525 0.02125)
(0.14 -0.0525 0.02125)
(0.1433333333 -0.0525 0.02125)
(0.1466666667 -0.0525 0.02125)
(0.15 -0.0525 0.02125)
(0.1533333333 -0.0525 0.02125)
(0.1566666667 -0.0525 0.02125)
(0.16 -0.0525 0.02125)
(0.1633333333 -0.0525 0.02125)
(0.1666666667 -0.0525 0.02125)
(0.17 -0.0525 0.02125)
(0.1733333333 -0.0525 0.02125)
(0.1766666667 -0.0525 0.02125)
(0.18 -0.0525 0.02125)
(0.1133333333 -0.048125 0.02125)
(0.1166666667 -0.048125 0.02125)
(0.12 -0.048125 0.02125)
(0.1233333333 -0.048125 0.02125)
(0.1266666667 -0.048125 0.02125)
(0.13 -0.048125 0.02125)
(0.1333333333 -0.048125 0.02125)
(0.1366666667 -0.048125 0.02125)
(0.14 -0.048125 0.02125)
(0.1433333333 -0.048125 0.02125)
(0.1466666667 -0.048125 0.02125)
(0.15 -0.048125 0.02125)
(0.1533333333 -0.048125 0.02125)
(0.1566666667 -0.048125 0.02125)
(0.16 -0.048125 0.02125)
(0.1633333333 -0.048125 0.02125)
(0.1666666667 -0.048125 0.02125)
(0.17 -0.048125 0.02125)
(0.1733333333 -0.048125 0.02125)
(0.1766666667 -0.048125 0.02125)
(0.18 -0.048125 0.02125)
(0.1133333333 -0.04375 0.02125)
(0.1166666667 -0.04375 0.02125)
(0.12 -0.04375 0.02125)
(0.1233333333 -0.04375 0.02125)
(0.1266666667 -0.04375 0.02125)
(0.13 -0.04375 0.02125)
(0.1333333333 -0.04375 0.02125)
(0.1366666667 -0.04375 0.02125)
(0.14 -0.04375 0.02125)
(0.1433333333 -0.04375 0.02125)
(0.1466666667 -0.04375 0.02125)
(0.15 -0.04375 0.02125)
(0.1533333333 -0.04375 0.02125)
(0.1566666667 -0.04375 0.02125)
(0.16 -0.04375 0.02125)
(0.1633333333 -0.04375 0.02125)
(0.1666666667 -0.04375 0.02125)
(0.17 -0.04375 0.02125)
(0.1733333333 -0.04375 0.02125)
(0.1766666667 -0.04375 0.02125)
(0.18 -0.04375 0.02125)
(0.1133333333 -0.039375 0.02125)
(0.1166666667 -0.039375 0.02125)
(0.12 -0.039375 0.02125)
(0.1233333333 -0.039375 0.02125)
(0.1266666667 -0.039375 0.02125)
(0.13 -0.039375 0.02125)
(0.1333333333 -0.039375 0.02125)
(0.1366666667 -0.039375 0.02125)
(0.14 -0.039375 0.02125)
(0.1433333333 -0.039375 0.02125)
(0.1466666667 -0.039375 0.02125)
(0.15 -0.039375 0.02125)
(0.1533333333 -0.039375 0.02125)
(0.1566666667 -0.039375 0.02125)
(0.16 -0.039375 0.02125)
(0.1633333333 -0.039375 0.02125)
(0.1666666667 -0.039375 0.02125)
(0.17 -0.039375 0.02125)
(0.1733333333 -0.039375 0.02125)
(0.1766666667 -0.039375 0.02125)
(0.18 -0.039375 0.02125)
(0.1133333333 -0.035 0.02125)
(0.1166666667 -0.035 0.02125)
(0.12 -0.035 0.02125)
(0.1233333333 -0.035 0.02125)
(0.1266666667 -0.035 0.02125)
(0.13 -0.035 0.02125)
(0.1333333333 -0.035 0.02125)
(0.1366666667 -0.035 0.02125)
(0.14 -0.035 0.02125)
(0.1433333333 -0.035 0.02125)
(0.1466666667 -0.035 0.02125)
(0.15 -0.035 0.02125)
(0.1533333333 -0.035 0.02125)
(0.1566666667 -0.035 0.02125)
(0.16 -0.035 0.02125)
(0.1633333333 -0.035 0.02125)
(0.1666666667 -0.035 0.02125)
(0.17 -0.035 0.02125)
(0.1733333333 -0.035 0.02125)
(0.1766666667 -0.035 0.02125)
(0.18 -0.035 0.02125)
(0.1133333333 -0.030625 0.02125)
(0.1166666667 -0.030625 0.02125)
(0.12 -0.030625 0.02125)
(0.1233333333 -0.030625 0.02125)
(0.1266666667 -0.030625 0.02125)
(0.13 -0.030625 0.02125)
(0.1333333333 -0.030625 0.02125)
(0.1366666667 -0.030625 0.02125)
(0.14 -0.030625 0.02125)
(0.1433333333 -0.030625 0.02125)
(0.1466666667 -0.030625 0.02125)
(0.15 -0.030625 0.02125)
(0.1533333333 -0.030625 0.02125)
(0.1566666667 -0.030625 0.02125)
(0.16 -0.030625 0.02125)
(0.1633333333 -0.030625 0.02125)
(0.1666666667 -0.030625 0.02125)
(0.17 -0.030625 0.02125)
(0.1733333333 -0.030625 0.02125)
(0.1766666667 -0.030625 0.02125)
(0.18 -0.030625 0.02125)
(0.1133333333 -0.02625 0.02125)
(0.1166666667 -0.02625 0.02125)
(0.12 -0.02625 0.02125)
(0.1233333333 -0.02625 0.02125)
(0.1266666667 -0.02625 0.02125)
(0.13 -0.02625 0.02125)
(0.1333333333 -0.02625 0.02125)
(0.1366666667 -0.02625 0.02125)
(0.14 -0.02625 0.02125)
(0.1433333333 -0.02625 0.02125)
(0.1466666667 -0.02625 0.02125)
(0.15 -0.02625 0.02125)
(0.1533333333 -0.02625 0.02125)
(0.1566666667 -0.02625 0.02125)
(0.16 -0.02625 0.02125)
(0.1633333333 -0.02625 0.02125)
(0.1666666667 -0.02625 0.02125)
(0.17 -0.02625 0.02125)
(0.1733333333 -0.02625 0.02125)
(0.1766666667 -0.02625 0.02125)
(0.18 -0.02625 0.02125)
(0.1166666667 -0.021875 0.02125)
(0.12 -0.021875 0.02125)
(0.1233333333 -0.021875 0.02125)
(0.1266666667 -0.021875 0.02125)
(0.13 -0.021875 0.02125)
(0.1333333333 -0.021875 0.02125)
(0.1366666667 -0.021875 0.02125)
(0.14 -0.021875 0.02125)
(0.1433333333 -0.021875 0.02125)
(0.1466666667 -0.021875 0.02125)
(0.15 -0.021875 0.02125)
(0.1533333333 -0.021875 0.02125)
(0.1566666667 -0.021875 0.02125)
(0.16 -0.021875 0.02125)
(0.1633333333 -0.021875 0.02125)
(0.1666666667 -0.021875 0.02125)
(0.17 -0.021875 0.02125)
(0.1733333333 -0.021875 0.02125)
(0.1766666667 -0.021875 0.02125)
(0.18 -0.021875 0.02125)
(0.1166666667 -0.0175 0.02125)
(0.12 -0.0175 0.02125)
(0.1233333333 -0.0175 0.02125)
(0.1266666667 -0.0175 0.02125)
(0.13 -0.0175 0.02125)
(0.1333333333 -0.0175 0.02125)
(0.1366666667 -0.0175 0.02125)
(0.14 -0.0175 0.02125)
(0.1433333333 -0.0175 0.02125)
(0.1466666667 -0.0175 0.02125)
(0.15 -0.0175 0.02125)
(0.1533333333 -0.0175 0.02125)
(0.1566666667 -0.0175 0.02125)
(0.16 -0.0175 0.02125)
(0.1633333333 -0.0175 0.02125)
(0.1666666667 -0.0175 0.02125)
(0.17 -0.0175 0.02125)
(0.1733333333 -0.0175 0.02125)
(0.1766666667 -0.0175 0.02125)
(0.18 -0.0175 0.02125)
(0.1166666667 -0.013125 0.02125)
(0.12 -0.013125 0.02125)
(0.1233333333 -0.013125 0.02125)
(0.1266666667 -0.013125 0.02125)
(0.13 -0.013125 0.02125)
(0.1333333333 -0.013125 0.02125)
(0.1366666667 -0.013125 0.02125)
(0.14 -0.013125 0.02125)
(0.1433333333 -0.013125 0.02125)
(0.1466666667 -0.013125 0.02125)
(0.15 -0.013125 0.02125)
(0.1533333333 -0.013125 0.02125)
(0.1566666667 -0.013125 0.02125)
(0.16 -0.013125 0.02125)
(0.1633333333 -0.013125 0.02125)
(0.1666666667 -0.013125 0.02125)
(0.17 -0.013125 0.02125)
(0.1733333333 -0.013125 0.02125)
(0.1766666667 -0.013125 0.02125)
(0.18 -0.013125 0.02125)
(0.1166666667 -0.00875 0.02125)
(0.12 -0.00875 0.02125)
(0.1233333333 -0.00875 0.02125)
(0.1266666667 -0.00875 0.02125)
(0.13 -0.00875 0.02125)
(0.1333333333 -0.00875 0.02125)
(0.1366666667 -0.00875 0.02125)
(0.14 -0.00875 0.02125)
(0.1433333333 -0.00875 0.02125)
(0.1466666667 -0.00875 0.02125)
(0.15 -0.00875 0.02125)
(0.1533333333 -0.00875 0.02125)
(0.1566666667 -0.00875 0.02125)
(0.16 -0.00875 0.02125)
(0.1633333333 -0.00875 0.02125)
(0.1666666667 -0.00875 0.02125)
(0.17 -0.00875 0.02125)
(0.1733333333 -0.00875 0.02125)
(0.1766666667 -0.00875 0.02125)
(0.18 -0.00875 0.02125)
(0.12 -0.004375 0.02125)
(0.1233333333 -0.004375 0.02125)
(0.1266666667 -0.004375 0.02125)
(0.13 -0.004375 0.02125)
(0.1333333333 -0.004375 0.02125)
(0.1366666667 -0.004375 0.02125)
(0.14 -0.004375 0.02125)
(0.1433333333 -0.004375 0.02125)
(0.1466666667 -0.004375 0.02125)
(0.15 -0.004375 0.02125)
(0.1533333333 -0.004375 0.02125)
(0.1566666667 -0.004375 0.02125)
(0.16 -0.004375 0.02125)
(0.1633333333 -0.004375 0.02125)
(0.1666666667 -0.004375 0.02125)
(0.17 -0.004375 0.02125)
(0.1733333333 -0.004375 0.02125)
(0.1766666667 -0.004375 0.02125)
(0.18 -0.004375 0.02125)
(0.12 0 0.02125)
(0.1233333333 -1.156482317e-18 0.02125)
(0.1266666667 0 0.02125)
(0.1133333333 -0.07 0.0225)
(0.1166666667 -0.07 0.0225)
(0.12 -0.07 0.0225)
(0.1233333333 -0.07 0.0225)
(0.1266666667 -0.07 0.0225)
(0.13 -0.07 0.0225)
(0.1333333333 -0.07 0.0225)
(0.1366666667 -0.07 0.0225)
(0.14 -0.07 0.0225)
(0.1433333333 -0.07 0.0225)
(0.1466666667 -0.07 0.0225)
(0.15 -0.07 0.0225)
(0.1533333333 -0.07 0.0225)
(0.1566666667 -0.07 0.0225)
(0.16 -0.07 0.0225)
(0.1633333333 -0.07 0.0225)
(0.1666666667 -0.07 0.0225)
(0.17 -0.07 0.0225)
(0.1733333333 -0.07 0.0225)
(0.1766666667 -0.07 0.0225)
(0.18 -0.07 0.0225)
(0.1133333333 -0.065625 0.0225)
(0.1166666667 -0.065625 0.0225)
(0.12 -0.065625 0.0225)
(0.1233333333 -0.065625 0.0225)
(0.1266666667 -0.065625 0.0225)
(0.13 -0.065625 0.0225)
(0.1333333333 -0.065625 0.0225)
(0.1366666667 -0.065625 0.0225)
(0.14 -0.065625 0.0225)
(0.1433333333 -0.065625 0.0225)
(0.1466666667 -0.065625 0.0225)
(0.15 -0.065625 0.0225)
(0.1533333333 -0.065625 0.0225)
(0.1566666667 -0.065625 0.0225)
(0.16 -0.065625 0.0225)
(0.1633333333 -0.065625 0.0225)
(0.1666666667 -0.065625 0.0225)
(0.17 -0.065625 0.0225)
(0.1733333333 -0.065625 0.0225)
(0.1766666667 -0.065625 0.0225)
(0.18 -0.065625 0.0225)
(0.1133333333 -0.06125 0.0225)
(0.1166666667 -0.06125 0.0225)
(0.12 -0.06125 0.0225)
(0.1233333333 -0.06125 0.0225)
(0.1266666667 -0.06125 0.0225)
(0.13 -0.06125 0.0225)
(0.1333333333 -0.06125 0.0225)
(0.1366666667 -0.06125 0.0225)
(0.14 -0.06125 0.0225)
(0.1433333333 -0.06125 0.0225)
(0.1466666667 -0.06125 0.0225)
(0.15 -0.06125 0.0225)
(0.1533333333 -0.06125 0.0225)
(0.1566666667 -0.06125 0.0225)
(0.16 -0.06125 0.0225)
(0.1633333333 -0.06125 0.0225)
(0.1666666667 -0.06125 0.0225)
(0.17 -0.06125 0.0225)
(0.1733333333 -0.06125 0.0225)
(0.1766666667 -0.06125 0.0225)
(0.18 -0.06125 0.0225)
(0.1133333333 -0.056875 0.0225)
(0.1166666667 -0.056875 0.0225)
(0.12 -0.056875 0.0225)
(0.1233333333 -0.056875 0.0225)
(0.1266666667 -0.056875 0.0225)
(0.13 -0.056875 0.0225)
(0.1333333333 -0.056875 0.0225)
(0.1366666667 -0.056875 0.0225)
(0.14 -0.056875 0.0225)
(0.1433333333 -0.056875 0.0225)
(0.1466666667 -0.056875 0.0225)
(0.15 -0.056875 0.0225)
(0.1533333333 -0.056875 0.0225)
(0.1566666667 -0.056875 0.0225)
(0.16 -0.056875 0.0225)
(0.1633333333 -0.056875 0.0225)
(0.1666666667 -0.056875 0.0225)
(0.17 -0.056875 0.0225)
(0.1733333333 -0.056875 0.0225)
(0.1766666667 -0.056875 0.0225)
(0.18 -0.056875 0.0225)
(0.1133333333 -0.0525 0.0225)
(0.1166666667 -0.0525 0.0225)
(0.12 -0.0525 0.0225)
(0.1233333333 -0.0525 0.0225)
(0.1266666667 -0.0525 0.0225)
(0.13 -0.0525 0.0225)
(0.1333333333 -0.0525 0.0225)
(0.1366666667 -0.0525 0.0225)
(0.14 -0.0525 0.0225)
(0.1433333333 -0.0525 0.0225)
(0.1466666667 -0.0525 0.0225)
(0.15 -0.0525 0.0225)
(0.1533333333 -0.0525 0.0225)
(0.1566666667 -0.0525 0.0225)
(0.16 -0.0525 0.0225)
(0.1633333333 -0.0525 0.0225)
(0.1666666667 -0.0525 0.0225)
(0.17 -0.0525 0.0225)
(0.1733333333 -0.0525 0.0225)
(0.1766666667 -0.0525 0.0225)
(0.18 -0.0525 0.0225)
(0.1133333333 -0.048125 0.0225)
(0.1166666667 -0.048125 0.0225)
(0.12 -0.048125 0.0225)
(0.1233333333 -0.048125 0.0225)
(0.1266666667 -0.048125 0.0225)
(0.13 -0.048125 0.0225)
(0.1333333333 -0.048125 0.0225)
(0.1366666667 -0.048125 0.0225)
(0.14 -0.048125 0.0225)
(0.1433333333 -0.048125 0.0225)
(0.1466666667 -0.048125 0.0225)
(0.15 -0.048125 0.0225)
(0.1533333333 -0.048125 0.0225)
(0.1566666667 -0.048125 0.0225)
(0.16 -0.048125 0.0225)
(0.1633333333 -0.048125 0.0225)
(0.1666666667 -0.048125 0.0225)
(0.17 -0.048125 0.0225)
(0.1733333333 -0.048125 0.0225)
(0.1766666667 -0.048125 0.0225)
(0.18 -0.048125 0.0225)
(0.1133333333 -0.04375 0.0225)
(0.1166666667 -0.04375 0.0225)
(0.12 -0.04375 0.0225)
(0.1233333333 -0.04375 0.0225)
(0.1266666667 -0.04375 0.0225)
(0.13 -0.04375 0.0225)
(0.1333333333 -0.04375 0.0225)
(0.1366666667 -0.04375 0.0225)
(0.14 -0.04375 0.0225)
(0.1433333333 -0.04375 0.0225)
(0.1466666667 -0.04375 0.0225)
(0.15 -0.04375 0.0225)
(0.1533333333 -0.04375 0.0225)
(0.1566666667 -0.04375 0.0225)
(0.16 -0.04375 0.0225)
(0.1633333333 -0.04375 0.0225)
(0.1666666667 -0.04375 0.0225)
(0.17 -0.04375 0.0225)
(0.1733333333 -0.04375 0.0225)
(0.1766666667 -0.04375 0.0225)
(0.18 -0.04375 0.0225)
(0.1133333333 -0.039375 0.0225)
(0.1166666667 -0.039375 0.0225)
(0.12 -0.039375 0.0225)
(0.1233333333 -0.039375 0.0225)
(0.1266666667 -0.039375 0.0225)
(0.13 -0.039375 0.0225)
(0.1333333333 -0.039375 0.0225)
(0.1366666667 -0.039375 0.0225)
(0.14 -0.039375 0.0225)
(0.1433333333 -0.039375 0.0225)
(0.1466666667 -0.039375 0.0225)
(0.15 -0.039375 0.0225)
(0.1533333333 -0.039375 0.0225)
(0.1566666667 -0.039375 0.0225)
(0.16 -0.039375 0.0225)
(0.1633333333 -0.039375 0.0225)
(0.1666666667 -0.039375 0.0225)
(0.17 -0.039375 0.0225)
(0.1733333333 -0.039375 0.0225)
(0.1766666667 -0.039375 0.0225)
(0.18 -0.039375 0.0225)
(0.1133333333 -0.035 0.0225)
(0.1166666667 -0.035 0.0225)
(0.12 -0.035 0.0225)
(0.1233333333 -0.035 0.0225)
(0.1266666667 -0.035 0.0225)
(0.13 -0.035 0.0225)
(0.1333333333 -0.035 0.0225)
(0.1366666667 -0.035 0.0225)
(0.14 -0.035 0.0225)
(0.1433333333 -0.035 0.0225)
(0.1466666667 -0.035 0.0225)
(0.15 -0.035 0.0225)
(0.1533333333 -0.035 0.0225)
(0.1566666667 -0.035 0.0225)
(0.16 -0.035 0.0225)
(0.1633333333 -0.035 0.0225)
(0.1666666667 -0.035 0.0225)
(0.17 -0.035 0.0225)
(0.1733333333 -0.035 0.0225)
(0.1766666667 -0.035 0.0225)
(0.18 -0.035 0.0225)
(0.1133333333 -0.030625 0.0225)
(0.1166666667 -0.030625 0.0225)
(0.12 -0.030625 0.0225)
(0.1233333333 -0.030625 0.0225)
(0.1266666667 -0.030625 0.0225)
(0.13 -0.030625 0.0225)
(0.1333333333 -0.030625 0.0225)
(0.1366666667 -0.030625 0.0225)
(0.14 -0.030625 0.0225)
(0.1433333333 -0.030625 0.0225)
(0.1466666667 -0.030625 0.0225)
(0.15 -0.030625 0.0225)
(0.1533333333 -0.030625 0.0225)
(0.1566666667 -0.030625 0.0225)
(0.16 -0.030625 0.0225)
(0.1633333333 -0.030625 0.0225)
(0.1666666667 -0.030625 0.0225)
(0.17 -0.030625 0.0225)
(0.1733333333 -0.030625 0.0225)
(0.1766666667 -0.030625 0.0225)
(0.18 -0.030625 0.0225)
(0.1133333333 -0.02625 0.0225)
(0.1166666667 -0.02625 0.0225)
(0.12 -0.02625 0.0225)
(0.1233333333 -0.02625 0.0225)
(0.1266666667 -0.02625 0.0225)
(0.13 -0.02625 0.0225)
(0.1333333333 -0.02625 0.0225)
(0.1366666667 -0.02625 0.0225)
(0.14 -0.02625 0.0225)
(0.1433333333 -0.02625 0.0225)
(0.1466666667 -0.02625 0.0225)
(0.15 -0.02625 0.0225)
(0.1533333333 -0.02625 0.0225)
(0.1566666667 -0.02625 0.0225)
(0.16 -0.02625 0.0225)
(0.1633333333 -0.02625 0.0225)
(0.1666666667 -0.02625 0.0225)
(0.17 -0.02625 0.0225)
(0.1733333333 -0.02625 0.0225)
(0.1766666667 -0.02625 0.0225)
(0.18 -0.02625 0.0225)
(0.1166666667 -0.021875 0.0225)
(0.12 -0.021875 0.0225)
(0.1233333333 -0.021875 0.0225)
(0.1266666667 -0.021875 0.0225)
(0.13 -0.021875 0.0225)
(0.1333333333 -0.021875 0.0225)
(0.1366666667 -0.021875 0.0225)
(0.14 -0.021875 0.0225)
(0.1433333333 -0.021875 0.0225)
(0.1466666667 -0.021875 0.0225)
(0.15 -0.021875 0.0225)
(0.1533333333 -0.021875 0.0225)
(0.1566666667 -0.021875 0.0225)
(0.16 -0.021875 0.0225)
(0.1633333333 -0.021875 0.0225)
(0.1666666667 -0.021875 0.0225)
(0.17 -0.021875 0.0225)
(0.1733333333 -0.021875 0.0225)
(0.1766666667 -0.021875 0.0225)
(0.18 -0.021875 0.0225)
(0.1166666667 -0.0175 0.0225)
(0.12 -0.0175 0.0225)
(0.1233333333 -0.0175 0.0225)
(0.1266666667 -0.0175 0.0225)
(0.13 -0.0175 0.0225)
(0.1333333333 -0.0175 0.0225)
(0.1366666667 -0.0175 0.0225)
(0.14 -0.0175 0.0225)
(0.1433333333 -0.0175 0.0225)
(0.1466666667 -0.0175 0.0225)
(0.15 -0.0175 0.0225)
(0.1533333333 -0.0175 0.0225)
(0.1566666667 -0.0175 0.0225)
(0.16 -0.0175 0.0225)
(0.1633333333 -0.0175 0.0225)
(0.1666666667 -0.0175 0.0225)
(0.17 -0.0175 0.0225)
(0.1733333333 -0.0175 0.0225)
(0.1766666667 -0.0175 0.0225)
(0.18 -0.0175 0.0225)
(0.1166666667 -0.013125 0.0225)
(0.12 -0.013125 0.0225)
(0.1233333333 -0.013125 0.0225)
(0.1266666667 -0.013125 0.0225)
(0.13 -0.013125 0.0225)
(0.1333333333 -0.013125 0.0225)
(0.1366666667 -0.013125 0.0225)
(0.14 -0.013125 0.0225)
(0.1433333333 -0.013125 0.0225)
(0.1466666667 -0.013125 0.0225)
(0.15 -0.013125 0.0225)
(0.1533333333 -0.013125 0.0225)
(0.1566666667 -0.013125 0.0225)
(0.16 -0.013125 0.0225)
(0.1633333333 -0.013125 0.0225)
(0.1666666667 -0.013125 0.0225)
(0.17 -0.013125 0.0225)
(0.1733333333 -0.013125 0.0225)
(0.1766666667 -0.013125 0.0225)
(0.18 -0.013125 0.0225)
(0.1166666667 -0.00875 0.0225)
(0.12 -0.00875 0.0225)
(0.1233333333 -0.00875 0.0225)
(0.1266666667 -0.00875 0.0225)
(0.13 -0.00875 0.0225)
(0.1333333333 -0.00875 0.0225)
(0.1366666667 -0.00875 0.0225)
(0.14 -0.00875 0.0225)
(0.1433333333 -0.00875 0.0225)
(0.1466666667 -0.00875 0.0225)
(0.15 -0.00875 0.0225)
(0.1533333333 -0.00875 0.0225)
(0.1566666667 -0.00875 0.0225)
(0.16 -0.00875 0.0225)
(0.1633333333 -0.00875 0.0225)
(0.1666666667 -0.00875 0.0225)
(0.17 -0.00875 0.0225)
(0.1733333333 -0.00875 0.0225)
(0.1766666667 -0.00875 0.0225)
(0.18 -0.00875 0.0225)
(0.12 -0.004375 0.0225)
(0.1233333333 -0.004375 0.0225)
(0.1266666667 -0.004375 0.0225)
(0.13 -0.004375 0.0225)
(0.1333333333 -0.004375 0.0225)
(0.1366666667 -0.004375 0.0225)
(0.14 -0.004375 0.0225)
(0.1433333333 -0.004375 0.0225)
(0.1466666667 -0.004375 0.0225)
(0.15 -0.004375 0.0225)
(0.1533333333 -0.004375 0.0225)
(0.1566666667 -0.004375 0.0225)
(0.16 -0.004375 0.0225)
(0.1633333333 -0.004375 0.0225)
(0.1666666667 -0.004375 0.0225)
(0.17 -0.004375 0.0225)
(0.1733333333 -0.004375 0.0225)
(0.1766666667 -0.004375 0.0225)
(0.18 -0.004375 0.0225)
(0.12 0 0.0225)
(0.1233333333 -1.156482317e-18 0.0225)
(0.1266666667 0 0.0225)
(0.1133333333 -0.07 0.02375)
(0.1166666667 -0.07 0.02375)
(0.12 -0.07 0.02375)
(0.1233333333 -0.07 0.02375)
(0.1266666667 -0.07 0.02375)
(0.13 -0.07 0.02375)
(0.1333333333 -0.07 0.02375)
(0.1366666667 -0.07 0.02375)
(0.14 -0.07 0.02375)
(0.1433333333 -0.07 0.02375)
(0.1466666667 -0.07 0.02375)
(0.15 -0.07 0.02375)
(0.1533333333 -0.07 0.02375)
(0.1566666667 -0.07 0.02375)
(0.16 -0.07 0.02375)
(0.1633333333 -0.07 0.02375)
(0.1666666667 -0.07 0.02375)
(0.17 -0.07 0.02375)
(0.1733333333 -0.07 0.02375)
(0.1766666667 -0.07 0.02375)
(0.18 -0.07 0.02375)
(0.1133333333 -0.065625 0.02375)
(0.1166666667 -0.065625 0.02375)
(0.12 -0.065625 0.02375)
(0.1233333333 -0.065625 0.02375)
(0.1266666667 -0.065625 0.02375)
(0.13 -0.065625 0.02375)
(0.1333333333 -0.065625 0.02375)
(0.1366666667 -0.065625 0.02375)
(0.14 -0.065625 0.02375)
(0.1433333333 -0.065625 0.02375)
(0.1466666667 -0.065625 0.02375)
(0.15 -0.065625 0.02375)
(0.1533333333 -0.065625 0.02375)
(0.1566666667 -0.065625 0.02375)
(0.16 -0.065625 0.02375)
(0.1633333333 -0.065625 0.02375)
(0.1666666667 -0.065625 0.02375)
(0.17 -0.065625 0.02375)
(0.1733333333 -0.065625 0.02375)
(0.1766666667 -0.065625 0.02375)
(0.18 -0.065625 0.02375)
(0.1133333333 -0.06125 0.02375)
(0.1166666667 -0.06125 0.02375)
(0.12 -0.06125 0.02375)
(0.1233333333 -0.06125 0.02375)
(0.1266666667 -0.06125 0.02375)
(0.13 -0.06125 0.02375)
(0.1333333333 -0.06125 0.02375)
(0.1366666667 -0.06125 0.02375)
(0.14 -0.06125 0.02375)
(0.1433333333 -0.06125 0.02375)
(0.1466666667 -0.06125 0.02375)
(0.15 -0.06125 0.02375)
(0.1533333333 -0.06125 0.02375)
(0.1566666667 -0.06125 0.02375)
(0.16 -0.06125 0.02375)
(0.1633333333 -0.06125 0.02375)
(0.1666666667 -0.06125 0.02375)
(0.17 -0.06125 0.02375)
(0.1733333333 -0.06125 0.02375)
(0.1766666667 -0.06125 0.02375)
(0.18 -0.06125 0.02375)
(0.1133333333 -0.056875 0.02375)
(0.1166666667 -0.056875 0.02375)
(0.12 -0.056875 0.02375)
(0.1233333333 -0.056875 0.02375)
(0.1266666667 -0.056875 0.02375)
(0.13 -0.056875 0.02375)
(0.1333333333 -0.056875 0.02375)
(0.1366666667 -0.056875 0.02375)
(0.14 -0.056875 0.02375)
(0.1433333333 -0.056875 0.02375)
(0.1466666667 -0.056875 0.02375)
(0.15 -0.056875 0.02375)
(0.1533333333 -0.056875 0.02375)
(0.1566666667 -0.056875 0.02375)
(0.16 -0.056875 0.02375)
(0.1633333333 -0.056875 0.02375)
(0.1666666667 -0.056875 0.02375)
(0.17 -0.056875 0.02375)
(0.1733333333 -0.056875 0.02375)
(0.1766666667 -0.056875 0.02375)
(0.18 -0.056875 0.02375)
(0.1133333333 -0.0525 0.02375)
(0.1166666667 -0.0525 0.02375)
(0.12 -0.0525 0.02375)
(0.1233333333 -0.0525 0.02375)
(0.1266666667 -0.0525 0.02375)
(0.13 -0.0525 0.02375)
(0.1333333333 -0.0525 0.02375)
(0.1366666667 -0.0525 0.02375)
(0.14 -0.0525 0.02375)
(0.1433333333 -0.0525 0.02375)
(0.1466666667 -0.0525 0.02375)
(0.15 -0.0525 0.02375)
(0.1533333333 -0.0525 0.02375)
(0.1566666667 -0.0525 0.02375)
(0.16 -0.0525 0.02375)
(0.1633333333 -0.0525 0.02375)
(0.1666666667 -0.0525 0.02375)
(0.17 -0.0525 0.02375)
(0.1733333333 -0.0525 0.02375)
(0.1766666667 -0.0525 0.02375)
(0.18 -0.0525 0.02375)
(0.1133333333 -0.048125 0.02375)
(0.1166666667 -0.048125 0.02375)
(0.12 -0.048125 0.02375)
(0.1233333333 -0.048125 0.02375)
(0.1266666667 -0.048125 0.02375)
(0.13 -0.048125 0.02375)
(0.1333333333 -0.048125 0.02375)
(0.1366666667 -0.048125 0.02375)
(0.14 -0.048125 0.02375)
(0.1433333333 -0.048125 0.02375)
(0.1466666667 -0.048125 0.02375)
(0.15 -0.048125 0.02375)
(0.1533333333 -0.048125 0.02375)
(0.1566666667 -0.048125 0.02375)
(0.16 -0.048125 0.02375)
(0.1633333333 -0.048125 0.02375)
(0.1666666667 -0.048125 0.02375)
(0.17 -0.048125 0.02375)
(0.1733333333 -0.048125 0.02375)
(0.1766666667 -0.048125 0.02375)
(0.18 -0.048125 0.02375)
(0.1133333333 -0.04375 0.02375)
(0.1166666667 -0.04375 0.02375)
(0.12 -0.04375 0.02375)
(0.1233333333 -0.04375 0.02375)
(0.1266666667 -0.04375 0.02375)
(0.13 -0.04375 0.02375)
(0.1333333333 -0.04375 0.02375)
(0.1366666667 -0.04375 0.02375)
(0.14 -0.04375 0.02375)
(0.1433333333 -0.04375 0.02375)
(0.1466666667 -0.04375 0.02375)
(0.15 -0.04375 0.02375)
(0.1533333333 -0.04375 0.02375)
(0.1566666667 -0.04375 0.02375)
(0.16 -0.04375 0.02375)
(0.1633333333 -0.04375 0.02375)
(0.1666666667 -0.04375 0.02375)
(0.17 -0.04375 0.02375)
(0.1733333333 -0.04375 0.02375)
(0.1766666667 -0.04375 0.02375)
(0.18 -0.04375 0.02375)
(0.1133333333 -0.039375 0.02375)
(0.1166666667 -0.039375 0.02375)
(0.12 -0.039375 0.02375)
(0.1233333333 -0.039375 0.02375)
(0.1266666667 -0.039375 0.02375)
(0.13 -0.039375 0.02375)
(0.1333333333 -0.039375 0.02375)
(0.1366666667 -0.039375 0.02375)
(0.14 -0.039375 0.02375)
(0.1433333333 -0.039375 0.02375)
(0.1466666667 -0.039375 0.02375)
(0.15 -0.039375 0.02375)
(0.1533333333 -0.039375 0.02375)
(0.1566666667 -0.039375 0.02375)
(0.16 -0.039375 0.02375)
(0.1633333333 -0.039375 0.02375)
(0.1666666667 -0.039375 0.02375)
(0.17 -0.039375 0.02375)
(0.1733333333 -0.039375 0.02375)
(0.1766666667 -0.039375 0.02375)
(0.18 -0.039375 0.02375)
(0.1133333333 -0.035 0.02375)
(0.1166666667 -0.035 0.02375)
(0.12 -0.035 0.02375)
(0.1233333333 -0.035 0.02375)
(0.1266666667 -0.035 0.02375)
(0.13 -0.035 0.02375)
(0.1333333333 -0.035 0.02375)
(0.1366666667 -0.035 0.02375)
(0.14 -0.035 0.02375)
(0.1433333333 -0.035 0.02375)
(0.1466666667 -0.035 0.02375)
(0.15 -0.035 0.02375)
(0.1533333333 -0.035 0.02375)
(0.1566666667 -0.035 0.02375)
(0.16 -0.035 0.02375)
(0.1633333333 -0.035 0.02375)
(0.1666666667 -0.035 0.02375)
(0.17 -0.035 0.02375)
(0.1733333333 -0.035 0.02375)
(0.1766666667 -0.035 0.02375)
(0.18 -0.035 0.02375)
(0.1133333333 -0.030625 0.02375)
(0.1166666667 -0.030625 0.02375)
(0.12 -0.030625 0.02375)
(0.1233333333 -0.030625 0.02375)
(0.1266666667 -0.030625 0.02375)
(0.13 -0.030625 0.02375)
(0.1333333333 -0.030625 0.02375)
(0.1366666667 -0.030625 0.02375)
(0.14 -0.030625 0.02375)
(0.1433333333 -0.030625 0.02375)
(0.1466666667 -0.030625 0.02375)
(0.15 -0.030625 0.02375)
(0.1533333333 -0.030625 0.02375)
(0.1566666667 -0.030625 0.02375)
(0.16 -0.030625 0.02375)
(0.1633333333 -0.030625 0.02375)
(0.1666666667 -0.030625 0.02375)
(0.17 -0.030625 0.02375)
(0.1733333333 -0.030625 0.02375)
(0.1766666667 -0.030625 0.02375)
(0.18 -0.030625 0.02375)
(0.1133333333 -0.02625 0.02375)
(0.1166666667 -0.02625 0.02375)
(0.12 -0.02625 0.02375)
(0.1233333333 -0.02625 0.02375)
(0.1266666667 -0.02625 0.02375)
(0.13 -0.02625 0.02375)
(0.1333333333 -0.02625 0.02375)
(0.1366666667 -0.02625 0.02375)
(0.14 -0.02625 0.02375)
(0.1433333333 -0.02625 0.02375)
(0.1466666667 -0.02625 0.02375)
(0.15 -0.02625 0.02375)
(0.1533333333 -0.02625 0.02375)
(0.1566666667 -0.02625 0.02375)
(0.16 -0.02625 0.02375)
(0.1633333333 -0.02625 0.02375)
(0.1666666667 -0.02625 0.02375)
(0.17 -0.02625 0.02375)
(0.1733333333 -0.02625 0.02375)
(0.1766666667 -0.02625 0.02375)
(0.18 -0.02625 0.02375)
(0.1166666667 -0.021875 0.02375)
(0.12 -0.021875 0.02375)
(0.1233333333 -0.021875 0.02375)
(0.1266666667 -0.021875 0.02375)
(0.13 -0.021875 0.02375)
(0.1333333333 -0.021875 0.02375)
(0.1366666667 -0.021875 0.02375)
(0.14 -0.021875 0.02375)
(0.1433333333 -0.021875 0.02375)
(0.1466666667 -0.021875 0.02375)
(0.15 -0.021875 0.02375)
(0.1533333333 -0.021875 0.02375)
(0.1566666667 -0.021875 0.02375)
(0.16 -0.021875 0.02375)
(0.1633333333 -0.021875 0.02375)
(0.1666666667 -0.021875 0.02375)
(0.17 -0.021875 0.02375)
(0.1733333333 -0.021875 0.02375)
(0.1766666667 -0.021875 0.02375)
(0.18 -0.021875 0.02375)
(0.1166666667 -0.0175 0.02375)
(0.12 -0.0175 0.02375)
(0.1233333333 -0.0175 0.02375)
(0.1266666667 -0.0175 0.02375)
(0.13 -0.0175 0.02375)
(0.1333333333 -0.0175 0.02375)
(0.1366666667 -0.0175 0.02375)
(0.14 -0.0175 0.02375)
(0.1433333333 -0.0175 0.02375)
(0.1466666667 -0.0175 0.02375)
(0.15 -0.0175 0.02375)
(0.1533333333 -0.0175 0.02375)
(0.1566666667 -0.0175 0.02375)
(0.16 -0.0175 0.02375)
(0.1633333333 -0.0175 0.02375)
(0.1666666667 -0.0175 0.02375)
(0.17 -0.0175 0.02375)
(0.1733333333 -0.0175 0.02375)
(0.1766666667 -0.0175 0.02375)
(0.18 -0.0175 0.02375)
(0.1166666667 -0.013125 0.02375)
(0.12 -0.013125 0.02375)
(0.1233333333 -0.013125 0.02375)
(0.1266666667 -0.013125 0.02375)
(0.13 -0.013125 0.02375)
(0.1333333333 -0.013125 0.02375)
(0.1366666667 -0.013125 0.02375)
(0.14 -0.013125 0.02375)
(0.1433333333 -0.013125 0.02375)
(0.1466666667 -0.013125 0.02375)
(0.15 -0.013125 0.02375)
(0.1533333333 -0.013125 0.02375)
(0.1566666667 -0.013125 0.02375)
(0.16 -0.013125 0.02375)
(0.1633333333 -0.013125 0.02375)
(0.1666666667 -0.013125 0.02375)
(0.17 -0.013125 0.02375)
(0.1733333333 -0.013125 0.02375)
(0.1766666667 -0.013125 0.02375)
(0.18 -0.013125 0.02375)
(0.1166666667 -0.00875 0.02375)
(0.12 -0.00875 0.02375)
(0.1233333333 -0.00875 0.02375)
(0.1266666667 -0.00875 0.02375)
(0.13 -0.00875 0.02375)
(0.1333333333 -0.00875 0.02375)
(0.1366666667 -0.00875 0.02375)
(0.14 -0.00875 0.02375)
(0.1433333333 -0.00875 0.02375)
(0.1466666667 -0.00875 0.02375)
(0.15 -0.00875 0.02375)
(0.1533333333 -0.00875 0.02375)
(0.1566666667 -0.00875 0.02375)
(0.16 -0.00875 0.02375)
(0.1633333333 -0.00875 0.02375)
(0.1666666667 -0.00875 0.02375)
(0.17 -0.00875 0.02375)
(0.1733333333 -0.00875 0.02375)
(0.1766666667 -0.00875 0.02375)
(0.18 -0.00875 0.02375)
(0.12 -0.004375 0.02375)
(0.1233333333 -0.004375 0.02375)
(0.1266666667 -0.004375 0.02375)
(0.13 -0.004375 0.02375)
(0.1333333333 -0.004375 0.02375)
(0.1366666667 -0.004375 0.02375)
(0.14 -0.004375 0.02375)
(0.1433333333 -0.004375 0.02375)
(0.1466666667 -0.004375 0.02375)
(0.15 -0.004375 0.02375)
(0.1533333333 -0.004375 0.02375)
(0.1566666667 -0.004375 0.02375)
(0.16 -0.004375 0.02375)
(0.1633333333 -0.004375 0.02375)
(0.1666666667 -0.004375 0.02375)
(0.17 -0.004375 0.02375)
(0.1733333333 -0.004375 0.02375)
(0.1766666667 -0.004375 0.02375)
(0.18 -0.004375 0.02375)
(0.12 0 0.02375)
(0.1233333333 -1.156482317e-18 0.02375)
(0.1266666667 0 0.02375)
(0.1133333333 -0.07 0.025)
(0.1166666667 -0.07 0.025)
(0.12 -0.07 0.025)
(0.1233333333 -0.07 0.025)
(0.1266666667 -0.07 0.025)
(0.13 -0.07 0.025)
(0.1333333333 -0.07 0.025)
(0.1366666667 -0.07 0.025)
(0.14 -0.07 0.025)
(0.1433333333 -0.07 0.025)
(0.1466666667 -0.07 0.025)
(0.15 -0.07 0.025)
(0.1533333333 -0.07 0.025)
(0.1566666667 -0.07 0.025)
(0.16 -0.07 0.025)
(0.1633333333 -0.07 0.025)
(0.1666666667 -0.07 0.025)
(0.17 -0.07 0.025)
(0.1733333333 -0.07 0.025)
(0.1766666667 -0.07 0.025)
(0.18 -0.07 0.025)
(0.1133333333 -0.065625 0.025)
(0.1166666667 -0.065625 0.025)
(0.12 -0.065625 0.025)
(0.1233333333 -0.065625 0.025)
(0.1266666667 -0.065625 0.025)
(0.13 -0.065625 0.025)
(0.1333333333 -0.065625 0.025)
(0.1366666667 -0.065625 0.025)
(0.14 -0.065625 0.025)
(0.1433333333 -0.065625 0.025)
(0.1466666667 -0.065625 0.025)
(0.15 -0.065625 0.025)
(0.1533333333 -0.065625 0.025)
(0.1566666667 -0.065625 0.025)
(0.16 -0.065625 0.025)
(0.1633333333 -0.065625 0.025)
(0.1666666667 -0.065625 0.025)
(0.17 -0.065625 0.025)
(0.1733333333 -0.065625 0.025)
(0.1766666667 -0.065625 0.025)
(0.18 -0.065625 0.025)
(0.1133333333 -0.06125 0.025)
(0.1166666667 -0.06125 0.025)
(0.12 -0.06125 0.025)
(0.1233333333 -0.06125 0.025)
(0.1266666667 -0.06125 0.025)
(0.13 -0.06125 0.025)
(0.1333333333 -0.06125 0.025)
(0.1366666667 -0.06125 0.025)
(0.14 -0.06125 0.025)
(0.1433333333 -0.06125 0.025)
(0.1466666667 -0.06125 0.025)
(0.15 -0.06125 0.025)
(0.1533333333 -0.06125 0.025)
(0.1566666667 -0.06125 0.025)
(0.16 -0.06125 0.025)
(0.1633333333 -0.06125 0.025)
(0.1666666667 -0.06125 0.025)
(0.17 -0.06125 0.025)
(0.1733333333 -0.06125 0.025)
(0.1766666667 -0.06125 0.025)
(0.18 -0.06125 0.025)
(0.1133333333 -0.056875 0.025)
(0.1166666667 -0.056875 0.025)
(0.12 -0.056875 0.025)
(0.1233333333 -0.056875 0.025)
(0.1266666667 -0.056875 0.025)
(0.13 -0.056875 0.025)
(0.1333333333 -0.056875 0.025)
(0.1366666667 -0.056875 0.025)
(0.14 -0.056875 0.025)
(0.1433333333 -0.056875 0.025)
(0.1466666667 -0.056875 0.025)
(0.15 -0.056875 0.025)
(0.1533333333 -0.056875 0.025)
(0.1566666667 -0.056875 0.025)
(0.16 -0.056875 0.025)
(0.1633333333 -0.056875 0.025)
(0.1666666667 -0.056875 0.025)
(0.17 -0.056875 0.025)
(0.1733333333 -0.056875 0.025)
(0.1766666667 -0.056875 0.025)
(0.18 -0.056875 0.025)
(0.1133333333 -0.0525 0.025)
(0.1166666667 -0.0525 0.025)
(0.12 -0.0525 0.025)
(0.1233333333 -0.0525 0.025)
(0.1266666667 -0.0525 0.025)
(0.13 -0.0525 0.025)
(0.1333333333 -0.0525 0.025)
(0.1366666667 -0.0525 0.025)
(0.14 -0.0525 0.025)
(0.1433333333 -0.0525 0.025)
(0.1466666667 -0.0525 0.025)
(0.15 -0.0525 0.025)
(0.1533333333 -0.0525 0.025)
(0.1566666667 -0.0525 0.025)
(0.16 -0.0525 0.025)
(0.1633333333 -0.0525 0.025)
(0.1666666667 -0.0525 0.025)
(0.17 -0.0525 0.025)
(0.1733333333 -0.0525 0.025)
(0.1766666667 -0.0525 0.025)
(0.18 -0.0525 0.025)
(0.1133333333 -0.048125 0.025)
(0.1166666667 -0.048125 0.025)
(0.12 -0.048125 0.025)
(0.1233333333 -0.048125 0.025)
(0.1266666667 -0.048125 0.025)
(0.13 -0.048125 0.025)
(0.1333333333 -0.048125 0.025)
(0.1366666667 -0.048125 0.025)
(0.14 -0.048125 0.025)
(0.1433333333 -0.048125 0.025)
(0.1466666667 -0.048125 0.025)
(0.15 -0.048125 0.025)
(0.1533333333 -0.048125 0.025)
(0.1566666667 -0.048125 0.025)
(0.16 -0.048125 0.025)
(0.1633333333 -0.048125 0.025)
(0.1666666667 -0.048125 0.025)
(0.17 -0.048125 0.025)
(0.1733333333 -0.048125 0.025)
(0.1766666667 -0.048125 0.025)
(0.18 -0.048125 0.025)
(0.1133333333 -0.04375 0.025)
(0.1166666667 -0.04375 0.025)
(0.12 -0.04375 0.025)
(0.1233333333 -0.04375 0.025)
(0.1266666667 -0.04375 0.025)
(0.13 -0.04375 0.025)
(0.1333333333 -0.04375 0.025)
(0.1366666667 -0.04375 0.025)
(0.14 -0.04375 0.025)
(0.1433333333 -0.04375 0.025)
(0.1466666667 -0.04375 0.025)
(0.15 -0.04375 0.025)
(0.1533333333 -0.04375 0.025)
(0.1566666667 -0.04375 0.025)
(0.16 -0.04375 0.025)
(0.1633333333 -0.04375 0.025)
(0.1666666667 -0.04375 0.025)
(0.17 -0.04375 0.025)
(0.1733333333 -0.04375 0.025)
(0.1766666667 -0.04375 0.025)
(0.18 -0.04375 0.025)
(0.1133333333 -0.039375 0.025)
(0.1166666667 -0.039375 0.025)
(0.12 -0.039375 0.025)
(0.1233333333 -0.039375 0.025)
(0.1266666667 -0.039375 0.025)
(0.13 -0.039375 0.025)
(0.1333333333 -0.039375 0.025)
(0.1366666667 -0.039375 0.025)
(0.14 -0.039375 0.025)
(0.1433333333 -0.039375 0.025)
(0.1466666667 -0.039375 0.025)
(0.15 -0.039375 0.025)
(0.1533333333 -0.039375 0.025)
(0.1566666667 -0.039375 0.025)
(0.16 -0.039375 0.025)
(0.1633333333 -0.039375 0.025)
(0.1666666667 -0.039375 0.025)
(0.17 -0.039375 0.025)
(0.1733333333 -0.039375 0.025)
(0.1766666667 -0.039375 0.025)
(0.18 -0.039375 0.025)
(0.1133333333 -0.035 0.025)
(0.1166666667 -0.035 0.025)
(0.12 -0.035 0.025)
(0.1233333333 -0.035 0.025)
(0.1266666667 -0.035 0.025)
(0.13 -0.035 0.025)
(0.1333333333 -0.035 0.025)
(0.1366666667 -0.035 0.025)
(0.14 -0.035 0.025)
(0.1433333333 -0.035 0.025)
(0.1466666667 -0.035 0.025)
(0.15 -0.035 0.025)
(0.1533333333 -0.035 0.025)
(0.1566666667 -0.035 0.025)
(0.16 -0.035 0.025)
(0.1633333333 -0.035 0.025)
(0.1666666667 -0.035 0.025)
(0.17 -0.035 0.025)
(0.1733333333 -0.035 0.025)
(0.1766666667 -0.035 0.025)
(0.18 -0.035 0.025)
(0.1133333333 -0.030625 0.025)
(0.1166666667 -0.030625 0.025)
(0.12 -0.030625 0.025)
(0.1233333333 -0.030625 0.025)
(0.1266666667 -0.030625 0.025)
(0.13 -0.030625 0.025)
(0.1333333333 -0.030625 0.025)
(0.1366666667 -0.030625 0.025)
(0.14 -0.030625 0.025)
(0.1433333333 -0.030625 0.025)
(0.1466666667 -0.030625 0.025)
(0.15 -0.030625 0.025)
(0.1533333333 -0.030625 0.025)
(0.1566666667 -0.030625 0.025)
(0.16 -0.030625 0.025)
(0.1633333333 -0.030625 0.025)
(0.1666666667 -0.030625 0.025)
(0.17 -0.030625 0.025)
(0.1733333333 -0.030625 0.025)
(0.1766666667 -0.030625 0.025)
(0.18 -0.030625 0.025)
(0.1133333333 -0.02625 0.025)
(0.1166666667 -0.02625 0.025)
(0.12 -0.02625 0.025)
(0.1233333333 -0.02625 0.025)
(0.1266666667 -0.02625 0.025)
(0.13 -0.02625 0.025)
(0.1333333333 -0.02625 0.025)
(0.1366666667 -0.02625 0.025)
(0.14 -0.02625 0.025)
(0.1433333333 -0.02625 0.025)
(0.1466666667 -0.02625 0.025)
(0.15 -0.02625 0.025)
(0.1533333333 -0.02625 0.025)
(0.1566666667 -0.02625 0.025)
(0.16 -0.02625 0.025)
(0.1633333333 -0.02625 0.025)
(0.1666666667 -0.02625 0.025)
(0.17 -0.02625 0.025)
(0.1733333333 -0.02625 0.025)
(0.1766666667 -0.02625 0.025)
(0.18 -0.02625 0.025)
(0.1166666667 -0.021875 0.025)
(0.12 -0.021875 0.025)
(0.1233333333 -0.021875 0.025)
(0.1266666667 -0.021875 0.025)
(0.13 -0.021875 0.025)
(0.1333333333 -0.021875 0.025)
(0.1366666667 -0.021875 0.025)
(0.14 -0.021875 0.025)
(0.1433333333 -0.021875 0.025)
(0.1466666667 -0.021875 0.025)
(0.15 -0.021875 0.025)
(0.1533333333 -0.021875 0.025)
(0.1566666667 -0.021875 0.025)
(0.16 -0.021875 0.025)
(0.1633333333 -0.021875 0.025)
(0.1666666667 -0.021875 0.025)
(0.17 -0.021875 0.025)
(0.1733333333 -0.021875 0.025)
(0.1766666667 -0.021875 0.025)
(0.18 -0.021875 0.025)
(0.1166666667 -0.0175 0.025)
(0.12 -0.0175 0.025)
(0.1233333333 -0.0175 0.025)
(0.1266666667 -0.0175 0.025)
(0.13 -0.0175 0.025)
(0.1333333333 -0.0175 0.025)
(0.1366666667 -0.0175 0.025)
(0.14 -0.0175 0.025)
(0.1433333333 -0.0175 0.025)
(0.1466666667 -0.0175 0.025)
(0.15 -0.0175 0.025)
(0.1533333333 -0.0175 0.025)
(0.1566666667 -0.0175 0.025)
(0.16 -0.0175 0.025)
(0.1633333333 -0.0175 0.025)
(0.1666666667 -0.0175 0.025)
(0.17 -0.0175 0.025)
(0.1733333333 -0.0175 0.025)
(0.1766666667 -0.0175 0.025)
(0.18 -0.0175 0.025)
(0.1166666667 -0.013125 0.025)
(0.12 -0.013125 0.025)
(0.1233333333 -0.013125 0.025)
(0.1266666667 -0.013125 0.025)
(0.13 -0.013125 0.025)
(0.1333333333 -0.013125 0.025)
(0.1366666667 -0.013125 0.025)
(0.14 -0.013125 0.025)
(0.1433333333 -0.013125 0.025)
(0.1466666667 -0.013125 0.025)
(0.15 -0.013125 0.025)
(0.1533333333 -0.013125 0.025)
(0.1566666667 -0.013125 0.025)
(0.16 -0.013125 0.025)
(0.1633333333 -0.013125 0.025)
(0.1666666667 -0.013125 0.025)
(0.17 -0.013125 0.025)
(0.1733333333 -0.013125 0.025)
(0.1766666667 -0.013125 0.025)
(0.18 -0.013125 0.025)
(0.1166666667 -0.00875 0.025)
(0.12 -0.00875 0.025)
(0.1233333333 -0.00875 0.025)
(0.1266666667 -0.00875 0.025)
(0.13 -0.00875 0.025)
(0.1333333333 -0.00875 0.025)
(0.1366666667 -0.00875 0.025)
(0.14 -0.00875 0.025)
(0.1433333333 -0.00875 0.025)
(0.1466666667 -0.00875 0.025)
(0.15 -0.00875 0.025)
(0.1533333333 -0.00875 0.025)
(0.1566666667 -0.00875 0.025)
(0.16 -0.00875 0.025)
(0.1633333333 -0.00875 0.025)
(0.1666666667 -0.00875 0.025)
(0.17 -0.00875 0.025)
(0.1733333333 -0.00875 0.025)
(0.1766666667 -0.00875 0.025)
(0.18 -0.00875 0.025)
(0.12 -0.004375 0.025)
(0.1233333333 -0.004375 0.025)
(0.1266666667 -0.004375 0.025)
(0.13 -0.004375 0.025)
(0.1333333333 -0.004375 0.025)
(0.1366666667 -0.004375 0.025)
(0.14 -0.004375 0.025)
(0.1433333333 -0.004375 0.025)
(0.1466666667 -0.004375 0.025)
(0.15 -0.004375 0.025)
(0.1533333333 -0.004375 0.025)
(0.1566666667 -0.004375 0.025)
(0.16 -0.004375 0.025)
(0.1633333333 -0.004375 0.025)
(0.1666666667 -0.004375 0.025)
(0.17 -0.004375 0.025)
(0.1733333333 -0.004375 0.025)
(0.1766666667 -0.004375 0.025)
(0.18 -0.004375 0.025)
(0.18375 -0.07 0.01625)
(0.1875 -0.07 0.01625)
(0.19125 -0.07 0.01625)
(0.195 -0.07 0.01625)
(0.19875 -0.07 0.01625)
(0.2025 -0.07 0.01625)
(0.20625 -0.07 0.01625)
(0.21 -0.07 0.01625)
(0.21375 -0.07 0.01625)
(0.18375 -0.065625 0.01625)
(0.1875 -0.065625 0.01625)
(0.19125 -0.065625 0.01625)
(0.195 -0.065625 0.01625)
(0.19875 -0.065625 0.01625)
(0.2025 -0.065625 0.01625)
(0.20625 -0.065625 0.01625)
(0.21 -0.065625 0.01625)
(0.21375 -0.065625 0.01625)
(0.18375 -0.06125 0.01625)
(0.1875 -0.06125 0.01625)
(0.19125 -0.06125 0.01625)
(0.195 -0.06125 0.01625)
(0.19875 -0.06125 0.01625)
(0.2025 -0.06125 0.01625)
(0.20625 -0.06125 0.01625)
(0.21 -0.06125 0.01625)
(0.21375 -0.06125 0.01625)
(0.18375 -0.056875 0.01625)
(0.1875 -0.056875 0.01625)
(0.19125 -0.056875 0.01625)
(0.195 -0.056875 0.01625)
(0.19875 -0.056875 0.01625)
(0.2025 -0.056875 0.01625)
(0.20625 -0.056875 0.01625)
(0.21 -0.056875 0.01625)
(0.21375 -0.056875 0.01625)
(0.18375 -0.0525 0.01625)
(0.1875 -0.0525 0.01625)
(0.19125 -0.0525 0.01625)
(0.195 -0.0525 0.01625)
(0.19875 -0.0525 0.01625)
(0.2025 -0.0525 0.01625)
(0.20625 -0.0525 0.01625)
(0.21 -0.0525 0.01625)
(0.21375 -0.0525 0.01625)
(0.18375 -0.048125 0.01625)
(0.1875 -0.048125 0.01625)
(0.19125 -0.048125 0.01625)
(0.195 -0.048125 0.01625)
(0.19875 -0.048125 0.01625)
(0.2025 -0.048125 0.01625)
(0.20625 -0.048125 0.01625)
(0.21 -0.048125 0.01625)
(0.21375 -0.048125 0.01625)
(0.18375 -0.04375 0.01625)
(0.1875 -0.04375 0.01625)
(0.19125 -0.04375 0.01625)
(0.195 -0.04375 0.01625)
(0.19875 -0.04375 0.01625)
(0.2025 -0.04375 0.01625)
(0.20625 -0.04375 0.01625)
(0.21 -0.04375 0.01625)
(0.21375 -0.04375 0.01625)
(0.18375 -0.039375 0.01625)
(0.1875 -0.039375 0.01625)
(0.19125 -0.039375 0.01625)
(0.195 -0.039375 0.01625)
(0.19875 -0.039375 0.01625)
(0.2025 -0.039375 0.01625)
(0.20625 -0.039375 0.01625)
(0.21 -0.039375 0.01625)
(0.18375 -0.035 0.01625)
(0.1875 -0.035 0.01625)
(0.19125 -0.035 0.01625)
(0.195 -0.035 0.01625)
(0.19875 -0.035 0.01625)
(0.2025 -0.035 0.01625)
(0.20625 -0.035 0.01625)
(0.21 -0.035 0.01625)
(0.18375 -0.030625 0.01625)
(0.1875 -0.030625 0.01625)
(0.19125 -0.030625 0.01625)
(0.195 -0.030625 0.01625)
(0.19875 -0.030625 0.01625)
(0.2025 -0.030625 0.01625)
(0.20625 -0.030625 0.01625)
(0.21 -0.030625 0.01625)
(0.18375 -0.02625 0.01625)
(0.1875 -0.02625 0.01625)
(0.19125 -0.02625 0.01625)
(0.195 -0.02625 0.01625)
(0.19875 -0.02625 0.01625)
(0.2025 -0.02625 0.01625)
(0.20625 -0.02625 0.01625)
(0.21 -0.02625 0.01625)
(0.18375 -0.021875 0.01625)
(0.1875 -0.021875 0.01625)
(0.19125 -0.021875 0.01625)
(0.195 -0.021875 0.01625)
(0.19875 -0.021875 0.01625)
(0.2025 -0.021875 0.01625)
(0.20625 -0.021875 0.01625)
(0.21 -0.021875 0.01625)
(0.18375 -0.0175 0.01625)
(0.1875 -0.0175 0.01625)
(0.19125 -0.0175 0.01625)
(0.195 -0.0175 0.01625)
(0.19875 -0.0175 0.01625)
(0.2025 -0.0175 0.01625)
(0.20625 -0.0175 0.01625)
(0.21 -0.0175 0.01625)
(0.18375 -0.013125 0.01625)
(0.1875 -0.013125 0.01625)
(0.19125 -0.013125 0.01625)
(0.195 -0.013125 0.01625)
(0.19875 -0.013125 0.01625)
(0.2025 -0.013125 0.01625)
(0.20625 -0.013125 0.01625)
(0.18375 -0.00875 0.01625)
(0.1875 -0.00875 0.01625)
(0.19125 -0.00875 0.01625)
(0.195 -0.00875 0.01625)
(0.19875 -0.00875 0.01625)
(0.2025 -0.00875 0.01625)
(0.20625 -0.00875 0.01625)
(0.18375 -0.004375 0.01625)
(0.1875 -0.004375 0.01625)
(0.19125 -0.004375 0.01625)
(0.18375 -0.07 0.0175)
(0.1875 -0.07 0.0175)
(0.19125 -0.07 0.0175)
(0.195 -0.07 0.0175)
(0.19875 -0.07 0.0175)
(0.2025 -0.07 0.0175)
(0.20625 -0.07 0.0175)
(0.21 -0.07 0.0175)
(0.21375 -0.07 0.0175)
(0.18375 -0.065625 0.0175)
(0.1875 -0.065625 0.0175)
(0.19125 -0.065625 0.0175)
(0.195 -0.065625 0.0175)
(0.19875 -0.065625 0.0175)
(0.2025 -0.065625 0.0175)
(0.20625 -0.065625 0.0175)
(0.21 -0.065625 0.0175)
(0.21375 -0.065625 0.0175)
(0.18375 -0.06125 0.0175)
(0.1875 -0.06125 0.0175)
(0.19125 -0.06125 0.0175)
(0.195 -0.06125 0.0175)
(0.19875 -0.06125 0.0175)
(0.2025 -0.06125 0.0175)
(0.20625 -0.06125 0.0175)
(0.21 -0.06125 0.0175)
(0.21375 -0.06125 0.0175)
(0.18375 -0.056875 0.0175)
(0.1875 -0.056875 0.0175)
(0.19125 -0.056875 0.0175)
(0.195 -0.056875 0.0175)
(0.19875 -0.056875 0.0175)
(0.2025 -0.056875 0.0175)
(0.20625 -0.056875 0.0175)
(0.21 -0.056875 0.0175)
(0.21375 -0.056875 0.0175)
(0.18375 -0.0525 0.0175)
(0.1875 -0.0525 0.0175)
(0.19125 -0.0525 0.0175)
(0.195 -0.0525 0.0175)
(0.19875 -0.0525 0.0175)
(0.2025 -0.0525 0.0175)
(0.20625 -0.0525 0.0175)
(0.21 -0.0525 0.0175)
(0.21375 -0.0525 0.0175)
(0.18375 -0.048125 0.0175)
(0.1875 -0.048125 0.0175)
(0.19125 -0.048125 0.0175)
(0.195 -0.048125 0.0175)
(0.19875 -0.048125 0.0175)
(0.2025 -0.048125 0.0175)
(0.20625 -0.048125 0.0175)
(0.21 -0.048125 0.0175)
(0.21375 -0.048125 0.0175)
(0.18375 -0.04375 0.0175)
(0.1875 -0.04375 0.0175)
(0.19125 -0.04375 0.0175)
(0.195 -0.04375 0.0175)
(0.19875 -0.04375 0.0175)
(0.2025 -0.04375 0.0175)
(0.20625 -0.04375 0.0175)
(0.21 -0.04375 0.0175)
(0.21375 -0.04375 0.0175)
(0.18375 -0.039375 0.0175)
(0.1875 -0.039375 0.0175)
(0.19125 -0.039375 0.0175)
(0.195 -0.039375 0.0175)
(0.19875 -0.039375 0.0175)
(0.2025 -0.039375 0.0175)
(0.20625 -0.039375 0.0175)
(0.21 -0.039375 0.0175)
(0.18375 -0.035 0.0175)
(0.1875 -0.035 0.0175)
(0.19125 -0.035 0.0175)
(0.195 -0.035 0.0175)
(0.19875 -0.035 0.0175)
(0.2025 -0.035 0.0175)
(0.20625 -0.035 0.0175)
(0.21 -0.035 0.0175)
(0.18375 -0.030625 0.0175)
(0.1875 -0.030625 0.0175)
(0.19125 -0.030625 0.0175)
(0.195 -0.030625 0.0175)
(0.19875 -0.030625 0.0175)
(0.2025 -0.030625 0.0175)
(0.20625 -0.030625 0.0175)
(0.21 -0.030625 0.0175)
(0.18375 -0.02625 0.0175)
(0.1875 -0.02625 0.0175)
(0.19125 -0.02625 0.0175)
(0.195 -0.02625 0.0175)
(0.19875 -0.02625 0.0175)
(0.2025 -0.02625 0.0175)
(0.20625 -0.02625 0.0175)
(0.21 -0.02625 0.0175)
(0.18375 -0.021875 0.0175)
(0.1875 -0.021875 0.0175)
(0.19125 -0.021875 0.0175)
(0.195 -0.021875 0.0175)
(0.19875 -0.021875 0.0175)
(0.2025 -0.021875 0.0175)
(0.20625 -0.021875 0.0175)
(0.21 -0.021875 0.0175)
(0.18375 -0.0175 0.0175)
(0.1875 -0.0175 0.0175)
(0.19125 -0.0175 0.0175)
(0.195 -0.0175 0.0175)
(0.19875 -0.0175 0.0175)
(0.2025 -0.0175 0.0175)
(0.20625 -0.0175 0.0175)
(0.21 -0.0175 0.0175)
(0.18375 -0.013125 0.0175)
(0.1875 -0.013125 0.0175)
(0.19125 -0.013125 0.0175)
(0.195 -0.013125 0.0175)
(0.19875 -0.013125 0.0175)
(0.2025 -0.013125 0.0175)
(0.20625 -0.013125 0.0175)
(0.21 -0.013125 0.0175)
(0.18375 -0.00875 0.0175)
(0.1875 -0.00875 0.0175)
(0.19125 -0.00875 0.0175)
(0.195 -0.00875 0.0175)
(0.19875 -0.00875 0.0175)
(0.2025 -0.00875 0.0175)
(0.20625 -0.00875 0.0175)
(0.18375 -0.004375 0.0175)
(0.1875 -0.004375 0.0175)
(0.19125 -0.004375 0.0175)
(0.18375 -0.07 0.01875)
(0.1875 -0.07 0.01875)
(0.19125 -0.07 0.01875)
(0.195 -0.07 0.01875)
(0.19875 -0.07 0.01875)
(0.2025 -0.07 0.01875)
(0.20625 -0.07 0.01875)
(0.21 -0.07 0.01875)
(0.21375 -0.07 0.01875)
(0.18375 -0.065625 0.01875)
(0.1875 -0.065625 0.01875)
(0.19125 -0.065625 0.01875)
(0.195 -0.065625 0.01875)
(0.19875 -0.065625 0.01875)
(0.2025 -0.065625 0.01875)
(0.20625 -0.065625 0.01875)
(0.21 -0.065625 0.01875)
(0.21375 -0.065625 0.01875)
(0.18375 -0.06125 0.01875)
(0.1875 -0.06125 0.01875)
(0.19125 -0.06125 0.01875)
(0.195 -0.06125 0.01875)
(0.19875 -0.06125 0.01875)
(0.2025 -0.06125 0.01875)
(0.20625 -0.06125 0.01875)
(0.21 -0.06125 0.01875)
(0.21375 -0.06125 0.01875)
(0.18375 -0.056875 0.01875)
(0.1875 -0.056875 0.01875)
(0.19125 -0.056875 0.01875)
(0.195 -0.056875 0.01875)
(0.19875 -0.056875 0.01875)
(0.2025 -0.056875 0.01875)
(0.20625 -0.056875 0.01875)
(0.21 -0.056875 0.01875)
(0.21375 -0.056875 0.01875)
(0.18375 -0.0525 0.01875)
(0.1875 -0.0525 0.01875)
(0.19125 -0.0525 0.01875)
(0.195 -0.0525 0.01875)
(0.19875 -0.0525 0.01875)
(0.2025 -0.0525 0.01875)
(0.20625 -0.0525 0.01875)
(0.21 -0.0525 0.01875)
(0.21375 -0.0525 0.01875)
(0.18375 -0.048125 0.01875)
(0.1875 -0.048125 0.01875)
(0.19125 -0.048125 0.01875)
(0.195 -0.048125 0.01875)
(0.19875 -0.048125 0.01875)
(0.2025 -0.048125 0.01875)
(0.20625 -0.048125 0.01875)
(0.21 -0.048125 0.01875)
(0.21375 -0.048125 0.01875)
(0.18375 -0.04375 0.01875)
(0.1875 -0.04375 0.01875)
(0.19125 -0.04375 0.01875)
(0.195 -0.04375 0.01875)
(0.19875 -0.04375 0.01875)
(0.2025 -0.04375 0.01875)
(0.20625 -0.04375 0.01875)
(0.21 -0.04375 0.01875)
(0.21375 -0.04375 0.01875)
(0.18375 -0.039375 0.01875)
(0.1875 -0.039375 0.01875)
(0.19125 -0.039375 0.01875)
(0.195 -0.039375 0.01875)
(0.19875 -0.039375 0.01875)
(0.2025 -0.039375 0.01875)
(0.20625 -0.039375 0.01875)
(0.21 -0.039375 0.01875)
(0.18375 -0.035 0.01875)
(0.1875 -0.035 0.01875)
(0.19125 -0.035 0.01875)
(0.195 -0.035 0.01875)
(0.19875 -0.035 0.01875)
(0.2025 -0.035 0.01875)
(0.20625 -0.035 0.01875)
(0.21 -0.035 0.01875)
(0.18375 -0.030625 0.01875)
(0.1875 -0.030625 0.01875)
(0.19125 -0.030625 0.01875)
(0.195 -0.030625 0.01875)
(0.19875 -0.030625 0.01875)
(0.2025 -0.030625 0.01875)
(0.20625 -0.030625 0.01875)
(0.21 -0.030625 0.01875)
(0.18375 -0.02625 0.01875)
(0.1875 -0.02625 0.01875)
(0.19125 -0.02625 0.01875)
(0.195 -0.02625 0.01875)
(0.19875 -0.02625 0.01875)
(0.2025 -0.02625 0.01875)
(0.20625 -0.02625 0.01875)
(0.21 -0.02625 0.01875)
(0.18375 -0.021875 0.01875)
(0.1875 -0.021875 0.01875)
(0.19125 -0.021875 0.01875)
(0.195 -0.021875 0.01875)
(0.19875 -0.021875 0.01875)
(0.2025 -0.021875 0.01875)
(0.20625 -0.021875 0.01875)
(0.21 -0.021875 0.01875)
(0.18375 -0.0175 0.01875)
(0.1875 -0.0175 0.01875)
(0.19125 -0.0175 0.01875)
(0.195 -0.0175 0.01875)
(0.19875 -0.0175 0.01875)
(0.2025 -0.0175 0.01875)
(0.20625 -0.0175 0.01875)
(0.21 -0.0175 0.01875)
(0.18375 -0.013125 0.01875)
(0.1875 -0.013125 0.01875)
(0.19125 -0.013125 0.01875)
(0.195 -0.013125 0.01875)
(0.19875 -0.013125 0.01875)
(0.2025 -0.013125 0.01875)
(0.20625 -0.013125 0.01875)
(0.21 -0.013125 0.01875)
(0.18375 -0.00875 0.01875)
(0.1875 -0.00875 0.01875)
(0.19125 -0.00875 0.01875)
(0.195 -0.00875 0.01875)
(0.19875 -0.00875 0.01875)
(0.2025 -0.00875 0.01875)
(0.20625 -0.00875 0.01875)
(0.21 -0.00875 0.01875)
(0.18375 -0.004375 0.01875)
(0.1875 -0.004375 0.01875)
(0.19125 -0.004375 0.01875)
(0.195 -0.004375 0.01875)
(0.19875 -0.004375 0.01875)
(0.2025 -0.004375 0.01875)
(0.20625 -0.004375 0.01875)
(0.21 -0.004375 0.01875)
(0.18375 -0.07 0.02)
(0.1875 -0.07 0.02)
(0.19125 -0.07 0.02)
(0.195 -0.07 0.02)
(0.19875 -0.07 0.02)
(0.2025 -0.07 0.02)
(0.20625 -0.07 0.02)
(0.21 -0.07 0.02)
(0.21375 -0.07 0.02)
(0.18375 -0.065625 0.02)
(0.1875 -0.065625 0.02)
(0.19125 -0.065625 0.02)
(0.195 -0.065625 0.02)
(0.19875 -0.065625 0.02)
(0.2025 -0.065625 0.02)
(0.20625 -0.065625 0.02)
(0.21 -0.065625 0.02)
(0.21375 -0.065625 0.02)
(0.18375 -0.06125 0.02)
(0.1875 -0.06125 0.02)
(0.19125 -0.06125 0.02)
(0.195 -0.06125 0.02)
(0.19875 -0.06125 0.02)
(0.2025 -0.06125 0.02)
(0.20625 -0.06125 0.02)
(0.21 -0.06125 0.02)
(0.21375 -0.06125 0.02)
(0.18375 -0.056875 0.02)
(0.1875 -0.056875 0.02)
(0.19125 -0.056875 0.02)
(0.195 -0.056875 0.02)
(0.19875 -0.056875 0.02)
(0.2025 -0.056875 0.02)
(0.20625 -0.056875 0.02)
(0.21 -0.056875 0.02)
(0.21375 -0.056875 0.02)
(0.18375 -0.0525 0.02)
(0.1875 -0.0525 0.02)
(0.19125 -0.0525 0.02)
(0.195 -0.0525 0.02)
(0.19875 -0.0525 0.02)
(0.2025 -0.0525 0.02)
(0.20625 -0.0525 0.02)
(0.21 -0.0525 0.02)
(0.21375 -0.0525 0.02)
(0.18375 -0.048125 0.02)
(0.1875 -0.048125 0.02)
(0.19125 -0.048125 0.02)
(0.195 -0.048125 0.02)
(0.19875 -0.048125 0.02)
(0.2025 -0.048125 0.02)
(0.20625 -0.048125 0.02)
(0.21 -0.048125 0.02)
(0.21375 -0.048125 0.02)
(0.18375 -0.04375 0.02)
(0.1875 -0.04375 0.02)
(0.19125 -0.04375 0.02)
(0.195 -0.04375 0.02)
(0.19875 -0.04375 0.02)
(0.2025 -0.04375 0.02)
(0.20625 -0.04375 0.02)
(0.21 -0.04375 0.02)
(0.21375 -0.04375 0.02)
(0.18375 -0.039375 0.02)
(0.1875 -0.039375 0.02)
(0.19125 -0.039375 0.02)
(0.195 -0.039375 0.02)
(0.19875 -0.039375 0.02)
(0.2025 -0.039375 0.02)
(0.20625 -0.039375 0.02)
(0.21 -0.039375 0.02)
(0.18375 -0.035 0.02)
(0.1875 -0.035 0.02)
(0.19125 -0.035 0.02)
(0.195 -0.035 0.02)
(0.19875 -0.035 0.02)
(0.2025 -0.035 0.02)
(0.20625 -0.035 0.02)
(0.21 -0.035 0.02)
(0.18375 -0.030625 0.02)
(0.1875 -0.030625 0.02)
(0.19125 -0.030625 0.02)
(0.195 -0.030625 0.02)
(0.19875 -0.030625 0.02)
(0.2025 -0.030625 0.02)
(0.20625 -0.030625 0.02)
(0.21 -0.030625 0.02)
(0.18375 -0.02625 0.02)
(0.1875 -0.02625 0.02)
(0.19125 -0.02625 0.02)
(0.195 -0.02625 0.02)
(0.19875 -0.02625 0.02)
(0.2025 -0.02625 0.02)
(0.20625 -0.02625 0.02)
(0.21 -0.02625 0.02)
(0.18375 -0.021875 0.02)
(0.1875 -0.021875 0.02)
(0.19125 -0.021875 0.02)
(0.195 -0.021875 0.02)
(0.19875 -0.021875 0.02)
(0.2025 -0.021875 0.02)
(0.20625 -0.021875 0.02)
(0.21 -0.021875 0.02)
(0.18375 -0.0175 0.02)
(0.1875 -0.0175 0.02)
(0.19125 -0.0175 0.02)
(0.195 -0.0175 0.02)
(0.19875 -0.0175 0.02)
(0.2025 -0.0175 0.02)
(0.20625 -0.0175 0.02)
(0.21 -0.0175 0.02)
(0.18375 -0.013125 0.02)
(0.1875 -0.013125 0.02)
(0.19125 -0.013125 0.02)
(0.195 -0.013125 0.02)
(0.19875 -0.013125 0.02)
(0.2025 -0.013125 0.02)
(0.20625 -0.013125 0.02)
(0.21 -0.013125 0.02)
(0.18375 -0.00875 0.02)
(0.1875 -0.00875 0.02)
(0.19125 -0.00875 0.02)
(0.195 -0.00875 0.02)
(0.19875 -0.00875 0.02)
(0.2025 -0.00875 0.02)
(0.20625 -0.00875 0.02)
(0.21 -0.00875 0.02)
(0.18375 -0.004375 0.02)
(0.1875 -0.004375 0.02)
(0.19125 -0.004375 0.02)
(0.195 -0.004375 0.02)
(0.19875 -0.004375 0.02)
(0.2025 -0.004375 0.02)
(0.20625 -0.004375 0.02)
(0.21 -0.004375 0.02)
(0.18375 -0.07 0.02125)
(0.1875 -0.07 0.02125)
(0.19125 -0.07 0.02125)
(0.195 -0.07 0.02125)
(0.19875 -0.07 0.02125)
(0.2025 -0.07 0.02125)
(0.20625 -0.07 0.02125)
(0.21 -0.07 0.02125)
(0.21375 -0.07 0.02125)
(0.18375 -0.065625 0.02125)
(0.1875 -0.065625 0.02125)
(0.19125 -0.065625 0.02125)
(0.195 -0.065625 0.02125)
(0.19875 -0.065625 0.02125)
(0.2025 -0.065625 0.02125)
(0.20625 -0.065625 0.02125)
(0.21 -0.065625 0.02125)
(0.21375 -0.065625 0.02125)
(0.18375 -0.06125 0.02125)
(0.1875 -0.06125 0.02125)
(0.19125 -0.06125 0.02125)
(0.195 -0.06125 0.02125)
(0.19875 -0.06125 0.02125)
(0.2025 -0.06125 0.02125)
(0.20625 -0.06125 0.02125)
(0.21 -0.06125 0.02125)
(0.21375 -0.06125 0.02125)
(0.18375 -0.056875 0.02125)
(0.1875 -0.056875 0.02125)
(0.19125 -0.056875 0.02125)
(0.195 -0.056875 0.02125)
(0.19875 -0.056875 0.02125)
(0.2025 -0.056875 0.02125)
(0.20625 -0.056875 0.02125)
(0.21 -0.056875 0.02125)
(0.21375 -0.056875 0.02125)
(0.18375 -0.0525 0.02125)
(0.1875 -0.0525 0.02125)
(0.19125 -0.0525 0.02125)
(0.195 -0.0525 0.02125)
(0.19875 -0.0525 0.02125)
(0.2025 -0.0525 0.02125)
(0.20625 -0.0525 0.02125)
(0.21 -0.0525 0.02125)
(0.21375 -0.0525 0.02125)
(0.18375 -0.048125 0.02125)
(0.1875 -0.048125 0.02125)
(0.19125 -0.048125 0.02125)
(0.195 -0.048125 0.02125)
(0.19875 -0.048125 0.02125)
(0.2025 -0.048125 0.02125)
(0.20625 -0.048125 0.02125)
(0.21 -0.048125 0.02125)
(0.21375 -0.048125 0.02125)
(0.18375 -0.04375 0.02125)
(0.1875 -0.04375 0.02125)
(0.19125 -0.04375 0.02125)
(0.195 -0.04375 0.02125)
(0.19875 -0.04375 0.02125)
(0.2025 -0.04375 0.02125)
(0.20625 -0.04375 0.02125)
(0.21 -0.04375 0.02125)
(0.21375 -0.04375 0.02125)
(0.18375 -0.039375 0.02125)
(0.1875 -0.039375 0.02125)
(0.19125 -0.039375 0.02125)
(0.195 -0.039375 0.02125)
(0.19875 -0.039375 0.02125)
(0.2025 -0.039375 0.02125)
(0.20625 -0.039375 0.02125)
(0.21 -0.039375 0.02125)
(0.18375 -0.035 0.02125)
(0.1875 -0.035 0.02125)
(0.19125 -0.035 0.02125)
(0.195 -0.035 0.02125)
(0.19875 -0.035 0.02125)
(0.2025 -0.035 0.02125)
(0.20625 -0.035 0.02125)
(0.21 -0.035 0.02125)
(0.18375 -0.030625 0.02125)
(0.1875 -0.030625 0.02125)
(0.19125 -0.030625 0.02125)
(0.195 -0.030625 0.02125)
(0.19875 -0.030625 0.02125)
(0.2025 -0.030625 0.02125)
(0.20625 -0.030625 0.02125)
(0.21 -0.030625 0.02125)
(0.18375 -0.02625 0.02125)
(0.1875 -0.02625 0.02125)
(0.19125 -0.02625 0.02125)
(0.195 -0.02625 0.02125)
(0.19875 -0.02625 0.02125)
(0.2025 -0.02625 0.02125)
(0.20625 -0.02625 0.02125)
(0.21 -0.02625 0.02125)
(0.18375 -0.021875 0.02125)
(0.1875 -0.021875 0.02125)
(0.19125 -0.021875 0.02125)
(0.195 -0.021875 0.02125)
(0.19875 -0.021875 0.02125)
(0.2025 -0.021875 0.02125)
(0.20625 -0.021875 0.02125)
(0.21 -0.021875 0.02125)
(0.18375 -0.0175 0.02125)
(0.1875 -0.0175 0.02125)
(0.19125 -0.0175 0.02125)
(0.195 -0.0175 0.02125)
(0.19875 -0.0175 0.02125)
(0.2025 -0.0175 0.02125)
(0.20625 -0.0175 0.02125)
(0.21 -0.0175 0.02125)
(0.18375 -0.013125 0.02125)
(0.1875 -0.013125 0.02125)
(0.19125 -0.013125 0.02125)
(0.195 -0.013125 0.02125)
(0.19875 -0.013125 0.02125)
(0.2025 -0.013125 0.02125)
(0.20625 -0.013125 0.02125)
(0.21 -0.013125 0.02125)
(0.18375 -0.00875 0.02125)
(0.1875 -0.00875 0.02125)
(0.19125 -0.00875 0.02125)
(0.195 -0.00875 0.02125)
(0.19875 -0.00875 0.02125)
(0.2025 -0.00875 0.02125)
(0.20625 -0.00875 0.02125)
(0.21 -0.00875 0.02125)
(0.18375 -0.004375 0.02125)
(0.1875 -0.004375 0.02125)
(0.19125 -0.004375 0.02125)
(0.195 -0.004375 0.02125)
(0.19875 -0.004375 0.02125)
(0.2025 -0.004375 0.02125)
(0.20625 -0.004375 0.02125)
(0.21 -0.004375 0.02125)
(0.18375 -0.07 0.0225)
(0.1875 -0.07 0.0225)
(0.19125 -0.07 0.0225)
(0.195 -0.07 0.0225)
(0.19875 -0.07 0.0225)
(0.2025 -0.07 0.0225)
(0.20625 -0.07 0.0225)
(0.21 -0.07 0.0225)
(0.21375 -0.07 0.0225)
(0.18375 -0.065625 0.0225)
(0.1875 -0.065625 0.0225)
(0.19125 -0.065625 0.0225)
(0.195 -0.065625 0.0225)
(0.19875 -0.065625 0.0225)
(0.2025 -0.065625 0.0225)
(0.20625 -0.065625 0.0225)
(0.21 -0.065625 0.0225)
(0.21375 -0.065625 0.0225)
(0.18375 -0.06125 0.0225)
(0.1875 -0.06125 0.0225)
(0.19125 -0.06125 0.0225)
(0.195 -0.06125 0.0225)
(0.19875 -0.06125 0.0225)
(0.2025 -0.06125 0.0225)
(0.20625 -0.06125 0.0225)
(0.21 -0.06125 0.0225)
(0.21375 -0.06125 0.0225)
(0.18375 -0.056875 0.0225)
(0.1875 -0.056875 0.0225)
(0.19125 -0.056875 0.0225)
(0.195 -0.056875 0.0225)
(0.19875 -0.056875 0.0225)
(0.2025 -0.056875 0.0225)
(0.20625 -0.056875 0.0225)
(0.21 -0.056875 0.0225)
(0.21375 -0.056875 0.0225)
(0.18375 -0.0525 0.0225)
(0.1875 -0.0525 0.0225)
(0.19125 -0.0525 0.0225)
(0.195 -0.0525 0.0225)
(0.19875 -0.0525 0.0225)
(0.2025 -0.0525 0.0225)
(0.20625 -0.0525 0.0225)
(0.21 -0.0525 0.0225)
(0.21375 -0.0525 0.0225)
(0.18375 -0.048125 0.0225)
(0.1875 -0.048125 0.0225)
(0.19125 -0.048125 0.0225)
(0.195 -0.048125 0.0225)
(0.19875 -0.048125 0.0225)
(0.2025 -0.048125 0.0225)
(0.20625 -0.048125 0.0225)
(0.21 -0.048125 0.0225)
(0.21375 -0.048125 0.0225)
(0.18375 -0.04375 0.0225)
(0.1875 -0.04375 0.0225)
(0.19125 -0.04375 0.0225)
(0.195 -0.04375 0.0225)
(0.19875 -0.04375 0.0225)
(0.2025 -0.04375 0.0225)
(0.20625 -0.04375 0.0225)
(0.21 -0.04375 0.0225)
(0.21375 -0.04375 0.0225)
(0.18375 -0.039375 0.0225)
(0.1875 -0.039375 0.0225)
(0.19125 -0.039375 0.0225)
(0.195 -0.039375 0.0225)
(0.19875 -0.039375 0.0225)
(0.2025 -0.039375 0.0225)
(0.20625 -0.039375 0.0225)
(0.21 -0.039375 0.0225)
(0.18375 -0.035 0.0225)
(0.1875 -0.035 0.0225)
(0.19125 -0.035 0.0225)
(0.195 -0.035 0.0225)
(0.19875 -0.035 0.0225)
(0.2025 -0.035 0.0225)
(0.20625 -0.035 0.0225)
(0.21 -0.035 0.0225)
(0.18375 -0.030625 0.0225)
(0.1875 -0.030625 0.0225)
(0.19125 -0.030625 0.0225)
(0.195 -0.030625 0.0225)
(0.19875 -0.030625 0.0225)
(0.2025 -0.030625 0.0225)
(0.20625 -0.030625 0.0225)
(0.21 -0.030625 0.0225)
(0.18375 -0.02625 0.0225)
(0.1875 -0.02625 0.0225)
(0.19125 -0.02625 0.0225)
(0.195 -0.02625 0.0225)
(0.19875 -0.02625 0.0225)
(0.2025 -0.02625 0.0225)
(0.20625 -0.02625 0.0225)
(0.21 -0.02625 0.0225)
(0.18375 -0.021875 0.0225)
(0.1875 -0.021875 0.0225)
(0.19125 -0.021875 0.0225)
(0.195 -0.021875 0.0225)
(0.19875 -0.021875 0.0225)
(0.2025 -0.021875 0.0225)
(0.20625 -0.021875 0.0225)
(0.21 -0.021875 0.0225)
(0.18375 -0.0175 0.0225)
(0.1875 -0.0175 0.0225)
(0.19125 -0.0175 0.0225)
(0.195 -0.0175 0.0225)
(0.19875 -0.0175 0.0225)
(0.2025 -0.0175 0.0225)
(0.20625 -0.0175 0.0225)
(0.21 -0.0175 0.0225)
(0.18375 -0.013125 0.0225)
(0.1875 -0.013125 0.0225)
(0.19125 -0.013125 0.0225)
(0.195 -0.013125 0.0225)
(0.19875 -0.013125 0.0225)
(0.2025 -0.013125 0.0225)
(0.20625 -0.013125 0.0225)
(0.21 -0.013125 0.0225)
(0.18375 -0.00875 0.0225)
(0.1875 -0.00875 0.0225)
(0.19125 -0.00875 0.0225)
(0.195 -0.00875 0.0225)
(0.19875 -0.00875 0.0225)
(0.2025 -0.00875 0.0225)
(0.20625 -0.00875 0.0225)
(0.21 -0.00875 0.0225)
(0.18375 -0.004375 0.0225)
(0.1875 -0.004375 0.0225)
(0.19125 -0.004375 0.0225)
(0.195 -0.004375 0.0225)
(0.19875 -0.004375 0.0225)
(0.2025 -0.004375 0.0225)
(0.20625 -0.004375 0.0225)
(0.21 -0.004375 0.0225)
(0.18375 -0.07 0.02375)
(0.1875 -0.07 0.02375)
(0.19125 -0.07 0.02375)
(0.195 -0.07 0.02375)
(0.19875 -0.07 0.02375)
(0.2025 -0.07 0.02375)
(0.20625 -0.07 0.02375)
(0.21 -0.07 0.02375)
(0.21375 -0.07 0.02375)
(0.18375 -0.065625 0.02375)
(0.1875 -0.065625 0.02375)
(0.19125 -0.065625 0.02375)
(0.195 -0.065625 0.02375)
(0.19875 -0.065625 0.02375)
(0.2025 -0.065625 0.02375)
(0.20625 -0.065625 0.02375)
(0.21 -0.065625 0.02375)
(0.21375 -0.065625 0.02375)
(0.18375 -0.06125 0.02375)
(0.1875 -0.06125 0.02375)
(0.19125 -0.06125 0.02375)
(0.195 -0.06125 0.02375)
(0.19875 -0.06125 0.02375)
(0.2025 -0.06125 0.02375)
(0.20625 -0.06125 0.02375)
(0.21 -0.06125 0.02375)
(0.21375 -0.06125 0.02375)
(0.18375 -0.056875 0.02375)
(0.1875 -0.056875 0.02375)
(0.19125 -0.056875 0.02375)
(0.195 -0.056875 0.02375)
(0.19875 -0.056875 0.02375)
(0.2025 -0.056875 0.02375)
(0.20625 -0.056875 0.02375)
(0.21 -0.056875 0.02375)
(0.21375 -0.056875 0.02375)
(0.18375 -0.0525 0.02375)
(0.1875 -0.0525 0.02375)
(0.19125 -0.0525 0.02375)
(0.195 -0.0525 0.02375)
(0.19875 -0.0525 0.02375)
(0.2025 -0.0525 0.02375)
(0.20625 -0.0525 0.02375)
(0.21 -0.0525 0.02375)
(0.21375 -0.0525 0.02375)
(0.18375 -0.048125 0.02375)
(0.1875 -0.048125 0.02375)
(0.19125 -0.048125 0.02375)
(0.195 -0.048125 0.02375)
(0.19875 -0.048125 0.02375)
(0.2025 -0.048125 0.02375)
(0.20625 -0.048125 0.02375)
(0.21 -0.048125 0.02375)
(0.21375 -0.048125 0.02375)
(0.18375 -0.04375 0.02375)
(0.1875 -0.04375 0.02375)
(0.19125 -0.04375 0.02375)
(0.195 -0.04375 0.02375)
(0.19875 -0.04375 0.02375)
(0.2025 -0.04375 0.02375)
(0.20625 -0.04375 0.02375)
(0.21 -0.04375 0.02375)
(0.21375 -0.04375 0.02375)
(0.18375 -0.039375 0.02375)
(0.1875 -0.039375 0.02375)
(0.19125 -0.039375 0.02375)
(0.195 -0.039375 0.02375)
(0.19875 -0.039375 0.02375)
(0.2025 -0.039375 0.02375)
(0.20625 -0.039375 0.02375)
(0.21 -0.039375 0.02375)
(0.18375 -0.035 0.02375)
(0.1875 -0.035 0.02375)
(0.19125 -0.035 0.02375)
(0.195 -0.035 0.02375)
(0.19875 -0.035 0.02375)
(0.2025 -0.035 0.02375)
(0.20625 -0.035 0.02375)
(0.21 -0.035 0.02375)
(0.18375 -0.030625 0.02375)
(0.1875 -0.030625 0.02375)
(0.19125 -0.030625 0.02375)
(0.195 -0.030625 0.02375)
(0.19875 -0.030625 0.02375)
(0.2025 -0.030625 0.02375)
(0.20625 -0.030625 0.02375)
(0.21 -0.030625 0.02375)
(0.18375 -0.02625 0.02375)
(0.1875 -0.02625 0.02375)
(0.19125 -0.02625 0.02375)
(0.195 -0.02625 0.02375)
(0.19875 -0.02625 0.02375)
(0.2025 -0.02625 0.02375)
(0.20625 -0.02625 0.02375)
(0.21 -0.02625 0.02375)
(0.18375 -0.021875 0.02375)
(0.1875 -0.021875 0.02375)
(0.19125 -0.021875 0.02375)
(0.195 -0.021875 0.02375)
(0.19875 -0.021875 0.02375)
(0.2025 -0.021875 0.02375)
(0.20625 -0.021875 0.02375)
(0.21 -0.021875 0.02375)
(0.18375 -0.0175 0.02375)
(0.1875 -0.0175 0.02375)
(0.19125 -0.0175 0.02375)
(0.195 -0.0175 0.02375)
(0.19875 -0.0175 0.02375)
(0.2025 -0.0175 0.02375)
(0.20625 -0.0175 0.02375)
(0.21 -0.0175 0.02375)
(0.18375 -0.013125 0.02375)
(0.1875 -0.013125 0.02375)
(0.19125 -0.013125 0.02375)
(0.195 -0.013125 0.02375)
(0.19875 -0.013125 0.02375)
(0.2025 -0.013125 0.02375)
(0.20625 -0.013125 0.02375)
(0.21 -0.013125 0.02375)
(0.18375 -0.00875 0.02375)
(0.1875 -0.00875 0.02375)
(0.19125 -0.00875 0.02375)
(0.195 -0.00875 0.02375)
(0.19875 -0.00875 0.02375)
(0.2025 -0.00875 0.02375)
(0.20625 -0.00875 0.02375)
(0.21 -0.00875 0.02375)
(0.18375 -0.004375 0.02375)
(0.1875 -0.004375 0.02375)
(0.19125 -0.004375 0.02375)
(0.195 -0.004375 0.02375)
(0.19875 -0.004375 0.02375)
(0.2025 -0.004375 0.02375)
(0.20625 -0.004375 0.02375)
(0.21 -0.004375 0.02375)
(0.18375 -0.07 0.025)
(0.1875 -0.07 0.025)
(0.19125 -0.07 0.025)
(0.195 -0.07 0.025)
(0.19875 -0.07 0.025)
(0.2025 -0.07 0.025)
(0.20625 -0.07 0.025)
(0.21 -0.07 0.025)
(0.21375 -0.07 0.025)
(0.18375 -0.065625 0.025)
(0.1875 -0.065625 0.025)
(0.19125 -0.065625 0.025)
(0.195 -0.065625 0.025)
(0.19875 -0.065625 0.025)
(0.2025 -0.065625 0.025)
(0.20625 -0.065625 0.025)
(0.21 -0.065625 0.025)
(0.21375 -0.065625 0.025)
(0.18375 -0.06125 0.025)
(0.1875 -0.06125 0.025)
(0.19125 -0.06125 0.025)
(0.195 -0.06125 0.025)
(0.19875 -0.06125 0.025)
(0.2025 -0.06125 0.025)
(0.20625 -0.06125 0.025)
(0.21 -0.06125 0.025)
(0.21375 -0.06125 0.025)
(0.18375 -0.056875 0.025)
(0.1875 -0.056875 0.025)
(0.19125 -0.056875 0.025)
(0.195 -0.056875 0.025)
(0.19875 -0.056875 0.025)
(0.2025 -0.056875 0.025)
(0.20625 -0.056875 0.025)
(0.21 -0.056875 0.025)
(0.21375 -0.056875 0.025)
(0.18375 -0.0525 0.025)
(0.1875 -0.0525 0.025)
(0.19125 -0.0525 0.025)
(0.195 -0.0525 0.025)
(0.19875 -0.0525 0.025)
(0.2025 -0.0525 0.025)
(0.20625 -0.0525 0.025)
(0.21 -0.0525 0.025)
(0.21375 -0.0525 0.025)
(0.18375 -0.048125 0.025)
(0.1875 -0.048125 0.025)
(0.19125 -0.048125 0.025)
(0.195 -0.048125 0.025)
(0.19875 -0.048125 0.025)
(0.2025 -0.048125 0.025)
(0.20625 -0.048125 0.025)
(0.21 -0.048125 0.025)
(0.21375 -0.048125 0.025)
(0.18375 -0.04375 0.025)
(0.1875 -0.04375 0.025)
(0.19125 -0.04375 0.025)
(0.195 -0.04375 0.025)
(0.19875 -0.04375 0.025)
(0.2025 -0.04375 0.025)
(0.20625 -0.04375 0.025)
(0.21 -0.04375 0.025)
(0.21375 -0.04375 0.025)
(0.18375 -0.039375 0.025)
(0.1875 -0.039375 0.025)
(0.19125 -0.039375 0.025)
(0.195 -0.039375 0.025)
(0.19875 -0.039375 0.025)
(0.2025 -0.039375 0.025)
(0.20625 -0.039375 0.025)
(0.21 -0.039375 0.025)
(0.18375 -0.035 0.025)
(0.1875 -0.035 0.025)
(0.19125 -0.035 0.025)
(0.195 -0.035 0.025)
(0.19875 -0.035 0.025)
(0.2025 -0.035 0.025)
(0.20625 -0.035 0.025)
(0.21 -0.035 0.025)
(0.18375 -0.030625 0.025)
(0.1875 -0.030625 0.025)
(0.19125 -0.030625 0.025)
(0.195 -0.030625 0.025)
(0.19875 -0.030625 0.025)
(0.2025 -0.030625 0.025)
(0.20625 -0.030625 0.025)
(0.21 -0.030625 0.025)
(0.18375 -0.02625 0.025)
(0.1875 -0.02625 0.025)
(0.19125 -0.02625 0.025)
(0.195 -0.02625 0.025)
(0.19875 -0.02625 0.025)
(0.2025 -0.02625 0.025)
(0.20625 -0.02625 0.025)
(0.21 -0.02625 0.025)
(0.18375 -0.021875 0.025)
(0.1875 -0.021875 0.025)
(0.19125 -0.021875 0.025)
(0.195 -0.021875 0.025)
(0.19875 -0.021875 0.025)
(0.2025 -0.021875 0.025)
(0.20625 -0.021875 0.025)
(0.21 -0.021875 0.025)
(0.18375 -0.0175 0.025)
(0.1875 -0.0175 0.025)
(0.19125 -0.0175 0.025)
(0.195 -0.0175 0.025)
(0.19875 -0.0175 0.025)
(0.2025 -0.0175 0.025)
(0.20625 -0.0175 0.025)
(0.21 -0.0175 0.025)
(0.18375 -0.013125 0.025)
(0.1875 -0.013125 0.025)
(0.19125 -0.013125 0.025)
(0.195 -0.013125 0.025)
(0.19875 -0.013125 0.025)
(0.2025 -0.013125 0.025)
(0.20625 -0.013125 0.025)
(0.21 -0.013125 0.025)
(0.18375 -0.00875 0.025)
(0.1875 -0.00875 0.025)
(0.19125 -0.00875 0.025)
(0.195 -0.00875 0.025)
(0.19875 -0.00875 0.025)
(0.2025 -0.00875 0.025)
(0.20625 -0.00875 0.025)
(0.21 -0.00875 0.025)
(0.18375 -0.004375 0.025)
(0.1875 -0.004375 0.025)
(0.19125 -0.004375 0.025)
(0.195 -0.004375 0.025)
(0.19875 -0.004375 0.025)
(0.2025 -0.004375 0.025)
(0.20625 -0.004375 0.025)
(0.21 -0.004375 0.025)
(0.1133333333 -0.07 0.02824166667)
(0.1166666667 -0.07 0.02824166667)
(0.12 -0.07 0.02824166667)
(0.1233333333 -0.07 0.02824166667)
(0.1266666667 -0.07 0.02824166667)
(0.13 -0.07 0.02824166667)
(0.1333333333 -0.07 0.02824166667)
(0.1366666667 -0.07 0.02824166667)
(0.14 -0.07 0.02824166667)
(0.1433333333 -0.07 0.02824166667)
(0.1466666667 -0.07 0.02824166667)
(0.15 -0.07 0.02824166667)
(0.1533333333 -0.07 0.02824166667)
(0.1566666667 -0.07 0.02824166667)
(0.16 -0.07 0.02824166667)
(0.1633333333 -0.07 0.02824166667)
(0.1666666667 -0.07 0.02824166667)
(0.17 -0.07 0.02824166667)
(0.1733333333 -0.07 0.02824166667)
(0.1766666667 -0.07 0.02824166667)
(0.18 -0.07 0.02824166667)
(0.1133333333 -0.065625 0.02824166667)
(0.1166666667 -0.065625 0.02824166667)
(0.12 -0.065625 0.02824166667)
(0.1233333333 -0.065625 0.02824166667)
(0.1266666667 -0.065625 0.02824166667)
(0.13 -0.065625 0.02824166667)
(0.1333333333 -0.065625 0.02824166667)
(0.1366666667 -0.065625 0.02824166667)
(0.14 -0.065625 0.02824166667)
(0.1433333333 -0.065625 0.02824166667)
(0.1466666667 -0.065625 0.02824166667)
(0.15 -0.065625 0.02824166667)
(0.1533333333 -0.065625 0.02824166667)
(0.1566666667 -0.065625 0.02824166667)
(0.16 -0.065625 0.02824166667)
(0.1633333333 -0.065625 0.02824166667)
(0.1666666667 -0.065625 0.02824166667)
(0.17 -0.065625 0.02824166667)
(0.1733333333 -0.065625 0.02824166667)
(0.1766666667 -0.065625 0.02824166667)
(0.18 -0.065625 0.02824166667)
(0.1133333333 -0.06125 0.02824166667)
(0.1166666667 -0.06125 0.02824166667)
(0.12 -0.06125 0.02824166667)
(0.1233333333 -0.06125 0.02824166667)
(0.1266666667 -0.06125 0.02824166667)
(0.13 -0.06125 0.02824166667)
(0.1333333333 -0.06125 0.02824166667)
(0.1366666667 -0.06125 0.02824166667)
(0.14 -0.06125 0.02824166667)
(0.1433333333 -0.06125 0.02824166667)
(0.1466666667 -0.06125 0.02824166667)
(0.15 -0.06125 0.02824166667)
(0.1533333333 -0.06125 0.02824166667)
(0.1566666667 -0.06125 0.02824166667)
(0.16 -0.06125 0.02824166667)
(0.1633333333 -0.06125 0.02824166667)
(0.1666666667 -0.06125 0.02824166667)
(0.17 -0.06125 0.02824166667)
(0.1733333333 -0.06125 0.02824166667)
(0.1766666667 -0.06125 0.02824166667)
(0.18 -0.06125 0.02824166667)
(0.1133333333 -0.056875 0.02824166667)
(0.1166666667 -0.056875 0.02824166667)
(0.12 -0.056875 0.02824166667)
(0.1233333333 -0.056875 0.02824166667)
(0.1266666667 -0.056875 0.02824166667)
(0.13 -0.056875 0.02824166667)
(0.1333333333 -0.056875 0.02824166667)
(0.1366666667 -0.056875 0.02824166667)
(0.14 -0.056875 0.02824166667)
(0.1433333333 -0.056875 0.02824166667)
(0.1466666667 -0.056875 0.02824166667)
(0.15 -0.056875 0.02824166667)
(0.1533333333 -0.056875 0.02824166667)
(0.1566666667 -0.056875 0.02824166667)
(0.16 -0.056875 0.02824166667)
(0.1633333333 -0.056875 0.02824166667)
(0.1666666667 -0.056875 0.02824166667)
(0.17 -0.056875 0.02824166667)
(0.1733333333 -0.056875 0.02824166667)
(0.1766666667 -0.056875 0.02824166667)
(0.18 -0.056875 0.02824166667)
(0.1133333333 -0.0525 0.02824166667)
(0.1166666667 -0.0525 0.02824166667)
(0.12 -0.0525 0.02824166667)
(0.1233333333 -0.0525 0.02824166667)
(0.1266666667 -0.0525 0.02824166667)
(0.13 -0.0525 0.02824166667)
(0.1333333333 -0.0525 0.02824166667)
(0.1366666667 -0.0525 0.02824166667)
(0.14 -0.0525 0.02824166667)
(0.1433333333 -0.0525 0.02824166667)
(0.1466666667 -0.0525 0.02824166667)
(0.15 -0.0525 0.02824166667)
(0.1533333333 -0.0525 0.02824166667)
(0.1566666667 -0.0525 0.02824166667)
(0.16 -0.0525 0.02824166667)
(0.1633333333 -0.0525 0.02824166667)
(0.1666666667 -0.0525 0.02824166667)
(0.17 -0.0525 0.02824166667)
(0.1733333333 -0.0525 0.02824166667)
(0.1766666667 -0.0525 0.02824166667)
(0.18 -0.0525 0.02824166667)
(0.1133333333 -0.048125 0.02824166667)
(0.1166666667 -0.048125 0.02824166667)
(0.12 -0.048125 0.02824166667)
(0.1233333333 -0.048125 0.02824166667)
(0.1266666667 -0.048125 0.02824166667)
(0.13 -0.048125 0.02824166667)
(0.1333333333 -0.048125 0.02824166667)
(0.1366666667 -0.048125 0.02824166667)
(0.14 -0.048125 0.02824166667)
(0.1433333333 -0.048125 0.02824166667)
(0.1466666667 -0.048125 0.02824166667)
(0.15 -0.048125 0.02824166667)
(0.1533333333 -0.048125 0.02824166667)
(0.1566666667 -0.048125 0.02824166667)
(0.16 -0.048125 0.02824166667)
(0.1633333333 -0.048125 0.02824166667)
(0.1666666667 -0.048125 0.02824166667)
(0.17 -0.048125 0.02824166667)
(0.1733333333 -0.048125 0.02824166667)
(0.1766666667 -0.048125 0.02824166667)
(0.18 -0.048125 0.02824166667)
(0.1133333333 -0.04375 0.02824166667)
(0.1166666667 -0.04375 0.02824166667)
(0.12 -0.04375 0.02824166667)
(0.1233333333 -0.04375 0.02824166667)
(0.1266666667 -0.04375 0.02824166667)
(0.13 -0.04375 0.02824166667)
(0.1333333333 -0.04375 0.02824166667)
(0.1366666667 -0.04375 0.02824166667)
(0.14 -0.04375 0.02824166667)
(0.1433333333 -0.04375 0.02824166667)
(0.1466666667 -0.04375 0.02824166667)
(0.15 -0.04375 0.02824166667)
(0.1533333333 -0.04375 0.02824166667)
(0.1566666667 -0.04375 0.02824166667)
(0.16 -0.04375 0.02824166667)
(0.1633333333 -0.04375 0.02824166667)
(0.1666666667 -0.04375 0.02824166667)
(0.17 -0.04375 0.02824166667)
(0.1733333333 -0.04375 0.02824166667)
(0.1766666667 -0.04375 0.02824166667)
(0.18 -0.04375 0.02824166667)
(0.1133333333 -0.039375 0.02824166667)
(0.1166666667 -0.039375 0.02824166667)
(0.12 -0.039375 0.02824166667)
(0.1233333333 -0.039375 0.02824166667)
(0.1266666667 -0.039375 0.02824166667)
(0.13 -0.039375 0.02824166667)
(0.1333333333 -0.039375 0.02824166667)
(0.1366666667 -0.039375 0.02824166667)
(0.14 -0.039375 0.02824166667)
(0.1433333333 -0.039375 0.02824166667)
(0.1466666667 -0.039375 0.02824166667)
(0.15 -0.039375 0.02824166667)
(0.1533333333 -0.039375 0.02824166667)
(0.1566666667 -0.039375 0.02824166667)
(0.16 -0.039375 0.02824166667)
(0.1633333333 -0.039375 0.02824166667)
(0.1666666667 -0.039375 0.02824166667)
(0.17 -0.039375 0.02824166667)
(0.1733333333 -0.039375 0.02824166667)
(0.1766666667 -0.039375 0.02824166667)
(0.18 -0.039375 0.02824166667)
(0.1133333333 -0.035 0.02824166667)
(0.1166666667 -0.035 0.02824166667)
(0.12 -0.035 0.02824166667)
(0.1233333333 -0.035 0.02824166667)
(0.1266666667 -0.035 0.02824166667)
(0.13 -0.035 0.02824166667)
(0.1333333333 -0.035 0.02824166667)
(0.1366666667 -0.035 0.02824166667)
(0.14 -0.035 0.02824166667)
(0.1433333333 -0.035 0.02824166667)
(0.1466666667 -0.035 0.02824166667)
(0.15 -0.035 0.02824166667)
(0.1533333333 -0.035 0.02824166667)
(0.1566666667 -0.035 0.02824166667)
(0.16 -0.035 0.02824166667)
(0.1633333333 -0.035 0.02824166667)
(0.1666666667 -0.035 0.02824166667)
(0.17 -0.035 0.02824166667)
(0.1733333333 -0.035 0.02824166667)
(0.1766666667 -0.035 0.02824166667)
(0.18 -0.035 0.02824166667)
(0.1133333333 -0.030625 0.02824166667)
(0.1166666667 -0.030625 0.02824166667)
(0.12 -0.030625 0.02824166667)
(0.1233333333 -0.030625 0.02824166667)
(0.1266666667 -0.030625 0.02824166667)
(0.13 -0.030625 0.02824166667)
(0.1333333333 -0.030625 0.02824166667)
(0.1366666667 -0.030625 0.02824166667)
(0.14 -0.030625 0.02824166667)
(0.1433333333 -0.030625 0.02824166667)
(0.1466666667 -0.030625 0.02824166667)
(0.15 -0.030625 0.02824166667)
(0.1533333333 -0.030625 0.02824166667)
(0.1566666667 -0.030625 0.02824166667)
(0.16 -0.030625 0.02824166667)
(0.1633333333 -0.030625 0.02824166667)
(0.1666666667 -0.030625 0.02824166667)
(0.17 -0.030625 0.02824166667)
(0.1733333333 -0.030625 0.02824166667)
(0.1766666667 -0.030625 0.02824166667)
(0.18 -0.030625 0.02824166667)
(0.1133333333 -0.02625 0.02824166667)
(0.1166666667 -0.02625 0.02824166667)
(0.12 -0.02625 0.02824166667)
(0.1233333333 -0.02625 0.02824166667)
(0.1266666667 -0.02625 0.02824166667)
(0.13 -0.02625 0.02824166667)
(0.1333333333 -0.02625 0.02824166667)
(0.1366666667 -0.02625 0.02824166667)
(0.14 -0.02625 0.02824166667)
(0.1433333333 -0.02625 0.02824166667)
(0.1466666667 -0.02625 0.02824166667)
(0.15 -0.02625 0.02824166667)
(0.1533333333 -0.02625 0.02824166667)
(0.1566666667 -0.02625 0.02824166667)
(0.16 -0.02625 0.02824166667)
(0.1633333333 -0.02625 0.02824166667)
(0.1666666667 -0.02625 0.02824166667)
(0.17 -0.02625 0.02824166667)
(0.1733333333 -0.02625 0.02824166667)
(0.1766666667 -0.02625 0.02824166667)
(0.18 -0.02625 0.02824166667)
(0.1166666667 -0.021875 0.02824166667)
(0.12 -0.021875 0.02824166667)
(0.1233333333 -0.021875 0.02824166667)
(0.1266666667 -0.021875 0.02824166667)
(0.13 -0.021875 0.02824166667)
(0.1333333333 -0.021875 0.02824166667)
(0.1366666667 -0.021875 0.02824166667)
(0.14 -0.021875 0.02824166667)
(0.1433333333 -0.021875 0.02824166667)
(0.1466666667 -0.021875 0.02824166667)
(0.15 -0.021875 0.02824166667)
(0.1533333333 -0.021875 0.02824166667)
(0.1566666667 -0.021875 0.02824166667)
(0.16 -0.021875 0.02824166667)
(0.1633333333 -0.021875 0.02824166667)
(0.1666666667 -0.021875 0.02824166667)
(0.17 -0.021875 0.02824166667)
(0.1733333333 -0.021875 0.02824166667)
(0.1766666667 -0.021875 0.02824166667)
(0.18 -0.021875 0.02824166667)
(0.1166666667 -0.0175 0.02824166667)
(0.12 -0.0175 0.02824166667)
(0.1233333333 -0.0175 0.02824166667)
(0.1266666667 -0.0175 0.02824166667)
(0.13 -0.0175 0.02824166667)
(0.1333333333 -0.0175 0.02824166667)
(0.1366666667 -0.0175 0.02824166667)
(0.14 -0.0175 0.02824166667)
(0.1433333333 -0.0175 0.02824166667)
(0.1466666667 -0.0175 0.02824166667)
(0.15 -0.0175 0.02824166667)
(0.1533333333 -0.0175 0.02824166667)
(0.1566666667 -0.0175 0.02824166667)
(0.16 -0.0175 0.02824166667)
(0.1633333333 -0.0175 0.02824166667)
(0.1666666667 -0.0175 0.02824166667)
(0.17 -0.0175 0.02824166667)
(0.1733333333 -0.0175 0.02824166667)
(0.1766666667 -0.0175 0.02824166667)
(0.18 -0.0175 0.02824166667)
(0.1166666667 -0.013125 0.02824166667)
(0.12 -0.013125 0.02824166667)
(0.1233333333 -0.013125 0.02824166667)
(0.1266666667 -0.013125 0.02824166667)
(0.13 -0.013125 0.02824166667)
(0.1333333333 -0.013125 0.02824166667)
(0.1366666667 -0.013125 0.02824166667)
(0.14 -0.013125 0.02824166667)
(0.1433333333 -0.013125 0.02824166667)
(0.1466666667 -0.013125 0.02824166667)
(0.15 -0.013125 0.02824166667)
(0.1533333333 -0.013125 0.02824166667)
(0.1566666667 -0.013125 0.02824166667)
(0.16 -0.013125 0.02824166667)
(0.1633333333 -0.013125 0.02824166667)
(0.1666666667 -0.013125 0.02824166667)
(0.17 -0.013125 0.02824166667)
(0.1733333333 -0.013125 0.02824166667)
(0.1766666667 -0.013125 0.02824166667)
(0.18 -0.013125 0.02824166667)
(0.1166666667 -0.00875 0.02824166667)
(0.12 -0.00875 0.02824166667)
(0.1233333333 -0.00875 0.02824166667)
(0.1266666667 -0.00875 0.02824166667)
(0.13 -0.00875 0.02824166667)
(0.1333333333 -0.00875 0.02824166667)
(0.1366666667 -0.00875 0.02824166667)
(0.14 -0.00875 0.02824166667)
(0.1433333333 -0.00875 0.02824166667)
(0.1466666667 -0.00875 0.02824166667)
(0.15 -0.00875 0.02824166667)
(0.1533333333 -0.00875 0.02824166667)
(0.1566666667 -0.00875 0.02824166667)
(0.16 -0.00875 0.02824166667)
(0.1633333333 -0.00875 0.02824166667)
(0.1666666667 -0.00875 0.02824166667)
(0.17 -0.00875 0.02824166667)
(0.1733333333 -0.00875 0.02824166667)
(0.1766666667 -0.00875 0.02824166667)
(0.18 -0.00875 0.02824166667)
(0.12 -0.004375 0.02824166667)
(0.1233333333 -0.004375 0.02824166667)
(0.1266666667 -0.004375 0.02824166667)
(0.13 -0.004375 0.02824166667)
(0.1333333333 -0.004375 0.02824166667)
(0.1366666667 -0.004375 0.02824166667)
(0.14 -0.004375 0.02824166667)
(0.1433333333 -0.004375 0.02824166667)
(0.1466666667 -0.004375 0.02824166667)
(0.15 -0.004375 0.02824166667)
(0.1533333333 -0.004375 0.02824166667)
(0.1566666667 -0.004375 0.02824166667)
(0.16 -0.004375 0.02824166667)
(0.1633333333 -0.004375 0.02824166667)
(0.1666666667 -0.004375 0.02824166667)
(0.17 -0.004375 0.02824166667)
(0.1733333333 -0.004375 0.02824166667)
(0.1766666667 -0.004375 0.02824166667)
(0.18 -0.004375 0.02824166667)
(0.1133333333 -0.07 0.03148333333)
(0.1166666667 -0.07 0.03148333333)
(0.12 -0.07 0.03148333333)
(0.1233333333 -0.07 0.03148333333)
(0.1266666667 -0.07 0.03148333333)
(0.13 -0.07 0.03148333333)
(0.1333333333 -0.07 0.03148333333)
(0.1366666667 -0.07 0.03148333333)
(0.14 -0.07 0.03148333333)
(0.1433333333 -0.07 0.03148333333)
(0.1466666667 -0.07 0.03148333333)
(0.15 -0.07 0.03148333333)
(0.1533333333 -0.07 0.03148333333)
(0.1566666667 -0.07 0.03148333333)
(0.16 -0.07 0.03148333333)
(0.1633333333 -0.07 0.03148333333)
(0.1666666667 -0.07 0.03148333333)
(0.17 -0.07 0.03148333333)
(0.1733333333 -0.07 0.03148333333)
(0.1766666667 -0.07 0.03148333333)
(0.18 -0.07 0.03148333333)
(0.1133333333 -0.065625 0.03148333333)
(0.1166666667 -0.065625 0.03148333333)
(0.12 -0.065625 0.03148333333)
(0.1233333333 -0.065625 0.03148333333)
(0.1266666667 -0.065625 0.03148333333)
(0.13 -0.065625 0.03148333333)
(0.1333333333 -0.065625 0.03148333333)
(0.1366666667 -0.065625 0.03148333333)
(0.14 -0.065625 0.03148333333)
(0.1433333333 -0.065625 0.03148333333)
(0.1466666667 -0.065625 0.03148333333)
(0.15 -0.065625 0.03148333333)
(0.1533333333 -0.065625 0.03148333333)
(0.1566666667 -0.065625 0.03148333333)
(0.16 -0.065625 0.03148333333)
(0.1633333333 -0.065625 0.03148333333)
(0.1666666667 -0.065625 0.03148333333)
(0.17 -0.065625 0.03148333333)
(0.1733333333 -0.065625 0.03148333333)
(0.1766666667 -0.065625 0.03148333333)
(0.18 -0.065625 0.03148333333)
(0.1133333333 -0.06125 0.03148333333)
(0.1166666667 -0.06125 0.03148333333)
(0.12 -0.06125 0.03148333333)
(0.1233333333 -0.06125 0.03148333333)
(0.1266666667 -0.06125 0.03148333333)
(0.13 -0.06125 0.03148333333)
(0.1333333333 -0.06125 0.03148333333)
(0.1366666667 -0.06125 0.03148333333)
(0.14 -0.06125 0.03148333333)
(0.1433333333 -0.06125 0.03148333333)
(0.1466666667 -0.06125 0.03148333333)
(0.15 -0.06125 0.03148333333)
(0.1533333333 -0.06125 0.03148333333)
(0.1566666667 -0.06125 0.03148333333)
(0.16 -0.06125 0.03148333333)
(0.1633333333 -0.06125 0.03148333333)
(0.1666666667 -0.06125 0.03148333333)
(0.17 -0.06125 0.03148333333)
(0.1733333333 -0.06125 0.03148333333)
(0.1766666667 -0.06125 0.03148333333)
(0.18 -0.06125 0.03148333333)
(0.1133333333 -0.056875 0.03148333333)
(0.1166666667 -0.056875 0.03148333333)
(0.12 -0.056875 0.03148333333)
(0.1233333333 -0.056875 0.03148333333)
(0.1266666667 -0.056875 0.03148333333)
(0.13 -0.056875 0.03148333333)
(0.1333333333 -0.056875 0.03148333333)
(0.1366666667 -0.056875 0.03148333333)
(0.14 -0.056875 0.03148333333)
(0.1433333333 -0.056875 0.03148333333)
(0.1466666667 -0.056875 0.03148333333)
(0.15 -0.056875 0.03148333333)
(0.1533333333 -0.056875 0.03148333333)
(0.1566666667 -0.056875 0.03148333333)
(0.16 -0.056875 0.03148333333)
(0.1633333333 -0.056875 0.03148333333)
(0.1666666667 -0.056875 0.03148333333)
(0.17 -0.056875 0.03148333333)
(0.1733333333 -0.056875 0.03148333333)
(0.1766666667 -0.056875 0.03148333333)
(0.18 -0.056875 0.03148333333)
(0.1133333333 -0.0525 0.03148333333)
(0.1166666667 -0.0525 0.03148333333)
(0.12 -0.0525 0.03148333333)
(0.1233333333 -0.0525 0.03148333333)
(0.1266666667 -0.0525 0.03148333333)
(0.13 -0.0525 0.03148333333)
(0.1333333333 -0.0525 0.03148333333)
(0.1366666667 -0.0525 0.03148333333)
(0.14 -0.0525 0.03148333333)
(0.1433333333 -0.0525 0.03148333333)
(0.1466666667 -0.0525 0.03148333333)
(0.15 -0.0525 0.03148333333)
(0.1533333333 -0.0525 0.03148333333)
(0.1566666667 -0.0525 0.03148333333)
(0.16 -0.0525 0.03148333333)
(0.1633333333 -0.0525 0.03148333333)
(0.1666666667 -0.0525 0.03148333333)
(0.17 -0.0525 0.03148333333)
(0.1733333333 -0.0525 0.03148333333)
(0.1766666667 -0.0525 0.03148333333)
(0.18 -0.0525 0.03148333333)
(0.1133333333 -0.048125 0.03148333333)
(0.1166666667 -0.048125 0.03148333333)
(0.12 -0.048125 0.03148333333)
(0.1233333333 -0.048125 0.03148333333)
(0.1266666667 -0.048125 0.03148333333)
(0.13 -0.048125 0.03148333333)
(0.1333333333 -0.048125 0.03148333333)
(0.1366666667 -0.048125 0.03148333333)
(0.14 -0.048125 0.03148333333)
(0.1433333333 -0.048125 0.03148333333)
(0.1466666667 -0.048125 0.03148333333)
(0.15 -0.048125 0.03148333333)
(0.1533333333 -0.048125 0.03148333333)
(0.1566666667 -0.048125 0.03148333333)
(0.16 -0.048125 0.03148333333)
(0.1633333333 -0.048125 0.03148333333)
(0.1666666667 -0.048125 0.03148333333)
(0.17 -0.048125 0.03148333333)
(0.1733333333 -0.048125 0.03148333333)
(0.1766666667 -0.048125 0.03148333333)
(0.18 -0.048125 0.03148333333)
(0.1133333333 -0.04375 0.03148333333)
(0.1166666667 -0.04375 0.03148333333)
(0.12 -0.04375 0.03148333333)
(0.1233333333 -0.04375 0.03148333333)
(0.1266666667 -0.04375 0.03148333333)
(0.13 -0.04375 0.03148333333)
(0.1333333333 -0.04375 0.03148333333)
(0.1366666667 -0.04375 0.03148333333)
(0.14 -0.04375 0.03148333333)
(0.1433333333 -0.04375 0.03148333333)
(0.1466666667 -0.04375 0.03148333333)
(0.15 -0.04375 0.03148333333)
(0.1533333333 -0.04375 0.03148333333)
(0.1566666667 -0.04375 0.03148333333)
(0.16 -0.04375 0.03148333333)
(0.1633333333 -0.04375 0.03148333333)
(0.1666666667 -0.04375 0.03148333333)
(0.17 -0.04375 0.03148333333)
(0.1733333333 -0.04375 0.03148333333)
(0.1766666667 -0.04375 0.03148333333)
(0.18 -0.04375 0.03148333333)
(0.1133333333 -0.039375 0.03148333333)
(0.1166666667 -0.039375 0.03148333333)
(0.12 -0.039375 0.03148333333)
(0.1233333333 -0.039375 0.03148333333)
(0.1266666667 -0.039375 0.03148333333)
(0.13 -0.039375 0.03148333333)
(0.1333333333 -0.039375 0.03148333333)
(0.1366666667 -0.039375 0.03148333333)
(0.14 -0.039375 0.03148333333)
(0.1433333333 -0.039375 0.03148333333)
(0.1466666667 -0.039375 0.03148333333)
(0.15 -0.039375 0.03148333333)
(0.1533333333 -0.039375 0.03148333333)
(0.1566666667 -0.039375 0.03148333333)
(0.16 -0.039375 0.03148333333)
(0.1633333333 -0.039375 0.03148333333)
(0.1666666667 -0.039375 0.03148333333)
(0.17 -0.039375 0.03148333333)
(0.1733333333 -0.039375 0.03148333333)
(0.1766666667 -0.039375 0.03148333333)
(0.18 -0.039375 0.03148333333)
(0.1133333333 -0.035 0.03148333333)
(0.1166666667 -0.035 0.03148333333)
(0.12 -0.035 0.03148333333)
(0.1233333333 -0.035 0.03148333333)
(0.1266666667 -0.035 0.03148333333)
(0.13 -0.035 0.03148333333)
(0.1333333333 -0.035 0.03148333333)
(0.1366666667 -0.035 0.03148333333)
(0.14 -0.035 0.03148333333)
(0.1433333333 -0.035 0.03148333333)
(0.1466666667 -0.035 0.03148333333)
(0.15 -0.035 0.03148333333)
(0.1533333333 -0.035 0.03148333333)
(0.1566666667 -0.035 0.03148333333)
(0.16 -0.035 0.03148333333)
(0.1633333333 -0.035 0.03148333333)
(0.1666666667 -0.035 0.03148333333)
(0.17 -0.035 0.03148333333)
(0.1733333333 -0.035 0.03148333333)
(0.1766666667 -0.035 0.03148333333)
(0.18 -0.035 0.03148333333)
(0.1133333333 -0.030625 0.03148333333)
(0.1166666667 -0.030625 0.03148333333)
(0.12 -0.030625 0.03148333333)
(0.1233333333 -0.030625 0.03148333333)
(0.1266666667 -0.030625 0.03148333333)
(0.13 -0.030625 0.03148333333)
(0.1333333333 -0.030625 0.03148333333)
(0.1366666667 -0.030625 0.03148333333)
(0.14 -0.030625 0.03148333333)
(0.1433333333 -0.030625 0.03148333333)
(0.1466666667 -0.030625 0.03148333333)
(0.15 -0.030625 0.03148333333)
(0.1533333333 -0.030625 0.03148333333)
(0.1566666667 -0.030625 0.03148333333)
(0.16 -0.030625 0.03148333333)
(0.1633333333 -0.030625 0.03148333333)
(0.1666666667 -0.030625 0.03148333333)
(0.17 -0.030625 0.03148333333)
(0.1733333333 -0.030625 0.03148333333)
(0.1766666667 -0.030625 0.03148333333)
(0.18 -0.030625 0.03148333333)
(0.1133333333 -0.02625 0.03148333333)
(0.1166666667 -0.02625 0.03148333333)
(0.12 -0.02625 0.03148333333)
(0.1233333333 -0.02625 0.03148333333)
(0.1266666667 -0.02625 0.03148333333)
(0.13 -0.02625 0.03148333333)
(0.1333333333 -0.02625 0.03148333333)
(0.1366666667 -0.02625 0.03148333333)
(0.14 -0.02625 0.03148333333)
(0.1433333333 -0.02625 0.03148333333)
(0.1466666667 -0.02625 0.03148333333)
(0.15 -0.02625 0.03148333333)
(0.1533333333 -0.02625 0.03148333333)
(0.1566666667 -0.02625 0.03148333333)
(0.16 -0.02625 0.03148333333)
(0.1633333333 -0.02625 0.03148333333)
(0.1666666667 -0.02625 0.03148333333)
(0.17 -0.02625 0.03148333333)
(0.1733333333 -0.02625 0.03148333333)
(0.1766666667 -0.02625 0.03148333333)
(0.18 -0.02625 0.03148333333)
(0.1166666667 -0.021875 0.03148333333)
(0.12 -0.021875 0.03148333333)
(0.1233333333 -0.021875 0.03148333333)
(0.1266666667 -0.021875 0.03148333333)
(0.13 -0.021875 0.03148333333)
(0.1333333333 -0.021875 0.03148333333)
(0.1366666667 -0.021875 0.03148333333)
(0.14 -0.021875 0.03148333333)
(0.1433333333 -0.021875 0.03148333333)
(0.1466666667 -0.021875 0.03148333333)
(0.15 -0.021875 0.03148333333)
(0.1533333333 -0.021875 0.03148333333)
(0.1566666667 -0.021875 0.03148333333)
(0.16 -0.021875 0.03148333333)
(0.1633333333 -0.021875 0.03148333333)
(0.1666666667 -0.021875 0.03148333333)
(0.17 -0.021875 0.03148333333)
(0.1733333333 -0.021875 0.03148333333)
(0.1766666667 -0.021875 0.03148333333)
(0.18 -0.021875 0.03148333333)
(0.1166666667 -0.0175 0.03148333333)
(0.12 -0.0175 0.03148333333)
(0.1233333333 -0.0175 0.03148333333)
(0.1266666667 -0.0175 0.03148333333)
(0.13 -0.0175 0.03148333333)
(0.1333333333 -0.0175 0.03148333333)
(0.1366666667 -0.0175 0.03148333333)
(0.14 -0.0175 0.03148333333)
(0.1433333333 -0.0175 0.03148333333)
(0.1466666667 -0.0175 0.03148333333)
(0.15 -0.0175 0.03148333333)
(0.1533333333 -0.0175 0.03148333333)
(0.1566666667 -0.0175 0.03148333333)
(0.16 -0.0175 0.03148333333)
(0.1633333333 -0.0175 0.03148333333)
(0.1666666667 -0.0175 0.03148333333)
(0.17 -0.0175 0.03148333333)
(0.1733333333 -0.0175 0.03148333333)
(0.1766666667 -0.0175 0.03148333333)
(0.18 -0.0175 0.03148333333)
(0.1166666667 -0.013125 0.03148333333)
(0.12 -0.013125 0.03148333333)
(0.1233333333 -0.013125 0.03148333333)
(0.1266666667 -0.013125 0.03148333333)
(0.13 -0.013125 0.03148333333)
(0.1333333333 -0.013125 0.03148333333)
(0.1366666667 -0.013125 0.03148333333)
(0.14 -0.013125 0.03148333333)
(0.1433333333 -0.013125 0.03148333333)
(0.1466666667 -0.013125 0.03148333333)
(0.15 -0.013125 0.03148333333)
(0.1533333333 -0.013125 0.03148333333)
(0.1566666667 -0.013125 0.03148333333)
(0.16 -0.013125 0.03148333333)
(0.1633333333 -0.013125 0.03148333333)
(0.1666666667 -0.013125 0.03148333333)
(0.17 -0.013125 0.03148333333)
(0.1733333333 -0.013125 0.03148333333)
(0.1766666667 -0.013125 0.03148333333)
(0.18 -0.013125 0.03148333333)
(0.1166666667 -0.00875 0.03148333333)
(0.12 -0.00875 0.03148333333)
(0.1233333333 -0.00875 0.03148333333)
(0.1266666667 -0.00875 0.03148333333)
(0.13 -0.00875 0.03148333333)
(0.1333333333 -0.00875 0.03148333333)
(0.1366666667 -0.00875 0.03148333333)
(0.14 -0.00875 0.03148333333)
(0.1433333333 -0.00875 0.03148333333)
(0.1466666667 -0.00875 0.03148333333)
(0.15 -0.00875 0.03148333333)
(0.1533333333 -0.00875 0.03148333333)
(0.1566666667 -0.00875 0.03148333333)
(0.16 -0.00875 0.03148333333)
(0.1633333333 -0.00875 0.03148333333)
(0.1666666667 -0.00875 0.03148333333)
(0.17 -0.00875 0.03148333333)
(0.1733333333 -0.00875 0.03148333333)
(0.1766666667 -0.00875 0.03148333333)
(0.18 -0.00875 0.03148333333)
(0.12 -0.004375 0.03148333333)
(0.1233333333 -0.004375 0.03148333333)
(0.1266666667 -0.004375 0.03148333333)
(0.13 -0.004375 0.03148333333)
(0.1333333333 -0.004375 0.03148333333)
(0.1366666667 -0.004375 0.03148333333)
(0.14 -0.004375 0.03148333333)
(0.1433333333 -0.004375 0.03148333333)
(0.1466666667 -0.004375 0.03148333333)
(0.15 -0.004375 0.03148333333)
(0.1533333333 -0.004375 0.03148333333)
(0.1566666667 -0.004375 0.03148333333)
(0.16 -0.004375 0.03148333333)
(0.1633333333 -0.004375 0.03148333333)
(0.1666666667 -0.004375 0.03148333333)
(0.17 -0.004375 0.03148333333)
(0.1733333333 -0.004375 0.03148333333)
(0.1766666667 -0.004375 0.03148333333)
(0.18 -0.004375 0.03148333333)
(0.1133333333 -0.07 0.034725)
(0.1166666667 -0.07 0.034725)
(0.12 -0.07 0.034725)
(0.1233333333 -0.07 0.034725)
(0.1266666667 -0.07 0.034725)
(0.13 -0.07 0.034725)
(0.1333333333 -0.07 0.034725)
(0.1366666667 -0.07 0.034725)
(0.14 -0.07 0.034725)
(0.1433333333 -0.07 0.034725)
(0.1466666667 -0.07 0.034725)
(0.15 -0.07 0.034725)
(0.1533333333 -0.07 0.034725)
(0.1566666667 -0.07 0.034725)
(0.16 -0.07 0.034725)
(0.1633333333 -0.07 0.034725)
(0.1666666667 -0.07 0.034725)
(0.17 -0.07 0.034725)
(0.1733333333 -0.07 0.034725)
(0.1766666667 -0.07 0.034725)
(0.18 -0.07 0.034725)
(0.1133333333 -0.065625 0.034725)
(0.1166666667 -0.065625 0.034725)
(0.12 -0.065625 0.034725)
(0.1233333333 -0.065625 0.034725)
(0.1266666667 -0.065625 0.034725)
(0.13 -0.065625 0.034725)
(0.1333333333 -0.065625 0.034725)
(0.1366666667 -0.065625 0.034725)
(0.14 -0.065625 0.034725)
(0.1433333333 -0.065625 0.034725)
(0.1466666667 -0.065625 0.034725)
(0.15 -0.065625 0.034725)
(0.1533333333 -0.065625 0.034725)
(0.1566666667 -0.065625 0.034725)
(0.16 -0.065625 0.034725)
(0.1633333333 -0.065625 0.034725)
(0.1666666667 -0.065625 0.034725)
(0.17 -0.065625 0.034725)
(0.1733333333 -0.065625 0.034725)
(0.1766666667 -0.065625 0.034725)
(0.18 -0.065625 0.034725)
(0.1133333333 -0.06125 0.034725)
(0.1166666667 -0.06125 0.034725)
(0.12 -0.06125 0.034725)
(0.1233333333 -0.06125 0.034725)
(0.1266666667 -0.06125 0.034725)
(0.13 -0.06125 0.034725)
(0.1333333333 -0.06125 0.034725)
(0.1366666667 -0.06125 0.034725)
(0.14 -0.06125 0.034725)
(0.1433333333 -0.06125 0.034725)
(0.1466666667 -0.06125 0.034725)
(0.15 -0.06125 0.034725)
(0.1533333333 -0.06125 0.034725)
(0.1566666667 -0.06125 0.034725)
(0.16 -0.06125 0.034725)
(0.1633333333 -0.06125 0.034725)
(0.1666666667 -0.06125 0.034725)
(0.17 -0.06125 0.034725)
(0.1733333333 -0.06125 0.034725)
(0.1766666667 -0.06125 0.034725)
(0.18 -0.06125 0.034725)
(0.1133333333 -0.056875 0.034725)
(0.1166666667 -0.056875 0.034725)
(0.12 -0.056875 0.034725)
(0.1233333333 -0.056875 0.034725)
(0.1266666667 -0.056875 0.034725)
(0.13 -0.056875 0.034725)
(0.1333333333 -0.056875 0.034725)
(0.1366666667 -0.056875 0.034725)
(0.14 -0.056875 0.034725)
(0.1433333333 -0.056875 0.034725)
(0.1466666667 -0.056875 0.034725)
(0.15 -0.056875 0.034725)
(0.1533333333 -0.056875 0.034725)
(0.1566666667 -0.056875 0.034725)
(0.16 -0.056875 0.034725)
(0.1633333333 -0.056875 0.034725)
(0.1666666667 -0.056875 0.034725)
(0.17 -0.056875 0.034725)
(0.1733333333 -0.056875 0.034725)
(0.1766666667 -0.056875 0.034725)
(0.18 -0.056875 0.034725)
(0.1133333333 -0.0525 0.034725)
(0.1166666667 -0.0525 0.034725)
(0.12 -0.0525 0.034725)
(0.1233333333 -0.0525 0.034725)
(0.1266666667 -0.0525 0.034725)
(0.13 -0.0525 0.034725)
(0.1333333333 -0.0525 0.034725)
(0.1366666667 -0.0525 0.034725)
(0.14 -0.0525 0.034725)
(0.1433333333 -0.0525 0.034725)
(0.1466666667 -0.0525 0.034725)
(0.15 -0.0525 0.034725)
(0.1533333333 -0.0525 0.034725)
(0.1566666667 -0.0525 0.034725)
(0.16 -0.0525 0.034725)
(0.1633333333 -0.0525 0.034725)
(0.1666666667 -0.0525 0.034725)
(0.17 -0.0525 0.034725)
(0.1733333333 -0.0525 0.034725)
(0.1766666667 -0.0525 0.034725)
(0.18 -0.0525 0.034725)
(0.1133333333 -0.048125 0.034725)
(0.1166666667 -0.048125 0.034725)
(0.12 -0.048125 0.034725)
(0.1233333333 -0.048125 0.034725)
(0.1266666667 -0.048125 0.034725)
(0.13 -0.048125 0.034725)
(0.1333333333 -0.048125 0.034725)
(0.1366666667 -0.048125 0.034725)
(0.14 -0.048125 0.034725)
(0.1433333333 -0.048125 0.034725)
(0.1466666667 -0.048125 0.034725)
(0.15 -0.048125 0.034725)
(0.1533333333 -0.048125 0.034725)
(0.1566666667 -0.048125 0.034725)
(0.16 -0.048125 0.034725)
(0.1633333333 -0.048125 0.034725)
(0.1666666667 -0.048125 0.034725)
(0.17 -0.048125 0.034725)
(0.1733333333 -0.048125 0.034725)
(0.1766666667 -0.048125 0.034725)
(0.18 -0.048125 0.034725)
(0.1133333333 -0.04375 0.034725)
(0.1166666667 -0.04375 0.034725)
(0.12 -0.04375 0.034725)
(0.1233333333 -0.04375 0.034725)
(0.1266666667 -0.04375 0.034725)
(0.13 -0.04375 0.034725)
(0.1333333333 -0.04375 0.034725)
(0.1366666667 -0.04375 0.034725)
(0.14 -0.04375 0.034725)
(0.1433333333 -0.04375 0.034725)
(0.1466666667 -0.04375 0.034725)
(0.15 -0.04375 0.034725)
(0.1533333333 -0.04375 0.034725)
(0.1566666667 -0.04375 0.034725)
(0.16 -0.04375 0.034725)
(0.1633333333 -0.04375 0.034725)
(0.1666666667 -0.04375 0.034725)
(0.17 -0.04375 0.034725)
(0.1733333333 -0.04375 0.034725)
(0.1766666667 -0.04375 0.034725)
(0.18 -0.04375 0.034725)
(0.1133333333 -0.039375 0.034725)
(0.1166666667 -0.039375 0.034725)
(0.12 -0.039375 0.034725)
(0.1233333333 -0.039375 0.034725)
(0.1266666667 -0.039375 0.034725)
(0.13 -0.039375 0.034725)
(0.1333333333 -0.039375 0.034725)
(0.1366666667 -0.039375 0.034725)
(0.14 -0.039375 0.034725)
(0.1433333333 -0.039375 0.034725)
(0.1466666667 -0.039375 0.034725)
(0.15 -0.039375 0.034725)
(0.1533333333 -0.039375 0.034725)
(0.1566666667 -0.039375 0.034725)
(0.16 -0.039375 0.034725)
(0.1633333333 -0.039375 0.034725)
(0.1666666667 -0.039375 0.034725)
(0.17 -0.039375 0.034725)
(0.1733333333 -0.039375 0.034725)
(0.1766666667 -0.039375 0.034725)
(0.18 -0.039375 0.034725)
(0.1133333333 -0.035 0.034725)
(0.1166666667 -0.035 0.034725)
(0.12 -0.035 0.034725)
(0.1233333333 -0.035 0.034725)
(0.1266666667 -0.035 0.034725)
(0.13 -0.035 0.034725)
(0.1333333333 -0.035 0.034725)
(0.1366666667 -0.035 0.034725)
(0.14 -0.035 0.034725)
(0.1433333333 -0.035 0.034725)
(0.1466666667 -0.035 0.034725)
(0.15 -0.035 0.034725)
(0.1533333333 -0.035 0.034725)
(0.1566666667 -0.035 0.034725)
(0.16 -0.035 0.034725)
(0.1633333333 -0.035 0.034725)
(0.1666666667 -0.035 0.034725)
(0.17 -0.035 0.034725)
(0.1733333333 -0.035 0.034725)
(0.1766666667 -0.035 0.034725)
(0.18 -0.035 0.034725)
(0.1133333333 -0.030625 0.034725)
(0.1166666667 -0.030625 0.034725)
(0.12 -0.030625 0.034725)
(0.1233333333 -0.030625 0.034725)
(0.1266666667 -0.030625 0.034725)
(0.13 -0.030625 0.034725)
(0.1333333333 -0.030625 0.034725)
(0.1366666667 -0.030625 0.034725)
(0.14 -0.030625 0.034725)
(0.1433333333 -0.030625 0.034725)
(0.1466666667 -0.030625 0.034725)
(0.15 -0.030625 0.034725)
(0.1533333333 -0.030625 0.034725)
(0.1566666667 -0.030625 0.034725)
(0.16 -0.030625 0.034725)
(0.1633333333 -0.030625 0.034725)
(0.1666666667 -0.030625 0.034725)
(0.17 -0.030625 0.034725)
(0.1733333333 -0.030625 0.034725)
(0.1766666667 -0.030625 0.034725)
(0.18 -0.030625 0.034725)
(0.1133333333 -0.02625 0.034725)
(0.1166666667 -0.02625 0.034725)
(0.12 -0.02625 0.034725)
(0.1233333333 -0.02625 0.034725)
(0.1266666667 -0.02625 0.034725)
(0.13 -0.02625 0.034725)
(0.1333333333 -0.02625 0.034725)
(0.1366666667 -0.02625 0.034725)
(0.14 -0.02625 0.034725)
(0.1433333333 -0.02625 0.034725)
(0.1466666667 -0.02625 0.034725)
(0.15 -0.02625 0.034725)
(0.1533333333 -0.02625 0.034725)
(0.1566666667 -0.02625 0.034725)
(0.16 -0.02625 0.034725)
(0.1633333333 -0.02625 0.034725)
(0.1666666667 -0.02625 0.034725)
(0.17 -0.02625 0.034725)
(0.1733333333 -0.02625 0.034725)
(0.1766666667 -0.02625 0.034725)
(0.18 -0.02625 0.034725)
(0.1166666667 -0.021875 0.034725)
(0.12 -0.021875 0.034725)
(0.1233333333 -0.021875 0.034725)
(0.1266666667 -0.021875 0.034725)
(0.13 -0.021875 0.034725)
(0.1333333333 -0.021875 0.034725)
(0.1366666667 -0.021875 0.034725)
(0.14 -0.021875 0.034725)
(0.1433333333 -0.021875 0.034725)
(0.1466666667 -0.021875 0.034725)
(0.15 -0.021875 0.034725)
(0.1533333333 -0.021875 0.034725)
(0.1566666667 -0.021875 0.034725)
(0.16 -0.021875 0.034725)
(0.1633333333 -0.021875 0.034725)
(0.1666666667 -0.021875 0.034725)
(0.17 -0.021875 0.034725)
(0.1733333333 -0.021875 0.034725)
(0.1766666667 -0.021875 0.034725)
(0.18 -0.021875 0.034725)
(0.1166666667 -0.0175 0.034725)
(0.12 -0.0175 0.034725)
(0.1233333333 -0.0175 0.034725)
(0.1266666667 -0.0175 0.034725)
(0.13 -0.0175 0.034725)
(0.1333333333 -0.0175 0.034725)
(0.1366666667 -0.0175 0.034725)
(0.14 -0.0175 0.034725)
(0.1433333333 -0.0175 0.034725)
(0.1466666667 -0.0175 0.034725)
(0.15 -0.0175 0.034725)
(0.1533333333 -0.0175 0.034725)
(0.1566666667 -0.0175 0.034725)
(0.16 -0.0175 0.034725)
(0.1633333333 -0.0175 0.034725)
(0.1666666667 -0.0175 0.034725)
(0.17 -0.0175 0.034725)
(0.1733333333 -0.0175 0.034725)
(0.1766666667 -0.0175 0.034725)
(0.18 -0.0175 0.034725)
(0.1166666667 -0.013125 0.034725)
(0.12 -0.013125 0.034725)
(0.1233333333 -0.013125 0.034725)
(0.1266666667 -0.013125 0.034725)
(0.13 -0.013125 0.034725)
(0.1333333333 -0.013125 0.034725)
(0.1366666667 -0.013125 0.034725)
(0.14 -0.013125 0.034725)
(0.1433333333 -0.013125 0.034725)
(0.1466666667 -0.013125 0.034725)
(0.15 -0.013125 0.034725)
(0.1533333333 -0.013125 0.034725)
(0.1566666667 -0.013125 0.034725)
(0.16 -0.013125 0.034725)
(0.1633333333 -0.013125 0.034725)
(0.1666666667 -0.013125 0.034725)
(0.17 -0.013125 0.034725)
(0.1733333333 -0.013125 0.034725)
(0.1766666667 -0.013125 0.034725)
(0.18 -0.013125 0.034725)
(0.1166666667 -0.00875 0.034725)
(0.12 -0.00875 0.034725)
(0.1233333333 -0.00875 0.034725)
(0.1266666667 -0.00875 0.034725)
(0.13 -0.00875 0.034725)
(0.1333333333 -0.00875 0.034725)
(0.1366666667 -0.00875 0.034725)
(0.14 -0.00875 0.034725)
(0.1433333333 -0.00875 0.034725)
(0.1466666667 -0.00875 0.034725)
(0.15 -0.00875 0.034725)
(0.1533333333 -0.00875 0.034725)
(0.1566666667 -0.00875 0.034725)
(0.16 -0.00875 0.034725)
(0.1633333333 -0.00875 0.034725)
(0.1666666667 -0.00875 0.034725)
(0.17 -0.00875 0.034725)
(0.1733333333 -0.00875 0.034725)
(0.1766666667 -0.00875 0.034725)
(0.18 -0.00875 0.034725)
(0.12 -0.004375 0.034725)
(0.1233333333 -0.004375 0.034725)
(0.1266666667 -0.004375 0.034725)
(0.13 -0.004375 0.034725)
(0.1333333333 -0.004375 0.034725)
(0.1366666667 -0.004375 0.034725)
(0.14 -0.004375 0.034725)
(0.1433333333 -0.004375 0.034725)
(0.1466666667 -0.004375 0.034725)
(0.15 -0.004375 0.034725)
(0.1533333333 -0.004375 0.034725)
(0.1566666667 -0.004375 0.034725)
(0.16 -0.004375 0.034725)
(0.1633333333 -0.004375 0.034725)
(0.1666666667 -0.004375 0.034725)
(0.17 -0.004375 0.034725)
(0.1733333333 -0.004375 0.034725)
(0.1766666667 -0.004375 0.034725)
(0.18 -0.004375 0.034725)
(0.1133333333 -0.07 0.03796666667)
(0.1166666667 -0.07 0.03796666667)
(0.12 -0.07 0.03796666667)
(0.1233333333 -0.07 0.03796666667)
(0.1266666667 -0.07 0.03796666667)
(0.13 -0.07 0.03796666667)
(0.1333333333 -0.07 0.03796666667)
(0.1366666667 -0.07 0.03796666667)
(0.14 -0.07 0.03796666667)
(0.1433333333 -0.07 0.03796666667)
(0.1466666667 -0.07 0.03796666667)
(0.15 -0.07 0.03796666667)
(0.1533333333 -0.07 0.03796666667)
(0.1566666667 -0.07 0.03796666667)
(0.16 -0.07 0.03796666667)
(0.1633333333 -0.07 0.03796666667)
(0.1666666667 -0.07 0.03796666667)
(0.17 -0.07 0.03796666667)
(0.1733333333 -0.07 0.03796666667)
(0.1766666667 -0.07 0.03796666667)
(0.18 -0.07 0.03796666667)
(0.1133333333 -0.065625 0.03796666667)
(0.1166666667 -0.065625 0.03796666667)
(0.12 -0.065625 0.03796666667)
(0.1233333333 -0.065625 0.03796666667)
(0.1266666667 -0.065625 0.03796666667)
(0.13 -0.065625 0.03796666667)
(0.1333333333 -0.065625 0.03796666667)
(0.1366666667 -0.065625 0.03796666667)
(0.14 -0.065625 0.03796666667)
(0.1433333333 -0.065625 0.03796666667)
(0.1466666667 -0.065625 0.03796666667)
(0.15 -0.065625 0.03796666667)
(0.1533333333 -0.065625 0.03796666667)
(0.1566666667 -0.065625 0.03796666667)
(0.16 -0.065625 0.03796666667)
(0.1633333333 -0.065625 0.03796666667)
(0.1666666667 -0.065625 0.03796666667)
(0.17 -0.065625 0.03796666667)
(0.1733333333 -0.065625 0.03796666667)
(0.1766666667 -0.065625 0.03796666667)
(0.18 -0.065625 0.03796666667)
(0.1133333333 -0.06125 0.03796666667)
(0.1166666667 -0.06125 0.03796666667)
(0.12 -0.06125 0.03796666667)
(0.1233333333 -0.06125 0.03796666667)
(0.1266666667 -0.06125 0.03796666667)
(0.13 -0.06125 0.03796666667)
(0.1333333333 -0.06125 0.03796666667)
(0.1366666667 -0.06125 0.03796666667)
(0.14 -0.06125 0.03796666667)
(0.1433333333 -0.06125 0.03796666667)
(0.1466666667 -0.06125 0.03796666667)
(0.15 -0.06125 0.03796666667)
(0.1533333333 -0.06125 0.03796666667)
(0.1566666667 -0.06125 0.03796666667)
(0.16 -0.06125 0.03796666667)
(0.1633333333 -0.06125 0.03796666667)
(0.1666666667 -0.06125 0.03796666667)
(0.17 -0.06125 0.03796666667)
(0.1733333333 -0.06125 0.03796666667)
(0.1766666667 -0.06125 0.03796666667)
(0.18 -0.06125 0.03796666667)
(0.1133333333 -0.056875 0.03796666667)
(0.1166666667 -0.056875 0.03796666667)
(0.12 -0.056875 0.03796666667)
(0.1233333333 -0.056875 0.03796666667)
(0.1266666667 -0.056875 0.03796666667)
(0.13 -0.056875 0.03796666667)
(0.1333333333 -0.056875 0.03796666667)
(0.1366666667 -0.056875 0.03796666667)
(0.14 -0.056875 0.03796666667)
(0.1433333333 -0.056875 0.03796666667)
(0.1466666667 -0.056875 0.03796666667)
(0.15 -0.056875 0.03796666667)
(0.1533333333 -0.056875 0.03796666667)
(0.1566666667 -0.056875 0.03796666667)
(0.16 -0.056875 0.03796666667)
(0.1633333333 -0.056875 0.03796666667)
(0.1666666667 -0.056875 0.03796666667)
(0.17 -0.056875 0.03796666667)
(0.1733333333 -0.056875 0.03796666667)
(0.1766666667 -0.056875 0.03796666667)
(0.18 -0.056875 0.03796666667)
(0.1133333333 -0.0525 0.03796666667)
(0.1166666667 -0.0525 0.03796666667)
(0.12 -0.0525 0.03796666667)
(0.1233333333 -0.0525 0.03796666667)
(0.1266666667 -0.0525 0.03796666667)
(0.13 -0.0525 0.03796666667)
(0.1333333333 -0.0525 0.03796666667)
(0.1366666667 -0.0525 0.03796666667)
(0.14 -0.0525 0.03796666667)
(0.1433333333 -0.0525 0.03796666667)
(0.1466666667 -0.0525 0.03796666667)
(0.15 -0.0525 0.03796666667)
(0.1533333333 -0.0525 0.03796666667)
(0.1566666667 -0.0525 0.03796666667)
(0.16 -0.0525 0.03796666667)
(0.1633333333 -0.0525 0.03796666667)
(0.1666666667 -0.0525 0.03796666667)
(0.17 -0.0525 0.03796666667)
(0.1733333333 -0.0525 0.03796666667)
(0.1766666667 -0.0525 0.03796666667)
(0.18 -0.0525 0.03796666667)
(0.1133333333 -0.048125 0.03796666667)
(0.1166666667 -0.048125 0.03796666667)
(0.12 -0.048125 0.03796666667)
(0.1233333333 -0.048125 0.03796666667)
(0.1266666667 -0.048125 0.03796666667)
(0.13 -0.048125 0.03796666667)
(0.1333333333 -0.048125 0.03796666667)
(0.1366666667 -0.048125 0.03796666667)
(0.14 -0.048125 0.03796666667)
(0.1433333333 -0.048125 0.03796666667)
(0.1466666667 -0.048125 0.03796666667)
(0.15 -0.048125 0.03796666667)
(0.1533333333 -0.048125 0.03796666667)
(0.1566666667 -0.048125 0.03796666667)
(0.16 -0.048125 0.03796666667)
(0.1633333333 -0.048125 0.03796666667)
(0.1666666667 -0.048125 0.03796666667)
(0.17 -0.048125 0.03796666667)
(0.1733333333 -0.048125 0.03796666667)
(0.1766666667 -0.048125 0.03796666667)
(0.18 -0.048125 0.03796666667)
(0.1133333333 -0.04375 0.03796666667)
(0.1166666667 -0.04375 0.03796666667)
(0.12 -0.04375 0.03796666667)
(0.1233333333 -0.04375 0.03796666667)
(0.1266666667 -0.04375 0.03796666667)
(0.13 -0.04375 0.03796666667)
(0.1333333333 -0.04375 0.03796666667)
(0.1366666667 -0.04375 0.03796666667)
(0.14 -0.04375 0.03796666667)
(0.1433333333 -0.04375 0.03796666667)
(0.1466666667 -0.04375 0.03796666667)
(0.15 -0.04375 0.03796666667)
(0.1533333333 -0.04375 0.03796666667)
(0.1566666667 -0.04375 0.03796666667)
(0.16 -0.04375 0.03796666667)
(0.1633333333 -0.04375 0.03796666667)
(0.1666666667 -0.04375 0.03796666667)
(0.17 -0.04375 0.03796666667)
(0.1733333333 -0.04375 0.03796666667)
(0.1766666667 -0.04375 0.03796666667)
(0.18 -0.04375 0.03796666667)
(0.1133333333 -0.039375 0.03796666667)
(0.1166666667 -0.039375 0.03796666667)
(0.12 -0.039375 0.03796666667)
(0.1233333333 -0.039375 0.03796666667)
(0.1266666667 -0.039375 0.03796666667)
(0.13 -0.039375 0.03796666667)
(0.1333333333 -0.039375 0.03796666667)
(0.1366666667 -0.039375 0.03796666667)
(0.14 -0.039375 0.03796666667)
(0.1433333333 -0.039375 0.03796666667)
(0.1466666667 -0.039375 0.03796666667)
(0.15 -0.039375 0.03796666667)
(0.1533333333 -0.039375 0.03796666667)
(0.1566666667 -0.039375 0.03796666667)
(0.16 -0.039375 0.03796666667)
(0.1633333333 -0.039375 0.03796666667)
(0.1666666667 -0.039375 0.03796666667)
(0.17 -0.039375 0.03796666667)
(0.1733333333 -0.039375 0.03796666667)
(0.1766666667 -0.039375 0.03796666667)
(0.18 -0.039375 0.03796666667)
(0.1133333333 -0.035 0.03796666667)
(0.1166666667 -0.035 0.03796666667)
(0.12 -0.035 0.03796666667)
(0.1233333333 -0.035 0.03796666667)
(0.1266666667 -0.035 0.03796666667)
(0.13 -0.035 0.03796666667)
(0.1333333333 -0.035 0.03796666667)
(0.1366666667 -0.035 0.03796666667)
(0.14 -0.035 0.03796666667)
(0.1433333333 -0.035 0.03796666667)
(0.1466666667 -0.035 0.03796666667)
(0.15 -0.035 0.03796666667)
(0.1533333333 -0.035 0.03796666667)
(0.1566666667 -0.035 0.03796666667)
(0.16 -0.035 0.03796666667)
(0.1633333333 -0.035 0.03796666667)
(0.1666666667 -0.035 0.03796666667)
(0.17 -0.035 0.03796666667)
(0.1733333333 -0.035 0.03796666667)
(0.1766666667 -0.035 0.03796666667)
(0.18 -0.035 0.03796666667)
(0.1133333333 -0.030625 0.03796666667)
(0.1166666667 -0.030625 0.03796666667)
(0.12 -0.030625 0.03796666667)
(0.1233333333 -0.030625 0.03796666667)
(0.1266666667 -0.030625 0.03796666667)
(0.13 -0.030625 0.03796666667)
(0.1333333333 -0.030625 0.03796666667)
(0.1366666667 -0.030625 0.03796666667)
(0.14 -0.030625 0.03796666667)
(0.1433333333 -0.030625 0.03796666667)
(0.1466666667 -0.030625 0.03796666667)
(0.15 -0.030625 0.03796666667)
(0.1533333333 -0.030625 0.03796666667)
(0.1566666667 -0.030625 0.03796666667)
(0.16 -0.030625 0.03796666667)
(0.1633333333 -0.030625 0.03796666667)
(0.1666666667 -0.030625 0.03796666667)
(0.17 -0.030625 0.03796666667)
(0.1733333333 -0.030625 0.03796666667)
(0.1766666667 -0.030625 0.03796666667)
(0.18 -0.030625 0.03796666667)
(0.1133333333 -0.02625 0.03796666667)
(0.1166666667 -0.02625 0.03796666667)
(0.12 -0.02625 0.03796666667)
(0.1233333333 -0.02625 0.03796666667)
(0.1266666667 -0.02625 0.03796666667)
(0.13 -0.02625 0.03796666667)
(0.1333333333 -0.02625 0.03796666667)
(0.1366666667 -0.02625 0.03796666667)
(0.14 -0.02625 0.03796666667)
(0.1433333333 -0.02625 0.03796666667)
(0.1466666667 -0.02625 0.03796666667)
(0.15 -0.02625 0.03796666667)
(0.1533333333 -0.02625 0.03796666667)
(0.1566666667 -0.02625 0.03796666667)
(0.16 -0.02625 0.03796666667)
(0.1633333333 -0.02625 0.03796666667)
(0.1666666667 -0.02625 0.03796666667)
(0.17 -0.02625 0.03796666667)
(0.1733333333 -0.02625 0.03796666667)
(0.1766666667 -0.02625 0.03796666667)
(0.18 -0.02625 0.03796666667)
(0.1166666667 -0.021875 0.03796666667)
(0.12 -0.021875 0.03796666667)
(0.1233333333 -0.021875 0.03796666667)
(0.1266666667 -0.021875 0.03796666667)
(0.13 -0.021875 0.03796666667)
(0.1333333333 -0.021875 0.03796666667)
(0.1366666667 -0.021875 0.03796666667)
(0.14 -0.021875 0.03796666667)
(0.1433333333 -0.021875 0.03796666667)
(0.1466666667 -0.021875 0.03796666667)
(0.15 -0.021875 0.03796666667)
(0.1533333333 -0.021875 0.03796666667)
(0.1566666667 -0.021875 0.03796666667)
(0.16 -0.021875 0.03796666667)
(0.1633333333 -0.021875 0.03796666667)
(0.1666666667 -0.021875 0.03796666667)
(0.17 -0.021875 0.03796666667)
(0.1733333333 -0.021875 0.03796666667)
(0.1766666667 -0.021875 0.03796666667)
(0.18 -0.021875 0.03796666667)
(0.1166666667 -0.0175 0.03796666667)
(0.12 -0.0175 0.03796666667)
(0.1233333333 -0.0175 0.03796666667)
(0.1266666667 -0.0175 0.03796666667)
(0.13 -0.0175 0.03796666667)
(0.1333333333 -0.0175 0.03796666667)
(0.1366666667 -0.0175 0.03796666667)
(0.14 -0.0175 0.03796666667)
(0.1433333333 -0.0175 0.03796666667)
(0.1466666667 -0.0175 0.03796666667)
(0.15 -0.0175 0.03796666667)
(0.1533333333 -0.0175 0.03796666667)
(0.1566666667 -0.0175 0.03796666667)
(0.16 -0.0175 0.03796666667)
(0.1633333333 -0.0175 0.03796666667)
(0.1666666667 -0.0175 0.03796666667)
(0.17 -0.0175 0.03796666667)
(0.1733333333 -0.0175 0.03796666667)
(0.1766666667 -0.0175 0.03796666667)
(0.18 -0.0175 0.03796666667)
(0.1166666667 -0.013125 0.03796666667)
(0.12 -0.013125 0.03796666667)
(0.1233333333 -0.013125 0.03796666667)
(0.1266666667 -0.013125 0.03796666667)
(0.13 -0.013125 0.03796666667)
(0.1333333333 -0.013125 0.03796666667)
(0.1366666667 -0.013125 0.03796666667)
(0.14 -0.013125 0.03796666667)
(0.1433333333 -0.013125 0.03796666667)
(0.1466666667 -0.013125 0.03796666667)
(0.15 -0.013125 0.03796666667)
(0.1533333333 -0.013125 0.03796666667)
(0.1566666667 -0.013125 0.03796666667)
(0.16 -0.013125 0.03796666667)
(0.1633333333 -0.013125 0.03796666667)
(0.1666666667 -0.013125 0.03796666667)
(0.17 -0.013125 0.03796666667)
(0.1733333333 -0.013125 0.03796666667)
(0.1766666667 -0.013125 0.03796666667)
(0.18 -0.013125 0.03796666667)
(0.1166666667 -0.00875 0.03796666667)
(0.12 -0.00875 0.03796666667)
(0.1233333333 -0.00875 0.03796666667)
(0.1266666667 -0.00875 0.03796666667)
(0.13 -0.00875 0.03796666667)
(0.1333333333 -0.00875 0.03796666667)
(0.1366666667 -0.00875 0.03796666667)
(0.14 -0.00875 0.03796666667)
(0.1433333333 -0.00875 0.03796666667)
(0.1466666667 -0.00875 0.03796666667)
(0.15 -0.00875 0.03796666667)
(0.1533333333 -0.00875 0.03796666667)
(0.1566666667 -0.00875 0.03796666667)
(0.16 -0.00875 0.03796666667)
(0.1633333333 -0.00875 0.03796666667)
(0.1666666667 -0.00875 0.03796666667)
(0.17 -0.00875 0.03796666667)
(0.1733333333 -0.00875 0.03796666667)
(0.1766666667 -0.00875 0.03796666667)
(0.18 -0.00875 0.03796666667)
(0.12 -0.004375 0.03796666667)
(0.1233333333 -0.004375 0.03796666667)
(0.1266666667 -0.004375 0.03796666667)
(0.13 -0.004375 0.03796666667)
(0.1333333333 -0.004375 0.03796666667)
(0.1366666667 -0.004375 0.03796666667)
(0.14 -0.004375 0.03796666667)
(0.1433333333 -0.004375 0.03796666667)
(0.1466666667 -0.004375 0.03796666667)
(0.15 -0.004375 0.03796666667)
(0.1533333333 -0.004375 0.03796666667)
(0.1566666667 -0.004375 0.03796666667)
(0.16 -0.004375 0.03796666667)
(0.1633333333 -0.004375 0.03796666667)
(0.1666666667 -0.004375 0.03796666667)
(0.17 -0.004375 0.03796666667)
(0.1733333333 -0.004375 0.03796666667)
(0.1766666667 -0.004375 0.03796666667)
(0.18 -0.004375 0.03796666667)
(0.1133333333 -0.07 0.04120833333)
(0.1166666667 -0.07 0.04120833333)
(0.12 -0.07 0.04120833333)
(0.1233333333 -0.07 0.04120833333)
(0.1266666667 -0.07 0.04120833333)
(0.13 -0.07 0.04120833333)
(0.1333333333 -0.07 0.04120833333)
(0.1366666667 -0.07 0.04120833333)
(0.14 -0.07 0.04120833333)
(0.1433333333 -0.07 0.04120833333)
(0.1466666667 -0.07 0.04120833333)
(0.15 -0.07 0.04120833333)
(0.1533333333 -0.07 0.04120833333)
(0.1566666667 -0.07 0.04120833333)
(0.16 -0.07 0.04120833333)
(0.1633333333 -0.07 0.04120833333)
(0.1666666667 -0.07 0.04120833333)
(0.17 -0.07 0.04120833333)
(0.1733333333 -0.07 0.04120833333)
(0.1766666667 -0.07 0.04120833333)
(0.18 -0.07 0.04120833333)
(0.1133333333 -0.065625 0.04120833333)
(0.1166666667 -0.065625 0.04120833333)
(0.12 -0.065625 0.04120833333)
(0.1233333333 -0.065625 0.04120833333)
(0.1266666667 -0.065625 0.04120833333)
(0.13 -0.065625 0.04120833333)
(0.1333333333 -0.065625 0.04120833333)
(0.1366666667 -0.065625 0.04120833333)
(0.14 -0.065625 0.04120833333)
(0.1433333333 -0.065625 0.04120833333)
(0.1466666667 -0.065625 0.04120833333)
(0.15 -0.065625 0.04120833333)
(0.1533333333 -0.065625 0.04120833333)
(0.1566666667 -0.065625 0.04120833333)
(0.16 -0.065625 0.04120833333)
(0.1633333333 -0.065625 0.04120833333)
(0.1666666667 -0.065625 0.04120833333)
(0.17 -0.065625 0.04120833333)
(0.1733333333 -0.065625 0.04120833333)
(0.1766666667 -0.065625 0.04120833333)
(0.18 -0.065625 0.04120833333)
(0.1133333333 -0.06125 0.04120833333)
(0.1166666667 -0.06125 0.04120833333)
(0.12 -0.06125 0.04120833333)
(0.1233333333 -0.06125 0.04120833333)
(0.1266666667 -0.06125 0.04120833333)
(0.13 -0.06125 0.04120833333)
(0.1333333333 -0.06125 0.04120833333)
(0.1366666667 -0.06125 0.04120833333)
(0.14 -0.06125 0.04120833333)
(0.1433333333 -0.06125 0.04120833333)
(0.1466666667 -0.06125 0.04120833333)
(0.15 -0.06125 0.04120833333)
(0.1533333333 -0.06125 0.04120833333)
(0.1566666667 -0.06125 0.04120833333)
(0.16 -0.06125 0.04120833333)
(0.1633333333 -0.06125 0.04120833333)
(0.1666666667 -0.06125 0.04120833333)
(0.17 -0.06125 0.04120833333)
(0.1733333333 -0.06125 0.04120833333)
(0.1766666667 -0.06125 0.04120833333)
(0.18 -0.06125 0.04120833333)
(0.1133333333 -0.056875 0.04120833333)
(0.1166666667 -0.056875 0.04120833333)
(0.12 -0.056875 0.04120833333)
(0.1233333333 -0.056875 0.04120833333)
(0.1266666667 -0.056875 0.04120833333)
(0.13 -0.056875 0.04120833333)
(0.1333333333 -0.056875 0.04120833333)
(0.1366666667 -0.056875 0.04120833333)
(0.14 -0.056875 0.04120833333)
(0.1433333333 -0.056875 0.04120833333)
(0.1466666667 -0.056875 0.04120833333)
(0.15 -0.056875 0.04120833333)
(0.1533333333 -0.056875 0.04120833333)
(0.1566666667 -0.056875 0.04120833333)
(0.16 -0.056875 0.04120833333)
(0.1633333333 -0.056875 0.04120833333)
(0.1666666667 -0.056875 0.04120833333)
(0.17 -0.056875 0.04120833333)
(0.1733333333 -0.056875 0.04120833333)
(0.1766666667 -0.056875 0.04120833333)
(0.18 -0.056875 0.04120833333)
(0.1133333333 -0.0525 0.04120833333)
(0.1166666667 -0.0525 0.04120833333)
(0.12 -0.0525 0.04120833333)
(0.1233333333 -0.0525 0.04120833333)
(0.1266666667 -0.0525 0.04120833333)
(0.13 -0.0525 0.04120833333)
(0.1333333333 -0.0525 0.04120833333)
(0.1366666667 -0.0525 0.04120833333)
(0.14 -0.0525 0.04120833333)
(0.1433333333 -0.0525 0.04120833333)
(0.1466666667 -0.0525 0.04120833333)
(0.15 -0.0525 0.04120833333)
(0.1533333333 -0.0525 0.04120833333)
(0.1566666667 -0.0525 0.04120833333)
(0.16 -0.0525 0.04120833333)
(0.1633333333 -0.0525 0.04120833333)
(0.1666666667 -0.0525 0.04120833333)
(0.17 -0.0525 0.04120833333)
(0.1733333333 -0.0525 0.04120833333)
(0.1766666667 -0.0525 0.04120833333)
(0.18 -0.0525 0.04120833333)
(0.1133333333 -0.048125 0.04120833333)
(0.1166666667 -0.048125 0.04120833333)
(0.12 -0.048125 0.04120833333)
(0.1233333333 -0.048125 0.04120833333)
(0.1266666667 -0.048125 0.04120833333)
(0.13 -0.048125 0.04120833333)
(0.1333333333 -0.048125 0.04120833333)
(0.1366666667 -0.048125 0.04120833333)
(0.14 -0.048125 0.04120833333)
(0.1433333333 -0.048125 0.04120833333)
(0.1466666667 -0.048125 0.04120833333)
(0.15 -0.048125 0.04120833333)
(0.1533333333 -0.048125 0.04120833333)
(0.1566666667 -0.048125 0.04120833333)
(0.16 -0.048125 0.04120833333)
(0.1633333333 -0.048125 0.04120833333)
(0.1666666667 -0.048125 0.04120833333)
(0.17 -0.048125 0.04120833333)
(0.1733333333 -0.048125 0.04120833333)
(0.1766666667 -0.048125 0.04120833333)
(0.18 -0.048125 0.04120833333)
(0.1133333333 -0.04375 0.04120833333)
(0.1166666667 -0.04375 0.04120833333)
(0.12 -0.04375 0.04120833333)
(0.1233333333 -0.04375 0.04120833333)
(0.1266666667 -0.04375 0.04120833333)
(0.13 -0.04375 0.04120833333)
(0.1333333333 -0.04375 0.04120833333)
(0.1366666667 -0.04375 0.04120833333)
(0.14 -0.04375 0.04120833333)
(0.1433333333 -0.04375 0.04120833333)
(0.1466666667 -0.04375 0.04120833333)
(0.15 -0.04375 0.04120833333)
(0.1533333333 -0.04375 0.04120833333)
(0.1566666667 -0.04375 0.04120833333)
(0.16 -0.04375 0.04120833333)
(0.1633333333 -0.04375 0.04120833333)
(0.1666666667 -0.04375 0.04120833333)
(0.17 -0.04375 0.04120833333)
(0.1733333333 -0.04375 0.04120833333)
(0.1766666667 -0.04375 0.04120833333)
(0.18 -0.04375 0.04120833333)
(0.1133333333 -0.039375 0.04120833333)
(0.1166666667 -0.039375 0.04120833333)
(0.12 -0.039375 0.04120833333)
(0.1233333333 -0.039375 0.04120833333)
(0.1266666667 -0.039375 0.04120833333)
(0.13 -0.039375 0.04120833333)
(0.1333333333 -0.039375 0.04120833333)
(0.1366666667 -0.039375 0.04120833333)
(0.14 -0.039375 0.04120833333)
(0.1433333333 -0.039375 0.04120833333)
(0.1466666667 -0.039375 0.04120833333)
(0.15 -0.039375 0.04120833333)
(0.1533333333 -0.039375 0.04120833333)
(0.1566666667 -0.039375 0.04120833333)
(0.16 -0.039375 0.04120833333)
(0.1633333333 -0.039375 0.04120833333)
(0.1666666667 -0.039375 0.04120833333)
(0.17 -0.039375 0.04120833333)
(0.1733333333 -0.039375 0.04120833333)
(0.1766666667 -0.039375 0.04120833333)
(0.18 -0.039375 0.04120833333)
(0.1133333333 -0.035 0.04120833333)
(0.1166666667 -0.035 0.04120833333)
(0.12 -0.035 0.04120833333)
(0.1233333333 -0.035 0.04120833333)
(0.1266666667 -0.035 0.04120833333)
(0.13 -0.035 0.04120833333)
(0.1333333333 -0.035 0.04120833333)
(0.1366666667 -0.035 0.04120833333)
(0.14 -0.035 0.04120833333)
(0.1433333333 -0.035 0.04120833333)
(0.1466666667 -0.035 0.04120833333)
(0.15 -0.035 0.04120833333)
(0.1533333333 -0.035 0.04120833333)
(0.1566666667 -0.035 0.04120833333)
(0.16 -0.035 0.04120833333)
(0.1633333333 -0.035 0.04120833333)
(0.1666666667 -0.035 0.04120833333)
(0.17 -0.035 0.04120833333)
(0.1733333333 -0.035 0.04120833333)
(0.1766666667 -0.035 0.04120833333)
(0.18 -0.035 0.04120833333)
(0.1133333333 -0.030625 0.04120833333)
(0.1166666667 -0.030625 0.04120833333)
(0.12 -0.030625 0.04120833333)
(0.1233333333 -0.030625 0.04120833333)
(0.1266666667 -0.030625 0.04120833333)
(0.13 -0.030625 0.04120833333)
(0.1333333333 -0.030625 0.04120833333)
(0.1366666667 -0.030625 0.04120833333)
(0.14 -0.030625 0.04120833333)
(0.1433333333 -0.030625 0.04120833333)
(0.1466666667 -0.030625 0.04120833333)
(0.15 -0.030625 0.04120833333)
(0.1533333333 -0.030625 0.04120833333)
(0.1566666667 -0.030625 0.04120833333)
(0.16 -0.030625 0.04120833333)
(0.1633333333 -0.030625 0.04120833333)
(0.1666666667 -0.030625 0.04120833333)
(0.17 -0.030625 0.04120833333)
(0.1733333333 -0.030625 0.04120833333)
(0.1766666667 -0.030625 0.04120833333)
(0.18 -0.030625 0.04120833333)
(0.1133333333 -0.02625 0.04120833333)
(0.1166666667 -0.02625 0.04120833333)
(0.12 -0.02625 0.04120833333)
(0.1233333333 -0.02625 0.04120833333)
(0.1266666667 -0.02625 0.04120833333)
(0.13 -0.02625 0.04120833333)
(0.1333333333 -0.02625 0.04120833333)
(0.1366666667 -0.02625 0.04120833333)
(0.14 -0.02625 0.04120833333)
(0.1433333333 -0.02625 0.04120833333)
(0.1466666667 -0.02625 0.04120833333)
(0.15 -0.02625 0.04120833333)
(0.1533333333 -0.02625 0.04120833333)
(0.1566666667 -0.02625 0.04120833333)
(0.16 -0.02625 0.04120833333)
(0.1633333333 -0.02625 0.04120833333)
(0.1666666667 -0.02625 0.04120833333)
(0.17 -0.02625 0.04120833333)
(0.1733333333 -0.02625 0.04120833333)
(0.1766666667 -0.02625 0.04120833333)
(0.18 -0.02625 0.04120833333)
(0.1166666667 -0.021875 0.04120833333)
(0.12 -0.021875 0.04120833333)
(0.1233333333 -0.021875 0.04120833333)
(0.1266666667 -0.021875 0.04120833333)
(0.13 -0.021875 0.04120833333)
(0.1333333333 -0.021875 0.04120833333)
(0.1366666667 -0.021875 0.04120833333)
(0.14 -0.021875 0.04120833333)
(0.1433333333 -0.021875 0.04120833333)
(0.1466666667 -0.021875 0.04120833333)
(0.15 -0.021875 0.04120833333)
(0.1533333333 -0.021875 0.04120833333)
(0.1566666667 -0.021875 0.04120833333)
(0.16 -0.021875 0.04120833333)
(0.1633333333 -0.021875 0.04120833333)
(0.1666666667 -0.021875 0.04120833333)
(0.17 -0.021875 0.04120833333)
(0.1733333333 -0.021875 0.04120833333)
(0.1766666667 -0.021875 0.04120833333)
(0.18 -0.021875 0.04120833333)
(0.1166666667 -0.0175 0.04120833333)
(0.12 -0.0175 0.04120833333)
(0.1233333333 -0.0175 0.04120833333)
(0.1266666667 -0.0175 0.04120833333)
(0.13 -0.0175 0.04120833333)
(0.1333333333 -0.0175 0.04120833333)
(0.1366666667 -0.0175 0.04120833333)
(0.14 -0.0175 0.04120833333)
(0.1433333333 -0.0175 0.04120833333)
(0.1466666667 -0.0175 0.04120833333)
(0.15 -0.0175 0.04120833333)
(0.1533333333 -0.0175 0.04120833333)
(0.1566666667 -0.0175 0.04120833333)
(0.16 -0.0175 0.04120833333)
(0.1633333333 -0.0175 0.04120833333)
(0.1666666667 -0.0175 0.04120833333)
(0.17 -0.0175 0.04120833333)
(0.1733333333 -0.0175 0.04120833333)
(0.1766666667 -0.0175 0.04120833333)
(0.18 -0.0175 0.04120833333)
(0.1166666667 -0.013125 0.04120833333)
(0.12 -0.013125 0.04120833333)
(0.1233333333 -0.013125 0.04120833333)
(0.1266666667 -0.013125 0.04120833333)
(0.13 -0.013125 0.04120833333)
(0.1333333333 -0.013125 0.04120833333)
(0.1366666667 -0.013125 0.04120833333)
(0.14 -0.013125 0.04120833333)
(0.1433333333 -0.013125 0.04120833333)
(0.1466666667 -0.013125 0.04120833333)
(0.15 -0.013125 0.04120833333)
(0.1533333333 -0.013125 0.04120833333)
(0.1566666667 -0.013125 0.04120833333)
(0.16 -0.013125 0.04120833333)
(0.1633333333 -0.013125 0.04120833333)
(0.1666666667 -0.013125 0.04120833333)
(0.17 -0.013125 0.04120833333)
(0.1733333333 -0.013125 0.04120833333)
(0.1766666667 -0.013125 0.04120833333)
(0.18 -0.013125 0.04120833333)
(0.1166666667 -0.00875 0.04120833333)
(0.12 -0.00875 0.04120833333)
(0.1233333333 -0.00875 0.04120833333)
(0.1266666667 -0.00875 0.04120833333)
(0.13 -0.00875 0.04120833333)
(0.1333333333 -0.00875 0.04120833333)
(0.1366666667 -0.00875 0.04120833333)
(0.14 -0.00875 0.04120833333)
(0.1433333333 -0.00875 0.04120833333)
(0.1466666667 -0.00875 0.04120833333)
(0.15 -0.00875 0.04120833333)
(0.1533333333 -0.00875 0.04120833333)
(0.1566666667 -0.00875 0.04120833333)
(0.16 -0.00875 0.04120833333)
(0.1633333333 -0.00875 0.04120833333)
(0.1666666667 -0.00875 0.04120833333)
(0.17 -0.00875 0.04120833333)
(0.1733333333 -0.00875 0.04120833333)
(0.1766666667 -0.00875 0.04120833333)
(0.18 -0.00875 0.04120833333)
(0.12 -0.004375 0.04120833333)
(0.1233333333 -0.004375 0.04120833333)
(0.1266666667 -0.004375 0.04120833333)
(0.13 -0.004375 0.04120833333)
(0.1333333333 -0.004375 0.04120833333)
(0.1366666667 -0.004375 0.04120833333)
(0.14 -0.004375 0.04120833333)
(0.1433333333 -0.004375 0.04120833333)
(0.1466666667 -0.004375 0.04120833333)
(0.15 -0.004375 0.04120833333)
(0.1533333333 -0.004375 0.04120833333)
(0.1566666667 -0.004375 0.04120833333)
(0.16 -0.004375 0.04120833333)
(0.1633333333 -0.004375 0.04120833333)
(0.1666666667 -0.004375 0.04120833333)
(0.17 -0.004375 0.04120833333)
(0.1733333333 -0.004375 0.04120833333)
(0.1766666667 -0.004375 0.04120833333)
(0.18 -0.004375 0.04120833333)
(0.1133333333 -0.07 0.04445)
(0.1166666667 -0.07 0.04445)
(0.12 -0.07 0.04445)
(0.1233333333 -0.07 0.04445)
(0.1266666667 -0.07 0.04445)
(0.13 -0.07 0.04445)
(0.1333333333 -0.07 0.04445)
(0.1366666667 -0.07 0.04445)
(0.14 -0.07 0.04445)
(0.1433333333 -0.07 0.04445)
(0.1466666667 -0.07 0.04445)
(0.15 -0.07 0.04445)
(0.1533333333 -0.07 0.04445)
(0.1566666667 -0.07 0.04445)
(0.16 -0.07 0.04445)
(0.1633333333 -0.07 0.04445)
(0.1666666667 -0.07 0.04445)
(0.17 -0.07 0.04445)
(0.1733333333 -0.07 0.04445)
(0.1766666667 -0.07 0.04445)
(0.18 -0.07 0.04445)
(0.1133333333 -0.065625 0.04445)
(0.1166666667 -0.065625 0.04445)
(0.12 -0.065625 0.04445)
(0.1233333333 -0.065625 0.04445)
(0.1266666667 -0.065625 0.04445)
(0.13 -0.065625 0.04445)
(0.1333333333 -0.065625 0.04445)
(0.1366666667 -0.065625 0.04445)
(0.14 -0.065625 0.04445)
(0.1433333333 -0.065625 0.04445)
(0.1466666667 -0.065625 0.04445)
(0.15 -0.065625 0.04445)
(0.1533333333 -0.065625 0.04445)
(0.1566666667 -0.065625 0.04445)
(0.16 -0.065625 0.04445)
(0.1633333333 -0.065625 0.04445)
(0.1666666667 -0.065625 0.04445)
(0.17 -0.065625 0.04445)
(0.1733333333 -0.065625 0.04445)
(0.1766666667 -0.065625 0.04445)
(0.18 -0.065625 0.04445)
(0.1133333333 -0.06125 0.04445)
(0.1166666667 -0.06125 0.04445)
(0.12 -0.06125 0.04445)
(0.1233333333 -0.06125 0.04445)
(0.1266666667 -0.06125 0.04445)
(0.13 -0.06125 0.04445)
(0.1333333333 -0.06125 0.04445)
(0.1366666667 -0.06125 0.04445)
(0.14 -0.06125 0.04445)
(0.1433333333 -0.06125 0.04445)
(0.1466666667 -0.06125 0.04445)
(0.15 -0.06125 0.04445)
(0.1533333333 -0.06125 0.04445)
(0.1566666667 -0.06125 0.04445)
(0.16 -0.06125 0.04445)
(0.1633333333 -0.06125 0.04445)
(0.1666666667 -0.06125 0.04445)
(0.17 -0.06125 0.04445)
(0.1733333333 -0.06125 0.04445)
(0.1766666667 -0.06125 0.04445)
(0.18 -0.06125 0.04445)
(0.1133333333 -0.056875 0.04445)
(0.1166666667 -0.056875 0.04445)
(0.12 -0.056875 0.04445)
(0.1233333333 -0.056875 0.04445)
(0.1266666667 -0.056875 0.04445)
(0.13 -0.056875 0.04445)
(0.1333333333 -0.056875 0.04445)
(0.1366666667 -0.056875 0.04445)
(0.14 -0.056875 0.04445)
(0.1433333333 -0.056875 0.04445)
(0.1466666667 -0.056875 0.04445)
(0.15 -0.056875 0.04445)
(0.1533333333 -0.056875 0.04445)
(0.1566666667 -0.056875 0.04445)
(0.16 -0.056875 0.04445)
(0.1633333333 -0.056875 0.04445)
(0.1666666667 -0.056875 0.04445)
(0.17 -0.056875 0.04445)
(0.1733333333 -0.056875 0.04445)
(0.1766666667 -0.056875 0.04445)
(0.18 -0.056875 0.04445)
(0.1133333333 -0.0525 0.04445)
(0.1166666667 -0.0525 0.04445)
(0.12 -0.0525 0.04445)
(0.1233333333 -0.0525 0.04445)
(0.1266666667 -0.0525 0.04445)
(0.13 -0.0525 0.04445)
(0.1333333333 -0.0525 0.04445)
(0.1366666667 -0.0525 0.04445)
(0.14 -0.0525 0.04445)
(0.1433333333 -0.0525 0.04445)
(0.1466666667 -0.0525 0.04445)
(0.15 -0.0525 0.04445)
(0.1533333333 -0.0525 0.04445)
(0.1566666667 -0.0525 0.04445)
(0.16 -0.0525 0.04445)
(0.1633333333 -0.0525 0.04445)
(0.1666666667 -0.0525 0.04445)
(0.17 -0.0525 0.04445)
(0.1733333333 -0.0525 0.04445)
(0.1766666667 -0.0525 0.04445)
(0.18 -0.0525 0.04445)
(0.1133333333 -0.048125 0.04445)
(0.1166666667 -0.048125 0.04445)
(0.12 -0.048125 0.04445)
(0.1233333333 -0.048125 0.04445)
(0.1266666667 -0.048125 0.04445)
(0.13 -0.048125 0.04445)
(0.1333333333 -0.048125 0.04445)
(0.1366666667 -0.048125 0.04445)
(0.14 -0.048125 0.04445)
(0.1433333333 -0.048125 0.04445)
(0.1466666667 -0.048125 0.04445)
(0.15 -0.048125 0.04445)
(0.1533333333 -0.048125 0.04445)
(0.1566666667 -0.048125 0.04445)
(0.16 -0.048125 0.04445)
(0.1633333333 -0.048125 0.04445)
(0.1666666667 -0.048125 0.04445)
(0.17 -0.048125 0.04445)
(0.1733333333 -0.048125 0.04445)
(0.1766666667 -0.048125 0.04445)
(0.18 -0.048125 0.04445)
(0.1133333333 -0.04375 0.04445)
(0.1166666667 -0.04375 0.04445)
(0.12 -0.04375 0.04445)
(0.1233333333 -0.04375 0.04445)
(0.1266666667 -0.04375 0.04445)
(0.13 -0.04375 0.04445)
(0.1333333333 -0.04375 0.04445)
(0.1366666667 -0.04375 0.04445)
(0.14 -0.04375 0.04445)
(0.1433333333 -0.04375 0.04445)
(0.1466666667 -0.04375 0.04445)
(0.15 -0.04375 0.04445)
(0.1533333333 -0.04375 0.04445)
(0.1566666667 -0.04375 0.04445)
(0.16 -0.04375 0.04445)
(0.1633333333 -0.04375 0.04445)
(0.1666666667 -0.04375 0.04445)
(0.17 -0.04375 0.04445)
(0.1733333333 -0.04375 0.04445)
(0.1766666667 -0.04375 0.04445)
(0.18 -0.04375 0.04445)
(0.1133333333 -0.039375 0.04445)
(0.1166666667 -0.039375 0.04445)
(0.12 -0.039375 0.04445)
(0.1233333333 -0.039375 0.04445)
(0.1266666667 -0.039375 0.04445)
(0.13 -0.039375 0.04445)
(0.1333333333 -0.039375 0.04445)
(0.1366666667 -0.039375 0.04445)
(0.14 -0.039375 0.04445)
(0.1433333333 -0.039375 0.04445)
(0.1466666667 -0.039375 0.04445)
(0.15 -0.039375 0.04445)
(0.1533333333 -0.039375 0.04445)
(0.1566666667 -0.039375 0.04445)
(0.16 -0.039375 0.04445)
(0.1633333333 -0.039375 0.04445)
(0.1666666667 -0.039375 0.04445)
(0.17 -0.039375 0.04445)
(0.1733333333 -0.039375 0.04445)
(0.1766666667 -0.039375 0.04445)
(0.18 -0.039375 0.04445)
(0.1133333333 -0.035 0.04445)
(0.1166666667 -0.035 0.04445)
(0.12 -0.035 0.04445)
(0.1233333333 -0.035 0.04445)
(0.1266666667 -0.035 0.04445)
(0.13 -0.035 0.04445)
(0.1333333333 -0.035 0.04445)
(0.1366666667 -0.035 0.04445)
(0.14 -0.035 0.04445)
(0.1433333333 -0.035 0.04445)
(0.1466666667 -0.035 0.04445)
(0.15 -0.035 0.04445)
(0.1533333333 -0.035 0.04445)
(0.1566666667 -0.035 0.04445)
(0.16 -0.035 0.04445)
(0.1633333333 -0.035 0.04445)
(0.1666666667 -0.035 0.04445)
(0.17 -0.035 0.04445)
(0.1733333333 -0.035 0.04445)
(0.1766666667 -0.035 0.04445)
(0.18 -0.035 0.04445)
(0.1133333333 -0.030625 0.04445)
(0.1166666667 -0.030625 0.04445)
(0.12 -0.030625 0.04445)
(0.1233333333 -0.030625 0.04445)
(0.1266666667 -0.030625 0.04445)
(0.13 -0.030625 0.04445)
(0.1333333333 -0.030625 0.04445)
(0.1366666667 -0.030625 0.04445)
(0.14 -0.030625 0.04445)
(0.1433333333 -0.030625 0.04445)
(0.1466666667 -0.030625 0.04445)
(0.15 -0.030625 0.04445)
(0.1533333333 -0.030625 0.04445)
(0.1566666667 -0.030625 0.04445)
(0.16 -0.030625 0.04445)
(0.1633333333 -0.030625 0.04445)
(0.1666666667 -0.030625 0.04445)
(0.17 -0.030625 0.04445)
(0.1733333333 -0.030625 0.04445)
(0.1766666667 -0.030625 0.04445)
(0.18 -0.030625 0.04445)
(0.1133333333 -0.02625 0.04445)
(0.1166666667 -0.02625 0.04445)
(0.12 -0.02625 0.04445)
(0.1233333333 -0.02625 0.04445)
(0.1266666667 -0.02625 0.04445)
(0.13 -0.02625 0.04445)
(0.1333333333 -0.02625 0.04445)
(0.1366666667 -0.02625 0.04445)
(0.14 -0.02625 0.04445)
(0.1433333333 -0.02625 0.04445)
(0.1466666667 -0.02625 0.04445)
(0.15 -0.02625 0.04445)
(0.1533333333 -0.02625 0.04445)
(0.1566666667 -0.02625 0.04445)
(0.16 -0.02625 0.04445)
(0.1633333333 -0.02625 0.04445)
(0.1666666667 -0.02625 0.04445)
(0.17 -0.02625 0.04445)
(0.1733333333 -0.02625 0.04445)
(0.1766666667 -0.02625 0.04445)
(0.18 -0.02625 0.04445)
(0.1166666667 -0.021875 0.04445)
(0.12 -0.021875 0.04445)
(0.1233333333 -0.021875 0.04445)
(0.1266666667 -0.021875 0.04445)
(0.13 -0.021875 0.04445)
(0.1333333333 -0.021875 0.04445)
(0.1366666667 -0.021875 0.04445)
(0.14 -0.021875 0.04445)
(0.1433333333 -0.021875 0.04445)
(0.1466666667 -0.021875 0.04445)
(0.15 -0.021875 0.04445)
(0.1533333333 -0.021875 0.04445)
(0.1566666667 -0.021875 0.04445)
(0.16 -0.021875 0.04445)
(0.1633333333 -0.021875 0.04445)
(0.1666666667 -0.021875 0.04445)
(0.17 -0.021875 0.04445)
(0.1733333333 -0.021875 0.04445)
(0.1766666667 -0.021875 0.04445)
(0.18 -0.021875 0.04445)
(0.1166666667 -0.0175 0.04445)
(0.12 -0.0175 0.04445)
(0.1233333333 -0.0175 0.04445)
(0.1266666667 -0.0175 0.04445)
(0.13 -0.0175 0.04445)
(0.1333333333 -0.0175 0.04445)
(0.1366666667 -0.0175 0.04445)
(0.14 -0.0175 0.04445)
(0.1433333333 -0.0175 0.04445)
(0.1466666667 -0.0175 0.04445)
(0.15 -0.0175 0.04445)
(0.1533333333 -0.0175 0.04445)
(0.1566666667 -0.0175 0.04445)
(0.16 -0.0175 0.04445)
(0.1633333333 -0.0175 0.04445)
(0.1666666667 -0.0175 0.04445)
(0.17 -0.0175 0.04445)
(0.1733333333 -0.0175 0.04445)
(0.1766666667 -0.0175 0.04445)
(0.18 -0.0175 0.04445)
(0.1166666667 -0.013125 0.04445)
(0.12 -0.013125 0.04445)
(0.1233333333 -0.013125 0.04445)
(0.1266666667 -0.013125 0.04445)
(0.13 -0.013125 0.04445)
(0.1333333333 -0.013125 0.04445)
(0.1366666667 -0.013125 0.04445)
(0.14 -0.013125 0.04445)
(0.1433333333 -0.013125 0.04445)
(0.1466666667 -0.013125 0.04445)
(0.15 -0.013125 0.04445)
(0.1533333333 -0.013125 0.04445)
(0.1566666667 -0.013125 0.04445)
(0.16 -0.013125 0.04445)
(0.1633333333 -0.013125 0.04445)
(0.1666666667 -0.013125 0.04445)
(0.17 -0.013125 0.04445)
(0.1733333333 -0.013125 0.04445)
(0.1766666667 -0.013125 0.04445)
(0.18 -0.013125 0.04445)
(0.1166666667 -0.00875 0.04445)
(0.12 -0.00875 0.04445)
(0.1233333333 -0.00875 0.04445)
(0.1266666667 -0.00875 0.04445)
(0.13 -0.00875 0.04445)
(0.1333333333 -0.00875 0.04445)
(0.1366666667 -0.00875 0.04445)
(0.14 -0.00875 0.04445)
(0.1433333333 -0.00875 0.04445)
(0.1466666667 -0.00875 0.04445)
(0.15 -0.00875 0.04445)
(0.1533333333 -0.00875 0.04445)
(0.1566666667 -0.00875 0.04445)
(0.16 -0.00875 0.04445)
(0.1633333333 -0.00875 0.04445)
(0.1666666667 -0.00875 0.04445)
(0.17 -0.00875 0.04445)
(0.1733333333 -0.00875 0.04445)
(0.1766666667 -0.00875 0.04445)
(0.18 -0.00875 0.04445)
(0.12 -0.004375 0.04445)
(0.1233333333 -0.004375 0.04445)
(0.1266666667 -0.004375 0.04445)
(0.13 -0.004375 0.04445)
(0.1333333333 -0.004375 0.04445)
(0.1366666667 -0.004375 0.04445)
(0.14 -0.004375 0.04445)
(0.1433333333 -0.004375 0.04445)
(0.1466666667 -0.004375 0.04445)
(0.15 -0.004375 0.04445)
(0.1533333333 -0.004375 0.04445)
(0.1566666667 -0.004375 0.04445)
(0.16 -0.004375 0.04445)
(0.1633333333 -0.004375 0.04445)
(0.1666666667 -0.004375 0.04445)
(0.17 -0.004375 0.04445)
(0.1733333333 -0.004375 0.04445)
(0.1766666667 -0.004375 0.04445)
(0.18 -0.004375 0.04445)
(0.18375 -0.07 0.02824166667)
(0.1875 -0.07 0.02824166667)
(0.19125 -0.07 0.02824166667)
(0.195 -0.07 0.02824166667)
(0.19875 -0.07 0.02824166667)
(0.2025 -0.07 0.02824166667)
(0.20625 -0.07 0.02824166667)
(0.21 -0.07 0.02824166667)
(0.21375 -0.07 0.02824166667)
(0.18375 -0.065625 0.02824166667)
(0.1875 -0.065625 0.02824166667)
(0.19125 -0.065625 0.02824166667)
(0.195 -0.065625 0.02824166667)
(0.19875 -0.065625 0.02824166667)
(0.2025 -0.065625 0.02824166667)
(0.20625 -0.065625 0.02824166667)
(0.21 -0.065625 0.02824166667)
(0.21375 -0.065625 0.02824166667)
(0.18375 -0.06125 0.02824166667)
(0.1875 -0.06125 0.02824166667)
(0.19125 -0.06125 0.02824166667)
(0.195 -0.06125 0.02824166667)
(0.19875 -0.06125 0.02824166667)
(0.2025 -0.06125 0.02824166667)
(0.20625 -0.06125 0.02824166667)
(0.21 -0.06125 0.02824166667)
(0.21375 -0.06125 0.02824166667)
(0.18375 -0.056875 0.02824166667)
(0.1875 -0.056875 0.02824166667)
(0.19125 -0.056875 0.02824166667)
(0.195 -0.056875 0.02824166667)
(0.19875 -0.056875 0.02824166667)
(0.2025 -0.056875 0.02824166667)
(0.20625 -0.056875 0.02824166667)
(0.21 -0.056875 0.02824166667)
(0.21375 -0.056875 0.02824166667)
(0.18375 -0.0525 0.02824166667)
(0.1875 -0.0525 0.02824166667)
(0.19125 -0.0525 0.02824166667)
(0.195 -0.0525 0.02824166667)
(0.19875 -0.0525 0.02824166667)
(0.2025 -0.0525 0.02824166667)
(0.20625 -0.0525 0.02824166667)
(0.21 -0.0525 0.02824166667)
(0.21375 -0.0525 0.02824166667)
(0.18375 -0.048125 0.02824166667)
(0.1875 -0.048125 0.02824166667)
(0.19125 -0.048125 0.02824166667)
(0.195 -0.048125 0.02824166667)
(0.19875 -0.048125 0.02824166667)
(0.2025 -0.048125 0.02824166667)
(0.20625 -0.048125 0.02824166667)
(0.21 -0.048125 0.02824166667)
(0.21375 -0.048125 0.02824166667)
(0.18375 -0.04375 0.02824166667)
(0.1875 -0.04375 0.02824166667)
(0.19125 -0.04375 0.02824166667)
(0.195 -0.04375 0.02824166667)
(0.19875 -0.04375 0.02824166667)
(0.2025 -0.04375 0.02824166667)
(0.20625 -0.04375 0.02824166667)
(0.21 -0.04375 0.02824166667)
(0.21375 -0.04375 0.02824166667)
(0.18375 -0.039375 0.02824166667)
(0.1875 -0.039375 0.02824166667)
(0.19125 -0.039375 0.02824166667)
(0.195 -0.039375 0.02824166667)
(0.19875 -0.039375 0.02824166667)
(0.2025 -0.039375 0.02824166667)
(0.20625 -0.039375 0.02824166667)
(0.21 -0.039375 0.02824166667)
(0.18375 -0.035 0.02824166667)
(0.1875 -0.035 0.02824166667)
(0.19125 -0.035 0.02824166667)
(0.195 -0.035 0.02824166667)
(0.19875 -0.035 0.02824166667)
(0.2025 -0.035 0.02824166667)
(0.20625 -0.035 0.02824166667)
(0.21 -0.035 0.02824166667)
(0.18375 -0.030625 0.02824166667)
(0.1875 -0.030625 0.02824166667)
(0.19125 -0.030625 0.02824166667)
(0.195 -0.030625 0.02824166667)
(0.19875 -0.030625 0.02824166667)
(0.2025 -0.030625 0.02824166667)
(0.20625 -0.030625 0.02824166667)
(0.21 -0.030625 0.02824166667)
(0.18375 -0.02625 0.02824166667)
(0.1875 -0.02625 0.02824166667)
(0.19125 -0.02625 0.02824166667)
(0.195 -0.02625 0.02824166667)
(0.19875 -0.02625 0.02824166667)
(0.2025 -0.02625 0.02824166667)
(0.20625 -0.02625 0.02824166667)
(0.21 -0.02625 0.02824166667)
(0.18375 -0.021875 0.02824166667)
(0.1875 -0.021875 0.02824166667)
(0.19125 -0.021875 0.02824166667)
(0.195 -0.021875 0.02824166667)
(0.19875 -0.021875 0.02824166667)
(0.2025 -0.021875 0.02824166667)
(0.20625 -0.021875 0.02824166667)
(0.21 -0.021875 0.02824166667)
(0.18375 -0.0175 0.02824166667)
(0.1875 -0.0175 0.02824166667)
(0.19125 -0.0175 0.02824166667)
(0.195 -0.0175 0.02824166667)
(0.19875 -0.0175 0.02824166667)
(0.2025 -0.0175 0.02824166667)
(0.20625 -0.0175 0.02824166667)
(0.21 -0.0175 0.02824166667)
(0.18375 -0.013125 0.02824166667)
(0.1875 -0.013125 0.02824166667)
(0.19125 -0.013125 0.02824166667)
(0.195 -0.013125 0.02824166667)
(0.19875 -0.013125 0.02824166667)
(0.2025 -0.013125 0.02824166667)
(0.20625 -0.013125 0.02824166667)
(0.21 -0.013125 0.02824166667)
(0.18375 -0.00875 0.02824166667)
(0.1875 -0.00875 0.02824166667)
(0.19125 -0.00875 0.02824166667)
(0.195 -0.00875 0.02824166667)
(0.19875 -0.00875 0.02824166667)
(0.2025 -0.00875 0.02824166667)
(0.20625 -0.00875 0.02824166667)
(0.21 -0.00875 0.02824166667)
(0.18375 -0.004375 0.02824166667)
(0.1875 -0.004375 0.02824166667)
(0.19125 -0.004375 0.02824166667)
(0.195 -0.004375 0.02824166667)
(0.19875 -0.004375 0.02824166667)
(0.2025 -0.004375 0.02824166667)
(0.20625 -0.004375 0.02824166667)
(0.21 -0.004375 0.02824166667)
(0.18375 -0.07 0.03148333333)
(0.1875 -0.07 0.03148333333)
(0.19125 -0.07 0.03148333333)
(0.195 -0.07 0.03148333333)
(0.19875 -0.07 0.03148333333)
(0.2025 -0.07 0.03148333333)
(0.20625 -0.07 0.03148333333)
(0.21 -0.07 0.03148333333)
(0.21375 -0.07 0.03148333333)
(0.18375 -0.065625 0.03148333333)
(0.1875 -0.065625 0.03148333333)
(0.19125 -0.065625 0.03148333333)
(0.195 -0.065625 0.03148333333)
(0.19875 -0.065625 0.03148333333)
(0.2025 -0.065625 0.03148333333)
(0.20625 -0.065625 0.03148333333)
(0.21 -0.065625 0.03148333333)
(0.21375 -0.065625 0.03148333333)
(0.18375 -0.06125 0.03148333333)
(0.1875 -0.06125 0.03148333333)
(0.19125 -0.06125 0.03148333333)
(0.195 -0.06125 0.03148333333)
(0.19875 -0.06125 0.03148333333)
(0.2025 -0.06125 0.03148333333)
(0.20625 -0.06125 0.03148333333)
(0.21 -0.06125 0.03148333333)
(0.21375 -0.06125 0.03148333333)
(0.18375 -0.056875 0.03148333333)
(0.1875 -0.056875 0.03148333333)
(0.19125 -0.056875 0.03148333333)
(0.195 -0.056875 0.03148333333)
(0.19875 -0.056875 0.03148333333)
(0.2025 -0.056875 0.03148333333)
(0.20625 -0.056875 0.03148333333)
(0.21 -0.056875 0.03148333333)
(0.21375 -0.056875 0.03148333333)
(0.18375 -0.0525 0.03148333333)
(0.1875 -0.0525 0.03148333333)
(0.19125 -0.0525 0.03148333333)
(0.195 -0.0525 0.03148333333)
(0.19875 -0.0525 0.03148333333)
(0.2025 -0.0525 0.03148333333)
(0.20625 -0.0525 0.03148333333)
(0.21 -0.0525 0.03148333333)
(0.21375 -0.0525 0.03148333333)
(0.18375 -0.048125 0.03148333333)
(0.1875 -0.048125 0.03148333333)
(0.19125 -0.048125 0.03148333333)
(0.195 -0.048125 0.03148333333)
(0.19875 -0.048125 0.03148333333)
(0.2025 -0.048125 0.03148333333)
(0.20625 -0.048125 0.03148333333)
(0.21 -0.048125 0.03148333333)
(0.21375 -0.048125 0.03148333333)
(0.18375 -0.04375 0.03148333333)
(0.1875 -0.04375 0.03148333333)
(0.19125 -0.04375 0.03148333333)
(0.195 -0.04375 0.03148333333)
(0.19875 -0.04375 0.03148333333)
(0.2025 -0.04375 0.03148333333)
(0.20625 -0.04375 0.03148333333)
(0.21 -0.04375 0.03148333333)
(0.21375 -0.04375 0.03148333333)
(0.18375 -0.039375 0.03148333333)
(0.1875 -0.039375 0.03148333333)
(0.19125 -0.039375 0.03148333333)
(0.195 -0.039375 0.03148333333)
(0.19875 -0.039375 0.03148333333)
(0.2025 -0.039375 0.03148333333)
(0.20625 -0.039375 0.03148333333)
(0.21 -0.039375 0.03148333333)
(0.18375 -0.035 0.03148333333)
(0.1875 -0.035 0.03148333333)
(0.19125 -0.035 0.03148333333)
(0.195 -0.035 0.03148333333)
(0.19875 -0.035 0.03148333333)
(0.2025 -0.035 0.03148333333)
(0.20625 -0.035 0.03148333333)
(0.21 -0.035 0.03148333333)
(0.18375 -0.030625 0.03148333333)
(0.1875 -0.030625 0.03148333333)
(0.19125 -0.030625 0.03148333333)
(0.195 -0.030625 0.03148333333)
(0.19875 -0.030625 0.03148333333)
(0.2025 -0.030625 0.03148333333)
(0.20625 -0.030625 0.03148333333)
(0.21 -0.030625 0.03148333333)
(0.18375 -0.02625 0.03148333333)
(0.1875 -0.02625 0.03148333333)
(0.19125 -0.02625 0.03148333333)
(0.195 -0.02625 0.03148333333)
(0.19875 -0.02625 0.03148333333)
(0.2025 -0.02625 0.03148333333)
(0.20625 -0.02625 0.03148333333)
(0.21 -0.02625 0.03148333333)
(0.18375 -0.021875 0.03148333333)
(0.1875 -0.021875 0.03148333333)
(0.19125 -0.021875 0.03148333333)
(0.195 -0.021875 0.03148333333)
(0.19875 -0.021875 0.03148333333)
(0.2025 -0.021875 0.03148333333)
(0.20625 -0.021875 0.03148333333)
(0.21 -0.021875 0.03148333333)
(0.18375 -0.0175 0.03148333333)
(0.1875 -0.0175 0.03148333333)
(0.19125 -0.0175 0.03148333333)
(0.195 -0.0175 0.03148333333)
(0.19875 -0.0175 0.03148333333)
(0.2025 -0.0175 0.03148333333)
(0.20625 -0.0175 0.03148333333)
(0.21 -0.0175 0.03148333333)
(0.18375 -0.013125 0.03148333333)
(0.1875 -0.013125 0.03148333333)
(0.19125 -0.013125 0.03148333333)
(0.195 -0.013125 0.03148333333)
(0.19875 -0.013125 0.03148333333)
(0.2025 -0.013125 0.03148333333)
(0.20625 -0.013125 0.03148333333)
(0.21 -0.013125 0.03148333333)
(0.18375 -0.00875 0.03148333333)
(0.1875 -0.00875 0.03148333333)
(0.19125 -0.00875 0.03148333333)
(0.195 -0.00875 0.03148333333)
(0.19875 -0.00875 0.03148333333)
(0.2025 -0.00875 0.03148333333)
(0.20625 -0.00875 0.03148333333)
(0.21 -0.00875 0.03148333333)
(0.18375 -0.004375 0.03148333333)
(0.1875 -0.004375 0.03148333333)
(0.19125 -0.004375 0.03148333333)
(0.195 -0.004375 0.03148333333)
(0.19875 -0.004375 0.03148333333)
(0.2025 -0.004375 0.03148333333)
(0.20625 -0.004375 0.03148333333)
(0.21 -0.004375 0.03148333333)
(0.18375 -0.07 0.034725)
(0.1875 -0.07 0.034725)
(0.19125 -0.07 0.034725)
(0.195 -0.07 0.034725)
(0.19875 -0.07 0.034725)
(0.2025 -0.07 0.034725)
(0.20625 -0.07 0.034725)
(0.21 -0.07 0.034725)
(0.21375 -0.07 0.034725)
(0.18375 -0.065625 0.034725)
(0.1875 -0.065625 0.034725)
(0.19125 -0.065625 0.034725)
(0.195 -0.065625 0.034725)
(0.19875 -0.065625 0.034725)
(0.2025 -0.065625 0.034725)
(0.20625 -0.065625 0.034725)
(0.21 -0.065625 0.034725)
(0.21375 -0.065625 0.034725)
(0.18375 -0.06125 0.034725)
(0.1875 -0.06125 0.034725)
(0.19125 -0.06125 0.034725)
(0.195 -0.06125 0.034725)
(0.19875 -0.06125 0.034725)
(0.2025 -0.06125 0.034725)
(0.20625 -0.06125 0.034725)
(0.21 -0.06125 0.034725)
(0.21375 -0.06125 0.034725)
(0.18375 -0.056875 0.034725)
(0.1875 -0.056875 0.034725)
(0.19125 -0.056875 0.034725)
(0.195 -0.056875 0.034725)
(0.19875 -0.056875 0.034725)
(0.2025 -0.056875 0.034725)
(0.20625 -0.056875 0.034725)
(0.21 -0.056875 0.034725)
(0.21375 -0.056875 0.034725)
(0.18375 -0.0525 0.034725)
(0.1875 -0.0525 0.034725)
(0.19125 -0.0525 0.034725)
(0.195 -0.0525 0.034725)
(0.19875 -0.0525 0.034725)
(0.2025 -0.0525 0.034725)
(0.20625 -0.0525 0.034725)
(0.21 -0.0525 0.034725)
(0.21375 -0.0525 0.034725)
(0.18375 -0.048125 0.034725)
(0.1875 -0.048125 0.034725)
(0.19125 -0.048125 0.034725)
(0.195 -0.048125 0.034725)
(0.19875 -0.048125 0.034725)
(0.2025 -0.048125 0.034725)
(0.20625 -0.048125 0.034725)
(0.21 -0.048125 0.034725)
(0.21375 -0.048125 0.034725)
(0.18375 -0.04375 0.034725)
(0.1875 -0.04375 0.034725)
(0.19125 -0.04375 0.034725)
(0.195 -0.04375 0.034725)
(0.19875 -0.04375 0.034725)
(0.2025 -0.04375 0.034725)
(0.20625 -0.04375 0.034725)
(0.21 -0.04375 0.034725)
(0.21375 -0.04375 0.034725)
(0.18375 -0.039375 0.034725)
(0.1875 -0.039375 0.034725)
(0.19125 -0.039375 0.034725)
(0.195 -0.039375 0.034725)
(0.19875 -0.039375 0.034725)
(0.2025 -0.039375 0.034725)
(0.20625 -0.039375 0.034725)
(0.21 -0.039375 0.034725)
(0.21375 -0.039375 0.034725)
(0.18375 -0.035 0.034725)
(0.1875 -0.035 0.034725)
(0.19125 -0.035 0.034725)
(0.195 -0.035 0.034725)
(0.19875 -0.035 0.034725)
(0.2025 -0.035 0.034725)
(0.20625 -0.035 0.034725)
(0.21 -0.035 0.034725)
(0.21375 -0.035 0.034725)
(0.18375 -0.030625 0.034725)
(0.1875 -0.030625 0.034725)
(0.19125 -0.030625 0.034725)
(0.195 -0.030625 0.034725)
(0.19875 -0.030625 0.034725)
(0.2025 -0.030625 0.034725)
(0.20625 -0.030625 0.034725)
(0.21 -0.030625 0.034725)
(0.21375 -0.030625 0.034725)
(0.18375 -0.02625 0.034725)
(0.1875 -0.02625 0.034725)
(0.19125 -0.02625 0.034725)
(0.195 -0.02625 0.034725)
(0.19875 -0.02625 0.034725)
(0.2025 -0.02625 0.034725)
(0.20625 -0.02625 0.034725)
(0.21 -0.02625 0.034725)
(0.21375 -0.02625 0.034725)
(0.18375 -0.021875 0.034725)
(0.1875 -0.021875 0.034725)
(0.19125 -0.021875 0.034725)
(0.195 -0.021875 0.034725)
(0.19875 -0.021875 0.034725)
(0.2025 -0.021875 0.034725)
(0.20625 -0.021875 0.034725)
(0.21 -0.021875 0.034725)
(0.21375 -0.021875 0.034725)
(0.18375 -0.0175 0.034725)
(0.1875 -0.0175 0.034725)
(0.19125 -0.0175 0.034725)
(0.195 -0.0175 0.034725)
(0.19875 -0.0175 0.034725)
(0.2025 -0.0175 0.034725)
(0.20625 -0.0175 0.034725)
(0.21 -0.0175 0.034725)
(0.21375 -0.0175 0.034725)
(0.18375 -0.013125 0.034725)
(0.1875 -0.013125 0.034725)
(0.19125 -0.013125 0.034725)
(0.195 -0.013125 0.034725)
(0.19875 -0.013125 0.034725)
(0.2025 -0.013125 0.034725)
(0.20625 -0.013125 0.034725)
(0.21 -0.013125 0.034725)
(0.21375 -0.013125 0.034725)
(0.18375 -0.00875 0.034725)
(0.1875 -0.00875 0.034725)
(0.19125 -0.00875 0.034725)
(0.195 -0.00875 0.034725)
(0.19875 -0.00875 0.034725)
(0.2025 -0.00875 0.034725)
(0.20625 -0.00875 0.034725)
(0.21 -0.00875 0.034725)
(0.21375 -0.00875 0.034725)
(0.18375 -0.004375 0.034725)
(0.1875 -0.004375 0.034725)
(0.19125 -0.004375 0.034725)
(0.195 -0.004375 0.034725)
(0.19875 -0.004375 0.034725)
(0.2025 -0.004375 0.034725)
(0.20625 -0.004375 0.034725)
(0.21 -0.004375 0.034725)
(0.21375 -0.004375 0.034725)
(0.18375 -0.07 0.03796666667)
(0.1875 -0.07 0.03796666667)
(0.19125 -0.07 0.03796666667)
(0.195 -0.07 0.03796666667)
(0.19875 -0.07 0.03796666667)
(0.2025 -0.07 0.03796666667)
(0.20625 -0.07 0.03796666667)
(0.21 -0.07 0.03796666667)
(0.21375 -0.07 0.03796666667)
(0.18375 -0.065625 0.03796666667)
(0.1875 -0.065625 0.03796666667)
(0.19125 -0.065625 0.03796666667)
(0.195 -0.065625 0.03796666667)
(0.19875 -0.065625 0.03796666667)
(0.2025 -0.065625 0.03796666667)
(0.20625 -0.065625 0.03796666667)
(0.21 -0.065625 0.03796666667)
(0.21375 -0.065625 0.03796666667)
(0.18375 -0.06125 0.03796666667)
(0.1875 -0.06125 0.03796666667)
(0.19125 -0.06125 0.03796666667)
(0.195 -0.06125 0.03796666667)
(0.19875 -0.06125 0.03796666667)
(0.2025 -0.06125 0.03796666667)
(0.20625 -0.06125 0.03796666667)
(0.21 -0.06125 0.03796666667)
(0.21375 -0.06125 0.03796666667)
(0.18375 -0.056875 0.03796666667)
(0.1875 -0.056875 0.03796666667)
(0.19125 -0.056875 0.03796666667)
(0.195 -0.056875 0.03796666667)
(0.19875 -0.056875 0.03796666667)
(0.2025 -0.056875 0.03796666667)
(0.20625 -0.056875 0.03796666667)
(0.21 -0.056875 0.03796666667)
(0.21375 -0.056875 0.03796666667)
(0.18375 -0.0525 0.03796666667)
(0.1875 -0.0525 0.03796666667)
(0.19125 -0.0525 0.03796666667)
(0.195 -0.0525 0.03796666667)
(0.19875 -0.0525 0.03796666667)
(0.2025 -0.0525 0.03796666667)
(0.20625 -0.0525 0.03796666667)
(0.21 -0.0525 0.03796666667)
(0.21375 -0.0525 0.03796666667)
(0.18375 -0.048125 0.03796666667)
(0.1875 -0.048125 0.03796666667)
(0.19125 -0.048125 0.03796666667)
(0.195 -0.048125 0.03796666667)
(0.19875 -0.048125 0.03796666667)
(0.2025 -0.048125 0.03796666667)
(0.20625 -0.048125 0.03796666667)
(0.21 -0.048125 0.03796666667)
(0.21375 -0.048125 0.03796666667)
(0.18375 -0.04375 0.03796666667)
(0.1875 -0.04375 0.03796666667)
(0.19125 -0.04375 0.03796666667)
(0.195 -0.04375 0.03796666667)
(0.19875 -0.04375 0.03796666667)
(0.2025 -0.04375 0.03796666667)
(0.20625 -0.04375 0.03796666667)
(0.21 -0.04375 0.03796666667)
(0.21375 -0.04375 0.03796666667)
(0.18375 -0.039375 0.03796666667)
(0.1875 -0.039375 0.03796666667)
(0.19125 -0.039375 0.03796666667)
(0.195 -0.039375 0.03796666667)
(0.19875 -0.039375 0.03796666667)
(0.2025 -0.039375 0.03796666667)
(0.20625 -0.039375 0.03796666667)
(0.21 -0.039375 0.03796666667)
(0.21375 -0.039375 0.03796666667)
(0.18375 -0.035 0.03796666667)
(0.1875 -0.035 0.03796666667)
(0.19125 -0.035 0.03796666667)
(0.195 -0.035 0.03796666667)
(0.19875 -0.035 0.03796666667)
(0.2025 -0.035 0.03796666667)
(0.20625 -0.035 0.03796666667)
(0.21 -0.035 0.03796666667)
(0.21375 -0.035 0.03796666667)
(0.18375 -0.030625 0.03796666667)
(0.1875 -0.030625 0.03796666667)
(0.19125 -0.030625 0.03796666667)
(0.195 -0.030625 0.03796666667)
(0.19875 -0.030625 0.03796666667)
(0.2025 -0.030625 0.03796666667)
(0.20625 -0.030625 0.03796666667)
(0.21 -0.030625 0.03796666667)
(0.21375 -0.030625 0.03796666667)
(0.18375 -0.02625 0.03796666667)
(0.1875 -0.02625 0.03796666667)
(0.19125 -0.02625 0.03796666667)
(0.195 -0.02625 0.03796666667)
(0.19875 -0.02625 0.03796666667)
(0.2025 -0.02625 0.03796666667)
(0.20625 -0.02625 0.03796666667)
(0.21 -0.02625 0.03796666667)
(0.21375 -0.02625 0.03796666667)
(0.18375 -0.021875 0.03796666667)
(0.1875 -0.021875 0.03796666667)
(0.19125 -0.021875 0.03796666667)
(0.195 -0.021875 0.03796666667)
(0.19875 -0.021875 0.03796666667)
(0.2025 -0.021875 0.03796666667)
(0.20625 -0.021875 0.03796666667)
(0.21 -0.021875 0.03796666667)
(0.21375 -0.021875 0.03796666667)
(0.18375 -0.0175 0.03796666667)
(0.1875 -0.0175 0.03796666667)
(0.19125 -0.0175 0.03796666667)
(0.195 -0.0175 0.03796666667)
(0.19875 -0.0175 0.03796666667)
(0.2025 -0.0175 0.03796666667)
(0.20625 -0.0175 0.03796666667)
(0.21 -0.0175 0.03796666667)
(0.21375 -0.0175 0.03796666667)
(0.18375 -0.013125 0.03796666667)
(0.1875 -0.013125 0.03796666667)
(0.19125 -0.013125 0.03796666667)
(0.195 -0.013125 0.03796666667)
(0.19875 -0.013125 0.03796666667)
(0.2025 -0.013125 0.03796666667)
(0.20625 -0.013125 0.03796666667)
(0.21 -0.013125 0.03796666667)
(0.21375 -0.013125 0.03796666667)
(0.18375 -0.00875 0.03796666667)
(0.1875 -0.00875 0.03796666667)
(0.19125 -0.00875 0.03796666667)
(0.195 -0.00875 0.03796666667)
(0.19875 -0.00875 0.03796666667)
(0.2025 -0.00875 0.03796666667)
(0.20625 -0.00875 0.03796666667)
(0.21 -0.00875 0.03796666667)
(0.21375 -0.00875 0.03796666667)
(0.18375 -0.004375 0.03796666667)
(0.1875 -0.004375 0.03796666667)
(0.19125 -0.004375 0.03796666667)
(0.195 -0.004375 0.03796666667)
(0.19875 -0.004375 0.03796666667)
(0.2025 -0.004375 0.03796666667)
(0.20625 -0.004375 0.03796666667)
(0.21 -0.004375 0.03796666667)
(0.21375 -0.004375 0.03796666667)
(0.18375 -0.07 0.04120833333)
(0.1875 -0.07 0.04120833333)
(0.19125 -0.07 0.04120833333)
(0.195 -0.07 0.04120833333)
(0.19875 -0.07 0.04120833333)
(0.2025 -0.07 0.04120833333)
(0.20625 -0.07 0.04120833333)
(0.21 -0.07 0.04120833333)
(0.21375 -0.07 0.04120833333)
(0.18375 -0.065625 0.04120833333)
(0.1875 -0.065625 0.04120833333)
(0.19125 -0.065625 0.04120833333)
(0.195 -0.065625 0.04120833333)
(0.19875 -0.065625 0.04120833333)
(0.2025 -0.065625 0.04120833333)
(0.20625 -0.065625 0.04120833333)
(0.21 -0.065625 0.04120833333)
(0.21375 -0.065625 0.04120833333)
(0.18375 -0.06125 0.04120833333)
(0.1875 -0.06125 0.04120833333)
(0.19125 -0.06125 0.04120833333)
(0.195 -0.06125 0.04120833333)
(0.19875 -0.06125 0.04120833333)
(0.2025 -0.06125 0.04120833333)
(0.20625 -0.06125 0.04120833333)
(0.21 -0.06125 0.04120833333)
(0.21375 -0.06125 0.04120833333)
(0.18375 -0.056875 0.04120833333)
(0.1875 -0.056875 0.04120833333)
(0.19125 -0.056875 0.04120833333)
(0.195 -0.056875 0.04120833333)
(0.19875 -0.056875 0.04120833333)
(0.2025 -0.056875 0.04120833333)
(0.20625 -0.056875 0.04120833333)
(0.21 -0.056875 0.04120833333)
(0.21375 -0.056875 0.04120833333)
(0.18375 -0.0525 0.04120833333)
(0.1875 -0.0525 0.04120833333)
(0.19125 -0.0525 0.04120833333)
(0.195 -0.0525 0.04120833333)
(0.19875 -0.0525 0.04120833333)
(0.2025 -0.0525 0.04120833333)
(0.20625 -0.0525 0.04120833333)
(0.21 -0.0525 0.04120833333)
(0.21375 -0.0525 0.04120833333)
(0.18375 -0.048125 0.04120833333)
(0.1875 -0.048125 0.04120833333)
(0.19125 -0.048125 0.04120833333)
(0.195 -0.048125 0.04120833333)
(0.19875 -0.048125 0.04120833333)
(0.2025 -0.048125 0.04120833333)
(0.20625 -0.048125 0.04120833333)
(0.21 -0.048125 0.04120833333)
(0.21375 -0.048125 0.04120833333)
(0.18375 -0.04375 0.04120833333)
(0.1875 -0.04375 0.04120833333)
(0.19125 -0.04375 0.04120833333)
(0.195 -0.04375 0.04120833333)
(0.19875 -0.04375 0.04120833333)
(0.2025 -0.04375 0.04120833333)
(0.20625 -0.04375 0.04120833333)
(0.21 -0.04375 0.04120833333)
(0.21375 -0.04375 0.04120833333)
(0.18375 -0.039375 0.04120833333)
(0.1875 -0.039375 0.04120833333)
(0.19125 -0.039375 0.04120833333)
(0.195 -0.039375 0.04120833333)
(0.19875 -0.039375 0.04120833333)
(0.2025 -0.039375 0.04120833333)
(0.20625 -0.039375 0.04120833333)
(0.21 -0.039375 0.04120833333)
(0.21375 -0.039375 0.04120833333)
(0.18375 -0.035 0.04120833333)
(0.1875 -0.035 0.04120833333)
(0.19125 -0.035 0.04120833333)
(0.195 -0.035 0.04120833333)
(0.19875 -0.035 0.04120833333)
(0.2025 -0.035 0.04120833333)
(0.20625 -0.035 0.04120833333)
(0.21 -0.035 0.04120833333)
(0.21375 -0.035 0.04120833333)
(0.18375 -0.030625 0.04120833333)
(0.1875 -0.030625 0.04120833333)
(0.19125 -0.030625 0.04120833333)
(0.195 -0.030625 0.04120833333)
(0.19875 -0.030625 0.04120833333)
(0.2025 -0.030625 0.04120833333)
(0.20625 -0.030625 0.04120833333)
(0.21 -0.030625 0.04120833333)
(0.21375 -0.030625 0.04120833333)
(0.18375 -0.02625 0.04120833333)
(0.1875 -0.02625 0.04120833333)
(0.19125 -0.02625 0.04120833333)
(0.195 -0.02625 0.04120833333)
(0.19875 -0.02625 0.04120833333)
(0.2025 -0.02625 0.04120833333)
(0.20625 -0.02625 0.04120833333)
(0.21 -0.02625 0.04120833333)
(0.21375 -0.02625 0.04120833333)
(0.18375 -0.021875 0.04120833333)
(0.1875 -0.021875 0.04120833333)
(0.19125 -0.021875 0.04120833333)
(0.195 -0.021875 0.04120833333)
(0.19875 -0.021875 0.04120833333)
(0.2025 -0.021875 0.04120833333)
(0.20625 -0.021875 0.04120833333)
(0.21 -0.021875 0.04120833333)
(0.21375 -0.021875 0.04120833333)
(0.18375 -0.0175 0.04120833333)
(0.1875 -0.0175 0.04120833333)
(0.19125 -0.0175 0.04120833333)
(0.195 -0.0175 0.04120833333)
(0.19875 -0.0175 0.04120833333)
(0.2025 -0.0175 0.04120833333)
(0.20625 -0.0175 0.04120833333)
(0.21 -0.0175 0.04120833333)
(0.21375 -0.0175 0.04120833333)
(0.18375 -0.013125 0.04120833333)
(0.1875 -0.013125 0.04120833333)
(0.19125 -0.013125 0.04120833333)
(0.195 -0.013125 0.04120833333)
(0.19875 -0.013125 0.04120833333)
(0.2025 -0.013125 0.04120833333)
(0.20625 -0.013125 0.04120833333)
(0.21 -0.013125 0.04120833333)
(0.21375 -0.013125 0.04120833333)
(0.18375 -0.00875 0.04120833333)
(0.1875 -0.00875 0.04120833333)
(0.19125 -0.00875 0.04120833333)
(0.195 -0.00875 0.04120833333)
(0.19875 -0.00875 0.04120833333)
(0.2025 -0.00875 0.04120833333)
(0.20625 -0.00875 0.04120833333)
(0.21 -0.00875 0.04120833333)
(0.21375 -0.00875 0.04120833333)
(0.18375 -0.004375 0.04120833333)
(0.1875 -0.004375 0.04120833333)
(0.19125 -0.004375 0.04120833333)
(0.195 -0.004375 0.04120833333)
(0.19875 -0.004375 0.04120833333)
(0.2025 -0.004375 0.04120833333)
(0.20625 -0.004375 0.04120833333)
(0.21 -0.004375 0.04120833333)
(0.21375 -0.004375 0.04120833333)
(0.18375 -0.07 0.04445)
(0.1875 -0.07 0.04445)
(0.19125 -0.07 0.04445)
(0.195 -0.07 0.04445)
(0.19875 -0.07 0.04445)
(0.2025 -0.07 0.04445)
(0.20625 -0.07 0.04445)
(0.21 -0.07 0.04445)
(0.21375 -0.07 0.04445)
(0.18375 -0.065625 0.04445)
(0.1875 -0.065625 0.04445)
(0.19125 -0.065625 0.04445)
(0.195 -0.065625 0.04445)
(0.19875 -0.065625 0.04445)
(0.2025 -0.065625 0.04445)
(0.20625 -0.065625 0.04445)
(0.21 -0.065625 0.04445)
(0.21375 -0.065625 0.04445)
(0.18375 -0.06125 0.04445)
(0.1875 -0.06125 0.04445)
(0.19125 -0.06125 0.04445)
(0.195 -0.06125 0.04445)
(0.19875 -0.06125 0.04445)
(0.2025 -0.06125 0.04445)
(0.20625 -0.06125 0.04445)
(0.21 -0.06125 0.04445)
(0.21375 -0.06125 0.04445)
(0.18375 -0.056875 0.04445)
(0.1875 -0.056875 0.04445)
(0.19125 -0.056875 0.04445)
(0.195 -0.056875 0.04445)
(0.19875 -0.056875 0.04445)
(0.2025 -0.056875 0.04445)
(0.20625 -0.056875 0.04445)
(0.21 -0.056875 0.04445)
(0.21375 -0.056875 0.04445)
(0.18375 -0.0525 0.04445)
(0.1875 -0.0525 0.04445)
(0.19125 -0.0525 0.04445)
(0.195 -0.0525 0.04445)
(0.19875 -0.0525 0.04445)
(0.2025 -0.0525 0.04445)
(0.20625 -0.0525 0.04445)
(0.21 -0.0525 0.04445)
(0.21375 -0.0525 0.04445)
(0.18375 -0.048125 0.04445)
(0.1875 -0.048125 0.04445)
(0.19125 -0.048125 0.04445)
(0.195 -0.048125 0.04445)
(0.19875 -0.048125 0.04445)
(0.2025 -0.048125 0.04445)
(0.20625 -0.048125 0.04445)
(0.21 -0.048125 0.04445)
(0.21375 -0.048125 0.04445)
(0.18375 -0.04375 0.04445)
(0.1875 -0.04375 0.04445)
(0.19125 -0.04375 0.04445)
(0.195 -0.04375 0.04445)
(0.19875 -0.04375 0.04445)
(0.2025 -0.04375 0.04445)
(0.20625 -0.04375 0.04445)
(0.21 -0.04375 0.04445)
(0.21375 -0.04375 0.04445)
(0.18375 -0.039375 0.04445)
(0.1875 -0.039375 0.04445)
(0.19125 -0.039375 0.04445)
(0.195 -0.039375 0.04445)
(0.19875 -0.039375 0.04445)
(0.2025 -0.039375 0.04445)
(0.20625 -0.039375 0.04445)
(0.21 -0.039375 0.04445)
(0.21375 -0.039375 0.04445)
(0.18375 -0.035 0.04445)
(0.1875 -0.035 0.04445)
(0.19125 -0.035 0.04445)
(0.195 -0.035 0.04445)
(0.19875 -0.035 0.04445)
(0.2025 -0.035 0.04445)
(0.20625 -0.035 0.04445)
(0.21 -0.035 0.04445)
(0.21375 -0.035 0.04445)
(0.18375 -0.030625 0.04445)
(0.1875 -0.030625 0.04445)
(0.19125 -0.030625 0.04445)
(0.195 -0.030625 0.04445)
(0.19875 -0.030625 0.04445)
(0.2025 -0.030625 0.04445)
(0.20625 -0.030625 0.04445)
(0.21 -0.030625 0.04445)
(0.21375 -0.030625 0.04445)
(0.18375 -0.02625 0.04445)
(0.1875 -0.02625 0.04445)
(0.19125 -0.02625 0.04445)
(0.195 -0.02625 0.04445)
(0.19875 -0.02625 0.04445)
(0.2025 -0.02625 0.04445)
(0.20625 -0.02625 0.04445)
(0.21 -0.02625 0.04445)
(0.21375 -0.02625 0.04445)
(0.18375 -0.021875 0.04445)
(0.1875 -0.021875 0.04445)
(0.19125 -0.021875 0.04445)
(0.195 -0.021875 0.04445)
(0.19875 -0.021875 0.04445)
(0.2025 -0.021875 0.04445)
(0.20625 -0.021875 0.04445)
(0.21 -0.021875 0.04445)
(0.21375 -0.021875 0.04445)
(0.18375 -0.0175 0.04445)
(0.1875 -0.0175 0.04445)
(0.19125 -0.0175 0.04445)
(0.195 -0.0175 0.04445)
(0.19875 -0.0175 0.04445)
(0.2025 -0.0175 0.04445)
(0.20625 -0.0175 0.04445)
(0.21 -0.0175 0.04445)
(0.21375 -0.0175 0.04445)
(0.18375 -0.013125 0.04445)
(0.1875 -0.013125 0.04445)
(0.19125 -0.013125 0.04445)
(0.195 -0.013125 0.04445)
(0.19875 -0.013125 0.04445)
(0.2025 -0.013125 0.04445)
(0.20625 -0.013125 0.04445)
(0.21 -0.013125 0.04445)
(0.21375 -0.013125 0.04445)
(0.18375 -0.00875 0.04445)
(0.1875 -0.00875 0.04445)
(0.19125 -0.00875 0.04445)
(0.195 -0.00875 0.04445)
(0.19875 -0.00875 0.04445)
(0.2025 -0.00875 0.04445)
(0.20625 -0.00875 0.04445)
(0.21 -0.00875 0.04445)
(0.21375 -0.00875 0.04445)
(0.18375 -0.004375 0.04445)
(0.1875 -0.004375 0.04445)
(0.19125 -0.004375 0.04445)
(0.195 -0.004375 0.04445)
(0.19875 -0.004375 0.04445)
(0.2025 -0.004375 0.04445)
(0.20625 -0.004375 0.04445)
(0.21 -0.004375 0.04445)
(0.21375 -0.004375 0.04445)
)


// ************************************************************************* //
