/*--------------------------------*- C++ -*----------------------------------*\
| =========                 |                                                 |
| \\      /  F ield         | OpenFOAM: The Open Source CFD Toolbox           |
|  \\    /   O peration     | Version:  2406                                  |
|   \\  /    A nd           | Website:  www.openfoam.com                      |
|    \\/     M anipulation  |                                                 |
\*---------------------------------------------------------------------------*/
FoamFile
{
    version     2.0;
    format      ascii;
    arch        "LSB;label=32;scalar=64";
    class       volVectorField;
    location    "320";
    object      U;
}
// * * * * * * * * * * * * * * * * * * * * * * * * * * * * * * * * * * * * * //

dimensions      [0 1 -1 0 0 0 0];

internalField   nonuniform List<vector> 
5437
(
(0.002132122 -3.573841e-06 8.730722e-08)
(0.002131639 -3.442864e-06 8.285484e-08)
(0.002131171 -3.316934e-06 7.868557e-08)
(0.002130719 -3.19576e-06 7.477013e-08)
(0.002130283 -3.079113e-06 7.112496e-08)
(0.00201354 -2.819615e-06 9.462087e-08)
(0.002013011 -2.714988e-06 8.975963e-08)
(0.0020125 -2.614437e-06 8.52207e-08)
(0.002012007 -2.517725e-06 8.097123e-08)
(0.002011531 -2.424697e-06 7.70286e-08)
(0.001850043 -2.041545e-06 9.743545e-08)
(0.001849527 -1.965148e-06 9.249158e-08)
(0.00184903 -1.891733e-06 8.788769e-08)
(0.001848551 -1.821136e-06 8.359052e-08)
(0.001848089 -1.753263e-06 7.961383e-08)
(0.001626675 -1.31794e-06 9.632094e-08)
(0.001626223 -1.268377e-06 9.160638e-08)
(0.001625788 -1.220743e-06 8.722434e-08)
(0.001625369 -1.174945e-06 8.314492e-08)
(0.001624965 -1.130929e-06 7.937311e-08)
(0.001323468 -7.126595e-07 9.137936e-08)
(0.001323117 -6.857695e-07 8.716725e-08)
(0.001322779 -6.599401e-07 8.325115e-08)
(0.001322454 -6.351195e-07 7.960919e-08)
(0.001322141 -6.112658e-07 7.623293e-08)
(0.0009140767 -2.643337e-07 7.966662e-08)
(0.0009138513 -2.542896e-07 7.626014e-08)
(0.0009136343 -2.447014e-07 7.307848e-08)
(0.0009134255 -2.355113e-07 7.011412e-08)
(0.0009132244 -2.266761e-07 6.734502e-08)
(0.0003648162 -1.611902e-08 4.684638e-08)
(0.0003647341 -1.547796e-08 4.497808e-08)
(0.0003646552 -1.491927e-08 4.321064e-08)
(0.0003645791 -1.438784e-08 4.155182e-08)
(0.0003645058 -1.38758e-08 3.997559e-08)
(0.002442119 -2.60845e-06 3.937189e-09)
(0.002432754 -3.904014e-06 8.779138e-09)
(0.002433367 -3.777453e-06 8.811098e-09)
(0.002433958 -3.654969e-06 8.83327e-09)
(0.002434529 -3.536353e-06 8.833529e-09)
(0.002435079 -3.421463e-06 8.774299e-09)
(0.002421662 -4.598042e-06 1.685731e-08)
(0.002422083 -4.445808e-06 1.643771e-08)
(0.002422488 -4.298677e-06 1.603019e-08)
(0.002422876 -4.156396e-06 1.562275e-08)
(0.002423251 -4.018714e-06 1.518244e-08)
(0.002403616 -5.006129e-06 2.691248e-08)
(0.002403821 -4.836533e-06 2.589973e-08)
(0.002404016 -4.672841e-06 2.493562e-08)
(0.002404202 -4.514747e-06 2.4006e-08)
(0.002404379 -4.361952e-06 2.308693e-08)
(0.002375519 -5.105032e-06 3.83983e-08)
(0.002375502 -4.928024e-06 3.668194e-08)
(0.002375484 -4.757407e-06 3.505565e-08)
(0.002375463 -4.592836e-06 3.350434e-08)
(0.00237544 -4.433981e-06 3.201986e-08)
(0.002333333 -4.900191e-06 5.031039e-08)
(0.002333112 -4.726502e-06 4.783891e-08)
(0.002332897 -4.559292e-06 4.55066e-08)
(0.002332686 -4.398199e-06 4.329648e-08)
(0.00233248 -4.242889e-06 4.121555e-08)
(0.002271857 -4.42833e-06 6.135013e-08)
(0.00227147 -4.268266e-06 5.816103e-08)
(0.002271095 -4.114332e-06 5.516122e-08)
(0.002270731 -3.966179e-06 5.233447e-08)
(0.002270378 -3.823502e-06 4.969711e-08)
(0.002184386 -3.754845e-06 7.010678e-08)
(0.002183887 -3.616935e-06 6.635459e-08)
(0.002183405 -3.484399e-06 6.283624e-08)
(0.002182939 -3.356932e-06 5.954226e-08)
(0.002182489 -3.23429e-06 5.647999e-08)
(0.002062191 -2.964322e-06 7.571297e-08)
(0.002061644 -2.854116e-06 7.163228e-08)
(0.002061117 -2.748253e-06 6.781562e-08)
(0.002060608 -2.646486e-06 6.425649e-08)
(0.002060117 -2.548646e-06 6.096228e-08)
(0.00189378 -2.148216e-06 7.776898e-08)
(0.001893247 -2.0677e-06 7.363994e-08)
(0.001892734 -1.990368e-06 6.978782e-08)
(0.00189224 -1.916045e-06 6.621184e-08)
(0.001891763 -1.844629e-06 6.291538e-08)
(0.001663891 -1.388733e-06 7.688239e-08)
(0.001663425 -1.336447e-06 7.296904e-08)
(0.001662976 -1.286224e-06 6.932661e-08)
(0.001662544 -1.237965e-06 6.59606e-08)
(0.001662128 -1.191611e-06 6.286429e-08)
(0.00135228 -7.526256e-07 7.301493e-08)
(0.001351918 -7.242104e-07 6.95528e-08)
(0.001351571 -6.969302e-07 6.633181e-08)
(0.001351236 -6.707303e-07 6.336536e-08)
(0.001350913 -6.455683e-07 6.063058e-08)
(0.0009325012 -2.80467e-07 6.40546e-08)
(0.0009322695 -2.698143e-07 6.128231e-08)
(0.0009320465 -2.596457e-07 5.869085e-08)
(0.0009318318 -2.499037e-07 5.630459e-08)
(0.000931625 -2.405469e-07 5.408251e-08)
(0.0003711904 -1.762786e-08 3.766938e-08)
(0.0003711063 -1.693113e-08 3.617347e-08)
(0.0003710253 -1.631888e-08 3.474941e-08)
(0.0003709473 -1.573631e-08 3.343349e-08)
(0.0003708722 -1.517824e-08 3.217335e-08)
(0.002486014 -2.698964e-06 3.918274e-09)
(0.002476435 -4.040855e-06 7.180652e-09)
(0.002477071 -3.909643e-06 7.221623e-09)
(0.002477684 -3.782698e-06 7.260925e-09)
(0.002478276 -3.6598e-06 7.281451e-09)
(0.002478847 -3.540811e-06 7.25831e-09)
(0.002465138 -4.760295e-06 1.28964e-08)
(0.002465575 -4.602431e-06 1.25769e-08)
(0.002465996 -4.449908e-06 1.227381e-08)
(0.002466401 -4.30247e-06 1.196923e-08)
(0.002466791 -4.159848e-06 1.164069e-08)
(0.002446734 -5.18416e-06 1.996191e-08)
(0.002446949 -5.008248e-06 1.917269e-08)
(0.002447155 -4.838515e-06 1.842941e-08)
(0.00244735 -4.674653e-06 1.771207e-08)
(0.002447537 -4.516339e-06 1.700511e-08)
(0.002418054 -5.288132e-06 2.796842e-08)
(0.002418041 -5.104484e-06 2.662809e-08)
(0.002418026 -4.927528e-06 2.536531e-08)
(0.002418009 -4.756913e-06 2.416071e-08)
(0.002417989 -4.592284e-06 2.301136e-08)
(0.002374965 -5.077549e-06 3.616848e-08)
(0.002374742 -4.897301e-06 3.424413e-08)
(0.002374523 -4.72384e-06 3.243491e-08)
(0.00237431 -4.556795e-06 3.072114e-08)
(0.002374102 -4.395809e-06 2.911241e-08)
(0.002312149 -4.590182e-06 4.365685e-08)
(0.002311754 -4.424039e-06 4.11863e-08)
(0.002311371 -4.264321e-06 3.886712e-08)
(0.002311 -4.110668e-06 3.66846e-08)
(0.00231064 -3.962752e-06 3.465493e-08)
(0.002222755 -3.893589e-06 4.946948e-08)
(0.002222245 -3.750409e-06 4.657927e-08)
(0.002221753 -3.612869e-06 4.386921e-08)
(0.002221276 -3.480652e-06 4.13372e-08)
(0.002220815 -3.353492e-06 3.899558e-08)
(0.002097883 -3.07531e-06 5.308265e-08)
(0.002097323 -2.960865e-06 4.995696e-08)
(0.002096784 -2.850983e-06 4.703293e-08)
(0.002096263 -2.745406e-06 4.431588e-08)
(0.00209576 -2.643947e-06 4.181931e-08)
(0.001925834 -2.230084e-06 5.428949e-08)
(0.001925289 -2.146444e-06 5.11505e-08)
(0.001924764 -2.066153e-06 4.822286e-08)
(0.001924258 -1.989028e-06 4.552028e-08)
(0.00192377 -1.914954e-06 4.305504e-08)
(0.001691128 -1.443117e-06 5.373956e-08)
(0.001690651 -1.388769e-06 5.079139e-08)
(0.001690192 -1.336595e-06 4.805192e-08)
(0.00168975 -1.286489e-06 4.554203e-08)
(0.001689324 -1.238386e-06 4.326537e-08)
(0.001373328 -7.83336e-07 5.124198e-08)
(0.001372959 -7.537694e-07 4.867144e-08)
(0.001372604 -7.253988e-07 4.629042e-08)
(0.001372261 -6.981672e-07 4.412392e-08)
(0.001371932 -6.720313e-07 4.216036e-08)
(0.0009459346 -2.928932e-07 4.56552e-08)
(0.0009456981 -2.817824e-07 4.362416e-08)
(0.0009454705 -2.711777e-07 4.173781e-08)
(0.0009452512 -2.610234e-07 4.002517e-08)
(0.0009450401 -2.5128e-07 3.845604e-08)
(0.0003758299 -1.882002e-08 2.695702e-08)
(0.0003757443 -1.808054e-08 2.588602e-08)
(0.0003756618 -1.742661e-08 2.487069e-08)
(0.0003755823 -1.680459e-08 2.394422e-08)
(0.0003755058 -1.621271e-08 2.306219e-08)
(0.002514103 -2.759254e-06 3.820835e-09)
(0.002504386 -4.131731e-06 5.302429e-09)
(0.002505037 -3.99749e-06 5.352061e-09)
(0.002505665 -3.867643e-06 5.407749e-09)
(0.00250627 -3.741969e-06 5.450264e-09)
(0.002506855 -3.620325e-06 5.469205e-09)
(0.002492957 -4.86808e-06 8.361765e-09)
(0.002493406 -4.706549e-06 8.156479e-09)
(0.002493838 -4.550523e-06 7.97105e-09)
(0.002494254 -4.399741e-06 7.784624e-09)
(0.002494653 -4.253924e-06 7.586114e-09)
(0.002474324 -5.302475e-06 1.207429e-08)
(0.002474546 -5.122451e-06 1.154243e-08)
(0.002474758 -4.948796e-06 1.105099e-08)
(0.002474961 -4.781196e-06 1.057769e-08)
(0.002475153 -4.619317e-06 1.011541e-08)
(0.002445268 -5.409878e-06 1.618149e-08)
(0.002445259 -5.221911e-06 1.527529e-08)
(0.002445246 -5.040843e-06 1.443022e-08)
(0.002445231 -4.866316e-06 1.362543e-08)
(0.002445214 -4.697962e-06 1.286151e-08)
(0.002401598 -5.195546e-06 2.023378e-08)
(0.002401373 -5.011038e-06 1.894098e-08)
(0.002401154 -4.833528e-06 1.773333e-08)
(0.002400939 -4.662638e-06 1.659135e-08)
(0.002400729 -4.497996e-06 1.552362e-08)
(0.002337918 -4.697941e-06 2.376116e-08)
(0.002337518 -4.527856e-06 2.211885e-08)
(0.00233713 -4.364399e-06 2.058355e-08)
(0.002336754 -4.2072e-06 1.914155e-08)
(0.002336389 -4.055919e-06 1.78066e-08)
(0.002247285 -3.986015e-06 2.629518e-08)
(0.002246768 -3.839421e-06 2.439733e-08)
(0.002246268 -3.698652e-06 2.262089e-08)
(0.002245784 -3.563378e-06 2.096592e-08)
(0.002245316 -3.433322e-06 1.944752e-08)
(0.002120687 -3.149331e-06 2.77076e-08)
(0.002120119 -3.032146e-06 2.568251e-08)
(0.002119571 -2.919677e-06 2.379035e-08)
(0.002119042 -2.811657e-06 2.204127e-08)
(0.002118531 -2.707886e-06 2.045344e-08)
(0.001946296 -2.284751e-06 2.800278e-08)
(0.001945743 -2.199098e-06 2.600372e-08)
(0.00194521 -2.116909e-06 2.414277e-08)
(0.001944695 -2.037994e-06 2.24411e-08)
(0.0019442 -1.96223e-06 2.091842e-08)
(0.001708494 -1.479499e-06 2.787008e-08)
(0.00170801 -1.423826e-06 2.602998e-08)
(0.001707544 -1.370405e-06 2.432801e-08)
(0.001707095 -1.319124e-06 2.279363e-08)
(0.001706662 -1.269916e-06 2.144113e-08)
(0.001386729 -8.03885e-07 2.696425e-08)
(0.001386355 -7.735829e-07 2.541114e-08)
(0.001385994 -7.445191e-07 2.39865e-08)
(0.001385646 -7.166361e-07 2.272371e-08)
(0.001385312 -6.898897e-07 2.162244e-08)
(0.000954473 -3.012527e-07 2.522084e-08)
(0.0009542333 -2.8985e-07 2.402671e-08)
(0.0009540025 -2.789674e-07 2.293272e-08)
(0.0009537802 -2.68553e-07 2.197254e-08)
(0.000953566 -2.58569e-07 2.11271e-08)
(0.0003787749 -1.967057e-08 1.511443e-08)
(0.0003786882 -1.890231e-08 1.451708e-08)
(0.0003786047 -1.821921e-08 1.395517e-08)
(0.0003785242 -1.757092e-08 1.34592e-08)
(0.0003784466 -1.695752e-08 1.299283e-08)
(0.002526406 -2.787657e-06 3.635047e-09)
(0.002516625 -4.174076e-06 3.231942e-09)
(0.002517283 -4.038528e-06 3.28474e-09)
(0.002517918 -3.907435e-06 3.357615e-09)
(0.002518531 -3.780577e-06 3.422718e-09)
(0.002519122 -3.65781e-06 3.489149e-09)
(0.002505138 -4.918332e-06 3.468749e-09)
(0.002505593 -4.755221e-06 3.381947e-09)
(0.00250603 -4.597693e-06 3.323367e-09)
(0.002506451 -4.445489e-06 3.264366e-09)
(0.002506855 -4.298325e-06 3.208036e-09)
(0.002486404 -5.35768e-06 3.622138e-09)
(0.00248663 -5.175889e-06 3.365218e-09)
(0.002486845 -5.00056e-06 3.146105e-09)
(0.002487051 -4.831376e-06 2.936843e-09)
(0.002487246 -4.667999e-06 2.74015e-09)
(0.002457183 -5.466747e-06 3.594671e-09)
(0.002457174 -5.276931e-06 3.156099e-09)
(0.002457163 -5.094115e-06 2.763031e-09)
(0.002457149 -4.91794e-06 2.391409e-09)
(0.002457133 -4.748029e-06 2.044783e-09)
(0.002413255 -5.250748e-06 3.256387e-09)
(0.002413029 -5.064425e-06 2.64617e-09)
(0.002412809 -4.885205e-06 2.089384e-09)
(0.002412593 -4.712705e-06 1.566582e-09)
(0.002412383 -4.546546e-06 1.083239e-09)
(0.002349192 -4.748456e-06 2.595996e-09)
(0.00234879 -4.576703e-06 1.849305e-09)
(0.002348399 -4.411677e-06 1.161319e-09)
(0.002348021 -4.253007e-06 5.205249e-10)
(0.002347654 -4.100343e-06 -6.531842e-11)
(0.00225801 -4.029461e-06 1.661801e-09)
(0.002257489 -3.88143e-06 8.413222e-10)
(0.002256986 -3.739318e-06 7.720608e-11)
(0.002256499 -3.602788e-06 -6.259757e-10)
(0.002256028 -3.471556e-06 -1.257636e-09)
(0.002130649 -3.184254e-06 7.611167e-10)
(0.002130076 -3.065926e-06 -6.690167e-11)
(0.002129524 -2.952393e-06 -8.387383e-10)
(0.002128991 -2.843381e-06 -1.537861e-09)
(0.002128476 -2.738684e-06 -2.147706e-09)
(0.001955224 -2.310646e-06 1.11943e-10)
(0.001954667 -2.224164e-06 -6.462048e-10)
(0.001954129 -2.141205e-06 -1.349569e-09)
(0.001953611 -2.061575e-06 -1.967167e-09)
(0.001953111 -1.985147e-06 -2.478382e-09)
(0.001716059 -1.496836e-06 4.384647e-10)
(0.001715571 -1.440625e-06 -1.956736e-10)
(0.001715101 -1.386704e-06 -7.739231e-10)
(0.001714649 -1.334962e-06 -1.255362e-09)
(0.001714213 -1.285329e-06 -1.620162e-09)
(0.001392554 -8.136779e-07 1.246301e-09)
(0.001392177 -7.830851e-07 7.975966e-10)
(0.001391813 -7.537506e-07 4.033977e-10)
(0.001391463 -7.256187e-07 1.104592e-10)
(0.001391126 -6.986459e-07 -7.478121e-11)
(0.0009581763 -3.053128e-07 3.631979e-09)
(0.0009579349 -2.937969e-07 3.340192e-09)
(0.0009577024 -2.828052e-07 3.091924e-09)
(0.0009574784 -2.722913e-07 2.932117e-09)
(0.0009572625 -2.622203e-07 2.850079e-09)
(0.0003800498 -2.01705e-08 2.592948e-09)
(0.0003799626 -1.938888e-08 2.503439e-09)
(0.0003798785 -1.868994e-08 2.421927e-09)
(0.0003797975 -1.802873e-08 2.381818e-09)
(0.0003797193 -1.740656e-08 2.351405e-09)
(0.002522929 -2.783426e-06 3.35916e-09)
(0.002513161 -4.166735e-06 1.063443e-09)
(0.002513818 -4.031644e-06 1.11342e-09)
(0.002514452 -3.901003e-06 1.204568e-09)
(0.002515064 -3.774596e-06 1.290752e-09)
(0.002515655 -3.652274e-06 1.407503e-09)
(0.00250169 -4.909668e-06 -1.549914e-09)
(0.002502144 -4.747116e-06 -1.519729e-09)
(0.00250258 -4.590142e-06 -1.447394e-09)
(0.002503 -4.438487e-06 -1.376911e-09)
(0.002503404 -4.29187e-06 -1.286213e-09)
(0.002482982 -5.348245e-06 -4.987649e-09)
(0.002483208 -5.167093e-06 -4.965655e-09)
(0.002483423 -4.992395e-06 -4.904826e-09)
(0.002483628 -4.823839e-06 -4.843778e-09)
(0.002483823 -4.661084e-06 -4.767668e-09)
(0.002453805 -5.457156e-06 -9.182224e-09)
(0.002453796 -5.268025e-06 -9.142827e-09)
(0.002453785 -5.085888e-06 -9.072148e-09)
(0.002453771 -4.910385e-06 -8.999424e-09)
(0.002453755 -4.741142e-06 -8.918581e-09)
(0.002409945 -5.241612e-06 -1.393971e-08)
(0.002409719 -5.055984e-06 -1.385032e-08)
(0.002409499 -4.877452e-06 -1.374026e-08)
(0.002409284 -4.705634e-06 -1.362773e-08)
(0.002409073 -4.540154e-06 -1.351336e-08)
(0.002345983 -4.740316e-06 -1.880906e-08)
(0.002345581 -4.569228e-06 -1.86374e-08)
(0.002345191 -4.404862e-06 -1.845878e-08)
(0.002344812 -4.246846e-06 -1.827765e-08)
(0.002344445 -4.094833e-06 -1.809826e-08)
(0.002254946 -4.022706e-06 -2.322987e-08)
(0.002254426 -3.87527e-06 -2.294668e-08)
(0.002253922 -3.73375e-06 -2.267552e-08)
(0.002253435 -3.59781e-06 -2.240135e-08)
(0.002252964 -3.467165e-06 -2.21275e-08)
(0.002127788 -3.179099e-06 -2.644773e-08)
(0.002127216 -3.06127e-06 -2.604935e-08)
(0.002126664 -2.948233e-06 -2.567628e-08)
(0.002126131 -2.839717e-06 -2.529718e-08)
(0.002125616 -2.735515e-06 -2.49095e-08)
(0.001952643 -2.307047e-06 -2.803824e-08)
(0.001952085 -2.22095e-06 -2.752597e-08)
(0.001951548 -2.138376e-06 -2.704653e-08)
(0.001951029 -2.059132e-06 -2.655233e-08)
(0.001950529 -1.983091e-06 -2.603268e-08)
(0.001713851 -1.494646e-06 -2.725427e-08)
(0.001713364 -1.438703e-06 -2.665413e-08)
(0.001712894 -1.385049e-06 -2.608564e-08)
(0.001712441 -1.333576e-06 -2.54884e-08)
(0.001712004 -1.284214e-06 -2.484958e-08)
(0.001390835 -8.124348e-07 -2.472625e-08)
(0.001390458 -7.820072e-07 -2.404678e-08)
(0.001390094 -7.528347e-07 -2.339095e-08)
(0.001389743 -7.248659e-07 -2.269397e-08)
(0.001389406 -6.980584e-07 -2.195083e-08)
(0.0009570697 -3.049789e-07 -1.813961e-08)
(0.0009568282 -2.935331e-07 -1.751409e-08)
(0.0009565954 -2.826043e-07 -1.69052e-08)
(0.0009563711 -2.721549e-07 -1.625347e-08)
(0.000956155 -2.621527e-07 -1.556576e-08)
(0.0003796649 -2.034298e-08 -1.014953e-08)
(0.0003795776 -1.956285e-08 -9.7214e-09)
(0.0003794934 -1.886088e-08 -9.315242e-09)
(0.0003794122 -1.819912e-08 -8.891116e-09)
(0.000379334 -1.75811e-08 -8.482943e-09)
(0.002503672 -2.746712e-06 3.014358e-09)
(0.002493992 -4.109956e-06 -1.095976e-09)
(0.00249464 -3.977072e-06 -1.05009e-09)
(0.002495265 -3.848567e-06 -9.422319e-10)
(0.002495869 -3.724232e-06 -8.344046e-10)
(0.002496451 -3.603913e-06 -6.67777e-10)
(0.00248261 -4.842386e-06 -6.456208e-09)
(0.002483057 -4.682514e-06 -6.312073e-09)
(0.002483487 -4.528131e-06 -6.112198e-09)
(0.002483901 -4.37898e-06 -5.913985e-09)
(0.002484299 -4.234789e-06 -5.678863e-09)
(0.002464057 -5.274503e-06 -1.335182e-08)
(0.002464279 -5.09637e-06 -1.305747e-08)
(0.00246449 -4.924591e-06 -1.2723e-08)
(0.002464691 -4.758852e-06 -1.239628e-08)
(0.002464883 -4.598824e-06 -1.205311e-08)
(0.002435133 -5.381447e-06 -2.15549e-08)
(0.002435123 -5.195509e-06 -2.104877e-08)
(0.00243511 -5.016454e-06 -2.052465e-08)
(0.002435095 -4.843925e-06 -2.001653e-08)
(0.002435077 -4.677557e-06 -1.951791e-08)
(0.002391666 -5.168469e-06 -3.055754e-08)
(0.002391441 -4.986019e-06 -2.978586e-08)
(0.002391222 -4.810552e-06 -2.902417e-08)
(0.002391007 -4.64169e-06 -2.829032e-08)
(0.002390798 -4.479063e-06 -2.759254e-08)
(0.002328287 -4.673824e-06 -3.946633e-08)
(0.002327888 -4.505707e-06 -3.840057e-08)
(0.002327501 -4.344208e-06 -3.737579e-08)
(0.002327125 -4.188954e-06 -3.639198e-08)
(0.002326761 -4.039606e-06 -3.546669e-08)
(0.002238089 -3.966006e-06 -4.723014e-08)
(0.002237573 -3.821171e-06 -4.587431e-08)
(0.002237073 -3.68216e-06 -4.459321e-08)
(0.00223659 -3.548638e-06 -4.336501e-08)
(0.002236123 -3.420325e-06 -4.220882e-08)
(0.0021121 -3.134066e-06 -5.267154e-08)
(0.002111533 -3.018353e-06 -5.108263e-08)
(0.002110985 -2.907359e-06 -4.959296e-08)
(0.002110456 -2.800813e-06 -4.816196e-08)
(0.002109946 -2.698509e-06 -4.68027e-08)
(0.001938545 -2.274093e-06 -5.517041e-08)
(0.001937992 -2.189581e-06 -5.342573e-08)
(0.001937459 -2.108535e-06 -5.179333e-08)
(0.001936944 -2.030768e-06 -5.02147e-08)
(0.001936448 -1.956149e-06 -4.86923e-08)
(0.001701863 -1.47302e-06 -5.398616e-08)
(0.001701379 -1.41814e-06 -5.218921e-08)
(0.001700913 -1.365511e-06 -5.05025e-08)
(0.001700463 -1.315029e-06 -4.885366e-08)
(0.001700029 -1.266625e-06 -4.723933e-08)
(0.001381562 -8.001956e-07 -4.9837e-08)
(0.001381187 -7.703844e-07 -4.806438e-08)
(0.001380825 -7.418016e-07 -4.638587e-08)
(0.001380477 -7.144029e-07 -4.472523e-08)
(0.001380141 -6.881463e-07 -4.308187e-08)
(0.0009511447 -3.003037e-07 -3.931426e-08)
(0.0009509045 -2.891091e-07 -3.779823e-08)
(0.000950673 -2.784119e-07 -3.635363e-08)
(0.0009504499 -2.681869e-07 -3.491164e-08)
(0.0009502348 -2.584061e-07 -3.347818e-08)
(0.0003776163 -2.025706e-08 -2.265408e-08)
(0.0003775294 -1.949137e-08 -2.172086e-08)
(0.0003774456 -1.879638e-08 -2.083673e-08)
(0.0003773648 -1.814342e-08 -1.995837e-08)
(0.0003772868 -1.754103e-08 -1.91234e-08)
(0.002122075 -2.170824e-07 7.492026e-09)
(0.002122476 -2.07534e-07 3.259138e-09)
(0.002122776 -2.008519e-07 1.447241e-08)
(0.002123276 -1.84979e-07 -3.70246e-08)
(0.002119975 -6.375224e-07 8.686734e-09)
(0.002120348 -6.096335e-07 4.697836e-09)
(0.002120626 -5.901372e-07 1.512719e-08)
(0.00212109 -5.438842e-07 -3.312693e-08)
(0.002115405 -1.012098e-06 1.050529e-08)
(0.002115722 -9.677187e-07 6.953816e-09)
(0.002115958 -9.36558e-07 1.584125e-08)
(0.002116352 -8.634727e-07 -2.606374e-08)
(0.002107613 -1.314318e-06 1.304831e-08)
(0.002107852 -1.256432e-06 1.008641e-08)
(0.00210803 -1.215467e-06 1.681333e-08)
(0.002108328 -1.12132e-06 -1.625293e-08)
(0.002095418 -1.524231e-06 1.640989e-08)
(0.002095566 -1.456785e-06 1.411712e-08)
(0.002095675 -1.408495e-06 1.826844e-08)
(0.002095859 -1.300781e-06 -4.323666e-09)
(0.00207714 -1.630568e-06 2.057267e-08)
(0.00207719 -1.558162e-06 1.896245e-08)
(0.002077226 -1.505479e-06 2.038056e-08)
(0.002077289 -1.392745e-06 8.883144e-09)
(0.002050487 -1.632068e-06 2.540972e-08)
(0.002050444 -1.559567e-06 2.441426e-08)
(0.002050409 -1.505666e-06 2.32193e-08)
(0.002050357 -1.396654e-06 2.236747e-08)
(0.002012394 -1.537769e-06 3.061064e-08)
(0.00201227 -1.469819e-06 3.011275e-08)
(0.002012175 -1.417852e-06 2.669609e-08)
(0.002012024 -1.320542e-06 3.504921e-08)
(0.001958778 -1.365805e-06 3.574373e-08)
(0.001958594 -1.306352e-06 3.557354e-08)
(0.001958453 -1.259165e-06 3.053618e-08)
(0.001958228 -1.179871e-06 4.587498e-08)
(0.001884188 -1.140894e-06 4.026041e-08)
(0.001883968 -1.092747e-06 4.023697e-08)
(0.001883801 -1.052605e-06 3.429743e-08)
(0.001883531 -9.952824e-07 5.39466e-08)
(0.001781293 -8.905189e-07 4.365567e-08)
(0.001781061 -8.550844e-07 4.35852e-08)
(0.001780886 -8.2349e-07 3.744674e-08)
(0.001780602 -7.894558e-07 5.864675e-08)
(0.001640151 -6.41139e-07 4.555515e-08)
(0.001639929 -6.183025e-07 4.525828e-08)
(0.001639763 -5.958492e-07 3.947921e-08)
(0.001639492 -5.838336e-07 5.973494e-08)
(0.001447181 -4.143165e-07 4.579364e-08)
(0.001446987 -4.026264e-07 4.510917e-08)
(0.001446842 -3.890876e-07 3.999615e-08)
(0.001446604 -3.957308e-07 5.735347e-08)
(0.001183718 -2.261041e-07 4.40858e-08)
(0.001183563 -2.228143e-07 4.290873e-08)
(0.001183448 -2.167886e-07 3.847357e-08)
(0.001183256 -2.364122e-07 5.168956e-08)
(0.0008240863 -8.574788e-08 3.854882e-08)
(0.0008239794 -8.749039e-08 3.702856e-08)
(0.0008239035 -8.687747e-08 3.322315e-08)
(0.0008237616 -1.115801e-07 4.197982e-08)
(0.0003334117 -5.793276e-09 2.273334e-08)
(0.0003333652 -7.949068e-09 2.147403e-08)
(0.0003333373 -7.095907e-09 1.856639e-08)
(0.0003332604 -2.081274e-08 2.239741e-08)
(0.002228292 -2.907533e-07 5.996221e-09)
(0.002228801 -2.791133e-07 6.647642e-09)
(0.00222929 -2.67878e-07 7.106904e-09)
(0.002229757 -2.570708e-07 7.532692e-09)
(0.002230209 -2.465409e-07 7.776716e-09)
(0.002230631 -2.367508e-07 8.853612e-09)
(0.002231069 -2.26412e-07 5.106142e-09)
(0.002231398 -2.190818e-07 1.523343e-08)
(0.002231943 -2.01979e-07 -3.109034e-08)
(0.002226236 -8.544197e-07 7.35349e-09)
(0.00222671 -8.201336e-07 7.956249e-09)
(0.002227165 -7.870405e-07 8.35379e-09)
(0.0022276 -7.55278e-07 8.731866e-09)
(0.002228021 -7.243328e-07 8.945889e-09)
(0.002228412 -6.956018e-07 9.94159e-09)
(0.002228819 -6.653694e-07 6.394898e-09)
(0.002229125 -6.439581e-07 1.58241e-08)
(0.002229631 -5.939734e-07 -2.764097e-08)
(0.002221719 -1.358824e-06 9.669259e-09)
(0.002222125 -1.303885e-06 1.011517e-08)
(0.002222514 -1.250874e-06 1.037737e-08)
(0.002222886 -1.200033e-06 1.063466e-08)
(0.002223245 -1.150561e-06 1.076246e-08)
(0.002223579 -1.104663e-06 1.156248e-08)
(0.002223926 -1.056521e-06 8.382078e-09)
(0.002224186 -1.022277e-06 1.642592e-08)
(0.002224617 -9.432001e-07 -2.142519e-08)
(0.002213912 -1.769218e-06 1.303389e-08)
(0.002214223 -1.696856e-06 1.323587e-08)
(0.002214521 -1.627105e-06 1.328276e-08)
(0.002214804 -1.560273e-06 1.333606e-08)
(0.002215077 -1.49535e-06 1.330163e-08)
(0.002215331 -1.435136e-06 1.38071e-08)
(0.002215594 -1.372285e-06 1.112502e-08)
(0.002215791 -1.327226e-06 1.722572e-08)
(0.002216118 -1.22522e-06 -1.279586e-08)
(0.00220152 -2.058535e-06 1.749878e-08)
(0.002201717 -1.973129e-06 1.736575e-08)
(0.002201904 -1.890914e-06 1.712458e-08)
(0.002202082 -1.812231e-06 1.691283e-08)
(0.002202253 -1.735962e-06 1.666633e-08)
(0.002202412 -1.665248e-06 1.678507e-08)
(0.002202576 -1.591929e-06 1.466687e-08)
(0.002202698 -1.538747e-06 1.844848e-08)
(0.002202901 -1.421829e-06 -2.279957e-09)
(0.002182703 -2.210368e-06 2.299774e-08)
(0.002182778 -2.117177e-06 2.246162e-08)
(0.002182847 -2.027613e-06 2.187174e-08)
(0.002182912 -1.942018e-06 2.133228e-08)
(0.002182975 -1.859278e-06 2.080284e-08)
(0.002183031 -1.78258e-06 2.048381e-08)
(0.00218309 -1.703748e-06 1.894953e-08)
(0.002183132 -1.645636e-06 2.027116e-08)
(0.002183205 -1.522971e-06 9.406897e-09)
(0.002154971 -2.221015e-06 2.927368e-08)
(0.002154926 -2.125799e-06 2.829312e-08)
(0.002154881 -2.034459e-06 2.732733e-08)
(0.002154838 -1.947314e-06 2.644337e-08)
(0.002154794 -1.863354e-06 2.561125e-08)
(0.002154753 -1.785543e-06 2.482176e-08)
(0.00215471 -1.70645e-06 2.38139e-08)
(0.002154676 -1.646876e-06 2.278411e-08)
(0.002154624 -1.527878e-06 2.140779e-08)
(0.002115013 -2.100454e-06 3.591675e-08)
(0.002114864 -2.008939e-06 3.449604e-08)
(0.002114719 -1.921343e-06 3.315621e-08)
(0.00211458 -1.837936e-06 3.192034e-08)
(0.002114446 -1.757907e-06 3.075172e-08)
(0.00211432 -1.68375e-06 2.952119e-08)
(0.00211419 -1.60943e-06 2.895351e-08)
(0.002114089 -1.551847e-06 2.59311e-08)
(0.00211393 -1.445148e-06 3.278423e-08)
(0.002058454 -1.87133e-06 4.234172e-08)
(0.002058224 -1.788626e-06 4.052825e-08)
(0.002058004 -1.709671e-06 3.886251e-08)
(0.002057793 -1.634677e-06 3.732536e-08)
(0.002057589 -1.56309e-06 3.585422e-08)
(0.002057399 -1.496771e-06 3.422997e-08)
(0.002057204 -1.431518e-06 3.395652e-08)
(0.002057054 -1.379058e-06 2.948742e-08)
(0.002056815 -1.29154e-06 4.260866e-08)
(0.00197949 -1.566147e-06 4.795524e-08)
(0.001979211 -1.496178e-06 4.583481e-08)
(0.001978944 -1.4296e-06 4.391179e-08)
(0.00197869 -1.366561e-06 4.212413e-08)
(0.001978444 -1.306798e-06 4.036754e-08)
(0.001978216 -1.251454e-06 3.844593e-08)
(0.001977981 -1.198347e-06 3.831989e-08)
(0.001977802 -1.153516e-06 3.305937e-08)
(0.001977515 -1.089554e-06 5.006763e-08)
(0.001870366 -1.222389e-06 5.220071e-08)
(0.001870071 -1.167485e-06 4.988546e-08)
(0.001869789 -1.115466e-06 4.779768e-08)
(0.00186952 -1.066429e-06 4.584289e-08)
(0.001869262 -1.020388e-06 4.386712e-08)
(0.001869021 -9.777958e-07 4.17316e-08)
(0.001868774 -9.384076e-07 4.15728e-08)
(0.001868586 -9.02889e-07 3.615484e-08)
(0.001868284 -8.640268e-07 5.457309e-08)
(0.001720633 -8.774514e-07 5.478083e-08)
(0.001720351 -8.381419e-07 5.237936e-08)
(0.001720082 -8.011221e-07 5.020192e-08)
(0.001719827 -7.664487e-07 4.813211e-08)
(0.00171958 -7.343752e-07 4.59684e-08)
(0.001719351 -7.047781e-07 4.370166e-08)
(0.001719115 -6.790484e-07 4.334316e-08)
(0.001718936 -6.535412e-07 3.826794e-08)
(0.001718648 -6.385387e-07 5.583757e-08)
(0.001516117 -5.628574e-07 5.559731e-08)
(0.001515873 -5.379871e-07 5.318611e-08)
(0.00151564 -5.147845e-07 5.096954e-08)
(0.001515418 -4.932816e-07 4.882744e-08)
(0.001515204 -4.739004e-07 4.652263e-08)
(0.001515005 -4.561195e-07 4.416597e-08)
(0.001514798 -4.425492e-07 4.343523e-08)
(0.001514643 -4.268646e-07 3.896354e-08)
(0.001514391 -4.322125e-07 5.388746e-08)
(0.001237551 -3.030868e-07 5.422374e-08)
(0.001237361 -2.900707e-07 5.187937e-08)
(0.001237179 -2.781281e-07 4.967345e-08)
(0.001237006 -2.672486e-07 4.750149e-08)
(0.001236838 -2.57945e-07 4.510962e-08)
(0.001236683 -2.494622e-07 4.270999e-08)
(0.001236518 -2.451694e-07 4.148991e-08)
(0.001236396 -2.378761e-07 3.761845e-08)
(0.001236192 -2.575652e-07 4.87341e-08)
(0.0008588752 -1.120485e-07 4.810238e-08)
(0.0008587514 -1.074839e-07 4.60129e-08)
(0.0008586325 -1.034674e-07 4.398543e-08)
(0.000858519 -9.993155e-08 4.195942e-08)
(0.0008584076 -9.73762e-08 3.969875e-08)
(0.0008583044 -9.502434e-08 3.744764e-08)
(0.0008581917 -9.645021e-08 3.585207e-08)
(0.0008581114 -9.535911e-08 3.252154e-08)
(0.0008579622 -1.209666e-07 3.951151e-08)
(0.0003455819 -6.798111e-09 2.870424e-08)
(0.0003455353 -6.597206e-09 2.744082e-08)
(0.0003454901 -6.520009e-09 2.616454e-08)
(0.0003454468 -6.43472e-09 2.488637e-08)
(0.0003454031 -6.743347e-09 2.344044e-08)
(0.0003453634 -6.610727e-09 2.19885e-08)
(0.0003453149 -8.806703e-09 2.063603e-08)
(0.0003452854 -7.903698e-09 1.811686e-08)
(0.000345205 -2.225244e-08 2.080559e-08)
(0.002318804 -3.526186e-07 4.704701e-09)
(0.002319423 -3.387834e-07 5.479379e-09)
(0.002320018 -3.254454e-07 6.337306e-09)
(0.00232059 -3.125444e-07 7.210652e-09)
(0.002321138 -3.000854e-07 7.861098e-09)
(0.002321665 -2.880588e-07 8.383368e-09)
(0.002322168 -2.764773e-07 8.885171e-09)
(0.002322656 -2.652048e-07 9.218854e-09)
(0.002323111 -2.547082e-07 9.935929e-09)
(0.002323582 -2.436551e-07 6.936311e-09)
(0.002323938 -2.357449e-07 1.554917e-08)
(0.002324525 -2.17554e-07 -2.414579e-08)
(0.002316777 -1.037027e-06 6.056115e-09)
(0.002317355 -9.962309e-07 6.764589e-09)
(0.002317911 -9.568176e-07 7.56945e-09)
(0.002318443 -9.187371e-07 8.395054e-09)
(0.002318954 -8.820461e-07 8.995501e-09)
(0.002319445 -8.466127e-07 9.455187e-09)
(0.002319913 -8.125869e-07 9.911228e-09)
(0.002320367 -7.794589e-07 1.020466e-08)
(0.00232079 -7.486576e-07 1.085339e-08)
(0.002321228 -7.163055e-07 8.002166e-09)
(0.00232156 -6.931858e-07 1.603267e-08)
(0.002322105 -6.398802e-07 -2.126273e-08)
(0.002312288 -1.651288e-06 8.547843e-09)
(0.002312786 -1.585792e-06 9.094282e-09)
(0.002313264 -1.522557e-06 9.723683e-09)
(0.002313721 -1.461509e-06 1.037119e-08)
(0.00231416 -1.40271e-06 1.082132e-08)
(0.00231458 -1.345939e-06 1.114518e-08)
(0.002314982 -1.291464e-06 1.148454e-08)
(0.00231537 -1.238489e-06 1.168633e-08)
(0.002315731 -1.189265e-06 1.218292e-08)
(0.002316106 -1.137716e-06 9.604617e-09)
(0.002316388 -1.100723e-06 1.646856e-08)
(0.002316853 -1.01631e-06 -1.610615e-08)
(0.002304446 -2.15407e-06 1.224851e-08)
(0.002304832 -2.067579e-06 1.250894e-08)
(0.0023052 -1.984129e-06 1.285826e-08)
(0.002305552 -1.903628e-06 1.323633e-08)
(0.002305889 -1.826161e-06 1.345354e-08)
(0.002306212 -1.751436e-06 1.356465e-08)
(0.002306519 -1.679802e-06 1.370139e-08)
(0.002306816 -1.61025e-06 1.373165e-08)
(0.002307092 -1.545642e-06 1.400455e-08)
(0.002307377 -1.478295e-06 1.179802e-08)
(0.002307592 -1.429585e-06 1.702281e-08)
(0.002307945 -1.320572e-06 -8.955167e-09)
(0.002291859 -2.512351e-06 1.719157e-08)
(0.002292108 -2.409901e-06 1.706459e-08)
(0.002292345 -2.311153e-06 1.702874e-08)
(0.002292571 -2.215999e-06 1.703326e-08)
(0.002292786 -2.124533e-06 1.693497e-08)
(0.002292991 -2.036415e-06 1.676206e-08)
(0.002293186 -1.952035e-06 1.66445e-08)
(0.002293373 -1.870278e-06 1.64606e-08)
(0.002293547 -1.794357e-06 1.643156e-08)
(0.002293726 -1.715712e-06 1.464561e-08)
(0.002293861 -1.658168e-06 1.79115e-08)
(0.002294083 -1.533032e-06 -2.208487e-10)
(0.002272555 -2.7052e-06 2.326506e-08)
(0.002272656 -2.592945e-06 2.26629e-08)
(0.002272751 -2.484868e-06 2.216266e-08)
(0.002272841 -2.38085e-06 2.172286e-08)
(0.002272925 -2.281e-06 2.12464e-08)
(0.002273004 -2.184949e-06 2.073541e-08)
(0.002273078 -2.093098e-06 2.029652e-08)
(0.002273149 -2.004334e-06 1.98309e-08)
(0.002273214 -1.921922e-06 1.947219e-08)
(0.002273281 -1.837255e-06 1.812502e-08)
(0.00227333 -1.774301e-06 1.931212e-08)
(0.002273412 -1.642756e-06 9.529177e-09)
(0.002243872 -2.726519e-06 3.015776e-08)
(0.002243828 -2.611283e-06 2.903262e-08)
(0.002243784 -2.500471e-06 2.801503e-08)
(0.002243741 -2.393969e-06 2.707674e-08)
(0.002243697 -2.291891e-06 2.619168e-08)
(0.002243654 -2.193868e-06 2.531877e-08)
(0.002243612 -2.100278e-06 2.455474e-08)
(0.00224357 -2.010119e-06 2.380436e-08)
(0.00224353 -1.926425e-06 2.308564e-08)
(0.002243488 -1.841337e-06 2.213587e-08)
(0.002243455 -1.776702e-06 2.133657e-08)
(0.002243404 -1.648755e-06 1.960964e-08)
(0.00220229 -2.586667e-06 3.737892e-08)
(0.002202118 -2.475334e-06 3.572989e-08)
(0.002201951 -2.368411e-06 3.419787e-08)
(0.00220179 -2.265804e-06 3.277081e-08)
(0.002201635 -2.167629e-06 3.148606e-08)
(0.002201485 -2.073543e-06 3.026028e-08)
(0.002201341 -1.98388e-06 2.915854e-08)
(0.002201201 -1.897835e-06 2.809498e-08)
(0.00220107 -1.817968e-06 2.706048e-08)
(0.002200935 -1.737845e-06 2.644993e-08)
(0.002200831 -1.67525e-06 2.397281e-08)
(0.002200665 -1.560117e-06 2.926017e-08)
(0.002143178 -2.311708e-06 4.428551e-08)
(0.002142906 -2.210504e-06 4.217731e-08)
(0.002142645 -2.113444e-06 4.018005e-08)
(0.002142394 -2.020459e-06 3.830623e-08)
(0.002142153 -1.931662e-06 3.667541e-08)
(0.002141922 -1.846766e-06 3.514623e-08)
(0.002141701 -1.766044e-06 3.376993e-08)
(0.002141487 -1.688951e-06 3.244651e-08)
(0.002141287 -1.617402e-06 3.112969e-08)
(0.002141082 -1.546853e-06 3.074898e-08)
(0.002140924 -1.489682e-06 2.706248e-08)
(0.002140673 -1.394756e-06 3.771633e-08)
(0.00206043 -1.940432e-06 5.028422e-08)
(0.002060096 -1.854212e-06 4.78033e-08)
(0.002059776 -1.771657e-06 4.543251e-08)
(0.002059469 -1.692724e-06 4.321104e-08)
(0.002059176 -1.617513e-06 4.131674e-08)
(0.002058894 -1.54582e-06 3.955588e-08)
(0.002058626 -1.477848e-06 3.794824e-08)
(0.002058368 -1.413343e-06 3.638254e-08)
(0.002058127 -1.353491e-06 3.487917e-08)
(0.002057879 -1.295843e-06 3.461818e-08)
(0.00205769 -1.246819e-06 3.028595e-08)
(0.002057387 -1.176851e-06 4.428642e-08)
(0.001945925 -1.518508e-06 5.476726e-08)
(0.001945569 -1.450283e-06 5.20705e-08)
(0.001945229 -1.385072e-06 4.946459e-08)
(0.001944903 -1.322863e-06 4.701558e-08)
(0.001944592 -1.263746e-06 4.496518e-08)
(0.001944294 -1.20761e-06 4.30624e-08)
(0.001944011 -1.154603e-06 4.131321e-08)
(0.001943738 -1.104741e-06 3.958393e-08)
(0.001943484 -1.058515e-06 3.794461e-08)
(0.001943222 -1.015498e-06 3.765311e-08)
(0.001943024 -9.764634e-07 3.321606e-08)
(0.001942705 -9.332087e-07 4.843819e-08)
(0.001788784 -1.092392e-06 5.747894e-08)
(0.001788443 -1.043012e-06 5.471984e-08)
(0.001788117 -9.959194e-07 5.201911e-08)
(0.001787806 -9.511191e-07 4.947687e-08)
(0.001787509 -9.086828e-07 4.736484e-08)
(0.001787225 -8.686071e-07 4.538937e-08)
(0.001786956 -8.309842e-07 4.354258e-08)
(0.001786695 -7.960687e-07 4.166677e-08)
(0.001786454 -7.637641e-07 3.995492e-08)
(0.001786204 -7.353724e-07 3.948606e-08)
(0.001786015 -7.071221e-07 3.536758e-08)
(0.001785712 -6.893751e-07 4.985047e-08)
(0.001574343 -7.019452e-07 5.845767e-08)
(0.001574048 -6.702398e-07 5.573533e-08)
(0.001573766 -6.400963e-07 5.303484e-08)
(0.001573496 -6.115172e-07 5.048422e-08)
(0.001573239 -5.845581e-07 4.836826e-08)
(0.001572993 -5.593146e-07 4.636253e-08)
(0.001572759 -5.358377e-07 4.445883e-08)
(0.001572534 -5.145477e-07 4.247722e-08)
(0.001572324 -4.949528e-07 4.068944e-08)
(0.001572106 -4.796478e-07 3.987532e-08)
(0.001571942 -4.620296e-07 3.628337e-08)
(0.001571677 -4.661553e-07 4.843012e-08)
(0.001282862 -3.785044e-07 5.719267e-08)
(0.001282634 -3.615749e-07 5.458666e-08)
(0.001282415 -3.455526e-07 5.197527e-08)
(0.001282206 -3.304194e-07 4.951067e-08)
(0.001282007 -3.162208e-07 4.744663e-08)
(0.001281816 -3.03122e-07 4.545114e-08)
(0.001281634 -2.911195e-07 4.352576e-08)
(0.001281457 -2.8072e-07 4.146119e-08)
(0.001281293 -2.712063e-07 3.961584e-08)
(0.001281121 -2.65985e-07 3.833764e-08)
(0.001280992 -2.575457e-07 3.525639e-08)
(0.001280778 -2.772495e-07 4.400183e-08)
(0.0008880316 -1.402718e-07 5.096408e-08)
(0.0008878836 -1.341365e-07 4.865722e-08)
(0.0008877423 -1.283816e-07 4.633591e-08)
(0.0008876068 -1.229658e-07 4.415125e-08)
(0.0008874771 -1.179334e-07 4.229724e-08)
(0.0008873526 -1.134533e-07 4.046127e-08)
(0.0008872338 -1.0946e-07 3.866485e-08)
(0.0008871173 -1.064478e-07 3.669516e-08)
(0.0008870091 -1.036881e-07 3.49183e-08)
(0.0008868914 -1.048153e-07 3.325706e-08)
(0.0008868069 -1.0329e-07 3.061379e-08)
(0.0008866513 -1.296866e-07 3.561554e-08)
(0.0003557354 -8.657546e-09 3.036634e-08)
(0.0003556805 -8.327022e-09 2.89911e-08)
(0.0003556279 -8.041357e-09 2.760541e-08)
(0.0003555772 -7.771487e-09 2.630753e-08)
(0.0003555286 -7.532874e-09 2.51809e-08)
(0.0003554816 -7.414707e-09 2.402429e-08)
(0.0003554366 -7.285059e-09 2.289064e-08)
(0.0003553911 -7.547099e-09 2.16028e-08)
(0.0003553498 -7.387102e-09 2.045383e-08)
(0.0003552994 -9.611496e-09 1.902668e-08)
(0.0003552685 -8.671087e-09 1.705916e-08)
(0.0003551849 -2.357236e-08 1.843883e-08)
(0.00239357 -4.048653e-07 3.879006e-09)
(0.002394283 -3.891315e-07 4.899377e-09)
(0.002394968 -3.739735e-07 5.780687e-09)
(0.002395626 -3.593467e-07 6.530278e-09)
(0.002396258 -3.452502e-07 7.377232e-09)
(0.002396865 -3.3163e-07 8.217001e-09)
(0.002397448 -3.184647e-07 8.90027e-09)
(0.002398008 -3.057576e-07 9.545006e-09)
(0.002398543 -2.935168e-07 1.008513e-08)
(0.002399061 -2.816107e-07 1.052069e-08)
(0.002399546 -2.704954e-07 1.088339e-08)
(0.002400046 -2.588375e-07 8.880606e-09)
(0.002400426 -2.504271e-07 1.540896e-08)
(0.00240105 -2.313227e-07 -1.62813e-08)
(0.002391566 -1.190918e-06 5.239864e-09)
(0.002392232 -1.144741e-06 6.084968e-09)
(0.002392872 -1.100096e-06 6.885989e-09)
(0.002393487 -1.056977e-06 7.571865e-09)
(0.002394077 -1.015316e-06 8.365314e-09)
(0.002394643 -9.751002e-07 9.154415e-09)
(0.002395187 -9.363199e-07 9.784784e-09)
(0.002395709 -8.988835e-07 1.036867e-08)
(0.002396207 -8.62925e-07 1.086641e-08)
(0.00239669 -8.279395e-07 1.125721e-08)
(0.002397141 -7.953231e-07 1.157455e-08)
(0.002397607 -7.611767e-07 9.655604e-09)
(0.00239796 -7.365901e-07 1.575176e-08)
(0.00239854 -6.804752e-07 -1.407289e-08)
(0.002387097 -1.898114e-06 7.559999e-09)
(0.002387673 -1.823818e-06 8.238575e-09)
(0.002388226 -1.752079e-06 8.88972e-09)
(0.002388756 -1.682848e-06 9.428407e-09)
(0.002389264 -1.616004e-06 1.005742e-08)
(0.002389752 -1.551529e-06 1.068127e-08)
(0.002390219 -1.489376e-06 1.116857e-08)
(0.002390667 -1.429386e-06 1.161754e-08)
(0.002391095 -1.371811e-06 1.200671e-08)
(0.002391508 -1.315853e-06 1.229811e-08)
(0.002391894 -1.263712e-06 1.251779e-08)
(0.002392293 -1.209279e-06 1.075511e-08)
(0.002392595 -1.169926e-06 1.597693e-08)
(0.00239309 -1.080996e-06 -1.017017e-08)
(0.002379223 -2.479353e-06 1.113103e-08)
(0.002379671 -2.381063e-06 1.150155e-08)
(0.002380101 -2.286234e-06 1.186606e-08)
(0.002380512 -2.194795e-06 1.214029e-08)
(0.002380905 -2.106565e-06 1.250977e-08)
(0.002381282 -2.02153e-06 1.288477e-08)
(0.002381642 -1.939624e-06 1.315332e-08)
(0.002381987 -1.860644e-06 1.339198e-08)
(0.002382315 -1.784912e-06 1.359513e-08)
(0.002382632 -1.711418e-06 1.371406e-08)
(0.002382928 -1.642956e-06 1.378433e-08)
(0.002383232 -1.571798e-06 1.223318e-08)
(0.002383463 -1.519957e-06 1.622326e-08)
(0.002383841 -1.405004e-06 -4.771439e-09)
(0.00236647 -2.896716e-06 1.591818e-08)
(0.002366764 -2.780015e-06 1.58699e-08)
(0.002367044 -2.66754e-06 1.583758e-08)
(0.002367311 -2.559202e-06 1.575652e-08)
(0.002367566 -2.45477e-06 1.577133e-08)
(0.002367809 -2.35423e-06 1.580752e-08)
(0.002368041 -2.257494e-06 1.578329e-08)
(0.002368262 -2.164326e-06 1.574468e-08)
(0.002368472 -2.075085e-06 1.571258e-08)
(0.002368673 -1.988655e-06 1.561553e-08)
(0.002368861 -1.908161e-06 1.548488e-08)
(0.002369054 -1.825002e-06 1.417244e-08)
(0.002369199 -1.763718e-06 1.668902e-08)
(0.002369438 -1.631604e-06 1.840647e-09)
(0.002346757 -3.125296e-06 2.178925e-08)
(0.002346882 -2.997088e-06 2.122926e-08)
(0.002347 -2.873667e-06 2.071837e-08)
(0.002347112 -2.754926e-06 2.020469e-08)
(0.002347217 -2.640592e-06 1.979646e-08)
(0.002347316 -2.530655e-06 1.943133e-08)
(0.002347409 -2.425012e-06 1.905898e-08)
(0.002347498 -2.323411e-06 1.869269e-08)
(0.00234758 -2.226222e-06 1.836917e-08)
(0.002347659 -2.132327e-06 1.800579e-08)
(0.002347731 -2.044894e-06 1.765545e-08)
(0.002347805 -1.955276e-06 1.659373e-08)
(0.00234786 -1.888174e-06 1.754784e-08)
(0.002347951 -1.749074e-06 9.266272e-09)
(0.002317279 -3.156777e-06 2.843278e-08)
(0.002317238 -3.02481e-06 2.729816e-08)
(0.002317197 -2.897917e-06 2.624747e-08)
(0.002317155 -2.775986e-06 2.526479e-08)
(0.002317113 -2.658721e-06 2.439107e-08)
(0.002317071 -2.54612e-06 2.358561e-08)
(0.00231703 -2.43807e-06 2.284281e-08)
(0.002316989 -2.33433e-06 2.213058e-08)
(0.002316948 -2.235244e-06 2.151223e-08)
(0.002316907 -2.139802e-06 2.088245e-08)
(0.002316869 -2.050934e-06 2.029966e-08)
(0.002316828 -1.960756e-06 1.946693e-08)
(0.002316796 -1.891788e-06 1.89337e-08)
(0.002316746 -1.756208e-06 1.701858e-08)
(0.002274339 -3.001633e-06 3.533402e-08)
(0.00227415 -2.873793e-06 3.362359e-08)
(0.002273966 -2.75101e-06 3.204328e-08)
(0.002273789 -2.633172e-06 3.059713e-08)
(0.002273618 -2.519982e-06 2.926825e-08)
(0.002273452 -2.411459e-06 2.803697e-08)
(0.002273292 -2.307484e-06 2.693718e-08)
(0.002273138 -2.207848e-06 2.589126e-08)
(0.00227299 -2.112851e-06 2.497503e-08)
(0.002272846 -2.02168e-06 2.407373e-08)
(0.00227271 -1.936783e-06 2.329568e-08)
(0.002272571 -1.851729e-06 2.266412e-08)
(0.002272464 -1.784845e-06 2.08876e-08)
(0.002272292 -1.662498e-06 2.454789e-08)
(0.002213094 -2.688695e-06 4.187383e-08)
(0.002212788 -2.572151e-06 3.965575e-08)
(0.002212495 -2.46036e-06 3.760456e-08)
(0.002212212 -2.353207e-06 3.575938e-08)
(0.00221194 -2.250414e-06 3.402579e-08)
(0.00221168 -2.152024e-06 3.241749e-08)
(0.002211429 -2.057918e-06 3.101591e-08)
(0.002211188 -1.967943e-06 2.96888e-08)
(0.002210958 -1.882339e-06 2.853386e-08)
(0.002210736 -1.800553e-06 2.741558e-08)
(0.002210528 -1.724388e-06 2.647802e-08)
(0.002210314 -1.649336e-06 2.598575e-08)
(0.00221015 -1.588137e-06 2.333392e-08)
(0.002209888 -1.486849e-06 3.12884e-08)
(0.002129819 -2.956192e-06 6.732413e-08)
(0.002129332 -2.827738e-06 6.33258e-08)
(0.002128866 -2.704719e-06 5.965474e-08)
(0.002128418 -2.586866e-06 5.627045e-08)
(0.002127988 -2.473959e-06 5.315187e-08)
(0.002127576 -2.365716e-06 5.023615e-08)
(0.00212718 -2.261945e-06 4.753554e-08)
(0.002126801 -2.162397e-06 4.492146e-08)
(0.002126438 -2.066975e-06 4.248424e-08)
(0.00212609 -1.975642e-06 4.032211e-08)
(0.002125756 -1.888158e-06 3.827652e-08)
(0.002125436 -1.804581e-06 3.638633e-08)
(0.00212513 -1.724802e-06 3.476326e-08)
(0.002124836 -1.648737e-06 3.322646e-08)
(0.002124556 -1.576563e-06 3.188046e-08)
(0.002124286 -1.508015e-06 3.058027e-08)
(0.002124034 -1.444175e-06 2.955508e-08)
(0.002123776 -1.382661e-06 2.913662e-08)
(0.002123578 -1.330053e-06 2.605077e-08)
(0.002123261 -1.254903e-06 3.670414e-08)
(0.002011027 -2.326677e-06 7.292263e-08)
(0.002010499 -2.224231e-06 6.860967e-08)
(0.002009994 -2.126192e-06 6.467101e-08)
(0.00200951 -2.032349e-06 6.10499e-08)
(0.002009046 -1.942493e-06 5.772165e-08)
(0.002008602 -1.856411e-06 5.461213e-08)
(0.002008178 -1.773942e-06 5.173021e-08)
(0.002007771 -1.694921e-06 4.889656e-08)
(0.002007383 -1.619258e-06 4.623233e-08)
(0.002007011 -1.546927e-06 4.389331e-08)
(0.002006655 -1.477757e-06 4.166366e-08)
(0.002006315 -1.41182e-06 3.960453e-08)
(0.002005989 -1.349029e-06 3.785901e-08)
(0.002005678 -1.289377e-06 3.620021e-08)
(0.002005382 -1.232986e-06 3.474461e-08)
(0.002005097 -1.179866e-06 3.333221e-08)
(0.002004831 -1.130418e-06 3.225468e-08)
(0.002004558 -1.084305e-06 3.180483e-08)
(0.002004349 -1.042265e-06 2.870148e-08)
(0.002004016 -9.951944e-07 4.034524e-08)
(0.0018476 -1.681717e-06 7.548028e-08)
(0.001847089 -1.60689e-06 7.115482e-08)
(0.0018466 -1.535355e-06 6.721835e-08)
(0.001846132 -1.466941e-06 6.359996e-08)
(0.001845685 -1.401475e-06 6.027606e-08)
(0.001845258 -1.33881e-06 5.716272e-08)
(0.00184485 -1.278821e-06 5.426094e-08)
(0.00184446 -1.2214e-06 5.136264e-08)
(0.001844087 -1.166491e-06 4.864491e-08)
(0.001843731 -1.11407e-06 4.62773e-08)
(0.001843391 -1.064039e-06 4.39931e-08)
(0.001843066 -1.016473e-06 4.188038e-08)
(0.001842755 -9.713108e-07 4.009349e-08)
(0.001842459 -9.286227e-07 3.837734e-08)
(0.001842177 -8.884847e-07 3.685303e-08)
(0.001841905 -8.511433e-07 3.534637e-08)
(0.001841652 -8.164342e-07 3.42449e-08)
(0.001841391 -7.857648e-07 3.364776e-08)
(0.001841193 -7.551706e-07 3.08446e-08)
(0.001840876 -7.350115e-07 4.187079e-08)
(0.001624538 -1.084477e-06 7.546031e-08)
(0.001624092 -1.03585e-06 7.138027e-08)
(0.001623666 -9.894495e-07 6.766625e-08)
(0.001623259 -9.451307e-07 6.423683e-08)
(0.00162287 -9.027585e-07 6.107581e-08)
(0.001622499 -8.622369e-07 5.809515e-08)
(0.001622144 -8.23485e-07 5.529864e-08)
(0.001621806 -7.864435e-07 5.246905e-08)
(0.001621483 -7.510581e-07 4.980092e-08)
(0.001621174 -7.173207e-07 4.74773e-08)
(0.00162088 -6.852083e-07 4.521215e-08)
(0.001620599 -6.547777e-07 4.310809e-08)
(0.00162033 -6.25998e-07 4.132159e-08)
(0.001620073 -5.990063e-07 3.958506e-08)
(0.001619829 -5.738432e-07 3.802231e-08)
(0.001619593 -5.509237e-07 3.643959e-08)
(0.001619374 -5.297156e-07 3.52825e-08)
(0.001619147 -5.129199e-07 3.438818e-08)
(0.001618975 -4.936498e-07 3.201896e-08)
(0.001618698 -4.966693e-07 4.106766e-08)
(0.00132181 -5.860222e-07 7.2727e-08)
(0.001321464 -5.595922e-07 6.907257e-08)
(0.001321134 -5.34491e-07 6.572537e-08)
(0.001320819 -5.105718e-07 6.260069e-08)
(0.001320518 -4.877326e-07 5.96973e-08)
(0.001320231 -4.659159e-07 5.692754e-08)
(0.001319957 -4.450731e-07 5.429998e-08)
(0.001319696 -4.251804e-07 5.161443e-08)
(0.001319446 -4.061904e-07 4.908678e-08)
(0.001319207 -3.881036e-07 4.687079e-08)
(0.00131898 -3.709529e-07 4.469201e-08)
(0.001318762 -3.547625e-07 4.266063e-08)
(0.001318554 -3.395343e-07 4.091426e-08)
(0.001318355 -3.254409e-07 3.919296e-08)
(0.001318166 -3.124766e-07 3.761881e-08)
(0.001317982 -3.011444e-07 3.596325e-08)
(0.001317811 -2.907164e-07 3.473498e-08)
(0.001317631 -2.846906e-07 3.342849e-08)
(0.001317497 -2.752753e-07 3.145224e-08)
(0.001317274 -2.949478e-07 3.756695e-08)
(0.0009130114 -2.172856e-07 6.445923e-08)
(0.0009127894 -2.074748e-07 6.142711e-08)
(0.0009125775 -1.982684e-07 5.861465e-08)
(0.0009123751 -1.895193e-07 5.594605e-08)
(0.0009121819 -1.811674e-07 5.344218e-08)
(0.0009119974 -1.731938e-07 5.102172e-08)
(0.0009118212 -1.655827e-07 4.870813e-08)
(0.000911653 -1.583279e-07 4.634413e-08)
(0.0009114923 -1.51384e-07 4.41237e-08)
(0.0009113385 -1.447814e-07 4.215447e-08)
(0.0009111916 -1.385601e-07 4.02139e-08)
(0.0009110508 -1.327135e-07 3.839945e-08)
(0.000910916 -1.272731e-07 3.682136e-08)
(0.0009107867 -1.223892e-07 3.523959e-08)
(0.0009106632 -1.180025e-07 3.377087e-08)
(0.0009105422 -1.146079e-07 3.216118e-08)
(0.0009104298 -1.114913e-07 3.093075e-08)
(0.0009103079 -1.123499e-07 2.925109e-08)
(0.0009102198 -1.104598e-07 2.756672e-08)
(0.0009100585 -1.375084e-07 3.03498e-08)
(0.0003644281 -1.333078e-08 3.830823e-08)
(0.0003643473 -1.275847e-08 3.655009e-08)
(0.00036427 -1.226883e-08 3.491088e-08)
(0.0003641961 -1.178857e-08 3.333447e-08)
(0.0003641255 -1.132658e-08 3.185058e-08)
(0.0003640579 -1.08799e-08 3.040074e-08)
(0.0003639933 -1.046139e-08 2.901768e-08)
(0.0003639314 -1.00576e-08 2.761581e-08)
(0.0003638722 -9.662742e-09 2.631078e-08)
(0.0003638154 -9.292386e-09 2.513782e-08)
(0.000363761 -8.959356e-09 2.397881e-08)
(0.0003637086 -8.65073e-09 2.289318e-08)
(0.0003636583 -8.377854e-09 2.193434e-08)
(0.0003636097 -8.221276e-09 2.093879e-08)
(0.0003635632 -8.053288e-09 2.001608e-08)
(0.0003635163 -8.278687e-09 1.893144e-08)
(0.0003634734 -8.09983e-09 1.813619e-08)
(0.0003634216 -1.033569e-08 1.666655e-08)
(0.0003633893 -9.376715e-09 1.543838e-08)
(0.0003633029 -2.473312e-08 1.532388e-08)
(0.002452917 -4.412016e-07 3.859668e-09)
(0.002453694 -4.240094e-07 4.896537e-09)
(0.002454441 -4.0755e-07 5.854483e-09)
(0.002455159 -3.916978e-07 6.659957e-09)
(0.002455849 -3.764219e-07 7.419217e-09)
(0.002456512 -3.617231e-07 8.274533e-09)
(0.002457149 -3.475164e-07 9.107947e-09)
(0.00245776 -3.337824e-07 9.845187e-09)
(0.002458348 -3.205285e-07 1.058721e-08)
(0.00245891 -3.077546e-07 1.113852e-08)
(0.002459454 -2.953405e-07 1.174529e-08)
(0.002459963 -2.837316e-07 1.174115e-08)
(0.002460488 -2.715966e-07 1.093218e-08)
(0.002460889 -2.627774e-07 1.475264e-08)
(0.002461544 -2.42963e-07 -7.562132e-09)
(0.002449368 -1.402868e-06 3.431789e-09)
(0.002450155 -1.349146e-06 4.195152e-09)
(0.002450911 -1.297315e-06 5.069109e-09)
(0.002451638 -1.247366e-06 5.920925e-09)
(0.002452337 -1.199143e-06 6.713883e-09)
(0.002453009 -1.152533e-06 7.453557e-09)
(0.002453654 -1.107502e-06 8.153413e-09)
(0.002454273 -1.064018e-06 8.952903e-09)
(0.002454867 -1.022043e-06 9.736333e-09)
(0.002455438 -9.815771e-07 1.041862e-08)
(0.002455986 -9.425269e-07 1.110415e-08)
(0.00245651 -9.050133e-07 1.161695e-08)
(0.002457017 -8.685387e-07 1.21756e-08)
(0.002457491 -8.344668e-07 1.215645e-08)
(0.00245798 -7.98903e-07 1.135675e-08)
(0.002458353 -7.731181e-07 1.493348e-08)
(0.002458962 -7.148042e-07 -6.12416e-09)
(0.002442856 -2.516972e-06 4.358249e-09)
(0.002443629 -2.4208e-06 4.977237e-09)
(0.00244437 -2.327956e-06 5.469076e-09)
(0.002445083 -2.238424e-06 5.904021e-09)
(0.002445766 -2.152137e-06 6.361365e-09)
(0.002446423 -2.068847e-06 6.95021e-09)
(0.002447053 -1.988419e-06 7.597996e-09)
(0.002447658 -1.910808e-06 8.243416e-09)
(0.002448238 -1.835905e-06 8.857207e-09)
(0.002448795 -1.763602e-06 9.426771e-09)
(0.002449329 -1.69383e-06 1.007727e-08)
(0.002449842 -1.626531e-06 1.071016e-08)
(0.002450333 -1.561672e-06 1.125956e-08)
(0.002450804 -1.499091e-06 1.181647e-08)
(0.002451254 -1.439021e-06 1.223458e-08)
(0.002451689 -1.380673e-06 1.268395e-08)
(0.002452095 -1.326192e-06 1.262911e-08)
(0.002452514 -1.269479e-06 1.184808e-08)
(0.002452833 -1.228201e-06 1.49215e-08)
(0.002453354 -1.13573e-06 -3.653249e-09)
(0.002435663 -3.299682e-06 8.814927e-09)
(0.002436274 -3.171756e-06 9.032616e-09)
(0.002436859 -3.048416e-06 9.205764e-09)
(0.00243742 -2.929533e-06 9.351735e-09)
(0.002437957 -2.814948e-06 9.529485e-09)
(0.002438472 -2.70446e-06 9.841448e-09)
(0.002438965 -2.59792e-06 1.02066e-08)
(0.002439437 -2.49523e-06 1.058341e-08)
(0.002439889 -2.39621e-06 1.09461e-08)
(0.002440322 -2.300702e-06 1.127752e-08)
(0.002440736 -2.208595e-06 1.169344e-08)
(0.002441132 -2.119821e-06 1.210236e-08)
(0.002441512 -2.034335e-06 1.245149e-08)
(0.002441875 -1.95193e-06 1.28097e-08)
(0.002442222 -1.8729e-06 1.306801e-08)
(0.002442556 -1.796249e-06 1.334024e-08)
(0.002442868 -1.724697e-06 1.322176e-08)
(0.002443189 -1.650526e-06 1.246301e-08)
(0.002443433 -1.596132e-06 1.482299e-08)
(0.002443831 -1.476516e-06 -2.576754e-10)
(0.002423646 -3.872882e-06 1.480137e-08)
(0.002424058 -3.719892e-06 1.455184e-08)
(0.002424451 -3.5726e-06 1.429418e-08)
(0.002424826 -3.430806e-06 1.403691e-08)
(0.002425184 -3.294304e-06 1.381967e-08)
(0.002425525 -3.162833e-06 1.373086e-08)
(0.002425851 -3.036185e-06 1.370663e-08)
(0.002426162 -2.914235e-06 1.371707e-08)
(0.002426459 -2.796768e-06 1.373309e-08)
(0.002426742 -2.683586e-06 1.374592e-08)
(0.002427011 -2.574545e-06 1.384571e-08)
(0.002427269 -2.469563e-06 1.395496e-08)
(0.002427514 -2.368577e-06 1.403994e-08)
(0.002427749 -2.271344e-06 1.413942e-08)
(0.002427971 -2.178195e-06 1.419453e-08)
(0.002428185 -2.088021e-06 1.424505e-08)
(0.002428384 -2.003864e-06 1.403826e-08)
(0.002428589 -1.917133e-06 1.330282e-08)
(0.002428744 -1.852804e-06 1.480857e-08)
(0.002428997 -1.715198e-06 3.919803e-09)
(0.002404564 -4.200332e-06 2.217943e-08)
(0.002404756 -4.031004e-06 2.133571e-08)
(0.002404936 -3.868196e-06 2.052684e-08)
(0.002405107 -3.711657e-06 1.976098e-08)
(0.002405268 -3.561135e-06 1.905979e-08)
(0.00240542 -3.416329e-06 1.84846e-08)
(0.002405563 -3.276999e-06 1.798659e-08)
(0.002405698 -3.143e-06 1.755691e-08)
(0.002405826 -3.014077e-06 1.716005e-08)
(0.002405946 -2.89e-06 1.678972e-08)
(0.00240606 -2.770595e-06 1.651564e-08)
(0.002406167 -2.655773e-06 1.627316e-08)
(0.002406268 -2.545458e-06 1.604691e-08)
(0.002406364 -2.439394e-06 1.584485e-08)
(0.002406453 -2.337915e-06 1.565407e-08)
(0.002406539 -2.23991e-06 1.544808e-08)
(0.002406618 -2.148456e-06 1.514461e-08)
(0.002406698 -2.054919e-06 1.443781e-08)
(0.002406758 -1.984446e-06 1.504222e-08)
(0.002406857 -1.83938e-06 8.665628e-09)
(0.002375414 -4.266167e-06 3.050403e-08)
(0.002375383 -4.090562e-06 2.898287e-08)
(0.00237535 -3.921933e-06 2.754701e-08)
(0.002375315 -3.760004e-06 2.620517e-08)
(0.002375279 -3.60449e-06 2.495978e-08)
(0.002375242 -3.45506e-06 2.383948e-08)
(0.002375204 -3.31145e-06 2.281528e-08)
(0.002375166 -3.173495e-06 2.189483e-08)
(0.002375127 -3.040924e-06 2.103904e-08)
(0.002375087 -2.913484e-06 2.02577e-08)
(0.002375048 -2.790989e-06 1.957895e-08)
(0.002375008 -2.673354e-06 1.895896e-08)
(0.002374968 -2.560492e-06 1.840731e-08)
(0.002374929 -2.452156e-06 1.78922e-08)
(0.002374889 -2.348656e-06 1.745437e-08)
(0.002374851 -2.248983e-06 1.699456e-08)
(0.002374813 -2.155975e-06 1.659536e-08)
(0.002374774 -2.061762e-06 1.591845e-08)
(0.002374743 -1.989281e-06 1.567811e-08)
(0.002374694 -1.847653e-06 1.371556e-08)
(0.00233226 -4.079019e-06 3.906332e-08)
(0.002332026 -3.907711e-06 3.683999e-08)
(0.0023318 -3.743411e-06 3.475828e-08)
(0.00233158 -3.585821e-06 3.282752e-08)
(0.002331367 -3.434649e-06 3.103091e-08)
(0.002331161 -3.28955e-06 2.936004e-08)
(0.002330961 -3.150263e-06 2.78095e-08)
(0.002330767 -3.0166e-06 2.640914e-08)
(0.00233058 -2.888301e-06 2.511175e-08)
(0.002330399 -2.765111e-06 2.393171e-08)
(0.002330223 -2.646846e-06 2.286392e-08)
(0.002330054 -2.533436e-06 2.18862e-08)
(0.002329891 -2.424793e-06 2.102628e-08)
(0.002329733 -2.3207e-06 2.021571e-08)
(0.002329581 -2.221423e-06 1.953769e-08)
(0.002329434 -2.126146e-06 1.884002e-08)
(0.002329296 -2.037229e-06 1.837356e-08)
(0.002329153 -1.948261e-06 1.773575e-08)
(0.002329043 -1.87791e-06 1.681569e-08)
(0.002328867 -1.749819e-06 1.876001e-08)
(0.002270002 -3.673112e-06 4.695787e-08)
(0.002269607 -3.515999e-06 4.409189e-08)
(0.002269226 -3.365483e-06 4.142806e-08)
(0.002268859 -3.221254e-06 3.896831e-08)
(0.002268506 -3.083045e-06 3.668689e-08)
(0.002268166 -2.950515e-06 3.453935e-08)
(0.002267839 -2.823421e-06 3.25534e-08)
(0.002267524 -2.701553e-06 3.07345e-08)
(0.002267221 -2.584722e-06 2.905154e-08)
(0.00226693 -2.472676e-06 2.753348e-08)
(0.00226665 -2.365246e-06 2.61288e-08)
(0.002266381 -2.262386e-06 2.48461e-08)
(0.002266123 -2.164013e-06 2.373367e-08)
(0.002265875 -2.069963e-06 2.268155e-08)
(0.002265637 -1.980445e-06 2.181724e-08)
(0.002265408 -1.894901e-06 2.093724e-08)
(0.002265193 -1.815052e-06 2.043504e-08)
(0.002264973 -1.736419e-06 1.983105e-08)
(0.002264803 -1.671972e-06 1.847419e-08)
(0.002264532 -1.565592e-06 2.346361e-08)
(0.002182011 -3.105098e-06 5.330616e-08)
(0.002181509 -2.970174e-06 4.995384e-08)
(0.002181027 -2.841034e-06 4.687355e-08)
(0.002180565 -2.717397e-06 4.402221e-08)
(0.002180121 -2.599016e-06 4.141e-08)
(0.002179696 -2.485593e-06 3.895966e-08)
(0.002179288 -2.376922e-06 3.671222e-08)
(0.002178896 -2.27275e-06 3.454467e-08)
(0.002178521 -2.17301e-06 3.2566e-08)
(0.00217816 -2.077476e-06 3.07978e-08)
(0.002177815 -1.986012e-06 2.914915e-08)
(0.002177484 -1.898592e-06 2.765324e-08)
(0.002177168 -1.815145e-06 2.636484e-08)
(0.002176864 -1.735576e-06 2.514165e-08)
(0.002176574 -1.660036e-06 2.414036e-08)
(0.002176295 -1.58825e-06 2.312893e-08)
(0.002176034 -1.521233e-06 2.263659e-08)
(0.002175767 -1.456639e-06 2.205584e-08)
(0.002175561 -1.401149e-06 2.054901e-08)
(0.002175233 -1.321821e-06 2.747679e-08)
(0.002059596 -2.445597e-06 5.755445e-08)
(0.002059051 -2.337959e-06 5.39567e-08)
(0.002058529 -2.235013e-06 5.067034e-08)
(0.002058029 -2.136537e-06 4.763485e-08)
(0.00205755 -2.0423e-06 4.486348e-08)
(0.002057092 -1.952075e-06 4.226119e-08)
(0.002056653 -1.865684e-06 3.987603e-08)
(0.002056233 -1.782958e-06 3.756427e-08)
(0.00205583 -1.703836e-06 3.541234e-08)
(0.002055445 -1.628137e-06 3.35134e-08)
(0.002055077 -1.555773e-06 3.173516e-08)
(0.002054725 -1.486747e-06 3.012799e-08)
(0.002054388 -1.42101e-06 2.875305e-08)
(0.002054066 -1.35854e-06 2.743953e-08)
(0.002053759 -1.299441e-06 2.636973e-08)
(0.002053463 -1.243711e-06 2.528898e-08)
(0.002053187 -1.191698e-06 2.482236e-08)
(0.002052905 -1.143113e-06 2.421484e-08)
(0.002052688 -1.098664e-06 2.281646e-08)
(0.002052342 -1.048486e-06 3.045638e-08)
(0.001891258 -1.769377e-06 5.951439e-08)
(0.00189073 -1.690722e-06 5.593303e-08)
(0.001890225 -1.615571e-06 5.267657e-08)
(0.001889742 -1.543742e-06 4.966912e-08)
(0.001889281 -1.475048e-06 4.69274e-08)
(0.001888839 -1.409328e-06 4.434463e-08)
(0.001888417 -1.346446e-06 4.196389e-08)
(0.001888014 -1.286288e-06 3.961441e-08)
(0.001887628 -1.228822e-06 3.746132e-08)
(0.001887259 -1.173907e-06 3.556128e-08)
(0.001886907 -1.121509e-06 3.376563e-08)
(0.00188657 -1.071648e-06 3.214314e-08)
(0.001886249 -1.0243e-06 3.074912e-08)
(0.001885942 -9.795184e-07 2.940107e-08)
(0.001885649 -9.37367e-07 2.829563e-08)
(0.001885367 -8.980812e-07 2.716577e-08)
(0.001885105 -8.614624e-07 2.67208e-08)
(0.001884836 -8.289679e-07 2.601053e-08)
(0.00188463 -7.965029e-07 2.490151e-08)
(0.0018843 -7.743494e-07 3.205582e-08)
(0.001661687 -1.142709e-06 5.967878e-08)
(0.001661227 -1.091546e-06 5.633212e-08)
(0.001660787 -1.042749e-06 5.329277e-08)
(0.001660367 -9.961668e-07 5.047093e-08)
(0.001659965 -9.516528e-07 4.789221e-08)
(0.001659582 -9.091018e-07 4.544401e-08)
(0.001659215 -8.684245e-07 4.317514e-08)
(0.001658866 -8.295524e-07 4.091867e-08)
(0.001658532 -7.924601e-07 3.881977e-08)
(0.001658212 -7.570586e-07 3.696759e-08)
(0.001657908 -7.233614e-07 3.520746e-08)
(0.001657616 -6.913909e-07 3.360927e-08)
(0.001657338 -6.6115e-07 3.222331e-08)
(0.001657073 -6.327547e-07 3.086595e-08)
(0.00165682 -6.062403e-07 2.973926e-08)
(0.001656576 -5.820137e-07 2.856157e-08)
(0.001656348 -5.595289e-07 2.808236e-08)
(0.001656114 -5.415324e-07 2.71428e-08)
(0.001655935 -5.209534e-07 2.635859e-08)
(0.001655648 -5.230234e-07 3.194366e-08)
(0.001350572 -6.189482e-07 5.781524e-08)
(0.001350216 -5.910848e-07 5.485148e-08)
(0.001349876 -5.646295e-07 5.214711e-08)
(0.001349551 -5.394314e-07 4.960334e-08)
(0.00134924 -5.153805e-07 4.726151e-08)
(0.001348944 -4.92413e-07 4.50064e-08)
(0.001348661 -4.704756e-07 4.289414e-08)
(0.001348392 -4.495331e-07 4.076279e-08)
(0.001348134 -4.295656e-07 3.879183e-08)
(0.001347887 -4.105332e-07 3.703115e-08)
(0.001347652 -3.92476e-07 3.535131e-08)
(0.001347427 -3.754053e-07 3.38141e-08)
(0.001347212 -3.593478e-07 3.24604e-08)
(0.001347006 -3.444521e-07 3.111757e-08)
(0.00134681 -3.307152e-07 2.998348e-08)
(0.00134662 -3.186354e-07 2.874775e-08)
(0.001346443 -3.074905e-07 2.819263e-08)
(0.001346258 -3.008119e-07 2.691335e-08)
(0.001346118 -2.906367e-07 2.637289e-08)
(0.001345889 -3.102375e-07 2.955424e-08)
(0.0009314061 -2.30603e-07 5.178632e-08)
(0.0009311777 -2.202079e-07 4.933903e-08)
(0.0009309597 -2.104516e-07 4.707954e-08)
(0.0009307515 -2.011829e-07 4.491024e-08)
(0.0009305526 -1.923381e-07 4.289626e-08)
(0.0009303627 -1.838936e-07 4.092471e-08)
(0.0009301813 -1.758319e-07 3.906665e-08)
(0.000930008 -1.681347e-07 3.71916e-08)
(0.0009298422 -1.607872e-07 3.544375e-08)
(0.0009296837 -1.538038e-07 3.386963e-08)
(0.0009295322 -1.472101e-07 3.237081e-08)
(0.000929387 -1.410056e-07 3.098454e-08)
(0.000929248 -1.352313e-07 2.975274e-08)
(0.0009291146 -1.300166e-07 2.851177e-08)
(0.0009289872 -1.253128e-07 2.744507e-08)
(0.0009288625 -1.216136e-07 2.621557e-08)
(0.0009287464 -1.182243e-07 2.559671e-08)
(0.0009286211 -1.188582e-07 2.39599e-08)
(0.0009285298 -1.167001e-07 2.351781e-08)
(0.0009283637 -1.442462e-07 2.381145e-08)
(0.0003707926 -1.458167e-08 3.085248e-08)
(0.0003707097 -1.395199e-08 2.943077e-08)
(0.0003706305 -1.34088e-08 2.812336e-08)
(0.0003705547 -1.287938e-08 2.683983e-08)
(0.0003704822 -1.236872e-08 2.565559e-08)
(0.0003704128 -1.187652e-08 2.447142e-08)
(0.0003703465 -1.141138e-08 2.336922e-08)
(0.000370283 -1.095996e-08 2.224802e-08)
(0.0003702221 -1.05248e-08 2.122219e-08)
(0.0003701637 -1.012175e-08 2.028617e-08)
(0.0003701078 -9.75167e-09 1.939195e-08)
(0.000370054 -9.41092e-09 1.85558e-08)
(0.0003700024 -9.107566e-09 1.780739e-08)
(0.0003699525 -8.916305e-09 1.702146e-08)
(0.0003699046 -8.718264e-09 1.635287e-08)
(0.0003698564 -8.913092e-09 1.549266e-08)
(0.0003698124 -8.726868e-09 1.510279e-08)
(0.0003697593 -1.095863e-08 1.362569e-08)
(0.0003697257 -1.000762e-08 1.333121e-08)
(0.0003696371 -2.570763e-08 1.150534e-08)
(0.002497084 -4.565196e-07 4.859552e-09)
(0.002497888 -4.387641e-07 5.812205e-09)
(0.002498661 -4.217438e-07 6.674617e-09)
(0.002499405 -4.053384e-07 7.437528e-09)
(0.00250012 -3.895692e-07 8.223469e-09)
(0.002500807 -3.744389e-07 9.093703e-09)
(0.002501467 -3.59815e-07 9.935679e-09)
(0.002502101 -3.456703e-07 1.069453e-08)
(0.00250271 -3.320128e-07 1.149837e-08)
(0.002503293 -3.188505e-07 1.203312e-08)
(0.002503858 -3.060649e-07 1.28523e-08)
(0.002504386 -2.940923e-07 1.243417e-08)
(0.00250493 -2.816198e-07 1.303955e-08)
(0.002505348 -2.724894e-07 1.350263e-08)
(0.002506027 -2.521948e-07 1.978558e-09)
(0.002493445 -1.451412e-06 4.075083e-09)
(0.002494259 -1.395883e-06 4.790594e-09)
(0.002495042 -1.342343e-06 5.616689e-09)
(0.002495795 -1.290809e-06 6.416004e-09)
(0.002496519 -1.241043e-06 7.150655e-09)
(0.002497215 -1.192941e-06 7.864206e-09)
(0.002497883 -1.146492e-06 8.597426e-09)
(0.002498525 -1.101661e-06 9.410158e-09)
(0.002499142 -1.058395e-06 1.020271e-08)
(0.002499733 -1.016694e-06 1.091e-08)
(0.002500301 -9.76464e-07 1.166364e-08)
(0.002500845 -9.378137e-07 1.216714e-08)
(0.002501372 -9.002603e-07 1.293357e-08)
(0.002501864 -8.651218e-07 1.253914e-08)
(0.002502371 -8.285589e-07 1.306774e-08)
(0.00250276 -8.018612e-07 1.351741e-08)
(0.002503392 -7.420463e-07 2.562395e-09)
(0.002486776 -2.60427e-06 4.276966e-09)
(0.002487576 -2.50475e-06 4.805034e-09)
(0.002488345 -2.408708e-06 5.268189e-09)
(0.002489082 -2.316134e-06 5.700804e-09)
(0.002489791 -2.22697e-06 6.165933e-09)
(0.002490471 -2.140945e-06 6.746252e-09)
(0.002491124 -2.057938e-06 7.358979e-09)
(0.002491751 -1.977827e-06 7.962732e-09)
(0.002492353 -1.900527e-06 8.571323e-09)
(0.002492931 -1.825947e-06 9.192892e-09)
(0.002493485 -1.754011e-06 9.876761e-09)
(0.002494016 -1.684641e-06 1.053736e-08)
(0.002494526 -1.617797e-06 1.112802e-08)
(0.002495015 -1.553323e-06 1.176494e-08)
(0.002495483 -1.491429e-06 1.219298e-08)
(0.002495935 -1.43135e-06 1.283994e-08)
(0.002496357 -1.375157e-06 1.24818e-08)
(0.002496792 -1.316836e-06 1.286722e-08)
(0.002497125 -1.274093e-06 1.326795e-08)
(0.002497666 -1.1792e-06 3.44005e-09)
(0.002479452 -3.414731e-06 7.314863e-09)
(0.002480086 -3.282337e-06 7.519782e-09)
(0.002480693 -3.154738e-06 7.717714e-09)
(0.002481275 -3.031801e-06 7.908573e-09)
(0.002481832 -2.913363e-06 8.135924e-09)
(0.002482366 -2.799217e-06 8.480202e-09)
(0.002482878 -2.689243e-06 8.856505e-09)
(0.002483368 -2.583235e-06 9.237944e-09)
(0.002483838 -2.481042e-06 9.634846e-09)
(0.002484287 -2.382519e-06 1.00492e-08)
(0.002484718 -2.287548e-06 1.052888e-08)
(0.00248513 -2.196032e-06 1.099456e-08)
(0.002485525 -2.107923e-06 1.141219e-08)
(0.002485903 -2.023015e-06 1.187062e-08)
(0.002486264 -1.941579e-06 1.217345e-08)
(0.002486612 -1.862643e-06 1.263614e-08)
(0.002486937 -1.788831e-06 1.231585e-08)
(0.00248727 -1.712532e-06 1.250107e-08)
(0.002487526 -1.656201e-06 1.282338e-08)
(0.00248794 -1.533383e-06 4.604349e-09)
(0.002467202 -4.008827e-06 1.135952e-08)
(0.002467631 -3.850454e-06 1.119168e-08)
(0.00246804 -3.698048e-06 1.103938e-08)
(0.00246843 -3.551393e-06 1.09006e-08)
(0.002468803 -3.410278e-06 1.080233e-08)
(0.002469159 -3.274435e-06 1.081444e-08)
(0.002469498 -3.143687e-06 1.086784e-08)
(0.002469822 -3.01778e-06 1.094653e-08)
(0.002470132 -2.896534e-06 1.105329e-08)
(0.002470427 -2.779766e-06 1.119307e-08)
(0.002470708 -2.667322e-06 1.140269e-08)
(0.002470977 -2.559085e-06 1.161343e-08)
(0.002471233 -2.454987e-06 1.18069e-08)
(0.002471478 -2.354787e-06 1.203741e-08)
(0.002471711 -2.258787e-06 1.218042e-08)
(0.002471935 -2.165905e-06 1.241621e-08)
(0.002472143 -2.079071e-06 1.213585e-08)
(0.002472357 -1.989814e-06 1.208927e-08)
(0.002472519 -1.923184e-06 1.231639e-08)
(0.002472784 -1.781788e-06 6.063856e-09)
(0.002447732 -4.348929e-06 1.631023e-08)
(0.002447933 -4.173608e-06 1.567541e-08)
(0.002448123 -4.005114e-06 1.50803e-08)
(0.002448303 -3.843181e-06 1.452945e-08)
(0.002448473 -3.687546e-06 1.403475e-08)
(0.002448633 -3.537902e-06 1.364711e-08)
(0.002448784 -3.394045e-06 1.331407e-08)
(0.002448927 -3.25568e-06 1.303628e-08)
(0.002449062 -3.122592e-06 1.280253e-08)
(0.00244919 -2.994567e-06 1.26166e-08)
(0.00244931 -2.871421e-06 1.251029e-08)
(0.002449424 -2.753024e-06 1.242545e-08)
(0.002449531 -2.639293e-06 1.235973e-08)
(0.002449632 -2.529975e-06 1.232977e-08)
(0.002449728 -2.425371e-06 1.228575e-08)
(0.002449819 -2.324394e-06 1.227193e-08)
(0.002449903 -2.230007e-06 1.20374e-08)
(0.002449989 -2.133692e-06 1.175643e-08)
(0.002450053 -2.060682e-06 1.189367e-08)
(0.002450158 -1.911475e-06 7.808697e-09)
(0.002417966 -4.418422e-06 2.184264e-08)
(0.002417938 -4.236565e-06 2.067929e-08)
(0.002417908 -4.062018e-06 1.958492e-08)
(0.002417876 -3.894482e-06 1.857246e-08)
(0.002417843 -3.733661e-06 1.763773e-08)
(0.002417808 -3.579219e-06 1.680929e-08)
(0.002417773 -3.430928e-06 1.605417e-08)
(0.002417736 -3.288462e-06 1.538529e-08)
(0.002417699 -3.15159e-06 1.477992e-08)
(0.002417662 -3.020081e-06 1.424992e-08)
(0.002417624 -2.893735e-06 1.380896e-08)
(0.002417586 -2.77242e-06 1.341561e-08)
(0.002417547 -2.656045e-06 1.308576e-08)
(0.002417509 -2.544363e-06 1.279312e-08)
(0.002417472 -2.437651e-06 1.256502e-08)
(0.002417434 -2.334921e-06 1.231102e-08)
(0.002417398 -2.238897e-06 1.213215e-08)
(0.00241736 -2.14182e-06 1.164252e-08)
(0.002417329 -2.066709e-06 1.172472e-08)
(0.002417282 -1.920849e-06 9.819474e-09)
(0.002373879 -4.226e-06 2.745534e-08)
(0.002373642 -4.048566e-06 2.575071e-08)
(0.002373413 -3.878473e-06 2.414864e-08)
(0.00237319 -3.715405e-06 2.267093e-08)
(0.002372974 -3.559056e-06 2.12974e-08)
(0.002372764 -3.409075e-06 2.003202e-08)
(0.002372561 -3.265235e-06 1.88647e-08)
(0.002372365 -3.127188e-06 1.782357e-08)
(0.002372175 -2.994713e-06 1.686931e-08)
(0.002371991 -2.867576e-06 1.601276e-08)
(0.002371813 -2.745581e-06 1.52573e-08)
(0.002371641 -2.628606e-06 1.457968e-08)
(0.002371475 -2.51656e-06 1.400813e-08)
(0.002371314 -2.409227e-06 1.347684e-08)
(0.00237116 -2.306842e-06 1.308107e-08)
(0.002371011 -2.2086e-06 1.261931e-08)
(0.00237087 -2.116761e-06 1.251654e-08)
(0.002370725 -2.025008e-06 1.18711e-08)
(0.002370612 -1.952076e-06 1.196773e-08)
(0.002370433 -1.819931e-06 1.205254e-08)
(0.002310256 -3.806887e-06 3.255694e-08)
(0.002309852 -3.644136e-06 3.036394e-08)
(0.002309463 -3.488293e-06 2.831403e-08)
(0.002309089 -3.339038e-06 2.642621e-08)
(0.002308728 -3.196081e-06 2.467761e-08)
(0.002308381 -3.059076e-06 2.304471e-08)
(0.002308046 -2.927812e-06 2.154729e-08)
(0.002307725 -2.801942e-06 2.018913e-08)
(0.002307415 -2.681296e-06 1.893978e-08)
(0.002307117 -2.565648e-06 1.781392e-08)
(0.002306831 -2.454816e-06 1.679655e-08)
(0.002306556 -2.348704e-06 1.588924e-08)
(0.002306292 -2.247227e-06 1.513136e-08)
(0.002306038 -2.15022e-06 1.441626e-08)
(0.002305795 -2.057867e-06 1.390103e-08)
(0.00230556 -1.969611e-06 1.329167e-08)
(0.00230534 -1.88709e-06 1.328365e-08)
(0.002305115 -1.805901e-06 1.254192e-08)
(0.00230494 -1.739054e-06 1.274353e-08)
(0.002304662 -1.629039e-06 1.44306e-08)
(0.002220326 -3.219585e-06 3.658268e-08)
(0.002219812 -3.079806e-06 3.403479e-08)
(0.00221932 -2.946084e-06 3.16782e-08)
(0.002218847 -2.81813e-06 2.950011e-08)
(0.002218392 -2.695675e-06 2.750675e-08)
(0.002217956 -2.578412e-06 2.564481e-08)
(0.002217538 -2.466112e-06 2.394202e-08)
(0.002217137 -2.35853e-06 2.233228e-08)
(0.002216752 -2.255528e-06 2.088192e-08)
(0.002216383 -2.156912e-06 1.957718e-08)
(0.002216029 -2.062536e-06 1.838744e-08)
(0.00221569 -1.972327e-06 1.733648e-08)
(0.002215365 -1.88622e-06 1.646355e-08)
(0.002215054 -1.804114e-06 1.563243e-08)
(0.002214756 -1.726139e-06 1.50454e-08)
(0.002214469 -1.652018e-06 1.435044e-08)
(0.002214201 -1.582701e-06 1.44553e-08)
(0.002213927 -1.515901e-06 1.367286e-08)
(0.002213716 -1.458298e-06 1.407784e-08)
(0.002213378 -1.375946e-06 1.68164e-08)
(0.002095227 -2.537123e-06 3.925469e-08)
(0.002094668 -2.425597e-06 3.654429e-08)
(0.002094134 -2.318987e-06 3.405315e-08)
(0.002093621 -2.217061e-06 3.175534e-08)
(0.002093131 -2.119572e-06 2.966131e-08)
(0.002092661 -2.026283e-06 2.770105e-08)
(0.00209221 -1.937002e-06 2.591246e-08)
(0.00209178 -1.851552e-06 2.422314e-08)
(0.002091367 -1.769821e-06 2.267866e-08)
(0.002090972 -1.691657e-06 2.129459e-08)
(0.002090594 -1.616962e-06 2.003014e-08)
(0.002090232 -1.545701e-06 1.892352e-08)
(0.002089887 -1.477831e-06 1.801168e-08)
(0.002089556 -1.413325e-06 1.713408e-08)
(0.00208924 -1.352269e-06 1.652749e-08)
(0.002088936 -1.294657e-06 1.580444e-08)
(0.002088652 -1.240795e-06 1.601105e-08)
(0.002088362 -1.190429e-06 1.520394e-08)
(0.002088139 -1.144231e-06 1.587746e-08)
(0.002087783 -1.091762e-06 1.899416e-08)
(0.001923252 -1.836929e-06 4.05321e-08)
(0.001922712 -1.755414e-06 3.787067e-08)
(0.001922195 -1.677569e-06 3.54374e-08)
(0.0019217 -1.603205e-06 3.319545e-08)
(0.001921227 -1.532122e-06 3.115675e-08)
(0.001920774 -1.464149e-06 2.924247e-08)
(0.001920341 -1.399141e-06 2.748696e-08)
(0.001919927 -1.336977e-06 2.580824e-08)
(0.001919531 -1.277582e-06 2.429841e-08)
(0.001919153 -1.220846e-06 2.293838e-08)
(0.001918791 -1.166724e-06 2.16895e-08)
(0.001918446 -1.115206e-06 2.060198e-08)
(0.001918116 -1.066278e-06 1.970141e-08)
(0.0019178 -1.019984e-06 1.881952e-08)
(0.001917499 -9.763799e-07 1.821361e-08)
(0.001917209 -9.356904e-07 1.748248e-08)
(0.001916939 -8.976996e-07 1.775474e-08)
(0.001916663 -8.638822e-07 1.689819e-08)
(0.00191645 -8.300787e-07 1.78535e-08)
(0.001916111 -8.064098e-07 2.062422e-08)
(0.001688873 -1.187658e-06 4.094399e-08)
(0.001688401 -1.134604e-06 3.849843e-08)
(0.001687951 -1.084026e-06 3.626826e-08)
(0.001687521 -1.035767e-06 3.420212e-08)
(0.001687109 -9.89671e-07 3.231977e-08)
(0.001686716 -9.45626e-07 3.053689e-08)
(0.001686341 -9.035358e-07 2.889387e-08)
(0.001685982 -8.63325e-07 2.73135e-08)
(0.001685639 -8.249433e-07 2.587121e-08)
(0.001685312 -7.88328e-07 2.456369e-08)
(0.001684999 -7.534767e-07 2.336137e-08)
(0.0016847 -7.203962e-07 2.231125e-08)
(0.001684415 -6.890985e-07 2.14297e-08)
(0.001684142 -6.596877e-07 2.055068e-08)
(0.001683881 -6.321973e-07 1.993992e-08)
(0.001683631 -6.07025e-07 1.918862e-08)
(0.001683397 -5.836286e-07 1.94447e-08)
(0.001683156 -5.647541e-07 1.844413e-08)
(0.001682972 -5.432596e-07 1.959566e-08)
(0.001682677 -5.445594e-07 2.125919e-08)
(0.001371582 -6.443884e-07 4.015533e-08)
(0.001371218 -6.154591e-07 3.803356e-08)
(0.00137087 -5.879986e-07 3.60894e-08)
(0.001370538 -5.618537e-07 3.42615e-08)
(0.00137022 -5.369085e-07 3.258156e-08)
(0.001369917 -5.13094e-07 3.096404e-08)
(0.001369627 -4.903537e-07 2.945551e-08)
(0.00136935 -4.686457e-07 2.798252e-08)
(0.001369086 -4.479398e-07 2.66415e-08)
(0.001368833 -4.282166e-07 2.540702e-08)
(0.001368592 -4.09499e-07 2.427313e-08)
(0.001368361 -3.917946e-07 2.327207e-08)
(0.001368141 -3.75136e-07 2.241234e-08)
(0.00136793 -3.596575e-07 2.154103e-08)
(0.001367728 -3.45362e-07 2.092128e-08)
(0.001367533 -3.327404e-07 2.012754e-08)
(0.001367351 -3.210922e-07 2.030408e-08)
(0.001367161 -3.139313e-07 1.905907e-08)
(0.001367018 -3.032514e-07 2.027322e-08)
(0.001366782 -3.227333e-07 2.013702e-08)
(0.0009448165 -2.409262e-07 3.684229e-08)
(0.0009445833 -2.300953e-07 3.510295e-08)
(0.0009443606 -2.199283e-07 3.348607e-08)
(0.0009441477 -2.102726e-07 3.192759e-08)
(0.0009439444 -2.010618e-07 3.048091e-08)
(0.0009437502 -1.922685e-07 2.906086e-08)
(0.0009435646 -1.838747e-07 2.772768e-08)
(0.0009433872 -1.758569e-07 2.64204e-08)
(0.0009432175 -1.682055e-07 2.521438e-08)
(0.0009430552 -1.609403e-07 2.409898e-08)
(0.0009429 -1.540746e-07 2.308108e-08)
(0.0009427514 -1.476116e-07 2.216377e-08)
(0.0009426091 -1.415921e-07 2.136444e-08)
(0.0009424724 -1.361338e-07 2.05396e-08)
(0.0009423417 -1.311997e-07 1.993626e-08)
(0.0009422139 -1.27279e-07 1.911064e-08)
(0.0009420948 -1.237079e-07 1.916187e-08)
(0.0009419668 -1.24169e-07 1.759081e-08)
(0.0009418726 -1.21863e-07 1.866633e-08)
(0.0009417027 -1.497279e-07 1.613167e-08)
(0.0003754247 -1.557731e-08 2.213095e-08)
(0.0003753402 -1.490324e-08 2.111721e-08)
(0.0003752594 -1.431746e-08 2.018274e-08)
(0.0003751821 -1.375016e-08 1.925955e-08)
(0.0003751081 -1.320119e-08 1.841032e-08)
(0.0003750374 -1.267436e-08 1.755599e-08)
(0.0003749697 -1.217301e-08 1.676551e-08)
(0.0003749048 -1.168782e-08 1.5978e-08)
(0.0003748427 -1.122268e-08 1.526679e-08)
(0.0003747831 -1.079285e-08 1.460469e-08)
(0.000374726 -1.039494e-08 1.399919e-08)
(0.000374671 -1.002971e-08 1.343861e-08)
(0.0003746183 -9.702373e-09 1.294865e-08)
(0.0003745673 -9.482952e-09 1.24124e-08)
(0.0003745183 -9.264009e-09 1.203308e-08)
(0.0003744692 -9.433394e-09 1.141582e-08)
(0.0003744241 -9.252486e-09 1.147639e-08)
(0.0003743701 -1.146373e-08 1.000881e-08)
(0.0003743353 -1.055334e-08 1.084092e-08)
(0.0003742449 -2.647317e-08 7.041798e-09)
(0.002527478 1.085418e-06 9.402444e-09)
(0.002528082 1.043073e-06 1.031741e-08)
(0.002528663 1.002186e-06 1.124328e-08)
(0.00252922 9.628292e-07 1.166526e-08)
(0.002529758 9.246493e-07 1.257389e-08)
(0.002530262 8.889073e-07 1.171683e-08)
(0.00253078 8.518354e-07 1.382041e-08)
(0.002531178 8.245927e-07 1.042181e-08)
(0.002531825 7.639023e-07 1.114614e-08)
(0.002528457 4.017927e-07 8.448037e-09)
(0.002529159 3.864701e-07 9.413802e-09)
(0.002529833 3.716315e-07 1.040198e-08)
(0.002530482 3.571424e-07 1.122687e-08)
(0.002531105 3.431493e-07 1.205686e-08)
(0.002531703 3.297451e-07 1.252918e-08)
(0.002532281 3.167729e-07 1.354363e-08)
(0.002532823 3.046545e-07 1.261679e-08)
(0.002533379 2.920742e-07 1.487287e-08)
(0.002533808 2.828938e-07 1.122698e-08)
(0.002534504 2.62018e-07 1.209172e-08)
(0.002525354 -4.668471e-07 5.809939e-09)
(0.002526176 -4.487341e-07 6.63172e-09)
(0.002526968 -4.313459e-07 7.434472e-09)
(0.002527729 -4.14567e-07 8.179582e-09)
(0.00252846 -3.984776e-07 8.957127e-09)
(0.002529163 -3.830842e-07 9.817391e-09)
(0.002529839 -3.682138e-07 1.065374e-08)
(0.002530489 -3.538216e-07 1.141081e-08)
(0.002531113 -3.399226e-07 1.225398e-08)
(0.002531711 -3.265222e-07 1.27499e-08)
(0.00253229 -3.135171e-07 1.380122e-08)
(0.002532832 -3.013243e-07 1.290042e-08)
(0.00253339 -2.886677e-07 1.516632e-08)
(0.00253382 -2.793253e-07 1.15321e-08)
(0.002534517 -2.588023e-07 1.237677e-08)
(0.002521654 -1.483927e-06 4.684046e-09)
(0.002522488 -1.427244e-06 5.308343e-09)
(0.002523289 -1.372619e-06 6.044523e-09)
(0.00252406 -1.320065e-06 6.777376e-09)
(0.0025248 -1.269328e-06 7.487478e-09)
(0.002525512 -1.220294e-06 8.191279e-09)
(0.002526197 -1.172963e-06 8.927388e-09)
(0.002526854 -1.127301e-06 9.734498e-09)
(0.002527485 -1.083245e-06 1.052554e-08)
(0.002528091 -1.040793e-06 1.123986e-08)
(0.002528674 -9.99849e-07 1.204281e-08)
(0.002529232 -9.605124e-07 1.251729e-08)
(0.002529772 -9.223212e-07 1.351067e-08)
(0.002530278 -8.865282e-07 1.267876e-08)
(0.002530797 -8.494175e-07 1.476929e-08)
(0.002531197 -8.220976e-07 1.140231e-08)
(0.002531847 -7.615585e-07 1.203039e-08)
(0.002514883 -2.662479e-06 4.095336e-09)
(0.002515702 -2.560801e-06 4.509081e-09)
(0.002516488 -2.462705e-06 4.931507e-09)
(0.002517243 -2.368185e-06 5.346488e-09)
(0.002517968 -2.277189e-06 5.803392e-09)
(0.002518664 -2.189434e-06 6.349753e-09)
(0.002519333 -2.104771e-06 6.91985e-09)
(0.002519975 -2.023089e-06 7.513382e-09)
(0.002520592 -1.944294e-06 8.13026e-09)
(0.002521183 -1.8683e-06 8.777307e-09)
(0.002521751 -1.79503e-06 9.481695e-09)
(0.002522296 -1.724393e-06 1.016536e-08)
(0.002522818 -1.656342e-06 1.078489e-08)
(0.00252332 -1.590725e-06 1.148671e-08)
(0.0025238 -1.527732e-06 1.190953e-08)
(0.002524264 -1.466632e-06 1.277299e-08)
(0.002524698 -1.40939e-06 1.206029e-08)
(0.002525144 -1.350185e-06 1.381729e-08)
(0.002525487 -1.306447e-06 1.095097e-08)
(0.002526043 -1.210377e-06 1.116364e-08)
(0.002507475 -3.491469e-06 5.543025e-09)
(0.002508124 -3.356197e-06 5.727652e-09)
(0.002508746 -3.225868e-06 5.948167e-09)
(0.002509342 -3.100341e-06 6.178358e-09)
(0.002509913 -2.979453e-06 6.448447e-09)
(0.002510461 -2.862993e-06 6.808842e-09)
(0.002510985 -2.750812e-06 7.197609e-09)
(0.002511488 -2.642721e-06 7.618227e-09)
(0.002511969 -2.538551e-06 8.066768e-09)
(0.00251243 -2.43816e-06 8.546007e-09)
(0.002512872 -2.341425e-06 9.08358e-09)
(0.002513295 -2.248236e-06 9.607139e-09)
(0.0025137 -2.158532e-06 1.008696e-08)
(0.002514089 -2.072117e-06 1.063689e-08)
(0.002514459 -1.989233e-06 1.097497e-08)
(0.002514817 -1.908948e-06 1.164663e-08)
(0.002515152 -1.833756e-06 1.108954e-08)
(0.002515495 -1.756285e-06 1.238485e-08)
(0.002515758 -1.698646e-06 1.020801e-08)
(0.002516185 -1.574252e-06 9.882959e-09)
(0.002495075 -4.099555e-06 7.419825e-09)
(0.002495515 -3.937719e-06 7.340771e-09)
(0.002495935 -3.782035e-06 7.304688e-09)
(0.002496336 -3.632279e-06 7.291941e-09)
(0.002496719 -3.488232e-06 7.319698e-09)
(0.002497085 -3.349627e-06 7.431077e-09)
(0.002497433 -3.216246e-06 7.574621e-09)
(0.002497766 -3.087859e-06 7.760126e-09)
(0.002498084 -2.964262e-06 7.981042e-09)
(0.002498388 -2.845275e-06 8.24168e-09)
(0.002498678 -2.730739e-06 8.564292e-09)
(0.002498954 -2.62052e-06 8.884988e-09)
(0.002499218 -2.514535e-06 9.189293e-09)
(0.00249947 -2.412552e-06 9.549636e-09)
(0.00249971 -2.31484e-06 9.780722e-09)
(0.002499941 -2.220362e-06 1.022094e-08)
(0.002500157 -2.131899e-06 9.851019e-09)
(0.002500377 -2.041244e-06 1.061215e-08)
(0.002500546 -1.973073e-06 9.257523e-09)
(0.002500819 -1.829781e-06 8.360868e-09)
(0.002475355 -4.448175e-06 9.664982e-09)
(0.002475563 -4.269002e-06 9.265578e-09)
(0.00247576 -4.09687e-06 8.912664e-09)
(0.002475946 -3.9315e-06 8.601264e-09)
(0.002476122 -3.772621e-06 8.336988e-09)
(0.002476288 -3.619926e-06 8.152777e-09)
(0.002476444 -3.473164e-06 8.009976e-09)
(0.002476593 -3.332067e-06 7.92643e-09)
(0.002476733 -3.196395e-06 7.886452e-09)
(0.002476865 -3.065934e-06 7.8937e-09)
(0.00247699 -2.940495e-06 7.969475e-09)
(0.002477109 -2.819926e-06 8.060064e-09)
(0.00247722 -2.70413e-06 8.166996e-09)
(0.002477326 -2.592861e-06 8.318162e-09)
(0.002477426 -2.486385e-06 8.43033e-09)
(0.002477521 -2.383661e-06 8.628253e-09)
(0.002477609 -2.287493e-06 8.467697e-09)
(0.002477698 -2.189635e-06 8.682008e-09)
(0.002477766 -2.114945e-06 8.218834e-09)
(0.002477876 -1.963622e-06 6.80918e-09)
(0.002445192 -4.520207e-06 1.209133e-08)
(0.002445167 -4.334339e-06 1.133467e-08)
(0.002445139 -4.15601e-06 1.06309e-08)
(0.002445109 -3.984909e-06 9.991714e-09)
(0.002445078 -3.82073e-06 9.410621e-09)
(0.002445045 -3.663134e-06 8.909585e-09)
(0.002445011 -3.511844e-06 8.462284e-09)
(0.002444976 -3.366563e-06 8.091113e-09)
(0.002444941 -3.227031e-06 7.774845e-09)
(0.002444904 -3.093019e-06 7.522183e-09)
(0.002444868 -2.96432e-06 7.345507e-09)
(0.002444831 -2.840778e-06 7.205821e-09)
(0.002444794 -2.722286e-06 7.121015e-09)
(0.002444757 -2.608605e-06 7.070386e-09)
(0.00244472 -2.499977e-06 7.073418e-09)
(0.002444684 -2.395453e-06 7.046754e-09)
(0.002444648 -2.297607e-06 7.112679e-09)
(0.002444612 -2.198929e-06 6.830727e-09)
(0.002444582 -2.122098e-06 7.267339e-09)
(0.002444535 -1.974025e-06 5.474401e-09)
(0.002400504 -4.324373e-06 1.443407e-08)
(0.002400265 -4.143016e-06 1.3321e-08)
(0.002400034 -3.969232e-06 1.227027e-08)
(0.002399809 -3.802691e-06 1.131003e-08)
(0.002399591 -3.643075e-06 1.042264e-08)
(0.002399379 -3.490031e-06 9.618038e-09)
(0.002399174 -3.34328e-06 8.885147e-09)
(0.002398976 -3.202507e-06 8.250991e-09)
(0.002398784 -3.067459e-06 7.685238e-09)
(0.002398598 -2.937905e-06 7.196026e-09)
(0.002398418 -2.813641e-06 6.791996e-09)
(0.002398245 -2.694518e-06 6.450736e-09)
(0.002398077 -2.580432e-06 6.202128e-09)
(0.002397915 -2.471171e-06 5.980986e-09)
(0.002397759 -2.366939e-06 5.898908e-09)
(0.002397608 -2.266961e-06 5.695351e-09)
(0.002397465 -2.173366e-06 5.99804e-09)
(0.002397319 -2.080044e-06 5.323223e-09)
(0.002397205 -2.005453e-06 6.614148e-09)
(0.002397023 -1.871127e-06 4.602265e-09)
(0.002336 -3.896547e-06 1.644115e-08)
(0.002335591 -3.730196e-06 1.501804e-08)
(0.002335197 -3.570968e-06 1.367375e-08)
(0.002334817 -3.418538e-06 1.244238e-08)
(0.002334451 -3.272597e-06 1.130592e-08)
(0.002334099 -3.132797e-06 1.026011e-08)
(0.00233376 -2.998876e-06 9.310436e-09)
(0.002333433 -2.870529e-06 8.463183e-09)
(0.002333119 -2.747545e-06 7.699045e-09)
(0.002332817 -2.629701e-06 7.027051e-09)
(0.002332526 -2.516811e-06 6.44727e-09)
(0.002332247 -2.40875e-06 5.959331e-09)
(0.002331979 -2.305421e-06 5.600742e-09)
(0.002331721 -2.206662e-06 5.263847e-09)
(0.002331474 -2.112631e-06 5.139583e-09)
(0.002331235 -2.02279e-06 4.825106e-09)
(0.002331011 -1.938674e-06 5.364576e-09)
(0.002330782 -1.856032e-06 4.429366e-09)
(0.002330604 -1.787672e-06 6.480712e-09)
(0.002330321 -1.675635e-06 4.39704e-09)
(0.00224482 -3.296398e-06 1.790249e-08)
(0.002244298 -3.153527e-06 1.627254e-08)
(0.002243798 -3.016902e-06 1.474563e-08)
(0.002243317 -2.886229e-06 1.334006e-08)
(0.002242856 -2.761221e-06 1.205856e-08)
(0.002242413 -2.641569e-06 1.086944e-08)
(0.002241988 -2.527025e-06 9.789294e-09)
(0.00224158 -2.417347e-06 8.792691e-09)
(0.002241189 -2.312361e-06 7.917773e-09)
(0.002240813 -2.211879e-06 7.147039e-09)
(0.002240454 -2.115751e-06 6.473236e-09)
(0.002240108 -2.023882e-06 5.91576e-09)
(0.002239778 -1.936195e-06 5.511835e-09)
(0.002239461 -1.852593e-06 5.122647e-09)
(0.002239158 -1.773185e-06 4.998743e-09)
(0.002238866 -1.6977e-06 4.644381e-09)
(0.002238592 -1.62702e-06 5.406516e-09)
(0.002238313 -1.558951e-06 4.345462e-09)
(0.002238097 -1.500049e-06 7.028079e-09)
(0.002237753 -1.415945e-06 4.954832e-09)
(0.002117989 -2.598657e-06 1.88471e-08)
(0.002117422 -2.484664e-06 1.71476e-08)
(0.002116879 -2.375744e-06 1.556614e-08)
(0.002116358 -2.271653e-06 1.411409e-08)
(0.002115859 -2.172138e-06 1.279787e-08)
(0.002115381 -2.076953e-06 1.157239e-08)
(0.002114923 -1.985896e-06 1.04661e-08)
(0.002114485 -1.898783e-06 9.450871e-09)
(0.002114065 -1.815476e-06 8.552319e-09)
(0.002113663 -1.735829e-06 7.761782e-09)
(0.002113278 -1.659742e-06 7.071863e-09)
(0.00211291 -1.587156e-06 6.516057e-09)
(0.002112558 -1.518026e-06 6.126428e-09)
(0.00211222 -1.452323e-06 5.741109e-09)
(0.002111899 -1.390121e-06 5.651917e-09)
(0.002111589 -1.33141e-06 5.31139e-09)
(0.002111299 -1.276459e-06 6.251407e-09)
(0.002111003 -1.225054e-06 5.158767e-09)
(0.002110775 -1.177815e-06 8.303952e-09)
(0.002110412 -1.123944e-06 6.203054e-09)
(0.001943674 -1.882447e-06 1.938933e-08)
(0.001943125 -1.799129e-06 1.777206e-08)
(0.001942599 -1.719593e-06 1.627785e-08)
(0.001942096 -1.643648e-06 1.490993e-08)
(0.001941615 -1.571085e-06 1.367579e-08)
(0.001941154 -1.501725e-06 1.252331e-08)
(0.001940714 -1.435418e-06 1.147937e-08)
(0.001940293 -1.372036e-06 1.051481e-08)
(0.00193989 -1.311483e-06 9.681762e-09)
(0.001939504 -1.253659e-06 8.944792e-09)
(0.001939136 -1.198511e-06 8.302728e-09)
(0.001938784 -1.146015e-06 7.79929e-09)
(0.001938447 -1.096157e-06 7.454916e-09)
(0.001938125 -1.048977e-06 7.099501e-09)
(0.001937818 -1.004523e-06 7.049072e-09)
(0.001937523 -9.630123e-07 6.740626e-09)
(0.001937247 -9.242233e-07 7.787587e-09)
(0.001936965 -8.896202e-07 6.703453e-09)
(0.001936747 -8.550562e-07 1.012128e-08)
(0.001936401 -8.303877e-07 7.818637e-09)
(0.001706204 -1.218036e-06 2.009229e-08)
(0.001705725 -1.163796e-06 1.866501e-08)
(0.001705268 -1.112105e-06 1.735289e-08)
(0.00170483 -1.062804e-06 1.614528e-08)
(0.001704412 -1.015732e-06 1.505477e-08)
(0.001704012 -9.707703e-07 1.402571e-08)
(0.00170363 -9.278195e-07 1.308938e-08)
(0.001703265 -8.867983e-07 1.222234e-08)
(0.001702916 -8.476454e-07 1.146462e-08)
(0.001702582 -8.103054e-07 1.07852e-08)
(0.001702264 -7.747677e-07 1.019696e-08)
(0.001701959 -7.410329e-07 9.741364e-09)
(0.001701668 -7.091141e-07 9.427956e-09)
(0.00170139 -6.791068e-07 9.089114e-09)
(0.001701124 -6.510456e-07 9.04967e-09)
(0.001700868 -6.253169e-07 8.748747e-09)
(0.001700629 -6.013994e-07 9.792623e-09)
(0.001700384 -5.819909e-07 8.665519e-09)
(0.001700195 -5.600163e-07 1.212327e-08)
(0.001699894 -5.607269e-07 9.239654e-09)
(0.001384957 -6.616066e-07 2.052339e-08)
(0.001384587 -6.32011e-07 1.934645e-08)
(0.001384234 -6.039235e-07 1.825907e-08)
(0.001383896 -5.771914e-07 1.723785e-08)
(0.001383573 -5.516949e-07 1.63049e-08)
(0.001383264 -5.273609e-07 1.540382e-08)
(0.00138297 -5.041318e-07 1.457143e-08)
(0.001382688 -4.819612e-07 1.378774e-08)
(0.001382419 -4.608152e-07 1.310392e-08)
(0.001382162 -4.406791e-07 1.247519e-08)
(0.001381916 -4.215683e-07 1.193648e-08)
(0.001381681 -4.034913e-07 1.151518e-08)
(0.001381456 -3.864794e-07 1.121176e-08)
(0.001381241 -3.706568e-07 1.087164e-08)
(0.001381036 -3.560346e-07 1.081781e-08)
(0.001380837 -3.430921e-07 1.048982e-08)
(0.001380651 -3.311689e-07 1.14469e-08)
(0.001380458 -3.237066e-07 1.019547e-08)
(0.00138031 -3.128121e-07 1.349359e-08)
(0.00138007 -3.321064e-07 9.510465e-09)
(0.0009533392 -2.479601e-07 2.027171e-08)
(0.0009531025 -2.36855e-07 1.932107e-08)
(0.0009528764 -2.264283e-07 1.842244e-08)
(0.0009526603 -2.165296e-07 1.754626e-08)
(0.0009524537 -2.070896e-07 1.673395e-08)
(0.0009522564 -1.980792e-07 1.592826e-08)
(0.0009520677 -1.894801e-07 1.517757e-08)
(0.0009518873 -1.81268e-07 1.446552e-08)
(0.0009517148 -1.734341e-07 1.382789e-08)
(0.0009515497 -1.659973e-07 1.323633e-08)
(0.0009513918 -1.589677e-07 1.273673e-08)
(0.0009512405 -1.523527e-07 1.232694e-08)
(0.0009510957 -1.461872e-07 1.201391e-08)
(0.0009509565 -1.405813e-07 1.165549e-08)
(0.0009508232 -1.355117e-07 1.155721e-08)
(0.000950693 -1.314572e-07 1.115787e-08)
(0.0009505714 -1.278004e-07 1.192281e-08)
(0.0009504413 -1.281428e-07 1.040093e-08)
(0.0009503444 -1.25831e-07 1.327471e-08)
(0.0009501718 -1.538046e-07 7.455614e-09)
(0.0003783645 -1.629798e-08 1.249031e-08)
(0.0003782788 -1.559307e-08 1.192801e-08)
(0.0003781969 -1.497754e-08 1.140707e-08)
(0.0003781186 -1.438343e-08 1.088349e-08)
(0.0003780435 -1.380818e-08 1.040563e-08)
(0.0003779718 -1.325709e-08 9.916217e-09)
(0.000377903 -1.273168e-08 9.469831e-09)
(0.0003778372 -1.222475e-08 9.035295e-09)
(0.0003777741 -1.173958e-08 8.654625e-09)
(0.0003777136 -1.129089e-08 8.300742e-09)
(0.0003776556 -1.087462e-08 8.00355e-09)
(0.0003775998 -1.049452e-08 7.745873e-09)
(0.0003775462 -1.015139e-08 7.54494e-09)
(0.0003774943 -9.911644e-09 7.286464e-09)
(0.0003774445 -9.681347e-09 7.21983e-09)
(0.0003773946 -9.829868e-09 6.86083e-09)
(0.0003773486 -9.666633e-09 7.402102e-09)
(0.000377294 -1.183968e-08 5.940205e-09)
(0.0003772579 -1.100582e-08 8.100454e-09)
(0.0003771664 -2.701946e-08 1.987706e-09)
(0.002539905 1.098263e-06 9.95182e-09)
(0.002540517 1.055687e-06 1.077992e-08)
(0.002541106 1.014575e-06 1.171638e-08)
(0.00254167 9.750181e-07 1.210178e-08)
(0.002542215 9.366651e-07 1.327166e-08)
(0.002542728 9.006895e-07 1.187991e-08)
(0.002543252 8.635367e-07 1.582167e-08)
(0.002543659 8.359503e-07 7.707742e-09)
(0.002544315 7.753643e-07 2.183864e-08)
(0.002540881 4.064005e-07 9.360298e-09)
(0.002541591 3.910096e-07 1.01945e-08)
(0.002542274 3.760835e-07 1.110077e-08)
(0.002542931 3.614845e-07 1.191627e-08)
(0.002543563 3.473966e-07 1.276679e-08)
(0.002544168 3.339232e-07 1.320545e-08)
(0.002544754 3.208966e-07 1.447232e-08)
(0.002545305 3.087016e-07 1.295595e-08)
(0.002545868 2.9609e-07 1.717427e-08)
(0.002546306 2.867913e-07 8.442529e-09)
(0.002547012 2.65949e-07 2.370359e-08)
(0.002537741 -4.718972e-07 6.683767e-09)
(0.002538573 -4.536551e-07 7.366106e-09)
(0.002539373 -4.361157e-07 8.104605e-09)
(0.002540143 -4.191696e-07 8.833111e-09)
(0.002540883 -4.029412e-07 9.585308e-09)
(0.002541595 -3.874565e-07 1.041254e-08)
(0.002542279 -3.725136e-07 1.12215e-08)
(0.002542937 -3.580492e-07 1.195683e-08)
(0.002543569 -3.440699e-07 1.282472e-08)
(0.002544176 -3.305978e-07 1.32605e-08)
(0.002544762 -3.17529e-07 1.456219e-08)
(0.002545314 -3.052532e-07 1.308874e-08)
(0.002545878 -2.925742e-07 1.731866e-08)
(0.002546316 -2.831154e-07 8.592601e-09)
(0.002547023 -2.626372e-07 2.391034e-08)
(0.002534013 -1.499532e-06 5.216993e-09)
(0.002534856 -1.442385e-06 5.730273e-09)
(0.002535666 -1.387331e-06 6.37758e-09)
(0.002536445 -1.334383e-06 7.042964e-09)
(0.002537195 -1.283282e-06 7.720771e-09)
(0.002537915 -1.233902e-06 8.413128e-09)
(0.002538607 -1.186252e-06 9.135008e-09)
(0.002539273 -1.1403e-06 9.917392e-09)
(0.002539912 -1.095977e-06 1.068661e-08)
(0.002540526 -1.053276e-06 1.139407e-08)
(0.002541116 -1.012107e-06 1.223373e-08)
(0.002541682 -9.725541e-07 1.266205e-08)
(0.002542229 -9.341868e-07 1.38993e-08)
(0.002542743 -8.981667e-07 1.254604e-08)
(0.002543269 -8.60984e-07 1.648353e-08)
(0.002543677 -8.333222e-07 8.373077e-09)
(0.002544336 -7.729115e-07 2.254838e-08)
(0.002527194 -2.690005e-06 3.819386e-09)
(0.002528022 -2.587424e-06 4.105264e-09)
(0.002528816 -2.488482e-06 4.476536e-09)
(0.00252958 -2.39317e-06 4.861185e-09)
(0.002530313 -2.301439e-06 5.298436e-09)
(0.002531018 -2.213009e-06 5.816867e-09)
(0.002531694 -2.127714e-06 6.348771e-09)
(0.002532344 -2.045443e-06 6.927333e-09)
(0.002532967 -1.966097e-06 7.550274e-09)
(0.002533566 -1.889596e-06 8.207549e-09)
(0.002534141 -1.815862e-06 8.918095e-09)
(0.002534693 -1.744799e-06 9.60997e-09)
(0.002535223 -1.676353e-06 1.024865e-08)
(0.002535731 -1.610378e-06 1.100508e-08)
(0.002536218 -1.54704e-06 1.140919e-08)
(0.002536688 -1.48566e-06 1.250494e-08)
(0.00253713 -1.428058e-06 1.136635e-08)
(0.002537582 -1.368733e-06 1.474227e-08)
(0.002537932 -1.324453e-06 7.811415e-09)
(0.002538496 -1.228571e-06 1.976648e-08)
(0.002519749 -3.527782e-06 3.581291e-09)
(0.002520406 -3.391312e-06 3.739965e-09)
(0.002521035 -3.259862e-06 3.981216e-09)
(0.002521638 -3.133287e-06 4.245311e-09)
(0.002522215 -3.011424e-06 4.551737e-09)
(0.002522769 -2.894062e-06 4.938191e-09)
(0.0025233 -2.781037e-06 5.348862e-09)
(0.002523809 -2.672165e-06 5.808943e-09)
(0.002524297 -2.567274e-06 6.310883e-09)
(0.002524764 -2.466219e-06 6.845017e-09)
(0.002525211 -2.368876e-06 7.431526e-09)
(0.00252564 -2.275128e-06 8.003662e-09)
(0.002526051 -2.184907e-06 8.540092e-09)
(0.002526445 -2.098024e-06 9.175306e-09)
(0.002526822 -2.01469e-06 9.539334e-09)
(0.002527185 -1.93404e-06 1.043346e-08)
(0.002527525 -1.858379e-06 9.587196e-09)
(0.002527873 -1.780742e-06 1.218791e-08)
(0.002528142 -1.722404e-06 6.894246e-09)
(0.002528576 -1.598216e-06 1.580008e-08)
(0.002507282 -4.14255e-06 3.165318e-09)
(0.002507728 -3.979276e-06 3.179237e-09)
(0.002508154 -3.822251e-06 3.266142e-09)
(0.00250856 -3.671245e-06 3.382922e-09)
(0.002508948 -3.526037e-06 3.539682e-09)
(0.002509318 -3.38636e-06 3.766133e-09)
(0.002509671 -3.251979e-06 4.014853e-09)
(0.002510009 -3.122668e-06 4.314159e-09)
(0.002510332 -2.99822e-06 4.656114e-09)
(0.00251064 -2.878452e-06 5.034992e-09)
(0.002510934 -2.763203e-06 5.468297e-09)
(0.002511215 -2.652327e-06 5.89558e-09)
(0.002511483 -2.545737e-06 6.310992e-09)
(0.002511739 -2.443208e-06 6.799682e-09)
(0.002511983 -2.344972e-06 7.116428e-09)
(0.002512218 -2.250064e-06 7.773667e-09)
(0.002512438 -2.161057e-06 7.282768e-09)
(0.002512662 -2.070192e-06 8.984552e-09)
(0.002512834 -2.001221e-06 5.644184e-09)
(0.002513113 -1.858105e-06 1.100408e-08)
(0.002487451 -4.495296e-06 2.553576e-09)
(0.002487663 -4.314531e-06 2.406596e-09)
(0.002487863 -4.14092e-06 2.313585e-09)
(0.002488052 -3.974173e-06 2.256438e-09)
(0.002488231 -3.814019e-06 2.236368e-09)
(0.0024884 -3.660149e-06 2.277743e-09)
(0.002488559 -3.512293e-06 2.346189e-09)
(0.00248871 -3.370188e-06 2.471071e-09)
(0.002488853 -3.23359e-06 2.638381e-09)
(0.002488988 -3.102281e-06 2.844784e-09)
(0.002489116 -2.976071e-06 3.108491e-09)
(0.002489237 -2.854794e-06 3.379997e-09)
(0.002489351 -2.738346e-06 3.666176e-09)
(0.002489459 -2.626488e-06 4.002936e-09)
(0.002489561 -2.519449e-06 4.274958e-09)
(0.002489659 -2.416258e-06 4.694786e-09)
(0.002489749 -2.319508e-06 4.60062e-09)
(0.002489841 -2.221403e-06 5.377266e-09)
(0.002489911 -2.145872e-06 4.137874e-09)
(0.002490024 -1.994648e-06 5.835303e-09)
(0.002457113 -4.568655e-06 1.704996e-09)
(0.002457088 -4.381141e-06 1.386583e-09)
(0.002457061 -4.201287e-06 1.103699e-09)
(0.002457033 -4.028769e-06 8.654209e-10)
(0.002457002 -3.863283e-06 6.642034e-10)
(0.00245697 -3.704485e-06 5.189258e-10)
(0.002456937 -3.552079e-06 4.063551e-10)
(0.002456903 -3.405773e-06 3.557084e-10)
(0.002456868 -3.265303e-06 3.492854e-10)
(0.002456833 -3.130433e-06 3.900671e-10)
(0.002456797 -3.000956e-06 4.922787e-10)
(0.002456761 -2.876702e-06 6.192459e-10)
(0.002456725 -2.757554e-06 7.927985e-10)
(0.002456689 -2.643281e-06 9.947325e-10)
(0.002456653 -2.534089e-06 1.24069e-09)
(0.002456617 -2.429091e-06 1.451552e-09)
(0.002456582 -2.330662e-06 1.775467e-09)
(0.002456546 -2.231709e-06 1.703545e-09)
(0.002456517 -2.15406e-06 2.539465e-09)
(0.002456472 -2.005972e-06 8.311665e-10)
(0.002412157 -4.371349e-06 6.06064e-10)
(0.002411917 -4.188397e-06 1.315594e-10)
(0.002411684 -4.013137e-06 -3.240866e-10)
(0.002411459 -3.845233e-06 -7.257121e-10)
(0.00241124 -3.68436e-06 -1.088255e-09)
(0.002411027 -3.530166e-06 -1.397993e-09)
(0.002410821 -3.382347e-06 -1.665264e-09)
(0.002410622 -3.240599e-06 -1.862108e-09)
(0.002410429 -3.104661e-06 -2.011198e-09)
(0.002410242 -2.974296e-06 -2.106973e-09)
(0.002410062 -2.849299e-06 -2.136423e-09)
(0.002409887 -2.729505e-06 -2.119613e-09)
(0.002409718 -2.614802e-06 -2.025579e-09)
(0.002409555 -2.504984e-06 -1.920051e-09)
(0.002409398 -2.400221e-06 -1.67071e-09)
(0.002409246 -2.29979e-06 -1.60791e-09)
(0.002409103 -2.20565e-06 -8.673526e-10)
(0.002408956 -2.112035e-06 -1.625733e-09)
(0.002408841 -2.036704e-06 1.097626e-09)
(0.002408658 -1.90223e-06 -3.447731e-09)
(0.002347262 -3.939538e-06 -6.41191e-10)
(0.00234685 -3.771739e-06 -1.233369e-09)
(0.002346453 -3.611176e-06 -1.81613e-09)
(0.002346071 -3.457516e-06 -2.33808e-09)
(0.002345702 -3.310445e-06 -2.812603e-09)
(0.002345347 -3.169615e-06 -3.233558e-09)
(0.002345006 -3.034739e-06 -3.598606e-09)
(0.002344677 -2.905528e-06 -3.896517e-09)
(0.00234436 -2.781753e-06 -4.141246e-09)
(0.002344056 -2.663192e-06 -4.323664e-09)
(0.002343763 -2.549655e-06 -4.434855e-09)
(0.002343481 -2.441001e-06 -4.476632e-09)
(0.00234321 -2.337128e-06 -4.411369e-09)
(0.00234295 -2.237877e-06 -4.34831e-09)
(0.002342701 -2.143378e-06 -4.05754e-09)
(0.00234246 -2.053128e-06 -4.068445e-09)
(0.002342234 -1.968533e-06 -2.936811e-09)
(0.002342003 -1.885593e-06 -4.164575e-09)
(0.002341822 -1.816615e-06 1.237289e-10)
(0.002341537 -1.704296e-06 -6.492472e-09)
(0.002255527 -3.333415e-06 -1.867286e-09)
(0.002255002 -3.189317e-06 -2.509347e-09)
(0.002254497 -3.051563e-06 -3.14104e-09)
(0.002254013 -2.919855e-06 -3.713441e-09)
(0.002253548 -2.7939e-06 -4.224051e-09)
(0.002253101 -2.673387e-06 -4.689571e-09)
(0.002252673 -2.558058e-06 -5.094347e-09)
(0.002252261 -2.447671e-06 -5.443202e-09)
(0.002251866 -2.342036e-06 -5.713233e-09)
(0.002251487 -2.240965e-06 -5.911543e-09)
(0.002251124 -2.144304e-06 -6.035206e-09)
(0.002250776 -2.051945e-06 -6.068332e-09)
(0.002250442 -1.963809e-06 -5.97567e-09)
(0.002250121 -1.879798e-06 -5.897822e-09)
(0.002249815 -1.800002e-06 -5.53149e-09)
(0.00224952 -1.724168e-06 -5.538364e-09)
(0.002249243 -1.653096e-06 -4.066517e-09)
(0.002248961 -1.584737e-06 -5.534167e-09)
(0.002248741 -1.525367e-06 -9.123689e-11)
(0.002248394 -1.440871e-06 -7.956155e-09)
(0.00212793 -2.628499e-06 -2.72356e-09)
(0.002127359 -2.513545e-06 -3.335956e-09)
(0.002126811 -2.403742e-06 -3.93728e-09)
(0.002126286 -2.298846e-06 -4.477378e-09)
(0.002125782 -2.198596e-06 -4.951979e-09)
(0.0021253 -2.102745e-06 -5.386721e-09)
(0.002124838 -2.011084e-06 -5.756037e-09)
(0.002124395 -1.923425e-06 -6.064155e-09)
(0.002123971 -1.839618e-06 -6.294608e-09)
(0.002123565 -1.759518e-06 -6.451612e-09)
(0.002123176 -1.68302e-06 -6.5312e-09)
(0.002122804 -1.610056e-06 -6.504863e-09)
(0.002122448 -1.540578e-06 -6.343642e-09)
(0.002122107 -1.474556e-06 -6.209458e-09)
(0.002121781 -1.412052e-06 -5.751915e-09)
(0.002121467 -1.353058e-06 -5.702814e-09)
(0.002121174 -1.29781e-06 -3.976612e-09)
(0.002120875 -1.246138e-06 -5.495411e-09)
(0.002120642 -1.198591e-06 6.437621e-10)
(0.002120275 -1.144258e-06 -7.757518e-09)
(0.001952581 -1.904679e-06 -2.941802e-09)
(0.001952027 -1.820672e-06 -3.439562e-09)
(0.001951497 -1.740505e-06 -3.923809e-09)
(0.00195099 -1.663985e-06 -4.351968e-09)
(0.001950504 -1.590898e-06 -4.717592e-09)
(0.001950039 -1.521063e-06 -5.053065e-09)
(0.001949594 -1.454327e-06 -5.331473e-09)
(0.001949169 -1.390556e-06 -5.556033e-09)
(0.001948762 -1.329646e-06 -5.693755e-09)
(0.001948372 -1.271498e-06 -5.767321e-09)
(0.001948 -1.216055e-06 -5.767543e-09)
(0.001947643 -1.163287e-06 -5.655875e-09)
(0.001947303 -1.113178e-06 -5.4154e-09)
(0.001946977 -1.065765e-06 -5.216197e-09)
(0.001946666 -1.021091e-06 -4.681691e-09)
(0.001946367 -9.793663e-07 -4.561278e-09)
(0.001946087 -9.403766e-07 -2.69015e-09)
(0.001945801 -9.055447e-07 -4.138412e-09)
(0.001945579 -8.708308e-07 2.25453e-09)
(0.001945229 -8.45688e-07 -6.198781e-09)
(0.00171375 -1.233011e-06 -1.9306e-09)
(0.001713268 -1.178327e-06 -2.26992e-09)
(0.001712806 -1.126227e-06 -2.598186e-09)
(0.001712364 -1.076553e-06 -2.885974e-09)
(0.001711942 -1.029141e-06 -3.125434e-09)
(0.001711538 -9.838698e-07 -3.349239e-09)
(0.001711152 -9.406379e-07 -3.529103e-09)
(0.001710783 -8.993608e-07 -3.661236e-09)
(0.001710431 -8.599725e-07 -3.721922e-09)
(0.001710093 -8.224191e-07 -3.73402e-09)
(0.001709771 -7.866853e-07 -3.675138e-09)
(0.001709463 -7.527689e-07 -3.507142e-09)
(0.001709168 -7.206834e-07 -3.224361e-09)
(0.001708886 -6.905174e-07 -2.994068e-09)
(0.001708617 -6.623092e-07 -2.433538e-09)
(0.001708358 -6.3643e-07 -2.277165e-09)
(0.001708115 -6.123991e-07 -4.028797e-10)
(0.001707867 -5.928111e-07 -1.775045e-09)
(0.001707674 -5.708269e-07 4.454729e-09)
(0.001707369 -5.711077e-07 -3.959826e-09)
(0.001390769 -6.701256e-07 -2.109779e-10)
(0.001390395 -6.402847e-07 -3.836381e-10)
(0.001390039 -6.119682e-07 -5.56313e-10)
(0.001389698 -5.850277e-07 -7.181929e-10)
(0.001389372 -5.5934e-07 -8.519719e-10)
(0.00138906 -5.348308e-07 -9.922996e-10)
(0.001388763 -5.114418e-07 -1.10489e-09)
(0.001388478 -4.891252e-07 -1.183905e-09)
(0.001388206 -4.678455e-07 -1.199784e-09)
(0.001387946 -4.475885e-07 -1.185758e-09)
(0.001387697 -4.283649e-07 -1.099571e-09)
(0.001387459 -4.101849e-07 -9.139351e-10)
(0.001387232 -3.93079e-07 -6.335199e-10)
(0.001387014 -3.771625e-07 -4.137055e-10)
(0.001386805 -3.624569e-07 1.248221e-10)
(0.001386604 -3.494242e-07 2.703414e-10)
(0.001386415 -3.374659e-07 2.04372e-09)
(0.001386219 -3.298863e-07 6.968244e-10)
(0.001386068 -3.190995e-07 6.478759e-09)
(0.001385826 -3.380988e-07 -2.188101e-09)
(0.0009570339 -2.515193e-07 2.798203e-09)
(0.0009567952 -2.403098e-07 2.681299e-09)
(0.0009565672 -2.297821e-07 2.545299e-09)
(0.0009563491 -2.19791e-07 2.390944e-09)
(0.0009561406 -2.102656e-07 2.253105e-09)
(0.0009559413 -2.011759e-07 2.095268e-09)
(0.0009557507 -1.92504e-07 1.960986e-09)
(0.0009555684 -1.842262e-07 1.855669e-09)
(0.000955394 -1.763352e-07 1.79384e-09)
(0.0009552271 -1.688446e-07 1.756378e-09)
(0.0009550674 -1.617645e-07 1.798263e-09)
(0.0009549143 -1.551047e-07 1.919997e-09)
(0.0009547677 -1.488975e-07 2.117685e-09)
(0.0009546266 -1.432456e-07 2.250224e-09)
(0.0009544916 -1.381401e-07 2.677578e-09)
(0.0009543597 -1.340431e-07 2.711312e-09)
(0.0009542361 -1.304036e-07 4.2176e-09)
(0.0009541047 -1.306794e-07 2.688686e-09)
(0.0009540054 -1.285259e-07 7.68786e-09)
(0.0009538311 -1.563563e-07 -2.11982e-09)
(0.0003796365 -1.673824e-08 2.298913e-09)
(0.0003795502 -1.601683e-08 2.212197e-09)
(0.0003794677 -1.538427e-08 2.130537e-09)
(0.0003793886 -1.477486e-08 2.028715e-09)
(0.000379313 -1.418519e-08 1.945559e-09)
(0.0003792405 -1.362062e-08 1.840014e-09)
(0.0003791711 -1.308253e-08 1.75851e-09)
(0.0003791047 -1.256494e-08 1.684695e-09)
(0.0003790409 -1.207185e-08 1.640326e-09)
(0.0003789798 -1.161407e-08 1.611487e-09)
(0.0003789212 -1.118878e-08 1.63662e-09)
(0.0003788648 -1.080041e-08 1.69905e-09)
(0.0003788106 -1.04499e-08 1.803166e-09)
(0.0003787581 -1.019853e-08 1.837422e-09)
(0.0003787077 -9.966099e-09 2.094979e-09)
(0.0003786572 -1.0099e-08 1.998623e-09)
(0.0003786104 -9.966908e-09 3.041578e-09)
(0.0003785556 -1.208478e-08 1.55972e-09)
(0.0003785181 -1.135424e-08 5.286568e-09)
(0.0003784261 -2.736966e-08 -3.661758e-09)
(0.002536422 1.098676e-06 1.033504e-08)
(0.002537035 1.056382e-06 1.100812e-08)
(0.002537625 1.015547e-06 1.192585e-08)
(0.00253819 9.762658e-07 1.226775e-08)
(0.002538737 9.382129e-07 1.370583e-08)
(0.002539252 9.024391e-07 1.170752e-08)
(0.002539777 8.657049e-07 1.78298e-08)
(0.002540188 8.380198e-07 3.754118e-09)
(0.002540846 7.785038e-07 3.399685e-08)
(0.002537394 4.063523e-07 1.009809e-08)
(0.002538105 3.910759e-07 1.076012e-08)
(0.002538789 3.762508e-07 1.157357e-08)
(0.002539447 3.61735e-07 1.23438e-08)
(0.00254008 3.477277e-07 1.322072e-08)
(0.002540687 3.343445e-07 1.358008e-08)
(0.002541274 3.214217e-07 1.511577e-08)
(0.002541827 3.092953e-07 1.294021e-08)
(0.002542392 2.968238e-07 1.949146e-08)
(0.002542833 2.874859e-07 4.335356e-09)
(0.002543541 2.670181e-07 3.689143e-08)
(0.002534253 -4.715366e-07 7.416861e-09)
(0.002535085 -4.53391e-07 7.967884e-09)
(0.002535885 -4.359279e-07 8.63561e-09)
(0.002536655 -4.190397e-07 9.32551e-09)
(0.002537396 -4.028657e-07 1.003642e-08)
(0.002538108 -3.874586e-07 1.081958e-08)
(0.002538793 -3.726105e-07 1.160566e-08)
(0.002539452 -3.582451e-07 1.230621e-08)
(0.002540085 -3.443557e-07 1.318388e-08)
(0.002540693 -3.309738e-07 1.354104e-08)
(0.002541281 -3.180019e-07 1.51044e-08)
(0.002541834 -3.057919e-07 1.296051e-08)
(0.002542399 -2.932572e-07 1.952935e-08)
(0.002542842 -2.837673e-07 4.367362e-09)
(0.00254355 -2.636464e-07 3.702533e-08)
(0.002530529 -1.497832e-06 5.632265e-09)
(0.00253137 -1.440928e-06 6.021337e-09)
(0.00253218 -1.386117e-06 6.581789e-09)
(0.002532959 -1.333412e-06 7.192758e-09)
(0.002533708 -1.282564e-06 7.832369e-09)
(0.002534429 -1.233438e-06 8.489949e-09)
(0.002535122 -1.186043e-06 9.182652e-09)
(0.002535787 -1.140352e-06 9.926416e-09)
(0.002536427 -1.096294e-06 1.06769e-08)
(0.002537042 -1.053858e-06 1.13679e-08)
(0.002537634 -1.012959e-06 1.223245e-08)
(0.002538201 -9.736671e-07 1.259877e-08)
(0.002538749 -9.35594e-07 1.408956e-08)
(0.002539265 -8.997775e-07 1.212134e-08)
(0.002539792 -8.630174e-07 1.825471e-08)
(0.002540204 -8.352598e-07 4.149324e-09)
(0.002540864 -7.759244e-07 3.454117e-08)
(0.002523717 -2.686129e-06 3.448734e-09)
(0.002524543 -2.583931e-06 3.599412e-09)
(0.002525337 -2.485381e-06 3.915709e-09)
(0.0025261 -2.390456e-06 4.258754e-09)
(0.002526833 -2.299115e-06 4.66588e-09)
(0.002527537 -2.211089e-06 5.158327e-09)
(0.002528213 -2.126203e-06 5.666485e-09)
(0.002528863 -2.044344e-06 6.225923e-09)
(0.002529487 -1.965411e-06 6.83382e-09)
(0.002530086 -1.889328e-06 7.487362e-09)
(0.002530662 -1.816017e-06 8.192362e-09)
(0.002531214 -1.745383e-06 8.897505e-09)
(0.002531745 -1.677368e-06 9.547661e-09)
(0.002532254 -1.611834e-06 1.034866e-08)
(0.002532742 -1.54892e-06 1.071998e-08)
(0.002533214 -1.488015e-06 1.205632e-08)
(0.002533657 -1.430746e-06 1.041149e-08)
(0.00253411 -1.372094e-06 1.57065e-08)
(0.002534463 -1.327673e-06 3.636469e-09)
(0.002535029 -1.23349e-06 2.963281e-08)
(0.002516281 -3.52272e-06 1.515126e-09)
(0.002516937 -3.386771e-06 1.641425e-09)
(0.002517565 -3.25585e-06 1.902657e-09)
(0.002518168 -3.129803e-06 2.194154e-09)
(0.002518745 -3.008475e-06 2.528838e-09)
(0.002519299 -2.891655e-06 2.944205e-09)
(0.00251983 -2.779173e-06 3.391729e-09)
(0.002520339 -2.670851e-06 3.89045e-09)
(0.002520827 -2.566516e-06 4.42909e-09)
(0.002521294 -2.466024e-06 5.007581e-09)
(0.002521742 -2.369253e-06 5.634499e-09)
(0.002522172 -2.276081e-06 6.259705e-09)
(0.002522584 -2.186437e-06 6.847581e-09)
(0.002522978 -2.100145e-06 7.559281e-09)
(0.002523356 -2.017378e-06 7.938828e-09)
(0.00252372 -1.937361e-06 9.061217e-09)
(0.002524062 -1.86215e-06 7.864151e-09)
(0.002524411 -1.785391e-06 1.200316e-08)
(0.002524683 -1.726898e-06 2.763373e-09)
(0.002525118 -1.604884e-06 2.268453e-08)
(0.002503831 -4.13668e-06 -1.205839e-09)
(0.002504276 -3.974042e-06 -1.101562e-09)
(0.002504701 -3.817661e-06 -8.893975e-10)
(0.002505107 -3.667299e-06 -6.453341e-10)
(0.002505495 -3.522741e-06 -3.630633e-10)
(0.002505865 -3.383721e-06 -1.60535e-11)
(0.002506219 -3.250002e-06 3.535414e-10)
(0.002506557 -3.121359e-06 7.681095e-10)
(0.002506879 -2.997586e-06 1.219502e-09)
(0.002507188 -2.878501e-06 1.710058e-09)
(0.002507482 -2.763943e-06 2.248424e-09)
(0.002507764 -2.653766e-06 2.78821e-09)
(0.002508033 -2.547873e-06 3.31123e-09)
(0.00250829 -2.446056e-06 3.922865e-09)
(0.002508535 -2.348504e-06 4.317697e-09)
(0.002508771 -2.254351e-06 5.195392e-09)
(0.002508992 -2.165892e-06 4.543834e-09)
(0.002509216 -2.07605e-06 7.338477e-09)
(0.002509391 -2.006944e-06 1.473936e-09)
(0.002509671 -1.866286e-06 1.426059e-08)
(0.002484028 -4.489046e-06 -4.686693e-09)
(0.00248424 -4.309003e-06 -4.577963e-09)
(0.002484439 -4.136123e-06 -4.405036e-09)
(0.002484628 -3.970109e-06 -4.205226e-09)
(0.002484807 -3.810693e-06 -3.979254e-09)
(0.002484976 -3.657568e-06 -3.704587e-09)
(0.002485136 -3.510461e-06 -3.410826e-09)
(0.002485287 -3.369111e-06 -3.072852e-09)
(0.00248543 -3.233276e-06 -2.703371e-09)
(0.002485565 -3.102737e-06 -2.299592e-09)
(0.002485693 -2.977306e-06 -1.84899e-09)
(0.002485815 -2.856815e-06 -1.391991e-09)
(0.002485929 -2.74115e-06 -9.268767e-10)
(0.002486038 -2.630089e-06 -4.079445e-10)
(0.002486141 -2.523817e-06 2.08295e-11)
(0.002486239 -2.421462e-06 6.629166e-10)
(0.002486331 -2.325334e-06 6.189993e-10)
(0.002486423 -2.228324e-06 2.025296e-09)
(0.002486495 -2.152718e-06 -2.1951e-10)
(0.002486609 -2.004022e-06 5.095243e-09)
(0.002453734 -4.562481e-06 -8.819495e-09)
(0.00245371 -4.375742e-06 -8.689993e-09)
(0.002453683 -4.19667e-06 -8.541993e-09)
(0.002453654 -4.024938e-06 -8.371229e-09)
(0.002453624 -3.86024e-06 -8.185113e-09)
(0.002453592 -3.702239e-06 -7.965044e-09)
(0.002453559 -3.550632e-06 -7.729647e-09)
(0.002453525 -3.405131e-06 -7.452637e-09)
(0.002453491 -3.265473e-06 -7.14856e-09)
(0.002453455 -3.131422e-06 -6.811192e-09)
(0.00245342 -3.002774e-06 -6.427475e-09)
(0.002453384 -2.879351e-06 -6.02886e-09)
(0.002453348 -2.761032e-06 -5.595239e-09)
(0.002453312 -2.647599e-06 -5.141073e-09)
(0.002453277 -2.539216e-06 -4.652148e-09)
(0.002453241 -2.435086e-06 -4.205629e-09)
(0.002453207 -2.337324e-06 -3.618216e-09)
(0.002453172 -2.239463e-06 -3.495563e-09)
(0.002453143 -2.16183e-06 -2.192723e-09)
(0.002453098 -2.016126e-06 -3.951868e-09)
(0.002408847 -4.365679e-06 -1.336492e-08)
(0.002408608 -4.183513e-06 -1.318473e-08)
(0.002408375 -4.009047e-06 -1.303132e-08)
(0.002408149 -3.841938e-06 -1.286097e-08)
(0.00240793 -3.681865e-06 -1.268567e-08)
(0.002407718 -3.528477e-06 -1.248982e-08)
(0.002407512 -3.381465e-06 -1.228038e-08)
(0.002407313 -3.240531e-06 -1.202984e-08)
(0.00240712 -3.105412e-06 -1.175588e-08)
(0.002406933 -2.975872e-06 -1.145072e-08)
(0.002406752 -2.851707e-06 -1.109898e-08)
(0.002406577 -2.732747e-06 -1.072059e-08)
(0.002406409 -2.618873e-06 -1.028041e-08)
(0.002406246 -2.509891e-06 -9.846571e-09)
(0.002406089 -2.405935e-06 -9.262813e-09)
(0.002405937 -2.306355e-06 -8.93849e-09)
(0.002405793 -2.212891e-06 -7.736664e-09)
(0.002405647 -2.120295e-06 -8.66605e-09)
(0.00240553 -2.045092e-06 -4.185362e-09)
(0.002405348 -1.912671e-06 -1.197337e-08)
(0.002344054 -3.93472e-06 -1.786746e-08)
(0.002343642 -3.767676e-06 -1.760744e-08)
(0.002343245 -3.607873e-06 -1.741143e-08)
(0.002342862 -3.454976e-06 -1.720627e-08)
(0.002342494 -3.30867e-06 -1.700114e-08)
(0.002342139 -3.168614e-06 -1.678636e-08)
(0.002341797 -3.034511e-06 -1.655562e-08)
(0.002341468 -2.906081e-06 -1.629213e-08)
(0.002341151 -2.783088e-06 -1.600631e-08)
(0.002340846 -2.665312e-06 -1.56883e-08)
(0.002340553 -2.552566e-06 -1.532244e-08)
(0.002340271 -2.444701e-06 -1.491529e-08)
(0.00234 -2.341611e-06 -1.442153e-08)
(0.002339739 -2.243145e-06 -1.395588e-08)
(0.002339489 -2.149406e-06 -1.324551e-08)
(0.002339248 -2.059942e-06 -1.29598e-08)
(0.00233902 -1.975997e-06 -1.120064e-08)
(0.00233879 -1.893942e-06 -1.28648e-08)
(0.002338607 -1.825209e-06 -5.818971e-09)
(0.002338322 -1.714474e-06 -1.813046e-08)
(0.002252464 -3.329648e-06 -2.178184e-08)
(0.002251938 -3.186233e-06 -2.141079e-08)
(0.002251434 -3.049164e-06 -2.112735e-08)
(0.002250949 -2.918145e-06 -2.084549e-08)
(0.002250484 -2.792881e-06 -2.056418e-08)
(0.002250037 -2.673065e-06 -2.028868e-08)
(0.002249608 -2.558438e-06 -2.000136e-08)
(0.002249196 -2.448759e-06 -1.969217e-08)
(0.0022488 -2.34383e-06 -1.934421e-08)
(0.002248421 -2.243466e-06 -1.895962e-08)
(0.002248057 -2.147514e-06 -1.852539e-08)
(0.002247707 -2.055858e-06 -1.803557e-08)
(0.002247373 -1.968418e-06 -1.744324e-08)
(0.002247051 -1.8851e-06 -1.689554e-08)
(0.002246744 -1.805977e-06 -1.603436e-08)
(0.002246448 -1.730824e-06 -1.570301e-08)
(0.002246169 -1.660342e-06 -1.348034e-08)
(0.002245887 -1.592694e-06 -1.553389e-08)
(0.002245665 -1.533674e-06 -6.688904e-09)
(0.002245317 -1.450222e-06 -2.181006e-08)
(0.00212507 -2.625857e-06 -2.443346e-08)
(0.002124498 -2.51148e-06 -2.39328e-08)
(0.00212395 -2.402255e-06 -2.353195e-08)
(0.002123425 -2.29794e-06 -2.31383e-08)
(0.002122921 -2.198273e-06 -2.274811e-08)
(0.002122438 -2.103009e-06 -2.237448e-08)
(0.002121975 -2.011939e-06 -2.198868e-08)
(0.002121531 -1.924874e-06 -2.158002e-08)
(0.002121106 -1.841658e-06 -2.113055e-08)
(0.002120699 -1.76215e-06 -2.064532e-08)
(0.002120309 -1.686241e-06 -2.010897e-08)
(0.002119936 -1.61386e-06 -1.950638e-08)
(0.002119578 -1.544957e-06 -1.87928e-08)
(0.002119236 -1.479505e-06 -1.813746e-08)
(0.002118909 -1.417555e-06 -1.712934e-08)
(0.002118594 -1.359109e-06 -1.670086e-08)
(0.002118298 -1.304366e-06 -1.414798e-08)
(0.002117998 -1.25321e-06 -1.62865e-08)
(0.002117762 -1.206094e-06 -6.467856e-09)
(0.002117394 -1.152264e-06 -2.277247e-08)
(0.001949999 -1.903036e-06 -2.541145e-08)
(0.001949445 -1.819479e-06 -2.476425e-08)
(0.001948914 -1.739761e-06 -2.42182e-08)
(0.001948406 -1.663692e-06 -2.36846e-08)
(0.00194792 -1.591057e-06 -2.316055e-08)
(0.001947454 -1.521677e-06 -2.266164e-08)
(0.001947008 -1.455396e-06 -2.215881e-08)
(0.001946581 -1.392081e-06 -2.163743e-08)
(0.001946173 -1.331624e-06 -2.106854e-08)
(0.001945782 -1.273928e-06 -2.047156e-08)
(0.001945409 -1.218934e-06 -1.982629e-08)
(0.001945051 -1.166608e-06 -1.910958e-08)
(0.001944709 -1.116936e-06 -1.828539e-08)
(0.001944381 -1.069951e-06 -1.753054e-08)
(0.001944068 -1.025698e-06 -1.64087e-08)
(0.001943767 -9.84375e-07 -1.587009e-08)
(0.001943485 -9.457916e-07 -1.313975e-08)
(0.001943199 -9.112924e-07 -1.513905e-08)
(0.001942973 -8.770624e-07 -5.110742e-09)
(0.001942622 -8.519507e-07 -2.130209e-08)
(0.001711542 -1.232187e-06 -2.410553e-08)
(0.001711059 -1.177816e-06 -2.333642e-08)
(0.001710596 -1.126024e-06 -2.266179e-08)
(0.001710154 -1.076659e-06 -2.201161e-08)
(0.001709731 -1.029556e-06 -2.138054e-08)
(0.001709326 -9.845929e-07 -2.078523e-08)
(0.001708939 -9.416693e-07 -2.019467e-08)
(0.001708569 -9.006999e-07 -1.958896e-08)
(0.001708215 -8.616174e-07 -1.894386e-08)
(0.001707876 -8.243692e-07 -1.82831e-08)
(0.001707552 -7.889369e-07 -1.757511e-08)
(0.001707242 -7.553177e-07 -1.679651e-08)
(0.001706946 -7.235264e-07 -1.591976e-08)
(0.001706662 -6.93646e-07 -1.511973e-08)
(0.001706391 -6.657213e-07 -1.395773e-08)
(0.00170613 -6.40104e-07 -1.335349e-08)
(0.001705885 -6.163753e-07 -1.062278e-08)
(0.001705636 -5.969608e-07 -1.240332e-08)
(0.00170544 -5.754713e-07 -2.818904e-09)
(0.001705134 -5.754286e-07 -1.820854e-08)
(0.001389048 -6.697117e-07 -2.111289e-08)
(0.001388674 -6.400547e-07 -2.026512e-08)
(0.001388317 -6.119148e-07 -1.950828e-08)
(0.001387975 -5.851516e-07 -1.879598e-08)
(0.001387648 -5.596399e-07 -1.811577e-08)
(0.001387336 -5.353056e-07 -1.748443e-08)
(0.001387037 -5.120914e-07 -1.686731e-08)
(0.001386751 -4.899497e-07 -1.624215e-08)
(0.001386478 -4.688454e-07 -1.558189e-08)
(0.001386217 -4.487636e-07 -1.492e-08)
(0.001385967 -4.29712e-07 -1.420788e-08)
(0.001385727 -4.117028e-07 -1.342985e-08)
(0.001385498 -3.947664e-07 -1.256855e-08)
(0.001385279 -3.790108e-07 -1.178743e-08)
(0.001385069 -3.644701e-07 -1.065582e-08)
(0.001384865 -3.515815e-07 -1.004387e-08)
(0.001384674 -3.398342e-07 -7.437297e-09)
(0.001384478 -3.323161e-07 -9.005201e-09)
(0.001384324 -3.219965e-07 -2.625589e-10)
(0.001384081 -3.405279e-07 -1.483203e-08)
(0.0009559259 -2.515257e-07 -1.480658e-08)
(0.0009556868 -2.40385e-07 -1.408004e-08)
(0.0009554582 -2.299173e-07 -1.344436e-08)
(0.0009552396 -2.199872e-07 -1.28685e-08)
(0.0009550304 -2.105221e-07 -1.232286e-08)
(0.0009548304 -2.014928e-07 -1.18271e-08)
(0.000954639 -1.928821e-07 -1.133971e-08)
(0.0009544559 -1.846682e-07 -1.084115e-08)
(0.0009542807 -1.76843e-07 -1.031862e-08)
(0.0009541129 -1.694177e-07 -9.796729e-09)
(0.0009539522 -1.624017e-07 -9.214143e-09)
(0.0009537982 -1.558083e-07 -8.578732e-09)
(0.0009536505 -1.496661e-07 -7.873918e-09)
(0.0009535085 -1.440718e-07 -7.24939e-09)
(0.0009533722 -1.390326e-07 -6.297591e-09)
(0.0009532394 -1.349854e-07 -5.835321e-09)
(0.0009531143 -1.314682e-07 -3.580071e-09)
(0.0009529826 -1.317212e-07 -5.195076e-09)
(0.0009528808 -1.299211e-07 2.289022e-09)
(0.0009527061 -1.572946e-07 -1.249078e-08)
(0.000379251 -1.692055e-08 -8.085374e-09)
(0.0003791645 -1.619727e-08 -7.690434e-09)
(0.0003790818 -1.555906e-08 -7.323256e-09)
(0.0003790025 -1.494539e-08 -6.996055e-09)
(0.0003789266 -1.43519e-08 -6.675899e-09)
(0.0003788539 -1.37842e-08 -6.392038e-09)
(0.0003787842 -1.324361e-08 -6.102588e-09)
(0.0003787174 -1.272559e-08 -5.811738e-09)
(0.0003786534 -1.223244e-08 -5.504906e-09)
(0.000378592 -1.177438e-08 -5.199698e-09)
(0.000378533 -1.134853e-08 -4.852397e-09)
(0.0003784763 -1.096159e-08 -4.482924e-09)
(0.0003784217 -1.061232e-08 -4.074833e-09)
(0.0003783689 -1.035811e-08 -3.745253e-09)
(0.000378318 -1.013201e-08 -3.162962e-09)
(0.0003782673 -1.025527e-08 -2.994457e-09)
(0.0003782197 -1.016198e-08 -1.442089e-09)
(0.0003781652 -1.221328e-08 -2.975415e-09)
(0.0003781261 -1.157736e-08 2.577227e-09)
(0.0003780345 -2.761872e-08 -9.936806e-09)
(0.002517026 1.086623e-06 1.050995e-08)
(0.002517633 1.045119e-06 1.102841e-08)
(0.002518218 1.005056e-06 1.189837e-08)
(0.002518778 9.665228e-07 1.22066e-08)
(0.00251932 9.292381e-07 1.383292e-08)
(0.002519832 8.940913e-07 1.139547e-08)
(0.002520351 8.582871e-07 1.931457e-08)
(0.002520763 8.306872e-07 -5.521948e-11)
(0.002521414 7.7332e-07 4.501968e-08)
(0.002517994 4.016493e-07 1.058934e-08)
(0.002518698 3.866593e-07 1.110517e-08)
(0.002519375 3.721204e-07 1.182742e-08)
(0.002520027 3.578888e-07 1.254494e-08)
(0.002520654 3.441366e-07 1.342297e-08)
(0.002521256 3.309992e-07 1.371805e-08)
(0.002521838 3.183349e-07 1.543714e-08)
(0.002522387 3.064187e-07 1.278024e-08)
(0.002522946 2.942612e-07 2.125078e-08)
(0.002523388 2.849413e-07 3.920696e-10)
(0.002524088 2.652252e-07 4.885607e-08)
(0.002514888 -4.657859e-07 7.997698e-09)
(0.00251571 -4.479537e-07 8.424707e-09)
(0.002516501 -4.307864e-07 9.011624e-09)
(0.002517263 -4.141819e-07 9.656311e-09)
(0.002517995 -3.982587e-07 1.031825e-08)
(0.0025187 -3.830907e-07 1.105242e-08)
(0.002519378 -3.685059e-07 1.180417e-08)
(0.00252003 -3.544082e-07 1.246558e-08)
(0.002520658 -3.407779e-07 1.332952e-08)
(0.00252126 -3.276472e-07 1.36233e-08)
(0.002521843 -3.149335e-07 1.536489e-08)
(0.002522393 -3.029356e-07 1.273205e-08)
(0.002522952 -2.907185e-07 2.122234e-08)
(0.002523395 -2.812643e-07 3.485494e-10)
(0.002524096 -2.618573e-07 4.893655e-08)
(0.002511198 -1.478898e-06 5.928358e-09)
(0.00251203 -1.422937e-06 6.197138e-09)
(0.00251283 -1.369032e-06 6.673518e-09)
(0.0025136 -1.317197e-06 7.227468e-09)
(0.00251434 -1.267214e-06 7.820879e-09)
(0.002515053 -1.218936e-06 8.440616e-09)
(0.002515738 -1.172364e-06 9.095453e-09)
(0.002516397 -1.127479e-06 9.795891e-09)
(0.00251703 -1.084213e-06 1.05148e-08)
(0.002517639 -1.042549e-06 1.118254e-08)
(0.002518225 -1.002412e-06 1.204938e-08)
(0.002518787 -9.638537e-07 1.236824e-08)
(0.00251933 -9.26544e-07 1.403393e-08)
(0.002519843 -8.913571e-07 1.161853e-08)
(0.002520363 -8.555298e-07 1.955675e-08)
(0.002520776 -8.278657e-07 1.338695e-10)
(0.002521429 -7.706726e-07 4.542241e-08)
(0.002504449 -2.650986e-06 3.017808e-09)
(0.002505265 -2.550446e-06 3.035357e-09)
(0.002506049 -2.453518e-06 3.29154e-09)
(0.002506802 -2.360151e-06 3.589549e-09)
(0.002507526 -2.270309e-06 3.961169e-09)
(0.002508221 -2.183757e-06 4.428958e-09)
(0.00250889 -2.100313e-06 4.912522e-09)
(0.002509532 -2.019856e-06 5.446897e-09)
(0.002510149 -1.942289e-06 6.037281e-09)
(0.002510741 -1.867539e-06 6.677705e-09)
(0.00251131 -1.795531e-06 7.370733e-09)
(0.002511857 -1.726173e-06 8.076326e-09)
(0.002512382 -1.659406e-06 8.731959e-09)
(0.002512887 -1.595105e-06 9.556912e-09)
(0.002513371 -1.533375e-06 9.907477e-09)
(0.002513838 -1.473698e-06 1.141551e-08)
(0.002514279 -1.417446e-06 9.407913e-09)
(0.002514726 -1.360284e-06 1.628355e-08)
(0.002515081 -1.316032e-06 -3.411897e-10)
(0.00251564 -1.225248e-06 3.855937e-08)
(0.002497069 -3.476461e-06 -5.448787e-10)
(0.002497716 -3.342736e-06 -4.520854e-10)
(0.002498336 -3.213979e-06 -1.763756e-10)
(0.002498931 -3.090024e-06 1.388343e-10)
(0.002499501 -2.970726e-06 4.980883e-10)
(0.002500048 -2.85588e-06 9.419224e-10)
(0.002500572 -2.745315e-06 1.422706e-09)
(0.002501075 -2.638859e-06 1.953827e-09)
(0.002501557 -2.536344e-06 2.52684e-09)
(0.002502019 -2.437631e-06 3.141128e-09)
(0.002502463 -2.342598e-06 3.801986e-09)
(0.002502888 -2.251128e-06 4.469293e-09)
(0.002503295 -2.163146e-06 5.102054e-09)
(0.002503686 -2.078492e-06 5.871983e-09)
(0.002504061 -1.997299e-06 6.274055e-09)
(0.002504422 -1.918909e-06 7.569019e-09)
(0.002504762 -1.845055e-06 6.131153e-09)
(0.002505106 -1.770247e-06 1.154294e-08)
(0.002505379 -1.712025e-06 -1.188179e-09)
(0.00250581 -1.594392e-06 2.886616e-08)
(0.002484719 -4.082155e-06 -5.479194e-09)
(0.002485158 -3.922207e-06 -5.288577e-09)
(0.002485577 -3.768437e-06 -4.957607e-09)
(0.002485977 -3.620598e-06 -4.591638e-09)
(0.00248636 -3.478482e-06 -4.18948e-09)
(0.002486725 -3.341836e-06 -3.72388e-09)
(0.002487074 -3.210422e-06 -3.237513e-09)
(0.002487408 -3.084022e-06 -2.713752e-09)
(0.002487726 -2.962434e-06 -2.15617e-09)
(0.002488031 -2.845481e-06 -1.562436e-09)
(0.002488322 -2.733006e-06 -9.25897e-10)
(0.0024886 -2.624865e-06 -2.848984e-10)
(0.002488866 -2.520959e-06 3.385613e-10)
(0.002489121 -2.4211e-06 1.057314e-09)
(0.002489364 -2.325429e-06 1.532276e-09)
(0.002489598 -2.233212e-06 2.590136e-09)
(0.002489817 -2.14638e-06 1.847414e-09)
(0.00249004 -2.058823e-06 5.555211e-09)
(0.002490215 -1.990121e-06 -2.532924e-09)
(0.002490492 -1.85447e-06 1.709775e-08)
(0.002465084 -4.429652e-06 -1.171423e-08)
(0.002465291 -4.252624e-06 -1.135754e-08)
(0.002465488 -4.082666e-06 -1.092649e-08)
(0.002465673 -3.919474e-06 -1.047703e-08)
(0.002465849 -3.762789e-06 -1.001174e-08)
(0.002466015 -3.612315e-06 -9.508453e-09)
(0.002466172 -3.467778e-06 -8.995145e-09)
(0.002466321 -3.328926e-06 -8.451307e-09)
(0.002466462 -3.195523e-06 -7.884696e-09)
(0.002466595 -3.067355e-06 -7.291943e-09)
(0.002466721 -2.94424e-06 -6.662663e-09)
(0.002466841 -2.82601e-06 -6.029964e-09)
(0.002466954 -2.712549e-06 -5.394612e-09)
(0.002467062 -2.603657e-06 -4.706947e-09)
(0.002467164 -2.499469e-06 -4.126193e-09)
(0.002467261 -2.399246e-06 -3.286375e-09)
(0.002467352 -2.304931e-06 -3.253379e-09)
(0.002467444 -2.210389e-06 -1.305162e-09)
(0.002467515 -2.135344e-06 -4.41953e-09)
(0.002467628 -1.991876e-06 4.241384e-09)
(0.002435056 -4.501914e-06 -1.899574e-08)
(0.00243503 -4.318347e-06 -1.843018e-08)
(0.002435002 -4.142347e-06 -1.786113e-08)
(0.002434972 -3.973578e-06 -1.729127e-08)
(0.002434941 -3.811745e-06 -1.672659e-08)
(0.002434909 -3.656522e-06 -1.614884e-08)
(0.002434875 -3.507607e-06 -1.557381e-08)
(0.00243484 -3.364719e-06 -1.49786e-08)
(0.002434805 -3.227604e-06 -1.43716e-08)
(0.00243477 -3.09603e-06 -1.374689e-08)
(0.002434734 -2.969799e-06 -1.309167e-08)
(0.002434698 -2.848734e-06 -1.243198e-08)
(0.002434662 -2.732712e-06 -1.174877e-08)
(0.002434626 -2.621534e-06 -1.105402e-08)
(0.00243459 -2.51532e-06 -1.033303e-08)
(0.002434555 -2.413394e-06 -9.660057e-09)
(0.002434521 -2.317532e-06 -8.8263e-09)
(0.002434486 -2.22216e-06 -8.507861e-09)
(0.002434457 -2.14526e-06 -6.764554e-09)
(0.002434413 -2.004589e-06 -8.553448e-09)
(0.002390573 -4.307581e-06 -2.68414e-08)
(0.002390334 -4.128559e-06 -2.602327e-08)
(0.002390103 -3.957134e-06 -2.527348e-08)
(0.002389878 -3.792958e-06 -2.454416e-08)
(0.00238966 -3.635718e-06 -2.384219e-08)
(0.002389449 -3.485075e-06 -2.315275e-08)
(0.002389244 -3.34072e-06 -2.247797e-08)
(0.002389046 -3.202366e-06 -2.179195e-08)
(0.002388853 -3.069756e-06 -2.110533e-08)
(0.002388668 -2.942658e-06 -2.040976e-08)
(0.002388488 -2.820874e-06 -1.968916e-08)
(0.002388314 -2.704235e-06 -1.895988e-08)
(0.002388146 -2.592619e-06 -1.818641e-08)
(0.002387984 -2.48585e-06 -1.743544e-08)
(0.002387828 -2.384024e-06 -1.653596e-08)
(0.002387676 -2.286592e-06 -1.594742e-08)
(0.002387533 -2.195011e-06 -1.434099e-08)
(0.002387388 -2.104769e-06 -1.536272e-08)
(0.002387271 -2.030464e-06 -9.296566e-09)
(0.002387091 -1.902505e-06 -2.005873e-08)
(0.002326372 -3.882285e-06 -3.445935e-08)
(0.002325963 -3.718176e-06 -3.336876e-08)
(0.002325569 -3.561208e-06 -3.241012e-08)
(0.002325189 -3.411045e-06 -3.149386e-08)
(0.002324823 -3.267379e-06 -3.06235e-08)
(0.00232447 -3.12988e-06 -2.978774e-08)
(0.002324131 -2.998254e-06 -2.897486e-08)
(0.002323803 -2.872228e-06 -2.816466e-08)
(0.002323489 -2.75157e-06 -2.736199e-08)
(0.002323185 -2.636066e-06 -2.655616e-08)
(0.002322894 -2.525532e-06 -2.572902e-08)
(0.002322613 -2.419821e-06 -2.488627e-08)
(0.002322343 -2.318825e-06 -2.398008e-08)
(0.002322084 -2.222408e-06 -2.312331e-08)
(0.002321835 -2.130644e-06 -2.201818e-08)
(0.002321595 -2.043152e-06 -2.142411e-08)
(0.002321368 -1.960974e-06 -1.912735e-08)
(0.00232114 -1.881002e-06 -2.108961e-08)
(0.002320956 -1.813308e-06 -1.157485e-08)
(0.002320673 -1.70617e-06 -2.91293e-08)
(0.002235626 -3.285252e-06 -4.094314e-08)
(0.002235105 -3.144405e-06 -3.958555e-08)
(0.002234604 -3.009816e-06 -3.840558e-08)
(0.002234123 -2.88119e-06 -3.728922e-08)
(0.002233661 -2.758235e-06 -3.623174e-08)
(0.002233217 -2.640658e-06 -3.523209e-08)
(0.00223279 -2.528201e-06 -3.426747e-08)
(0.002232381 -2.420628e-06 -3.331788e-08)
(0.002231988 -2.317744e-06 -3.236976e-08)
(0.00223161 -2.219367e-06 -3.141839e-08)
(0.002231248 -2.125348e-06 -3.044671e-08)
(0.0022309 -2.035573e-06 -2.945042e-08)
(0.002230567 -1.94996e-06 -2.837838e-08)
(0.002230247 -1.868426e-06 -2.73746e-08)
(0.002229941 -1.791025e-06 -2.605032e-08)
(0.002229646 -1.717574e-06 -2.536493e-08)
(0.002229368 -1.648658e-06 -2.250567e-08)
(0.002229088 -1.582725e-06 -2.49676e-08)
(0.002228863 -1.524839e-06 -1.309122e-08)
(0.002228518 -1.443945e-06 -3.490413e-08)
(0.002109404 -2.590842e-06 -4.53142e-08)
(0.002108836 -2.478562e-06 -4.372993e-08)
(0.002108292 -2.371358e-06 -4.234806e-08)
(0.00210777 -2.268993e-06 -4.10424e-08)
(0.002107269 -2.171211e-06 -3.980568e-08)
(0.002106789 -2.077773e-06 -3.864208e-08)
(0.002106329 -1.988473e-06 -3.751773e-08)
(0.002105888 -1.903126e-06 -3.641093e-08)
(0.002105466 -1.821578e-06 -3.530484e-08)
(0.002105061 -1.74369e-06 -3.4198e-08)
(0.002104672 -1.669358e-06 -3.307128e-08)
(0.0021043 -1.598508e-06 -3.191256e-08)
(0.002103944 -1.531093e-06 -3.067079e-08)
(0.002103603 -1.46709e-06 -2.951054e-08)
(0.002103276 -1.406543e-06 -2.7988e-08)
(0.002102962 -1.349466e-06 -2.716293e-08)
(0.002102666 -1.296026e-06 -2.391305e-08)
(0.002102369 -1.24617e-06 -2.647485e-08)
(0.00210213 -1.200222e-06 -1.339401e-08)
(0.002101764 -1.14787e-06 -3.69925e-08)
(0.001935922 -1.87759e-06 -4.702786e-08)
(0.001935371 -1.795609e-06 -4.526773e-08)
(0.001934844 -1.717406e-06 -4.371405e-08)
(0.001934339 -1.642801e-06 -4.224276e-08)
(0.001933855 -1.571581e-06 -4.084891e-08)
(0.001933392 -1.503571e-06 -3.953655e-08)
(0.001932949 -1.438619e-06 -3.827124e-08)
(0.001932524 -1.376594e-06 -3.702625e-08)
(0.001932118 -1.317388e-06 -3.577772e-08)
(0.001931729 -1.260908e-06 -3.453379e-08)
(0.001931356 -1.207096e-06 -3.327192e-08)
(0.001930999 -1.155918e-06 -3.197302e-08)
(0.001930658 -1.107362e-06 -3.059243e-08)
(0.001930331 -1.061462e-06 -2.930067e-08)
(0.001930019 -1.018263e-06 -2.763112e-08)
(0.001929718 -9.779548e-07 -2.665866e-08)
(0.001929435 -9.403834e-07 -2.320499e-08)
(0.00192915 -9.067713e-07 -2.555701e-08)
(0.001928922 -8.7368e-07 -1.232657e-08)
(0.001928573 -8.490651e-07 -3.565383e-08)
(0.00169957 -1.215603e-06 -4.5483e-08)
(0.00169909 -1.162294e-06 -4.363772e-08)
(0.00169863 -1.111517e-06 -4.198385e-08)
(0.00169819 -1.063134e-06 -4.041995e-08)
(0.001697769 -1.016979e-06 -3.893916e-08)
(0.001697366 -9.729338e-07 -3.754643e-08)
(0.001696981 -9.308996e-07 -3.620504e-08)
(0.001696612 -8.907937e-07 -3.488471e-08)
(0.001696259 -8.5255e-07 -3.356347e-08)
(0.001695921 -8.161183e-07 -3.225509e-08)
(0.001695598 -7.814791e-07 -3.092843e-08)
(0.001695289 -7.486308e-07 -2.95632e-08)
(0.001694993 -7.175901e-07 -2.812123e-08)
(0.001694709 -6.884362e-07 -2.677095e-08)
(0.001694438 -6.612233e-07 -2.50471e-08)
(0.001694177 -6.362774e-07 -2.398073e-08)
(0.001693931 -6.132682e-07 -2.052757e-08)
(0.001693683 -5.943694e-07 -2.252611e-08)
(0.001693484 -5.739154e-07 -1.001255e-08)
(0.001693179 -5.735807e-07 -3.18054e-08)
(0.001379785 -6.603766e-07 -4.131026e-08)
(0.001379414 -6.313266e-07 -3.947354e-08)
(0.001379058 -6.037635e-07 -3.781115e-08)
(0.001378718 -5.775587e-07 -3.624912e-08)
(0.001378392 -5.525857e-07 -3.477627e-08)
(0.001378081 -5.287721e-07 -3.339575e-08)
(0.001377783 -5.060635e-07 -3.206945e-08)
(0.001377498 -4.844136e-07 -3.07644e-08)
(0.001377226 -4.637891e-07 -2.945826e-08)
(0.001376965 -4.441753e-07 -2.817329e-08)
(0.001376715 -4.25578e-07 -2.686537e-08)
(0.001376476 -4.080116e-07 -2.551909e-08)
(0.001376247 -3.915075e-07 -2.410552e-08)
(0.001376027 -3.761671e-07 -2.278197e-08)
(0.001375816 -3.620396e-07 -2.109545e-08)
(0.001375613 -3.495287e-07 -2.000439e-08)
(0.001375421 -3.382416e-07 -1.669304e-08)
(0.001375225 -3.30951e-07 -1.830318e-08)
(0.001375069 -3.215026e-07 -7.008715e-09)
(0.001374826 -3.393084e-07 -2.693438e-08)
(0.0009500069 -2.480162e-07 -3.194478e-08)
(0.0009497688 -2.371145e-07 -3.039986e-08)
(0.0009495411 -2.268641e-07 -2.901066e-08)
(0.0009493232 -2.171453e-07 -2.772325e-08)
(0.0009491147 -2.078837e-07 -2.651052e-08)
(0.0009489152 -1.990522e-07 -2.537877e-08)
(0.0009487242 -1.906342e-07 -2.428566e-08)
(0.0009485413 -1.826102e-07 -2.320227e-08)
(0.0009483663 -1.749736e-07 -2.212055e-08)
(0.0009481986 -1.677314e-07 -2.105769e-08)
(0.0009480379 -1.60894e-07 -1.995977e-08)
(0.0009478838 -1.544753e-07 -1.882805e-08)
(0.0009477359 -1.485049e-07 -1.763923e-08)
(0.0009475936 -1.430725e-07 -1.653614e-08)
(0.0009474569 -1.382023e-07 -1.509173e-08)
(0.0009473238 -1.342962e-07 -1.41851e-08)
(0.0009471978 -1.310116e-07 -1.129897e-08)
(0.0009470665 -1.312705e-07 -1.281762e-08)
(0.0009469621 -1.300607e-07 -3.243078e-09)
(0.0009467887 -1.565804e-07 -2.238472e-08)
(0.0003772042 -1.690536e-08 -1.829445e-08)
(0.000377118 -1.619338e-08 -1.742948e-08)
(0.0003770355 -1.555797e-08 -1.662098e-08)
(0.0003769564 -1.494876e-08 -1.587286e-08)
(0.0003768807 -1.435973e-08 -1.515701e-08)
(0.0003768081 -1.379721e-08 -1.449185e-08)
(0.0003767385 -1.326189e-08 -1.38378e-08)
(0.0003766717 -1.27503e-08 -1.319232e-08)
(0.0003766077 -1.226552e-08 -1.254921e-08)
(0.0003765463 -1.181456e-08 -1.191873e-08)
(0.0003764872 -1.139647e-08 -1.126126e-08)
(0.0003764304 -1.101719e-08 -1.059012e-08)
(0.0003763758 -1.067756e-08 -9.889915e-09)
(0.0003763228 -1.042916e-08 -9.26923e-09)
(0.0003762717 -1.021673e-08 -8.381944e-09)
(0.0003762209 -1.033571e-08 -7.931657e-09)
(0.0003761729 -1.028965e-08 -5.96242e-09)
(0.0003761189 -1.225778e-08 -7.379709e-09)
(0.000376078 -1.168898e-08 -3.348878e-10)
(0.0003759878 -2.786302e-08 -1.586373e-08)
(0.002440696 -2.624055e-06 2.272443e-09)
(0.002431311 -3.921881e-06 -4.889083e-09)
(0.002431928 -3.795965e-06 -4.834281e-09)
(0.002432524 -3.674182e-06 -4.705707e-09)
(0.002433099 -3.556349e-06 -4.556975e-09)
(0.002433654 -3.442292e-06 -4.323526e-09)
(0.002420222 -4.619485e-06 -1.491714e-08)
(0.002420646 -4.468062e-06 -1.456225e-08)
(0.002421054 -4.321819e-06 -1.415018e-08)
(0.002421446 -4.180515e-06 -1.373118e-08)
(0.002421824 -4.0439e-06 -1.325924e-08)
(0.002402178 -5.030109e-06 -2.767965e-08)
(0.002402385 -4.861484e-06 -2.69054e-08)
(0.002402583 -4.698856e-06 -2.610317e-08)
(0.002402771 -4.541927e-06 -2.53165e-08)
(0.00240295 -4.390396e-06 -2.451709e-08)
(0.002374084 -5.130385e-06 -4.2671e-08)
(0.002374069 -4.95448e-06 -4.135694e-08)
(0.002374051 -4.78507e-06 -4.005303e-08)
(0.002374031 -4.621816e-06 -3.87938e-08)
(0.002374009 -4.464382e-06 -3.757185e-08)
(0.002331902 -4.925693e-06 -5.884566e-08)
(0.002331681 -4.753202e-06 -5.690474e-08)
(0.002331465 -4.5873e-06 -5.501995e-08)
(0.002331254 -4.427627e-06 -5.321592e-08)
(0.002331048 -4.27384e-06 -5.150281e-08)
(0.002270435 -4.45282e-06 -7.456458e-08)
(0.002270046 -4.293989e-06 -7.197635e-08)
(0.002269668 -4.141403e-06 -6.949258e-08)
(0.002269302 -3.994707e-06 -6.712761e-08)
(0.002268947 -3.853582e-06 -6.490288e-08)
(0.002182978 -3.777193e-06 -8.794458e-08)
(0.002182476 -3.640459e-06 -8.477192e-08)
(0.002181991 -3.509222e-06 -8.175001e-08)
(0.002181521 -3.383162e-06 -7.888102e-08)
(0.002181067 -3.262011e-06 -7.61891e-08)
(0.002060812 -2.983701e-06 -9.712203e-08)
(0.002060261 -2.874555e-06 -9.352396e-08)
(0.002059729 -2.769862e-06 -9.010932e-08)
(0.002059215 -2.669363e-06 -8.686963e-08)
(0.002058719 -2.572861e-06 -8.3822e-08)
(0.001892456 -2.163737e-06 -1.011321e-07)
(0.001891919 -2.084114e-06 -9.73133e-08)
(0.0018914 -2.007759e-06 -9.369447e-08)
(0.0018909 -1.934495e-06 -9.025257e-08)
(0.001890417 -1.864196e-06 -8.699401e-08)
(0.001662668 -1.400273e-06 -9.934486e-08)
(0.001662197 -1.348657e-06 -9.553443e-08)
(0.001661743 -1.299157e-06 -9.192005e-08)
(0.001661305 -1.251679e-06 -8.846569e-08)
(0.001660882 -1.206156e-06 -8.516699e-08)
(0.001351238 -7.590528e-07 -9.244416e-08)
(0.001350873 -7.311147e-07 -8.88333e-08)
(0.00135052 -7.043162e-07 -8.539894e-08)
(0.00135018 -6.786283e-07 -8.209207e-08)
(0.001349852 -6.540119e-07 -7.89076e-08)
(0.0009317656 -2.843702e-07 -7.588747e-08)
(0.0009315308 -2.739316e-07 -7.284979e-08)
(0.0009313044 -2.639346e-07 -6.995645e-08)
(0.0009310861 -2.543803e-07 -6.715337e-08)
(0.0009308755 -2.452513e-07 -6.444055e-08)
(0.0003709143 -1.971384e-08 -4.367192e-08)
(0.000370829 -1.899305e-08 -4.18968e-08)
(0.0003707468 -1.832432e-08 -4.020979e-08)
(0.0003706675 -1.769969e-08 -3.8574e-08)
(0.0003705909 -1.714053e-08 -3.701899e-08)
(0.002243304 -2.256687e-06 8.942652e-10)
(0.002234841 -3.363398e-06 -8.801241e-09)
(0.002235367 -3.257198e-06 -8.716761e-09)
(0.002235874 -3.154378e-06 -8.588615e-09)
(0.002236364 -3.054805e-06 -8.422502e-09)
(0.002236837 -2.958344e-06 -8.163172e-09)
(0.002224682 -3.957874e-06 -2.290834e-08)
(0.002225038 -3.830337e-06 -2.233448e-08)
(0.002225381 -3.707036e-06 -2.174231e-08)
(0.00222571 -3.587789e-06 -2.113935e-08)
(0.002226028 -3.472404e-06 -2.048057e-08)
(0.002208239 -4.304959e-06 -4.077258e-08)
(0.002208404 -4.163162e-06 -3.953058e-08)
(0.002208562 -4.026265e-06 -3.830648e-08)
(0.002208713 -3.894043e-06 -3.711079e-08)
(0.002208856 -3.766263e-06 -3.591216e-08)
(0.002182735 -4.385535e-06 -6.163404e-08)
(0.002182705 -4.237878e-06 -5.95539e-08)
(0.002182675 -4.095523e-06 -5.753777e-08)
(0.002182643 -3.958212e-06 -5.560016e-08)
(0.00218261 -3.825683e-06 -5.372513e-08)
(0.002144545 -4.205253e-06 -8.396554e-08)
(0.002144336 -4.060734e-06 -8.093458e-08)
(0.002144131 -3.921586e-06 -7.802178e-08)
(0.002143932 -3.787535e-06 -7.52463e-08)
(0.002143738 -3.658315e-06 -7.260543e-08)
(0.002088988 -3.796485e-06 -1.054935e-07)
(0.002088632 -3.663673e-06 -1.015026e-07)
(0.002088286 -3.535944e-06 -9.768493e-08)
(0.002087951 -3.413029e-06 -9.406448e-08)
(0.002087626 -3.294679e-06 -9.064782e-08)
(0.00201 -3.215686e-06 -1.236262e-07)
(0.002009545 -3.101594e-06 -1.18796e-07)
(0.002009105 -2.991971e-06 -1.141866e-07)
(0.002008679 -2.886573e-06 -1.098269e-07)
(0.002008266 -2.785193e-06 -1.057249e-07)
(0.001899642 -2.53553e-06 -1.359908e-07)
(0.001899143 -2.444687e-06 -1.305707e-07)
(0.001898662 -2.357458e-06 -1.254027e-07)
(0.001898197 -2.273647e-06 -1.205172e-07)
(0.001897747 -2.193102e-06 -1.159195e-07)
(0.001747365 -1.833925e-06 -1.413661e-07)
(0.001746878 -1.767881e-06 -1.356751e-07)
(0.001746408 -1.704484e-06 -1.302451e-07)
(0.001745955 -1.643601e-06 -1.251054e-07)
(0.001745517 -1.585136e-06 -1.202519e-07)
(0.00153897 -1.181885e-06 -1.394415e-07)
(0.001538542 -1.139298e-06 -1.3381e-07)
(0.001538129 -1.09842e-06 -1.284287e-07)
(0.00153773 -1.05918e-06 -1.233185e-07)
(0.001537346 -1.02153e-06 -1.184678e-07)
(0.00125522 -6.357389e-07 -1.306995e-07)
(0.001254886 -6.12912e-07 -1.254199e-07)
(0.001254563 -5.909956e-07 -1.203647e-07)
(0.001254252 -5.699708e-07 -1.155418e-07)
(0.001253952 -5.498104e-07 -1.109362e-07)
(0.0008701625 -2.347019e-07 -1.104403e-07)
(0.0008699463 -2.263395e-07 -1.059743e-07)
(0.0008697378 -2.183181e-07 -1.016964e-07)
(0.0008695367 -2.106463e-07 -9.760122e-08)
(0.0008693426 -2.033202e-07 -9.368027e-08)
(0.0003495305 -1.524159e-08 -6.313646e-08)
(0.0003494512 -1.47179e-08 -6.059109e-08)
(0.0003493748 -1.422798e-08 -5.815735e-08)
(0.000349301 -1.37733e-08 -5.58215e-08)
(0.0003492297 -1.338259e-08 -5.358377e-08)
(0.001938666 -1.762603e-06 1.638336e-10)
(0.001931574 -2.61659e-06 -9.344795e-09)
(0.001931978 -2.535892e-06 -9.267011e-09)
(0.001932367 -2.457626e-06 -9.160288e-09)
(0.001932744 -2.38171e-06 -9.006796e-09)
(0.001933109 -2.308063e-06 -8.755117e-09)
(0.001922873 -3.074293e-06 -2.332168e-08)
(0.001923139 -2.977592e-06 -2.273782e-08)
(0.001923396 -2.88394e-06 -2.215256e-08)
(0.001923644 -2.79322e-06 -2.155033e-08)
(0.001923882 -2.705314e-06 -2.088895e-08)
(0.001908884 -3.337826e-06 -4.099641e-08)
(0.001908998 -3.230589e-06 -3.972584e-08)
(0.001909106 -3.126873e-06 -3.849092e-08)
(0.001909209 -3.026536e-06 -3.728102e-08)
(0.001909307 -2.929427e-06 -3.6068e-08)
(0.001887301 -3.393409e-06 -6.160125e-08)
(0.001887258 -3.28206e-06 -5.947557e-08)
(0.001887215 -3.174513e-06 -5.743188e-08)
(0.001887171 -3.070604e-06 -5.546635e-08)
(0.001887128 -2.970164e-06 -5.356637e-08)
(0.001855101 -3.246701e-06 -8.361128e-08)
(0.001854913 -3.138055e-06 -8.052161e-08)
(0.00185473 -3.033253e-06 -7.756749e-08)
(0.001854552 -2.932118e-06 -7.475308e-08)
(0.001854379 -2.834478e-06 -7.207969e-08)
(0.001808364 -2.923941e-06 -1.047909e-07)
(0.001808058 -2.824431e-06 -1.007339e-07)
(0.001807762 -2.728549e-06 -9.686572e-08)
(0.001807475 -2.63612e-06 -9.32e-08)
(0.001807196 -2.546987e-06 -8.974728e-08)
(0.001741982 -2.46959e-06 -1.226128e-07)
(0.001741597 -2.38443e-06 -1.177147e-07)
(0.001741224 -2.302449e-06 -1.130518e-07)
(0.001740864 -2.223489e-06 -1.086443e-07)
(0.001740515 -2.147422e-06 -1.045086e-07)
(0.001649211 -1.940174e-06 -1.34841e-07)
(0.001648791 -1.872683e-06 -1.293543e-07)
(0.001648386 -1.807753e-06 -1.241316e-07)
(0.001647994 -1.745259e-06 -1.191991e-07)
(0.001647615 -1.685108e-06 -1.145716e-07)
(0.001520977 -1.395946e-06 -1.403916e-07)
(0.001520566 -1.347199e-06 -1.346353e-07)
(0.00152017 -1.300318e-06 -1.291501e-07)
(0.001519787 -1.255219e-06 -1.239648e-07)
(0.001519418 -1.211847e-06 -1.190866e-07)
(0.00134482 -8.920548e-07 -1.392598e-07)
(0.001344457 -8.609467e-07 -1.335552e-07)
(0.001344106 -8.310328e-07 -1.281099e-07)
(0.001343768 -8.022703e-07 -1.229482e-07)
(0.001343442 -7.746327e-07 -1.180697e-07)
(0.001103316 -4.726644e-07 -1.318896e-07)
(0.00110303 -4.56298e-07 -1.265228e-07)
(0.001102755 -4.405567e-07 -1.21389e-07)
(0.001102489 -4.254301e-07 -1.165031e-07)
(0.001102232 -4.10903e-07 -1.118591e-07)
(0.0007717551 -1.69184e-07 -1.138866e-07)
(0.0007715683 -1.634216e-07 -1.092954e-07)
(0.0007713881 -1.578832e-07 -1.04901e-07)
(0.0007712142 -1.525762e-07 -1.007069e-07)
(0.0007710464 -1.475038e-07 -9.671354e-08)
(0.0003150307 -9.112306e-09 -6.646858e-08)
(0.0003149611 -8.835074e-09 -6.382511e-08)
(0.0003148939 -8.57563e-09 -6.129733e-08)
(0.000314829 -8.336141e-09 -5.887454e-08)
(0.0003147663 -8.143105e-09 -5.655438e-08)
(0.001525812 -1.216233e-06 1.777277e-11)
(0.001520469 -1.796226e-06 -6.964341e-09)
(0.00152074 -1.742491e-06 -6.917706e-09)
(0.001521003 -1.690243e-06 -6.852434e-09)
(0.001521258 -1.639449e-06 -6.7408e-09)
(0.001521504 -1.590078e-06 -6.545803e-09)
(0.001513748 -2.105714e-06 -1.725921e-08)
(0.001513921 -2.041523e-06 -1.68358e-08)
(0.001514088 -1.979201e-06 -1.641573e-08)
(0.001514249 -1.918692e-06 -1.597267e-08)
(0.001514404 -1.859944e-06 -1.547736e-08)
(0.001503023 -2.280108e-06 -3.028345e-08)
(0.001503086 -2.209189e-06 -2.934913e-08)
(0.001503145 -2.140425e-06 -2.844682e-08)
(0.001503202 -2.073746e-06 -2.755449e-08)
(0.001503257 -2.009081e-06 -2.665525e-08)
(0.001486568 -2.310936e-06 -4.547021e-08)
(0.001486518 -2.237612e-06 -4.390061e-08)
(0.001486469 -2.16661e-06 -4.239828e-08)
(0.001486421 -2.097845e-06 -4.094737e-08)
(0.001486373 -2.031238e-06 -3.954454e-08)
(0.001462116 -2.203275e-06 -6.169346e-08)
(0.001461963 -2.132077e-06 -5.940846e-08)
(0.001461814 -2.063216e-06 -5.723115e-08)
(0.001461669 -1.996602e-06 -5.515285e-08)
(0.001461528 -1.932152e-06 -5.318253e-08)
(0.001426715 -1.976198e-06 -7.730888e-08)
(0.001426477 -1.911345e-06 -7.430609e-08)
(0.001426247 -1.848687e-06 -7.145193e-08)
(0.001426024 -1.788135e-06 -6.874377e-08)
(0.001425807 -1.729614e-06 -6.62018e-08)
(0.001376492 -1.66087e-06 -9.046681e-08)
(0.001376197 -1.605734e-06 -8.684104e-08)
(0.001375912 -1.552508e-06 -8.339699e-08)
(0.001375636 -1.501114e-06 -8.014094e-08)
(0.001375369 -1.451491e-06 -7.709583e-08)
(0.001306286 -1.296251e-06 -9.957219e-08)
(0.001305966 -1.252926e-06 -9.550795e-08)
(0.001305656 -1.211127e-06 -9.16462e-08)
(0.001305358 -1.170794e-06 -8.79999e-08)
(0.001305069 -1.131884e-06 -8.459007e-08)
(0.001209053 -9.235725e-07 -1.039276e-07)
(0.001208739 -8.92667e-07 -9.965525e-08)
(0.001208437 -8.628604e-07 -9.559126e-08)
(0.001208144 -8.341137e-07 -9.175088e-08)
(0.001207862 -8.064023e-07 -8.814977e-08)
(0.0010749 -5.80773e-07 -1.037519e-07)
(0.001074621 -5.61449e-07 -9.94987e-08)
(0.001074352 -5.428138e-07 -9.544447e-08)
(0.001074093 -5.248498e-07 -9.1604e-08)
(0.001073842 -5.075467e-07 -8.798444e-08)
(0.0008894394 -2.988073e-07 -9.95448e-08)
(0.0008892178 -2.890163e-07 -9.550589e-08)
(0.0008890039 -2.795716e-07 -9.164703e-08)
(0.0008887975 -2.704705e-07 -8.797722e-08)
(0.0008885981 -2.617071e-07 -8.449789e-08)
(0.0006308531 -1.001535e-07 -8.809929e-08)
(0.000630706 -9.69956e-08 -8.458235e-08)
(0.000630564 -9.395057e-08 -8.121898e-08)
(0.0006304269 -9.102324e-08 -7.801189e-08)
(0.0006302946 -8.822102e-08 -7.496727e-08)
(0.0002646118 -2.702668e-09 -5.32876e-08)
(0.0002645555 -2.666849e-09 -5.121008e-08)
(0.0002645012 -2.63553e-09 -4.921901e-08)
(0.0002644487 -2.609011e-09 -4.731361e-08)
(0.0002643979 -2.608853e-09 -4.548446e-08)
(0.001003731 -6.827243e-07 1.690048e-10)
(0.001000422 -1.001754e-06 -3.182376e-09)
(0.00100057 -9.729131e-07 -3.17305e-09)
(0.001000713 -9.447735e-07 -3.152003e-09)
(0.001000852 -9.173369e-07 -3.09597e-09)
(0.001000986 -8.906068e-07 -2.993313e-09)
(0.0009961521 -1.170657e-06 -8.127882e-09)
(0.0009962412 -1.136357e-06 -7.939703e-09)
(0.0009963272 -1.102943e-06 -7.751271e-09)
(0.0009964102 -1.070406e-06 -7.540011e-09)
(0.0009964903 -1.038735e-06 -7.300238e-09)
(0.0009893837 -1.262701e-06 -1.440542e-08)
(0.0009894072 -1.225011e-06 -1.397299e-08)
(0.0009894295 -1.188343e-06 -1.355517e-08)
(0.0009894507 -1.152677e-06 -1.31326e-08)
(0.0009894709 -1.117997e-06 -1.270874e-08)
(0.0009790517 -1.273856e-06 -2.174795e-08)
(0.0009790086 -1.235141e-06 -2.101009e-08)
(0.0009789664 -1.197519e-06 -2.030507e-08)
(0.0009789251 -1.160968e-06 -1.961787e-08)
(0.0009788846 -1.125466e-06 -1.896206e-08)
(0.0009637549 -1.20785e-06 -2.961346e-08)
(0.0009636504 -1.170542e-06 -2.853014e-08)
(0.0009635489 -1.134329e-06 -2.750071e-08)
(0.0009634503 -1.099183e-06 -2.65144e-08)
(0.0009633546 -1.065081e-06 -2.559514e-08)
(0.0009416595 -1.076173e-06 -3.720289e-08)
(0.0009415051 -1.042501e-06 -3.577236e-08)
(0.0009413555 -1.009847e-06 -3.441557e-08)
(0.0009412106 -9.781836e-07 -3.312846e-08)
(0.0009410701 -9.474892e-07 -3.194084e-08)
(0.0009103479 -8.968046e-07 -4.362043e-08)
(0.0009101597 -8.685079e-07 -4.188668e-08)
(0.0009099776 -8.410844e-07 -4.02434e-08)
(0.0009098016 -8.145131e-07 -3.869308e-08)
(0.0009096312 -7.88775e-07 -3.726676e-08)
(0.0008665713 -6.917264e-07 -4.810442e-08)
(0.0008663681 -6.698417e-07 -4.615519e-08)
(0.0008661717 -6.486427e-07 -4.430693e-08)
(0.0008659821 -6.281129e-07 -4.256726e-08)
(0.0008657987 -6.082412e-07 -4.096561e-08)
(0.0008058403 -4.839798e-07 -5.038039e-08)
(0.0008056411 -4.687442e-07 -4.83236e-08)
(0.0008054487 -4.539882e-07 -4.637111e-08)
(0.000805263 -4.397034e-07 -4.45328e-08)
(0.0008050835 -4.258837e-07 -4.283348e-08)
(0.0007217098 -2.949263e-07 -5.070595e-08)
(0.0007215314 -2.857957e-07 -4.864348e-08)
(0.0007213592 -2.769505e-07 -4.668113e-08)
(0.000721193 -2.683896e-07 -4.482917e-08)
(0.0007210324 -2.601104e-07 -4.31062e-08)
(0.0006044091 -1.425809e-07 -4.955617e-08)
(0.0006042655 -1.383365e-07 -4.756682e-08)
(0.0006041268 -1.342201e-07 -4.566897e-08)
(0.000603993 -1.302345e-07 -4.387025e-08)
(0.0006038637 -1.263774e-07 -4.218428e-08)
(0.0004378817 -4.049195e-08 -4.548445e-08)
(0.0004377843 -3.943011e-08 -4.370127e-08)
(0.0004376903 -3.839567e-08 -4.199628e-08)
(0.0004375996 -3.739722e-08 -4.037805e-08)
(0.0004375119 -3.643495e-08 -3.885876e-08)
(0.0001925845 2.31674e-09 -2.934658e-08)
(0.0001925456 2.181274e-09 -2.82348e-08)
(0.000192508 2.052372e-09 -2.716852e-08)
(0.0001924717 1.925376e-09 -2.615137e-08)
(0.0001924365 1.792742e-09 -2.518096e-08)
(0.000371521 -2.044763e-07 1.305021e-10)
(0.0003704123 -2.970528e-07 -2.652753e-10)
(0.0003704545 -2.88987e-07 -2.676301e-10)
(0.0003704954 -2.810743e-07 -2.662024e-10)
(0.0003705351 -2.733249e-07 -2.551416e-10)
(0.0003705736 -2.657493e-07 -2.374417e-10)
(0.0003689416 -3.452705e-07 -8.3299e-10)
(0.0003689645 -3.357533e-07 -8.161416e-10)
(0.0003689866 -3.264316e-07 -7.966279e-10)
(0.000369008 -3.173117e-07 -7.690195e-10)
(0.0003690287 -3.084001e-07 -7.407375e-10)
(0.0003666209 -3.698656e-07 -1.564452e-09)
(0.0003666223 -3.595096e-07 -1.520715e-09)
(0.0003666236 -3.493778e-07 -1.476523e-09)
(0.0003666247 -3.394744e-07 -1.426965e-09)
(0.0003666258 -3.298043e-07 -1.38455e-09)
(0.000363091 -3.699489e-07 -2.432204e-09)
(0.0003630706 -3.594401e-07 -2.353742e-09)
(0.0003630508 -3.491692e-07 -2.277672e-09)
(0.0003630315 -3.391382e-07 -2.199469e-09)
(0.0003630127 -3.293514e-07 -2.137537e-09)
(0.0003578784 -3.470585e-07 -3.373732e-09)
(0.000357838 -3.370862e-07 -3.2551e-09)
(0.0003577988 -3.273466e-07 -3.142416e-09)
(0.0003577608 -3.17842e-07 -3.030887e-09)
(0.0003577239 -3.085744e-07 -2.945638e-09)
(0.0003503619 -3.050547e-07 -4.290513e-09)
(0.0003503053 -2.962286e-07 -4.132055e-09)
(0.0003502504 -2.876131e-07 -3.980479e-09)
(0.0003501973 -2.7921e-07 -3.83652e-09)
(0.0003501458 -2.710207e-07 -3.724273e-09)
(0.0003397198 -2.496267e-07 -5.074665e-09)
(0.0003396521 -2.42402e-07 -4.878861e-09)
(0.0003395867 -2.353519e-07 -4.694497e-09)
(0.0003395235 -2.284768e-07 -4.519468e-09)
(0.0003394622 -2.217794e-07 -4.384012e-09)
(0.0003248419 -1.874859e-07 -5.627535e-09)
(0.0003247695 -1.821117e-07 -5.405468e-09)
(0.0003246994 -1.768658e-07 -5.196669e-09)
(0.0003246318 -1.717504e-07 -5.000067e-09)
(0.0003245663 -1.667667e-07 -4.845898e-09)
(0.0003041826 -1.255503e-07 -5.932188e-09)
(0.0003041115 -1.220451e-07 -5.696347e-09)
(0.0003040428 -1.186206e-07 -5.474137e-09)
(0.0003039765 -1.152792e-07 -5.265612e-09)
(0.0003039123 -1.120215e-07 -5.098791e-09)
(0.0002754882 -7.030269e-08 -6.059709e-09)
(0.000275424 -6.846162e-08 -5.81999e-09)
(0.000275362 -6.665809e-08 -5.593762e-09)
(0.0002753022 -6.489513e-08 -5.381059e-09)
(0.0002752443 -6.317212e-08 -5.20719e-09)
(0.0002352216 -2.757931e-08 -6.189248e-09)
(0.000235169 -2.699056e-08 -5.948627e-09)
(0.0002351182 -2.64066e-08 -5.720304e-09)
(0.0002350692 -2.583129e-08 -5.504358e-09)
(0.0002350218 -2.526208e-08 -5.322591e-09)
(0.0001770287 -2.122159e-09 -6.327145e-09)
(0.0001769918 -2.215419e-09 -6.089654e-09)
(0.0001769562 -2.299686e-09 -5.862558e-09)
(0.0001769218 -2.377499e-09 -5.64878e-09)
(0.0001768885 -2.448584e-09 -5.465658e-09)
(8.626104e-05 3.994365e-09 -5.430041e-09)
(8.624491e-05 3.831921e-09 -5.232187e-09)
(8.622932e-05 3.675247e-09 -5.044607e-09)
(8.621424e-05 3.525214e-09 -4.86303e-09)
(8.619962e-05 3.375978e-09 -4.7012e-09)
(0.002453568 1.04288e-06 1.045509e-08)
(0.002454153 1.003663e-06 1.082766e-08)
(0.002454715 9.65827e-07 1.153021e-08)
(0.002455255 9.294348e-07 1.184178e-08)
(0.002455778 8.943165e-07 1.336328e-08)
(0.002456274 8.610304e-07 1.128767e-08)
(0.002456771 8.277273e-07 1.89608e-08)
(0.002457179 8.006622e-07 -2.660347e-10)
(0.002457802 7.488543e-07 5.089441e-08)
(0.002454529 3.850042e-07 1.105417e-08)
(0.002455206 3.708165e-07 1.14389e-08)
(0.002455857 3.571012e-07 1.199439e-08)
(0.002456483 3.437182e-07 1.258975e-08)
(0.002457087 3.307278e-07 1.337356e-08)
(0.002457668 3.182926e-07 1.367939e-08)
(0.002458229 3.063517e-07 1.526675e-08)
(0.002458762 2.950575e-07 1.298355e-08)
(0.002459296 2.837445e-07 2.117058e-08)
(0.002459734 2.745816e-07 4.53449e-10)
(0.002460404 2.56802e-07 5.538097e-08)
(0.002451548 -4.459888e-07 8.78353e-09)
(0.002452336 -4.290832e-07 9.040633e-09)
(0.002453095 -4.128105e-07 9.471645e-09)
(0.002453825 -3.970911e-07 1.000582e-08)
(0.002454529 -3.819592e-07 1.057672e-08)
(0.002455206 -3.675041e-07 1.120346e-08)
(0.002455858 -3.536667e-07 1.186738e-08)
(0.002456485 -3.40336e-07 1.24647e-08)
(0.002457089 -3.274589e-07 1.323719e-08)
(0.00245767 -3.150537e-07 1.353947e-08)
(0.002458231 -3.030737e-07 1.513992e-08)
(0.002458765 -2.917109e-07 1.286946e-08)
(0.002459299 -2.803468e-07 2.107392e-08)
(0.002459738 -2.710906e-07 3.429601e-10)
(0.002460409 -2.535342e-07 5.538628e-08)
(0.002447976 -1.414691e-06 6.277308e-09)
(0.002448773 -1.361618e-06 6.384061e-09)
(0.002449539 -1.310474e-06 6.696709e-09)
(0.002450277 -1.261266e-06 7.123705e-09)
(0.002450987 -1.213872e-06 7.617812e-09)
(0.00245167 -1.168126e-06 8.159527e-09)
(0.002452328 -1.123996e-06 8.743618e-09)
(0.00245296 -1.081483e-06 9.360307e-09)
(0.002453569 -1.040531e-06 1.000899e-08)
(0.002454155 -1.00111e-06 1.062751e-08)
(0.002454719 -9.631718e-07 1.142548e-08)
(0.00245526 -9.267349e-07 1.177291e-08)
(0.002455783 -8.915844e-07 1.332407e-08)
(0.00245628 -8.582623e-07 1.126245e-08)
(0.002456779 -8.249392e-07 1.89571e-08)
(0.002457187 -7.978312e-07 -3.19367e-10)
(0.002457812 -7.461689e-07 5.106581e-08)
(0.002441438 -2.533234e-06 2.196397e-09)
(0.002442218 -2.437854e-06 2.021738e-09)
(0.002442967 -2.345939e-06 2.118653e-09)
(0.002443688 -2.257371e-06 2.331977e-09)
(0.00244438 -2.172121e-06 2.638211e-09)
(0.002445046 -2.090036e-06 3.043374e-09)
(0.002445686 -2.010934e-06 3.486038e-09)
(0.002446301 -1.934684e-06 3.979279e-09)
(0.002446892 -1.861191e-06 4.531783e-09)
(0.002447461 -1.790386e-06 5.141265e-09)
(0.002448007 -1.722207e-06 5.796657e-09)
(0.002448532 -1.656575e-06 6.482553e-09)
(0.002449037 -1.593432e-06 7.13841e-09)
(0.002449523 -1.532681e-06 7.943108e-09)
(0.002449989 -1.474366e-06 8.354278e-09)
(0.002450439 -1.418159e-06 9.799084e-09)
(0.002450866 -1.364911e-06 8.132143e-09)
(0.002451294 -1.311751e-06 1.484611e-08)
(0.002451644 -1.268435e-06 -1.624502e-09)
(0.00245218 -1.186434e-06 4.268883e-08)
(0.002434243 -3.321393e-06 -4.14139e-09)
(0.002434861 -3.194576e-06 -4.079889e-09)
(0.002435453 -3.072504e-06 -3.818997e-09)
(0.00243602 -2.954978e-06 -3.465112e-09)
(0.002436565 -2.841876e-06 -3.056977e-09)
(0.002437088 -2.733017e-06 -2.571822e-09)
(0.002437589 -2.628231e-06 -2.037815e-09)
(0.00243807 -2.527364e-06 -1.454602e-09)
(0.002438531 -2.430267e-06 -8.280987e-10)
(0.002438974 -2.336806e-06 -1.586236e-10)
(0.002439399 -2.246873e-06 5.472858e-10)
(0.002439807 -2.160362e-06 1.272738e-09)
(0.002440198 -2.077195e-06 1.974376e-09)
(0.002440574 -1.997254e-06 2.794834e-09)
(0.002440934 -1.920592e-06 3.307888e-09)
(0.002441282 -1.846793e-06 4.618866e-09)
(0.002441611 -1.776932e-06 3.511256e-09)
(0.002441941 -1.707374e-06 8.880913e-09)
(0.00244221 -1.650501e-06 -3.678006e-09)
(0.002442622 -1.544219e-06 3.083723e-08)
(0.002422224 -3.899215e-06 -1.281943e-08)
(0.002422641 -3.747612e-06 -1.245393e-08)
(0.002423039 -3.601891e-06 -1.194653e-08)
(0.002423419 -3.46179e-06 -1.137342e-08)
(0.002423783 -3.327121e-06 -1.076319e-08)
(0.002424131 -3.197659e-06 -1.010216e-08)
(0.002424464 -3.073179e-06 -9.417678e-09)
(0.002424781 -2.953481e-06 -8.706234e-09)
(0.002425086 -2.838379e-06 -7.969505e-09)
(0.002425376 -2.72771e-06 -7.203006e-09)
(0.002425655 -2.621332e-06 -6.40906e-09)
(0.002425921 -2.519113e-06 -5.6053e-09)
(0.002426176 -2.420954e-06 -4.817033e-09)
(0.00242642 -2.326711e-06 -3.951104e-09)
(0.002426653 -2.236441e-06 -3.292586e-09)
(0.002426878 -2.149679e-06 -2.113606e-09)
(0.00242709 -2.067619e-06 -2.528658e-09)
(0.002427302 -1.986222e-06 1.286661e-09)
(0.002427476 -1.919308e-06 -6.596605e-09)
(0.002427741 -1.796685e-06 1.636288e-08)
(0.002403139 -4.230124e-06 -2.370566e-08)
(0.002403333 -4.062425e-06 -2.290671e-08)
(0.002403517 -3.901457e-06 -2.204746e-08)
(0.002403691 -3.746898e-06 -2.116914e-08)
(0.002403856 -3.598516e-06 -2.028979e-08)
(0.002404012 -3.456042e-06 -1.939718e-08)
(0.00240416 -3.319218e-06 -1.850656e-08)
(0.0024043 -3.187811e-06 -1.760912e-08)
(0.002404433 -3.061604e-06 -1.670548e-08)
(0.002404558 -2.940404e-06 -1.579105e-08)
(0.002404678 -2.824043e-06 -1.486283e-08)
(0.002404791 -2.712368e-06 -1.39358e-08)
(0.002404898 -2.605264e-06 -1.30168e-08)
(0.002405 -2.502576e-06 -1.206194e-08)
(0.002405097 -2.404355e-06 -1.120501e-08)
(0.00240519 -2.310132e-06 -1.011796e-08)
(0.002405277 -2.221111e-06 -9.746524e-09)
(0.002405364 -2.133239e-06 -7.518057e-09)
(0.002405434 -2.060434e-06 -1.0379e-08)
(0.002405542 -1.930642e-06 4.03423e-10)
(0.002373984 -4.298086e-06 -3.629665e-08)
(0.002373954 -4.124307e-06 -3.497326e-08)
(0.002373922 -3.957726e-06 -3.368201e-08)
(0.002373889 -3.797993e-06 -3.242456e-08)
(0.002373855 -3.644841e-06 -3.120627e-08)
(0.00237382 -3.497972e-06 -3.001481e-08)
(0.002373783 -3.357103e-06 -2.885573e-08)
(0.002373747 -3.221976e-06 -2.771381e-08)
(0.00237371 -3.092357e-06 -2.658832e-08)
(0.002373672 -2.968034e-06 -2.547205e-08)
(0.002373635 -2.848826e-06 -2.435672e-08)
(0.002373598 -2.734571e-06 -2.325358e-08)
(0.002373561 -2.625147e-06 -2.21506e-08)
(0.002373524 -2.520402e-06 -2.105299e-08)
(0.002373488 -2.420377e-06 -1.994726e-08)
(0.002373452 -2.324644e-06 -1.888668e-08)
(0.002373417 -2.234302e-06 -1.768939e-08)
(0.002373383 -2.145682e-06 -1.690812e-08)
(0.002373353 -2.071452e-06 -1.485326e-08)
(0.00237331 -1.944047e-06 -1.569064e-08)
(0.002330827 -4.111594e-06 -4.969453e-08)
(0.002330592 -3.942238e-06 -4.778047e-08)
(0.002330364 -3.780103e-06 -4.599574e-08)
(0.002330143 -3.624832e-06 -4.430287e-08)
(0.002329929 -3.47614e-06 -4.269379e-08)
(0.002329722 -3.333716e-06 -4.115477e-08)
(0.002329521 -3.197272e-06 -3.967917e-08)
(0.002329326 -3.066543e-06 -3.824606e-08)
(0.002329137 -2.941292e-06 -3.685197e-08)
(0.002328955 -2.821309e-06 -3.548752e-08)
(0.002328778 -2.706411e-06 -3.413839e-08)
(0.002328607 -2.596443e-06 -3.281073e-08)
(0.002328443 -2.491287e-06 -3.14755e-08)
(0.002328284 -2.390807e-06 -3.018058e-08)
(0.00232813 -2.295036e-06 -2.878036e-08)
(0.002327982 -2.203631e-06 -2.766142e-08)
(0.002327841 -2.11749e-06 -2.565346e-08)
(0.0023277 -2.033662e-06 -2.603363e-08)
(0.002327583 -1.962396e-06 -1.95978e-08)
(0.002327408 -1.846315e-06 -3.043254e-08)
(0.002268568 -3.704843e-06 -6.254485e-08)
(0.002268169 -3.549715e-06 -6.003573e-08)
(0.002267785 -3.401369e-06 -5.774737e-08)
(0.002267414 -3.259467e-06 -5.560654e-08)
(0.002267057 -3.123726e-06 -5.359126e-08)
(0.002266713 -2.993844e-06 -5.168539e-08)
(0.002266382 -2.869547e-06 -4.987159e-08)
(0.002266063 -2.750584e-06 -4.812523e-08)
(0.002265755 -2.636738e-06 -4.64382e-08)
(0.002265459 -2.527814e-06 -4.479818e-08)
(0.002265174 -2.423645e-06 -4.31857e-08)
(0.0022649 -2.324096e-06 -4.159947e-08)
(0.002264636 -2.229066e-06 -3.999846e-08)
(0.002264383 -2.138449e-06 -3.846439e-08)
(0.002264139 -2.052275e-06 -3.674566e-08)
(0.002263904 -1.970313e-06 -3.548689e-08)
(0.002263681 -1.893205e-06 -3.274194e-08)
(0.002263459 -1.818948e-06 -3.390145e-08)
(0.002263275 -1.754548e-06 -2.397062e-08)
(0.002263001 -1.657129e-06 -4.238858e-08)
(0.002180584 -3.134409e-06 -7.333184e-08)
(0.002180077 -3.001386e-06 -7.029458e-08)
(0.002179589 -2.874299e-06 -6.754909e-08)
(0.002179121 -2.75286e-06 -6.499812e-08)
(0.002178671 -2.6368e-06 -6.260576e-08)
(0.002178239 -2.52585e-06 -6.03589e-08)
(0.002177823 -2.419768e-06 -5.822858e-08)
(0.002177424 -2.31834e-06 -5.618723e-08)
(0.00217704 -2.22138e-06 -5.421374e-08)
(0.002176672 -2.128725e-06 -5.22966e-08)
(0.002176318 -2.040238e-06 -5.041294e-08)
(0.002175979 -1.955814e-06 -4.855637e-08)
(0.002175653 -1.875382e-06 -4.667867e-08)
(0.00217534 -1.798878e-06 -4.488555e-08)
(0.00217504 -1.726334e-06 -4.284892e-08)
(0.002174751 -1.657653e-06 -4.13849e-08)
(0.002174477 -1.593196e-06 -3.802843e-08)
(0.002174205 -1.532015e-06 -3.955303e-08)
(0.00217398 -1.477535e-06 -2.723711e-08)
(0.002173645 -1.403725e-06 -5.041825e-08)
(0.002058192 -2.471246e-06 -8.058839e-08)
(0.00205764 -2.36531e-06 -7.71605e-08)
(0.00205711 -2.264183e-06 -7.406804e-08)
(0.002056602 -2.167643e-06 -7.119662e-08)
(0.002056115 -2.075449e-06 -6.850678e-08)
(0.002055647 -1.987382e-06 -6.598403e-08)
(0.002055199 -1.90325e-06 -6.359126e-08)
(0.002054769 -1.822884e-06 -6.129659e-08)
(0.002054356 -1.746139e-06 -5.90751e-08)
(0.00205396 -1.672891e-06 -5.691578e-08)
(0.002053581 -1.603045e-06 -5.479248e-08)
(0.002053217 -1.536534e-06 -5.269338e-08)
(0.002052868 -1.47332e-06 -5.056835e-08)
(0.002052533 -1.413392e-06 -4.853635e-08)
(0.002052213 -1.356788e-06 -4.622487e-08)
(0.002051905 -1.303552e-06 -4.453379e-08)
(0.002051613 -1.253795e-06 -4.073835e-08)
(0.002051323 -1.207585e-06 -4.22569e-08)
(0.002051083 -1.164986e-06 -2.873875e-08)
(0.002050727 -1.116946e-06 -5.390695e-08)
(0.001889905 -1.790146e-06 -8.353674e-08)
(0.001889369 -1.712901e-06 -7.988683e-08)
(0.001888855 -1.639226e-06 -7.658163e-08)
(0.001888363 -1.568964e-06 -7.350691e-08)
(0.001887892 -1.501913e-06 -7.062326e-08)
(0.00188744 -1.437908e-06 -6.791693e-08)
(0.001887007 -1.376812e-06 -6.5347e-08)
(0.001886592 -1.318504e-06 -6.2879e-08)
(0.001886194 -1.262884e-06 -6.048141e-08)
(0.001885813 -1.209871e-06 -5.814838e-08)
(0.001885448 -1.159411e-06 -5.585062e-08)
(0.001885098 -1.111477e-06 -5.357279e-08)
(0.001884763 -1.066064e-06 -5.126556e-08)
(0.001884442 -1.023209e-06 -4.90521e-08)
(0.001884135 -9.829681e-07 -4.654172e-08)
(0.001883839 -9.455106e-07 -4.464299e-08)
(0.001883559 -9.107731e-07 -4.05975e-08)
(0.00188328 -8.796969e-07 -4.182308e-08)
(0.001883049 -8.497322e-07 -2.817607e-08)
(0.001882709 -8.268556e-07 -5.299057e-08)
(0.001660434 -1.158147e-06 -8.167467e-08)
(0.001659966 -1.108006e-06 -7.800143e-08)
(0.001659517 -1.06025e-06 -7.465365e-08)
(0.001659088 -1.014766e-06 -7.15299e-08)
(0.001658676 -9.713935e-07 -6.859754e-08)
(0.001658282 -9.300217e-07 -6.584119e-08)
(0.001657905 -8.905626e-07 -6.321964e-08)
(0.001657544 -8.529409e-07 -6.069542e-08)
(0.001657198 -8.170968e-07 -5.823725e-08)
(0.001656866 -7.829881e-07 -5.584369e-08)
(0.001656549 -7.505971e-07 -5.348095e-08)
(0.001656244 -7.199261e-07 -5.113174e-08)
(0.001655953 -6.909987e-07 -4.875066e-08)
(0.001655674 -6.638893e-07 -4.645768e-08)
(0.001655406 -6.386736e-07 -4.386489e-08)
(0.001655148 -6.156253e-07 -4.183546e-08)
(0.001654904 -5.946035e-07 -3.774257e-08)
(0.00165466 -5.772268e-07 -3.853788e-08)
(0.001654457 -5.594973e-07 -2.562563e-08)
(0.00165416 -5.587913e-07 -4.857502e-08)
(0.001349504 -6.279537e-07 -7.554529e-08)
(0.001349141 -6.007071e-07 -7.203525e-08)
(0.001348793 -5.748548e-07 -6.881794e-08)
(0.00134846 -5.502946e-07 -6.581394e-08)
(0.001348141 -5.268998e-07 -6.299311e-08)
(0.001347836 -5.046033e-07 -6.03397e-08)
(0.001347543 -4.833576e-07 -5.781115e-08)
(0.001347263 -4.631222e-07 -5.536972e-08)
(0.001346995 -4.438694e-07 -5.298453e-08)
(0.001346738 -4.255862e-07 -5.06613e-08)
(0.001346492 -4.08278e-07 -4.835955e-08)
(0.001346256 -3.919618e-07 -4.606417e-08)
(0.00134603 -3.766747e-07 -4.373598e-08)
(0.001345812 -3.625081e-07 -4.148665e-08)
(0.001345604 -3.495398e-07 -3.8938e-08)
(0.001345402 -3.38104e-07 -3.687762e-08)
(0.00134521 -3.280548e-07 -3.289217e-08)
(0.001345018 -3.214725e-07 -3.322739e-08)
(0.001344857 -3.142129e-07 -2.155029e-08)
(0.00134462 -3.303778e-07 -4.212813e-08)
(0.0009306522 -2.35556e-07 -6.159367e-08)
(0.0009304188 -2.253679e-07 -5.865317e-08)
(0.0009301955 -2.157728e-07 -5.595759e-08)
(0.0009299816 -2.066861e-07 -5.344636e-08)
(0.0009297767 -1.980312e-07 -5.108432e-08)
(0.0009295805 -1.89785e-07 -4.885838e-08)
(0.0009293925 -1.819333e-07 -4.672605e-08)
(0.0009292123 -1.744642e-07 -4.465618e-08)
(0.0009290396 -1.673684e-07 -4.262906e-08)
(0.000928874 -1.606532e-07 -4.065265e-08)
(0.000928715 -1.543258e-07 -3.868067e-08)
(0.0009285625 -1.484064e-07 -3.670868e-08)
(0.0009284158 -1.429246e-07 -3.470559e-08)
(0.0009282746 -1.379593e-07 -3.277146e-08)
(0.0009281386 -1.335655e-07 -3.054851e-08)
(0.0009280064 -1.300727e-07 -2.874067e-08)
(0.00092788 -1.273804e-07 -2.521106e-08)
(0.0009277513 -1.277139e-07 -2.542394e-08)
(0.0009276425 -1.27919e-07 -1.554995e-08)
(0.0009274736 -1.52298e-07 -3.46355e-08)
(0.0003705097 -1.65715e-08 -3.544476e-08)
(0.000370425 -1.589908e-08 -3.379189e-08)
(0.0003703438 -1.528132e-08 -3.22461e-08)
(0.0003702659 -1.469287e-08 -3.079919e-08)
(0.0003701913 -1.412483e-08 -2.942686e-08)
(0.0003701196 -1.358397e-08 -2.812925e-08)
(0.0003700509 -1.306999e-08 -2.68749e-08)
(0.0003699849 -1.25845e-08 -2.565726e-08)
(0.0003699216 -1.212478e-08 -2.446017e-08)
(0.0003698607 -1.169994e-08 -2.32975e-08)
(0.0003698022 -1.130622e-08 -2.212905e-08)
(0.0003697457 -1.095534e-08 -2.096926e-08)
(0.0003696913 -1.064636e-08 -1.97904e-08)
(0.0003696386 -1.042135e-08 -1.867034e-08)
(0.0003695875 -1.024826e-08 -1.732436e-08)
(0.0003695371 -1.036457e-08 -1.629427e-08)
(0.0003694885 -1.043128e-08 -1.395546e-08)
(0.0003694363 -1.217078e-08 -1.434782e-08)
(0.0003693917 -1.183291e-08 -7.293251e-09)
(0.0003693055 -2.800933e-08 -2.196364e-08)
(0.002254654 9.037085e-07 8.525284e-09)
(0.002255161 8.704205e-07 8.893846e-09)
(0.00225565 8.383314e-07 9.367877e-09)
(0.00225612 8.074913e-07 9.69176e-09)
(0.002256575 7.778069e-07 1.067427e-08)
(0.002257009 7.496199e-07 1.000196e-08)
(0.002257442 7.217285e-07 1.438703e-08)
(0.002257802 6.984342e-07 4.431202e-09)
(0.002258344 6.556999e-07 4.437465e-08)
(0.002255595 3.332022e-07 9.715202e-09)
(0.002256182 3.211509e-07 1.005483e-08)
(0.002256748 3.095141e-07 1.04309e-08)
(0.002257292 2.981763e-07 1.082188e-08)
(0.002257818 2.871639e-07 1.134625e-08)
(0.002258324 2.766206e-07 1.169795e-08)
(0.002258812 2.665215e-07 1.271349e-08)
(0.002259279 2.569486e-07 1.192893e-08)
(0.002259744 2.474663e-07 1.656871e-08)
(0.002260132 2.395611e-07 5.79933e-09)
(0.002260715 2.248973e-07 4.859897e-08)
(0.002253013 -3.850731e-07 8.257404e-09)
(0.002253695 -3.706889e-07 8.389013e-09)
(0.002254351 -3.568349e-07 8.610828e-09)
(0.002254984 -3.434526e-07 8.925979e-09)
(0.002255594 -3.305509e-07 9.311754e-09)
(0.002256182 -3.182099e-07 9.743289e-09)
(0.002256748 -3.064187e-07 1.020597e-08)
(0.002257293 -2.950798e-07 1.065641e-08)
(0.002257819 -2.841432e-07 1.120769e-08)
(0.002258325 -2.736185e-07 1.156509e-08)
(0.002258814 -2.634835e-07 1.258626e-08)
(0.00225928 -2.538575e-07 1.180733e-08)
(0.002259746 -2.443378e-07 1.645643e-08)
(0.002260134 -2.363795e-07 5.681709e-09)
(0.002260717 -2.218829e-07 4.855643e-08)
(0.002249816 -1.219828e-06 5.565558e-09)
(0.002250503 -1.174711e-06 5.566218e-09)
(0.002251165 -1.131203e-06 5.690364e-09)
(0.002251803 -1.089318e-06 5.908998e-09)
(0.002252416 -1.048977e-06 6.210816e-09)
(0.002253008 -1.010043e-06 6.586332e-09)
(0.002253577 -9.724857e-07 7.014203e-09)
(0.002254125 -9.363159e-07 7.474907e-09)
(0.002254653 -9.014956e-07 7.965183e-09)
(0.002255162 -8.679977e-07 8.453555e-09)
(0.002255651 -8.357972e-07 9.048114e-09)
(0.002256123 -8.049012e-07 9.460186e-09)
(0.002256578 -7.751791e-07 1.048654e-08)
(0.002257012 -7.469613e-07 9.829761e-09)
(0.002257446 -7.190564e-07 1.423063e-08)
(0.002257807 -6.957415e-07 4.253485e-09)
(0.00225835 -6.53133e-07 4.435892e-08)
(0.002243942 -2.179715e-06 7.728474e-10)
(0.002244612 -2.09882e-06 4.237077e-10)
(0.002245255 -2.020827e-06 2.852121e-10)
(0.002245875 -1.945619e-06 3.616745e-10)
(0.002246471 -1.873177e-06 5.562676e-10)
(0.002247044 -1.803404e-06 8.390238e-10)
(0.002247595 -1.736151e-06 1.183562e-09)
(0.002248125 -1.671312e-06 1.579426e-09)
(0.002248636 -1.608813e-06 2.031319e-09)
(0.002249126 -1.548604e-06 2.534776e-09)
(0.002249598 -1.490645e-06 3.078632e-09)
(0.002250053 -1.434884e-06 3.654348e-09)
(0.00225049 -1.381276e-06 4.228276e-09)
(0.00225091 -1.329761e-06 4.8906e-09)
(0.002251315 -1.280357e-06 5.39007e-09)
(0.002251706 -1.23287e-06 6.414061e-09)
(0.002252078 -1.187822e-06 5.98838e-09)
(0.002252449 -1.143343e-06 9.914329e-09)
(0.002252759 -1.106142e-06 1.47901e-09)
(0.002253224 -1.038579e-06 3.624114e-08)
(0.00223734 -2.855979e-06 -7.952928e-09)
(0.002237867 -2.748538e-06 -7.933334e-09)
(0.002238372 -2.64506e-06 -7.755384e-09)
(0.002238857 -2.545372e-06 -7.41369e-09)
(0.002239323 -2.449383e-06 -6.993118e-09)
(0.00223977 -2.356957e-06 -6.507957e-09)
(0.002240199 -2.267958e-06 -5.972763e-09)
(0.002240612 -2.18227e-06 -5.394269e-09)
(0.002241007 -2.099783e-06 -4.774822e-09)
(0.002241388 -2.020395e-06 -4.119805e-09)
(0.002241753 -1.94403e-06 -3.43615e-09)
(0.002242104 -1.870613e-06 -2.733227e-09)
(0.002242441 -1.800087e-06 -2.035794e-09)
(0.002242765 -1.732377e-06 -1.270953e-09)
(0.002243076 -1.667509e-06 -6.362785e-10)
(0.002243376 -1.605239e-06 4.039289e-10)
(0.002243662 -1.546224e-06 3.175805e-10)
(0.002243947 -1.488103e-06 3.606539e-09)
(0.002244184 -1.439381e-06 -2.667063e-09)
(0.00224454 -1.351932e-06 2.470263e-08)
(0.002226364 -3.350075e-06 -1.983195e-08)
(0.002226715 -3.221814e-06 -1.930532e-08)
(0.00222705 -3.098455e-06 -1.868218e-08)
(0.002227371 -2.979775e-06 -1.795329e-08)
(0.002227677 -2.865633e-06 -1.717893e-08)
(0.002227971 -2.755856e-06 -1.637039e-08)
(0.002228252 -2.65027e-06 -1.554076e-08)
(0.002228521 -2.548719e-06 -1.469564e-08)
(0.002228778 -2.451066e-06 -1.383464e-08)
(0.002229024 -2.357188e-06 -1.295852e-08)
(0.00222926 -2.266982e-06 -1.206943e-08)
(0.002229486 -2.180355e-06 -1.117493e-08)
(0.002229703 -2.097235e-06 -1.029084e-08)
(0.002229911 -2.017534e-06 -9.366787e-09)
(0.00223011 -1.941276e-06 -8.534058e-09)
(0.002230302 -1.868192e-06 -7.438341e-09)
(0.002230484 -1.799015e-06 -7.083589e-09)
(0.002230666 -1.731123e-06 -4.504647e-09)
(0.002230817 -1.674002e-06 -8.174043e-09)
(0.002231044 -1.573291e-06 1.049561e-08)
(0.002209007 -3.630965e-06 -3.466807e-08)
(0.002209162 -3.489304e-06 -3.346067e-08)
(0.00220931 -3.353246e-06 -3.223559e-08)
(0.002209449 -3.222522e-06 -3.098404e-08)
(0.002209581 -3.096949e-06 -2.974048e-08)
(0.002209706 -2.976324e-06 -2.850806e-08)
(0.002209824 -2.860444e-06 -2.729317e-08)
(0.002209937 -2.74913e-06 -2.609404e-08)
(0.002210043 -2.64222e-06 -2.490724e-08)
(0.002210144 -2.539572e-06 -2.373063e-08)
(0.00221024 -2.441062e-06 -2.256148e-08)
(0.002210331 -2.346581e-06 -2.140507e-08)
(0.002210418 -2.256049e-06 -2.026624e-08)
(0.002210501 -2.169368e-06 -1.911655e-08)
(0.002210579 -2.086564e-06 -1.801845e-08)
(0.002210655 -2.007367e-06 -1.680433e-08)
(0.002210726 -1.932517e-06 -1.592303e-08)
(0.002210797 -1.859396e-06 -1.40313e-08)
(0.002210856 -1.797535e-06 -1.487836e-08)
(0.002210946 -1.691197e-06 -5.343421e-09)
(0.002182573 -3.685539e-06 -5.17478e-08)
(0.002182532 -3.538992e-06 -4.972099e-08)
(0.00218249 -3.398429e-06 -4.777201e-08)
(0.002182448 -3.263555e-06 -4.588852e-08)
(0.002182405 -3.134164e-06 -4.407562e-08)
(0.002182362 -3.010028e-06 -4.232642e-08)
(0.002182318 -2.890925e-06 -4.063883e-08)
(0.002182275 -2.776658e-06 -3.900425e-08)
(0.002182233 -2.667051e-06 -3.741503e-08)
(0.00218219 -2.561949e-06 -3.586475e-08)
(0.002182148 -2.46122e-06 -3.434567e-08)
(0.002182107 -2.364749e-06 -3.285923e-08)
(0.002182066 -2.272451e-06 -3.139838e-08)
(0.002182026 -2.184234e-06 -2.995714e-08)
(0.002181987 -2.10012e-06 -2.852724e-08)
(0.002181949 -2.019869e-06 -2.712329e-08)
(0.002181912 -1.944161e-06 -2.565424e-08)
(0.002181876 -1.870635e-06 -2.433495e-08)
(0.002181845 -1.80794e-06 -2.239092e-08)
(0.002181802 -1.703902e-06 -2.152393e-08)
(0.002143529 -3.521832e-06 -6.980558e-08)
(0.002143309 -3.379274e-06 -6.687499e-08)
(0.002143095 -3.24271e-06 -6.412684e-08)
(0.002142888 -3.111841e-06 -6.154224e-08)
(0.002142687 -2.986447e-06 -5.909684e-08)
(0.002142492 -2.866291e-06 -5.677209e-08)
(0.002142304 -2.751145e-06 -5.455676e-08)
(0.002142122 -2.640809e-06 -5.243415e-08)
(0.002141945 -2.535107e-06 -5.039116e-08)
(0.002141775 -2.433883e-06 -4.841676e-08)
(0.00214161 -2.337008e-06 -4.649763e-08)
(0.002141451 -2.244372e-06 -4.462986e-08)
(0.002141298 -2.155897e-06 -4.279606e-08)
(0.002141149 -2.071504e-06 -4.100731e-08)
(0.002141007 -1.991215e-06 -3.919469e-08)
(0.002140869 -1.914848e-06 -3.752725e-08)
(0.002140737 -1.842962e-06 -3.544672e-08)
(0.002140607 -1.773681e-06 -3.451702e-08)
(0.002140497 -1.713951e-06 -3.006332e-08)
(0.002140338 -1.6196e-06 -3.658933e-08)
(0.00208728 -3.169799e-06 -8.702098e-08)
(0.002086915 -3.039472e-06 -8.319831e-08)
(0.002086563 -2.914763e-06 -7.966018e-08)
(0.002086225 -2.795398e-06 -7.637898e-08)
(0.002085898 -2.681153e-06 -7.330199e-08)
(0.002085584 -2.571801e-06 -7.040017e-08)
(0.002085281 -2.467126e-06 -6.765217e-08)
(0.002084989 -2.36694e-06 -6.503423e-08)
(0.002084707 -2.271081e-06 -6.252783e-08)
(0.002084437 -2.179407e-06 -6.011681e-08)
(0.002084176 -2.091803e-06 -5.778187e-08)
(0.002083925 -2.008174e-06 -5.551398e-08)
(0.002083684 -1.928459e-06 -5.328556e-08)
(0.002083452 -1.852605e-06 -5.112266e-08)
(0.002083228 -1.78064e-06 -4.89045e-08)
(0.002083014 -1.712455e-06 -4.692177e-08)
(0.002082809 -1.648458e-06 -4.425113e-08)
(0.002082607 -1.587406e-06 -4.34938e-08)
(0.002082436 -1.53398e-06 -3.702777e-08)
(0.002082188 -1.455352e-06 -4.907598e-08)
(0.002007828 -2.678288e-06 -1.013727e-07)
(0.002007368 -2.566773e-06 -9.678047e-08)
(0.002006926 -2.460168e-06 -9.255976e-08)
(0.002006501 -2.35824e-06 -8.866978e-08)
(0.002006093 -2.260782e-06 -8.50383e-08)
(0.0020057 -2.167587e-06 -8.162697e-08)
(0.002005323 -2.07847e-06 -7.840733e-08)
(0.00200496 -1.99327e-06 -7.534692e-08)
(0.002004611 -1.91185e-06 -7.242039e-08)
(0.002004276 -1.834093e-06 -6.96072e-08)
(0.002003954 -1.759908e-06 -6.688382e-08)
(0.002003645 -1.689228e-06 -6.423587e-08)
(0.002003348 -1.622014e-06 -6.162991e-08)
(0.002003062 -1.558248e-06 -5.910031e-08)
(0.002002789 -1.497968e-06 -5.6491e-08)
(0.002002525 -1.441159e-06 -5.417018e-08)
(0.002002275 -1.38806e-06 -5.097758e-08)
(0.002002027 -1.338136e-06 -5.018004e-08)
(0.002001819 -1.293578e-06 -4.2344e-08)
(0.002001516 -1.234717e-06 -5.774709e-08)
(0.001897271 -2.108189e-06 -1.110443e-07)
(0.00189677 -2.019612e-06 -1.059104e-07)
(0.001896291 -1.935006e-06 -1.012037e-07)
(0.00189583 -1.854195e-06 -9.687249e-08)
(0.001895388 -1.776994e-06 -9.283337e-08)
(0.001894964 -1.703234e-06 -8.904301e-08)
(0.001894557 -1.632771e-06 -8.546685e-08)
(0.001894166 -1.565479e-06 -8.206606e-08)
(0.001893791 -1.501254e-06 -7.880997e-08)
(0.001893431 -1.44001e-06 -7.56769e-08)
(0.001893086 -1.381688e-06 -7.263958e-08)
(0.001892754 -1.326251e-06 -6.967977e-08)
(0.001892436 -1.273692e-06 -6.675937e-08)
(0.001892131 -1.22403e-06 -6.391773e-08)
(0.001891838 -1.17732e-06 -6.097632e-08)
(0.001891557 -1.133642e-06 -5.834027e-08)
(0.001891289 -1.093098e-06 -5.473815e-08)
(0.001891025 -1.055836e-06 -5.373035e-08)
(0.001890802 -1.021734e-06 -4.521816e-08)
(0.00189048 -9.843737e-07 -6.185192e-08)
(0.001745053 -1.523479e-06 -1.151079e-07)
(0.001744567 -1.459121e-06 -1.097079e-07)
(0.001744101 -1.397704e-06 -1.047553e-07)
(0.001743654 -1.339107e-06 -1.00189e-07)
(0.001743225 -1.283175e-06 -9.592654e-08)
(0.001742815 -1.229782e-06 -9.192319e-08)
(0.001742421 -1.178826e-06 -8.814134e-08)
(0.001742043 -1.130219e-06 -8.453859e-08)
(0.00174168 -1.083891e-06 -8.108162e-08)
(0.001741333 -1.039792e-06 -7.774807e-08)
(0.001741 -9.978933e-07 -7.450828e-08)
(0.00174068 -9.581889e-07 -7.134056e-08)
(0.001740373 -9.206989e-07 -6.820564e-08)
(0.001740079 -8.854786e-07 -6.51423e-08)
(0.001739797 -8.526077e-07 -6.196285e-08)
(0.001739526 -8.222553e-07 -5.907141e-08)
(0.001739268 -7.944395e-07 -5.519264e-08)
(0.001739013 -7.699075e-07 -5.385908e-08)
(0.001738797 -7.467899e-07 -4.529595e-08)
(0.001738487 -7.303803e-07 -6.136961e-08)
(0.001536938 -9.817743e-07 -1.133315e-07)
(0.001536511 -9.402245e-07 -1.079601e-07)
(0.001536103 -9.006276e-07 -1.03019e-07)
(0.001535711 -8.629061e-07 -9.844617e-08)
(0.001535336 -8.269333e-07 -9.41686e-08)
(0.001534976 -7.926246e-07 -9.014397e-08)
(0.001534631 -7.599177e-07 -8.633406e-08)
(0.0015343 -7.287604e-07 -8.269473e-08)
(0.001533984 -6.991137e-07 -7.919173e-08)
(0.00153368 -6.709551e-07 -7.580514e-08)
(0.001533388 -6.442822e-07 -7.250311e-08)
(0.001533109 -6.191128e-07 -6.926282e-08)
(0.00153284 -5.954875e-07 -6.604506e-08)
(0.001532583 -5.734892e-07 -6.288531e-08)
(0.001532336 -5.532194e-07 -5.959432e-08)
(0.001532098 -5.349244e-07 -5.654731e-08)
(0.001531871 -5.186073e-07 -5.253962e-08)
(0.001531647 -5.055042e-07 -5.084547e-08)
(0.001531456 -4.928617e-07 -4.271455e-08)
(0.001531184 -4.948587e-07 -5.702891e-08)
(0.001253634 -5.284315e-07 -1.060671e-07)
(0.001253301 -5.060578e-07 -1.009995e-07)
(0.001252983 -4.848181e-07 -9.632233e-08)
(0.001252677 -4.646426e-07 -9.197742e-08)
(0.001252384 -4.454275e-07 -8.79047e-08)
(0.001252104 -4.271227e-07 -8.406482e-08)
(0.001251835 -4.096966e-07 -8.041911e-08)
(0.001251577 -3.931237e-07 -7.69242e-08)
(0.00125133 -3.773867e-07 -7.354862e-08)
(0.001251093 -3.624838e-07 -7.027593e-08)
(0.001250865 -3.484271e-07 -6.70731e-08)
(0.001250646 -3.352446e-07 -6.391895e-08)
(0.001250437 -3.22982e-07 -6.077687e-08)
(0.001250235 -3.117313e-07 -5.767614e-08)
(0.001250041 -3.01597e-07 -5.44284e-08)
(0.001249853 -2.928684e-07 -5.13616e-08)
(0.001249674 -2.855775e-07 -4.737217e-08)
(0.001249496 -2.813212e-07 -4.535731e-08)
(0.001249343 -2.774098e-07 -3.793709e-08)
(0.001249125 -2.933887e-07 -4.998085e-08)
(0.0008691368 -1.9553e-07 -8.956414e-08)
(0.0008689215 -1.873138e-07 -8.529218e-08)
(0.0008687152 -1.79564e-07 -8.133361e-08)
(0.0008685176 -1.722292e-07 -7.764281e-08)
(0.0008683281 -1.65246e-07 -7.417266e-08)
(0.0008681464 -1.585996e-07 -7.088853e-08)
(0.0008679721 -1.522836e-07 -6.775617e-08)
(0.0008678049 -1.462891e-07 -6.473858e-08)
(0.0008676444 -1.406156e-07 -6.181274e-08)
(0.0008674903 -1.35268e-07 -5.896927e-08)
(0.0008673423 -1.302612e-07 -5.617634e-08)
(0.0008671999 -1.256149e-07 -5.342027e-08)
(0.0008670629 -1.213663e-07 -5.066854e-08)
(0.0008669307 -1.175889e-07 -4.794377e-08)
(0.0008668031 -1.143623e-07 -4.506548e-08)
(0.0008666792 -1.119592e-07 -4.230791e-08)
(0.0008665597 -1.104548e-07 -3.870032e-08)
(0.0008664398 -1.115636e-07 -3.671191e-08)
(0.0008663345 -1.134033e-07 -3.040997e-08)
(0.0008661784 -1.358272e-07 -4.040002e-08)
(0.0003491541 -1.300002e-08 -5.123977e-08)
(0.0003490751 -1.250834e-08 -4.883067e-08)
(0.0003489994 -1.204801e-08 -4.659342e-08)
(0.0003489267 -1.161069e-08 -4.449652e-08)
(0.000348857 -1.118902e-08 -4.251347e-08)
(0.00034879 -1.078901e-08 -4.062696e-08)
(0.0003487256 -1.041266e-08 -3.881762e-08)
(0.0003486638 -1.005757e-08 -3.706622e-08)
(0.0003486044 -9.727843e-09 -3.536694e-08)
(0.0003485471 -9.425651e-09 -3.371454e-08)
(0.000348492 -9.154833e-09 -3.208962e-08)
(0.0003484389 -8.919623e-09 -3.04866e-08)
(0.0003483875 -8.72794e-09 -2.888452e-08)
(0.0003483377 -8.610173e-09 -2.730038e-08)
(0.0003482892 -8.559058e-09 -2.559435e-08)
(0.0003482416 -8.741859e-09 -2.395998e-08)
(0.000348195 -8.992571e-09 -2.168111e-08)
(0.0003481465 -1.053564e-08 -2.046077e-08)
(0.000348102 -1.060607e-08 -1.615178e-08)
(0.000348023 -2.572737e-08 -2.248441e-08)
(0.001947862 7.123825e-07 6.31696e-09)
(0.001948263 6.867413e-07 6.587206e-09)
(0.00194865 6.620572e-07 6.887233e-09)
(0.001949022 6.383742e-07 7.149565e-09)
(0.001949382 6.156454e-07 7.868214e-09)
(0.001949727 5.940991e-07 7.67911e-09)
(0.00195007 5.729299e-07 1.101814e-08)
(0.001950359 5.55038e-07 4.233747e-09)
(0.00195079 5.226822e-07 4.389166e-08)
(0.001948743 2.624009e-07 7.64374e-09)
(0.001949206 2.531135e-07 7.874527e-09)
(0.001949653 2.441453e-07 8.090861e-09)
(0.001950084 2.354129e-07 8.321756e-09)
(0.0019505 2.269419e-07 8.663137e-09)
(0.001950901 2.188396e-07 8.954914e-09)
(0.001951289 2.110987e-07 9.688098e-09)
(0.00195166 2.037713e-07 9.425611e-09)
(0.00195203 1.96563e-07 1.294444e-08)
(0.001952341 1.904747e-07 5.579348e-09)
(0.001952805 1.793544e-07 4.80689e-08)
(0.001946708 -3.022539e-07 6.79575e-09)
(0.001947245 -2.911391e-07 6.828531e-09)
(0.001947762 -2.804247e-07 6.909874e-09)
(0.001948261 -2.700711e-07 7.077905e-09)
(0.001948742 -2.600861e-07 7.318882e-09)
(0.001949206 -2.505353e-07 7.590177e-09)
(0.001949653 -2.41416e-07 7.881216e-09)
(0.001950084 -2.326647e-07 8.183984e-09)
(0.0019505 -2.242415e-07 8.556131e-09)
(0.001950902 -2.161552e-07 8.85147e-09)
(0.001951289 -2.083919e-07 9.584684e-09)
(0.001951661 -2.010329e-07 9.32394e-09)
(0.00195203 -1.938088e-07 1.284806e-08)
(0.001952342 -1.877039e-07 5.480687e-09)
(0.001952806 -1.767305e-07 4.802193e-08)
(0.001944059 -9.560636e-07 4.396499e-09)
(0.001944598 -9.212975e-07 4.338397e-09)
(0.001945118 -8.877416e-07 4.355261e-09)
(0.001945618 -8.554105e-07 4.447958e-09)
(0.001946101 -8.242535e-07 4.617091e-09)
(0.001946566 -7.941742e-07 4.857944e-09)
(0.001947014 -7.651582e-07 5.148202e-09)
(0.001947446 -7.372241e-07 5.464138e-09)
(0.001947862 -7.103523e-07 5.798674e-09)
(0.001948263 -6.845306e-07 6.142629e-09)
(0.00194865 -6.5975e-07 6.559221e-09)
(0.001949023 -6.360189e-07 6.906861e-09)
(0.001949384 -6.132619e-07 7.659343e-09)
(0.001949729 -5.916976e-07 7.48297e-09)
(0.001950073 -5.705282e-07 1.083375e-08)
(0.001950362 -5.526402e-07 4.039936e-09)
(0.001950794 -5.204038e-07 4.381953e-08)
(0.001939163 -1.703641e-06 1.737531e-11)
(0.001939684 -1.641602e-06 -4.226344e-10)
(0.001940186 -1.581716e-06 -6.617798e-10)
(0.001940669 -1.523902e-06 -6.529993e-10)
(0.001941134 -1.468149e-06 -5.309347e-10)
(0.001941582 -1.414401e-06 -3.404399e-10)
(0.001942013 -1.362557e-06 -9.318198e-11)
(0.001942428 -1.312546e-06 1.970287e-10)
(0.001942827 -1.264325e-06 5.324026e-10)
(0.001943211 -1.217869e-06 9.109411e-10)
(0.001943582 -1.173163e-06 1.321525e-09)
(0.001943938 -1.130182e-06 1.754284e-09)
(0.001944282 -1.088908e-06 2.196011e-09)
(0.001944613 -1.049313e-06 2.698828e-09)
(0.001944931 -1.011413e-06 3.135477e-09)
(0.00194524 -9.751018e-07 3.918455e-09)
(0.001945534 -9.407268e-07 3.901453e-09)
(0.001945828 -9.070375e-07 6.922268e-09)
(0.001946075 -8.78556e-07 1.237144e-09)
(0.001946444 -8.275355e-07 3.570402e-08)
(0.001933496 -2.229785e-06 -8.573148e-09)
(0.001933902 -2.14753e-06 -8.621334e-09)
(0.001934292 -2.068211e-06 -8.516889e-09)
(0.001934666 -1.991704e-06 -8.224419e-09)
(0.001935026 -1.917955e-06 -7.852737e-09)
(0.001935372 -1.846876e-06 -7.43348e-09)
(0.001935704 -1.778378e-06 -6.975792e-09)
(0.001936023 -1.712391e-06 -6.485101e-09)
(0.00193633 -1.648848e-06 -5.96215e-09)
(0.001936625 -1.587695e-06 -5.41045e-09)
(0.001936909 -1.528889e-06 -4.837571e-09)
(0.001937181 -1.472397e-06 -4.253416e-09)
(0.001937444 -1.418191e-06 -3.66686e-09)
(0.001937696 -1.36624e-06 -3.037528e-09)
(0.00193794 -1.316572e-06 -2.461706e-09)
(0.001938174 -1.269055e-06 -1.620312e-09)
(0.001938399 -1.22413e-06 -1.39569e-09)
(0.001938622 -1.180218e-06 1.189579e-09)
(0.00193881 -1.143048e-06 -2.936911e-09)
(0.001939091 -1.07721e-06 2.417823e-08)
(0.001924135 -2.611968e-06 -2.024878e-08)
(0.001924399 -2.513982e-06 -1.975669e-08)
(0.001924651 -2.419621e-06 -1.917549e-08)
(0.001924893 -2.328726e-06 -1.847419e-08)
(0.001925124 -2.241206e-06 -1.772935e-08)
(0.001925346 -2.156951e-06 -1.696408e-08)
(0.001925558 -2.075847e-06 -1.618693e-08)
(0.001925761 -1.9978e-06 -1.540265e-08)
(0.001925956 -1.922727e-06 -1.461048e-08)
(0.001926143 -1.850558e-06 -1.381078e-08)
(0.001926322 -1.781239e-06 -1.300583e-08)
(0.001926494 -1.714725e-06 -1.220244e-08)
(0.001926659 -1.650983e-06 -1.140643e-08)
(0.001926817 -1.589977e-06 -1.058774e-08)
(0.00192697 -1.531739e-06 -9.811769e-09)
(0.001927117 -1.476128e-06 -8.860523e-09)
(0.001927257 -1.423638e-06 -8.313469e-09)
(0.001927397 -1.372525e-06 -6.203452e-09)
(0.001927514 -1.329166e-06 -8.446944e-09)
(0.001927691 -1.253669e-06 1.000098e-08)
(0.001909411 -2.826437e-06 -3.481467e-08)
(0.001909517 -2.718475e-06 -3.361004e-08)
(0.001909618 -2.614649e-06 -3.239288e-08)
(0.001909714 -2.514766e-06 -3.114361e-08)
(0.001909804 -2.418707e-06 -2.990531e-08)
(0.00190989 -2.326341e-06 -2.868875e-08)
(0.001909971 -2.237537e-06 -2.749791e-08)
(0.001910048 -2.152185e-06 -2.633152e-08)
(0.001910121 -2.070189e-06 -2.518518e-08)
(0.00191019 -1.991469e-06 -2.405581e-08)
(0.001910256 -1.915958e-06 -2.294144e-08)
(0.001910319 -1.843604e-06 -2.184676e-08)
(0.001910378 -1.77437e-06 -2.077029e-08)
(0.001910436 -1.708222e-06 -1.9696e-08)
(0.00191049 -1.645194e-06 -1.864992e-08)
(0.001910543 -1.585152e-06 -1.752965e-08)
(0.001910593 -1.528601e-06 -1.658415e-08)
(0.001910644 -1.473805e-06 -1.491736e-08)
(0.001910685 -1.427161e-06 -1.51161e-08)
(0.001910751 -1.347917e-06 -5.793825e-09)
(0.00188708 -2.863773e-06 -5.15618e-08)
(0.001887028 -2.752387e-06 -4.950406e-08)
(0.001886977 -2.645408e-06 -4.752762e-08)
(0.001886926 -2.542624e-06 -4.562087e-08)
(0.001886875 -2.443903e-06 -4.378962e-08)
(0.001886825 -2.349095e-06 -4.202971e-08)
(0.001886776 -2.25806e-06 -4.033893e-08)
(0.001886728 -2.170676e-06 -3.871013e-08)
(0.00188668 -2.086839e-06 -3.71334e-08)
(0.001886634 -2.006464e-06 -3.560237e-08)
(0.001886588 -1.92948e-06 -3.411045e-08)
(0.001886543 -1.855832e-06 -3.265773e-08)
(0.0018865 -1.785486e-06 -3.123721e-08)
(0.001886458 -1.718414e-06 -2.984232e-08)
(0.001886417 -1.654654e-06 -2.846543e-08)
(0.001886378 -1.594096e-06 -2.710503e-08)
(0.00188634 -1.53721e-06 -2.570334e-08)
(0.001886304 -1.482445e-06 -2.438303e-08)
(0.001886272 -1.435581e-06 -2.256117e-08)
(0.00188623 -1.358681e-06 -2.193095e-08)
(0.001854193 -2.731172e-06 -6.923813e-08)
(0.001853997 -2.623133e-06 -6.624771e-08)
(0.001853807 -2.519497e-06 -6.344156e-08)
(0.001853624 -2.420052e-06 -6.081222e-08)
(0.001853446 -2.324655e-06 -5.832837e-08)
(0.001853274 -2.233152e-06 -5.597008e-08)
(0.001853108 -2.145399e-06 -5.372873e-08)
(0.001852947 -2.061275e-06 -5.158873e-08)
(0.001852791 -1.980676e-06 -4.953529e-08)
(0.001852641 -1.90352e-06 -4.755704e-08)
(0.001852497 -1.829737e-06 -4.564201e-08)
(0.001852357 -1.759281e-06 -4.378615e-08)
(0.001852222 -1.692124e-06 -4.197508e-08)
(0.001852092 -1.62825e-06 -4.021179e-08)
(0.001851967 -1.567706e-06 -3.84544e-08)
(0.001851847 -1.51042e-06 -3.679591e-08)
(0.001851732 -1.456793e-06 -3.490619e-08)
(0.001851619 -1.405603e-06 -3.378959e-08)
(0.001851522 -1.361466e-06 -3.016258e-08)
(0.001851386 -1.292533e-06 -3.698162e-08)
(0.001806899 -2.452767e-06 -8.607045e-08)
(0.001806587 -2.354312e-06 -8.216625e-08)
(0.001806287 -2.259975e-06 -7.854885e-08)
(0.001805997 -2.169559e-06 -7.52078e-08)
(0.001805718 -2.082924e-06 -7.207972e-08)
(0.001805449 -1.99992e-06 -6.912876e-08)
(0.00180519 -1.920415e-06 -6.634058e-08)
(0.00180494 -1.844294e-06 -6.368926e-08)
(0.0018047 -1.771467e-06 -6.115693e-08)
(0.001804469 -1.701859e-06 -5.872693e-08)
(0.001804246 -1.635415e-06 -5.638182e-08)
(0.001804032 -1.572099e-06 -5.411224e-08)
(0.001803825 -1.511899e-06 -5.189812e-08)
(0.001803627 -1.454818e-06 -4.974759e-08)
(0.001803437 -1.400912e-06 -4.759396e-08)
(0.001803253 -1.350164e-06 -4.559692e-08)
(0.001803078 -1.302876e-06 -4.322608e-08)
(0.001802906 -1.258267e-06 -4.215168e-08)
(0.00180276 -1.219403e-06 -3.710371e-08)
(0.001802551 -1.162973e-06 -4.951902e-08)
(0.001740145 -2.067061e-06 -1.001036e-07)
(0.001739756 -1.983127e-06 -9.542104e-08)
(0.001739382 -1.90278e-06 -9.111028e-08)
(0.001739022 -1.82586e-06 -8.715673e-08)
(0.001738677 -1.752233e-06 -8.346929e-08)
(0.001738345 -1.681767e-06 -8.000432e-08)
(0.001738025 -1.614352e-06 -7.673645e-08)
(0.001737718 -1.549891e-06 -7.363681e-08)
(0.001737423 -1.48831e-06 -7.067772e-08)
(0.001737139 -1.429553e-06 -6.784066e-08)
(0.001736867 -1.373581e-06 -6.510328e-08)
(0.001736604 -1.320378e-06 -6.245167e-08)
(0.001736353 -1.269952e-06 -5.986081e-08)
(0.001736111 -1.22233e-06 -5.734182e-08)
(0.001735878 -1.177582e-06 -5.480905e-08)
(0.001735655 -1.135754e-06 -5.246707e-08)
(0.001735442 -1.097048e-06 -4.966031e-08)
(0.001735233 -1.061166e-06 -4.847559e-08)
(0.001735054 -1.029487e-06 -4.250641e-08)
(0.0017348 -9.885334e-07 -5.834073e-08)
(0.001647213 -1.621571e-06 -1.096466e-07)
(0.001646791 -1.555208e-06 -1.04423e-07)
(0.001646387 -1.491736e-06 -9.962777e-08)
(0.001645998 -1.431039e-06 -9.52374e-08)
(0.001645625 -1.372998e-06 -9.114618e-08)
(0.001645267 -1.317507e-06 -8.730594e-08)
(0.001644923 -1.264482e-06 -8.368513e-08)
(0.001644593 -1.213851e-06 -8.024658e-08)
(0.001644276 -1.165561e-06 -7.696266e-08)
(0.001643972 -1.119577e-06 -7.381014e-08)
(0.001643679 -1.075882e-06 -7.076382e-08)
(0.001643399 -1.03448e-06 -6.78059e-08)
(0.001643129 -9.954026e-07 -6.490748e-08)
(0.00164287 -9.587043e-07 -6.207973e-08)
(0.001642622 -9.244713e-07 -5.922624e-08)
(0.001642383 -8.928171e-07 -5.657003e-08)
(0.001642156 -8.638641e-07 -5.340835e-08)
(0.001641932 -8.377915e-07 -5.199339e-08)
(0.001641741 -8.144263e-07 -4.564093e-08)
(0.001641469 -7.901349e-07 -6.271526e-08)
(0.001519026 -1.166011e-06 -1.138996e-07)
(0.001518615 -1.118105e-06 -1.0842e-07)
(0.001518221 -1.072331e-06 -1.033908e-07)
(0.001517843 -1.028613e-06 -9.877587e-08)
(0.001517481 -9.86852e-07 -9.447101e-08)
(0.001517134 -9.469706e-07 -9.042634e-08)
(0.0015168 -9.089113e-07 -8.660745e-08)
(0.00151648 -8.726285e-07 -8.297641e-08)
(0.001516173 -8.380905e-07 -7.949923e-08)
(0.001515878 -8.052823e-07 -7.615401e-08)
(0.001515595 -7.742078e-07 -7.291265e-08)
(0.001515323 -7.448924e-07 -6.975408e-08)
(0.001515063 -7.173842e-07 -6.664727e-08)
(0.001514812 -6.917642e-07 -6.360065e-08)
(0.001514572 -6.681394e-07 -6.051314e-08)
(0.001514341 -6.466884e-07 -5.760129e-08)
(0.00151412 -6.274951e-07 -5.418146e-08)
(0.001513903 -6.111727e-07 -5.245292e-08)
(0.001513717 -5.964069e-07 -4.619252e-08)
(0.001513455 -5.882136e-07 -6.260482e-08)
(0.001343096 -7.453793e-07 -1.128892e-07)
(0.001342734 -7.147624e-07 -1.074448e-07)
(0.001342386 -6.855522e-07 -1.024351e-07)
(0.001342054 -6.577038e-07 -9.781725e-08)
(0.001341734 -6.311343e-07 -9.349824e-08)
(0.001341428 -6.057939e-07 -8.94331e-08)
(0.001341135 -5.8165e-07 -8.558629e-08)
(0.001340853 -5.586784e-07 -8.191654e-08)
(0.001340583 -5.368655e-07 -7.839343e-08)
(0.001340323 -5.162131e-07 -7.499351e-08)
(0.001340074 -4.967399e-07 -7.168761e-08)
(0.001339835 -4.784836e-07 -6.845331e-08)
(0.001339605 -4.61504e-07 -6.525818e-08)
(0.001339385 -4.458994e-07 -6.21064e-08)
(0.001339172 -4.317937e-07 -5.889438e-08)
(0.001338968 -4.194235e-07 -5.581588e-08)
(0.001338772 -4.088845e-07 -5.224238e-08)
(0.00133858 -4.011653e-07 -5.016548e-08)
(0.001338414 -3.94433e-07 -4.433785e-08)
(0.001338181 -4.002242e-07 -5.868081e-08)
(0.00110196 -3.954477e-07 -1.06939e-07)
(0.001101675 -3.792442e-07 -1.017955e-07)
(0.001101401 -3.638514e-07 -9.704446e-08)
(0.00110114 -3.492258e-07 -9.264177e-08)
(0.001100889 -3.352974e-07 -8.851283e-08)
(0.001100648 -3.220372e-07 -8.461679e-08)
(0.001100417 -3.094309e-07 -8.091792e-08)
(0.001100195 -2.974686e-07 -7.737849e-08)
(0.001099982 -2.861491e-07 -7.396698e-08)
(0.001099778 -2.754817e-07 -7.066476e-08)
(0.001099582 -2.654906e-07 -6.744268e-08)
(0.001099393 -2.562135e-07 -6.427892e-08)
(0.001099212 -2.477094e-07 -6.11418e-08)
(0.001099037 -2.400754e-07 -5.802948e-08)
(0.001098869 -2.334344e-07 -5.483669e-08)
(0.001098706 -2.280503e-07 -5.171584e-08)
(0.00109855 -2.2406e-07 -4.811155e-08)
(0.001098395 -2.227448e-07 -4.571489e-08)
(0.00109826 -2.224236e-07 -4.048681e-08)
(0.001098072 -2.386039e-07 -5.191552e-08)
(0.0007708683 -1.420811e-07 -9.251797e-08)
(0.0007706818 -1.363398e-07 -8.81369e-08)
(0.0007705032 -1.309245e-07 -8.406148e-08)
(0.0007703319 -1.258032e-07 -8.026245e-08)
(0.0007701676 -1.209322e-07 -7.668508e-08)
(0.0007700098 -1.16305e-07 -7.329665e-08)
(0.0007698584 -1.119205e-07 -7.006535e-08)
(0.000769713 -1.077789e-07 -6.695768e-08)
(0.0007695733 -1.038817e-07 -6.395426e-08)
(0.0007694389 -1.002401e-07 -6.103987e-08)
(0.0007693097 -9.687016e-08 -5.818911e-08)
(0.0007691852 -9.380002e-08 -5.538516e-08)
(0.0007690653 -9.107016e-08 -5.259954e-08)
(0.0007689494 -8.875406e-08 -4.982617e-08)
(0.0007688373 -8.694353e-08 -4.696119e-08)
(0.0007687283 -8.587811e-08 -4.411604e-08)
(0.0007686228 -8.572288e-08 -4.081498e-08)
(0.0007685175 -8.784704e-08 -3.839948e-08)
(0.0007684231 -9.119475e-08 -3.400985e-08)
(0.0007682866 -1.114762e-07 -4.214281e-08)
(0.0003146998 -7.955133e-09 -5.409491e-08)
(0.0003146302 -7.685291e-09 -5.157692e-08)
(0.0003145635 -7.434555e-09 -4.923526e-08)
(0.0003144995 -7.198641e-09 -4.704413e-08)
(0.0003144379 -6.971801e-09 -4.496654e-08)
(0.0003143788 -6.759329e-09 -4.299236e-08)
(0.000314322 -6.562495e-09 -4.109691e-08)
(0.0003142673 -6.382157e-09 -3.927182e-08)
(0.0003142146 -6.218484e-09 -3.750351e-08)
(0.0003141638 -6.076775e-09 -3.578935e-08)
(0.0003141149 -5.958546e-09 -3.411114e-08)
(0.0003140676 -5.87334e-09 -3.246294e-08)
(0.0003140218 -5.827943e-09 -3.082428e-08)
(0.0003139774 -5.84647e-09 -2.919072e-08)
(0.0003139341 -5.938128e-09 -2.748511e-08)
(0.0003138915 -6.219773e-09 -2.577038e-08)
(0.0003138496 -6.642279e-09 -2.370004e-08)
(0.0003138064 -8.038972e-09 -2.207428e-08)
(0.0003137655 -8.575634e-09 -1.907546e-08)
(0.0003136962 -2.151235e-08 -2.276311e-08)
(0.001532464 4.971915e-07 4.048921e-09)
(0.001532744 4.798235e-07 4.194468e-09)
(0.001533015 4.631444e-07 4.352755e-09)
(0.001533276 4.471944e-07 4.521018e-09)
(0.001533529 4.319622e-07 5.025827e-09)
(0.001533772 4.176029e-07 4.975108e-09)
(0.001534014 4.035922e-07 7.687488e-09)
(0.001534219 3.916967e-07 2.890056e-09)
(0.001534527 3.700461e-07 4.211345e-08)
(0.001533207 1.829859e-07 5.081952e-09)
(0.001533531 1.766904e-07 5.20385e-09)
(0.001533844 1.706037e-07 5.296594e-09)
(0.001534146 1.646757e-07 5.411038e-09)
(0.001534438 1.589371e-07 5.605284e-09)
(0.00153472 1.534682e-07 5.798281e-09)
(0.001534993 1.482693e-07 6.309949e-09)
(0.001535255 1.433752e-07 6.210109e-09)
(0.001535517 1.385917e-07 9.075057e-09)
(0.001535738 1.345249e-07 3.858267e-09)
(0.00153607 1.27057e-07 4.594363e-08)
(0.001531788 -2.098104e-07 4.647164e-09)
(0.001532162 -2.022262e-07 4.631762e-09)
(0.001532523 -1.949098e-07 4.642067e-09)
(0.001532871 -1.878361e-07 4.720156e-09)
(0.001533207 -1.8102e-07 4.853944e-09)
(0.001533531 -1.745087e-07 5.001637e-09)
(0.001533844 -1.683098e-07 5.157735e-09)
(0.001534147 -1.623764e-07 5.329042e-09)
(0.001534439 -1.566891e-07 5.546118e-09)
(0.00153472 -1.512475e-07 5.737377e-09)
(0.001534994 -1.460485e-07 6.244332e-09)
(0.001535256 -1.411465e-07 6.143752e-09)
(0.001535517 -1.363695e-07 9.011251e-09)
(0.001535739 -1.323214e-07 3.793053e-09)
(0.001536071 -1.249925e-07 4.591421e-08)
(0.001529818 -6.625692e-07 2.942359e-09)
(0.001530192 -6.38961e-07 2.889048e-09)
(0.001530553 -6.161485e-07 2.870002e-09)
(0.0015309 -5.941518e-07 2.899915e-09)
(0.001531236 -5.729366e-07 2.985457e-09)
(0.00153156 -5.52448e-07 3.12308e-09)
(0.001531872 -5.326901e-07 3.296297e-09)
(0.001532173 -5.136868e-07 3.482757e-09)
(0.001532464 -4.954362e-07 3.67534e-09)
(0.001532744 -4.779397e-07 3.877958e-09)
(0.001533015 -4.611989e-07 4.126931e-09)
(0.001533276 -4.45228e-07 4.354609e-09)
(0.00153353 -4.299878e-07 4.876411e-09)
(0.001533773 -4.156298e-07 4.830114e-09)
(0.001534015 -4.016364e-07 7.549369e-09)
(0.001534221 -3.897698e-07 2.747233e-09)
(0.001534529 -3.68236e-07 4.206044e-08)
(0.001526153 -1.176523e-06 -1.192156e-10)
(0.001526511 -1.134684e-06 -5.315761e-10)
(0.001526856 -1.094229e-06 -7.468565e-10)
(0.001527189 -1.055108e-06 -7.44606e-10)
(0.001527509 -1.017327e-06 -6.636944e-10)
(0.001527818 -9.808561e-07 -5.444816e-10)
(0.001528115 -9.45642e-07 -3.908642e-10)
(0.001528401 -9.116497e-07 -2.092789e-10)
(0.001528677 -8.788651e-07 1.172173e-12)
(0.001528943 -8.472893e-07 2.42027e-10)
(0.0015292 -8.169289e-07 5.025085e-10)
(0.001529447 -7.877854e-07 7.719828e-10)
(0.001529686 -7.598616e-07 1.05247e-09)
(0.001529916 -7.331555e-07 1.369542e-09)
(0.001530138 -7.076924e-07 1.665464e-09)
(0.001530353 -6.834253e-07 2.210346e-09)
(0.00153056 -6.605917e-07 2.268526e-09)
(0.001530766 -6.383822e-07 4.706481e-09)
(0.00153094 -6.195543e-07 7.072137e-10)
(0.001531203 -5.855749e-07 3.462796e-08)
(0.001521766 -1.537492e-06 -6.433333e-09)
(0.001522041 -1.482159e-06 -6.534015e-09)
(0.001522305 -1.428707e-06 -6.484949e-09)
(0.001522559 -1.37706e-06 -6.270618e-09)
(0.001522803 -1.327197e-06 -6.000841e-09)
(0.001523038 -1.279075e-06 -5.706542e-09)
(0.001523264 -1.232652e-06 -5.392462e-09)
(0.001523481 -1.187901e-06 -5.058241e-09)
(0.00152369 -1.144798e-06 -4.703675e-09)
(0.001523891 -1.10333e-06 -4.328706e-09)
(0.001524085 -1.06349e-06 -3.941473e-09)
(0.001524271 -1.025278e-06 -3.5511e-09)
(0.001524451 -9.886967e-07 -3.1569e-09)
(0.001524625 -9.537504e-07 -2.737945e-09)
(0.001524792 -9.204786e-07 -2.339595e-09)
(0.001524954 -8.888261e-07 -1.746765e-09)
(0.00152511 -8.590999e-07 -1.528697e-09)
(0.001525265 -8.302794e-07 5.359378e-10)
(0.001525396 -8.058556e-07 -2.335923e-09)
(0.001525595 -7.622327e-07 2.411442e-08)
(0.001514569 -1.797423e-06 -1.501514e-08)
(0.001514741 -1.731703e-06 -1.469147e-08)
(0.001514906 -1.668304e-06 -1.427836e-08)
(0.001515064 -1.607123e-06 -1.375965e-08)
(0.001515215 -1.548116e-06 -1.321137e-08)
(0.00151536 -1.491232e-06 -1.265615e-08)
(0.001515499 -1.436419e-06 -1.209941e-08)
(0.001515633 -1.383639e-06 -1.154034e-08)
(0.001515761 -1.332861e-06 -1.09789e-08)
(0.001515884 -1.284068e-06 -1.041274e-08)
(0.001516002 -1.237249e-06 -9.844903e-09)
(0.001516116 -1.192401e-06 -9.283357e-09)
(0.001516225 -1.14953e-06 -8.724856e-09)
(0.00151633 -1.108643e-06 -8.157452e-09)
(0.001516432 -1.06979e-06 -7.605527e-09)
(0.00151653 -1.032918e-06 -6.928984e-09)
(0.001516625 -9.983759e-07 -6.493714e-09)
(0.001516719 -9.650398e-07 -4.842421e-09)
(0.001516799 -9.367927e-07 -6.356768e-09)
(0.001516922 -8.871457e-07 1.125976e-08)
(0.001503314 -1.940344e-06 -2.572882e-08)
(0.001503373 -1.868186e-06 -2.4851e-08)
(0.001503428 -1.798668e-06 -2.395397e-08)
(0.001503481 -1.731665e-06 -2.30267e-08)
(0.00150353 -1.667119e-06 -2.211007e-08)
(0.001503577 -1.604967e-06 -2.121524e-08)
(0.001503622 -1.545151e-06 -2.034504e-08)
(0.001503664 -1.487625e-06 -1.949569e-08)
(0.001503704 -1.432358e-06 -1.866375e-08)
(0.001503742 -1.379326e-06 -1.784452e-08)
(0.001503779 -1.328518e-06 -1.703826e-08)
(0.001503814 -1.279927e-06 -1.624961e-08)
(0.001503847 -1.233564e-06 -1.547435e-08)
(0.001503879 -1.189441e-06 -1.470604e-08)
(0.00150391 -1.147618e-06 -1.395352e-08)
(0.00150394 -1.108054e-06 -1.314524e-08)
(0.001503969 -1.07111e-06 -1.243957e-08)
(0.001503998 -1.035676e-06 -1.11833e-08)
(0.001504023 -1.00564e-06 -1.12311e-08)
(0.001504065 -9.540755e-07 -2.95947e-09)
(0.001486322 -1.960517e-06 -3.805133e-08)
(0.001486266 -1.886367e-06 -3.65141e-08)
(0.001486212 -1.815018e-06 -3.504181e-08)
(0.001486159 -1.746337e-06 -3.362527e-08)
(0.001486107 -1.680257e-06 -3.226701e-08)
(0.001486057 -1.616708e-06 -3.09644e-08)
(0.001486007 -1.555628e-06 -2.971758e-08)
(0.001485959 -1.496967e-06 -2.85179e-08)
(0.001485913 -1.440691e-06 -2.735885e-08)
(0.001485867 -1.386777e-06 -2.623317e-08)
(0.001485823 -1.335214e-06 -2.513711e-08)
(0.00148578 -1.285997e-06 -2.407265e-08)
(0.001485738 -1.239144e-06 -2.303247e-08)
(0.001485699 -1.194676e-06 -2.201683e-08)
(0.00148566 -1.15266e-06 -2.101299e-08)
(0.001485623 -1.113076e-06 -2.002371e-08)
(0.001485589 -1.076271e-06 -1.900479e-08)
(0.001485555 -1.041259e-06 -1.807326e-08)
(0.001485526 -1.011546e-06 -1.66868e-08)
(0.001485489 -9.622453e-07 -1.7377e-08)
(0.001461377 -1.863794e-06 -5.105997e-08)
(0.001461218 -1.792195e-06 -4.880679e-08)
(0.001461065 -1.723383e-06 -4.670925e-08)
(0.001460916 -1.657225e-06 -4.475613e-08)
(0.001460773 -1.593653e-06 -4.291268e-08)
(0.001460634 -1.532592e-06 -4.116244e-08)
(0.001460501 -1.473981e-06 -3.950263e-08)
(0.001460371 -1.417771e-06 -3.791695e-08)
(0.001460247 -1.363933e-06 -3.639712e-08)
(0.001460126 -1.312445e-06 -3.49318e-08)
(0.00146001 -1.263301e-06 -3.351345e-08)
(0.001459899 -1.216504e-06 -3.214022e-08)
(0.001459791 -1.172078e-06 -3.080208e-08)
(0.001459687 -1.130057e-06 -2.95028e-08)
(0.001459588 -1.090517e-06 -2.821558e-08)
(0.001459492 -1.05347e-06 -2.700033e-08)
(0.001459401 -1.019217e-06 -2.564439e-08)
(0.001459312 -9.870002e-07 -2.492743e-08)
(0.001459235 -9.596003e-07 -2.228283e-08)
(0.001459129 -9.163599e-07 -3.072806e-08)
(0.001425577 -1.667592e-06 -6.345217e-08)
(0.001425334 -1.602682e-06 -6.050379e-08)
(0.001425101 -1.540363e-06 -5.779679e-08)
(0.001424876 -1.480521e-06 -5.531794e-08)
(0.00142466 -1.423085e-06 -5.299547e-08)
(0.001424451 -1.367989e-06 -5.080607e-08)
(0.001424251 -1.315173e-06 -4.873509e-08)
(0.001424057 -1.264598e-06 -4.676719e-08)
(0.001423871 -1.21624e-06 -4.488556e-08)
(0.001423692 -1.170086e-06 -4.307848e-08)
(0.00142352 -1.126136e-06 -4.133397e-08)
(0.001423354 -1.084404e-06 -3.964622e-08)
(0.001423194 -1.044927e-06 -3.800226e-08)
(0.001423041 -1.007754e-06 -3.640805e-08)
(0.001422894 -9.729695e-07 -3.482308e-08)
(0.001422752 -9.406214e-07 -3.335384e-08)
(0.001422617 -9.10957e-07 -3.166343e-08)
(0.001422484 -8.835054e-07 -3.103281e-08)
(0.001422371 -8.600948e-07 -2.743425e-08)
(0.001422212 -8.259073e-07 -4.178982e-08)
(0.001375086 -1.398924e-06 -7.380229e-08)
(0.001374788 -1.34393e-06 -7.026524e-08)
(0.001374502 -1.291182e-06 -6.704197e-08)
(0.001374227 -1.240591e-06 -6.411081e-08)
(0.001373962 -1.19209e-06 -6.137577e-08)
(0.001373708 -1.145624e-06 -5.880368e-08)
(0.001373463 -1.101146e-06 -5.637729e-08)
(0.001373228 -1.058624e-06 -5.407189e-08)
(0.001373002 -1.018044e-06 -5.187037e-08)
(0.001372785 -9.794042e-07 -4.97566e-08)
(0.001372576 -9.427158e-07 -4.771625e-08)
(0.001372375 -9.08006e-07 -4.574016e-08)
(0.001372182 -8.753238e-07 -4.381196e-08)
(0.001371997 -8.447366e-07 -4.193814e-08)
(0.001371819 -8.163409e-07 -4.006948e-08)
(0.001371648 -7.902279e-07 -3.834099e-08)
(0.001371484 -7.665823e-07 -3.634494e-08)
(0.001371324 -7.452581e-07 -3.567357e-08)
(0.001371187 -7.270477e-07 -3.151087e-08)
(0.001370993 -7.037933e-07 -4.956661e-08)
(0.001304762 -1.090665e-06 -8.090848e-08)
(0.001304441 -1.047537e-06 -7.696626e-08)
(0.001304132 -1.006209e-06 -7.338489e-08)
(0.001303836 -9.666197e-07 -7.013167e-08)
(0.001303552 -9.287125e-07 -6.709843e-08)
(0.001303278 -8.924437e-07 -6.42492e-08)
(0.001303016 -8.577828e-07 -6.155729e-08)
(0.001302764 -8.247099e-07 -5.900075e-08)
(0.001302522 -7.932205e-07 -5.65553e-08)
(0.001302289 -7.633227e-07 -5.420499e-08)
(0.001302066 -7.350402e-07 -5.19327e-08)
(0.001301851 -7.084136e-07 -4.972573e-08)
(0.001301645 -6.835055e-07 -4.756549e-08)
(0.001301446 -6.604007e-07 -4.545642e-08)
(0.001301256 -6.39211e-07 -4.334571e-08)
(0.001301073 -6.200711e-07 -4.137689e-08)
(0.001300899 -6.031231e-07 -3.912751e-08)
(0.001300727 -5.885458e-07 -3.830694e-08)
(0.00130058 -5.761921e-07 -3.399363e-08)
(0.001300372 -5.6451e-07 -5.348549e-08)
(0.001207563 -7.770233e-07 -8.427e-08)
(0.001207249 -7.462599e-07 -8.013988e-08)
(0.001206948 -7.168122e-07 -7.63851e-08)
(0.00120666 -6.886466e-07 -7.296434e-08)
(0.001206383 -6.617161e-07 -6.976985e-08)
(0.001206117 -6.359903e-07 -6.676617e-08)
(0.001205862 -6.114525e-07 -6.39267e-08)
(0.001205616 -5.880947e-07 -6.122188e-08)
(0.001205381 -5.659208e-07 -5.863029e-08)
(0.001205155 -5.449482e-07 -5.613324e-08)
(0.001204938 -5.252102e-07 -5.371189e-08)
(0.00120473 -5.067574e-07 -5.135118e-08)
(0.001204529 -4.896623e-07 -4.902992e-08)
(0.001204337 -4.740257e-07 -4.675018e-08)
(0.001204152 -4.599736e-07 -4.445515e-08)
(0.001203973 -4.476893e-07 -4.228497e-08)
(0.001203803 -4.372997e-07 -3.984131e-08)
(0.001203636 -4.29295e-07 -3.878414e-08)
(0.001203492 -4.228606e-07 -3.467654e-08)
(0.00120329 -4.221943e-07 -5.356341e-08)
(0.001073576 -4.891612e-07 -8.409844e-08)
(0.001073297 -4.698766e-07 -7.999104e-08)
(0.001073031 -4.514501e-07 -7.624292e-08)
(0.001072774 -4.338657e-07 -7.280649e-08)
(0.001072529 -4.17083e-07 -6.958805e-08)
(0.001072293 -4.010839e-07 -6.655695e-08)
(0.001072067 -3.858623e-07 -6.368194e-08)
(0.00107185 -3.71419e-07 -6.093832e-08)
(0.001071641 -3.577642e-07 -5.830095e-08)
(0.001071441 -3.449197e-07 -5.575237e-08)
(0.001071248 -3.329229e-07 -5.327225e-08)
(0.001071063 -3.218276e-07 -5.084346e-08)
(0.001070885 -3.117093e-07 -4.84439e-08)
(0.001070714 -3.026766e-07 -4.607063e-08)
(0.001070549 -2.948673e-07 -4.36673e-08)
(0.00107039 -2.88505e-07 -4.134974e-08)
(0.001070238 -2.837428e-07 -3.877405e-08)
(0.001070088 -2.813571e-07 -3.742208e-08)
(0.001069958 -2.802746e-07 -3.375414e-08)
(0.001069776 -2.889982e-07 -5.041913e-08)
(0.0008883867 -2.52332e-07 -8.078031e-08)
(0.0008881653 -2.424736e-07 -7.687844e-08)
(0.0008879531 -2.331015e-07 -7.329448e-08)
(0.0008877496 -2.241977e-07 -6.998492e-08)
(0.0008875543 -2.157243e-07 -6.687535e-08)
(0.0008873669 -2.076717e-07 -6.393941e-08)
(0.0008871869 -2.0004e-07 -6.114797e-08)
(0.0008870141 -1.928343e-07 -5.8473e-08)
(0.000886848 -1.86064e-07 -5.589466e-08)
(0.0008866883 -1.797506e-07 -5.339555e-08)
(0.0008865348 -1.739267e-07 -5.095548e-08)
(0.0008863871 -1.686398e-07 -4.855793e-08)
(0.0008862448 -1.639562e-07 -4.618027e-08)
(0.0008861076 -1.599765e-07 -4.381517e-08)
(0.0008859752 -1.568314e-07 -4.140085e-08)
(0.0008858471 -1.547604e-07 -3.902428e-08)
(0.0008857236 -1.539584e-07 -3.639631e-08)
(0.0008856018 -1.554361e-07 -3.474035e-08)
(0.000885494 -1.582974e-07 -3.158916e-08)
(0.0008853443 -1.737227e-07 -4.489707e-08)
(0.0006301541 -8.519224e-08 -7.175205e-08)
(0.000630007 -8.196405e-08 -6.838067e-08)
(0.000629866 -7.892166e-08 -6.524675e-08)
(0.0006297307 -7.605529e-08 -6.233007e-08)
(0.0006296009 -7.333481e-08 -5.95757e-08)
(0.0006294761 -7.076576e-08 -5.696802e-08)
(0.0006293563 -6.834721e-08 -5.447437e-08)
(0.000629241 -6.60864e-08 -5.207931e-08)
(0.0006291302 -6.398992e-08 -4.976408e-08)
(0.0006290235 -6.207017e-08 -4.751664e-08)
(0.0006289207 -6.034862e-08 -4.531957e-08)
(0.0006288216 -5.885494e-08 -4.315987e-08)
(0.0006287259 -5.763407e-08 -4.101678e-08)
(0.0006286333 -5.675697e-08 -3.887937e-08)
(0.0006285436 -5.632017e-08 -3.668863e-08)
(0.0006284562 -5.652987e-08 -3.449467e-08)
(0.0006283712 -5.759524e-08 -3.206743e-08)
(0.0006282865 -6.058659e-08 -3.031309e-08)
(0.0006282092 -6.504786e-08 -2.77549e-08)
(0.0006280988 -8.23346e-08 -3.688142e-08)
(0.000264344 -2.609524e-09 -4.353223e-08)
(0.0002642877 -2.563044e-09 -4.153204e-08)
(0.0002642336 -2.523555e-09 -3.967623e-08)
(0.0002641817 -2.493209e-09 -3.793785e-08)
(0.0002641317 -2.462548e-09 -3.628922e-08)
(0.0002640837 -2.441672e-09 -3.4721e-08)
(0.0002640374 -2.426006e-09 -3.321645e-08)
(0.0002639929 -2.420619e-09 -3.176732e-08)
(0.0002639499 -2.423953e-09 -3.036796e-08)
(0.0002639085 -2.440826e-09 -2.901092e-08)
(0.0002638685 -2.476147e-09 -2.76872e-08)
(0.0002638297 -2.537023e-09 -2.638812e-08)
(0.0002637922 -2.633233e-09 -2.510162e-08)
(0.0002637556 -2.784261e-09 -2.382011e-08)
(0.0002637199 -3.006581e-09 -2.249841e-08)
(0.0002636848 -3.380825e-09 -2.115644e-08)
(0.00026365 -3.922542e-09 -1.962382e-08)
(0.0002636143 -5.192487e-09 -1.835164e-08)
(0.0002635797 -6.029558e-09 -1.65097e-08)
(0.0002635226 -1.649823e-08 -2.013922e-08)
(0.001007679 2.831786e-07 1.97687e-09)
(0.001007839 2.737098e-07 2.021218e-09)
(0.001007994 2.646535e-07 2.073867e-09)
(0.001008144 2.560549e-07 2.149294e-09)
(0.001008289 2.479179e-07 2.440746e-09)
(0.001008429 2.403423e-07 2.39302e-09)
(0.00100857 2.330056e-07 4.388541e-09)
(0.001008689 2.268123e-07 1.606902e-09)
(0.001008878 2.14872e-07 3.377128e-08)
(0.001008189 1.041396e-07 2.490223e-09)
(0.001008375 1.006968e-07 2.527214e-09)
(0.001008554 9.735813e-08 2.542876e-09)
(0.001008727 9.41026e-08 2.582404e-09)
(0.001008895 9.096483e-08 2.669015e-09)
(0.001009057 8.800236e-08 2.760426e-09)
(0.001009215 8.521473e-08 3.055934e-09)
(0.001009367 8.262375e-08 2.981413e-09)
(0.001009519 8.010607e-08 5.103197e-09)
(0.001009648 7.797012e-08 2.0837e-09)
(0.001009851 7.38252e-08 3.666279e-08)
(0.001007381 -1.186284e-07 2.310792e-09)
(0.001007593 -1.144229e-07 2.288161e-09)
(0.001007799 -1.103635e-07 2.279082e-09)
(0.001007997 -1.064393e-07 2.31001e-09)
(0.001008189 -1.026672e-07 2.367007e-09)
(0.001008375 -9.908641e-08 2.423175e-09)
(0.001008554 -9.569407e-08 2.485933e-09)
(0.001008727 -9.2469e-08 2.557697e-09)
(0.001008895 -8.939209e-08 2.654534e-09)
(0.001009057 -8.646821e-08 2.73858e-09)
(0.001009215 -8.369453e-08 3.028715e-09)
(0.001009367 -8.111129e-08 2.951963e-09)
(0.001009519 -7.861613e-08 5.074221e-09)
(0.001009648 -7.652116e-08 2.05423e-09)
(0.001009851 -7.249596e-08 3.665499e-08)
(0.001006177 -3.739359e-07 1.484686e-09)
(0.001006388 -3.609362e-07 1.465893e-09)
(0.001006592 -3.483612e-07 1.445816e-09)
(0.001006789 -3.362302e-07 1.452965e-09)
(0.00100698 -3.245225e-07 1.491647e-09)
(0.001007164 -3.132162e-07 1.554059e-09)
(0.001007341 -3.023281e-07 1.631622e-09)
(0.001007513 -2.91883e-07 1.70801e-09)
(0.001007678 -2.818885e-07 1.788174e-09)
(0.001007839 -2.723503e-07 1.872198e-09)
(0.001007994 -2.632782e-07 1.981692e-09)
(0.001008144 -2.546844e-07 2.08289e-09)
(0.00100829 -2.465586e-07 2.375876e-09)
(0.00100843 -2.389982e-07 2.325645e-09)
(0.001008571 -2.316904e-07 4.322768e-09)
(0.00100869 -2.255409e-07 1.540484e-09)
(0.001008879 -2.137015e-07 3.376087e-08)
(0.001003921 -6.610902e-07 7.313125e-11)
(0.001004121 -6.382691e-07 -2.037026e-10)
(0.001004314 -6.16154e-07 -3.119681e-10)
(0.0010045 -5.947194e-07 -2.877084e-10)
(0.00100468 -5.739804e-07 -2.384194e-10)
(0.001004853 -5.539323e-07 -1.828089e-10)
(0.001005019 -5.345546e-07 -1.119962e-10)
(0.00100518 -5.158397e-07 -2.87658e-11)
(0.001005336 -4.977947e-07 6.502012e-11)
(0.001005486 -4.804376e-07 1.732442e-10)
(0.00100563 -4.637881e-07 2.852619e-10)
(0.00100577 -4.478606e-07 4.036006e-10)
(0.001005905 -4.326699e-07 5.261535e-10)
(0.001006036 -4.182281e-07 6.689483e-10)
(0.001006163 -4.04565e-07 8.027804e-10)
(0.001006286 -3.916683e-07 1.098378e-09)
(0.001006404 -3.796952e-07 1.100722e-09)
(0.001006523 -3.681533e-07 2.860382e-09)
(0.001006624 -3.584589e-07 5.354451e-10)
(0.001006784 -3.398634e-07 2.818787e-08)
(0.001001129 -8.620601e-07 -2.96485e-09)
(0.001001279 -8.31987e-07 -3.074617e-09)
(0.001001424 -8.028668e-07 -3.054827e-09)
(0.001001563 -7.746603e-07 -2.93314e-09)
(0.001001697 -7.473728e-07 -2.794646e-09)
(0.001001826 -7.209966e-07 -2.655749e-09)
(0.00100195 -6.955263e-07 -2.509595e-09)
(0.001002069 -6.709652e-07 -2.353953e-09)
(0.001002185 -6.473197e-07 -2.190942e-09)
(0.001002296 -6.246021e-07 -2.017841e-09)
(0.001002403 -6.028295e-07 -1.843077e-09)
(0.001002507 -5.820191e-07 -1.664907e-09)
(0.001002607 -5.621928e-07 -1.486134e-09)
(0.001002703 -5.433728e-07 -1.294551e-09)
(0.001002797 -5.256028e-07 -1.11141e-09)
(0.001002888 -5.088767e-07 -8.01756e-10)
(0.001002976 -4.933955e-07 -7.195528e-10)
(0.001003065 -4.785415e-07 7.190763e-10)
(0.001003139 -4.661069e-07 -9.668699e-10)
(0.00100326 -4.424315e-07 2.034882e-08)
(0.0009965754 -1.004936e-06 -7.101405e-09)
(0.0009966646 -9.693658e-07 -6.991478e-09)
(0.0009967499 -9.349687e-07 -6.797359e-09)
(0.0009968317 -9.016892e-07 -6.535993e-09)
(0.0009969103 -8.695239e-07 -6.266653e-09)
(0.0009969858 -8.384664e-07 -6.002506e-09)
(0.0009970582 -8.085111e-07 -5.738953e-09)
(0.0009971279 -7.796597e-07 -5.47442e-09)
(0.0009971949 -7.519201e-07 -5.211181e-09)
(0.0009972594 -7.253061e-07 -4.945029e-09)
(0.0009973215 -6.998362e-07 -4.681331e-09)
(0.0009973814 -6.755306e-07 -4.418267e-09)
(0.0009974393 -6.52418e-07 -4.157992e-09)
(0.0009974953 -6.305287e-07 -3.892806e-09)
(0.0009975496 -6.099203e-07 -3.634514e-09)
(0.0009976026 -5.905933e-07 -3.297236e-09)
(0.0009976538 -5.727807e-07 -3.105539e-09)
(0.0009977059 -5.558052e-07 -2.033442e-09)
(0.0009977498 -5.416595e-07 -2.956302e-09)
(0.0009978226 -5.15049e-07 1.084504e-08)
(0.0009894919 -1.081024e-06 -1.228545e-08)
(0.0009895136 -1.042165e-06 -1.18901e-08)
(0.0009895339 -1.004634e-06 -1.14617e-08)
(0.0009895531 -9.683651e-07 -1.100986e-08)
(0.0009895711 -9.33349e-07 -1.056632e-08)
(0.0009895882 -8.995777e-07 -1.013874e-08)
(0.0009896043 -8.670464e-07 -9.723796e-09)
(0.0009896196 -8.357578e-07 -9.318681e-09)
(0.0009896342 -8.057221e-07 -8.923727e-09)
(0.0009896481 -7.769545e-07 -8.53394e-09)
(0.0009896613 -7.494752e-07 -8.152032e-09)
(0.0009896741 -7.233077e-07 -7.776149e-09)
(0.0009896865 -6.984877e-07 -7.408137e-09)
(0.0009896987 -6.750543e-07 -7.044559e-09)
(0.0009897107 -6.530762e-07 -6.688394e-09)
(0.0009897227 -6.325664e-07 -6.29675e-09)
(0.0009897346 -6.137719e-07 -5.971111e-09)
(0.0009897477 -5.960276e-07 -5.267548e-09)
(0.0009897583 -5.813277e-07 -5.375899e-09)
(0.0009897805 -5.541826e-07 4.426168e-10)
(0.0009788413 -1.087654e-06 -1.826481e-08)
(0.0009787952 -1.047956e-06 -1.753232e-08)
(0.0009787505 -1.009662e-06 -1.682565e-08)
(0.000978707 -9.726981e-07 -1.614449e-08)
(0.0009786647 -9.37056e-07 -1.549128e-08)
(0.0009786237 -9.027255e-07 -1.486713e-08)
(0.0009785839 -8.697033e-07 -1.426996e-08)
(0.0009785454 -8.379909e-07 -1.369404e-08)
(0.0009785082 -8.076025e-07 -1.313935e-08)
(0.0009784721 -7.785553e-07 -1.259912e-08)
(0.0009784373 -7.508722e-07 -1.207351e-08)
(0.0009784038 -7.245823e-07 -1.156055e-08)
(0.0009783716 -6.99728e-07 -1.106052e-08)
(0.0009783408 -6.763585e-07 -1.05736e-08)
(0.0009783113 -6.545505e-07 -1.009265e-08)
(0.0009782833 -6.343363e-07 -9.624918e-09)
(0.0009782569 -6.159555e-07 -9.143302e-09)
(0.0009782318 -5.988262e-07 -8.769305e-09)
(0.0009782101 -5.847415e-07 -8.096745e-09)
(0.000978183 -5.594606e-07 -9.979491e-09)
(0.0009632525 -1.028789e-06 -2.459336e-08)
(0.0009631449 -9.907247e-07 -2.349833e-08)
(0.000963041 -9.540449e-07 -2.24887e-08)
(0.0009629409 -9.18685e-07 -2.15553e-08)
(0.0009628442 -8.846314e-07 -2.06698e-08)
(0.0009627509 -8.518782e-07 -1.983086e-08)
(0.000962661 -8.204181e-07 -1.903174e-08)
(0.0009625742 -7.902591e-07 -1.826853e-08)
(0.0009624906 -7.614163e-07 -1.753648e-08)
(0.00096241 -7.339126e-07 -1.682914e-08)
(0.0009623323 -7.077742e-07 -1.614349e-08)
(0.0009622576 -6.830361e-07 -1.547686e-08)
(0.0009621858 -6.597492e-07 -1.482815e-08)
(0.0009621168 -6.379717e-07 -1.420027e-08)
(0.0009620506 -6.177909e-07 -1.357961e-08)
(0.0009619872 -5.99256e-07 -1.300753e-08)
(0.0009619268 -5.82588e-07 -1.236088e-08)
(0.0009618681 -5.673425e-07 -1.224281e-08)
(0.0009618177 -5.549361e-07 -1.090715e-08)
(0.0009617471 -5.336418e-07 -1.950896e-08)
(0.0009409206 -9.148424e-07 -3.063655e-08)
(0.0009407635 -8.806231e-07 -2.919197e-08)
(0.0009406124 -8.47682e-07 -2.788818e-08)
(0.0009404669 -8.15966e-07 -2.670582e-08)
(0.0009403269 -7.854632e-07 -2.559172e-08)
(0.000940192 -7.561671e-07 -2.453965e-08)
(0.0009400622 -7.280747e-07 -2.354141e-08)
(0.0009399372 -7.011946e-07 -2.25917e-08)
(0.0009398169 -6.755491e-07 -2.168191e-08)
(0.0009397011 -6.511643e-07 -2.080519e-08)
(0.0009395897 -6.280715e-07 -1.995689e-08)
(0.0009394826 -6.063137e-07 -1.913356e-08)
(0.0009393796 -5.859493e-07 -1.833154e-08)
(0.0009392807 -5.670483e-07 -1.755596e-08)
(0.0009391857 -5.497032e-07 -1.678555e-08)
(0.0009390946 -5.339898e-07 -1.609484e-08)
(0.0009390077 -5.20093e-07 -1.528423e-08)
(0.0009389227 -5.07749e-07 -1.53279e-08)
(0.0009388496 -4.978749e-07 -1.352163e-08)
(0.000938745 -4.821745e-07 -2.730479e-08)
(0.0009094501 -7.614042e-07 -3.5701e-08)
(0.0009092601 -7.327202e-07 -3.396305e-08)
(0.0009090776 -7.051362e-07 -3.241146e-08)
(0.0009089021 -6.786125e-07 -3.101336e-08)
(0.0009087334 -6.531414e-07 -2.97012e-08)
(0.0009085712 -6.287165e-07 -2.846387e-08)
(0.0009084153 -6.053403e-07 -2.729211e-08)
(0.0009082653 -5.830249e-07 -2.617692e-08)
(0.0009081211 -5.617948e-07 -2.510971e-08)
(0.0009079824 -5.416806e-07 -2.408078e-08)
(0.000907849 -5.227203e-07 -2.308467e-08)
(0.0009077209 -5.049642e-07 -2.211701e-08)
(0.0009075977 -4.884792e-07 -2.117207e-08)
(0.0009074793 -4.733453e-07 -2.025505e-08)
(0.0009073657 -4.596653e-07 -1.934233e-08)
(0.0009072565 -4.475368e-07 -1.852346e-08)
(0.0009071523 -4.371135e-07 -1.756446e-08)
(0.0009070502 -4.283297e-07 -1.766759e-08)
(0.0009069622 -4.215613e-07 -1.562999e-08)
(0.0009068354 -4.123877e-07 -3.272008e-08)
(0.0008656039 -5.87097e-07 -3.921335e-08)
(0.0008653998 -5.64932e-07 -3.727747e-08)
(0.0008652039 -5.436386e-07 -3.55539e-08)
(0.0008650158 -5.231971e-07 -3.40006e-08)
(0.0008648351 -5.035984e-07 -3.254434e-08)
(0.0008646615 -4.848418e-07 -3.116982e-08)
(0.0008644947 -4.66933e-07 -2.986821e-08)
(0.0008643344 -4.498875e-07 -2.862963e-08)
(0.0008641804 -4.337305e-07 -2.744081e-08)
(0.0008640323 -4.184959e-07 -2.629375e-08)
(0.00086389 -4.04227e-07 -2.518087e-08)
(0.0008637532 -3.90981e-07 -2.409662e-08)
(0.0008636218 -3.78831e-07 -2.303304e-08)
(0.0008634955 -3.678683e-07 -2.199564e-08)
(0.0008633741 -3.582029e-07 -2.095707e-08)
(0.0008632574 -3.499635e-07 -2.001496e-08)
(0.0008631459 -3.432786e-07 -1.893175e-08)
(0.0008630365 -3.382889e-07 -1.899723e-08)
(0.0008629419 -3.348844e-07 -1.697634e-08)
(0.0008628055 -3.324498e-07 -3.541904e-08)
(0.0008048929 -4.111544e-07 -4.098444e-08)
(0.0008046933 -3.956967e-07 -3.895901e-08)
(0.000804502 -3.808683e-07 -3.714972e-08)
(0.0008043183 -3.666646e-07 -3.551094e-08)
(0.000804142 -3.530759e-07 -3.397176e-08)
(0.0008039726 -3.401034e-07 -3.251981e-08)
(0.00080381 -3.277567e-07 -3.114129e-08)
(0.0008036537 -3.160519e-07 -2.982582e-08)
(0.0008035036 -3.050146e-07 -2.85621e-08)
(0.0008033593 -2.94679e-07 -2.733896e-08)
(0.0008032206 -2.850911e-07 -2.61481e-08)
(0.0008030872 -2.763106e-07 -2.498277e-08)
(0.000802959 -2.684144e-07 -2.383353e-08)
(0.0008028357 -2.615014e-07 -2.270334e-08)
(0.0008027171 -2.556927e-07 -2.156549e-08)
(0.0008026029 -2.51146e-07 -2.051201e-08)
(0.0008024936 -2.479923e-07 -1.932942e-08)
(0.0008023863 -2.465773e-07 -1.926922e-08)
(0.0008022928 -2.464608e-07 -1.747077e-08)
(0.0008021586 -2.503071e-07 -3.546797e-08)
(0.000720862 -2.512506e-07 -4.124645e-08)
(0.0007206836 -2.419304e-07 -3.923013e-08)
(0.0007205126 -2.330134e-07 -3.741373e-08)
(0.0007203484 -2.245019e-07 -3.575298e-08)
(0.0007201909 -2.163841e-07 -3.418984e-08)
(0.0007200396 -2.086625e-07 -3.271187e-08)
(0.0007198943 -2.01347e-07 -3.130586e-08)
(0.0007197547 -1.944544e-07 -2.996197e-08)
(0.0007196205 -1.880063e-07 -2.866577e-08)
(0.0007194915 -1.820349e-07 -2.740824e-08)
(0.0007193674 -1.765833e-07 -2.617903e-08)
(0.000719248 -1.717081e-07 -2.497038e-08)
(0.0007191331 -1.674841e-07 -2.377173e-08)
(0.0007190224 -1.640122e-07 -2.258432e-08)
(0.0007189158 -1.61419e-07 -2.137907e-08)
(0.0007188128 -1.598914e-07 -2.023301e-08)
(0.0007187139 -1.595894e-07 -1.897515e-08)
(0.0007186166 -1.610613e-07 -1.87177e-08)
(0.000718531 -1.637733e-07 -1.726161e-08)
(0.0007184087 -1.728433e-07 -3.334079e-08)
(0.0006037265 -1.222015e-07 -4.038363e-08)
(0.0006035828 -1.177898e-07 -3.844985e-08)
(0.0006034451 -1.135994e-07 -3.668405e-08)
(0.0006033129 -1.096304e-07 -3.505389e-08)
(0.000603186 -1.058652e-07 -3.351519e-08)
(0.0006030641 -1.023081e-07 -3.205972e-08)
(0.000602947 -9.896566e-08 -3.067008e-08)
(0.0006028344 -9.585125e-08 -2.93372e-08)
(0.0006027261 -9.298106e-08 -2.805021e-08)
(0.0006026218 -9.037885e-08 -2.679783e-08)
(0.0006025215 -8.807925e-08 -2.557013e-08)
(0.0006024248 -8.61282e-08 -2.435946e-08)
(0.0006023315 -8.458882e-08 -2.315504e-08)
(0.0006022414 -8.355044e-08 -2.195389e-08)
(0.0006021543 -8.313035e-08 -2.072571e-08)
(0.0006020699 -8.352453e-08 -1.952631e-08)
(0.0006019882 -8.493047e-08 -1.822467e-08)
(0.0006019076 -8.807001e-08 -1.772815e-08)
(0.0006018352 -9.257457e-08 -1.662064e-08)
(0.000601732 -1.051812e-07 -2.968105e-08)
(0.0004374188 -3.536192e-08 -3.727131e-08)
(0.0004373213 -3.41963e-08 -3.55605e-08)
(0.0004372278 -3.311211e-08 -3.396673e-08)
(0.000437138 -3.210339e-08 -3.247737e-08)
(0.0004370518 -3.115996e-08 -3.106805e-08)
(0.0004369689 -3.028441e-08 -2.972938e-08)
(0.0004368891 -2.948169e-08 -2.844696e-08)
(0.0004368124 -2.876093e-08 -2.721573e-08)
(0.0004367385 -2.812844e-08 -2.60248e-08)
(0.0004366672 -2.75979e-08 -2.486641e-08)
(0.0004365984 -2.718905e-08 -2.373182e-08)
(0.000436532 -2.693065e-08 -2.261443e-08)
(0.0004364678 -2.68629e-08 -2.150556e-08)
(0.0004364055 -2.704755e-08 -2.040083e-08)
(0.000436345 -2.756858e-08 -1.927002e-08)
(0.0004362859 -2.859092e-08 -1.814607e-08)
(0.0004362282 -3.031653e-08 -1.693896e-08)
(0.0004361706 -3.350693e-08 -1.629613e-08)
(0.0004361168 -3.808604e-08 -1.551236e-08)
(0.0004360382 -5.101314e-08 -2.463089e-08)
(0.0001923992 1.656764e-09 -2.41534e-08)
(0.0001923602 1.542173e-09 -2.307723e-08)
(0.0001923227 1.423234e-09 -2.207676e-08)
(0.0001922867 1.306252e-09 -2.113269e-08)
(0.0001922521 1.189551e-09 -2.02396e-08)
(0.0001922187 1.073914e-09 -1.938561e-08)
(0.0001921865 9.554336e-10 -1.856788e-08)
(0.0001921555 8.363928e-10 -1.778123e-08)
(0.0001921255 7.133126e-10 -1.702359e-08)
(0.0001920965 5.840125e-10 -1.628922e-08)
(0.0001920685 4.437781e-10 -1.557255e-08)
(0.0001920413 2.848154e-10 -1.487175e-08)
(0.0001920149 9.918944e-11 -1.41809e-08)
(0.0001919891 -1.296887e-10 -1.349704e-08)
(0.0001919639 -4.157326e-10 -1.279742e-08)
(0.0001919389 -8.205888e-10 -1.209543e-08)
(0.000191914 -1.378761e-09 -1.131769e-08)
(0.0001918885 -2.445807e-09 -1.075449e-08)
(0.0001918629 -3.376625e-09 -1.007849e-08)
(0.0001918207 -1.098352e-08 -1.378691e-08)
(0.0003727881 8.675843e-08 3.321706e-10)
(0.0003728376 8.408157e-08 3.341438e-10)
(0.0003728856 8.154986e-08 3.371057e-10)
(0.0003729324 7.918831e-08 3.381449e-10)
(0.0003729781 7.700209e-08 4.250983e-10)
(0.0003730222 7.503724e-08 2.93114e-10)
(0.0003730675 7.31508e-08 1.257101e-09)
(0.0003731048 7.169225e-08 -1.240889e-09)
(0.0003731785 6.783928e-08 1.393974e-08)
(0.0003729764 3.187121e-08 3.914634e-10)
(0.0003730336 3.088844e-08 3.905977e-10)
(0.0003730892 2.992897e-08 3.896548e-10)
(0.000373143 2.898965e-08 3.930573e-10)
(0.0003731953 2.809787e-08 4.117948e-10)
(0.0003732461 2.727553e-08 4.137983e-10)
(0.0003732958 2.652207e-08 5.044798e-10)
(0.0003733438 2.584479e-08 3.60492e-10)
(0.0003733929 2.518862e-08 1.395601e-09)
(0.0003734334 2.467352e-08 -1.295533e-09)
(0.0003735131 2.332151e-08 1.505705e-08)
(0.0003727278 -3.591143e-08 3.625476e-10)
(0.000372793 -3.467254e-08 3.574269e-10)
(0.0003728561 -3.347684e-08 3.536676e-10)
(0.0003729172 -3.232213e-08 3.604273e-10)
(0.0003729763 -3.122335e-08 3.702501e-10)
(0.0003730336 -3.019641e-08 3.788953e-10)
(0.0003730891 -2.923733e-08 3.900029e-10)
(0.000373143 -2.833447e-08 3.999098e-10)
(0.0003731953 -2.748255e-08 4.147039e-10)
(0.0003732461 -2.668278e-08 4.122129e-10)
(0.0003732958 -2.593888e-08 5.022551e-10)
(0.0003733438 -2.527067e-08 3.575985e-10)
(0.000373393 -2.46344e-08 1.393181e-09)
(0.0003734335 -2.415019e-08 -1.298582e-09)
(0.0003735132 -2.28608e-08 1.506089e-08)
(0.0003723291 -1.129101e-07 2.614797e-10)
(0.0003723933 -1.091239e-07 2.61199e-10)
(0.0003724554 -1.054606e-07 2.555945e-10)
(0.0003725155 -1.019279e-07 2.584595e-10)
(0.0003725735 -9.851785e-08 2.673555e-10)
(0.0003726298 -9.522873e-08 2.791484e-10)
(0.0003726842 -9.207513e-08 2.917323e-10)
(0.0003727369 -8.907117e-08 3.014459e-10)
(0.000372788 -8.622039e-08 3.109036e-10)
(0.0003728375 -8.352939e-08 3.187336e-10)
(0.0003728857 -8.100383e-08 3.328621e-10)
(0.0003729324 -7.865367e-08 3.348713e-10)
(0.0003729782 -7.647853e-08 4.200247e-10)
(0.0003730224 -7.452696e-08 2.881359e-10)
(0.0003730677 -7.266186e-08 1.253398e-09)
(0.000373105 -7.123336e-08 -1.24595e-09)
(0.0003731788 -6.743253e-08 1.395262e-08)
(0.0003715777 -1.982867e-07 1.028037e-10)
(0.0003716373 -1.917526e-07 3.418872e-11)
(0.0003716948 -1.853908e-07 3.579791e-11)
(0.0003717502 -1.792e-07 5.424209e-11)
(0.0003718039 -1.731964e-07 6.39739e-11)
(0.0003718557 -1.673827e-07 7.203391e-11)
(0.0003719058 -1.617575e-07 8.222689e-11)
(0.0003719542 -1.563253e-07 9.276879e-11)
(0.000372001 -1.510977e-07 1.048049e-10)
(0.0003720463 -1.460905e-07 1.192368e-10)
(0.0003720902 -1.413182e-07 1.322511e-10)
(0.0003721327 -1.367914e-07 1.464946e-10)
(0.0003721739 -1.325213e-07 1.582615e-10)
(0.000372214 -1.285192e-07 1.770473e-10)
(0.000372253 -1.248036e-07 1.813079e-10)
(0.0003722912 -1.213779e-07 2.607249e-10)
(0.0003723281 -1.18317e-07 1.510558e-10)
(0.0003723661 -1.154062e-07 9.816968e-10)
(0.0003723973 -1.131928e-07 -1.148797e-09)
(0.0003724597 -1.07269e-07 1.182282e-08)
(0.0003706147 -2.576325e-07 -2.499152e-10)
(0.0003706579 -2.49074e-07 -2.907072e-10)
(0.0003706994 -2.40745e-07 -2.766912e-10)
(0.0003707395 -2.326407e-07 -2.502058e-10)
(0.0003707782 -2.247775e-07 -2.319702e-10)
(0.0003708155 -2.171625e-07 -2.171034e-10)
(0.0003708515 -2.098039e-07 -2.007584e-10)
(0.0003708863 -2.027134e-07 -1.827749e-10)
(0.00037092 -1.959039e-07 -1.631092e-10)
(0.0003709525 -1.893903e-07 -1.414312e-10)
(0.000370984 -1.831879e-07 -1.208948e-10)
(0.0003710145 -1.773114e-07 -1.006481e-10)
(0.0003710441 -1.71778e-07 -8.206164e-11)
(0.000371073 -1.666052e-07 -6.112419e-11)
(0.0003711011 -1.618221e-07 -4.661318e-11)
(0.0003711287 -1.574356e-07 2.06984e-11)
(0.0003711554 -1.535429e-07 -5.490061e-11)
(0.0003711832 -1.498752e-07 5.903948e-10)
(0.0003712058 -1.471249e-07 -1.028541e-09)
(0.0003712525 -1.396899e-07 8.84858e-09)
(0.0003690508 -2.988557e-07 -7.351861e-10)
(0.0003690739 -2.888022e-07 -7.45312e-10)
(0.000369096 -2.790314e-07 -7.159468e-10)
(0.0003691173 -2.695331e-07 -6.777956e-10)
(0.0003691378 -2.603246e-07 -6.456361e-10)
(0.0003691575 -2.514172e-07 -6.164425e-10)
(0.0003691766 -2.428218e-07 -5.86626e-10)
(0.0003691949 -2.34552e-07 -5.565734e-10)
(0.0003692127 -2.266235e-07 -5.260802e-10)
(0.0003692298 -2.190534e-07 -4.942502e-10)
(0.0003692464 -2.118596e-07 -4.64007e-10)
(0.0003692625 -2.050601e-07 -4.337151e-10)
(0.0003692783 -1.986777e-07 -4.065274e-10)
(0.0003692936 -1.927363e-07 -3.755956e-10)
(0.0003693087 -1.872725e-07 -3.542123e-10)
(0.0003693236 -1.822993e-07 -2.932114e-10)
(0.0003693382 -1.779296e-07 -3.293716e-10)
(0.0003693537 -1.738703e-07 9.826996e-11)
(0.0003693662 -1.708913e-07 -9.139153e-10)
(0.000369394 -1.627184e-07 5.282041e-09)
(0.0003666268 -3.194555e-07 -1.35501e-09)
(0.0003666278 -3.085688e-07 -1.324037e-09)
(0.0003666286 -2.980004e-07 -1.271097e-09)
(0.0003666293 -2.877367e-07 -1.214909e-09)
(0.00036663 -2.777962e-07 -1.163583e-09)
(0.0003666305 -2.681925e-07 -1.115645e-09)
(0.000366631 -2.589394e-07 -1.069091e-09)
(0.0003666315 -2.500525e-07 -1.023349e-09)
(0.000366632 -2.415508e-07 -9.781971e-10)
(0.0003666325 -2.334534e-07 -9.325321e-10)
(0.000366633 -2.257803e-07 -8.881716e-10)
(0.0003666336 -2.185532e-07 -8.451612e-10)
(0.0003666343 -2.117996e-07 -8.041172e-10)
(0.0003666351 -2.055493e-07 -7.651567e-10)
(0.0003666362 -1.998453e-07 -7.262098e-10)
(0.0003666375 -1.947087e-07 -6.75006e-10)
(0.000366639 -1.902591e-07 -6.649257e-10)
(0.0003666414 -1.862116e-07 -4.650022e-10)
(0.0003666429 -1.833358e-07 -8.335604e-10)
(0.0003666505 -1.752744e-07 1.432981e-09)
(0.0003629926 -3.188836e-07 -2.078328e-09)
(0.0003629715 -3.078831e-07 -1.999963e-09)
(0.000362951 -2.972144e-07 -1.918595e-09)
(0.0003629312 -2.868656e-07 -1.840037e-09)
(0.000362912 -2.768546e-07 -1.765157e-09)
(0.0003628935 -2.671981e-07 -1.694534e-09)
(0.0003628757 -2.579094e-07 -1.627115e-09)
(0.0003628585 -2.490077e-07 -1.561602e-09)
(0.0003628419 -2.405135e-07 -1.498019e-09)
(0.000362826 -2.324485e-07 -1.434873e-09)
(0.0003628106 -2.248346e-07 -1.37362e-09)
(0.0003627959 -2.176974e-07 -1.31389e-09)
(0.0003627819 -2.110689e-07 -1.257476e-09)
(0.0003627685 -2.049839e-07 -1.202006e-09)
(0.0003627558 -1.994917e-07 -1.149329e-09)
(0.0003627439 -1.946203e-07 -1.098592e-09)
(0.0003627326 -1.90489e-07 -1.043112e-09)
(0.0003627221 -1.868498e-07 -1.058638e-09)
(0.0003627129 -1.843932e-07 -8.094716e-10)
(0.0003627007 -1.772678e-07 -2.359098e-09)
(0.0003576846 -2.986656e-07 -2.852751e-09)
(0.0003576433 -2.882597e-07 -2.725212e-09)
(0.0003576036 -2.781782e-07 -2.611161e-09)
(0.0003575652 -2.68411e-07 -2.507497e-09)
(0.0003575283 -2.589769e-07 -2.40524e-09)
(0.0003574926 -2.498912e-07 -2.310765e-09)
(0.0003574583 -2.411696e-07 -2.218559e-09)
(0.0003574253 -2.328314e-07 -2.132062e-09)
(0.0003573934 -2.249008e-07 -2.046996e-09)
(0.0003573628 -2.174009e-07 -1.964098e-09)
(0.0003573333 -2.103559e-07 -1.883393e-09)
(0.000357305 -2.037947e-07 -1.805342e-09)
(0.0003572779 -1.977534e-07 -1.729711e-09)
(0.0003572519 -1.922724e-07 -1.659463e-09)
(0.000357227 -1.874037e-07 -1.585041e-09)
(0.0003572032 -1.831852e-07 -1.533509e-09)
(0.0003571806 -1.797254e-07 -1.434081e-09)
(0.0003571587 -1.76838e-07 -1.63167e-09)
(0.0003571399 -1.750641e-07 -8.506136e-10)
(0.0003571101 -1.695733e-07 -5.76083e-09)
(0.000350091 -2.622635e-07 -3.599982e-09)
(0.0003500336 -2.530695e-07 -3.424167e-09)
(0.0003499784 -2.441719e-07 -3.28021e-09)
(0.0003499252 -2.355644e-07 -3.148654e-09)
(0.000349874 -2.272646e-07 -3.022212e-09)
(0.0003498248 -2.192867e-07 -2.900698e-09)
(0.0003497774 -2.116467e-07 -2.78758e-09)
(0.0003497317 -2.043655e-07 -2.676774e-09)
(0.0003496878 -1.974684e-07 -2.570922e-09)
(0.0003496456 -1.9098e-07 -2.467222e-09)
(0.000349605 -1.849269e-07 -2.366581e-09)
(0.000349566 -1.793412e-07 -2.269044e-09)
(0.0003495285 -1.742629e-07 -2.174491e-09)
(0.0003494925 -1.69736e-07 -2.084821e-09)
(0.000349458 -1.658167e-07 -1.991595e-09)
(0.0003494249 -1.625503e-07 -1.931467e-09)
(0.0003493934 -1.600303e-07 -1.795148e-09)
(0.0003493625 -1.58147e-07 -2.126154e-09)
(0.0003493361 -1.572423e-07 -9.48374e-10)
(0.0003492923 -1.538764e-07 -8.485208e-09)
(0.0003393971 -2.146097e-07 -4.230917e-09)
(0.0003393289 -2.070816e-07 -4.018256e-09)
(0.0003392634 -1.998049e-07 -3.846591e-09)
(0.0003392005 -1.927795e-07 -3.692503e-09)
(0.0003391399 -1.860187e-07 -3.542014e-09)
(0.0003390817 -1.795365e-07 -3.400672e-09)
(0.0003390257 -1.733484e-07 -3.264163e-09)
(0.0003389718 -1.674755e-07 -3.135461e-09)
(0.00033892 -1.619424e-07 -3.009296e-09)
(0.0003388702 -1.567749e-07 -2.886868e-09)
(0.0003388223 -1.520017e-07 -2.767862e-09)
(0.0003387763 -1.476582e-07 -2.652357e-09)
(0.000338732 -1.437863e-07 -2.539172e-09)
(0.0003386895 -1.404352e-07 -2.432058e-09)
(0.0003386487 -1.376623e-07 -2.31886e-09)
(0.0003386095 -1.355234e-07 -2.245997e-09)
(0.0003385721 -1.340945e-07 -2.081781e-09)
(0.0003385353 -1.333502e-07 -2.488203e-09)
(0.0003385037 -1.334146e-07 -1.079114e-09)
(0.0003384505 -1.324123e-07 -1.033123e-08)
(0.0003244967 -1.614189e-07 -4.673449e-09)
(0.000324424 -1.557988e-07 -4.437714e-09)
(0.0003243541 -1.503764e-07 -4.247005e-09)
(0.000324287 -1.451549e-07 -4.075382e-09)
(0.0003242225 -1.401441e-07 -3.90832e-09)
(0.0003241605 -1.353561e-07 -3.749314e-09)
(0.000324101 -1.308059e-07 -3.599394e-09)
(0.0003240437 -1.26513e-07 -3.453251e-09)
(0.0003239886 -1.225004e-07 -3.313032e-09)
(0.0003239356 -1.187937e-07 -3.175821e-09)
(0.0003238847 -1.154233e-07 -3.042008e-09)
(0.0003238357 -1.124256e-07 -2.911479e-09)
(0.0003237886 -1.098449e-07 -2.782605e-09)
(0.0003237434 -1.07733e-07 -2.659323e-09)
(0.0003236998 -1.061515e-07 -2.528068e-09)
(0.000323658 -1.051664e-07 -2.439734e-09)
(0.0003236179 -1.048431e-07 -2.257142e-09)
(0.0003235784 -1.052433e-07 -2.679755e-09)
(0.0003235443 -1.062929e-07 -1.21186e-09)
(0.0003234868 -1.07644e-07 -1.121381e-08)
(0.0003038442 -1.085072e-07 -4.91685e-09)
(0.0003037729 -1.048069e-07 -4.672344e-09)
(0.0003037046 -1.012479e-07 -4.471188e-09)
(0.000303639 -9.783546e-08 -4.287853e-09)
(0.0003035759 -9.457435e-08 -4.110203e-09)
(0.0003035153 -9.147425e-08 -3.942485e-09)
(0.0003034571 -8.854859e-08 -3.780085e-09)
(0.0003034011 -8.581448e-08 -3.626124e-09)
(0.0003033472 -8.329187e-08 -3.475073e-09)
(0.0003032954 -8.100528e-08 -3.327692e-09)
(0.0003032456 -7.898413e-08 -3.183267e-09)
(0.0003031977 -7.726436e-08 -3.04126e-09)
(0.0003031515 -7.589004e-08 -2.900003e-09)
(0.0003031071 -7.491611e-08 -2.762286e-09)
(0.0003030644 -7.440717e-08 -2.61734e-09)
(0.0003030231 -7.44435e-08 -2.509006e-09)
(0.0003029836 -7.509191e-08 -2.317162e-09)
(0.0003029445 -7.650354e-08 -2.700859e-09)
(0.0003029105 -7.846995e-08 -1.327063e-09)
(0.0003028532 -8.195275e-08 -1.117963e-08)
(0.0002751829 -6.128921e-08 -5.023316e-09)
(0.0002751186 -5.929832e-08 -4.782359e-09)
(0.000275057 -5.739631e-08 -4.576547e-09)
(0.0002749979 -5.558782e-08 -4.386593e-09)
(0.000274941 -5.387194e-08 -4.203432e-09)
(0.0002748864 -5.225631e-08 -4.028927e-09)
(0.0002748339 -5.07516e-08 -3.862979e-09)
(0.0002747834 -4.937154e-08 -3.70123e-09)
(0.0002747348 -4.813241e-08 -3.54487e-09)
(0.000274688 -4.705484e-08 -3.391169e-09)
(0.000274643 -4.616487e-08 -3.239508e-09)
(0.0002745996 -4.549498e-08 -3.089464e-09)
(0.0002745577 -4.508662e-08 -2.938933e-09)
(0.0002745174 -4.499418e-08 -2.791356e-09)
(0.0002744784 -4.528469e-08 -2.63313e-09)
(0.0002744407 -4.605231e-08 -2.506267e-09)
(0.0002744044 -4.738071e-08 -2.309812e-09)
(0.0002743685 -4.951389e-08 -2.609195e-09)
(0.0002743367 -5.221039e-08 -1.441446e-09)
(0.0002742836 -5.742312e-08 -1.040463e-08)
(0.0002349715 -2.461024e-08 -5.137941e-09)
(0.0002349188 -2.391099e-08 -4.90183e-09)
(0.0002348683 -2.325996e-08 -4.690022e-09)
(0.0002348198 -2.265662e-08 -4.492765e-09)
(0.0002347732 -2.209718e-08 -4.303445e-09)
(0.0002347284 -2.1586e-08 -4.124931e-09)
(0.0002346853 -2.113009e-08 -3.951239e-09)
(0.0002346438 -2.073911e-08 -3.785621e-09)
(0.0002346038 -2.042326e-08 -3.623248e-09)
(0.0002345653 -2.019746e-08 -3.463597e-09)
(0.0002345281 -2.008131e-08 -3.305668e-09)
(0.0002344923 -2.010037e-08 -3.148765e-09)
(0.0002344576 -2.028855e-08 -2.991304e-09)
(0.000234424 -2.069316e-08 -2.834046e-09)
(0.0002343915 -2.137583e-08 -2.667457e-09)
(0.0002343598 -2.243508e-08 -2.51851e-09)
(0.0002343291 -2.39765e-08 -2.317816e-09)
(0.0002342986 -2.632816e-08 -2.494869e-09)
(0.0002342708 -2.933893e-08 -1.584986e-09)
(0.0002342246 -3.567934e-08 -9.125366e-09)
(0.0001768532 -2.490958e-09 -5.29359e-09)
(0.0001768162 -2.523721e-09 -5.068202e-09)
(0.0001767807 -2.573109e-09 -4.854963e-09)
(0.0001767466 -2.635301e-09 -4.65164e-09)
(0.0001767138 -2.707386e-09 -4.459758e-09)
(0.0001766822 -2.790797e-09 -4.274837e-09)
(0.0001766518 -2.890355e-09 -4.09888e-09)
(0.0001766225 -3.009623e-09 -3.927706e-09)
(0.0001765942 -3.153959e-09 -3.76217e-09)
(0.0001765669 -3.330223e-09 -3.599682e-09)
(0.0001765404 -3.549578e-09 -3.439437e-09)
(0.0001765149 -3.82735e-09 -3.281544e-09)
(0.0001764901 -4.18515e-09 -3.124066e-09)
(0.0001764659 -4.655122e-09 -2.968578e-09)
(0.0001764424 -5.280842e-09 -2.803849e-09)
(0.0001764193 -6.146865e-09 -2.651513e-09)
(0.0001763966 -7.361439e-09 -2.466023e-09)
(0.0001763737 -9.277842e-09 -2.525169e-09)
(0.0001763517 -1.190195e-08 -1.913347e-09)
(0.0001763149 -1.803801e-08 -7.569871e-09)
(8.618412e-05 3.225441e-09 -4.537614e-09)
(8.616791e-05 3.073991e-09 -4.35e-09)
(8.615233e-05 2.924721e-09 -4.168742e-09)
(8.613732e-05 2.778394e-09 -3.997161e-09)
(8.612286e-05 2.635626e-09 -3.833215e-09)
(8.610891e-05 2.495553e-09 -3.676663e-09)
(8.609543e-05 2.358123e-09 -3.525408e-09)
(8.60824e-05 2.222426e-09 -3.380406e-09)
(8.606979e-05 2.087505e-09 -3.240724e-09)
(8.605757e-05 1.952247e-09 -3.104618e-09)
(8.604571e-05 1.813594e-09 -2.971924e-09)
(8.603417e-05 1.66811e-09 -2.841612e-09)
(8.602292e-05 1.510404e-09 -2.713061e-09)
(8.601188e-05 1.332888e-09 -2.584826e-09)
(8.600099e-05 1.12555e-09 -2.450195e-09)
(8.599015e-05 8.589131e-10 -2.313681e-09)
(8.597925e-05 5.071648e-10 -2.144359e-09)
(8.596791e-05 -8.05372e-11 -2.040089e-09)
(8.595614e-05 -6.20518e-10 -1.545418e-09)
(8.59346e-05 -4.113442e-09 -4.082264e-09)
)
;

boundaryField
{
    inlet
    {
        type            fixedValue;
        value           nonuniform List<vector> 0();
    }
    outlet
    {
        type            zeroGradient;
    }
    chip_bases
    {
        type            noSlip;
    }
    walls
    {
        type            noSlip;
    }
    procBoundary2to0
    {
        type            processor;
        value           nonuniform List<vector> 
330
(
(0.002445969 -1.632365e-06 9.859752e-10)
(0.002439202 -2.969739e-06 2.91133e-09)
(0.002439968 -2.875145e-06 3.255189e-09)
(0.00244071 -2.783479e-06 3.549304e-09)
(0.002441426 -2.694631e-06 3.759681e-09)
(0.002441426 -2.694631e-06 3.759681e-09)
(0.002489928 -1.688852e-06 1.906099e-09)
(0.002482992 -3.073287e-06 3.023345e-09)
(0.002483786 -2.97523e-06 3.317013e-09)
(0.002484554 -2.880241e-06 3.573553e-09)
(0.002485296 -2.788207e-06 3.760775e-09)
(0.002485296 -2.788207e-06 3.760775e-09)
(0.002518058 -1.726473e-06 2.85395e-09)
(0.002511012 -3.142037e-06 3.063991e-09)
(0.002511825 -3.041726e-06 3.297848e-09)
(0.00251261 -2.944575e-06 3.511528e-09)
(0.002513369 -2.850476e-06 3.681046e-09)
(0.002513369 -2.850476e-06 3.681046e-09)
(0.002530379 -1.744197e-06 3.774687e-09)
(0.002523282 -3.174061e-06 3.0329e-09)
(0.002524103 -3.072777e-06 3.19415e-09)
(0.002524896 -2.974698e-06 3.359382e-09)
(0.002525664 -2.879716e-06 3.508999e-09)
(0.002525664 -2.879716e-06 3.508999e-09)
(0.002526898 -1.741561e-06 4.613107e-09)
(0.00251981 -3.168489e-06 2.925399e-09)
(0.002520629 -3.067547e-06 3.00415e-09)
(0.002521422 -2.969801e-06 3.118414e-09)
(0.002522188 -2.875152e-06 3.243839e-09)
(0.002522188 -2.875152e-06 3.243839e-09)
(0.002507613 -1.718655e-06 5.344506e-09)
(0.002500594 -3.125506e-06 2.754665e-09)
(0.002501402 -3.026209e-06 2.750912e-09)
(0.002502184 -2.930051e-06 2.812602e-09)
(0.00250294 -2.83694e-06 2.909003e-09)
(0.00250294 -2.83694e-06 2.909003e-09)
(0.002452917 4.432005e-07 4.046717e-09)
(0.002451269 -4.77364e-07 2.499607e-09)
(0.002452109 -4.590245e-07 3.068496e-09)
(0.002452109 -4.590245e-07 3.068496e-09)
(0.002446812 -1.575685e-06 1.498978e-09)
(0.002447698 -1.516054e-06 2.249442e-09)
(0.002448549 -1.458477e-06 2.839955e-09)
(0.002448549 -1.458477e-06 2.839955e-09)
(0.002497085 4.58522e-07 5.1367e-09)
(0.002497888 4.41218e-07 5.898039e-09)
(0.00249866 4.244969e-07 6.459348e-09)
(0.002495379 -4.939231e-07 3.538725e-09)
(0.002496249 -4.749494e-07 4.103729e-09)
(0.002496249 -4.749494e-07 4.103729e-09)
(0.0024908 -1.630177e-06 2.344737e-09)
(0.002491717 -1.56847e-06 2.978084e-09)
(0.002492598 -1.508915e-06 3.523891e-09)
(0.002492598 -1.508915e-06 3.523891e-09)
(0.002522291 1.725595e-06 8.985561e-09)
(0.002522811 1.657671e-06 9.551341e-09)
(0.002523311 1.592174e-06 1.019399e-08)
(0.00252379 1.529217e-06 1.04965e-08)
(0.002524252 1.468126e-06 1.126827e-08)
(0.002524684 1.410888e-06 1.053508e-08)
(0.002525128 1.351674e-06 1.232073e-08)
(0.00252547 1.307925e-06 9.41682e-09)
(0.002526023 1.211846e-06 9.804636e-09)
(0.002526194 1.174678e-06 8.1212e-09)
(0.002526849 1.129246e-06 8.680049e-09)
(0.002526849 1.129246e-06 8.680049e-09)
(0.002525355 4.687989e-07 6.14459e-09)
(0.002526177 4.511914e-07 6.931796e-09)
(0.002526967 4.341885e-07 7.488361e-09)
(0.002527727 4.177214e-07 7.85025e-09)
(0.002527727 4.177214e-07 7.85025e-09)
(0.00252361 -5.050275e-07 4.575679e-09)
(0.002524499 -4.856515e-07 5.127631e-09)
(0.002524499 -4.856515e-07 5.127631e-09)
(0.00251895 -1.666509e-06 3.203959e-09)
(0.002519887 -1.603465e-06 3.696556e-09)
(0.002520788 -1.54264e-06 4.191771e-09)
(0.002520788 -1.54264e-06 4.191771e-09)
(0.002534688 1.746032e-06 8.828518e-09)
(0.002535216 1.677745e-06 9.405024e-09)
(0.002535723 1.611918e-06 1.010706e-08)
(0.002536208 1.548629e-06 1.039286e-08)
(0.002536676 1.487262e-06 1.140667e-08)
(0.002537116 1.429665e-06 1.023498e-08)
(0.002537566 1.370332e-06 1.362509e-08)
(0.002537914 1.326043e-06 6.688218e-09)
(0.002538476 1.230136e-06 1.865303e-08)
(0.002538605 1.188034e-06 8.714454e-09)
(0.002539268 1.14234e-06 9.268289e-09)
(0.002539268 1.14234e-06 9.268289e-09)
(0.002537743 4.737589e-07 7.00848e-09)
(0.002538574 4.560429e-07 7.783918e-09)
(0.002539374 4.389524e-07 8.391118e-09)
(0.002540142 4.224064e-07 8.834384e-09)
(0.002540142 4.224064e-07 8.834384e-09)
(0.002535978 -5.103752e-07 5.551051e-09)
(0.002536877 -4.908394e-07 6.07694e-09)
(0.002536877 -4.908394e-07 6.07694e-09)
(0.00253128 -1.683693e-06 4.028669e-09)
(0.002532227 -1.620087e-06 4.362244e-09)
(0.002533138 -1.558738e-06 4.797585e-09)
(0.002533138 -1.558738e-06 4.797585e-09)
(0.002531211 1.746697e-06 8.493386e-09)
(0.002531739 1.678861e-06 9.062671e-09)
(0.002532247 1.613498e-06 9.800268e-09)
(0.002532733 1.55065e-06 1.006127e-08)
(0.002533203 1.489768e-06 1.131786e-08)
(0.002533645 1.43251e-06 9.64062e-09)
(0.002534095 1.373854e-06 1.492548e-08)
(0.002534448 1.32943e-06 2.88322e-09)
(0.002535011 1.235216e-06 2.875646e-08)
(0.002535121 1.187883e-06 9.123963e-09)
(0.002535785 1.142469e-06 9.708494e-09)
(0.002535785 1.142469e-06 9.708494e-09)
(0.002534255 4.73291e-07 7.688164e-09)
(0.002535086 4.556603e-07 8.416598e-09)
(0.002535886 4.386707e-07 9.062737e-09)
(0.002536655 4.222407e-07 9.613021e-09)
(0.002536655 4.222407e-07 9.613021e-09)
(0.002532491 -5.098298e-07 6.405573e-09)
(0.002533389 -4.903821e-07 6.8909e-09)
(0.002533389 -4.903821e-07 6.8909e-09)
(0.002527798 -1.681279e-06 4.76555e-09)
(0.002528744 -1.617908e-06 4.927504e-09)
(0.002529654 -1.556798e-06 5.297995e-09)
(0.002529654 -1.556798e-06 5.297995e-09)
(0.002511855 1.727545e-06 7.987654e-09)
(0.002512379 1.660951e-06 8.544867e-09)
(0.002512882 1.596837e-06 9.297208e-09)
(0.002513364 1.535193e-06 9.544254e-09)
(0.00251383 1.47555e-06 1.097338e-08)
(0.002514269 1.419314e-06 8.93283e-09)
(0.002514714 1.362152e-06 1.577944e-08)
(0.002515068 1.317901e-06 -7.928533e-10)
(0.002515625 1.227081e-06 3.789155e-08)
(0.002515738 1.174218e-06 9.297398e-09)
(0.002516395 1.129606e-06 9.928022e-09)
(0.002516395 1.129606e-06 9.928022e-09)
(0.00251489 4.674162e-07 8.207895e-09)
(0.002515712 4.500663e-07 8.861626e-09)
(0.002516502 4.333696e-07 9.496956e-09)
(0.002517263 4.172365e-07 1.012145e-08)
(0.002517263 4.172365e-07 1.012145e-08)
(0.002513147 -5.034139e-07 7.124866e-09)
(0.002514034 -4.843035e-07 7.553383e-09)
(0.002514034 -4.843035e-07 7.553383e-09)
(0.002508501 -1.659355e-06 5.399434e-09)
(0.002509436 -1.597008e-06 5.390933e-09)
(0.002510334 -1.536894e-06 5.682419e-09)
(0.002510334 -1.536894e-06 5.682419e-09)
(0.002444546 -1.642127e-06 6.437002e-09)
(0.002437757 -2.983142e-06 2.346642e-09)
(0.002438529 -2.889041e-06 2.214244e-09)
(0.002439275 -2.797887e-06 2.169922e-09)
(0.002439997 -2.709602e-06 2.18713e-09)
(0.002439997 -2.709602e-06 2.18713e-09)
(0.002246859 -1.412905e-06 6.679154e-09)
(0.002240784 -2.560292e-06 1.405314e-09)
(0.002241445 -2.480843e-06 1.166832e-09)
(0.002242085 -2.4038e-06 9.950236e-10)
(0.002242705 -2.329114e-06 8.895113e-10)
(0.002242705 -2.329114e-06 8.895113e-10)
(0.001941743 -1.104411e-06 5.870067e-09)
(0.001936708 -1.994256e-06 7.72512e-10)
(0.001937221 -1.933783e-06 5.122695e-10)
(0.001937718 -1.875036e-06 3.077208e-10)
(0.0019382 -1.817995e-06 1.737622e-10)
(0.0019382 -1.817995e-06 1.737622e-10)
(0.001528214 -7.628956e-07 4.214001e-09)
(0.001524469 -1.371404e-06 4.788299e-10)
(0.001524821 -1.331037e-06 2.746755e-10)
(0.001525161 -1.291721e-06 1.123701e-10)
(0.001525492 -1.253461e-06 1.31794e-11)
(0.001525492 -1.253461e-06 1.31794e-11)
(0.001005272 -4.288844e-07 2.182395e-09)
(0.001002983 -7.666848e-07 3.776484e-10)
(0.001003179 -7.449421e-07 2.716029e-10)
(0.001003368 -7.236917e-07 1.903674e-10)
(0.001003552 -7.029526e-07 1.51312e-10)
(0.001003552 -7.029526e-07 1.51312e-10)
(0.0003720551 -1.287679e-07 3.617022e-10)
(0.0003712994 -2.282664e-07 1.384269e-10)
(0.0003713572 -2.221484e-07 1.256813e-10)
(0.0003714134 -2.161364e-07 1.179185e-10)
(0.0003714679 -2.102442e-07 1.194406e-10)
(0.0003714679 -2.102442e-07 1.194406e-10)
(0.002448532 1.658024e-06 6.820206e-09)
(0.002449036 1.595004e-06 7.377372e-09)
(0.00244952 1.53445e-06 8.093891e-09)
(0.002449985 1.476262e-06 8.408732e-09)
(0.002450434 1.420112e-06 9.775617e-09)
(0.00245086 1.366891e-06 8.068881e-09)
(0.002451286 1.313739e-06 1.473752e-08)
(0.002451636 1.270428e-06 -1.687237e-09)
(0.00245217 1.188388e-06 4.236662e-08)
(0.002452329 1.125825e-06 9.213381e-09)
(0.002452961 1.083537e-06 9.868753e-09)
(0.002452961 1.083537e-06 9.868753e-09)
(0.002451549 4.473736e-07 8.889394e-09)
(0.002452337 4.308685e-07 9.381444e-09)
(0.002453096 4.150278e-07 9.922625e-09)
(0.002453826 3.997473e-07 1.054544e-08)
(0.002453826 3.997473e-07 1.054544e-08)
(0.00244988 -4.816039e-07 8.179967e-09)
(0.00245073 -4.635221e-07 8.457382e-09)
(0.00245073 -4.635221e-07 8.457382e-09)
(0.002445396 -1.585884e-06 6.357912e-09)
(0.002446289 -1.526729e-06 6.090876e-09)
(0.002447149 -1.4697e-06 6.151032e-09)
(0.002447149 -1.4697e-06 6.151032e-09)
(0.002250054 1.436333e-06 4.160964e-09)
(0.00225049 1.382836e-06 4.689639e-09)
(0.00225091 1.331504e-06 5.278677e-09)
(0.002251314 1.282229e-06 5.70278e-09)
(0.002251704 1.234806e-06 6.662983e-09)
(0.002252075 1.189791e-06 6.196084e-09)
(0.002252446 1.145323e-06 1.008104e-08)
(0.002252754 1.108127e-06 1.655082e-09)
(0.002253218 1.040519e-06 3.621112e-08)
(0.002253579 9.742198e-07 7.503384e-09)
(0.002254126 9.382526e-07 8.023486e-09)
(0.002254126 9.382526e-07 8.023486e-09)
(0.002253014 3.862632e-07 8.316255e-09)
(0.002253696 3.722089e-07 8.574126e-09)
(0.002254352 3.587273e-07 8.898886e-09)
(0.002254985 3.457301e-07 9.307019e-09)
(0.002254985 3.457301e-07 9.307019e-09)
(0.00225157 -4.153526e-07 8.090046e-09)
(0.002252305 -3.99983e-07 8.129378e-09)
(0.002252305 -3.99983e-07 8.129378e-09)
(0.002247591 -1.365209e-06 6.433339e-09)
(0.002248361 -1.315003e-06 5.910207e-09)
(0.002249102 -1.266573e-06 5.631631e-09)
(0.002249102 -1.266573e-06 5.631631e-09)
(0.001943939 1.131552e-06 2.239946e-09)
(0.001944282 1.090379e-06 2.659269e-09)
(0.001944613 1.050934e-06 3.105193e-09)
(0.001944931 1.013142e-06 3.48936e-09)
(0.001945239 9.768853e-07 4.227261e-09)
(0.001945533 9.425363e-07 4.176814e-09)
(0.001945826 9.088518e-07 7.163997e-09)
(0.001946072 8.803646e-07 1.476293e-09)
(0.00194644 8.292925e-07 3.577868e-08)
(0.001947015 7.667671e-07 5.569961e-09)
(0.001947447 7.390181e-07 5.948529e-09)
(0.001947447 7.390181e-07 5.948529e-09)
(0.001946709 3.033196e-07 6.818349e-09)
(0.001947246 2.924832e-07 6.929924e-09)
(0.001947763 2.820832e-07 7.103839e-09)
(0.001948262 2.720579e-07 7.35727e-09)
(0.001948262 2.720579e-07 7.35727e-09)
(0.001945574 -3.256249e-07 6.839273e-09)
(0.001946152 -3.137669e-07 6.777625e-09)
(0.001946152 -3.137669e-07 6.777625e-09)
(0.001942316 -1.067829e-06 5.572105e-09)
(0.001942919 -1.029278e-06 4.942651e-09)
(0.001943499 -9.920448e-07 4.538859e-09)
(0.001943499 -9.920448e-07 4.538859e-09)
(0.001529448 7.889682e-07 1.122482e-09)
(0.001529686 7.611306e-07 1.386727e-09)
(0.001529916 7.345358e-07 1.665894e-09)
(0.001530138 7.091463e-07 1.928303e-09)
(0.001530353 6.849119e-07 2.448056e-09)
(0.001530559 6.620883e-07 2.485115e-09)
(0.001530765 6.3987e-07 4.900267e-09)
(0.001530939 6.210224e-07 8.964513e-10)
(0.001531201 5.869844e-07 3.469328e-08)
(0.001531873 5.341011e-07 3.595393e-09)
(0.001532174 5.152572e-07 3.829659e-09)
(0.001532174 5.152572e-07 3.829659e-09)
(0.001531788 2.107494e-07 4.651724e-09)
(0.001532162 2.033991e-07 4.690348e-09)
(0.001532523 1.9634e-07 4.772319e-09)
(0.001532871 1.895355e-07 4.914414e-09)
(0.001532871 1.895355e-07 4.914414e-09)
(0.001530999 -2.257349e-07 4.720037e-09)
(0.0015314 -2.176605e-07 4.661978e-09)
(0.0015314 -2.176605e-07 4.661978e-09)
(0.00152861 -7.382112e-07 3.95972e-09)
(0.001529028 -7.121635e-07 3.39892e-09)
(0.00152943 -6.869643e-07 3.054696e-09)
(0.00152943 -6.869643e-07 3.054696e-09)
(0.001005771 4.48708e-07 5.784032e-10)
(0.001005906 4.335794e-07 6.872826e-10)
(0.001006036 4.192055e-07 8.079499e-10)
(0.001006163 4.055781e-07 9.263545e-10)
(0.001006286 3.926918e-07 1.213532e-09)
(0.001006404 3.807129e-07 1.208311e-09)
(0.001006523 3.691517e-07 2.957206e-09)
(0.001006623 3.594283e-07 6.290418e-10)
(0.001006783 3.407784e-07 2.820336e-08)
(0.001007341 3.033825e-07 1.784849e-09)
(0.001007513 2.930574e-07 1.889243e-09)
(0.001007513 2.930574e-07 1.889243e-09)
(0.001007381 1.193506e-07 2.309622e-09)
(0.001007594 1.15322e-07 2.320796e-09)
(0.001007799 1.114513e-07 2.354758e-09)
(0.001007998 1.07722e-07 2.419163e-09)
(0.001007998 1.07722e-07 2.419163e-09)
(0.001006932 -1.274502e-07 2.334534e-09)
(0.00100716 -1.229812e-07 2.321798e-09)
(0.00100716 -1.229812e-07 2.321798e-09)
(0.001005495 -4.153985e-07 2.034126e-09)
(0.001005731 -4.011529e-07 1.683636e-09)
(0.001005958 -3.873414e-07 1.514217e-09)
(0.001005958 -3.873414e-07 1.514217e-09)
(0.0003721329 1.371221e-07 1.646611e-10)
(0.0003721741 1.328805e-07 1.747014e-10)
(0.0003722141 1.289016e-07 1.919262e-10)
(0.0003722531 1.251948e-07 1.975926e-10)
(0.0003722912 1.217671e-07 2.746534e-10)
(0.000372328 1.186977e-07 1.640827e-10)
(0.000372366 1.157723e-07 9.913564e-10)
(0.0003723971 1.135397e-07 -1.137335e-09)
(0.0003724595 1.075876e-07 1.180885e-08)
(0.0003726843 9.251942e-08 3.086662e-10)
(0.000372737 8.956705e-08 3.236185e-10)
(0.000372737 8.956705e-08 3.236185e-10)
(0.0003727279 3.622879e-08 3.623589e-10)
(0.0003727931 3.507186e-08 3.649727e-10)
(0.0003728561 3.396056e-08 3.720273e-10)
(0.0003729172 3.289278e-08 3.825818e-10)
(0.0003729172 3.289278e-08 3.825818e-10)
(0.0003725907 -3.851365e-08 3.608138e-10)
(0.0003726604 -3.71965e-08 3.644657e-10)
(0.0003726604 -3.71965e-08 3.644657e-10)
(0.0003721228 -1.248908e-07 3.312102e-10)
(0.000372194 -1.207933e-07 2.53891e-10)
(0.0003722627 -1.168026e-07 2.499644e-10)
(0.0003722627 -1.168026e-07 2.499644e-10)
)
;
    }
    procBoundary2to1
    {
        type            processor;
        value           nonuniform List<vector> 
85
(
(0.002122075 2.18733e-07 6.867435e-09)
(0.002122476 2.093938e-07 2.617018e-09)
(0.002122776 2.029108e-07 1.379146e-08)
(0.002123276 1.873082e-07 -3.75557e-08)
(0.00222829 2.92728e-07 5.544321e-09)
(0.002228799 2.811286e-07 6.168689e-09)
(0.002229288 2.699146e-07 6.614986e-09)
(0.002229755 2.590789e-07 6.980216e-09)
(0.002230208 2.485198e-07 7.168781e-09)
(0.00223063 2.388054e-07 8.184309e-09)
(0.002231067 2.286495e-07 4.426829e-09)
(0.002231397 2.214912e-07 1.451736e-08)
(0.002231942 2.045307e-07 -3.16281e-08)
(0.002318802 3.548048e-07 4.164879e-09)
(0.002319422 3.410473e-07 4.917293e-09)
(0.002320017 3.277323e-07 5.808428e-09)
(0.002320588 3.148792e-07 6.719571e-09)
(0.002321136 3.024576e-07 7.368519e-09)
(0.002321663 2.904221e-07 7.876796e-09)
(0.002322166 2.788152e-07 8.320439e-09)
(0.002322653 2.675366e-07 8.605246e-09)
(0.002323108 2.571329e-07 9.267467e-09)
(0.002323579 2.46228e-07 6.258869e-09)
(0.002323935 2.384761e-07 1.482867e-08)
(0.002324522 2.203004e-07 -2.467069e-08)
(0.002393569 4.070946e-07 3.593088e-09)
(0.002394281 3.914933e-07 4.374981e-09)
(0.002394966 3.764206e-07 5.126935e-09)
(0.002395623 3.618923e-07 5.87011e-09)
(0.002396255 3.478538e-07 6.809996e-09)
(0.002396862 3.342999e-07 7.722096e-09)
(0.002397445 3.211484e-07 8.424871e-09)
(0.002398004 3.084091e-07 9.053975e-09)
(0.002398539 2.961459e-07 9.543096e-09)
(0.002399057 2.842461e-07 9.931105e-09)
(0.002399541 2.732254e-07 1.025405e-08)
(0.002400041 2.6169e-07 8.241281e-09)
(0.002400421 2.534386e-07 1.472671e-08)
(0.002401044 2.342273e-07 -1.677164e-08)
(0.002453693 4.263779e-07 4.768796e-09)
(0.002454439 4.101325e-07 5.416073e-09)
(0.002455156 3.944163e-07 5.954514e-09)
(0.002455846 3.79243e-07 6.68354e-09)
(0.002456508 3.646129e-07 7.701681e-09)
(0.002457144 3.504758e-07 8.658874e-09)
(0.002457755 3.367267e-07 9.432733e-09)
(0.002458342 3.234187e-07 1.015505e-08)
(0.002458904 3.106281e-07 1.066063e-08)
(0.002459447 2.982262e-07 1.121816e-08)
(0.002459956 2.867042e-07 1.1184e-08)
(0.00246048 2.746704e-07 1.036041e-08)
(0.00246088 2.660125e-07 1.415187e-08)
(0.002461534 2.459833e-07 -8.003363e-09)
(0.002499136 1.060482e-06 8.801199e-09)
(0.002499725 1.018888e-06 9.722617e-09)
(0.002500292 9.787086e-07 1.059172e-08)
(0.002500835 9.40034e-07 1.10317e-08)
(0.002501359 9.024913e-07 1.169703e-08)
(0.002501851 8.674129e-07 1.128223e-08)
(0.002502356 8.309049e-07 1.182499e-08)
(0.002502743 8.042887e-07 1.221232e-08)
(0.002503373 7.443631e-07 1.508965e-09)
(0.002499403 4.083056e-07 6.858362e-09)
(0.002500116 3.92657e-07 7.522024e-09)
(0.002500116 3.92657e-07 7.522024e-09)
(0.002500802 3.775925e-07 8.568839e-09)
(0.002500802 3.775925e-07 8.568839e-09)
(0.002501461 3.630186e-07 9.570324e-09)
(0.002501461 3.630186e-07 9.570324e-09)
(0.002502094 3.488178e-07 1.03818e-08)
(0.002502094 3.488178e-07 1.03818e-08)
(0.002502703 3.350885e-07 1.116923e-08)
(0.002502703 3.350885e-07 1.116923e-08)
(0.002503285 3.21915e-07 1.166208e-08)
(0.002503285 3.21915e-07 1.166208e-08)
(0.002503849 3.091526e-07 1.243519e-08)
(0.002503849 3.091526e-07 1.243519e-08)
(0.002504377 2.972627e-07 1.199824e-08)
(0.002504377 2.972627e-07 1.199824e-08)
(0.00250492 2.848772e-07 1.258725e-08)
(0.00250492 2.848772e-07 1.258725e-08)
(0.002505337 2.759093e-07 1.302907e-08)
(0.002505337 2.759093e-07 1.302907e-08)
(0.002506015 2.553147e-07 1.616196e-09)
(0.002506015 2.553147e-07 1.616196e-09)
)
;
    }
    procBoundary2to3
    {
        type            processor;
        value           nonuniform List<vector> 
446
(
(0.002065891 -3.355691e-06 1.003394e-07)
(0.002065426 -3.23311e-06 9.538475e-08)
(0.002064977 -3.115189e-06 9.073547e-08)
(0.002064543 -3.00165e-06 8.63666e-08)
(0.002064123 -2.892293e-06 8.2296e-08)
(0.001951835 -2.645288e-06 1.090059e-07)
(0.001951326 -2.547423e-06 1.035776e-07)
(0.001950836 -2.453317e-06 9.849682e-08)
(0.001950363 -2.362745e-06 9.373679e-08)
(0.001949906 -2.275574e-06 8.931603e-08)
(0.0017945 -1.913102e-06 1.124603e-07)
(0.001794004 -1.8417e-06 1.069176e-07)
(0.001793527 -1.773045e-06 1.017416e-07)
(0.001793067 -1.706981e-06 9.690474e-08)
(0.001792623 -1.643428e-06 9.241964e-08)
(0.001579331 -1.232755e-06 1.112366e-07)
(0.001578897 -1.186498e-06 1.059245e-07)
(0.001578479 -1.142014e-06 1.009717e-07)
(0.001578076 -1.099216e-06 9.635184e-08)
(0.001577688 -1.058057e-06 9.206813e-08)
(0.001286734 -6.645833e-07 1.055678e-07)
(0.001286396 -6.395502e-07 1.007838e-07)
(0.001286071 -6.154897e-07 9.632331e-08)
(0.001285757 -5.923543e-07 9.21617e-08)
(0.001285456 -5.701041e-07 8.829067e-08)
(0.0008905256 -2.449542e-07 9.183731e-08)
(0.000890308 -2.356535e-07 8.793515e-08)
(0.0008900984 -2.267742e-07 8.428514e-08)
(0.0008898967 -2.182594e-07 8.086921e-08)
(0.0008897025 -2.100659e-07 7.767061e-08)
(0.0003566501 -1.433131e-08 5.412206e-08)
(0.0003565705 -1.375797e-08 5.195552e-08)
(0.0003564939 -1.326434e-08 4.991054e-08)
(0.0003564201 -1.279406e-08 4.798011e-08)
(0.0003563491 -1.233984e-08 4.614882e-08)
(0.002382393 -2.490162e-06 3.892787e-09)
(0.002373314 -3.725018e-06 1.003273e-08)
(0.002373897 -3.604583e-06 1.005812e-08)
(0.002374459 -3.48798e-06 1.006818e-08)
(0.002375002 -3.375012e-06 1.005213e-08)
(0.002375526 -3.265542e-06 9.963511e-09)
(0.002362503 -4.385877e-06 2.007165e-08)
(0.002362901 -4.241059e-06 1.957162e-08)
(0.002363284 -4.101034e-06 1.908186e-08)
(0.002363653 -3.965562e-06 1.859257e-08)
(0.002364007 -3.834412e-06 1.806352e-08)
(0.002344942 -4.773425e-06 3.261528e-08)
(0.002345133 -4.612151e-06 3.142324e-08)
(0.002345315 -4.45642e-06 3.028305e-08)
(0.002345489 -4.305943e-06 2.918372e-08)
(0.002345654 -4.160447e-06 2.809522e-08)
(0.002317634 -4.865807e-06 4.700237e-08)
(0.002317613 -4.697549e-06 4.49842e-08)
(0.00231759 -4.53529e-06 4.306713e-08)
(0.002317565 -4.378702e-06 4.123872e-08)
(0.002317539 -4.227487e-06 3.948565e-08)
(0.002276668 -4.668579e-06 6.202114e-08)
(0.002276451 -4.503536e-06 5.911027e-08)
(0.002276239 -4.344573e-06 5.635819e-08)
(0.002276032 -4.191345e-06 5.37503e-08)
(0.00227583 -4.043552e-06 5.128934e-08)
(0.002217001 -4.21707e-06 7.604831e-08)
(0.002217001 -4.21707e-06 7.604831e-08)
(0.002216625 -4.065022e-06 7.228145e-08)
(0.002216625 -4.065022e-06 7.228145e-08)
(0.002216259 -3.918727e-06 6.87337e-08)
(0.002216259 -3.918727e-06 6.87337e-08)
(0.002215905 -3.777853e-06 6.538856e-08)
(0.002215905 -3.777853e-06 6.538856e-08)
(0.002215562 -3.642119e-06 6.225957e-08)
(0.002215562 -3.642119e-06 6.225957e-08)
(0.001997409 -1.961435e-07 5.898257e-09)
(0.001997771 -1.874624e-07 1.375587e-09)
(0.001998039 -1.81485e-07 1.331501e-08)
(0.001998492 -1.66947e-07 -4.183493e-08)
(0.001995445 -5.757383e-07 7.129238e-09)
(0.001995781 -5.504157e-07 2.881971e-09)
(0.001996029 -5.330011e-07 1.39841e-08)
(0.001996449 -4.907721e-07 -3.761864e-08)
(0.001991174 -9.136835e-07 9.048429e-09)
(0.001991459 -8.734218e-07 5.290897e-09)
(0.001991669 -8.456132e-07 1.475093e-08)
(0.001992026 -7.789809e-07 -2.99357e-08)
(0.001983899 -1.185964e-06 1.175713e-08)
(0.001984114 -1.133508e-06 8.654007e-09)
(0.001984271 -1.096992e-06 1.581366e-08)
(0.001984539 -1.011299e-06 -1.926212e-08)
(0.001972526 -1.374568e-06 1.533e-08)
(0.001972656 -1.313539e-06 1.297218e-08)
(0.001972751 -1.270561e-06 1.739074e-08)
(0.001972915 -1.172734e-06 -6.312451e-09)
(0.001955493 -1.46943e-06 1.975226e-08)
(0.001955535 -1.404041e-06 1.814468e-08)
(0.001955563 -1.357246e-06 1.965039e-08)
(0.001955617 -1.25516e-06 7.971506e-09)
(0.001930674 -1.469607e-06 2.485933e-08)
(0.00193063 -1.404295e-06 2.392769e-08)
(0.001930595 -1.35654e-06 2.264513e-08)
(0.001930544 -1.258213e-06 2.247909e-08)
(0.001895218 -1.383485e-06 3.033034e-08)
(0.001895101 -1.322472e-06 2.99299e-08)
(0.001895011 -1.276579e-06 2.626533e-08)
(0.001894869 -1.189289e-06 3.602655e-08)
(0.001845325 -1.227628e-06 3.567495e-08)
(0.001845153 -1.174482e-06 3.561919e-08)
(0.001845023 -1.132987e-06 3.020539e-08)
(0.001844813 -1.06244e-06 4.747519e-08)
(0.001775912 -1.024462e-06 4.032694e-08)
(0.001775707 -9.816994e-07 4.040602e-08)
(0.001775553 -9.466051e-07 3.399863e-08)
(0.001775303 -8.96313e-07 5.587876e-08)
(0.001680124 -7.987851e-07 4.373276e-08)
(0.001679909 -7.676326e-07 4.374538e-08)
(0.001679747 -7.40251e-07 3.709513e-08)
(0.001679485 -7.112938e-07 6.061744e-08)
(0.001548626 -5.743812e-07 4.553898e-08)
(0.001548421 -5.546693e-07 4.529813e-08)
(0.001548267 -5.354833e-07 3.900823e-08)
(0.001548015 -5.265709e-07 6.150762e-08)
(0.001368572 -3.705478e-07 4.560334e-08)
(0.001368391 -3.608829e-07 4.496433e-08)
(0.001368257 -3.496313e-07 3.938659e-08)
(0.001368035 -3.575747e-07 5.88006e-08)
(0.001122085 -2.016856e-07 4.376741e-08)
(0.00112194 -1.994749e-07 4.264384e-08)
(0.001121834 -1.94796e-07 3.781651e-08)
(0.001121653 -2.142834e-07 5.284448e-08)
(0.0007840678 -7.606681e-08 3.82263e-08)
(0.0007839673 -7.81519e-08 3.680192e-08)
(0.0007838964 -7.80463e-08 3.269469e-08)
(0.0007837622 -1.017415e-07 4.299838e-08)
(0.0003193606 -4.947375e-09 2.267658e-08)
(0.0003193165 -7.059366e-09 2.153003e-08)
(0.0003192902 -6.268165e-09 1.838158e-08)
(0.0003192171 -1.92903e-08 2.320621e-08)
(0.002119934 -2.667718e-07 4.599467e-09)
(0.0021204 -2.560538e-07 5.262324e-09)
(0.002120848 -2.457066e-07 5.720852e-09)
(0.002121276 -2.357649e-07 6.094066e-09)
(0.00212169 -2.260745e-07 6.178985e-09)
(0.00212169 -2.260745e-07 6.178985e-09)
(0.002117986 -7.836758e-07 6.047952e-09)
(0.00211842 -7.520965e-07 6.665494e-09)
(0.002118836 -7.216238e-07 7.064282e-09)
(0.002119233 -6.92404e-07 7.391563e-09)
(0.002119618 -6.639165e-07 7.460089e-09)
(0.002119618 -6.639165e-07 7.460089e-09)
(0.002113709 -1.245925e-06 8.581795e-09)
(0.002114079 -1.195331e-06 9.04035e-09)
(0.002114434 -1.146531e-06 9.303338e-09)
(0.002114773 -1.099773e-06 9.508129e-09)
(0.002115101 -1.054246e-06 9.503252e-09)
(0.002115101 -1.054246e-06 9.503252e-09)
(0.002106325 -1.621526e-06 1.227096e-08)
(0.002106607 -1.55491e-06 1.248027e-08)
(0.002106877 -1.490727e-06 1.252726e-08)
(0.002107135 -1.429292e-06 1.253101e-08)
(0.002107383 -1.36958e-06 1.238696e-08)
(0.002107383 -1.36958e-06 1.238696e-08)
(0.002094618 -1.885646e-06 1.717809e-08)
(0.002094795 -1.807061e-06 1.704218e-08)
(0.002094963 -1.731452e-06 1.679502e-08)
(0.002095123 -1.65917e-06 1.652836e-08)
(0.002095277 -1.589077e-06 1.619039e-08)
(0.002095277 -1.589077e-06 1.619039e-08)
(0.002076861 -2.023363e-06 2.321045e-08)
(0.002076924 -1.937667e-06 2.265589e-08)
(0.002076984 -1.85536e-06 2.20515e-08)
(0.002077039 -1.776794e-06 2.145733e-08)
(0.002077092 -1.70083e-06 2.086083e-08)
(0.002077092 -1.70083e-06 2.086083e-08)
(0.002050712 -2.03151e-06 3.010365e-08)
(0.002050665 -1.944015e-06 2.908073e-08)
(0.002050619 -1.860151e-06 2.808194e-08)
(0.002050574 -1.780244e-06 2.712995e-08)
(0.00205053 -1.703258e-06 2.623986e-08)
(0.00205053 -1.703258e-06 2.623986e-08)
(0.002013056 -1.919507e-06 3.737906e-08)
(0.002012913 -1.835487e-06 3.58849e-08)
(0.002012775 -1.755149e-06 3.448979e-08)
(0.002012643 -1.678769e-06 3.317824e-08)
(0.002012514 -1.605503e-06 3.196322e-08)
(0.002012514 -1.605503e-06 3.196322e-08)
(0.001959773 -1.708362e-06 4.440364e-08)
(0.001959556 -1.632516e-06 4.247877e-08)
(0.001959348 -1.560206e-06 4.072648e-08)
(0.001959149 -1.491644e-06 3.909143e-08)
(0.001958957 -1.426245e-06 3.756407e-08)
(0.001958957 -1.426245e-06 3.756407e-08)
(0.001885384 -1.428039e-06 5.048564e-08)
(0.001885123 -1.36397e-06 4.821412e-08)
(0.001884872 -1.303112e-06 4.617421e-08)
(0.001884633 -1.245612e-06 4.427423e-08)
(0.001884402 -1.191172e-06 4.245321e-08)
(0.001884402 -1.191172e-06 4.245321e-08)
(0.001782553 -1.112949e-06 5.501673e-08)
(0.001782277 -1.062789e-06 5.251141e-08)
(0.001782012 -1.01537e-06 5.027546e-08)
(0.001781761 -9.707889e-07 4.818544e-08)
(0.001781518 -9.290307e-07 4.61187e-08)
(0.001781518 -9.290307e-07 4.61187e-08)
(0.001641353 -7.973547e-07 5.765148e-08)
(0.001641089 -7.61565e-07 5.503007e-08)
(0.001640836 -7.279593e-07 5.268451e-08)
(0.001640596 -6.965934e-07 5.046758e-08)
(0.001640365 -6.677009e-07 4.819242e-08)
(0.001640365 -6.677009e-07 4.819242e-08)
(0.001448226 -5.100513e-07 5.831034e-08)
(0.001447997 -4.87532e-07 5.566619e-08)
(0.001447777 -4.66608e-07 5.327455e-08)
(0.001447569 -4.473136e-07 5.097556e-08)
(0.001447367 -4.300637e-07 4.85348e-08)
(0.001447367 -4.300637e-07 4.85348e-08)
(0.001184536 -2.734714e-07 5.666931e-08)
(0.001184358 -2.617886e-07 5.410046e-08)
(0.001184186 -2.511351e-07 5.172993e-08)
(0.001184023 -2.415089e-07 4.94012e-08)
(0.001183865 -2.334267e-07 4.686223e-08)
(0.001183865 -2.334267e-07 4.686223e-08)
(0.0008246267 -1.002389e-07 5.012776e-08)
(0.0008245096 -9.620641e-08 4.785031e-08)
(0.0008243969 -9.270481e-08 4.568863e-08)
(0.0008242894 -8.967725e-08 4.352073e-08)
(0.0008241837 -8.763178e-08 4.112395e-08)
(0.0008241837 -8.763178e-08 4.112395e-08)
(0.0003336201 -5.751143e-09 3.000487e-08)
(0.0003335756 -5.594641e-09 2.863284e-08)
(0.0003335325 -5.562314e-09 2.728379e-08)
(0.0003334912 -5.525406e-09 2.591603e-08)
(0.0003334493 -5.887652e-09 2.439699e-08)
(0.0003334493 -5.887652e-09 2.439699e-08)
(0.002226632 -3.281634e-07 3.47751e-09)
(0.002227208 -3.152545e-07 4.270128e-09)
(0.002227761 -3.028059e-07 5.11307e-09)
(0.002227761 -3.028059e-07 5.11307e-09)
(0.00222469 -9.648801e-07 4.997226e-09)
(0.002225227 -9.267982e-07 5.721641e-09)
(0.002225742 -8.900004e-07 6.512111e-09)
(0.002225742 -8.900004e-07 6.512111e-09)
(0.002220391 -1.53603e-06 7.846078e-09)
(0.002220853 -1.474897e-06 8.399351e-09)
(0.002221295 -1.415862e-06 9.010184e-09)
(0.002221295 -1.415862e-06 9.010184e-09)
(0.002212891 -2.003011e-06 1.208109e-08)
(0.002213247 -1.922301e-06 1.233626e-08)
(0.002213587 -1.844412e-06 1.265634e-08)
(0.002213587 -1.844412e-06 1.265634e-08)
(0.002200869 -2.335093e-06 1.77447e-08)
(0.002201096 -2.239523e-06 1.759315e-08)
(0.002201314 -2.147387e-06 1.751324e-08)
(0.002201314 -2.147387e-06 1.751324e-08)
(0.002182451 -2.512934e-06 2.470504e-08)
(0.002182541 -2.408259e-06 2.405236e-08)
(0.002182625 -2.307457e-06 2.348449e-08)
(0.002182625 -2.307457e-06 2.348449e-08)
(0.00215511 -2.531094e-06 3.262036e-08)
(0.002155063 -2.423684e-06 3.140842e-08)
(0.002155017 -2.320378e-06 3.029345e-08)
(0.002155017 -2.320378e-06 3.029345e-08)
(0.002115496 -2.399487e-06 4.09155e-08)
(0.002115329 -2.295763e-06 3.913761e-08)
(0.002115168 -2.196132e-06 3.746987e-08)
(0.002115168 -2.196132e-06 3.746987e-08)
(0.002059201 -2.142605e-06 4.884034e-08)
(0.002058942 -2.048365e-06 4.65582e-08)
(0.002058693 -1.957978e-06 4.438751e-08)
(0.002058693 -1.957978e-06 4.438751e-08)
(0.001980402 -1.796673e-06 5.567073e-08)
(0.001980085 -1.716447e-06 5.298201e-08)
(0.001979781 -1.639634e-06 5.039868e-08)
(0.001979781 -1.639634e-06 5.039868e-08)
(0.001871335 -1.404227e-06 6.070227e-08)
(0.001870997 -1.340818e-06 5.776696e-08)
(0.001870674 -1.280222e-06 5.491415e-08)
(0.001870674 -1.280222e-06 5.491415e-08)
(0.001721559 -1.00848e-06 6.363471e-08)
(0.001721236 -9.626703e-07 6.060383e-08)
(0.001720927 -9.190041e-07 5.762342e-08)
(0.001720927 -9.190041e-07 5.762342e-08)
(0.001516921 -6.464255e-07 6.447044e-08)
(0.00151664 -6.171073e-07 6.146029e-08)
(0.001516373 -5.892612e-07 5.846262e-08)
(0.001516373 -5.892612e-07 5.846262e-08)
(0.001238175 -3.472467e-07 6.280585e-08)
(0.001237957 -3.316788e-07 5.990848e-08)
(0.001237749 -3.169755e-07 5.69967e-08)
(0.001237749 -3.169755e-07 5.69967e-08)
(0.0008592807 -1.277423e-07 5.5701e-08)
(0.0008591394 -1.221608e-07 5.313597e-08)
(0.0008590044 -1.169546e-07 5.054719e-08)
(0.0008590044 -1.169546e-07 5.054719e-08)
(0.0003457338 -7.530689e-09 3.323295e-08)
(0.0003456811 -7.249967e-09 3.169975e-08)
(0.0003456305 -7.020901e-09 3.015069e-08)
(0.0003456305 -7.020901e-09 3.015069e-08)
(0.002317487 -3.818035e-07 2.786032e-09)
(0.002318159 -3.669439e-07 3.774893e-09)
(0.002318159 -3.669439e-07 3.774893e-09)
(0.002315547 -1.122899e-06 4.392487e-09)
(0.002316175 -1.07925e-06 5.21629e-09)
(0.002316175 -1.07925e-06 5.21629e-09)
(0.002311227 -1.789334e-06 7.23493e-09)
(0.002311769 -1.71913e-06 7.877487e-09)
(0.002311769 -1.71913e-06 7.877487e-09)
(0.002303624 -2.336592e-06 1.157874e-08)
(0.002304044 -2.243733e-06 1.189232e-08)
(0.002304044 -2.243733e-06 1.189232e-08)
(0.002291325 -2.728894e-06 1.739892e-08)
(0.002291598 -2.618671e-06 1.726535e-08)
(0.002291598 -2.618671e-06 1.726535e-08)
(0.002272334 -2.942892e-06 2.455205e-08)
(0.002272448 -2.821837e-06 2.386693e-08)
(0.002272448 -2.821837e-06 2.386693e-08)
(0.00224396 -2.970973e-06 3.266187e-08)
(0.002243916 -2.846404e-06 3.135477e-08)
(0.002243916 -2.846404e-06 3.135477e-08)
(0.002202653 -2.823275e-06 4.111321e-08)
(0.002202468 -2.702637e-06 3.91746e-08)
(0.002202468 -2.702637e-06 3.91746e-08)
(0.002143755 -2.527211e-06 4.911243e-08)
(0.002143461 -2.41727e-06 4.661458e-08)
(0.002143461 -2.41727e-06 4.661458e-08)
(0.002063677 -2.776999e-06 7.803654e-08)
(0.002063209 -2.656436e-06 7.356979e-08)
(0.002062761 -2.540893e-06 6.947371e-08)
(0.002062331 -2.430123e-06 6.570977e-08)
(0.002061918 -2.32393e-06 6.222878e-08)
(0.002061522 -2.222056e-06 5.898327e-08)
(0.002061142 -2.124323e-06 5.596066e-08)
(0.002060778 -2.030486e-06 5.304492e-08)
(0.002060778 -2.030486e-06 5.304492e-08)
(0.001949421 -2.183682e-06 8.469397e-08)
(0.001948915 -2.087575e-06 7.98594e-08)
(0.00194843 -1.995538e-06 7.544797e-08)
(0.001947965 -1.907378e-06 7.140658e-08)
(0.00194752 -1.822905e-06 6.767665e-08)
(0.001947095 -1.741928e-06 6.420479e-08)
(0.001946687 -1.664302e-06 6.096543e-08)
(0.001946298 -1.589864e-06 5.779402e-08)
(0.001946298 -1.589864e-06 5.779402e-08)
(0.001792154 -1.576404e-06 8.773863e-08)
(0.001791663 -1.506259e-06 8.28656e-08)
(0.001791194 -1.439156e-06 7.843128e-08)
(0.001790745 -1.374937e-06 7.436966e-08)
(0.001790316 -1.313446e-06 7.062085e-08)
(0.001789906 -1.25455e-06 6.712485e-08)
(0.001789515 -1.19814e-06 6.384867e-08)
(0.001789141 -1.144114e-06 6.059493e-08)
(0.001789141 -1.144114e-06 6.059493e-08)
(0.001577278 -1.014599e-06 8.760446e-08)
(0.001576849 -9.690798e-07 8.29786e-08)
(0.001576439 -9.25621e-07 7.876391e-08)
(0.001576048 -8.840864e-07 7.488713e-08)
(0.001575675 -8.443544e-07 7.12946e-08)
(0.001575318 -8.063399e-07 6.792395e-08)
(0.001574978 -7.69972e-07 6.474091e-08)
(0.001574653 -7.351991e-07 6.153564e-08)
(0.001574653 -7.351991e-07 6.153564e-08)
(0.001285137 -5.465474e-07 8.425287e-08)
(0.001284804 -5.218757e-07 8.007564e-08)
(0.001284486 -4.984371e-07 7.624212e-08)
(0.001284183 -4.760919e-07 7.268127e-08)
(0.001283893 -4.547467e-07 6.935323e-08)
(0.001283617 -4.343514e-07 6.619918e-08)
(0.001283354 -4.148638e-07 6.318848e-08)
(0.001283102 -3.962728e-07 6.012691e-08)
(0.001283102 -3.962728e-07 6.012691e-08)
(0.0008894969 -2.013547e-07 7.432311e-08)
(0.0008892826 -1.92259e-07 7.084052e-08)
(0.0008890781 -1.837251e-07 6.760133e-08)
(0.0008888828 -1.756133e-07 6.455047e-08)
(0.0008886963 -1.678668e-07 6.166847e-08)
(0.0008885183 -1.604724e-07 5.890649e-08)
(0.0008883484 -1.534166e-07 5.624587e-08)
(0.0008881863 -1.467094e-07 5.353783e-08)
(0.0008881863 -1.467094e-07 5.353783e-08)
(0.0003562738 -1.18567e-08 4.42061e-08)
(0.0003561955 -1.135343e-08 4.218087e-08)
(0.0003561206 -1.092597e-08 4.028091e-08)
(0.000356049 -1.050564e-08 3.847292e-08)
(0.0003559806 -1.010062e-08 3.675369e-08)
(0.0003559151 -9.710139e-09 3.509492e-08)
(0.0003558525 -9.346035e-09 3.349417e-08)
(0.0003557927 -9.003266e-09 3.188112e-08)
(0.0003557927 -9.003266e-09 3.188112e-08)
(0.002392829 -4.212919e-07 2.845642e-09)
(0.002392829 -4.212919e-07 2.845642e-09)
(0.002389399 -1.339582e-06 2.802268e-09)
(0.00239015 -1.288273e-06 3.564654e-09)
(0.002390872 -1.238726e-06 4.399272e-09)
(0.002390872 -1.238726e-06 4.399272e-09)
(0.002383095 -2.402946e-06 4.351709e-09)
(0.002383832 -2.311209e-06 5.030379e-09)
(0.00238454 -2.222615e-06 5.540446e-09)
(0.002385219 -2.137131e-06 5.964927e-09)
(0.002385871 -2.054687e-06 6.394505e-09)
(0.002386497 -1.975062e-06 6.93304e-09)
(0.002386497 -1.975062e-06 6.93304e-09)
(0.002376082 -3.149451e-06 9.990243e-09)
(0.002376663 -3.027452e-06 1.021511e-08)
(0.00237722 -2.909774e-06 1.0363e-08)
(0.002377754 -2.796291e-06 1.046092e-08)
(0.002378265 -2.686852e-06 1.058123e-08)
(0.002378754 -2.581261e-06 1.081706e-08)
(0.002378754 -2.581261e-06 1.081706e-08)
(0.002364382 -3.695448e-06 1.760346e-08)
(0.002364772 -3.549597e-06 1.728527e-08)
(0.002365144 -3.409106e-06 1.693825e-08)
(0.002365499 -3.273788e-06 1.657604e-08)
(0.002365838 -3.143449e-06 1.624976e-08)
(0.002366162 -3.017834e-06 1.603964e-08)
(0.002366162 -3.017834e-06 1.603964e-08)
(0.002345827 -4.00649e-06 2.701832e-08)
(0.002346006 -3.845115e-06 2.600397e-08)
(0.002346174 -3.689869e-06 2.501992e-08)
(0.002346333 -3.540521e-06 2.407412e-08)
(0.002346482 -3.396834e-06 2.319774e-08)
(0.002346624 -3.258513e-06 2.244386e-08)
(0.002346624 -3.258513e-06 2.244386e-08)
(0.002317508 -4.067683e-06 3.769163e-08)
(0.002317473 -3.900377e-06 3.587975e-08)
(0.002317436 -3.739628e-06 3.416728e-08)
(0.002317398 -3.58518e-06 3.255605e-08)
(0.00231736 -3.436765e-06 3.105594e-08)
(0.00231732 -3.294059e-06 2.968631e-08)
(0.00231732 -3.294059e-06 2.968631e-08)
(0.002275614 -3.887552e-06 4.8738e-08)
(0.002275384 -3.724386e-06 4.609388e-08)
(0.002275162 -3.567805e-06 4.362561e-08)
(0.002274946 -3.417531e-06 4.132835e-08)
(0.002274737 -3.273294e-06 3.919057e-08)
(0.002274535 -3.134755e-06 3.719356e-08)
(0.002274535 -3.134755e-06 3.719356e-08)
(0.002215196 -3.498994e-06 5.90011e-08)
(0.002215196 -3.498994e-06 5.90011e-08)
(0.002214812 -3.349385e-06 5.559005e-08)
(0.002214812 -3.349385e-06 5.559005e-08)
(0.002214442 -3.205975e-06 5.243251e-08)
(0.002214442 -3.205975e-06 5.243251e-08)
(0.002214085 -3.06847e-06 4.951255e-08)
(0.002214085 -3.06847e-06 4.951255e-08)
(0.002213742 -2.936631e-06 4.680364e-08)
(0.002213742 -2.936631e-06 4.680364e-08)
(0.002213412 -2.810124e-06 4.425137e-08)
(0.002213412 -2.810124e-06 4.425137e-08)
(0.002213412 -2.810124e-06 4.425137e-08)
)
;
    }
    procBoundary2to6
    {
        type            processor;
        value           nonuniform List<vector> 7((0.002132622 -3.710279e-06 9.209059e-08) (0.002014089 -2.928643e-06 9.987133e-08) (0.001850578 -2.12113e-06 1.027982e-07) (0.001627144 -1.369491e-06 1.014564e-07) (0.001323832 -7.405166e-07 9.598047e-08) (0.0009143108 -2.746527e-07 8.338813e-08) (0.0003649015 -1.676464e-08 4.887325e-08));
    }
    procBoundary2to7
    {
        type            processor;
        value           nonuniform List<vector> 
156
(
(0.002432119 -4.034877e-06 8.72228e-09)
(0.002421224 -4.755679e-06 1.728454e-08)
(0.002403401 -5.181999e-06 2.797548e-08)
(0.002375532 -5.288858e-06 4.021481e-08)
(0.002333559 -5.08082e-06 5.294036e-08)
(0.002272256 -4.594989e-06 6.476111e-08)
(0.002184901 -3.898573e-06 7.416562e-08)
(0.002062757 -3.079225e-06 8.01547e-08)
(0.001894332 -2.232141e-06 8.228726e-08)
(0.001664374 -1.443158e-06 8.118965e-08)
(0.001352655 -7.820987e-07 7.684314e-08)
(0.0009327418 -2.914369e-07 6.712738e-08)
(0.0003712778 -1.833456e-08 3.932189e-08)
(0.002475776 -4.176563e-06 7.113209e-09)
(0.002464682 -4.92381e-06 1.321745e-08)
(0.002446508 -5.366635e-06 2.079078e-08)
(0.002418063 -5.478914e-06 2.939103e-08)
(0.002375193 -5.265058e-06 3.822643e-08)
(0.002312556 -4.763224e-06 4.631421e-08)
(0.002223283 -4.042837e-06 5.260651e-08)
(0.002098463 -3.194659e-06 5.649612e-08)
(0.0019264 -2.317289e-06 5.773798e-08)
(0.001691622 -1.499711e-06 5.700085e-08)
(0.001373712 -8.140265e-07 5.410423e-08)
(0.0009461801 -3.043535e-07 4.792621e-08)
(0.0003759189 -1.957349e-08 2.81506e-08)
(0.002503711 -4.270595e-06 5.225035e-09)
(0.002492489 -5.035423e-06 8.563284e-09)
(0.00247409 -5.48925e-06 1.263423e-08)
(0.002445275 -5.605182e-06 1.715092e-08)
(0.002401828 -5.387524e-06 2.163174e-08)
(0.00233833 -4.875124e-06 2.55507e-08)
(0.00224782 -4.138866e-06 2.837913e-08)
(0.002121275 -3.271578e-06 2.994833e-08)
(0.00194687 -2.374091e-06 3.02321e-08)
(0.001708996 -1.537503e-06 2.994208e-08)
(0.001387118 -8.353639e-07 2.873189e-08)
(0.0009547219 -3.130294e-07 2.658939e-08)
(0.0003788649 -2.045463e-08 1.579505e-08)
(0.002515943 -4.31431e-06 3.147385e-09)
(0.002504665 -5.087333e-06 3.542891e-09)
(0.002486167 -5.546312e-06 3.891161e-09)
(0.002457188 -5.663998e-06 4.072352e-09)
(0.002413485 -5.444641e-06 3.937668e-09)
(0.002349606 -4.927404e-06 3.445746e-09)
(0.002258549 -4.183836e-06 2.612561e-09)
(0.002131241 -3.307717e-06 1.742032e-09)
(0.001955802 -2.400874e-06 1.03511e-09)
(0.001716564 -1.555422e-06 1.240129e-09)
(0.001392946 -8.454776e-07 1.848752e-09)
(0.0009584269 -3.172178e-07 4.044487e-09)
(0.0003801405 -2.096906e-08 2.731611e-09)
(0.00251248 -4.306501e-06 9.76301e-10)
(0.002501217 -5.078096e-06 -1.603029e-09)
(0.002482746 -5.536225e-06 -5.014969e-09)
(0.00245381 -5.653705e-06 -9.208435e-09)
(0.002410175 -5.434792e-06 -1.399385e-08)
(0.002346397 -4.918583e-06 -1.892327e-08)
(0.002255484 -4.176474e-06 -2.343552e-08)
(0.00212838 -3.302056e-06 -2.674994e-08)
(0.001953221 -2.396887e-06 -2.844265e-08)
(0.001714357 -1.552969e-06 -2.774103e-08)
(0.001391227 -8.440781e-07 -2.53026e-08)
(0.0009573204 -3.168205e-07 -1.868852e-08)
(0.0003797556 -2.113985e-08 -1.055553e-08)
(0.002493321 -4.247429e-06 -1.183058e-09)
(0.002482145 -5.008025e-06 -6.632765e-09)
(0.002463825 -5.459333e-06 -1.366903e-08)
(0.00243514 -5.574661e-06 -2.207466e-08)
(0.002391895 -5.358325e-06 -3.133172e-08)
(0.002328699 -4.848979e-06 -4.052323e-08)
(0.002238623 -4.117048e-06 -4.856489e-08)
(0.002112688 -3.254806e-06 -5.422526e-08)
(0.001939119 -2.362281e-06 -5.686821e-08)
(0.001702366 -1.530243e-06 -5.57277e-08)
(0.001381951 -8.312097e-07 -5.155943e-08)
(0.0009513939 -3.118945e-07 -4.079947e-08)
(0.0003777065 -2.10395e-08 -2.359313e-08)
(0.002430672 -4.052103e-06 -4.991332e-09)
(0.00241978 -4.776312e-06 -1.532387e-08)
(0.002401961 -5.205007e-06 -2.851455e-08)
(0.002374097 -5.3131e-06 -4.405847e-08)
(0.002332129 -5.105111e-06 -6.087453e-08)
(0.002270835 -4.618229e-06 -7.72545e-08)
(0.002183497 -3.919725e-06 -9.12256e-08)
(0.002061383 -3.097545e-06 -1.008249e-07)
(0.001893014 -2.246801e-06 -1.050412e-07)
(0.001663157 -1.454093e-06 -1.032246e-07)
(0.001351618 -7.881376e-07 -9.610744e-08)
(0.0009320093 -2.951965e-07 -7.897096e-08)
(0.0003710027 -2.04516e-08 -4.54911e-08)
(0.002234297 -3.473112e-06 -8.893413e-09)
(0.002224313 -4.089818e-06 -2.351195e-08)
(0.002208065 -4.451865e-06 -4.207646e-08)
(0.002182762 -4.538731e-06 -6.381733e-08)
(0.00214476 -4.355398e-06 -8.714755e-08)
(0.002089355 -3.934632e-06 -1.096828e-07)
(0.002010471 -3.334473e-06 -1.286927e-07)
(0.001900158 -2.630173e-06 -1.416644e-07)
(0.001747869 -1.902751e-06 -1.47305e-07)
(0.001539414 -1.226254e-06 -1.452927e-07)
(0.001255567 -6.59496e-07 -1.361613e-07)
(0.0008703866 -2.433828e-07 -1.150501e-07)
(0.0003496126 -1.578047e-08 -6.57711e-08)
(0.001931157 -2.699805e-06 -9.422819e-09)
(0.001922596 -3.174149e-06 -2.393213e-08)
(0.001908765 -3.448717e-06 -4.233008e-08)
(0.001887344 -3.508714e-06 -6.383647e-08)
(0.001855294 -3.359353e-06 -8.686392e-08)
(0.001808679 -3.027239e-06 -1.090646e-07)
(0.00174238 -2.558073e-06 -1.277699e-07)
(0.001649646 -2.010344e-06 -1.406096e-07)
(0.001521403 -1.446645e-06 -1.464284e-07)
(0.001345196 -9.244059e-07 -1.4522e-07)
(0.001103612 -4.896727e-07 -1.374748e-07)
(0.0007719487 -1.751598e-07 -1.186522e-07)
(0.0003151028 -9.395492e-09 -6.92126e-08)
(0.001520187 -1.85149e-06 -7.015757e-09)
(0.001513568 -2.171825e-06 -1.770811e-08)
(0.001502957 -2.353248e-06 -3.127099e-08)
(0.001486618 -2.386655e-06 -4.712797e-08)
(0.001462274 -2.27689e-06 -6.410646e-08)
(0.001426961 -2.043324e-06 -8.047874e-08)
(0.001376797 -1.717988e-06 -9.429274e-08)
(0.001306617 -1.341159e-06 -1.038549e-07)
(0.001209377 -9.556171e-07 -1.084176e-07)
(0.001075189 -6.00808e-07 -1.082075e-07)
(0.0008896692 -3.08951e-07 -1.037604e-07)
(0.0006310055 -1.034171e-07 -9.176156e-08)
(0.0002646701 -2.736527e-09 -5.545391e-08)
(0.001000269 -1.031304e-06 -3.20052e-09)
(0.0009960597 -1.205854e-06 -8.335328e-09)
(0.0009893589 -1.301428e-06 -1.487066e-08)
(0.0009790958 -1.313688e-06 -2.253486e-08)
(0.0009638625 -1.246275e-06 -3.076404e-08)
(0.000941819 -1.110886e-06 -3.871984e-08)
(0.0009105425 -9.25998e-07 -4.545519e-08)
(0.0008667816 -7.143123e-07 -5.016288e-08)
(0.0008060467 -4.997046e-07 -5.254611e-08)
(0.0007218946 -3.043459e-07 -5.287078e-08)
(0.0006045579 -1.469522e-07 -5.163731e-08)
(0.0004379825 -4.157985e-08 -4.734786e-08)
(0.0001926248 2.457149e-09 -3.050732e-08)
(0.0003703688 -3.052635e-07 -2.648017e-10)
(0.0003689179 -3.549771e-07 -8.532561e-10)
(0.0003666193 -3.804413e-07 -1.613676e-09)
(0.0003631119 -3.806916e-07 -2.518105e-09)
(0.00035792 -3.572622e-07 -3.501907e-09)
(0.0003504204 -3.140903e-07 -4.462907e-09)
(0.0003397897 -2.570231e-07 -5.28393e-09)
(0.0003249169 -1.92986e-07 -5.863794e-09)
(0.0003042562 -1.291327e-07 -6.182683e-09)
(0.0002755547 -7.217764e-08 -6.313132e-09)
(0.000235276 -2.817079e-08 -6.443129e-09)
(0.0001770668 -2.016572e-09 -6.578287e-09)
(8.627773e-05 4.164437e-09 -5.634779e-09)
)
;
    }
}


// ************************************************************************* //
