/*--------------------------------*- C++ -*----------------------------------*\
| =========                 |                                                 |
| \\      /  F ield         | OpenFOAM: The Open Source CFD Toolbox           |
|  \\    /   O peration     | Version:  2406                                  |
|   \\  /    A nd           | Website:  www.openfoam.com                      |
|    \\/     M anipulation  |                                                 |
\*---------------------------------------------------------------------------*/
FoamFile
{
    version     2.0;
    format      ascii;
    arch        "LSB;label=32;scalar=64";
    class       surfaceScalarField;
    location    "320";
    object      phi;
}
// * * * * * * * * * * * * * * * * * * * * * * * * * * * * * * * * * * * * * //

dimensions      [0 3 -1 0 0 0 0];

oriented        oriented;

internalField   nonuniform List<scalar> 
15181
(
2.736534e-09
5.735221e-10
4.335257e-09
1.235163e-09
4.147083e-10
1.086662e-09
7.698198e-10
2.429441e-10
2.223993e-10
5.531939e-10
1.31213e-10
8.54129e-11
4.318383e-10
7.063983e-11
5.071575e-11
3.614174e-10
3.790748e-11
3.251338e-11
3.17512e-10
2.107031e-11
2.283515e-11
2.887566e-10
1.213856e-11
1.661677e-11
2.688475e-10
7.179187e-12
1.272994e-11
2.543857e-10
4.305413e-12
1.015641e-11
2.434636e-10
2.55486e-12
8.367236e-12
2.349666e-10
1.452304e-12
7.044667e-12
2.282097e-10
7.415609e-13
6.015306e-12
2.227492e-10
2.789555e-13
5.181578e-12
2.182814e-10
-2.123126e-14
4.489084e-12
2.14592e-10
-2.129437e-13
3.902343e-12
2.115184e-10
-3.305631e-13
3.404074e-12
2.089488e-10
-3.99628e-13
2.969286e-12
2.067756e-10
-4.321548e-13
2.605385e-12
-4.534389e-13
2.261998e-12
2.04967e-10
2.959471e-09
3.09807e-10
4.949556e-09
1.58987e-09
3.312398e-10
1.45307e-09
1.158054e-09
2.647831e-10
4.099768e-10
9.327897e-10
1.810389e-10
1.754385e-10
7.865525e-10
1.188518e-10
9.802526e-11
6.88498e-10
7.67446e-11
5.92173e-11
6.200457e-10
5.001539e-11
3.950725e-11
5.711225e-10
3.318753e-11
2.787424e-11
5.351819e-10
2.240104e-11
2.071872e-11
5.080309e-10
1.533396e-11
1.612245e-11
4.869911e-10
1.056541e-11
1.302932e-11
4.703268e-10
7.271451e-12
1.084512e-11
4.568907e-10
4.954225e-12
9.22339e-12
4.459026e-10
3.305624e-12
7.961497e-12
4.368131e-10
2.126705e-12
6.941557e-12
4.292258e-10
1.284295e-12
6.090047e-12
4.228407e-10
6.859315e-13
5.36863e-12
4.174396e-10
2.651163e-13
4.736357e-12
4.12832e-10
-2.411567e-14
4.19952e-12
-2.287783e-13
3.675097e-12
4.089322e-10
2.903949e-09
1.928563e-10
4.858314e-09
1.618612e-09
2.518892e-10
1.364687e-09
1.256305e-09
2.344811e-10
3.926091e-10
1.072996e-09
1.874537e-10
1.768942e-10
9.478162e-10
1.398134e-10
1.042185e-10
8.572042e-10
1.008023e-10
6.655429e-11
7.889239e-10
7.183113e-11
4.646454e-11
7.369199e-10
5.124967e-11
3.394188e-11
6.968083e-10
3.679735e-11
2.57153e-11
6.653942e-10
2.663708e-11
2.011096e-11
6.404007e-10
1.940373e-11
1.615519e-11
6.202091e-10
1.417961e-11
1.328338e-11
6.036708e-10
1.035446e-11
1.113811e-11
5.899631e-10
7.524274e-12
9.489041e-12
5.784863e-10
5.416533e-12
8.186965e-12
5.687968e-10
3.843694e-12
7.130118e-12
5.605542e-10
2.67102e-12
6.257541e-12
5.535061e-10
1.802737e-12
5.510464e-12
5.474335e-10
1.162608e-12
4.885865e-12
6.954663e-13
4.274669e-12
5.422346e-10
2.84819e-09
1.177141e-10
4.872265e-09
1.558564e-09
1.778884e-10
1.363627e-09
1.223089e-09
1.81802e-10
3.881542e-10
1.07701e-09
1.609525e-10
1.725802e-10
9.8417e-10
1.318323e-10
1.008207e-10
9.170273e-10
1.036779e-10
6.426715e-11
8.640263e-10
7.966844e-11
4.516367e-11
8.212429e-10
6.057624e-11
3.345688e-11
7.86381e-10
4.590347e-11
2.575579e-11
7.577769e-10
3.481268e-11
2.042845e-11
7.341583e-10
2.64587e-11
1.656367e-11
7.145161e-10
2.014962e-11
1.367215e-11
6.980567e-10
1.535788e-11
1.145597e-11
6.8416e-10
1.169731e-11
9.723692e-12
6.723413e-10
8.888018e-12
8.347161e-12
6.622234e-10
6.728057e-12
7.233584e-12
6.535057e-10
5.066218e-12
6.322476e-12
6.459595e-10
3.795338e-12
5.553679e-12
6.393826e-10
2.821068e-12
4.9184e-12
2.091949e-12
4.303226e-12
6.336829e-10
2.81719e-09
8.073574e-11
4.865101e-09
1.515253e-09
1.334288e-10
1.346396e-09
1.181331e-09
1.443299e-10
3.713938e-10
1.048016e-09
1.358506e-10
1.58417e-10
9.724298e-10
1.181177e-10
8.930124e-11
9.222871e-10
9.841508e-11
5.540553e-11
8.837233e-10
7.973586e-11
3.84964e-11
8.52226e-10
6.353958e-11
2.853402e-11
8.25791e-10
5.016689e-11
2.217155e-11
8.033329e-10
3.943435e-11
1.783637e-11
7.841649e-10
3.094869e-11
1.467807e-11
7.677561e-10
2.428574e-11
1.227271e-11
7.536669e-10
1.906408e-11
1.0383e-11
7.415258e-10
1.497009e-11
8.868261e-12
7.310191e-10
1.175589e-11
7.638832e-12
7.218856e-10
9.231685e-12
6.629876e-12
7.139063e-10
7.248011e-12
5.797497e-12
7.069078e-10
5.697996e-12
5.095868e-12
7.00733e-10
4.480137e-12
4.515698e-12
3.549687e-12
3.965919e-12
6.953094e-10
2.801476e-09
5.720738e-11
4.867365e-09
1.485621e-09
1.008362e-10
1.348448e-09
1.145307e-09
1.140098e-10
3.706336e-10
1.013632e-09
1.12287e-10
1.552386e-10
9.449631e-10
1.021222e-10
8.46645e-11
9.041909e-10
8.888754e-11
5.02997e-11
8.754198e-10
7.5045e-11
3.346201e-11
8.52957e-10
6.210118e-11
2.390115e-11
8.342977e-10
5.072469e-11
1.810155e-11
8.182731e-10
4.10946e-11
1.436437e-11
8.043223e-10
3.313338e-11
1.176603e-11
7.921136e-10
2.664739e-11
9.847124e-12
7.814082e-10
2.140909e-11
8.360387e-12
7.72008e-10
1.719993e-11
7.170303e-12
7.637378e-10
1.382716e-11
6.199003e-12
7.56442e-10
1.113119e-11
5.396303e-12
7.499827e-10
8.977914e-12
4.729344e-12
7.442448e-10
7.268322e-12
4.167629e-12
7.391219e-10
5.903055e-12
3.699961e-12
4.840755e-12
3.272428e-12
7.345584e-10
2.792586e-09
4.301385e-11
4.86692e-09
1.46738e-09
7.864685e-11
1.347394e-09
1.120901e-09
9.182124e-11
3.686677e-10
9.87025e-10
9.346889e-11
1.526944e-10
9.19567e-10
8.789902e-11
8.168116e-11
8.823416e-10
7.901488e-11
4.709803e-11
8.584231e-10
6.8788e-11
3.017547e-11
8.412858e-10
5.857472e-11
2.066383e-11
8.278643e-10
4.911741e-11
1.502877e-11
8.166786e-10
4.07517e-11
1.152859e-11
8.070358e-10
3.357267e-11
9.203503e-12
7.985823e-10
2.753635e-11
7.564536e-12
7.911161e-10
2.253094e-11
6.344377e-12
7.844993e-10
1.842016e-11
5.39653e-12
7.786217e-10
1.506626e-11
4.638554e-12
7.733872e-10
1.234435e-11
4.021331e-12
7.687103e-10
1.014176e-11
3.513024e-12
7.645158e-10
8.370929e-12
3.091889e-12
7.60737e-10
6.94118e-12
2.740709e-12
5.810749e-12
2.441029e-12
7.573259e-10
2.7877e-09
3.304719e-11
4.86758e-09
1.455707e-09
6.188188e-11
1.348757e-09
1.103989e-09
7.407129e-11
3.694687e-10
9.671657e-10
7.738637e-11
1.529055e-10
8.989382e-10
7.476277e-11
8.136378e-11
8.626181e-10
6.897665e-11
4.635832e-11
8.407688e-10
6.155637e-11
2.908095e-11
8.263899e-10
5.364755e-11
1.9306e-11
8.160363e-10
4.596058e-11
1.351045e-11
8.079633e-10
3.888704e-11
9.937653e-12
8.013131e-10
3.261232e-11
7.610549e-12
7.956434e-10
2.718597e-11
6.020084e-12
7.907157e-10
2.257816e-11
4.880472e-12
7.863876e-10
1.87177e-11
4.030573e-12
7.825616e-10
1.551529e-11
3.376966e-12
7.791619e-10
1.287989e-11
2.864195e-12
7.761262e-10
1.072249e-11
2.454908e-12
7.733988e-10
8.969043e-12
2.129335e-12
7.709364e-10
7.541778e-12
1.861832e-12
6.397672e-12
1.658399e-12
7.68691e-10
2.784658e-09
2.59088e-11
4.867792e-09
1.448085e-09
4.916256e-11
1.349293e-09
1.09248e-09
5.992807e-11
3.697482e-10
9.530076e-10
6.385517e-11
1.530037e-10
8.834438e-10
6.299915e-11
8.13274e-11
8.468929e-10
5.932315e-11
4.620442e-11
8.256734e-10
5.398962e-11
2.878622e-11
8.125268e-10
4.792927e-11
1.886488e-11
8.037768e-10
4.177112e-11
1.293943e-11
7.974991e-10
3.590338e-11
9.261336e-12
7.927055e-10
3.054646e-11
6.859461e-12
7.888669e-10
2.580003e-11
5.224525e-12
7.856925e-10
2.168564e-11
4.066946e-12
7.830121e-10
1.817777e-11
3.220357e-12
7.807172e-10
1.522462e-11
2.585556e-12
7.787307e-10
1.276379e-11
2.102571e-12
7.769958e-10
1.072838e-11
1.729036e-12
7.75462e-10
9.058166e-12
1.444715e-12
7.740971e-10
7.689608e-12
1.217029e-12
6.580156e-12
1.064801e-12
7.728498e-10
2.782772e-09
2.034388e-11
4.868106e-09
1.442981e-09
3.892998e-11
1.350023e-09
1.084443e-09
4.810548e-11
3.703612e-10
9.427668e-10
5.203887e-11
1.534922e-10
8.718503e-10
5.21975e-11
8.171824e-11
8.347042e-10
4.996027e-11
4.650896e-11
8.135129e-10
4.619233e-11
2.898857e-11
8.008609e-10
4.162468e-11
1.895663e-11
7.929232e-10
3.67851e-11
1.292371e-11
7.876546e-10
3.202608e-11
9.145837e-12
7.839741e-10
2.756937e-11
6.657669e-12
7.812857e-10
2.353574e-11
4.952679e-12
7.792538e-10
1.997573e-11
3.741777e-12
7.776804e-10
1.689359e-11
2.857615e-12
7.764413e-10
1.42648e-11
2.198856e-12
7.75452e-10
1.204969e-11
1.703404e-12
7.74654e-10
1.020045e-11
1.325939e-12
7.739968e-10
8.670025e-12
1.045347e-12
7.734528e-10
7.408648e-12
8.249359e-13
6.376996e-12
6.881544e-13
7.729678e-10
2.781507e-09
1.585143e-11
4.868297e-09
1.439482e-09
3.048093e-11
1.350475e-09
1.078796e-09
3.80395e-11
3.707513e-10
9.353921e-10
4.161681e-11
1.538262e-10
8.63289e-10
4.227554e-11
8.202511e-11
8.254741e-10
4.097873e-11
4.679639e-11
8.04065e-10
3.835946e-11
2.924199e-11
7.915501e-10
3.497579e-11
1.916376e-11
7.840054e-10
3.125169e-11
1.307818e-11
7.793005e-10
2.748719e-11
9.243714e-12
7.762862e-10
2.388409e-11
6.699609e-12
7.743156e-10
2.056376e-11
4.942593e-12
7.730172e-10
1.758842e-11
3.685674e-12
7.721693e-10
1.497885e-11
2.762634e-12
7.716335e-10
1.272831e-11
2.072286e-12
7.713172e-10
1.081373e-11
1.552299e-12
7.711588e-10
9.202485e-12
1.156395e-12
7.711065e-10
7.859249e-12
8.630144e-13
7.711349e-10
6.746378e-12
6.339192e-13
5.830046e-12
4.929952e-13
7.711888e-10
2.780662e-09
1.203836e-11
4.868464e-09
1.437064e-09
2.321983e-11
1.350859e-09
1.074804e-09
2.918866e-11
3.711111e-10
9.300707e-10
3.220033e-11
1.541496e-10
8.56991e-10
3.302446e-11
8.23307e-11
8.185595e-10
3.232269e-11
4.708755e-11
7.968628e-10
3.054678e-11
2.950943e-11
7.843298e-10
2.810821e-11
1.940055e-11
7.769685e-10
2.533209e-11
1.328086e-11
7.725873e-10
2.245887e-11
9.409601e-12
7.699849e-10
1.965803e-11
6.82838e-12
7.68475e-10
1.703814e-11
5.03558e-12
7.676572e-10
1.466082e-11
3.745403e-12
7.672902e-10
1.255336e-11
2.792428e-12
7.672236e-10
1.071915e-11
2.075816e-12
7.673576e-10
9.146334e-12
1.533336e-12
7.676278e-10
7.813786e-12
1.118507e-12
7.679815e-10
6.696143e-12
8.094663e-13
7.683941e-10
5.765989e-12
5.677771e-13
4.996259e-12
4.16198e-13
7.688117e-10
2.780083e-09
8.690896e-12
4.868577e-09
1.435396e-09
1.679084e-11
1.351117e-09
1.072009e-09
2.121751e-11
3.713574e-10
9.262928e-10
2.354405e-11
1.543728e-10
8.524541e-10
2.431483e-11
8.254831e-11
8.135084e-10
2.39671e-11
4.730135e-11
7.915322e-10
2.28101e-11
2.971285e-11
7.789198e-10
2.113192e-11
1.958868e-11
7.716341e-10
1.916694e-11
1.345085e-11
7.674397e-10
1.709423e-11
9.55906e-12
7.65097e-10
1.504428e-11
6.956399e-12
7.638888e-10
1.310416e-11
5.14226e-12
7.633916e-10
1.132638e-11
3.831571e-12
7.633483e-10
9.737257e-12
2.859422e-12
7.635979e-10
8.344284e-12
2.125247e-12
7.640349e-10
7.142417e-12
1.566938e-12
7.645919e-10
6.118766e-12
1.138057e-12
7.652154e-10
5.256142e-12
8.164987e-13
7.658816e-10
4.53559e-12
5.641379e-13
3.937154e-12
4.024141e-13
7.665383e-10
2.779702e-09
5.643567e-12
4.868658e-09
1.43428e-09
1.091054e-11
1.351302e-09
1.070118e-09
1.383894e-11
3.715406e-10
9.237078e-10
1.541465e-11
1.545396e-10
8.493152e-10
1.599486e-11
8.271256e-11
8.099773e-10
1.584256e-11
4.746253e-11
7.877702e-10
1.51509e-11
2.986624e-11
7.750687e-10
1.41022e-11
1.973126e-11
7.678069e-10
1.284774e-11
1.358099e-11
7.637197e-10
1.150581e-11
9.675584e-12
7.615404e-10
1.016453e-11
7.059071e-12
7.605288e-10
8.884328e-12
5.231408e-12
7.602444e-10
7.702967e-12
3.907881e-12
7.604172e-10
6.640643e-12
2.923775e-12
7.608782e-10
5.704674e-12
2.178608e-12
7.615169e-10
4.893522e-12
1.610247e-12
7.622633e-10
4.200016e-12
1.172279e-12
7.630635e-10
3.613624e-12
8.423408e-13
7.63894e-10
3.122481e-12
5.826512e-13
2.71357e-12
4.136136e-13
7.647039e-10
2.779468e-09
4.868708e-09
1.433593e-09
1.351414e-09
1.068945e-09
3.716543e-10
9.220943e-10
1.546405e-10
8.473412e-10
8.281389e-11
8.077405e-10
4.756269e-11
7.853714e-10
2.996226e-11
7.725983e-10
1.982136e-11
7.653387e-10
1.366407e-11
7.613094e-10
9.750884e-12
7.592262e-10
7.126458e-12
7.58334e-10
5.291101e-12
7.581806e-10
3.960312e-12
7.584875e-10
2.969476e-12
7.590798e-10
2.218134e-12
7.598435e-10
1.644108e-12
7.607067e-10
1.200986e-12
7.616149e-10
8.662097e-13
7.625447e-10
6.022379e-13
4.288244e-13
7.634464e-10
5.183834e-09
1.028728e-09
5.768007e-09
3.041368e-09
9.060606e-10
2.323067e-09
1.955747e-09
5.718929e-10
7.361278e-10
1.419584e-09
3.275995e-10
2.939765e-10
1.11886e-09
1.849226e-10
1.665173e-10
9.410482e-10
1.044916e-10
1.058334e-10
8.295041e-10
6.107466e-11
7.330465e-11
7.556526e-10
3.709902e-11
5.336919e-11
7.041693e-10
2.329047e-11
4.092283e-11
6.665631e-10
1.498707e-11
3.277556e-11
6.380489e-10
9.748286e-12
2.713306e-11
6.157954e-10
6.322299e-12
2.297587e-11
5.9805e-10
4.021424e-12
1.973931e-11
5.836701e-10
2.451161e-12
1.711031e-11
5.718733e-10
1.371845e-12
1.491403e-11
5.621031e-10
6.300731e-13
1.304248e-11
5.539447e-10
1.255814e-13
1.143695e-11
5.470956e-10
-2.153593e-13
1.003372e-11
5.413009e-10
-4.33203e-13
8.833322e-12
-5.922082e-13
7.724903e-12
5.364302e-10
5.999179e-09
6.474402e-10
6.976978e-09
4.218867e-09
8.348686e-10
3.304574e-09
3.178562e-09
7.026475e-10
1.319528e-09
2.573316e-09
5.015219e-10
6.067614e-10
2.179838e-09
3.394179e-10
3.370083e-10
1.911551e-09
2.254597e-10
2.065364e-10
1.723786e-09
1.507652e-10
1.375817e-10
1.588931e-09
1.026012e-10
9.722637e-11
1.489521e-09
7.115099e-11
7.226846e-11
1.414219e-09
5.019931e-11
5.621265e-11
1.355738e-09
3.585669e-11
4.540124e-11
1.309333e-09
2.580092e-11
3.777158e-11
1.271851e-09
1.861035e-11
3.211642e-11
1.241142e-09
1.339533e-11
2.772668e-11
1.215692e-09
9.578519e-12
2.418515e-11
1.194404e-09
6.772297e-12
2.123608e-11
1.176457e-09
4.707113e-12
1.873366e-11
1.161235e-09
3.189239e-12
1.65542e-11
1.148242e-09
2.081846e-12
1.467737e-11
1.254734e-12
1.290503e-11
1.137165e-09
5.918355e-09
3.875093e-10
6.845203e-09
4.331248e-09
6.104323e-10
3.17623e-09
3.488613e-09
6.119262e-10
1.325966e-09
3.00205e-09
5.147717e-10
6.502068e-10
2.666515e-09
3.986525e-10
3.805191e-10
2.417525e-09
2.96596e-10
2.444082e-10
2.228769e-09
2.173174e-10
1.686683e-10
2.084034e-09
1.591017e-10
1.221766e-10
1.971849e-09
1.171703e-10
9.188072e-11
1.883669e-09
8.705646e-11
7.143343e-11
1.813305e-09
6.523552e-11
5.714031e-11
1.75632e-09
4.922396e-11
4.684536e-11
1.709543e-09
3.732082e-11
3.920531e-11
1.67069e-09
2.837326e-11
3.336382e-11
1.638095e-09
2.159126e-11
2.876904e-11
1.610519e-09
1.64248e-11
2.505399e-11
1.587019e-09
1.247758e-11
2.198698e-11
1.566874e-09
9.464803e-12
1.937974e-11
1.549507e-09
7.16317e-12
1.717189e-11
5.406941e-12
1.50924e-11
1.534537e-09
5.806393e-09
2.411284e-10
6.857564e-09
4.194921e-09
4.341465e-10
3.151385e-09
3.419178e-09
4.776957e-10
1.298128e-09
3.031628e-09
4.438667e-10
6.310348e-10
2.7845e-09
3.773744e-10
3.692271e-10
2.600698e-09
3.059074e-10
2.387577e-10
2.45492e-09
2.414752e-10
1.667838e-10
2.336442e-09
1.882373e-10
1.227995e-10
2.23937e-09
1.46125e-10
9.387302e-11
2.159377e-09
1.135297e-10
7.394852e-11
2.093071e-09
8.848289e-11
5.962147e-11
2.037742e-09
6.923022e-11
4.899513e-11
1.991234e-09
5.436746e-11
4.09172e-11
1.951853e-09
4.283047e-11
3.4648e-11
1.918269e-09
3.382862e-11
2.969364e-11
1.889441e-09
2.677998e-11
2.570658e-11
1.864546e-09
2.12453e-11
2.244996e-11
1.842934e-09
1.690565e-11
1.972396e-11
1.82408e-09
1.348972e-11
1.744649e-11
1.083051e-11
1.533006e-11
1.807629e-09
5.742051e-09
1.629615e-10
6.84653e-09
4.089217e-09
3.181315e-10
3.115245e-09
3.312409e-09
3.715463e-10
1.254352e-09
2.95694e-09
3.67604e-10
5.901487e-10
2.756253e-09
3.324367e-10
3.34926e-10
2.619807e-09
2.859948e-10
2.117639e-10
2.515071e-09
2.384236e-10
1.462838e-10
2.429158e-09
1.950721e-10
1.076123e-10
2.35669e-09
1.57953e-10
8.281114e-11
2.294827e-09
1.27282e-10
6.594702e-11
2.241767e-09
1.024297e-10
5.379196e-11
2.196131e-09
8.248971e-11
4.464871e-11
2.156773e-09
6.655238e-11
3.755634e-11
2.122714e-09
5.382119e-11
3.193618e-11
2.093125e-09
4.364003e-11
2.741703e-11
2.067306e-09
3.548973e-11
2.37388e-11
2.044676e-09
2.895448e-11
2.071809e-11
2.024757e-09
2.372555e-11
1.81957e-11
2.007147e-09
1.952085e-11
1.609384e-11
1.618874e-11
1.418068e-11
1.991574e-09
5.708983e-09
1.15895e-10
6.850761e-09
4.018235e-09
2.396613e-10
3.117667e-09
3.221095e-09
2.917782e-10
1.247541e-09
2.866955e-09
3.01173e-10
5.758104e-10
2.682805e-09
2.842547e-10
3.169966e-10
2.571005e-09
2.55059e-10
1.930353e-10
2.493097e-09
2.213302e-10
1.284629e-10
2.432564e-09
1.879114e-10
9.159529e-11
2.382336e-09
1.573253e-10
6.895739e-11
2.339131e-09
1.306015e-10
5.424958e-11
2.30137e-09
1.079131e-10
4.404317e-11
2.268163e-09
8.89897e-11
3.655472e-11
2.23889e-09
7.3374e-11
3.081209e-11
2.213047e-09
6.056713e-11
2.626739e-11
2.19019e-09
5.009798e-11
2.259728e-11
2.169925e-09
4.155759e-11
1.959391e-11
2.1519e-09
3.459304e-11
1.711559e-11
2.135812e-09
2.893169e-11
1.504915e-11
2.121401e-09
2.430844e-11
1.332359e-11
2.058673e-11
1.18017e-11
2.108474e-09
5.690229e-09
8.672052e-11
6.851179e-09
3.974654e-09
1.852741e-10
3.117357e-09
3.159183e-09
2.325624e-10
1.243354e-09
2.797054e-09
2.477325e-10
5.682639e-10
2.614255e-09
2.413818e-10
3.073531e-10
2.510886e-09
2.233983e-10
1.821279e-10
2.445648e-09
1.996716e-10
1.170726e-10
2.399614e-09
1.742762e-10
8.033288e-11
2.364023e-09
1.496683e-10
5.827634e-11
2.334591e-09
1.271436e-10
4.441879e-11
2.309263e-09
1.072608e-10
3.518391e-11
2.287012e-09
9.012517e-11
2.868001e-11
2.267272e-09
7.559181e-11
2.386591e-11
2.24968e-09
6.339795e-11
2.015803e-11
2.233956e-09
5.323955e-11
1.722065e-11
2.219865e-09
4.481986e-11
1.485065e-11
2.207197e-09
3.78597e-11
1.291457e-11
2.195766e-09
3.213094e-11
1.132361e-11
2.185413e-09
2.740102e-11
1.000126e-11
2.354252e-11
8.898556e-12
2.175999e-09
5.679794e-09
6.665402e-11
6.853164e-09
3.94701e-09
1.454577e-10
3.121358e-09
3.116738e-09
1.867899e-10
1.245513e-09
2.745411e-09
2.03807e-10
5.681585e-10
2.559058e-09
2.035683e-10
3.055305e-10
2.456974e-09
1.929961e-10
1.788439e-10
2.396554e-09
1.765098e-10
1.126625e-10
2.357584e-09
1.574147e-10
7.513754e-11
2.330219e-09
1.379035e-10
5.264105e-11
2.309373e-09
1.192942e-10
3.863301e-11
2.292468e-09
1.023054e-10
2.947059e-11
2.278174e-09
8.724567e-11
2.319353e-11
2.265779e-09
7.416769e-11
1.869987e-11
2.254872e-09
6.297621e-11
1.535887e-11
2.245189e-09
5.349877e-11
1.280086e-11
2.236535e-09
4.553556e-11
1.080272e-11
2.228755e-09
3.88779e-11
9.216863e-12
2.221715e-09
3.334233e-11
7.957281e-12
2.215311e-09
2.873548e-11
6.931731e-12
2.493643e-11
6.148888e-12
2.209427e-09
5.673289e-09
5.217229e-11
6.854297e-09
3.929015e-09
1.151866e-10
3.123838e-09
3.087971e-09
1.504049e-10
1.247178e-09
2.708762e-09
1.671583e-10
5.688612e-10
2.517807e-09
1.702542e-10
3.055968e-10
2.414211e-09
1.645204e-10
1.782759e-10
2.354783e-09
1.532335e-10
1.114899e-10
2.318649e-09
1.390087e-10
7.340549e-11
2.295337e-09
1.237116e-10
5.044356e-11
2.279245e-09
1.085655e-10
3.608154e-11
2.267406e-09
9.432186e-11
2.668229e-11
2.258215e-09
8.138371e-11
2.027702e-11
2.250787e-09
6.991696e-11
1.574616e-11
2.244609e-09
5.993583e-11
1.243839e-11
2.239367e-09
5.136291e-11
9.963701e-12
2.234848e-09
4.407443e-11
8.082603e-12
2.2309e-09
3.79222e-11
6.632505e-12
2.227401e-09
3.276348e-11
5.522442e-12
2.224265e-09
2.844428e-11
4.644862e-12
2.485207e-11
4.035464e-12
2.221378e-09
5.669225e-09
4.096104e-11
6.855404e-09
3.916996e-09
9.110579e-11
3.126333e-09
3.067985e-09
1.204304e-10
1.249347e-09
2.682417e-09
1.357322e-10
5.704858e-10
2.487151e-09
1.403713e-10
3.068675e-10
2.381297e-09
1.377106e-10
1.791726e-10
2.321367e-09
1.301456e-10
1.120067e-10
2.286104e-09
1.196935e-10
7.353467e-11
2.264655e-09
1.078794e-10
5.020512e-11
2.251084e-09
9.577121e-11
3.551099e-11
2.242156e-09
8.407808e-11
2.582956e-11
2.236067e-09
7.322596e-11
1.919924e-11
2.23179e-09
6.343548e-11
1.450063e-11
2.228719e-09
5.478609e-11
1.107797e-11
2.226482e-09
4.72647e-11
8.533714e-12
2.224836e-09
4.080403e-11
6.620422e-12
2.223612e-09
3.530482e-11
5.166538e-12
2.222685e-09
3.06601e-11
4.076029e-12
2.221971e-09
2.675179e-11
3.231804e-12
2.348007e-11
2.676455e-12
2.221355e-09
5.666502e-09
3.189673e-11
6.856173e-09
3.908762e-09
7.124175e-11
3.128079e-09
3.053984e-09
9.501442e-11
1.250945e-09
2.663515e-09
1.082177e-10
5.718098e-10
2.464614e-09
1.132393e-10
3.080579e-10
2.356497e-09
1.124129e-10
1.80211e-10
2.295542e-09
1.074655e-10
1.12877e-10
2.260271e-09
9.991565e-11
7.421227e-11
2.239584e-09
9.096634e-11
5.067863e-11
2.227318e-09
8.150364e-11
3.577765e-11
2.220048e-09
7.214955e-11
2.589814e-11
2.215823e-09
6.330532e-11
1.908771e-11
2.213508e-09
5.520357e-11
1.423253e-11
2.212423e-09
4.795447e-11
1.067945e-11
2.212146e-09
4.15835e-11
8.030747e-12
2.212403e-09
3.606217e-11
6.037334e-12
2.213011e-09
3.132831e-11
4.524581e-12
2.213835e-09
2.730501e-11
3.3937e-12
2.214792e-09
2.390485e-11
2.524065e-12
2.10444e-11
1.95588e-12
2.215765e-09
5.664676e-09
2.42203e-11
6.856777e-09
3.903073e-09
5.423933e-11
3.129464e-09
3.044111e-09
7.28081e-11
1.25228e-09
2.649923e-09
8.356827e-11
5.729871e-10
2.448106e-09
8.822351e-11
3.091634e-10
2.338007e-09
8.837312e-11
1.812264e-10
2.275955e-09
8.523602e-11
1.137909e-10
2.240342e-09
7.992073e-11
7.500829e-11
2.219903e-09
7.333773e-11
5.134805e-11
2.208316e-09
6.618472e-11
3.631538e-11
2.202017e-09
5.897189e-11
2.630507e-11
2.198943e-09
5.204486e-11
1.936994e-11
2.197875e-09
4.561797e-11
1.439985e-11
2.198071e-09
3.98062e-11
1.074402e-11
2.199072e-09
3.465297e-11
8.005733e-12
2.200578e-09
3.015354e-11
5.935961e-12
2.202393e-09
2.627209e-11
4.359434e-12
2.204376e-09
2.295588e-11
3.175886e-12
2.206441e-09
2.014265e-11
2.264441e-12
1.776702e-11
1.660229e-12
2.208475e-09
5.663431e-09
1.748079e-11
6.857198e-09
3.899146e-09
3.920134e-11
3.13044e-09
3.037213e-09
5.286644e-11
1.253232e-09
2.640295e-09
6.10115e-11
5.73847e-10
2.436249e-09
6.482583e-11
3.099924e-10
2.324546e-09
6.536706e-11
1.820106e-10
2.261512e-09
6.346176e-11
1.145211e-10
2.225468e-09
5.988035e-11
7.567274e-11
2.205044e-09
5.5273e-11
5.193964e-11
2.193806e-09
5.0153e-11
3.682921e-11
2.188087e-09
4.490698e-11
2.673986e-11
2.185741e-09
3.98059e-11
1.972747e-11
2.185481e-09
3.502522e-11
1.468407e-11
2.186521e-09
3.066581e-11
1.096032e-11
2.188365e-09
2.677321e-11
8.160299e-12
2.190696e-09
2.33543e-11
6.035199e-12
2.193306e-09
2.039045e-11
4.409817e-12
2.196048e-09
1.784758e-11
3.18295e-12
2.198837e-09
1.568361e-11
2.234644e-12
1.38511e-11
1.595336e-12
2.20156e-09
5.662611e-09
1.135001e-11
6.857491e-09
3.896516e-09
2.546721e-11
3.131131e-09
3.032552e-09
3.445861e-11
1.253913e-09
2.63372e-09
3.990933e-11
5.74473e-10
2.428066e-09
4.259008e-11
3.106026e-10
2.315163e-09
4.314031e-11
1.825927e-10
2.251351e-09
4.207237e-11
1.150675e-10
2.214915e-09
3.987148e-11
7.617596e-11
2.194419e-09
3.695474e-11
5.239527e-11
2.183354e-09
3.365845e-11
3.723475e-11
2.177984e-09
3.024111e-11
2.709515e-11
2.176099e-09
2.688805e-11
2.003416e-11
2.176365e-09
2.372261e-11
1.494487e-11
2.177957e-09
2.08186e-11
1.117855e-11
2.180357e-09
1.821238e-11
8.339526e-12
2.183229e-09
1.591347e-11
6.17887e-12
2.186357e-09
1.391339e-11
4.521387e-12
2.18959e-09
1.219214e-11
3.265083e-12
2.192841e-09
1.07239e-11
2.290919e-12
9.478099e-12
1.625902e-12
2.196002e-09
5.662114e-09
6.857667e-09
3.894892e-09
3.131566e-09
3.029665e-09
1.254336e-09
2.629621e-09
5.748633e-10
2.422928e-09
3.109869e-10
2.30923e-09
1.82962e-10
2.244885e-09
1.154165e-10
2.20816e-09
7.649998e-11
2.187582e-09
5.269145e-11
2.176598e-09
3.750159e-11
2.171425e-09
2.733268e-11
2.169815e-09
2.024353e-11
2.170399e-09
1.512785e-11
2.172331e-09
1.133721e-11
2.175072e-09
8.475935e-12
2.178276e-09
6.294946e-12
2.181721e-09
4.618978e-12
2.185251e-09
3.345448e-12
2.18878e-09
2.355927e-12
1.675305e-12
2.1922e-09
6.301409e-09
1.196507e-09
5.915403e-09
4.258191e-09
1.182469e-09
3.183816e-09
2.866296e-09
8.036362e-10
1.324386e-09
2.106358e-09
4.820823e-10
5.718331e-10
1.673844e-09
2.817152e-10
3.17316e-10
1.414711e-09
1.648625e-10
2.001033e-10
1.250879e-09
9.96137e-11
1.375229e-10
1.141492e-09
6.257878e-11
1.001775e-10
1.06473e-09
4.072161e-11
7.696344e-11
1.008372e-09
2.726467e-11
6.186862e-11
9.654745e-10
1.85859e-11
5.144482e-11
9.318929e-10
1.278091e-11
4.377652e-11
9.050441e-10
8.788539e-12
3.779956e-11
8.832347e-10
5.991024e-12
3.292874e-11
8.653016e-10
4.008658e-12
2.883846e-11
8.504141e-10
2.595963e-12
2.533406e-11
8.379559e-10
1.590232e-12
2.230487e-11
8.274687e-10
8.724199e-13
1.964847e-11
8.185828e-10
3.723539e-13
1.734692e-11
-7.409563e-15
1.524087e-11
8.110742e-10
7.600233e-09
8.167738e-10
7.401791e-09
6.187549e-09
1.172357e-09
4.72737e-09
4.885708e-09
1.042334e-09
2.38267e-09
4.000712e-09
7.750628e-10
1.198777e-09
3.406076e-09
5.398021e-10
6.735579e-10
2.994782e-09
3.674192e-10
4.152738e-10
2.704912e-09
2.509918e-10
2.760738e-10
2.495635e-09
1.742573e-10
1.948246e-10
2.340722e-09
1.233044e-10
1.445988e-10
2.223011e-09
8.886456e-11
1.12323e-10
2.131369e-09
6.499222e-11
9.063688e-11
2.058498e-09
4.805069e-11
7.537299e-11
1.999528e-09
3.578315e-11
6.409176e-11
1.951126e-09
2.676174e-11
5.535809e-11
1.910942e-09
2.005365e-11
4.832428e-11
1.877269e-09
1.502961e-11
4.247559e-11
1.848834e-09
1.125073e-11
3.750836e-11
1.824667e-09
8.401049e-12
3.319213e-11
1.804013e-09
6.254923e-12
2.944904e-11
4.604661e-12
2.59725e-11
1.786333e-09
7.529015e-09
4.860419e-10
7.292232e-09
6.396154e-09
8.532087e-10
4.628239e-09
5.403587e-09
9.05899e-10
2.454969e-09
4.711167e-09
7.947868e-10
1.322902e-09
4.209837e-09
6.351454e-10
7.865058e-10
3.829207e-09
4.846772e-10
5.077811e-10
3.537178e-09
3.628953e-10
3.487931e-10
3.311466e-09
2.708868e-10
2.512597e-10
3.135489e-09
2.031994e-10
1.879626e-10
2.996587e-09
1.537483e-10
1.454521e-10
2.885387e-09
1.174061e-10
1.159263e-10
2.79509e-09
9.040471e-11
9.478763e-11
2.720796e-09
7.009527e-11
7.918711e-11
2.658958e-09
5.464718e-11
6.731688e-11
2.606976e-09
4.278909e-11
5.801556e-11
2.562912e-09
3.362714e-11
5.052027e-11
2.525295e-09
2.651447e-11
4.43401e-11
2.492987e-09
2.098246e-11
3.91071e-11
2.465094e-09
1.666633e-11
3.465305e-11
1.32911e-11
3.05425e-11
2.440958e-09
7.389018e-09
3.040419e-10
7.295859e-09
6.21555e-09
6.065511e-10
4.571511e-09
5.317237e-09
7.063032e-10
2.396037e-09
4.774377e-09
6.836939e-10
1.284988e-09
4.410892e-09
6.001185e-10
7.67739e-10
4.133646e-09
4.9905e-10
5.016309e-10
3.910658e-09
4.026269e-10
3.500405e-10
3.727639e-09
3.200185e-10
2.566863e-10
3.576539e-09
2.529504e-10
1.952223e-10
3.451311e-09
1.999666e-10
1.529583e-10
3.347033e-09
1.585667e-10
1.227385e-10
3.259681e-09
1.262828e-10
1.004687e-10
3.186009e-09
1.01035e-10
8.36496e-11
3.123436e-09
8.119368e-11
7.067478e-11
3.069926e-09
6.552004e-11
6.047294e-11
3.023873e-09
5.308621e-11
5.230025e-11
2.984009e-09
4.318547e-11
4.564255e-11
2.949322e-09
3.529605e-11
4.009771e-11
2.919004e-09
2.898118e-11
3.54494e-11
2.395555e-11
3.122669e-11
2.892443e-09
7.307307e-09
2.043999e-10
7.284177e-09
6.068735e-09
4.397091e-10
4.520659e-09
5.161684e-09
5.431196e-10
2.324586e-09
4.663249e-09
5.596133e-10
1.212665e-09
4.370029e-09
5.227833e-10
7.054812e-10
4.16691e-09
4.617293e-10
4.522033e-10
4.009514e-09
3.937758e-10
3.125311e-10
3.879312e-09
3.287965e-10
2.290363e-10
3.768577e-09
2.712806e-10
1.752157e-10
3.67338e-09
2.225348e-10
1.385763e-10
3.591219e-09
1.822147e-10
1.123048e-10
3.520166e-09
1.492914e-10
9.269271e-11
3.458585e-09
1.225641e-10
7.760869e-11
3.405056e-09
1.009044e-10
6.575381e-11
3.358361e-09
8.334254e-11
5.62895e-11
3.317463e-09
6.908764e-11
4.863532e-11
3.281495e-09
5.749483e-11
4.237736e-11
3.24973e-09
4.807266e-11
3.718397e-11
3.221575e-09
4.037935e-11
3.285081e-11
3.415414e-11
2.899532e-11
3.196562e-09
7.265689e-09
1.454793e-10
7.289305e-09
5.971777e-09
3.299204e-10
4.521367e-09
5.030152e-09
4.238033e-10
2.308482e-09
4.52906e-09
4.546527e-10
1.181862e-09
4.257922e-09
4.426761e-10
6.682424e-10
4.091186e-09
4.074643e-10
4.140358e-10
3.975079e-09
3.615749e-10
2.767715e-10
3.884912e-09
3.132608e-10
1.972977e-10
3.809867e-09
2.672617e-10
1.48021e-10
3.745004e-09
2.25878e-10
1.157699e-10
3.687971e-09
1.899077e-10
9.33826e-11
3.637496e-09
1.593017e-10
7.702021e-11
3.592719e-09
1.335952e-10
6.455725e-11
3.552951e-09
1.121676e-10
5.477264e-11
3.517578e-09
9.438002e-11
4.693258e-11
3.486048e-09
7.964857e-11
4.056354e-11
3.457866e-09
6.745372e-11
3.533856e-11
3.432596e-09
5.737994e-11
3.101125e-11
3.40987e-09
4.902689e-11
2.740252e-11
4.216603e-11
2.428385e-11
3.389376e-09
7.242108e-09
1.086493e-10
7.291213e-09
5.912568e-09
2.53786e-10
4.523031e-09
4.9414e-09
3.355066e-10
2.302819e-09
4.425239e-09
3.708661e-10
1.168211e-09
4.153469e-09
3.722567e-10
6.495428e-10
3.99772e-09
3.530464e-10
3.922946e-10
3.900056e-09
3.224355e-10
2.538763e-10
3.831959e-09
2.870334e-10
1.746566e-10
3.779789e-09
2.511082e-10
1.266e-10
3.736841e-09
2.171292e-10
9.611598e-11
3.699859e-09
1.863525e-10
7.572152e-11
3.667238e-09
1.592469e-10
6.135574e-11
3.638126e-09
1.358139e-10
5.075844e-11
3.612004e-09
1.158056e-10
4.264263e-11
3.58849e-09
9.885923e-11
3.62556e-11
3.567267e-09
8.458501e-11
3.113642e-11
3.548059e-09
7.259649e-11
2.698015e-11
3.530614e-09
6.256368e-11
2.358454e-11
3.51472e-09
5.414869e-11
2.077381e-11
4.714914e-11
1.846062e-11
3.500175e-09
7.229012e-09
8.350128e-11
7.294613e-09
5.875333e-09
1.988096e-10
4.530013e-09
4.881152e-09
2.68399e-10
2.306802e-09
4.349327e-09
3.034104e-10
1.167439e-09
4.070219e-09
3.117073e-10
6.451882e-10
3.914731e-09
3.024314e-10
3.849461e-10
3.823197e-09
2.82309e-10
2.443237e-10
3.765177e-09
2.565366e-10
1.636545e-10
3.725322e-09
2.287528e-10
1.148507e-10
3.695607e-09
2.012864e-10
8.419147e-11
3.671866e-09
1.755175e-10
6.404594e-11
3.65194e-09
1.521539e-10
5.021281e-11
3.634681e-09
1.314608e-10
4.031253e-11
3.619446e-09
1.134311e-10
3.296764e-11
3.605842e-09
9.790142e-11
2.736263e-11
3.593595e-09
8.463583e-11
2.299969e-11
3.582493e-09
7.336369e-11
1.955129e-11
3.572363e-09
6.383296e-11
1.681814e-11
3.563065e-09
5.577242e-11
1.46056e-11
4.9e-11
1.291423e-11
3.554449e-09
7.220841e-09
6.531193e-11
7.296958e-09
5.851172e-09
1.571109e-10
4.535206e-09
4.840494e-09
2.153784e-10
2.310877e-09
4.29575e-09
2.477097e-10
1.169306e-09
4.008397e-09
2.591852e-10
6.454711e-10
3.849366e-09
2.560389e-10
3.836996e-10
3.758296e-09
2.431529e-10
2.417159e-10
3.703821e-09
2.245489e-10
1.598688e-10
3.669656e-09
2.03234e-10
1.101266e-10
3.646961e-09
1.812781e-10
7.878529e-11
3.63093e-09
1.60025e-10
5.820594e-11
3.618936e-09
1.402658e-10
4.415886e-11
3.60952e-09
1.224e-10
3.422323e-11
3.601846e-09
1.065651e-10
2.697765e-11
3.595414e-09
9.273185e-11
2.156561e-11
3.5899e-09
8.077653e-11
1.745639e-11
3.58508e-09
7.052082e-11
1.429508e-11
3.580787e-09
6.177821e-11
1.187003e-11
3.576901e-09
5.43392e-11
9.964236e-12
4.804143e-11
8.614831e-12
3.57328e-09
7.215734e-09
5.126764e-11
7.299027e-09
5.835086e-09
1.241317e-10
4.539959e-09
4.812373e-09
1.720785e-10
2.315361e-09
4.257446e-09
2.005065e-10
1.172616e-09
3.962739e-09
2.128045e-10
6.479547e-10
3.799396e-09
2.132297e-10
3.853251e-10
3.706748e-09
2.052904e-10
2.425174e-10
3.65292e-09
1.920387e-10
1.598726e-10
3.621081e-09
1.758841e-10
1.093943e-10
3.601881e-09
1.585843e-10
7.740466e-11
3.590094e-09
1.413567e-10
5.628451e-11
3.582766e-09
1.249802e-10
4.181342e-11
3.578195e-09
1.09904e-10
3.156773e-11
3.57538e-09
9.634274e-11
2.411525e-11
3.573711e-09
8.435092e-11
1.858383e-11
3.572798e-09
7.388305e-11
1.442632e-11
3.572383e-09
6.483109e-11
1.127107e-11
3.572281e-09
5.706228e-11
8.894736e-12
3.572366e-09
5.042046e-11
7.065549e-12
4.476605e-11
5.825451e-12
3.572492e-09
7.212306e-09
3.990986e-11
7.300536e-09
5.82408e-09
9.697912e-11
4.543458e-09
4.792721e-09
1.355273e-10
2.318856e-09
4.230055e-09
1.594711e-10
1.175511e-09
3.929311e-09
1.711225e-10
6.504838e-10
3.761922e-09
1.733826e-10
3.874469e-10
3.667118e-09
1.687433e-10
2.442282e-10
3.612744e-09
1.59473e-10
1.611522e-10
3.581624e-09
1.474442e-10
1.102379e-10
3.564076e-09
1.340879e-10
7.782258e-11
3.554581e-09
1.204451e-10
5.630402e-11
3.549952e-09
1.072208e-10
4.147642e-11
3.548309e-09
9.485498e-11
3.092467e-11
3.548522e-09
8.358902e-11
2.321979e-11
3.549894e-09
7.352219e-11
1.748824e-11
3.551977e-09
6.465886e-11
1.317865e-11
3.554477e-09
5.694145e-11
9.913303e-12
3.557191e-09
5.027994e-11
7.462364e-12
3.559985e-09
4.456211e-11
5.588536e-12
3.967404e-11
4.325287e-12
3.562708e-09
7.210007e-09
3.030065e-11
7.301692e-09
5.816487e-09
7.37955e-11
4.546167e-09
4.778892e-09
1.03732e-10
2.32167e-09
4.210417e-09
1.229386e-10
1.177995e-09
3.904913e-09
1.330156e-10
6.527743e-10
3.734096e-09
1.359213e-10
3.895044e-10
3.637193e-09
1.333936e-10
2.460444e-10
3.581893e-09
1.270716e-10
1.627096e-10
3.550801e-09
1.183573e-10
1.115269e-10
3.534001e-09
1.083623e-10
7.884054e-11
3.525768e-09
9.792576e-11
5.705726e-11
3.522739e-09
8.764031e-11
4.198006e-11
3.522898e-09
7.789517e-11
3.120008e-11
3.525018e-09
6.892115e-11
2.329227e-11
3.52833e-09
6.083147e-11
1.738465e-11
3.532342e-09
5.365709e-11
1.29255e-11
3.536734e-09
4.737362e-11
9.535775e-12
3.541283e-09
4.192356e-11
6.982314e-12
3.545853e-09
3.722944e-11
5.027588e-12
3.32038e-11
3.693915e-12
3.55029e-09
7.208435e-09
2.186571e-11
7.302511e-09
5.811248e-09
5.331446e-11
4.548107e-09
4.769245e-09
7.525502e-11
2.323712e-09
4.196536e-09
8.964409e-11
1.179851e-09
3.887435e-09
9.757638e-11
6.545328e-10
3.7139e-09
1.003321e-10
3.911345e-10
3.6152e-09
9.907788e-11
2.475368e-10
3.55895e-09
9.494435e-11
1.640504e-10
3.527615e-09
8.892465e-11
1.127071e-10
3.511122e-09
8.182867e-11
7.98559e-11
3.503594e-09
7.428489e-11
5.790852e-11
3.501538e-09
6.675053e-11
4.267309e-11
3.502836e-09
5.953658e-11
3.174437e-11
3.506182e-09
5.283655e-11
2.369966e-11
3.510751e-09
4.675425e-11
1.766825e-11
3.516016e-09
4.132871e-11
1.309854e-11
3.521634e-09
3.655441e-11
9.611482e-12
3.527371e-09
3.239714e-11
6.971946e-12
3.533085e-09
2.88062e-11
4.94399e-12
2.571924e-11
3.540532e-12
3.538624e-09
7.207397e-09
1.419576e-11
7.303076e-09
5.807743e-09
3.462901e-11
4.549471e-09
4.762733e-09
4.902381e-11
2.325154e-09
4.187071e-09
5.859244e-11
1.181187e-09
3.875396e-09
6.403729e-11
6.558161e-10
3.699855e-09
6.612697e-11
3.923393e-10
3.599767e-09
6.557914e-11
2.48654e-10
3.542715e-09
6.310207e-11
1.650701e-10
3.511082e-09
5.932945e-11
1.136237e-10
3.49469e-09
5.478846e-11
8.066713e-11
3.487558e-09
4.989607e-11
5.861578e-11
3.4861e-09
4.496182e-11
4.328072e-11
3.488122e-09
4.020112e-11
3.225852e-11
3.492258e-09
3.575203e-11
2.412746e-11
3.497642e-09
3.169246e-11
1.801713e-11
3.503718e-09
2.805584e-11
1.337566e-11
3.510125e-09
2.484457e-11
9.823898e-12
3.516622e-09
2.204026e-11
7.125198e-12
3.523061e-09
1.961269e-11
5.045137e-12
1.752222e-11
3.589981e-12
3.529294e-09
7.206765e-09
7.303419e-09
5.805581e-09
4.550332e-09
4.758704e-09
2.326055e-09
4.181175e-09
1.18203e-09
3.867848e-09
6.566319e-10
3.690989e-09
3.931113e-10
3.589964e-09
2.49375e-10
3.532344e-09
1.657338e-10
3.500465e-09
1.142261e-10
3.484089e-09
8.120718e-11
3.477168e-09
5.909453e-11
3.476058e-09
4.370118e-11
3.478513e-09
3.262471e-11
3.483127e-09
2.444382e-11
3.489008e-09
1.828805e-11
3.495577e-09
1.360516e-11
3.502462e-09
1.001575e-11
3.509416e-09
7.282114e-12
3.516287e-09
5.170778e-12
3.683937e-12
3.522929e-09
6.807832e-09
1.269349e-09
5.483535e-09
5.011103e-09
1.332565e-09
3.64798e-09
3.542612e-09
9.632188e-10
1.829658e-09
2.649597e-09
6.031032e-10
8.617454e-10
2.125196e-09
3.637884e-10
4.779281e-10
1.806252e-09
2.193931e-10
2.996546e-10
1.60258e-09
1.363205e-10
2.048745e-10
1.465416e-09
8.80339e-11
1.493073e-10
1.36846e-09
5.893663e-11
1.149831e-10
1.296876e-09
4.06683e-11
9.278391e-11
1.24215e-09
2.867138e-11
7.749927e-11
1.199161e-09
2.050061e-11
6.626511e-11
1.164691e-09
1.477556e-11
5.749392e-11
1.136619e-09
1.068246e-11
5.031866e-11
1.113481e-09
7.716047e-12
4.426054e-11
1.094228e-09
5.546969e-12
3.904024e-11
1.078081e-09
3.954626e-12
3.449682e-11
1.064457e-09
2.777886e-12
3.04947e-11
1.052891e-09
1.917562e-12
2.699565e-11
1.245848e-12
2.380441e-11
1.043081e-09
8.428307e-09
8.956318e-10
6.992514e-09
7.532566e-09
1.378574e-09
5.577102e-09
6.252445e-09
1.288988e-09
3.337021e-09
5.214101e-09
9.980621e-10
1.842162e-09
4.472258e-09
7.160401e-10
1.063149e-09
3.947617e-09
4.994064e-10
6.599017e-10
3.573586e-09
3.483337e-10
4.380914e-10
3.301585e-09
2.464537e-10
3.084059e-10
3.099119e-09
1.776136e-10
2.283874e-10
2.944635e-09
1.303946e-10
1.770812e-10
2.823965e-09
9.724936e-11
1.427289e-10
2.727749e-09
7.344773e-11
1.186412e-10
2.649704e-09
5.600922e-11
1.009039e-10
2.585505e-09
4.302544e-11
8.721332e-11
2.532099e-09
3.323935e-11
7.620763e-11
2.487258e-09
2.579777e-11
6.706528e-11
2.449323e-09
2.010309e-11
5.929525e-11
2.417022e-09
1.572384e-11
5.254732e-11
2.389369e-09
1.234939e-11
4.667034e-11
9.698677e-12
4.126216e-11
2.365626e-09
8.376332e-09
5.34646e-10
6.922199e-09
7.834215e-09
1.009656e-09
5.539274e-09
6.958772e-09
1.124355e-09
3.495044e-09
6.185215e-09
1.025059e-09
2.069462e-09
5.573623e-09
8.443711e-10
1.269766e-09
5.09291e-09
6.603745e-10
8.275259e-10
4.717202e-09
5.047834e-10
5.680521e-10
4.423531e-09
3.837065e-10
4.076771e-10
4.192755e-09
2.926911e-10
3.036615e-10
4.009567e-09
2.25049e-10
2.339859e-10
3.862282e-09
1.746364e-10
1.858245e-10
3.742268e-09
1.367215e-10
1.515276e-10
3.643231e-09
1.078812e-10
1.263515e-10
3.560582e-09
8.57015e-11
1.072902e-10
3.49094e-09
6.848183e-11
9.241551e-11
3.431774e-09
5.501389e-11
8.046983e-11
3.381161e-09
4.441799e-11
7.063844e-11
3.337603e-09
3.605193e-11
6.233695e-11
3.299931e-09
2.941732e-11
5.525695e-11
2.413428e-11
4.880619e-11
3.267232e-09
8.223069e-09
3.347774e-10
6.917971e-09
7.630913e-09
7.172002e-10
5.456123e-09
6.868177e-09
8.747253e-10
3.408402e-09
6.284318e-09
8.786867e-10
2.01522e-09
5.853862e-09
7.951237e-10
1.247442e-09
5.511879e-09
6.778702e-10
8.261175e-10
5.230275e-09
5.585398e-10
5.778888e-10
4.995645e-09
4.521961e-10
4.228269e-10
4.799803e-09
3.634438e-10
3.203111e-10
4.636187e-09
2.918337e-10
2.4979e-10
4.499094e-09
2.349223e-10
1.995456e-10
4.383671e-09
1.899016e-10
1.627113e-10
4.285905e-09
1.542438e-10
1.350531e-10
4.202553e-09
1.258899e-10
1.13838e-10
4.131032e-09
1.032337e-10
9.724212e-11
4.069289e-09
8.50496e-11
8.400787e-11
4.015694e-09
7.039323e-11
7.326236e-11
3.968937e-09
5.855712e-11
6.434982e-11
3.927974e-09
4.895318e-11
5.687618e-11
4.118339e-11
5.018874e-11
3.891963e-09
8.133007e-09
2.248035e-10
6.906456e-09
7.459186e-09
5.172443e-10
5.394437e-09
6.678064e-09
6.678336e-10
3.3126e-09
6.144621e-09
7.130966e-10
1.911698e-09
5.802691e-09
6.865565e-10
1.155979e-09
5.557822e-09
6.217605e-10
7.531816e-10
5.364199e-09
5.418179e-10
5.228757e-10
5.201605e-09
4.611126e-10
3.827139e-10
5.061533e-09
3.870767e-10
2.916547e-10
4.939851e-09
3.226477e-10
2.294447e-10
4.833919e-09
2.68226e-10
1.849325e-10
4.741637e-09
2.230039e-10
1.518729e-10
4.661147e-09
1.857299e-10
1.266126e-10
4.59079e-09
1.551052e-10
1.06896e-10
4.529105e-09
1.299521e-10
9.125584e-11
4.474833e-09
1.092767e-10
7.868045e-11
4.426906e-09
9.225052e-11
6.844648e-11
4.384423e-09
7.822719e-11
5.999722e-11
4.346641e-09
6.662832e-11
5.295713e-11
5.70935e-11
4.679068e-11
4.312936e-09
8.088043e-09
1.600457e-10
6.911332e-09
7.347719e-09
3.86816e-10
5.392119e-09
6.519303e-09
5.182223e-10
3.28651e-09
5.976527e-09
5.750377e-10
1.862697e-09
5.658465e-09
5.762902e-10
1.096571e-09
5.458212e-09
5.43515e-10
6.925341e-10
5.317667e-09
4.926845e-10
4.664501e-10
5.207974e-09
4.350749e-10
3.330283e-10
5.115961e-09
3.777244e-10
2.493856e-10
5.035708e-09
3.244689e-10
1.942024e-10
4.964475e-09
2.770251e-10
1.558161e-10
4.900855e-09
2.358262e-10
1.278182e-10
4.843936e-09
2.006084e-10
1.065979e-10
4.792983e-09
1.707859e-10
9.004416e-11
4.747335e-09
1.456653e-10
7.686816e-11
4.706374e-09
1.245681e-10
6.623244e-11
4.669543e-09
1.068651e-10
5.755526e-11
4.636336e-09
9.20358e-11
5.040957e-11
4.606322e-09
7.957599e-11
4.446867e-11
6.918034e-11
3.94077e-11
4.579111e-09
8.062712e-09
1.194776e-10
6.914382e-09
7.280191e-09
2.966365e-10
5.395732e-09
6.413039e-09
4.082032e-10
3.27999e-09
5.847523e-09
4.659302e-10
1.842834e-09
5.525087e-09
4.806796e-10
1.06759e-09
5.336176e-09
4.666023e-10
6.581185e-10
5.217766e-09
4.350001e-10
4.299708e-10
5.136008e-09
3.945257e-10
2.969632e-10
5.073835e-09
3.511465e-10
2.153515e-10
5.022755e-09
3.085873e-10
1.63077e-10
4.978615e-09
2.689554e-10
1.279309e-10
4.9394e-09
2.332528e-10
1.031444e-10
4.904087e-09
2.017824e-10
8.48974e-11
4.872092e-09
1.744407e-10
7.0983e-11
4.843012e-09
1.509096e-10
6.009108e-11
4.816521e-09
1.307853e-10
5.141002e-11
4.792332e-09
1.136345e-10
4.439986e-11
4.770183e-09
9.906812e-11
3.870131e-11
4.749848e-09
8.66793e-11
3.400522e-11
7.621091e-11
3.017735e-11
4.731101e-09
8.048783e-09
9.181845e-11
6.918801e-09
7.23813e-09
2.319452e-10
5.405357e-09
6.341646e-09
3.254149e-10
3.286074e-09
5.754259e-09
3.792849e-10
1.841472e-09
5.420045e-09
3.999208e-10
1.060161e-09
5.229174e-09
3.966823e-10
6.457372e-10
5.116833e-09
3.776163e-10
4.140482e-10
5.046856e-09
3.493325e-10
2.788245e-10
4.999964e-09
3.167301e-10
1.961594e-10
4.965862e-09
2.831314e-10
1.437493e-10
4.939098e-09
2.506414e-10
1.091246e-10
4.916816e-09
2.204645e-10
8.528293e-11
4.897514e-09
1.931831e-10
6.821372e-11
4.880377e-09
1.689753e-10
5.556992e-11
4.864931e-09
1.477714e-10
4.594732e-11
4.850867e-09
1.293683e-10
3.848031e-11
4.837964e-09
1.134898e-10
3.259932e-11
4.826043e-09
9.985756e-11
2.794905e-11
4.814967e-09
8.815929e-11
2.420167e-11
7.817488e-11
2.133665e-11
4.804581e-09
8.040105e-09
7.179872e-11
6.922185e-09
7.210942e-09
1.830239e-10
5.413291e-09
6.293703e-09
2.604119e-10
3.293118e-09
5.68885e-09
3.084381e-10
1.845006e-09
5.342631e-09
3.308399e-10
1.060772e-09
5.145623e-09
3.33778e-10
6.436114e-10
5.032431e-09
3.229576e-10
4.095671e-10
4.965848e-09
3.03386e-10
2.723974e-10
4.925458e-09
2.790099e-10
1.882375e-10
4.899909e-09
2.526815e-10
1.347837e-10
4.882882e-09
2.263466e-10
9.952803e-11
4.870865e-09
2.012332e-10
7.540714e-11
4.861895e-09
1.780397e-10
5.833653e-11
4.854857e-09
1.570955e-10
4.589551e-11
4.849096e-09
1.384836e-10
3.661434e-11
4.844208e-09
1.221366e-10
2.957552e-11
4.83993e-09
1.078943e-10
2.416888e-11
4.836075e-09
9.55647e-11
2.001839e-11
4.832514e-09
8.491656e-11
1.676788e-11
7.576122e-11
1.443867e-11
4.829104e-09
8.034704e-09
5.635096e-11
6.925083e-09
7.192912e-09
1.444666e-10
5.420309e-09
6.260693e-09
2.076537e-10
3.300339e-09
5.642343e-09
2.489439e-10
1.85046e-09
5.28582e-09
2.705962e-10
1.064721e-09
5.08221e-09
2.766705e-10
6.460425e-10
4.965924e-09
2.7118e-10
4.105815e-10
4.899225e-09
2.578603e-10
2.720967e-10
4.861056e-09
2.398165e-10
1.86757e-10
4.839438e-09
2.194145e-10
1.322898e-10
4.827502e-09
1.983613e-10
9.620578e-11
4.821294e-09
1.778075e-10
7.144716e-11
4.818512e-09
1.584693e-10
5.391953e-11
4.817799e-09
1.407423e-10
4.118185e-11
4.818332e-09
1.247959e-10
3.173831e-11
4.8196e-09
1.106502e-10
2.464468e-11
4.821273e-09
9.822738e-11
1.92653e-11
4.823126e-09
8.740169e-11
1.520467e-11
4.825013e-09
7.800786e-11
1.208687e-11
6.988856e-11
9.93257e-12
4.826779e-09
8.03108e-09
4.385862e-11
6.927261e-09
7.180596e-09
1.127831e-10
5.425625e-09
6.23768e-09
1.633046e-10
3.306121e-09
5.609197e-09
1.975633e-10
1.855375e-09
5.2444e-09
2.169598e-10
1.068917e-09
5.03489e-09
2.241628e-10
6.494652e-10
4.91508e-09
2.219673e-10
4.132505e-10
4.846964e-09
2.131102e-10
2.740185e-10
4.809097e-09
1.999709e-10
1.879508e-10
4.789097e-09
1.844436e-10
1.327937e-10
4.779728e-09
1.679568e-10
9.607741e-11
4.776729e-09
1.515213e-10
7.076136e-11
4.777558e-09
1.358045e-10
5.276057e-11
4.780675e-09
1.212088e-10
3.963626e-11
4.78513e-09
1.079409e-10
2.988878e-11
4.790321e-09
9.607082e-11
2.25661e-11
4.795863e-09
8.557623e-11
1.702287e-11
4.801494e-09
7.638067e-11
1.285254e-11
4.807048e-09
6.83708e-11
9.671628e-12
6.142156e-11
7.484063e-12
4.812356e-09
8.028651e-09
3.329398e-11
6.928918e-09
7.172114e-09
8.577935e-11
5.429707e-09
6.221522e-09
1.248616e-10
3.310706e-09
5.5855e-09
1.520647e-10
1.859515e-09
5.214274e-09
1.682853e-10
1.072675e-09
4.999893e-09
1.752652e-10
6.527834e-10
4.876857e-09
1.749199e-10
4.161273e-10
4.807026e-09
1.692042e-10
2.764466e-10
4.768715e-09
1.598803e-10
1.899285e-10
4.749268e-09
1.484017e-10
1.343291e-10
4.741191e-09
1.359028e-10
9.718845e-11
4.739999e-09
1.232164e-10
7.147699e-11
4.74297e-09
1.109158e-10
5.311769e-11
4.748428e-09
9.936641e-11
3.967645e-11
4.755325e-09
8.877409e-11
2.965522e-11
4.762991e-09
7.922947e-11
2.210072e-11
4.770995e-09
7.074261e-11
1.636528e-11
4.779049e-09
6.327197e-11
1.203676e-11
4.786973e-09
5.674346e-11
8.73138e-12
5.106342e-11
6.434585e-12
4.79459e-09
8.026989e-09
2.402263e-11
6.930106e-09
7.166266e-09
6.195086e-11
5.432658e-09
6.210263e-09
9.051485e-11
3.314062e-09
5.568782e-09
1.107569e-10
1.862639e-09
5.192745e-09
1.232591e-10
1.075596e-09
4.974565e-09
1.29127e-10
6.554529e-10
4.848858e-09
1.296277e-10
4.185361e-10
4.77743e-09
1.26097e-10
2.785851e-10
4.738453e-09
1.197731e-10
1.917913e-10
4.719088e-09
1.117053e-10
1.359172e-10
4.711656e-09
1.027347e-10
9.850861e-11
4.711509e-09
9.3495e-11
7.25422e-11
4.715788e-09
8.443594e-11
5.394538e-11
4.722712e-09
7.585463e-11
4.028691e-11
4.731156e-09
6.792818e-11
3.007006e-11
4.740399e-09
6.074428e-11
2.234141e-11
4.749973e-09
5.432686e-11
1.645293e-11
4.759571e-09
4.865672e-11
1.198931e-11
4.769001e-09
4.368821e-11
8.568925e-12
3.935611e-11
6.16239e-12
4.778087e-09
8.025891e-09
1.559458e-11
6.930925e-09
7.162358e-09
4.023071e-11
5.434724e-09
6.202671e-09
5.893422e-11
3.316421e-09
5.5574e-09
7.23382e-11
1.864877e-09
5.177945e-09
8.080932e-11
1.077721e-09
4.95699e-09
8.499624e-11
6.574248e-10
4.829258e-09
8.566947e-11
4.203441e-10
4.756544e-09
8.366035e-11
2.802207e-10
4.716936e-09
7.975436e-11
1.932507e-10
4.697477e-09
7.463039e-11
1.372013e-10
4.690362e-09
6.884252e-11
9.962273e-11
4.690826e-09
6.281608e-11
7.349512e-11
4.695914e-09
5.685897e-11
5.474816e-11
4.703765e-09
5.117942e-11
4.095164e-11
4.713195e-09
4.590585e-11
3.060904e-11
4.723443e-09
4.110591e-11
2.276633e-11
4.734015e-09
3.680334e-11
1.67751e-11
4.744588e-09
3.299122e-11
1.221772e-11
4.754963e-09
2.96439e-11
8.714589e-12
2.672077e-11
6.226023e-12
4.764962e-09
8.02522e-09
6.931428e-09
7.159948e-09
5.436031e-09
6.197976e-09
3.3179e-09
5.550317e-09
1.866296e-09
5.168676e-09
1.079078e-09
4.945913e-09
6.586958e-10
4.81683e-09
4.215189e-10
4.743225e-09
2.812933e-10
4.703145e-09
1.942179e-10
4.683561e-09
1.38064e-10
4.676593e-09
1.003845e-10
4.6774e-09
7.416186e-11
4.682962e-09
5.53271e-11
4.691367e-09
4.145032e-11
4.701391e-09
3.103477e-11
4.712244e-09
2.31257e-11
4.723415e-09
1.707423e-11
4.734569e-09
1.246106e-11
4.745502e-09
8.907864e-12
6.368648e-12
4.756037e-09
6.994386e-09
1.305554e-09
4.828907e-09
5.443985e-09
1.406362e-09
3.79202e-09
4.021967e-09
1.064031e-09
2.187644e-09
3.07289e-09
6.925783e-10
1.118245e-09
2.491844e-09
4.306274e-10
6.283466e-10
2.131486e-09
2.670246e-10
3.929879e-10
1.898533e-09
1.701706e-10
2.67657e-10
1.740138e-09
1.126e-10
1.951021e-10
1.627272e-09
7.723549e-11
1.506134e-10
1.543417e-09
5.463663e-11
1.220021e-10
1.478992e-09
3.95523e-11
1.023727e-10
1.428184e-09
2.911389e-11
8.795912e-11
1.387312e-09
2.168166e-11
7.668372e-11
1.353933e-09
1.627771e-11
6.742021e-11
1.326351e-09
1.22891e-11
5.955325e-11
1.303346e-09
9.313046e-12
5.273213e-11
1.284011e-09
7.077323e-12
4.675518e-11
1.267659e-09
5.3829e-12
4.14633e-11
1.253749e-09
4.103711e-12
3.680167e-11
3.083867e-12
3.255271e-11
1.241917e-09
8.800783e-09
9.31609e-10
6.210989e-09
8.380471e-09
1.495569e-09
5.908206e-09
7.280942e-09
1.456431e-09
4.044151e-09
6.210787e-09
1.169997e-09
2.434898e-09
5.382435e-09
8.643116e-10
1.457818e-09
4.776679e-09
6.176231e-10
9.150597e-10
4.337484e-09
4.397279e-10
6.077284e-10
4.014859e-09
3.168483e-10
4.267827e-10
3.772951e-09
2.322976e-10
3.152332e-10
3.587356e-09
1.73424e-10
2.438888e-10
3.441758e-09
1.315647e-10
1.963147e-10
3.325257e-09
1.011502e-10
1.631061e-10
3.230473e-09
7.861214e-11
1.387571e-10
3.152301e-09
6.16363e-11
1.200265e-10
3.087115e-09
4.868399e-11
1.049988e-10
3.032265e-09
3.870343e-11
9.252532e-11
2.985767e-09
3.095395e-11
8.191672e-11
2.946097e-09
2.489863e-11
7.270101e-11
2.912074e-09
2.014835e-11
6.464908e-11
1.63538e-11
5.728115e-11
2.882785e-09
8.766758e-09
5.576153e-10
6.174747e-09
8.760131e-09
1.105118e-09
5.936352e-09
8.145587e-09
1.278166e-09
4.287853e-09
7.409698e-09
1.205199e-09
2.77015e-09
6.751857e-09
1.021562e-09
1.770357e-09
6.207182e-09
8.183519e-10
1.171473e-09
5.769998e-09
6.383592e-10
8.066044e-10
5.422902e-09
4.93873e-10
5.777486e-10
5.147256e-09
3.827769e-10
4.288284e-10
4.926799e-09
2.987354e-10
3.291307e-10
4.74854e-09
2.351906e-10
2.604582e-10
4.602627e-09
1.868024e-10
2.117885e-10
4.48176e-09
1.495801e-10
1.762502e-10
4.38056e-09
1.206458e-10
1.494809e-10
4.295036e-09
9.794009e-11
1.286832e-10
4.222186e-09
7.998247e-11
1.120406e-10
4.159718e-09
6.56869e-11
9.837417e-11
4.105838e-09
5.425425e-11
8.686125e-11
4.059143e-09
4.506414e-11
7.703547e-11
3.76401e-11
6.816388e-11
4.018499e-09
8.607823e-09
3.492937e-10
6.163782e-09
8.547307e-09
7.859512e-10
5.835806e-09
8.058403e-09
9.939327e-10
4.181539e-09
7.543199e-09
1.03072e-09
2.704903e-09
7.103621e-09
9.591951e-10
1.749386e-09
6.730242e-09
8.375077e-10
1.180341e-09
6.411469e-09
7.04344e-10
8.30677e-10
6.139963e-09
5.805044e-10
6.077017e-10
5.909888e-09
4.740714e-10
4.590914e-10
5.71556e-09
3.862723e-10
3.565805e-10
5.551378e-09
3.152539e-10
2.836644e-10
5.412229e-09
2.582404e-10
2.30422e-10
5.293714e-09
2.125009e-10
1.906474e-10
5.192191e-09
1.757027e-10
1.603043e-10
5.104712e-09
1.459711e-10
1.366902e-10
5.028911e-09
1.218447e-10
1.179473e-10
4.962893e-09
1.02182e-10
1.02785e-10
4.905124e-09
8.611522e-11
9.025744e-11
4.854377e-09
7.292376e-11
7.976385e-11
6.210932e-11
7.048076e-11
4.809616e-09
8.514176e-09
2.346829e-10
6.152203e-09
8.361798e-09
5.657397e-10
5.767026e-09
7.845497e-09
7.55697e-10
4.067136e-09
7.382062e-09
8.31462e-10
2.574391e-09
7.043852e-09
8.225252e-10
1.630859e-09
6.786528e-09
7.626714e-10
1.085341e-09
6.575686e-09
6.784565e-10
7.596057e-10
6.394217e-09
5.880207e-10
5.566667e-10
6.234869e-09
5.017611e-10
4.233123e-10
6.094362e-09
4.245531e-10
3.316709e-10
5.970581e-09
3.578926e-10
2.660756e-10
5.86169e-09
3.014947e-10
2.175089e-10
5.765929e-09
2.542872e-10
1.805875e-10
5.681624e-09
2.149655e-10
1.519383e-10
5.607246e-09
1.822596e-10
1.293453e-10
5.541441e-09
1.550508e-10
1.112795e-10
5.483041e-09
1.323813e-10
9.664671e-11
5.431044e-09
1.134855e-10
8.462366e-11
5.384619e-09
9.767568e-11
7.463106e-11
8.450958e-11
6.598527e-11
5.343024e-09
8.468498e-09
1.672156e-10
6.155614e-09
8.24344e-09
4.223366e-10
5.760581e-09
7.669883e-09
5.84106e-10
4.031657e-09
7.189312e-09
6.665854e-10
2.508144e-09
6.873679e-09
6.854496e-10
1.54928e-09
6.665904e-09
6.613205e-10
1.001661e-09
6.517198e-09
6.117189e-10
6.818932e-10
6.399558e-09
5.500984e-10
4.885903e-10
6.299412e-09
4.855456e-10
3.657477e-10
6.210733e-09
4.23485e-10
2.839494e-10
6.130886e-09
3.667247e-10
2.268312e-10
6.058635e-09
3.163759e-10
1.85188e-10
5.993234e-09
2.725528e-10
1.537325e-10
5.934075e-09
2.348489e-10
1.293201e-10
5.880575e-09
2.026279e-10
1.100002e-10
5.832164e-09
1.751994e-10
9.449434e-11
5.788304e-09
1.518864e-10
8.191007e-11
5.748493e-09
1.321063e-10
7.160055e-11
5.712291e-09
1.152853e-10
6.306103e-11
1.010644e-10
5.586916e-11
5.679274e-09
8.442998e-09
1.248849e-10
6.159027e-09
8.17247e-09
3.233127e-10
5.765284e-09
7.553537e-09
4.584649e-10
4.024564e-09
7.042936e-09
5.372812e-10
2.482739e-09
6.71802e-09
5.679056e-10
1.51005e-09
6.520073e-09
5.633132e-10
9.54073e-10
6.395214e-09
5.3548e-10
6.310683e-10
6.309636e-09
4.943399e-10
4.383001e-10
6.244925e-09
4.472255e-10
3.183827e-10
6.191687e-09
3.990367e-10
2.407629e-10
6.145302e-09
3.527806e-10
1.882598e-10
6.103579e-09
3.100953e-10
1.511479e-10
6.065477e-09
2.717009e-10
1.238514e-10
6.03046e-09
2.377471e-10
1.031018e-10
5.998195e-09
2.080532e-10
8.693052e-11
5.968424e-09
1.822772e-10
7.410383e-11
5.940915e-09
1.599988e-10
6.379607e-11
5.915453e-09
1.408147e-10
5.545492e-11
5.891846e-09
1.242865e-10
4.861117e-11
1.101283e-10
4.307669e-11
5.869883e-09
8.429172e-09
9.599902e-11
6.163828e-09
8.128738e-09
2.524863e-10
5.776616e-09
7.476217e-09
3.644916e-10
4.032569e-09
6.938364e-09
4.355641e-10
2.481042e-09
6.597014e-09
4.6991e-10
1.499506e-09
6.394018e-09
4.757442e-10
9.363019e-10
6.273985e-09
4.613544e-10
6.082068e-10
6.200655e-09
4.341265e-10
4.123688e-10
6.153058e-09
3.998884e-10
2.910929e-10
6.119592e-09
3.628228e-10
2.134292e-10
6.093963e-09
3.2574e-10
1.61794e-10
6.072845e-09
2.903809e-10
1.261156e-10
6.054502e-09
2.577114e-10
1.005461e-10
6.038027e-09
2.281686e-10
8.162331e-11
6.022929e-09
2.018462e-10
6.72529e-11
6.008919e-09
1.78636e-10
5.613147e-11
5.995809e-09
1.583084e-10
4.739922e-11
5.983462e-09
1.40601e-10
4.051043e-11
5.971774e-09
1.25196e-10
3.498037e-11
1.118619e-10
3.075519e-11
5.960621e-09
8.420589e-09
7.50703e-11
6.167837e-09
8.100607e-09
1.990261e-10
5.786734e-09
7.424587e-09
2.91052e-10
4.042577e-09
6.865539e-09
3.530415e-10
2.486577e-09
6.508583e-09
3.870288e-10
1.500608e-09
6.296551e-09
3.98148e-10
9.332397e-10
6.173739e-09
3.921145e-10
6.016187e-10
6.102899e-09
3.744046e-10
4.029602e-10
6.061832e-09
3.496076e-10
2.795845e-10
6.037719e-09
3.212119e-10
2.005077e-10
6.023212e-09
2.917128e-10
1.480623e-10
6.014153e-09
2.627779e-10
1.120697e-10
6.008196e-09
2.354375e-10
8.656706e-11
6.004018e-09
2.102586e-10
6.798356e-11
6.00086e-09
1.87486e-10
5.413236e-11
5.998277e-09
1.671559e-10
4.363834e-11
5.995998e-09
1.491688e-10
3.558801e-11
5.993847e-09
1.333634e-10
2.940684e-11
5.991715e-09
1.195183e-10
2.45772e-11
1.074436e-10
2.108835e-11
5.989484e-09
8.415285e-09
5.891534e-11
6.171266e-09
8.08204e-09
1.569788e-10
5.795601e-09
7.389206e-09
2.317116e-10
4.052513e-09
6.814042e-09
2.842333e-10
2.494432e-09
6.444109e-09
3.154786e-10
1.506204e-09
6.223132e-09
3.286381e-10
9.3653e-10
6.09542e-09
3.276226e-10
6.027848e-10
6.023264e-09
3.164429e-10
4.022143e-10
5.983814e-09
2.986473e-10
2.771678e-10
5.963554e-09
2.770715e-10
1.9669e-10
5.954501e-09
2.538479e-10
1.431235e-10
5.951959e-09
2.304819e-10
1.062852e-10
5.953158e-09
2.079681e-10
8.018981e-11
5.956456e-09
1.869101e-10
6.12333e-11
5.960864e-09
1.676255e-10
4.719024e-11
5.965783e-09
1.502346e-10
3.664732e-11
5.970837e-09
1.347233e-10
2.865641e-11
5.975788e-09
1.210022e-10
2.261545e-11
5.980487e-09
1.089236e-10
1.798254e-11
9.833428e-11
1.473834e-11
5.98479e-09
8.41173e-09
4.584897e-11
6.17391e-09
8.069385e-09
1.224785e-10
5.80247e-09
7.364604e-09
1.819993e-10
4.060615e-09
6.777465e-09
2.251398e-10
2.501608e-09
6.397302e-09
2.522866e-10
1.512271e-09
6.168623e-09
2.65403e-10
9.4138e-10
6.035898e-09
2.671382e-10
6.0646e-10
5.96121e-09
2.603831e-10
4.047662e-10
5.921331e-09
2.478189e-10
2.786579e-10
5.902314e-09
2.31682e-10
1.972003e-10
5.895761e-09
2.137246e-10
1.427538e-10
5.896616e-09
1.952373e-10
1.05151e-10
5.901815e-09
1.771148e-10
7.841445e-11
5.909488e-09
1.599346e-10
5.893891e-11
5.918479e-09
1.440323e-10
4.44913e-11
5.928064e-09
1.295687e-10
3.364601e-11
5.937788e-09
1.165815e-10
2.544113e-11
5.947353e-09
1.050312e-10
1.925862e-11
5.956577e-09
9.482463e-11
1.454702e-11
8.584409e-11
1.126065e-11
5.96529e-09
8.409354e-09
3.480034e-11
6.175926e-09
8.060688e-09
9.311329e-11
5.807738e-09
7.347367e-09
1.390292e-10
4.066997e-09
6.751386e-09
1.730473e-10
2.507589e-09
6.36337e-09
1.953073e-10
1.51767e-09
6.128465e-09
2.070051e-10
9.460861e-10
5.991347e-09
2.099088e-10
6.104752e-10
5.91402e-09
2.06054e-10
4.081027e-10
5.87303e-09
1.974046e-10
2.813325e-10
5.854144e-09
1.856568e-10
1.992406e-10
5.848675e-09
1.721843e-10
1.441969e-10
5.851312e-09
1.580326e-10
1.060448e-10
5.858777e-09
1.439531e-10
7.881474e-11
5.869031e-09
1.304517e-10
5.890579e-11
5.880792e-09
1.178406e-10
4.408552e-11
5.893248e-09
1.062874e-10
3.292566e-11
5.90588e-09
9.585459e-11
2.446056e-11
5.91835e-09
8.653433e-11
1.806416e-11
5.930449e-09
7.827227e-11
1.318449e-11
7.098339e-11
9.749448e-12
5.941995e-09
8.407728e-09
2.51063e-11
6.177385e-09
8.054698e-09
6.722678e-11
5.811574e-09
7.335372e-09
1.007184e-10
4.071698e-09
6.733021e-09
1.259122e-10
2.512126e-09
6.339177e-09
1.428507e-10
1.521896e-09
6.099483e-09
1.522425e-10
9.499093e-10
5.958816e-09
1.552301e-10
6.138826e-10
5.879173e-09
1.531884e-10
4.110937e-10
5.836972e-09
1.47485e-10
2.839116e-10
5.817792e-09
1.393345e-10
2.014195e-10
5.812747e-09
1.297452e-10
1.459931e-10
5.816335e-09
1.195041e-10
1.074817e-10
5.825122e-09
1.091917e-10
7.992018e-11
5.83694e-09
9.921044e-11
5.971002e-11
5.850412e-09
8.981881e-11
4.461972e-11
5.864657e-09
8.116437e-11
3.322015e-11
5.879106e-09
7.331313e-11
2.454474e-11
5.893393e-09
6.627347e-11
1.79629e-11
5.907293e-09
6.001667e-11
1.292524e-11
5.448575e-11
9.339126e-12
5.920614e-09
8.406654e-09
1.629621e-11
6.178394e-09
8.050698e-09
4.36488e-11
5.814258e-09
7.327293e-09
6.554801e-11
4.074997e-09
6.720534e-09
8.218104e-11
2.515368e-09
6.322575e-09
9.356543e-11
1.524965e-09
6.079415e-09
1.000925e-10
9.527344e-10
5.936098e-09
1.024439e-10
6.164476e-10
5.854644e-09
1.01468e-10
4.133944e-10
5.811404e-09
9.802701e-11
2.859489e-10
5.791837e-09
9.29018e-11
2.032013e-10
5.786921e-09
8.675257e-11
1.47531e-10
5.791026e-09
8.010356e-11
1.087913e-10
5.800599e-09
7.334824e-11
8.101879e-11
5.81338e-09
6.6765e-11
6.061579e-11
5.82792e-09
6.05371e-11
4.535051e-11
5.843285e-09
5.477315e-11
3.379263e-11
5.858872e-09
4.952613e-11
2.497478e-11
5.874292e-09
4.480864e-11
1.826314e-11
5.889305e-09
4.060734e-11
1.311076e-11
3.688798e-11
9.41089e-12
5.903718e-09
8.405996e-09
6.179018e-09
8.048235e-09
5.815956e-09
7.322299e-09
4.077071e-09
6.712771e-09
2.517428e-09
6.312189e-09
1.526932e-09
6.066784e-09
9.545622e-10
5.921715e-09
6.181225e-10
5.83903e-09
4.149117e-10
5.795048e-09
2.873082e-10
5.775158e-09
2.044073e-10
5.770257e-09
1.485915e-10
5.77463e-09
1.097164e-10
5.784651e-09
8.181975e-11
5.797998e-09
6.13039e-11
5.813173e-09
4.593642e-11
5.829205e-09
3.428582e-11
5.845467e-09
2.538389e-11
5.861555e-09
1.859454e-11
5.87722e-09
1.337227e-11
9.601748e-12
5.892267e-09
7.018094e-09
1.32627e-09
4.129856e-09
5.663905e-09
1.437051e-09
3.709158e-09
4.342666e-09
1.120899e-09
2.387983e-09
3.39399e-09
7.535983e-10
1.313322e-09
2.7868e-09
4.818958e-10
7.536414e-10
2.401176e-09
3.066916e-10
4.719199e-10
2.14819e-09
2.001046e-10
3.205388e-10
1.97428e-09
1.353772e-10
2.336344e-10
1.849245e-09
9.488678e-11
1.80762e-10
1.755688e-09
6.858164e-11
1.469771e-10
1.683404e-09
5.075455e-11
1.239026e-10
1.626144e-09
3.823546e-11
1.069834e-10
1.579915e-09
2.919095e-11
9.372169e-11
1.542045e-09
2.251572e-11
8.277511e-11
1.510667e-09
1.751059e-11
7.342002e-11
1.484433e-09
1.371239e-11
6.525415e-11
1.462333e-09
1.080548e-11
5.804915e-11
1.443604e-09
8.558341e-12
5.163432e-11
1.42764e-09
6.821405e-12
4.594468e-11
5.413355e-12
4.075422e-11
1.414025e-09
8.915822e-09
9.477555e-10
5.318994e-09
8.860865e-09
1.555945e-09
5.84427e-09
8.004016e-09
1.561291e-09
4.460607e-09
6.994902e-09
1.293832e-09
2.903779e-09
6.140041e-09
9.822151e-10
1.812359e-09
5.486996e-09
7.18621e-10
1.156176e-09
5.002541e-09
5.220615e-10
7.702268e-10
4.641816e-09
3.829217e-10
5.399628e-10
4.368781e-09
2.853735e-10
3.977818e-10
4.157824e-09
2.163964e-10
3.070309e-10
3.991415e-09
1.667063e-10
2.467723e-10
3.857667e-09
1.301712e-10
2.049181e-10
3.748447e-09
1.027917e-10
1.743758e-10
3.658084e-09
8.193822e-11
1.509676e-10
3.582521e-09
6.584456e-11
1.322271e-10
3.518782e-09
5.329369e-11
1.16683e-10
3.464628e-09
4.342321e-11
1.03453e-10
3.418332e-09
3.560474e-11
9.195127e-11
3.378548e-09
2.938007e-11
8.187441e-11
2.433874e-11
7.268628e-11
3.344217e-09
8.894211e-09
5.68088e-10
5.305516e-09
9.298626e-09
1.160188e-09
5.927694e-09
8.991724e-09
1.38045e-09
4.775596e-09
8.381193e-09
1.338573e-09
3.33594e-09
7.740153e-09
1.164275e-09
2.229337e-09
7.170313e-09
9.541945e-10
1.50574e-09
6.695968e-09
7.591613e-10
1.043849e-09
6.311372e-09
5.97528e-10
7.477379e-10
6.001711e-09
4.703005e-10
5.535625e-10
5.751617e-09
3.722736e-10
4.233478e-10
5.547896e-09
2.97038e-10
3.338476e-10
5.380164e-09
2.390109e-10
2.706809e-10
5.240552e-09
1.938615e-10
2.247924e-10
5.123176e-09
1.583882e-10
1.90407e-10
5.023628e-09
1.302598e-10
1.638161e-10
4.938566e-09
1.077786e-10
1.426176e-10
4.865423e-09
8.968774e-11
1.252528e-10
4.802179e-09
7.505467e-11
1.106555e-10
4.747245e-09
6.315316e-11
9.81963e-11
5.34225e-11
8.702413e-11
4.699301e-09
8.732925e-09
3.55965e-10
5.288292e-09
9.083311e-09
8.275615e-10
5.818047e-09
8.911655e-09
1.075238e-09
4.658408e-09
8.545161e-09
1.144351e-09
3.265619e-09
8.153348e-09
1.091479e-09
2.213995e-09
7.78433e-09
9.743856e-10
1.529169e-09
7.451874e-09
8.356503e-10
1.086644e-09
7.159711e-09
7.006957e-10
7.966967e-10
6.907e-09
5.810895e-10
6.010136e-10
6.690433e-09
4.801185e-10
4.653023e-10
6.505462e-09
3.969351e-10
3.687383e-10
6.347346e-09
3.291313e-10
2.984185e-10
6.211724e-09
2.740152e-10
2.461155e-10
6.094851e-09
2.291466e-10
2.064182e-10
5.993626e-09
1.924935e-10
1.75682e-10
5.905517e-09
1.624331e-10
1.51402e-10
5.828475e-09
1.376766e-10
1.318375e-10
5.760824e-09
1.172298e-10
1.157333e-10
5.70121e-09
1.002634e-10
1.022677e-10
8.619697e-11
9.046499e-11
5.648452e-09
8.637812e-09
2.395344e-10
5.276134e-09
8.890876e-09
5.959455e-10
5.745578e-09
8.684918e-09
8.162352e-10
4.532097e-09
8.368913e-09
9.198666e-10
3.11488e-09
8.086594e-09
9.314589e-10
2.073199e-09
7.848436e-09
8.824128e-10
1.415472e-09
7.641105e-09
8.00308e-10
1.002279e-09
7.455475e-09
7.05759e-10
7.372339e-10
7.287808e-09
6.11702e-10
5.603663e-10
7.136824e-09
5.249732e-10
4.378001e-10
7.00164e-09
4.483585e-10
3.498365e-10
6.881169e-09
3.823199e-10
2.847915e-10
6.774084e-09
3.261623e-10
2.355254e-10
6.67895e-09
2.787318e-10
1.974864e-10
6.594359e-09
2.38782e-10
1.676485e-10
6.519003e-09
2.051537e-10
1.439144e-10
6.451726e-09
1.768202e-10
1.247807e-10
6.391508e-09
1.529395e-10
1.09132e-10
6.337491e-09
1.327457e-10
9.616586e-11
1.157391e-10
8.506148e-11
6.288872e-09
8.592425e-09
1.709211e-10
5.277115e-09
8.770015e-09
4.447754e-10
5.734161e-09
8.499979e-09
6.295502e-10
4.488378e-09
8.159402e-09
7.345317e-10
3.034056e-09
7.896334e-09
7.72008e-10
1.9718e-09
7.709798e-09
7.602025e-10
1.310407e-09
7.570995e-09
7.165007e-10
9.045032e-10
7.458066e-09
6.554476e-10
6.518312e-10
7.359341e-09
5.876464e-10
4.885276e-10
7.269729e-09
5.199439e-10
3.785908e-10
7.187255e-09
4.562647e-10
3.013997e-10
7.111202e-09
3.985055e-10
2.450553e-10
7.041232e-09
3.472862e-10
2.025789e-10
6.977041e-09
3.024992e-10
1.697433e-10
6.918273e-09
2.636665e-10
1.43884e-10
6.864519e-09
2.30166e-10
1.23236e-10
6.815353e-09
2.01335e-10
1.065609e-10
6.770351e-09
1.765758e-10
9.296614e-11
6.729127e-09
1.552813e-10
8.174941e-11
1.370668e-10
7.239376e-11
6.691275e-09
8.567365e-09
1.277922e-10
5.280104e-09
8.698387e-09
3.402901e-10
5.738747e-09
8.378856e-09
4.930535e-10
4.480591e-09
8.002149e-09
5.898149e-10
3.004163e-09
7.724485e-09
6.362938e-10
1.923428e-09
7.544903e-09
6.434293e-10
1.250428e-09
7.429934e-09
6.227023e-10
8.39836e-10
7.351518e-09
5.844786e-10
5.876849e-10
7.292415e-09
5.369606e-10
4.281715e-10
7.243427e-09
4.859936e-10
3.23701e-10
7.200008e-09
4.354189e-10
2.525252e-10
7.160083e-09
3.875337e-10
2.020448e-10
7.122773e-09
3.435399e-10
1.649075e-10
7.08772e-09
3.039173e-10
1.367367e-10
7.05476e-09
2.686983e-10
1.148583e-10
7.023785e-09
2.376685e-10
9.757616e-11
6.994692e-09
2.104766e-10
8.374767e-11
6.967368e-09
1.867506e-10
7.260364e-11
6.941706e-09
1.660564e-10
6.349807e-11
1.481091e-10
5.618447e-11
6.917556e-09
8.553988e-09
9.829473e-11
5.28465e-09
8.654751e-09
2.655832e-10
5.75056e-09
8.299262e-09
3.912596e-10
4.489852e-09
7.891167e-09
4.766429e-10
3.00231e-09
7.592678e-09
5.2417e-10
1.910119e-09
7.404499e-09
5.404081e-10
1.227501e-09
7.292214e-09
5.330625e-10
8.101319e-10
7.225435e-09
5.096438e-10
5.539821e-10
7.184209e-09
4.764883e-10
3.927915e-10
7.15683e-09
4.384089e-10
2.88393e-10
7.136753e-09
3.988188e-10
2.184716e-10
7.120477e-09
3.599724e-10
1.699525e-10
7.106201e-09
3.232402e-10
1.351214e-10
7.09303e-09
2.893607e-10
1.093515e-10
7.080528e-09
2.586413e-10
8.981171e-11
7.068487e-09
2.311177e-10
7.472305e-11
7.056804e-09
2.066524e-10
6.290701e-11
7.045421e-09
1.850377e-10
5.360557e-11
7.034311e-09
1.659838e-10
4.616301e-11
1.492753e-10
4.048235e-11
7.023418e-09
8.545729e-09
7.688751e-11
5.288827e-09
8.626847e-09
2.092229e-10
5.761976e-09
8.246453e-09
3.119346e-10
4.502295e-09
7.814457e-09
3.853324e-10
3.009885e-09
7.497212e-09
4.301438e-10
1.911879e-09
7.297067e-09
4.501887e-10
1.223604e-09
7.179697e-09
4.506091e-10
8.014424e-10
7.113913e-09
4.368532e-10
5.415347e-10
7.078561e-09
4.13808e-10
3.776166e-10
7.060645e-09
3.853904e-10
2.714422e-10
7.052435e-09
3.545354e-10
2.005552e-10
7.049454e-09
3.233056e-10
1.517177e-10
7.049151e-09
2.930588e-10
1.170512e-10
7.050095e-09
2.646186e-10
9.178144e-11
7.051491e-09
2.38422e-10
7.295628e-11
7.052899e-09
2.146432e-10
5.870507e-11
7.054078e-09
1.932776e-10
4.778361e-11
7.054898e-09
1.742263e-10
3.939785e-11
7.055297e-09
1.573057e-10
3.285638e-11
1.42349e-10
2.810315e-11
7.055209e-09
8.540668e-09
6.034528e-11
5.292453e-09
8.60853e-09
1.649346e-10
5.772027e-09
8.210445e-09
2.480255e-10
4.514508e-09
7.760516e-09
3.095945e-10
3.020098e-09
7.428066e-09
3.496091e-10
1.919189e-09
7.216763e-09
3.702308e-10
1.227791e-09
7.092566e-09
3.748535e-10
8.027369e-10
7.023972e-09
3.67387e-10
5.402748e-10
6.989227e-09
3.515474e-10
3.741729e-10
6.974637e-09
3.304624e-10
2.66208e-10
6.971791e-09
3.065859e-10
1.939192e-10
6.975609e-09
2.817265e-10
1.440467e-10
6.983045e-09
2.571399e-10
1.086728e-10
6.99228e-09
2.336425e-10
8.297351e-11
7.002232e-09
2.117168e-10
6.394368e-11
7.012254e-09
1.916065e-10
4.966238e-11
7.02196e-09
1.733859e-10
3.884158e-11
7.031124e-09
1.570263e-10
3.0652e-11
7.039618e-09
1.424203e-10
2.437417e-11
1.294393e-10
1.993383e-11
7.047332e-09
8.537283e-09
4.695925e-11
5.295326e-09
8.59608e-09
1.286279e-10
5.77998e-09
8.185479e-09
1.946198e-10
4.524621e-09
7.722336e-09
2.448363e-10
3.02951e-09
7.37808e-09
2.789503e-10
1.927186e-09
7.157446e-09
2.981351e-10
1.23411e-09
7.026743e-09
3.046013e-10
8.074158e-10
6.954365e-09
3.01113e-10
5.434175e-10
6.918234e-09
2.904389e-10
3.758981e-10
6.90423e-09
2.750118e-10
2.666547e-10
6.903513e-09
2.568168e-10
1.932397e-10
6.910613e-09
2.373738e-10
1.424042e-10
6.922152e-09
2.177823e-10
1.062324e-10
6.936048e-09
1.987916e-10
7.989394e-11
6.951011e-09
1.808745e-10
6.037049e-11
6.966243e-09
1.64297e-10
4.572345e-11
6.981249e-09
1.491747e-10
3.464651e-11
6.995722e-09
1.35523e-10
2.628958e-11
7.00948e-09
1.232869e-10
1.99217e-11
1.123725e-10
1.543215e-11
7.022375e-09
8.535028e-09
3.563921e-11
5.29753e-09
8.587544e-09
9.775345e-11
5.786097e-09
8.168027e-09
1.485577e-10
4.532577e-09
7.695185e-09
1.8796e-10
3.037307e-09
7.341958e-09
2.155816e-10
1.934266e-09
7.113911e-09
2.320296e-10
1.240238e-09
6.977689e-09
2.387213e-10
8.125765e-10
6.901692e-09
2.375691e-10
5.476439e-10
6.863653e-09
2.305766e-10
3.792337e-10
6.849182e-09
2.195692e-10
2.691546e-10
6.849143e-09
2.060852e-10
1.949672e-10
6.857792e-09
1.913387e-10
1.43431e-10
6.871516e-09
1.762367e-10
1.066361e-10
6.888041e-09
1.614185e-10
7.975434e-11
6.905929e-09
1.473057e-10
5.976612e-11
6.924272e-09
1.341516e-10
4.47281e-11
6.942495e-09
1.220834e-10
3.332847e-11
6.960236e-09
1.1114e-10
2.470654e-11
6.977276e-09
1.013004e-10
1.813055e-11
9.250064e-11
1.345541e-11
6.993442e-09
8.533486e-09
2.570837e-11
5.299142e-09
8.581673e-09
7.055814e-11
5.790583e-09
8.1559e-09
1.075608e-10
4.538469e-09
7.676099e-09
1.366429e-10
3.043244e-09
7.316259e-09
1.57484e-10
1.939833e-09
7.082574e-09
1.703759e-10
1.245249e-09
6.94198e-09
1.761999e-10
8.169978e-10
6.86293e-09
1.762279e-10
5.51485e-10
6.823063e-09
1.718421e-10
3.825131e-10
6.807813e-09
1.643386e-10
2.719003e-10
6.807842e-09
1.548368e-10
1.972116e-10
6.817209e-09
1.442419e-10
1.452114e-10
6.832128e-09
1.332457e-10
1.079928e-10
6.850179e-09
1.223485e-10
8.072873e-11
6.869815e-09
1.118903e-10
6.039947e-11
6.890043e-09
1.020837e-10
4.505964e-11
6.910231e-09
9.304475e-11
3.339563e-11
6.929975e-09
8.481841e-11
2.454079e-11
6.949032e-09
7.740245e-11
1.776618e-11
7.075737e-11
1.290062e-11
6.967213e-09
8.532469e-09
1.668502e-11
5.30026e-09
8.577758e-09
4.580407e-11
5.793723e-09
8.147739e-09
6.997378e-11
4.542603e-09
7.663138e-09
8.913196e-11
3.04748e-09
7.298653e-09
1.030634e-10
1.943871e-09
7.060917e-09
1.118937e-10
1.248952e-09
6.917098e-09
1.161318e-10
8.203346e-10
6.835714e-09
1.165532e-10
5.544538e-10
6.794359e-09
1.14023e-10
3.851227e-10
6.778361e-09
1.093699e-10
2.74168e-10
6.778248e-09
1.033224e-10
1.991586e-10
6.78794e-09
9.64794e-11
1.468617e-10
6.803527e-09
8.930607e-11
1.093716e-10
6.822485e-09
8.214487e-11
8.186099e-11
6.843184e-09
7.523309e-11
6.130903e-11
6.864569e-09
6.872299e-11
4.576832e-11
6.885963e-09
6.270147e-11
3.392382e-11
6.906933e-09
5.720636e-11
2.490471e-11
6.927219e-09
5.22427e-11
1.798472e-11
4.778866e-11
1.297491e-11
6.946624e-09
8.531845e-09
5.300957e-09
8.575349e-09
5.795712e-09
8.142698e-09
4.545208e-09
7.655088e-09
3.050176e-09
7.287651e-09
1.946465e-09
7.047304e-09
1.251355e-09
6.901369e-09
8.225211e-10
6.818417e-09
5.564205e-10
6.776029e-09
3.868732e-10
6.759471e-09
2.757127e-10
6.759189e-09
2.00511e-10
6.769019e-09
1.480373e-10
6.784969e-09
1.103865e-10
6.804446e-09
8.273077e-11
6.825765e-09
6.204795e-11
6.847829e-09
4.638886e-11
6.869931e-09
3.443719e-11
6.891617e-09
2.531916e-11
6.912615e-09
1.831011e-11
1.321027e-11
6.932723e-09
6.96591e-09
1.339619e-09
3.469639e-09
5.748988e-09
1.445099e-09
3.480981e-09
4.541405e-09
1.147512e-09
2.448054e-09
3.628754e-09
7.907735e-10
1.4352e-09
3.019972e-09
5.18148e-10
8.442757e-10
2.623094e-09
3.377327e-10
5.310654e-10
2.358251e-09
2.252513e-10
3.601301e-10
2.173905e-09
1.55558e-10
2.624233e-10
2.040029e-09
1.112043e-10
2.034336e-10
1.939055e-09
8.193566e-11
1.66015e-10
1.860544e-09
6.181101e-11
1.406022e-10
1.79804e-09
4.74798e-11
1.22008e-10
1.747372e-09
3.698319e-11
1.074062e-10
1.705726e-09
2.912858e-11
9.529257e-11
1.671122e-09
2.315487e-11
8.486946e-11
1.642117e-09
1.855385e-11
7.570574e-11
1.617627e-09
1.497634e-11
6.756191e-11
1.596829e-09
1.216498e-11
6.026816e-11
1.579066e-09
9.951136e-12
5.375653e-11
8.131418e-12
4.780589e-11
1.563883e-09
8.896879e-09
9.550367e-10
4.452009e-09
9.088932e-09
1.582701e-09
5.514615e-09
8.473249e-09
1.620263e-09
4.603539e-09
7.581392e-09
1.375874e-09
3.210535e-09
6.750961e-09
1.069804e-09
2.091133e-09
6.083467e-09
8.001991e-10
1.361204e-09
5.573855e-09
5.927744e-10
9.123153e-10
5.187747e-09
4.423711e-10
6.392576e-10
4.892006e-09
3.349188e-10
4.698091e-10
4.661481e-09
2.577421e-10
3.617495e-10
4.478382e-09
2.01396e-10
2.902855e-10
4.330409e-09
1.594649e-10
2.409061e-10
4.209027e-09
1.276849e-10
2.050562e-10
4.108221e-09
1.032128e-10
1.776894e-10
4.023656e-09
8.411826e-11
1.558294e-10
3.952123e-09
6.905922e-11
1.377102e-10
3.891198e-09
5.707795e-11
1.22276e-10
3.838999e-09
4.747235e-11
1.088435e-10
3.794052e-09
3.972729e-11
9.704481e-11
3.33804e-11
8.631066e-11
3.755179e-09
8.881787e-09
5.727209e-10
4.451358e-09
9.565173e-09
1.189855e-09
5.637153e-09
9.549031e-09
1.444129e-09
4.967872e-09
9.1121e-09
1.431398e-09
3.717347e-09
8.539838e-09
1.272928e-09
2.598475e-09
7.982431e-09
1.065305e-09
1.79804e-09
7.496e-09
8.636605e-10
1.259394e-09
7.090688e-09
6.912122e-10
9.042094e-10
6.758536e-09
5.522217e-10
6.684111e-10
6.486916e-09
4.431032e-10
5.096071e-10
6.263579e-09
3.580544e-10
4.00526e-10
6.078334e-09
2.915889e-10
3.238016e-10
5.923214e-09
2.392649e-10
2.683326e-10
5.792141e-09
1.97708e-10
2.269849e-10
5.680499e-09
1.644141e-10
1.951624e-10
5.584751e-09
1.375329e-10
1.698917e-10
5.502156e-09
1.156806e-10
1.492453e-10
5.430539e-09
9.782033e-11
1.319245e-10
5.368178e-09
8.314078e-11
1.171437e-10
7.101303e-11
1.039615e-10
5.313608e-09
8.719231e-09
3.589909e-10
4.428103e-09
9.350373e-09
8.522008e-10
5.52456e-09
9.476919e-09
1.128738e-09
4.847252e-09
9.301179e-09
1.225721e-09
3.647036e-09
9.003111e-09
1.193496e-09
2.591495e-09
8.672631e-09
1.086822e-09
1.838131e-09
8.350439e-09
9.492444e-10
1.323252e-09
8.054592e-09
8.091332e-10
9.746226e-10
7.79154e-09
6.810022e-10
7.352851e-10
7.561783e-09
5.702438e-10
5.679184e-10
7.362772e-09
4.772588e-10
4.485452e-10
7.190783e-09
4.002666e-10
3.617302e-10
7.041947e-09
3.368298e-10
2.973858e-10
6.912735e-09
2.845621e-10
2.487763e-10
6.800115e-09
2.413901e-10
2.113261e-10
6.701557e-09
2.056112e-10
1.818822e-10
6.614976e-09
1.758464e-10
1.582524e-10
6.53864e-09
1.510154e-10
1.38874e-10
6.471135e-09
1.302086e-10
1.227049e-10
1.127863e-10
1.086423e-10
6.411184e-09
8.623344e-09
2.420674e-10
4.415027e-09
9.154738e-09
6.149741e-10
5.451411e-09
9.242565e-09
8.573797e-10
4.715628e-09
9.115075e-09
9.840996e-10
3.483991e-09
8.930995e-09
1.01581e-09
2.434964e-09
8.742245e-09
9.805849e-10
1.710459e-09
8.559399e-09
9.051968e-10
1.229173e-09
8.384771e-09
8.113117e-10
9.096835e-10
8.220188e-09
7.136552e-10
6.922964e-10
8.067481e-09
6.20773e-10
5.399783e-10
7.927689e-09
5.367546e-10
4.301323e-10
7.800949e-09
4.629298e-10
3.488678e-10
7.686717e-09
3.99125e-10
2.874625e-10
7.584056e-09
3.44468e-10
2.402415e-10
7.491873e-09
2.978441e-10
2.033774e-10
7.409064e-09
2.58137e-10
1.741979e-10
7.334595e-09
2.24314e-10
1.507818e-10
7.267523e-09
1.955035e-10
1.317163e-10
7.20703e-09
1.708963e-10
1.159706e-10
1.49963e-10
1.026042e-10
7.152311e-09
8.578399e-09
1.730691e-10
4.413027e-09
9.033471e-09
4.594495e-10
5.434615e-09
9.053211e-09
6.609722e-10
4.665046e-09
8.895072e-09
7.841608e-10
3.392133e-09
8.726009e-09
8.389041e-10
2.317769e-09
8.588758e-09
8.407735e-10
1.587469e-09
8.478393e-09
8.059376e-10
1.114127e-09
8.383249e-09
7.490063e-10
8.092808e-10
8.295807e-09
6.814192e-10
6.082057e-10
8.212993e-09
6.111008e-10
4.710766e-10
8.134076e-09
5.429738e-10
3.740977e-10
8.059216e-09
4.797275e-10
3.031182e-10
7.988726e-09
4.225523e-10
2.496416e-10
7.922795e-09
3.717224e-10
2.084192e-10
7.861439e-09
3.269992e-10
1.760854e-10
7.804528e-09
2.879001e-10
1.503842e-10
7.751845e-09
2.538356e-10
1.297221e-10
7.703122e-09
2.242397e-10
1.129526e-10
7.658089e-09
1.985088e-10
9.917005e-11
1.762631e-10
8.777008e-11
7.616413e-09
8.553861e-09
1.296025e-10
4.415022e-09
8.962448e-09
3.516518e-10
5.437958e-09
8.930641e-09
5.171798e-10
4.656191e-09
8.731889e-09
6.281888e-10
3.358886e-09
8.543245e-09
6.888696e-10
2.262107e-09
8.40932e-09
7.081609e-10
1.516966e-09
8.321433e-09
6.963948e-10
1.037266e-09
8.261757e-09
6.636489e-10
7.327174e-10
8.216743e-09
6.184519e-10
5.36153e-10
8.178602e-09
5.672638e-10
4.056793e-10
8.143469e-09
5.145954e-10
3.160365e-10
8.109718e-09
4.633466e-10
2.521763e-10
8.076834e-09
4.152079e-10
2.051367e-10
8.04477e-09
3.710278e-10
1.694948e-10
8.013639e-09
3.311024e-10
1.418866e-10
7.983566e-09
2.953966e-10
1.201526e-10
7.954646e-09
2.636762e-10
1.02827e-10
7.926932e-09
2.356407e-10
8.891627e-11
7.90045e-09
2.10896e-10
7.759327e-11
1.891869e-10
6.855217e-11
7.875158e-09
8.540958e-09
9.978142e-11
4.418825e-09
8.919669e-09
2.744506e-10
5.44905e-09
8.850993e-09
4.099788e-10
4.66573e-09
8.618099e-09
5.065484e-10
3.356843e-09
8.404919e-09
5.655857e-10
2.246583e-09
8.258817e-09
5.921613e-10
1.489603e-09
8.170921e-09
5.92996e-10
1.001427e-09
8.121431e-09
5.752148e-10
6.919065e-10
8.094113e-09
5.452419e-10
4.933187e-10
8.07851e-09
5.082371e-10
3.630235e-10
8.068505e-09
4.680513e-10
2.750202e-10
8.060787e-09
4.273714e-10
2.13646e-10
8.053688e-09
3.879475e-10
1.694808e-10
8.046447e-09
3.508275e-10
1.367927e-10
8.038771e-09
3.165582e-10
1.120314e-10
8.030595e-09
2.853525e-10
9.294323e-11
8.021951e-09
2.571998e-10
7.802746e-11
8.01291e-09
2.319795e-10
6.630807e-11
8.003553e-09
2.094596e-10
5.695644e-11
1.894664e-10
4.98261e-11
7.99393e-09
8.533041e-09
7.808971e-11
4.42279e-09
8.892494e-09
2.161636e-10
5.460811e-09
8.798516e-09
3.265281e-10
4.679724e-09
8.540067e-09
4.087241e-10
3.366158e-09
8.30565e-09
4.627968e-10
2.249085e-09
8.144885e-09
4.91444e-10
1.485087e-09
8.049466e-09
4.989875e-10
9.908689e-10
7.999087e-09
4.904822e-10
6.766466e-10
7.976449e-09
4.707894e-10
4.747074e-10
7.969817e-09
4.440216e-10
3.422898e-10
7.97183e-09
4.134039e-10
2.531894e-10
7.978093e-09
3.813094e-10
1.915166e-10
7.986074e-09
3.493844e-10
1.476334e-10
7.994364e-09
3.186999e-10
1.156185e-10
8.002213e-09
2.898944e-10
9.177114e-11
8.009245e-09
2.63299e-10
7.372693e-11
8.015292e-09
2.390278e-10
5.990875e-11
8.020303e-09
2.170679e-10
4.929869e-11
8.02429e-09
1.972976e-10
4.103145e-11
1.795939e-10
3.499679e-11
8.027268e-09
8.528231e-09
6.130026e-11
4.426324e-09
8.87476e-09
1.703563e-10
5.471306e-09
8.762922e-09
2.59397e-10
4.693476e-09
8.485508e-09
3.278652e-10
3.378371e-09
8.234221e-09
3.752611e-10
2.258012e-09
8.060377e-09
4.029108e-10
1.490169e-09
7.956254e-09
4.135415e-10
9.923053e-10
7.901425e-09
4.107004e-10
6.748854e-10
7.878107e-09
3.980248e-10
4.702563e-10
7.873914e-09
3.787469e-10
3.356756e-10
7.880805e-09
3.555146e-10
2.449169e-10
7.893754e-09
3.303604e-10
1.820474e-10
7.909684e-09
3.047588e-10
1.373683e-10
7.926746e-09
2.797214e-10
1.048895e-10
7.943848e-09
2.558952e-10
8.08416e-11
7.960355e-09
2.336566e-10
6.279741e-11
7.975914e-09
2.131835e-10
4.912723e-11
7.990337e-09
1.945253e-10
3.877083e-11
8.003545e-09
1.776325e-10
3.083208e-11
1.624183e-10
2.517217e-11
8.015482e-09
8.525024e-09
4.770315e-11
4.429211e-09
8.862743e-09
1.328153e-10
5.479802e-09
8.738323e-09
2.033892e-10
4.705049e-09
8.447028e-09
2.589519e-10
3.389718e-09
8.182804e-09
2.988543e-10
2.267817e-09
7.998272e-09
3.236535e-10
1.497899e-09
7.886258e-09
3.35033e-10
9.979385e-10
7.826367e-09
3.354442e-10
6.785644e-10
7.800569e-09
3.275582e-10
4.721622e-10
7.796102e-09
3.138571e-10
3.360122e-10
7.804506e-09
2.964539e-10
2.438966e-10
7.820356e-09
2.77029e-10
1.798847e-10
7.84023e-09
2.568462e-10
1.342717e-10
7.861985e-09
2.368064e-10
1.010533e-10
7.884297e-09
2.17514e-10
7.643987e-11
7.906353e-09
1.993439e-10
5.798068e-11
7.927661e-09
1.824988e-10
4.402302e-11
7.947933e-09
1.670612e-10
3.348116e-11
7.967015e-09
1.53027e-10
2.544589e-11
1.403394e-10
1.973201e-11
7.984794e-09
8.522896e-09
3.620111e-11
4.431448e-09
8.854529e-09
1.00908e-10
5.486371e-09
8.721169e-09
1.551577e-10
4.714168e-09
8.419736e-09
1.985985e-10
3.399094e-09
8.14576e-09
2.306297e-10
2.276467e-09
7.952854e-09
2.514136e-10
1.505384e-09
7.834314e-09
2.619659e-10
1.004184e-09
7.769842e-09
2.639455e-10
6.836143e-10
7.741284e-09
2.592608e-10
4.760896e-10
7.735635e-09
2.497551e-10
3.389056e-10
7.744157e-09
2.370484e-10
2.458502e-10
7.761152e-09
2.224677e-10
1.809977e-10
7.782949e-09
2.070396e-10
1.346453e-10
7.807204e-09
1.915183e-10
1.007875e-10
7.832427e-09
1.764271e-10
7.563019e-11
7.857679e-09
1.621049e-10
5.671522e-11
7.882374e-09
1.487494e-10
4.238225e-11
7.906156e-09
1.364541e-10
3.153244e-11
7.928817e-09
1.252406e-10
2.325537e-11
1.150763e-10
1.732409e-11
7.950212e-09
8.521442e-09
2.611095e-11
4.433102e-09
8.848887e-09
7.281906e-11
5.491227e-09
8.709266e-09
1.122875e-10
4.72096e-09
8.400582e-09
1.442703e-10
3.406257e-09
8.11946e-09
1.682969e-10
2.283287e-09
7.920243e-09
1.843522e-10
1.511527e-09
7.79661e-09
1.930279e-10
1.009569e-09
7.728384e-09
1.954056e-10
6.882511e-10
7.697358e-09
1.927878e-10
4.800117e-10
7.690381e-09
1.864724e-10
3.421602e-10
7.698523e-09
1.776293e-10
2.484884e-10
7.71589e-09
1.672391e-10
1.830732e-10
7.738633e-09
1.560772e-10
1.362125e-10
7.764255e-09
1.447257e-10
1.018995e-10
7.791144e-09
1.335988e-10
7.633848e-11
7.818268e-09
1.22973e-10
5.70674e-11
7.844973e-09
1.130168e-10
4.242304e-11
7.870852e-09
1.038173e-10
3.129911e-11
7.895665e-09
9.540512e-11
2.278806e-11
8.776517e-11
1.663182e-11
7.919245e-09
8.520484e-09
1.694441e-11
4.434255e-09
8.84513e-09
4.726486e-11
5.494631e-09
8.701266e-09
7.302482e-11
4.72573e-09
8.387592e-09
9.405962e-11
3.411364e-09
8.101468e-09
1.100594e-10
2.288232e-09
7.897745e-09
1.209573e-10
1.51607e-09
7.770392e-09
1.27075e-10
1.01364e-09
7.699342e-09
1.290612e-10
6.918484e-10
7.666376e-09
1.277249e-10
4.831516e-10
7.658255e-09
1.238907e-10
3.448713e-10
7.665923e-09
1.183159e-10
2.508032e-10
7.683353e-09
1.116453e-10
1.850262e-10
7.706567e-09
1.04397e-10
1.378376e-10
7.732959e-09
9.696583e-11
1.032292e-10
7.760826e-09
8.963763e-11
7.740254e-11
7.789068e-09
8.260676e-11
5.78927e-11
7.816979e-09
7.599535e-11
4.303418e-11
7.844116e-09
6.986951e-11
3.171556e-11
7.870217e-09
6.425668e-11
2.303203e-11
5.915188e-11
1.670453e-11
7.895101e-09
8.519896e-09
4.434977e-09
8.84282e-09
5.496792e-09
8.696327e-09
4.728743e-09
8.379529e-09
3.41462e-09
8.090236e-09
2.291413e-09
7.88362e-09
1.519022e-09
7.753841e-09
1.016315e-09
7.680914e-09
6.942396e-10
7.646625e-09
4.852671e-10
7.637687e-09
3.467279e-10
7.644971e-09
2.524214e-10
7.662364e-09
1.864277e-10
7.685807e-09
1.390441e-10
7.712622e-09
1.042606e-10
7.741046e-09
7.827702e-11
7.769932e-09
5.862568e-11
7.798539e-09
4.363928e-11
7.8264e-09
3.220282e-11
7.853238e-09
2.341311e-11
1.697826e-11
7.878862e-09
6.884506e-09
1.348853e-09
2.881593e-09
5.753755e-09
1.442352e-09
3.16938e-09
4.6508e-09
1.154854e-09
2.396154e-09
3.792399e-09
8.094428e-10
1.484159e-09
3.199874e-09
5.409292e-10
8.958709e-10
2.803353e-09
3.601024e-10
5.67484e-10
2.533772e-09
2.450825e-10
3.846293e-10
2.343485e-09
1.725308e-10
2.801791e-10
2.20374e-09
1.256168e-10
2.175615e-10
2.097395e-09
9.419891e-11
1.781613e-10
2.014119e-09
7.229443e-11
1.515835e-10
1.947449e-09
5.648398e-11
1.321942e-10
1.893163e-09
4.474987e-11
1.169426e-10
1.84838e-09
3.5853e-11
1.042222e-10
1.811057e-09
2.899621e-11
9.319671e-11
1.779691e-09
2.364301e-11
8.342883e-11
1.753148e-09
1.94218e-11
7.46828e-11
1.730558e-09
1.605697e-11
6.680125e-11
1.711229e-09
1.3366e-11
5.97197e-11
1.11275e-11
5.32338e-11
1.694673e-09
8.817054e-09
9.584082e-10
3.670713e-09
9.156165e-09
1.590855e-09
5.027002e-09
8.746401e-09
1.64788e-09
4.520276e-09
7.994872e-09
1.424292e-09
3.347216e-09
7.225435e-09
1.129531e-09
2.271969e-09
6.572201e-09
8.618147e-10
1.512725e-09
6.056532e-09
6.502655e-10
1.022801e-09
5.657475e-09
4.934212e-10
7.174247e-10
5.347328e-09
3.792956e-10
5.262769e-10
5.102954e-09
2.960401e-10
4.042826e-10
4.907227e-09
2.344271e-10
3.238795e-10
4.747994e-09
1.880114e-10
2.686116e-10
4.616673e-09
1.524283e-10
2.286993e-10
4.507131e-09
1.247259e-10
1.983584e-10
4.414899e-09
1.028773e-10
1.741803e-10
4.336639e-09
8.546048e-11
1.541522e-10
4.269808e-09
7.145231e-11
1.370769e-10
4.212414e-09
6.009768e-11
1.221966e-10
4.162893e-09
5.083882e-11
1.090933e-10
4.317269e-11
9.718817e-11
4.11997e-09
8.803913e-09
5.746542e-10
3.676512e-09
9.654495e-09
1.204262e-09
5.173164e-09
9.879424e-09
1.480441e-09
4.910383e-09
9.629048e-09
1.491313e-09
3.900701e-09
9.160313e-09
1.350436e-09
2.846304e-09
8.647358e-09
1.151223e-09
2.021587e-09
8.172634e-09
9.497515e-10
1.434632e-09
7.763308e-09
7.72313e-10
1.034643e-09
7.420377e-09
6.259704e-10
7.646672e-10
7.13555e-09
5.089056e-10
5.815688e-10
6.89861e-09
4.162225e-10
4.556703e-10
6.700279e-09
3.428055e-10
3.673382e-10
6.532972e-09
2.843106e-10
3.03758e-10
6.390739e-09
2.37339e-10
2.566046e-10
6.268976e-09
1.993155e-10
2.204875e-10
6.164101e-09
1.68308e-10
1.91919e-10
6.073304e-09
1.428539e-10
1.686403e-10
5.994331e-09
1.218466e-10
1.491488e-10
5.92538e-09
1.044131e-10
1.325207e-10
8.987554e-11
1.177561e-10
5.864882e-09
8.640187e-09
3.60331e-10
3.647552e-09
9.440904e-09
8.66479e-10
5.061625e-09
9.814329e-09
1.162627e-09
4.791641e-09
9.837331e-09
1.281388e-09
3.833958e-09
9.662121e-09
1.268547e-09
2.848595e-09
9.398412e-09
1.175089e-09
2.077975e-09
9.108699e-09
1.043452e-09
1.519265e-09
8.825783e-09
9.032176e-10
1.126634e-09
8.564757e-09
7.709485e-10
8.513327e-10
8.331054e-09
6.538736e-10
6.566539e-10
8.124956e-09
5.536876e-10
5.171784e-10
7.944366e-09
4.693922e-10
4.157333e-10
7.786352e-09
3.989693e-10
3.407411e-10
7.647919e-09
3.40228e-10
2.843199e-10
7.526343e-09
2.911634e-10
2.410541e-10
7.419264e-09
2.500751e-10
2.071944e-10
7.324686e-09
2.155544e-10
1.8013e-10
7.240912e-09
1.864785e-10
1.580152e-10
7.166537e-09
1.618895e-10
1.396041e-10
1.411141e-10
1.236982e-10
7.100242e-09
8.543581e-09
2.435136e-10
3.633575e-09
9.243778e-09
6.272531e-10
4.99044e-09
9.576253e-09
8.85178e-10
4.660602e-09
9.645388e-09
1.029692e-09
3.666552e-09
9.586178e-09
1.079061e-09
2.683659e-09
9.471612e-09
1.058278e-09
1.941836e-09
9.332457e-09
9.923291e-10
1.419451e-09
9.183393e-09
9.027223e-10
1.059243e-09
9.033106e-09
8.05101e-10
8.084307e-10
8.887415e-09
7.092675e-10
6.302752e-10
8.74987e-09
6.204599e-10
5.009046e-10
8.622257e-09
5.408819e-10
4.04991e-10
8.505137e-09
4.709568e-10
3.325952e-10
8.398324e-09
4.101884e-10
2.770945e-10
8.301237e-09
3.576823e-10
2.339448e-10
8.213127e-09
3.124404e-10
1.999432e-10
8.133202e-09
2.734848e-10
1.72776e-10
8.060686e-09
2.399614e-10
1.5075e-10
7.994873e-09
2.110536e-10
1.326191e-10
1.862323e-10
1.173458e-10
7.935013e-09
8.498878e-09
1.745038e-10
3.628472e-09
9.122805e-09
4.695531e-10
4.968388e-09
9.38531e-09
6.830439e-10
4.604675e-09
9.419481e-09
8.201554e-10
3.567498e-09
9.371098e-09
8.895603e-10
2.555653e-09
9.306477e-09
9.046776e-10
1.805691e-09
9.241701e-09
8.80052e-10
1.29118e-09
9.176905e-09
8.296162e-10
9.47183e-10
9.110341e-09
7.64982e-10
7.148893e-10
9.041904e-09
6.947108e-10
5.540702e-10
8.972641e-09
6.244921e-10
4.393287e-10
8.903918e-09
5.577204e-10
3.550019e-10
8.836934e-09
4.961542e-10
2.914283e-10
8.772546e-09
4.404881e-10
2.42508e-10
8.711279e-09
3.907768e-10
2.042575e-10
8.653401e-09
3.46733e-10
1.739704e-10
8.598996e-09
3.078908e-10
1.497205e-10
8.548031e-09
2.73759e-10
1.301198e-10
8.500413e-09
2.43773e-10
1.140694e-10
2.175875e-10
1.008899e-10
8.455938e-09
8.474721e-09
1.309248e-10
3.629192e-09
9.052711e-09
3.597976e-10
4.969723e-09
9.263049e-09
5.345308e-10
4.594366e-09
9.25377e-09
6.563438e-10
3.531977e-09
9.181674e-09
7.288121e-10
2.494952e-09
9.116597e-09
7.593946e-10
1.727326e-09
9.07206e-09
7.571319e-10
1.204723e-09
9.042462e-09
7.313605e-10
8.605712e-10
9.019867e-09
6.904615e-10
6.332692e-10
8.999023e-09
6.411493e-10
4.800847e-10
8.977359e-09
5.883751e-10
3.738173e-10
8.954035e-09
5.355205e-10
2.977e-10
8.929101e-09
4.84717e-10
2.415078e-10
8.902965e-09
4.371792e-10
1.989396e-10
8.876114e-09
3.934889e-10
1.660257e-10
8.848992e-09
3.538236e-10
1.401844e-10
8.821959e-09
3.181015e-10
1.196495e-10
8.795291e-09
2.861283e-10
1.032149e-10
8.769195e-09
2.575798e-10
8.988254e-11
2.322577e-10
7.929067e-11
8.743786e-09
8.462179e-09
1.009211e-10
3.631962e-09
9.010933e-09
2.809537e-10
4.979141e-09
9.184441e-09
4.236086e-10
4.603143e-09
9.139533e-09
5.285875e-10
3.529508e-09
9.040113e-09
5.97009e-10
2.477806e-09
8.959619e-09
6.329183e-10
1.696574e-09
8.912187e-09
6.420338e-10
1.163957e-09
8.89076e-09
6.308123e-10
8.138816e-10
8.884926e-09
6.054289e-10
5.841846e-10
8.886743e-09
5.7111e-10
4.31246e-10
8.891232e-09
5.319467e-10
3.269599e-10
8.895657e-09
4.909361e-10
2.538055e-10
8.898709e-09
4.501436e-10
2.010022e-10
8.899897e-09
4.109017e-10
1.618817e-10
8.899162e-09
3.739967e-10
1.322593e-10
8.896644e-09
3.398337e-10
1.094506e-10
8.892565e-09
3.085505e-10
9.165727e-11
8.887166e-09
2.801381e-10
7.769813e-11
8.880672e-09
2.544455e-10
6.658393e-11
2.313629e-10
5.8117e-11
8.873276e-09
8.454533e-09
7.903545e-11
3.635455e-09
8.984572e-09
2.213171e-10
4.990409e-09
9.133021e-09
3.372155e-10
4.617668e-09
9.061817e-09
4.259666e-10
3.539983e-09
8.939448e-09
4.874739e-10
2.480989e-09
8.842035e-09
5.237205e-10
1.691698e-09
8.784748e-09
5.382499e-10
1.15194e-09
8.760375e-09
5.355452e-10
7.962871e-10
8.757657e-09
5.202e-10
5.626538e-10
8.767477e-09
4.96306e-10
4.072744e-10
8.783615e-09
4.672162e-10
3.017813e-10
8.802201e-09
4.355043e-10
2.283629e-10
8.820974e-09
4.030387e-10
1.759653e-10
8.838701e-09
3.711042e-10
1.376885e-10
8.854772e-09
3.405291e-10
1.091684e-10
8.868936e-09
3.118044e-10
8.759202e-11
8.881145e-09
2.85174e-10
7.10756e-11
8.891464e-09
2.607268e-10
5.839175e-11
8.900005e-09
2.3842e-10
4.851539e-11
2.181915e-10
4.127857e-11
8.906895e-09
8.449923e-09
6.206146e-11
3.638687e-09
8.967467e-09
1.744046e-10
5.000675e-09
9.098329e-09
2.677374e-10
4.632092e-09
9.007787e-09
3.413024e-10
3.553578e-09
8.867483e-09
3.945465e-10
2.491243e-09
8.755478e-09
4.282975e-10
1.697596e-09
8.687804e-09
4.446842e-10
1.153546e-09
8.657347e-09
4.467793e-10
7.941082e-10
8.652516e-09
4.379667e-10
5.573204e-10
8.663637e-09
4.214179e-10
3.994426e-10
8.683856e-09
3.998437e-10
2.92071e-10
8.708673e-09
3.754068e-10
2.173272e-10
8.735267e-09
3.497397e-10
1.640733e-10
8.761927e-09
3.240136e-10
1.253201e-10
8.787656e-09
2.990236e-10
9.66183e-11
8.811903e-09
2.752749e-10
7.508014e-11
8.834389e-09
2.530536e-10
5.876118e-11
8.855005e-09
2.324965e-10
4.63856e-11
8.873737e-09
2.136242e-10
3.689576e-11
1.964035e-10
3.008504e-11
8.890612e-09
8.446859e-09
4.829962e-11
3.641426e-09
8.955917e-09
1.359484e-10
5.0092e-09
9.074435e-09
2.098171e-10
4.644451e-09
8.969819e-09
2.692995e-10
3.566337e-09
8.815898e-09
3.137375e-10
2.502547e-09
8.692185e-09
3.43343e-10
1.706566e-09
8.615433e-09
3.593463e-10
1.160029e-09
8.578706e-09
3.63817e-10
7.982532e-10
8.570269e-09
3.592037e-10
5.593628e-10
8.580134e-09
3.479134e-10
3.996518e-10
8.60107e-09
3.320837e-10
2.907204e-10
8.628199e-09
3.134787e-10
2.146836e-10
8.658349e-09
2.934738e-10
1.603874e-10
8.689509e-09
2.730886e-10
1.208186e-10
8.720431e-09
2.530414e-10
9.150019e-11
8.750363e-09
2.33809e-10
6.951423e-11
8.778869e-09
2.156819e-10
5.288866e-11
8.805714e-09
1.988146e-10
4.031793e-11
8.830792e-09
1.832626e-10
3.073002e-11
1.690146e-10
2.386305e-11
8.85405e-09
8.444833e-09
3.665255e-11
3.643575e-09
8.948044e-09
1.032684e-10
5.015841e-09
9.057815e-09
1.599876e-10
4.654227e-09
8.942959e-09
2.063706e-10
3.576879e-09
8.778841e-09
2.418263e-10
2.512496e-09
8.646056e-09
2.662818e-10
1.71523e-09
8.561944e-09
2.804179e-10
1.167225e-09
8.519762e-09
2.855991e-10
8.040143e-10
8.507718e-09
2.83551e-10
5.637855e-10
8.515636e-09
2.760431e-10
4.02858e-10
8.536033e-09
2.646992e-10
2.928377e-10
8.563771e-09
2.508981e-10
2.158402e-10
8.595438e-09
2.357438e-10
1.607084e-10
8.628815e-09
2.200766e-10
1.204232e-10
8.662482e-09
2.045051e-10
9.049937e-11
8.695551e-09
1.894467e-10
6.80082e-11
8.72748e-09
1.751676e-10
5.096767e-11
8.757951e-09
1.618188e-10
3.805675e-11
8.786798e-09
1.494698e-10
2.820172e-11
1.381252e-10
2.109265e-11
8.813919e-09
8.44345e-09
2.64344e-11
3.645183e-09
8.942645e-09
7.450964e-11
5.02079e-09
9.0463e-09
1.157403e-10
4.661552e-09
8.92414e-09
1.498258e-10
3.584961e-09
8.752584e-09
1.763096e-10
2.52036e-09
8.613012e-09
1.950216e-10
1.72236e-09
8.523224e-09
2.063181e-10
1.173456e-09
8.476665e-09
2.110667e-10
8.093426e-10
8.461541e-09
2.104311e-10
5.682554e-10
8.467561e-09
2.056471e-10
4.065359e-10
8.487075e-09
1.978789e-10
2.957949e-10
8.514761e-09
1.881378e-10
2.181481e-10
8.547031e-09
1.772503e-10
1.62436e-10
8.581512e-09
1.658584e-10
1.216357e-10
8.616662e-09
1.544369e-10
9.125752e-11
8.65149e-09
1.43319e-10
6.836711e-11
8.685378e-09
1.327242e-10
5.097815e-11
8.717953e-09
1.227823e-10
3.776073e-11
8.749007e-09
1.135602e-10
2.764388e-11
1.050714e-10
2.02824e-11
8.77841e-09
8.44254e-09
1.715266e-11
3.646309e-09
8.939054e-09
4.835628e-11
5.02427e-09
9.038569e-09
7.525005e-11
4.666706e-09
8.911393e-09
9.76405e-11
3.590726e-09
8.734645e-09
1.152282e-10
2.526061e-09
8.590252e-09
1.278526e-10
1.727632e-09
8.496352e-09
1.356857e-10
1.178174e-09
8.446542e-09
1.392371e-10
8.134878e-10
8.429051e-09
1.392227e-10
5.718506e-10
8.433525e-09
1.364229e-10
4.09621e-10
8.452205e-09
1.315875e-10
2.984148e-10
8.479643e-09
1.25378e-10
2.203482e-10
8.512128e-09
1.183434e-10
1.642597e-10
8.547177e-09
1.109161e-10
1.231227e-10
8.583152e-09
1.034208e-10
9.244355e-11
8.618991e-09
9.608877e-11
6.928361e-11
8.654021e-09
8.907557e-11
5.165337e-11
8.687826e-09
8.247592e-11
3.821686e-11
8.720171e-09
7.634147e-11
2.790577e-11
7.068669e-11
2.035129e-11
8.750908e-09
8.441981e-09
3.647019e-09
8.936849e-09
5.026483e-09
9.0338e-09
4.669969e-09
8.903486e-09
3.594406e-09
8.723456e-09
2.529733e-09
8.575977e-09
1.731062e-09
8.479408e-09
1.181278e-09
8.427454e-09
8.162505e-10
8.408371e-09
5.742814e-10
8.411773e-09
4.117432e-10
8.429836e-09
3.00256e-10
8.457036e-09
2.219371e-10
8.489581e-09
1.656234e-10
8.524917e-09
1.24286e-10
8.561344e-09
9.3428e-11
8.597751e-09
7.010747e-11
8.633426e-09
5.233241e-11
8.667926e-09
3.876267e-11
8.700998e-09
2.833146e-11
2.065557e-11
8.732483e-09
6.797646e-09
1.355284e-09
2.373976e-09
5.714584e-09
1.435239e-09
2.817203e-09
4.697993e-09
1.150955e-09
2.26179e-09
3.899448e-09
8.148366e-10
1.467867e-09
3.334476e-09
5.52517e-10
9.083265e-10
2.947236e-09
3.744015e-10
5.80322e-10
2.67886e-09
2.594959e-10
3.935094e-10
2.486528e-09
1.85953e-10
2.865586e-10
2.343531e-09
1.377247e-10
2.22834e-10
2.233629e-09
1.049828e-10
1.8308e-10
2.14689e-09
8.184993e-11
1.564725e-10
2.077017e-09
6.493207e-11
1.371349e-10
2.019846e-09
5.221249e-11
1.219016e-10
1.972499e-09
4.244426e-11
1.091244e-10
1.932913e-09
3.481955e-11
9.796304e-11
1.899557e-09
2.879064e-11
8.799433e-11
1.871266e-09
2.397512e-11
7.899892e-11
1.847139e-09
2.008719e-11
7.084138e-11
1.826457e-09
1.693602e-11
6.346544e-11
1.428684e-11
5.669346e-11
1.808711e-09
8.71699e-09
9.599779e-10
2.994341e-09
9.129325e-09
1.589596e-09
4.46031e-09
8.878099e-09
1.655564e-09
4.266893e-09
8.265714e-09
1.447563e-09
3.326874e-09
7.57823e-09
1.165557e-09
2.346414e-09
6.961358e-09
9.045486e-10
1.59945e-09
6.456335e-09
6.940749e-10
1.093244e-09
6.05583e-09
5.350273e-10
7.688558e-10
5.739135e-09
4.173231e-10
5.63373e-10
5.486374e-09
3.301539e-10
4.31873e-10
5.28191e-09
2.647684e-10
3.454253e-10
5.114261e-09
2.14897e-10
2.862953e-10
4.975133e-09
1.762196e-10
2.438205e-10
4.858492e-09
1.457744e-10
2.116684e-10
4.75988e-09
1.215054e-10
1.861073e-10
4.675921e-09
1.019561e-10
1.64945e-10
4.604019e-09
8.606986e-11
1.468843e-10
4.54212e-09
7.30607e-11
1.311221e-10
4.488599e-09
6.23438e-11
1.172067e-10
5.338785e-11
1.045734e-10
4.442113e-09
8.702926e-09
5.752686e-10
3.003608e-09
9.637632e-09
1.209899e-09
4.618155e-09
1.00437e-08
1.498347e-09
4.661528e-09
9.967702e-09
1.526089e-09
3.898178e-09
9.618938e-09
1.401373e-09
2.959251e-09
9.173638e-09
1.213433e-09
2.158003e-09
8.730939e-09
1.016916e-09
1.554491e-09
8.333034e-09
8.393317e-10
1.128243e-09
7.990564e-09
6.897077e-10
8.347529e-10
7.700666e-09
5.678256e-10
6.337953e-10
7.456057e-09
4.698095e-10
4.952381e-10
7.249027e-09
3.91097e-10
3.98168e-10
7.072829e-09
3.276093e-10
3.285666e-10
6.921958e-09
2.76054e-10
2.771953e-10
6.792039e-09
2.338822e-10
2.380306e-10
6.679594e-09
1.991499e-10
2.071702e-10
6.581849e-09
1.703658e-10
1.820893e-10
6.496543e-09
1.463892e-10
1.611262e-10
6.421848e-09
1.263118e-10
1.432477e-10
1.094266e-10
1.274299e-10
6.356135e-09
8.537842e-09
3.608341e-10
2.969457e-09
9.424857e-09
8.745089e-10
4.51e-09
9.983838e-09
1.183124e-09
4.547883e-09
1.018946e-08
1.317503e-09
3.836923e-09
1.014844e-08
1.320929e-09
2.970054e-09
9.970699e-09
1.241063e-09
2.228088e-09
9.731714e-09
1.118163e-09
1.657003e-09
9.476656e-09
9.815968e-10
1.239427e-09
9.229294e-09
8.489624e-10
9.394404e-10
9.00057e-09
7.288364e-10
7.243676e-10
8.794201e-09
6.24071e-10
5.692858e-10
8.610225e-09
5.344873e-10
4.563186e-10
8.447045e-09
4.585859e-10
3.729449e-10
8.302505e-09
3.944783e-10
3.10435e-10
8.174415e-09
3.403221e-10
2.627044e-10
8.060752e-09
2.944946e-10
2.255127e-10
7.959733e-09
2.556156e-10
1.958997e-10
7.869787e-09
2.225643e-10
1.717856e-10
7.789582e-09
1.943671e-10
1.517537e-10
1.703438e-10
1.345473e-10
7.717816e-09
8.440374e-09
2.44385e-10
2.954963e-09
9.226802e-09
6.354099e-10
4.44311e-09
9.7442e-09
9.039561e-10
4.422372e-09
9.994474e-09
1.061408e-09
3.672374e-09
1.006999e-08
1.125053e-09
2.804019e-09
1.0046e-08
1.117654e-09
2.08924e-09
9.965921e-09
1.062181e-09
1.555508e-09
9.855161e-09
9.791871e-10
1.172413e-09
9.729426e-09
8.844354e-10
8.986929e-10
9.598956e-09
7.884417e-10
7.011398e-10
9.470203e-09
6.973128e-10
5.564161e-10
9.346925e-09
6.140287e-10
4.487268e-10
9.231062e-09
5.396122e-10
3.674325e-10
9.123399e-09
4.739913e-10
3.052442e-10
9.024051e-09
4.165539e-10
2.570608e-10
8.932764e-09
3.664809e-10
2.192438e-10
8.849105e-09
3.229021e-10
1.891487e-10
8.772551e-09
2.850246e-10
1.648446e-10
8.702576e-09
2.520594e-10
1.449009e-10
2.235064e-10
1.282129e-10
8.638547e-09
8.395635e-09
1.755584e-10
2.946976e-09
9.106103e-09
4.768965e-10
4.416433e-09
9.553035e-09
6.989469e-10
4.362752e-09
9.765744e-09
8.462962e-10
3.569901e-09
9.84856e-09
9.273552e-10
2.670535e-09
9.87225e-09
9.541771e-10
1.945478e-09
9.86689e-09
9.397891e-10
1.418932e-09
9.843394e-09
8.97071e-10
1.052795e-09
9.806362e-09
8.372856e-10
7.990714e-10
9.759259e-09
7.6919e-10
6.204245e-10
9.705313e-09
6.989477e-10
4.916404e-10
9.647363e-09
6.305002e-10
3.964804e-10
9.587682e-09
5.6611e-10
3.246109e-10
9.527948e-09
5.068855e-10
2.693476e-10
9.469324e-09
4.531983e-10
2.262373e-10
9.412574e-09
4.049914e-10
1.922102e-10
9.358174e-09
3.61961e-10
1.650613e-10
9.306395e-09
3.237264e-10
1.431971e-10
9.257378e-09
2.89793e-10
1.253526e-10
2.598775e-10
1.107913e-10
9.211106e-09
8.371669e-09
1.319893e-10
2.946405e-09
9.036783e-09
3.66044e-10
4.415462e-09
9.431755e-09
5.475352e-10
4.350805e-09
9.599574e-09
6.773292e-10
3.533126e-09
9.655649e-09
7.590498e-10
2.607181e-09
9.675433e-09
7.993281e-10
1.862391e-09
9.687655e-09
8.061204e-10
1.32617e-09
9.698192e-09
7.878591e-10
9.592456e-10
9.705591e-09
7.524538e-10
7.107029e-10
9.707946e-09
7.065514e-10
5.403674e-10
9.704497e-09
6.552973e-10
4.209176e-10
9.695494e-09
6.02393e-10
3.348097e-10
9.681744e-09
5.503207e-10
2.710466e-10
9.664235e-09
5.006224e-10
2.227125e-10
9.643922e-09
4.541589e-10
1.853778e-10
9.621642e-09
4.113326e-10
1.561235e-10
9.598082e-09
3.722353e-10
1.329348e-10
9.573794e-09
3.368037e-10
1.144255e-10
9.549209e-09
3.048074e-10
9.945285e-11
2.761272e-10
8.76075e-11
9.524643e-09
8.359344e-09
1.018831e-10
2.948036e-09
8.995831e-09
2.860943e-10
4.422604e-09
9.354513e-09
4.340567e-10
4.35794e-09
9.486205e-09
5.452484e-10
3.529897e-09
9.513145e-09
6.209524e-10
2.588963e-09
9.514866e-09
6.647139e-10
1.829467e-09
9.52143e-09
6.814731e-10
1.28204e-09
9.537853e-09
6.769599e-10
9.083584e-10
9.560545e-09
6.568959e-10
6.570497e-10
9.585025e-09
6.263449e-10
4.869726e-10
9.608071e-09
5.894448e-10
3.697663e-10
9.6279e-09
5.493624e-10
2.870075e-10
9.643783e-09
5.083868e-10
2.270527e-10
9.65564e-09
4.680839e-10
1.825637e-10
9.663731e-09
4.29457e-10
1.488701e-10
9.668471e-09
3.930998e-10
1.229429e-10
9.670318e-09
3.593066e-10
1.027397e-10
9.669719e-09
3.281935e-10
8.690691e-11
9.667081e-09
2.997072e-10
7.432183e-11
2.738184e-10
6.473904e-11
9.662768e-09
8.351875e-09
7.985391e-11
2.950922e-09
8.970155e-09
2.254629e-10
4.43276e-09
9.304332e-09
3.455124e-10
4.372035e-09
9.409668e-09
4.390912e-10
3.540804e-09
9.41269e-09
5.063037e-10
2.592616e-09
9.395802e-09
5.488358e-10
1.824464e-09
9.39047e-09
5.696664e-10
1.269078e-09
9.401915e-09
5.727008e-10
8.891009e-10
9.425974e-09
5.621335e-10
6.333575e-10
9.457155e-09
5.418707e-10
4.605678e-10
9.49107e-09
5.152441e-10
3.420667e-10
9.5248e-09
4.849119e-10
2.590839e-10
9.556618e-09
4.528828e-10
1.996506e-10
9.58563e-09
4.206037e-10
1.561573e-10
9.611464e-09
3.890639e-10
1.237275e-10
9.634065e-09
3.589023e-10
9.918821e-11
9.653551e-09
3.30492e-10
8.040447e-11
9.670133e-09
3.040299e-10
6.597348e-11
9.684054e-09
2.795622e-10
5.473933e-11
2.570988e-10
4.647878e-11
9.695573e-09
8.347399e-09
6.272937e-11
2.953724e-09
8.953581e-09
1.776916e-10
4.442265e-09
9.27065e-09
2.742522e-10
4.386283e-09
9.35675e-09
3.515534e-10
3.555015e-09
9.341325e-09
4.092378e-10
2.603734e-09
9.308794e-09
4.479639e-10
1.830999e-09
9.291691e-09
4.694503e-10
1.270865e-09
9.295551e-09
4.763153e-10
8.866341e-10
9.316046e-09
4.716057e-10
6.273532e-10
9.347255e-09
4.583127e-10
4.517916e-10
9.384234e-09
4.39096e-10
3.312403e-10
9.423476e-09
4.161551e-10
2.468416e-10
9.462701e-09
3.912108e-10
1.865202e-10
9.50052e-09
3.65547e-10
1.425573e-10
9.536149e-09
3.400775e-10
1.099758e-10
9.569194e-09
3.154211e-10
8.551663e-11
9.599503e-09
2.919672e-10
6.697728e-11
9.627076e-09
2.699408e-10
5.290172e-11
9.651994e-09
2.494387e-10
4.210085e-11
2.304884e-10
3.430383e-11
9.674386e-09
8.344432e-09
4.882673e-11
2.956209e-09
8.942426e-09
1.385041e-10
4.450394e-09
9.24753e-09
2.148511e-10
4.398747e-09
9.319699e-09
2.771919e-10
3.56853e-09
9.290379e-09
3.250408e-10
2.616064e-09
9.245475e-09
3.585186e-10
1.840914e-09
9.218369e-09
3.785602e-10
1.278025e-09
9.214903e-09
3.868847e-10
8.911505e-10
9.230712e-09
3.856652e-10
6.29494e-10
9.259647e-09
3.771476e-10
4.518819e-10
9.296445e-09
3.634081e-10
3.296097e-10
9.337258e-09
3.462208e-10
2.43805e-10
9.379475e-09
3.270157e-10
1.823655e-10
9.421411e-09
3.068906e-10
1.37539e-10
9.462026e-09
2.866511e-10
1.043122e-10
9.500711e-09
2.668606e-10
7.938976e-11
9.537139e-09
2.4789e-10
6.05371e-11
9.571168e-09
2.29965e-10
4.626496e-11
9.602765e-09
2.13203e-10
3.536893e-11
1.976428e-10
2.751579e-11
9.631958e-09
8.342476e-09
3.705295e-11
2.958185e-09
8.934841e-09
1.051975e-10
4.456782e-09
9.231488e-09
1.63772e-10
4.408659e-09
9.293553e-09
2.122902e-10
3.579715e-09
9.253883e-09
2.503007e-10
2.626906e-09
9.199479e-09
2.776853e-10
1.850468e-09
9.164385e-09
2.949166e-10
1.285962e-09
9.154724e-09
3.030968e-10
8.97463e-10
9.16615e-09
3.037358e-10
6.342885e-10
9.192378e-09
2.984692e-10
4.553087e-10
9.227935e-09
2.888609e-10
3.318275e-10
9.268741e-09
2.762858e-10
2.449694e-10
9.311961e-09
2.618801e-10
1.826239e-10
9.35571e-09
2.465375e-10
1.370275e-10
9.398776e-09
2.309295e-10
1.031546e-10
9.440412e-09
2.15538e-10
7.769531e-11
9.480176e-09
2.006904e-10
5.840296e-11
9.517835e-09
1.865929e-10
4.377067e-11
9.553284e-09
1.733637e-10
3.259181e-11
1.610477e-10
2.448043e-11
9.586491e-09
8.341142e-09
2.672172e-11
2.959684e-09
8.929649e-09
7.589217e-11
4.461589e-09
9.220391e-09
1.184447e-10
4.416138e-09
9.275265e-09
1.540499e-10
3.588328e-09
9.228071e-09
1.823551e-10
2.635499e-09
9.166599e-09
2.031707e-10
1.858346e-09
9.125406e-09
2.167117e-10
1.292855e-09
9.110856e-09
2.236592e-10
9.033299e-10
9.118652e-09
2.250189e-10
6.391766e-10
9.142433e-09
2.219237e-10
4.593003e-10
9.176588e-09
2.154877e-10
3.350127e-10
9.216873e-09
2.067124e-10
2.474368e-10
9.26029e-09
1.964425e-10
1.844566e-10
9.304807e-09
1.853548e-10
1.383015e-10
9.349088e-09
1.739673e-10
1.039386e-10
9.392284e-09
1.626591e-10
7.805058e-11
9.433873e-09
1.516938e-10
5.838483e-11
9.473561e-09
1.412417e-10
4.342434e-11
9.511198e-09
1.31406e-10
3.196489e-11
1.222302e-10
2.358243e-11
9.546715e-09
8.340266e-09
1.733776e-11
2.96074e-09
8.9262e-09
4.924884e-11
4.464979e-09
9.212949e-09
7.699188e-11
4.42141e-09
9.262891e-09
1.003591e-10
3.594475e-09
9.210459e-09
1.191184e-10
2.64173e-09
9.143987e-09
1.331026e-10
1.864172e-09
9.0984e-09
1.423963e-10
1.298076e-09
9.080256e-09
1.473895e-10
9.079024e-10
9.085309e-09
1.486946e-10
6.431217e-10
9.107164e-09
1.470228e-10
4.626667e-10
9.140122e-09
1.430879e-10
3.378568e-10
9.179826e-09
1.375423e-10
2.498147e-10
9.223163e-09
1.30944e-10
1.864203e-10
9.267997e-09
1.237463e-10
1.398978e-10
9.312898e-09
1.16301e-10
1.052084e-10
9.356944e-09
1.088684e-10
7.902903e-11
9.399555e-09
1.016329e-10
5.910305e-11
9.440391e-09
9.471581e-11
4.390654e-11
9.479272e-09
8.81927e-11
3.223772e-11
8.209828e-11
2.364714e-11
9.516108e-09
8.339727e-09
2.961409e-09
8.924083e-09
4.467141e-09
9.208361e-09
4.424756e-09
9.255222e-09
3.598406e-09
9.199483e-09
2.645747e-09
9.129818e-09
1.867967e-09
9.081391e-09
1.301516e-09
9.06089e-09
9.109558e-10
9.064117e-09
6.457964e-10
9.08466e-09
4.649906e-10
9.11677e-09
3.398644e-10
9.156022e-09
2.515409e-10
9.19923e-09
1.878978e-10
9.244187e-09
1.411555e-10
9.289405e-09
1.06271e-10
9.333908e-09
7.991729e-11
9.377081e-09
5.983435e-11
9.418551e-09
4.449368e-11
9.458119e-09
3.269485e-11
2.397294e-11
9.49568e-09
6.716544e-09
1.359527e-09
1.943217e-09
5.654776e-09
1.427024e-09
2.451946e-09
4.704369e-09
1.141278e-09
2.07092e-09
3.963254e-09
8.115124e-10
1.39747e-09
3.431465e-09
5.555231e-10
8.845923e-10
3.059646e-09
3.817533e-10
5.703872e-10
2.797116e-09
2.688125e-10
3.872271e-10
2.605961e-09
1.957807e-10
2.819326e-10
2.461942e-09
1.473339e-10
2.195193e-10
2.350057e-09
1.1404e-10
1.80925e-10
2.260994e-09
9.021984e-11
1.553154e-10
2.188768e-09
7.257508e-11
1.367859e-10
2.129362e-09
5.913856e-11
1.221691e-10
2.079963e-09
4.868889e-11
1.098349e-10
2.038525e-09
4.043068e-11
9.897064e-11
2.003513e-09
3.382094e-11
8.918458e-11
1.973751e-09
2.847767e-11
8.028336e-11
1.948319e-09
2.411282e-11
7.216027e-11
1.926482e-09
2.053284e-11
6.476963e-11
1.749436e-11
5.796816e-11
1.907713e-09
8.617661e-09
9.606169e-10
2.420903e-09
9.053947e-09
1.584239e-09
3.86681e-09
8.914734e-09
1.651628e-09
3.895756e-09
8.42573e-09
1.453397e-09
3.173993e-09
7.827458e-09
1.182883e-09
2.317327e-09
7.261312e-09
9.307525e-10
1.616597e-09
6.780067e-09
7.248428e-10
1.118458e-09
6.38799e-09
5.669492e-10
7.897646e-10
6.071778e-09
4.483766e-10
5.785427e-10
5.815613e-09
3.593253e-10
4.427518e-10
5.605999e-09
2.916442e-10
3.53615e-10
5.432574e-09
2.393797e-10
2.929158e-10
5.287627e-09
1.983702e-10
2.495356e-10
5.165424e-09
1.657289e-10
2.168318e-10
5.061641e-09
1.394315e-10
1.90889e-10
4.972959e-09
1.180304e-10
1.694177e-10
4.896784e-09
1.004661e-10
1.51071e-10
4.831042e-09
8.594372e-11
1.350332e-10
4.774077e-09
7.386706e-11
1.208372e-10
6.368925e-11
1.079544e-10
4.724501e-09
8.601229e-09
5.751413e-10
2.433167e-09
9.564206e-09
1.210743e-09
4.028673e-09
1.009486e-08
1.504531e-09
4.277968e-09
1.016688e-08
1.542771e-09
3.736787e-09
9.938964e-09
1.431067e-09
2.938981e-09
9.574468e-09
1.25486e-09
2.198393e-09
9.178928e-09
1.066091e-09
1.608783e-09
8.805406e-09
8.919517e-10
1.176763e-09
8.473423e-09
7.424649e-10
8.72648e-10
8.185943e-09
6.186197e-10
6.619809e-10
7.939221e-09
5.175022e-10
5.161017e-10
7.727641e-09
4.35182e-10
4.139457e-10
7.545692e-09
3.679565e-10
3.409298e-10
7.3886e-09
3.127429e-10
2.872735e-10
7.252415e-09
2.671016e-10
2.465447e-10
7.133909e-09
2.291401e-10
2.145668e-10
7.030439e-09
1.97386e-10
1.886394e-10
6.939807e-09
1.706996e-10
1.670023e-10
6.860208e-09
1.481624e-10
1.485511e-10
1.290595e-10
1.322749e-10
6.789993e-09
8.43463e-09
3.608509e-10
2.39443e-09
9.351525e-09
8.78777e-10
3.925072e-09
1.003827e-08
1.194723e-09
4.170944e-09
1.039708e-08
1.33935e-09
3.681533e-09
1.04867e-08
1.355222e-09
2.956279e-09
1.040405e-08
1.287695e-09
2.277904e-09
1.022842e-08
1.174602e-09
1.72412e-09
1.00132e-08
1.044159e-09
1.302448e-09
9.789543e-09
9.140829e-10
9.914757e-10
9.573823e-09
7.937168e-10
7.649906e-10
9.373461e-09
6.868014e-10
6.003485e-10
9.190975e-09
5.939077e-10
4.800792e-10
9.026416e-09
5.140838e-10
3.913759e-10
8.878733e-09
4.458078e-10
3.25053e-10
8.74647e-09
3.874695e-10
2.746004e-10
8.628094e-09
3.375864e-10
2.354425e-10
8.522147e-09
2.948585e-10
2.043741e-10
8.42727e-09
2.582074e-10
1.79154e-10
8.342267e-09
2.266755e-10
1.582443e-10
1.99601e-10
1.403726e-10
8.2659e-09
8.336172e-09
2.448813e-10
2.380072e-09
9.152556e-09
6.409551e-10
3.864549e-09
9.798068e-09
9.166683e-10
4.054916e-09
1.020081e-08
1.083062e-09
3.525917e-09
1.040676e-08
1.157484e-09
2.795812e-09
1.048034e-08
1.161458e-09
2.14189e-09
1.046944e-08
1.116204e-09
1.624808e-09
1.040677e-08
1.040959e-09
1.238284e-09
1.031409e-08
9.510081e-10
9.54445e-10
1.020595e-08
8.570593e-10
7.45943e-10
1.00918e-08
7.657487e-10
5.91613e-10
9.977574e-09
6.806586e-10
4.76204e-10
9.866765e-09
6.033499e-10
3.889758e-10
9.761309e-09
5.341763e-10
3.223318e-10
9.662164e-09
4.728394e-10
2.708354e-10
9.569699e-09
4.1874e-10
2.305551e-10
9.483937e-09
3.711568e-10
1.986122e-10
9.404688e-09
3.29395e-10
1.729059e-10
9.331671e-09
2.927239e-10
1.518703e-10
2.606983e-10
1.343698e-10
9.264416e-09
8.291168e-09
1.763495e-10
2.369652e-09
9.031829e-09
4.824577e-10
3.834269e-09
9.607151e-09
7.107333e-10
3.993366e-09
9.971135e-09
8.654281e-10
3.423551e-09
1.01818e-08
9.552836e-10
2.662068e-09
1.030069e-08
9.91747e-10
1.996304e-09
1.036378e-08
9.867161e-10
1.485325e-09
1.038989e-08
9.519627e-10
1.115688e-09
1.03894e-08
8.980839e-10
8.524802e-10
1.036947e-08
8.336673e-10
6.637444e-10
1.03357e-08
7.650538e-10
5.261096e-10
1.029255e-08
6.965358e-10
4.237481e-10
1.024352e-08
6.307714e-10
3.46224e-10
1.01912e-08
5.692372e-10
2.866013e-10
1.013751e-08
5.12614e-10
2.401592e-10
1.008378e-08
4.610893e-10
2.035914e-10
1.003095e-08
4.145444e-10
1.744991e-10
9.979667e-09
3.727351e-10
1.511415e-10
9.93035e-09
3.352616e-10
1.321323e-10
3.019245e-10
1.167015e-10
9.883214e-09
8.26723e-09
1.328669e-10
2.36797e-09
8.96295e-09
3.710648e-10
3.831134e-09
9.486883e-09
5.57692e-10
3.979915e-09
9.805559e-09
6.933376e-10
3.386539e-09
9.987573e-09
7.820323e-10
2.598419e-09
1.009974e-08
8.301483e-10
1.911824e-09
1.017774e-08
8.449248e-10
1.389959e-09
1.023617e-08
8.339551e-10
1.018828e-09
1.027973e-08
8.045236e-10
7.606964e-10
1.03102e-08
7.629765e-10
5.805872e-10
1.032895e-08
7.144307e-10
4.527917e-10
1.033756e-08
6.627358e-10
3.600048e-10
1.033773e-08
6.106104e-10
2.910335e-10
1.033115e-08
5.598575e-10
2.386791e-10
1.03193e-08
5.115861e-10
1.982492e-10
1.030349e-08
4.664157e-10
1.666091e-10
1.028478e-08
4.246185e-10
1.415751e-10
1.026403e-08
3.86275e-10
1.21633e-10
1.024194e-08
3.512653e-10
1.055376e-10
3.195656e-10
9.284527e-11
1.021906e-08
8.254999e-09
1.027142e-10
2.368502e-09
8.922543e-09
2.903652e-10
3.835759e-09
9.410887e-09
4.424649e-10
3.984824e-09
9.693601e-09
5.582644e-10
3.382256e-09
9.845538e-09
6.394368e-10
2.579621e-09
9.937711e-09
6.894534e-10
1.877989e-09
1.000766e-08
7.127941e-10
1.344227e-09
1.006967e-08
7.145653e-10
9.657366e-10
1.012676e-08
6.999663e-10
7.045182e-10
1.017833e-08
6.737497e-10
5.246273e-10
1.022335e-08
6.399403e-10
3.992328e-10
1.02613e-08
6.017383e-10
3.100545e-10
1.029223e-08
5.615553e-10
2.451778e-10
1.03166e-08
5.211229e-10
1.969353e-10
1.033506e-08
4.816213e-10
1.603722e-10
1.034836e-08
4.438135e-10
1.322387e-10
1.035725e-08
4.08145e-10
1.103284e-10
1.03624e-08
3.748607e-10
9.316676e-11
1.036444e-08
3.440137e-10
7.953976e-11
3.15665e-10
6.916283e-11
1.036391e-08
8.247626e-09
8.057809e-11
2.370744e-09
8.897345e-09
2.289752e-10
3.844431e-09
9.361815e-09
3.523082e-10
3.997722e-09
9.61854e-09
4.494846e-10
3.392859e-09
9.746213e-09
5.209531e-10
2.583426e-09
9.818674e-09
5.68426e-10
1.873031e-09
9.875091e-09
5.945833e-10
1.330872e-09
9.930283e-09
6.028638e-10
9.456106e-10
9.986968e-09
5.970381e-10
6.796004e-10
1.004376e-08
5.807303e-10
4.96798e-10
1.009858e-08
5.571362e-10
3.700492e-10
1.014982e-08
5.28893e-10
2.806854e-10
1.019654e-08
4.980662e-10
2.164248e-10
1.023832e-08
4.662036e-10
1.69296e-10
1.027514e-08
4.344153e-10
1.341163e-10
1.030719e-08
4.034648e-10
1.074796e-10
1.033482e-08
3.738431e-10
8.708257e-11
1.03584e-08
3.458525e-10
7.139986e-11
1.037833e-08
3.196311e-10
5.918806e-11
2.952662e-10
5.017711e-11
1.039503e-08
8.243225e-09
6.332857e-11
2.373061e-09
8.881149e-09
1.805067e-10
3.85281e-09
9.329028e-09
2.796404e-10
4.011071e-09
9.566907e-09
3.597275e-10
3.406893e-09
9.676061e-09
4.206997e-10
2.594834e-09
9.732277e-09
4.63289e-10
1.879921e-09
9.775897e-09
4.890218e-10
1.332806e-09
9.822226e-09
5.001678e-10
9.43001e-10
9.873988e-09
4.994341e-10
6.73195e-10
9.929505e-09
4.895694e-10
4.874359e-10
9.986254e-09
4.730989e-10
3.585284e-10
1.004211e-08
4.521785e-10
2.67702e-10
1.009559e-08
4.285497e-10
2.025502e-10
1.014582e-08
4.035572e-10
1.549749e-10
1.019234e-08
3.781974e-10
1.196798e-10
1.023498e-08
3.531794e-10
9.316368e-11
1.027376e-08
3.289823e-10
7.305046e-11
1.030884e-08
3.059143e-10
5.775835e-11
1.034042e-08
2.841471e-10
4.601128e-11
2.637715e-10
3.748455e-11
1.036873e-08
8.240315e-09
4.93032e-11
2.375232e-09
8.87028e-09
1.407065e-10
3.860229e-09
9.306594e-09
2.190364e-10
4.023037e-09
9.530879e-09
2.835055e-10
3.420468e-09
9.626175e-09
3.338604e-10
2.607607e-09
9.669688e-09
3.703125e-10
1.890378e-09
9.702662e-09
3.936749e-10
1.340398e-09
9.740811e-09
4.054088e-10
9.477598e-10
9.786926e-09
4.07421e-10
6.753927e-10
9.839187e-09
4.017563e-10
4.874341e-10
9.894826e-09
3.903694e-10
3.567005e-10
9.951425e-09
3.749834e-10
2.644009e-10
1.000722e-08
3.570296e-10
1.980929e-10
1.006104e-08
3.37642e-10
1.496358e-10
1.011217e-08
3.176822e-10
1.136898e-10
1.016025e-08
2.977793e-10
8.671184e-11
1.020511e-08
2.783718e-10
6.629033e-11
1.024673e-08
2.597494e-10
5.08076e-11
1.028519e-08
2.420895e-10
3.89718e-11
2.254813e-10
3.039119e-11
1.03206e-08
8.238399e-09
3.741645e-11
2.376985e-09
8.862906e-09
1.068651e-10
3.866117e-09
9.291062e-09
1.669264e-10
4.032613e-09
9.505515e-09
2.170303e-10
3.431738e-09
9.590532e-09
2.569045e-10
2.618844e-09
9.624358e-09
2.865185e-10
1.900436e-09
9.648934e-09
3.062696e-10
1.348792e-09
9.680317e-09
3.170733e-10
9.544153e-10
9.72138e-09
3.202381e-10
6.804083e-10
9.770228e-09
3.172399e-10
4.909775e-10
9.823929e-09
3.095406e-10
3.589548e-10
9.879872e-09
2.98466e-10
2.655443e-10
9.93609e-09
2.851441e-10
1.982907e-10
9.991234e-09
2.704889e-10
1.490371e-10
1.004443e-08
2.552096e-10
1.12427e-10
1.009517e-08
2.398346e-10
8.490002e-11
1.014318e-08
2.247415e-10
6.402999e-11
1.018833e-08
2.101851e-10
4.818018e-11
1.023063e-08
1.963296e-10
3.605601e-11
1.832591e-10
2.721041e-11
1.027012e-08
8.237095e-09
2.698317e-11
2.378335e-09
8.857864e-09
7.708918e-11
3.870595e-09
9.280334e-09
1.207014e-10
4.039893e-09
9.487801e-09
1.574323e-10
3.440459e-09
9.565367e-09
1.870585e-10
2.62778e-09
9.592021e-09
2.094635e-10
1.908747e-09
9.610231e-09
2.248174e-10
1.356096e-09
9.636341e-09
2.336726e-10
9.60621e-10
9.673313e-09
2.368898e-10
6.855527e-10
9.719217e-09
2.35484e-10
4.951518e-10
9.771017e-09
2.304902e-10
3.62264e-10
9.825959e-09
2.228689e-10
2.680912e-10
9.881936e-09
2.134535e-10
2.0017e-10
9.937462e-09
2.029312e-10
1.503334e-10
9.991551e-09
1.918445e-10
1.132151e-10
1.004359e-08
1.806041e-10
8.524518e-11
1.009321e-08
1.69509e-10
6.399015e-11
1.014026e-08
1.587645e-10
4.780222e-11
1.018465e-08
1.485073e-10
3.538874e-11
1.388103e-10
2.626318e-11
1.022642e-08
8.236237e-09
1.750641e-11
2.379292e-09
8.854519e-09
5.002214e-11
3.873765e-09
9.273147e-09
7.84458e-11
4.045037e-09
9.475828e-09
1.025351e-10
3.446691e-09
9.548215e-09
1.221404e-10
2.634261e-09
9.56981e-09
1.371467e-10
1.914894e-09
9.583459e-09
1.476136e-10
1.361631e-09
9.60572e-09
1.538503e-10
9.654629e-10
9.639642e-09
1.563758e-10
6.897143e-10
9.683283e-09
1.558234e-10
4.986864e-10
9.73354e-09
1.528535e-10
3.652365e-10
9.787568e-09
1.48089e-10
2.705667e-10
9.843155e-09
1.420783e-10
2.022079e-10
9.898719e-09
1.352794e-10
1.519858e-10
9.953187e-09
1.280583e-10
1.145269e-10
1.000587e-08
1.206953e-10
8.625415e-11
1.005636e-08
1.133973e-10
6.47292e-11
1.010442e-08
1.06308e-10
4.829675e-11
1.014998e-08
9.952522e-11
3.566622e-11
9.310286e-11
2.632496e-11
1.019301e-08
8.235711e-09
2.379901e-09
8.852467e-09
3.875793e-09
9.268719e-09
4.048311e-09
9.468412e-09
3.450684e-09
9.537533e-09
2.638445e-09
9.555904e-09
1.918902e-09
9.566613e-09
1.365282e-09
9.586365e-09
9.687011e-10
9.61827e-09
6.925418e-10
9.660389e-09
5.011332e-10
9.709582e-09
3.673422e-10
9.762946e-09
2.723714e-10
9.818207e-09
2.037488e-10
9.873715e-09
1.532952e-10
9.928342e-09
1.156318e-10
9.98135e-09
8.717695e-11
1.003229e-08
6.548846e-11
1.00809e-08
4.890606e-11
1.012707e-08
3.614022e-11
2.666247e-11
1.017078e-08
6.645714e-09
1.361973e-09
1.580843e-09
5.588631e-09
1.419221e-09
2.089808e-09
4.686022e-09
1.129299e-09
1.84423e-09
3.995534e-09
8.031012e-10
1.284856e-09
3.498179e-09
5.525277e-10
8.294196e-10
3.145289e-09
3.835997e-10
5.396775e-10
2.891863e-09
2.737011e-10
3.669522e-10
2.704369e-09
2.022519e-10
2.671744e-10
2.561132e-09
1.544604e-10
2.082965e-10
2.448571e-09
1.212759e-10
1.722092e-10
2.35815e-09
9.725696e-11
1.484795e-10
2.284301e-09
7.924355e-11
1.313917e-10
2.223227e-09
6.53526e-11
1.17891e-10
2.172224e-09
5.441422e-11
1.064231e-10
2.129299e-09
4.566434e-11
9.623193e-11
2.092934e-09
3.857848e-11
8.697109e-11
2.061953e-09
3.278492e-11
7.847932e-11
2.03543e-09
2.800055e-11
7.068248e-11
2.01262e-09
2.403423e-11
6.354543e-11
2.063859e-11
5.696443e-11
1.992985e-09
8.528711e-09
9.607089e-10
1.938767e-09
8.959256e-09
1.577701e-09
3.277785e-09
8.892748e-09
1.641752e-09
3.449811e-09
8.504774e-09
1.448182e-09
2.916887e-09
7.992765e-09
1.186584e-09
2.19528e-09
7.484196e-09
9.435532e-10
1.565212e-09
7.035622e-09
7.440984e-10
1.096635e-09
6.659634e-09
5.897006e-10
7.78304e-10
6.34973e-09
4.724053e-10
5.70502e-10
6.094439e-09
3.832146e-10
4.361037e-10
5.882816e-09
3.145796e-10
3.479155e-10
5.705958e-09
2.609314e-10
2.880861e-10
5.55698e-09
2.183426e-10
2.455233e-10
5.430608e-09
1.840659e-10
2.135522e-10
5.322769e-09
1.561579e-10
1.882349e-10
5.230268e-09
1.332174e-10
1.6728e-10
5.150567e-09
1.142089e-10
1.493471e-10
5.08161e-09
9.834884e-11
1.336427e-10
5.021733e-09
8.504417e-11
1.197038e-10
7.37445e-11
1.070574e-10
4.969524e-09
8.509441e-09
5.745207e-10
1.955227e-09
9.466732e-09
1.209149e-09
3.439934e-09
1.007531e-08
1.503732e-09
3.807412e-09
1.026379e-08
1.547251e-09
3.449232e-09
1.014662e-08
1.44486e-09
2.797881e-09
9.866661e-09
1.279265e-09
2.142638e-09
9.527396e-09
1.099342e-09
1.592804e-09
9.187801e-09
9.309277e-10
1.17513e-09
8.874415e-09
7.841518e-10
8.742879e-10
8.595721e-09
6.607158e-10
6.631741e-10
8.351747e-09
5.584825e-10
5.161723e-10
8.139314e-09
4.741363e-10
4.13174e-10
7.954449e-09
4.044019e-10
3.397354e-10
7.793343e-09
3.464731e-10
2.859722e-10
7.652645e-09
2.980823e-10
2.453186e-10
7.529489e-09
2.574406e-10
2.134993e-10
7.421452e-09
2.231348e-10
1.877504e-10
7.326458e-09
1.940576e-10
1.662875e-10
7.242769e-09
1.693039e-10
1.479811e-10
1.481693e-10
1.318715e-10
7.168747e-09
8.341317e-09
3.605352e-10
1.912411e-09
9.253498e-09
8.80772e-10
3.341267e-09
1.002029e-08
1.200565e-09
3.707317e-09
1.049842e-08
1.351208e-09
3.399453e-09
1.07049e-08
1.375783e-09
2.818874e-09
1.071728e-08
1.318468e-09
2.226318e-09
1.061135e-08
1.214956e-09
1.71444e-09
1.044403e-08
1.091853e-09
1.308837e-09
1.025177e-08
9.663176e-10
1.001573e-09
1.00556e-08
8.478983e-10
7.739752e-10
9.866566e-09
7.40893e-10
6.069726e-10
9.689802e-09
6.46476e-10
4.845039e-10
9.527213e-09
5.642078e-10
3.941583e-10
9.379043e-09
4.929536e-10
3.267431e-10
9.24473e-09
4.313766e-10
2.756185e-10
9.123362e-09
3.781789e-10
2.360727e-10
9.013899e-09
3.32181e-10
2.047912e-10
8.915264e-09
2.923811e-10
1.794653e-10
8.826447e-09
2.578647e-10
1.585e-10
2.280107e-10
1.406546e-10
8.746324e-09
8.241833e-09
2.450865e-10
1.899001e-09
9.053444e-09
6.447545e-10
3.288955e-09
9.779829e-09
9.252725e-10
3.603824e-09
1.030182e-08
1.097559e-09
3.25757e-09
1.062415e-08
1.179622e-09
2.669645e-09
1.079379e-08
1.1926e-09
2.098121e-09
1.085628e-08
1.156469e-09
1.6208e-09
1.084773e-08
1.089128e-09
1.249566e-09
1.079418e-08
1.005032e-09
9.692779e-10
1.071383e-08
9.146628e-10
7.595337e-10
1.061897e-08
8.248524e-10
6.025109e-10
1.051769e-08
7.395746e-10
4.843846e-10
1.041514e-08
6.60821e-10
3.949109e-10
1.031451e-08
5.893326e-10
3.265793e-10
1.021772e-08
5.251253e-10
2.738813e-10
1.012584e-08
4.678398e-10
2.327725e-10
1.003944e-08
4.169298e-10
2.002667e-10
9.958716e-09
3.718257e-10
1.741832e-10
9.883684e-09
3.318794e-10
1.528871e-10
2.967213e-10
1.352543e-10
9.814089e-09
8.196422e-09
1.769181e-10
1.886711e-09
8.932358e-09
4.867534e-10
3.256334e-09
9.589161e-09
7.196738e-10
3.542162e-09
1.007221e-08
8.795795e-10
3.158486e-09
1.039766e-08
9.758042e-10
2.540434e-09
1.061046e-08
1.019768e-09
1.956333e-09
1.074565e-08
1.02271e-09
1.483898e-09
1.082625e-08
9.954507e-10
1.128764e-09
1.086709e-08
9.478033e-10
8.688702e-10
1.087859e-08
8.879388e-10
6.789596e-10
1.086868e-08
8.221231e-10
5.387538e-10
1.084348e-08
7.548007e-10
4.337176e-10
1.080775e-08
6.888949e-10
3.538808e-10
1.076509e-08
6.261771e-10
2.924173e-10
1.07182e-08
5.676053e-10
2.445735e-10
1.066906e-08
5.136046e-10
2.069647e-10
1.061913e-08
4.642489e-10
1.771081e-10
1.056946e-08
4.19445e-10
1.531935e-10
1.052079e-08
3.789044e-10
1.337735e-10
3.425273e-10
1.180745e-10
1.047362e-08
8.172406e-09
1.335752e-10
1.884219e-09
8.863586e-09
3.751849e-10
3.251523e-09
9.46963e-09
5.658721e-10
3.527672e-09
9.907603e-09
7.058484e-10
3.122297e-09
1.020345e-08
7.996587e-10
2.478721e-09
1.040748e-08
8.538122e-10
1.873745e-09
1.055517e-08
8.752123e-10
1.389766e-09
1.066615e-08
8.708082e-10
1.032492e-09
1.075008e-08
8.472529e-10
7.773198e-10
1.081218e-08
8.104619e-10
5.95968e-10
1.085603e-08
7.653554e-10
4.656996e-10
1.088468e-08
7.15777e-10
3.703838e-10
1.090083e-08
6.645624e-10
2.992202e-10
1.09069e-08
6.13695e-10
2.450912e-10
1.090499e-08
5.644844e-10
2.032715e-10
1.08969e-08
5.177434e-10
1.705601e-10
1.08841e-08
4.739168e-10
1.447062e-10
1.086781e-08
4.332316e-10
1.241373e-10
1.084901e-08
3.956862e-10
1.075609e-10
3.61361e-10
9.451791e-11
1.08285e-08
8.160182e-09
1.034202e-10
1.883788e-09
8.823448e-09
2.939856e-10
3.253693e-09
9.394563e-09
4.494638e-10
3.530117e-09
9.797102e-09
5.687586e-10
3.116806e-09
1.006261e-08
6.539653e-10
2.459809e-09
1.024543e-08
7.087581e-10
1.840227e-09
1.038315e-08
7.374583e-10
1.344254e-09
1.049561e-08
7.44735e-10
9.793524e-10
1.059119e-08
7.353025e-10
7.208868e-10
1.067306e-08
7.135377e-10
5.396807e-10
1.074255e-08
6.832446e-10
4.118562e-10
1.080058e-08
6.47544e-10
3.202558e-10
1.084814e-08
6.08874e-10
2.533094e-10
1.088631e-08
5.69059e-10
2.033997e-10
1.091623e-08
5.294069e-10
1.655247e-10
1.093903e-08
4.908192e-10
1.36366e-10
1.095574e-08
4.538767e-10
1.13655e-10
1.096733e-08
4.189476e-10
9.586377e-11
1.097462e-08
3.861921e-10
8.174158e-11
3.557648e-10
7.097835e-11
1.09784e-08
8.152845e-09
8.120891e-11
1.885423e-09
8.798525e-09
2.320104e-10
3.260727e-09
9.346329e-09
3.580774e-10
3.541304e-09
9.723452e-09
4.580197e-10
3.126475e-09
9.964799e-09
5.326277e-10
2.463416e-09
1.012733e-08
5.83836e-10
1.83542e-09
1.025036e-08
6.142647e-10
1.331041e-09
1.035445e-08
6.270503e-10
9.592043e-10
1.044797e-08
6.255923e-10
6.957853e-10
1.053353e-08
6.132031e-10
5.11573e-10
1.061158e-08
5.92872e-10
3.82374e-10
1.068205e-08
5.671342e-10
2.906223e-10
1.074496e-08
5.380375e-10
2.243553e-10
1.080051e-08
5.071699e-10
1.756299e-10
1.084912e-08
4.757179e-10
1.392023e-10
1.089129e-08
4.445387e-10
1.115907e-10
1.09276e-08
4.142227e-10
9.042797e-11
1.095864e-08
3.851675e-10
7.413535e-11
1.098498e-08
3.576e-10
6.143771e-11
3.31684e-10
5.203194e-11
1.100721e-08
8.148475e-09
6.385815e-11
1.88725e-09
8.782556e-09
1.829667e-10
3.267772e-09
9.314226e-09
2.842665e-10
3.553212e-09
9.673015e-09
3.665105e-10
3.139614e-09
9.896078e-09
4.298998e-10
2.474498e-09
1.004215e-08
4.753803e-10
1.842307e-09
1.015171e-08
5.044731e-10
1.333035e-09
1.024594e-08
5.192382e-10
9.565855e-10
1.033335e-08
5.220989e-10
6.892757e-10
1.04164e-08
5.155506e-10
5.020376e-10
1.049521e-08
5.019378e-10
3.706499e-10
1.05693e-08
4.833138e-10
2.774397e-10
1.063819e-08
4.613837e-10
2.103074e-10
1.070166e-08
4.375046e-10
1.611718e-10
1.075967e-08
4.127172e-10
1.246667e-10
1.081237e-08
3.877935e-10
9.720936e-11
1.086001e-08
3.632839e-10
7.635755e-11
1.090289e-08
3.395685e-10
6.047456e-11
1.094136e-08
3.168888e-10
4.825427e-11
2.953963e-10
3.933462e-11
1.097579e-08
8.145591e-09
4.972767e-11
1.889084e-09
8.771865e-09
1.426436e-10
3.274278e-09
9.292318e-09
2.226537e-10
3.564197e-09
9.637927e-09
2.887754e-10
3.152594e-09
9.84738e-09
3.409636e-10
2.48709e-09
9.980692e-09
3.796196e-10
1.852828e-09
1.007924e-08
4.055791e-10
1.340747e-09
1.016466e-08
4.201589e-10
9.614184e-10
1.024562e-08
4.250514e-10
6.914759e-10
1.032453e-08
4.220996e-10
5.019784e-10
1.040133e-08
4.131067e-10
3.687289e-10
1.047531e-08
3.997023e-10
2.740324e-10
1.054576e-08
3.832757e-10
2.057473e-10
1.06122e-08
3.649586e-10
1.557429e-10
1.067437e-08
3.456377e-10
1.18604e-10
1.073219e-08
3.259842e-10
9.070226e-11
1.078572e-08
3.064879e-10
6.955745e-11
1.08351e-08
2.874923e-10
5.349584e-11
1.088054e-08
2.692283e-10
4.119558e-11
2.518321e-10
3.222587e-11
1.092227e-08
8.143694e-09
3.774182e-11
1.890589e-09
8.764622e-09
1.083374e-10
3.279495e-09
9.277179e-09
1.696627e-10
3.573048e-09
9.613277e-09
2.20999e-10
3.163416e-09
9.812668e-09
2.622296e-10
2.498186e-09
9.936305e-09
2.934809e-10
1.862938e-09
1.002624e-08
3.151834e-10
1.349251e-09
1.01045e-08
3.28155e-10
9.681632e-10
1.017988e-08
3.335463e-10
6.965348e-10
1.025475e-08
3.326783e-10
5.055221e-10
1.032897e-08
3.268916e-10
3.709542e-10
1.040165e-08
3.174325e-10
2.751315e-10
1.047193e-08
3.053891e-10
2.058964e-10
1.053916e-08
2.916662e-10
1.550982e-10
1.060294e-08
2.769863e-10
1.173015e-10
1.066306e-08
2.619059e-10
8.885815e-11
1.071947e-08
2.468387e-10
6.727205e-11
1.077221e-08
2.320789e-10
5.084949e-11
1.08214e-08
2.178311e-10
3.826545e-11
2.042155e-10
2.90336e-11
1.086719e-08
8.142403e-09
2.721781e-11
1.891769e-09
8.759677e-09
7.814812e-11
3.283511e-09
9.266736e-09
1.226629e-10
3.579833e-09
9.596086e-09
1.602686e-10
3.17184e-09
9.788197e-09
1.908516e-10
2.507046e-09
9.904697e-09
2.144154e-10
1.871314e-09
9.988148e-09
2.311624e-10
1.356666e-09
1.006087e-08
2.415816e-10
9.744673e-10
1.013181e-08
2.464231e-10
7.017452e-10
1.020332e-08
2.465894e-10
5.097301e-10
1.027517e-08
2.430248e-10
3.742729e-10
1.03464e-08
2.36628e-10
2.776728e-10
1.041599e-08
2.281989e-10
2.077626e-10
1.04832e-08
2.184139e-10
1.56379e-10
1.054751e-08
2.078218e-10
1.180746e-10
1.060862e-08
1.968511e-10
8.919033e-11
1.06664e-08
1.858256e-10
6.722163e-11
1.072084e-08
1.749781e-10
5.046326e-11
1.077199e-08
1.644744e-10
3.75916e-11
1.544135e-10
2.808119e-11
1.081998e-08
8.141555e-09
1.765802e-11
1.892609e-09
8.756397e-09
5.070695e-11
3.286364e-09
9.259746e-09
7.971089e-11
3.58464e-09
9.584477e-09
1.04361e-10
3.177868e-09
9.771536e-09
1.245768e-10
2.513476e-09
9.883012e-09
1.403242e-10
1.87751e-09
9.961832e-09
1.516877e-10
1.362285e-09
1.003055e-08
1.589382e-10
9.793888e-10
1.00982e-08
1.625248e-10
7.059664e-10
1.016716e-08
1.630078e-10
5.133029e-10
1.023717e-08
1.609871e-10
3.772668e-10
1.030716e-08
1.570437e-10
2.801583e-10
1.037606e-08
1.517019e-10
2.098038e-10
1.044302e-08
1.454109e-10
1.580312e-10
1.050744e-08
1.385391e-10
1.193848e-10
1.056897e-08
1.313774e-10
9.019755e-11
1.062742e-08
1.241476e-10
6.795916e-11
1.068273e-08
1.170114e-10
5.09567e-11
1.073492e-08
1.100851e-10
3.786817e-11
1.0344e-10
2.814246e-11
1.078407e-08
8.141035e-09
1.893148e-09
8.754386e-09
3.288197e-09
9.255441e-09
3.587709e-09
9.57729e-09
3.181738e-09
9.761166e-09
2.517634e-09
9.869445e-09
1.881554e-09
9.945288e-09
1.365996e-09
1.00114e-08
9.826845e-10
1.007689e-08
7.088391e-10
1.014416e-08
5.157816e-10
1.021291e-08
3.793935e-10
1.028204e-08
2.819765e-10
1.035042e-08
2.113532e-10
1.041714e-08
1.59346e-10
1.048156e-08
1.204936e-10
1.054327e-08
6.572312e-11
9.11232e-11
1.060204e-08
6.214275e-11
6.872071e-11
1.065779e-08
5.860148e-11
5.156797e-11
1.071051e-08
5.515924e-11
3.834376e-11
5.185339e-11
2.848144e-11
1.076028e-08
1.053065e-08
9.164251e-11
1.058956e-08
6.916343e-11
1.06455e-08
5.194033e-11
1.069845e-08
3.865223e-11
2.872515e-11
1.074848e-08
6.586222e-09
1.3629e-09
1.277034e-09
5.524483e-09
1.412431e-09
1.739115e-09
4.654583e-09
1.117078e-09
1.597053e-09
4.006131e-09
7.922899e-10
1.141019e-09
3.541414e-09
5.458276e-10
7.483084e-10
3.208683e-09
3.814904e-10
4.909186e-10
2.966252e-09
2.750623e-10
3.343206e-10
2.784116e-09
2.058331e-10
2.434771e-10
2.642997e-09
1.59309e-10
1.901065e-10
2.530781e-09
1.267426e-10
1.576828e-10
2.439781e-09
1.02925e-10
1.365551e-10
2.364913e-09
8.4851e-11
1.214085e-10
2.30265e-09
7.074097e-11
1.094129e-10
2.250433e-09
5.949349e-11
9.914629e-11
2.206341e-09
5.038938e-11
8.993485e-11
2.168891e-09
4.293309e-11
8.148823e-11
2.136919e-09
3.677098e-11
7.36804e-11
2.1095e-09
3.163079e-11
6.647083e-11
2.085885e-09
2.732795e-11
5.983253e-11
2.361522e-11
5.370436e-11
2.06553e-09
8.453589e-09
9.604622e-10
1.532929e-09
8.86287e-09
1.571499e-09
2.709436e-09
8.839035e-09
1.629599e-09
2.961124e-09
8.528684e-09
1.436847e-09
2.582681e-09
8.09355e-09
1.181282e-09
1.994959e-09
7.643078e-09
9.46364e-10
1.450811e-09
7.231739e-09
7.539577e-10
1.029079e-09
6.87692e-09
6.044015e-10
7.345544e-10
6.577638e-09
4.898743e-10
5.392186e-10
6.32658e-09
4.018882e-10
4.120162e-10
6.115508e-09
3.334078e-10
3.285049e-10
5.93718e-09
2.792541e-10
2.720111e-10
5.785702e-09
2.357699e-10
2.319717e-10
5.656381e-09
2.003872e-10
2.019794e-10
5.545476e-09
1.712789e-10
1.782507e-10
5.449976e-09
1.471178e-10
1.585956e-10
5.367439e-09
1.269145e-10
1.417405e-10
5.29585e-09
1.099127e-10
1.269502e-10
5.233563e-09
9.553492e-11
1.137838e-10
8.323762e-11
1.018423e-10
5.179155e-09
8.431572e-09
5.735375e-10
1.555892e-09
9.365162e-09
1.206486e-09
2.871357e-09
1.001675e-08
1.499167e-09
3.286257e-09
1.029105e-08
1.544164e-09
3.067619e-09
1.026827e-08
1.44761e-09
2.55433e-09
1.006906e-08
1.290687e-09
1.997523e-09
9.789258e-09
1.119451e-09
1.507113e-09
9.489208e-09
9.578502e-10
1.121731e-09
9.200072e-09
8.154515e-10
8.378466e-10
8.934989e-09
6.941846e-10
6.359604e-10
8.697632e-09
5.92438e-10
4.944996e-10
8.487385e-09
5.074224e-10
3.952527e-10
8.301997e-09
4.362853e-10
3.24608e-10
8.138783e-09
3.765272e-10
2.730465e-10
7.995112e-09
3.260911e-10
2.341773e-10
7.868575e-09
2.833279e-10
2.038261e-10
7.757031e-09
2.469147e-10
1.792946e-10
7.658572e-09
2.158009e-10
1.588584e-10
7.571559e-09
1.891144e-10
1.414146e-10
1.661767e-10
1.260933e-10
7.494398e-09
8.262062e-09
3.599751e-10
1.509224e-09
9.150977e-09
8.813988e-10
2.77744e-09
9.962064e-09
1.202796e-09
3.192601e-09
1.052716e-08
1.35639e-09
3.022135e-09
1.083129e-08
1.386461e-09
2.575889e-09
1.093156e-08
1.336952e-09
2.079782e-09
1.089567e-08
1.241962e-09
1.627823e-09
1.078005e-08
1.126414e-09
1.25589e-09
1.062395e-08
1.006491e-09
9.666368e-10
1.045192e-08
8.915037e-10
7.486821e-10
1.02782e-08
7.859795e-10
5.871552e-10
1.011046e-08
6.915101e-10
4.681521e-10
9.95254e-09
6.080875e-10
3.802767e-10
9.806078e-09
5.349455e-10
3.147867e-10
9.671517e-09
4.710329e-10
2.652378e-10
9.548646e-09
4.152607e-10
2.270107e-10
9.436915e-09
3.665965e-10
1.968402e-10
9.335581e-09
3.241395e-10
1.724608e-10
9.24386e-09
2.870396e-10
1.522957e-10
2.54733e-10
1.351872e-10
9.160771e-09
8.161617e-09
2.450537e-10
1.497617e-09
8.949674e-09
6.473255e-10
2.734971e-09
9.721308e-09
9.310528e-10
3.103933e-09
1.033067e-08
1.107039e-09
2.897561e-09
1.075018e-08
1.194186e-09
2.442413e-09
1.100778e-08
1.213858e-09
1.963611e-09
1.114237e-08
1.185328e-09
1.542845e-09
1.118989e-08
1.125343e-09
1.203111e-09
1.117867e-08
1.0474e-09
9.395985e-10
1.11295e-08
9.61479e-10
7.387213e-10
1.105711e-08
8.743288e-10
5.865542e-10
1.097158e-08
7.901064e-10
4.713221e-10
1.087968e-08
7.111051e-10
3.837904e-10
1.07859e-08
6.383874e-10
3.169184e-10
1.069315e-08
5.722586e-10
2.654052e-10
1.060329e-08
5.125982e-10
2.252972e-10
1.051745e-08
4.590459e-10
1.936486e-10
1.04363e-08
4.111724e-10
1.683065e-10
1.036015e-08
3.684288e-10
1.476464e-10
3.305345e-10
1.306028e-10
1.0289e-08
8.115744e-09
1.772888e-10
1.484045e-09
8.827982e-09
4.900676e-10
2.701353e-09
9.530707e-09
7.265394e-10
3.043949e-09
1.010156e-08
8.901412e-10
2.804533e-09
1.052343e-08
9.908255e-10
2.321926e-09
1.082251e-08
1.040346e-09
1.830761e-09
1.102827e-08
1.0497e-09
1.413767e-09
1.116456e-08
1.029017e-09
1.088798e-09
1.124886e-08
9.873573e-10
8.446163e-10
1.129412e-08
9.323517e-10
6.628206e-10
1.131028e-08
8.700104e-10
5.26913e-10
1.130504e-08
8.047602e-10
4.243046e-10
1.128438e-08
7.396593e-10
3.459839e-10
1.125292e-08
6.766881e-10
2.855829e-10
1.121416e-08
6.170324e-10
2.385602e-10
1.117076e-08
5.613318e-10
2.01627e-10
1.112473e-08
5.098463e-10
1.723442e-10
1.107753e-08
4.626362e-10
1.48924e-10
1.103027e-08
4.19532e-10
1.299308e-10
3.805415e-10
1.146212e-10
1.098372e-08
8.091599e-09
1.341219e-10
1.481099e-09
8.759061e-09
3.785602e-10
2.695569e-09
9.411558e-09
5.72557e-10
3.029157e-09
9.937913e-09
7.158056e-10
2.770278e-09
1.032994e-08
8.13312e-10
2.264205e-09
1.061895e-08
8.719383e-10
1.753141e-09
1.083525e-08
8.985615e-10
1.324605e-09
1.1e-08
8.997246e-10
9.97037e-10
1.112609e-08
8.81538e-10
7.570502e-10
1.122158e-08
8.494521e-10
5.833791e-10
1.129212e-08
8.080892e-10
4.570793e-10
1.134217e-08
7.611684e-10
3.639263e-10
1.137547e-08
7.115369e-10
2.94041e-10
1.139523e-08
6.612774e-10
2.407447e-10
1.140417e-08
6.11844e-10
1.995197e-10
1.140459e-08
5.642087e-10
1.672636e-10
1.13984e-08
5.189703e-10
1.417746e-10
1.138717e-08
4.764951e-10
1.215032e-10
1.137219e-08
4.368991e-10
1.051764e-10
4.003687e-10
9.234165e-11
1.135454e-08
8.079329e-09
1.040005e-10
1.479893e-09
8.718976e-09
2.970445e-10
2.695561e-09
9.337063e-09
4.553726e-10
3.029215e-09
9.828652e-09
5.774053e-10
2.763617e-09
1.019054e-08
6.655789e-10
2.24565e-09
1.045772e-08
7.239028e-10
1.721089e-09
1.066268e-08
7.567696e-10
1.281087e-09
1.082711e-08
7.686105e-10
9.46029e-10
1.096307e-08
7.637554e-10
7.027168e-10
1.107687e-08
7.462109e-10
5.291181e-10
1.117211e-08
7.195066e-10
4.051948e-10
1.125123e-08
6.86607e-10
3.156982e-10
1.131621e-08
6.498981e-10
2.49969e-10
1.136884e-08
6.112305e-10
2.008195e-10
1.141077e-08
5.719884e-10
1.634522e-10
1.144352e-08
5.331761e-10
1.346489e-10
1.146846e-08
4.954867e-10
1.121948e-10
1.148683e-08
4.593985e-10
9.458728e-11
1.14997e-08
4.251728e-10
8.060329e-11
3.930552e-10
6.992455e-11
1.150807e-08
8.071993e-09
8.174214e-11
1.481001e-09
8.694167e-09
2.346225e-10
2.700975e-09
9.289374e-09
3.630427e-10
3.038426e-09
9.756161e-09
4.651975e-10
2.771896e-09
1.009428e-08
5.421323e-10
2.248746e-09
1.034102e-08
5.960864e-10
1.716496e-09
1.053053e-08
6.297927e-10
1.268503e-09
1.06854e-08
6.462496e-10
9.266957e-10
1.081786e-08
6.485798e-10
6.785065e-10
1.093389e-08
6.398065e-10
5.019412e-10
1.103641e-08
6.226851e-10
3.766766e-10
1.112698e-08
5.995986e-10
2.870607e-10
1.120668e-08
5.725199e-10
2.220365e-10
1.127643e-08
5.430258e-10
1.740847e-10
1.133712e-08
5.123357e-10
1.38163e-10
1.138963e-08
4.813685e-10
1.10889e-10
1.14348e-08
4.507908e-10
8.995208e-11
1.147346e-08
4.21081e-10
7.380022e-11
1.150633e-08
3.925458e-10
6.119159e-11
3.654207e-10
5.180807e-11
1.153419e-08
8.067626e-09
6.431296e-11
1.482365e-09
8.678304e-09
1.851064e-10
2.70661e-09
9.257726e-09
2.88293e-10
3.04854e-09
9.706698e-09
3.722836e-10
2.783555e-09
1.002694e-08
4.374685e-10
2.258922e-09
1.025729e-08
4.850579e-10
1.722989e-09
1.043299e-08
5.166977e-10
1.270422e-09
1.057729e-08
5.343705e-10
9.241728e-10
1.070265e-08
5.402995e-10
6.721887e-10
1.081508e-08
5.367543e-10
4.926666e-10
1.091725e-08
5.258865e-10
3.652765e-10
1.101041e-08
5.096135e-10
2.742629e-10
1.109524e-08
4.895628e-10
2.084293e-10
1.117226e-08
4.67064e-10
1.601142e-10
1.124195e-08
4.431674e-10
1.241502e-10
1.130479e-08
4.186807e-10
9.705304e-11
1.13613e-08
3.942049e-10
7.64375e-11
1.141198e-08
3.70178e-10
6.069474e-11
1.145733e-08
3.46902e-10
4.855468e-11
3.245826e-10
3.963904e-11
1.149786e-08
8.064748e-09
5.009535e-11
1.483866e-09
8.667703e-09
1.443395e-10
2.712091e-09
9.236173e-09
2.258237e-10
3.058195e-09
9.672374e-09
2.932932e-10
2.795384e-09
9.979362e-09
3.468422e-10
2.270728e-09
1.01971e-08
3.87092e-10
1.73306e-09
1.036165e-08
4.14998e-10
1.277895e-09
1.049672e-08
4.318371e-10
9.288756e-10
1.061502e-08
4.391575e-10
6.74319e-10
1.072254e-08
4.386285e-10
4.92583e-10
1.082188e-08
4.318976e-10
3.633764e-10
1.091413e-08
4.204787e-10
2.709245e-10
1.099976e-08
4.056895e-10
2.039862e-10
1.107909e-08
3.886293e-10
1.548472e-10
1.115239e-08
3.701827e-10
1.182884e-10
1.121996e-08
3.510406e-10
9.077832e-11
1.12821e-08
3.317268e-10
6.98936e-11
1.133916e-08
3.126257e-10
5.398865e-11
1.139146e-08
2.940135e-10
4.177837e-11
2.760676e-10
3.281729e-11
1.143939e-08
8.062856e-09
3.802511e-11
1.485116e-09
8.660529e-09
1.096312e-10
2.71653e-09
9.221301e-09
1.720703e-10
3.066028e-09
9.648302e-09
2.244158e-10
2.805292e-09
9.945518e-09
2.666507e-10
2.281162e-09
1.015373e-08
2.990765e-10
1.742744e-09
1.030963e-08
3.222271e-10
1.286123e-09
1.04373e-08
3.36903e-10
9.354217e-10
1.054962e-08
3.441527e-10
6.792208e-10
1.065261e-08
3.451673e-10
4.959997e-10
1.074879e-08
3.411662e-10
3.655047e-10
1.083913e-08
3.333022e-10
2.719593e-10
1.092401e-08
3.226022e-10
2.041051e-10
1.10036e-08
3.099395e-10
1.542056e-10
1.107803e-08
2.960294e-10
1.170198e-10
1.11475e-08
2.814386e-10
8.899533e-11
1.12122e-08
2.666033e-10
6.769208e-11
1.127238e-08
2.518466e-10
5.144476e-11
1.132829e-08
2.374062e-10
3.896486e-11
2.234331e-10
2.975382e-11
1.13802e-08
8.061568e-09
2.742269e-11
1.486115e-09
8.655633e-09
7.908084e-11
2.719997e-09
9.211053e-09
1.24393e-10
3.07209e-09
9.631533e-09
1.627166e-10
2.813059e-09
9.921691e-09
1.940061e-10
2.289533e-09
1.012289e-08
2.183951e-10
1.750794e-09
1.02723e-08
2.361678e-10
1.293314e-09
1.039431e-08
2.47807e-10
9.415542e-10
1.050193e-08
2.539941e-10
6.842853e-10
1.060121e-08
2.55539e-10
5.000789e-10
1.069464e-08
2.532974e-10
3.687114e-10
1.078311e-08
2.480974e-10
2.744076e-10
1.086689e-08
2.406907e-10
2.058988e-10
1.094604e-08
2.317276e-10
1.554348e-10
1.102064e-08
2.21748e-10
1.177615e-10
1.109077e-08
2.111855e-10
8.931454e-11
1.115657e-08
2.003779e-10
6.764511e-11
1.121822e-08
1.895779e-10
5.107643e-11
1.127593e-08
1.789745e-10
3.832085e-11
1.686887e-10
2.88429e-11
1.132991e-08
8.060723e-09
1.779062e-11
1.486831e-09
8.652388e-09
5.131087e-11
2.722469e-09
9.204197e-09
8.082823e-11
3.076395e-09
9.620218e-09
1.05939e-10
2.818625e-09
9.905481e-09
1.266046e-10
2.295614e-09
1.010176e-08
1.42877e-10
1.756751e-09
1.024655e-08
1.548966e-10
1.298765e-09
1.036447e-08
1.629336e-10
9.463433e-10
1.046864e-08
1.673947e-10
6.883919e-10
1.056516e-08
1.687807e-10
5.035481e-10
1.065647e-08
1.676336e-10
3.716122e-10
1.074343e-08
1.644872e-10
2.768113e-10
1.082622e-08
1.59833e-10
2.078704e-10
1.090485e-08
1.541011e-10
1.5703e-10
1.09793e-08
1.476528e-10
1.190268e-10
1.104962e-08
1.407809e-10
9.02882e-11
1.111588e-08
1.337156e-10
6.835935e-11
1.117823e-08
1.266308e-10
5.1556e-11
1.123682e-08
1.196575e-10
3.859162e-11
1.128814e-10
2.890675e-11
1.129186e-08
8.060204e-09
1.487293e-09
8.650399e-09
2.724065e-09
9.199977e-09
3.079153e-09
9.613217e-09
2.822206e-09
9.895398e-09
2.299553e-09
1.008854e-08
1.760644e-09
1.023037e-08
1.302369e-09
1.034564e-08
9.495542e-10
1.044756e-08
6.911906e-10
1.054224e-08
5.059594e-10
1.063215e-08
3.736772e-10
1.071807e-08
2.78574e-10
1.080016e-08
2.09371e-10
1.087837e-08
1.583028e-10
1.095265e-08
1.201e-10
1.102299e-08
7.037887e-11
9.118455e-11
1.108945e-08
6.688618e-11
6.909725e-11
1.115212e-08
6.33762e-11
5.214889e-11
1.121115e-08
5.991602e-11
3.905343e-11
5.655003e-11
2.923694e-11
1.126673e-08
1.100994e-08
9.168791e-11
1.107647e-08
6.95265e-11
1.113927e-08
5.251011e-11
1.119849e-08
3.935279e-11
2.947379e-11
1.125429e-08
6.537456e-09
1.362489e-09
1.022401e-09
5.466845e-09
1.406801e-09
1.402925e-09
4.618139e-09
1.105721e-09
1.340037e-09
4.00297e-09
7.809392e-10
9.75249e-10
3.567226e-09
5.373117e-10
6.467407e-10
3.25407e-09
3.769123e-10
4.27162e-10
3.023266e-09
2.739031e-10
2.912219e-10
2.847395e-09
2.071444e-10
2.122036e-10
2.709244e-09
1.622312e-10
1.660258e-10
2.598085e-09
1.306158e-10
1.382261e-10
2.507087e-09
1.072868e-10
1.202665e-10
2.431676e-09
8.938841e-11
1.074312e-10
2.368616e-09
7.524995e-11
9.72222e-11
2.315513e-09
6.384615e-11
8.84033e-11
2.270532e-09
5.451031e-11
8.04062e-11
2.232233e-09
4.678219e-11
7.300454e-11
2.199474e-09
4.033142e-11
6.610807e-11
2.171335e-09
3.490064e-11
5.970876e-11
2.14707e-09
3.031487e-11
5.378342e-11
2.633018e-11
4.83149e-11
2.126129e-09
8.392601e-09
9.600217e-10
1.188107e-09
8.774655e-09
1.566375e-09
2.167808e-09
8.772405e-09
1.617398e-09
2.451697e-09
8.518446e-09
1.422968e-09
2.194611e-09
8.147582e-09
1.170868e-09
1.732267e-09
7.751013e-09
9.424952e-10
1.281796e-09
7.377541e-09
7.568082e-10
9.196459e-10
7.046296e-09
6.125756e-10
6.603686e-10
6.760252e-09
5.016487e-10
4.858448e-10
6.515715e-09
4.157564e-10
3.714132e-10
6.307067e-09
3.4824e-10
2.961996e-10
6.128782e-09
2.942681e-10
2.454157e-10
5.976038e-09
2.50454e-10
2.095121e-10
5.844786e-09
2.144247e-10
1.826529e-10
5.731667e-09
1.844885e-10
1.613911e-10
5.633891e-09
1.594092e-10
1.437449e-10
5.549137e-09
1.382579e-10
1.285677e-10
5.475452e-09
1.203172e-10
1.152185e-10
5.411221e-09
1.050341e-10
1.032957e-10
9.187955e-11
9.248937e-11
5.355025e-09
8.368166e-09
5.722841e-10
1.220776e-09
9.270829e-09
1.203549e-09
2.33152e-09
9.941544e-09
1.492944e-09
2.739997e-09
1.027526e-08
1.536977e-09
2.619896e-09
1.032825e-08
1.443441e-09
2.228762e-09
1.020084e-08
1.293017e-09
1.77441e-09
9.978562e-09
1.129506e-09
1.356698e-09
9.719713e-09
9.748462e-10
1.01831e-09
9.457733e-09
8.37633e-10
7.638425e-10
9.209247e-09
7.19635e-10
5.805675e-10
8.981145e-09
6.195107e-10
4.51331e-10
8.775297e-09
5.348697e-10
3.604989e-10
8.591217e-09
4.632362e-10
2.959059e-10
8.427416e-09
4.024136e-10
2.488593e-10
8.28205e-09
3.505693e-10
2.13462e-10
8.153218e-09
3.062132e-10
1.858537e-10
8.0391e-09
2.681314e-10
1.635395e-10
7.937985e-09
2.353465e-10
1.449438e-10
7.848356e-09
2.070327e-10
1.290449e-10
1.825486e-10
1.151003e-10
7.76868e-09
8.197535e-09
3.592401e-10
1.170045e-09
9.05557e-09
8.812301e-10
2.241724e-09
9.886443e-09
1.202866e-09
2.651806e-09
1.051098e-08
1.35738e-09
2.577198e-09
1.089205e-08
1.390468e-09
2.247793e-09
1.106849e-08
1.346493e-09
1.849863e-09
1.1098e-08
1.258547e-09
1.469272e-09
1.103368e-08
1.150042e-09
1.145012e-09
1.091535e-08
1.036019e-09
8.86581e-10
1.076977e-08
9.252552e-10
6.886376e-10
1.061372e-08
8.222384e-10
5.404836e-10
1.045716e-08
7.28791e-10
4.30789e-10
1.030578e-08
6.452323e-10
3.496599e-10
1.016264e-08
5.711178e-10
2.892262e-10
1.002921e-08
5.056687e-10
2.435667e-10
9.906028e-09
4.480092e-10
2.083951e-10
9.793068e-09
3.972653e-10
1.806671e-10
9.689944e-09
3.526504e-10
1.582806e-10
9.596121e-09
3.133921e-10
1.39759e-10
2.789943e-10
1.2408e-10
9.510783e-09
8.096281e-09
2.448329e-10
1.161056e-09
8.852948e-09
6.490076e-10
2.210526e-09
9.645242e-09
9.348612e-10
2.579644e-09
1.031469e-08
1.113044e-09
2.472446e-09
1.081078e-08
1.203345e-09
2.133449e-09
1.114411e-08
1.227704e-09
1.749071e-09
1.134497e-08
1.205141e-09
1.395389e-09
1.144667e-08
1.151538e-09
1.099912e-09
1.147791e-08
1.079464e-09
8.649195e-10
1.146102e-08
9.982621e-10
6.826038e-10
1.141251e-08
9.144056e-10
5.428931e-10
1.13442e-08
8.320605e-10
4.363708e-10
1.126434e-08
7.536947e-10
3.551831e-10
1.117867e-08
6.806131e-10
2.930926e-10
1.10911e-08
6.133682e-10
2.452766e-10
1.100426e-08
5.520597e-10
2.080817e-10
1.091991e-08
4.965096e-10
1.787614e-10
1.083912e-08
4.46432e-10
1.553075e-10
1.076259e-08
4.013843e-10
1.361933e-10
3.611813e-10
1.204621e-10
1.069054e-08
8.049957e-09
1.774889e-10
1.146745e-09
8.730528e-09
4.925785e-10
2.177211e-09
9.454517e-09
7.318041e-10
2.523018e-09
1.008622e-08
8.980445e-10
2.387828e-09
1.058453e-08
1.001769e-09
2.025193e-09
1.095815e-08
1.055228e-09
1.629616e-09
1.12287e-08
1.069488e-09
1.278873e-09
1.141832e-08
1.054252e-09
9.964618e-10
1.154544e-08
1.017947e-09
7.790142e-10
1.162464e-08
9.676465e-10
6.142387e-10
1.16674e-08
9.090044e-10
4.89546e-10
1.16828e-08
8.463067e-10
3.946625e-10
1.167794e-08
7.826359e-10
3.219016e-10
1.165839e-08
7.200974e-10
2.656537e-10
1.162844e-08
6.600484e-10
2.218212e-10
1.159143e-08
6.033088e-10
1.873878e-10
1.154989e-08
5.503065e-10
1.60092e-10
1.150573e-08
5.012476e-10
1.38268e-10
1.146039e-08
4.560807e-10
1.205723e-10
4.149208e-10
1.06328e-10
1.141495e-08
8.025678e-09
1.345198e-10
1.143703e-09
8.661305e-09
3.812769e-10
2.171243e-09
9.335437e-09
5.780078e-10
2.508822e-09
9.923341e-09
7.237846e-10
2.356633e-09
1.039206e-08
8.239482e-10
1.973311e-09
1.075492e-08
8.857843e-10
1.559718e-09
1.103454e-08
9.163488e-10
1.198128e-09
1.125089e-08
9.219943e-10
9.129416e-10
1.141839e-08
9.084233e-10
6.990747e-10
1.154709e-08
8.806554e-10
5.416683e-10
1.164436e-08
8.429776e-10
4.258364e-10
1.171596e-08
7.989113e-10
3.397247e-10
1.176661e-08
7.512356e-10
2.747917e-10
1.180028e-08
7.020619e-10
2.25114e-10
1.18203e-08
6.52934e-10
1.86612e-10
1.182948e-08
6.049442e-10
1.564478e-10
1.183015e-08
5.588206e-10
1.325903e-10
1.182425e-08
5.150529e-10
1.136004e-10
1.181334e-08
4.738674e-10
9.829645e-11
4.355514e-10
8.625687e-11
1.179879e-08
8.013339e-09
1.044587e-10
1.141928e-09
8.621135e-09
2.9958e-10
2.169462e-09
9.261211e-09
4.603378e-10
2.506809e-09
9.815007e-09
5.845776e-10
2.349029e-09
1.025404e-08
6.749502e-10
1.955611e-09
1.059491e-08
7.358242e-10
1.530184e-09
1.08623e-08
7.718029e-10
1.158244e-09
1.107693e-08
7.872496e-10
8.661424e-10
1.12527e-08
7.862308e-10
6.491405e-10
1.139827e-08
7.724346e-10
4.917671e-10
1.151918e-08
7.491105e-10
3.781491e-10
1.16193e-08
7.190268e-10
2.954694e-10
1.17016e-08
6.844646e-10
2.344399e-10
1.176858e-08
6.472477e-10
1.88647e-10
1.182243e-08
6.087911e-10
1.537431e-10
1.186508e-08
5.701662e-10
1.267808e-10
1.189822e-08
5.321525e-10
1.057211e-10
1.192337e-08
4.953204e-10
8.917067e-11
1.194182e-08
4.600213e-10
7.600337e-11
4.265837e-10
6.59122e-11
1.19548e-08
8.005986e-09
8.217728e-11
1.142609e-09
8.59633e-09
2.36826e-10
2.173385e-09
9.213813e-09
3.6729e-10
2.513991e-09
9.743365e-09
4.712722e-10
2.355649e-09
1.015914e-08
5.499595e-10
1.957963e-09
1.047971e-08
6.058954e-10
1.525849e-09
1.073128e-08
6.420236e-10
1.146715e-09
1.093548e-08
6.613367e-10
8.484044e-10
1.110657e-08
6.667844e-10
6.26863e-10
1.125308e-08
6.611532e-10
4.667191e-10
1.138003e-08
6.469735e-10
3.518602e-10
1.149057e-08
6.264552e-10
2.690952e-10
1.158685e-08
6.014619e-10
2.087566e-10
1.167055e-08
5.735205e-10
1.641126e-10
1.174308e-08
5.438484e-10
1.305804e-10
1.180568e-08
5.133959e-10
1.050567e-10
1.185949e-08
4.828826e-10
8.541316e-11
1.190555e-08
4.528506e-10
7.021065e-11
1.194478e-08
4.236743e-10
5.831029e-11
3.956522e-10
4.939931e-11
1.197812e-08
8.001606e-09
6.469079e-11
1.143558e-09
8.580491e-09
1.8693e-10
2.177621e-09
9.182423e-09
2.917729e-10
2.522125e-09
9.694616e-09
3.772276e-10
2.365407e-09
1.009298e-08
4.437764e-10
1.966738e-09
1.039742e-08
4.928815e-10
1.531567e-09
1.063509e-08
5.263826e-10
1.148397e-09
1.082826e-08
5.462878e-10
8.460492e-10
1.099151e-08
5.547059e-10
6.210104e-10
1.113347e-08
5.537296e-10
4.581305e-10
1.125908e-08
5.453318e-10
3.41312e-10
1.137124e-08
5.312837e-10
2.572721e-10
1.147181e-08
5.131127e-10
1.962107e-10
1.156209e-08
4.920931e-10
1.51259e-10
1.164312e-08
4.692581e-10
1.177138e-10
1.171577e-08
4.454267e-10
9.237477e-11
1.178081e-08
4.212313e-10
7.304361e-11
1.183898e-08
3.971523e-10
5.822791e-11
1.18909e-08
3.735411e-10
4.676451e-11
3.506495e-10
3.828262e-11
1.193726e-08
7.998723e-09
5.040365e-11
1.144742e-09
8.569917e-09
1.457941e-10
2.182033e-09
9.161077e-09
2.285812e-10
2.530226e-09
9.660851e-09
2.97191e-10
2.375647e-09
1.004635e-08
3.517775e-10
1.977224e-09
1.033844e-08
3.931654e-10
1.540691e-09
1.056498e-08
4.224782e-10
1.155256e-09
1.074872e-08
4.410317e-10
8.503944e-10
1.090446e-08
4.50299e-10
6.229813e-10
1.104091e-08
4.518179e-10
4.58047e-10
1.116298e-08
4.470954e-10
3.395459e-10
1.127348e-08
4.375263e-10
2.541809e-10
1.137413e-08
4.243414e-10
1.921092e-10
1.146607e-08
4.085876e-10
1.464098e-10
1.155016e-08
3.911273e-10
1.123293e-10
1.162709e-08
3.726523e-10
8.662128e-11
1.169746e-08
3.537044e-10
6.70514e-11
1.176181e-08
3.346965e-10
5.209274e-11
1.182062e-08
3.159402e-10
4.056857e-11
2.976466e-10
3.204592e-11
1.18744e-08
7.996826e-09
3.826398e-11
1.145741e-09
8.562765e-09
1.107452e-10
2.185641e-09
9.146363e-09
1.741727e-10
2.536838e-09
9.637202e-09
2.27377e-10
2.384267e-09
1.001324e-08
2.703787e-10
1.986524e-09
1.029603e-08
3.036373e-10
1.549482e-09
1.0514e-08
3.278242e-10
1.162809e-09
1.069023e-08
3.437803e-10
8.564369e-10
1.083973e-08
3.525064e-10
6.275123e-10
1.097125e-08
3.550978e-10
4.612022e-10
1.108968e-08
3.526669e-10
3.415074e-10
1.119776e-08
3.462725e-10
2.551329e-10
1.129711e-08
3.368706e-10
1.922196e-10
1.138879e-08
3.25289e-10
1.458243e-10
1.147355e-08
3.122206e-10
1.111716e-10
1.155197e-08
2.982285e-10
8.499487e-11
1.162457e-08
2.837586e-10
6.504362e-11
1.169178e-08
2.691531e-10
4.977259e-11
1.175401e-08
2.546748e-10
3.800163e-11
2.404993e-10
2.924982e-11
1.181166e-08
7.995536e-09
2.759596e-11
1.146559e-09
8.557886e-09
7.988571e-11
2.188507e-09
9.13623e-09
1.259073e-10
2.542012e-09
9.620743e-09
1.64844e-10
2.391079e-09
9.989949e-09
1.966731e-10
1.994033e-09
1.026591e-08
2.216437e-10
1.556823e-09
1.047747e-08
2.40144e-10
1.169435e-09
1.0648e-08
2.526924e-10
8.621152e-10
1.079264e-08
2.599407e-10
6.322087e-10
1.09202e-08
2.626323e-10
4.649838e-10
1.103556e-08
2.615459e-10
3.444782e-10
1.11414e-08
2.574398e-10
2.574009e-10
1.123927e-08
2.510119e-10
1.938831e-10
1.133015e-08
2.428763e-10
1.469682e-10
1.141471e-08
2.33554e-10
1.118677e-10
1.149348e-08
2.23473e-10
8.530315e-11
1.156689e-08
2.129764e-10
6.501556e-11
1.163534e-08
2.023292e-10
4.944912e-11
1.169917e-08
1.917373e-10
3.742408e-11
1.813393e-10
2.842667e-11
1.175875e-08
7.994689e-09
1.790297e-11
1.147148e-09
8.554654e-09
5.183267e-11
2.190557e-09
9.129455e-09
8.180761e-11
2.545694e-09
9.609643e-09
1.073127e-10
2.395968e-09
9.974116e-09
1.283216e-10
1.999492e-09
1.024529e-08
1.449621e-10
1.562259e-09
1.04523e-08
1.574442e-10
1.174458e-09
1.061872e-08
1.66064e-10
8.665506e-10
1.075982e-08
1.712111e-10
6.360187e-10
1.088445e-08
1.733446e-10
4.682029e-10
1.099748e-08
1.729566e-10
3.471691e-10
1.110157e-08
1.70535e-10
2.596307e-10
1.11982e-08
1.665348e-10
1.957133e-10
1.12883e-08
1.613615e-10
1.484509e-10
1.137247e-08
1.553623e-10
1.130463e-10
1.145119e-08
1.488254e-10
8.621291e-11
1.152486e-08
1.419834e-10
6.568603e-11
1.159382e-08
1.350175e-10
4.990298e-11
1.16584e-08
1.280693e-10
3.768475e-11
1.212356e-10
2.849643e-11
1.171891e-08
7.994169e-09
1.14753e-09
8.552673e-09
2.191889e-09
9.125286e-09
2.548061e-09
9.602777e-09
2.399123e-09
9.964271e-09
2.003037e-09
1.02324e-08
1.565817e-09
1.043649e-08
1.177784e-09
1.060026e-08
8.695284e-10
1.073905e-08
6.386189e-10
1.086176e-08
4.704439e-10
1.097325e-08
3.49088e-10
1.107615e-08
2.612686e-10
1.117192e-08
1.971081e-10
1.126145e-08
1.49635e-10
1.134529e-08
1.140457e-10
1.142389e-08
7.435685e-11
8.704879e-11
1.149762e-08
7.098035e-11
6.63752e-11
1.156679e-08
6.753464e-11
5.045786e-11
1.163171e-08
6.409196e-11
3.811794e-11
6.07021e-11
2.880787e-11
1.169267e-08
1.141052e-08
8.751808e-11
1.148426e-08
6.677574e-11
1.155351e-08
5.079528e-11
1.161855e-08
3.839781e-11
2.902983e-11
1.16797e-08
6.498075e-09
1.36079e-09
5.417872e-09
1.40228e-09
4.582098e-09
1.095737e-09
3.992187e-09
7.702542e-10
3.580788e-09
5.284342e-10
3.285294e-09
3.711769e-10
3.065662e-09
2.712249e-10
2.896217e-09
2.06877e-10
2.7614e-09
1.636708e-10
2.651702e-09
1.3316e-10
2.561088e-09
1.104817e-10
2.485479e-09
9.291046e-11
2.421928e-09
7.887763e-11
2.368207e-09
6.743354e-11
2.322572e-09
5.796544e-11
2.283633e-09
5.005063e-11
2.250269e-09
4.338417e-11
2.221571e-09
3.772558e-11
2.196796e-09
3.291096e-11
2.870192e-11
2.175394e-09
8.344656e-09
9.595016e-10
8.699601e-09
1.562672e-09
8.705366e-09
1.606413e-09
8.4902e-09
1.409004e-09
8.17013e-09
1.158411e-09
7.820191e-09
9.348933e-10
7.481983e-09
7.550327e-10
7.174194e-09
6.159326e-10
6.902267e-09
5.088441e-10
6.665393e-09
4.254772e-10
6.460295e-09
3.594056e-10
6.283079e-09
3.060758e-10
6.129976e-09
2.623455e-10
5.997593e-09
2.260306e-10
5.882966e-09
1.955775e-10
5.783535e-09
1.698474e-10
5.697113e-09
1.479779e-10
5.621818e-09
1.292964e-10
5.556072e-09
1.13279e-10
9.941633e-11
5.498468e-09
8.318157e-09
5.708362e-10
9.189511e-09
1.200811e-09
9.864597e-09
1.4864e-09
1.023693e-08
1.528174e-09
1.034751e-08
1.435654e-09
1.028004e-08
1.289716e-09
1.010938e-08
1.13256e-09
9.889798e-09
9.842748e-10
9.655111e-09
8.523214e-10
9.424231e-09
7.380566e-10
9.206656e-09
6.401962e-10
9.006484e-09
5.566139e-10
8.824905e-09
4.8514e-10
8.661601e-09
4.238507e-10
8.515519e-09
3.711296e-10
8.385272e-09
3.256471e-10
8.269369e-09
2.863045e-10
8.166308e-09
2.522042e-10
8.0747e-09
2.225739e-10
1.968147e-10
7.993083e-09
8.146752e-09
3.583915e-10
8.973294e-09
8.806493e-10
9.808784e-09
1.201752e-09
1.047128e-08
1.355988e-09
1.090972e-08
1.390368e-09
1.114836e-08
1.35002e-09
1.1235e-08
1.267538e-09
1.121793e-08
1.165108e-09
1.11359e-08
1.056655e-09
1.10167e-08
9.50284e-10
1.087888e-08
8.502596e-10
1.073435e-08
7.584797e-10
1.059045e-08
6.754842e-10
1.045156e-08
6.010872e-10
1.032017e-08
5.347502e-10
1.019753e-08
4.75797e-10
1.008413e-08
4.235084e-10
9.979953e-09
3.772141e-10
9.884707e-09
3.362237e-10
3.001116e-10
9.797745e-09
8.044904e-09
2.444761e-10
8.769398e-09
6.500504e-10
9.567001e-09
9.372809e-10
1.027514e-08
1.116675e-09
1.082839e-08
1.208776e-09
1.122324e-08
1.236219e-09
1.148133e-08
1.218095e-09
1.1632e-08
1.169697e-09
1.170294e-08
1.102804e-09
1.171703e-08
1.026103e-09
1.169196e-08
9.456908e-10
1.164088e-08
8.656227e-10
1.157334e-08
7.884348e-10
1.149621e-08
7.15596e-10
1.141432e-08
6.478548e-10
1.133105e-08
5.855005e-10
1.124872e-08
5.285206e-10
1.116886e-08
4.76765e-10
1.109246e-08
4.298951e-10
3.878191e-10
1.102003e-08
7.998191e-09
1.775511e-10
8.646253e-09
4.944204e-10
9.376036e-09
7.35776e-10
1.004729e-08
9.039101e-10
1.060301e-08
1.009664e-09
1.103741e-08
1.065804e-09
1.136389e-08
1.083644e-09
1.160144e-08
1.072685e-09
1.17681e-08
1.040877e-09
1.187923e-08
9.947885e-10
1.194738e-08
9.396898e-10
1.198268e-08
8.796575e-10
1.199322e-08
8.177195e-10
1.19854e-08
7.560362e-10
1.196425e-08
6.960812e-10
1.193372e-08
6.388157e-10
1.189683e-08
5.848097e-10
1.185593e-08
5.343985e-10
1.181277e-08
4.8764e-10
4.44749e-10
1.176871e-08
7.973804e-09
1.347875e-10
8.576672e-09
3.83399e-10
9.256811e-09
5.823725e-10
9.884942e-09
7.301262e-10
1.041157e-08
8.322007e-10
1.083499e-08
8.962794e-10
1.116954e-08
9.296983e-10
1.143238e-08
9.387821e-10
1.163808e-08
9.289628e-10
1.179783e-08
9.049041e-10
1.192027e-08
8.705707e-10
1.201226e-08
8.292583e-10
1.20794e-08
7.836298e-10
1.212633e-08
7.357735e-10
1.215697e-08
6.872769e-10
1.217459e-08
6.393147e-10
1.218192e-08
5.92716e-10
1.218122e-08
5.480743e-10
1.217433e-08
5.057123e-10
4.660077e-10
1.216289e-08
7.961393e-09
1.048044e-10
8.536348e-09
3.01617e-10
9.182642e-09
4.644232e-10
9.777232e-09
5.904634e-10
1.027474e-08
6.824837e-10
1.06763e-08
7.451676e-10
1.099812e-08
7.833874e-10
1.125821e-08
8.015556e-10
1.147084e-08
8.03588e-10
1.164614e-08
7.929271e-10
1.179117e-08
7.725709e-10
1.191101e-08
7.450858e-10
1.200957e-08
7.126224e-10
1.209004e-08
6.769434e-10
1.215508e-08
6.394599e-10
1.220702e-08
6.012795e-10
1.224788e-08
5.632428e-10
1.227941e-08
5.259925e-10
1.230313e-08
4.899553e-10
4.555313e-10
1.232048e-08
7.954019e-09
8.25187e-11
8.511488e-09
2.38627e-10
9.135351e-09
3.708411e-10
9.70615e-09
4.763497e-10
1.018092e-08
5.563796e-10
1.05625e-08
6.137301e-10
1.086839e-08
6.515885e-10
1.111749e-08
6.730278e-10
1.132453e-08
6.809151e-10
1.149968e-08
6.778643e-10
1.164964e-08
6.662127e-10
1.177893e-08
6.480016e-10
1.189072e-08
6.249728e-10
1.198742e-08
5.985814e-10
1.207093e-08
5.700181e-10
1.214289e-08
5.402409e-10
1.220469e-08
5.100017e-10
1.22576e-08
4.798889e-10
1.23027e-08
4.50331e-10
4.216786e-10
1.234111e-08
7.94962e-09
6.499336e-11
8.495623e-09
1.884353e-10
9.104074e-09
2.947092e-10
9.657876e-09
3.814047e-10
1.011569e-08
4.490126e-10
1.048147e-08
4.991997e-10
1.077354e-08
5.340176e-10
1.101136e-08
5.555639e-10
1.121004e-08
5.659045e-10
1.13799e-08
5.670095e-10
1.152767e-08
5.607027e-10
1.165772e-08
5.486188e-10
1.177301e-08
5.32179e-10
1.187562e-08
5.125887e-10
1.196713e-08
4.908464e-10
1.20488e-08
4.677649e-10
1.212167e-08
4.439914e-10
1.218668e-08
4.200345e-10
1.224461e-08
3.962833e-10
3.730265e-10
1.229628e-08
7.946727e-09
5.065305e-11
8.485039e-09
1.470024e-10
9.082824e-09
2.309215e-10
9.624481e-09
3.005068e-10
1.00698e-08
3.559052e-10
1.042353e-08
3.98103e-10
1.070462e-08
4.284007e-10
1.093293e-08
4.481999e-10
1.112381e-08
4.589544e-10
1.12877e-08
4.621147e-10
1.143134e-08
4.590742e-10
1.15591e-08
4.51118e-10
1.167383e-08
4.39389e-10
1.17775e-08
4.248728e-10
1.187155e-08
4.08397e-10
1.195707e-08
3.906415e-10
1.203494e-08
3.721533e-10
1.210592e-08
3.533623e-10
1.217062e-08
3.346062e-10
3.161219e-10
1.222968e-08
7.944822e-09
3.845838e-11
8.477882e-09
1.11674e-10
9.068185e-09
1.759633e-10
9.601113e-09
2.299067e-10
1.003724e-08
2.735114e-10
1.038194e-08
3.0736e-10
1.06546e-08
3.32265e-10
1.087541e-08
3.491421e-10
1.105989e-08
3.589858e-10
1.121856e-08
3.628304e-10
1.135818e-08
3.617036e-10
1.148308e-08
3.565796e-10
1.159605e-08
3.483437e-10
1.1699e-08
3.377729e-10
1.179328e-08
3.255294e-10
1.187991e-08
3.121626e-10
1.195968e-08
2.981191e-10
1.203325e-08
2.837512e-10
1.210117e-08
2.693394e-10
2.550775e-10
1.216398e-08
7.943526e-09
2.773742e-11
8.473001e-09
8.055838e-11
9.058108e-09
1.271999e-10
9.584859e-09
1.666664e-10
1.001436e-08
1.989209e-10
1.035243e-08
2.243015e-10
1.061881e-08
2.433017e-10
1.083393e-08
2.564987e-10
1.101347e-08
2.645445e-10
1.116801e-08
2.681418e-10
1.130431e-08
2.680089e-10
1.142667e-08
2.648425e-10
1.153784e-08
2.592876e-10
1.163966e-08
2.519191e-10
1.173342e-08
2.432332e-10
1.18201e-08
2.336459e-10
1.190042e-08
2.234985e-10
1.1975e-08
2.130621e-10
1.204434e-08
2.025542e-10
1.921259e-10
1.210892e-08
7.942675e-09
1.799487e-11
8.469767e-09
5.226936e-11
9.051372e-09
8.264466e-11
9.573903e-09
1.084913e-10
9.998821e-09
1.297714e-10
1.033224e-08
1.466703e-10
1.059416e-08
1.59468e-10
1.080521e-08
1.685009e-10
1.098116e-08
1.74161e-10
1.113267e-08
1.768822e-10
1.126649e-08
1.771183e-10
1.13869e-08
1.753165e-10
1.149661e-08
1.718969e-10
1.159742e-08
1.672384e-10
1.169057e-08
1.616709e-10
1.177699e-08
1.554735e-10
1.185738e-08
1.488771e-10
1.193231e-08
1.420658e-10
1.200224e-08
1.351884e-10
1.283495e-10
1.206764e-08
7.942152e-09
8.467785e-09
9.047228e-09
9.567128e-09
9.989158e-09
1.031962e-08
1.057869e-08
1.078711e-08
1.096074e-08
1.111025e-08
1.124243e-08
1.136154e-08
1.147025e-08
1.157035e-08
1.166305e-08
1.174922e-08
7.764077e-11
1.182954e-08
7.439062e-11
1.190456e-08
7.10262e-11
1.197474e-08
6.762306e-11
6.423486e-11
1.20405e-08
1.173563e-08
1.18159e-08
1.189094e-08
1.196121e-08
1.202711e-08
2.038987e-10
-2.949028e-13
1.363182e-12
2.029181e-10
-2.811654e-13
1.261741e-12
2.020332e-10
-2.728139e-13
1.157786e-12
2.012317e-10
-2.634052e-13
1.064876e-12
-2.530947e-13
9.792925e-13
4.066243e-10
-2.19397e-13
2.232404e-12
4.045031e-10
-2.494807e-13
2.089504e-12
4.025791e-10
-2.748716e-13
1.926074e-12
4.008281e-10
-2.915987e-13
1.779213e-12
-3.004682e-13
1.64362e-12
5.39138e-10
2.728628e-13
2.604373e-12
5.362779e-10
1.58377e-13
2.452168e-12
5.336724e-10
6.715464e-14
2.263474e-12
5.312904e-10
-3.436121e-15
2.093836e-12
-5.609243e-14
1.9382e-12
6.302602e-10
1.07143e-12
2.624137e-12
6.270794e-10
8.608558e-13
2.478339e-12
6.241638e-10
6.916171e-13
2.291094e-12
6.214828e-10
5.549172e-13
2.122643e-12
4.45977e-13
1.96927e-12
6.920214e-10
1.938289e-12
2.42106e-12
6.88947e-10
1.648832e-12
2.286471e-12
6.86108e-10
1.412477e-12
2.118156e-12
6.834787e-10
1.217054e-12
1.967101e-12
1.056372e-12
1.830376e-12
7.317661e-10
2.730721e-12
1.999878e-12
7.291414e-10
2.389484e-12
1.88407e-12
7.266984e-10
2.106193e-12
1.749209e-12
7.244182e-10
1.867995e-12
1.629279e-12
1.668159e-12
1.521367e-12
7.552222e-10
3.343952e-12
1.490554e-12
7.532386e-10
2.977785e-12
1.395307e-12
7.51379e-10
2.669304e-12
1.296449e-12
7.496299e-10
2.40672e-12
1.210329e-12
2.183412e-12
1.133599e-12
7.673008e-10
3.730152e-12
1.004065e-12
7.65992e-10
3.360535e-12
9.260629e-13
7.647591e-10
3.045501e-12
8.567154e-13
7.635922e-10
2.774981e-12
7.986254e-13
2.542813e-12
7.480082e-13
7.720822e-10
3.869854e-12
6.279324e-13
7.713692e-10
3.513346e-12
5.602287e-13
7.706986e-10
3.206941e-12
5.091303e-13
7.700626e-10
2.942284e-12
4.686617e-13
2.713818e-12
4.348014e-13
7.726829e-10
3.771809e-12
3.82983e-13
7.724357e-10
3.441526e-12
3.190021e-13
7.722106e-10
3.156088e-12
2.759578e-13
7.720008e-10
2.908606e-12
2.434943e-13
2.694188e-12
2.175702e-13
7.712484e-10
3.461101e-12
2.511758e-13
7.713352e-10
3.168018e-12
1.866172e-13
7.714325e-10
2.913847e-12
1.449949e-13
7.71534e-10
2.692935e-12
1.141149e-13
2.501109e-12
9.005434e-14
7.691042e-10
2.973155e-12
1.954029e-13
7.694171e-10
2.726662e-12
1.284485e-13
7.697333e-10
2.512424e-12
8.524143e-14
7.700474e-10
2.325916e-12
5.291821e-14
2.163727e-12
2.772554e-14
7.669834e-10
2.346377e-12
1.816982e-13
7.674436e-10
2.154306e-12
1.121695e-13
7.679022e-10
1.98713e-12
6.671043e-14
7.683545e-10
1.841426e-12
3.218196e-14
1.714595e-12
4.993305e-15
7.652459e-10
1.618602e-12
1.857999e-13
7.657989e-10
1.48706e-12
1.142495e-13
7.663466e-10
1.37246e-12
6.693377e-14
7.66885e-10
1.272501e-12
3.052655e-14
1.185431e-12
1.56368e-15
7.640457e-10
1.938724e-13
7.646532e-10
1.210304e-13
7.652529e-10
7.253151e-14
7.658411e-10
3.489622e-14
4.743543e-15
5.335619e-10
-4.282066e-13
4.659666e-12
5.309368e-10
-4.303075e-13
4.317173e-12
5.285577e-10
-4.380687e-13
3.97494e-12
5.263999e-10
-4.399962e-13
3.662606e-12
-4.364403e-13
3.374857e-12
1.130622e-09
5.180649e-13
7.828618e-12
1.124632e-09
3.374056e-13
7.312224e-12
1.119177e-09
1.839322e-13
6.759041e-12
1.114206e-09
6.164692e-14
6.24866e-12
-3.230432e-14
5.777523e-12
1.525635e-09
2.848328e-12
9.175666e-12
1.51745e-09
2.365661e-12
8.609166e-12
1.509962e-09
1.963531e-12
7.971499e-12
1.503107e-09
1.63094e-12
7.379797e-12
1.358987e-12
6.835937e-12
1.797762e-09
6.014708e-12
9.324979e-12
1.788632e-09
5.2066e-12
8.767209e-12
1.780228e-09
4.528305e-12
8.130276e-12
1.772488e-09
3.956402e-12
7.538007e-12
3.475961e-12
6.996771e-12
1.982138e-09
9.240176e-12
8.632142e-12
1.973345e-09
8.171985e-12
8.113943e-12
1.96519e-09
7.264363e-12
7.536831e-12
1.957623e-09
6.487982e-12
7.002679e-12
5.824264e-12
6.517173e-12
2.100558e-09
1.196616e-11
7.189516e-12
2.093132e-09
1.073983e-11
6.742833e-12
2.086188e-09
9.685223e-12
6.271697e-12
2.079692e-09
8.772442e-12
5.841446e-12
7.981944e-12
5.452965e-12
2.17018e-09
1.386196e-11
5.414281e-12
2.164689e-09
1.257645e-11
5.049306e-12
2.159516e-09
1.145969e-11
4.694618e-12
2.154636e-09
1.048431e-11
4.379117e-12
9.631606e-12
4.097586e-12
2.205766e-09
1.481787e-11
3.709261e-12
2.202304e-09
1.354997e-11
3.413788e-12
2.199025e-09
1.244019e-11
3.155761e-12
2.195907e-09
1.146467e-11
2.936291e-12
1.060639e-11
2.745132e-12
2.219588e-09
1.486173e-11
2.374034e-12
2.217911e-09
1.366538e-11
2.121806e-12
2.216323e-09
1.261301e-11
1.9247e-12
2.214805e-09
1.168419e-11
1.766771e-12
1.086384e-11
1.634695e-12
2.221005e-09
1.410096e-11
1.493751e-12
2.220716e-09
1.301388e-11
1.25911e-12
2.220461e-09
1.20548e-11
1.08946e-12
2.220222e-09
1.120637e-11
9.60295e-13
1.045548e-11
8.569502e-13
2.216434e-09
1.267283e-11
1.010134e-12
2.217135e-09
1.172337e-11
7.759193e-13
2.217839e-09
1.088429e-11
6.114643e-13
2.21853e-09
1.014111e-11
4.887653e-13
9.482741e-12
3.92908e-13
2.209827e-09
1.071748e-11
7.984572e-13
2.211193e-09
9.928584e-12
5.569323e-13
2.212545e-09
9.23072e-12
3.872238e-13
2.213867e-09
8.612216e-12
2.601142e-13
8.064055e-12
1.609269e-13
2.203355e-09
8.363885e-12
7.399557e-13
2.205151e-09
7.754534e-12
4.897871e-13
2.206921e-09
7.215146e-12
3.12289e-13
2.208651e-09
6.736901e-12
1.777689e-13
6.312953e-12
7.189818e-14
2.198076e-09
5.726653e-12
7.487045e-13
2.200142e-09
5.311766e-12
4.915438e-13
2.202172e-09
4.944347e-12
3.074677e-13
2.204155e-09
4.61848e-12
1.6645e-13
4.329568e-12
5.444989e-14
2.194439e-09
7.74387e-13
2.196661e-09
5.127053e-13
2.198842e-09
3.243511e-13
2.20097e-09
1.790129e-13
6.283253e-14
8.066544e-10
-1.250747e-13
9.20459e-12
8.026148e-10
-1.778825e-13
8.534609e-12
7.989466e-10
-2.316499e-13
7.874869e-12
7.956151e-10
-2.72392e-13
7.266491e-12
-3.008903e-13
6.704982e-12
1.775895e-09
2.391431e-12
1.575051e-11
1.766355e-09
1.97873e-12
1.46957e-11
1.757652e-09
1.623713e-12
1.360649e-11
1.749711e-09
1.327358e-12
1.258965e-11
1.084185e-12
1.164911e-11
2.426609e-09
7.365726e-12
1.855001e-11
2.413442e-09
6.385721e-12
1.736884e-11
2.401376e-09
5.551866e-12
1.610973e-11
2.390314e-09
4.843322e-12
1.492589e-11
4.244453e-12
1.383419e-11
2.876509e-09
1.365702e-11
1.896777e-11
2.861794e-09
1.208377e-11
1.778439e-11
2.848222e-09
1.073551e-11
1.651848e-11
2.835702e-09
9.575026e-12
1.532641e-11
8.577195e-12
1.423235e-11
3.181393e-09
1.983862e-11
1.761956e-11
3.167276e-09
1.780183e-11
1.651261e-11
3.154154e-09
1.603718e-11
1.535695e-11
3.141955e-09
1.450077e-11
1.427579e-11
1.316231e-11
1.328885e-11
3.376803e-09
2.483731e-11
1.476321e-11
3.365008e-09
2.253446e-11
1.380518e-11
3.35395e-09
2.051814e-11
1.284898e-11
3.343579e-09
1.87449e-11
1.196854e-11
1.718372e-11
1.117079e-11
3.491151e-09
2.807029e-11
1.120535e-11
3.482621e-09
2.569074e-11
1.042247e-11
3.474556e-09
2.358905e-11
9.689455e-12
3.46692e-09
2.172589e-11
9.033474e-12
2.007225e-11
8.446933e-12
3.549054e-09
2.94044e-11
7.770518e-12
3.543928e-09
2.709163e-11
7.138475e-12
3.539044e-09
2.503613e-11
6.592842e-12
3.534376e-09
2.320351e-11
6.126226e-12
2.156788e-11
5.719484e-12
3.571008e-09
2.89924e-11
5.058649e-12
3.568857e-09
2.684126e-11
4.52264e-12
3.566799e-09
2.492192e-11
4.096788e-12
3.564812e-09
2.320471e-11
3.753027e-12
2.166697e-11
3.465209e-12
3.572603e-09
2.71193e-11
3.255912e-12
3.572752e-09
2.518993e-11
2.761242e-12
3.572908e-09
2.346485e-11
2.390303e-12
3.57305e-09
2.191865e-11
2.104964e-12
2.053179e-11
1.875931e-12
3.56449e-09
2.409393e-11
2.252656e-12
3.566267e-09
2.242708e-11
1.762181e-12
3.568006e-09
2.093523e-11
1.402286e-12
3.569685e-09
1.959705e-11
1.130952e-12
1.83961e-11
9.181158e-13
3.553182e-09
2.019527e-11
1.804196e-12
3.556044e-09
1.882209e-11
1.300575e-12
3.558843e-09
1.759247e-11
9.306471e-13
3.56156e-09
1.648923e-11
6.511959e-13
1.549905e-11
4.324545e-13
3.54223e-09
1.565706e-11
1.67199e-12
3.545788e-09
1.460302e-11
1.151577e-12
3.549267e-09
1.36589e-11
7.661839e-13
3.55265e-09
1.281171e-11
4.721971e-13
1.205142e-11
2.40408e-13
3.533346e-09
1.067236e-11
1.681735e-12
3.537335e-09
9.957721e-12
1.147434e-12
3.541235e-09
9.31746e-12
7.487562e-13
3.545029e-09
8.742895e-12
4.417859e-13
8.227298e-12
1.977825e-13
3.527241e-09
1.729752e-12
3.531481e-09
1.186388e-12
3.535624e-09
7.789589e-13
3.539652e-09
4.632568e-13
2.108309e-13
1.037305e-09
5.851133e-13
1.439562e-11
1.032029e-09
4.528319e-13
1.335791e-11
1.027232e-09
3.26507e-13
1.234573e-11
1.022869e-09
2.223198e-13
1.140656e-11
1.388827e-13
1.053769e-11
2.351605e-09
5.332037e-12
2.502512e-11
2.338802e-09
4.615836e-12
2.33351e-11
2.327111e-09
3.99262e-12
2.163181e-11
2.316431e-09
3.459611e-12
2.003234e-11
3.008364e-12
1.85492e-11
3.247785e-09
1.370172e-11
2.962697e-11
3.229959e-09
1.210889e-11
2.770144e-11
3.213606e-09
1.073408e-11
2.572193e-11
3.198595e-09
9.545935e-12
2.385058e-11
8.521838e-12
2.211918e-11
3.870342e-09
2.383317e-11
3.045754e-11
3.85039e-09
2.134339e-11
2.850123e-11
3.831966e-09
1.918007e-11
2.649692e-11
3.814944e-09
1.729182e-11
2.460187e-11
1.564345e-11
2.285616e-11
4.292463e-09
3.352831e-11
2.839696e-11
4.273413e-09
3.035237e-11
2.655357e-11
4.255676e-09
2.756485e-11
2.470965e-11
4.239156e-09
2.510728e-11
2.298074e-11
2.293836e-11
2.139706e-11
4.562372e-09
4.111235e-11
2.391869e-11
4.546651e-09
3.756346e-11
2.231493e-11
4.531876e-09
3.441763e-11
2.077175e-11
4.517983e-09
3.16185e-11
1.934988e-11
2.912477e-11
1.805823e-11
4.719413e-09
4.57249e-11
1.828049e-11
4.708333e-09
4.21001e-11
1.69661e-11
4.697814e-09
3.886052e-11
1.576568e-11
4.687819e-09
3.595603e-11
1.469138e-11
3.334895e-11
1.372942e-11
4.798018e-09
4.72493e-11
1.28092e-11
4.791741e-09
4.376862e-11
1.17471e-11
4.785717e-09
4.063948e-11
1.083777e-11
4.779921e-09
3.781859e-11
1.005901e-11
3.527303e-11
9.379656e-12
4.826912e-09
4.603672e-11
8.462555e-12
4.824802e-09
4.283805e-11
7.563806e-12
4.822743e-09
3.995203e-11
6.842799e-12
4.820716e-09
3.734153e-11
6.257614e-12
3.497822e-11
5.766829e-12
4.827892e-09
4.262511e-11
5.554532e-12
4.828975e-09
3.978784e-11
4.728768e-12
4.829998e-09
3.72232e-11
4.095402e-12
4.830942e-09
3.489949e-11
3.603428e-12
3.279256e-11
3.206953e-12
4.815762e-09
3.755096e-11
3.920959e-12
4.819083e-09
3.512272e-11
3.106021e-12
4.822291e-09
3.292616e-11
2.491268e-12
4.825364e-09
3.093474e-11
2.022553e-12
2.91283e-11
1.653002e-12
4.799501e-09
3.126454e-11
3.179518e-12
4.8043e-09
2.927897e-11
2.345686e-12
4.808959e-09
2.748237e-11
1.715782e-12
4.813456e-09
2.58534e-11
1.234969e-12
2.437583e-11
8.568938e-13
4.783954e-09
2.411749e-11
2.951233e-12
4.789692e-09
2.260178e-11
2.091509e-12
4.795273e-09
2.123015e-11
1.437347e-12
4.800678e-09
1.998655e-11
9.338205e-13
1.885878e-11
5.35445e-13
4.771422e-09
1.638248e-11
2.956924e-12
4.777737e-09
1.535869e-11
2.075383e-12
4.783884e-09
1.443211e-11
1.40009e-12
4.789844e-09
1.359204e-11
8.760011e-13
1.283036e-11
4.583353e-13
4.76284e-09
3.028717e-12
4.769489e-09
2.132827e-12
4.77596e-09
1.443481e-12
4.782236e-09
9.054462e-13
4.743704e-13
1.234945e-09
1.654619e-12
1.971268e-11
1.228578e-09
1.419837e-12
1.830554e-11
1.222783e-09
1.198873e-12
1.694218e-11
1.217507e-09
1.010436e-12
1.567175e-11
8.525413e-13
1.449358e-11
2.865478e-09
9.234806e-12
3.475206e-11
2.849683e-09
8.155441e-12
3.23945e-11
2.835247e-09
7.207124e-12
3.005945e-11
2.822047e-09
6.383373e-12
2.785995e-11
5.672768e-12
2.581555e-11
3.994308e-09
2.168467e-11
4.136821e-11
3.972144e-09
1.938118e-11
3.864024e-11
3.951793e-09
1.73718e-11
3.590792e-11
3.933092e-09
1.561433e-11
3.332027e-11
1.407918e-11
3.091956e-11
4.782705e-09
3.630794e-11
4.274505e-11
4.757875e-09
3.27733e-11
3.993908e-11
4.734921e-09
2.967113e-11
3.715148e-11
4.713686e-09
2.69352e-11
3.451594e-11
2.452049e-11
3.208136e-11
5.317703e-09
5.00197e-11
4.000583e-11
5.294127e-09
4.556177e-11
3.734161e-11
5.272139e-09
4.161159e-11
3.475671e-11
5.251622e-09
3.80956e-11
3.233724e-11
3.4962e-11
3.0116e-11
5.658888e-09
6.046154e-11
3.386302e-11
5.639705e-09
5.552822e-11
3.153127e-11
5.621629e-09
5.111454e-11
2.934531e-11
5.604586e-09
4.715109e-11
2.733687e-11
4.358732e-11
2.550982e-11
5.856102e-09
6.647519e-11
2.604754e-11
5.842982e-09
6.148669e-11
2.412797e-11
5.830469e-09
5.698707e-11
2.240582e-11
5.818527e-09
5.291603e-11
2.086875e-11
4.922868e-11
1.94917e-11
5.95348e-09
6.800111e-11
1.842429e-11
5.946584e-09
6.326189e-11
1.686862e-11
5.939902e-09
5.896149e-11
1.554498e-11
5.933416e-09
5.504901e-11
1.441197e-11
5.148623e-11
1.342325e-11
5.987951e-09
6.566034e-11
1.233657e-11
5.986405e-09
6.13517e-11
1.10198e-11
5.984825e-09
5.742745e-11
9.956782e-12
5.983196e-09
5.384467e-11
9.090615e-12
5.057121e-11
8.362899e-12
5.987447e-09
6.031507e-11
8.242636e-12
5.989961e-09
5.653119e-11
7.035542e-12
5.99231e-09
5.307836e-11
6.09545e-12
5.994479e-09
4.992041e-11
5.359029e-12
4.703037e-11
4.76302e-12
5.970818e-09
5.278137e-11
5.926401e-12
5.976146e-09
4.957054e-11
4.739112e-12
5.981251e-09
4.663846e-11
3.826395e-12
5.986115e-09
4.39551e-11
3.123267e-12
4.149815e-11
2.565763e-12
5.949383e-09
4.370982e-11
4.862927e-12
5.956545e-09
4.110213e-11
3.651692e-12
5.96346e-09
3.872033e-11
2.718944e-12
5.97011e-09
3.654042e-11
1.999791e-12
3.454459e-11
1.431273e-12
5.929169e-09
3.358081e-11
4.525108e-12
5.937483e-09
3.160025e-11
3.278826e-12
5.945537e-09
2.979113e-11
2.312785e-12
5.953313e-09
2.813552e-11
1.562439e-12
2.662009e-11
9.66124e-13
5.912987e-09
2.274623e-11
4.522058e-12
5.922004e-09
2.141307e-11
3.245762e-12
5.93075e-09
2.019523e-11
2.25038e-12
5.939209e-09
1.908082e-11
1.471504e-12
1.806099e-11
8.484822e-13
5.901948e-09
4.616846e-12
5.911367e-09
3.320677e-12
5.920507e-09
2.305636e-12
5.929352e-09
1.507286e-12
8.655839e-13
1.405996e-09
3.02928e-12
2.471212e-11
1.398662e-09
2.674507e-12
2.296529e-11
1.391981e-09
2.341658e-12
2.128111e-11
1.385894e-09
2.052343e-12
1.970666e-11
1.804163e-12
1.824318e-11
3.323914e-09
1.396515e-11
4.41193e-11
3.305387e-09
1.247637e-11
4.11201e-11
3.288442e-09
1.115783e-11
3.818775e-11
3.272934e-09
9.999648e-12
3.542127e-11
8.987675e-12
3.284447e-11
4.670732e-09
3.108928e-11
5.281294e-11
4.644556e-09
2.799904e-11
4.929329e-11
4.620505e-09
2.528082e-11
4.58356e-11
4.598382e-09
2.288167e-11
4.256142e-11
2.076527e-11
3.951735e-11
5.616676e-09
5.07675e-11
5.484201e-11
5.587345e-09
4.608914e-11
5.118057e-11
5.560201e-09
4.195084e-11
4.762488e-11
5.535057e-09
3.827147e-11
4.42701e-11
3.499643e-11
4.116549e-11
6.259193e-09
6.892346e-11
5.152954e-11
6.231521e-09
6.307628e-11
4.802601e-11
6.20567e-09
5.785596e-11
4.470226e-11
6.181503e-09
5.317389e-11
4.160252e-11
4.89683e-11
3.875347e-11
6.667794e-09
8.244192e-11
4.382527e-11
6.645638e-09
7.602518e-11
4.073908e-11
6.624697e-09
7.024117e-11
3.790063e-11
6.604896e-09
6.500808e-11
3.530421e-11
6.026703e-11
3.294147e-11
6.902277e-09
8.985196e-11
3.391729e-11
6.887645e-09
8.342181e-11
3.136294e-11
6.873614e-09
7.757699e-11
2.910104e-11
6.860152e-09
7.224842e-11
2.709012e-11
6.738533e-11
2.528902e-11
7.0163e-09
9.119201e-11
2.420272e-11
7.009323e-09
8.514266e-11
2.212392e-11
7.002473e-09
7.960916e-11
2.036334e-11
6.99574e-09
7.453498e-11
1.885856e-11
6.987828e-11
1.754551e-11
7.054907e-09
8.742074e-11
1.640963e-11
7.054447e-09
8.197535e-11
1.464681e-11
7.053822e-09
7.69741e-11
1.321742e-11
7.053027e-09
7.23706e-11
1.204939e-11
6.813068e-11
1.106646e-11
7.052059e-09
7.979002e-11
1.114644e-11
7.056486e-09
7.505191e-11
9.531748e-12
7.060604e-09
7.069098e-11
8.260449e-12
7.064407e-09
6.666886e-11
7.257476e-12
6.295751e-11
6.442301e-12
7.030498e-09
6.944161e-11
8.152041e-12
7.038269e-09
6.545291e-11
6.567582e-12
7.045675e-09
6.177853e-11
5.332963e-12
7.052707e-09
5.838704e-11
4.373222e-12
5.525558e-11
3.607904e-12
7.003731e-09
5.725073e-11
6.765049e-12
7.013651e-09
5.403178e-11
5.152598e-12
7.023189e-09
5.106575e-11
3.893703e-12
7.032334e-09
4.832771e-11
2.914328e-12
4.579959e-11
2.13573e-12
6.978841e-09
4.383412e-11
6.314243e-12
6.990092e-09
4.140084e-11
4.658223e-12
7.000955e-09
3.915859e-11
3.357501e-12
7.011417e-09
3.708887e-11
2.3388e-12
3.517824e-11
1.525214e-12
6.95906e-09
2.962064e-11
6.299197e-12
6.971114e-09
2.798803e-11
4.605334e-12
6.982772e-09
2.648351e-11
3.267373e-12
6.994025e-09
2.509488e-11
2.212422e-12
2.381327e-11
1.364946e-12
6.945621e-09
6.414734e-12
6.958129e-09
4.695668e-12
6.970236e-09
3.332608e-12
6.981933e-09
2.252786e-12
1.381497e-12
1.554921e-09
4.648515e-12
2.902561e-11
1.546731e-09
4.161766e-12
2.699351e-11
1.539265e-09
3.70486e-12
2.504146e-11
1.532458e-09
3.302519e-12
2.321192e-11
2.952213e-12
2.150764e-11
3.732166e-09
1.936236e-11
5.241864e-11
3.711161e-09
1.743255e-11
4.885367e-11
3.69194e-09
1.57119e-11
4.540215e-11
3.674333e-09
1.418739e-11
4.21435e-11
1.284265e-11
3.910289e-11
5.281045e-09
4.163951e-11
6.3099e-11
5.251198e-09
3.771126e-11
5.886119e-11
5.223755e-09
3.423225e-11
5.475829e-11
5.198487e-09
3.113919e-11
5.087746e-11
2.838955e-11
4.726381e-11
6.375e-09
6.682184e-11
6.584377e-11
6.341568e-09
6.093522e-11
6.138862e-11
6.310596e-09
5.569431e-11
5.713522e-11
6.281867e-09
5.100375e-11
5.313419e-11
4.679995e-11
4.942769e-11
7.118794e-09
8.975344e-11
6.211495e-11
7.087485e-09
8.245115e-11
5.781864e-11
7.058181e-09
7.589044e-11
5.381054e-11
7.030729e-09
6.996881e-11
5.008905e-11
6.46153e-11
4.66675e-11
7.590414e-09
1.065018e-10
5.307555e-11
7.565791e-09
9.854775e-11
4.92653e-11
7.54244e-09
9.133166e-11
4.58104e-11
7.520286e-09
8.476125e-11
4.266575e-11
7.87704e-11
3.980538e-11
7.858983e-09
1.152749e-10
4.131986e-11
7.843376e-09
1.073703e-10
3.814738e-11
7.828307e-09
1.001363e-10
3.536513e-11
7.813759e-09
9.349741e-11
3.290213e-11
8.739863e-11
3.069804e-11
7.987426e-09
1.162485e-10
2.973262e-11
7.980903e-09
1.088798e-10
2.713793e-11
7.974364e-09
1.020903e-10
2.494778e-11
7.96782e-09
9.582073e-11
2.307928e-11
9.002739e-11
2.144952e-11
8.028747e-09
1.107805e-10
2.039885e-11
8.029872e-09
1.042093e-10
1.819226e-11
8.030656e-09
9.812727e-11
1.639702e-11
8.031111e-09
9.248743e-11
1.492685e-11
8.725554e-11
1.368786e-11
8.022767e-09
1.005697e-10
1.407238e-11
8.029555e-09
9.490173e-11
1.20508e-11
8.035854e-09
8.964279e-11
1.044612e-11
8.041672e-09
8.475491e-11
9.172545e-12
8.021081e-11
8.13327e-12
7.995936e-09
8.712169e-11
1.045728e-11
8.006543e-09
8.2386e-11
8.476702e-12
8.016614e-09
7.798728e-11
6.917809e-12
8.02615e-09
7.389493e-11
5.696537e-12
7.008715e-11
4.717299e-12
7.963772e-09
7.155496e-11
8.771546e-12
7.976794e-09
6.775609e-11
6.760043e-12
7.989275e-09
6.422623e-11
5.173517e-12
8.001214e-09
6.094142e-11
3.929529e-12
5.788463e-11
2.935044e-12
7.934274e-09
5.462655e-11
8.214352e-12
7.948768e-09
5.176772e-11
6.151909e-12
7.962725e-09
4.911104e-11
4.516107e-12
7.976141e-09
4.663884e-11
3.225569e-12
4.43386e-11
2.189681e-12
7.911003e-09
3.683791e-11
8.18601e-12
7.926371e-09
3.492565e-11
6.078779e-12
7.941202e-09
3.314847e-11
4.398722e-12
7.955494e-09
3.149482e-11
3.065008e-12
2.995646e-11
1.988781e-12
7.895257e-09
8.319104e-12
7.911116e-09
6.18189e-12
7.926436e-09
4.471858e-12
7.941214e-09
3.108406e-12
2.003733e-12
1.684891e-09
6.446465e-12
3.23611e-11
1.675947e-09
5.821189e-12
3.011629e-11
1.66779e-09
5.233193e-12
2.796582e-11
1.660345e-09
4.71031e-12
2.594605e-11
4.250202e-12
2.406087e-11
4.09453e-09
2.524433e-11
5.906035e-11
4.071302e-09
2.285715e-11
5.504582e-11
4.050033e-09
2.071646e-11
5.118798e-11
4.030536e-09
1.880643e-11
4.754486e-11
1.710899e-11
4.41405e-11
5.828723e-09
5.301605e-11
7.148604e-11
5.795559e-09
4.822522e-11
6.665736e-11
5.765043e-09
4.395754e-11
6.203388e-11
5.736919e-09
4.014026e-11
5.766742e-11
3.672539e-11
5.359722e-11
7.060131e-09
8.4015e-11
7.495598e-11
7.023023e-09
7.689275e-11
6.982944e-11
6.988602e-09
7.051621e-11
6.499759e-11
6.956632e-09
6.477735e-11
6.046742e-11
5.960447e-11
5.62688e-11
7.898204e-09
1.119398e-10
7.099878e-11
7.863738e-09
1.03161e-10
6.601675e-11
7.831408e-09
9.522986e-11
6.142726e-11
7.801057e-09
8.803223e-11
5.718519e-11
8.148911e-11
5.328616e-11
8.428007e-09
1.319969e-10
6.094865e-11
8.401435e-09
1.22499e-10
5.649957e-11
8.376135e-09
1.138324e-10
5.250814e-11
8.352043e-09
1.058971e-10
4.889294e-11
9.862142e-11
4.560768e-11
8.727307e-09
1.420711e-10
4.772446e-11
8.711251e-09
1.327056e-10
4.399678e-11
8.695617e-09
1.240811e-10
4.075082e-11
8.680408e-09
1.161192e-10
3.788918e-11
1.087623e-10
3.533143e-11
8.867949e-09
1.425123e-10
3.461919e-11
8.862381e-09
1.338571e-10
3.155392e-11
8.856609e-09
1.258282e-10
2.897245e-11
8.850667e-09
1.183665e-10
2.677409e-11
1.11429e-10
2.485773e-11
8.910655e-09
1.351294e-10
2.402177e-11
8.913819e-09
1.274794e-10
2.14059e-11
8.916425e-09
1.203471e-10
1.927171e-11
8.91851e-09
1.136881e-10
1.752081e-11
1.074699e-10
1.604327e-11
8.900883e-09
1.22114e-10
1.681653e-11
8.910425e-09
1.155705e-10
1.441782e-11
8.919265e-09
1.094524e-10
1.250155e-11
8.927428e-09
1.037247e-10
1.097284e-11
9.836287e-11
9.72065e-12
8.868571e-09
1.053648e-10
1.268503e-11
8.882344e-09
9.993679e-11
1.033735e-11
8.895385e-09
9.485473e-11
8.474987e-12
8.907709e-09
9.009114e-11
7.00612e-12
8.562687e-11
5.822206e-12
8.831051e-09
8.625512e-11
1.074888e-11
8.847454e-09
8.192581e-11
8.368432e-12
8.863135e-09
7.787033e-11
6.476082e-12
8.878107e-09
7.406747e-11
4.982094e-12
7.05025e-11
3.781338e-12
8.797096e-09
6.568237e-11
1.010116e-11
8.815071e-09
6.243827e-11
7.663932e-12
8.832343e-09
5.939878e-11
5.716389e-12
8.848917e-09
5.654844e-11
4.169993e-12
5.387654e-11
2.922589e-12
8.770502e-09
4.421445e-11
1.006029e-11
8.789396e-09
4.205081e-11
7.572613e-12
8.807595e-09
4.002342e-11
5.575125e-12
8.825106e-09
3.812223e-11
3.979884e-12
3.634028e-11
2.686843e-12
8.752582e-09
1.020714e-11
8.771984e-09
7.685544e-12
8.790695e-09
5.654089e-12
8.808722e-09
4.025098e-12
2.699789e-12
1.798214e-09
8.354012e-12
3.450367e-11
1.788611e-09
7.588863e-12
3.213055e-11
1.779847e-09
6.867722e-12
2.986194e-11
1.771844e-09
6.221371e-12
2.772741e-11
1.764526e-09
5.647963e-12
2.573161e-11
5.138685e-12
2.387195e-11
4.414527e-09
3.141394e-11
6.358578e-11
4.389326e-09
2.856822e-11
5.926761e-11
4.366237e-09
2.600359e-11
5.514177e-11
4.345055e-09
2.370176e-11
5.124569e-11
4.3256e-09
2.164354e-11
4.760066e-11
1.980155e-11
4.419793e-11
6.31679e-09
6.486759e-11
7.737743e-11
6.280672e-09
5.92165e-11
7.21277e-11
6.247409e-09
5.415684e-11
6.714333e-11
6.216727e-09
4.960768e-11
6.244388e-11
6.188391e-09
4.551641e-11
5.806014e-11
4.183316e-11
5.397336e-11
7.674277e-09
1.018413e-10
8.152154e-11
7.633933e-09
9.349365e-11
7.589643e-11
7.596458e-09
8.598273e-11
7.064619e-11
7.561604e-09
7.919009e-11
6.573954e-11
7.52916e-09
7.303712e-11
6.119168e-11
6.745915e-11
5.697115e-11
8.599002e-09
1.348496e-10
7.753535e-11
8.561867e-09
1.246175e-10
7.202757e-11
8.526948e-09
1.153267e-10
6.7002e-11
8.494092e-09
1.068546e-10
6.237659e-11
8.463172e-09
9.911558e-11
5.812798e-11
9.204348e-11
5.421285e-11
9.18182e-09
1.582144e-10
6.686964e-11
9.153807e-09
1.472127e-10
6.19169e-11
9.127013e-09
1.371202e-10
5.750891e-11
9.101393e-09
1.27833e-10
5.353437e-11
9.076914e-09
1.192754e-10
4.992693e-11
1.1139e-10
4.663602e-11
9.508418e-09
1.695024e-10
5.266141e-11
9.492409e-09
1.587334e-10
4.848517e-11
9.476654e-09
1.487584e-10
4.486746e-11
9.461186e-09
1.394998e-10
4.16898e-11
9.44604e-09
1.308998e-10
3.885334e-11
1.229136e-10
3.630499e-11
9.659119e-09
1.692682e-10
3.850265e-11
9.654959e-09
1.593978e-10
3.504929e-11
9.650362e-09
1.501826e-10
3.214499e-11
9.645393e-09
1.415677e-10
2.967548e-11
9.640114e-09
1.335125e-10
2.752395e-11
1.259837e-10
2.563682e-11
9.702041e-09
1.598115e-10
2.701083e-11
9.70763e-09
1.511614e-10
2.405252e-11
9.712412e-09
1.430404e-10
2.163266e-11
9.716447e-09
1.354094e-10
1.964404e-11
9.719799e-09
1.2824e-10
1.796369e-11
1.215077e-10
1.653754e-11
9.687989e-09
1.43849e-10
1.917618e-11
9.700599e-09
1.365092e-10
1.645977e-11
9.712268e-09
1.295955e-10
1.427798e-11
9.723042e-09
1.230786e-10
1.252947e-11
9.732972e-09
1.169384e-10
1.109208e-11
1.111558e-10
9.911003e-12
9.65013e-09
1.236901e-10
1.467153e-11
9.667319e-09
1.176434e-10
1.201439e-11
9.683558e-09
1.119383e-10
9.892917e-12
9.698881e-09
1.065525e-10
8.209678e-12
9.713324e-09
1.014709e-10
6.846267e-12
9.667852e-11
5.747286e-12
9.60741e-09
1.009675e-10
1.255294e-11
9.627388e-09
9.617123e-11
9.86219e-12
9.64645e-09
9.164284e-11
7.709413e-12
9.66462e-09
8.736535e-11
5.999429e-12
9.681927e-09
8.332746e-11
4.618009e-12
7.951769e-11
3.509516e-12
9.56923e-09
7.671544e-11
1.183842e-11
9.590842e-09
7.313614e-11
9.086842e-12
9.611571e-09
6.975576e-11
6.874794e-12
9.631436e-09
6.656214e-11
5.108255e-12
9.650462e-09
6.354721e-11
3.676425e-12
6.07026e-11
2.523729e-12
9.539536e-09
5.156056e-11
1.178766e-11
9.562083e-09
4.918003e-11
8.981564e-12
9.583767e-09
4.693145e-11
6.715536e-12
9.604606e-09
4.480701e-11
4.896089e-12
9.624624e-09
4.280155e-11
3.414805e-12
4.090962e-11
2.216284e-12
9.519607e-09
1.194409e-11
9.542664e-09
9.101196e-12
9.564868e-09
6.798328e-12
9.586236e-09
4.942232e-12
9.606791e-09
3.425911e-12
2.194121e-12
1.896601e-09
1.030107e-11
3.531532e-11
1.886427e-09
9.399487e-12
3.290434e-11
1.877138e-09
8.547768e-12
3.06034e-11
1.868651e-09
7.779374e-12
2.843516e-11
1.860885e-09
7.093193e-12
2.640482e-11
6.479611e-12
2.45102e-11
4.695046e-09
3.766645e-11
6.567618e-11
4.668118e-09
3.437532e-11
6.121911e-11
4.643432e-09
3.139624e-11
5.697965e-11
4.620771e-09
2.870887e-11
5.297704e-11
4.599943e-09
2.629343e-11
4.922898e-11
2.412052e-11
4.572676e-11
6.747874e-09
7.682452e-11
8.033828e-11
6.709169e-09
7.034111e-11
7.48672e-11
6.673492e-09
6.450996e-11
6.97062e-11
6.640554e-09
5.924341e-11
6.4848e-11
6.610108e-09
5.448526e-11
6.031415e-11
5.018222e-11
5.608486e-11
8.219436e-09
1.197658e-10
8.504447e-11
8.176303e-09
1.102385e-10
7.913184e-11
8.136177e-09
1.016276e-10
7.365412e-11
8.098804e-09
9.380666e-11
6.854979e-11
8.06397e-09
8.669166e-11
6.381944e-11
8.021424e-11
5.942893e-11
9.222682e-09
1.57813e-10
8.122281e-11
9.183364e-09
1.461923e-10
7.539174e-11
9.146292e-09
1.355917e-10
7.01095e-11
9.111326e-09
1.258832e-10
6.526618e-11
9.078348e-09
1.169769e-10
6.082091e-11
1.088041e-10
5.672621e-11
9.853114e-09
1.84403e-10
7.037912e-11
9.824144e-09
1.719798e-10
6.510004e-11
9.796289e-09
1.605263e-10
6.042935e-11
9.769534e-09
1.499382e-10
5.623436e-11
9.743867e-09
1.401386e-10
5.243157e-11
1.310699e-10
4.896543e-11
1.020358e-08
1.967967e-10
5.574445e-11
1.018806e-08
1.847197e-10
5.126483e-11
1.017259e-08
1.734716e-10
4.73984e-11
1.015722e-08
1.629789e-10
4.401267e-11
1.014204e-08
1.531858e-10
4.099422e-11
1.440499e-10
3.828502e-11
1.036236e-08
1.95776e-10
4.107708e-11
1.035998e-08
1.847931e-10
3.735207e-11
1.03569e-08
1.744766e-10
3.422096e-11
1.035322e-08
1.647787e-10
3.156141e-11
1.034902e-08
1.556633e-10
2.924525e-11
1.471013e-10
2.721435e-11
1.040453e-08
1.841556e-10
2.912901e-11
1.041285e-08
1.746086e-10
2.592535e-11
1.042007e-08
1.655856e-10
2.32978e-11
1.04263e-08
1.570555e-10
2.11346e-11
1.043163e-08
1.489958e-10
1.93041e-11
1.413865e-10
1.774816e-11
1.038591e-08
1.651935e-10
2.096331e-11
1.04018e-08
1.571546e-10
1.801676e-11
1.04165e-08
1.495282e-10
1.563855e-11
1.043007e-08
1.422928e-10
1.372438e-11
1.044258e-08
1.35434e-10
1.214522e-11
1.289373e-10
1.084247e-11
1.034259e-08
1.416153e-10
1.625826e-11
1.036335e-08
1.350364e-10
1.337658e-11
1.038292e-08
1.287828e-10
1.106272e-11
1.040137e-08
1.228389e-10
9.216698e-12
1.041874e-08
1.171947e-10
7.71428e-12
1.118395e-10
6.496427e-12
1.029494e-08
1.153107e-10
1.404016e-11
1.031859e-08
1.101197e-10
1.11249e-11
1.034112e-08
1.051811e-10
8.779401e-12
1.036257e-08
1.004834e-10
6.905837e-12
1.038298e-08
9.601942e-11
5.384712e-12
9.178114e-11
4.156831e-12
1.025284e-08
8.744325e-11
1.328859e-11
1.027815e-08
8.358455e-11
1.031041e-11
1.030239e-08
7.991201e-11
7.903581e-12
1.032559e-08
7.641754e-11
5.971258e-12
1.03478e-08
7.309632e-11
4.397664e-12
6.994257e-11
3.123709e-12
1.022031e-08
5.868986e-11
1.323207e-11
1.024655e-08
5.613037e-11
1.01971e-11
1.027175e-08
5.369382e-11
7.734132e-12
1.029594e-08
5.137517e-11
5.746684e-12
1.031916e-08
4.917141e-11
4.121532e-12
4.707886e-11
2.799782e-12
1.019857e-08
1.339366e-11
1.02253e-08
1.032024e-11
1.025102e-08
7.818842e-12
1.027574e-08
5.793131e-12
1.02995e-08
4.131397e-12
2.774913e-12
1.981348e-09
1.221894e-11
3.473308e-11
1.970689e-09
1.118854e-11
3.237546e-11
1.96095e-09
1.021291e-11
3.012884e-11
1.952049e-09
9.327835e-12
2.800908e-11
1.943898e-09
8.533131e-12
2.602177e-11
7.818601e-12
2.416515e-11
4.938465e-09
4.379727e-11
6.515671e-11
4.910053e-09
4.008664e-11
6.073368e-11
4.883989e-09
3.67148e-11
5.65419e-11
4.860048e-09
3.365974e-11
5.258551e-11
4.83803e-09
3.09016e-11
4.887844e-11
2.840955e-11
4.541223e-11
7.124262e-09
8.851379e-11
8.010733e-11
7.083335e-09
8.124902e-11
7.46313e-11
7.045576e-09
7.468863e-11
6.94915e-11
7.010684e-09
6.873986e-11
6.466025e-11
6.978405e-09
6.334391e-11
6.015043e-11
5.844506e-11
5.594195e-11
8.697428e-09
1.37246e-10
8.520812e-11
8.651949e-09
1.266168e-10
7.924349e-11
8.609572e-09
1.169705e-10
7.37488e-11
8.570045e-09
1.081755e-10
6.86415e-11
8.533154e-09
1.001439e-10
6.390958e-11
9.280506e-11
5.951765e-11
9.770682e-09
1.801514e-10
8.172479e-11
9.729645e-09
1.672431e-10
7.580281e-11
9.69084e-09
1.554174e-10
7.04672e-11
9.654147e-09
1.445445e-10
6.559043e-11
9.619462e-09
1.345318e-10
6.111791e-11
1.253098e-10
5.699991e-11
1.044319e-08
2.098052e-10
7.115548e-11
1.041369e-08
1.96078e-10
6.575924e-11
1.038517e-08
1.833633e-10
6.100523e-11
1.035764e-08
1.7156e-10
5.674897e-11
1.033112e-08
1.605916e-10
5.289487e-11
1.50402e-10
4.93847e-11
1.081418e-08
2.231812e-10
5.669148e-11
1.079952e-08
2.099222e-10
5.208434e-11
1.078465e-08
1.975091e-10
4.811696e-11
1.07697e-08
1.858759e-10
4.465088e-11
1.075475e-08
1.749707e-10
4.156382e-11
1.647551e-10
3.879509e-11
1.097925e-08
2.213022e-10
4.210862e-11
1.097894e-08
2.093329e-10
3.825655e-11
1.097762e-08
1.980247e-10
3.501749e-11
1.097546e-08
1.873396e-10
3.22674e-11
1.097255e-08
1.772477e-10
2.987257e-11
1.677253e-10
2.777258e-11
1.101995e-08
2.075039e-10
3.01858e-11
1.103117e-08
1.971792e-10
2.685965e-11
1.104101e-08
1.873591e-10
2.412334e-11
1.10496e-08
1.780224e-10
2.186575e-11
1.105704e-08
1.691539e-10
1.995212e-11
1.607394e-10
1.83224e-11
1.099666e-08
1.855844e-10
2.201882e-11
1.101595e-08
1.769538e-10
1.895393e-11
1.103377e-08
1.687101e-10
1.646819e-11
1.105021e-08
1.60841e-10
1.445875e-11
1.106538e-08
1.533387e-10
1.279492e-11
1.461945e-10
1.141647e-11
1.094813e-08
1.586784e-10
1.730516e-11
1.097249e-08
1.516595e-10
1.430745e-11
1.099544e-08
1.449401e-10
1.188723e-11
1.101704e-08
1.385119e-10
9.945944e-12
1.103736e-08
1.323711e-10
8.358397e-12
1.265116e-10
7.06412e-12
1.089591e-08
1.289224e-10
1.508017e-11
1.092323e-08
1.23412e-10
1.204965e-11
1.094922e-08
1.18131e-10
9.598323e-12
1.097394e-08
1.130739e-10
7.62951e-12
1.099743e-08
1.082384e-10
6.023043e-12
1.036203e-10
4.718391e-12
1.085026e-08
9.759933e-11
1.432521e-11
1.087923e-08
9.351843e-11
1.123171e-11
1.090694e-08
8.960539e-11
8.7191e-12
1.093344e-08
8.585666e-11
6.691385e-12
1.095877e-08
8.227102e-11
5.032215e-12
7.884562e-11
3.681215e-12
1.081521e-08
6.542748e-11
1.426808e-11
1.084508e-08
6.272748e-11
1.111744e-11
1.087373e-08
6.013778e-11
8.5485e-12
1.090121e-08
5.765637e-11
6.46542e-12
1.092757e-08
5.528265e-11
4.754432e-12
5.30149e-11
3.355382e-12
1.079186e-08
3.281045e-11
1.443032e-11
1.08222e-08
3.146575e-11
1.124088e-11
1.085135e-08
3.017577e-11
8.633288e-12
1.087935e-08
2.893961e-11
6.511716e-12
1.090624e-08
2.775706e-11
4.763921e-12
2.662732e-11
3.329928e-12
1.078026e-08
1.456226e-11
1.08108e-08
1.135388e-11
1.084016e-08
8.7273e-12
1.086838e-08
6.586678e-12
1.089551e-08
4.820466e-12
3.368779e-12
2.053455e-09
1.40425e-11
3.276509e-11
2.042388e-09
1.289436e-11
3.054841e-11
2.032272e-09
1.180494e-11
2.84395e-11
2.023022e-09
1.081198e-11
2.64476e-11
2.014548e-09
9.916288e-12
2.457867e-11
9.107327e-12
2.283127e-11
5.14675e-09
4.960947e-11
6.199504e-11
5.117085e-09
4.551606e-11
5.777739e-11
5.089855e-09
4.178363e-11
5.379301e-11
5.064829e-09
3.838898e-11
5.003394e-11
5.041801e-09
3.531253e-11
4.651074e-11
3.252259e-11
4.321542e-11
7.44794e-09
9.95735e-11
7.660157e-11
7.405149e-09
9.159774e-11
7.134067e-11
7.365632e-09
8.436925e-11
6.642256e-11
7.329084e-09
7.779175e-11
6.180543e-11
7.295247e-09
7.180476e-11
5.749514e-11
6.635108e-11
5.347233e-11
9.109913e-09
1.537546e-10
8.188564e-11
9.062512e-09
1.421274e-10
7.611459e-11
9.018273e-09
1.315363e-10
7.08211e-11
8.976948e-09
1.218469e-10
6.591082e-11
8.938331e-09
1.129688e-10
6.13626e-11
1.048303e-10
5.714171e-11
1.024439e-08
2.012054e-10
7.888534e-11
1.020206e-08
1.871397e-10
7.312071e-11
1.016191e-08
1.742031e-10
6.794727e-11
1.012385e-08
1.622667e-10
6.323046e-11
1.008779e-08
1.512373e-10
5.890728e-11
1.410456e-10
5.49284e-11
1.095336e-08
2.336884e-10
6.903196e-11
1.092371e-08
2.188017e-10
6.374721e-11
1.089486e-08
2.049538e-10
5.910451e-11
1.086687e-08
1.920494e-10
5.49577e-11
1.083978e-08
1.800142e-10
5.12057e-11
1.687953e-10
4.779046e-11
1.134166e-08
2.479144e-10
5.534168e-11
1.132812e-08
2.336204e-10
5.080335e-11
1.131412e-08
2.201738e-10
4.689907e-11
1.129981e-08
2.075183e-10
4.349305e-11
1.128532e-08
1.956078e-10
4.046116e-11
1.844086e-10
3.774286e-11
1.151149e-08
2.451499e-10
4.145166e-11
1.151339e-08
2.323339e-10
3.76369e-11
1.1514e-08
2.201604e-10
3.44247e-11
1.151349e-08
2.086027e-10
3.169639e-11
1.151201e-08
1.976385e-10
2.931949e-11
1.872503e-10
2.723392e-11
1.155023e-08
2.292386e-10
3.005199e-11
1.156442e-08
2.182625e-10
2.674495e-11
1.157693e-08
2.077605e-10
2.401407e-11
1.158792e-08
1.977227e-10
2.175475e-11
1.159753e-08
1.881417e-10
1.983545e-11
1.790098e-10
1.819673e-11
1.152239e-08
2.04499e-10
2.222629e-11
1.154505e-08
1.953861e-10
1.917281e-11
1.156597e-08
1.866259e-10
1.668309e-11
1.158527e-08
1.782157e-10
1.466091e-11
1.160307e-08
1.701553e-10
1.297975e-11
1.624417e-10
1.158024e-11
1.146903e-08
1.744549e-10
1.770381e-11
1.149692e-08
1.670873e-10
1.471613e-11
1.152316e-08
1.599865e-10
1.228989e-11
1.154784e-08
1.531524e-10
1.033281e-11
1.157104e-08
1.465872e-10
8.724193e-12
1.402899e-10
7.40457e-12
1.14127e-08
1.414728e-10
1.556868e-11
1.144357e-08
1.357158e-10
1.254954e-11
1.14729e-08
1.301602e-10
1.009348e-11
1.150077e-08
1.248067e-10
8.109661e-12
1.152724e-08
1.19658e-10
6.482379e-12
1.14714e-10
5.152217e-12
1.136392e-08
1.06943e-10
1.484574e-11
1.13964e-08
1.026944e-10
1.176557e-11
1.142744e-08
9.859169e-11
9.250349e-12
1.145709e-08
9.463606e-11
7.209547e-12
1.148542e-08
9.082995e-11
5.531179e-12
8.717356e-11
4.156032e-12
1.132667e-08
7.161633e-11
1.479365e-11
1.136001e-08
6.881204e-11
1.165793e-11
1.139196e-08
6.61031e-11
9.088179e-12
1.142257e-08
6.349055e-11
6.993774e-12
1.145192e-08
6.097626e-11
5.265203e-12
5.856055e-11
3.843504e-12
1.130193e-08
3.589168e-11
1.495204e-11
1.133571e-08
3.449697e-11
1.177851e-11
1.136813e-08
3.31494e-11
9.171268e-12
1.139924e-08
3.18496e-11
7.039544e-12
1.14291e-08
3.059858e-11
5.275288e-12
2.939657e-11
3.819725e-12
1.128966e-08
1.508031e-11
1.132363e-08
1.188831e-11
1.135624e-08
9.262616e-12
1.138756e-08
7.112402e-12
1.141765e-08
5.330273e-12
3.857551e-12
2.113697e-09
1.57122e-11
2.948488e-11
2.102296e-09
1.44601e-11
2.748943e-11
2.091871e-09
1.326977e-11
2.5595e-11
2.082334e-09
1.218051e-11
2.380423e-11
2.073594e-09
1.119416e-11
2.212356e-11
1.030001e-11
2.055179e-11
5.321517e-09
5.492051e-11
5.629472e-11
5.290821e-09
5.048956e-11
5.244357e-11
5.262629e-09
4.643734e-11
4.881714e-11
5.236706e-09
4.273977e-11
4.539771e-11
5.21284e-09
3.937789e-11
4.219326e-11
3.631958e-11
3.91966e-11
7.720623e-09
1.096662e-10
6.991294e-11
7.67631e-09
1.010651e-10
6.50789e-11
7.635349e-09
9.32451e-11
6.057523e-11
7.597435e-09
8.610775e-11
5.635151e-11
7.562307e-09
7.959173e-11
5.240882e-11
7.363913e-11
4.872979e-11
9.458394e-09
1.687987e-10
7.514157e-11
9.40947e-09
1.562979e-10
6.980555e-11
9.363736e-09
1.448735e-10
6.49271e-11
9.320956e-09
1.343903e-10
6.040862e-11
9.280929e-09
1.247569e-10
5.622406e-11
1.159013e-10
5.234159e-11
1.064513e-08
2.203602e-10
7.273539e-11
1.060188e-08
2.052887e-10
6.737739e-11
1.056074e-08
1.913782e-10
6.258156e-11
1.052164e-08
1.78503e-10
5.821647e-11
1.048452e-08
1.665704e-10
5.42169e-11
1.555129e-10
5.053695e-11
1.138496e-08
2.553722e-10
6.400662e-11
1.135544e-08
2.394889e-10
5.90675e-11
1.132653e-08
2.246564e-10
5.473443e-11
1.129833e-08
2.107873e-10
5.086962e-11
1.127093e-08
1.978109e-10
4.73739e-11
1.856781e-10
4.419265e-11
1.178753e-08
2.703131e-10
5.166724e-11
1.177527e-08
2.551428e-10
4.740225e-11
1.176229e-08
2.408096e-10
4.373132e-11
1.174877e-08
2.27268e-10
4.053016e-11
1.173488e-08
2.144783e-10
3.768041e-11
2.024127e-10
3.51248e-11
1.196082e-08
2.666831e-10
3.906078e-11
1.196498e-08
2.53165e-10
3.545711e-11
1.196753e-08
2.402615e-10
3.241398e-11
1.196872e-08
2.279578e-10
2.98256e-11
1.196871e-08
2.162397e-10
2.756793e-11
2.050964e-10
2.55841e-11
1.199738e-08
2.488019e-10
2.867152e-11
1.201445e-08
2.372996e-10
2.553482e-11
1.202956e-08
2.262343e-10
2.293133e-11
1.20429e-08
2.156071e-10
2.076943e-11
1.205463e-08
2.05419e-10
1.892742e-11
1.95669e-10
1.73491e-11
1.196529e-08
2.214707e-10
2.152363e-11
1.199117e-08
2.119801e-10
1.862084e-11
1.201504e-08
2.028032e-10
1.623845e-11
1.203707e-08
1.939468e-10
1.429274e-11
1.205738e-08
1.854182e-10
1.266742e-11
1.772204e-10
1.130648e-11
1.190761e-08
1.885701e-10
1.7389e-11
1.193882e-08
1.809384e-10
1.454675e-11
1.196816e-08
1.735376e-10
1.222249e-11
1.199573e-08
1.663751e-10
1.033576e-11
1.202163e-08
1.594595e-10
8.775977e-12
1.527948e-10
7.487203e-12
1.184769e-08
1.52674e-10
1.543908e-11
1.188187e-08
1.467363e-10
1.256718e-11
1.191432e-08
1.409697e-10
1.0215e-11
1.194512e-08
1.353808e-10
8.302981e-12
1.197436e-08
1.299773e-10
6.72522e-12
1.247629e-10
5.42593e-12
1.179622e-08
1.152657e-10
1.478313e-11
1.183197e-08
1.108978e-10
1.185406e-11
1.186609e-08
1.066524e-10
9.446807e-12
1.189867e-08
1.02535e-10
7.481699e-12
1.192977e-08
9.855163e-11
5.85625e-12
9.470553e-11
4.514931e-12
1.175711e-08
7.712113e-11
1.474173e-11
1.179366e-08
7.424438e-11
1.17606e-11
1.182865e-08
7.144709e-11
9.30253e-12
1.186216e-08
6.87332e-11
7.287506e-12
1.189425e-08
6.610693e-11
5.615285e-12
6.357057e-11
4.230613e-12
1.173122e-08
3.863e-11
1.489191e-11
1.176817e-08
3.720107e-11
1.187528e-11
1.180359e-08
3.581125e-11
9.382211e-12
1.183757e-08
3.446263e-11
7.332399e-12
1.187017e-08
3.315737e-11
5.626915e-12
3.189668e-11
4.210707e-12
1.17184e-08
1.501226e-11
1.175551e-08
1.197825e-11
1.179111e-08
9.467944e-12
1.182529e-08
7.400875e-12
1.18581e-08
5.67872e-12
4.246522e-12
2.16268e-09
1.717566e-11
2.151014e-09
1.583528e-11
2.140343e-09
1.455901e-11
2.130577e-09
1.338723e-11
2.121626e-09
1.232278e-11
1.135495e-11
5.464087e-09
5.956779e-11
5.432572e-09
5.485086e-11
5.403613e-09
5.052624e-11
5.376972e-09
4.65693e-11
5.352434e-09
4.296181e-11
3.967162e-11
7.943776e-09
1.184898e-10
7.898263e-09
1.093603e-10
7.856157e-09
1.010372e-10
7.817155e-09
9.342115e-11
7.780995e-09
8.645058e-11
8.006752e-11
9.744215e-09
1.819371e-10
9.694132e-09
1.687014e-10
9.647244e-09
1.565708e-10
9.603328e-09
1.454109e-10
9.562192e-09
1.351304e-10
1.256577e-10
1.097414e-08
2.370661e-10
1.093029e-08
2.211544e-10
1.088847e-08
2.064232e-10
1.084862e-08
1.927517e-10
1.08107e-08
1.800486e-10
1.682487e-10
1.173928e-08
2.742516e-10
1.171009e-08
2.575443e-10
1.168131e-08
2.418893e-10
1.16531e-08
2.272076e-10
1.162556e-08
2.134332e-10
2.005209e-10
1.215326e-08
2.897733e-10
1.214233e-08
2.738894e-10
1.213042e-08
2.588243e-10
1.211775e-08
2.445438e-10
1.210454e-08
2.31015e-10
2.182159e-10
1.232898e-08
2.853448e-10
1.233528e-08
2.712667e-10
1.233971e-08
2.577705e-10
1.234251e-08
2.44853e-10
1.234392e-08
2.325081e-10
2.207314e-10
1.236335e-08
2.65711e-10
1.23831e-08
2.538003e-10
1.240061e-08
2.42287e-10
1.241612e-08
2.311829e-10
1.242981e-08
2.204969e-10
2.102343e-10
1.23275e-08
2.361004e-10
1.23563e-08
2.263264e-10
1.238286e-08
2.168264e-10
1.240737e-08
2.07616e-10
1.242997e-08
1.987092e-10
1.901149e-10
1.226611e-08
2.007071e-10
1.230031e-08
1.92885e-10
1.233243e-08
1.852578e-10
1.23626e-08
1.778401e-10
1.239094e-08
1.706461e-10
1.636844e-10
1.220317e-08
1.622846e-10
1.224032e-08
1.56222e-10
1.227555e-08
1.503006e-10
1.230897e-08
1.445323e-10
1.234068e-08
1.389294e-10
1.334991e-10
1.214948e-08
1.223944e-10
1.218814e-08
1.179472e-10
1.2225e-08
1.135996e-10
1.226017e-08
1.093611e-10
1.229373e-08
1.052409e-10
1.012449e-10
1.210885e-08
8.183029e-11
1.214825e-08
7.890701e-11
1.218594e-08
7.604775e-11
1.222201e-08
7.325901e-11
1.225654e-08
7.054711e-11
6.791614e-11
1.208203e-08
4.097078e-11
1.212178e-08
3.952037e-11
1.215987e-08
3.810129e-11
1.219638e-08
3.671691e-11
1.223139e-08
3.537043e-11
3.406396e-11
1.206876e-08
1.210866e-08
1.214691e-08
1.21836e-08
1.22188e-08
)
;

boundaryField
{
    inlet
    {
        type            calculated;
        value           nonuniform List<scalar> 
210
(
-7.645313e-09
-7.645313e-09
-7.645312e-09
-7.645313e-09
-7.645312e-09
-7.645313e-09
-7.645312e-09
-7.645312e-09
-7.645313e-09
-7.645313e-09
-7.645313e-09
-7.645312e-09
-7.645313e-09
-7.645312e-09
-7.645313e-09
-7.645313e-09
-7.645313e-09
-7.645312e-09
-7.645313e-09
-7.645312e-09
-7.645313e-09
-7.645312e-09
-7.645312e-09
-7.645313e-09
-7.645313e-09
-7.645313e-09
-7.645312e-09
-7.645313e-09
-7.645312e-09
-7.645313e-09
-7.645313e-09
-7.645313e-09
-7.645312e-09
-7.645313e-09
-7.645312e-09
-7.645313e-09
-7.645312e-09
-7.645312e-09
-7.645313e-09
-7.645312e-09
-7.645312e-09
-7.645312e-09
-7.645313e-09
-7.645312e-09
-7.645313e-09
-7.645313e-09
-7.645313e-09
-7.645312e-09
-7.645313e-09
-7.645312e-09
-7.645313e-09
-7.645312e-09
-7.645312e-09
-7.645313e-09
-7.645313e-09
-7.645313e-09
-7.645312e-09
-7.645313e-09
-7.645313e-09
-7.645313e-09
-7.645313e-09
-7.645313e-09
-7.645312e-09
-7.645313e-09
-7.645312e-09
-7.645313e-09
-7.645312e-09
-7.645312e-09
-7.645313e-09
-7.645313e-09
-7.645313e-09
-7.645312e-09
-7.645313e-09
-7.645313e-09
-7.645313e-09
-7.645313e-09
-7.645313e-09
-7.645312e-09
-7.645313e-09
-7.645312e-09
-7.645313e-09
-7.645312e-09
-7.645312e-09
-7.645313e-09
-7.645312e-09
-7.645312e-09
-7.645312e-09
-7.645313e-09
-7.645312e-09
-7.645312e-09
-7.645313e-09
-7.645313e-09
-7.645313e-09
-7.645313e-09
-7.645313e-09
-7.645313e-09
-7.645313e-09
-7.645313e-09
-7.645313e-09
-7.645313e-09
-7.645313e-09
-7.645313e-09
-7.645313e-09
-7.645313e-09
-7.645313e-09
-7.645313e-09
-7.645313e-09
-7.645312e-09
-7.645313e-09
-7.645312e-09
-7.645313e-09
-7.645312e-09
-7.645312e-09
-7.645313e-09
-7.645312e-09
-7.645312e-09
-7.645312e-09
-7.645313e-09
-7.645312e-09
-7.645312e-09
-7.645313e-09
-7.645313e-09
-7.645312e-09
-7.645313e-09
-7.645312e-09
-7.645313e-09
-7.645312e-09
-7.645312e-09
-7.645313e-09
-7.645312e-09
-7.645312e-09
-7.645312e-09
-7.645313e-09
-7.645312e-09
-7.645312e-09
-7.645313e-09
-7.645313e-09
-7.645313e-09
-7.645313e-09
-7.645313e-09
-7.645313e-09
-7.645313e-09
-7.645313e-09
-7.645313e-09
-7.645313e-09
-7.645313e-09
-7.645313e-09
-7.645313e-09
-7.645313e-09
-7.645313e-09
-7.645313e-09
-7.645313e-09
-7.645312e-09
-7.645313e-09
-7.645312e-09
-7.645313e-09
-7.645312e-09
-7.645312e-09
-7.645313e-09
-7.645312e-09
-7.645312e-09
-7.645312e-09
-7.645313e-09
-7.645312e-09
-7.645312e-09
-7.645313e-09
-7.645313e-09
-7.645312e-09
-7.645313e-09
-7.645312e-09
-7.645313e-09
-7.645312e-09
-7.645312e-09
-7.645313e-09
-7.645312e-09
-7.645312e-09
-7.645312e-09
-7.645313e-09
-7.645312e-09
-7.645312e-09
-7.645313e-09
-7.645313e-09
-7.645313e-09
-7.645313e-09
-7.645313e-09
-7.645313e-09
-7.645313e-09
-7.645313e-09
-7.645313e-09
-7.645313e-09
-7.645313e-09
-7.645313e-09
-7.645313e-09
-7.645313e-09
-7.645313e-09
-7.645313e-09
-7.645313e-09
-7.645313e-09
-7.645313e-09
-7.645313e-09
-7.645313e-09
-7.645313e-09
-7.645313e-09
-7.645313e-09
-7.645313e-09
-7.645313e-09
-7.645313e-09
-7.645313e-09
-7.645313e-09
-7.645313e-09
)
;
    }
    outlet
    {
        type            calculated;
        value           nonuniform List<scalar> 0();
    }
    chip_bases
    {
        type            calculated;
        value           uniform 0;
    }
    walls
    {
        type            calculated;
        value           uniform 0;
    }
    procBoundary15to8
    {
        type            processor;
        value           nonuniform List<scalar> 
40
(
1.875171e-11
2.113409e-09
1.741451e-11
3.609211e-11
5.329805e-09
3.350909e-11
4.507987e-11
7.74744e-09
4.188849e-11
4.867963e-11
9.523654e-09
4.528956e-11
4.721145e-11
1.077467e-08
4.397922e-11
4.152959e-11
1.159877e-08
3.871367e-11
3.331176e-11
1.209094e-08
3.102666e-11
2.467028e-11
1.234411e-08
2.287363e-11
1.724983e-11
1.244186e-08
1.580111e-11
1.185816e-11
1.24508e-08
1.059607e-11
1.241756e-08
7.299856e-12
1.237077e-08
5.520225e-12
1.232576e-08
4.735323e-12
1.22896e-08
4.492966e-12
1.226497e-08
1.22526e-08
)
;
    }
    procBoundary15to9
    {
        type            processor;
        value           nonuniform List<scalar> 
213
(
2.005055e-10
3.992319e-10
5.291079e-10
6.190115e-10
6.81038e-10
7.222851e-10
7.479811e-10
7.624848e-10
7.694568e-10
7.718029e-10
7.716371e-10
7.70357e-10
7.687986e-10
7.674126e-10
7.664166e-10
5.244408e-10
1.109668e-09
1.496818e-09
1.765343e-09
1.950588e-09
2.073602e-09
2.150022e-09
2.192935e-09
2.213348e-09
2.219991e-09
2.2192e-09
2.215152e-09
2.210335e-09
2.206085e-09
2.203042e-09
7.925858e-10
1.742455e-09
2.380155e-09
2.824134e-09
3.130598e-09
3.33384e-09
3.459682e-09
3.529906e-09
3.562882e-09
3.573166e-09
3.571296e-09
3.564185e-09
3.55593e-09
3.54871e-09
3.543562e-09
1.018898e-09
2.306661e-09
3.184796e-09
3.799199e-09
4.223752e-09
4.504909e-09
4.678312e-09
4.774337e-09
4.818709e-09
4.831796e-09
4.828294e-09
4.817784e-09
4.8059e-09
4.795612e-09
4.788314e-09
1.212699e-09
2.80996e-09
3.915886e-09
4.69402e-09
5.232462e-09
5.588509e-09
5.807123e-09
5.927115e-09
5.981515e-09
5.996464e-09
5.990735e-09
5.976489e-09
5.960807e-09
5.947378e-09
5.937902e-09
1.38034e-09
3.258721e-09
4.578007e-09
5.511742e-09
6.158893e-09
6.586165e-09
6.847237e-09
6.989124e-09
7.052071e-09
7.067901e-09
7.059366e-09
7.041086e-09
7.02148e-09
7.004873e-09
6.993221e-09
1.526241e-09
3.658184e-09
5.175194e-09
6.255195e-09
7.005e-09
7.499267e-09
7.799721e-09
7.961287e-09
8.031262e-09
8.047025e-09
8.035165e-09
8.012617e-09
7.989022e-09
7.969252e-09
7.955459e-09
1.653542e-09
-2.230725e-11
4.012639e-09
-4.096615e-11
5.710969e-09
-4.980582e-11
6.926911e-09
-5.237364e-11
7.772553e-09
-4.96922e-11
8.329108e-09
-4.26082e-11
8.665633e-09
-3.303098e-11
8.844592e-09
-2.317593e-11
8.920113e-09
-1.479087e-11
8.934947e-09
-8.695798e-12
8.91934e-09
-4.873352e-12
8.892385e-09
-2.82363e-12
8.86481e-09
-1.924024e-12
8.841944e-09
-1.646004e-12
8.826079e-09
-1.628307e-12
1.757822e-09
4.307705e-09
6.162192e-09
7.498936e-09
8.434067e-09
9.05354e-09
9.431242e-09
9.634583e-09
9.722528e-09
9.742109e-09
9.726928e-09
9.698402e-09
9.668678e-09
9.643846e-09
9.626559e-09
1.853767e-09
4.580773e-09
6.581934e-09
8.03148e-09
9.047245e-09
9.719272e-09
1.012708e-08
1.034439e-08
1.043614e-08
1.04541e-08
1.043509e-08
1.040239e-08
1.036904e-08
1.034144e-08
1.032234e-08
1.936425e-09
4.817754e-09
6.948513e-09
8.498706e-09
9.586684e-09
1.030561e-08
1.073989e-08
1.096902e-08
1.106345e-08
1.107935e-08
1.105648e-08
1.101976e-08
1.098299e-08
1.095284e-08
1.093207e-08
1.092158e-08
2.006775e-09
5.020582e-09
7.263888e-09
8.902228e-09
1.005365e-08
1.081362e-08
1.127076e-08
1.150971e-08
1.16059e-08
1.161948e-08
1.159285e-08
1.155238e-08
1.151249e-08
1.148004e-08
1.145778e-08
1.144656e-08
2.065574e-09
5.190839e-09
7.52973e-09
9.243467e-09
1.04493e-08
1.124436e-08
1.172077e-08
1.196767e-08
1.20649e-08
1.207611e-08
1.204598e-08
1.200212e-08
1.195946e-08
1.1925e-08
1.190145e-08
1.18896e-08
)
;
    }
    procBoundary15to12
    {
        type            processor;
        value           nonuniform List<scalar> 
331
(
2.780036e-12
5.371884e-12
6.832325e-12
7.624933e-12
7.934004e-12
7.880551e-12
7.557776e-12
7.053984e-12
6.443216e-12
5.784232e-12
5.121343e-12
4.485401e-12
3.896073e-12
3.364228e-12
2.894203e-12
2.485775e-12
2.135784e-12
1.839251e-12
1.590474e-12
1.383053e-12
5.589586e-12
1.253784e-11
1.700392e-11
1.973064e-11
2.110983e-11
2.14389e-11
2.096339e-11
1.991766e-11
1.850516e-11
1.68921e-11
1.520775e-11
1.3546e-11
1.197029e-11
1.051944e-11
9.213364e-12
8.058303e-12
7.051196e-12
6.182884e-12
5.441119e-12
4.810986e-12
6.990257e-12
1.704733e-11
2.418209e-11
2.895405e-11
3.171986e-11
3.283636e-11
3.264556e-11
3.148848e-11
2.967324e-11
2.74594e-11
2.505454e-11
2.261458e-11
2.024947e-11
1.803082e-11
1.600012e-11
1.417629e-11
1.256235e-11
1.115046e-11
9.92657e-12
8.871533e-12
7.678439e-12
1.980367e-11
2.906102e-11
3.573135e-11
4.000375e-11
4.217481e-11
4.260898e-11
4.170489e-11
3.984319e-11
3.735694e-11
3.452085e-11
3.154813e-11
2.859488e-11
2.576812e-11
2.313505e-11
2.073221e-11
1.857381e-11
1.665816e-11
1.497389e-11
1.350164e-11
8.023061e-12
2.148472e-11
3.231317e-11
4.057744e-11
4.629322e-11
4.963121e-11
5.090996e-11
5.053396e-11
4.89195e-11
4.644833e-11
4.344655e-11
4.017579e-11
3.683449e-11
3.356464e-11
3.046103e-11
2.758098e-11
2.495365e-11
2.258748e-11
2.047753e-11
1.860792e-11
8.21357e-12
2.254402e-11
3.448661e-11
4.399443e-11
5.096765e-11
5.544817e-11
5.766858e-11
5.799591e-11
5.684611e-11
5.462272e-11
5.168439e-11
4.832884e-11
4.478963e-11
4.124038e-11
3.780277e-11
3.455603e-11
3.154645e-11
2.879532e-11
2.630712e-11
2.407241e-11
8.340393e-12
2.326151e-11
3.598298e-11
4.641297e-11
5.44042e-11
5.990633e-11
6.305989e-11
6.416889e-11
6.362007e-11
6.181371e-11
5.912132e-11
5.586242e-11
5.229601e-11
4.862137e-11
4.498409e-11
4.148434e-11
3.818603e-11
3.51247e-11
3.231617e-11
2.975959e-11
8.442123e-12
2.379732e-11
3.70732e-11
4.816799e-11
5.693855e-11
6.329087e-11
6.729274e-11
6.917949e-11
6.929144e-11
6.800597e-11
6.568971e-11
6.266947e-11
5.921878e-11
5.555496e-11
5.184257e-11
4.819999e-11
4.47077e-11
4.141551e-11
3.835139e-11
3.552434e-11
8.532566e-12
2.423546e-11
3.792615e-11
4.949905e-11
5.884306e-11
6.58629e-11
7.058449e-11
7.318487e-11
7.39532e-11
7.323202e-11
7.136943e-11
6.868672e-11
6.546121e-11
6.191993e-11
5.824035e-11
5.455508e-11
5.095874e-11
4.751431e-11
4.426168e-11
4.122001e-11
8.615037e-12
2.461514e-11
3.863818e-11
5.056407e-11
6.032105e-11
6.784099e-11
7.31388e-11
7.635252e-11
7.772561e-11
7.756193e-11
7.618261e-11
7.38937e-11
7.096702e-11
6.763132e-11
6.407068e-11
6.04272e-11
5.680641e-11
5.328242e-11
4.9906e-11
4.670592e-11
-8.769364e-11
-6.5929e-11
-4.927655e-11
-3.644715e-11
-2.69048e-11
8.689241e-12
2.495152e-11
3.925805e-11
5.145797e-11
6.151225e-11
6.939365e-11
7.513033e-11
7.88425e-11
8.073962e-11
8.108966e-11
8.018368e-11
7.83065e-11
7.571746e-11
7.264032e-11
6.925992e-11
-1.046888e-08
2.534226e-17
2.814847e-17
3.112848e-17
3.445121e-17
8.754207e-12
2.524833e-11
3.980592e-11
5.223104e-11
6.250402e-11
7.064058e-11
7.669729e-11
8.079482e-11
8.312243e-11
8.391917e-11
8.344738e-11
8.19683e-11
7.972458e-11
7.693011e-11
7.376573e-11
-1.093961e-08
8.809301e-12
2.550494e-11
4.02865e-11
5.290459e-11
6.334444e-11
7.165933e-11
7.794074e-11
8.232279e-11
8.498712e-11
8.615254e-11
8.605697e-11
8.493877e-11
8.302237e-11
8.0509e-11
7.757225e-11
-1.1332e-08
8.854409e-12
2.571984e-11
4.069753e-11
5.3483e-11
6.405474e-11
7.249454e-11
7.892863e-11
8.351158e-11
8.642687e-11
8.788141e-11
8.809432e-11
8.728403e-11
8.565742e-11
8.340233e-11
8.068344e-11
-1.16496e-08
8.253521e-13
7.585192e-13
7.002626e-13
6.494246e-13
6.051237e-13
2.907662e-12
2.697574e-12
2.511469e-12
2.346379e-12
2.199996e-12
5.404799e-12
5.043804e-12
4.720326e-12
4.430022e-12
4.16952e-12
8.279846e-12
7.763803e-12
7.296714e-12
6.873244e-12
6.489322e-12
1.147706e-11
1.080642e-11
1.019376e-11
9.633151e-12
9.120188e-12
1.492467e-11
1.410493e-11
1.334948e-11
1.265225e-11
1.200883e-11
1.853866e-11
1.758021e-11
1.668943e-11
1.586059e-11
1.508963e-11
2.222734e-11
2.114474e-11
2.013025e-11
1.917892e-11
1.828733e-11
2.589623e-11
2.470705e-11
2.358367e-11
2.25223e-11
2.152041e-11
2.057535e-11
2.94528e-11
2.81762e-11
2.696076e-11
2.580407e-11
2.470471e-11
2.366089e-11
-1.352489e-11
-1.043274e-11
-7.912495e-12
-5.867874e-12
-4.187854e-12
-2.813796e-12
)
;
    }
    procBoundary15to13
    {
        type            processor;
        value           nonuniform List<scalar> 
40
(
3.821797e-17
2.550196e-17
2.834486e-17
3.134588e-17
3.471783e-17
3.851081e-17
2.546011e-17
2.832585e-17
3.13281e-17
3.475286e-17
3.856566e-17
2.535081e-17
2.818997e-17
3.115484e-17
3.456384e-17
3.839848e-17
2.785003e-17
2.98861e-17
3.21516e-17
3.457095e-17
3.729616e-17
3.998398e-17
2.805662e-17
3.010113e-17
3.236432e-17
3.480355e-17
3.755239e-17
4.039193e-17
2.808099e-17
3.011488e-17
3.236386e-17
3.480464e-17
3.755767e-17
4.048541e-17
2.794617e-17
2.995333e-17
3.218187e-17
3.460503e-17
3.734426e-17
4.029583e-17
)
;
    }
    procBoundary15to14
    {
        type            processor;
        value           nonuniform List<scalar> 
377
(
8.088481e-10
1.080848e-09
1.080075e-09
7.94906e-10
5.29705e-10
3.514789e-10
2.396293e-10
1.747714e-10
1.371721e-10
1.14765e-10
1.00398e-10
9.013032e-11
8.189497e-11
7.469084e-11
6.807589e-11
6.189345e-11
5.608783e-11
5.068081e-11
4.564733e-11
4.101471e-11
8.90052e-10
1.652471e-09
1.935257e-09
1.771027e-09
1.42236e-09
1.068019e-09
7.74046e-10
5.591017e-10
4.125992e-10
3.159699e-10
2.523731e-10
2.094664e-10
1.791474e-10
1.564387e-10
1.384061e-10
1.23379e-10
1.103961e-10
9.894327e-11
8.867341e-11
7.937906e-11
9.365978e-10
1.822026e-09
2.184924e-09
2.128393e-09
1.840943e-09
1.487057e-09
1.149827e-09
8.69549e-10
6.550519e-10
4.988684e-10
3.881158e-10
3.101322e-10
2.546909e-10
2.143428e-10
1.839919e-10
1.603011e-10
1.411156e-10
1.250972e-10
1.11358e-10
9.931941e-11
8.810502e-10
1.735344e-09
2.100964e-09
2.086892e-09
1.854637e-09
1.550917e-09
1.247655e-09
9.812499e-10
7.642697e-10
5.956176e-10
4.682321e-10
3.734541e-10
3.032177e-10
2.508783e-10
2.113406e-10
1.808855e-10
1.568608e-10
1.374488e-10
1.213551e-10
1.077449e-10
8.753799e-10
1.716631e-09
2.046512e-09
2.003616e-09
1.7618e-09
1.468016e-09
1.186742e-09
9.446603e-10
7.478298e-10
5.926919e-10
4.725334e-10
3.803105e-10
3.097636e-10
2.557159e-10
2.140621e-10
1.81648e-10
1.560824e-10
1.3562e-10
1.189201e-10
1.051845e-10
8.607909e-10
1.684779e-09
1.99474e-09
1.929335e-09
1.668587e-09
1.365632e-09
1.086844e-09
8.559285e-10
6.742724e-10
5.344237e-10
4.273955e-10
3.45328e-10
2.820824e-10
2.330367e-10
1.94738e-10
1.646065e-10
1.406882e-10
1.215392e-10
1.059876e-10
9.346034e-11
8.579745e-10
1.679396e-09
1.982087e-09
1.902286e-09
1.624151e-09
1.305815e-09
1.017529e-09
7.839988e-10
6.052975e-10
4.718028e-10
3.72509e-10
2.981314e-10
2.41747e-10
1.984417e-10
1.647756e-10
1.383297e-10
1.173606e-10
1.006257e-10
8.710666e-11
7.643787e-11
8.558302e-10
1.676289e-09
1.978464e-09
1.894101e-09
1.607822e-09
1.279736e-09
9.82732e-10
7.432837e-10
5.618806e-10
4.28441e-10
3.311243e-10
2.598011e-10
2.068822e-10
1.670136e-10
1.365158e-10
1.128737e-10
9.434117e-11
7.971711e-11
6.804101e-11
5.903679e-11
8.561885e-10
1.678907e-09
1.98371e-09
1.898964e-09
1.609297e-09
1.275711e-09
9.726232e-10
7.278334e-10
5.424881e-10
4.066387e-10
3.082571e-10
2.368897e-10
1.846102e-10
1.457792e-10
1.16507e-10
9.413933e-11
7.685276e-11
6.34057e-11
5.283145e-11
4.484299e-11
8.567765e-10
1.68181e-09
1.989805e-09
1.90655e-09
1.616288e-09
1.28032e-09
9.739023e-10
7.256891e-10
5.373386e-10
3.991269e-10
2.990569e-10
2.266006e-10
1.737152e-10
1.34639e-10
1.053755e-10
8.318398e-11
6.618002e-11
5.307507e-11
4.288339e-11
3.526533e-11
8.576672e-10
1.685154e-09
1.996229e-09
1.914888e-09
1.625015e-09
1.288052e-09
9.797862e-10
7.294457e-10
5.390508e-10
3.990581e-10
2.975284e-10
2.239256e-10
1.701696e-10
1.304521e-10
1.00731e-10
7.822476e-11
6.101738e-11
4.779008e-11
3.754575e-11
2.989105e-11
8.584268e-10
1.68791e-09
2.001494e-09
1.921938e-09
1.632789e-09
1.295528e-09
9.862873e-10
7.346852e-10
5.429981e-10
4.018173e-10
2.992538e-10
2.24777e-10
1.702933e-10
1.299743e-10
9.97584e-11
7.684616e-11
5.930741e-11
4.580771e-11
3.534689e-11
2.749137e-11
8.590666e-10
1.690147e-09
2.005669e-09
1.927568e-09
1.639118e-09
1.301815e-09
9.920231e-10
7.396338e-10
5.471077e-10
4.05136e-10
3.018688e-10
2.267816e-10
1.717729e-10
1.310025e-10
1.00397e-10
7.714656e-11
5.931361e-11
4.55549e-11
3.487027e-11
2.679915e-11
8.595279e-10
1.691755e-09
2.008644e-09
1.931612e-09
1.643724e-09
1.306471e-09
9.963728e-10
7.435006e-10
5.504429e-10
4.07962e-10
3.042371e-10
2.287497e-10
1.733938e-10
1.323211e-10
1.014503e-10
7.796472e-11
5.992169e-11
4.59724e-11
3.511705e-11
2.687796e-11
8.598304e-10
1.692806e-09
2.010565e-09
1.934231e-09
1.646723e-09
1.309528e-09
9.992589e-10
7.461013e-10
5.527229e-10
4.099322e-10
3.059281e-10
2.301966e-10
1.746292e-10
1.333726e-10
1.023404e-10
7.871125e-11
6.053899e-11
4.647116e-11
3.550792e-11
2.716144e-11
7.912961e-11
6.08967e-11
4.677304e-11
3.575869e-11
2.736102e-11
2.502388e-11
2.331986e-11
2.170741e-11
2.018231e-11
4.828359e-11
4.494261e-11
4.180907e-11
3.885676e-11
6.029756e-11
5.608299e-11
5.216954e-11
4.85022e-11
6.522437e-11
6.05472e-11
5.628202e-11
5.233493e-11
6.348978e-11
5.877382e-11
5.455858e-11
5.072476e-11
5.62437e-11
5.187505e-11
4.804143e-11
4.462287e-11
4.577776e-11
4.198538e-11
3.871312e-11
3.585693e-11
3.499715e-11
3.177582e-11
2.90416e-11
2.670927e-11
2.606883e-11
2.32527e-11
2.089764e-11
1.893185e-11
1.991104e-11
1.729785e-11
1.513379e-11
1.335399e-11
1.634703e-11
1.378535e-11
1.167084e-11
9.940983e-12
8.500668e-12
1.467096e-11
1.208175e-11
9.941723e-12
8.188589e-12
6.731355e-12
1.41145e-11
1.147372e-11
9.284486e-12
7.483952e-12
5.984054e-12
1.408905e-11
1.140143e-11
9.166856e-12
7.321856e-12
5.780281e-12
1.422696e-11
1.150737e-11
9.241524e-12
7.365513e-12
5.794296e-12
4.478924e-12
1.433541e-11
1.160016e-11
9.31889e-12
7.427478e-12
5.841393e-12
4.511788e-12
)
;
    }
}


// ************************************************************************* //
