/*--------------------------------*- C++ -*----------------------------------*\
| =========                 |                                                 |
| \\      /  F ield         | OpenFOAM: The Open Source CFD Toolbox           |
|  \\    /   O peration     | Version:  2406                                  |
|   \\  /    A nd           | Website:  www.openfoam.com                      |
|    \\/     M anipulation  |                                                 |
\*---------------------------------------------------------------------------*/
FoamFile
{
    version     2.0;
    format      ascii;
    arch        "LSB;label=32;scalar=64";
    class       volVectorField;
    location    "320";
    object      U;
}
// * * * * * * * * * * * * * * * * * * * * * * * * * * * * * * * * * * * * * //

dimensions      [0 1 -1 0 0 0 0];

internalField   nonuniform List<vector> 
5384
(
(0.0005249069 6.619954e-05 9.888681e-05)
(0.0003527184 4.534709e-05 1.6303e-05)
(0.0001605579 2.152204e-05 -9.698353e-07)
(0.00011652 1.017828e-05 1.088192e-07)
(8.747564e-05 4.58401e-06 1.328805e-07)
(7.110248e-05 1.988066e-06 1.649327e-07)
(6.132231e-05 8.523597e-07 1.666754e-07)
(5.497709e-05 3.395052e-07 1.411313e-07)
(5.071085e-05 1.021521e-07 1.204792e-07)
(4.766463e-05 -9.515781e-09 1.022367e-07)
(4.540086e-05 -6.251518e-08 8.762204e-08)
(4.365962e-05 -8.62124e-08 7.549556e-08)
(4.228683e-05 -9.478897e-08 6.530572e-08)
(4.118448e-05 -9.536303e-08 5.660448e-08)
(4.028693e-05 -9.171458e-08 4.91522e-08)
(3.954877e-05 -8.600198e-08 4.268894e-08)
(3.893569e-05 -7.931242e-08 3.720626e-08)
(3.842465e-05 -7.263989e-08 3.229346e-08)
(3.799314e-05 -6.578037e-08 2.840533e-08)
(3.763281e-05 -6.054618e-08 2.440025e-08)
(0.0005698419 8.026618e-05 0.0001126423)
(0.0004063476 7.156743e-05 2.364234e-05)
(0.0002315388 4.892165e-05 2.668045e-06)
(0.00018708 2.902512e-05 1.651432e-06)
(0.0001548435 1.690211e-05 8.601618e-07)
(0.0001332431 9.760996e-06 4.906189e-07)
(0.000118653 5.77922e-06 3.298141e-07)
(0.0001082342 3.532544e-06 2.283182e-07)
(0.0001006994 2.215701e-06 1.694758e-07)
(9.507001e-05 1.414141e-06 1.319136e-07)
(9.075442e-05 9.039464e-07 1.069966e-07)
(8.736644e-05 5.687242e-07 8.947658e-08)
(8.465428e-05 3.434811e-07 7.6444e-08)
(8.244892e-05 1.904355e-07 6.622015e-08)
(8.063296e-05 8.627619e-08 5.789356e-08)
(7.912307e-05 1.591332e-08 5.083421e-08)
(7.785614e-05 -3.073781e-08 4.489023e-08)
(7.678801e-05 -6.095715e-08 3.946453e-08)
(7.587762e-05 -7.912818e-08 3.519945e-08)
(7.510698e-05 -9.121963e-08 3.026947e-08)
(0.0005610081 3.516945e-05 0.0001098695)
(0.0004003926 4.321491e-05 2.091942e-05)
(0.000245115 3.973228e-05 1.839752e-06)
(0.0002098768 3.054963e-05 1.277884e-06)
(0.0001831834 2.18356e-05 7.250142e-07)
(0.0001638346 1.506266e-05 4.592737e-07)
(0.0001497182 1.030312e-05 3.433155e-07)
(0.0001389102 7.086838e-06 2.578274e-07)
(0.00013065 4.923701e-06 2.01026e-07)
(0.0001242243 3.457625e-06 1.60265e-07)
(0.0001191487 2.444636e-06 1.304145e-07)
(0.0001150756 1.731319e-06 1.081329e-07)
(0.0001117589 1.220661e-06 9.113996e-08)
(0.0001090236 8.508697e-07 7.78728e-08)
(0.0001067431 5.814037e-07 6.730203e-08)
(0.0001048247 3.848707e-07 5.861602e-08)
(0.0001031975 2.419755e-07 5.149468e-08)
(0.0001018105 1.389521e-07 4.517608e-08)
(0.0001006163 6.55575e-08 4.029299e-08)
(9.959448e-05 1.305044e-08 3.459669e-08)
(0.0005557459 2.437986e-05 0.0001109328)
(0.0003874534 3.447954e-05 2.137245e-05)
(0.0002356982 3.372988e-05 2.067347e-06)
(0.0002072066 2.858432e-05 1.345811e-06)
(0.0001872214 2.249804e-05 7.329359e-07)
(0.0001730143 1.702702e-05 4.436954e-07)
(0.0001623611 1.263381e-05 3.235703e-07)
(0.0001536979 9.31322e-06 2.422883e-07)
(0.000146682 6.868131e-06 1.905982e-07)
(0.0001409403 5.085584e-06 1.540831e-07)
(0.0001362138 3.78189e-06 1.268657e-07)
(0.0001322968 2.820601e-06 1.05975e-07)
(0.0001290261 2.104705e-06 8.957634e-08)
(0.0001262742 1.566927e-06 7.649831e-08)
(0.0001239414 1.160482e-06 6.596125e-08)
(0.0001219504 8.525786e-07 5.730013e-08)
(0.0001202392 6.192777e-07 5.023281e-08)
(0.0001187624 4.436337e-07 4.403673e-08)
(0.000117476 3.114587e-07 3.92935e-08)
(0.0001163619 2.13859e-07 3.373782e-08)
(0.0005530286 1.499701e-05 0.0001108294)
(0.0003798858 2.380402e-05 2.095829e-05)
(0.0002272211 2.534178e-05 1.770248e-06)
(0.0002004215 2.343695e-05 1.129872e-06)
(0.0001834061 1.999849e-05 5.745736e-07)
(0.0001724992 1.633759e-05 3.326989e-07)
(0.0001647762 1.298028e-05 2.444695e-07)
(0.000158467 1.015239e-05 1.860121e-07)
(0.0001532315 7.877609e-06 1.505752e-07)
(0.0001487956 6.094577e-06 1.256844e-07)
(0.0001450144 4.713438e-06 1.065773e-07)
(0.0001417818 3.647711e-06 9.124554e-08)
(0.0001390104 2.824616e-06 7.858847e-08)
(0.0001366267 2.187161e-06 6.801561e-08)
(0.0001345682 1.692018e-06 5.916781e-08)
(0.0001327828 1.306946e-06 5.169888e-08)
(0.0001312262 1.007209e-06 4.548609e-08)
(0.0001298645 7.752389e-07 4.0022e-08)
(0.0001286638 5.949368e-07 3.578475e-08)
(0.0001276103 4.58529e-07 3.094562e-08)
(0.0005518654 1.079795e-05 0.0001109721)
(0.000375574 1.849063e-05 2.106939e-05)
(0.00022078 2.048435e-05 1.833506e-06)
(0.0001937122 1.976867e-05 1.149383e-06)
(0.0001775669 1.763104e-05 5.612228e-07)
(0.0001682716 1.506482e-05 3.046334e-07)
(0.0001623709 1.249972e-05 2.086569e-07)
(0.00015782 1.017898e-05 1.487817e-07)
(0.0001541337 8.19316e-06 1.154984e-07)
(0.0001509957 6.550229e-06 9.446279e-08)
(0.0001482723 5.218224e-06 7.970188e-08)
(0.000145892 4.150763e-06 6.853041e-08)
(0.0001438058 3.300381e-06 5.952581e-08)
(0.0001419753 2.62475e-06 5.201219e-08)
(0.0001403666 2.088422e-06 4.565337e-08)
(0.0001389496 1.663121e-06 4.021334e-08)
(0.000137697 1.325831e-06 3.561201e-08)
(0.000136587 1.05987e-06 3.156149e-08)
(0.0001355965 8.488829e-07 2.833765e-08)
(0.0001347159 6.860527e-07 2.482238e-08)
(0.0005512226 7.812516e-06 0.0001109778)
(0.0003730864 1.403551e-05 2.103004e-05)
(0.0002166671 1.618152e-05 1.787089e-06)
(0.0001889031 1.626731e-05 1.109951e-06)
(0.0001726731 1.510159e-05 5.240981e-07)
(0.0001638695 1.340594e-05 2.7242e-07)
(0.0001587781 1.15304e-05 1.785776e-07)
(0.0001551896 9.706538e-06 1.205364e-07)
(0.0001524888 8.052697e-06 8.919115e-08)
(0.000150282 6.615538e-06 7.028659e-08)
(0.0001483984 5.400987e-06 5.782415e-08)
(0.000146755 4.39316e-06 4.898622e-08)
(0.0001453062 3.566807e-06 4.222275e-08)
(0.0001440236 2.894547e-06 3.677583e-08)
(0.0001428854 2.350373e-06 3.225552e-08)
(0.0001418732 1.911653e-06 2.844286e-08)
(0.0001409702 1.558611e-06 2.521566e-08)
(0.0001401622 1.276271e-06 2.244847e-08)
(0.000139435 1.04928e-06 2.016323e-08)
(0.0001387811 8.710455e-07 1.794935e-08)
(0.0005509095 5.998044e-06 0.0001110061)
(0.0003716203 1.110419e-05 2.106233e-05)
(0.0002139341 1.314616e-05 1.806939e-06)
(0.0001854582 1.357978e-05 1.123638e-06)
(0.00016888 1.296662e-05 5.295055e-07)
(0.0001601165 1.182957e-05 2.733545e-07)
(0.0001553178 1.0445e-05 1.747714e-07)
(0.0001521898 9.012799e-06 1.131242e-07)
(0.0001500365 7.650759e-06 7.931257e-08)
(0.0001484045 6.41914e-06 5.890876e-08)
(0.0001470849 5.342434e-06 4.577154e-08)
(0.0001459726 4.422751e-06 3.687088e-08)
(0.0001450116 3.649952e-06 3.046128e-08)
(0.0001441702 3.008203e-06 2.562818e-08)
(0.0001434282 2.479771e-06 2.185092e-08)
(0.0001427704 2.047588e-06 1.884819e-08)
(0.0001421844 1.695581e-06 1.639622e-08)
(0.0001416594 1.41083e-06 1.445185e-08)
(0.0001411866 1.179797e-06 1.279043e-08)
(0.0001407586 9.956783e-07 1.15352e-08)
(0.0005507185 4.653037e-06 0.0001110131)
(0.000370694 8.765462e-06 2.10657e-05)
(0.0002121205 1.060305e-05 1.803265e-06)
(0.0001830666 1.120829e-05 1.12069e-06)
(0.0001661119 1.096412e-05 5.260466e-07)
(0.0001572186 1.023867e-05 2.711376e-07)
(0.0001524665 9.243306e-06 1.724064e-07)
(0.0001495196 8.143284e-06 1.101897e-07)
(0.0001476347 7.046569e-06 7.560994e-08)
(0.0001463204 6.016968e-06 5.439051e-08)
(0.0001453397 5.08845e-06 4.056676e-08)
(0.0001445678 4.27425e-06 3.117041e-08)
(0.0001439364 3.574713e-06 2.446833e-08)
(0.0001434069 2.982808e-06 1.952935e-08)
(0.000142956 2.48771e-06 1.579032e-08)
(0.0001425672 2.07741e-06 1.294735e-08)
(0.0001422293 1.739575e-06 1.070745e-08)
(0.0001419319 1.463512e-06 9.076157e-09)
(0.0001416686 1.237931e-06 7.654649e-09)
(0.0001414316 1.055917e-06 6.890959e-09)
(0.0005506078 3.665062e-06 0.0001110215)
(0.0003700988 6.979619e-06 2.107773e-05)
(0.0002108826 8.57341e-06 1.810625e-06)
(0.0001813687 9.215504e-06 1.127216e-06)
(0.0001640782 9.179656e-06 5.307539e-07)
(0.0001550142 8.726382e-06 2.754402e-07)
(0.0001502158 8.014977e-06 1.756749e-07)
(0.0001473232 7.177232e-06 1.124011e-07)
(0.0001455638 6.305746e-06 7.679294e-08)
(0.0001444207 5.460414e-06 5.458774e-08)
(0.0001436376 4.677444e-06 3.989861e-08)
(0.0001430752 3.97528e-06 2.978005e-08)
(0.0001426551 3.360371e-06 2.250738e-08)
(0.0001423324 2.831539e-06 1.714549e-08)
(0.0001420797 2.383051e-06 1.311051e-08)
(0.0001418789 2.006984e-06 1.008802e-08)
(0.000141718 1.694307e-06 7.742873e-09)
(0.0001415863 1.436501e-06 6.104028e-09)
(0.0001414782 1.224553e-06 4.67275e-09)
(0.0001413857 1.051842e-06 4.054872e-09)
(0.000550534 2.870805e-06 0.0001110255)
(0.0003696973 5.501812e-06 2.108296e-05)
(0.0002100261 6.836596e-06 1.812642e-06)
(0.0001801627 7.445302e-06 1.129109e-06)
(0.0001625967 7.524703e-06 5.321778e-07)
(0.0001533666 7.256992e-06 2.773812e-07)
(0.0001484901 6.759487e-06 1.776278e-07)
(0.0001455943 6.134063e-06 1.142249e-07)
(0.0001438874 5.45659e-06 7.836312e-08)
(0.0001428351 4.779553e-06 5.578981e-08)
(0.0001421671 4.137364e-06 4.06901e-08)
(0.0001417332 3.549969e-06 3.015587e-08)
(0.0001414471 3.026917e-06 2.249276e-08)
(0.0001412586 2.570639e-06 1.678586e-08)
(0.0001411372 2.178962e-06 1.245745e-08)
(0.0001410625 1.847094e-06 9.200145e-09)
(0.0001410217 1.568755e-06 6.665569e-09)
(0.0001410038 1.337433e-06 4.896468e-09)
(0.0001410035 1.146208e-06 3.353187e-09)
(0.0001410124 9.89185e-07 2.699637e-09)
(0.0005504856 2.215432e-06 0.0001110289)
(0.000369425 4.262958e-06 2.10883e-05)
(0.0002094289 5.341625e-06 1.816021e-06)
(0.0001793019 5.872913e-06 1.132214e-06)
(0.000161518 6.000238e-06 5.34744e-07)
(0.0001521439 5.850304e-06 2.800454e-07)
(0.0001471863 5.508107e-06 1.800869e-07)
(0.0001442651 5.050173e-06 1.164453e-07)
(0.0001425761 4.536042e-06 8.031689e-08)
(0.0001415726 4.008998e-06 5.743959e-08)
(0.0001409739 3.499009e-06 4.203194e-08)
(0.0001406212 3.024824e-06 3.119644e-08)
(0.0001404223 2.596706e-06 2.324956e-08)
(0.0001403225 2.21881e-06 1.72843e-08)
(0.0001402884 1.891121e-06 1.272547e-08)
(0.000140298 1.611028e-06 9.269188e-09)
(0.0001403377 1.374368e-06 6.56276e-09)
(0.0001403961 1.176363e-06 4.652519e-09)
(0.000140468 1.011878e-06 2.988057e-09)
(0.0001405452 8.760315e-07 2.242927e-09)
(0.0005504521 1.647534e-06 0.0001110308)
(0.0003692385 3.177534e-06 2.109146e-05)
(0.000209015 4.005931e-06 1.817841e-06)
(0.0001786956 4.435159e-06 1.133814e-06)
(0.0001607472 4.568378e-06 5.360986e-07)
(0.000151257 4.491292e-06 2.815811e-07)
(0.0001462276 4.263474e-06 1.816035e-07)
(0.0001432753 3.940048e-06 1.179112e-07)
(0.0001415878 3.565389e-06 8.169813e-08)
(0.00014061 3.172998e-06 5.869532e-08)
(0.0001400536 2.787e-06 4.314489e-08)
(0.0001397535 2.423266e-06 3.215719e-08)
(0.0001396123 2.09117e-06 2.405711e-08)
(0.000139572 1.795222e-06 1.794383e-08)
(0.0001395968 1.536485e-06 1.324549e-08)
(0.0001396633 1.313754e-06 9.660986e-09)
(0.0001397569 1.12442e-06 6.838283e-09)
(0.0001398662 9.651482e-07 4.823087e-09)
(0.000139986 8.322901e-07 3.067475e-09)
(0.0001401081 7.220942e-07 2.238245e-09)
(0.0005504299 1.139997e-06 0.0001110322)
(0.0003691147 2.201361e-06 2.109389e-05)
(0.0002087371 2.787495e-06 1.819469e-06)
(0.0001782832 3.100728e-06 1.135225e-06)
(0.0001602171 3.212168e-06 5.37343e-07)
(0.0001506403 3.176469e-06 2.828907e-07)
(0.0001455542 3.032991e-06 1.828502e-07)
(0.0001425736 2.81879e-06 1.19082e-07)
(0.0001408814 2.564417e-06 8.278008e-08)
(0.0001399168 2.293577e-06 5.967241e-08)
(0.0001393862 2.023807e-06 4.401561e-08)
(0.0001391199 1.767027e-06 3.292306e-08)
(0.0001390168 1.530609e-06 2.472286e-08)
(0.0001390162 1.318418e-06 1.851588e-08)
(0.0001390804 1.131769e-06 1.373083e-08)
(0.0001391848 9.702369e-07 1.006641e-08)
(0.0001393143 8.322982e-07 7.171259e-09)
(0.0001394571 7.157885e-07 5.087948e-09)
(0.000139608 6.182866e-07 3.273531e-09)
(0.000139759 5.371719e-07 2.38561e-09)
(0.0005504157 6.701163e-07 0.0001110328)
(0.0003690386 1.294041e-06 2.109531e-05)
(0.0002085659 1.643911e-06 1.820414e-06)
(0.0001780266 1.833739e-06 1.135971e-06)
(0.0001598851 1.906698e-06 5.380277e-07)
(0.0001502511 1.892644e-06 2.836219e-07)
(0.0001451262 1.814021e-06 1.8356e-07)
(0.0001421248 1.692139e-06 1.197631e-07)
(0.000140427 1.544827e-06 8.34216e-08)
(0.0001394687 1.386183e-06 6.026303e-08)
(0.0001389529 1.226814e-06 4.455264e-08)
(0.0001387068 1.074083e-06 3.340603e-08)
(0.000138627 9.326655e-07 2.515359e-08)
(0.000138651 8.051302e-07 1.889733e-08)
(0.0001387396 6.924847e-07 1.406642e-08)
(0.0001388676 5.946493e-07 1.035919e-08)
(0.0001390193 5.108468e-07 7.425089e-09)
(0.0001391827 4.398701e-07 5.303925e-09)
(0.0001393525 3.803412e-07 3.456954e-09)
(0.0001395209 3.307209e-07 2.535275e-09)
(0.0009920138 0.0001237179 0.0002455555)
(0.0007674537 0.0001018359 8.21022e-05)
(0.0004133951 5.031276e-05 2.087544e-05)
(0.000295884 2.407413e-05 7.748496e-06)
(0.0002255184 1.115455e-05 4.53059e-06)
(0.0001846094 5.071098e-06 2.897999e-06)
(0.0001598867 2.337589e-06 2.022422e-06)
(0.0001437275 1.062985e-06 1.473115e-06)
(0.000132745 4.473864e-07 1.128859e-06)
(0.0001248558 1.392962e-07 9.02224e-07)
(0.0001189624 -2.045946e-08 7.447803e-07)
(0.0001144128 -1.035877e-07 6.285272e-07)
(0.0001108147 -1.4523e-07 5.379988e-07)
(0.0001079173 -1.634767e-07 4.645749e-07)
(0.0001055517 -1.682009e-07 4.034337e-07)
(0.0001036006 -1.652258e-07 3.515191e-07)
(0.0001019758 -1.577041e-07 3.072332e-07)
(0.0001006168 -1.484034e-07 2.686114e-07)
(9.9467e-05 -1.37301e-07 2.35922e-07)
(9.850181e-05 -1.28714e-07 2.054301e-07)
(0.001125713 0.0001569026 0.0002895024)
(0.0009591559 0.0001698602 0.0001129374)
(0.0006422311 0.0001241976 3.705501e-05)
(0.000513906 7.767501e-05 1.578305e-05)
(0.0004282509 4.686481e-05 8.785568e-06)
(0.0003696336 2.805401e-05 5.356865e-06)
(0.0003296039 1.71794e-05 3.575504e-06)
(0.0003009972 1.087089e-05 2.52991e-06)
(0.000280195 7.086658e-06 1.882949e-06)
(0.000264611 4.730738e-06 1.46656e-06)
(0.0002526331 3.200132e-06 1.185701e-06)
(0.0002432107 2.172141e-06 9.870802e-07)
(0.0002356537 1.464346e-06 8.394872e-07)
(0.0002294975 9.693007e-07 7.246297e-07)
(0.0002244188 6.202019e-07 6.31794e-07)
(0.0002201875 3.735317e-07 5.543568e-07)
(0.0002166304 1.999622e-07 4.886793e-07)
(0.0002136243 7.841478e-08 4.31325e-07)
(0.0002110587 -4.589623e-09 3.822547e-07)
(0.0002088782 -6.497109e-08 3.350781e-07)
(0.001109125 7.188872e-05 0.0002840352)
(0.0009530951 0.0001078042 0.0001073799)
(0.0006856254 0.0001054019 3.634337e-05)
(0.0005845656 8.482052e-05 1.637522e-05)
(0.0005141828 6.262098e-05 9.573319e-06)
(0.0004616186 4.441766e-05 6.133617e-06)
(0.000422603 3.11543e-05 4.258708e-06)
(0.0003926494 2.195219e-05 3.103892e-06)
(0.0003695977 1.563711e-05 2.346712e-06)
(0.0003515966 1.128152e-05 1.83281e-06)
(0.0003373303 8.226957e-06 1.471143e-06)
(0.0003258512 6.045094e-06 1.209107e-06)
(0.0003164821 4.459919e-06 1.013635e-06)
(0.0003087386 3.292905e-06 8.635182e-07)
(0.0003022691 2.425865e-06 7.450345e-07)
(0.0002968158 1.778455e-06 6.48939e-07)
(0.0002921811 1.294026e-06 5.695188e-07)
(0.0002882218 9.319881e-07 5.017367e-07)
(0.0002848089 6.621302e-07 4.446312e-07)
(0.0002818771 4.592234e-07 3.896711e-07)
(0.001099148 4.909853e-05 0.0002845821)
(0.00092459 8.341079e-05 0.0001068023)
(0.0006640341 8.814871e-05 3.567543e-05)
(0.0005808251 7.864949e-05 1.586987e-05)
(0.0005286069 6.433468e-05 9.227222e-06)
(0.0004902346 5.023356e-05 5.921826e-06)
(0.0004608981 3.83047e-05 4.149051e-06)
(0.000437011 2.895361e-05 3.0709e-06)
(0.0004175194 2.187766e-05 2.360666e-06)
(0.0004014967 1.660259e-05 1.869941e-06)
(0.0003882535 1.267257e-05 1.514676e-06)
(0.0003772393 9.727023e-06 1.249348e-06)
(0.0003680126 7.499726e-06 1.046324e-06)
(0.0003602261 5.800768e-06 8.878451e-07)
(0.0003536066 4.495453e-06 7.620152e-07)
(0.0003479417 3.487928e-06 6.60328e-07)
(0.000343061 2.707866e-06 5.77079e-07)
(0.0003388373 2.104635e-06 5.070551e-07)
(0.0003351526 1.636936e-06 4.487743e-07)
(0.0003319487 1.276971e-06 3.933027e-07)
(0.00109404 3.031816e-05 0.0002841329)
(0.0009073023 5.7369e-05 0.0001055598)
(0.0006425592 6.593545e-05 3.434059e-05)
(0.0005632457 6.408464e-05 1.468975e-05)
(0.0005188824 5.683715e-05 8.251176e-06)
(0.0004895795 4.79019e-05 5.159053e-06)
(0.0004685097 3.912246e-05 3.570115e-06)
(0.0004513708 3.138664e-05 2.640943e-06)
(0.0004370498 2.495514e-05 2.046372e-06)
(0.0004248608 1.977869e-05 1.641858e-06)
(0.0004144192 1.567905e-05 1.348184e-06)
(0.0004054499 1.24534e-05 1.125294e-06)
(0.0003977252 9.917377e-06 9.507877e-07)
(0.0003910524 7.919507e-06 8.113219e-07)
(0.0003852664 6.340811e-06 6.98376e-07)
(0.0003802289 5.090408e-06 6.058784e-07)
(0.0003758217 4.097711e-06 5.296008e-07)
(0.0003719527 3.311002e-06 4.655259e-07)
(0.0003685326 2.684649e-06 4.122286e-07)
(0.0003655183 2.192732e-06 3.625428e-07)
(0.001091923 2.174887e-05 0.0002842681)
(0.0008975536 4.388633e-05 0.0001056613)
(0.0006265569 5.246429e-05 3.420481e-05)
(0.0005458713 5.317741e-05 1.435039e-05)
(0.0005033868 4.930414e-05 7.80266e-06)
(0.0004781852 4.34844e-05 4.679598e-06)
(0.0004620364 3.711732e-05 3.106393e-06)
(0.0004497867 3.102883e-05 2.219036e-06)
(0.0004398628 2.560907e-05 1.67832e-06)
(0.0004314145 2.098352e-05 1.329264e-06)
(0.0004240599 1.713445e-05 1.086697e-06)
(0.000417602 1.39786e-05 9.077806e-07)
(0.0004119129 1.141171e-05 7.694829e-07)
(0.000406894 9.331866e-06 6.590716e-07)
(0.0004024595 7.648844e-06 5.691748e-07)
(0.0003985334 6.287731e-06 4.950612e-07)
(0.0003950462 5.186183e-06 4.335528e-07)
(0.0003919409 4.297072e-06 3.81924e-07)
(0.0003891597 3.575818e-06 3.387714e-07)
(0.000386674 2.999432e-06 2.998822e-07)
(0.00109075 1.573789e-05 0.0002842552)
(0.0008919508 3.316109e-05 0.000105614)
(0.0006163744 4.116187e-05 3.406649e-05)
(0.0005334058 4.334727e-05 1.413991e-05)
(0.0004903281 4.17351e-05 7.544968e-06)
(0.0004661638 3.817325e-05 4.394379e-06)
(0.0004520659 3.37303e-05 2.810514e-06)
(0.0004423942 2.912022e-05 1.926323e-06)
(0.0004351953 2.475301e-05 1.400052e-06)
(0.0004293768 2.082886e-05 1.072403e-06)
(0.0004244309 1.741909e-05 8.546338e-07)
(0.0004201126 1.451992e-05 7.01122e-07)
(0.0004162923 1.208929e-05 5.869848e-07)
(0.0004128923 1.00698e-05 4.984926e-07)
(0.0004098571 8.401186e-06 4.278802e-07)
(0.0004071406 7.027713e-06 3.705061e-07)
(0.0004047022 5.898949e-06 3.233394e-07)
(0.0004025068 4.974824e-06 2.843542e-07)
(0.0004005201 4.215205e-06 2.518159e-07)
(0.0003987219 3.599127e-06 2.243011e-07)
(0.001090187 1.206853e-05 0.0002843082)
(0.0008886611 2.608966e-05 0.0001057257)
(0.0006096846 3.318294e-05 3.413118e-05)
(0.000524576 3.584147e-05 1.414795e-05)
(0.000480306 3.542626e-05 7.507814e-06)
(0.0004559971 3.324733e-05 4.319171e-06)
(0.0004425161 3.01147e-05 2.704889e-06)
(0.0004339851 2.661477e-05 1.798417e-06)
(0.0004282275 2.31216e-05 1.258889e-06)
(0.0004239761 1.984899e-05 9.257012e-07)
(0.000420604 1.690444e-05 7.085242e-07)
(0.0004177935 1.432578e-05 5.599615e-07)
(0.0004153763 1.210925e-05 4.535046e-07)
(0.0004132597 1.022869e-05 3.741373e-07)
(0.0004113868 8.647513e-06 3.131446e-07)
(0.0004097175 7.326861e-06 2.653238e-07)
(0.0004082211 6.228098e-06 2.272046e-07)
(0.0004068711 5.318464e-06 1.968723e-07)
(0.0004056462 4.563837e-06 1.720156e-07)
(0.0004045286 3.944356e-06 1.530904e-07)
(0.001089844 9.360359e-06 0.000284333)
(0.0008865885 2.054896e-05 0.0001057838)
(0.0006052649 2.665474e-05 3.416794e-05)
(0.0005184751 2.941208e-05 1.416295e-05)
(0.0004730293 2.972648e-05 7.508661e-06)
(0.0004481888 2.850707e-05 4.306226e-06)
(0.0004346878 2.635635e-05 2.677804e-06)
(0.0004265359 2.374369e-05 1.757297e-06)
(0.0004214345 2.099454e-05 1.205635e-06)
(0.000418009 1.831517e-05 8.628498e-07)
(0.0004155498 1.58268e-05 6.389869e-07)
(0.0004136792 1.358973e-05 4.865532e-07)
(0.000412189 1.162418e-05 3.786455e-07)
(0.0004109623 9.925724e-06 2.997437e-07)
(0.0004099294 8.475769e-06 2.406025e-07)
(0.0004090445 7.249318e-06 1.955943e-07)
(0.0004082765 6.218333e-06 1.60824e-07)
(0.0004075995 5.356961e-06 1.342802e-07)
(0.0004069972 4.637537e-06 1.131458e-07)
(0.0004064509 4.041275e-06 9.881744e-08)
(0.001089646 7.36966e-06 0.0002843612)
(0.0008852576 1.63283e-05 0.0001058496)
(0.0006022622 2.147409e-05 3.422484e-05)
(0.0005141703 2.406514e-05 1.420649e-05)
(0.0004677188 2.473314e-05 7.543416e-06)
(0.0004422909 2.411448e-05 4.332204e-06)
(0.0004285521 2.265342e-05 2.694451e-06)
(0.000420451 2.071632e-05 1.763957e-06)
(0.0004156161 1.857374e-05 1.202633e-06)
(0.0004126048 1.641013e-05 8.509443e-07)
(0.0004106528 1.434428e-05 6.194087e-07)
(0.0004093397 1.244454e-05 4.607749e-07)
(0.0004084266 1.074366e-05 3.481754e-07)
(0.0004077755 9.250566e-06 2.659944e-07)
(0.0004073036 7.9591e-06 2.047944e-07)
(0.0004069571 6.85471e-06 1.587474e-07)
(0.0004067014 5.918076e-06 1.237084e-07)
(0.0004065085 5.129457e-06 9.755423e-08)
(0.0004063632 4.467276e-06 7.716396e-08)
(0.0004062451 3.914414e-06 6.423286e-08)
(0.001089514 5.771646e-06 0.0002843798)
(0.0008843608 1.285787e-05 0.0001058935)
(0.0006001898 1.708613e-05 3.426431e-05)
(0.0005111234 1.938097e-05 1.42393e-05)
(0.0004638662 2.018756e-05 7.573268e-06)
(0.0004379042 1.99478e-05 4.359098e-06)
(0.0004238724 1.898368e-05 2.717735e-06)
(0.0004156873 1.757399e-05 1.782671e-06)
(0.0004109321 1.593567e-05 1.21631e-06)
(0.0004081191 1.422539e-05 8.593428e-07)
(0.0004064456 1.25508e-05 6.226548e-07)
(0.0004054603 1.097952e-05 4.592727e-07)
(0.0004049012 9.549159e-06 3.425025e-07)
(0.0004046139 8.276053e-06 2.568168e-07)
(0.0004045045 7.162101e-06 1.927856e-07)
(0.0004045122 6.200297e-06 1.445487e-07)
(0.0004045986 5.378188e-06 1.078793e-07)
(0.0004047335 4.681316e-06 8.059504e-08)
(0.0004049013 4.093462e-06 5.94638e-08)
(0.000405081 3.599898e-06 4.616493e-08)
(0.001089427 4.453169e-06 0.000284395)
(0.0008837524 9.954114e-06 0.0001059294)
(0.0005987475 1.332609e-05 3.429854e-05)
(0.0005089558 1.524985e-05 1.426944e-05)
(0.0004610723 1.604454e-05 7.601631e-06)
(0.0004346635 1.601616e-05 4.38557e-06)
(0.0004203539 1.539499e-05 2.741907e-06)
(0.0004120437 1.438795e-05 1.803966e-06)
(0.0004072874 1.316267e-05 1.23444e-06)
(0.0004045659 1.184569e-05 8.741024e-07)
(0.0004030489 1.052812e-05 6.340266e-07)
(0.000402262 9.270561e-06 4.673891e-07)
(0.0004019253 8.109674e-06 3.476008e-07)
(0.0004018714 7.064308e-06 2.592041e-07)
(0.0004019975 6.140667e-06 1.927997e-07)
(0.0004022371 5.336618e-06 1.425333e-07)
(0.0004025486 4.64472e-06 1.041619e-07)
(0.0004028999 4.054833e-06 7.54689e-08)
(0.0004032751 3.555192e-06 5.321332e-08)
(0.0004036529 3.133894e-06 3.895213e-08)
(0.001089368 3.311296e-06 0.0002844053)
(0.0008833356 7.416158e-06 0.0001059542)
(0.0005977489 9.982359e-06 3.432254e-05)
(0.0005074326 1.14975e-05 1.429092e-05)
(0.0004590811 1.218808e-05 7.622382e-06)
(0.0004323208 1.226093e-05 4.405491e-06)
(0.0004177763 1.187583e-05 2.7607e-06)
(0.0004093407 1.118057e-05 1.82123e-06)
(0.0004045513 1.029869e-05 1.249949e-06)
(0.0004018677 9.326714e-06 8.876759e-07)
(0.0004004399 8.336585e-06 6.456011e-07)
(0.000399776 7.378137e-06 4.769891e-07)
(0.0003995823 6.483164e-06 3.553131e-07)
(0.0003996813 5.66953e-06 2.651585e-07)
(0.0003999628 4.944869e-06 1.971492e-07)
(0.0004003558 4.309769e-06 1.454397e-07)
(0.0004008157 3.760193e-06 1.057905e-07)
(0.0004013092 3.289406e-06 7.596105e-08)
(0.0004018199 2.889236e-06 5.273861e-08)
(0.0004023266 2.550709e-06 3.755498e-08)
(0.001089328 2.29095e-06 0.0002844124)
(0.0008830589 5.136099e-06 0.0001059719)
(0.0005970793 6.940118e-06 3.433998e-05)
(0.0005063983 8.028628e-06 1.430673e-05)
(0.0004577148 8.555871e-06 7.637795e-06)
(0.0004306962 8.654112e-06 4.420347e-06)
(0.0004159711 8.428046e-06 2.774767e-06)
(0.0004074308 7.976411e-06 1.834257e-06)
(0.0004026022 7.383611e-06 1.261804e-06)
(0.0003999311 6.717246e-06 8.982701e-07)
(0.000398554 6.028963e-06 6.549177e-07)
(0.0003979666 5.355528e-06 4.850626e-07)
(0.0003978651 4.721215e-06 3.622088e-07)
(0.000398064 4.140381e-06 2.709587e-07)
(0.0003984478 3.619925e-06 2.019434e-07)
(0.0003989416 3.161447e-06 1.493151e-07)
(0.0003994987 2.763008e-06 1.088357e-07)
(0.0004000846 2.420441e-06 7.824235e-08)
(0.0004006824 2.128442e-06 5.435109e-08)
(0.0004012712 1.880832e-06 3.849908e-08)
(0.001089302 1.346504e-06 0.0002844165)
(0.0008828888 3.01883e-06 0.000105983)
(0.0005966668 4.090663e-06 3.435084e-05)
(0.0005057557 4.744799e-06 1.431649e-05)
(0.0004568604 5.073645e-06 7.647416e-06)
(0.0004296727 5.150057e-06 4.42968e-06)
(0.0004148261 5.033307e-06 2.783658e-06)
(0.0004062118 4.779963e-06 1.84256e-06)
(0.0004013512 4.439049e-06 1.26943e-06)
(0.000398682 4.050512e-06 9.051649e-07)
(0.0003973322 3.64535e-06 6.61074e-07)
(0.0003967895 3.246026e-06 4.905051e-07)
(0.0003967435 2.867682e-06 3.669798e-07)
(0.0003970036 2.519543e-06 2.75109e-07)
(0.0003974503 2.206314e-06 2.055252e-07)
(0.000398006 1.929426e-06 1.523763e-07)
(0.0003986227 1.688096e-06 1.114234e-07)
(0.0003992647 1.48009e-06 8.038704e-08)
(0.0003999152 1.302443e-06 5.61027e-08)
(0.000400553 1.151561e-06 3.984878e-08)
(0.001186073 0.0001405833 0.0002812094)
(0.001006234 0.000130939 0.0001313694)
(0.0006063233 6.946315e-05 4.739604e-05)
(0.0004363379 3.373326e-05 1.933134e-05)
(0.0003361639 1.593757e-05 1.080431e-05)
(0.0002769479 7.492716e-06 6.839558e-06)
(0.0002407648 3.625866e-06 4.71658e-06)
(0.0002169511 1.782687e-06 3.433729e-06)
(0.0002006268 8.646521e-07 2.634028e-06)
(0.0001888355 3.862582e-07 2.112412e-06)
(0.0001799868 1.24814e-07 1.751654e-06)
(0.0001731324 -2.176296e-08 1.486107e-06)
(0.0001676963 -1.041796e-07 1.279315e-06)
(0.0001633078 -1.490202e-07 1.111153e-06)
(0.0001597162 -1.710897e-07 9.703886e-07)
(0.0001567469 -1.792957e-07 8.501942e-07)
(0.0001542688 -1.786905e-07 7.467527e-07)
(0.0001521908 -1.73565e-07 6.562603e-07)
(0.0001504294 -1.644246e-07 5.783739e-07)
(0.0001489455 -1.573748e-07 5.068231e-07)
(0.001379128 0.0001931659 0.0003456472)
(0.001319931 0.0002321875 0.000190596)
(0.0009849012 0.0001805625 8.444849e-05)
(0.0007963511 0.0001181246 3.991722e-05)
(0.0006678211 7.342525e-05 2.217101e-05)
(0.0005785534 4.51643e-05 1.362625e-05)
(0.0005168428 2.835439e-05 9.071105e-06)
(0.0004725752 1.839014e-05 6.41124e-06)
(0.0004402135 1.230684e-05 4.765082e-06)
(0.0004158896 8.456152e-06 3.705949e-06)
(0.0003971421 5.916208e-06 2.992868e-06)
(0.0003823613 4.183454e-06 2.489823e-06)
(0.0003704835 2.970244e-06 2.117172e-06)
(0.0003607896 2.105439e-06 1.828096e-06)
(0.000352778 1.48192e-06 1.594977e-06)
(0.0003460912 1.029523e-06 1.400963e-06)
(0.0003404603 7.006777e-07 1.236251e-06)
(0.0003356922 4.612146e-07 1.092995e-06)
(0.0003316175 2.886015e-07 9.691831e-07)
(0.0003281445 1.580041e-07 8.532471e-07)
(0.001359993 9.060353e-05 0.0003398146)
(0.001319775 0.0001523683 0.000184942)
(0.001057525 0.0001572406 8.590421e-05)
(0.000913888 0.0001317126 4.338507e-05)
(0.0008099018 0.0001001019 2.540908e-05)
(0.0007303497 7.269624e-05 1.634104e-05)
(0.0006701533 5.203222e-05 1.124709e-05)
(0.0006236097 3.735133e-05 8.129048e-06)
(0.0005875303 2.709805e-05 6.101542e-06)
(0.0005592253 1.992283e-05 4.736233e-06)
(0.0005367122 1.482914e-05 3.784265e-06)
(0.0005185453 1.114933e-05 3.100037e-06)
(0.0005036814 8.445542e-06 2.593174e-06)
(0.0004913695 6.430775e-06 2.206208e-06)
(0.0004810621 4.913421e-06 1.902157e-06)
(0.0004723565 3.762461e-06 1.656573e-06)
(0.0004649444 2.885297e-06 1.453845e-06)
(0.0004585998 2.215324e-06 1.281805e-06)
(0.0004531235 1.70295e-06 1.135672e-06)
(0.0004484061 1.30711e-06 9.993677e-07)
(0.001348162 6.155156e-05 0.0003401281)
(0.001282644 0.0001162636 0.0001830217)
(0.001028522 0.0001302756 8.392141e-05)
(0.0009113477 0.0001212861 4.20776e-05)
(0.0008354262 0.0001024843 2.468844e-05)
(0.0007782469 8.211609e-05 1.60194e-05)
(0.0007335164 6.399925e-05 1.117654e-05)
(0.0006967831 4.931983e-05 8.21577e-06)
(0.0006665314 3.794361e-05 6.268924e-06)
(0.0006415079 2.930194e-05 4.929261e-06)
(0.0006207219 2.276495e-05 3.968146e-06)
(0.000603363 1.780082e-05 3.256934e-06)
(0.0005887698 1.400211e-05 2.717482e-06)
(0.0005764153 1.107065e-05 2.299638e-06)
(0.0005658822 8.791196e-06 1.96994e-06)
(0.0005568435 7.008583e-06 1.704992e-06)
(0.0005490372 5.608258e-06 1.488705e-06)
(0.000542265 4.506783e-06 1.308021e-06)
(0.0005363466 3.636958e-06 1.156691e-06)
(0.0005311845 2.951858e-06 1.017529e-06)
(0.001342248 3.803882e-05 0.0003395792)
(0.001259699 7.97052e-05 0.0001809848)
(0.0009977342 9.695785e-05 8.128178e-05)
(0.0008852218 9.817921e-05 3.952525e-05)
(0.0008209245 8.995004e-05 2.252397e-05)
(0.0007777589 7.781052e-05 1.430653e-05)
(0.0007461396 6.498474e-05 9.873402e-06)
(0.0007202873 5.318167e-05 7.250258e-06)
(0.0006984791 4.306699e-05 5.566105e-06)
(0.0006797803 3.473468e-05 4.421141e-06)
(0.0006636569 2.801035e-05 3.597925e-06)
(0.0006497265 2.26342e-05 2.980563e-06)
(0.0006376673 1.8347e-05 2.503215e-06)
(0.0006272015 1.492465e-05 2.126079e-06)
(0.0006180881 1.218538e-05 1.823578e-06)
(0.0006101224 9.986978e-06 1.57791e-06)
(0.0006031286 8.217519e-06 1.376421e-06)
(0.000596968 6.793216e-06 1.208573e-06)
(0.0005915075 5.641402e-06 1.068484e-06)
(0.000586677 4.717425e-06 9.422753e-07)
(0.001339909 2.724549e-05 0.0003397909)
(0.001246988 6.043434e-05 0.0001810532)
(0.0009752338 7.633258e-05 8.077242e-05)
(0.0008596237 8.051662e-05 3.853227e-05)
(0.0007974849 7.709293e-05 2.131383e-05)
(0.0007601728 6.980203e-05 1.305716e-05)
(0.0007360137 6.095985e-05 8.69461e-06)
(0.0007177994 5.201885e-05 6.197211e-06)
(0.0007029989 4.375646e-05 4.659076e-06)
(0.0006903491 3.650396e-05 3.657434e-06)
(0.0006792742 3.033085e-05 2.96254e-06)
(0.000669488 2.51716e-05 2.453474e-06)
(0.0006608117 2.090372e-05 2.064073e-06)
(0.0006531101 1.739171e-05 1.75679e-06)
(0.0006462655 1.45078e-05 1.509323e-06)
(0.000640172 1.214147e-05 1.307334e-06)
(0.0006347324 1.019846e-05 1.140972e-06)
(0.000629865 8.605247e-06 1.002612e-06)
(0.0006254879 7.293211e-06 8.87029e-07)
(0.0006215573 6.223174e-06 7.860083e-07)
(0.001338611 1.971029e-05 0.0003398387)
(0.001239721 4.550254e-05 0.0001810707)
(0.0009610183 5.954822e-05 8.054013e-05)
(0.0008413667 6.51278e-05 3.805737e-05)
(0.0007778102 6.46455e-05 2.068896e-05)
(0.0007416379 6.062733e-05 1.234083e-05)
(0.0007203616 5.476615e-05 7.94353e-06)
(0.0007060052 4.824082e-05 5.454242e-06)
(0.0006954183 4.178339e-05 3.954902e-06)
(0.000686922 3.579479e-05 3.009954e-06)
(0.0006797099 3.045884e-05 2.379572e-06)
(0.0006733951 2.582475e-05 1.935632e-06)
(0.0006677785 2.186625e-05 1.607459e-06)
(0.0006627471 1.852054e-05 1.355219e-06)
(0.0006582236 1.571113e-05 1.155862e-06)
(0.0006541462 1.336193e-05 9.9539e-07)
(0.0006504609 1.14011e-05 8.645763e-07)
(0.0006471206 9.769241e-06 7.573068e-07)
(0.0006440795 8.406983e-06 6.682397e-07)
(0.0006413093 7.280128e-06 5.943983e-07)
(0.001338008 1.510597e-05 0.00033996)
(0.001235487 3.566868e-05 0.0001813146)
(0.0009517751 4.773688e-05 8.067423e-05)
(0.0008285745 5.346376e-05 3.803893e-05)
(0.0007628733 5.439687e-05 2.055704e-05)
(0.0007261272 5.228187e-05 1.211214e-05)
(0.0007055221 4.836428e-05 7.642064e-06)
(0.0006927317 4.357704e-05 5.103201e-06)
(0.0006842626 3.855209e-05 3.576953e-06)
(0.0006781529 3.367823e-05 2.623931e-06)
(0.0006733943 2.917353e-05 1.999776e-06)
(0.0006694696 2.513926e-05 1.571852e-06)
(0.0006661064 2.160266e-05 1.265538e-06)
(0.0006631568 1.854768e-05 1.037955e-06)
(0.0006605341 1.593515e-05 8.638987e-07)
(0.0006581806 1.371683e-05 7.280901e-07)
(0.0006560541 1.184111e-05 6.204587e-07)
(0.0006541195 1.026196e-05 5.35017e-07)
(0.0006523489 8.930803e-06 4.65602e-07)
(0.0006507188 7.817011e-06 4.125834e-07)
(0.001337639 1.171333e-05 0.0003400374)
(0.001232825 2.804278e-05 0.000181482)
(0.0009456943 3.821666e-05 8.079631e-05)
(0.0008197826 4.366478e-05 3.809261e-05)
(0.0007520954 4.536267e-05 2.056461e-05)
(0.0007142975 4.449411e-05 1.207378e-05)
(0.0006934494 4.196457e-05 7.561654e-06)
(0.0006810683 3.850207e-05 4.985049e-06)
(0.0006734844 3.463706e-05 3.427951e-06)
(0.0006685701 3.072427e-05 2.451895e-06)
(0.0006651834 2.698613e-05 1.812616e-06)
(0.0006627065 2.354719e-05 1.376771e-06)
(0.000660797 2.046468e-05 1.068495e-06)
(0.0006592625 1.775226e-05 8.435179e-07)
(0.0006579904 1.539685e-05 6.7529e-07)
(0.0006569094 1.337126e-05 5.474475e-07)
(0.0006559733 1.164056e-05 4.48972e-07)
(0.0006551455 1.017024e-05 3.735e-07)
(0.0006544037 8.922156e-06 3.140015e-07)
(0.0006537227 7.86873e-06 2.72337e-07)
(0.001337431 9.219649e-06 0.0003401087)
(0.001231121 2.224907e-05 0.0001816422)
(0.0009415805 3.070288e-05 8.094118e-05)
(0.0008136116 3.558875e-05 3.82e-05)
(0.0007442766 3.755531e-05 2.064743e-05)
(0.0007054214 3.741414e-05 1.213033e-05)
(0.000684054 3.582037e-05 7.592414e-06)
(0.0006716119 3.333183e-05 4.990068e-06)
(0.0006643244 3.037937e-05 3.408792e-06)
(0.0006599634 2.726993e-05 2.411098e-06)
(0.0006573016 2.421068e-05 1.75355e-06)
(0.0006556522 2.132993e-05 1.303222e-06)
(0.0006546215 1.869817e-05 9.842251e-07)
(0.0006539804 1.634573e-05 7.519753e-07)
(0.0006535919 1.427631e-05 5.794212e-07)
(0.0006533694 1.24776e-05 4.496671e-07)
(0.0006532582 1.09275e-05 3.511253e-07)
(0.0006532165 9.600942e-06 2.770671e-07)
(0.0006532215 8.469042e-06 2.199108e-07)
(0.0006532454 7.507541e-06 1.818186e-07)
(0.001337291 7.219259e-06 0.0003401596)
(0.001229973 1.750489e-05 0.0001817574)
(0.000938747 2.438451e-05 8.105135e-05)
(0.0008092575 2.858536e-05 3.829107e-05)
(0.0007386262 3.054456e-05 2.072841e-05)
(0.0006988495 3.081492e-05 1.219962e-05)
(0.0006769245 2.986381e-05 7.649559e-06)
(0.0006642494 2.810971e-05 5.033867e-06)
(0.0006569936 2.589228e-05 3.438733e-06)
(0.0006528636 2.346646e-05 2.427221e-06)
(0.0006505742 2.101418e-05 1.756563e-06)
(0.0006493906 1.865603e-05 1.294391e-06)
(0.0006488814 1.646505e-05 9.651511e-07)
(0.0006487898 1.447941e-05 7.244037e-07)
(0.0006489595 1.27128e-05 5.450728e-07)
(0.0006492908 1.116296e-05 4.101399e-07)
(0.0006497214 9.81738e-06 3.078179e-07)
(0.0006502043 8.658692e-06 2.311779e-07)
(0.000650715 7.665801e-06 1.724341e-07)
(0.0006512236 6.818384e-06 1.335265e-07)
(0.001337201 5.56921e-06 0.0003401991)
(0.001229195 1.354247e-05 0.0001818477)
(0.0009367785 1.899138e-05 8.114156e-05)
(0.0008061686 2.244634e-05 3.837047e-05)
(0.0007345422 2.42102e-05 2.080248e-05)
(0.0006940135 2.465951e-05 1.226689e-05)
(0.0006715871 2.412406e-05 7.709624e-06)
(0.0006586439 2.291094e-05 5.085876e-06)
(0.0006513166 2.127936e-05 3.482206e-06)
(0.0006472676 1.9432e-05 2.461919e-06)
(0.0006451708 1.75197e-05 1.782598e-06)
(0.0006442558 1.564736e-05 1.312199e-06)
(0.0006440629 1.388257e-05 9.754008e-07)
(0.0006443142 1.226431e-05 7.279084e-07)
(0.0006448383 1.081062e-05 5.427087e-07)
(0.0006455251 9.525136e-06 4.027803e-07)
(0.0006463059 8.401936e-06 2.962947e-07)
(0.00064713 7.429611e-06 2.162184e-07)
(0.0006479713 6.593328e-06 1.54756e-07)
(0.0006487986 5.877021e-06 1.134933e-07)
(0.001337138 4.140702e-06 0.0003402268)
(0.001228663 1.008543e-05 0.0001819119)
(0.0009354169 1.421248e-05 8.120648e-05)
(0.0008040021 1.689944e-05 3.842918e-05)
(0.0007316383 1.835594e-05 2.085869e-05)
(0.0006905276 1.883314e-05 1.231949e-05)
(0.0006676894 1.855737e-05 7.758244e-06)
(0.0006544999 1.774607e-05 5.129883e-06)
(0.0006470704 1.658849e-05 3.521203e-06)
(0.0006430343 1.523747e-05 2.495661e-06)
(0.0006410363 1.381048e-05 1.811042e-06)
(0.0006402801 1.239211e-05 1.335494e-06)
(0.0006402845 1.103918e-05 9.938273e-07)
(0.000640755 9.786508e-06 7.418377e-07)
(0.0006415081 8.65222e-06 5.52559e-07)
(0.0006424258 7.642552e-06 4.089807e-07)
(0.000643434 6.755616e-06 2.992767e-07)
(0.0006444792 5.984418e-06 2.163502e-07)
(0.0006455338 5.318993e-06 1.524637e-07)
(0.0006465663 4.747458e-06 1.088909e-07)
(0.001337096 2.864509e-06 0.000340246)
(0.001228309 6.98275e-06 0.0001819573)
(0.0009345044 9.874116e-06 8.125262e-05)
(0.0008025331 1.1789e-05 3.847168e-05)
(0.0007296495 1.286815e-05 2.089985e-05)
(0.0006881155 1.327072e-05 1.235842e-05)
(0.0006649667 1.314372e-05 7.794592e-06)
(0.0006515796 1.263148e-05 5.163233e-06)
(0.000644054 1.186245e-05 3.551312e-06)
(0.0006400045 1.094282e-05 2.522402e-06)
(0.0006380565 9.956117e-06 1.834425e-06)
(0.000637395 8.963962e-06 1.35564e-06)
(0.0006375233 8.008951e-06 1.010925e-06)
(0.0006381345 7.118152e-06 7.561111e-07)
(0.000639036 6.306615e-06 5.642467e-07)
(0.0006401034 5.580575e-06 4.183141e-07)
(0.0006412585 4.940145e-06 3.064855e-07)
(0.0006424456 4.381371e-06 2.216135e-07)
(0.000643636 3.897993e-06 1.560164e-07)
(0.0006447981 3.48196e-06 1.107436e-07)
(0.001337069 1.683475e-06 0.0003402576)
(0.001228091 4.103782e-06 0.0001819859)
(0.0009339424 5.817399e-06 8.128138e-05)
(0.0008016215 6.962961e-06 3.849835e-05)
(0.0007284074 7.624457e-06 2.09259e-05)
(0.0006865983 7.889192e-06 1.238324e-05)
(0.0006632426 7.839833e-06 7.817919e-06)
(0.0006497192 7.558732e-06 5.184813e-06)
(0.0006421217 7.120179e-06 3.57098e-06)
(0.0006380542 6.586606e-06 2.540086e-06)
(0.0006361297 6.007849e-06 1.850139e-06)
(0.0006355219 5.421263e-06 1.36947e-06)
(0.0006357236 4.853132e-06 1.022994e-06)
(0.0006364197 4.320531e-06 7.665592e-07)
(0.0006374114 3.833308e-06 5.732146e-07)
(0.00063857 3.39591e-06 4.259302e-07)
(0.0006398144 3.008988e-06 3.128731e-07)
(0.0006410871 2.670604e-06 2.268583e-07)
(0.0006423588 2.377346e-06 1.602406e-07)
(0.0006435976 2.124591e-06 1.139316e-07)
(0.001259366 0.0001456286 0.0002663914)
(0.001133698 0.0001443948 0.00016049)
(0.0007450323 8.155292e-05 7.341928e-05)
(0.0005457046 4.045602e-05 3.28831e-05)
(0.0004253247 1.945914e-05 1.815588e-05)
(0.0003528605 9.417182e-06 1.141136e-05)
(0.0003080365 4.747338e-06 7.821902e-06)
(0.0002783 2.479607e-06 5.699082e-06)
(0.0002577401 1.319456e-06 4.382827e-06)
(0.0002427998 6.943073e-07 3.528963e-06)
(0.0002315322 3.384126e-07 2.940006e-06)
(0.0002227712 1.282337e-07 2.506895e-06)
(0.0002158013 1.577866e-09 2.169073e-06)
(0.0002101594 -7.471018e-08 1.893337e-06)
(0.0002055308 -1.194318e-07 1.661264e-06)
(0.000201695 -1.440901e-07 1.461959e-06)
(0.0001984868 -1.554401e-07 1.289168e-06)
(0.00019579 -1.59095e-07 1.137377e-06)
(0.0001935 -1.562195e-07 1.005302e-06)
(0.0001915647 -1.543809e-07 8.847075e-07)
(0.001484556 0.0002102278 0.0003371657)
(0.001536293 0.0002688503 0.0002421771)
(0.001248932 0.0002205191 0.0001328586)
(0.001033189 0.0001506207 6.9474e-05)
(0.0008746653 9.646837e-05 3.931332e-05)
(0.0007616305 6.087312e-05 2.42786e-05)
(0.0006822339 3.909741e-05 1.612651e-05)
(0.0006248733 2.591928e-05 1.137088e-05)
(0.0005826646 1.773898e-05 8.433571e-06)
(0.0005507959 1.248122e-05 6.547371e-06)
(0.0005261441 8.964451e-06 5.281499e-06)
(0.0005066514 6.531567e-06 4.391597e-06)
(0.0004909481 4.803214e-06 3.734692e-06)
(0.0004781033 3.551503e-06 3.226654e-06)
(0.0004674658 2.632786e-06 2.817753e-06)
(0.0004585693 1.952423e-06 2.477879e-06)
(0.000451064 1.445872e-06 2.189127e-06)
(0.000444696 1.066718e-06 1.938328e-06)
(0.000439246 7.837247e-07 1.720374e-06)
(0.0004345891 5.63762e-07 1.518927e-06)
(0.001464901 9.974696e-05 0.0003329718)
(0.001543861 0.0001810536 0.0002388806)
(0.00134765 0.0001958982 0.0001380189)
(0.001193646 0.0001704648 7.734599e-05)
(0.001069148 0.0001333983 4.639503e-05)
(0.0009698575 9.919077e-05 3.00175e-05)
(0.0008928075 7.241782e-05 2.059543e-05)
(0.0008325104 5.291009e-05 1.4809e-05)
(0.0007853308 3.90331e-05 1.105825e-05)
(0.0007480833 2.917771e-05 8.542952e-06)
(0.0007183164 2.209509e-05 6.799727e-06)
(0.0006942059 1.692145e-05 5.554371e-06)
(0.0006744173 1.307914e-05 4.637163e-06)
(0.0006579813 1.01842e-05 3.940543e-06)
(0.0006441871 7.977829e-06 3.395482e-06)
(0.0006325096 6.281854e-06 2.956798e-06)
(0.0006225464 4.969875e-06 2.59529e-06)
(0.0006139999 3.950582e-06 2.289553e-06)
(0.0006066113 3.1559e-06 2.028995e-06)
(0.0006002304 2.529643e-06 1.790046e-06)
(0.001452458 6.766259e-05 0.0003329558)
(0.00150242 0.0001373783 0.0002356048)
(0.00131472 0.0001614435 0.0001346258)
(0.001193467 0.000156169 7.519765e-05)
(0.001105435 0.000136109 4.540498e-05)
(0.001035953 0.0001118309 2.978143e-05)
(0.0009798588 8.901233e-05 2.078336e-05)
(0.0009330469 6.98615e-05 1.522038e-05)
(0.0008939985 5.464555e-05 1.155554e-05)
(0.0008614073 4.286345e-05 9.036483e-06)
(0.0008341495 3.381298e-05 7.238594e-06)
(0.0008112609 2.685029e-05 5.916651e-06)
(0.0007919311 2.146012e-05 4.920589e-06)
(0.0007755016 1.725461e-05 4.153881e-06)
(0.0007614445 1.394839e-05 3.552179e-06)
(0.000749343 1.133282e-05 3.070969e-06)
(0.0007388613 9.252655e-06 2.679396e-06)
(0.0007297428 7.593597e-06 2.353817e-06)
(0.0007217562 6.26417e-06 2.080712e-06)
(0.0007147698 5.199012e-06 1.834388e-06)
(0.001446415 4.182283e-05 0.0003324212)
(0.001476514 9.401792e-05 0.0002329855)
(0.001277807 0.0001196806 0.0001307479)
(0.001160816 0.000125682 7.11543e-05)
(0.001087009 0.0001187144 4.188883e-05)
(0.001035622 0.0001053073 2.698461e-05)
(0.0009969625 8.985563e-05 1.866461e-05)
(0.0009648964 7.493125e-05 1.366368e-05)
(0.0009374551 6.171917e-05 1.043346e-05)
(0.0009136582 5.056808e-05 8.232723e-06)
(0.0008929466 4.139432e-05 6.657013e-06)
(0.0008749108 3.394143e-05 5.483556e-06)
(0.0008591926 2.791479e-05 4.583583e-06)
(0.0008454706 2.304264e-05 3.878272e-06)
(0.0008334586 1.909585e-05 3.316616e-06)
(0.0008229094 1.58904e-05 2.863411e-06)
(0.000813608 1.327905e-05 2.493507e-06)
(0.0008053819 1.114944e-05 2.187165e-06)
(0.0007980668 9.40478e-06 1.931589e-06)
(0.000791571 7.982761e-06 1.705839e-06)
(0.001444153 2.995395e-05 0.000332663)
(0.001462471 7.090333e-05 0.0002329578)
(0.001251355 9.349835e-05 0.0001297788)
(0.001129208 0.0001021155 6.933378e-05)
(0.001057175 0.0001007252 3.969742e-05)
(0.001012687 9.350635e-05 2.47484e-05)
(0.0009834514 8.345537e-05 1.657845e-05)
(0.0009613701 7.260497e-05 1.181943e-05)
(0.0009432946 6.215496e-05 8.858259e-06)
(0.0009277123 5.270368e-05 6.91485e-06)
(0.0009139408 4.446829e-05 5.565346e-06)
(0.0009016574 3.745077e-05 4.580157e-06)
(0.0008906709 3.154784e-05 3.831405e-06)
(0.0008808387 2.66171e-05 3.245143e-06)
(0.0008720346 2.251172e-05 2.776658e-06)
(0.0008641424 1.9098e-05 2.397044e-06)
(0.0008570528 1.625831e-05 2.086282e-06)
(0.0008506722 1.38981e-05 1.829498e-06)
(0.0008449055 1.19292e-05 1.615546e-06)
(0.0008396996 1.029815e-05 1.431859e-06)
(0.001442901 2.166979e-05 0.0003327819)
(0.001454506 5.324743e-05 0.0002330797)
(0.001234803 7.260102e-05 0.0001294912)
(0.00110688 8.205529e-05 6.856329e-05)
(0.001032358 8.377158e-05 3.861472e-05)
(0.0009887165 8.045956e-05 2.347907e-05)
(0.0009627865 7.422476e-05 1.523859e-05)
(0.0009454911 6.663357e-05 1.049494e-05)
(0.0009328459 5.873105e-05 7.606592e-06)
(0.0009227471 5.114225e-05 5.767965e-06)
(0.0009141631 4.419721e-05 4.53595e-06)
(0.000906602 3.803191e-05 3.667929e-06)
(0.0008998198 3.266509e-05 3.028257e-06)
(0.0008936859 2.805192e-05 2.539276e-06)
(0.0008881171 2.411761e-05 2.155305e-06)
(0.0008830496 2.077887e-05 1.84825e-06)
(0.0008784276 1.795226e-05 1.599487e-06)
(0.0008742024 1.556571e-05 1.396659e-06)
(0.0008703257 1.354624e-05 1.229042e-06)
(0.0008667671 1.184931e-05 1.091694e-06)
(0.001442343 1.66064e-05 0.000332966)
(0.001449914 4.163246e-05 0.0002334638)
(0.001224157 5.794418e-05 0.0001297177)
(0.001091414 6.695556e-05 6.851141e-05)
(0.001013746 6.996578e-05 3.834859e-05)
(0.0009689119 6.878748e-05 2.303593e-05)
(0.0009434589 6.492622e-05 1.466693e-05)
(0.000927902 5.958149e-05 9.840689e-06)
(0.0009178253 5.36162e-05 6.91124e-06)
(0.000910747 4.759672e-05 5.064869e-06)
(0.0009053521 4.186738e-05 3.849487e-06)
(0.0009009571 3.661328e-05 3.014168e-06)
(0.0008972024 3.191305e-05 2.416326e-06)
(0.0008938972 2.777888e-05 1.973096e-06)
(0.0008909342 2.418421e-05 1.635232e-06)
(0.000888247 2.108346e-05 1.372561e-06)
(0.0008857901 1.842166e-05 1.165244e-06)
(0.000883527 1.614651e-05 1.001066e-06)
(0.0008814303 1.420098e-05 8.684148e-07)
(0.0008794758 1.254727e-05 7.669987e-07)
(0.001442002 1.287525e-05 0.0003330999)
(0.001447037 3.268355e-05 0.000233765)
(0.001217186 4.625538e-05 0.0001299665)
(0.001080847 5.445416e-05 6.862921e-05)
(0.001000413 5.802369e-05 3.836734e-05)
(0.0009539343 5.815037e-05 2.296038e-05)
(0.0009278831 5.590225e-05 1.450882e-05)
(0.0009126094 5.219327e-05 9.612695e-06)
(0.0009034893 4.772633e-05 6.628433e-06)
(0.0008978318 4.299653e-05 4.742892e-06)
(0.0008941441 3.833207e-05 3.503097e-06)
(0.0008916033 3.393256e-05 2.656232e-06)
(0.0008897489 2.990531e-05 2.057176e-06)
(0.0008883223 2.629504e-05 1.620444e-06)
(0.0008871745 2.310598e-05 1.294397e-06)
(0.0008862146 2.03188e-05 1.046943e-06)
(0.0008853867 1.790013e-05 8.56693e-07)
(0.0008846487 1.581333e-05 7.106851e-07)
(0.0008839771 1.401555e-05 5.961311e-07)
(0.0008833447 1.247423e-05 5.145751e-07)
(0.001441815 1.013269e-05 0.0003332157)
(0.001445204 2.589975e-05 0.0002340351)
(0.001212491 3.707416e-05 0.0001302302)
(0.001073469 4.423223e-05 6.88248e-05)
(0.0009908 4.782399e-05 3.85118e-05)
(0.0009427742 4.86349e-05 2.305236e-05)
(0.0009158553 4.742084e-05 1.455108e-05)
(0.0009003151 4.486915e-05 9.607734e-06)
(0.0008914173 4.153899e-05 6.580402e-06)
(0.0008863494 3.784727e-05 4.657311e-06)
(0.0008835093 3.408806e-05 3.38644e-06)
(0.0008819829 3.045441e-05 2.515379e-06)
(0.0008812387 2.706245e-05 1.898767e-06)
(0.0008809654 2.397281e-05 1.450448e-06)
(0.0008809775 2.120781e-05 1.117852e-06)
(0.0008811598 1.876531e-05 8.679184e-07)
(0.0008814412 1.662743e-05 6.783033e-07)
(0.0008817702 1.476949e-05 5.353399e-07)
(0.0008821199 1.316035e-05 4.254487e-07)
(0.000882458 1.177233e-05 3.502984e-07)
(0.00144169 7.932997e-06 0.0003333014)
(0.001443971 2.03614e-05 0.0002342368)
(0.001209264 2.939727e-05 0.0001304388)
(0.00106828 3.544206e-05 6.899895e-05)
(0.0009838795 3.876968e-05 3.866239e-05)
(0.00093455 3.989578e-05 2.317713e-05)
(0.0009067771 3.934862e-05 1.465021e-05)
(0.0008908003 3.763591e-05 9.680717e-06)
(0.0008818192 3.51916e-05 6.627357e-06)
(0.0008769445 3.235528e-05 4.679183e-06)
(0.0008745025 2.937872e-05 3.385037e-06)
(0.0008735167 2.643666e-05 2.493274e-06)
(0.0008734056 2.364194e-05 1.858971e-06)
(0.0008738197 2.106043e-05 1.396117e-06)
(0.0008745455 1.872388e-05 1.052037e-06)
(0.0008754483 1.664087e-05 7.934075e-07)
(0.0008764444 1.480436e-05 5.97531e-07)
(0.0008774737 1.319883e-05 4.503453e-07)
(0.000878505 1.18025e-05 3.379728e-07)
(0.0008795021 1.059284e-05 2.615241e-07)
(0.001441609 6.118936e-06 0.0003333668)
(0.001443137 1.574299e-05 0.0002343921)
(0.001207026 2.286707e-05 0.0001306053)
(0.001064608 2.777902e-05 6.914698e-05)
(0.0009788937 3.065306e-05 3.8798e-05)
(0.0009285211 3.182848e-05 2.329802e-05)
(0.0009000099 3.167116e-05 1.47561e-05)
(0.0008835901 3.054892e-05 9.770934e-06)
(0.0008744238 2.878889e-05 6.70154e-06)
(0.0008695713 2.665728e-05 4.737362e-06)
(0.0008673091 2.435922e-05 3.427694e-06)
(0.0008666158 2.204316e-05 2.52136e-06)
(0.0008668729 1.980976e-05 1.873778e-06)
(0.0008677022 1.772185e-05 1.399143e-06)
(0.0008688691 1.581369e-05 1.04486e-06)
(0.0008702239 1.409921e-05 7.775743e-07)
(0.000871673 1.257821e-05 5.745096e-07)
(0.0008731499 1.124181e-05 4.214032e-07)
(0.00087462 1.007549e-05 3.043664e-07)
(0.0008760449 9.06185e-06 2.238422e-07)
(0.001441553 4.548858e-06 0.0003334134)
(0.001442565 1.171963e-05 0.0002345039)
(0.00120548 1.709813e-05 0.0001307267)
(0.001062037 2.088709e-05 6.925818e-05)
(0.0009753565 2.319946e-05 3.89028e-05)
(0.000924187 2.425436e-05 2.339454e-05)
(0.0008950835 2.429888e-05 1.48439e-05)
(0.000878278 2.359074e-05 9.849421e-06)
(0.0008689127 2.236656e-05 6.77033e-06)
(0.0008640153 2.0825e-05 4.796322e-06)
(0.0008618275 1.912383e-05 3.476949e-06)
(0.0008612955 1.738085e-05 2.561308e-06)
(0.0008617732 1.567878e-05 1.905008e-06)
(0.0008628602 1.407161e-05 1.422369e-06)
(0.0008643057 1.259092e-05 1.060861e-06)
(0.0008659481 1.125177e-05 7.871311e-07)
(0.0008676861 1.005752e-05 5.783978e-07)
(0.0008694484 9.0038e-06 4.20283e-07)
(0.0008711977 8.081397e-06 2.989848e-07)
(0.0008728944 7.277775e-06 2.143975e-07)
(0.001441515 3.146544e-06 0.0003334455)
(0.001442186 8.11207e-06 0.0002345824)
(0.001204444 1.187147e-05 0.0001308121)
(0.001060296 1.455736e-05 6.933805e-05)
(0.0009729381 1.624309e-05 3.897912e-05)
(0.0009211945 1.706392e-05 2.346583e-05)
(0.0008916504 1.717823e-05 1.490969e-05)
(0.0008745443 1.675576e-05 9.909245e-06)
(0.0008650085 1.595599e-05 6.823939e-06)
(0.0008600503 1.491594e-05 4.843663e-06)
(0.0008578885 1.374682e-05 3.518142e-06)
(0.0008574464 1.253356e-05 2.596633e-06)
(0.000858058 1.133725e-05 1.934842e-06)
(0.0008593068 1.019893e-05 1.44714e-06)
(0.0008609293 9.143662e-06 1.081009e-06)
(0.0008627554 8.184424e-06 8.030814e-07)
(0.0008646775 7.325492e-06 5.905636e-07)
(0.0008666207 6.565122e-06 4.289918e-07)
(0.0008685458 5.89789e-06 3.046462e-07)
(0.0008704123 5.315495e-06 2.170366e-07)
(0.001441491 1.849067e-06 0.0003334653)
(0.001441953 4.766942e-06 0.0002346319)
(0.001203806 6.9913e-06 0.0001308656)
(0.001059217 8.593198e-06 6.938855e-05)
(0.0009714293 9.616562e-06 3.902777e-05)
(0.0009193149 1.013419e-05 2.351165e-05)
(0.0008894801 1.023427e-05 1.495228e-05)
(0.00087217 1.001316e-05 9.948315e-06)
(0.0008625123 9.562673e-06 6.85931e-06)
(0.000857503 8.962974e-06 4.875305e-06)
(0.0008553467 8.28007e-06 3.546148e-06)
(0.0008549526 7.565092e-06 2.621195e-06)
(0.0008556415 6.855408e-06 1.956207e-06)
(0.0008569864 6.176576e-06 1.465573e-06)
(0.0008587154 5.544598e-06 1.096773e-06)
(0.0008606521 4.968131e-06 8.164128e-07)
(0.000862685 4.450491e-06 6.016859e-07)
(0.0008647365 3.991201e-06 4.380659e-07)
(0.0008667658 3.587473e-06 3.118845e-07)
(0.0008687321 3.234625e-06 2.224164e-07)
(0.001279989 0.0001480967 0.0002372932)
(0.001192413 0.0001497073 0.0001730784)
(0.0008379377 8.832074e-05 9.360352e-05)
(0.0006288349 4.484882e-05 4.581693e-05)
(0.0004968241 2.195191e-05 2.547705e-05)
(0.0004154488 1.089776e-05 1.593841e-05)
(0.0003643837 5.690166e-06 1.087491e-05)
(0.0003301849 3.121053e-06 7.926494e-06)
(0.0003063235 1.775763e-06 6.111111e-06)
(0.0002888667 1.029796e-06 4.939834e-06)
(0.0002756284 5.90678e-07 4.134526e-06)
(0.0002652909 3.208964e-07 3.542821e-06)
(0.0002570382 1.503685e-07 3.080432e-06)
(0.000250338 4.115148e-08 2.701468e-06)
(0.0002448269 -2.862725e-08 2.380693e-06)
(0.0002402486 -7.255469e-08 2.103537e-06)
(0.0002364108 -9.882323e-08 1.861593e-06)
(0.0002331773 -1.141685e-07 1.648011e-06)
(0.0002304265 -1.203966e-07 1.460613e-06)
(0.0002280953 -1.263775e-07 1.289823e-06)
(0.001519488 0.0002182801 0.0003046332)
(0.001651041 0.0002886464 0.0002676935)
(0.001436084 0.0002467929 0.0001719531)
(0.001223048 0.000175256 9.88282e-05)
(0.001049211 0.0001156233 5.781822e-05)
(0.0009199365 7.479838e-05 3.60057e-05)
(0.0008271301 4.90961e-05 2.389232e-05)
(0.0007593461 3.321544e-05 1.680038e-05)
(0.0007090478 2.319499e-05 1.242852e-05)
(0.000670843 1.665944e-05 9.628484e-06)
(0.0006411499 1.222914e-05 7.756813e-06)
(0.0006175817 9.123845e-06 6.44671e-06)
(0.0005985349 6.888247e-06 5.483603e-06)
(0.0005829122 5.246237e-06 4.741203e-06)
(0.0005699422 4.022469e-06 4.144853e-06)
(0.0005590703 3.100694e-06 3.649634e-06)
(0.0005498796 2.401158e-06 3.228614e-06)
(0.0005420655 1.86635e-06 2.862976e-06)
(0.0005353668 1.456991e-06 2.544039e-06)
(0.0005296295 1.132252e-06 2.251447e-06)
(0.001499698 0.0001039911 0.0003022883)
(0.001665609 0.0001983173 0.0002675546)
(0.001556094 0.0002229889 0.0001812495)
(0.001420188 0.0002007832 0.0001117417)
(0.001290311 0.0001616509 6.962462e-05)
(0.001179571 0.0001230665 4.558947e-05)
(0.001090608 9.164436e-05 3.130356e-05)
(0.001019734 6.812378e-05 2.243655e-05)
(0.0009635937 5.106236e-05 1.668425e-05)
(0.0009188958 3.87575e-05 1.283404e-05)
(0.0008829496 2.980169e-05 1.017744e-05)
(0.0008536903 2.318582e-05 8.289629e-06)
(0.0008295785 1.822014e-05 6.90692e-06)
(0.000809482 1.443907e-05 5.862216e-06)
(0.000792564 1.152543e-05 5.0484e-06)
(0.0007782023 9.259121e-06 4.395769e-06)
(0.0007659188 7.483204e-06 3.859099e-06)
(0.000755357 6.083745e-06 3.406406e-06)
(0.0007462085 4.975596e-06 3.020119e-06)
(0.0007382885 4.088518e-06 2.669766e-06)
(0.001487087 7.055873e-05 0.0003019408)
(0.001622276 0.0001504436 0.0002632693)
(0.001521577 0.0001835084 0.0001767435)
(0.001422845 0.0001834591 0.000108949)
(0.001336335 0.0001645393 6.858392e-05)
(0.001262087 0.0001385035 4.570319e-05)
(0.001199308 0.0001125303 3.201916e-05)
(0.001145579 8.990249e-05 2.341273e-05)
(0.001099963 7.144503e-05 1.771049e-05)
(0.001061418 5.686422e-05 1.378602e-05)
(0.001028882 4.548423e-05 1.099324e-05)
(0.001001364 3.661202e-05 8.949835e-06)
(0.0009779868 2.966277e-05 7.418961e-06)
(0.0009580165 2.418179e-05 6.247417e-06)
(0.0009408545 1.982724e-05 5.332896e-06)
(0.0009260218 1.634527e-05 4.605e-06)
(0.0009131299 1.354514e-05 4.014835e-06)
(0.0009018784 1.128494e-05 3.526131e-06)
(0.0008919976 9.45124e-06 3.11641e-06)
(0.0008833278 7.961821e-06 2.751808e-06)
(0.001481122 4.362688e-05 0.0003014185)
(0.001594984 0.0001029642 0.0002602495)
(0.00148101 0.0001357532 0.0001718649)
(0.001385513 0.000147027 0.0001035356)
(0.001314746 0.0001427734 6.374481e-05)
(0.001261777 0.0001297086 4.183793e-05)
(0.001220175 0.0001129882 2.911364e-05)
(0.001184744 9.594493e-05 2.130643e-05)
(0.001153766 8.031826e-05 1.6216e-05)
(0.001126455 6.678632e-05 1.273219e-05)
(0.001102372 5.542829e-05 1.02406e-05)
(0.001081179 4.604743e-05 8.393306e-06)
(0.001062545 3.835381e-05 6.985209e-06)
(0.001046153 3.205502e-05 5.889024e-06)
(0.00103171 2.689246e-05 5.021666e-06)
(0.00101895 2.265191e-05 4.32589e-06)
(0.001007641 1.915851e-05 3.760748e-06)
(0.0009975924 1.627627e-05 3.295106e-06)
(0.0009886206 1.38879e-05 2.907451e-06)
(0.0009806206 1.191586e-05 2.569868e-06)
(0.001479007 3.128166e-05 0.0003016207)
(0.001580514 7.744537e-05 0.0002600611)
(0.00145247 0.0001055212 0.0001704444)
(0.001349831 0.0001186341 0.0001008783)
(0.001279962 0.0001201659 6.050823e-05)
(0.001234302 0.0001141886 3.853323e-05)
(0.001203518 0.0001040411 2.60449e-05)
(0.001179992 9.219749e-05 1.861186e-05)
(0.001160456 8.025186e-05 1.393008e-05)
(0.001143357 6.909313e-05 1.083088e-05)
(0.00112802 5.912633e-05 8.672654e-06)
(0.001114152 5.046098e-05 7.099407e-06)
(0.001101594 4.304658e-05 5.909064e-06)
(0.001090231 3.675964e-05 4.982692e-06)
(0.001079956 3.145325e-05 4.24721e-06)
(0.001070663 2.698402e-05 3.654994e-06)
(0.001062249 2.322054e-05 3.172899e-06)
(0.001054623 2.005381e-05 2.77677e-06)
(0.001047687 1.73811e-05 2.447899e-06)
(0.001041387 1.513805e-05 2.169233e-06)
(0.001477843 2.264304e-05 0.000301777)
(0.001572393 5.807694e-05 0.0002602627)
(0.001434818 8.166245e-05 0.0001701298)
(0.001324917 9.483188e-05 9.983164e-05)
(0.001251373 9.926114e-05 5.894172e-05)
(0.001205957 9.747374e-05 3.665727e-05)
(0.001178526 9.172814e-05 2.405118e-05)
(0.001160365 8.384647e-05 1.664095e-05)
(0.001147189 7.513493e-05 1.207216e-05)
(0.00113669 6.643621e-05 9.134088e-06)
(0.001127716 5.824158e-05 7.154482e-06)
(0.001119724 5.07964e-05 5.757476e-06)
(0.001112456 4.418761e-05 4.729686e-06)
(0.001105787 3.840876e-05 3.94713e-06)
(0.001099648 3.340349e-05 3.335776e-06)
(0.001093986 2.90944e-05 2.849549e-06)
(0.001088758 2.539645e-05 2.45773e-06)
(0.001083925 2.223222e-05 2.13984e-06)
(0.001079445 1.952104e-05 1.87835e-06)
(0.001075293 1.721206e-05 1.665981e-06)
(0.00147735 1.735975e-05 0.0003019948)
(0.001567771 4.533606e-05 0.0002607536)
(0.001423593 6.496361e-05 0.0001704546)
(0.001307865 7.700951e-05 9.975749e-05)
(0.001230209 8.238754e-05 5.852829e-05)
(0.001182866 8.272004e-05 3.596857e-05)
(0.001155516 7.957566e-05 2.316741e-05)
(0.001139035 7.43083e-05 1.563742e-05)
(0.001128657 6.795672e-05 1.101364e-05)
(0.00112162 6.124568e-05 8.071056e-06)
(0.001116416 5.464626e-05 6.122557e-06)
(0.001112245 4.843764e-05 4.779234e-06)
(0.001108691 4.276379e-05 3.817256e-06)
(0.001105536 3.76795e-05 3.105048e-06)
(0.001102665 3.318381e-05 2.563557e-06)
(0.001100013 2.924493e-05 2.143861e-06)
(0.00109754 2.581367e-05 1.813755e-06)
(0.001095217 2.283861e-05 1.552982e-06)
(0.001093024 2.026022e-05 1.343198e-06)
(0.001090942 1.803787e-05 1.182847e-06)
(0.001477049 1.346089e-05 0.0003021684)
(0.001564888 3.555427e-05 0.000261174)
(0.001416283 5.174103e-05 0.0001708459)
(0.001296292 6.241014e-05 9.996137e-05)
(0.00121517 6.799932e-05 5.85649e-05)
(0.001165567 6.951844e-05 3.584954e-05)
(0.001137172 6.804966e-05 2.291564e-05)
(0.001120717 6.460095e-05 1.527775e-05)
(0.001111222 5.999665e-05 1.057226e-05)
(0.00110569 5.484885e-05 7.573559e-06)
(0.001102401 4.958462e-05 5.591893e-06)
(0.001100383 4.448121e-05 4.234668e-06)
(0.001099087 3.970334e-05 3.27382e-06)
(0.001098204 3.533598e-05 2.57367e-06)
(0.001097558 3.141004e-05 2.051575e-06)
(0.001097048 2.792272e-05 1.655795e-06)
(0.001096613 2.484983e-05 1.351964e-06)
(0.001096213 2.215891e-05 1.118687e-06)
(0.001095827 1.980786e-05 9.362033e-07)
(0.001095431 1.776332e-05 8.049338e-07)
(0.001476889 1.059361e-05 0.0003023164)
(0.001563062 2.814937e-05 0.0002615428)
(0.001411383 4.139285e-05 0.0001712396)
(0.001288253 5.05491e-05 0.0001002634)
(0.001204391 5.582894e-05 5.878119e-05)
(0.00115277 5.786555e-05 3.597963e-05)
(0.001123122 5.740403e-05 2.296589e-05)
(0.001106125 5.518783e-05 1.5255e-05)
(0.001096689 5.186027e-05 1.048477e-05)
(0.001091688 4.792493e-05 7.431041e-06)
(0.001089277 4.375284e-05 5.404794e-06)
(0.001088376 3.960016e-05 4.013527e-06)
(0.001088347 3.563175e-05 3.028507e-06)
(0.001088814 3.194405e-05 2.312863e-06)
(0.001089552 2.858448e-05 1.782499e-06)
(0.001090425 2.55675e-05 1.384204e-06)
(0.001091351 2.288549e-05 1.082239e-06)
(0.001092272 2.051941e-05 8.541338e-07)
(0.001093163 1.844052e-05 6.791162e-07)
(0.001093988 1.662151e-05 5.57416e-07)
(0.001476781 8.293045e-06 0.000302429)
(0.001561836 2.211594e-05 0.0002618252)
(0.001408023 3.27772e-05 0.0001715577)
(0.001282616 4.041797e-05 0.0001005378)
(0.001196662 4.512742e-05 5.901391e-05)
(0.001143384 4.72952e-05 3.616766e-05)
(0.001112576 4.742753e-05 2.311059e-05)
(0.001094903 4.606411e-05 1.535752e-05)
(0.001085216 4.369658e-05 1.054675e-05)
(0.00108031 4.072822e-05 7.455065e-06)
(0.001078258 3.746994e-05 5.394328e-06)
(0.001077911 3.414694e-05 3.972842e-06)
(0.00107857 3.091241e-05 2.962294e-06)
(0.001079812 2.786298e-05 2.225873e-06)
(0.001081376 2.505275e-05 1.679234e-06)
(0.0010831 2.250573e-05 1.268716e-06)
(0.001084882 2.022502e-05 9.580494e-07)
(0.001086654 1.820109e-05 7.241496e-07)
(0.001088382 1.641536e-05 5.458502e-07)
(0.001090024 1.484627e-05 4.224066e-07)
(0.001476713 6.39587e-06 0.0003025146)
(0.001561009 1.709093e-05 0.0002620417)
(0.001405698 2.546931e-05 0.0001718089)
(0.001278638 3.162752e-05 0.0001007677)
(0.001191111 3.559994e-05 5.922174e-05)
(0.001136528 3.762608e-05 3.635007e-05)
(0.001104749 3.804717e-05 2.326759e-05)
(0.00108644 3.72483e-05 1.548914e-05)
(0.001076422 3.559553e-05 1.065324e-05)
(0.001071439 3.340089e-05 7.537111e-06)
(0.001069511 3.091392e-05 5.453115e-06)
(0.001069437 2.832222e-05 4.01007e-06)
(0.001070475 2.575876e-05 2.980046e-06)
(0.001072167 2.331169e-05 2.226453e-06)
(0.001074225 2.103421e-05 1.665008e-06)
(0.001076468 1.895375e-05 1.24197e-06)
(0.001078781 1.707932e-05 9.209335e-07)
(0.001081086 1.540778e-05 6.78504e-07)
(0.001083343 1.39279e-05 4.934988e-07)
(0.001085508 1.262365e-05 3.641496e-07)
(0.001476666 4.754112e-06 0.0003025763)
(0.001560443 1.27186e-05 0.0002621987)
(0.001404093 1.902949e-05 0.0001719933)
(0.001275856 2.375303e-05 0.0001009417)
(0.001187181 2.689973e-05 5.938393e-05)
(0.001131612 2.861365e-05 3.649757e-05)
(0.001099067 2.911946e-05 2.339995e-05)
(0.001080225 2.868348e-05 1.560607e-05)
(0.001069893 2.756788e-05 1.075465e-05)
(0.001064781 2.600323e-05 7.623235e-06)
(0.001062875 2.417936e-05 5.524452e-06)
(0.001062934 2.224312e-05 4.067415e-06)
(0.001064186 2.030183e-05 3.024406e-06)
(0.001066147 1.842916e-05 2.258968e-06)
(0.001068508 1.66718e-05 1.686877e-06)
(0.001071073 1.505583e-05 1.254372e-06)
(0.001073718 1.359232e-05 9.250213e-07)
(0.001076357 1.228185e-05 6.752573e-07)
(0.001078945 1.111826e-05 4.840064e-07)
(0.001081437 1.00904e-05 3.486924e-07)
(0.001476634 3.288136e-06 0.0003026189)
(0.001560068 8.801392e-06 0.0002623085)
(0.001403019 1.32052e-05 0.0001721228)
(0.001273976 1.654108e-05 0.0001010662)
(0.001184499 1.881213e-05 5.950179e-05)
(0.001128225 2.010161e-05 3.660654e-05)
(0.001095117 2.055047e-05 2.349943e-05)
(0.001075868 2.033234e-05 1.569574e-05)
(0.00106528 1.962259e-05 1.083439e-05)
(0.001060044 1.857914e-05 7.693229e-06)
(0.00105812 1.733474e-05 5.585049e-06)
(0.001058244 1.59943e-05 4.119146e-06)
(0.00105962 1.463613e-05 3.067907e-06)
(0.001061744 1.331532e-05 2.294918e-06)
(0.001064294 1.206785e-05 1.715958e-06)
(0.001067061 1.091485e-05 1.27723e-06)
(0.001069914 9.86636e-06 9.422755e-07)
(0.001072761 8.924479e-06 6.874014e-07)
(0.001075555 8.086182e-06 4.916374e-07)
(0.001078248 7.344387e-06 3.518495e-07)
(0.001476614 1.932056e-06 0.0003026452)
(0.001559837 5.171415e-06 0.000262378)
(0.001402358 7.773964e-06 0.000172204)
(0.001272811 9.759166e-06 0.0001011452)
(0.001182827 1.112949e-05 5.957722e-05)
(0.0011261 1.192731e-05 3.667691e-05)
(0.001092623 1.222991e-05 2.356422e-05)
(0.001073102 1.21351e-05 1.575469e-05)
(0.001062336 1.174338e-05 1.088741e-05)
(0.001057006 1.114669e-05 7.740414e-06)
(0.001055058 1.042343e-05 5.626642e-06)
(0.001055211 9.636397e-06 4.155501e-06)
(0.001056656 8.833143e-06 3.099435e-06)
(0.001058876 8.047621e-06 2.322043e-06)
(0.001061537 7.302449e-06 1.739087e-06)
(0.001064425 6.611262e-06 1.296727e-06)
(0.001067401 5.98095e-06 9.584772e-07)
(0.001070371 5.413449e-06 7.005538e-07)
(0.001073286 4.907509e-06 5.020506e-07)
(0.001076097 4.459266e-06 3.594925e-07)
(0.001278559 0.0001499755 0.0002048845)
(0.001210834 0.0001510619 0.0001734248)
(0.0008950196 9.144395e-05 0.0001063125)
(0.0006896111 4.738557e-05 5.637249e-05)
(0.0005533077 2.357134e-05 3.19296e-05)
(0.0004668277 1.196723e-05 1.99584e-05)
(0.0004116277 6.441921e-06 1.357096e-05)
(0.0003742414 3.680527e-06 9.891938e-06)
(0.0003478951 2.205439e-06 7.644451e-06)
(0.0003284729 1.366998e-06 6.203177e-06)
(0.0003136523 8.592657e-07 5.216233e-06)
(0.0003020232 5.372002e-07 4.491922e-06)
(0.0002927028 3.261139e-07 3.924782e-06)
(0.000285111 1.850077e-07 3.457855e-06)
(0.0002788489 8.989457e-08 3.0602e-06)
(0.0002736335 2.566147e-08 2.714377e-06)
(0.0002692518 -1.69956e-08 2.410397e-06)
(0.0002655516 -4.571152e-08 2.140591e-06)
(0.0002623977 -6.283296e-08 1.902144e-06)
(0.0002597184 -7.841422e-08 1.684781e-06)
(0.001522712 0.0002221875 0.0002641164)
(0.001699791 0.0002981461 0.0002722048)
(0.001557183 0.0002624931 0.000197723)
(0.001367001 0.0001925728 0.0001237482)
(0.001191915 0.0001306325 7.543287e-05)
(0.001054277 8.656753e-05 4.762818e-05)
(0.0009525653 5.802387e-05 3.164947e-05)
(0.0008771306 4.001683e-05 2.220264e-05)
(0.0008205518 2.846848e-05 1.63797e-05)
(0.0007772426 2.082786e-05 1.265976e-05)
(0.0007433787 1.558044e-05 1.018397e-05)
(0.0007163702 1.185565e-05 8.459454e-06)
(0.0006944564 9.140066e-06 7.197566e-06)
(0.0006764214 7.119468e-06 6.228366e-06)
(0.0006614049 5.592767e-06 5.451472e-06)
(0.0006487847 4.425754e-06 4.806831e-06)
(0.0006380916 3.525771e-06 4.258385e-06)
(0.0006289801 2.825735e-06 3.781824e-06)
(0.0006211549 2.279313e-06 3.3649e-06)
(0.0006144379 1.838715e-06 2.984161e-06)
(0.001502632 0.0001058591 0.0002630993)
(0.001719517 0.0002079521 0.0002749433)
(0.001693063 0.0002407082 0.000210735)
(0.001593335 0.0002230667 0.0001415081)
(0.001472338 0.0001843511 9.220994e-05)
(0.001358945 0.0001435959 6.14894e-05)
(0.001263475 0.0001090447 4.242168e-05)
(0.001185508 8.244985e-05 3.036895e-05)
(0.001122749 6.275929e-05 2.250944e-05)
(0.001072228 4.832827e-05 1.724728e-05)
(0.001031266 3.768541e-05 1.362745e-05)
(0.0009977105 2.973196e-05 1.106714e-05)
(0.000969915 2.369826e-05 9.201909e-06)
(0.0009466467 1.9056e-05 7.80011e-06)
(0.0009269846 1.544096e-05 6.713184e-06)
(0.000910238 1.259815e-05 5.84481e-06)
(0.0008958733 1.034461e-05 5.132457e-06)
(0.000883489 8.546725e-06 4.532935e-06)
(0.0008727381 7.104305e-06 4.021189e-06)
(0.000863408 5.934589e-06 3.560762e-06)
(0.001489937 7.188831e-05 0.0002624556)
(0.001675469 0.0001582458 0.0002700684)
(0.001658321 0.0001984598 0.0002055372)
(0.00159883 0.0002038256 0.0001383511)
(0.00152666 0.0001874962 9.134378e-05)
(0.001455626 0.0001614455 6.219265e-05)
(0.001391275 0.0001337912 4.391093e-05)
(0.001334103 0.00010875 3.213373e-05)
(0.001284379 8.775836e-05 2.42515e-05)
(0.001241662 7.082727e-05 1.880578e-05)
(0.001205165 5.739246e-05 1.493376e-05)
(0.001174005 4.67729e-05 1.211077e-05)
(0.001147332 3.83547e-05 1.000628e-05)
(0.001124401 3.164225e-05 8.404524e-06)
(0.001104586 2.625375e-05 7.160782e-06)
(0.001087379 2.190069e-05 6.175634e-06)
(0.00107236 1.836369e-05 5.380017e-06)
(0.001059204 1.547778e-05 4.723735e-06)
(0.001047614 1.311072e-05 4.174365e-06)
(0.001037411 1.116587e-05 3.690571e-06)
(0.001484052 4.448018e-05 0.000261919)
(0.001647583 0.0001084854 0.0002668081)
(0.0016158 0.0001468097 0.0001999596)
(0.001558397 0.0001630056 0.0001318382)
(0.00150264 0.0001621326 8.535188e-05)
(0.001455193 0.0001505573 5.737692e-05)
(0.001415127 0.000133739 4.032244e-05)
(0.001379432 0.0001155554 2.957719e-05)
(0.001347198 9.824926e-05 2.247726e-05)
(0.001318099 8.285341e-05 1.758404e-05)
(0.001291973 6.965772e-05 1.407966e-05)
(0.001268652 5.857142e-05 1.148766e-05)
(0.001247909 4.934624e-05 9.520981e-06)
(0.001229485 4.169635e-05 7.99854e-06)
(0.001213114 3.535282e-05 6.800863e-06)
(0.001198547 3.008444e-05 5.84542e-06)
(0.001185553 2.569789e-05 5.07312e-06)
(0.001173942 2.203975e-05 4.439859e-06)
(0.001163526 1.897675e-05 3.914195e-06)
(0.001154195 1.64195e-05 3.461619e-06)
(0.001482061 3.195682e-05 0.0002620279)
(0.001633089 8.156051e-05 0.0002664087)
(0.001586368 0.0001138162 0.0001981341)
(0.001520203 0.0001309315 0.0001284396)
(0.001464233 0.0001356552 8.113208e-05)
(0.001423996 0.0001316496 5.303351e-05)
(0.001395605 0.0001222772 3.62887e-05)
(0.001373296 0.0001102595 2.60502e-05)
(0.001354267 9.749953e-05 1.950249e-05)
(0.001337179 8.515904e-05 1.512428e-05)
(0.00132149 7.384519e-05 1.206126e-05)
(0.001307012 6.380066e-05 9.827887e-06)
(0.001293673 5.505402e-05 8.142918e-06)
(0.00128142 4.752348e-05 6.837816e-06)
(0.001270195 4.108006e-05 5.807342e-06)
(0.001259926 3.558443e-05 4.982242e-06)
(0.001250534 3.090163e-05 4.314085e-06)
(0.001241945 2.691561e-05 3.767895e-06)
(0.001234073 2.351468e-05 3.316236e-06)
(0.001226873 2.062783e-05 2.937608e-06)
(0.001480973 2.315903e-05 0.0002621817)
(0.00162505 6.114523e-05 0.0002666351)
(0.001568392 8.790917e-05 0.0001977962)
(0.001493871 0.000104275 0.0001271619)
(0.001433082 0.000111468 7.911181e-05)
(0.001392293 0.0001116524 5.05594e-05)
(0.001366997 0.0001070196 3.363667e-05)
(0.001350307 9.949382e-05 2.342445e-05)
(0.001338282 9.055743e-05 1.703129e-05)
(0.001328682 8.123542e-05 1.287398e-05)
(0.001320363 7.217419e-05 1.00542e-05)
(0.001312799 6.373718e-05 8.058758e-06)
(0.001305759 5.609409e-05 6.59134e-06)
(0.001299152 4.929249e-05 5.477157e-06)
(0.001292938 4.330862e-05 4.610296e-06)
(0.001287096 3.808298e-05 3.924047e-06)
(0.001281609 3.353866e-05 3.373658e-06)
(0.001276456 2.960047e-05 2.92911e-06)
(0.001271615 2.618602e-05 2.565045e-06)
(0.001267072 2.324288e-05 2.271578e-06)
(0.001480533 1.777111e-05 0.0002624014)
(0.001620535 4.769733e-05 0.0002671782)
(0.001557092 6.97822e-05 0.0001981994)
(0.001476065 8.437495e-05 0.0001270787)
(0.001410325 9.206337e-05 7.856046e-05)
(0.001366845 9.417735e-05 4.962325e-05)
(0.001341097 9.219423e-05 3.243042e-05)
(0.001325837 8.750423e-05 2.20575e-05)
(0.001316636 8.124836e-05 1.559528e-05)
(0.00131075 7.427166e-05 1.143858e-05)
(0.00130662 6.7157e-05 8.667096e-06)
(0.001303405 6.027637e-05 6.749031e-06)
(0.001300666 5.384512e-05 5.373678e-06)
(0.001298183 4.79697e-05 4.356122e-06)
(0.001295848 4.268465e-05 3.58399e-06)
(0.001293609 3.798119e-05 2.987061e-06)
(0.001291443 3.38241e-05 2.518947e-06)
(0.001289335 3.01696e-05 2.150016e-06)
(0.001287281 2.696143e-05 1.854306e-06)
(0.001285271 2.416073e-05 1.628468e-06)
(0.001480265 1.378528e-05 0.000262593)
(0.001617736 3.738498e-05 0.0002676809)
(0.00154978 5.548843e-05 0.00019872)
(0.001464065 6.818994e-05 0.0001273789)
(0.00139429 7.568687e-05 7.862362e-05)
(0.001347969 7.87538e-05 4.946196e-05)
(0.001320684 7.837783e-05 3.207968e-05)
(0.001305099 7.557059e-05 2.155691e-05)
(0.001296586 7.121684e-05 1.498453e-05)
(0.001292161 6.601015e-05 1.075484e-05)
(0.00129003 6.045876e-05 7.942522e-06)
(0.001289156 5.491138e-05 6.009694e-06)
(0.001288939 4.959086e-05 4.639349e-06)
(0.001289044 4.46269e-05 3.640768e-06)
(0.001289283 4.008329e-05 2.896708e-06)
(0.001289553 3.598029e-05 2.333211e-06)
(0.001289798 3.230923e-05 1.901149e-06)
(0.001289983 2.904745e-05 1.569397e-06)
(0.001290099 2.615855e-05 1.310403e-06)
(0.001290126 2.361258e-05 1.122769e-06)
(0.001480128 1.08506e-05 0.0002627575)
(0.001615976 2.958142e-05 0.0002681213)
(0.001544904 4.432752e-05 0.0001992324)
(0.001455774 5.510213e-05 0.0001277934)
(0.001382868 6.19382e-05 7.891814e-05)
(0.001334106 6.528336e-05 4.963234e-05)
(0.001305182 6.579435e-05 3.213581e-05)
(0.001288738 6.420196e-05 2.15113e-05)
(0.001280053 6.118436e-05 1.485095e-05)
(0.00127602 5.730085e-05 1.054826e-05)
(0.001274714 5.298195e-05 7.678084e-06)
(0.001274977 4.853882e-05 5.702014e-06)
(0.00127611 4.418295e-05 4.301686e-06)
(0.001277696 4.00482e-05 3.284523e-06)
(0.001279487 3.62106e-05 2.531206e-06)
(0.001281334 3.27057e-05 1.965764e-06)
(0.001283152 2.954079e-05 1.537273e-06)
(0.001284883 2.670686e-05 1.213166e-06)
(0.001286504 2.418168e-05 9.646881e-07)
(0.001287985 2.194187e-05 7.898378e-07)
(0.001480036 8.49406e-06 0.000262886)
(0.001614798 2.323009e-05 0.0002684657)
(0.001541571 3.50631e-05 0.0001996532)
(0.001449979 4.398061e-05 0.0001281738)
(0.001374711 4.994012e-05 7.923949e-05)
(0.001323987 5.318732e-05 4.988747e-05)
(0.001293611 5.415142e-05 3.232693e-05)
(0.001276237 5.335242e-05 2.164193e-05)
(0.001267098 5.130081e-05 1.492507e-05)
(0.001263012 4.843761e-05 1.057078e-05)
(0.001261973 4.511716e-05 7.654661e-06)
(0.001262747 4.160665e-05 5.638957e-06)
(0.001264568 3.809627e-05 4.205557e-06)
(0.001266966 3.471324e-05 3.16174e-06)
(0.00126965 3.153586e-05 2.387731e-06)
(0.001272438 2.860652e-05 1.806881e-06)
(0.001275221 2.594171e-05 1.367536e-06)
(0.001277924 2.35413e-05 1.036291e-06)
(0.001280515 2.139309e-05 7.839033e-07)
(0.001282952 1.947947e-05 6.069392e-07)
(0.001479978 6.550312e-06 0.0002629842)
(0.001614005 1.794466e-05 0.00026873)
(0.001539269 2.722196e-05 0.0001999843)
(0.0014459 3.436773e-05 0.0001284898)
(0.001368869 3.93197e-05 7.952479e-05)
(0.001316621 4.220836e-05 5.013512e-05)
(0.001285057 4.331164e-05 3.253688e-05)
(0.001266852 4.299376e-05 2.181523e-05)
(0.001257219 4.16299e-05 1.506301e-05)
(0.001252929 3.955722e-05 1.067517e-05)
(0.001251923 3.705636e-05 7.727725e-06)
(0.001252912 3.434631e-05 5.683373e-06)
(0.001255085 3.158862e-05 4.224347e-06)
(0.001257931 2.889575e-05 3.158091e-06)
(0.001261128 2.634065e-05 2.364828e-06)
(0.001264472 2.396605e-05 1.76775e-06)
(0.001267836 2.179246e-05 1.314994e-06)
(0.001271135 1.982496e-05 9.727297e-07)
(0.001274326 1.805811e-05 7.116872e-07)
(0.001277363 1.647953e-05 5.270392e-07)
(0.001479938 4.868315e-06 0.0002630556)
(0.001613463 1.334986e-05 0.0002689231)
(0.001537682 2.032599e-05 0.0002002287)
(0.001443052 2.578489e-05 0.00012873)
(0.001364741 2.966781e-05 7.974868e-05)
(0.001311353 3.203933e-05 5.033701e-05)
(0.001278867 3.307515e-05 3.271595e-05)
(0.001259984 3.302298e-05 2.197168e-05)
(0.001249912 3.214868e-05 1.519731e-05)
(0.001245392 3.069901e-05 1.078819e-05)
(0.00124433 2.888534e-05 7.820542e-06)
(0.0012454 2.687712e-05 5.757343e-06)
(0.001247755 2.480283e-05 4.281002e-06)
(0.001250855 2.275457e-05 3.199061e-06)
(0.001254356 2.079427e-05 2.391765e-06)
(0.001258036 1.896013e-05 1.782244e-06)
(0.001261754 1.727244e-05 1.318581e-06)
(0.001265417 1.573853e-05 9.667021e-07)
(0.001268977 1.435706e-05 6.974649e-07)
(0.001272383 1.312006e-05 5.049723e-07)
(0.001479911 3.366714e-06 0.000263105)
(0.001613105 9.236227e-06 0.0002690582)
(0.001536622 1.409827e-05 0.0002004002)
(0.001441129 1.794304e-05 0.0001289015)
(0.001361927 2.072675e-05 7.991117e-05)
(0.00130773 2.24787e-05 5.048623e-05)
(0.001274572 2.330521e-05 3.285093e-05)
(0.001255181 2.336557e-05 2.20923e-05)
(0.001244762 2.283615e-05 1.530379e-05)
(0.001240044 2.188476e-05 1.088104e-05)
(0.001238907 2.065819e-05 7.900507e-06)
(0.001239999 1.927648e-05 5.825298e-06)
(0.00124245 1.783248e-05 4.337906e-06)
(0.001245699 1.639415e-05 3.24589e-06)
(0.001249384 1.500831e-05 2.429468e-06)
(0.001253268 1.37048e-05 1.811702e-06)
(0.001257205 1.25004e-05 1.340622e-06)
(0.001261091 1.140221e-05 9.819902e-07)
(0.001264876 1.041085e-05 7.067797e-07)
(0.001268507 9.521668e-06 5.083632e-07)
(0.001479894 1.977985e-06 0.0002631357)
(0.001612884 5.426313e-06 0.0002691437)
(0.001535969 8.297156e-06 0.0002005081)
(0.001439939 1.05815e-05 0.0001290105)
(0.001360175 1.225426e-05 8.001543e-05)
(0.001305459 1.332666e-05 5.058291e-05)
(0.001271865 1.385533e-05 3.293922e-05)
(0.001252136 1.392915e-05 2.217203e-05)
(0.001241482 1.36486e-05 1.537501e-05)
(0.001236621 1.311092e-05 1.094409e-05)
(0.001235422 1.24024e-05 7.955842e-06)
(0.001236515 1.159454e-05 5.873496e-06)
(0.001239015 1.074335e-05 4.379584e-06)
(0.001242347 9.890388e-06 3.281655e-06)
(0.001246138 9.064743e-06 2.459888e-06)
(0.001250143 8.285298e-06 1.837278e-06)
(0.001254208 7.563048e-06 1.36181e-06)
(0.001258225 6.903007e-06 9.99123e-07)
(0.001262141 6.306173e-06 7.202642e-07)
(0.001265901 5.770219e-06 5.181594e-07)
(0.001269147 0.0001516005 0.0001732314)
(0.001207401 0.0001506688 0.000165502)
(0.0009259827 9.229316e-05 0.0001119761)
(0.0007317618 4.851555e-05 6.367755e-05)
(0.0005968543 2.445532e-05 3.69508e-05)
(0.0005085416 1.265607e-05 2.316626e-05)
(0.0004510658 6.994138e-06 1.571655e-05)
(0.0004116229 4.136902e-06 1.145345e-05)
(0.0003835184 2.585367e-06 8.869887e-06)
(0.0003626212 1.684502e-06 7.224606e-06)
(0.0003465636 1.125439e-06 6.103705e-06)
(0.0003338946 7.610926e-07 5.282539e-06)
(0.0003236961 5.151545e-07 4.638312e-06)
(0.0003153592 3.452462e-07 4.105313e-06)
(0.0003084615 2.262478e-07 3.648383e-06)
(0.0003027015 1.421211e-07 3.248221e-06)
(0.0002978509 8.282453e-08 2.893963e-06)
(0.0002937457 4.007729e-08 2.577694e-06)
(0.0002902398 1.11419e-08 2.2963e-06)
(0.0002872551 -1.509102e-08 2.03943e-06)
(0.001513556 0.0002241943 0.0002228693)
(0.001709307 0.0003017964 0.0002618209)
(0.001626955 0.0002706433 0.0002100613)
(0.001469246 0.0002036042 0.0001417229)
(0.001304052 0.0001415361 9.025159e-05)
(0.001165533 9.593709e-05 5.806164e-05)
(0.001059451 6.560879e-05 3.875619e-05)
(0.0009791814 4.608494e-05 2.715258e-05)
(0.0009181573 3.336192e-05 1.997845e-05)
(0.0008709883 2.482534e-05 1.54031e-05)
(0.0008338278 1.888685e-05 1.237108e-05)
(0.0008040124 1.461902e-05 1.027014e-05)
(0.000779703 1.146934e-05 8.740547e-06)
(0.0007596155 9.096663e-06 7.570329e-06)
(0.0007428326 7.281031e-06 6.634419e-06)
(0.0007286861 5.874604e-06 5.858389e-06)
(0.000716669 4.774637e-06 5.197653e-06)
(0.0007064055 3.906354e-06 4.622979e-06)
(0.0006975733 3.217643e-06 4.118884e-06)
(0.0006899758 2.654711e-06 3.659855e-06)
(0.001493005 0.0001066429 0.0002226328)
(0.001732199 0.0002128092 0.0002667247)
(0.001773554 0.0002513612 0.0002258747)
(0.001717113 0.0002382936 0.0001634997)
(0.001615746 0.0002014759 0.0001116124)
(0.001507947 0.0001603201 7.616526e-05)
(0.001411487 0.0001240736 5.300281e-05)
(0.00133008 9.539143e-05 3.798362e-05)
(0.001263187 7.37073e-05 2.809175e-05)
(0.001208573 5.754977e-05 2.145028e-05)
(0.001163831 4.546951e-05 1.688871e-05)
(0.001126882 3.633365e-05 1.367499e-05)
(0.001096075 2.932706e-05 1.134568e-05)
(0.001070146 2.387995e-05 9.60446e-06)
(0.001048135 1.959442e-05 8.260843e-06)
(0.001029314 1.618916e-05 7.191581e-06)
(0.001013116 1.346079e-05 6.316718e-06)
(0.0009991087 1.125984e-05 5.581985e-06)
(0.0009869184 9.473663e-06 4.954893e-06)
(0.0009763125 8.009001e-06 4.394167e-06)
(0.001480182 7.247936e-05 0.000221709)
(0.001687891 0.0001627303 0.000261598)
(0.001739221 0.0002081275 0.0002203721)
(0.001725124 0.0002182772 0.0001602421)
(0.00167673 0.0002051339 0.0001110872)
(0.001616277 0.0001802825 7.761102e-05)
(0.001555501 0.0001522097 5.543064e-05)
(0.001498495 0.0001257934 4.069779e-05)
(0.001447261 0.000103029 3.068976e-05)
(0.001402271 8.42735e-05 2.372865e-05)
(0.001363222 6.913477e-05 1.877303e-05)
(0.001329479 5.699662e-05 1.516778e-05)
(0.001300315 4.725504e-05 1.249113e-05)
(0.001275042 3.940049e-05 1.046412e-05)
(0.001253056 3.302936e-05 8.898281e-06)
(0.001233853 2.783072e-05 7.664022e-06)
(0.001217009 2.356482e-05 6.671283e-06)
(0.001202189 2.00493e-05 5.855516e-06)
(0.001189086 1.713705e-05 5.174027e-06)
(0.001177512 1.472011e-05 4.579018e-06)
(0.00147432 4.489521e-05 0.0002211352)
(0.001659729 0.0001118905 0.0002582417)
(0.001695786 0.0001542521 0.0002144071)
(0.001682825 0.0001745745 0.0001529801)
(0.001650966 0.0001771246 0.0001042126)
(0.001615625 0.0001676897 7.20364e-05)
(0.001581585 0.0001516643 5.130958e-05)
(0.001548808 0.0001332091 3.782074e-05)
(0.001517684 0.0001149496 2.875001e-05)
(0.0014886 9.824709e-05 2.243769e-05)
(0.001461827 8.361904e-05 1.790031e-05)
(0.001437468 7.111108e-05 1.454597e-05)
(0.001415471 6.054657e-05 1.200892e-05)
(0.001395687 5.167098e-05 1.005404e-05)
(0.001377923 4.422396e-05 8.524136e-06)
(0.001361972 3.797118e-05 7.309996e-06)
(0.001347635 3.271085e-05 6.333254e-06)
(0.001334738 2.827935e-05 5.536067e-06)
(0.001323101 2.45326e-05 4.876496e-06)
(0.001312623 2.137351e-05 4.314077e-06)
(0.001472404 3.233394e-05 0.0002211161)
(0.001645322 8.421791e-05 0.0002576003)
(0.001666116 0.0001195204 0.0002122357)
(0.001643262 0.0001399039 0.0001489907)
(0.001610088 0.0001476458 9.916402e-05)
(0.001581515 0.0001459254 6.67765e-05)
(0.001559545 0.0001379113 4.640622e-05)
(0.001541205 0.0001263793 3.354176e-05)
(0.001524715 0.0001134221 2.515874e-05)
(0.001509212 0.0001004202 1.948583e-05)
(0.001494423 8.817011e-05 1.549174e-05)
(0.001480346 7.705604e-05 1.257399e-05)
(0.001467042 6.720179e-05 1.037576e-05)
(0.001454563 5.858459e-05 8.679091e-06)
(0.001442927 5.110899e-05 7.345585e-06)
(0.001432122 4.465254e-05 6.283135e-06)
(0.001422112 3.908687e-05 5.426947e-06)
(0.001412855 3.429664e-05 4.730391e-06)
(0.00140429 3.016713e-05 4.156702e-06)
(0.00139639 2.662549e-05 3.680153e-06)
(0.001471365 2.347276e-05 0.0002212348)
(0.001637423 6.318462e-05 0.0002577933)
(0.001648219 9.225787e-05 0.00021186)
(0.001616326 0.0001111801 0.0001475346)
(0.001577368 0.0001208802 9.676197e-05)
(0.001547389 0.000123156 6.376776e-05)
(0.001528042 0.0001200023 4.314694e-05)
(0.001515297 0.0001133101 3.030391e-05)
(0.001506183 0.0001046399 2.211293e-05)
(0.001498823 9.51428e-05 1.671887e-05)
(0.00149223 8.559493e-05 1.303142e-05)
(0.00148597 7.647193e-05 1.041179e-05)
(0.001479884 6.803083e-05 8.484029e-06)
(0.001473941 6.038237e-05 7.022814e-06)
(0.001468156 5.354587e-05 5.889552e-06)
(0.001462554 4.74896e-05 4.995881e-06)
(0.001457156 4.21535e-05 4.2821e-06)
(0.001451977 3.747181e-05 3.707896e-06)
(0.00144702 3.336633e-05 3.239571e-06)
(0.001442292 2.978795e-05 2.864491e-06)
(0.001470961 1.803424e-05 0.0002214299)
(0.001633043 4.929064e-05 0.0002583295)
(0.001637096 7.315087e-05 0.0002123012)
(0.001598327 8.974706e-05 0.0001474467)
(0.001553776 9.947351e-05 9.609566e-05)
(0.001520393 0.0001033863 6.260768e-05)
(0.001499995 0.0001027918 4.163761e-05)
(0.001488296 9.902121e-05 2.858986e-05)
(0.00148186 9.32419e-05 2.031471e-05)
(0.001478294 8.636968e-05 1.492671e-05)
(0.00147615 7.907178e-05 1.130569e-05)
(0.001474631 7.180093e-05 8.787999e-06)
(0.001473325 6.484148e-05 6.979014e-06)
(0.001472033 5.835468e-05 5.64063e-06)
(0.001470675 5.24163e-05 4.626409e-06)
(0.001469225 4.704726e-05 3.843918e-06)
(0.001467684 4.223285e-05 3.231806e-06)
(0.001466062 3.794292e-05 2.750401e-06)
(0.001464378 3.412966e-05 2.365725e-06)
(0.001462638 3.076046e-05 2.072257e-06)
(0.001470716 1.399865e-05 0.0002216195)
(0.001630345 3.862988e-05 0.0002588696)
(0.001629947 5.810974e-05 0.0002129162)
(0.001586287 7.23871e-05 0.0001478373)
(0.001537296 8.15294e-05 9.61923e-05)
(0.001500572 8.610563e-05 6.241222e-05)
(0.001478151 8.695877e-05 4.119374e-05)
(0.001465721 8.503605e-05 2.795241e-05)
(0.001459689 8.12241e-05 1.953814e-05)
(0.00145743 7.625675e-05 1.406084e-05)
(0.00145726 7.069795e-05 1.039245e-05)
(0.001458163 6.495407e-05 7.860444e-06)
(0.001459548 5.930042e-05 6.061519e-06)
(0.001461081 5.391093e-05 4.7499e-06)
(0.001462579 4.888469e-05 3.772936e-06)
(0.00146395 4.426905e-05 3.033567e-06)
(0.001465151 4.007536e-05 2.467174e-06)
(0.00146616 3.629528e-05 2.032289e-06)
(0.001466984 3.290237e-05 1.693261e-06)
(0.001467614 2.987385e-05 1.446351e-06)
(0.001470594 1.102188e-05 0.0002217858)
(0.001628661 3.055745e-05 0.0002593473)
(0.001625207 4.637582e-05 0.0002135187)
(0.001578014 5.839004e-05 0.0001483551)
(0.00152563 6.654448e-05 9.65651e-05)
(0.001486119 7.113321e-05 6.262415e-05)
(0.0014617 7.269455e-05 4.125569e-05)
(0.001448083 7.189783e-05 2.788267e-05)
(0.001441609 6.941119e-05 1.93568e-05)
(0.001439543 6.581618e-05 1.378886e-05)
(0.001440072 6.15806e-05 1.00502e-05)
(0.00144206 5.705723e-05 7.466853e-06)
(0.001444806 5.249742e-05 5.633264e-06)
(0.001447885 4.807002e-05 4.300974e-06)
(0.001451045 4.388019e-05 3.314567e-06)
(0.001454138 3.998663e-05 2.574398e-06)
(0.001457082 3.641454e-05 2.01364e-06)
(0.001459826 3.316818e-05 1.589043e-06)
(0.001462359 3.02351e-05 1.263598e-06)
(0.001464652 2.759889e-05 1.032498e-06)
(0.001470512 8.628755e-06 0.0002219194)
(0.001627537 2.398934e-05 0.0002597293)
(0.001621976 3.665379e-05 0.0002140212)
(0.001572252 4.653935e-05 0.0001488339)
(0.001517329 5.354259e-05 9.697404e-05)
(0.001475619 5.779523e-05 6.294626e-05)
(0.00144949 5.963156e-05 4.149208e-05)
(0.001434695 5.951702e-05 2.80392e-05)
(0.001427547 5.794691e-05 1.944029e-05)
(0.001425248 5.537346e-05 1.380709e-05)
(0.001425909 5.217579e-05 1.001144e-05)
(0.001428318 4.865114e-05 7.37971e-06)
(0.001431704 4.501987e-05 5.50627e-06)
(0.001435585 4.143664e-05 4.142215e-06)
(0.00143966 3.800332e-05 3.131385e-06)
(0.001443744 3.478155e-05 2.373196e-06)
(0.001447726 3.180313e-05 1.799881e-06)
(0.001451535 2.907957e-05 1.367127e-06)
(0.001455142 2.660752e-05 1.037361e-06)
(0.001458509 2.437567e-05 8.038752e-07)
(0.001470462 6.653865e-06 0.0002220224)
(0.001626784 1.852554e-05 0.0002600236)
(0.001619752 2.843752e-05 0.0002144166)
(0.001568205 3.6326e-05 0.0001492299)
(0.001511402 4.208657e-05 9.733546e-05)
(0.001468002 4.576643e-05 6.325861e-05)
(0.0014405 4.756978e-05 4.175376e-05)
(0.00142469 4.781532e-05 2.825216e-05)
(0.00141688 4.686214e-05 1.96072e-05)
(0.001414233 4.505203e-05 1.393117e-05)
(0.00141481 4.268173e-05 1.009625e-05)
(0.001417346 3.999159e-05 7.429119e-06)
(0.001421023 3.716553e-05 5.524351e-06)
(0.001425317 3.433713e-05 4.133076e-06)
(0.001429893 3.159787e-05 3.099019e-06)
(0.00143454 2.900606e-05 2.321322e-06)
(0.001439128 2.659477e-05 1.731922e-06)
(0.00144357 2.437888e-05 1.285965e-06)
(0.001447828 2.23605e-05 9.458308e-07)
(0.001451854 2.053273e-05 7.03064e-07)
(0.001470427 4.944781e-06 0.0002220981)
(0.00162627 1.37786e-05 0.0002602403)
(0.00161822 2.122253e-05 0.0002147101)
(0.001565385 2.7231e-05 0.0001495318)
(0.001507222 3.17164e-05 9.762006e-05)
(0.001462566 3.468424e-05 6.351452e-05)
(0.001434011 3.625539e-05 4.197876e-05)
(0.001417392 3.6642e-05 2.844678e-05)
(0.001409017 3.609552e-05 1.977264e-05)
(0.001406031 3.48638e-05 1.406912e-05)
(0.001406461 3.316833e-05 1.020858e-05)
(0.001409005 3.11932e-05 7.517881e-06)
(0.001412811 2.908294e-05 5.591693e-06)
(0.001417322 2.694521e-05 4.181161e-06)
(0.00142218 2.485593e-05 3.129963e-06)
(0.001427155 2.286525e-05 2.33712e-06)
(0.0014321 2.100328e-05 1.734462e-06)
(0.00143692 1.928514e-05 1.27683e-06)
(0.001441567 1.771557e-05 9.267345e-07)
(0.00144599 1.629107e-05 6.744056e-07)
(0.001470404 3.419205e-06 0.0002221508)
(0.00162593 9.531081e-06 0.000260392)
(0.001617197 1.471434e-05 0.0002149162)
(0.001563483 1.893771e-05 0.0001497472)
(0.001504377 2.213832e-05 9.782645e-05)
(0.001458834 2.430625e-05 6.370374e-05)
(0.001429518 2.550999e-05 4.214874e-05)
(0.001412298 2.588349e-05 2.859751e-05)
(0.001403491 2.559199e-05 1.99047e-05)
(0.001400227 2.480285e-05 1.418354e-05)
(0.001400515 2.366888e-05 1.030657e-05)
(0.001403028 2.231958e-05 7.600768e-06)
(0.001406888 2.08585e-05 5.660816e-06)
(0.001411517 1.936426e-05 4.237825e-06)
(0.001416539 1.789342e-05 3.175396e-06)
(0.001421708 1.648427e-05 2.372437e-06)
(0.001426868 1.516064e-05 1.760697e-06)
(0.001431914 1.393527e-05 1.294802e-06)
(0.001436794 1.281322e-05 9.373901e-07)
(0.001441455 1.179317e-05 6.777998e-07)
(0.001470389 2.008589e-06 0.0002221837)
(0.001625721 5.598985e-06 0.0002604882)
(0.001616568 8.657464e-06 0.0002150461)
(0.001562306 1.116371e-05 0.0001498843)
(0.001502607 1.308144e-05 9.795912e-05)
(0.001456497 1.439951e-05 6.38266e-05)
(0.001426689 1.515241e-05 4.226027e-05)
(0.001409074 1.541387e-05 2.869754e-05)
(0.001399976 1.52774e-05 1.999348e-05)
(0.001396519 1.483952e-05 1.426169e-05)
(0.001396701 1.418965e-05 1.037486e-05)
(0.001399179 1.340458e-05 7.660031e-06)
(0.00140306 1.254645e-05 5.711912e-06)
(0.001407752 1.166302e-05 4.281564e-06)
(0.001412866 1.078912e-05 3.212518e-06)
(0.001418147 9.948659e-06 2.403581e-06)
(0.001423431 9.156871e-06 1.786433e-06)
(0.001428608 8.422181e-06 1.315551e-06)
(0.001433622 7.748301e-06 9.536466e-07)
(0.001438418 7.134962e-06 6.895145e-07)
(0.001257999 0.0001529881 0.0001444577)
(0.001193443 0.0001496316 0.0001525859)
(0.0009390951 9.184816e-05 0.0001118169)
(0.0007589853 4.86504e-05 6.752932e-05)
(0.0006293327 2.47444e-05 4.023038e-05)
(0.0005418355 1.300253e-05 2.537617e-05)
(0.0004836887 7.346784e-06 1.719745e-05)
(0.0004431867 4.476277e-06 1.25283e-05)
(0.000413972 2.898019e-06 9.7199e-06)
(0.0003920388 1.965111e-06 7.94537e-06)
(0.0003750533 1.37364e-06 6.743975e-06)
(0.0003615696 9.789252e-07 5.866096e-06)
(0.0003506622 7.056514e-07 5.176151e-06)
(0.0003417107 5.116286e-07 4.602344e-06)
(0.0003342805 3.715747e-07 4.106925e-06)
(0.0003280586 2.691472e-07 3.669796e-06)
(0.0003228066 1.939705e-07 3.279935e-06)
(0.0003183518 1.37395e-07 2.929747e-06)
(0.0003145403 9.647004e-08 2.616137e-06)
(0.0003112888 5.918748e-08 2.329271e-06)
(0.001501123 0.0002252936 0.0001847348)
(0.001697896 0.0003023826 0.0002420914)
(0.00166007 0.0002737993 0.0002107856)
(0.001536306 0.0002096534 0.0001518024)
(0.001388105 0.0001486899 0.0001009329)
(0.001254965 0.0001028539 6.638275e-05)
(0.001148757 7.168068e-05 4.46466e-05)
(0.001066394 5.123681e-05 3.128513e-05)
(0.001002732 3.770901e-05 2.296766e-05)
(0.0009529323 2.850827e-05 1.766422e-05)
(0.0009133375 2.202644e-05 1.416331e-05)
(0.0008813377 1.731083e-05 1.175038e-05)
(0.0008550947 1.378861e-05 1.000296e-05)
(0.0008333057 1.110333e-05 8.671658e-06)
(0.0008150293 9.023485e-06 7.609448e-06)
(0.0007995726 7.392376e-06 6.729296e-06)
(0.0007864056 6.100345e-06 5.979278e-06)
(0.0007751318 5.067095e-06 5.326162e-06)
(0.00076541 4.23622e-06 4.751797e-06)
(0.0007570297 3.549084e-06 4.229695e-06)
(0.001480033 0.0001069555 0.0001848982)
(0.001722312 0.0002148539 0.0002483918)
(0.001813075 0.0002570235 0.0002283016)
(0.001798728 0.0002477651 0.0001763839)
(0.001723075 0.0002134508 0.0001259733)
(0.001627481 0.0001731192 8.822554e-05)
(0.001535135 0.00013639 6.213622e-05)
(0.001453886 0.0001065645 4.467992e-05)
(0.00138537 8.354954e-05 3.301312e-05)
(0.001328436 6.611168e-05 2.513596e-05)
(0.001281184 5.289033e-05 1.972513e-05)
(0.001241769 4.276821e-05 1.592478e-05)
(0.001208642 3.491813e-05 1.318329e-05)
(0.001180576 2.875079e-05 1.114473e-05)
(0.001156621 2.384898e-05 9.579343e-06)
(0.001136043 1.991458e-05 8.338561e-06)
(0.001118264 1.673028e-05 7.326107e-06)
(0.001102838 1.413515e-05 6.477534e-06)
(0.001089376 1.200719e-05 5.753497e-06)
(0.001077632 1.024507e-05 5.109271e-06)
(0.001467032 7.272039e-05 0.000183704)
(0.001677833 0.0001651798 0.0002432412)
(0.001779314 0.0002140362 0.0002227879)
(0.001808747 0.0002279573 0.0001732265)
(0.001789069 0.0002179581 0.0001258718)
(0.001744886 0.0001949856 9.045294e-05)
(0.001692328 0.0001674523 6.555191e-05)
(0.001638974 0.0001405801 4.840672e-05)
(0.00158882 0.0001167913 3.653134e-05)
(0.00154349 9.67712e-05 2.819024e-05)
(0.001503337 8.032923e-05 2.223203e-05)
(0.001468105 6.695203e-05 1.790038e-05)
(0.001437285 5.607877e-05 1.469461e-05)
(0.001410312 4.721144e-05 1.227779e-05)
(0.001386654 3.994298e-05 1.042002e-05)
(0.001365847 3.395296e-05 8.962621e-06)
(0.001347491 2.89904e-05 7.795237e-06)
(0.001331259 2.486197e-05 6.839541e-06)
(0.001316847 2.141027e-05 6.042952e-06)
(0.00130407 1.851967e-05 5.352501e-06)
(0.001461138 4.510814e-05 0.0001830848)
(0.001649471 0.0001140102 0.0002399172)
(0.001735518 0.0001591771 0.0002167246)
(0.001765456 0.0001826903 0.0001655883)
(0.001762157 0.0001883006 0.0001184414)
(0.001743982 0.0001812212 8.435953e-05)
(0.001719977 0.0001665616 6.107515e-05)
(0.001693134 0.0001485264 4.534939e-05)
(0.001665428 0.0001299693 3.454297e-05)
(0.001638154 0.0001125109 2.692844e-05)
(0.001612137 9.688211e-05 2.142265e-05)
(0.001587843 8.327617e-05 1.734724e-05)
(0.001565461 7.160769e-05 1.427035e-05)
(0.001545006 6.167321e-05 1.190818e-05)
(0.001526394 5.323778e-05 1.006792e-05)
(0.001509497 4.607731e-05 8.614491e-06)
(0.001494168 3.999168e-05 7.450579e-06)
(0.001480268 3.481468e-05 6.504844e-06)
(0.001467643 3.039706e-05 5.725007e-06)
(0.001456207 2.663856e-05 5.065563e-06)
(0.001459254 3.257119e-05 0.0001829225)
(0.001635121 8.600567e-05 0.0002390265)
(0.001705893 0.0001234738 0.0002142731)
(0.001725274 0.0001463656 0.0001611817)
(0.001719735 0.0001567007 0.0001127777)
(0.001707723 0.0001572492 7.837733e-05)
(0.001695825 0.0001508918 5.546243e-05)
(0.001684077 0.0001403103 4.04508e-05)
(0.001672097 0.0001276632 3.044783e-05)
(0.001659719 0.0001144736 2.358236e-05)
(0.001647063 0.0001016923 1.870947e-05)
(0.001634382 8.98356e-05 1.513759e-05)
(0.001621926 7.912703e-05 1.24466e-05)
(0.001609882 6.961317e-05 1.037449e-05)
(0.001598375 6.124369e-05 8.75191e-06)
(0.001587474 5.392382e-05 7.464683e-06)
(0.001577206 4.754099e-05 6.431916e-06)
(0.001567577 4.198807e-05 5.595396e-06)
(0.001558564 3.715324e-05 4.909098e-06)
(0.001550166 3.296672e-05 4.343505e-06)
(0.001458241 2.369572e-05 0.0001829864)
(0.001627335 6.462896e-05 0.0002391403)
(0.001688221 9.536393e-05 0.000213839)
(0.001698231 0.0001162316 0.0001595982)
(0.001686196 0.0001280303 0.0001100912)
(0.001671981 0.0001322775 7.494112e-05)
(0.001662119 0.0001307351 5.169556e-05)
(0.001655735 0.0001251715 3.668973e-05)
(0.001651264 0.0001171367 2.690711e-05)
(0.001647459 0.0001078429 2.037125e-05)
(0.001643636 9.81573e-05 1.586238e-05)
(0.001639531 8.864924e-05 1.264321e-05)
(0.001635103 7.965763e-05 1.027017e-05)
(0.00163041 7.135844e-05 8.47272e-06)
(0.001625542 6.38198e-05 7.081861e-06)
(0.001620588 5.704474e-05 5.988484e-06)
(0.001615621 5.099702e-05 5.118284e-06)
(0.0016107 4.562658e-05 4.420721e-06)
(0.001605868 4.086479e-05 3.853875e-06)
(0.001601157 3.667056e-05 3.40241e-06)
(0.001457858 1.823257e-05 0.0001831389)
(0.001623064 5.045043e-05 0.0002396183)
(0.001677353 7.559437e-05 0.0002142689)
(0.00168036 9.37026e-05 0.0001594984)
(0.001662311 0.0001051029 0.0001093377)
(0.001644097 0.0001106579 7.359947e-05)
(0.001632592 0.0001114934 4.992848e-05)
(0.00162679 0.0001088261 3.467292e-05)
(0.001624724 0.000103787 2.478957e-05)
(0.001624644 9.731186e-05 1.826401e-05)
(0.001625384 9.011796e-05 1.383864e-05)
(0.001626281 8.271847e-05 1.074482e-05)
(0.001626999 7.545692e-05 8.515794e-06)
(0.001627396 6.854653e-05 6.865541e-06)
(0.001627433 6.210566e-05 5.615887e-06)
(0.001627125 5.618845e-05 4.653197e-06)
(0.001626511 5.080521e-05 3.90161e-06)
(0.001625632 4.594402e-05 3.311554e-06)
(0.001624537 4.156989e-05 2.841257e-06)
(0.001623254 3.766041e-05 2.482828e-06)
(0.001457627 1.41653e-05 0.0001833115)
(0.00162045 3.955125e-05 0.000240153)
(0.001670416 6.002724e-05 0.0002149321)
(0.001668496 7.548319e-05 0.0001599582)
(0.001645769 8.595459e-05 0.0001094689)
(0.001623827 9.187557e-05 7.338163e-05)
(0.00160986 9.394874e-05 4.940692e-05)
(0.001602914 9.302184e-05 3.391523e-05)
(0.001600913 8.99384e-05 2.386466e-05)
(0.001601908 8.543341e-05 1.723443e-05)
(0.0016045 8.009778e-05 1.275617e-05)
(0.001607806 7.437675e-05 9.649398e-06)
(0.001611295 6.858728e-05 7.436107e-06)
(0.00161467 6.294239e-05 5.82065e-06)
(0.001617777 5.757528e-05 4.617294e-06)
(0.001620546 5.256152e-05 3.70692e-06)
(0.001622956 4.793497e-05 3.00995e-06)
(0.001625009 4.37047e-05 2.47478e-06)
(0.001626731 3.985744e-05 2.057961e-06)
(0.001628128 3.638065e-05 1.753122e-06)
(0.001457515 1.115787e-05 0.0001834679)
(0.001618829 3.128518e-05 0.0002406345)
(0.001665842 4.787804e-05 0.000215586)
(0.001660389 6.081124e-05 0.0001605559)
(0.00163413 7.001578e-05 0.0001099113)
(0.001609151 7.569159e-05 7.363376e-05)
(0.001592883 7.826847e-05 4.9476e-05)
(0.001584438 7.833213e-05 3.382379e-05)
(0.00158171 7.65082e-05 2.363899e-05)
(0.001582658 7.337044e-05 1.690169e-05)
(0.001585772 6.940058e-05 1.234214e-05)
(0.001590048 6.497673e-05 9.177323e-06)
(0.001594846 6.037973e-05 6.925953e-06)
(0.001599773 5.580772e-05 5.288771e-06)
(0.001604595 5.139248e-05 4.076533e-06)
(0.001609181 4.721568e-05 3.166967e-06)
(0.001613463 4.332151e-05 2.477894e-06)
(0.001617403 3.972943e-05 1.955626e-06)
(0.001621004 3.643905e-05 1.555252e-06)
(0.001624248 3.344319e-05 1.268856e-06)
(0.001457439 8.736638e-06 0.000183598)
(0.001617751 2.455736e-05 0.0002410289)
(0.001662735 3.782055e-05 0.0002161407)
(0.001654762 4.8418e-05 0.0001611135)
(0.001625882 5.624258e-05 0.000110398)
(0.001598538 6.13606e-05 7.401788e-05)
(0.001580351 6.402337e-05 4.975433e-05)
(0.001570504 6.462805e-05 3.400344e-05)
(0.001566884 6.363141e-05 2.372963e-05)
(0.001567404 6.1474e-05 1.691417e-05)
(0.001570486 5.854115e-05 1.228757e-05)
(0.001575057 5.514651e-05 9.066723e-06)
(0.001580406 5.15314e-05 6.769843e-06)
(0.001586082 4.78724e-05 5.096818e-06)
(0.001591801 4.429203e-05 3.857316e-06)
(0.001597389 4.087027e-05 2.927836e-06)
(0.001602748 3.765451e-05 2.225044e-06)
(0.001607813 3.466901e-05 1.693981e-06)
(0.001612567 3.19208e-05 1.289105e-06)
(0.001616978 2.940656e-05 1.000162e-06)
(0.001457394 6.737049e-06 0.0001836993)
(0.001617031 1.896031e-05 0.0002413349)
(0.001660601 2.932778e-05 0.0002165784)
(0.00165082 3.775864e-05 0.000161574)
(0.001620007 4.414927e-05 0.0001108268)
(0.001590864 4.850181e-05 7.438948e-05)
(0.001571158 5.095833e-05 5.006337e-05)
(0.001560136 5.178369e-05 3.425201e-05)
(0.001555694 5.130433e-05 2.392168e-05)
(0.001555717 4.984961e-05 1.705454e-05)
(0.001558585 4.7718e-05 1.238131e-05)
(0.001563173 4.51602e-05 9.119032e-06)
(0.001568727 4.237487e-05 6.785898e-06)
(0.001574753 3.95117e-05 5.081642e-06)
(0.001580932 3.667791e-05 3.815652e-06)
(0.001587064 3.394615e-05 2.864018e-06)
(0.001593026 3.136194e-05 2.143002e-06)
(0.001598739 2.895051e-05 1.596993e-06)
(0.001604173 2.672256e-05 1.180383e-06)
(0.001609284 2.467785e-05 8.808478e-07)
(0.001457361 5.006251e-06 0.0001837747)
(0.00161654 1.409933e-05 0.0002415619)
(0.001659134 2.187794e-05 0.0002169054)
(0.001648078 2.82855e-05 0.0001619263)
(0.001615872 3.32367e-05 0.0001111653)
(0.001585399 3.670674e-05 7.469491e-05)
(0.00156454 3.877157e-05 5.033052e-05)
(0.001552595 3.960289e-05 3.448118e-05)
(0.001547475 3.94263e-05 2.411474e-05)
(0.001547049 3.847849e-05 1.721408e-05)
(0.001549671 3.698039e-05 1.251014e-05)
(0.001554181 3.512239e-05 9.219989e-06)
(0.001559794 3.305899e-05 6.861803e-06)
(0.001565982 3.090933e-05 5.135208e-06)
(0.001572403 2.876089e-05 3.849448e-06)
(0.001578836 2.667455e-05 2.880407e-06)
(0.001585141 2.468995e-05 2.144184e-06)
(0.001591228 2.283022e-05 1.584793e-06)
(0.001597056 2.110683e-05 1.156754e-06)
(0.001602579 1.95216e-05 8.462185e-07)
(0.00145734 3.461373e-06 0.0001838274)
(0.001616216 9.751449e-06 0.0002417212)
(0.001658156 1.516389e-05 0.0002171351)
(0.00164623 1.966103e-05 0.0001621775)
(0.001613061 2.318215e-05 0.0001114106)
(0.001581652 2.5698e-05 7.492077e-05)
(0.001559965 2.724673e-05 5.053265e-05)
(0.001547343 2.793421e-05 3.465925e-05)
(0.00154171 2.790713e-05 2.426968e-05)
(0.001540931 2.732414e-05 1.734747e-05)
(0.001543341 2.633675e-05 1.262374e-05)
(0.001547759 2.507803e-05 9.315626e-06)
(0.001553373 2.365792e-05 6.941236e-06)
(0.001559638 2.216265e-05 5.200088e-06)
(0.00156619 2.065668e-05 3.901281e-06)
(0.001572793 1.918574e-05 2.920531e-06)
(0.001579297 1.778037e-05 2.173814e-06)
(0.001585603 1.645901e-05 1.604887e-06)
(0.001591663 1.523158e-05 1.168398e-06)
(0.001597427 1.410063e-05 8.494685e-07)
(0.001457327 2.03315e-06 0.0001838605)
(0.001616017 5.727953e-06 0.0002418224)
(0.001657555 8.920038e-06 0.0002172804)
(0.001645088 1.158631e-05 0.0001623378)
(0.001611314 1.369165e-05 0.0001115686)
(0.001579309 1.521428e-05 7.506765e-05)
(0.001557089 1.617115e-05 5.066557e-05)
(0.001544024 1.661947e-05 3.477778e-05)
(0.00153805 1.66416e-05 2.437427e-05)
(0.001537029 1.632859e-05 1.743903e-05)
(0.001539288 1.576875e-05 1.270337e-05)
(0.001543631 1.504064e-05 9.384477e-06)
(0.001549233 1.420994e-05 7.000424e-06)
(0.001555532 1.332876e-05 5.250636e-06)
(0.001562155 1.243649e-05 3.944098e-06)
(0.001568853 1.156145e-05 2.956389e-06)
(0.00157547 1.072283e-05 2.203391e-06)
(0.001581899 9.9325e-06 1.62868e-06)
(0.001588089 9.197076e-06 1.186976e-06)
(0.001593988 8.518648e-06 8.627762e-07)
(0.001247624 0.0001540988 0.0001193674)
(0.00117554 0.0001484554 0.0001370393)
(0.0009408079 9.075208e-05 0.0001072377)
(0.0007747885 4.81402e-05 6.816162e-05)
(0.0006525496 2.45828e-05 4.167867e-05)
(0.0005678187 1.305715e-05 2.650523e-05)
(0.0005103183 7.511453e-06 1.796336e-05)
(0.0004696141 4.694111e-06 1.308161e-05)
(0.0004398572 3.132883e-06 1.016479e-05)
(0.0004172767 2.196778e-06 8.337263e-06)
(0.0003996382 1.592082e-06 7.109118e-06)
(0.0003855409 1.179828e-06 6.214766e-06)
(0.000374076 8.878228e-07 5.510788e-06)
(0.0003646269 6.754438e-07 4.922074e-06)
(0.0003567566 5.1815e-07 4.40991e-06)
(0.0003501473 3.99899e-07 3.954401e-06)
(0.0003445549 3.103874e-07 3.54501e-06)
(0.0003398011 2.408822e-07 3.174951e-06)
(0.0003357262 1.884079e-07 2.841417e-06)
(0.0003322437 1.402388e-07 2.53559e-06)
(0.001489239 0.0002259122 0.0001512991)
(0.001677107 0.0003015371 0.0002172838)
(0.001669032 0.0002739128 0.0002024487)
(0.001575701 0.0002120515 0.0001542218)
(0.001447665 0.0001526814 0.0001067928)
(0.001324385 0.0001074603 7.192312e-05)
(0.001221657 7.619476e-05 4.886392e-05)
(0.001139705 5.536665e-05 3.430383e-05)
(0.001075106 4.139171e-05 2.514436e-05)
(0.001023848 3.176363e-05 1.929399e-05)
(0.0009826447 2.489676e-05 1.5444e-05)
(0.0009490577 1.984023e-05 1.28042e-05)
(0.000921324 1.601801e-05 1.090286e-05)
(0.0008981705 1.30694e-05 9.460508e-06)
(0.0008786627 1.075862e-05 8.312495e-06)
(0.0008621038 8.924989e-06 7.361835e-06)
(0.0008479548 7.455273e-06 6.550973e-06)
(0.0008358085 6.265954e-06 5.843884e-06)
(0.0008253114 5.297949e-06 5.220469e-06)
(0.0008162441 4.489071e-06 4.654354e-06)
(0.001467653 0.0001070646 0.0001516574)
(0.00170191 0.0002153536 0.0002243398)
(0.001825189 0.0002593804 0.0002206106)
(0.001846903 0.0002528543 0.0001802603)
(0.00179865 0.0002210156 0.0001342773)
(0.001719572 0.0001821958 9.661307e-05)
(0.001635516 0.0001458919 6.903199e-05)
(0.001557683 0.0001157413 4.99144e-05)
(0.001489932 9.202687e-05 3.689612e-05)
(0.001432401 7.376393e-05 2.80323e-05)
(0.001383891 5.972086e-05 2.193234e-05)
(0.001342929 4.883452e-05 1.765678e-05)
(0.001308167 4.029494e-05 1.458549e-05)
(0.001278485 3.351392e-05 1.231319e-05)
(0.001252987 2.806912e-05 1.057674e-05)
(0.001230969 2.365544e-05 9.205815e-06)
(0.001211861 2.004839e-05 8.090192e-06)
(0.001195223 1.708038e-05 7.156925e-06)
(0.001180657 1.462342e-05 6.360891e-06)
(0.001167917 1.257078e-05 5.65544e-06)
(0.001454448 7.278175e-05 0.0001502114)
(0.001657208 0.0001664045 0.0002193039)
(0.001791913 0.0002173702 0.000215277)
(0.001858363 0.0002339805 0.0001773265)
(0.001868128 0.0002266926 0.0001345986)
(0.001843616 0.000205826 9.954876e-05)
(0.001802896 0.0001794541 7.335945e-05)
(0.00175625 0.000152858 5.460177e-05)
(0.001709581 0.0001287155 4.130395e-05)
(0.001665762 0.0001079767 3.184456e-05)
(0.001625919 9.064836e-05 2.50502e-05)
(0.001590278 7.633989e-05 2.010674e-05)
(0.001558628 6.455784e-05 1.645615e-05)
(0.001530594 5.483709e-05 1.371462e-05)
(0.001505764 4.678397e-05 1.161686e-05)
(0.001483747 4.008116e-05 9.978718e-06)
(0.001464192 3.447567e-05 8.671838e-06)
(0.001446803 2.976995e-05 7.605797e-06)
(0.001431292 2.580115e-05 6.719257e-06)
(0.001417483 2.244988e-05 5.955654e-06)
(0.001448491 4.521933e-05 0.0001495563)
(0.001628621 0.0001153485 0.0002161254)
(0.001747989 0.0001623891 0.0002093645)
(0.001814634 0.0001882058 0.000169665)
(0.001840538 0.0001963121 0.0001269551)
(0.001842469 0.0001914814 9.319979e-05)
(0.001831554 0.0001784606 6.871389e-05)
(0.001813223 0.0001613267 5.150034e-05)
(0.001791018 0.0001430085 3.9372e-05)
(0.001767221 0.0001252936 3.069628e-05)
(0.001743292 0.0001090861 2.437302e-05)
(0.001720124 9.471918e-05 1.967879e-05)
(0.001698201 8.220631e-05 1.61365e-05)
(0.001677746 7.140792e-05 1.342432e-05)
(0.001658824 6.212772e-05 1.131953e-05)
(0.001641411 5.416338e-05 9.664348e-06)
(0.001625436 4.732597e-05 8.344522e-06)
(0.001610815 4.145406e-05 7.27657e-06)
(0.001597434 3.639887e-05 6.398849e-06)
(0.001585233 3.206164e-05 5.662018e-06)
(0.00144661 3.273227e-05 0.0001492541)
(0.001614257 8.726215e-05 0.0002150034)
(0.001718474 0.0001262574 0.000206705)
(0.001774267 0.0001509886 0.0001650179)
(0.001797266 0.0001633982 0.0001209182)
(0.001804737 0.0001659834 8.673705e-05)
(0.001805725 0.0001613409 6.260119e-05)
(0.001802816 0.0001519757 4.615529e-05)
(0.001797106 0.0001400091 3.491639e-05)
(0.001789258 0.0001270256 2.707646e-05)
(0.001779873 0.0001140809 2.145764e-05)
(0.001769522 0.0001017995 1.731908e-05)
(0.001758675 9.049833e-05 1.419734e-05)
(0.001747692 8.029568e-05 1.17966e-05)
(0.001736827 7.119302e-05 9.921949e-06)
(0.00172625 6.313106e-05 8.440081e-06)
(0.00171607 5.602055e-05 7.255745e-06)
(0.001706354 4.97692e-05 6.300252e-06)
(0.001697131 4.427353e-05 5.519151e-06)
(0.001688432 3.947153e-05 4.879826e-06)
(0.001445609 2.387075e-05 0.0001492569)
(0.001606528 6.571902e-05 0.0002150131)
(0.001701027 9.766421e-05 0.0002061972)
(0.001747361 0.0001199676 0.0001633544)
(0.001763419 0.0001334215 0.0001180557)
(0.001768029 0.0001393786 8.300957e-05)
(0.001770448 0.0001393982 5.84645e-05)
(0.001772536 0.0001350888 4.199861e-05)
(0.001774276 0.0001279258 3.099568e-05)
(0.001775228 0.0001191225 2.35241e-05)
(0.001775131 0.0001095933 1.831598e-05)
(0.001773961 9.997398e-05 1.457523e-05)
(0.001771835 9.067161e-05 1.181034e-05)
(0.00176893 8.192277e-05 9.715649e-06)
(0.001765429 7.384516e-05 8.097121e-06)
(0.001761499 6.648013e-05 6.827807e-06)
(0.001757279 5.98199e-05 5.820508e-06)
(0.001752882 5.383503e-05 5.015469e-06)
(0.001748396 4.847095e-05 4.363371e-06)
(0.00174389 4.369859e-05 3.846439e-06)
(0.001445237 1.839694e-05 0.0001493579)
(0.001602324 5.135748e-05 0.0002153966)
(0.001690393 7.745329e-05 0.0002065696)
(0.001729758 9.667967e-05 0.0001632281)
(0.001739582 0.0001093857 0.0001172415)
(0.001739751 0.0001163337 8.15398e-05)
(0.001740001 0.0001185051 5.65048e-05)
(0.001742188 0.0001169872 3.974707e-05)
(0.00174598 0.0001128343 2.862595e-05)
(0.001750474 0.0001069599 2.116657e-05)
(0.001754927 0.0001000961 1.605612e-05)
(0.001758898 9.279212e-05 1.246091e-05)
(0.001762176 8.543547e-05 9.861839e-06)
(0.001764704 7.828349e-05 7.935141e-06)
(0.00176651 7.14943e-05 6.476327e-06)
(0.001767661 6.515564e-05 5.353563e-06)
(0.001768243 5.930495e-05 4.478271e-06)
(0.001768335 5.395154e-05 3.792021e-06)
(0.001768025 4.907645e-05 3.246143e-06)
(0.001767366 4.467059e-05 2.830412e-06)
(0.001445013 1.43085e-05 0.0001495047)
(0.001599766 4.028884e-05 0.0002158921)
(0.00168365 6.151076e-05 0.0002072337)
(0.001718157 7.783628e-05 0.0001637253)
(0.001723209 8.933247e-05 0.0001174007)
(0.001719391 9.63733e-05 8.13115e-05)
(0.001716819 9.955677e-05 5.592755e-05)
(0.001717475 9.962737e-05 3.889618e-05)
(0.001720976 9.735993e-05 2.758247e-05)
(0.00172626 9.346e-05 2.000465e-05)
(0.001732374 8.851849e-05 1.483676e-05)
(0.001738659 8.2999e-05 1.123039e-05)
(0.001744707 7.724607e-05 8.652699e-06)
(0.001750294 7.15033e-05 6.768352e-06)
(0.001755315 6.593358e-05 5.364017e-06)
(0.00175974 6.063918e-05 4.301596e-06)
(0.001763581 5.56769e-05 3.488427e-06)
(0.001766864 5.107467e-05 2.863876e-06)
(0.001769647 4.683444e-05 2.37768e-06)
(0.00177195 4.29561e-05 2.020805e-06)
(0.001444907 1.127659e-05 0.0001496436)
(0.001598188 3.187433e-05 0.0002163491)
(0.001679225 4.904939e-05 0.0002078982)
(0.00171027 6.265776e-05 0.0001643699)
(0.001711756 7.266318e-05 0.0001178951)
(0.001704749 7.923057e-05 8.159816e-05)
(0.001699642 8.271359e-05 5.600504e-05)
(0.001698527 8.361627e-05 3.878828e-05)
(0.001701024 8.250527e-05 2.732046e-05)
(0.001706009 7.99244e-05 1.962136e-05)
(0.001712432 7.634862e-05 1.436305e-05)
(0.001719528 7.216469e-05 1.069357e-05)
(0.001726781 6.767084e-05 8.075687e-06)
(0.001733871 6.308642e-05 6.169517e-06)
(0.001740611 5.856509e-05 4.757466e-06)
(0.0017469 5.420913e-05 3.697741e-06)
(0.001752696 5.008114e-05 2.89473e-06)
(0.001757982 4.621628e-05 2.285461e-06)
(0.001762782 4.262738e-05 1.818155e-06)
(0.001767089 3.931794e-05 1.48179e-06)
(0.001444835 8.831797e-06 0.0001497639)
(0.001597142 2.502022e-05 0.0002167339)
(0.00167623 3.873394e-05 0.0002084729)
(0.001704815 4.985168e-05 0.0001649782)
(0.00170367 5.82963e-05 0.0001184413)
(0.001694207 6.411478e-05 8.203365e-05)
(0.00168703 6.750334e-05 5.631913e-05)
(0.001684325 6.879544e-05 3.898742e-05)
(0.001685731 6.839882e-05 2.741646e-05)
(0.001690093 6.672638e-05 1.962795e-05)
(0.001696307 6.415383e-05 1.429411e-05)
(0.001703546 6.099797e-05 1.056248e-05)
(0.001711231 5.7511e-05 7.894815e-06)
(0.001718984 5.388431e-05 5.949938e-06)
(0.001726566 5.025656e-05 4.508787e-06)
(0.001733836 4.672351e-05 3.428042e-06)
(0.001740714 4.334709e-05 2.610723e-06)
(0.001747156 4.016424e-05 1.992412e-06)
(0.001753162 3.719299e-05 1.520644e-06)
(0.001758705 3.443889e-05 1.181686e-06)
(0.001444792 6.810742e-06 0.0001498589)
(0.001596444 1.931549e-05 0.000217035)
(0.001674178 3.002539e-05 0.0002089286)
(0.001701003 3.885059e-05 0.0001654809)
(0.001697927 4.571269e-05 0.0001189215)
(0.001686607 5.060388e-05 8.245379e-05)
(0.001677811 5.362687e-05 5.666774e-05)
(0.001673803 5.499805e-05 3.926541e-05)
(0.001674245 5.500466e-05 2.762864e-05)
(0.001677967 5.395224e-05 1.978064e-05)
(0.001683831 5.212919e-05 1.43939e-05)
(0.001690966 4.978627e-05 1.061588e-05)
(0.001698752 4.712871e-05 7.908092e-06)
(0.001706771 4.431644e-05 5.928961e-06)
(0.001714751 4.146848e-05 4.458951e-06)
(0.00172252 3.866938e-05 3.354178e-06)
(0.001729977 3.597592e-05 2.517148e-06)
(0.00173706 3.342337e-05 1.882684e-06)
(0.001743752 3.103124e-05 1.398233e-06)
(0.001750018 2.880651e-05 1.047738e-06)
(0.001444761 5.060841e-06 0.0001499304)
(0.00159597 1.436164e-05 0.0002172604)
(0.00167277 2.239147e-05 0.0002092712)
(0.001698355 2.908786e-05 0.0001658672)
(0.001693891 3.438511e-05 0.0001193017)
(0.001681206 3.825384e-05 8.27999e-05)
(0.001671189 4.074268e-05 5.697013e-05)
(0.001666171 4.198785e-05 3.952325e-05)
(0.001665835 4.218518e-05 2.784416e-05)
(0.001669006 4.155227e-05 1.99573e-05)
(0.001674526 4.030102e-05 1.45354e-05)
(0.001681492 3.862044e-05 1.072589e-05)
(0.001689256 3.666881e-05 7.990117e-06)
(0.001697369 3.457211e-05 5.986238e-06)
(0.001705536 3.242616e-05 4.494459e-06)
(0.001713563 3.030053e-05 3.370596e-06)
(0.001721333 2.824324e-05 2.516922e-06)
(0.001728771 2.628505e-05 1.867822e-06)
(0.00173585 2.44442e-05 1.370863e-06)
(0.001742529 2.272811e-05 1.008297e-06)
(0.001444742 3.498848e-06 0.0001499807)
(0.001595657 9.931681e-06 0.0002174191)
(0.001671832 1.551588e-05 0.0002095124)
(0.001696574 2.021044e-05 0.0001661427)
(0.001691151 2.396837e-05 0.0001195772)
(0.001677508 2.675867e-05 8.305584e-05)
(0.001666619 2.860162e-05 5.719912e-05)
(0.001660865 2.957892e-05 3.972406e-05)
(0.00165995 2.981642e-05 2.801785e-05)
(0.001662697 2.945895e-05 2.010592e-05)
(0.001667936 2.865098e-05 1.466129e-05)
(0.001674745 2.752389e-05 1.083138e-05)
(0.001682454 2.618963e-05 8.077395e-06)
(0.001690593 2.473874e-05 6.057289e-06)
(0.001698849 2.324119e-05 4.551048e-06)
(0.001707013 2.174861e-05 3.414255e-06)
(0.001714957 2.029735e-05 2.549018e-06)
(0.001722595 1.89112e-05 1.889425e-06)
(0.001729894 1.760487e-05 1.38316e-06)
(0.001736809 1.638493e-05 1.011346e-06)
(0.001444729 2.054987e-06 0.0001500125)
(0.001595465 5.833422e-06 0.0002175201)
(0.001671255 9.125499e-06 0.0002096653)
(0.001695473 1.190688e-05 0.0001663187)
(0.001689448 1.415034e-05 0.0001197548)
(0.001675197 1.583366e-05 8.322248e-05)
(0.001663749 1.696367e-05 5.734995e-05)
(0.001657516 1.758356e-05 3.985804e-05)
(0.001656218 1.776336e-05 2.813546e-05)
(0.00165868 1.758578e-05 2.020835e-05)
(0.001663724 1.713468e-05 1.474997e-05)
(0.001670418 1.648736e-05 1.090777e-05)
(0.001678076 1.571043e-05 8.142872e-06)
(0.001686218 1.485836e-05 6.113084e-06)
(0.001694517 1.397366e-05 4.598227e-06)
(0.001702754 1.308808e-05 3.453711e-06)
(0.001710792 1.222421e-05 2.581518e-06)
(0.001718541 1.139709e-05 1.91553e-06)
(0.001725961 1.061619e-05 1.403497e-06)
(0.001733006 9.886054e-06 1.025856e-06)
(0.001238826 0.0001549155 9.797027e-05)
(0.001157286 0.0001473451 0.0001204176)
(0.0009358426 8.939898e-05 9.953811e-05)
(0.0007822964 4.726046e-05 6.604331e-05)
(0.0006682621 2.41096e-05 4.137576e-05)
(0.0005875475 1.288093e-05 2.655719e-05)
(0.0005316914 7.511524e-06 1.801545e-05)
(0.0004914839 4.795868e-06 1.311621e-05)
(0.0004616655 3.287159e-06 1.020531e-05)
(0.000438773 2.373209e-06 8.397452e-06)
(0.0004207217 1.773228e-06 7.192634e-06)
(0.0004061874 1.356069e-06 6.318968e-06)
(0.0003942988 1.054212e-06 5.63034e-06)
(0.000384456 8.297092e-07 5.051091e-06)
(0.0003762285 6.595359e-07 4.543067e-06)
(0.000369299 5.284939e-07 4.087447e-06)
(0.0003634214 4.267312e-07 3.674694e-06)
(0.0003584148 3.457049e-07 3.299207e-06)
(0.0003541156 2.82596e-07 2.958635e-06)
(0.0003504352 2.241568e-07 2.645579e-06)
(0.001479202 0.0002262367 0.0001227916)
(0.001653691 0.0003001591 0.0001903311)
(0.001663481 0.000272361 0.0001876233)
(0.001594792 0.0002119894 0.0001499419)
(0.001487009 0.0001542111 0.0001077425)
(0.001376144 0.0001100563 7.431755e-05)
(0.001279594 7.923044e-05 5.109236e-05)
(0.001200157 5.845454e-05 3.599161e-05)
(0.00113613 4.435012e-05 2.636246e-05)
(0.001084477 3.451797e-05 2.018907e-05)
(0.001042424 2.742235e-05 1.613486e-05)
(0.001007803 2.213474e-05 1.336834e-05)
(0.0009789908 1.80901e-05 1.138631e-05)
(0.0009547877 1.493309e-05 9.889166e-06)
(0.0009342948 1.24303e-05 8.700346e-06)
(0.0009168303 1.04217e-05 7.716367e-06)
(0.0009018593 8.793666e-06 6.876169e-06)
(0.0008889724 7.461765e-06 6.142354e-06)
(0.0008778103 6.365844e-06 5.493694e-06)
(0.0008681492 5.441509e-06 4.904972e-06)
(0.001457218 0.0001070797 0.0001232768)
(0.001678208 0.000215082 0.0001976965)
(0.001820562 0.0002596996 0.0002055467)
(0.001870386 0.0002548298 0.0001761466)
(0.001847923 0.0002250653 0.0001363)
(0.001787276 0.0001880004 0.0001007033)
(0.001714401 0.0001527045 7.310046e-05)
(0.001642632 0.0001228649 5.324246e-05)
(0.001577739 9.899959e-05 3.942463e-05)
(0.001521185 8.033764e-05 2.991369e-05)
(0.001472581 6.578868e-05 2.334476e-05)
(0.00143094 5.436785e-05 1.874497e-05)
(0.001395194 4.530481e-05 1.545258e-05)
(0.001364392 3.802989e-05 1.302808e-05)
(0.001337738 3.212848e-05 1.118385e-05)
(0.001314584 2.729768e-05 9.733377e-06)
(0.001294395 2.331242e-05 8.55604e-06)
(0.001276745 2.000319e-05 7.57284e-06)
(0.001261243 1.723942e-05 6.734417e-06)
(0.001247647 1.491169e-05 5.993844e-06)
(0.001443815 7.273493e-05 0.0001216061)
(0.00163321 0.0001669013 0.0001928507)
(0.001787589 0.0002190034 0.0002004961)
(0.00188275 0.0002373336 0.0001734882)
(0.001919583 0.0002321474 0.000136975)
(0.0019158 0.0002132888 0.0001041823)
(0.001889195 0.0001883892 7.815076e-05)
(0.001851602 0.0001625818 5.87241e-05)
(0.001810451 0.0001386311 4.459079e-05)
(0.001769785 0.0001176607 3.438416e-05)
(0.001731544 9.984426e-05 2.699835e-05)
(0.001696497 8.491479e-05 2.161269e-05)
(0.001664797 7.245952e-05 1.76402e-05)
(0.00163631 6.206161e-05 1.466638e-05)
(0.001610783 5.335462e-05 1.240017e-05)
(0.001587936 4.603545e-05 1.063796e-05)
(0.001567488 3.985769e-05 9.237436e-06)
(0.00154919 3.462598e-05 8.098847e-06)
(0.001532784 3.017689e-05 7.154003e-06)
(0.001518115 2.639105e-05 6.344575e-06)
(0.001437785 4.526931e-05 0.0001209399)
(0.001604352 0.0001162027 0.0001899181)
(0.001743593 0.0001644515 0.0001949372)
(0.001838891 0.0001918252 0.00016611)
(0.001891651 0.0002018144 0.0001294431)
(0.001914446 0.0001989296 9.784074e-05)
(0.001918423 0.0001875793 7.351991e-05)
(0.001910495 0.0001716192 5.570102e-05)
(0.001895478 0.0001539303 4.27992e-05)
(0.001876583 0.0001363712 3.341032e-05)
(0.001855917 0.0001199643 2.650015e-05)
(0.001834829 0.0001051593 2.134759e-05)
(0.001814135 9.206443e-05 1.745674e-05)
(0.001794299 8.060919e-05 1.448283e-05)
(0.001775564 7.064447e-05 1.218214e-05)
(0.001758038 6.199863e-05 1.037969e-05)
(0.001741745 5.450174e-05 8.947956e-06)
(0.001726673 4.800381e-05 7.793841e-06)
(0.001712758 4.236176e-05 6.848183e-06)
(0.001699978 3.748261e-05 6.059316e-06)
(0.001435893 3.284057e-05 0.0001205142)
(0.001589906 8.817448e-05 0.0001886042)
(0.001714148 0.000128254 0.000192148)
(0.00179855 0.0001542902 0.0001613907)
(0.001848005 0.0001682668 0.0001232784)
(0.001875799 0.0001725471 9.116186e-05)
(0.001891347 0.0001695058 6.714765e-05)
(0.001898912 0.0001614475 5.011115e-05)
(0.001900873 0.0001503887 3.814789e-05)
(0.00189872 0.0001379045 2.965162e-05)
(0.001893577 0.0001251016 2.34942e-05)
(0.001886361 0.0001126808 1.89314e-05)
(0.001877793 0.0001010364 1.54816e-05)
(0.001868424 9.035391e-05 1.28293e-05)
(0.001858657 8.068797e-05 1.07622e-05)
(0.001848784 7.201911e-05 9.132878e-06)
(0.001839005 6.428665e-05 7.834939e-06)
(0.001829464 5.741831e-05 6.791376e-06)
(0.001820247 5.132357e-05 5.940974e-06)
(0.001811431 4.595214e-05 5.248971e-06)
(0.001434896 2.401174e-05 0.0001204604)
(0.001582181 6.658053e-05 0.0001885071)
(0.001696856 9.943264e-05 0.0001915645)
(0.001771861 0.0001227813 0.0001596928)
(0.001814158 0.0001374838 0.0001203497)
(0.00183861 0.0001448324 8.729395e-05)
(0.001855039 0.0001462462 6.280423e-05)
(0.001867174 0.0001431793 4.571564e-05)
(0.001876386 0.0001369993 3.398998e-05)
(0.001883093 0.0001288746 2.588519e-05)
(0.001887523 0.0001197253 2.017045e-05)
(0.001889944 0.0001102232 1.603742e-05)
(0.001890665 0.0001008246 1.297188e-05)
(0.001890004 9.181673e-05 1.064703e-05)
(0.001888254 8.336305e-05 8.851821e-06)
(0.001885671 7.554335e-05 7.446269e-06)
(0.00188247 6.838052e-05 6.333333e-06)
(0.001878825 6.186879e-05 5.446e-06)
(0.001874882 5.597096e-05 4.729122e-06)
(0.001870745 5.06731e-05 4.162984e-06)
(0.001434529 1.853624e-05 0.0001205091)
(0.001578005 5.210187e-05 0.0001887772)
(0.001686393 7.89336e-05 0.0001918447)
(0.001754546 9.898689e-05 0.000159524)
(0.001790548 0.0001126761 0.0001194984)
(0.001810277 0.0001207408 8.575384e-05)
(0.001824113 0.0001240732 6.07296e-05)
(0.001835893 0.0001236461 4.331504e-05)
(0.00184677 0.000120422 3.145467e-05)
(0.001856758 0.0001152628 2.33613e-05)
(0.001865625 0.0001088859 1.775401e-05)
(0.001873218 0.0001018518 1.378165e-05)
(0.0018795 9.45745e-05 1.089846e-05)
(0.001884527 8.734421e-05 8.757165e-06)
(0.001888408 8.035268e-05 7.135131e-06)
(0.001891277 7.37187e-05 5.88721e-06)
(0.001893274 6.750671e-05 4.915205e-06)
(0.001894525 6.174843e-05 4.153771e-06)
(0.00189516 5.644289e-05 3.548939e-06)
(0.001895263 5.159632e-05 3.088428e-06)
(0.00143431 1.443434e-05 0.0001206263)
(0.001575477 4.091024e-05 0.0001892106)
(0.001679794 6.271967e-05 0.0001924692)
(0.001743207 7.969257e-05 0.0001600237)
(0.001774451 9.195563e-05 0.0001196728)
(0.001790054 9.98816e-05 8.552456e-05)
(0.001800803 0.0001040105 6.012177e-05)
(0.00181072 0.0001050014 4.240532e-05)
(0.001820965 0.0001035541 3.033213e-05)
(0.001831438 0.000100326 2.210921e-05)
(0.001841728 9.588672e-05 1.644101e-05)
(0.001851481 9.069911e-05 1.245933e-05)
(0.001860465 8.512051e-05 9.602468e-06)
(0.001868563 7.941462e-05 7.509862e-06)
(0.001875744 7.37674e-05 5.948904e-06)
(0.001882026 6.830418e-05 4.767528e-06)
(0.001887467 6.310315e-05 3.863178e-06)
(0.001892127 5.821105e-05 3.168205e-06)
(0.001896093 5.36459e-05 2.627196e-06)
(0.001899409 4.942115e-05 2.228707e-06)
(0.001434207 1.138252e-05 0.0001207437)
(0.001573922 3.237704e-05 0.0001896226)
(0.001675483 5.001513e-05 0.0001931073)
(0.001735535 6.412714e-05 0.0001606781)
(0.001763253 7.472761e-05 0.0001201945)
(0.001775602 8.199091e-05 8.583504e-05)
(0.00178366 8.623309e-05 6.02074e-05)
(0.001791587 8.789422e-05 4.22876e-05)
(0.001800579 8.748037e-05 3.004515e-05)
(0.001810503 8.549328e-05 2.169014e-05)
(0.001820877 8.238566e-05 1.592492e-05)
(0.001831252 7.853834e-05 1.187693e-05)
(0.0018413 7.425487e-05 8.979071e-06)
(0.001850811 6.97668e-05 6.865364e-06)
(0.001859668 6.524348e-05 5.298261e-06)
(0.00186782 6.08039e-05 4.121521e-06)
(0.001875261 5.652702e-05 3.229362e-06)
(0.001882003 5.246293e-05 2.551605e-06)
(0.001888094 4.863781e-05 2.031319e-06)
(0.001893542 4.506634e-05 1.6547e-06)
(0.001434137 8.917626e-06 0.0001208505)
(0.001572894 2.541843e-05 0.0001899809)
(0.001672573 3.949234e-05 0.0001936719)
(0.001730246 5.099781e-05 0.000161305)
(0.001755375 5.989944e-05 0.0001207752)
(0.00176524 6.625829e-05 8.630572e-05)
(0.001771135 7.024662e-05 6.054772e-05)
(0.00177733 7.215022e-05 4.250122e-05)
(0.001785061 7.232877e-05 3.01448e-05)
(0.001794181 7.115961e-05 2.169176e-05)
(0.001804168 6.899769e-05 1.584477e-05)
(0.001814523 6.615176e-05 1.173039e-05)
(0.001824864 6.287533e-05 8.780105e-06)
(0.001834926 5.93671e-05 6.626156e-06)
(0.001844545 5.577644e-05 5.029167e-06)
(0.001853626 5.221129e-05 3.831096e-06)
(0.001862127 4.874594e-05 2.924605e-06)
(0.001870029 4.542898e-05 2.237922e-06)
(0.001877352 4.228914e-05 1.7134e-06)
(0.001884085 3.934099e-05 1.334249e-06)
(0.001434095 6.877536e-06 0.0001209361)
(0.001572211 1.962224e-05 0.0001902639)
(0.001670584 3.060645e-05 0.0001941223)
(0.001726558 3.972485e-05 0.0001618246)
(0.001749793 4.693186e-05 0.0001212858)
(0.001757791 5.223444e-05 8.675872e-05)
(0.001762009 5.572034e-05 6.092456e-05)
(0.001766808 5.757102e-05 4.280022e-05)
(0.001773459 5.803662e-05 3.037087e-05)
(0.001781811 5.739383e-05 2.18523e-05)
(0.001791317 5.591297e-05 1.59477e-05)
(0.001801445 5.383651e-05 1.178342e-05)
(0.001811773 5.136884e-05 8.79044e-06)
(0.001822003 4.867409e-05 6.600372e-06)
(0.001831939 4.587854e-05 4.973164e-06)
(0.001841458 4.307556e-05 3.750051e-06)
(0.001850495 4.033118e-05 2.823075e-06)
(0.001859012 3.768959e-05 2.119621e-06)
(0.001867012 3.517872e-05 1.581927e-06)
(0.001874472 3.281266e-05 1.19071e-06)
(0.001434066 5.110483e-06 0.0001210016)
(0.001571746 1.458868e-05 0.0001904779)
(0.001669221 2.28199e-05 0.0001944633)
(0.001724001 2.973047e-05 0.0001622255)
(0.001745877 3.527921e-05 0.0001216911)
(0.001752507 3.944993e-05 8.713265e-05)
(0.001755468 4.228218e-05 6.125217e-05)
(0.001759196 4.388741e-05 4.307865e-05)
(0.00176499 4.443399e-05 3.060217e-05)
(0.001772702 4.411734e-05 2.204053e-05)
(0.001781771 4.313478e-05 1.609739e-05)
(0.00179164 4.16679e-05 1.189897e-05)
(0.001801861 3.98732e-05 8.875957e-06)
(0.00181211 3.787894e-05 6.659558e-06)
(0.001822167 3.578572e-05 5.00933e-06)
(0.00183189 3.366927e-05 3.766112e-06)
(0.001841197 3.158435e-05 2.821644e-06)
(0.001850037 2.956832e-05 2.102822e-06)
(0.001858404 2.764577e-05 1.551985e-06)
(0.001866267 2.582958e-05 1.148059e-06)
(0.001434047 3.532977e-06 0.0001210479)
(0.001571439 1.008781e-05 0.0001906291)
(0.001668313 1.580968e-05 0.000194704)
(0.001722282 2.065027e-05 0.0001625118)
(0.00174322 2.457942e-05 0.0001219849)
(0.001748892 2.757631e-05 8.740918e-05)
(0.001750961 2.965599e-05 6.150037e-05)
(0.001753913 3.088367e-05 4.329579e-05)
(0.001759075 3.136635e-05 3.078911e-05)
(0.001766303 3.123321e-05 2.219965e-05)
(0.001775028 3.061807e-05 1.623149e-05)
(0.001784677 2.964656e-05 1.201086e-05)
(0.001794783 2.842879e-05 8.968203e-06)
(0.001805004 2.705641e-05 6.734439e-06)
(0.001815103 2.560234e-05 5.068823e-06)
(0.001824923 2.412227e-05 3.811903e-06)
(0.00183437 2.265712e-05 2.855207e-06)
(0.001843384 2.123523e-05 2.125303e-06)
(0.001851951 1.987574e-05 1.564631e-06)
(0.001860037 1.858909e-05 1.15093e-06)
(0.001434035 2.074895e-06 0.0001210772)
(0.001571252 5.924825e-06 0.0001907257)
(0.001667756 9.297021e-06 0.000194857)
(0.001721221 1.21634e-05 0.0001626951)
(0.001741571 1.450637e-05 0.0001221745)
(0.001746636 1.631013e-05 8.75894e-05)
(0.001748132 1.757885e-05 6.166405e-05)
(0.001750581 1.834627e-05 4.344092e-05)
(0.001755328 1.867144e-05 3.091599e-05)
(0.001762233 1.862775e-05 2.230966e-05)
(0.001770724 1.829261e-05 1.632634e-05)
(0.001780218 1.773968e-05 1.209228e-05)
(0.001790237 1.703428e-05 9.037799e-06)
(0.001800426 1.62313e-05 6.793623e-06)
(0.001810536 1.537488e-05 5.118796e-06)
(0.001820403 1.449905e-05 3.853651e-06)
(0.001829923 1.362905e-05 2.889564e-06)
(0.001839029 1.278258e-05 2.152876e-06)
(0.001847704 1.197173e-05 1.586085e-06)
(0.001855909 1.120336e-05 1.166207e-06)
(0.001231692 0.0001554527 7.992951e-05)
(0.001140475 0.0001463654 0.0001036723)
(0.0009274798 8.801273e-05 8.979153e-05)
(0.0007841348 4.621235e-05 6.172611e-05)
(0.0006781295 2.344869e-05 3.951168e-05)
(0.0006020487 1.253993e-05 2.560165e-05)
(0.0005485027 7.379787e-06 1.739367e-05)
(0.0005093173 4.796092e-06 1.266261e-05)
(0.0004798208 3.365535e-06 9.864789e-06)
(0.0004568927 2.493914e-06 8.142524e-06)
(0.0004386305 1.913936e-06 7.005024e-06)
(0.0004238103 1.503216e-06 6.184098e-06)
(0.0004116138 1.199839e-06 5.536154e-06)
(0.0004014687 9.693023e-07 4.987694e-06)
(0.0003929573 7.906954e-07 4.50251e-06)
(0.0003857677 6.501066e-07 4.063568e-06)
(0.0003796551 5.38456e-07 3.662692e-06)
(0.0003744378 4.476316e-07 3.29571e-06)
(0.0003699501 3.751281e-07 2.960779e-06)
(0.0003661025 3.073712e-07 2.652214e-06)
(0.001471205 0.0002263565 9.879711e-05)
(0.001631258 0.0002987118 0.0001630676)
(0.001650308 0.0002700531 0.0001685219)
(0.001600037 0.0002104359 0.0001402424)
(0.001510597 0.000153985 0.0001041336)
(0.00141297 0.0001110393 7.349385e-05)
(0.001324276 8.096962e-05 5.117283e-05)
(0.001248929 6.056208e-05 3.621884e-05)
(0.001186702 4.658442e-05 2.653404e-05)
(0.001135557 3.674116e-05 2.029075e-05)
(0.001093315 2.955879e-05 1.619437e-05)
(0.001058148 2.414412e-05 1.34107e-05)
(0.001028626 1.995327e-05 1.142626e-05)
(0.001003659 1.664384e-05 9.933249e-06)
(0.0009824058 1.39903e-05 8.750167e-06)
(0.0009642175 1.183722e-05 7.771133e-06)
(0.0009485735 1.007348e-05 6.934036e-06)
(0.0009350704 8.615784e-06 6.201674e-06)
(0.0009233483 7.404409e-06 5.552557e-06)
(0.0009131828 6.374037e-06 4.963586e-06)
(0.00144894 0.0001070465 9.943384e-05)
(0.001655161 0.0002144917 0.0001704906)
(0.001806939 0.0002588784 0.0001855429)
(0.001876963 0.0002547605 0.000165498)
(0.001876716 0.0002265133 0.0001324206)
(0.001834368 0.0001911339 0.0001003076)
(0.001774166 0.0001571341 7.399933e-05)
(0.001710302 0.0001280379 5.435402e-05)
(0.001649916 0.0001044513 4.036386e-05)
(0.001595657 8.575446e-05 3.061168e-05)
(0.001547972 7.09864e-05 2.384174e-05)
(0.001506417 5.924968e-05 1.910073e-05)
(0.001470272 4.982757e-05 1.571691e-05)
(0.001438802 4.218192e-05 1.323543e-05)
(0.001411348 3.591619e-05 1.135577e-05)
(0.001387344 3.073758e-05 9.882541e-06)
(0.001366305 2.642625e-05 8.689409e-06)
(0.001347834 2.281512e-05 7.694438e-06)
(0.001331557 1.977418e-05 6.845984e-06)
(0.001317241 1.71939e-05 6.098568e-06)
(0.001435364 7.26111e-05 9.756615e-05)
(0.001609824 0.0001669699 0.0001658675)
(0.001774082 0.0002195559 0.0001808121)
(0.001889793 0.0002388336 0.0001631102)
(0.001949528 0.0002351181 0.0001333336)
(0.001965587 0.0002179763 0.000104104)
(0.001953956 0.0001946117 7.949879e-05)
(0.001926877 0.0001698903 6.036716e-05)
(0.00189274 0.0001465253 4.606456e-05)
(0.001856541 0.0001257184 3.556121e-05)
(0.001820983 0.0001077624 2.789222e-05)
(0.001787395 9.249953e-05 2.22807e-05)
(0.001756329 7.959983e-05 1.814247e-05)
(0.001727928 6.870338e-05 1.505206e-05)
(0.001702136 5.948061e-05 1.270521e-05)
(0.001678805 5.16514e-05 1.088713e-05)
(0.001657746 4.498306e-05 9.447061e-06)
(0.001638773 3.928813e-05 8.279808e-06)
(0.001621667 3.440691e-05 7.31294e-06)
(0.001606304 3.022351e-05 6.48844e-06)
(0.00142927 4.527601e-05 9.692353e-05)
(0.001580667 0.0001167481 0.0001632703)
(0.001729987 0.0001657481 0.0001757656)
(0.001845942 0.0001941005 0.0001562643)
(0.001921469 0.0002054071 0.0001261983)
(0.001964066 0.0002040783 9.801354e-05)
(0.00198343 0.0001942629 7.50525e-05)
(0.001986958 0.0001795694 5.752604e-05)
(0.001980281 0.0001627497 4.447221e-05)
(0.001967357 0.0001456514 3.479495e-05)
(0.001950883 0.0001293559 2.759293e-05)
(0.001932656 0.000114397 2.21925e-05)
(0.001913836 0.0001009644 1.810736e-05)
(0.001895147 8.905459e-05 1.498755e-05)
(0.001877031 7.856914e-05 1.257965e-05)
(0.001859745 6.937255e-05 1.06991e-05)
(0.001843427 6.131972e-05 9.21021e-06)
(0.001828146 5.427728e-05 8.01396e-06)
(0.001813901 4.811228e-05 7.03633e-06)
(0.001800715 4.274114e-05 6.225136e-06)
(0.00142736 3.290519e-05 9.639874e-05)
(0.001566092 8.884507e-05 0.0001618184)
(0.001700537 0.0001297069 0.0001729295)
(0.001805698 0.0001566489 0.0001516265)
(0.001877746 0.0001717529 0.0001201372)
(0.001924933 0.0001773595 9.138369e-05)
(0.001955496 0.0001757036 6.867369e-05)
(0.001974412 0.0001689087 5.190838e-05)
(0.001984958 0.0001588549 3.980208e-05)
(0.001989333 0.0001470562 3.103927e-05)
(0.001989158 0.0001346225 2.461081e-05)
(0.001985699 0.000122296 1.981348e-05)
(0.001979938 0.0001105272 1.617446e-05)
(0.001972627 9.955873e-05 1.337494e-05)
(0.001964333 8.949511e-05 1.119548e-05)
(0.001955475 8.035746e-05 9.481188e-06)
(0.00194636 7.211638e-05 8.119067e-06)
(0.001937215 6.472298e-05 7.026946e-06)
(0.001928192 5.81031e-05 6.139279e-06)
(0.001919419 5.222116e-05 5.420385e-06)
(0.001426365 2.412283e-05 9.63001e-05)
(0.001558335 6.727638e-05 0.0001616304)
(0.001683317 0.0001008323 0.0001722842)
(0.00177921 0.0001249434 0.0001499414)
(0.001844052 0.0001405577 0.0001172477)
(0.001887596 0.0001489817 8.752875e-05)
(0.001918592 0.0001515626 6.429882e-05)
(0.001941648 0.0001496314 4.74489e-05)
(0.001959164 0.0001444411 3.556895e-05)
(0.001972329 0.0001370881 2.720329e-05)
(0.001981867 0.0001284652 2.123171e-05)
(0.001988362 0.0001192519 1.687997e-05)
(0.001992338 0.0001099327 1.363865e-05)
(0.001994264 0.0001008323 1.117619e-05)
(0.001994555 9.215292e-05 9.274524e-06)
(0.001993566 8.400981e-05 7.786965e-06)
(0.001991595 7.645625e-05 6.610856e-06)
(0.001988884 6.951137e-05 5.674753e-06)
(0.001985637 6.315725e-05 4.91994e-06)
(0.001982003 5.739707e-05 4.325503e-06)
(0.001426 1.865199e-05 9.63008e-05)
(0.001554158 5.272487e-05 0.0001617838)
(0.001672953 8.015112e-05 0.0001724534)
(0.001762137 0.0001008271 0.0001497189)
(0.001820732 0.0001152413 0.0001163807)
(0.001859412 0.0001241626 8.597578e-05)
(0.001887507 0.0001284475 6.219264e-05)
(0.001909818 0.000128986 4.499578e-05)
(0.001928619 0.0001266525 3.296828e-05)
(0.001944762 0.0001222437 2.461113e-05)
(0.001958554 0.0001164411 1.875161e-05)
(0.001970169 0.0001097956 1.456913e-05)
(0.001979773 0.0001027304 1.151981e-05)
(0.001987558 9.555612e-05 9.249755e-06)
(0.001993731 8.848985e-05 7.528449e-06)
(0.0019985 8.167679e-05 6.203865e-06)
(0.002002067 7.52062e-05 5.172417e-06)
(0.00200461 6.913182e-05 4.364611e-06)
(0.002006306 6.347118e-05 3.723422e-06)
(0.00200727 5.824682e-05 3.235029e-06)
(0.001425784 1.454321e-05 9.638887e-05)
(0.001551639 4.144434e-05 0.0001621436)
(0.001666445 6.374e-05 0.0001730084)
(0.001751016 8.120859e-05 0.0001501886)
(0.001804934 9.40378e-05 0.0001165541)
(0.001839445 0.0001026359 8.575172e-05)
(0.001864286 0.0001075276 6.157953e-05)
(0.001884473 0.000109315 4.406551e-05)
(0.001902337 0.0001086305 3.181274e-05)
(0.001918664 0.0001060768 2.331895e-05)
(0.001933621 0.0001021884 1.739653e-05)
(0.001947202 9.74127e-05 1.320639e-05)
(0.00195939 9.210612e-05 1.01871e-05)
(0.001970205 8.654187e-05 7.970183e-06)
(0.001979706 8.092124e-05 6.314292e-06)
(0.001987978 7.538758e-05 5.06002e-06)
(0.001995127 7.003753e-05 4.099276e-06)
(0.002001254 6.493526e-05 3.360226e-06)
(0.002006483 6.011452e-05 2.784601e-06)
(0.002010879 5.560247e-05 2.35907e-06)
(0.001425682 1.14756e-05 9.648348e-05)
(0.001550094 3.281454e-05 0.0001624978)
(0.001662207 5.084106e-05 0.0001735909)
(0.001743521 6.534227e-05 0.0001508173)
(0.001793995 7.638114e-05 0.0001170751)
(0.001825258 8.416762e-05 8.607099e-05)
(0.001847322 8.901385e-05 6.167057e-05)
(0.00186536 9.132019e-05 4.394459e-05)
(0.001881764 9.15412e-05 3.151408e-05)
(0.001897316 9.013369e-05 2.288209e-05)
(0.001912131 8.751921e-05 1.685931e-05)
(0.001926133 8.406175e-05 1.26018e-05)
(0.001939221 8.005985e-05 9.542027e-06)
(0.001951327 7.574856e-05 7.305396e-06)
(0.00196243 7.130624e-05 5.645108e-06)
(0.001972542 6.686394e-05 4.397225e-06)
(0.001981703 6.251389e-05 3.450246e-06)
(0.001989959 5.831935e-05 2.729696e-06)
(0.001997389 5.431905e-05 2.175839e-06)
(0.002004018 5.053857e-05 1.772716e-06)
(0.001425614 8.993909e-06 9.657512e-05)
(0.001549074 2.576806e-05 0.0001628178)
(0.001659353 4.014658e-05 0.0001741202)
(0.001738369 5.195295e-05 0.0001514312)
(0.001786324 6.118966e-05 0.000117662)
(0.001815123 6.795053e-05 8.655619e-05)
(0.001834983 7.241009e-05 6.202421e-05)
(0.001851195 7.482665e-05 4.416594e-05)
(0.001866203 7.552061e-05 3.16153e-05)
(0.001880792 7.483315e-05 2.288027e-05)
(0.001895054 7.309252e-05 1.677234e-05)
(0.001908874 7.059157e-05 1.244652e-05)
(0.001922106 6.757717e-05 9.333479e-06)
(0.001934638 6.424843e-05 7.056476e-06)
(0.001946403 6.075991e-05 5.366573e-06)
(0.001957371 5.722764e-05 4.097804e-06)
(0.001967548 5.373546e-05 3.136976e-06)
(0.001976945 5.03418e-05 2.407928e-06)
(0.001985613 4.708515e-05 1.850198e-06)
(0.001993553 4.398858e-05 1.44469e-06)
(0.001425573 6.937214e-06 9.664976e-05)
(0.001548396 1.989272e-05 0.0001630732)
(0.001657406 3.110991e-05 0.0001745453)
(0.001734784 4.045619e-05 0.0001519419)
(0.001780901 4.791473e-05 0.0001181785)
(0.001807856 5.352051e-05 8.702252e-05)
(0.00182602 5.736626e-05 6.241466e-05)
(0.001840779 5.961468e-05 4.447532e-05)
(0.001854619 6.048654e-05 3.184771e-05)
(0.001868332 6.023021e-05 2.304364e-05)
(0.001881996 5.909412e-05 1.687548e-05)
(0.001895468 5.730677e-05 1.249802e-05)
(0.001908573 5.506575e-05 9.341224e-06)
(0.001921169 5.253403e-05 7.027527e-06)
(0.001933159 4.984078e-05 5.307128e-06)
(0.001944491 4.708474e-05 4.013207e-06)
(0.001955146 4.433879e-05 3.03186e-06)
(0.001965118 4.165443e-05 2.286026e-06)
(0.001974439 3.906704e-05 1.715106e-06)
(0.001983098 3.659729e-05 1.297444e-06)
(0.001425545 5.155001e-06 9.670777e-05)
(0.001547935 1.478943e-05 0.0001632686)
(0.001656073 2.319212e-05 0.0001748698)
(0.001732301 3.026916e-05 0.0001523382)
(0.001777102 3.600036e-05 0.0001185901)
(0.001802709 4.039183e-05 8.740832e-05)
(0.001819609 4.348869e-05 6.275473e-05)
(0.001833259 4.538992e-05 4.476417e-05)
(0.001846185 4.624272e-05 3.208669e-05)
(0.001859186 4.622131e-05 2.323701e-05)
(0.00187233 4.550598e-05 1.702832e-05)
(0.001885459 4.426697e-05 1.26153e-05)
(0.001898374 4.265473e-05 9.427514e-06)
(0.00191091 4.079574e-05 7.086852e-06)
(0.001922951 3.879204e-05 5.343015e-06)
(0.001934426 3.67229e-05 4.028702e-06)
(0.0019453 3.464783e-05 3.02965e-06)
(0.001955556 3.260948e-05 2.268272e-06)
(0.001965213 3.063792e-05 1.684047e-06)
(0.001974255 2.8751e-05 1.253503e-06)
(0.001425526 3.563636e-06 9.674899e-05)
(0.001547632 1.022604e-05 0.0001634071)
(0.001655186 1.606525e-05 0.0001750994)
(0.001730633 2.101929e-05 0.0001526216)
(0.001774527 2.507211e-05 0.0001188887)
(0.001799193 2.821907e-05 8.769365e-05)
(0.001815196 3.047995e-05 6.301242e-05)
(0.001828049 3.191211e-05 4.498962e-05)
(0.001840305 3.260831e-05 3.228019e-05)
(0.001852774 3.268302e-05 2.340102e-05)
(0.00186552 3.225797e-05 1.716596e-05)
(0.001878371 3.145043e-05 1.272972e-05)
(0.001891113 3.036582e-05 9.521572e-06)
(0.001903566 2.909408e-05 7.163035e-06)
(0.001915599 2.770875e-05 5.403444e-06)
(0.001927126 2.62677e-05 4.075154e-06)
(0.001938102 2.481495e-05 3.063653e-06)
(0.0019485 2.338243e-05 2.291005e-06)
(0.001958332 2.199304e-05 1.696771e-06)
(0.001967577 2.06607e-05 1.256285e-06)
(0.001425514 2.092803e-06 9.677533e-05)
(0.001547447 6.005804e-06 0.000163496)
(0.001654642 9.446338e-06 0.0001752458)
(0.001729604 1.237871e-05 0.0001528033)
(0.001772929 1.479334e-05 0.0001190816)
(0.001796999 1.668421e-05 8.787981e-05)
(0.001812429 1.805863e-05 6.318254e-05)
(0.001824767 1.894601e-05 4.514051e-05)
(0.001836585 1.93972e-05 3.241177e-05)
(0.001848702 1.947696e-05 2.351469e-05)
(0.001861179 1.925548e-05 1.726362e-05)
(0.001873839 1.880132e-05 1.28133e-05)
(0.001886458 1.817683e-05 9.592851e-06)
(0.001898844 1.743573e-05 7.223553e-06)
(0.001910857 1.662235e-05 5.454488e-06)
(0.001922402 1.577189e-05 4.117771e-06)
(0.001933425 1.491134e-05 3.098711e-06)
(0.001943894 1.406048e-05 2.319137e-06)
(0.001953816 1.323361e-05 1.718652e-06)
(0.001963167 1.243963e-05 1.271867e-06)
(0.001920085 5.258922e-06 4.141662e-06)
(0.001931127 4.973863e-06 3.119078e-06)
(0.001941626 4.691616e-06 2.336265e-06)
(0.001951587 4.41705e-06 1.73284e-06)
(0.001960985 4.153219e-06 1.283071e-06)
(0.001226033 0.0001557385 6.479634e-05)
(0.00112586 0.0001455193 8.732911e-05)
(0.0009178948 8.670771e-05 7.881641e-05)
(0.0007823984 4.513234e-05 5.574674e-05)
(0.0006836531 2.270243e-05 3.633183e-05)
(0.000612308 1.209908e-05 2.375184e-05)
(0.0005614193 7.154747e-06 1.616479e-05)
(0.0005235996 4.716389e-06 1.176984e-05)
(0.0004947024 3.379138e-06 9.18173e-06)
(0.0004719505 2.563698e-06 7.602581e-06)
(0.0004536384 2.015228e-06 6.569185e-06)
(0.0004386562 1.620052e-06 5.826978e-06)
(0.0004262493 1.322184e-06 5.240105e-06)
(0.0004158799 1.090987e-06 4.739853e-06)
(0.0004071486 9.080388e-07 4.293209e-06)
(0.0003997521 7.610259e-07 3.885486e-06)
(0.0003934494 6.418767e-07 3.510076e-06)
(0.0003880597 5.430974e-07 3.164347e-06)
(0.0003834166 4.626149e-07 2.846906e-06)
(0.0003794302 3.86709e-07 2.553963e-06)
(0.001465025 0.0002263207 7.865361e-05)
(0.001611499 0.0002974132 0.0001365147)
(0.001634128 0.0002675502 0.0001468579)
(0.001596674 0.0002081221 0.0001264337)
(0.00152264 0.0001526401 9.65825e-05)
(0.001437747 0.0001108427 6.962041e-05)
(0.001357602 8.166314e-05 4.909907e-05)
(0.001287322 6.181733e-05 3.494607e-05)
(0.001227774 4.814898e-05 2.562941e-05)
(0.001177834 3.844483e-05 1.958299e-05)
(0.001135936 3.129315e-05 1.561515e-05)
(0.001100627 2.584156e-05 1.292785e-05)
(0.001070709 2.157329e-05 1.102032e-05)
(0.001045223 1.816395e-05 9.589968e-06)
(0.00102341 1.539987e-05 8.458193e-06)
(0.001004661 1.313326e-05 7.521314e-06)
(0.0009884805 1.125779e-05 6.718862e-06)
(0.0009744765 9.693001e-06 6.015472e-06)
(0.0009622928 8.380839e-06 5.390263e-06)
(0.0009517076 7.25619e-06 4.823115e-06)
(0.001442585 0.00010699 7.952645e-05)
(0.00163468 0.0002138388 0.0001439075)
(0.001789567 0.0002575195 0.0001625275)
(0.001873001 0.0002534872 0.0001498511)
(0.001890586 0.0002261977 0.0001233947)
(0.001864935 0.0001922523 9.560493e-05)
(0.001817615 0.0001596058 7.164089e-05)
(0.001762616 0.00013149 5.309532e-05)
(0.001707832 0.0001084762 3.957674e-05)
(0.001656841 9.002384e-05 3.002467e-05)
(0.001610865 7.527359e-05 2.335276e-05)
(0.00157002 6.341154e-05 1.867564e-05)
(0.001533964 5.378012e-05 1.534433e-05)
(0.001502214 4.588045e-05 1.290985e-05)
(0.001474269 3.934129e-05 1.107234e-05)
(0.001449668 3.388582e-05 9.636235e-06)
(0.00142799 2.930413e-05 8.47512e-06)
(0.001408875 2.543502e-05 7.50777e-06)
(0.001391974 2.215176e-05 6.682528e-06)
(0.001377067 1.934685e-05 5.957133e-06)
(0.001428874 7.242662e-05 7.748034e-05)
(0.001589004 0.000166791 0.0001395102)
(0.001756688 0.0002194549 0.0001581084)
(0.001885974 0.000239123 0.0001476911)
(0.001963801 0.000236322 0.0001244057)
(0.001997479 0.0002205247 9.946376e-05)
(0.002000424 0.000198586 7.726634e-05)
(0.001984385 0.0001750621 5.931006e-05)
(0.001958119 0.0001525223 4.551599e-05)
(0.001927274 0.0001321628 3.52075e-05)
(0.001895191 0.0001143431 2.760559e-05)
(0.001863727 9.899039e-05 2.201853e-05)
(0.001833838 8.585052e-05 1.789563e-05)
(0.001805967 7.462232e-05 1.482173e-05)
(0.00178027 6.501822e-05 1.24939e-05)
(0.001756753 5.678679e-05 1.06961e-05)
(0.001735331 4.971433e-05 9.275982e-06)
(0.001715891 4.362562e-05 8.127637e-06)
(0.001698265 3.836818e-05 7.177637e-06)
(0.001682361 3.383243e-05 6.370552e-06)
(0.001422733 4.52508e-05 7.690059e-05)
(0.001559548 0.0001170919 0.0001373278)
(0.001712442 0.0001665372 0.0001536948)
(0.001842168 0.0001954493 0.0001415675)
(0.001935735 0.0002076038 0.0001179003)
(0.001995827 0.000207434 9.383618e-05)
(0.00202992 0.0001989238 7.315367e-05)
(0.002045089 0.0001854533 5.673396e-05)
(0.002047287 0.0001696067 4.415714e-05)
(0.002040965 0.0001531605 3.46546e-05)
(0.002029296 0.0001372032 2.7498e-05)
(0.00201448 0.0001223177 2.209675e-05)
(0.001998006 0.0001087558 1.800037e-05)
(0.001980866 9.657361e-05 1.487198e-05)
(0.001963705 8.572202e-05 1.246126e-05)
(0.001946943 7.61037e-05 1.058295e-05)
(0.001930838 6.760169e-05 9.099636e-06)
(0.001915553 6.010267e-05 7.910955e-06)
(0.001901153 5.348706e-05 6.941416e-06)
(0.001887713 4.76833e-05 6.140383e-06)
(0.001420805 3.293185e-05 7.63038e-05)
(0.001544823 8.933265e-05 0.0001357993)
(0.00168292 0.0001307692 0.0001508951)
(0.001802022 0.0001583318 0.0001371477)
(0.0018921 0.0001742131 0.0001121496)
(0.001956514 0.0001808032 8.750425e-05)
(0.002001457 0.0001802745 6.701705e-05)
(0.002031805 0.000174611 5.130793e-05)
(0.002051291 0.0001655538 3.964798e-05)
(0.002062622 0.000154527 3.10442e-05)
(0.002067837 0.0001426068 2.465152e-05)
(0.002068523 0.0001305451 1.984395e-05)
(0.002065914 0.0001188266 1.618251e-05)
(0.002060963 0.0001077373 1.336175e-05)
(0.002054402 9.742512e-05 1.116638e-05)
(0.002046785 8.794928e-05 9.441761e-06)
(0.002038529 7.931189e-05 8.073864e-06)
(0.002029948 7.148886e-05 6.979298e-06)
(0.002021268 6.442438e-05 6.091284e-06)
(0.002012666 5.80994e-05 5.374691e-06)
(0.001419813 2.420628e-05 7.617596e-05)
(0.001537014 6.783867e-05 0.0001355489)
(0.001665699 0.0001019568 0.0001502166)
(0.001775677 0.0001266316 0.0001355251)
(0.001858613 0.0001428971 0.0001093977)
(0.001919237 0.0001521175 8.380921e-05)
(0.001964282 0.0001556247 6.278633e-05)
(0.001998383 0.0001546675 4.696596e-05)
(0.002024523 0.0001503973 3.551124e-05)
(0.002044485 0.0001438278 2.729275e-05)
(0.002059438 0.0001358036 2.135171e-05)
(0.002070276 0.0001269889 1.698726e-05)
(0.002077736 0.0001178773 1.372111e-05)
(0.00208245 0.0001088168 1.123388e-05)
(0.002084959 0.0001000394 9.311488e-06)
(0.002085718 9.169063e-05 7.807905e-06)
(0.00208511 8.385193e-05 6.61994e-06)
(0.002083451 7.656674e-05 5.67523e-06)
(0.002081006 6.983691e-05 4.914332e-06)
(0.002077967 6.368345e-05 4.31608e-06)
(0.001419449 1.874457e-05 7.613655e-05)
(0.001532818 5.324442e-05 0.0001355946)
(0.001655372 8.116645e-05 0.0001502717)
(0.001758777 0.0001023248 0.0001352459)
(0.001835573 0.0001172699 0.000108536)
(0.0018913 0.0001268262 8.229801e-05)
(0.001933249 0.0001318562 6.073185e-05)
(0.001966297 0.0001332022 4.456096e-05)
(0.001993376 0.0001316667 3.295257e-05)
(0.002016007 0.00012798 2.473884e-05)
(0.00203499 0.0001227767 1.890916e-05)
(0.002050832 0.0001165831 1.471514e-05)
(0.00206392 0.0001098171 1.164256e-05)
(0.002074593 0.0001027974 9.348701e-06)
(0.002083164 9.575805e-05 7.606623e-06)
(0.002089924 8.886452e-05 6.264893e-06)
(0.00209514 8.222741e-05 5.219623e-06)
(0.002099044 7.592061e-05 4.400575e-06)
(0.002101862 6.997954e-05 3.75043e-06)
(0.002103741 6.444286e-05 3.254558e-06)
(0.001419235 1.46346e-05 7.619836e-05)
(0.001530296 4.190169e-05 0.0001358783)
(0.001648908 6.461323e-05 0.0001507398)
(0.001747811 8.247561e-05 0.0001356604)
(0.001820042 9.572354e-05 0.0001086925)
(0.00187163 0.0001048171 8.208268e-05)
(0.00191024 0.0001102973 6.013701e-05)
(0.001940978 0.0001127381 4.364922e-05)
(0.001966868 0.0001127206 3.181322e-05)
(0.001989408 0.0001107953 2.346126e-05)
(0.002009298 0.0001074562 1.756881e-05)
(0.002026894 0.0001031249 1.33686e-05)
(0.002042416 9.814678e-05 1.032812e-05)
(0.002056037 9.279506e-05 8.089408e-06)
(0.002067923 8.727879e-05 6.414262e-06)
(0.002078232 8.175375e-05 5.143676e-06)
(0.002087125 7.633127e-05 4.169267e-06)
(0.002094749 7.109055e-05 3.418489e-06)
(0.002101264 6.607982e-05 2.833026e-06)
(0.002106761 6.133926e-05 2.398406e-06)
(0.001419134 1.1555e-05 7.627093e-05)
(0.00152875 3.319353e-05 0.0001361685)
(0.001644709 5.155703e-05 0.0001512462)
(0.001740446 6.63722e-05 0.000136233)
(0.00180933 7.773679e-05 0.0001091847)
(0.00185772 8.590638e-05 8.239305e-05)
(0.001893529 9.121292e-05 6.022823e-05)
(0.001922017 9.404068e-05 4.353069e-05)
(0.001946287 9.480701e-05 3.151673e-05)
(0.001967854 9.392809e-05 2.302634e-05)
(0.001987395 9.179153e-05 1.703414e-05)
(0.002005214 8.873799e-05 1.276796e-05)
(0.002021462 8.505338e-05 9.688855e-06)
(0.002036237 8.096904e-05 7.432359e-06)
(0.002049627 7.666619e-05 5.754527e-06)
(0.00206172 7.228309e-05 4.491664e-06)
(0.00207261 6.792175e-05 3.531922e-06)
(0.002082382 6.36562e-05 2.800102e-06)
(0.002091149 5.953625e-05 2.23652e-06)
(0.002098954 5.559742e-05 1.823946e-06)
(0.001419067 9.059829e-06 7.634704e-05)
(0.001527731 2.60736e-05 0.0001364433)
(0.001641887 4.071879e-05 0.0001517212)
(0.001735392 5.277002e-05 0.0001368058)
(0.001801839 6.225563e-05 0.000109749)
(0.001847817 6.93083e-05 8.286958e-05)
(0.001881422 7.412264e-05 6.057955e-05)
(0.001908032 7.694834e-05 4.375114e-05)
(0.001930809 7.807888e-05 3.161663e-05)
(0.001951284 7.782384e-05 2.302273e-05)
(0.001970124 7.648373e-05 1.694547e-05)
(0.001987608 7.433117e-05 1.261172e-05)
(0.002003855 7.160088e-05 9.480487e-06)
(0.002018924 6.848685e-05 7.184938e-06)
(0.002032865 6.514395e-05 5.478785e-06)
(0.002045729 6.169229e-05 4.196174e-06)
(0.002057574 5.822224e-05 3.223499e-06)
(0.002068453 5.479989e-05 2.483849e-06)
(0.002078445 5.147205e-05 1.916833e-06)
(0.002087571 4.826929e-05 1.502077e-06)
(0.001419026 6.989068e-06 7.641004e-05)
(0.001527055 2.013011e-05 0.0001366649)
(0.001639963 3.155231e-05 0.0001521054)
(0.001731882 4.108494e-05 0.0001372844)
(0.001796553 4.872998e-05 0.0001102468)
(0.001840731 5.455396e-05 8.332748e-05)
(0.001872651 5.866778e-05 6.096654e-05)
(0.00189778 6.123004e-05 4.405835e-05)
(0.00191933 6.244227e-05 3.184669e-05)
(0.001938845 6.252879e-05 2.318332e-05)
(0.001956985 6.1716e-05 1.704577e-05)
(0.001974013 6.021562e-05 1.266071e-05)
(0.001990023 5.821447e-05 9.486373e-06)
(0.002005052 5.587023e-05 7.154941e-06)
(0.002019126 5.331112e-05 5.41914e-06)
(0.002032272 5.063811e-05 4.112174e-06)
(0.00204453 4.79284e-05 3.119674e-06)
(0.002055933 4.523898e-05 2.363814e-06)
(0.002066544 4.261137e-05 1.784044e-06)
(0.00207637 4.007189e-05 1.357484e-06)
(0.001418998 5.193842e-06 7.645992e-05)
(0.001526595 1.496616e-05 0.0001368367)
(0.001638646 2.352021e-05 0.0001524013)
(0.001729453 3.073377e-05 0.0001376583)
(0.001792853 3.659986e-05 0.0001106452)
(0.001835719 4.114893e-05 8.370741e-05)
(0.001866387 4.444114e-05 6.13043e-05)
(0.001890395 4.657389e-05 4.43458e-05)
(0.001910993 4.768105e-05 3.208404e-05)
(0.00192974 4.791922e-05 2.337465e-05)
(0.001947293 4.7452e-05 1.719633e-05)
(0.001963902 4.643645e-05 1.277576e-05)
(0.001979644 4.501422e-05 9.570697e-06)
(0.001994538 4.330703e-05 7.212708e-06)
(0.002008591 4.14155e-05 5.453936e-06)
(0.002021817 3.942e-05 4.127048e-06)
(0.002034238 3.738286e-05 3.117276e-06)
(0.002045879 3.535056e-05 2.346259e-06)
(0.00205679 3.33576e-05 1.7535e-06)
(0.002066973 3.142599e-05 1.314359e-06)
(0.00141898 3.590434e-06 7.649555e-05)
(0.001526292 1.03479e-05 0.000136959)
(0.001637771 1.629089e-05 0.0001526112)
(0.001727823 2.133809e-05 0.000137926)
(0.001790348 2.548211e-05 0.0001109345)
(0.001832298 2.873553e-05 8.398848e-05)
(0.001862081 3.112925e-05 6.156026e-05)
(0.001885284 3.27203e-05 4.457026e-05)
(0.00190519 3.359272e-05 3.227644e-05)
(0.001923369 3.384901e-05 2.353727e-05)
(0.001940479 3.359921e-05 1.733239e-05)
(0.001956759 3.295116e-05 1.288857e-05)
(0.001972276 3.200374e-05 9.663251e-06)
(0.001987034 3.08432e-05 7.287582e-06)
(0.00200103 2.954171e-05 5.513296e-06)
(0.002014262 2.815761e-05 4.172682e-06)
(0.002026745 2.673665e-05 3.150701e-06)
(0.002038493 2.531328e-05 2.36864e-06)
(0.002049549 2.391337e-05 1.766063e-06)
(0.002059912 2.255376e-05 1.317184e-06)
(0.001418968 2.10848e-06 7.651847e-05)
(0.001526107 6.077258e-06 0.0001370378)
(0.001637235 9.578301e-06 0.0001527454)
(0.001726817 1.25649e-05 0.0001380981)
(0.001788795 1.503226e-05 0.0001111216)
(0.001830166 1.698466e-05 8.417208e-05)
(0.001859382 1.843619e-05 6.172943e-05)
(0.001882067 1.941637e-05 4.472065e-05)
(0.001901522 1.997114e-05 3.240748e-05)
(0.001919327 2.01583e-05 2.36502e-05)
(0.001936141 2.004114e-05 1.742917e-05)
(0.0019522 1.968254e-05 1.297121e-05)
(0.00196756 1.914087e-05 9.73362e-06)
(0.001982219 1.846748e-05 7.347269e-06)
(0.001996162 1.770579e-05 5.563616e-06)
(0.002009383 1.689111e-05 4.214692e-06)
(0.002021887 1.60514e-05 3.185268e-06)
(0.002033684 1.520782e-05 2.396394e-06)
(0.002044811 1.437643e-05 1.787663e-06)
(0.002055264 1.356781e-05 1.332597e-06)
(0.002006993 5.629541e-06 4.238279e-06)
(0.002019504 5.351708e-06 3.205377e-06)
(0.002031319 5.072182e-06 2.413309e-06)
(0.002042476 4.796394e-06 1.801678e-06)
(0.002052967 4.527962e-06 1.343675e-06)
(0.001221582 0.0001557977 5.211794e-05)
(0.001113621 0.0001447848 7.162354e-05)
(0.0009084632 8.553143e-05 6.719667e-05)
(0.0007786838 4.410577e-05 4.857434e-05)
(0.0006861316 2.19497e-05 3.209467e-05)
(0.0006192426 1.161733e-05 2.11442e-05)
(0.0005710762 6.876694e-06 1.441167e-05)
(0.0005347868 4.582813e-06 1.049781e-05)
(0.0005066562 3.343917e-06 8.203447e-06)
(0.000484224 2.591678e-06 6.815923e-06)
(0.0004659793 2.081697e-06 5.916055e-06)
(0.0004509305 1.708217e-06 5.272379e-06)
(0.0004383914 1.42099e-06 4.761849e-06)
(0.0004278629 1.193303e-06 4.323061e-06)
(0.0004189664 1.009377e-06 3.927328e-06)
(0.0004114098 8.586487e-07 3.562729e-06)
(0.000404957 7.34189e-07 3.224305e-06)
(0.0003994295 6.292413e-07 2.910953e-06)
(0.000394661 5.422321e-07 2.621571e-06)
(0.0003905622 4.594486e-07 2.354363e-06)
(0.001460326 0.0002261565 6.164488e-05)
(0.001595014 0.0002963516 0.0001111324)
(0.00161785 0.0002651733 0.000123849)
(0.001588683 0.0002055649 0.0001096862)
(0.00152683 0.0001507068 8.581671e-05)
(0.001453282 0.000109886 6.303383e-05)
(0.001381537 8.159431e-05 4.49969e-05)
(0.001316703 6.239326e-05 3.222007e-05)
(0.001260334 4.914052e-05 2.367519e-05)
(0.001212058 3.967605e-05 1.808972e-05)
(0.001170881 3.264073e-05 1.442076e-05)
(0.001135738 2.722227e-05 1.194188e-05)
(0.001105671 2.293293e-05 1.018798e-05)
(0.001079871 1.946879e-05 8.875755e-06)
(0.001057665 1.663032e-05 7.837804e-06)
(0.001038499 1.427929e-05 6.977531e-06)
(0.001021903 1.231568e-05 6.238902e-06)
(0.001007503 1.066307e-05 5.590052e-06)
(0.0009949493 9.26596e-06 5.011529e-06)
(0.0009840237 8.060332e-06 4.486958e-06)
(0.001437798 0.0001069303 6.288099e-05)
(0.001617478 0.0002132664 0.0001185367)
(0.001771776 0.0002560094 0.0001378992)
(0.001863355 0.0002516341 0.0001306052)
(0.001894411 0.0002248301 0.0001101486)
(0.001883 0.0001919932 8.703769e-05)
(0.001847739 0.0001605987 6.616442e-05)
(0.001801719 0.0001335351 4.947266e-05)
(0.001753028 0.000111254 3.703327e-05)
(0.001705875 9.322985e-05 2.81248e-05)
(0.001662131 7.86705e-05 2.186132e-05)
(0.001622439 6.683272e-05 1.746313e-05)
(0.001586839 5.711637e-05 1.43346e-05)
(0.001555111 4.906441e-05 1.205429e-05)
(0.001526929 4.233464e-05 1.033765e-05)
(0.001501946 3.666986e-05 8.99854e-06)
(0.00147981 3.18731e-05 7.916643e-06)
(0.001460211 2.779158e-05 7.01548e-06)
(0.001442824 2.430375e-05 6.245847e-06)
(0.001427447 2.130578e-05 5.570462e-06)
(0.001423995 7.21923e-05 6.065813e-05)
(0.001571507 0.0001664754 0.0001143459)
(0.001738796 0.0002189884 0.0001337556)
(0.001876273 0.0002386872 0.0001286085)
(0.001967544 0.0002363663 0.0001111119)
(0.002015905 0.000221541 9.07029e-05)
(0.002032068 0.0002008209 7.15784e-05)
(0.002026732 0.0001784637 5.552662e-05)
(0.002008528 0.0001568479 4.287138e-05)
(0.001983437 0.0001371042 3.32498e-05)
(0.001955273 0.0001196114 2.60814e-05)
(0.001926351 0.0001043534 2.078661e-05)
(0.001898008 9.113905e-05 1.687407e-05)
(0.001870983 7.97221e-05 1.395954e-05)
(0.001845653 6.985774e-05 1.175664e-05)
(0.001822183 6.132574e-05 1.005903e-05)
(0.001800601 5.393429e-05 8.720462e-06)
(0.001780872 4.752316e-05 7.639683e-06)
(0.00176288 4.194954e-05 6.745932e-06)
(0.001746573 3.711202e-05 5.988762e-06)
(0.001417829 4.520408e-05 6.018028e-05)
(0.001541775 0.0001173052 0.0001126485)
(0.001694354 0.000166994 0.0001300641)
(0.001832497 0.0001961799 0.0001233443)
(0.001939523 0.000208825 0.0001054159)
(0.002014151 0.0002094599 8.571136e-05)
(0.002061445 0.0002019897 6.792359e-05)
(0.002087652 0.0001896092 5.327869e-05)
(0.002098631 0.0001747284 4.175933e-05)
(0.00209906 0.0001590193 3.289301e-05)
(0.002092442 0.0001435381 2.613493e-05)
(0.00208131 0.0001288851 2.099904e-05)
(0.002067449 0.0001153543 1.709134e-05)
(0.0020521 0.0001030496 1.410486e-05)
(0.002036114 9.19665e-05 1.180519e-05)
(0.002020071 8.20447e-05 1.001606e-05)
(0.002004354 7.319605e-05 8.605471e-06)
(0.00198922 6.532884e-05 7.476949e-06)
(0.001974806 5.833864e-05 6.557419e-06)
(0.001961236 5.216735e-05 5.800049e-06)
(0.001415886 3.292643e-05 5.953788e-05)
(0.001526902 8.967524e-05 0.0001111051)
(0.001664717 0.0001315388 0.000127381)
(0.001792422 0.0001595243 0.0001192599)
(0.00189605 0.0001759215 0.0001001521)
(0.001974857 0.0001832056 7.989835e-05)
(0.002032709 0.0001835467 6.225985e-05)
(0.002073846 0.0001788355 4.82541e-05)
(0.002102053 0.0001706909 3.758504e-05)
(0.002120325 0.0001604375 2.956441e-05)
(0.002131008 0.0001490957 2.352895e-05)
(0.002135957 0.0001374024 1.895353e-05)
(0.002136632 0.0001258566 1.545304e-05)
(0.002134175 0.0001147736 1.275057e-05)
(0.002129476 0.0001043358 1.064611e-05)
(0.002123222 9.463619e-05 8.993529e-06)
(0.002115939 8.570616e-05 7.683811e-06)
(0.002108027 7.754603e-05 6.636841e-06)
(0.002099787 7.011881e-05 5.788158e-06)
(0.002091448 6.342247e-05 5.104826e-06)
(0.001414898 2.426505e-05 5.939762e-05)
(0.001519035 6.82864e-05 0.0001108278)
(0.001647444 0.0001028598 0.0001267081)
(0.001766154 0.0001279586 0.0001177514)
(0.001862764 0.0001446832 9.762739e-05)
(0.001937748 0.0001544719 7.649746e-05)
(0.001995486 0.0001586808 5.833929e-05)
(0.002040054 0.0001585153 4.420695e-05)
(0.002074606 0.0001550469 3.371606e-05)
(0.002101302 0.0001492101 2.605287e-05)
(0.002121667 0.0001417917 2.044415e-05)
(0.002136868 0.0001334256 1.62901e-05)
(0.002147846 0.0001245992 1.316559e-05)
(0.002155387 0.0001156711 1.077919e-05)
(0.002160155 0.0001068936 8.931833e-06)
(0.002162707 9.843627e-05 7.485845e-06)
(0.00216351 9.040495e-05 6.343057e-06)
(0.00216295 8.286531e-05 5.434125e-06)
(0.002161352 7.583817e-05 4.702102e-06)
(0.002158955 6.936187e-05 4.126668e-06)
(0.001414534 1.881508e-05 5.932742e-05)
(0.001514813 5.36692e-05 0.0001107822)
(0.001637113 8.200946e-05 0.000126659)
(0.001749358 0.0001035517 0.000117422)
(0.001839958 0.0001188872 9.679304e-05)
(0.001910084 0.0001289019 7.507851e-05)
(0.001964627 0.0001344913 5.641532e-05)
(0.002007917 0.00013648 4.194863e-05)
(0.002043117 0.0001356198 3.13073e-05)
(0.00207219 0.0001325821 2.364591e-05)
(0.002096348 0.0001279522 1.814307e-05)
(0.002116403 0.0001222235 1.415288e-05)
(0.002132956 0.0001157981 1.121478e-05)
(0.002146498 0.0001089936 9.014162e-06)
(0.002157451 0.0001020522 7.33923e-06)
(0.00216619 9.515393e-05 6.047091e-06)
(0.002173046 8.842623e-05 5.039094e-06)
(0.002178308 8.196037e-05 4.248059e-06)
(0.002182246 7.580802e-05 3.619482e-06)
(0.002185044 7.002284e-05 3.138788e-06)
(0.001414323 1.470863e-05 5.936731e-05)
(0.001512281 4.228584e-05 0.0001109939)
(0.001630659 6.535647e-05 0.0001270335)
(0.00173849 8.354144e-05 0.0001177646)
(0.001824641 9.710309e-05 9.691978e-05)
(0.001890699 0.0001065546 7.487403e-05)
(0.001941883 0.0001124717 5.585967e-05)
(0.001982744 0.0001154239 4.109284e-05)
(0.002016559 0.0001159591 3.023323e-05)
(0.002045306 0.0001145843 2.243881e-05)
(0.002070131 0.0001117535 1.68761e-05)
(0.002091728 0.0001078585 1.288118e-05)
(0.002110552 0.0001032266 9.975433e-06)
(0.002126937 9.812404e-05 7.829175e-06)
(0.002141159 9.276115e-05 6.219485e-06)
(0.002153458 8.73009e-05 4.996045e-06)
(0.002164053 8.186527e-05 4.055911e-06)
(0.002173134 7.65456e-05 3.329705e-06)
(0.002180901 7.140268e-05 2.762199e-06)
(0.002187469 6.648829e-05 2.338683e-06)
(0.001414222 1.162046e-05 5.941969e-05)
(0.00151073 3.351518e-05 0.000111219)
(0.001626474 5.217343e-05 0.0001274519)
(0.001731206 6.725051e-05 0.0001182581)
(0.001814108 7.8862e-05 9.7358e-05)
(0.001877044 8.730769e-05 7.515732e-05)
(0.001925444 9.295235e-05 5.594398e-05)
(0.001964004 9.618265e-05 4.098072e-05)
(0.001996084 9.73939e-05 2.995211e-05)
(0.0020237 9.696992e-05 2.202579e-05)
(0.002047994 9.526634e-05 1.636849e-05)
(0.00206963 9.259834e-05 1.231175e-05)
(0.002089009 8.92348e-05 9.370632e-06)
(0.002106406 8.53982e-05 7.208947e-06)
(0.002122025 8.12677e-05 5.598077e-06)
(0.002136036 7.698451e-05 4.383082e-06)
(0.002148593 7.265696e-05 3.457676e-06)
(0.002159822 6.836725e-05 2.749924e-06)
(0.002169868 6.417436e-05 2.203385e-06)
(0.002178799 6.012234e-05 1.800612e-06)
(0.001414156 9.114972e-06 5.948082e-05)
(0.001509709 2.633522e-05 0.0001114454)
(0.001623663 4.121561e-05 0.0001278597)
(0.001726216 5.347337e-05 0.0001187668)
(0.001806758 6.314857e-05 9.787319e-05)
(0.001867347 7.04102e-05 7.560158e-05)
(0.001913574 7.548212e-05 5.627583e-05)
(0.001950237 7.861972e-05 4.119021e-05)
(0.001980761 8.010191e-05 3.004696e-05)
(0.002007186 8.021405e-05 2.202175e-05)
(0.002030656 7.923134e-05 1.628344e-05)
(0.002051821 7.740523e-05 1.216277e-05)
(0.002071063 7.495538e-05 9.172775e-06)
(0.002088627 7.206694e-05 6.974816e-06)
(0.002104686 6.889137e-05 5.33789e-06)
(0.002119378 6.554951e-05 4.104897e-06)
(0.002132821 6.213537e-05 3.167818e-06)
(0.00214511 5.872052e-05 2.453071e-06)
(0.002156359 5.535836e-05 1.90355e-06)
(0.002166607 5.208569e-05 1.498816e-06)
(0.001414116 7.032693e-06 5.953218e-05)
(0.00150903 2.03342e-05 0.0001116297)
(0.001621749 3.19381e-05 0.0001281918)
(0.001722754 4.162902e-05 0.0001191941)
(0.001801577 4.941642e-05 9.832922e-05)
(0.001860421 5.539559e-05 7.602899e-05)
(0.001904992 5.9702e-05 5.664106e-05)
(0.001940174 6.250095e-05 4.148146e-05)
(0.001969436 6.398454e-05 3.026504e-05)
(0.001994838 6.435919e-05 2.217352e-05)
(0.002017527 6.383172e-05 1.637772e-05)
(0.002038142 6.259679e-05 1.220839e-05)
(0.002057049 6.082857e-05 9.177759e-06)
(0.002074475 5.867679e-05 6.946158e-06)
(0.002090576 5.626594e-05 5.281554e-06)
(0.002105469 5.36966e-05 4.025884e-06)
(0.002119257 5.104807e-05 3.070366e-06)
(0.002132016 4.838097e-05 2.340531e-06)
(0.002143842 4.574155e-05 1.779115e-06)
(0.002154763 4.31607e-05 1.363342e-06)
(0.001414088 5.226666e-06 5.957372e-05)
(0.001508569 1.511858e-05 0.0001117749)
(0.00162044 2.380722e-05 0.0001284502)
(0.001720361 3.113724e-05 0.0001195303)
(0.001797956 3.710634e-05 9.869619e-05)
(0.001855528 4.176673e-05 7.638503e-05)
(0.001898873 4.519794e-05 5.696076e-05)
(0.001932936 4.750372e-05 4.175467e-05)
(0.001961228 4.881198e-05 3.04907e-05)
(0.001985824 4.926657e-05 2.235513e-05)
(0.002007871 4.901651e-05 1.652033e-05)
(0.002028004 4.820579e-05 1.231717e-05)
(0.002046574 4.6966e-05 9.257421e-06)
(0.002063795 4.54123e-05 7.000767e-06)
(0.002079808 4.364187e-05 5.314563e-06)
(0.002094718 4.173425e-05 4.040194e-06)
(0.002108614 3.975289e-05 3.06847e-06)
(0.002121564 3.774666e-05 2.324413e-06)
(0.002133652 3.575337e-05 1.750783e-06)
(0.002144899 3.379832e-05 1.323191e-06)
(0.00141407 3.613124e-06 5.960354e-05)
(0.001508266 1.045315e-05 0.0001118786)
(0.00161957 1.648859e-05 0.0001286339)
(0.001718755 2.161548e-05 0.0001197715)
(0.001795505 2.582912e-05 9.896289e-05)
(0.001852191 2.91573e-05 7.664854e-05)
(0.001894669 3.164484e-05 5.720307e-05)
(0.001927934 3.335382e-05 4.196804e-05)
(0.001955522 3.436473e-05 3.067374e-05)
(0.001979526 3.477154e-05 2.250968e-05)
(0.002001095 3.467423e-05 1.664947e-05)
(0.002020857 3.417142e-05 1.242412e-05)
(0.002039156 3.335475e-05 9.345126e-06)
(0.002056194 3.230553e-05 7.071737e-06)
(0.002072103 3.109325e-05 5.370887e-06)
(0.002086976 2.977536e-05 4.083577e-06)
(0.002100893 2.839815e-05 3.100345e-06)
(0.002113914 2.699758e-05 2.345877e-06)
(0.002126118 2.560171e-05 1.762976e-06)
(0.002137521 2.422959e-05 1.326209e-06)
(0.001414058 2.121772e-06 5.962285e-05)
(0.00150808 6.139033e-06 0.0001119457)
(0.001619037 9.694049e-06 0.0001287518)
(0.001717765 1.272711e-05 0.0001199269)
(0.001793986 1.523471e-05 9.913582e-05)
(0.001850111 1.723012e-05 7.682092e-05)
(0.001892037 1.873583e-05 5.736341e-05)
(0.001924786 1.978456e-05 4.211119e-05)
(0.001951918 2.04204e-05 3.079857e-05)
(0.001975534 2.069625e-05 2.26172e-05)
(0.001996787 2.06695e-05 1.674149e-05)
(0.002016301 2.039758e-05 1.250263e-05)
(0.002034415 1.993445e-05 9.411946e-06)
(0.002051324 1.932846e-05 7.128415e-06)
(0.002067152 1.862128e-05 5.41869e-06)
(0.002081986 1.78476e-05 4.123517e-06)
(0.002095899 1.703559e-05 3.133242e-06)
(0.002108946 1.620726e-05 2.37233e-06)
(0.0021212 1.537988e-05 1.783598e-06)
(0.002132676 1.456534e-05 1.340987e-06)
(0.002079544 5.946009e-06 4.145952e-06)
(0.002093451 5.677647e-06 3.152379e-06)
(0.002106506 5.403451e-06 2.388439e-06)
(0.00211878 5.129254e-06 1.796953e-06)
(0.002130286 4.859101e-06 1.351564e-06)
(0.001218071 0.0001556402 4.148854e-05)
(0.001103645 0.000144131 5.659986e-05)
(0.0009000108 8.449273e-05 5.532227e-05)
(0.000774157 4.31806e-05 4.058989e-05)
(0.0006866386 2.124754e-05 2.70437e-05)
(0.0006236722 1.114475e-05 1.792186e-05)
(0.0005780605 6.584324e-06 1.222442e-05)
(0.0005433008 4.423136e-06 8.911229e-06)
(0.0005159963 3.278688e-06 6.981002e-06)
(0.000493958 2.58995e-06 5.824637e-06)
(0.000475854 2.120621e-06 5.080831e-06)
(0.0004608054 1.77163e-06 4.549847e-06)
(0.0004481935 1.497875e-06 4.126222e-06)
(0.0004375581 1.276332e-06 3.758237e-06)
(0.0004285424 1.093779e-06 3.422538e-06)
(0.0004208659 9.414042e-07 3.110285e-06)
(0.0004142985 8.134408e-07 2.818141e-06)
(0.0004086644 7.03909e-07 2.546442e-06)
(0.0004037981 6.117449e-07 2.294142e-06)
(0.0003996109 5.233598e-07 2.061471e-06)
(0.001456785 0.0002258734 4.708705e-05)
(0.001581839 0.0002955511 8.701478e-05)
(0.001603191 0.0002630869 0.0001002886)
(0.001578932 0.0002031078 9.095374e-05)
(0.001526201 0.0001485973 7.256323e-05)
(0.001462127 0.0001085415 5.416649e-05)
(0.001397989 8.104646e-05 3.909341e-05)
(0.001338442 6.248409e-05 2.816362e-05)
(0.001285369 4.968255e-05 2.075012e-05)
(0.001238961 4.050738e-05 1.587142e-05)
(0.001198719 3.363883e-05 1.266222e-05)
(0.001163939 2.829967e-05 1.049691e-05)
(0.001133899 2.402974e-05 8.967436e-06)
(0.00110794 2.054565e-05 7.823466e-06)
(0.00108548 1.766257e-05 6.917171e-06)
(0.001066016 1.525255e-05 6.163901e-06)
(0.001049113 1.322256e-05 5.514817e-06)
(0.001034411 1.150082e-05 4.943138e-06)
(0.00102157 1.003487e-05 4.431591e-06)
(0.001010377 8.762364e-06 3.968203e-06)
(0.001434236 0.0001068889 4.885354e-05)
(0.001603631 0.0002128566 9.457415e-05)
(0.00175553 0.0002545849 0.0001125892)
(0.00185152 0.0002496424 0.000108916)
(0.001892194 0.0002229779 9.362525e-05)
(0.00189222 0.0001909254 7.520326e-05)
(0.001867477 0.0001605906 5.78872e-05)
(0.001829819 0.0001345251 4.363929e-05)
(0.00178713 0.0001130176 3.281092e-05)
(0.001743958 9.551014e-05 2.49607e-05)
(0.001702672 8.124499e-05 1.940652e-05)
(0.001664371 6.953253e-05 1.549873e-05)
(0.001629455 5.982294e-05 1.272066e-05)
(0.001597958 5.169918e-05 1.069889e-05)
(0.001569728 4.484847e-05 9.178762e-06)
(0.00154453 3.903438e-05 7.993392e-06)
(0.001522091 3.407424e-05 7.03495e-06)
(0.001502144 2.982491e-05 6.235839e-06)
(0.001484393 2.61711e-05 5.551804e-06)
(0.001468655 2.30136e-05 4.952252e-06)
(0.001420383 7.191543e-05 4.643269e-05)
(0.001557436 0.000166092 9.055207e-05)
(0.001722427 0.0002183469 0.0001086687)
(0.001864289 0.0002378803 0.0001070097)
(0.00196498 0.0002357399 9.440372e-05)
(0.002024887 0.0002215639 7.843892e-05)
(0.002052288 0.0002018157 6.276811e-05)
(0.00205661 0.0001804976 4.917179e-05)
(0.002046031 0.0001597891 3.819654e-05)
(0.002026595 0.0001407215 2.971803e-05)
(0.002002419 0.0001236579 2.333894e-05)
(0.001976181 0.0001086125 1.860297e-05)
(0.001949552 9.544201e-05 1.509684e-05)
(0.001923547 8.39472e-05 1.248519e-05)
(0.001898754 7.392296e-05 1.051292e-05)
(0.001875491 6.517969e-05 8.994428e-06)
(0.001853899 5.754805e-05 7.797581e-06)
(0.00183402 5.088377e-05 6.831406e-06)
(0.001815793 4.505483e-05 6.031633e-06)
(0.0017992 3.996882e-05 5.355218e-06)
(0.001414218 4.514629e-05 4.609204e-05)
(0.001527475 0.0001174396 8.940015e-05)
(0.001677769 0.0001672396 0.0001057639)
(0.001820512 0.0001965172 0.0001026978)
(0.001937016 0.0002094025 8.964698e-05)
(0.002023052 0.0002105554 7.421679e-05)
(0.002081476 0.000203866 5.966937e-05)
(0.002117487 0.0001923931 4.729745e-05)
(0.002136571 0.0001783893 3.732902e-05)
(0.002143417 0.0001634109 2.952397e-05)
(0.002141713 0.0001484588 2.350643e-05)
(0.002134237 0.000134127 1.890156e-05)
(0.002123023 0.0001207327 1.538521e-05)
(0.002109534 0.0001084154 1.269397e-05)
(0.00209481 9.720799e-05 1.062124e-05)
(0.002079582 8.708334e-05 9.009239e-06)
(0.002064354 7.798049e-05 7.738764e-06)
(0.002049471 6.982891e-05 6.722687e-06)
(0.002035142 6.253965e-05 5.894466e-06)
(0.002021539 5.606819e-05 5.213392e-06)
(0.001412264 3.289544e-05 4.542729e-05)
(0.001512471 8.990146e-05 8.789894e-05)
(0.001648 0.0001320814 0.0001032709)
(0.001780479 0.0001603547 9.904657e-05)
(0.001893728 0.0001770828 8.501421e-05)
(0.001983892 0.0001848344 6.910926e-05)
(0.002052651 0.0001858142 5.46811e-05)
(0.002103341 0.0001818611 4.286436e-05)
(0.002139525 0.0001744974 3.364958e-05)
(0.002164286 0.0001649535 2.660238e-05)
(0.002180158 0.0001541853 2.123527e-05)
(0.002189201 0.0001428998 1.713405e-05)
(0.002193061 0.0001315948 1.398096e-05)
(0.002193048 0.0001206022 1.15399e-05)
(0.002190196 0.0001101301 9.636185e-06)
(0.002185313 0.0001002988 8.140099e-06)
(0.002179027 9.116544e-05 6.953844e-06)
(0.002171822 8.275271e-05 6.005212e-06)
(0.002164065 7.504146e-05 5.235802e-06)
(0.002156038 6.804585e-05 4.616585e-06)
(0.001411283 2.430312e-05 4.529046e-05)
(0.001504552 6.863388e-05 8.763161e-05)
(0.001630651 0.0001035741 0.0001026469)
(0.001754236 0.0001289948 9.770358e-05)
(0.001860611 0.0001460406 8.279602e-05)
(0.001946992 0.0001562217 6.612001e-05)
(0.002015515 0.0001609394 5.121966e-05)
(0.002069391 0.0001613855 3.927573e-05)
(0.002111643 0.0001585762 3.021002e-05)
(0.002144608 0.000153378 2.347904e-05)
(0.002170059 0.0001465204 1.849528e-05)
(0.002189381 0.0001385997 1.477469e-05)
(0.002203696 0.0001300873 1.196133e-05)
(0.002213929 0.0001213426 9.804941e-06)
(0.002220857 0.0001126296 8.131508e-06)
(0.002225132 0.0001041358 6.819176e-06)
(0.002227299 9.598669e-05 5.78037e-06)
(0.002227808 8.826699e-05 4.952813e-06)
(0.002227043 8.10146e-05 4.285414e-06)
(0.002225284 7.428363e-05 3.759855e-06)
(0.001410919 1.886565e-05 4.519899e-05)
(0.001500303 5.400539e-05 8.751506e-05)
(0.00162029 8.269493e-05 0.0001025126)
(0.001737491 0.0001045464 9.733808e-05)
(0.001837982 0.0001201711 8.201241e-05)
(0.001919585 0.0001305104 6.483896e-05)
(0.001984881 0.0001365042 4.949743e-05)
(0.00203733 0.0001389814 3.725547e-05)
(0.002079999 0.0001386626 2.80535e-05)
(0.002115087 0.0001361732 2.132368e-05)
(0.002144104 0.0001320528 1.643641e-05)
(0.002168118 0.0001267599 1.286572e-05)
(0.002187926 0.0001206757 1.022285e-05)
(0.00220416 0.0001141095 8.235891e-06)
(0.00221735 0.0001073055 6.719023e-06)
(0.002227946 0.0001004526 5.545611e-06)
(0.002236344 9.369081e-05 4.627821e-06)
(0.002242884 8.712536e-05 3.905419e-06)
(0.00224788 8.082187e-05 3.329937e-06)
(0.002251547 7.484706e-05 2.88778e-06)
(0.00141071 1.476632e-05 4.522176e-05)
(0.00149776 4.259869e-05 8.766242e-05)
(0.001613827 6.597532e-05 0.0001027951)
(0.001726672 8.442756e-05 9.760095e-05)
(0.001822818 9.82277e-05 8.210093e-05)
(0.001900444 0.0001079343 6.464729e-05)
(0.001962404 0.0001141646 4.899906e-05)
(0.00201236 0.0001174997 3.648958e-05)
(0.002053503 0.00011847 2.709085e-05)
(0.002088074 0.0001175504 2.024072e-05)
(0.002117549 0.0001151599 1.529984e-05)
(0.00214291 0.0001116607 1.172608e-05)
(0.002164827 0.0001073593 9.114019e-06)
(0.002183792 0.0001025105 7.17774e-06)
(0.002200188 9.73216e-05 5.721059e-06)
(0.002214332 9.195825e-05 4.61049e-06)
(0.002226502 8.654937e-05 3.754329e-06)
(0.002236931 8.119548e-05 3.090345e-06)
(0.002245856 7.596759e-05 2.569636e-06)
(0.002253413 7.092723e-05 2.178217e-06)
(0.00141061 1.16724e-05 4.525636e-05)
(0.001496202 3.377952e-05 8.782473e-05)
(0.001609639 5.26916e-05 0.0001031205)
(0.001719432 6.79896e-05 9.799969e-05)
(0.001812415 7.979205e-05 8.246501e-05)
(0.001886999 8.843513e-05 6.48868e-05)
(0.001946218 9.432015e-05 4.906862e-05)
(0.001993857 9.784801e-05 3.63864e-05)
(0.002033192 9.940475e-05 2.683689e-05)
(0.002066511 9.935128e-05 1.986851e-05)
(0.002095306 9.801638e-05 1.484305e-05)
(0.002120545 9.569094e-05 1.121454e-05)
(0.002142864 9.262552e-05 8.571769e-06)
(0.002162704 8.903106e-05 6.622779e-06)
(0.002180389 8.50814e-05 5.166098e-06)
(0.002196169 8.091742e-05 4.06397e-06)
(0.002210255 7.665082e-05 3.221653e-06)
(0.002222817 7.236946e-05 2.574589e-06)
(0.002234033 6.813946e-05 2.072872e-06)
(0.002243989 6.401175e-05 1.699953e-06)
(0.001410543 9.159479e-06 4.530352e-05)
(0.001495176 2.65522e-05 8.800186e-05)
(0.001606829 4.163658e-05 0.0001034535)
(0.001714478 5.407047e-05 9.842729e-05)
(0.001805164 6.389365e-05 8.290862e-05)
(0.00187747 7.130421e-05 6.527681e-05)
(0.001934561 7.655724e-05 4.936381e-05)
(0.001980311 7.992253e-05 3.657419e-05)
(0.002018055 8.16745e-05 2.692225e-05)
(0.002050112 8.208215e-05 1.986493e-05)
(0.002077984 8.139997e-05 1.476664e-05)
(0.002102639 7.985982e-05 1.10809e-05)
(0.002124701 7.766583e-05 8.394627e-06)
(0.002144594 7.499262e-05 6.41356e-06)
(0.002162614 7.198589e-05 4.933984e-06)
(0.002178986 6.876476e-05 3.816125e-06)
(0.00219389 6.542465e-05 2.963659e-06)
(0.002207463 6.204053e-05 2.310524e-06)
(0.002219851 5.867072e-05 1.806236e-06)
(0.002231112 5.535686e-05 1.431565e-06)
(0.001410504 7.068106e-06 4.534362e-05)
(0.001494494 2.050412e-05 8.814741e-05)
(0.001604915 3.226625e-05 0.0001037261)
(0.001711043 4.209312e-05 9.87882e-05)
(0.00180006 4.999231e-05 8.330289e-05)
(0.001870673 5.608165e-05 6.565308e-05)
(0.001926148 6.052209e-05 4.968919e-05)
(0.001970431 6.349198e-05 3.683538e-05)
(0.002006898 6.518169e-05 2.711842e-05)
(0.002037891 6.578609e-05 2.000163e-05)
(0.002064919 6.549631e-05 1.485169e-05)
(0.002088947 6.449157e-05 1.112232e-05)
(0.00211059 6.293336e-05 8.399733e-06)
(0.002130259 6.096237e-05 6.388681e-06)
(0.002148238 5.869773e-05 4.884474e-06)
(0.002164737 5.623786e-05 3.746439e-06)
(0.002179919 5.366239e-05 2.877545e-06)
(0.002193908 5.103398e-05 2.210941e-06)
(0.002206831 4.840227e-05 1.695987e-06)
(0.002218736 4.58016e-05 1.311412e-06)
(0.001410476 5.253446e-06 4.53769e-05)
(0.001494032 1.524589e-05 8.826424e-05)
(0.001603607 2.405206e-05 0.0001039407)
(0.001708669 3.14826e-05 9.907482e-05)
(0.001796494 3.753285e-05 8.362245e-05)
(0.001865876 4.227186e-05 6.596829e-05)
(0.001920156 4.579887e-05 4.997529e-05)
(0.001963335 4.822842e-05 3.708133e-05)
(0.001998826 4.96882e-05 2.732214e-05)
(0.002028988 5.03141e-05 2.016576e-05)
(0.002055336 5.024367e-05 1.498069e-05)
(0.00207883 4.960926e-05 1.122089e-05)
(0.002100078 4.85326e-05 8.472162e-06)
(0.002119481 4.712159e-05 6.438658e-06)
(0.002137313 4.546888e-05 4.915104e-06)
(0.002153772 4.36519e-05 3.760313e-06)
(0.002169011 4.173392e-05 2.876875e-06)
(0.002183144 3.976502e-05 2.197487e-06)
(0.002196291 3.778528e-05 1.671517e-06)
(0.002208492 3.582244e-05 1.27631e-06)
(0.001410458 3.631669e-06 4.540088e-05)
(0.001493727 1.054119e-05 8.834802e-05)
(0.001602738 1.665749e-05 0.0001040937)
(0.001707077 2.185336e-05 9.928066e-05)
(0.001794082 2.612196e-05 8.385493e-05)
(0.001862606 2.950271e-05 6.62017e-05)
(0.001916043 3.205441e-05 5.01922e-05)
(0.001958435 3.384714e-05 3.727348e-05)
(0.001993222 3.496175e-05 2.748743e-05)
(0.002022777 3.548706e-05 2.030552e-05)
(0.00204862 3.551527e-05 1.509758e-05)
(0.002071711 3.513684e-05 1.131781e-05)
(0.00209265 3.443639e-05 8.551784e-06)
(0.00211183 3.348996e-05 6.503249e-06)
(0.002129516 3.23636e-05 4.966536e-06)
(0.002145898 3.111302e-05 3.800106e-06)
(0.002161121 2.978421e-05 2.906298e-06)
(0.002175294 2.841375e-05 2.217518e-06)
(0.002188527 2.703118e-05 1.683157e-06)
(0.002200859 2.565718e-05 1.279674e-06)
(0.001410446 2.132655e-06 4.541653e-05)
(0.00149354 6.190767e-06 8.840262e-05)
(0.001602205 9.79304e-06 0.0001041922)
(0.001706096 1.28664e-05 9.94137e-05)
(0.001792587 1.540579e-05 8.400604e-05)
(0.001860569 1.743134e-05 6.63547e-05)
(0.001913468 1.89739e-05 5.033597e-05)
(0.001955353 2.007106e-05 3.740258e-05)
(0.001989684 2.076734e-05 2.760034e-05)
(0.002018843 2.111277e-05 2.040289e-05)
(0.002044355 2.11602e-05 1.5181e-05)
(0.002067178 2.096226e-05 1.138905e-05)
(0.002087909 2.05687e-05 8.612493e-06)
(0.002106934 2.002466e-05 6.554824e-06)
(0.002124514 1.936969e-05 5.010114e-06)
(0.002140832 1.863735e-05 3.836588e-06)
(0.002156028 1.785553e-05 2.936411e-06)
(0.002170205 1.704655e-05 2.241797e-06)
(0.00218347 1.622849e-05 1.702141e-06)
(0.002195859 1.541419e-05 1.293373e-06)
(0.002138355 6.207116e-06 3.857061e-06)
(0.002153534 5.949001e-06 2.953896e-06)
(0.002167709 5.681462e-06 2.256536e-06)
(0.002180984 5.410591e-06 1.714374e-06)
(0.002193395 5.140735e-06 1.30309e-06)
(3.73781e-05 -5.480824e-08 2.186126e-08)
(3.71909e-05 -5.00339e-08 2.013913e-08)
(3.702031e-05 -4.663015e-08 1.836418e-08)
(3.686664e-05 -4.343812e-08 1.688667e-08)
(3.672728e-05 -4.048915e-08 1.550218e-08)
(7.455604e-05 -9.341918e-08 2.747657e-08)
(7.415208e-05 -9.174838e-08 2.58944e-08)
(7.378217e-05 -9.09397e-08 2.361657e-08)
(7.344728e-05 -8.940811e-08 2.181893e-08)
(7.314194e-05 -8.714646e-08 2.011461e-08)
(9.885642e-05 -1.635093e-08 3.153268e-08)
(9.831327e-05 -3.226044e-08 3.002543e-08)
(9.781335e-05 -4.494071e-08 2.734544e-08)
(9.735879e-05 -5.42158e-08 2.529638e-08)
(9.694237e-05 -6.047156e-08 2.337209e-08)
(0.0001155482 1.510982e-07 3.080397e-08)
(0.000114946 1.116146e-07 2.954111e-08)
(0.0001143882 8.017141e-08 2.691397e-08)
(0.000113878 5.526971e-08 2.494069e-08)
(0.0001134078 3.597811e-08 2.310934e-08)
(0.0001268309 3.656544e-07 2.829591e-08)
(0.0001262505 3.03817e-07 2.714305e-08)
(0.0001257094 2.537538e-07 2.481762e-08)
(0.0001252107 2.128032e-07 2.306659e-08)
(0.0001247479 1.795868e-07 2.145573e-08)
(0.0001340557 5.722989e-07 2.273139e-08)
(0.0001335614 4.946117e-07 2.173668e-08)
(0.0001330978 4.306271e-07 1.997867e-08)
(0.0001326668 3.772266e-07 1.864908e-08)
(0.0001322639 3.328085e-07 1.743296e-08)
(0.0001382845 7.455445e-07 1.643052e-08)
(0.0001379114 6.589514e-07 1.556693e-08)
(0.00013756 5.864721e-07 1.439039e-08)
(0.0001372306 5.250835e-07 1.349279e-08)
(0.0001369203 4.731557e-07 1.267661e-08)
(0.00014043 8.661611e-07 1.045494e-08)
(0.0001401836 7.766326e-07 9.6983e-09)
(0.0001399515 7.007027e-07 8.987971e-09)
(0.0001397324 6.357175e-07 8.441732e-09)
(0.0001395247 5.801326e-07 7.954173e-09)
(0.0001412488 9.284034e-07 6.037293e-09)
(0.0001411137 8.403841e-07 5.327147e-09)
(0.0001409876 7.649912e-07 4.892361e-09)
(0.0001408684 7.000052e-07 4.552702e-09)
(0.000140755 6.44018e-07 4.263138e-09)
(0.0001413154 9.312749e-07 3.25855e-09)
(0.000141267 8.481946e-07 2.546908e-09)
(0.0001412243 7.765521e-07 2.229721e-09)
(0.0001411847 7.145177e-07 1.974749e-09)
(0.0001411475 6.608369e-07 1.771522e-09)
(0.0001410221 8.797661e-07 1.867285e-09)
(0.0001410356 8.044194e-07 1.12466e-09)
(0.000141053 7.39164e-07 8.272904e-10)
(0.0001410713 6.824962e-07 5.79298e-10)
(0.0001410901 6.33327e-07 3.884912e-10)
(0.000140609 7.813792e-07 1.344641e-09)
(0.0001406645 7.161741e-07 5.629275e-10)
(0.0001407226 6.595482e-07 2.448475e-10)
(0.0001407803 6.102814e-07 -2.854466e-11)
(0.0001408374 5.674612e-07 -2.395284e-10)
(0.0001402075 6.452453e-07 1.279466e-09)
(0.0001402904 5.922464e-07 4.629876e-10)
(0.0001403749 5.461392e-07 1.169859e-10)
(0.0001404583 5.059709e-07 -1.870949e-10)
(0.0001405403 4.710183e-07 -4.253555e-10)
(0.0001398811 4.805341e-07 1.382958e-09)
(0.0001399813 4.414244e-07 5.406895e-10)
(0.0001400825 4.073605e-07 1.730759e-10)
(0.0001401818 3.77656e-07 -1.551475e-10)
(0.0001402793 3.517875e-07 -4.157295e-10)
(0.0001396565 2.960369e-07 1.50613e-09)
(0.0001397669 2.720619e-07 6.476307e-10)
(0.0001398778 2.511645e-07 2.671578e-10)
(0.0001399865 2.329298e-07 -7.613358e-11)
(0.0001400929 2.170412e-07 -3.509998e-10)
(9.781652e-05 -1.179223e-07 1.853762e-07)
(9.731514e-05 -1.08531e-07 1.715722e-07)
(9.685765e-05 -1.018705e-07 1.576566e-07)
(9.644418e-05 -9.55316e-08 1.450859e-07)
(9.606866e-05 -8.956576e-08 1.335225e-07)
(0.0002073132 -9.233028e-08 3.046278e-07)
(0.0002061713 -1.032828e-07 2.847759e-07)
(0.000205125 -1.137066e-07 2.627891e-07)
(0.0002041746 -1.210009e-07 2.427657e-07)
(0.0002033073 -1.251895e-07 2.243163e-07)
(0.0002797509 3.346704e-07 3.552904e-07)
(0.0002781946 2.592278e-07 3.339683e-07)
(0.0002767615 1.964637e-07 3.086688e-07)
(0.0002754538 1.454804e-07 2.855521e-07)
(0.0002742547 1.049558e-07 2.64376e-07)
(0.0003295983 1.037614e-06 3.589169e-07)
(0.0003278676 8.807632e-07 3.382947e-07)
(0.000326264 7.500561e-07 3.131602e-07)
(0.0003247916 6.410042e-07 2.901513e-07)
(0.0003234333 5.506269e-07 2.692218e-07)
(0.0003632782 1.85266e-06 3.311855e-07)
(0.0003616168 1.621289e-06 3.121434e-07)
(0.0003600666 1.426054e-06 2.895234e-07)
(0.0003586322 1.260285e-06 2.688793e-07)
(0.0003572994 1.119771e-06 2.502048e-07)
(0.0003848014 2.592683e-06 2.742246e-07)
(0.0003834024 2.310524e-06 2.578565e-07)
(0.0003820882 2.069304e-06 2.396341e-07)
(0.0003808615 1.861688e-06 2.231824e-07)
(0.0003797124 1.682951e-06 2.083867e-07)
(0.000397349 3.160388e-06 2.049176e-07)
(0.0003963172 2.853255e-06 1.915221e-07)
(0.0003953423 2.587625e-06 1.780605e-07)
(0.0003944245 2.356514e-06 1.661881e-07)
(0.0003935574 2.15526e-06 1.556176e-07)
(0.0004036655 3.502112e-06 1.386769e-07)
(0.0004030156 3.191702e-06 1.277834e-07)
(0.0004023998 2.92084e-06 1.182337e-07)
(0.0004018157 2.683326e-06 1.101649e-07)
(0.0004012595 2.474855e-06 1.031395e-07)
(0.0004060265 3.615962e-06 8.722583e-08)
(0.0004057102 3.317582e-06 7.785462e-08)
(0.0004054126 3.055608e-06 7.073747e-08)
(0.0004051292 2.824705e-06 6.507668e-08)
(0.0004048575 2.621024e-06 6.034197e-08)
(0.0004061564 3.520658e-06 5.35923e-08)
(0.0004060983 3.244801e-06 4.480349e-08)
(0.0004060498 3.001684e-06 3.876442e-08)
(0.0004060051 2.786765e-06 3.420882e-08)
(0.0004059624 2.596666e-06 3.056893e-08)
(0.0004052289 3.248705e-06 3.53621e-08)
(0.0004053543 3.0029e-06 2.653557e-08)
(0.0004054842 2.785801e-06 2.068798e-08)
(0.0004056121 2.593583e-06 1.636292e-08)
(0.0004057367 2.42334e-06 1.299054e-08)
(0.0004039592 2.834129e-06 2.756119e-08)
(0.0004042078 2.624356e-06 1.842686e-08)
(0.0004044576 2.438853e-06 1.236438e-08)
(0.0004047023 2.27448e-06 7.852283e-09)
(0.0004049409 2.128816e-06 4.334404e-09)
(0.0004027358 2.309683e-06 2.556209e-08)
(0.0004030641 2.140938e-06 1.608404e-08)
(0.0004033915 1.9916e-06 9.714284e-09)
(0.0004037118 1.859208e-06 4.906356e-09)
(0.0004040241 1.741856e-06 1.120741e-09)
(0.0004017455 1.70438e-06 2.605074e-08)
(0.0004021239 1.580754e-06 1.629949e-08)
(0.0004024996 1.471285e-06 9.674658e-09)
(0.0004028667 1.374205e-06 4.612128e-09)
(0.0004032246 1.288139e-06 5.859379e-10)
(0.0004010657 1.043953e-06 2.711785e-08)
(0.0004014734 9.68511e-07 1.719123e-08)
(0.0004018772 9.016821e-07 1.040272e-08)
(0.0004022714 8.424016e-07 5.172821e-09)
(0.0004026554 7.898394e-07 9.843692e-10)
(0.0001478884 -1.458592e-07 4.587133e-07)
(0.000147117 -1.350774e-07 4.251199e-07)
(0.0001464124 -1.277468e-07 3.917873e-07)
(0.0001457744 -1.206099e-07 3.612041e-07)
(0.0001451942 -1.137346e-07 3.330171e-07)
(0.0003256442 8.726222e-08 7.76121e-07)
(0.0003238256 5.000364e-08 7.24525e-07)
(0.0003221583 1.641475e-08 6.702046e-07)
(0.0003206408 -1.07302e-08 6.197661e-07)
(0.0003192545 -3.159966e-08 5.731899e-07)
(0.0004449742 1.053409e-06 9.108245e-07)
(0.0004424701 8.929739e-07 8.53784e-07)
(0.0004401636 7.567474e-07 7.911749e-07)
(0.0004380543 6.421407e-07 7.326399e-07)
(0.0004361184 5.467373e-07 6.787904e-07)
(0.0005273844 2.487089e-06 9.277377e-07)
(0.0005245944 2.176514e-06 8.711892e-07)
(0.0005220082 1.912061e-06 8.085309e-07)
(0.0005196278 1.686192e-06 7.498158e-07)
(0.0005174297 1.493785e-06 6.960873e-07)
(0.0005830733 4.071123e-06 8.59671e-07)
(0.000580406 3.626253e-06 8.070322e-07)
(0.0005779153 3.243199e-06 7.501282e-07)
(0.0005756044 2.911757e-06 6.970859e-07)
(0.0005734543 2.624951e-06 6.488034e-07)
(0.0006185827 5.461017e-06 7.175819e-07)
(0.000616362 4.927486e-06 6.721669e-07)
(0.0006142723 4.462734e-06 6.254808e-07)
(0.0006123159 4.056011e-06 5.825896e-07)
(0.0006104796 3.699717e-06 5.438135e-07)
(0.0006391824 6.469619e-06 5.419253e-07)
(0.0006375817 5.897189e-06 5.048529e-07)
(0.0006360646 5.393498e-06 4.694629e-07)
(0.0006346308 4.948513e-06 4.378336e-07)
(0.0006332723 4.554921e-06 4.095875e-07)
(0.0006494503 7.012423e-06 3.729351e-07)
(0.0006484904 6.442209e-06 3.42988e-07)
(0.000647576 5.936665e-06 3.170098e-07)
(0.0006467037 5.486917e-06 2.948309e-07)
(0.000645869 5.086353e-06 2.755062e-07)
(0.0006531868 7.106928e-06 2.401437e-07)
(0.0006527831 6.566829e-06 2.14675e-07)
(0.0006523997 6.085595e-06 1.946603e-07)
(0.0006520305 5.65553e-06 1.785688e-07)
(0.0006516728 5.270819e-06 1.651058e-07)
(0.0006532649 6.812364e-06 1.522991e-07)
(0.0006532887 6.319916e-06 1.286999e-07)
(0.0006533183 5.879911e-06 1.113887e-07)
(0.0006533461 5.485723e-06 9.816384e-08)
(0.0006533699 5.132299e-06 8.757157e-08)
(0.0006516308 6.20587e-06 1.037699e-07)
(0.000651956 5.772336e-06 8.028474e-08)
(0.0006522792 5.384437e-06 6.34947e-08)
(0.0006525923 5.036549e-06 5.093382e-08)
(0.0006528933 4.724357e-06 4.110914e-08)
(0.0006494628 5.359196e-06 8.233779e-08)
(0.0006499885 4.992792e-06 5.816235e-08)
(0.0006505078 4.664751e-06 4.085953e-08)
(0.0006510126 4.370435e-06 2.787841e-08)
(0.0006515013 4.106273e-06 1.774125e-08)
(0.0006473957 4.334052e-06 7.62447e-08)
(0.0006480501 4.041468e-06 5.122644e-08)
(0.0006486952 3.779423e-06 3.315394e-08)
(0.0006493231 3.544291e-06 1.94467e-08)
(0.0006499324 3.333265e-06 8.655971e-09)
(0.000645731 3.180805e-06 7.69509e-08)
(0.0006464656 2.96756e-06 5.124451e-08)
(0.0006471886 2.776521e-06 3.251772e-08)
(0.0006478924 2.605088e-06 1.816864e-08)
(0.0006485759 2.451247e-06 6.77311e-09)
(0.0006445914 1.941506e-06 7.942066e-08)
(0.0006453726 1.8118e-06 5.326764e-08)
(0.0006461406 1.695576e-06 3.411302e-08)
(0.000646888 1.591271e-06 1.933508e-08)
(0.0006476139 1.497674e-06 7.525113e-09)
(0.0001901824 -1.452066e-07 8.019623e-07)
(0.0001891751 -1.352674e-07 7.438386e-07)
(0.0001882545 -1.292799e-07 6.868567e-07)
(0.0001874195 -1.231786e-07 6.341425e-07)
(0.0001866593 -1.170545e-07 5.854441e-07)
(0.0004312274 4.340367e-07 1.381721e-06)
(0.0004287873 3.588118e-07 1.288788e-06)
(0.0004265491 2.913145e-07 1.193936e-06)
(0.0004245091 2.343086e-07 1.105088e-06)
(0.0004226437 1.874144e-07 1.022827e-06)
(0.0005955747 2.116634e-06 1.630398e-06)
(0.0005921849 1.848599e-06 1.525577e-06)
(0.0005890613 1.617714e-06 1.41576e-06)
(0.0005862005 1.419496e-06 1.312141e-06)
(0.0005835721 1.250343e-06 1.216452e-06)
(0.0007096096 4.465028e-06 1.670721e-06)
(0.0007058274 3.967893e-06 1.565085e-06)
(0.0007023196 3.538463e-06 1.454397e-06)
(0.0006990853 3.166014e-06 1.349829e-06)
(0.0006960952 2.843256e-06 1.253699e-06)
(0.0007867057 6.977378e-06 1.554073e-06)
(0.0007831077 6.279182e-06 1.454995e-06)
(0.0007797446 5.669887e-06 1.353659e-06)
(0.0007766174 5.135717e-06 1.258615e-06)
(0.0007737032 4.667029e-06 1.171711e-06)
(0.0008357406 9.125549e-06 1.304892e-06)
(0.0008327832 8.298607e-06 1.218992e-06)
(0.0008299951 7.569106e-06 1.134756e-06)
(0.0008273771 6.922969e-06 1.057054e-06)
(0.0008249146 6.349958e-06 9.865557e-07)
(0.0008640166 1.061672e-05 9.931862e-07)
(0.0008619405 9.73965e-06 9.229454e-07)
(0.0008599662 8.958557e-06 8.579747e-07)
(0.0008580923 8.260576e-06 7.997559e-07)
(0.0008563108 7.636102e-06 7.476555e-07)
(0.0008779383 1.133922e-05 6.916582e-07)
(0.0008767664 1.047595e-05 6.349667e-07)
(0.0008756427 9.701635e-06 5.862415e-07)
(0.000874563 9.00506e-06 5.445097e-07)
(0.0008735233 8.377749e-06 5.081143e-07)
(0.0008828328 1.134547e-05 4.52939e-07)
(0.0008824396 1.053783e-05 4.049388e-07)
(0.0008820599 9.810042e-06 3.666495e-07)
(0.0008816869 9.152441e-06 3.356586e-07)
(0.0008813184 8.557719e-06 3.096919e-07)
(0.0008827154 1.075502e-05 2.937909e-07)
(0.0008829154 1.002728e-05 2.495977e-07)
(0.0008831099 9.369839e-06 2.161216e-07)
(0.0008832903 8.774405e-06 1.902677e-07)
(0.0008834549 8.234715e-06 1.694844e-07)
(0.0008802904 9.706015e-06 2.048379e-07)
(0.0008809044 9.07196e-06 1.611165e-07)
(0.0008815033 8.498512e-06 1.286287e-07)
(0.0008820782 7.978661e-06 1.040303e-07)
(0.0008826272 7.507099e-06 8.470048e-08)
(0.0008771808 8.318478e-06 1.647934e-07)
(0.0008780672 7.787117e-06 1.199694e-07)
(0.0008789339 7.306363e-06 8.661787e-08)
(0.0008797716 6.87045e-06 6.132863e-08)
(0.0008805787 6.475013e-06 4.150409e-08)
(0.0008742513 6.688075e-06 1.527444e-07)
(0.0008753109 6.266497e-06 1.064682e-07)
(0.0008763477 5.88501e-06 7.176599e-08)
(0.0008773527 5.53912e-06 4.521199e-08)
(0.0008783244 5.225416e-06 2.425473e-08)
(0.0008719063 4.887834e-06 1.533538e-07)
(0.0008730727 4.581979e-06 1.058665e-07)
(0.000874214 4.305175e-06 6.999712e-08)
(0.0008753214 4.054216e-06 4.230625e-08)
(0.0008763937 3.826658e-06 2.028102e-08)
(0.0008703061 2.975366e-06 1.574515e-07)
(0.0008715343 2.789873e-06 1.091713e-07)
(0.0008727357 2.621977e-06 7.252963e-08)
(0.0008739016 2.469759e-06 4.407121e-08)
(0.0008750311 2.331755e-06 2.130674e-08)
(0.0002264263 -1.216528e-07 1.170757e-06)
(0.000225211 -1.141038e-07 1.086732e-06)
(0.0002240995 -1.109698e-07 1.005047e-06)
(0.0002230902 -1.073023e-07 9.290839e-07)
(0.0002221704 -1.032103e-07 8.587332e-07)
(0.0005254775 9.308876e-07 2.048476e-06)
(0.0005224676 8.081281e-07 1.909776e-06)
(0.0005197055 6.976155e-07 1.771207e-06)
(0.0005171852 6.021356e-07 1.640836e-06)
(0.0005148784 5.211041e-07 1.519817e-06)
(0.0007324937 3.491184e-06 2.430633e-06)
(0.0007282796 3.096495e-06 2.271511e-06)
(0.0007243948 2.752784e-06 2.110057e-06)
(0.0007208325 2.453634e-06 1.957188e-06)
(0.0007175564 2.194254e-06 1.815563e-06)
(0.0008769031 6.922141e-06 2.504189e-06)
(0.0008721975 6.210539e-06 2.341644e-06)
(0.0008678305 5.589364e-06 2.177672e-06)
(0.0008637979 5.044589e-06 2.022503e-06)
(0.0008600652 4.566765e-06 1.879356e-06)
(0.0009746041 1.050783e-05 2.338396e-06)
(0.0009701536 9.52262e-06 2.184759e-06)
(0.0009659887 8.654413e-06 2.033423e-06)
(0.0009621082 7.885701e-06 1.891503e-06)
(0.0009584858 7.20425e-06 1.761338e-06)
(0.00103657 1.351083e-05 1.973747e-06)
(0.001032965 1.23556e-05 1.839775e-06)
(0.001029559 1.132691e-05 1.712552e-06)
(0.001026351 1.040727e-05 1.595374e-06)
(0.001023327 9.583979e-06 1.488829e-06)
(0.001072057 1.55188e-05 1.512638e-06)
(0.001069604 1.430555e-05 1.40267e-06)
(0.00106726 1.321507e-05 1.303149e-06)
(0.001065026 1.223173e-05 1.214125e-06)
(0.001062893 1.134393e-05 1.13437e-06)
(0.001089278 1.639705e-05 1.064218e-06)
(0.001087996 1.521542e-05 9.752866e-07)
(0.001086756 1.414568e-05 8.994048e-07)
(0.001085552 1.317453e-05 8.344004e-07)
(0.001084384 1.229202e-05 7.776742e-07)
(0.001095082 1.624832e-05 7.071257e-07)
(0.001094799 1.515496e-05 6.319023e-07)
(0.001094515 1.41604e-05 5.71386e-07)
(0.001094222 1.325341e-05 5.22172e-07)
(0.001093919 1.242563e-05 4.808632e-07)
(0.001094613 1.527141e-05 4.676398e-07)
(0.001095084 1.429661e-05 3.986218e-07)
(0.00109553 1.340759e-05 3.452978e-07)
(0.001095944 1.259485e-05 3.037221e-07)
(0.001096323 1.185135e-05 2.701578e-07)
(0.001091313 1.368078e-05 3.32643e-07)
(0.001092303 1.283941e-05 2.646446e-07)
(0.001093259 1.207121e-05 2.128791e-07)
(0.001094171 1.136823e-05 1.732359e-07)
(0.001095038 1.072457e-05 1.419097e-07)
(0.001087224 1.165433e-05 2.71026e-07)
(0.001088552 1.095463e-05 2.01546e-07)
(0.001089841 1.031557e-05 1.485653e-07)
(0.001091082 9.730656e-06 1.079545e-07)
(0.001092273 9.19507e-06 7.595586e-08)
(0.001083422 9.325996e-06 2.517607e-07)
(0.001084962 8.774128e-06 1.801878e-07)
(0.00108646 8.270041e-06 1.252309e-07)
(0.001087908 7.808702e-06 8.277151e-08)
(0.001089304 7.386377e-06 4.912369e-08)
(0.001080398 6.792338e-06 2.51917e-07)
(0.001082068 6.393638e-06 1.785672e-07)
(0.001083694 6.029438e-06 1.218797e-07)
(0.001085267 5.69616e-06 7.773843e-08)
(0.001086787 5.391146e-06 4.251474e-08)
(0.001078343 4.125487e-06 2.576522e-07)
(0.001080086 3.884335e-06 1.831301e-07)
(0.001081785 3.664032e-06 1.252877e-07)
(0.00108343 3.462445e-06 8.000215e-08)
(0.00108502 3.277986e-06 4.367964e-08)
(0.000257796 -7.958896e-08 1.53133e-06)
(0.0002563968 -7.551992e-08 1.422512e-06)
(0.000255116 -7.635535e-08 1.317349e-06)
(0.000253952 -7.618561e-08 1.219187e-06)
(0.0002528901 -7.511478e-08 1.128056e-06)
(0.0006095654 1.556262e-06 2.716237e-06)
(0.0006060359 1.378612e-06 2.531711e-06)
(0.0006027952 1.217899e-06 2.350177e-06)
(0.0005998353 1.077003e-06 2.179e-06)
(0.0005971241 9.552e-07 2.019733e-06)
(0.0008565628 5.134102e-06 3.241358e-06)
(0.0008515874 4.597921e-06 3.026432e-06)
(0.0008469986 4.126944e-06 2.813324e-06)
(0.0008427862 3.712856e-06 2.61142e-06)
(0.0008389086 3.349734e-06 2.423895e-06)
(0.001029826 9.79322e-06 3.356634e-06)
(0.001024269 8.845457e-06 3.134415e-06)
(0.001019109 8.011339e-06 2.916255e-06)
(0.001014336 7.273521e-06 2.710084e-06)
(0.001009914 6.620451e-06 2.519434e-06)
(0.001147146 1.457704e-05 3.146861e-06)
(0.001141927 1.327906e-05 2.93516e-06)
(0.001137035 1.212643e-05 2.732156e-06)
(0.001132468 1.109792e-05 2.542361e-06)
(0.001128197 1.017877e-05 2.367978e-06)
(0.001221332 1.85154e-05 2.669282e-06)
(0.001217174 1.700616e-05 2.4835e-06)
(0.001213234 1.565217e-05 2.311067e-06)
(0.001209513 1.44326e-05 2.152885e-06)
(0.001205993 1.333246e-05 2.008926e-06)
(0.001263495 2.106468e-05 2.058823e-06)
(0.001260766 1.949345e-05 1.905557e-06)
(0.001258146 1.807049e-05 1.768996e-06)
(0.001255634 1.677765e-05 1.647285e-06)
(0.001253223 1.560162e-05 1.53823e-06)
(0.001283626 2.207187e-05 1.462027e-06)
(0.001282337 2.055624e-05 1.337625e-06)
(0.001281073 1.917329e-05 1.232046e-06)
(0.001279832 1.790804e-05 1.141711e-06)
(0.001278611 1.674943e-05 1.062871e-06)
(0.001290078 2.170498e-05 9.844256e-07)
(0.001290005 2.031675e-05 8.790796e-07)
(0.001289907 1.904353e-05 7.938558e-07)
(0.001289777 1.787304e-05 7.243129e-07)
(0.001289616 1.67963e-05 6.658402e-07)
(0.001289104 2.025963e-05 6.625755e-07)
(0.001289937 1.903405e-05 5.660692e-07)
(0.00129072 1.790675e-05 4.90499e-07)
(0.001291444 1.686757e-05 4.31105e-07)
(0.001292111 1.590914e-05 3.829461e-07)
(0.001284854 1.804048e-05 4.799718e-07)
(0.001286303 1.699184e-05 3.851672e-07)
(0.001287692 1.602605e-05 3.117876e-07)
(0.001289012 1.513471e-05 2.550248e-07)
(0.001290264 1.431176e-05 2.099077e-07)
(0.001279762 1.529154e-05 3.957562e-07)
(0.001281605 1.442571e-05 2.991538e-07)
(0.001283386 1.362796e-05 2.24241e-07)
(0.001285095 1.28915e-05 1.662481e-07)
(0.001286731 1.221143e-05 1.202939e-07)
(0.001275088 1.218843e-05 3.686885e-07)
(0.001277176 1.150928e-05 2.693761e-07)
(0.0012792 1.088346e-05 1.918737e-07)
(0.00128115 1.030576e-05 1.314521e-07)
(0.001283026 9.772416e-06 8.333624e-08)
(0.001271398 8.851509e-06 3.681049e-07)
(0.001273633 8.362783e-06 2.664557e-07)
(0.001275803 7.91241e-06 1.866601e-07)
(0.001277897 7.496717e-06 1.240084e-07)
(0.001279918 7.113032e-06 7.380679e-08)
(0.001268898 5.366047e-06 3.753611e-07)
(0.001271217 5.071186e-06 2.721603e-07)
(0.001273469 4.799447e-06 1.908237e-07)
(0.001275646 4.548649e-06 1.266459e-07)
(0.001277747 4.317202e-06 7.498198e-08)
(0.0002851091 -2.308843e-08 1.856158e-06)
(0.0002835472 -2.322753e-08 1.725554e-06)
(0.0002821166 -2.879564e-08 1.599879e-06)
(0.0002808153 -3.288512e-08 1.482233e-06)
(0.0002796272 -3.555924e-08 1.372763e-06)
(0.0006844522 2.285068e-06 3.333053e-06)
(0.000680452 2.047468e-06 3.106357e-06)
(0.0006767772 1.831461e-06 2.885871e-06)
(0.0006734181 1.640059e-06 2.677744e-06)
(0.0006703387 1.472505e-06 2.483711e-06)
(0.0009685105 6.993422e-06 4.000202e-06)
(0.0009628392 6.305639e-06 3.732504e-06)
(0.0009576054 5.6972e-06 3.471564e-06)
(0.0009527963 5.157976e-06 3.22454e-06)
(0.0009483655 4.681029e-06 2.99468e-06)
(0.001168877 1.299773e-05 4.163245e-06)
(0.001162547 1.179932e-05 3.883374e-06)
(0.001156662 1.073752e-05 3.614052e-06)
(0.001151213 9.791786e-06 3.360241e-06)
(0.001146156 8.9486e-06 3.125198e-06)
(0.001304671 1.907834e-05 3.918854e-06)
(0.00129877 1.74511e-05 3.650108e-06)
(0.00129323 1.599688e-05 3.397427e-06)
(0.001288047 1.469091e-05 3.162208e-06)
(0.001283191 1.351608e-05 2.945935e-06)
(0.001390268 2.401255e-05 3.340069e-06)
(0.001385654 2.213417e-05 3.10263e-06)
(0.001381268 2.043833e-05 2.885903e-06)
(0.00137711 1.89012e-05 2.68808e-06)
(0.001373166 1.750573e-05 2.50806e-06)
(0.001438522 2.711625e-05 2.591986e-06)
(0.00143562 2.517627e-05 2.394964e-06)
(0.001432816 2.340775e-05 2.221397e-06)
(0.001430109 2.179054e-05 2.067378e-06)
(0.001427495 2.030993e-05 1.929461e-06)
(0.001461156 2.822319e-05 1.85675e-06)
(0.001459962 2.636859e-05 1.696079e-06)
(0.001458768 2.466441e-05 1.560251e-06)
(0.001457572 2.30946e-05 1.444249e-06)
(0.001456375 2.164744e-05 1.343036e-06)
(0.001467999 2.758062e-05 1.265776e-06)
(0.001468231 2.589807e-05 1.129383e-06)
(0.001468407 2.434326e-05 1.018599e-06)
(0.001468519 2.290354e-05 9.279741e-07)
(0.001468574 2.156977e-05 8.516576e-07)
(0.001466382 2.559657e-05 8.659353e-07)
(0.001467662 2.412489e-05 7.410202e-07)
(0.00146886 2.276043e-05 6.422529e-07)
(0.001469967 2.149306e-05 5.641092e-07)
(0.001470988 2.031552e-05 5.004807e-07)
(0.001461125 2.267769e-05 6.37939e-07)
(0.001463107 2.142884e-05 5.154705e-07)
(0.001464999 2.026916e-05 4.195391e-07)
(0.001466792 1.919046e-05 3.446908e-07)
(0.001468487 1.81869e-05 2.848569e-07)
(0.001455022 1.914073e-05 5.3196e-07)
(0.001457446 1.811657e-05 4.074526e-07)
(0.00145978 1.716501e-05 3.09725e-07)
(0.001462013 1.62795e-05 2.334142e-07)
(0.001464146 1.545541e-05 1.725966e-07)
(0.001449493 1.520527e-05 4.972047e-07)
(0.001452187 1.440609e-05 3.69434e-07)
(0.00145479 1.366344e-05 2.685605e-07)
(0.001457293 1.297234e-05 1.892858e-07)
(0.001459696 1.232924e-05 1.258326e-07)
(0.001445158 1.101505e-05 4.957195e-07)
(0.001448011 1.044209e-05 3.650971e-07)
(0.001450775 9.909612e-06 2.614107e-07)
(0.001453437 9.414135e-06 1.793952e-07)
(0.001456001 8.953174e-06 1.133809e-07)
(0.001442234 6.666809e-06 5.043026e-07)
(0.001445177 6.32195e-06 3.717761e-07)
(0.00144803 6.001435e-06 2.661891e-07)
(0.001450782 5.703207e-06 1.822894e-07)
(0.001453435 5.425795e-06 1.144721e-07)
(0.0003089466 4.389901e-08 2.12268e-06)
(0.0003072417 3.913316e-08 1.974749e-06)
(0.0003056788 2.838977e-08 1.832854e-06)
(0.0003042563 1.956255e-08 1.699716e-06)
(0.0003029566 1.266975e-08 1.575569e-06)
(0.000750924 3.089494e-06 3.854324e-06)
(0.0007465017 2.789205e-06 3.592214e-06)
(0.0007424367 2.514961e-06 3.339476e-06)
(0.0007387183 2.269917e-06 3.100807e-06)
(0.000735307 2.053391e-06 2.877932e-06)
(0.001068971 9.00964e-06 4.651978e-06)
(0.001062672 8.165154e-06 4.338566e-06)
(0.001056854 7.413599e-06 4.03696e-06)
(0.001051504 6.743167e-06 3.751859e-06)
(0.00104657 6.146061e-06 3.486219e-06)
(0.001294504 1.644193e-05 4.86545e-06)
(0.001287482 1.498617e-05 4.534383e-06)
(0.001280946 1.368894e-05 4.220518e-06)
(0.001274885 1.252683e-05 3.925716e-06)
(0.001269255 1.148451e-05 3.652517e-06)
(0.001447486 2.388663e-05 4.598613e-06)
(0.001440997 2.192369e-05 4.278191e-06)
(0.001434891 2.015975e-05 3.981309e-06)
(0.001429166 1.856697e-05 3.706238e-06)
(0.001423792 1.712612e-05 3.453334e-06)
(0.001543605 2.985381e-05 3.937952e-06)
(0.001538636 2.760249e-05 3.652876e-06)
(0.001533893 2.555849e-05 3.395872e-06)
(0.001529379 2.369566e-05 3.162493e-06)
(0.001525082 2.199518e-05 2.95028e-06)
(0.001597338 3.351263e-05 3.074102e-06)
(0.001594364 3.120463e-05 2.836071e-06)
(0.001591466 2.908798e-05 2.628118e-06)
(0.001588646 2.714132e-05 2.444395e-06)
(0.001585904 2.534899e-05 2.280063e-06)
(0.00162207 3.468894e-05 2.220485e-06)
(0.001621068 3.250116e-05 2.025341e-06)
(0.001620031 3.047767e-05 1.860821e-06)
(0.001618958 2.860223e-05 1.720591e-06)
(0.001617858 2.686292e-05 1.598307e-06)
(0.001629067 3.372135e-05 1.531592e-06)
(0.001629691 3.175448e-05 1.365392e-06)
(0.001630219 2.992404e-05 1.22997e-06)
(0.001630646 2.82178e-05 1.118976e-06)
(0.001630981 2.662697e-05 1.025379e-06)
(0.001626691 3.114318e-05 1.063925e-06)
(0.001628493 2.943799e-05 9.116188e-07)
(0.001630175 2.784508e-05 7.90306e-07)
(0.001631728 2.6355e-05 6.937862e-07)
(0.00163316 2.496112e-05 6.148849e-07)
(0.001620395 2.747229e-05 7.961998e-07)
(0.001622972 2.603666e-05 6.470705e-07)
(0.001625426 2.469303e-05 5.29199e-07)
(0.001627744 2.343393e-05 4.36555e-07)
(0.001629933 2.225422e-05 3.620914e-07)
(0.001613294 2.31028e-05 6.710192e-07)
(0.001616351 2.193307e-05 5.196871e-07)
(0.001619287 2.083747e-05 3.998234e-07)
(0.001622089 1.981016e-05 3.055267e-07)
(0.001624762 1.884712e-05 2.299561e-07)
(0.001606942 1.829927e-05 6.293651e-07)
(0.001610285 1.739103e-05 4.743104e-07)
(0.00161351 1.654012e-05 3.508366e-07)
(0.001616604 1.574216e-05 2.531207e-07)
(0.001619572 1.49941e-05 1.745085e-07)
(0.001601995 1.322785e-05 6.26961e-07)
(0.001605506 1.257901e-05 4.686156e-07)
(0.0016089 1.197104e-05 3.41887e-07)
(0.001612164 1.140092e-05 2.409916e-07)
(0.001615304 1.086653e-05 1.594091e-07)
(0.001598672 7.994755e-06 6.366266e-07)
(0.001602276 7.605112e-06 4.760736e-07)
(0.001605762 7.239981e-06 3.471358e-07)
(0.001609121 6.897583e-06 2.440468e-07)
(0.001612355 6.576681e-06 1.603666e-07)
(0.0003297308 1.175813e-07 2.313492e-06)
(0.0003279009 1.080363e-07 2.153716e-06)
(0.0003262223 9.19588e-08 2.000826e-06)
(0.0003246936 7.817393e-08 1.857092e-06)
(0.000323296 6.681978e-08 1.722813e-06)
(0.0003220169 5.731845e-08 1.597795e-06)
(0.0008096244 3.939972e-06 4.2439e-06)
(0.0008048282 3.576506e-06 3.955547e-06)
(0.0008004166 3.243201e-06 3.679327e-06)
(0.0007963784 2.943332e-06 3.418468e-06)
(0.0007926711 2.676398e-06 3.174547e-06)
(0.0007892632 2.438728e-06 2.946967e-06)
(0.001158496 1.11178e-05 5.150471e-06)
(0.001151639 1.011653e-05 4.801736e-06)
(0.0011453 9.220815e-06 4.469383e-06)
(0.001139466 8.417343e-06 4.155751e-06)
(0.00113408 7.697634e-06 3.863272e-06)
(0.001129103 7.052361e-06 3.590706e-06)
(0.001407108 2.002213e-05 5.41301e-06)
(0.001399479 1.831022e-05 5.041059e-06)
(0.001392368 1.677705e-05 4.69238e-06)
(0.001385765 1.539671e-05 4.365988e-06)
(0.001379622 1.415233e-05 4.063445e-06)
(0.0013739 1.302941e-05 3.782712e-06)
(0.001575878 2.886288e-05 5.137328e-06)
(0.001568895 2.656793e-05 4.77454e-06)
(0.001562309 2.449539e-05 4.44209e-06)
(0.001556118 2.261502e-05 4.135461e-06)
(0.001550293 2.090578e-05 3.853694e-06)
(0.00154481 1.935112e-05 3.593997e-06)
(0.001681574 3.587443e-05 4.419941e-06)
(0.001676347 3.325759e-05 4.094894e-06)
(0.001671335 3.086948e-05 3.804548e-06)
(0.001666544 2.868244e-05 3.542173e-06)
(0.001661966 2.667632e-05 3.303871e-06)
(0.001657592 2.483577e-05 3.086381e-06)
(0.001740158 4.007645e-05 3.470462e-06)
(0.001737208 3.741221e-05 3.197301e-06)
(0.001734302 3.495522e-05 2.960106e-06)
(0.001731446 3.26838e-05 2.751394e-06)
(0.001728646 3.058182e-05 2.564964e-06)
(0.001725907 2.863693e-05 2.397377e-06)
(0.001766603 4.12921e-05 2.527027e-06)
(0.001765878 3.878688e-05 2.301823e-06)
(0.001765077 3.645553e-05 2.112297e-06)
(0.0017642 3.428245e-05 1.951039e-06)
(0.001763259 3.225609e-05 1.810508e-06)
(0.001762269 3.036726e-05 1.687216e-06)
(0.001773545 3.996091e-05 1.762742e-06)
(0.001774634 3.772814e-05 1.570222e-06)
(0.001775583 3.563619e-05 1.412925e-06)
(0.001776386 3.367406e-05 1.283783e-06)
(0.001777058 3.183381e-05 1.17474e-06)
(0.001777612 3.01087e-05 1.08226e-06)
(0.001770329 3.675091e-05 1.242375e-06)
(0.001772712 3.483158e-05 1.065741e-06)
(0.001774933 3.302559e-05 9.242164e-07)
(0.001776983 3.132488e-05 8.11067e-07)
(0.001778873 2.972386e-05 7.182289e-07)
(0.001780614 2.821744e-05 6.421047e-07)
(0.001762987 3.229727e-05 9.435571e-07)
(0.001766208 3.069354e-05 7.707411e-07)
(0.001769266 2.918112e-05 6.331692e-07)
(0.001772151 2.775387e-05 5.243495e-07)
(0.00177487 2.640767e-05 4.36436e-07)
(0.001777432 2.513852e-05 3.657852e-07)
(0.001754922 2.707389e-05 8.032355e-07)
(0.00175865 2.577529e-05 6.281256e-07)
(0.001762221 2.454944e-05 4.884369e-07)
(0.001765624 2.339163e-05 3.778255e-07)
(0.001768866 2.229875e-05 2.887093e-07)
(0.001771953 2.126764e-05 2.174267e-07)
(0.001747792 2.13901e-05 7.560678e-07)
(0.001751816 2.03866e-05 5.768917e-07)
(0.001755689 1.943894e-05 4.332464e-07)
(0.0017594 1.854365e-05 3.18868e-07)
(0.001762954 1.769843e-05 2.263968e-07)
(0.001766358 1.690092e-05 1.521744e-07)
(0.001742278 1.543288e-05 7.528663e-07)
(0.001746471 1.471842e-05 5.700612e-07)
(0.001750517 1.404358e-05 4.228233e-07)
(0.001754404 1.3406e-05 3.049267e-07)
(0.001758138 1.280411e-05 2.091678e-07)
(0.001761725 1.223626e-05 1.318996e-07)
(0.001738587 9.315851e-06 7.633377e-07)
(0.001742873 8.88773e-06 5.780877e-07)
(0.001747013 8.4833e-06 4.28402e-07)
(0.001750996 8.101195e-06 3.080712e-07)
(0.001754828 7.740501e-06 2.099851e-07)
(0.001758513 7.400255e-06 1.305071e-07)
(0.0003477754 1.943749e-07 2.416501e-06)
(0.0003458376 1.801218e-07 2.250966e-06)
(0.0003440587 1.587938e-07 2.092859e-06)
(0.0003424379 1.400601e-07 1.943976e-06)
(0.0003409553 1.242097e-07 1.804656e-06)
(0.0003395975 1.10562e-07 1.674738e-06)
(0.0008610823 4.806238e-06 4.474999e-06)
(0.0008559594 4.3812e-06 4.171239e-06)
(0.0008512441 3.989994e-06 3.881731e-06)
(0.0008469251 3.635992e-06 3.608362e-06)
(0.0008429576 3.318948e-06 3.352476e-06)
(0.0008393079 3.03492e-06 3.113474e-06)
(0.001237567 1.325e-05 5.460034e-06)
(0.001230221 1.209663e-05 5.088871e-06)
(0.001223426 1.106014e-05 4.737748e-06)
(0.001217165 1.012593e-05 4.406966e-06)
(0.001211381 9.285026e-06 4.098318e-06)
(0.001206031 8.527421e-06 3.810478e-06)
(0.001507054 2.362887e-05 5.766002e-06)
(0.001498904 2.166953e-05 5.366554e-06)
(0.001491296 1.990684e-05 4.995278e-06)
(0.00148422 1.831292e-05 4.648828e-06)
(0.001477628 1.686966e-05 4.32772e-06)
(0.001471481 1.556158e-05 4.029693e-06)
(0.001690123 3.385974e-05 5.495216e-06)
(0.001682739 3.124606e-05 5.102687e-06)
(0.001675755 2.887499e-05 4.745962e-06)
(0.001669174 2.67146e-05 4.418298e-06)
(0.001662968 2.474247e-05 4.117437e-06)
(0.001657114 2.294122e-05 3.840241e-06)
(0.001804408 4.190019e-05 4.75014e-06)
(0.001799015 3.893562e-05 4.395989e-06)
(0.001793818 3.621725e-05 4.081817e-06)
(0.001788825 3.371676e-05 3.799134e-06)
(0.001784033 3.141319e-05 3.542721e-06)
(0.001779439 2.929086e-05 3.308908e-06)
(0.00186722 4.662132e-05 3.751326e-06)
(0.001864379 4.36225e-05 3.45178e-06)
(0.001861542 4.084245e-05 3.192805e-06)
(0.00185872 3.82601e-05 2.965721e-06)
(0.001855923 3.585937e-05 2.763154e-06)
(0.001853165 3.362823e-05 2.581257e-06)
(0.001895021 4.784842e-05 2.753212e-06)
(0.001894646 4.505e-05 2.504846e-06)
(0.001894146 4.243059e-05 2.296019e-06)
(0.001893523 3.997608e-05 2.118582e-06)
(0.001892798 3.767579e-05 1.964037e-06)
(0.001891987 3.552137e-05 1.828513e-06)
(0.001901741 4.612819e-05 1.941638e-06)
(0.001903352 4.365466e-05 1.728475e-06)
(0.001904772 4.132218e-05 1.55385e-06)
(0.001905999 3.912164e-05 1.410238e-06)
(0.001907051 3.704644e-05 1.288815e-06)
(0.001907946 3.509095e-05 1.185693e-06)
(0.001897637 4.226863e-05 1.38764e-06)
(0.001900643 4.015955e-05 1.191762e-06)
(0.001903441 3.816116e-05 1.034014e-06)
(0.001906023 3.626732e-05 9.073334e-07)
(0.001908403 3.44739e-05 8.030229e-07)
(0.001910597 3.277696e-05 7.171517e-07)
(0.001889273 3.702478e-05 1.068734e-06)
(0.001893166 3.527524e-05 8.771606e-07)
(0.001896855 3.361316e-05 7.237343e-07)
(0.00190033 3.203415e-05 6.01676e-07)
(0.001903601 3.053541e-05 5.025861e-07)
(0.001906682 2.911403e-05 4.224991e-07)
(0.001880297 3.095043e-05 9.185312e-07)
(0.001884714 2.954217e-05 7.246382e-07)
(0.001888939 2.82027e-05 5.690399e-07)
(0.001892959 2.692877e-05 4.45107e-07)
(0.001896783 2.571839e-05 3.447502e-07)
(0.001900422 2.456933e-05 2.639907e-07)
(0.001872449 2.439826e-05 8.677167e-07)
(0.001877166 2.331496e-05 6.695442e-07)
(0.001881698 2.228403e-05 5.097775e-07)
(0.001886035 2.130314e-05 3.81857e-07)
(0.001890184 2.03709e-05 2.779426e-07)
(0.001894154 1.948565e-05 1.940616e-07)
(0.001866418 1.757406e-05 8.639574e-07)
(0.001871301 1.680528e-05 6.619355e-07)
(0.001876006 1.607347e-05 4.98361e-07)
(0.001880521 1.537708e-05 3.667039e-07)
(0.001884854 1.47152e-05 2.592956e-07)
(0.001889012 1.40867e-05 1.721765e-07)
(0.001862397 1.059674e-05 8.749377e-07)
(0.00186737 1.013703e-05 6.703129e-07)
(0.001872167 9.699347e-06 5.041356e-07)
(0.001876777 9.282824e-06 3.698873e-07)
(0.001881208 8.886941e-06 2.600016e-07)
(0.001885466 8.511055e-06 1.705301e-07)
(0.000363318 2.709601e-07 2.424861e-06)
(0.0003612883 2.522497e-07 2.259878e-06)
(0.0003594237 2.25953e-07 2.102542e-06)
(0.0003577242 2.024737e-07 1.954176e-06)
(0.0003561687 1.822726e-07 1.815151e-06)
(0.0003547434 1.64584e-07 1.685333e-06)
(0.0009057335 5.658412e-06 4.530671e-06)
(0.0009003298 5.175251e-06 4.223258e-06)
(0.0008953529 4.729087e-06 3.931439e-06)
(0.0008907913 4.323352e-06 3.655959e-06)
(0.0008865984 3.958114e-06 3.397898e-06)
(0.0008827391 3.629253e-06 3.156667e-06)
(0.0013066 1.5338e-05 5.556653e-06)
(0.001298837 1.404151e-05 5.177553e-06)
(0.001291649 1.287168e-05 4.820952e-06)
(0.001285019 1.18129e-05 4.485534e-06)
(0.001278889 1.085584e-05 4.172455e-06)
(0.001273214 9.990027e-06 3.880337e-06)
(0.001594677 2.71513e-05 5.896309e-06)
(0.00158609 2.496003e-05 5.484919e-06)
(0.001578061 2.298066e-05 5.10501e-06)
(0.001570582 2.118388e-05 4.751489e-06)
(0.001563606 1.955064e-05 4.423905e-06)
(0.001557092 1.806481e-05 4.119849e-06)
(0.001790485 3.872774e-05 5.643209e-06)
(0.001782789 3.58171e-05 5.236079e-06)
(0.001775489 3.316567e-05 4.868392e-06)
(0.00176859 3.074057e-05 4.531855e-06)
(0.00176207 2.851846e-05 4.223105e-06)
(0.001755906 2.648145e-05 3.938768e-06)
(0.001912348 4.775482e-05 4.901415e-06)
(0.001906873 4.446923e-05 4.53161e-06)
(0.001901566 4.144311e-05 4.2052e-06)
(0.00189644 3.864835e-05 3.912569e-06)
(0.001891498 3.606368e-05 3.647461e-06)
(0.00188674 3.367345e-05 3.405926e-06)
(0.001978783 5.295988e-05 3.893437e-06)
(0.00197612 4.96562e-05 3.57867e-06)
(0.001973416 4.65785e-05 3.307331e-06)
(0.001970686 4.370706e-05 3.070063e-06)
(0.001967947 4.10264e-05 2.858661e-06)
(0.001965218 3.852516e-05 2.669003e-06)
(0.002007624 5.41744e-05 2.880226e-06)
(0.002007651 5.111347e-05 2.617768e-06)
(0.002007499 4.823254e-05 2.39711e-06)
(0.002007176 4.551969e-05 2.20977e-06)
(0.002006706 4.296555e-05 2.04665e-06)
(0.002006113 4.056297e-05 1.903631e-06)
(0.002013996 5.205467e-05 2.053347e-06)
(0.002016164 4.937015e-05 1.827181e-06)
(0.002018088 4.682321e-05 1.641377e-06)
(0.002019768 4.440717e-05 1.488276e-06)
(0.002021228 4.211712e-05 1.358633e-06)
(0.00202249 3.994885e-05 1.248344e-06)
(0.002008996 4.754922e-05 1.487566e-06)
(0.002012646 4.527781e-05 1.279367e-06)
(0.002016039 4.311129e-05 1.110885e-06)
(0.002019168 4.104583e-05 9.750031e-07)
(0.002022054 3.907903e-05 8.627147e-07)
(0.002024714 3.720833e-05 7.69896e-07)
(0.001999661 4.153176e-05 1.161255e-06)
(0.002004233 3.966049e-05 9.57641e-07)
(0.00200856 3.787027e-05 7.936682e-07)
(0.00201263 3.615868e-05 6.625117e-07)
(0.002016459 3.452451e-05 5.555264e-07)
(0.002020062 3.296605e-05 4.685657e-07)
(0.001989845 3.46337e-05 1.007283e-06)
(0.001994951 3.313597e-05 8.013789e-07)
(0.001999827 3.170102e-05 6.352433e-07)
(0.002004461 3.032723e-05 5.021863e-07)
(0.002008865 2.901391e-05 3.939029e-07)
(0.002013052 2.775989e-05 3.0624e-07)
(0.00198135 2.724858e-05 9.550331e-07)
(0.001986752 2.610143e-05 7.447745e-07)
(0.001991936 2.500161e-05 5.744014e-07)
(0.00199689 2.394808e-05 4.372755e-07)
(0.002001626 2.294045e-05 3.253546e-07)
(0.002006154 2.197788e-05 2.344951e-07)
(0.00197486 1.959866e-05 9.510426e-07)
(0.001980422 1.878707e-05 7.368432e-07)
(0.001985775 1.80087e-05 5.625808e-07)
(0.001990906 1.726291e-05 4.216328e-07)
(0.001995825 1.654949e-05 3.061355e-07)
(0.002000544 1.586793e-05 2.119603e-07)
(0.001970548 1.18062e-05 9.622235e-07)
(0.001976194 1.132185e-05 7.453511e-07)
(0.001981635 1.085721e-05 5.684229e-07)
(0.001986859 1.041197e-05 4.248195e-07)
(0.001991874 9.986037e-06 3.067831e-07)
(0.001996693 9.579122e-06 2.10197e-07)
(0.001968408 3.942646e-06 9.713207e-07)
(0.001974091 3.781576e-06 7.531455e-07)
(0.001979569 3.627042e-06 5.749087e-07)
(0.001984833 3.478951e-06 4.29992e-07)
(0.00198989 3.337279e-06 3.106857e-07)
(0.001994752 3.201935e-06 2.128793e-07)
(0.0003765417 3.443411e-07 2.336771e-06)
(0.0003744349 3.215588e-07 2.178539e-06)
(0.0003724986 2.90728e-07 2.027866e-06)
(0.0003707327 2.628632e-07 1.885618e-06)
(0.000369116 2.386071e-07 1.752189e-06)
(0.0003676338 2.171279e-07 1.627472e-06)
(0.0009439378 6.46801e-06 4.403879e-06)
(0.0009382978 5.931723e-06 4.104776e-06)
(0.0009330997 5.435061e-06 3.821791e-06)
(0.0009283326 4.981486e-06 3.554748e-06)
(0.0009239485 4.571411e-06 3.304474e-06)
(0.0009199109 4.200625e-06 3.0704e-06)
(0.001365962 1.731585e-05 5.428506e-06)
(0.001357849 1.588884e-05 5.056651e-06)
(0.001350329 1.459664e-05 4.708415e-06)
(0.001343387 1.342286e-05 4.381312e-06)
(0.001336964 1.235799e-05 4.075948e-06)
(0.001331013 1.139123e-05 3.790952e-06)
(0.00167028 3.048169e-05 5.788611e-06)
(0.001661338 2.807965e-05 5.382022e-06)
(0.001652962 2.590199e-05 5.008389e-06)
(0.001645148 2.391845e-05 4.661512e-06)
(0.00163785 2.210934e-05 4.340177e-06)
(0.001631026 2.045814e-05 4.041943e-06)
(0.001877221 4.332144e-05 5.564233e-06)
(0.001869294 4.014258e-05 5.159231e-06)
(0.001861752 3.723587e-05 4.795153e-06)
(0.001854605 3.456817e-05 4.462881e-06)
(0.001847833 3.21156e-05 4.158268e-06)
(0.001841418 2.986012e-05 3.877867e-06)
(0.002005643 5.326727e-05 4.856777e-06)
(0.002000156 4.969438e-05 4.486557e-06)
(0.001994803 4.639022e-05 4.160927e-06)
(0.001989603 4.332757e-05 3.86982e-06)
(0.001984566 4.048528e-05 3.60636e-06)
(0.001979697 3.78481e-05 3.366495e-06)
(0.002075122 5.891145e-05 3.881348e-06)
(0.002072689 5.533859e-05 3.564315e-06)
(0.002070166 5.199496e-05 3.291468e-06)
(0.002067571 4.886285e-05 3.053345e-06)
(0.002064932 4.592778e-05 2.841358e-06)
(0.002062271 4.317938e-05 2.651287e-06)
(0.002104731 6.009474e-05 2.894801e-06)
(0.002105191 5.680618e-05 2.629008e-06)
(0.002105417 5.369513e-05 2.405353e-06)
(0.002105419 5.075229e-05 2.215485e-06)
(0.002105229 4.796998e-05 2.050142e-06)
(0.002104878 4.534245e-05 1.905134e-06)
(0.002110678 5.758111e-05 2.086665e-06)
(0.002113414 5.471781e-05 1.856703e-06)
(0.002115853 5.198569e-05 1.667145e-06)
(0.002117996 4.938081e-05 1.510576e-06)
(0.002119873 4.690023e-05 1.377744e-06)
(0.002121511 4.454131e-05 1.264496e-06)
(0.002104811 5.24553e-05 1.532475e-06)
(0.0021091 5.004997e-05 1.320366e-06)
(0.002113084 4.774139e-05 1.147856e-06)
(0.002116757 4.552823e-05 1.0081e-06)
(0.002120144 4.340999e-05 8.921705e-07)
(0.002123267 4.138563e-05 7.959112e-07)
(0.00209458 4.570458e-05 1.212378e-06)
(0.002099817 4.373573e-05 1.00489e-06)
(0.002104766 4.183967e-05 8.368636e-07)
(0.002109419 4.001609e-05 7.017316e-07)
(0.002113791 3.826544e-05 5.909612e-07)
(0.002117903 3.658736e-05 5.003877e-07)
(0.002084011 3.803352e-05 1.061226e-06)
(0.002089783 3.646601e-05 8.515219e-07)
(0.002095289 3.495388e-05 6.813982e-07)
(0.002100516 3.34972e-05 5.443944e-07)
(0.00210548 3.209665e-05 4.32328e-07)
(0.002110196 3.075213e-05 3.410347e-07)
(0.002074946 2.987295e-05 1.009946e-06)
(0.002081007 2.867722e-05 7.959532e-07)
(0.002086816 2.752277e-05 6.216675e-07)
(0.002092363 2.640985e-05 4.806566e-07)
(0.002097661 2.533911e-05 3.650006e-07)
(0.002102723 2.431057e-05 2.705481e-07)
(0.002068059 2.145923e-05 1.006103e-06)
(0.002074271 2.061572e-05 7.882119e-07)
(0.002080242 1.980096e-05 6.100929e-07)
(0.00208596 1.901524e-05 4.653126e-07)
(0.002091439 1.825911e-05 3.46127e-07)
(0.002096691 1.753263e-05 2.484013e-07)
(0.002063498 1.291627e-05 1.017173e-06)
(0.002069786 1.241379e-05 7.966311e-07)
(0.00207584 1.19283e-05 6.158785e-07)
(0.002081647 1.146004e-05 4.684754e-07)
(0.002087219 1.100935e-05 3.467815e-07)
(0.002092568 1.057632e-05 2.46675e-07)
(0.002061238 4.311569e-06 1.026168e-06)
(0.002067559 4.144622e-06 8.043327e-07)
(0.002073648 3.983295e-06 6.222853e-07)
(0.002079492 3.827678e-06 4.735834e-07)
(0.002085104 3.677894e-06 3.506338e-07)
(0.002090495 3.533977e-06 2.493212e-07)
(0.0003875888 4.119016e-07 2.155142e-06)
(0.0003854191 3.855231e-07 2.009469e-06)
(0.0003834238 3.507015e-07 1.871002e-06)
(0.0003816036 3.189296e-07 1.740156e-06)
(0.0003799364 2.910327e-07 1.617353e-06)
(0.0003784074 2.661305e-07 1.502504e-06)
(0.000975992 7.208846e-06 4.097223e-06)
(0.000970158 6.625644e-06 3.817962e-06)
(0.0009647777 6.084171e-06 3.554572e-06)
(0.0009598407 5.587891e-06 3.306139e-06)
(0.0009552982 5.137564e-06 3.073283e-06)
(0.0009511127 4.728962e-06 2.855478e-06)
(0.001415966 1.912219e-05 5.076018e-06)
(0.001407569 1.758015e-05 4.726411e-06)
(0.001399777 1.617944e-05 4.400194e-06)
(0.001392578 1.490312e-05 4.094126e-06)
(0.001385912 1.37416e-05 3.8084e-06)
(0.001379732 1.268396e-05 3.541735e-06)
(0.001734142 3.351939e-05 5.440817e-06)
(0.00172492 3.093224e-05 5.055967e-06)
(0.001716268 2.857918e-05 4.703629e-06)
(0.001708184 2.642949e-05 4.37711e-06)
(0.001700623 2.446311e-05 4.074708e-06)
(0.001693546 2.266334e-05 3.794099e-06)
(0.001950579 4.750494e-05 5.25396e-06)
(0.001942492 4.409192e-05 4.868403e-06)
(0.001934774 4.096053e-05 4.522933e-06)
(0.00192744 3.807792e-05 4.208316e-06)
(0.001920475 3.542005e-05 3.920035e-06)
(0.001913864 3.296896e-05 3.654766e-06)
(0.002084545 5.827824e-05 4.610334e-06)
(0.002079098 5.44568e-05 4.255816e-06)
(0.00207375 5.090977e-05 3.944649e-06)
(0.002068525 4.761133e-05 3.667012e-06)
(0.002063438 4.454083e-05 3.415897e-06)
(0.002058501 4.168363e-05 3.187372e-06)
(0.002156523 6.430886e-05 3.708441e-06)
(0.002154349 6.050619e-05 3.403108e-06)
(0.002152034 5.693282e-05 3.140405e-06)
(0.002149604 5.35734e-05 2.911362e-06)
(0.002147091 5.041475e-05 2.707518e-06)
(0.002144525 4.744768e-05 2.524768e-06)
(0.002186676 6.544865e-05 2.790219e-06)
(0.002187574 6.196932e-05 2.532878e-06)
(0.002188183 5.866244e-05 2.315889e-06)
(0.002188517 5.552156e-05 2.131527e-06)
(0.002188615 5.254086e-05 1.970859e-06)
(0.002188512 4.971613e-05 1.829813e-06)
(0.002192166 6.256304e-05 2.035064e-06)
(0.002195455 5.955349e-05 1.811516e-06)
(0.002198395 5.666682e-05 1.626446e-06)
(0.002200989 5.390191e-05 1.473102e-06)
(0.002203272 5.125788e-05 1.342677e-06)
(0.002205277 4.873372e-05 1.231151e-06)
(0.002185495 5.686367e-05 1.51607e-06)
(0.002190393 5.435199e-05 1.309434e-06)
(0.002194941 5.192756e-05 1.140397e-06)
(0.002199133 4.959154e-05 1.002763e-06)
(0.002202997 4.734537e-05 8.880961e-07)
(0.002206561 4.518955e-05 7.923859e-07)
(0.002174465 4.944257e-05 1.215969e-06)
(0.002180328 4.739876e-05 1.013727e-06)
(0.002185864 4.541852e-05 8.489208e-07)
(0.002191063 4.350363e-05 7.155954e-07)
(0.002195947 4.165618e-05 6.057173e-07)
(0.002200537 3.987712e-05 5.152778e-07)
(0.002163241 4.107078e-05 1.074316e-06)
(0.002169636 3.945147e-05 8.699695e-07)
(0.002175729 3.787949e-05 7.031777e-07)
(0.002181509 3.635652e-05 5.680588e-07)
(0.002186994 3.488458e-05 4.56918e-07)
(0.002192201 3.346465e-05 3.657539e-07)
(0.002153691 3.221223e-05 1.026456e-06)
(0.002160363 3.098156e-05 8.18022e-07)
(0.002166752 2.978568e-05 6.472834e-07)
(0.002172848 2.862607e-05 5.083592e-07)
(0.002178665 2.750439e-05 3.938026e-07)
(0.002184221 2.642148e-05 2.99629e-07)
(0.002146469 2.311487e-05 1.023156e-06)
(0.002153281 2.224901e-05 8.109995e-07)
(0.002159823 2.140716e-05 6.366186e-07)
(0.002166084 2.059048e-05 4.941138e-07)
(0.002172078 1.980023e-05 3.762024e-07)
(0.002177821 1.903706e-05 2.789183e-07)
(0.0021417 1.390294e-05 1.033808e-06)
(0.002148582 1.338803e-05 8.191157e-07)
(0.0021552 1.288722e-05 6.422277e-07)
(0.002161543 1.240127e-05 4.972286e-07)
(0.002167626 1.193095e-05 3.769317e-07)
(0.002173464 1.14767e-05 2.773846e-07)
(0.00213934 4.639294e-06 1.042404e-06)
(0.002146251 4.468356e-06 8.264708e-07)
(0.002152901 4.30207e-06 6.483484e-07)
(0.002159279 4.140701e-06 5.021126e-07)
(0.002165399 3.98451e-06 3.806205e-07)
(0.002171277 3.833648e-06 2.799263e-07)
(0.0003965705 4.7145e-07 1.887135e-06)
(0.000394351 4.419996e-07 1.759222e-06)
(0.0003923089 4.037992e-07 1.637948e-06)
(0.0003904454 3.686799e-07 1.523269e-06)
(0.000388738 3.376434e-07 1.415645e-06)
(0.0003871718 3.097764e-07 1.315001e-06)
(0.001002139 7.857769e-06 3.622297e-06)
(0.0009961509 7.234748e-06 3.373441e-06)
(0.0009906255 6.655085e-06 3.139533e-06)
(0.0009855527 6.122213e-06 2.919056e-06)
(0.0009808833 5.637219e-06 2.712486e-06)
(0.0009765791 5.195914e-06 2.519362e-06)
(0.001456883 2.070221e-05 4.51137e-06)
(0.001448262 1.906277e-05 4.198044e-06)
(0.001440256 1.756964e-05 3.906632e-06)
(0.001432852 1.620553e-05 3.633469e-06)
(0.001425993 1.496088e-05 3.378509e-06)
(0.001419629 1.382473e-05 3.140648e-06)
(0.001786512 3.617426e-05 4.863864e-06)
(0.001777079 3.343086e-05 4.516927e-06)
(0.001768214 3.092876e-05 4.200202e-06)
(0.00175992 2.863712e-05 3.907042e-06)
(0.001752154 2.653571e-05 3.63557e-06)
(0.001744877 2.460784e-05 3.383739e-06)
(0.002010793 5.115659e-05 4.720949e-06)
(0.002002604 4.754708e-05 4.371708e-06)
(0.001994767 4.422568e-05 4.059404e-06)
(0.0019873 4.116021e-05 3.775355e-06)
(0.001980194 3.832671e-05 3.515115e-06)
(0.001973436 3.570751e-05 3.275701e-06)
(0.002149298 6.264557e-05 4.167702e-06)
(0.002143927 5.861738e-05 3.844878e-06)
(0.00213862 5.486641e-05 3.561699e-06)
(0.002133404 5.136854e-05 3.309258e-06)
(0.002128303 4.810383e-05 3.080938e-06)
(0.002123332 4.505839e-05 2.873158e-06)
(0.002223268 6.900373e-05 3.377509e-06)
(0.002221359 6.501234e-05 3.097959e-06)
(0.002219262 6.124808e-05 2.857106e-06)
(0.002217006 5.769807e-05 2.647073e-06)
(0.002214631 5.435057e-05 2.460061e-06)
(0.002212173 5.11976e-05 2.292297e-06)
(0.002253788 7.009461e-05 2.566965e-06)
(0.002255103 6.646146e-05 2.330117e-06)
(0.002256078 6.299424e-05 2.129645e-06)
(0.00225673 5.968929e-05 1.958964e-06)
(0.002257105 5.654268e-05 1.809973e-06)
(0.002257243 5.355174e-05 1.678914e-06)
(0.002258831 6.687463e-05 1.897377e-06)
(0.002262632 6.375005e-05 1.690772e-06)
(0.002266036 6.073926e-05 1.518682e-06)
(0.002269048 5.784382e-05 1.375473e-06)
(0.002271707 5.506483e-05 1.253241e-06)
(0.002274053 5.240289e-05 1.148275e-06)
(0.00225145 6.066832e-05 1.436128e-06)
(0.002256903 5.807561e-05 1.244682e-06)
(0.002261964 5.556033e-05 1.086891e-06)
(0.002266628 5.312596e-05 9.576238e-07)
(0.002270926 5.077575e-05 8.493509e-07)
(0.00227489 4.851166e-05 7.58381e-07)
(0.002239736 5.266009e-05 1.169213e-06)
(0.002246165 5.056129e-05 9.816676e-07)
(0.002252229 4.851683e-05 8.276257e-07)
(0.00225792 4.653033e-05 7.021429e-07)
(0.002263263 4.460543e-05 5.980701e-07)
(0.002268282 4.274431e-05 5.117271e-07)
(0.002227964 4.367897e-05 1.043456e-06)
(0.002234917 4.202324e-05 8.539433e-07)
(0.002241535 4.040685e-05 6.98065e-07)
(0.002247809 3.883299e-05 5.709095e-07)
(0.002253758 3.730485e-05 4.65635e-07)
(0.002259405 3.582443e-05 3.785752e-07)
(0.002218015 3.421712e-05 1.001362e-06)
(0.002225232 3.296291e-05 8.080904e-07)
(0.002232137 3.173712e-05 6.486098e-07)
(0.00223872 3.054233e-05 5.179812e-07)
(0.002244999 2.938111e-05 4.095829e-07)
(0.002250993 2.825509e-05 3.197696e-07)
(0.002210521 2.453173e-05 9.989856e-07)
(0.002217867 2.365137e-05 8.022935e-07)
(0.002224916 2.279041e-05 6.394888e-07)
(0.002231657 2.195077e-05 5.055962e-07)
(0.002238107 2.113435e-05 3.941386e-07)
(0.002244284 2.034234e-05 3.014909e-07)
(0.002205584 1.474647e-05 1.008929e-06)
(0.002212992 1.422372e-05 8.099032e-07)
(0.00222011 1.371228e-05 6.448071e-07)
(0.002226928 1.321336e-05 5.086386e-07)
(0.002233462 1.272811e-05 3.950051e-07)
(0.00223973 1.225729e-05 3.002956e-07)
(0.002203146 4.919335e-06 1.016839e-06)
(0.002210578 4.745922e-06 8.166698e-07)
(0.002217724 4.576226e-06 6.504438e-07)
(0.002224574 4.410662e-06 5.131458e-07)
(0.002231143 4.249616e-06 3.984212e-07)
(0.002237449 4.093348e-06 3.02666e-07)
)
;

boundaryField
{
    inlet
    {
        type            fixedValue;
        value           uniform (0.001398 0 0);
    }
    outlet
    {
        type            zeroGradient;
    }
    chip_bases
    {
        type            noSlip;
    }
    walls
    {
        type            noSlip;
    }
    procBoundary15to8
    {
        type            processor;
        value           nonuniform List<vector> 
40
(
(0.0003956041 3.768598e-07 1.155115e-06)
(0.0003857326 2.848342e-07 1.22121e-06)
(0.0003940095 3.465497e-07 1.072424e-06)
(0.001000891 6.053567e-06 2.236695e-06)
(0.0009726072 4.794707e-06 2.339254e-06)
(0.0009964966 5.585466e-06 2.075608e-06)
(0.001457418 1.597567e-05 2.80341e-06)
(0.001413721 1.278741e-05 2.918914e-06)
(0.001450914 1.477528e-05 2.603615e-06)
(0.001792637 2.826013e-05 3.040155e-06)
(0.00173806 2.283837e-05 3.149768e-06)
(0.001785211 2.622756e-05 2.827066e-06)
(0.002027162 4.07431e-05 2.959381e-06)
(0.001967016 3.328611e-05 3.054588e-06)
(0.0020203 3.79869e-05 2.755509e-06)
(0.002179332 5.106312e-05 2.614462e-06)
(0.002118504 4.221867e-05 2.682965e-06)
(0.002174353 4.78649e-05 2.436038e-06)
(0.002267744 5.761543e-05 2.108436e-06)
(0.002209658 4.823074e-05 2.140736e-06)
(0.002265393 5.431243e-05 1.962785e-06)
(0.002310923 5.985727e-05 1.573492e-06)
(0.002257176 5.071284e-05 1.562806e-06)
(0.002311277 5.673319e-05 1.458118e-06)
(0.002325437 5.821254e-05 1.112617e-06)
(0.002276113 4.985755e-05 1.057656e-06)
(0.002328078 5.544129e-05 1.018865e-06)
(0.00232422 5.360691e-05 7.771091e-07)
(0.002278544 4.633474e-05 6.81815e-07)
(0.002328528 5.125792e-05 6.949564e-07)
(0.002272997 4.094843e-05 4.402131e-07)
(0.002321433 4.511051e-05 4.895765e-07)
(0.002264763 3.439307e-05 3.068277e-07)
(0.002312112 3.77689e-05 3.78674e-07)
(0.002256715 2.716538e-05 2.456447e-07)
(0.002303352 2.976407e-05 3.298405e-07)
(0.0022502 1.957558e-05 2.247663e-07)
(0.002296395 2.141547e-05 3.148837e-07)
(0.002245745 1.180142e-05 2.216323e-07)
(0.002243504 3.942034e-06 2.230072e-07)
)
;
    }
    procBoundary15to9
    {
        type            processor;
        value           nonuniform List<vector> 
213
(
(3.660095e-05 -3.772799e-08 1.425289e-08)
(7.286339e-05 -8.427164e-08 1.855613e-08)
(9.656048e-05 -6.423367e-08 2.160342e-08)
(0.0001129741 2.134814e-08 2.142132e-08)
(0.000124318 1.528729e-07 1.996921e-08)
(0.0001318866 2.960285e-07 1.631339e-08)
(0.0001366276 4.293481e-07 1.193328e-08)
(0.0001393274 5.326694e-07 7.525355e-09)
(0.0001406468 5.95841e-07 4.028796e-09)
(0.0001411122 6.144305e-07 1.626588e-09)
(0.000141109 5.907057e-07 2.609886e-10)
(0.0001408935 5.302847e-07 -3.829748e-10)
(0.0001406207 4.406419e-07 -5.935278e-10)
(0.0001403747 3.292909e-07 -6.049966e-10)
(0.0001401969 2.032174e-07 -5.541111e-10)
(9.572754e-05 -8.388102e-08 1.229537e-07)
(0.0002025149 -1.267038e-07 2.07297e-07)
(0.0002731537 7.328881e-08 2.448107e-07)
(0.0003221786 4.761001e-07 2.499085e-07)
(0.0003560593 1.000881e-06 2.330155e-07)
(0.0003786344 1.529181e-06 1.948356e-07)
(0.0003927371 1.980033e-06 1.460464e-07)
(0.0004007288 2.291852e-06 9.6947e-08)
(0.0004045961 2.441304e-06 5.637825e-08)
(0.0004059205 2.428464e-06 2.77145e-08)
(0.000405857 2.272521e-06 1.044924e-08)
(0.0004051724 1.999722e-06 1.69218e-09)
(0.0004043276 1.637845e-06 -1.758919e-09)
(0.0004035727 1.211858e-06 -2.517975e-09)
(0.0004030289 7.432532e-07 -2.274719e-09)
(0.0001446664 -1.070504e-07 3.07143e-07)
(0.0003179868 -4.701888e-08 5.301413e-07)
(0.0004343391 4.678076e-07 6.289816e-07)
(0.000515397 1.330135e-06 6.464856e-07)
(0.000571451 2.376824e-06 6.04375e-07)
(0.000608754 3.387531e-06 5.083391e-07)
(0.0006319837 4.206646e-06 3.840559e-07)
(0.0006450689 4.729409e-06 2.584865e-07)
(0.0006513247 4.92647e-06 1.537883e-07)
(0.0006533885 4.815225e-06 7.915419e-08)
(0.0006531811 4.444038e-06 3.356948e-08)
(0.0006519727 3.869072e-06 9.999859e-09)
(0.0006505223 3.143824e-06 3.38073e-10)
(0.0006492384 2.313178e-06 -2.107122e-09)
(0.0006483178 1.413687e-06 -1.75055e-09)
(0.0001859668 -1.109032e-07 5.406031e-07)
(0.000420936 1.49339e-07 9.466659e-07)
(0.0005811541 1.106342e-06 1.127829e-06)
(0.000693327 2.563602e-06 1.16487e-06)
(0.0007709842 4.255634e-06 1.091713e-06)
(0.0008225958 5.841555e-06 9.220802e-07)
(0.0008546155 7.077121e-06 7.006061e-07)
(0.0008725207 7.812519e-06 4.760803e-07)
(0.0008809529 8.019546e-06 2.878147e-07)
(0.0008836027 7.745242e-06 1.528411e-07)
(0.0008831494 7.079082e-06 6.970227e-08)
(0.0008813543 6.116112e-06 2.620579e-08)
(0.0008792623 4.940799e-06 7.960745e-09)
(0.0008774306 3.620277e-06 2.995647e-09)
(0.0008761241 2.206625e-06 3.317118e-09)
(0.0002213315 -9.878644e-08 7.937842e-07)
(0.0005127648 4.527101e-07 1.407581e-06)
(0.0007145397 1.969509e-06 1.684209e-06)
(0.0008566056 4.147456e-06 1.746935e-06)
(0.000955101 6.599775e-06 1.641447e-06)
(0.001020472 8.846568e-06 1.391396e-06)
(0.001060856 1.054206e-05 1.0624e-06)
(0.001083248 1.148975e-05 7.277753e-07)
(0.001093607 1.166981e-05 4.460034e-07)
(0.00109667 1.117086e-05 2.431207e-07)
(0.00109586 1.013494e-05 1.173921e-07)
(0.001093415 8.704443e-06 5.105202e-08)
(0.001090649 6.999644e-06 2.277366e-08)
(0.001088254 5.111948e-06 1.470354e-08)
(0.001086556 3.109186e-06 1.48229e-08)
(0.0002519207 -7.335244e-08 1.043722e-06)
(0.0005946376 8.501488e-07 1.871777e-06)
(0.0008353346 3.031243e-06 2.249724e-06)
(0.00100581 6.041924e-06 2.34288e-06)
(0.001124199 9.356768e-06 2.207277e-06)
(0.001202663 1.233958e-05 1.877302e-06)
(0.00125091 1.453152e-05 1.439897e-06)
(0.001277412 1.568824e-05 9.935626e-07)
(0.001289427 1.580554e-05 6.164288e-07)
(0.001292722 1.502493e-05 3.439571e-07)
(0.001291448 1.355171e-05 1.743307e-07)
(0.001288295 1.158327e-05 8.425649e-08)
(0.00128483 9.279921e-06 4.540608e-08)
(0.001281865 6.758867e-06 3.394414e-08)
(0.001279774 4.10362e-06 3.372916e-08)
(0.0002785416 -3.715357e-08 1.271234e-06)
(0.0006675122 1.32595e-06 2.303173e-06)
(0.0009442777 4.258896e-06 2.780911e-06)
(0.001141459 8.196112e-06 2.907339e-06)
(0.001278638 1.245845e-05 2.746572e-06)
(0.001369424 1.623834e-05 2.343528e-06)
(0.001424975 1.895418e-05 1.805216e-06)
(0.001455182 2.03133e-05 1.254121e-06)
(0.001468574 2.033411e-05 7.870885e-07)
(0.001471925 1.922138e-05 4.487342e-07)
(0.001470088 1.725317e-05 2.373539e-07)
(0.001466183 1.468844e-05 1.245685e-07)
(0.001462004 1.173083e-05 7.549783e-08)
(0.001458469 8.524371e-06 6.06741e-08)
(0.001455991 5.167798e-06 6.005235e-08)
(0.000301768 7.250367e-09 1.460197e-06)
(0.000301768 7.250367e-09 1.460197e-06)
(0.0007321733 1.862083e-06 2.670256e-06)
(0.0007321733 1.862083e-06 2.670256e-06)
(0.001042014 5.613807e-06 3.238896e-06)
(0.001042014 5.613807e-06 3.238896e-06)
(0.001264017 1.054867e-05 3.399121e-06)
(0.001264017 1.054867e-05 3.399121e-06)
(0.001418743 1.58218e-05 3.220196e-06)
(0.001418743 1.58218e-05 3.220196e-06)
(0.001520992 2.04424e-05 2.756446e-06)
(0.001520992 2.04424e-05 2.756446e-06)
(0.001583243 2.369872e-05 2.132177e-06)
(0.001583243 2.369872e-05 2.132177e-06)
(0.001616737 2.525013e-05 1.490955e-06)
(0.001616737 2.525013e-05 1.490955e-06)
(0.001631232 2.514406e-05 9.460944e-07)
(0.001631232 2.514406e-05 9.460944e-07)
(0.001634478 2.365748e-05 5.504475e-07)
(0.001634478 2.365748e-05 5.504475e-07)
(0.001631998 2.114908e-05 3.026018e-07)
(0.001631998 2.114908e-05 3.026018e-07)
(0.00162731 1.794448e-05 1.698842e-07)
(0.00162731 1.794448e-05 1.698842e-07)
(0.001622416 1.429301e-05 1.117739e-07)
(0.001622416 1.429301e-05 1.117739e-07)
(0.001618322 1.03658e-05 9.392349e-08)
(0.001618322 1.03658e-05 9.392349e-08)
(0.001615468 6.276052e-06 9.288883e-08)
(0.001615468 6.276052e-06 9.288883e-08)
(0.0003208444 4.949256e-08 1.481795e-06)
(0.0007861266 2.227374e-06 2.735291e-06)
(0.001124499 6.473574e-06 3.337188e-06)
(0.001368568 1.201516e-05 3.522217e-06)
(0.001539649 1.793598e-05 3.354089e-06)
(0.001653417 2.314644e-05 2.886932e-06)
(0.001723234 2.683729e-05 2.245636e-06)
(0.001761237 2.8607e-05 1.578074e-06)
(0.001778056 2.849206e-05 1.003195e-06)
(0.001782215 2.680053e-05 5.794956e-07)
(0.001779845 2.394241e-05 3.091657e-07)
(0.001774891 2.029516e-05 1.607392e-07)
(0.001769616 1.614869e-05 9.297351e-08)
(0.001765168 1.170077e-05 6.991202e-08)
(0.001762057 7.079458e-06 6.644143e-08)
(0.0003383521 9.891628e-08 1.554006e-06)
(0.0008359467 2.780714e-06 2.89092e-06)
(0.001201077 7.844547e-06 3.542501e-06)
(0.001465746 1.437503e-05 3.752988e-06)
(0.001651593 2.129499e-05 3.584148e-06)
(0.001775038 2.733503e-05 3.094602e-06)
(0.001850452 3.155502e-05 2.416716e-06)
(0.001891105 3.350451e-05 1.708636e-06)
(0.001908698 3.324942e-05 1.097465e-06)
(0.001912616 3.117238e-05 6.462778e-07)
(0.00190958 2.776689e-05 3.579472e-07)
(0.001903882 2.347922e-05 1.993563e-07)
(0.001897951 1.864562e-05 1.267535e-07)
(0.001893002 1.349034e-05 1.019033e-07)
(0.00188956 8.154439e-06 9.804398e-08)
(0.0003534354 1.491902e-07 1.564541e-06)
(0.0008791828 3.333396e-06 2.931829e-06)
(0.001267957 9.20641e-06 3.608175e-06)
(0.001551007 1.671204e-05 3.837428e-06)
(0.001750082 2.461318e-05 3.676087e-06)
(0.001882168 3.146287e-05 3.184659e-06)
(0.001962512 3.61922e-05 2.497583e-06)
(0.002005416 3.830455e-05 1.777184e-06)
(0.002023573 3.789776e-05 1.153878e-06)
(0.002027163 3.543083e-05 6.929981e-07)
(0.00202345 3.148129e-05 3.980631e-07)
(0.002017032 2.656366e-05 2.356287e-07)
(0.002010483 2.105929e-05 1.611401e-07)
(0.002005069 1.521748e-05 1.355666e-07)
(0.002001322 9.190811e-06 1.315347e-07)
(0.001999425 3.072785e-06 1.330536e-07)
(0.000366273 1.981959e-07 1.511313e-06)
(0.0009161884 3.865635e-06 2.852095e-06)
(0.001325495 1.051323e-05 3.52529e-06)
(0.001624646 1.895007e-05 3.764857e-06)
(0.001835346 2.77851e-05 3.618847e-06)
(0.001975 3.540144e-05 3.146862e-06)
(0.002059607 4.060727e-05 2.479596e-06)
(0.002104387 4.286349e-05 1.776933e-06)
(0.002122932 4.230081e-05 1.167331e-06)
(0.002126143 3.945356e-05 7.158213e-07)
(0.002121768 3.498099e-05 4.265002e-07)
(0.002114675 2.946313e-05 2.670029e-07)
(0.002107559 2.332392e-05 1.937989e-07)
(0.002101725 1.683563e-05 1.686506e-07)
(0.002097705 1.016085e-05 1.646835e-07)
(0.002095676 3.395899e-06 1.6618e-07)
(0.000377003 2.439855e-07 1.395474e-06)
(0.000947252 4.358526e-06 2.652294e-06)
(0.001373998 1.172061e-05 3.293107e-06)
(0.001686922 2.101514e-05 3.533363e-06)
(0.001907594 3.070801e-05 3.409754e-06)
(0.002053722 3.902559e-05 2.978185e-06)
(0.002141928 4.466274e-05 2.359726e-06)
(0.002188237 4.704245e-05 1.705043e-06)
(0.00220703 4.632762e-05 1.135223e-06)
(0.002209844 4.312383e-05 7.123466e-07)
(0.002204849 3.816678e-05 4.40987e-07)
(0.002197145 3.209718e-05 2.912765e-07)
(0.002189527 2.537779e-05 2.225576e-07)
(0.002183323 1.830132e-05 1.989935e-07)
(0.002179067 1.103875e-05 1.953304e-07)
(0.002176922 3.688196e-06 1.967791e-07)
)
;
    }
    procBoundary15to12
    {
        type            processor;
        value           nonuniform List<vector> 
331
(
(0.0005504086 2.212472e-07 0.0001110329)
(0.0003690024 4.269736e-07 2.109603e-05)
(0.0002084845 5.43529e-07 1.820985e-06)
(0.0001779033 6.069913e-07 1.136358e-06)
(0.0001597253 6.322914e-07 5.384157e-07)
(0.0001500628 6.287765e-07 2.840175e-07)
(0.0001449182 6.037617e-07 1.83936e-07)
(0.0001419058 5.642048e-07 1.201185e-07)
(0.0001402046 5.159619e-07 8.375091e-08)
(0.0001392487 4.637103e-07 6.056255e-08)
(0.0001387396 4.109971e-07 4.482249e-08)
(0.0001385031 3.603085e-07 3.364739e-08)
(0.0001384345 3.132436e-07 2.536855e-08)
(0.0001384702 2.70698e-07 1.908826e-08)
(0.0001385707 2.330432e-07 1.423569e-08)
(0.00013871 2.002814e-07 1.050868e-08)
(0.0001388724 1.72176e-07 7.556978e-09)
(0.0001390456 1.4834e-07 5.418706e-09)
(0.0001392245 1.283263e-07 3.55725e-09)
(0.0001394011 1.116281e-07 2.620483e-09)
(0.00108929 4.445023e-07 0.0002844181)
(0.0008828078 9.960457e-07 0.0001059885)
(0.0005964705 1.352036e-06 3.435632e-05)
(0.0005054473 1.570031e-06 1.432127e-05)
(0.0004564493 1.681628e-06 7.652196e-06)
(0.000429178 1.709871e-06 4.434322e-06)
(0.0004142704 1.673974e-06 2.788067e-06)
(0.000405618 1.592372e-06 1.846677e-06)
(0.0004007398 1.481133e-06 1.273211e-06)
(0.0003980698 1.353466e-06 9.085857e-07)
(0.0003967319 1.219699e-06 6.641366e-07)
(0.00039621 1.087378e-06 4.932262e-07)
(0.0003961903 9.616426e-07 3.693844e-07)
(0.0003964795 8.456643e-07 2.772251e-07)
(0.0003969563 7.411031e-07 2.073804e-07)
(0.0003975418 6.485133e-07 1.539945e-07)
(0.0003981868 5.676962e-07 1.128274e-07)
(0.0003988557 4.979523e-07 8.159011e-08)
(0.000399531 4.383285e-07 5.712725e-08)
(0.0004001918 3.87648e-07 4.068942e-08)
(0.001337055 5.557032e-07 0.0003402629)
(0.001227988 1.353999e-06 0.0001820003)
(0.0009336749 1.92224e-06 8.129538e-05)
(0.0008011844 2.303314e-06 3.851135e-05)
(0.00072781 2.526e-06 2.09387e-05)
(0.0006858655 2.617916e-06 1.239548e-05)
(0.0006624067 2.605749e-06 7.829433e-06)
(0.000648814 2.516281e-06 5.195484e-06)
(0.0006411785 2.373811e-06 3.580724e-06)
(0.0006370995 2.198932e-06 2.548872e-06)
(0.0006351843 2.008198e-06 1.857983e-06)
(0.0006346008 1.814115e-06 1.376421e-06)
(0.0006348368 1.625556e-06 1.02912e-06)
(0.0006355731 1.448345e-06 7.71934e-07)
(0.0006366078 1.285897e-06 5.779101e-07)
(0.0006378099 1.139809e-06 4.300093e-07)
(0.0006390968 1.010396e-06 3.163937e-07)
(0.0006404101 8.97082e-07 2.298579e-07)
(0.0006417201 7.987886e-07 1.627732e-07)
(0.0006429948 7.140109e-07 1.159862e-07)
(0.001441479 6.103259e-07 0.0003334744)
(0.001441842 1.572772e-06 0.0002346566)
(0.001203503 2.309594e-06 0.0001308914)
(0.0010587 2.841783e-06 6.941313e-05)
(0.0009707042 3.184727e-06 3.905157e-05)
(0.0009184078 3.361227e-06 2.353417e-05)
(0.0008884288 3.39961e-06 1.497327e-05)
(0.0008710159 3.331119e-06 9.967632e-06)
(0.0008612951 3.185725e-06 6.876854e-06)
(0.0008562575 2.989803e-06 4.891064e-06)
(0.000854101 2.765223e-06 3.560176e-06)
(0.0008537276 2.529047e-06 2.633597e-06)
(0.0008544523 2.293838e-06 1.967113e-06)
(0.0008558422 2.068261e-06 1.47512e-06)
(0.0008576216 1.857807e-06 1.105093e-06)
(0.0008596108 1.665504e-06 8.236211e-07)
(0.0008616961 1.492578e-06 6.078863e-07)
(0.0008637987 1.338968e-06 4.433286e-07)
(0.000865877 1.203821e-06 3.163028e-07)
(0.0008678898 1.085628e-06 2.259723e-07)
(0.001476603 6.376634e-07 0.0003026574)
(0.001559728 1.706178e-06 0.0002624123)
(0.001402043 2.56764e-06 0.0001722432)
(0.001272253 3.226541e-06 0.0001011837)
(0.001182024 3.684431e-06 5.961409e-05)
(0.001125076 3.954152e-06 3.671147e-05)
(0.001091417 4.060305e-06 2.359616e-05)
(0.001071759 4.034502e-06 1.578387e-05)
(0.001060902 3.90946e-06 1.091375e-05)
(0.001055523 3.715359e-06 7.763975e-06)
(0.001053559 3.478113e-06 5.647547e-06)
(0.001053723 3.218618e-06 4.173935e-06)
(0.001055199 2.952802e-06 3.115611e-06)
(0.001057463 2.692125e-06 2.336176e-06)
(0.001060177 2.444289e-06 1.75138e-06)
(0.001063121 2.213997e-06 1.307354e-06)
(0.001066155 2.003687e-06 9.67595e-07)
(0.001069184 1.814117e-06 7.082704e-07)
(0.001072155 1.644964e-06 5.085016e-07)
(0.001075021 1.495008e-06 3.646523e-07)
(0.001479885 6.52759e-07 0.0002631501)
(0.001612779 1.790225e-06 0.0002691857)
(0.001535658 2.739984e-06 0.0002005601)
(0.001439369 3.497626e-06 0.0001290636)
(0.001359334 4.055482e-06 8.006636e-05)
(0.001304366 4.416241e-06 5.063037e-05)
(0.001270556 4.59765e-06 3.298276e-05)
(0.001250659 4.628289e-06 2.221152e-05)
(0.001239886 4.540774e-06 1.541046e-05)
(0.001234951 4.366952e-06 1.097565e-05)
(0.001233717 4.135275e-06 7.983744e-06)
(0.001234807 3.869477e-06 5.898032e-06)
(0.001237329 3.588264e-06 4.401066e-06)
(0.001240699 3.305612e-06 3.300388e-06)
(0.001244539 3.03137e-06 2.476154e-06)
(0.0012486 2.771993e-06 1.851316e-06)
(0.001252724 2.531298e-06 1.37383e-06)
(0.001256803 2.311081e-06 1.009274e-06)
(0.001260779 2.11178e-06 7.287231e-07)
(0.001264599 1.9327e-06 5.248926e-07)
(0.001470381 6.627971e-07 0.0002221991)
(0.001625622 1.84714e-06 0.0002605353)
(0.001616269 2.858566e-06 0.0002151088)
(0.001561744 3.689346e-06 0.000149951)
(0.001501757 4.328015e-06 9.802389e-05)
(0.001455373 4.770017e-06 6.388689e-05)
(0.001425322 5.025813e-06 4.231529e-05)
(0.001407511 5.118943e-06 2.874713e-05)
(0.001398267 5.07966e-06 2.003774e-05)
(0.001394712 4.939491e-06 1.43009e-05)
(0.001394838 4.727864e-06 1.040939e-05)
(0.001397296 4.470205e-06 7.690305e-06)
(0.001401183 4.18722e-06 5.738356e-06)
(0.001405903 3.894914e-06 4.304582e-06)
(0.001411059 3.605033e-06 3.232472e-06)
(0.001416391 3.325704e-06 2.420777e-06)
(0.001421732 3.062153e-06 1.801136e-06)
(0.00142697 2.817321e-06 1.327946e-06)
(0.001432046 2.592557e-06 9.639514e-07)
(0.001436904 2.387862e-06 6.976875e-07)
(0.00145732 6.708452e-07 0.0001838761)
(0.001615923 1.889637e-06 0.000241872)
(0.001657269 2.944917e-06 0.0002173505)
(0.001644542 3.828367e-06 0.0001624157)
(0.001610476 4.528814e-06 0.0001116457)
(0.001578181 5.038316e-06 7.513972e-05)
(0.0015557 5.3616e-06 5.073115e-05)
(0.001542416 5.516755e-06 3.48366e-05)
(0.001536272 5.530318e-06 2.442648e-05)
(0.00153513 5.431957e-06 1.748506e-05)
(0.00153731 5.250667e-06 1.274374e-05)
(0.001541613 5.012416e-06 9.419759e-06)
(0.001547205 4.739035e-06 7.031167e-06)
(0.001553518 4.447943e-06 5.277345e-06)
(0.001560171 4.152384e-06 3.967217e-06)
(0.001566913 3.861933e-06 2.976289e-06)
(0.001573581 3.583133e-06 2.220386e-06)
(0.001580066 3.320067e-06 1.642991e-06)
(0.001586317 3.075059e-06 1.198854e-06)
(0.001592277 2.8489e-06 8.72173e-07)
(0.001444723 6.780007e-07 0.0001500276)
(0.001595374 1.924384e-06 0.0002175695)
(0.001670981 3.012456e-06 0.0002097391)
(0.001694947 3.933748e-06 0.0001664043)
(0.001688632 4.679589e-06 0.0001198415)
(0.001674086 5.242006e-06 8.330423e-05)
(0.001662364 5.62245e-06 5.742437e-05)
(0.001655895 5.834404e-06 3.992455e-05)
(0.001654406 5.900336e-06 2.819423e-05)
(0.001656725 5.847126e-06 2.025992e-05)
(0.00166167 5.702257e-06 1.479502e-05)
(0.001668304 5.491225e-06 1.094702e-05)
(0.001675934 5.236131e-06 8.176986e-06)
(0.001684074 4.955142e-06 6.142668e-06)
(0.00169239 4.662515e-06 4.6238e-06)
(0.001700659 4.368945e-06 3.475701e-06)
(0.001708741 4.082097e-06 2.600281e-06)
(0.001716539 3.807104e-06 1.931317e-06)
(0.001724014 3.547241e-06 1.416585e-06)
(0.001731117 3.304114e-06 1.036195e-06)
(0.001434029 6.845274e-07 0.0001210913)
(0.001571163 1.954498e-06 0.0001907729)
(0.001667491 3.068836e-06 0.0001949309)
(0.001720714 4.018046e-06 0.0001627842)
(0.001740781 4.796534e-06 0.0001222671)
(0.001745552 5.398529e-06 8.767781e-05)
(0.001746768 5.824662e-06 6.174482e-05)
(0.00174897 6.08535e-06 4.351299e-05)
(0.001753511 6.199443e-06 3.097945e-05)
(0.001760256 6.190739e-06 2.236512e-05)
(0.001768628 6.084556e-06 1.63746e-05)
(0.001778043 5.905151e-06 1.21342e-05)
(0.001788016 5.674159e-06 9.074149e-06)
(0.001798185 5.409857e-06 6.825094e-06)
(0.001808298 5.12701e-06 5.145968e-06)
(0.001818183 4.837055e-06 3.876997e-06)
(0.001827735 4.548519e-06 2.909472e-06)
(0.001836882 4.267415e-06 2.16962e-06)
(0.001845605 3.997882e-06 1.599958e-06)
(0.001853862 3.742298e-06 1.177159e-06)
(0.001818183 4.837055e-06 3.876997e-06)
(0.001827735 4.548519e-06 2.909472e-06)
(0.001836882 4.267415e-06 2.16962e-06)
(0.001845605 3.997882e-06 1.599958e-06)
(0.001853862 3.742298e-06 1.177159e-06)
(0.001425509 6.904017e-07 9.678794e-05)
(0.001547358 1.98118e-06 0.0001635394)
(0.001654383 3.117928e-06 0.0001753166)
(0.001729113 4.088803e-06 0.0001528917)
(0.001772164 4.890766e-06 0.0001191757)
(0.001795945 5.521319e-06 8.797112e-05)
(0.001811095 5.982192e-06 6.326648e-05)
(0.00182318 6.28242e-06 4.521546e-05)
(0.001834782 6.438177e-06 3.247761e-05)
(0.001846724 6.470411e-06 2.357205e-05)
(0.001859067 6.402042e-06 1.731338e-05)
(0.00187163 6.255617e-06 1.28564e-05)
(0.001884185 6.051756e-06 9.630154e-06)
(0.001896536 5.808318e-06 7.255804e-06)
(0.001908535 5.540106e-06 5.48231e-06)
(0.001908535 5.540106e-06 5.48231e-06)
(0.001920085 -5.258914e-06 4.141662e-06)
(0.001931127 -4.973854e-06 3.119078e-06)
(0.001941626 -4.691606e-06 2.336265e-06)
(0.001951587 -4.417039e-06 1.73284e-06)
(0.001418963 6.955463e-07 7.652947e-05)
(0.001526019 2.004726e-06 0.0001370763)
(0.00163698 3.161328e-06 0.0001528104)
(0.001726338 4.150011e-06 0.0001381817)
(0.001788051 4.969228e-06 0.000111213)
(0.001829141 5.619907e-06 8.426213e-05)
(0.001858081 6.106066e-06 6.181289e-05)
(0.001880512 6.436813e-06 4.479536e-05)
(0.001899745 6.626743e-06 3.247306e-05)
(0.001917366 6.694519e-06 2.370722e-05)
(0.001934032 6.660779e-06 1.747853e-05)
(0.001949979 6.546182e-06 1.301388e-05)
(0.001965259 6.370003e-06 9.7705e-06)
(0.001979866 6.149298e-06 7.379126e-06)
(0.001993782 5.898534e-06 5.591086e-06)
(0.001993782 5.898534e-06 5.591086e-06)
(0.001414053 6.999105e-07 5.963214e-05)
(0.001507992 2.025088e-06 0.0001119786)
(0.001618783 3.199409e-06 0.0001288089)
(0.001717292 4.203357e-06 0.0001200024)
(0.001793259 5.035736e-06 9.922022e-05)
(0.001849112 5.700455e-06 7.690545e-05)
(0.001890768 6.204335e-06 5.744251e-05)
(0.001923266 6.557575e-06 4.218229e-05)
(0.001950174 6.774194e-06 3.086106e-05)
(0.001973598 6.871264e-06 2.267149e-05)
(0.001994693 6.867487e-06 1.678845e-05)
(0.002014083 6.7817e-06 1.25432e-05)
(0.002032104 6.631716e-06 9.446996e-06)
(0.002048947 6.433568e-06 7.158692e-06)
(0.002064733 6.201132e-06 5.444805e-06)
(0.002064733 6.201132e-06 5.444805e-06)
(0.001410441 7.034844e-07 4.542407e-05)
(0.001493452 2.042143e-06 8.842936e-05)
(0.001601952 3.231986e-06 0.00010424)
(0.001705628 4.249183e-06 9.947838e-05)
(0.001791871 5.091967e-06 8.407978e-05)
(0.00185959 5.766509e-06 6.64297e-05)
(0.001912228 6.282404e-06 5.040687e-05)
(0.001953865 6.651496e-06 3.746669e-05)
(0.001987971 6.887975e-06 2.765684e-05)
(0.002016935 7.007988e-06 2.045207e-05)
(0.002042284 7.02875e-06 1.522357e-05)
(0.002064972 6.967513e-06 1.142587e-05)
(0.002085599 6.84069e-06 8.644344e-06)
(0.002104547 6.663237e-06 6.582376e-06)
(0.002122072 6.448307e-06 5.033912e-06)
(0.002122072 6.448307e-06 5.033912e-06)
(0.000139543 9.99493e-08 1.579061e-09)
(0.0001396582 9.187187e-08 7.127992e-10)
(0.0001397736 8.482872e-08 3.266165e-10)
(0.0001398865 7.868105e-08 -2.365454e-11)
(0.000139997 7.332285e-08 -3.05221e-10)
(0.0004007225 3.514868e-07 2.782666e-08)
(0.0004011438 3.26125e-07 1.781661e-08)
(0.0004015606 3.036541e-07 1.095113e-08)
(0.0004019671 2.837187e-07 5.641392e-09)
(0.0004023631 2.660413e-07 1.374376e-09)
(0.0006440169 6.525779e-07 8.113871e-08)
(0.0006448196 6.090433e-07 5.477243e-08)
(0.0006456084 5.700286e-07 3.541404e-08)
(0.0006463757 5.350135e-07 2.042947e-08)
(0.0006471208 5.035933e-07 8.416951e-09)
(0.0008695008 9.987548e-07 1.604042e-07)
(0.0008707575 9.365837e-07 1.11744e-07)
(0.0008719863 8.803062e-07 7.473174e-08)
(0.0008731788 8.292837e-07 4.590103e-08)
(0.0008743342 7.830281e-07 2.277311e-08)
(0.00107731 1.383308e-06 2.619112e-07)
(0.001079088 1.302587e-06 1.868256e-07)
(0.001080819 1.228841e-06 1.284257e-07)
(0.001082496 1.161362e-06 8.258238e-08)
(0.001084118 1.099621e-06 4.571721e-08)
(0.001267645 1.797608e-06 3.808913e-07)
(0.001270002 1.699031e-06 2.769425e-07)
(0.001272292 1.608179e-06 1.948589e-07)
(0.001274505 1.524331e-06 1.299343e-07)
(0.001276643 1.446958e-06 7.754564e-08)
(0.001440771 2.231568e-06 5.109886e-07)
(0.001443755 2.11641e-06 3.775418e-07)
(0.001446648 2.009375e-06 2.710303e-07)
(0.00144944 1.909785e-06 1.862057e-07)
(0.001452132 1.817152e-06 1.174925e-07)
(0.001597013 2.674194e-06 6.442898e-07)
(0.001600658 2.544225e-06 4.826673e-07)
(0.001604187 2.422424e-06 3.526517e-07)
(0.001607587 2.308208e-06 2.484834e-07)
(0.001610863 2.201168e-06 1.637586e-07)
(0.001736749 3.114171e-06 7.717506e-07)
(0.001741076 2.971519e-06 5.853136e-07)
(0.001745257 2.83675e-06 4.344309e-07)
(0.001749283 2.709419e-06 3.128999e-07)
(0.001753157 2.589227e-06 2.136529e-07)
(0.001756886 2.475858e-06 1.330586e-07)
(0.001860398 3.540434e-06 8.838366e-07)
(0.00186541 3.387411e-06 6.779455e-07)
(0.001870247 3.241706e-06 5.104929e-07)
(0.001874899 3.10304e-06 3.749648e-07)
(0.001879372 2.971247e-06 2.638415e-07)
(0.001883675 2.846117e-06 1.731804e-07)
(0.001860398 3.540434e-06 8.838366e-07)
(0.00186541 3.387411e-06 6.779455e-07)
(0.001870247 3.241706e-06 5.104929e-07)
(0.001874899 3.10304e-06 3.749648e-07)
(0.001879372 2.971247e-06 2.638415e-07)
(0.001883675 2.846117e-06 1.731804e-07)
)
;
    }
    procBoundary15to13
    {
        type            processor;
        value           nonuniform List<vector> 
40
(
(0.001960985 -4.153207e-06 1.283071e-06)
(0.002006993 -5.629533e-06 4.238279e-06)
(0.002019504 -5.351699e-06 3.205377e-06)
(0.002031319 -5.072172e-06 2.413309e-06)
(0.002042476 -4.796383e-06 1.801678e-06)
(0.002052967 -4.52795e-06 1.343675e-06)
(0.002079544 -5.946001e-06 4.145952e-06)
(0.002093451 -5.677638e-06 3.152378e-06)
(0.002106506 -5.403441e-06 2.388439e-06)
(0.00211878 -5.129243e-06 1.796953e-06)
(0.002130286 -4.859089e-06 1.351564e-06)
(0.002138355 -6.207108e-06 3.857061e-06)
(0.002153534 -5.948992e-06 2.953895e-06)
(0.002167709 -5.681452e-06 2.256536e-06)
(0.002180984 -5.41058e-06 1.714374e-06)
(0.002193395 -5.140722e-06 1.30309e-06)
(0.001968408 -3.942632e-06 9.713208e-07)
(0.001974091 -3.781562e-06 7.531456e-07)
(0.001979569 -3.627027e-06 5.749088e-07)
(0.001984833 -3.478935e-06 4.299921e-07)
(0.00198989 -3.337261e-06 3.106858e-07)
(0.001994752 -3.201916e-06 2.128796e-07)
(0.002061238 -4.311555e-06 1.026168e-06)
(0.002067559 -4.144607e-06 8.043328e-07)
(0.002073648 -3.983279e-06 6.222853e-07)
(0.002079492 -3.827661e-06 4.735835e-07)
(0.002085104 -3.677877e-06 3.506339e-07)
(0.002090495 -3.533958e-06 2.493215e-07)
(0.00213934 -4.639281e-06 1.042404e-06)
(0.002146251 -4.468341e-06 8.264708e-07)
(0.002152901 -4.302055e-06 6.483484e-07)
(0.002159279 -4.140684e-06 5.021126e-07)
(0.002165399 -3.984492e-06 3.806206e-07)
(0.002171277 -3.833629e-06 2.799265e-07)
(0.002203146 -4.919321e-06 1.016839e-06)
(0.002210578 -4.745908e-06 8.166698e-07)
(0.002217724 -4.576211e-06 6.504438e-07)
(0.002224574 -4.410645e-06 5.131458e-07)
(0.002231143 -4.249599e-06 3.984212e-07)
(0.002237449 -4.093329e-06 3.026662e-07)
)
;
    }
    procBoundary15to14
    {
        type            processor;
        value           nonuniform List<vector> 
377
(
(0.001215258 0.0001552531 3.257174e-05)
(0.001095681 0.0001435242 4.217966e-05)
(0.0008930013 8.357952e-05 4.343291e-05)
(0.000769633 4.237915e-05 3.208533e-05)
(0.0006860219 2.063463e-05 2.139206e-05)
(0.0006262949 1.07215e-05 1.422296e-05)
(0.0005828923 6.312321e-06 9.693684e-06)
(0.0005495196 4.264437e-06 7.07514e-06)
(0.0005230009 3.203169e-06 5.565513e-06)
(0.000501365 2.572119e-06 4.671256e-06)
(0.0004834323 2.1409e-06 4.099964e-06)
(0.0004684232 1.81574e-06 3.691079e-06)
(0.0004557799 1.555834e-06 3.360997e-06)
(0.000445078 1.341352e-06 3.069828e-06)
(0.000435981 1.161356e-06 2.800433e-06)
(0.0004282191 1.008626e-06 2.547274e-06)
(0.0004215685 8.784652e-07 2.308551e-06)
(0.0004158557 7.656302e-07 2.085889e-06)
(0.0004109168 6.695152e-07 1.878017e-06)
(0.0004066637 5.767306e-07 1.687203e-06)
(0.001454136 0.000225462 3.435941e-05)
(0.001571762 0.0002950082 6.403005e-05)
(0.001591093 0.0002613606 7.663771e-05)
(0.001569383 0.0002009644 7.095991e-05)
(0.001523109 0.0001466142 5.748123e-05)
(0.001466453 0.0001071166 4.348706e-05)
(0.001408687 8.027812e-05 3.168389e-05)
(0.00135382 6.228309e-05 2.29609e-05)
(0.001303809 4.990856e-05 1.697837e-05)
(0.001259225 4.102497e-05 1.30208e-05)
(0.001219968 3.433855e-05 1.041407e-05)
(0.00118564 2.909981e-05 8.655434e-06)
(0.001155732 2.487242e-05 7.412145e-06)
(0.001129723 2.139145e-05 6.479388e-06)
(0.001107113 1.848584e-05 5.73666e-06)
(0.001087452 1.603743e-05 5.115825e-06)
(0.001070332 1.396001e-05 4.577792e-06)
(0.001055411 1.218643e-05 4.102301e-06)
(0.001042358 1.066731e-05 3.674877e-06)
(0.001030967 9.342216e-06 3.28852e-06)
(0.00143161 0.0001068902 3.68714e-05)
(0.001592915 0.000212662 7.197144e-05)
(0.001741889 0.0002533853 8.715535e-05)
(0.001839871 0.0002478088 8.566906e-05)
(0.001887022 0.0002210695 7.468882e-05)
(0.001895696 0.0001895218 6.076291e-05)
(0.001879499 0.000160016 4.72487e-05)
(0.001849023 0.0001348088 3.587061e-05)
(0.001811723 0.0001140192 2.708622e-05)
(0.001772266 9.703083e-05 2.065506e-05)
(0.001733364 8.309502e-05 1.608175e-05)
(0.001696486 7.155842e-05 1.285838e-05)
(0.001662338 6.19115e-05 1.056662e-05)
(0.001631182 5.377192e-05 8.898764e-06)
(0.001603024 4.685375e-05 7.643504e-06)
(0.001577736 4.094019e-05 6.662554e-06)
(0.001555113 3.586248e-05 5.866698e-06)
(0.001534931 3.148706e-05 5.201159e-06)
(0.001516924 2.770511e-05 4.62897e-06)
(0.001500925 2.442225e-05 4.127823e-06)
(0.001417748 7.159918e-05 3.420486e-05)
(0.001546589 0.0001656847 6.806421e-05)
(0.001708687 0.0002176548 8.339781e-05)
(0.001852484 0.0002369523 8.378117e-05)
(0.001959377 0.0002348181 7.516345e-05)
(0.002027834 0.0002210419 6.336738e-05)
(0.002064171 0.0002020202 5.131377e-05)
(0.002076585 0.0001815569 4.055246e-05)
(0.002072656 0.0001616517 3.168779e-05)
(0.002058309 0.0001432283 2.474476e-05)
(0.00203782 0.0001266135 1.947546e-05)
(0.002014127 0.0001118323 1.554462e-05)
(0.001989176 9.877359e-05 1.262808e-05)
(0.001964215 8.727565e-05 1.045363e-05)
(0.00194002 7.716712e-05 8.810453e-06)
(0.001917048 6.828575e-05 7.54407e-06)
(0.001895542 6.048301e-05 6.544086e-06)
(0.001875614 5.36298e-05 5.735248e-06)
(0.001857252 4.76047e-05 5.063469e-06)
(0.001840474 4.232404e-05 4.495428e-06)
(0.001411612 4.508738e-05 3.403018e-05)
(0.001516458 0.0001175354 6.750831e-05)
(0.001663814 0.0001673601 8.132538e-05)
(0.001808679 0.0001966229 8.047998e-05)
(0.00193146 0.0002095902 7.143332e-05)
(0.002025934 0.0002110477 6.001115e-05)
(0.002093152 0.0002049094 4.88444e-05)
(0.002137279 0.0001941434 3.908234e-05)
(0.00216331 0.0001808733 3.105292e-05)
(0.002175798 0.0001665473 2.467194e-05)
(0.002178498 0.0001521031 1.97018e-05)
(0.002174352 0.0001381142 1.587347e-05)
(0.002165585 0.0001249067 1.293874e-05)
(0.002153846 0.0001126443 1.068765e-05)
(0.002140335 0.0001013886 8.951417e-06)
(0.002125917 9.114019e-05 7.599394e-06)
(0.002111201 8.186171e-05 6.532111e-06)
(0.002096614 7.350158e-05 5.677087e-06)
(0.002082426 6.59852e-05 4.978288e-06)
(0.002068853 5.92805e-05 4.403378e-06)
(0.001409651 3.284546e-05 3.336202e-05)
(0.001501352 9.003517e-05 6.60984e-05)
(0.001633925 0.0001324443 7.908588e-05)
(0.001768671 0.0001609123 7.734041e-05)
(0.001888353 0.000177847 6.754457e-05)
(0.001986961 0.0001858992 5.575867e-05)
(0.002064356 0.0001873248 4.469979e-05)
(0.002122942 0.0001839415 3.540329e-05)
(0.002165918 0.0001772018 2.800744e-05)
(0.002196316 0.0001682574 2.226636e-05)
(0.002216759 0.0001580018 1.784626e-05)
(0.002229443 0.0001471066 1.444278e-05)
(0.002236162 0.0001360591 1.181235e-05)
(0.002238359 0.0001251983 9.768443e-06)
(0.002237192 0.0001147492 8.169979e-06)
(0.002233573 0.0001048532 6.910731e-06)
(0.002228219 9.558845e-05 5.909834e-06)
(0.002221687 8.699636e-05 5.107433e-06)
(0.002214404 7.907354e-05 4.454792e-06)
(0.002206694 7.184833e-05 3.928451e-06)
(0.00140868 2.432485e-05 3.324216e-05)
(0.001493396 6.889399e-05 6.587441e-05)
(0.001616496 0.0001041221 7.85538e-05)
(0.001742421 0.0001297848 7.621085e-05)
(0.001855363 0.000147053 6.570043e-05)
(0.001950267 0.0001574961 5.327929e-05)
(0.002027372 0.0001625659 4.182411e-05)
(0.00208897 0.0001634598 3.241574e-05)
(0.002137786 0.0001611595 2.514086e-05)
(0.002176185 0.0001564796 1.966443e-05)
(0.002206084 0.0001500987 1.556808e-05)
(0.002229033 0.0001425764 1.248704e-05)
(0.002246293 0.0001343635 1.014423e-05)
(0.002258911 0.000125814 8.340514e-06)
(0.002267761 0.0001171974 6.935346e-06)
(0.002273573 0.0001087129 5.829337e-06)
(0.002276963 0.000100501 4.950649e-06)
(0.002278437 9.266164e-05 4.2479e-06)
(0.002278429 8.52471e-05 3.679082e-06)
(0.002277254 7.832474e-05 3.228987e-06)
(0.001408317 1.889896e-05 3.313813e-05)
(0.001489123 5.425913e-05 6.570745e-05)
(0.001606099 8.323142e-05 7.835754e-05)
(0.001725691 0.000105329 7.582834e-05)
(0.001832859 0.0001211681 6.499138e-05)
(0.001923076 0.0001317327 5.217625e-05)
(0.001996966 0.0001380076 4.036513e-05)
(0.002057047 0.0001408378 3.071361e-05)
(0.00210611 0.0001409288 2.332791e-05)
(0.002146425 0.0001388729 1.785531e-05)
(0.002179692 0.0001351725 1.38432e-05)
(0.002207178 0.0001302541 1.08915e-05)
(0.002229841 0.0001244768 8.695051e-06)
(0.002248437 0.0001181386 7.036136e-06)
(0.002263587 0.0001114816 5.764101e-06)
(0.002275813 0.0001046989 4.775547e-06)
(0.002285567 9.793912e-05 3.998629e-06)
(0.002293231 9.131813e-05 3.383733e-06)
(0.002299161 8.491266e-05 2.891505e-06)
(0.002303596 7.880009e-05 2.510203e-06)
(0.001408109 1.480921e-05 3.314841e-05)
(0.001486571 4.284263e-05 6.579964e-05)
(0.001599617 6.647119e-05 7.855492e-05)
(0.00171489 8.514135e-05 7.601025e-05)
(0.001817798 9.912325e-05 6.503788e-05)
(0.001904125 0.0001090093 5.200002e-05)
(0.001974723 0.000115456 3.993936e-05)
(0.002032287 0.000119064 3.006696e-05)
(0.00207973 0.0001203582 2.251758e-05)
(0.002119383 0.0001197922 1.694493e-05)
(0.002152941 0.0001177573 1.288904e-05)
(0.002181606 0.0001145897 9.936366e-06)
(0.002206234 0.0001105761 7.767562e-06)
(0.002227452 0.0001059584 6.152839e-06)
(0.002245742 0.0001009382 4.932677e-06)
(0.002261492 9.568088e-05 3.997816e-06)
(0.002275031 9.031932e-05 3.273201e-06)
(0.00228663 8.49604e-05 2.70751e-06)
(0.00229656 7.968296e-05 2.261262e-06)
(0.002304976 7.455619e-05 1.922105e-06)
(0.001408009 1.171175e-05 3.316774e-05)
(0.001485006 3.398715e-05 6.590295e-05)
(0.001595419 5.310993e-05 7.878703e-05)
(0.001707669 6.859092e-05 7.630519e-05)
(0.00180748 8.054182e-05 6.531307e-05)
(0.00189084 8.932496e-05 5.218194e-05)
(0.00195875 9.537525e-05 3.99868e-05)
(0.002014005 9.911292e-05 2.997414e-05)
(0.002059598 0.0001009237 2.230075e-05)
(0.002097913 0.0001011542 1.663036e-05)
(0.002130673 0.0001001129 1.250467e-05)
(0.002159086 9.807003e-05 9.507178e-06)
(0.002183986 9.525915e-05 7.313681e-06)
(0.002205961 9.187923e-05 5.689263e-06)
(0.002225441 8.809733e-05 4.469897e-06)
(0.002242753 8.405202e-05 3.542702e-06)
(0.002258161 7.985619e-05 2.830088e-06)
(0.002271872 7.56012e-05 2.278765e-06)
(0.002284094 7.135835e-05 1.84851e-06)
(0.002294931 6.718381e-05 1.52473e-06)
(0.001407943 9.19389e-06 3.32021e-05)
(0.001483976 2.672433e-05 6.603164e-05)
(0.001592603 4.197901e-05 7.904148e-05)
(0.001702731 5.45602e-05 7.664001e-05)
(0.001800294 6.449969e-05 6.566748e-05)
(0.001881438 7.201606e-05 5.249888e-05)
(0.001947268 7.739241e-05 4.022959e-05)
(0.002000655 8.091631e-05 3.012984e-05)
(0.002044643 8.286438e-05 2.237196e-05)
(0.002081647 8.349614e-05 1.662766e-05)
(0.002113412 8.305076e-05 1.244134e-05)
(0.002141151 8.174386e-05 9.39625e-06)
(0.002165697 7.976548e-05 7.166657e-06)
(0.002187627 7.72798e-05 5.515671e-06)
(0.002207353 7.442597e-05 4.27736e-06)
(0.002225179 7.132003e-05 3.337129e-06)
(0.00224134 6.805721e-05 2.61607e-06)
(0.002256014 6.47143e-05 2.059634e-06)
(0.002269377 6.135301e-05 1.62714e-06)
(0.002281504 5.801848e-05 1.301774e-06)
(0.001407903 7.095642e-06 3.32315e-05)
(0.001483291 2.06394e-05 6.613805e-05)
(0.001590686 3.2534e-05 7.92503e-05)
(0.001699308 4.247532e-05 7.692375e-05)
(0.00179524 5.046308e-05 6.598397e-05)
(0.001874737 5.663068e-05 5.280615e-05)
(0.001938992 6.116155e-05 4.049863e-05)
(0.001990934 6.424926e-05 3.034769e-05)
(0.002033643 6.608739e-05 2.253669e-05)
(0.002069559 6.68646e-05 1.674324e-05)
(0.002100435 6.676064e-05 1.251405e-05)
(0.002127488 6.594214e-05 9.432678e-06)
(0.002151546 6.455931e-05 7.172855e-06)
(0.002173182 6.274414e-05 5.496862e-06)
(0.002192797 6.060997e-05 4.237948e-06)
(0.002210684 5.825213e-05 3.28077e-06)
(0.002227067 5.574945e-05 2.545842e-06)
(0.002242108 5.316549e-05 1.977974e-06)
(0.002255967 5.055206e-05 1.536355e-06)
(0.002268708 4.794591e-05 1.202539e-06)
(0.001407875 5.274389e-06 3.325675e-05)
(0.001482826 1.534762e-05 6.622582e-05)
(0.001589375 2.425241e-05 7.941737e-05)
(0.001696943 3.176793e-05 7.715186e-05)
(0.00179171 3.78828e-05 6.624311e-05)
(0.001870011 4.267753e-05 5.306576e-05)
(0.001933103 4.626856e-05 4.073695e-05)
(0.00198396 4.878259e-05 3.055419e-05)
(0.002025696 5.035059e-05 2.270871e-05)
(0.002060768 5.110447e-05 1.688254e-05)
(0.002090936 5.117363e-05 1.262413e-05)
(0.002117416 5.068101e-05 9.517379e-06)
(0.002141034 4.973972e-05 7.235706e-06)
(0.002162355 4.845077e-05 5.540892e-06)
(0.002181773 4.69021e-05 4.2657e-06)
(0.002199571 4.516841e-05 3.29436e-06)
(0.002215966 4.331202e-05 2.547079e-06)
(0.002231112 4.138337e-05 1.968314e-06)
(0.00224516 3.942392e-05 1.517248e-06)
(0.002258169 3.746308e-05 1.174357e-06)
(0.001407857 3.646198e-06 3.327497e-05)
(0.001482519 1.061164e-05 6.628897e-05)
(0.001588504 1.679586e-05 7.953647e-05)
(0.001695357 2.205023e-05 7.731582e-05)
(0.001789323 2.636275e-05 6.643178e-05)
(0.001866791 2.978067e-05 5.325813e-05)
(0.001929062 3.237493e-05 4.091773e-05)
(0.001979147 3.422439e-05 3.071559e-05)
(0.002020183 3.541262e-05 2.284835e-05)
(0.002054641 3.602602e-05 1.700115e-05)
(0.002084288 3.615132e-05 1.272378e-05)
(0.00211034 3.587251e-05 9.600406e-06)
(0.002133619 3.526808e-05 7.304282e-06)
(0.002154684 3.440914e-05 5.596859e-06)
(0.002173922 3.335822e-05 4.310572e-06)
(0.002191611 3.216897e-05 3.329369e-06)
(0.002207958 3.088649e-05 2.573251e-06)
(0.002223114 2.954749e-05 1.986455e-06)
(0.002237223 2.818232e-05 1.528172e-06)
(0.002250341 2.681275e-05 1.178203e-06)
(0.001407846 2.141196e-06 3.328698e-05)
(0.001482332 6.232223e-06 6.633052e-05)
(0.00158797 9.874222e-06 7.961362e-05)
(0.00169438 1.29818e-05 7.742221e-05)
(0.001787844 1.554666e-05 6.655484e-05)
(0.001864785 1.759349e-05 5.338457e-05)
(0.001926533 1.916034e-05 4.103785e-05)
(0.001976122 2.029013e-05 3.082428e-05)
(0.002016705 2.102914e-05 2.294392e-05)
(0.002050763 2.142611e-05 1.708393e-05)
(0.002080069 2.153076e-05 1.279497e-05)
(0.002105839 2.13919e-05 9.661456e-06)
(0.002128891 2.105566e-05 7.356522e-06)
(0.002149781 2.056419e-05 5.641422e-06)
(0.002168892 1.995488e-05 4.348375e-06)
(0.002186496 1.926001e-05 3.361141e-06)
(0.002202796 1.850685e-05 2.599577e-06)
(0.002217938 1.771774e-05 2.007777e-06)
(0.002232062 1.69112e-05 1.544925e-06)
(0.002245223 1.610067e-05 1.190423e-06)
(0.002183998 6.412849e-06 3.378919e-06)
(0.002200271 6.164427e-06 2.614797e-06)
(0.002215402 5.903672e-06 2.020638e-06)
(0.002229528 5.636813e-06 1.555619e-06)
(0.002242704 5.368394e-06 1.198955e-06)
(0.0004035728 5.212556e-07 1.543598e-06)
(0.0004013157 4.892693e-07 1.437874e-06)
(0.0003992383 4.483361e-07 1.338065e-06)
(0.0003973419 4.10477e-07 1.243637e-06)
(0.001022573 8.395226e-06 2.998743e-06)
(0.001016469 7.740064e-06 2.789436e-06)
(0.001010834 7.129498e-06 2.593631e-06)
(0.001005658 6.566872e-06 2.409247e-06)
(0.001488937 2.200914e-05 3.757499e-06)
(0.001480149 2.029137e-05 3.492839e-06)
(0.001471982 1.872353e-05 3.247558e-06)
(0.001464424 1.728813e-05 3.01778e-06)
(0.001827607 3.836924e-05 4.080885e-06)
(0.001818023 3.550056e-05 3.786385e-06)
(0.001809005 3.28782e-05 3.518146e-06)
(0.001800556 3.047148e-05 3.26998e-06)
(0.002058075 5.417245e-05 3.986106e-06)
(0.002049831 5.040629e-05 3.688593e-06)
(0.00204192 4.693228e-05 3.422744e-06)
(0.002034366 4.371913e-05 3.180981e-06)
(0.002200132 6.624816e-05 3.545786e-06)
(0.002194855 6.205646e-05 3.269498e-06)
(0.002189608 5.814276e-05 3.026828e-06)
(0.002184424 5.44847e-05 2.810389e-06)
(0.002275624 7.287039e-05 2.900789e-06)
(0.002273963 6.873151e-05 2.660266e-06)
(0.002272072 6.481638e-05 2.45224e-06)
(0.002269983 6.111448e-05 2.27051e-06)
(0.002306377 7.39137e-05 2.23294e-06)
(0.002308063 7.016237e-05 2.028029e-06)
(0.002309364 6.657011e-05 1.853411e-06)
(0.0023103 6.313582e-05 1.70417e-06)
(0.002311021 7.041116e-05 1.678123e-06)
(0.002315267 6.720031e-05 1.498535e-06)
(0.002319074 6.409448e-05 1.34754e-06)
(0.002322449 6.109761e-05 1.221098e-06)
(0.002303049 6.378194e-05 1.294901e-06)
(0.002308979 6.113043e-05 1.127976e-06)
(0.00231448 5.85472e-05 9.888869e-07)
(0.002319548 5.603776e-05 8.740141e-07)
(0.002290782 5.528744e-05 1.073048e-06)
(0.002297691 5.315038e-05 9.092814e-07)
(0.002304204 5.105921e-05 7.73246e-07)
(0.002310315 4.901917e-05 6.61441e-07)
(0.002316048 4.703517e-05 5.679501e-07)
(0.002278574 4.580458e-05 9.689488e-07)
(0.002285999 4.412474e-05 8.033685e-07)
(0.002293061 4.247705e-05 6.656758e-07)
(0.002299753 4.086592e-05 5.523536e-07)
(0.002306095 3.929559e-05 4.57745e-07)
(0.00226831 3.584836e-05 9.347311e-07)
(0.002275988 3.457942e-05 7.658328e-07)
(0.002283328 3.333318e-05 6.249973e-07)
(0.002290322 3.211316e-05 5.086491e-07)
(0.00229699 3.09227e-05 4.113139e-07)
(0.002260606 2.568308e-05 9.336177e-07)
(0.002268403 2.479414e-05 7.61714e-07)
(0.002275877 2.392048e-05 6.179866e-07)
(0.002283022 2.306466e-05 4.988051e-07)
(0.002289855 2.22291e-05 3.988136e-07)
(0.002255542 1.543135e-05 9.425866e-07)
(0.002263392 1.490417e-05 7.686313e-07)
(0.002270929 1.438581e-05 6.229083e-07)
(0.002278145 1.387787e-05 5.017502e-07)
(0.002285058 1.33818e-05 3.998698e-07)
(0.002291687 1.289863e-05 3.14154e-07)
(0.002253042 5.146607e-06 9.495512e-07)
(0.002260914 4.971834e-06 7.745899e-07)
(0.002268476 4.799944e-06 6.278816e-07)
(0.002275721 4.63148e-06 5.057413e-07)
(0.002282666 4.466933e-06 4.029129e-07)
(0.00228933 4.30665e-06 3.162909e-07)
)
;
    }
}


// ************************************************************************* //
